,Ticker,Premium / Discount,DistributionRateNAV,DistributionRatePrice,DistributionAmtUSD,ReturnOnNAV,CategoryId,Category,SponsorId,SponsorName,IsManagedDistribution,Share Price,PriceChange,NAV,NAVPublished,Cusip,Fund Name,Date,NavTicker,Strategy,LeverageRatioPercentage,MarketCapUSDm,UNIIPerShare,DistributionFrequency,EarningsPerShare,CurrentDistribution,InceptionPrice,AverageCoupon,AMTPercentage,AverageWeightedMaturity,ExpenseRatio,BaselineExpense,TotalAssetsUSDm,IsLeveraged,IsPriceBelow52WkAvg,IsDiscountBelow52WkAvg,IsAMTPct,IsManaged,Term,AvgWtdDurationLevAdj,Yr3RetOnNav,Yr3RetOnPrice,Yr5RetOnNav,Yr5RetOnPrice,YTDRetOnNav,YTDRetOnPrice,SinceInceptionRetOnNav,SinceInceptionRetOnPrice,ReturnOnPrice,AvgDailyVolume,CallableYr1Pct,PrerefundedPercentage,AvgBondPrice,AvgWtdDurationNonLevAdj,EffDurationLevAdj,EffDurationNonLevAdj,Price52WkAvg,Discount52WkAvg,ZScore1Yr,ZScore3M,ZScore6M,ZScoreDate,InceptionDate,InceptionDateString,InceptionDateUnixTimestamp,DistributionDate
0,MGF,-0.059800000000000006,7.97342,8.48057,0.02,1.82,15,Morningstar US CEF Investment Grade,2,abrdn Inc.,True,2.83,-0.01,3.01,2026-08-07T00:00:00,552939100,Aberdeen Government Markets Income,2026-08-07,XMGFX,Fixed Income - Taxable-Investment Grade,,92.23,,Monthly,0.04709,0.02,10.0,3.648,0.0,6.55,0.8,,98.096,False,False,False,True,True,False,,3.06,3.14,-0.86,-1.3900000000000001,-1.21,-2.7800000000000002,,,-1.18,720230,,0.0,93.073,,,4.95,2.9833,-4.73378,-0.87,0.67,-0.11,2026-08-07T00:00:00,1987-05-28T00:00:00,5/28/1987,549158400,2026-07-23T00:00:00
1,IFN,-0.0956,11.93573,13.19797,0.38999999999999996,-9.02,1,Morningstar US CEF Asia Equity,1,abrdn Asia Limited,True,11.82,0.04,13.07,2026-08-07T00:00:00,454089103,"Aberdeen India Fund, Inc",2026-08-07,XIFNX,Equity-Asia Equity,0.28,504.146,,Quarterly,-0.05353,0.38999999999999996,15.0,,,,1.36,,557.461,True,False,False,False,True,False,,3.87,0.15,1.99,2.06,-7.33,-8.75,,,-11.55,2067920,,,,,,,13.23877,-6.03789,-1.6800000000000002,-1.02,-1.26,2026-08-07T00:00:00,1994-02-23T00:00:00,2/23/1994,761961600,2026-05-21T00:00:00
2,MIN,-0.0579,9.26641,9.83607,0.02,2.62,13,Morningstar US CEF Global Income,2,abrdn Inc.,True,2.44,0.0,2.59,2026-08-07T00:00:00,55273C107,Aberdeen Intermediate Income,2026-08-07,XMINX,Fixed Income - Taxable-Global Income,,277.668,,Monthly,0.04255,0.02,10.0,3.9175,0.0,3.24,0.73,,294.737,False,False,False,True,True,False,,4.52,4.16,1.04,0.38,0.14,-2.5700000000000003,,,-1.97,2342800,,0.0,97.8913,,,2.54,2.56296,-4.60442,-0.7000000000000001,0.93,0.28,2026-08-07T00:00:00,1988-03-17T00:00:00,3/17/1988,574560000,2026-07-23T00:00:00
3,MMT,-0.0788,9.95851,10.81081,0.04,2.94,13,Morningstar US CEF Global Income,72,MFS,True,4.44,0.06,4.82,2026-08-07T00:00:00,552737108,Aberdeen Multi-Market Income,2026-08-07,XMMTX,Fixed Income - Taxable-Global Income,26.83,515.011,,Monthly,0.1389,0.04,10.0,5.9077,0.060000000000000005,6.94,2.86,,764.089,True,False,False,True,True,False,,6.93,6.96,2.68,1.3,-0.63,-2.2800000000000002,,,1.49,1245350,,0.0,97.0375,,6.68,4.91,4.62138,-7.53048,-0.33,1.29,0.19,2026-08-07T00:00:00,1987-03-12T00:00:00,3/12/1987,542505600,2026-07-23T00:00:00
4,MFM,-0.0842,6.06061,6.61765,0.03,9.06,21,Morningstar US CEF Municipal,2,abrdn Inc.,False,5.44,0.05,5.9399999999999995,2026-08-07T00:00:00,552738106,Aberdeen Municipal Income,2026-08-07,XMFMX,Fixed Income - Municipal-Municipal,37.31,540.898,,Monthly,0.13078,0.03,10.0,5.1253,17.81,21.01,2.83,,942.113,True,True,True,True,False,False,,4.3,5.16,-0.9500000000000001,-1.4,1.34,2.21,,,10.66,1404120,19.0,0.13,98.0793,,12.81,8.63,5.40156,-9.4436,1.0,0.26,0.54,2026-08-07T00:00:00,1986-11-25T00:00:00,11/25/1986,533260800,2026-07-23T00:00:00
5,FAX,-0.0441,13.02632,13.62698,0.16499999999999998,2.95,13,Morningstar US CEF Global Income,1,abrdn Asia Limited,True,14.53,0.11,15.2,2026-08-07T00:00:00,003009867,abrdn Asia-Pacific Income Fund Inc,2026-08-07,XFAPX,Fixed Income - Taxable-Global Income,39.47,634.544,,Monthly,0.50096,0.16499999999999998,10.0,6.4288,,,4.22,,1096.604,True,False,True,False,True,False,,4.08,8.64,-1.31,0.15,-1.43,2.06,,,2.39,1803010,,,,,7.68,4.66,15.30395,-5.21469,0.43,0.53,0.59,2026-08-07T00:00:00,1986-04-24T00:00:00,4/24/1986,514684800,2026-07-23T00:00:00
6,IAF,-0.121,9.51751,10.827069999999999,0.36,6.24,9,Morningstar US CEF Single Country Equity,1,abrdn Asia Limited,True,13.3,0.1,15.13,2026-08-07T00:00:00,003011111,abrdn Australia Equity Fund Inc,2026-08-07,XIAFX,Equity-Single-Country Equity,6.92,127.446,,Quarterly,0.10818,0.36,10.125,,,,1.9900000000000002,,155.766,True,True,False,False,True,False,,9.49,9.71,5.18,2.86,6.37,4.34,,,6.75,221040,,,,,,,13.11286,-9.9762,-1.48,-1.26,-1.08,2026-08-07T00:00:00,1985-12-12T00:00:00,12/12/1985,503193600,2026-05-21T00:00:00
7,AEF,-0.0895,9.25553,10.16575,0.22999999999999998,61.77,4,Morningstar US CEF Emerging Market Equity,3,abrdn Investments Limited,True,9.05,0.19,9.94,2026-08-07T00:00:00,00301W105,abrdn Emerging Markets ex-China Fund,2026-08-07,XAEFX,Equity-Emerging Market Equity,6.27,367.443,,Quarterly,0.00111,0.22999999999999998,15.0,,,,1.8599999999999999,,430.578,True,True,True,False,True,False,,24.92,28.04,8.06,9.11,33.93,32.17,,,61.34,1462230,,,,,,,7.77389,-9.48982,0.39,0.54,0.18,2026-08-07T00:00:00,1989-09-25T00:00:00,9/25/1989,622684800,2026-06-23T00:00:00
8,AGD,-0.0097,11.66937,11.78396,0.12,23.85,5,Morningstar US CEF Global Equity,3,abrdn Investments Limited,True,12.22,0.08,12.34,2026-08-07T00:00:00,00302M106,abrdn Global Dynamic Dividend,2026-08-07,XAGDX,Equity-Global Equity,0.67,319.85,,Monthly,0.29668,0.12,20.0,,,,1.29,,325.184,True,True,False,False,True,False,,13.86,20.4,7.68,10.32,11.5,11.76,,,21.4,1220360,,,,,,,12.06188,2.01406,-0.6900000000000001,-1.55,-0.73,2026-08-07T00:00:00,2006-07-26T00:00:00,7/26/2006,1153872000,2026-07-23T00:00:00
9,ASGI,0.102,12.01639,10.90458,0.22,18.23,13,Morningstar US CEF Global Income,2,abrdn Inc.,True,24.21,0.35000000000000003,21.97,2026-08-07T00:00:00,00326W106,abrdn Global Infrastructure Income Fund,2026-08-07,XAGIX,Fixed Income - Taxable-Global Income,0.98,765.734,,Monthly,0.08556,0.22,20.0,,,,2.16,,701.795,True,True,True,False,True,False,,12.73,22.75,8.65,13.33,10.45,14.65,,,26.58,1764790,,,,,,,22.52126,2.6167,2.2,1.51,1.73,2026-08-07T00:00:00,2020-07-28T00:00:00,7/28/2020,1595894400,2026-07-23T00:00:00
10,AWP,0.009300000000000001,12.21374,12.10084,0.12,20.12,7,Morningstar US CEF Real Estate,2,abrdn Inc.,True,11.9,0.01,11.79,2026-08-07T00:00:00,00302L207,abrdn Global Premier Properties,2026-08-07,XAWPX,Equity-Real Estate,10.56,367.182,,Monthly,0.10017000000000001,0.12,20.0,,,,2.27,,406.732,True,True,False,False,True,False,,12.68,15.88,1.4100000000000001,2.75,13.15,12.48,,,19.08,1243380,,,,,,,11.81319,1.30114,-0.31,0.58,0.45,2026-08-07T00:00:00,2007-04-26T00:00:00,4/26/2007,1177545600,2026-07-23T00:00:00
11,HQH,-0.057300000000000004,9.98363,10.59028,0.61,49.72,8,Morningstar US CEF Sector Equity,2,abrdn Inc.,True,23.04,0.21,24.44,2026-08-07T00:00:00,87911J103,abrdn Healthcare Investors,2026-08-07,XHQHX,Equity-Sector Equity,1.1,1335.992,,Quarterly,-0.06102,0.61,10.0,,,,1.11,,1417.172,True,True,True,False,True,False,,17.26,22.71,7.54,7.64,18.43,22.69,,,57.82,1820940,,,,,,,19.07912,-7.58447,0.88,0.34,0.35000000000000003,2026-08-07T00:00:00,1987-04-23T00:00:00,4/23/1987,546134400,2026-05-21T00:00:00
12,THQ,-0.0546,10.62469,11.23829,0.18,29.94,8,Morningstar US CEF Sector Equity,2,abrdn Inc.,True,19.22,0.25,20.33,2026-08-07T00:00:00,879105104,abrdn Healthcare Opportunities Fund,2026-08-07,XTHQX,Equity-Sector Equity,21.07,796.824,,Monthly,-0.03549,0.18,20.0,4.3434,,,3.02,,1067.843,True,True,False,False,True,False,,7.21,10.29,3.76,4.05,9.31,5.08,,,29.32,1780740,,,,,7.72,,18.28259,-1.1988,-1.29,-0.92,-1.44,2026-08-07T00:00:00,2014-07-28T00:00:00,7/28/2014,1406505600,2026-07-23T00:00:00
13,ACP,-0.061,17.19039,18.30709,0.0775,2.91,19,Morningstar US CEF Senior Loans,3,abrdn Investments Limited,True,5.08,0.02,5.41,2026-08-07T00:00:00,003057106,abrdn Income Credit Strategies Fund,2026-08-07,XACPX,Fixed Income - Taxable-Senior Loans,32.04,637.391,,Monthly,0.22534,0.0775,20.0,8.0962,,,3.94,,998.796,True,False,False,False,True,False,,8.44,7.21,1.76,0.48,2.1,3.5,,,0.8200000000000001,5456630,,,96.8337,,4.75,3.24,5.47054,-5.11115,-0.67,-1.05,-0.6,2026-08-07T00:00:00,2011-01-27T00:00:00,1/27/2011,1296086400,2026-07-23T00:00:00
14,HQL,-0.1027,9.74761,10.86324,0.5599999999999999,64.77,8,Morningstar US CEF Sector Equity,2,abrdn Inc.,True,20.62,0.41000000000000003,22.98,2026-08-07T00:00:00,87911K100,abrdn Life Sciences Investors,2026-08-07,XHQLX,Equity-Sector Equity,0.01,635.985,,Quarterly,-0.09057,0.5599999999999999,15.0,,,,1.24,,708.841,True,True,False,False,True,False,,23.65,27.23,10.11,9.72,22.82,21.45,,,64.69,1348820,,,,,,,16.9277,-9.88826,-0.35000000000000003,-0.14,-0.36,2026-08-07T00:00:00,1992-05-08T00:00:00,5/8/1992,705283200,2026-05-21T00:00:00
15,AOD,-0.0084,12.27907,12.38274,0.11,24.62,5,Morningstar US CEF Global Equity,3,abrdn Investments Limited,True,10.66,0.02,10.75,2026-08-07T00:00:00,00326L100,abrdn Total Dynamic Dividend,2026-08-07,XAODX,Equity-Global Equity,2.74,1124.06,,Monthly,0.22991,0.11,20.0,,,,1.21,,1165.469,True,True,True,False,True,False,,14.21,21.11,8.37,11.13,12.07,16.14,,,33.68,4762030,,,,,,,9.87651,-3.70588,1.4100000000000001,0.53,0.85,2026-08-07T00:00:00,2007-01-26T00:00:00,1/26/2007,1169769600,2026-07-23T00:00:00
16,THW,-0.036000000000000004,9.88285,10.25183,0.1167,35.77,8,Morningstar US CEF Sector Equity,2,abrdn Inc.,True,13.66,0.19,14.17,2026-08-07T00:00:00,87911L108,abrdn World Healthcare Fund,2026-08-07,XTHWX,Equity-Sector Equity,17.34,551.595,,Monthly,-0.03887,0.1167,20.0,3.7754000000000003,,,1.46,,692.189,True,True,False,False,True,False,,14.79,11.2,8.14,6.91,11.07,11.1,,,38.55,1339810,,,,,7.37,,12.54983,-1.90049,-0.87,-0.79,-1.12,2026-08-07T00:00:00,2015-06-26T00:00:00,6/26/2015,1435276800,2026-07-23T00:00:00
17,ADX,-0.018799999999999997,7.5131499999999996,7.65697,0.5,19.0,10,Morningstar US CEF US Equity,4,Adams Diversified Equity Fund Inc,False,26.12,0.23,26.62,2026-08-07T00:00:00,006212104,Adams Diversified Equity Fund,2026-08-07,XADEX,Equity-U.S. Equity,0.0,3263.097,,Quarterly,0.09492,0.5,10.0,,,,0.49000000000000005,,3325.56,True,True,True,False,False,False,,18.92,26.28,12.36,17.04,10.28,16.08,,,27.86,2686700,,,,,,,23.48345,-5.60993,1.55,0.73,1.29,2026-08-07T00:00:00,1929-10-01T00:00:00,10/1/1929,-1270252800,2026-07-27T00:00:00
18,PEO,-0.0942,7.42523,8.19734,0.5399999999999999,35.34,8,Morningstar US CEF Sector Equity,5,Adams Natural Resources Fund Inc,False,26.35,-0.06,29.09,2026-08-07T00:00:00,00548F105,Adams Natural Resources Fund,2026-08-07,XPEOX,Equity-Sector Equity,0.7000000000000001,738.718,,Quarterly,0.29271,0.5399999999999999,15.0,,,,0.62,,815.533,True,True,True,False,False,False,,12.84,16.29,19.43,21.61,29.79,31.33,,,36.3,712120,,,,,,,24.03418,-10.36182,1.04,1.24,1.1,2026-08-07T00:00:00,1929-01-30T00:00:00,1/30/1929,-1291334400,2026-07-27T00:00:00
19,AVK,-0.086,10.08172,11.03059,0.1172,17.72,11,Morningstar US CEF Convertibles,6,"Advent Capital Management, LLC",False,12.75,0.06,13.95,2026-08-07T00:00:00,00764C109,Advent Convertible & Income Fund,2026-08-07,XAVKX,Fixed Income - Taxable-Convertibles,36.24,562.896,,Monthly,0.22874,0.1172,25.0,5.5855,,,4.53,,965.899,True,True,False,False,False,False,,14.41,14.48,4.64,4.34,10.11,5.37,,,12.54,1498930,,,108.8431,,,,12.55705,-5.68157,-1.22,0.03,-0.55,2026-08-07T00:00:00,2003-04-29T00:00:00,4/29/2003,1051574400,2026-07-15T00:00:00
20,AWF,-0.10289999999999999,6.97427,7.7744800000000005,0.0655,5.45,14,Morningstar US CEF High Yield,7,AllianceBernstein L.P.,False,10.11,0.0,11.27,2026-08-07T00:00:00,01879R106,AllianceBernstein Global High Income,2026-08-07,XAWFX,Fixed Income - Taxable-High Yield,0.8,871.782,,Monthly,0.35164,0.0655,15.0,6.6737,,4.36,1.02,,979.692,True,False,False,False,False,False,,9.03,8.44,4.36,3.68,2.13,-1.78,,,-2.29,2966690,,,97.594,,,,10.58713,-7.02384,-1.1400000000000001,-0.47000000000000003,-0.81,2026-08-07T00:00:00,1993-07-28T00:00:00,7/28/1993,743817600,2026-08-06T00:00:00
21,AFB,-0.0747,5.05592,5.46425,0.050179999999999995,10.33,21,Morningstar US CEF Municipal,7,AllianceBernstein L.P.,False,11.02,0.09,11.91,2026-08-07T00:00:00,01864U106,AllianceBernstein National Mun Inc,2026-08-07,XAFBX,Fixed Income - Municipal-Municipal,48.32,316.769,,Monthly,0.31343,0.050179999999999995,15.0,5.1411,,,3.66,,662.454,True,True,True,False,False,False,,2.41,5.06,-1.8599999999999999,-2.32,0.56,3.81,,,13.22,984960,,,98.4247,,22.53,11.69,10.90466,-8.97999,1.13,-0.62,0.53,2026-08-07T00:00:00,2002-01-28T00:00:00,1/28/2002,1012176000,2026-08-06T00:00:00
22,NFJ,-0.0722,7.34055,7.9118,0.305,27.09,3,Morningstar US CEF Covered Call,108,"Virtus Investment Advisers, LLC",True,15.42,0.07,16.62,2026-08-07T00:00:00,92840R101,AllianzGI Div Interest & Prem Common,2026-08-07,XNFJX,Equity-Covered-Call Funds,,1433.555,0.0,Quarterly,0.06142,0.305,25.0,1.9797,,,0.9600000000000001,,1545.116,False,True,True,False,True,False,,11.94,16.01,7.11,8.91,18.9,23.4,,,31.56,1885070,,,,,,,13.58345,-9.20409,1.3,0.37,0.72,2026-08-07T00:00:00,2005-02-28T00:00:00,2/28/2005,1109548800,2026-06-15T00:00:00
23,EOD,-0.0803,7.87313,8.56084,0.14211,25.53,5,Morningstar US CEF Global Equity,8,Allspring Global Investments,False,6.64,0.08,7.22,2026-08-07T00:00:00,94987C103,Allspring Global Dividend Opp Fd,2026-08-07,XEODX,Equity-Global Equity,13.25,285.958,,Quarterly,0.1298,0.14211,20.0,7.1385,,,2.45,,358.436,True,True,True,False,False,False,,22.02,24.01,12.99,12.65,13.71,16.39,,,26.88,1258530,,,,,,,6.05508,-8.46481,0.3,-1.08,-0.6900000000000001,2026-08-07T00:00:00,2007-03-28T00:00:00,3/28/2007,1175040000,2026-06-11T00:00:00
24,EAD,-0.1035,0.0151,0.01685,8.999999999999999e-05,4.91,14,Morningstar US CEF High Yield,8,Allspring Global Investments,False,6.41,0.03,7.15,2026-08-07T00:00:00,94987B105,Allspring Income Opps,2026-08-07,XEADX,Fixed Income - Taxable-High Yield,29.76,378.782,,Monthly,0.25923,8.999999999999999e-05,15.0,7.1676,,,2.95,,601.51,True,False,False,False,False,False,,8.47,9.01,3.46,2.59,1.72,-1.69,,,-1.73,1824150,,,100.1192,,4.34,3.23,6.73091,-7.52589,-1.49,-0.59,-1.02,2026-08-07T00:00:00,2003-02-28T00:00:00,2/28/2003,1046390400,2026-07-10T00:00:00
25,ERC,-0.0667,0.00607,0.006500000000000001,4.9999999999999996e-05,7.36,16,Morningstar US CEF Limited Duration,8,Allspring Global Investments,False,9.23,0.05,9.89,2026-08-07T00:00:00,94987D101,Allspring Multi-Sec Inc,2026-08-07,XERCX,Fixed Income - Taxable-Limited Duration,30.02,258.937,,Monthly,0.35301,4.9999999999999996e-05,20.0,6.8621,0.0,4.34,3.22,,396.452,True,False,True,True,False,False,,7.89,7.29,3.35,2.27,2.74,3.5300000000000002,,,6.74,785220,,0.0,98.4198,,,,9.28136,-6.75993,0.08,1.05,0.93,2026-08-07T00:00:00,2003-06-25T00:00:00,6/25/2003,1056499200,2026-07-10T00:00:00
26,ERH,-0.0639,0.01918,0.0205,0.00019999999999999998,3.81,26,Morningstar US CEF US Allocation,8,Allspring Global Investments,False,11.71,0.04,12.51,2026-08-07T00:00:00,94987E109,Allspring Util & High In,2026-08-07,XERHX,Hybrid-U.S. Allocation,21.35,103.425,,Monthly,0.1865,0.00019999999999999998,20.0,7.1946,,,2.43,,140.49,True,False,True,False,False,False,,11.86,13.66,7.09,4.4,3.12,5.24,,,7.85,233430,,,100.2393,,3.8,3.21,12.15865,-7.68958,0.97,1.05,1.26,2026-08-07T00:00:00,2004-04-30T00:00:00,4/30/2004,1083283200,2026-07-10T00:00:00
27,FINS,-0.0695,10.19956,10.96108,0.11499999999999999,6.89,26,Morningstar US CEF US Allocation,10,"Angel Oak Capital Advisors, LLC",False,12.59,0.07,13.53,2026-08-07T00:00:00,03464A100,Angel Oak Financial Strats Income Term,2026-08-07,XFINX,Hybrid-U.S. Allocation,21.72,420.718,,Monthly,0.38984,0.11499999999999999,20.0,6.7377,,,2.92,,577.549,True,False,False,False,False,True,,9.77,12.38,2.92,2.26,1.9,-0.12,,,5.63,476390,,,99.9624,,3.34,2.85,12.9778,-5.9107,-1.09,-0.89,-0.63,2026-08-07T00:00:00,2019-05-29T00:00:00,5/29/2019,1559088000,2026-06-16T00:00:00
28,ARDC,-0.07519999999999999,10.05212,10.86957,0.11249999999999999,0.61,19,Morningstar US CEF Senior Loans,11,Ares Capital Management II LLC,False,12.42,0.04,13.43,2026-08-07T00:00:00,04014F102,Ares Dynamic Credit Allocation Fund,2026-08-07,XADCX,Fixed Income - Taxable-Senior Loans,40.91,297.658,,Monthly,0.59626,0.11249999999999999,20.0,8.4436,,,5.26,,544.697,True,False,False,False,False,False,,8.19,9.56,4.69,4.92,-1.46,-0.97,,,-4.67,1163130,,,,,40.42,,13.20103,-5.7955000000000005,-0.62,-0.96,-0.14,2026-08-07T00:00:00,2012-11-27T00:00:00,11/27/2012,1353974400,2026-07-20T00:00:00
29,BANX,-0.0158,8.63309,8.77193,0.15,5.0,8,Morningstar US CEF Sector Equity,12,"ArrowMark Asset Management, LLC",False,20.52,0.98,21.0,2026-06-30T00:00:00,861780104,ArrowMark Financial Corp,2026-08-07,XBANX,Equity-Sector Equity,13.4,160.269,,Monthly,1.04616,0.15,25.0,10.9594,,,6.43,,188.046,True,False,True,False,False,True,,9.9,20.01,8.8,9.56,0.22,-1.02,,,11.54,322880,,,107.4223,,,,20.57497,-5.14323,1.23,2.45,2.81,2026-08-07T00:00:00,2013-11-07T00:00:00,11/7/2013,1383782400,2026-07-24T00:00:00
30,ASA,-0.16079999999999997,0.11618,0.13843,0.04,71.71,8,Morningstar US CEF Sector Equity,13,ASA,False,57.79,3.16,68.86,2026-08-07T00:00:00,G3156P103,ASA Gold and Precious Metals Limited,2026-08-07,XASAX,Equity-Sector Equity,,1114.764,,Semi-Annually,0.02585,0.04,28.0,9.086,,,1.88,,1328.303,False,True,False,False,False,False,,48.04,46.98,18.22,17.39,-11.27,-17.95,,,58.29,0,,,,,,,56.18372,-12.19566,,,,,1958-09-23T00:00:00,9/23/1958,-355795200,2026-05-01T00:00:00
31,BCV,-0.1295,4.94001,5.67491,0.35,25.49,11,Morningstar US CEF Convertibles,60,Gabelli Funds LLC,False,24.67,0.4,28.34,2026-08-07T00:00:00,059695106,Bancroft Fund,2026-08-07,XBCVX,Fixed Income - Taxable-Convertibles,14.69,138.831,,Quarterly,0.01097,0.35,25.0,2.4446,,,1.31,,186.949,True,True,False,False,False,False,,16.43,18.33,3.99,3.21,13.06,10.36,,,27.81,189280,,,,,21.12,,23.18739,-11.77518,-1.03,-0.8200000000000001,-0.9400000000000001,2026-08-07T00:00:00,1971-10-04T00:00:00,10/4/1971,55382400,2026-06-15T00:00:00
32,MCI,0.028200000000000003,9.80993,9.54085,0.39999999999999997,4.99,14,Morningstar US CEF High Yield,14,Barings LLC,False,16.77,-0.65,16.71,2026-03-31T00:00:00,06759X107,Barings Corporate Investors,2026-08-07,XMCIX,Fixed Income - Taxable-High Yield,21.78,344.218,,Quarterly,0.67335,0.39999999999999997,25.0,7.782,,,1.65,,428.013,True,False,False,False,False,False,,9.5,11.75,8.85,10.0,0.48,-6.79,,,-14.25,328520,,,92.3472,,,,19.29431,16.41889,-1.43,-0.77,-0.84,2026-08-07T00:00:00,1971-09-01T00:00:00,9/1/1971,52531200,2026-05-29T00:00:00
33,BGH,-0.0461,9.79706,10.27012,0.12229999999999999,4.27,14,Morningstar US CEF High Yield,14,Barings LLC,False,14.29,0.09,14.98,2026-08-07T00:00:00,06760L100,Barings Global Short Duration High Yield,2026-08-07,XBGHX,Fixed Income - Taxable-High Yield,31.37,286.978,,Monthly,0.68354,0.12229999999999999,25.0,8.9323,,,3.93,,438.345,True,False,False,False,False,False,,10.61,13.27,5.91,6.59,3.18,-0.73,,,0.15,852170,,,97.8956,,,,14.78692,-2.66419,-0.56,1.1,0.54,2026-08-07T00:00:00,2012-10-25T00:00:00,10/25/2012,1351123200,2026-07-22T00:00:00
34,MPV,0.09720000000000001,9.91957,9.04093,0.37,,14,Morningstar US CEF High Yield,14,Barings LLC,False,16.37,-0.11,15.29,2026-03-31T00:00:00,06761A103,Barings Participation Invs,2026-08-07,XMPVX,Fixed Income - Taxable-High Yield,22.63,176.073,,Quarterly,0.57714,0.37,10.0,7.7819,,,1.55,,207.412,True,False,False,False,False,False,,,16.89,,11.88,0.39,4.66,,,-6.74,167860,,,92.2129,,,,18.36456,11.82532,-0.52,-0.19,-0.56,2026-08-07T00:00:00,1988-10-06T00:00:00,10/6/1988,592099200,2026-05-29T00:00:00
35,BXSY,-0.3937,3.53862,5.83614,0.26,36.35,26,Morningstar US CEF US Allocation,15,Bexil Corp,True,17.82,0.07,29.39,2026-08-07T00:00:00,25538A204,Bexil Investment Trust,2026-08-07,XBXIX,Hybrid-U.S. Allocation,8.84,230.547,,Quarterly,-0.06607,0.26,15.0,,,,1.9300000000000002,,380.234,True,True,False,False,True,False,,21.14,22.21,13.39,11.85,19.85,15.47,,,33.66,124000,,,,,1.11,,15.53964,-37.29157,-2.2800000000000002,-1.27,-1.6800000000000002,2026-08-07T00:00:00,1998-06-29T00:00:00,6/29/1998,899078400,2026-06-15T00:00:00
36,BMN,-0.0070999999999999995,4.41004,4.44137,0.09375,6.97,21,Morningstar US CEF Municipal,16,BlackRock,False,25.33,0.09,25.51,2026-08-07T00:00:00,09262G108,BlackRock 2037 Municipal Target term,2026-08-07,XBMNX,Fixed Income - Municipal-Municipal,24.75,155.72,,Monthly,0.55982,0.09375,25.0,5.0127,,14.51,2.16,,208.406,True,False,False,False,False,True,,3.87,5.14,,,0.66,-1.5,,,9.48,105940,17.53,,101.483,,,,25.61203,-0.36948000000000003,-0.15,-0.31,-0.78,2026-08-07T00:00:00,2022-10-28T00:00:00,10/28/2022,1666915200,2026-07-15T00:00:00
37,BCAT,0.0956,20.83852,19.0197,0.25423,13.58,26,Morningstar US CEF US Allocation,16,BlackRock,True,16.04,0.08,14.64,2026-08-07T00:00:00,09260U109,BlackRock Capital Allocation Term Trust,2026-08-07,XCATX,Hybrid-U.S. Allocation,5.18,1680.595,,Monthly,0.15272,0.25423,20.0,,,2.65,1.4,,1533.91,True,True,True,False,True,True,,11.33,21.09,5.32,7.97,5.9,25.39,,,30.49,6339550,,,,,,,14.95188,-0.7235800000000001,1.96,1.53,1.6400000000000001,2026-08-07T00:00:00,2020-09-28T00:00:00,9/28/2020,1601251200,2026-07-15T00:00:00
38,BHK,-0.016,9.54371,9.69881,0.0746,2.13,15,Morningstar US CEF Investment Grade,16,BlackRock,True,9.23,0.09,9.38,2026-08-07T00:00:00,09249E101,BlackRock Core Bond,2026-08-07,XBHKX,Fixed Income - Taxable-Investment Grade,33.77,666.63,-0.051000000000000004,Monthly,0.27405,0.0746,15.0,5.2035,,,3.34,,1022.971,True,False,True,False,True,False,,4.3,3.39,-2.46,-3.25,-1.6800000000000002,-1.78,,,2.06,2933530,,,95.0924,,7.35,7.35,9.42421,-4.49656,2.13,2.87,3.2800000000000002,2026-08-07T00:00:00,2001-11-30T00:00:00,11/30/2001,1007078400,2026-07-15T00:00:00
39,HYT,-0.0819,10.20524,11.11534,0.0779,5.29,14,Morningstar US CEF High Yield,16,BlackRock,True,8.41,0.0,9.16,2026-08-07T00:00:00,09255P107,BlackRock Corporate High Yield Fund,2026-08-07,XHYTX,Fixed Income - Taxable-High Yield,20.13,1621.273,-0.113,Monthly,0.35117,0.0779,15.0,7.0359,,,2.33,,2210.778,True,False,False,False,True,False,,9.37,7.64,4.3,2.14,1.44,0.26,,,-5.02,8365760,,,99.6367,,4.4,,8.943950000000001,-5.42419,-1.06,-1.52,-1.34,2026-08-07T00:00:00,2003-05-30T00:00:00,5/30/2003,1054252800,2026-07-15T00:00:00
40,BTZ,-0.0562,9.27926,9.83203,0.0839,4.15,15,Morningstar US CEF Investment Grade,16,BlackRock,True,10.24,0.09,10.85,2026-08-07T00:00:00,092508100,BlackRock Credit Allocation Income Trust,2026-08-07,XBTZX,Fixed Income - Taxable-Investment Grade,34.97,955.642,-0.11900000000000001,Monthly,0.5375800000000001,0.0839,25.0,5.9413,,19.89,3.37,,1556.991,True,False,True,False,True,False,,7.8,8.95,0.99,0.43,0.04,-2.55,,,-0.67,2521170,,,98.6559,,,,10.57628,-5.77441,0.08,2.16,1.38,2026-08-07T00:00:00,2006-12-27T00:00:00,12/27/2006,1167177600,2026-07-15T00:00:00
41,DSU,-0.0125,12.32841,12.4843,0.09873,4.12,19,Morningstar US CEF Senior Loans,16,BlackRock,True,9.49,0.03,9.61,2026-08-07T00:00:00,09255R202,BlackRock Debt Strategies,2026-08-07,XDSUX,Fixed Income - Taxable-Senior Loans,15.89,590.653,-0.17400000000000002,Monthly,0.35279,0.09873,10.0,,,6.29,1.69,,711.122,True,False,False,False,True,False,,7.58,9.45,6.02,7.04,1.27,-0.7000000000000001,,,0.37,2795980,,,,,,,10.05307,0.87931,-1.73,-1.42,-1.31,2026-08-07T00:00:00,1998-03-27T00:00:00,3/27/1998,890956800,2026-07-15T00:00:00
42,BGR,-0.10060000000000001,6.59661,7.33417,0.0973,41.82,8,Morningstar US CEF Sector Equity,16,BlackRock,True,15.92,-0.08,17.7,2026-08-07T00:00:00,09250U101,BlackRock Energy and Resources,2026-08-07,XBGRX,Equity-Sector Equity,0.0,405.262,,Monthly,0.1595,0.0973,25.0,,,,1.23,,450.574,True,True,False,False,True,False,,16.13,18.04,20.95,21.22,34.38,27.66,,,33.85,1071200,,,,,,,14.804310000000001,-6.97696,-1.01,-0.04,-0.3,2026-08-07T00:00:00,2004-12-23T00:00:00,12/23/2004,1103760000,2026-07-15T00:00:00
43,BDJ,-0.0775,7.02079,7.61066,0.0619,21.77,3,Morningstar US CEF Covered Call,16,BlackRock,True,9.76,-0.01,10.58,2026-08-07T00:00:00,09251A104,BlackRock Enhanced Dividend Achievers,2026-08-07,XBDJX,Equity-Covered-Call Funds,0.11,1726.98,,Monthly,0.07807,0.0619,15.0,,,,0.88,,1874.201,True,True,False,False,True,False,,14.23,15.18,9.74,9.24,11.77,8.1,,,21.53,4315770,,,,,,,9.22433,-5.90536,-1.18,-0.23,-0.64,2026-08-07T00:00:00,2005-08-26T00:00:00,8/26/2005,1125014400,2026-07-15T00:00:00
44,BOE,-0.09230000000000001,7.32399,8.06829,0.0827,16.0,3,Morningstar US CEF Covered Call,16,BlackRock,True,12.3,0.02,13.55,2026-08-07T00:00:00,092501105,BlackRock Enhanced Glbl Div Trust,2026-08-07,XBOEX,Equity-Covered-Call Funds,0.02,683.882,,Monthly,0.05795,0.0827,25.0,,,,1.03,,753.382,True,True,False,False,True,False,,11.59,14.68,6.94,7.52,7.24,8.63,,,16.25,1310570,,,,,,,11.70092,-9.22496,0.0,-0.31,0.02,2026-08-07T00:00:00,2005-05-26T00:00:00,5/26/2005,1117065600,2026-07-15T00:00:00
45,BGY,-0.1002,7.87673,8.75342,0.0426,15.33,3,Morningstar US CEF Covered Call,16,BlackRock,True,5.84,0.04,6.49,2026-08-07T00:00:00,092524107,BlackRock Enhanced Intl Div Trust,2026-08-07,XBGYX,Equity-Covered-Call Funds,0.36,529.188,,Monthly,0.02491,0.0426,20.0,,,,1.2,,588.088,True,True,False,False,True,False,,8.46,10.37,5.98,6.5,5.97,3.49,,,11.33,2740160,,,,,,,5.77653,-8.28134,-1.05,0.32,-0.4,2026-08-07T00:00:00,2007-05-25T00:00:00,5/25/2007,1180051200,2026-07-15T00:00:00
46,CII,0.0094,6.89487,6.83084,0.141,22.95,3,Morningstar US CEF Covered Call,16,BlackRock,True,24.77,0.14,24.54,2026-08-07T00:00:00,09256A109,BlackRock Enhanced Large Cap Core Fund,2026-08-07,XCIIX,Equity-Covered-Call Funds,0.46,1015.163,,Monthly,0.00537,0.141,20.0,,,,0.93,,1010.382,True,True,True,False,True,False,,17.99,19.73,12.14,12.99,10.14,7.64,,,31.47,957550,,,,,,,23.49866,0.24717000000000003,0.26,-0.64,-0.1,2026-08-07T00:00:00,2004-04-27T00:00:00,4/27/2004,1083024000,2026-07-15T00:00:00
47,ECAT,0.0077,20.67462,20.51679,0.26877,13.38,25,Morningstar US CEF Global Allocation,16,BlackRock,True,15.72,0.2,15.6,2026-08-07T00:00:00,09262F100,BlackRock ESG Capital Allocation Term,2026-08-07,ECAT,Hybrid-Global Allocation,0.16,1563.642,,Monthly,0.10010000000000001,0.26877,20.0,,,2.33,1.4100000000000001,,1554.237,True,True,True,False,True,True,,12.26,17.66,,,5.73,10.66,,,14.07,4369170,,,,,,,15.55249,-2.44846,1.4,1.12,1.54,2026-08-07T00:00:00,2021-09-27T00:00:00,9/27/2021,1632700800,2026-07-15T00:00:00
48,FRA,-0.04650000000000001,13.04723,13.68398,0.12383999999999999,3.31,19,Morningstar US CEF Senior Loans,17,"BlackRock Advisors, LLC",True,10.86,0.03,11.39,2026-08-07T00:00:00,09255X100,BlackRock Floating Rate Inc Strategies,2026-08-07,XFRAX,Fixed Income - Taxable-Senior Loans,23.07,384.821,-0.184,Monthly,0.44666,0.12383999999999999,20.0,,,,2.61,,524.619,True,False,False,False,True,False,,6.97,7.59,6.02,6.54,1.21,-0.74,,,-6.93,1565710,,,,,,,11.72153,-1.40572,-0.73,-0.05,0.01,2026-08-07T00:00:00,2003-10-31T00:00:00,10/31/2003,1067558400,2026-07-15T00:00:00
49,BGT,-0.0242,12.93333,13.25399,0.12028,3.52,19,Morningstar US CEF Senior Loans,16,BlackRock,True,10.89,0.04,11.16,2026-08-07T00:00:00,091941104,Blackrock Floating Rate Income,2026-08-07,XBGTX,Fixed Income - Taxable-Senior Loans,0.13,324.791,-0.154,Monthly,0.42019,0.12028,20.0,,,,2.06,,333.29,True,False,True,False,True,False,,7.22,9.11,6.18,6.92,1.2,3.19,,,-2.74,1316830,,,,,,,11.3155,-2.7165600000000003,0.11,1.9300000000000002,1.3900000000000001,2026-08-07T00:00:00,2004-08-30T00:00:00,8/30/2004,1093824000,2026-07-15T00:00:00
50,BME,-0.026699999999999998,6.93998,7.13036,0.2621,23.44,8,Morningstar US CEF Sector Equity,16,BlackRock,True,44.11,0.61,45.32,2026-08-07T00:00:00,09250W107,BlackRock Health Sciences,2026-08-07,XBMEX,Equity-Sector Equity,0.15,570.082,,Monthly,0.0592,0.2621,25.0,,,,1.13,,586.615,True,True,True,False,True,False,,8.35,10.62,4.74,4.58,4.78,10.61,,,32.46,451160,,,,,,,39.95972,-5.61911,1.3900000000000001,0.93,1.1,2026-08-07T00:00:00,2005-03-28T00:00:00,3/28/2005,1111968000,2026-07-15T00:00:00
51,BMEZ,-0.10529999999999999,7.39496,8.2655,0.11,23.68,8,Morningstar US CEF Sector Equity,16,BlackRock,True,15.97,0.26,17.85,2026-08-07T00:00:00,09260E105,BlackRock Health Sciences Term Trust,2026-08-07,XBMZX,Equity-Sector Equity,0.43,998.147,,Monthly,0.00466,0.11,20.0,,,,1.37,,1120.473,True,True,True,False,True,True,,6.97,9.52,-1.79,-1.67,5.44,8.4,,,20.98,2278810,,,,,,,14.75875,-10.97361,0.34,-0.28,0.54,2026-08-07T00:00:00,2020-01-29T00:00:00,1/29/2020,1580256000,2026-07-15T00:00:00
52,BKT,-0.0322,9.73689,10.06084,0.0882,0.72,15,Morningstar US CEF Investment Grade,16,BlackRock,True,10.52,0.06,10.87,2026-08-07T00:00:00,09247F209,BlackRock Income,2026-08-07,XBKTX,Fixed Income - Taxable-Investment Grade,19.41,340.732,-0.055,Monthly,0.047920000000000004,0.0882,10.0,4.445,,9.15,1.9700000000000002,,436.856,True,False,True,False,True,False,,3.7,3.44,-1.92,-3.91,-1.05,-2.33,,,-3.7800000000000002,1352490,,,89.397,,4.92,,10.95214,-4.14243,0.68,1.6600000000000001,1.73,2026-08-07T00:00:00,1988-08-01T00:00:00,8/1/1988,586396800,2026-07-15T00:00:00
53,BLW,-0.0475,10.25208,10.76387,0.1132,4.04,16,Morningstar US CEF Limited Duration,16,BlackRock,True,12.62,0.08,13.25,2026-08-07T00:00:00,09249W101,BlackRock Limited Duration Income,2026-08-07,XBLWX,Fixed Income - Taxable-Limited Duration,35.94,493.245,-0.133,Monthly,0.52225,0.1132,20.0,,,,3.7,,808.369,True,False,False,False,True,False,,8.45,8.18,3.99,2.91,0.4,-2.98,,,-1.6800000000000002,1173140,,,,,,,13.34368,-2.39028,-0.8,0.8300000000000001,-0.04,2026-08-07T00:00:00,2003-07-28T00:00:00,7/28/2003,1059350400,2026-07-15T00:00:00
54,BIT,-0.0688,11.22844,12.05849,0.12369999999999999,4.6,17,Morningstar US CEF Multi-Sector,16,BlackRock,True,12.31,0.01,13.22,2026-08-07T00:00:00,09258A107,BlackRock Multi-Sector Income Trust,2026-08-07,XBITX,Fixed Income - Taxable-Multi-Sector,30.84,702.442,-0.508,Monthly,0.40641,0.12369999999999999,20.0,6.1162,,,3.26,,1090.79,True,False,False,False,True,False,,8.15,4.54,4.0,2.24,0.55,0.24,,,-5.22,3191970,7.97,,,,,3.77,12.99939,-5.37285,-0.9,-0.66,-0.8,2026-08-07T00:00:00,2013-02-25T00:00:00,2/25/2013,1361750400,2026-07-15T00:00:00
55,MUA,-0.0823,5.95707,6.49123,0.0555,9.58,21,Morningstar US CEF Municipal,16,BlackRock,False,10.26,0.08,11.18,2026-08-07T00:00:00,09254J102,BlackRock Muniassets,2026-08-07,XMUAX,Fixed Income - Municipal-Municipal,32.93,516.64,-0.004,Monthly,0.28542,0.0555,15.0,5.4809,,,2.59,,839.364,True,False,False,False,False,False,,5.27,5.66,-0.6900000000000001,-3.46,2.14,-2.26,,,3.66,1199490,17.85,,92.4046,,12.75,,10.80101,-3.76525,-2.13,-1.9100000000000001,-2.19,2026-08-07T00:00:00,1993-06-25T00:00:00,6/25/1993,740966400,2026-07-15T00:00:00
56,BTT,-0.0802,2.26618,2.46372,0.0464,3.17,21,Morningstar US CEF Municipal,16,BlackRock,False,22.6,0.08,24.57,2026-08-07T00:00:00,09257P105,BlackRock Municipal 2030 Target Term,2026-08-07,XBTTX,Fixed Income - Municipal-Municipal,34.79,1437.934,0.148,Monthly,0.34323,0.0464,25.0,4.6478,,,2.69,,2397.157,True,False,True,False,False,True,,3.65,4.89,0.37,-0.34,0.62,-0.43,,,3.6,911880,22.83,,101.5267,,3.88,,22.63747,-8.11662,0.17,-0.39,-0.5,2026-08-07T00:00:00,2012-08-29T00:00:00,8/29/2012,1346198400,2026-07-15T00:00:00
57,MHD,-0.08070000000000001,5.6487300000000005,6.14458,0.0595,9.25,21,Morningstar US CEF Municipal,16,BlackRock,False,11.62,0.02,12.64,2026-08-07T00:00:00,09253N104,BlackRock Municipal Income,2026-08-07,XMHDX,Fixed Income - Municipal-Municipal,41.89,2030.013,0.004,Monthly,0.30405,0.0595,15.0,5.0119,,,3.08,,3800.337,True,False,True,False,False,False,,2.22,4.65,-2.14,-2.9699999999999998,0.9,1.21,,,9.63,2486270,5.52,,99.8744,,11.88,,11.66736,-8.5504,0.59,0.33,0.39,2026-08-07T00:00:00,1997-05-02T00:00:00,5/2/1997,862531200,2026-07-15T00:00:00
58,MUC,-0.0767,5.53448,5.9944,0.0535,8.76,22,Morningstar US CEF Municipal-CA,16,BlackRock,False,10.71,0.09,11.6,2026-08-07T00:00:00,09254L107,BlackRock MuniHoldings CA Qty,2026-08-07,XMUCX,Fixed Income - Municipal-Municipal - CA,40.59,1338.838,0.07100000000000001,Monthly,0.26962,0.0535,15.0,5.0713,,,3.22,,2440.751,True,False,True,False,False,False,,1.73,4.82,-2.13,-3.19,0.97,3.34,,,11.65,2799740,3.71,,102.4334,,13.95,,10.72802,-8.32623,0.67,-0.26,0.06,2026-08-07T00:00:00,1998-02-27T00:00:00,2/27/1998,888537600,2026-07-15T00:00:00
59,MUJ,-0.0113,5.21319,5.27258,0.054,8.4,24,Morningstar US CEF Municipal-Single State,16,BlackRock,False,12.29,0.2,12.43,2026-08-07T00:00:00,09254X101,BlackRock MuniHoldings NJ Qty,2026-08-07,XMUJX,Fixed Income - Municipal-Municipal - Single-State,39.59,653.645,0.085,Monthly,0.2647,0.054,15.0,4.7124,,,3.37,,1094.416,True,True,True,False,False,False,,2.92,7.83,-0.86,-0.17,0.84,3.74,,,16.78,1026400,17.89,,97.7946,,13.16,,11.939820000000001,-4.68206,1.47,2.33,1.29,2026-08-07T00:00:00,1998-03-11T00:00:00,3/11/1998,889574400,2026-07-15T00:00:00
60,MIY,-0.006500000000000001,5.33007,5.36505,0.0545,9.12,24,Morningstar US CEF Municipal-Single State,16,BlackRock,False,12.19,0.07,12.27,2026-08-07T00:00:00,09254V105,BlackRock MuniYield MI Quality,2026-08-07,XMIYX,Fixed Income - Municipal-Municipal - Single-State,39.51,353.08,0.07200000000000001,Monthly,0.25837,0.0545,15.0,4.9551,,,3.34,,587.49,True,True,True,False,False,False,,2.69,8.65,-1.01,-0.25,0.64,7.21,,,18.14,608370,8.23,,100.9645,,16.35,,11.86132,-4.01798,1.16,0.91,0.7000000000000001,2026-08-07T00:00:00,1992-10-30T00:00:00,10/30/1992,720403200,2026-07-15T00:00:00
61,MYN,-0.0812,5.73134,6.23756,0.051199999999999996,9.57,23,Morningstar US CEF Municipal-NY,17,"BlackRock Advisors, LLC",False,9.85,0.09,10.72,2026-08-07T00:00:00,09255E102,BlackRock MuniYield NY Quality,2026-08-07,XMYNX,Fixed Income - Municipal-Municipal - NY,22.47,927.118,0.069,Monthly,0.24345,0.051199999999999996,15.0,4.855,,,3.2800000000000002,,1301.513,True,False,True,False,False,False,,1.78,4.46,-1.9100000000000001,-2.92,0.71,1.46,,,12.16,1206050,8.48,,100.2576,,12.59,,9.92282,-8.26699,0.2,-0.7000000000000001,-0.02,2026-08-07T00:00:00,1992-02-28T00:00:00,2/28/1992,699235200,2026-07-15T00:00:00
62,MPA,-0.0898,4.69565,5.15908,0.0477,8.83,24,Morningstar US CEF Municipal-Single State,16,BlackRock,False,11.095,0.04,12.19,2026-08-07T00:00:00,09255G107,BlackRock MuniYield PA Quality,2026-08-07,XMPAX,Fixed Income - Municipal-Municipal - Single-State,38.1,143.676,0.039,Monthly,0.23728000000000002,0.0477,15.0,4.7722999999999995,,,3.23,,255.002,True,False,False,False,False,False,,2.5300000000000002,3.49,-1.69,-2.75,0.01,1.31,,,8.27,318150,7.16,,98.0715,,14.9,,11.24758,-8.50871,-0.59,-0.58,-0.79,2026-08-07T00:00:00,1992-10-30T00:00:00,10/30/1992,720403200,2026-07-15T00:00:00
63,MYI,-0.07429999999999999,5.68745,6.14391,0.0555,8.81,21,Morningstar US CEF Municipal,16,BlackRock,False,10.84,0.07,11.71,2026-08-07T00:00:00,09254E103,BlackRock MuniYield Qty III,2026-08-07,XMYIX,Fixed Income - Municipal-Municipal,41.9,1325.663,0.04,Monthly,0.27666,0.0555,15.0,5.0585,,,3.23,,2464.801,True,False,True,False,False,False,,2.79,4.54,-1.12,-1.6,0.81,1.5899999999999999,,,9.13,2256710,6.01,,99.7206,,11.76,,10.92084,-7.57771,0.17,0.34,0.14,2026-08-07T00:00:00,1992-04-13T00:00:00,4/13/1992,703123200,2026-07-15T00:00:00
64,MQY,-0.0696,5.69558,6.12137,0.057999999999999996,8.5,21,Morningstar US CEF Municipal,17,"BlackRock Advisors, LLC",False,11.37,0.07,12.22,2026-08-07T00:00:00,09254F100,BlackRock Muniyield Quality,2026-08-07,XMQYX,Fixed Income - Municipal-Municipal,42.01,1710.413,0.060000000000000005,Monthly,0.28992,0.057999999999999996,15.0,5.0143,,,3.2,,3169.758,True,False,True,False,False,False,,2.31,3.93,-1.58,-2.4,0.43,2.67,,,8.56,2933720,4.96,,99.4864,,14.22,,11.43885,-7.41972,0.43,0.59,0.47000000000000003,2026-08-07T00:00:00,1992-06-26T00:00:00,6/26/1992,709516800,2026-07-15T00:00:00
65,BCX,-0.0713,6.41411,6.90669,0.0697,33.07,8,Morningstar US CEF Sector Equity,16,BlackRock,True,12.11,0.08,13.04,2026-08-07T00:00:00,09257A108,BlackRock Resources&Commodities Strategy,2026-08-07,XBCRX,Equity-Sector Equity,0.0,923.243,,Monthly,0.10812000000000001,0.0697,20.0,,,,1.19,,994.166,True,True,False,False,True,False,,11.73,15.35,12.37,12.91,14.36,14.27,,,36.0,2116960,,,,,,,11.30434,-6.84758,-0.16,0.3,0.11,2026-08-07T00:00:00,2011-03-29T00:00:00,3/29/2011,1301356800,2026-07-15T00:00:00
66,BSTZ,-0.0742,6.00185,6.48271,0.1625,46.06,8,Morningstar US CEF Sector Equity,16,BlackRock,True,30.08,0.52,32.49,2026-08-07T00:00:00,09260K101,BlackRock Science and Technology Term,2026-08-07,XBSZX,Equity-Sector Equity,0.78,2067.824,,Monthly,-0.14164000000000002,0.1625,20.0,,,,1.35,,2251.002,True,True,True,False,True,True,,22.55,28.06,3.21,4.13,27.28,31.54,,,48.05,2186650,,,,,,,24.29245,-9.60244,1.29,1.21,1.51,2026-08-07T00:00:00,2019-06-26T00:00:00,6/26/2019,1561507200,2026-07-15T00:00:00
67,BST,-0.049,5.85252,6.15385,0.25,28.91,8,Morningstar US CEF Sector Equity,16,BlackRock,True,48.75,0.44,51.26,2026-08-07T00:00:00,09258G104,BlackRock Science and Technology Trust,2026-08-07,XBSTX,Equity-Sector Equity,0.1,1692.601,,Monthly,-0.17225000000000001,0.25,20.0,3.9896000000000003,,,1.11,,1781.521,True,True,True,False,True,False,,22.13,20.1,6.63,6.5600000000000005,20.04,18.88,,,31.05,997610,,,,,0.26,0.26,42.081,-6.49159,0.91,1.72,1.08,2026-08-07T00:00:00,2014-10-29T00:00:00,10/29/2014,1414540800,2026-07-15T00:00:00
68,BBN,-0.038,7.13201,7.41353,0.0986,3.41,20,Morningstar US CEF Taxable Muni,17,"BlackRock Advisors, LLC",True,15.96,0.05,16.59,2026-08-07T00:00:00,09248X100,BlackRock Taxable Municipal Bond Trust,2026-08-07,XBBNX,Fixed Income - Taxable-Taxable Muni,35.57,986.209,0.077,Monthly,0.48995,0.0986,20.0,5.9174,,,3.1,,1591.203,True,False,True,False,True,False,,4.29,5.93,-2.5,-3.15,-1.0,1.17,,,5.06,2045190,2.81,,99.5233,,8.35,,16.3545,-4.99267,0.79,2.25,2.23,2026-08-07T00:00:00,2010-08-27T00:00:00,8/27/2010,1282867200,2026-07-15T00:00:00
69,BTX,-0.11460000000000001,6.50155,7.34266,0.0525,27.64,10,Morningstar US CEF US Equity,16,BlackRock,True,8.58,0.17,9.69,2026-08-07T00:00:00,09260Q108,BlackRock Tech and Private Equity Term,2026-08-07,XBTPX,Equity-U.S. Equity,1.11,1001.374,,Monthly,-0.044090000000000004,0.0525,20.0,,,,1.46,,1143.587,True,True,True,False,True,True,,7.59,10.77,-5.94,-6.51,20.73,28.33,,,20.93,7902860,,,,,,,7.31464,-13.54442,0.75,0.67,1.19,2026-08-07T00:00:00,2021-03-26T00:00:00,3/26/2021,1616716800,2026-07-15T00:00:00
70,BUI,0.0048,6.89038,6.85714,0.154,18.54,8,Morningstar US CEF Sector Equity,16,BlackRock,True,26.95,-0.04,26.82,2026-08-07T00:00:00,09248D104,"BlackRock Util, Infra & Power Opp",2026-08-07,XBUIX,Equity-Sector Equity,0.11,810.778,,Monthly,0.13116,0.154,20.0,,,,1.09,,806.867,True,False,False,False,True,False,,14.09,14.87,9.05,9.31,14.27,11.69,,,16.44,741640,,,,,,,27.15762,2.33442,-0.56,-0.5,-0.12,2026-08-07T00:00:00,2011-11-23T00:00:00,11/23/2011,1322006400,2026-07-15T00:00:00
71,BHV,0.1348,4.84043,4.26563,0.0455,7.12,24,Morningstar US CEF Municipal-Single State,16,BlackRock,False,12.8,0.14,11.28,2026-08-07T00:00:00,092481100,BlackRock VA Municipal Bond,2026-08-07,XBHVX,Fixed Income - Municipal-Municipal - Single-State,39.22,20.329,0.024,Monthly,0.1615,0.0455,15.0,4.857,,,4.53,,29.474,True,True,True,False,False,False,,0.8200000000000001,11.21,-2.95,-2.48,-0.4,26.13,,,29.18,55710,7.23,,99.2945,,16.77,10.27,11.11008,-3.01711,2.47,1.24,1.6600000000000001,2026-08-07T00:00:00,2002-04-30T00:00:00,4/30/2002,1020124800,2026-07-15T00:00:00
72,BGX,-0.1195,8.0,9.08587,0.08199999999999999,0.6,19,Morningstar US CEF Senior Loans,18,Blackstone Liquid Credit Strategies LLC,False,10.83,0.04,12.3,2026-08-07T00:00:00,09257D102,Blackstone Long-Short Credit Income,2026-08-07,XXBGX,Fixed Income - Taxable-Senior Loans,33.77,137.631,,Monthly,0.51573,0.08199999999999999,20.0,7.1166,,,4.65,,236.012,True,False,False,False,False,False,,6.67,7.05,3.69,3.11,-1.24,-4.02,,,-7.07,707830,,,,,17.0,,11.39173,-10.15208,-0.75,0.2,0.09,2026-08-07T00:00:00,2011-01-27T00:00:00,1/27/2011,1296086400,2026-07-24T00:00:00
73,BSL,-0.0305,7.84547,8.09195,0.088,-0.26,19,Morningstar US CEF Senior Loans,18,Blackstone Liquid Credit Strategies LLC,False,13.05,0.03,13.46,2026-08-07T00:00:00,09256U105,Blackstone Senior Floating Rt 2027 term,2026-08-07,XBSLX,Fixed Income - Taxable-Senior Loans,33.48,169.91,,Monthly,0.55321,0.088,20.0,7.1282,,,4.68,,263.448,True,False,True,False,False,True,,6.16,9.0,4.01,3.99,-1.3599999999999999,-0.14,,,-0.81,425560,,,,,3.73,,13.413170000000001,-3.57611,0.52,0.68,0.84,2026-08-07T00:00:00,2010-05-26T00:00:00,5/26/2010,1274832000,2026-07-24T00:00:00
74,BGB,-0.0466,7.72227,8.09947,0.076,-0.23,19,Morningstar US CEF Senior Loans,18,Blackstone Liquid Credit Strategies LLC,False,11.26,0.02,11.81,2026-08-07T00:00:00,09257R101,Blackstone Strategic Credit 2027 term,2026-08-07,XBGBX,Fixed Income - Taxable-Senior Loans,38.97,503.083,,Monthly,0.74549,0.076,20.0,6.9311,,,5.4,,864.589,True,False,False,False,False,True,,6.57,9.58,3.6,4.63,-1.85,-1.2,,,-2.41,1354810,,,,,17.78,,11.65715,-4.59828,-0.04,-0.78,0.2,2026-08-07T00:00:00,2012-09-26T00:00:00,9/26/2012,1348617600,2026-07-24T00:00:00
75,BPRE,-0.4252,7.26358,12.63594,0.1371,-7.28,7,Morningstar US CEF Real Estate,19,"Bluerock Fund Advisors, LLC",True,13.02,0.25,22.65,2026-08-07T00:00:00,09631P102,Bluerock Private Real Estate Fund,2026-08-07,XBPREX,Equity-Real Estate,,1862.438,,Monthly,,0.1371,14.0,,,,0.0,,3239.955,False,True,True,False,True,False,,-7.01,,-1.4100000000000001,,-3.65,-14.96,,,,0,,,75.3755,,,,,,,-0.61,-1.26,2026-08-07T00:00:00,2014-04-01T00:00:00,4/1/2014,1396310400,2026-07-17T00:00:00
76,DHF,-0.1157,7.83582,8.860759999999999,0.017499999999999998,3.68,14,Morningstar US CEF High Yield,20,BNY Mellon,False,2.37,0.0,2.6799999999999997,2026-08-07T00:00:00,09660L105,BNY Mellon High Yield Strategies Fund,2026-08-07,XDHFX,Fixed Income - Taxable-High Yield,27.52,172.386,,Monthly,0.09917000000000001,0.017499999999999998,15.0,7.0256,,,3.18,,268.934,True,False,False,False,False,False,,9.21,9.79,3.3,0.43,0.92,-1.05,,,-0.13,3688760,5.35,,99.6101,,4.52,3.33,2.4845,-9.22636,-1.37,-1.32,-0.88,2026-08-07T00:00:00,1998-04-29T00:00:00,4/29/1998,893808000,2026-08-06T00:00:00
77,DMB,-0.0794,5.18135,5.62852,0.049999999999999996,9.14,21,Morningstar US CEF Municipal,20,BNY Mellon,False,10.66,0.07,11.58,2026-08-07T00:00:00,09662W109,BNY Mellon Muni Bond Infrastructure Fund,2026-08-07,XDMBX,Fixed Income - Municipal-Municipal,35.54,196.208,,Monthly,0.24734,0.049999999999999996,15.0,5.0905,,,3.19,,330.636,True,False,False,False,False,False,,2.42,0.48,-1.34,-3.05,0.05,-1.9100000000000001,,,10.07,584690,0.37,,101.4874,,11.41,8.86,10.7695,-7.50722,-0.32,-1.71,-1.17,2026-08-07T00:00:00,2013-04-26T00:00:00,4/26/2013,1366934400,2026-07-17T00:00:00
78,DSM,-0.08070000000000001,5.59006,6.08108,0.03,10.33,21,Morningstar US CEF Municipal,20,BNY Mellon,False,5.92,0.04,6.44,2026-08-07T00:00:00,09662E109,BNY Mellon Strategic Muni Bond,2026-08-07,XDSMX,Fixed Income - Municipal-Municipal,34.42,292.618,,Monthly,0.15742,0.03,10.0,5.0273,,,2.73,,485.407,True,False,False,False,False,False,,2.61,4.87,-1.96,-3.02,0.55,-2.92,,,10.44,1089760,1.79,,99.5588,,8.93,8.04,6.00597,-7.07034,-0.78,-1.4100000000000001,-1.52,2026-08-07T00:00:00,1989-11-22T00:00:00,11/22/1989,627696000,2026-07-14T00:00:00
79,LEO,-0.0866,5.28634,5.78778,0.03,9.91,21,Morningstar US CEF Municipal,20,BNY Mellon,False,6.22,0.05,6.81,2026-08-07T00:00:00,05588W108,BNY Mellon Strategic Municipals,2026-08-07,XLEOX,Fixed Income - Municipal-Municipal,33.94,387.449,,Monthly,0.15752,0.03,10.0,5.135,,,2.76,,642.121,True,False,False,False,False,False,,3.05,4.32,-1.8,-3.7,0.96,-0.44,,,10.27,1971080,1.06,,99.5242,,9.37,8.23,6.29678,-7.6608,-0.92,-1.87,-1.74,2026-08-07T00:00:00,1987-09-23T00:00:00,9/23/1987,559353600,2026-07-14T00:00:00
80,BWG,-0.0984,11.11111,12.32349,0.08,4.97,13,Morningstar US CEF Global Income,54,"Franklin Templeton Fund Adviser, LLC",True,7.79,0.03,8.64,2026-08-07T00:00:00,10537L104,BrandywineGLOBAL â Global Inc Opp Fund,2026-08-07,XBWGX,Fixed Income - Taxable-Global Income,41.03,130.808,,Monthly,0.40321,0.08,20.0,7.6784,,,4.62,,246.042,True,False,False,False,True,False,,6.63,9.64,0.77,1.87,-0.05,-0.96,,,3.41,794130,,,,,,,8.26036,-8.32813,-0.96,-0.56,-0.28,2026-08-07T00:00:00,2012-03-28T00:00:00,3/28/2012,1332892800,2026-07-24T00:00:00
81,RA,-0.077,10.19438,11.04524,0.118,6.25,14,Morningstar US CEF High Yield,21,Brookfield Public Securities Group LLC,True,12.82,0.05,13.89,2026-08-07T00:00:00,112830104,Brookfield Real Assets Income Fund Inc.,2026-08-07,XRAIX,Fixed Income - Taxable-High Yield,25.31,708.365,,Monthly,0.4166,0.118,25.0,6.5568,,,3.34,,1027.26,True,False,True,False,True,False,,8.28,1.74,3.95,1.0,2.64,5.37,,,7.86,1656950,,,95.6177,,8.9,,13.03736,-9.07257,1.17,1.54,1.37,2026-08-07T00:00:00,2016-12-02T00:00:00,12/2/2016,1480636800,2026-08-06T00:00:00
82,CFND,-0.6117,,,,,10,Morningstar US CEF US Equity,23,C1 Advisors LLC,True,2.85,-0.89,7.34,2026-03-31T00:00:00,12673Q103,C1 Fund Inc.,2026-08-07,XCFNDX,Equity-U.S. Equity,,19.0,,Semi-Annually,,,10.0,,,,5.86,,48.933,False,False,False,False,True,False,,,,,,-6.02,-38.57,,,,413980,,,,,,,5.15117,-33.41541,-1.18,-2.06,-2.35,2026-08-07T00:00:00,2025-08-07T00:00:00,8/7/2025,1754524800,
83,CHY,0.0084,9.20952,9.13242,0.09999999999999999,29.64,11,Morningstar US CEF Convertibles,24,Calamos Advisors LLC,False,13.14,0.21,13.03,2026-08-07T00:00:00,12811P108,Calamos Convertible & High Income Fund,2026-08-07,XCHYX,Fixed Income - Taxable-Convertibles,31.13,1055.54,,Monthly,-0.10886,0.09999999999999999,15.0,3.4278,,,4.01,,1519.722,True,True,True,False,False,False,,16.72,14.47,6.19,5.77,18.75,16.47,,,26.77,1913520,,,110.5484,,,,11.9195,-0.8283900000000001,0.9,0.9,1.02,2026-08-07T00:00:00,2003-05-28T00:00:00,5/28/2003,1054080000,2026-07-14T00:00:00
84,CHI,0.0645,9.30612,8.74233,0.095,29.1,11,Morningstar US CEF Convertibles,24,Calamos Advisors LLC,False,13.04,0.17,12.25,2026-08-07T00:00:00,128117108,Calamos Convertible Opp Inc,2026-08-07,XCHIX,Fixed Income - Taxable-Convertibles,30.51,1052.417,,Monthly,-0.09886,0.095,15.0,3.3973,,,3.98,,1422.708,True,True,True,False,False,False,,16.51,14.96,6.09,6.53,18.55,25.46,,,34.8,1838460,,,110.6012,,,,11.49507,1.37971,2.45,1.26,1.69,2026-08-07T00:00:00,2002-06-26T00:00:00,6/26/2002,1025049600,2026-07-14T00:00:00
85,CCD,0.0574,9.52769,9.0104,0.19499999999999998,34.54,11,Morningstar US CEF Convertibles,24,Calamos Advisors LLC,False,25.97,0.49,24.56,2026-08-07T00:00:00,12811V105,Calamos Dynamic Convertible and Income,2026-08-07,XCCDX,Fixed Income - Taxable-Convertibles,28.86,742.297,,Monthly,-0.41014,0.19499999999999998,25.0,2.4364,,,4.26,,986.753,True,True,True,False,False,True,,17.95,17.39,6.36,6.39,22.06,24.67,,,32.75,847350,,,,,,,22.69941,1.64635,1.87,1.79,1.57,2026-08-07T00:00:00,2015-03-27T00:00:00,3/27/2015,1427414400,2026-07-14T00:00:00
86,CHW,-0.0983,7.61099,8.4408,0.06,22.9,25,Morningstar US CEF Global Allocation,24,Calamos Advisors LLC,False,8.53,0.06,9.46,2026-08-07T00:00:00,12811L107,Calamos Global Dynamic Income Fund,2026-08-07,XCHWX,Hybrid-Global Allocation,29.43,544.763,,Monthly,-0.03591,0.06,15.0,4.6987,,,3.85,,856.12,True,True,True,False,False,False,,18.72,20.39,7.44,3.52,16.62,16.26,,,24.92,1914970,,,,,,,7.90502,-10.31595,0.39,0.3,0.44,2026-08-07T00:00:00,2007-06-27T00:00:00,6/27/2007,1182902400,2026-07-14T00:00:00
87,CGO,-0.0898,7.45856,8.19423,0.09,23.06,25,Morningstar US CEF Global Allocation,24,Calamos Advisors LLC,False,13.18,0.13,14.48,2026-08-07T00:00:00,128118106,Calamos Global Total Return,2026-08-07,XCGOX,Hybrid-Global Allocation,29.34,129.524,,Monthly,-0.07175000000000001,0.09,15.0,4.6395,,,4.02,,201.376,True,True,False,False,False,False,,19.15,18.74,7.38,4.51,17.31,15.68,,,18.73,273810,,,,,,,12.27529,-8.79691,-0.1,1.22,1.06,2026-08-07T00:00:00,2005-10-27T00:00:00,10/27/2005,1130371200,2026-07-14T00:00:00
88,CPZ,-0.1323,10.68702,12.31672,0.13999999999999999,-3.93,5,Morningstar US CEF Global Equity,24,Calamos Advisors LLC,False,13.64,0.04,15.72,2026-08-07T00:00:00,12812C106,Calamos L/S Equity & Dynamic Inc Trust,2026-08-07,XCPZX,Equity-Global Equity,47.18,267.783,,Monthly,0.08155,0.13999999999999999,20.0,6.5068,,,4.38,,584.309,True,False,False,False,False,False,,4.5600000000000005,5.9,2.77,2.46,-0.77,-4.07,,,-8.28,763720,,,99.4283,,,,14.5757,-9.48192,-1.67,-1.05,-1.32,2026-08-07T00:00:00,2019-11-29T00:00:00,11/29/2019,1574985600,2026-07-14T00:00:00
89,CSQ,-0.0944,7.01299,7.74379,0.13499999999999998,24.06,26,Morningstar US CEF US Allocation,24,Calamos Advisors LLC,False,20.92,0.18,23.1,2026-08-07T00:00:00,128125101,Calamos Strategic Total Return,2026-08-07,XCSQX,Hybrid-U.S. Allocation,27.6,3354.933,,Monthly,-0.08754,0.13499999999999998,15.0,3.949,,,3.69,,5116.706,True,True,False,False,False,False,,21.86,18.24,12.48,10.08,12.27,9.01,,,18.0,2271370,,,,,,,19.25387,-8.16763,-0.67,0.72,0.36,2026-08-07T00:00:00,2004-03-26T00:00:00,3/26/2004,1080259200,2026-07-14T00:00:00
90,CCIF,-0.1288,22.08589,25.35211,0.06,-41.37,19,Morningstar US CEF Senior Loans,25,Carlyle Global Credit Inv Mgmt,True,2.84,0.07,3.32,2026-06-30T00:00:00,92535C104,Carlyle Credit Income Ord,2026-08-07,XCCIFX,Fixed Income - Taxable-Senior Loans,45.32,60.204,,Monthly,0.18345,0.06,8.65,8.718,,,11.36,,126.38,True,False,False,False,True,False,,-15.25,-14.2,-13.5,-10.34,-32.29,-30.71,,,-36.23,1365420,,,46.8847,,,,4.17131,-9.97082,-0.51,-0.01,-0.49,2026-08-07T00:00:00,2011-12-30T00:00:00,12/30/2011,1325203200,2026-07-21T00:00:00
91,IGR,0.0151,15.51724,15.28662,0.06,13.47,7,Morningstar US CEF Real Estate,26,CBRE Investment Management Listed Real Assets LLC,True,4.71,0.03,4.64,2026-08-07T00:00:00,12504G100,CBRE Global Real Estate Income,2026-08-07,XIGRX,Equity-Real Estate,31.75,712.81,,Monthly,0.01967,0.06,15.0,,,,3.84,,1028.945,True,False,True,False,True,False,,5.34,9.24,-2.01,0.11,13.62,16.99,,,12.84,7185430,,,,,,,4.72977,1.00432,0.23,1.37,0.67,2026-08-07T00:00:00,2004-02-18T00:00:00,2/18/2004,1077062400,2026-07-20T00:00:00
92,CET,-0.1533,0.94282,1.11351,0.31,15.81,10,Morningstar US CEF US Equity,27,Central Securities Corp,False,55.68,0.34,65.76,2026-08-07T00:00:00,155123102,Central Securities Corporation,2026-08-07,XCETX,Equity-U.S. Equity,0.32,1645.303,,Semi-Annually,0.8325400000000001,0.31,10.0,,,,0.46,,1943.16,True,True,True,False,False,False,,17.62,18.88,10.71,11.61,6.98,6.0,,,15.93,366530,,,,,,0.05,51.50492,-15.56152,0.28,0.1,0.02,2026-08-07T00:00:00,1980-07-28T00:00:00,7/28/1980,333590400,2026-06-12T00:00:00
93,EMO,-0.10679999999999999,7.56567,8.47059,0.41,27.88,6,Morningstar US CEF MLP,54,"Franklin Templeton Fund Adviser, LLC",False,51.0,-0.16,57.1,2026-08-07T00:00:00,18469P209,ClearBridge Energy Midstream Opportunity,2026-08-07,XEMOX,Equity-MLP,19.51,1019.502,,Monthly,-0.08994,0.41,20.0,,,,3.12,,1419.929,True,True,False,False,False,False,,27.25,28.84,26.38,29.9,26.31,21.49,,,20.81,611610,,,,,,,48.06667,-9.21111,-0.55,2.11,0.12,2026-08-07T00:00:00,2011-06-13T00:00:00,6/13/2011,1307923200,2026-07-24T00:00:00
94,GLV,-0.13119999999999998,9.38122,10.79809,0.0566,22.2,25,Morningstar US CEF Global Allocation,28,Clough Capital Partners L.P.,True,6.29,-0.03,7.24,2026-08-07T00:00:00,18913Y103,Clough Global Dividend and Income,2026-08-07,XGLVX,Hybrid-Global Allocation,31.92,78.057,,Monthly,0.00647,0.0566,20.0,4.8157,,,3.06,,131.977,True,True,False,False,True,False,,12.45,15.75,1.16,0.03,11.55,12.24,,,24.55,404210,,,,,14.73,12.28,6.11834,-11.88512,-1.18,-0.31,-0.78,2026-08-07T00:00:00,2004-07-28T00:00:00,7/28/2004,1090972800,2026-07-17T00:00:00
95,GLQ,-0.1052,9.29649,10.38955,0.07289999999999999,21.95,5,Morningstar US CEF Global Equity,28,Clough Capital Partners L.P.,True,8.42,0.14,9.41,2026-08-07T00:00:00,18914C100,Clough Global Equity,2026-08-07,XGLQX,Equity-Global Equity,31.79,157.775,,Monthly,-0.056870000000000004,0.07289999999999999,20.0,,,,3.41,,258.495,True,True,True,False,True,False,,17.41,21.32,0.67,-0.6,11.58,12.81,,,24.63,622070,,,,,0.06,,7.94331,-11.41221,0.85,-0.07,0.34,2026-08-07T00:00:00,2005-04-27T00:00:00,4/27/2005,1114560000,2026-07-17T00:00:00
96,GLO,-0.10279999999999999,9.603580000000001,10.70432,0.0537,15.94,25,Morningstar US CEF Global Allocation,28,Clough Capital Partners L.P.,True,6.02,0.05,6.71,2026-08-07T00:00:00,18914E106,Clough Global Opportunities,2026-08-07,XGLOX,Hybrid-Global Allocation,32.56,257.453,,Monthly,-0.0235,0.0537,20.0,4.8199000000000005,,,3.54,,425.512,True,True,True,False,True,False,,13.07,16.99,-1.98,-2.84,7.99,9.96,,,20.07,1539380,,,,,16.96,14.09,5.7935,-11.587,1.42,1.32,1.15,2026-08-07T00:00:00,2006-04-25T00:00:00,4/25/2006,1145923200,2026-07-17T00:00:00
97,FOF,-0.0058,7.58721,7.63158,0.087,17.32,26,Morningstar US CEF US Allocation,30,"Cohen &amp; Steers Capital Management, Inc.",False,13.68,0.11,13.76,2026-08-07T00:00:00,19248P106,Cohen & Steers Closed-End Opportunity,2026-08-07,XFOFX,Hybrid-U.S. Allocation,,379.945,,Monthly,0.19373,0.087,20.0,6.1386,,7.64,0.9500000000000001,,382.167,False,True,False,False,False,False,,16.76,16.55,8.12,7.74,6.72,7.66,,,14.04,620340,,,95.6359,,,,13.45809,1.41645,-1.1,-1.83,-1.23,2026-08-07T00:00:00,2006-11-20T00:00:00,11/20/2006,1163980800,2026-07-14T00:00:00
98,UTF,-0.0155,7.15835,7.27139,0.16499999999999998,17.87,8,Morningstar US CEF Sector Equity,29,Cohen &amp; Steers,False,27.23,-0.02,27.66,2026-08-07T00:00:00,19248A109,Cohen & Steers Infrastructure,2026-08-07,XUTFX,Equity-Sector Equity,28.12,3044.589,,Monthly,0.20763,0.16499999999999998,20.0,5.4498,,,3.43,,4302.667,True,True,True,False,False,False,,14.33,14.58,8.81,7.52,14.52,20.26,,,12.6,3602700,,,103.041,,7.43,,25.81015,-4.89813,1.04,1.1400000000000001,1.54,2026-08-07T00:00:00,2004-03-30T00:00:00,3/30/2004,1080604800,2026-07-14T00:00:00
99,LDP,-0.0719,7.06517,7.61259,0.131,6.6,18,Morningstar US CEF Preferreds,30,"Cohen &amp; Steers Capital Management, Inc.",False,20.65,0.1,22.25,2026-08-07T00:00:00,19248C105,Cohen & Steers Ltd Duration Pref & Inc,2026-08-07,XLDPX,Fixed Income - Taxable-Preferreds,32.74,600.486,,Monthly,0.6786800000000001,0.131,25.0,,,,3.67,,962.013,True,False,False,False,False,False,,11.21,12.31,4.27,2.41,2.15,1.55,,,3.32,620510,,,,,88.99,,21.10699,-5.6604600000000005,-1.03,-0.55,-0.44,2026-08-07T00:00:00,2012-07-27T00:00:00,7/27/2012,1343347200,2026-07-14T00:00:00
100,RQI,-0.0719,8.00593,8.6262,0.09,16.69,7,Morningstar US CEF Real Estate,29,Cohen &amp; Steers,False,12.52,-0.04,13.49,2026-08-07T00:00:00,19247L106,Cohen & Steers Qual Inc Realty,2026-08-07,XRQIX,Equity-Real Estate,26.36,1841.372,,Monthly,0.09720000000000001,0.09,15.0,4.5417000000000005,,,3.45,,2694.159,True,True,False,False,False,False,,10.57,10.66,3.92,3.48,17.69,16.05,,,12.91,4880390,,,102.1293,,7.49,,12.42477,-3.6874000000000002,-1.22,-0.42,-1.09,2026-08-07T00:00:00,2002-02-28T00:00:00,2/28/2002,1014854400,2026-07-06T00:00:00
101,RLTY,-0.08439999999999999,7.63006,8.33333,0.11,17.7,7,Morningstar US CEF Real Estate,30,"Cohen &amp; Steers Capital Management, Inc.",True,15.84,0.08,17.3,2026-08-07T00:00:00,19249Q103,Cohen & Steers Real Estate Opp & Inc Fd,2026-08-07,XRLTX,Equity-Real Estate,32.77,264.883,,Monthly,0.11394,0.11,20.0,5.2869,,,4.55,,430.298,True,True,False,False,True,False,,11.02,12.8,,,15.53,13.65,,,13.37,612770,,,104.0393,,,,15.30906,-7.03193,-0.84,0.46,-0.23,2026-08-07T00:00:00,2022-02-24T00:00:00,2/24/2022,1645660800,2026-07-14T00:00:00
102,RNP,-0.0683,7.37794,7.91849,0.13599999999999998,13.46,7,Morningstar US CEF Real Estate,30,"Cohen &amp; Steers Capital Management, Inc.",True,20.61,0.2,22.12,2026-08-07T00:00:00,19247X100,Cohen & Steers REIT & Preferred Inc Fd,2026-08-07,XRNPX,Equity-Real Estate,29.77,989.282,,Monthly,0.38016,0.13599999999999998,25.0,5.8091,,,3.37,,1511.887,True,False,False,False,True,False,,11.2,9.46,4.14,3.5,12.09,7.78,,,-0.73,1200410,,,106.003,,6.69,,20.8904,-2.29519,-1.15,-0.16,-0.88,2026-08-07T00:00:00,2003-06-27T00:00:00,6/27/2003,1056672000,2026-07-14T00:00:00
103,PSF,-0.09570000000000001,6.95812,7.69466,0.126,6.09,18,Morningstar US CEF Preferreds,29,Cohen &amp; Steers,False,19.65,0.1,21.73,2026-08-07T00:00:00,19248Y107,Cohen & Steers Select Preferred & Inc,2026-08-07,XPSFX,Fixed Income - Taxable-Preferreds,33.05,236.354,,Monthly,0.6429,0.126,25.0,7.0987,,,3.76,,390.373,True,False,False,False,False,False,,10.7,8.7,3.14,-1.51,1.6,0.34,,,1.94,373410,,,101.0886,,86.4,,20.17586,-8.09001,-1.01,-0.11,-0.36,2026-08-07T00:00:00,2010-11-24T00:00:00,11/24/2010,1290556800,2026-07-14T00:00:00
104,PTA,-0.0694,7.8554,8.44094,0.13399999999999998,5.21,18,Morningstar US CEF Preferreds,30,"Cohen &amp; Steers Capital Management, Inc.",True,19.05,0.08,20.47,2026-08-07T00:00:00,19249X108,Cohen & Steers Tax-adv Prd Sec and Inc,2026-08-07,XPTAX,Fixed Income - Taxable-Preferreds,34.84,1052.959,,Monthly,0.63166,0.13399999999999998,25.0,7.3128,,,4.36,,1736.352,True,False,False,False,True,False,,9.64,9.85,2.75,2.16,1.19,2.23,,,1.45,1367700,,,103.3882,,,,19.56603,-6.18284,-0.46,-0.6,-0.24,2026-08-07T00:00:00,2020-10-28T00:00:00,10/28/2020,1603843200,2026-07-14T00:00:00
105,RFI,-0.0301,8.02676,8.27586,0.08,13.68,7,Morningstar US CEF Real Estate,30,"Cohen &amp; Steers Capital Management, Inc.",False,11.6,0.14,11.96,2026-08-07T00:00:00,19247R103,Cohen & Steers Total Return,2026-08-07,XRFIX,Equity-Real Estate,0.04,310.285,,Monthly,0.14464,0.08,15.0,6.5819,,,0.9400000000000001,,320.04,True,True,False,False,False,False,,9.19,7.55,3.5300000000000002,1.7000000000000002,13.52,9.27,,,5.18,927060,,,,,,,11.48338,-0.6037600000000001,-0.8,1.6600000000000001,-0.2,2026-08-07T00:00:00,1993-09-27T00:00:00,9/27/1993,749088000,2026-07-14T00:00:00
106,STK,-0.06709999999999999,3.2923999999999998,3.52919,0.46249999999999997,79.59,3,Morningstar US CEF Covered Call,31,"Columbia Mgmt Investment Advisers, LLC",True,52.42,0.91,56.19,2026-08-07T00:00:00,19842X109,Columbia Seligman Premium Technology Gr,2026-08-07,XSTKX,Equity-Covered-Call Funds,,925.807,,Quarterly,-0.09022000000000001,0.46249999999999997,20.0,,,,1.12,,992.39,False,True,False,False,True,False,,35.21,28.66,21.39,19.24,43.2,36.28,,,69.75,557220,,,,,,,41.47326,-4.19442,-1.25,-0.59,-0.92,2026-08-07T00:00:00,2009-11-25T00:00:00,11/25/2009,1259107200,2026-05-18T00:00:00
107,CLM,0.158,22.36196,19.31126,0.1215,15.88,10,Morningstar US CEF US Equity,32,"Cornerstone Advisors, LLC",True,7.55,0.1,6.52,2026-08-07T00:00:00,21924B302,Cornerstone Strategic Investment Fund,2026-08-07,XCLMX,Equity-U.S. Equity,0.0,2233.03,,Monthly,0.00132,0.1215,38.52,,,,1.1,,1928.392,True,False,False,False,True,False,,18.24,14.53,12.18,11.92,6.91,-0.05,,,11.69,17681120,,,,,,,7.88195,19.94091,-1.46,-0.81,-0.98,2026-08-07T00:00:00,1987-06-23T00:00:00,6/23/1987,551404800,2026-07-15T00:00:00
108,CRF,0.1392,22.32911,19.6,0.1176,16.33,10,Morningstar US CEF US Equity,32,"Cornerstone Advisors, LLC",True,7.2,0.03,6.32,2026-08-07T00:00:00,21924U300,Cornerstone Total Return Fund,2026-08-07,XCRFX,Equity-U.S. Equity,9.5,1158.726,,Monthly,0.00372,0.1176,25.0,,,,1.13,,1017.104,True,False,False,False,True,False,,18.41,12.58,12.57,10.62,6.83,-0.26,,,10.4,11744330,,,,,,,7.5672,18.87371,-1.6400000000000001,-0.88,-1.06,2026-08-07T00:00:00,1973-05-16T00:00:00,5/16/1973,106358400,2026-07-15T00:00:00
109,CIK,-0.10619999999999999,8.79121,9.83607,0.02,0.25,14,Morningstar US CEF High Yield,107,UBS Asset Management (Americas) LLC,False,2.44,0.01,2.73,2026-08-07T00:00:00,224916106,Credit Suisse Asset Mgmt Income,2026-08-07,XCIKX,Fixed Income - Taxable-High Yield,34.9,133.843,,Monthly,0.10128000000000001,0.02,10.0,6.9218,,,3.7,,230.033,True,False,False,False,False,False,,7.02,2.25,3.8200000000000003,2.2800000000000002,-0.53,-9.59,,,-10.71,4671080,,,99.2386,,5.73,,2.7170300000000003,-3.18731,-1.79,-1.55,-1.38,2026-08-07T00:00:00,1987-03-23T00:00:00,3/23/1987,543456000,2026-06-15T00:00:00
110,DHY,-0.0984,9.63731,10.68966,0.0155,-4.91,14,Morningstar US CEF High Yield,107,UBS Asset Management (Americas) LLC,False,1.7400000000000002,0.02,1.93,2026-08-07T00:00:00,22544F103,Credit Suisse High Yield Credit,2026-08-07,XDHYX,Fixed Income - Taxable-High Yield,30.56,180.281,,Monthly,0.08308,0.0155,10.0,6.9377,,,3.62,,287.961,True,False,False,False,False,False,,5.1,6.8,2.39,2.11,-5.7,-8.04,,,-9.94,6365660,,,99.33,,5.73,,1.93525,-6.26091,-1.16,-0.19,-0.44,2026-08-07T00:00:00,1998-07-31T00:00:00,7/31/1998,901843200,2026-06-15T00:00:00
111,DXYZ,0.2964,,,,188.58,8,Morningstar US CEF Sector Equity,34,Destiny Advisors LLC,True,25.89,-5.73,19.97,2025-12-31T00:00:00,25063F107,Destiny Tech100 Inc,2026-08-07,DXYZ,Equity-Sector Equity,,568.967,,Monthly,-0.33773000000000003,,,,,,4.53,,438.867,False,False,False,False,True,False,,,,,,0.0,-25.27,,,-22.93,19323200,,,,,,,29.85057,124.72515,-1.07,-0.67,-0.63,2026-08-07T00:00:00,2024-03-26T00:00:00,3/26/2024,1711411200,
112,DMA,-0.1628,14.85149,17.73982,0.11249999999999999,-1.87,26,Morningstar US CEF US Allocation,35,Destra Capital Advisors LLC,True,7.61,-0.03,9.09,2026-08-07T00:00:00,25065A502,Destra Multi-Alternative,2026-08-07,XDMAX,Hybrid-U.S. Allocation,10.83,68.21,,Monthly,0.19305,0.11249999999999999,,,,,3.29,,91.376,True,False,False,False,True,False,,0.26,23.82,-0.8300000000000001,,-4.34,-7.43,,,0.12,278760,,,,,0.11,,8.30183,-14.607050000000001,-0.67,0.04,-0.27,2026-08-07T00:00:00,2022-01-13T00:00:00,1/13/2022,1642032000,2026-07-21T00:00:00
113,DNP,0.1267,8.09969,7.18894,0.065,13.94,8,Morningstar US CEF Sector Equity,39,Duff &amp; Phelps Inv Mgmt Co (IL),True,10.85,0.11,9.63,2026-08-07T00:00:00,23325P104,DNP Select Income,2026-08-07,XDNPX,Equity-Sector Equity,23.25,4110.008,,Monthly,0.10944,0.065,10.0,5.6735,,,2.5300000000000002,,4752.72,True,True,True,False,True,False,,14.34,10.8,9.25,8.67,11.75,12.52,,,18.78,5870180,,,,,7.33,5.71,10.31805,6.18324,2.16,2.63,2.0,2026-08-07T00:00:00,1987-01-21T00:00:00,1/21/1987,538185600,2026-07-31T00:00:00
114,DSL,-0.0582,11.46829,12.17712,0.11,4.18,13,Morningstar US CEF Global Income,37,DoubleLine Capital LP,False,10.84,0.14,11.51,2026-08-07T00:00:00,258622109,DoubleLine Income Solutions Fund,2026-08-07,XDSLX,Fixed Income - Taxable-Global Income,23.5,1241.951,,Monthly,0.47242,0.11,25.0,7.5984,,,2.98,,1723.713,True,False,False,False,False,False,,9.51,6.98,1.17,0.47000000000000003,2.52,1.47,,,-1.3900000000000001,5554150,,,92.0647,,,,11.37187,-4.03756,-0.85,-0.22,-0.65,2026-08-07T00:00:00,2013-04-26T00:00:00,4/26/2013,1366934400,2026-07-15T00:00:00
115,DBL,-0.0315,9.02873,9.32203,0.11,3.76,17,Morningstar US CEF Multi-Sector,36,DoubleLine,False,14.16,0.01,14.62,2026-08-07T00:00:00,258623107,Doubleline Opportunistic Cred,2026-08-07,XDBLX,Fixed Income - Taxable-Multi-Sector,7.96,279.971,,Monthly,0.46533,0.11,25.0,6.3207,,,2.02,,314.066,True,False,False,False,False,False,,9.24,8.32,2.51,1.6600000000000001,1.63,-2.95,,,0.6,648710,,,84.4462,,,,14.91201,-0.69781,-1.45,-0.93,-0.93,2026-08-07T00:00:00,2012-01-26T00:00:00,1/26/2012,1327536000,2026-07-15T00:00:00
116,DLY,-0.062,9.24356,9.85503,0.1167,4.19,17,Morningstar US CEF Multi-Sector,37,DoubleLine Capital LP,True,14.21,0.14,15.15,2026-08-07T00:00:00,25862D105,DoubleLine Yield Opportunities Fund,2026-08-07,XDLYX,Fixed Income - Taxable-Multi-Sector,15.99,689.745,,Monthly,0.62071,0.1167,20.0,7.4846,,,2.89,,875.372,True,False,True,False,True,False,,8.71,8.89,2.7199999999999998,2.26,1.76,2.38,,,0.59,2061480,,,95.3595,,,,14.51724,-6.29149,0.05,2.03,0.74,2026-08-07T00:00:00,2020-02-25T00:00:00,2/25/2020,1582588800,2026-07-15T00:00:00
117,DTF,-0.0371,3.25271,3.37809,0.0325,2.16,21,Morningstar US CEF Municipal,38,Duff &amp; Phelps,False,11.545,0.08,11.99,2026-08-07T00:00:00,23334J107,DTF Tax-Free Income 2028 Term,2026-08-07,XDTFX,Fixed Income - Municipal-Municipal,32.16,81.156,,Monthly,0.13742000000000001,0.0325,15.0,4.9315,,,1.08,,84.285,True,True,True,False,False,False,,2.08,4.69,-2.69,-1.63,0.64,2.0,,,5.27,75420,,,104.7125,,8.11,2.2,11.41061,-5.70087,2.18,1.88,2.12,2026-08-07T00:00:00,1991-11-29T00:00:00,11/29/1991,691372800,2026-07-15T00:00:00
118,DPG,-0.08990000000000001,5.62149,6.17708,0.075,24.39,8,Morningstar US CEF Sector Equity,39,Duff &amp; Phelps Inv Mgmt Co (IL),True,14.57,0.09,16.01,2026-08-07T00:00:00,26433C105,Duff & Phelps Utility and Infra Fund Inc,2026-08-07,XDPGX,Equity-Sector Equity,21.71,524.478,,Monthly,0.045200000000000004,0.075,20.0,,,,3.34,,736.123,True,True,True,False,True,False,,19.98,21.78,12.33,9.6,17.54,17.89,,,24.15,739000,,,,,,,13.72396,-10.52277,1.35,2.25,2.64,2026-08-07T00:00:00,2011-07-29T00:00:00,7/29/2011,1311897600,2026-07-31T00:00:00
119,KTF,-0.0088,8.07947,8.15145,0.061,9.73,21,Morningstar US CEF Municipal,41,"DWS Investment Management Americas, Inc.",False,8.98,0.04,9.06,2026-08-07T00:00:00,233368109,DWS Municipal Income,2026-08-07,XKTFX,Fixed Income - Municipal-Municipal,36.61,351.87,,Monthly,0.19611,0.061,12.0,4.8872,,15.48,3.14,,560.004,True,False,True,False,False,False,,2.74,7.74,-1.83,-0.89,0.8200000000000001,1.83,,,11.99,1321980,,,98.2903,,14.69,9.95,9.09227,-1.80835,0.97,0.01,0.36,2026-08-07T00:00:00,1988-10-20T00:00:00,10/20/1988,593308800,2026-07-22T00:00:00
120,GRF,-0.16440000000000002,6.78372,8.11843,0.85,9.26,10,Morningstar US CEF US Equity,98,Sims Capital Management LLC,False,10.47,-0.11,12.53,2026-08-07T00:00:00,269451100,Eagle Capital Growth,2026-08-07,XGRFX,Equity-U.S. Equity,,41.543,,Annually,0.04519,0.85,10.0,,,,1.28,,49.717,False,True,False,False,False,False,,9.79,10.75,8.04,9.55,3.85,-5.79,,,9.62,29030,,,,,,,10.44856,-13.24453,-0.89,-0.05,-0.77,2026-08-07T00:00:00,1990-07-02T00:00:00,7/2/1990,646876800,2025-11-21T00:00:00
121,ECC,-0.1261,16.21622,18.5567,0.06,-25.04,19,Morningstar US CEF Senior Loans,42,Eagle Point Credit Management,False,3.88,0.18,4.5,2026-06-30T00:00:00,269808101,Eagle Point Credit Company LLC,2026-08-07,XECCX,Fixed Income - Taxable-Senior Loans,40.03,511.423,,Monthly,0.61938,0.06,20.0,,,,9.21,,975.843,True,False,False,False,False,False,,-1.58,-9.83,-0.14,-3.34,-11.18,-22.04,,,-27.07,15170940,,,,,,,5.09713,-8.49199,-0.51,0.32,0.1,2026-08-07T00:00:00,2014-10-08T00:00:00,10/8/2014,1412726400,2026-07-13T00:00:00
122,EIC,-0.1957,10.62802,13.21321,0.11,-4.0,14,Morningstar US CEF High Yield,43,Eagle Point Income Management LLC,False,9.99,-0.11,12.53,2026-06-30T00:00:00,269817102,Eagle Point Income Co Inc,2026-08-07,XEICX,Fixed Income - Taxable-High Yield,34.18,234.101,,Monthly,,0.11,19.89,10.1647,,,6.36,,442.186,True,False,False,False,False,False,,12.2,5.03,6.53,3.33,-0.85,-5.78,,,-12.73,1566560,,,87.475,,,,11.10339,-15.71631,-0.7000000000000001,-0.8200000000000001,-0.07,2026-08-07T00:00:00,2019-07-23T00:00:00,7/23/2019,1563840000,2026-07-13T00:00:00
123,CEV,-0.0482,5.45455,5.73066,0.049999999999999996,10.24,22,Morningstar US CEF Municipal-CA,45,Eaton Vance Management,False,10.47,0.21,11.0,2026-08-07T00:00:00,27826F101,Eaton Vance CA Muni Inc,2026-08-07,XCEVX,Fixed Income - Municipal-Municipal - CA,32.74,73.642,0.02,Monthly,0.23213,0.049999999999999996,15.0,6.8647,,,2.48,,115.036,True,True,True,False,False,False,,2.6,5.21,-1.6800000000000002,-1.48,1.16,3.5300000000000002,,,12.75,298750,3.0,,101.3992,,,9.77,10.21733,-7.50401,1.7000000000000002,1.99,1.5,2026-08-07T00:00:00,1999-01-29T00:00:00,1/29/1999,917568000,2026-07-14T00:00:00
124,EOI,-0.0706,7.4059,7.96824,0.1338,9.22,3,Morningstar US CEF Covered Call,45,Eaton Vance Management,True,20.15,0.13,21.68,2026-08-07T00:00:00,278274105,Eaton Vance Enhanced Equity Income,2026-08-07,XEOIX,Equity-Covered-Call Funds,,826.185,,Monthly,-0.04159,0.1338,20.0,,,,1.1,,888.918,False,False,False,False,True,False,,16.51,14.47,10.75,9.71,4.48,0.75,,,2.05,792840,,,,,,,20.18632,-3.374,-1.25,-0.41000000000000003,-0.93,2026-08-07T00:00:00,2004-10-26T00:00:00,10/26/2004,1098748800,2026-07-15T00:00:00
125,EOS,-0.1007,7.45351,8.28844,0.1523,5.53,3,Morningstar US CEF Covered Call,44,Eaton Vance,True,22.05,0.19,24.52,2026-08-07T00:00:00,278277108,Eaton Vance Enhanced Equity Income II,2026-08-07,XEOSX,Equity-Covered-Call Funds,,1175.618,,Monthly,-0.07293,0.1523,20.0,,,,1.09,,1307.309,False,False,False,False,True,False,,15.86,13.76,8.35,6.41,1.02,-4.66,,,-4.54,1154730,,,,,,,22.58643,-6.39609,-1.24,-1.07,-1.32,2026-08-07T00:00:00,2005-01-26T00:00:00,1/26/2005,1106697600,2026-07-15T00:00:00
126,EFT,-0.0967,6.8,7.52768,0.06799999999999999,1.03,19,Morningstar US CEF Senior Loans,45,Eaton Vance Management,False,10.84,-0.01,12.0,2026-08-07T00:00:00,278279104,Eaton Vance Floating-Rate Income,2026-08-07,XEFTX,Fixed Income - Taxable-Senior Loans,31.55,288.106,,Monthly,0.42226,0.06799999999999999,20.0,6.8036,,,4.45,,465.937,True,False,False,False,False,False,,6.3,5.79,4.94,3.06,-0.13,-2.05,,,-6.55,1086330,,,,,,,11.21916,-8.99571,-0.37,1.11,0.5,2026-08-07T00:00:00,2004-06-29T00:00:00,6/29/2004,1088467200,2026-07-15T00:00:00
127,EVV,-0.0814,8.29394,9.02919,0.0696,3.46,16,Morningstar US CEF Limited Duration,44,Eaton Vance,False,9.25,0.05,10.07,2026-08-07T00:00:00,27828H105,Eaton Vance Limited Duration Income,2026-08-07,XEVVX,Fixed Income - Taxable-Limited Duration,40.64,1074.882,,Monthly,0.31291,0.0696,20.0,6.6631,,0.0,4.04,,1971.32,True,False,False,False,False,False,,7.38,8.15,3.22,2.33,-0.09,-3.22,,,-1.51,3172360,,,97.9783,,,,9.73827,-5.91345,-1.16,0.03,-0.52,2026-08-07T00:00:00,2003-05-30T00:00:00,5/30/2003,1054252800,2026-07-14T00:00:00
128,EIM,-0.0707,5.82792,6.2716,0.0508,7.58,21,Morningstar US CEF Municipal,45,Eaton Vance Management,False,9.72,0.09,10.46,2026-08-07T00:00:00,27827X101,Eaton Vance Municipal Bond,2026-08-07,XEIMX,Fixed Income - Municipal-Municipal,30.5,499.342,0.030000000000000002,Monthly,0.24144000000000002,0.0508,15.0,6.6154,,,2.88,,773.203,True,False,False,False,False,False,,2.0,4.35,-1.6600000000000001,-2.18,0.6900000000000001,1.85,,,6.14,1556300,7.0,,104.6316,,,8.07,9.85049,-6.94876,-0.11,-0.12,-0.25,2026-08-07T00:00:00,2002-08-30T00:00:00,8/30/2002,1030665600,2026-07-15T00:00:00
129,EVN,-0.0019,5.75327,5.76404,0.0513,8.54,21,Morningstar US CEF Municipal,44,Eaton Vance,False,10.68,0.12,10.7,2026-08-07T00:00:00,27826U108,Eaton Vance Municipal Income,2026-08-07,XEVNX,Fixed Income - Municipal-Municipal,33.8,426.376,0.045,Monthly,0.26558,0.0513,15.0,7.2679,,,2.46,,645.327,True,False,False,False,False,False,,3.29,7.19,-1.38,-1.16,1.56,-0.36,,,5.38,794000,7.0,,102.7977,,,7.67,10.81086,0.46790000000000004,-0.38,-0.48,0.0,2026-08-07T00:00:00,1999-01-29T00:00:00,1/29/1999,917568000,2026-07-14T00:00:00
130,EOT,-0.028300000000000002,4.54576,4.67808,0.0683,8.21,21,Morningstar US CEF Municipal,45,Eaton Vance Management,False,17.52,0.02,18.03,2026-08-07T00:00:00,27829L105,Eaton Vance National Municipal Opprs Tr,2026-08-07,XEOTX,Fixed Income - Municipal-Municipal,12.51,273.749,0.099,Monthly,0.41933000000000004,0.0683,20.0,5.6835,,,1.25,,322.015,True,True,True,False,False,False,,3.77,4.59,-0.36,-1.32,1.48,5.1,,,13.17,380580,20.0,,98.0285,,,9.17,17.0101,-5.80492,1.6600000000000001,1.6099999999999999,1.43,2026-08-07T00:00:00,2009-05-27T00:00:00,5/27/2009,1243382400,2026-07-15T00:00:00
131,ETJ,-0.0857,8.36403,9.14754,0.06509999999999999,2.55,3,Morningstar US CEF Covered Call,45,Eaton Vance Management,True,8.54,0.04,9.34,2026-08-07T00:00:00,27829G106,Eaton Vance Risk-Mgd Divers Eq Inc,2026-08-07,XETJX,Equity-Covered-Call Funds,,574.757,,Monthly,-0.01834,0.06509999999999999,20.0,,,,1.12,,628.599,False,False,True,False,True,False,,10.88,9.95,6.35,2.98,-0.32,0.8200000000000001,,,2.83,1336320,,,,,,,8.64845,-8.73914,0.2,0.41000000000000003,0.33,2026-08-07T00:00:00,2007-07-31T00:00:00,7/31/2007,1185840000,2026-07-15T00:00:00
132,EFR,-0.096,7.07666,7.82852,0.06999999999999999,1.78,19,Morningstar US CEF Senior Loans,45,Eaton Vance Management,False,10.73,0.05,11.87,2026-08-07T00:00:00,27828Q105,Eaton Vance Senior Floating Rate,2026-08-07,XEFRX,Fixed Income - Taxable-Senior Loans,31.06,316.788,,Monthly,0.42058,0.06999999999999999,20.0,6.8496,,4.83,3.26,,508.35,True,False,True,False,False,False,,6.35,5.06,5.05,3.66,0.48,-0.63,,,-3.65,1459580,,,,,,,10.948550000000001,-9.6362,0.02,2.15,1.3,2026-08-07T00:00:00,2003-11-24T00:00:00,11/24/2003,1069632000,2026-07-15T00:00:00
133,EVF,-0.1186,6.79646,7.71084,0.032,1.97,19,Morningstar US CEF Senior Loans,45,Eaton Vance Management,False,4.98,0.0,5.65,2026-08-07T00:00:00,27826S103,Eaton Vance Senior Income,2026-08-07,XEVFX,Fixed Income - Taxable-Senior Loans,35.95,90.488,,Monthly,0.22784000000000001,0.032,10.0,6.8782,,,2.89,,160.279,True,False,False,False,False,False,,6.53,6.21,4.95,3.44,0.64,-1.04,,,-3.7800000000000002,812370,,,,,,,5.20833,-9.69548,-1.07,0.17,-0.41000000000000003,2026-08-07T00:00:00,1998-10-30T00:00:00,10/30/1998,909705600,2026-07-14T00:00:00
134,EVG,-0.0501,7.86392,8.27898,0.0732,6.59,16,Morningstar US CEF Limited Duration,45,Eaton Vance Management,True,10.61,0.06,11.17,2026-08-07T00:00:00,27828V104,Eaton Vance Short Duration Divers Inc,2026-08-07,XEVGX,Fixed Income - Taxable-Limited Duration,12.26,142.778,,Monthly,0.30311,0.0732,20.0,5.7273,,,2.77,,171.314,True,False,False,False,True,False,,9.52,10.48,4.99,4.52,2.15,0.97,,,3.01,368660,,,97.5071,,,,10.92235,-3.28426,-1.12,-1.32,-0.9500000000000001,2026-08-07T00:00:00,2005-02-28T00:00:00,2/28/2005,1109548800,2026-07-15T00:00:00
135,ETG,-0.098,5.7616,6.38781,0.1293,28.98,5,Morningstar US CEF Global Equity,45,Eaton Vance Management,False,24.29,0.19,26.93,2026-08-07T00:00:00,27828S101,Eaton Vance Tax Adv Global Dividend Inc,2026-08-07,XETGX,Equity-Global Equity,15.26,1853.859,,Monthly,0.39383,0.1293,20.0,7.0327,,,2.2800000000000002,,2425.349,True,True,False,False,False,False,,18.73,19.66,10.8,10.91,13.43,6.38,,,22.16,1099410,,,,,3.76,,22.18582,-7.11686,-1.24,-0.48,-0.58,2026-08-07T00:00:00,2004-01-30T00:00:00,1/30/2004,1075420800,2026-07-15T00:00:00
136,EVT,-0.0677,6.3634,6.82516,0.1646,25.74,26,Morningstar US CEF US Allocation,45,Eaton Vance Management,True,28.94,0.2,31.04,2026-08-07T00:00:00,27828G107,Eaton Vance Tax Advantaged Dividend Inc,2026-08-07,,Hybrid-U.S. Allocation,16.19,2157.268,,Monthly,0.12479,0.1646,20.0,7.0577,,,2.27,,2760.808,True,True,True,False,True,False,,15.39,15.03,9.68,8.76,16.62,16.8,,,27.03,1032400,,,,,4.98,,25.47843,-8.58616,1.9500000000000002,2.31,1.92,2026-08-07T00:00:00,2003-09-30T00:00:00,9/30/2003,1064880000,2026-07-15T00:00:00
137,ETO,-0.1074,5.84814,6.55198,0.17329999999999998,26.77,25,Morningstar US CEF Global Allocation,45,Eaton Vance Management,True,31.74,0.31,35.56,2026-08-07T00:00:00,27828U106,Eaton Vance Tax-Advantaged Glbl Div Opp,2026-08-07,XETOX,Hybrid-Global Allocation,15.02,520.16,,Monthly,0.64905,0.17329999999999998,20.0,7.1088000000000005,,,2.26,,685.762,True,True,False,False,True,False,,17.82,18.07,9.92,8.9,12.25,6.07,,,21.19,319980,,,,,3.63,,29.09066,-8.80772,-1.5,-1.16,-1.06,2026-08-07T00:00:00,2004-04-30T00:00:00,4/30/2004,1083283200,2026-07-15T00:00:00
138,ETB,-0.0942,7.3814,8.14891,0.10579999999999999,18.28,3,Morningstar US CEF Covered Call,45,Eaton Vance Management,True,15.58,0.06,17.2,2026-08-07T00:00:00,27828X100,Eaton Vance Tax-Managed Buy-Write Income,2026-08-07,XETBX,Equity-Covered-Call Funds,,457.658,,Monthly,0.01037,0.10579999999999999,20.0,,,,1.12,,505.245,False,True,False,False,True,False,,14.57,13.31,10.0,7.55,8.43,6.28,,,15.87,522980,,,,,,,15.17728,-7.09528,-2.44,-2.09,-2.02,2026-08-07T00:00:00,2005-04-27T00:00:00,4/27/2005,1114560000,2026-07-15T00:00:00
139,ETV,-0.0662,7.3692,7.89139,0.0993,15.77,3,Morningstar US CEF Covered Call,45,Eaton Vance Management,True,15.1,0.13,16.17,2026-08-07T00:00:00,27828Y108,Eaton Vance Tax-Managed Buy-Write Opp,2026-08-07,XETVX,Equity-Covered-Call Funds,,1762.994,,Monthly,0.00105,0.0993,20.0,,,,1.08,,1887.921,False,True,True,False,True,False,,14.55,12.82,8.89,6.75,5.05,7.06,,,15.47,1792490,,,,,,,14.40967,-7.14765,0.52,-0.14,0.33,2026-08-07T00:00:00,2005-06-27T00:00:00,6/27/2005,1119830400,2026-07-15T00:00:00
140,ETY,-0.0895,7.39838,8.1256,0.0992,10.21,3,Morningstar US CEF Covered Call,45,Eaton Vance Management,True,14.65,0.1,16.09,2026-08-07T00:00:00,27828N102,Eaton Vance Tax-Managed Divrs Equity Inc,2026-08-07,XETYX,Equity-Covered-Call Funds,,2333.461,,Monthly,-0.02538,0.0992,20.0,,,,1.06,,2562.825,False,False,False,False,True,False,,16.46,13.8,11.11,8.78,5.11,-1.5899999999999999,,,-0.64,2285020,,,,,,,15.03163,-2.99566,-1.74,-1.6,-1.78,2026-08-07T00:00:00,2006-11-27T00:00:00,11/27/2006,1164585600,2026-07-15T00:00:00
141,EXG,-0.0851,7.21317,7.884,0.0657,24.9,3,Morningstar US CEF Covered Call,45,Eaton Vance Management,True,10.0,0.06,10.93,2026-08-07T00:00:00,27829F108,Eaton Vance Tax-Mgd Glb Divrs Equity Inc,2026-08-07,XEXGX,Equity-Covered-Call Funds,,3059.36,,Monthly,0.03165,0.0657,20.0,,,,1.07,,3343.881,False,True,False,False,True,False,,15.26,16.59,9.33,8.45,11.2,7.73,,,21.67,4590840,,,,,,,9.30793,-6.65634,-1.46,-0.73,-0.89,2026-08-07T00:00:00,2007-02-23T00:00:00,2/23/2007,1172188800,2026-07-15T00:00:00
142,ETW,-0.10980000000000001,7.29003,8.18911,0.0664,21.94,3,Morningstar US CEF Covered Call,44,Eaton Vance,True,9.73,0.1,10.93,2026-08-07T00:00:00,27829C105,Eaton Vance Tx-Mgd Glbl Buy-Write Opp,2026-08-07,XETWX,Equity-Covered-Call Funds,,1056.656,,Monthly,0.01102,0.0664,20.0,,,,1.1,,1186.974,False,True,False,False,True,False,,14.12,14.5,8.19,6.17,9.05,8.4,,,19.59,3121650,,,,,,,9.2146,-9.96932,-1.08,-0.12,-0.72,2026-08-07T00:00:00,2005-09-28T00:00:00,9/28/2005,1127865600,2026-07-15T00:00:00
143,EARN,0.1671,25.46419,21.81818,0.08,-24.3,19,Morningstar US CEF Senior Loans,46,Ellington Credit Co Management LLC,True,4.4,-0.03,4.09,2026-03-31T00:00:00,288578107,Ellington Credit Company,2026-08-07,EARN,Fixed Income - Taxable-Senior Loans,,165.35,,Monthly,,0.08,5.5,,,,8.65,,141.675,False,False,True,False,True,False,,,-8.39,,-12.85,-17.79,-6.77,,,-9.51,3975490,,,,,,,5.03011,-2.73686,1.53,0.11,0.88,2026-08-07T00:00:00,2025-04-01T00:00:00,4/1/2025,1743465600,2026-07-31T00:00:00
144,ECF,-0.1301,5.245,6.02935,0.19,23.15,11,Morningstar US CEF Convertibles,60,Gabelli Funds LLC,False,12.605,0.16,14.49,2026-08-07T00:00:00,289074106,Ellsworth Growth and Income Fund,2026-08-07,XECFX,Fixed Income - Taxable-Convertibles,13.28,172.158,,Quarterly,0.01679,0.19,10.0,2.3543,,,1.22,,228.208,True,True,False,False,False,False,,18.15,19.14,5.15,4.07,12.48,7.9,,,24.87,321350,,,,,52.2,,12.05929,-10.72793,-1.4,-1.5899999999999999,-1.31,2026-08-07T00:00:00,1986-06-20T00:00:00,6/20/1986,519609600,2026-06-15T00:00:00
145,EEA,-0.146,3.34449,3.9163,0.21989999999999998,16.97,5,Morningstar US CEF Global Equity,40,DWS,False,11.23,0.07,13.15,2026-08-07T00:00:00,298768102,European Equity Fund,2026-08-07,XEEAX,Equity-Global Equity,0.32,75.53,,Semi-Annually,0.00941,0.21989999999999998,10.0,,,,1.42,,88.443,True,True,False,False,False,False,,11.39,12.43,6.04,7.15,9.95,9.21,,,19.6,296990,,,,,,,10.68047,-13.89082,-0.45,0.89,0.4,2026-08-07T00:00:00,1986-07-23T00:00:00,7/23/1986,522460800,2026-05-26T00:00:00
146,ETX,0.0059,5.16456,5.13428,0.07819999999999999,3.12,21,Morningstar US CEF Municipal,45,Eaton Vance Management,False,18.27715,0.01,18.17,2026-08-07T00:00:00,27829U105,EV Municipal Income 2028 Term Trust,2026-08-07,XETTX,Fixed Income - Municipal-Municipal,3.26,199.149,0.17300000000000001,Monthly,0.34061,0.07819999999999999,20.0,4.4384,,,0.89,,204.651,True,False,False,False,False,True,,3.52,6.11,0.76,-0.33,1.13,0.2,,,5.11,183420,2.0,,101.174,,,2.12,18.8733,2.5319700000000003,-1.44,-1.65,-1.54,2026-08-07T00:00:00,2013-03-26T00:00:00,3/26/2013,1364256000,2026-07-15T00:00:00
147,FMN,-0.0895,4.39382,4.82574,0.045,8.67,21,Morningstar US CEF Municipal,47,Federated Advisers,False,11.19,0.12,12.29,2026-08-07T00:00:00,31423P108,Federated Premier Municipal Income,2026-08-07,XFMNX,Fixed Income - Municipal-Municipal,37.38,87.491,,Monthly,0.27121,0.045,15.0,5.0469,,,3.7,,153.442,True,True,True,False,False,False,,3.38,5.91,-1.51,-2.55,0.35000000000000003,2.77,,,10.56,268430,15.72,,103.46340000000001,,14.59,8.69,11.11498,-10.23957,1.5,0.68,1.09,2026-08-07T00:00:00,2002-12-20T00:00:00,12/20/2002,1040342400,2026-07-23T00:00:00
148,FFA,-0.1016,5.96383,6.63812,0.38749999999999996,22.4,3,Morningstar US CEF Covered Call,49,First Trust Advisors L.P.,True,23.35,0.14,25.99,2026-08-07T00:00:00,337318109,First Trust Enhanced Equity Income,2026-08-07,XFFAX,Equity-Covered-Call Funds,,466.722,,Quarterly,0.03341,0.38749999999999996,20.0,,,,1.12,,519.49,False,True,False,False,True,False,,17.96,15.03,11.34,9.37,9.69,6.13,,,16.11,256840,,,,,,,21.81253,-8.62477,-1.02,-0.26,-0.74,2026-08-07T00:00:00,2004-08-26T00:00:00,8/26/2004,1093478400,2026-06-22T00:00:00
149,FTHY,-0.0259,10.79137,11.07829,0.125,2.64,14,Morningstar US CEF High Yield,49,First Trust Advisors L.P.,True,13.54,0.04,13.9,2026-08-07T00:00:00,33741Q107,FIRST TRUST HY OPPORTUNITIES 2027 Term,2026-08-07,XFTHYX,Fixed Income - Taxable-High Yield,26.36,497.906,,Monthly,0.42555,0.125,20.0,6.43,,,3.5,,694.145,True,False,True,False,True,True,,6.53,10.37,1.55,2.62,-0.84,3.22,,,3.75,1011150,,,98.6569,,,,13.93385,-4.21456,1.51,1.08,1.52,2026-08-07T00:00:00,2020-06-25T00:00:00,6/25/2020,1593043200,2026-08-03T00:00:00
150,FPF,-0.0621,8.75796,9.33786,0.13749999999999998,5.68,18,Morningstar US CEF Preferreds,49,First Trust Advisors L.P.,False,17.67,0.12,18.84,2026-08-07T00:00:00,33718W103,First Trust Inter Dur Pref & Income Fund,2026-08-07,XFPFX,Fixed Income - Taxable-Preferreds,36.29,1075.181,,Monthly,0.64279,0.13749999999999998,25.0,7.3995,,,4.2,,1799.315,True,False,False,False,False,False,,10.91,13.58,2.22,0.7000000000000001,-0.2,-1.08,,,1.92,1202450,,,101.3111,,5.93,,18.5346,-5.05379,-0.8,-0.71,-0.7000000000000001,2026-08-07T00:00:00,2013-05-23T00:00:00,5/23/2013,1369267200,2026-08-03T00:00:00
151,FMY,-0.07150000000000001,6.2701,6.7532499999999995,0.065,4.38,15,Morningstar US CEF Investment Grade,49,First Trust Advisors L.P.,False,11.55,0.11,12.44,2026-08-07T00:00:00,33734E103,First Trust Mortgage Income,2026-08-07,XFMYX,Fixed Income - Taxable-Investment Grade,7.11,48.661,,Monthly,0.16028,0.065,20.0,5.027,,,1.4,,52.411,True,False,False,False,False,False,,7.43,7.99,3.62,3.04,0.3,-1.11,,,1.19,64090,,,90.346,,,,11.95705,-6.05587,-0.88,-0.1,-0.46,2026-08-07T00:00:00,2005-05-25T00:00:00,5/25/2005,1116979200,2026-08-03T00:00:00
152,FCT,-0.0031,10.05773,10.08893,0.0813,2.98,19,Morningstar US CEF Senior Loans,49,First Trust Advisors L.P.,False,9.67,0.02,9.7,2026-08-07T00:00:00,33733U108,First Trust Senior FR Inc II,2026-08-07,XFCTX,Fixed Income - Taxable-Senior Loans,13.7,251.259,,Monthly,0.3093,0.0813,20.0,6.8101,,,2.02,,292.039,True,False,True,False,False,False,,6.53,10.57,4.76,5.53,0.38,2.55,,,5.8100000000000005,1229220,,,,,,,9.78989,-2.90775,1.18,1.55,1.33,2026-08-07T00:00:00,2004-05-25T00:00:00,5/25/2004,1085443200,2026-07-01T00:00:00
153,DFP,-0.0693,6.94991,7.46756,0.1314,5.73,18,Morningstar US CEF Preferreds,51,Flaherty &amp; Crumrine Inc,False,20.81,0.13,22.36,2026-08-07T00:00:00,33848W106,Flah & Crum Dynamic Pref & Income Fund,2026-08-07,XDFPX,Fixed Income - Taxable-Preferreds,37.56,427.399,,Monthly,0.77839,0.1314,25.0,7.3869,,,4.3,,735.533,True,False,True,False,False,False,,10.69,12.1,2.64,0.32,1.27,4.35,,,7.8100000000000005,560680,,,102.9091,,7.14,,21.04547,-7.22593,0.21,1.07,0.47000000000000003,2026-08-07T00:00:00,2013-05-24T00:00:00,5/24/2013,1369353600,2026-07-24T00:00:00
154,FFC,-0.0613,7.11394,7.5785599999999995,0.1046,6.09,18,Morningstar US CEF Preferreds,51,Flaherty &amp; Crumrine Inc,False,16.23,0.1,17.29,2026-08-07T00:00:00,338478100,Flah&Crum Preferred Securities,2026-08-07,XFFCX,Fixed Income - Taxable-Preferreds,37.6,781.927,,Monthly,0.624,0.1046,25.0,7.3168,,,4.1,,1334.996,True,False,True,False,False,False,,11.02,13.4,2.58,0.18,1.44,2.1,,,6.45,1078790,,,102.3775,,7.28,,16.33416,-6.8783,0.5700000000000001,1.37,1.19,2026-08-07T00:00:00,2003-01-31T00:00:00,1/31/2003,1043971200,2026-07-24T00:00:00
155,FLC,-0.09539999999999998,6.77305,7.48749,0.10669999999999999,5.71,18,Morningstar US CEF Preferreds,51,Flaherty &amp; Crumrine Inc,False,16.78,0.06,18.55,2026-08-07T00:00:00,338479108,Flah&Crum Total Return Fund,2026-08-07,XFLCX,Fixed Income - Taxable-Preferreds,37.92,175.465,,Monthly,0.629,0.10669999999999999,25.0,7.4035,,,4.5600000000000005,,312.474,True,False,False,False,False,False,,10.61,12.43,2.33,-0.07,1.17,-0.53,,,4.93,232350,,,103.068,,7.57,,17.2716,-8.26977,-1.04,0.42,-0.5,2026-08-07T00:00:00,2003-08-29T00:00:00,8/29/2003,1062115200,2026-07-24T00:00:00
156,PFD,-0.08289999999999999,6.657,7.259,0.0703,5.5600000000000005,18,Morningstar US CEF Preferreds,50,Flaherty &amp; Crumrine,False,11.39,0.06,12.42,2026-08-07T00:00:00,338480106,Flaherty & Crumrine Preferred Income,2026-08-07,XPFDX,Fixed Income - Taxable-Preferreds,36.33,146.391,,Monthly,0.41405000000000003,0.0703,15.0,7.2969,,,4.31,,250.729,True,False,False,False,False,False,,10.34,11.17,2.44,-1.01,1.33,-0.62,,,6.95,278700,,,103.0638,,7.33,,11.65953,-7.40207,-0.79,-0.53,-0.42,2026-08-07T00:00:00,1991-01-31T00:00:00,1/31/1991,665280000,2026-07-24T00:00:00
157,PFO,-0.0987,6.58638,7.30778,0.0567,5.65,18,Morningstar US CEF Preferreds,51,Flaherty &amp; Crumrine Inc,False,9.13,0.05,10.13,2026-08-07T00:00:00,33848E106,Flaherty & Crumrine Preferred Income Opp,2026-08-07,XPFOX,Fixed Income - Taxable-Preferreds,37.83,119.396,,Monthly,0.34372,0.0567,12.5,7.4124,,,4.62,,213.073,True,False,False,False,False,False,,10.45,12.17,2.32,0.13,1.33,0.8300000000000001,,,5.98,349890,,,102.9109,,7.54,,9.38709,-8.59415,-0.93,0.21,-0.43,2026-08-07T00:00:00,1992-02-13T00:00:00,2/13/1992,697939200,2026-07-24T00:00:00
158,FXBY,-0.4011,0.33129000000000003,0.55319,0.13,30.13,10,Morningstar US CEF US Equity,73,Midas Management Corporation,False,23.5,-0.49,39.24,2026-08-07T00:00:00,351645205,FOXBY CORP,2026-08-07,,Equity-U.S. Equity,13.05,12.26,,Annually,-0.20582,0.13,10.0,,,,2.98,,23.544,True,True,False,False,False,False,,22.59,26.16,14.31,15.54,14.94,-1.5899999999999999,,,33.4,2600,,,,,,,21.64195,-35.05287,-1.15,-1.31,-1.23,2026-08-07T00:00:00,1999-10-29T00:00:00,10/29/1999,941155200,2025-12-15T00:00:00
159,FTF,-0.0929,11.62205,12.8125,0.0615,3.65,16,Morningstar US CEF Limited Duration,53,"Franklin Advisers, Inc.",True,5.76,0.03,6.35,2026-08-07T00:00:00,35472T101,Franklin Limited Duration Income Trust,2026-08-07,XFTFX,Fixed Income - Taxable-Limited Duration,28.82,232.735,,Monthly,0.28578,0.0615,15.0,6.726,,,3.66,,360.464,True,False,False,False,True,False,,6.85,8.89,3.38,2.59,1.72,-0.18,,,0.76,1880290,,,99.3848,,5.86,,6.06609,-7.79078,-1.07,-0.58,-0.72,2026-08-07T00:00:00,2003-08-27T00:00:00,8/27/2003,1061942400,2026-07-24T00:00:00
160,PMM,-0.0363,5.98187,6.2069,0.033,9.28,21,Morningstar US CEF Municipal,53,"Franklin Advisers, Inc.",False,6.38,0.07,6.62,2026-08-07T00:00:00,746823103,Franklin Managed Municipal Income,2026-08-07,XPMMX,Fixed Income - Municipal-Municipal,29.39,273.277,,Monthly,0.15044,0.033,10.0,5.0401,,,1.06,,401.607,True,True,True,False,False,False,,4.86,6.27,-0.34,-1.25,1.17,2.73,,,13.12,1011190,,,96.8971,,12.95,9.22,6.19903,-6.93785,2.12,1.03,1.53,2026-08-07T00:00:00,1989-02-24T00:00:00,2/24/1989,604281600,2026-07-24T00:00:00
161,PIM,-0.0682,7.83383,8.40764,0.022,4.5600000000000005,15,Morningstar US CEF Investment Grade,53,"Franklin Advisers, Inc.",False,3.14,0.0,3.37,2026-08-07T00:00:00,746909100,Franklin Master Intermediate Income,2026-08-07,XPIMX,Fixed Income - Taxable-Investment Grade,36.72,151.299,,Monthly,0.07573,0.022,10.0,5.4926,,,1.02,,256.604,True,False,False,False,False,False,,7.07,7.12,3.22,2.24,1.29,-1.99,,,1.58,1044540,,,93.9793,,,,3.28019,-4.52421,-1.33,-0.6900000000000001,-0.99,2026-08-07T00:00:00,1988-04-29T00:00:00,4/29/1988,578275200,2026-07-24T00:00:00
162,PMO,-0.07150000000000001,5.57641,6.00577,0.052,8.54,21,Morningstar US CEF Municipal,53,"Franklin Advisers, Inc.",False,10.39,0.1,11.19,2026-08-07T00:00:00,746922103,Franklin Municipal Opportunities,2026-08-07,XPMOX,Fixed Income - Municipal-Municipal,34.29,284.68,,Monthly,0.22914,0.052,15.0,4.9501,,,1.04,,466.564,True,False,True,False,False,False,,3.89,4.34,-0.54,-2.21,0.25,-1.6,,,9.84,665070,,,98.8969,,12.91,9.16,10.41684,-7.70693,0.56,0.22,0.42,2026-08-07T00:00:00,1993-05-28T00:00:00,5/28/1993,738547200,2026-07-24T00:00:00
163,PPT,-0.0679,8.47826,9.09621,0.026,4.36,13,Morningstar US CEF Global Income,53,"Franklin Advisers, Inc.",False,3.43,-0.01,3.6799999999999997,2026-08-07T00:00:00,746853100,Franklin Premier Income,2026-08-07,XPPTX,Fixed Income - Taxable-Global Income,30.0,327.797,,Monthly,0.08203,0.026,10.0,5.4962,,,0.9400000000000001,,502.437,True,False,False,False,False,False,,6.97,6.51,2.52,2.18,1.13,0.88,,,1.13,1640850,,,93.9795,,,,3.56351,-5.39992,-0.98,0.49,-0.51,2026-08-07T00:00:00,1988-02-29T00:00:00,2/29/1988,573091200,2026-07-24T00:00:00
164,FT,-0.0969,5.88235,6.51341,0.042499999999999996,8.91,26,Morningstar US CEF US Allocation,53,"Franklin Advisers, Inc.",False,7.83,0.01,8.67,2026-08-07T00:00:00,355145103,Franklin Universal Trust,2026-08-07,XFUTX,Hybrid-U.S. Allocation,21.59,196.783,,Monthly,0.1812,0.042499999999999996,10.0,7.2423,,,2.99,,277.894,True,False,False,False,False,False,,11.08,11.71,6.27,6.06,4.63,2.7199999999999998,,,7.91,432600,,,88.5569,,4.99,,8.04151,-7.8886400000000005,-1.62,-1.48,-1.46,2026-08-07T00:00:00,1988-09-23T00:00:00,9/23/1988,590976000,2026-07-24T00:00:00
165,FSCO,-0.2955,9.79832,13.90855,0.0583,8.26,17,Morningstar US CEF Multi-Sector,56,FS Global Advisor LLC,True,5.03,0.06,7.14,2026-08-07T00:00:00,30290Y101,FS Credit Opportunities Corp.,2026-08-07,XFSCX,Fixed Income - Taxable-Multi-Sector,32.52,997.73,,Monthly,0.31386000000000003,0.0583,,,,,7.0,,2098.812,True,False,False,False,True,False,,13.03,12.22,,,6.68,-14.78,,,-24.16,14640040,,,,,,,5.85452,-18.06012,-1.02,0.31,-0.36,2026-08-07T00:00:00,2022-11-14T00:00:00,11/14/2022,1668384000,2026-07-24T00:00:00
166,FSSL,-0.3667,9.18197,14.49912,0.13749999999999998,,19,Morningstar US CEF Senior Loans,57,FS Specialty Lending Advisor LLC,True,11.38,0.1,17.97,2026-08-07T00:00:00,644323107,FS Specialty Lending Fund,2026-08-07,FSSL,Fixed Income - Taxable-Senior Loans,,863.944,,Monthly,,0.13749999999999998,14.12,,,,6.14,,1364.242,False,True,True,False,True,False,,,,,,3.96,-14.67,,,,0,,,92.6454,,,,,,,0.15,-0.74,2026-08-07T00:00:00,2025-11-13T00:00:00,11/13/2025,1762992000,2026-07-24T00:00:00
167,VCX,5.903,,,,66.4,8,Morningstar US CEF Sector Equity,58,"Fundrise Advisors, LLC",False,34.45,0.0,18.97,2026-03-31T00:00:00,360852107,Fundrise Innovation Common Share,2026-08-07,XVCX,Equity-Sector Equity,,,,,,,,,,,0.0,,,False,True,True,False,False,False,,23.59,,,,,,,,,0,,,,,,,,,,,,2026-08-07T00:00:00,2022-07-25T00:00:00,7/25/2022,1658707200,
168,GCV,0.0217,10.43478,10.21277,0.12,21.37,26,Morningstar US CEF US Allocation,59,Gabelli,True,4.7,0.07,4.6,2026-08-07T00:00:00,36240B109,Gabelli Conv Inc Secs,2026-08-07,XGCVX,Hybrid-U.S. Allocation,6.15,94.693,,Quarterly,-0.0030800000000000003,0.12,11.25,2.2444,,,2.07,,98.753,True,True,True,False,True,False,,13.99,14.83,2.86,4.36,12.28,14.69,,,28.27,646560,,,,,,,4.36561,-1.50358,1.3,1.2,0.76,2026-08-07T00:00:00,1995-03-31T00:00:00,3/31/1995,796608000,2026-06-15T00:00:00
169,GDV,-0.1143,5.24628,5.923,0.15,20.54,10,Morningstar US CEF US Equity,60,Gabelli Funds LLC,True,30.39,0.24,34.31,2026-08-07T00:00:00,36242H104,Gabelli Dividend & Income,2026-08-07,XGDVX,Equity-U.S. Equity,13.8,2679.409,,Monthly,0.03689,0.15,20.0,,,,1.83,,3509.46,True,True,False,False,True,False,,15.31,18.02,8.51,9.07,12.35,11.13,,,20.25,1064950,,,,,0.19,,28.08136,-10.7338,-1.05,-0.85,-1.02,2026-08-07T00:00:00,2003-11-28T00:00:00,11/28/2003,1069977600,2026-07-17T00:00:00
170,GAB,-0.0512,9.91736,10.452960000000001,0.15,20.61,10,Morningstar US CEF US Equity,59,Gabelli,True,5.74,0.08,6.05,2026-08-07T00:00:00,362397101,Gabelli Equity,2026-08-07,XGABX,Equity-U.S. Equity,14.37,1964.896,,Quarterly,-0.0032400000000000003,0.15,10.0,,,,1.6099999999999999,,2418.468,True,False,False,False,True,False,,15.15,11.79,9.3,7.84,12.34,-2.5700000000000003,,,8.75,7530560,,,,,0.37,0.31,5.88582,2.17873,-1.23,-0.59,-0.76,2026-08-07T00:00:00,1986-08-21T00:00:00,8/21/1986,524966400,2026-06-15T00:00:00
171,GGZ,-0.11630000000000001,4.46097,5.04808,0.21,20.47,5,Morningstar US CEF Global Equity,59,Gabelli,False,16.64,0.08,18.83,2026-08-07T00:00:00,36249W104,Gabelli Global Small & Mid Cap Value Tru,2026-08-07,XGGZX,Equity-Global Equity,21.61,128.255,,Quarterly,-0.02634,0.21,12.0,,,,2.31,,185.134,True,True,True,False,False,False,,12.62,15.57,5.02,6.13,12.69,10.59,,,25.24,92860,,,,,0.24,0.18,15.21396,-11.64833,0.01,-0.27,-0.79,2026-08-07T00:00:00,2014-06-23T00:00:00,6/23/2014,1403481600,2026-06-15T00:00:00
172,GLU,-0.0546,6.45793,6.8308800000000005,0.11,22.22,8,Morningstar US CEF Sector Equity,60,Gabelli Funds LLC,True,19.324,0.1,20.44,2026-08-07T00:00:00,36242L105,Gabelli Global Utility & Income,2026-08-07,XGLUX,Equity-Sector Equity,17.48,115.702,,Monthly,0.0712,0.11,20.0,,,,1.35,,148.308,True,True,False,False,True,False,,16.51,17.78,6.54,4.99,13.35,2.8200000000000003,,,17.04,96380,,,,,0.14,0.11,19.12674,-0.61177,-1.49,-0.86,-1.01,2026-08-07T00:00:00,2004-05-25T00:00:00,5/25/2004,1085443200,2026-07-17T00:00:00
173,GRX,-0.1131,6.10413,6.88259,0.16999999999999998,15.05,8,Morningstar US CEF Sector Equity,59,Gabelli,False,9.88,0.12,11.14,2026-08-07T00:00:00,36246K103,Gabelli Healthcare & Wellness Trust,2026-08-07,XXGRX,Equity-Sector Equity,29.67,148.701,,Quarterly,-0.0454,0.16999999999999998,8.0,,,,3.17,,238.385,True,True,False,False,False,False,,2.12,6.15,-1.25,0.18,6.51,4.88,,,13.1,298910,,,,,0.22,0.15,9.38328,-10.15397,-1.35,-1.6600000000000001,-1.78,2026-08-07T00:00:00,2007-06-19T00:00:00,6/19/2007,1182211200,2026-06-15T00:00:00
174,GGT,0.0862,21.93211,20.19231,0.08,25.63,8,Morningstar US CEF Sector Equity,59,Gabelli,False,4.16,0.02,3.83,2026-08-07T00:00:00,36239Q109,Gabelli Multimedia,2026-08-07,XGGTX,Equity-Sector Equity,32.08,159.652,,Monthly,-0.01985,0.08,7.5,,,,2.13,,216.412,True,False,False,False,False,False,,17.95,4.79,1.46,-0.06,10.21,10.4,,,20.89,2428280,,,,,0.27,,4.1614,9.99888,-0.56,-1.27,-0.9,2026-08-07T00:00:00,1994-11-15T00:00:00,11/15/1994,784857600,2026-07-17T00:00:00
175,GUT,1.0326,19.54397,9.61538,0.049999999999999996,17.69,8,Morningstar US CEF Sector Equity,59,Gabelli,False,6.24,0.01,3.07,2026-08-07T00:00:00,36240A101,Gabelli Utility Trust,2026-08-07,XGUTX,Equity-Sector Equity,14.71,557.767,,Monthly,0.025500000000000002,0.049999999999999996,7.5,,,,1.52,,321.739,True,True,True,False,False,False,,14.81,9.17,8.51,6.32,11.88,11.76,,,16.96,2028630,,,,,0.19,0.17,6.13249,93.68019,1.09,-0.19,0.73,2026-08-07T00:00:00,1999-07-09T00:00:00,7/9/1999,931478400,2026-07-17T00:00:00
176,GGN,-0.1012,6.1749600000000004,6.87023,0.03,28.89,8,Morningstar US CEF Sector Equity,59,Gabelli,True,5.24,0.11,5.83,2026-08-07T00:00:00,36465A109,GAMCO Global Gold Natural Resources&Inc,2026-08-07,XGGNX,Equity-Sector Equity,7.8,818.618,,Monthly,0.03338,0.03,20.0,6.2544,,,1.29,,987.84,True,True,False,False,True,False,,19.59,18.17,15.73,13.96,1.6600000000000001,-1.17,,,18.39,5948840,,,,,0.58,0.53,5.12646,-5.91255,-1.25,-1.52,-1.81,2026-08-07T00:00:00,2005-03-29T00:00:00,3/29/2005,1112054400,2026-07-17T00:00:00
177,GNT,0.0023,8.36237,8.34299,0.06,25.12,3,Morningstar US CEF Covered Call,60,Gabelli Funds LLC,False,8.63,0.15,8.61,2026-08-07T00:00:00,36465E101,"GAMCO Natural Resources, Gold & Inc Tr",2026-08-07,XGNTX,Equity-Covered-Call Funds,17.09,139.685,,Monthly,0.01129,0.06,20.0,6.2672,,,1.9500000000000002,,168.085,True,True,True,False,False,False,,16.37,24.37,12.53,15.95,1.83,14.07,,,39.64,958710,,,,,0.89,0.74,7.82508,-5.12199,1.21,-0.05,0.53,2026-08-07T00:00:00,2011-01-27T00:00:00,1/27/2011,1296086400,2026-07-17T00:00:00
178,GDL,-0.2144,4.47344,5.69395,0.12,6.29,26,Morningstar US CEF US Allocation,60,Gabelli Funds LLC,True,8.43,0.0,10.73,2026-08-07T00:00:00,361570104,GDL Fund,2026-08-07,XGDLX,Hybrid-U.S. Allocation,10.07,92.389,,Quarterly,-0.042820000000000004,0.12,20.0,,,,3.27,,130.766,True,False,False,False,True,False,,6.3,8.03,4.71,4.46,4.6,3.22,,,6.57,99110,,,,,0.19,0.17,8.46413,-20.51836,-1.1400000000000001,-0.8300000000000001,-0.84,2026-08-07T00:00:00,2007-01-25T00:00:00,1/25/2007,1169683200,2026-06-15T00:00:00
179,GAM,-0.11199999999999999,8.46561,9.53374,6.4,24.1,10,Morningstar US CEF US Equity,61,General American Investors Co Inc,False,67.13,0.44,75.6,2026-08-07T00:00:00,368802104,General American Investors,2026-08-07,XGAMX,Equity-U.S. Equity,9.54,1599.85,,Annually,0.00036,6.4,10.0,,,,1.07,,1991.747,True,True,False,False,False,False,,20.84,25.65,14.06,16.72,11.87,10.68,,,26.49,247530,,,,,0.03,,61.64626,-10.6682,-0.67,0.06,-0.34,2026-08-07T00:00:00,1927-02-01T00:00:00,2/1/1927,-1354320000,2025-11-17T00:00:00
180,GUG,-0.064,8.61027,9.19948,0.11875,6.82,25,Morningstar US CEF Global Allocation,62,Guggenheim Funds Investment Advisors LLC,False,15.49,0.03,16.55,2026-08-07T00:00:00,40170T106,Guggenheim Active Allocation Fund,2026-08-07,XGUGX,Hybrid-Global Allocation,24.24,510.861,,Monthly,0.46006,0.11875,20.0,,,,3.83,,720.433,True,False,False,False,False,False,,9.08,13.0,,,2.07,6.19,,,10.22,779590,,,96.7884,,,,15.69147,-5.95633,-0.23,-1.58,-1.28,2026-08-07T00:00:00,2021-11-23T00:00:00,11/23/2021,1637625600,2026-07-15T00:00:00
181,GOF,0.013300000000000001,20.77186,20.49906,0.18209999999999998,10.31,17,Morningstar US CEF Multi-Sector,62,Guggenheim Funds Investment Advisors LLC,False,10.66,0.09,10.52,2026-08-07T00:00:00,40167F101,Guggenheim Strategic Opp Fund,2026-08-07,XGOFX,Fixed Income - Taxable-Multi-Sector,11.68,2151.673,,Monthly,0.32942,0.18209999999999998,20.0,5.8051,,,2.4,,2404.124,True,False,False,False,False,False,,13.82,2.1,7.89,0.76,2.92,-8.46,,,-15.11,14511140,,,96.9181,,,,12.37444,10.83817,-0.96,-0.64,-0.88,2026-08-07T00:00:00,2007-07-26T00:00:00,7/26/2007,1185408000,2026-07-15T00:00:00
182,GBAB,-0.009899999999999999,10.61759,10.72324,0.12572999999999998,4.48,20,Morningstar US CEF Taxable Muni,62,Guggenheim Funds Investment Advisors LLC,False,14.07,0.14,14.21,2026-08-07T00:00:00,401664107,Guggenheim Tax Muni & Inv Grade Debt Tr,2026-08-07,XGBAX,Fixed Income - Taxable-Taxable Muni,32.18,387.639,,Monthly,0.4265,0.12572999999999998,20.0,5.7866,,,2.59,,577.264,True,False,False,False,False,False,,6.35,3.68,-0.99,-2.37,-0.05,-1.79,,,1.23,865360,12.76,,96.3771,,5.22,,14.87925,0.30177000000000004,-0.64,1.53,-0.01,2026-08-07T00:00:00,2010-10-26T00:00:00,10/26/2010,1288051200,2026-07-15T00:00:00
183,HERZ,-0.17120000000000002,10.71429,12.92776,0.16999999999999998,-0.61,10,Morningstar US CEF US Equity,104,Thomas J Herzfeld Advisors Inc,False,15.78,-0.8,19.21,2026-06-30T00:00:00,42804T205,Herzfeld Credit Income Fund,2026-08-07,HERZ,Equity-U.S. Equity,,307.452,,Monthly,0.01776,0.16999999999999998,5.2,,,,3.5700000000000003,,370.969,False,False,False,False,False,False,,6.86,12.28,4.53,6.17,-7.88,-24.33,,,-5.18,93920,,,,,,,20.20654,-11.05136,-1.3599999999999999,-1.32,-0.9,2026-08-07T00:00:00,1994-05-20T00:00:00,5/20/1994,769392000,2026-07-17T00:00:00
184,PCF,-0.17079999999999998,10.80745,13.03371,0.057999999999999996,-1.12,11,Morningstar US CEF Convertibles,22,Bulldog Investors LLP,False,5.34,-0.01,6.44,2026-08-07T00:00:00,42968F108,High Income Securities,2026-08-07,XPCFX,Fixed Income - Taxable-Convertibles,1.06,99.946,,Monthly,0.16873,0.057999999999999996,7.5,5.0759,,21.21,1.65,,120.534,True,False,False,False,False,False,,6.55,5.38,5.13,0.33,-4.8100000000000005,-7.8100000000000005,,,-6.39,744130,,,,,,,5.93607,-12.17886,-2.45,-2.7199999999999998,-2.36,2026-08-07T00:00:00,1987-07-09T00:00:00,7/9/1987,552787200,2026-07-21T00:00:00
185,HGLB,-0.3686,8.56423,13.56383,0.08499999999999999,4.44,25,Morningstar US CEF Global Allocation,78,"NexPoint Asset Management, L.P.",False,7.52,0.02,11.91,2026-08-07T00:00:00,43010T104,Highland Global Allocation Fund,2026-08-07,XHGLX,Hybrid-Global Allocation,2.79,177.4,,Monthly,0.20544,0.08499999999999999,15.0,9.7703,,,1.35,,280.962,True,False,False,False,False,False,,9.1,7.61,9.64,8.46,0.91,-12.46,,,0.93,762140,,,,,0.31,,8.65009,-29.755020000000002,-1.87,-0.76,-1.35,2026-08-07T00:00:00,1998-01-05T00:00:00,1/5/1998,883958400,2026-07-24T00:00:00
186,HFRO,-0.3883,3.85,6.29428,0.0385,8.04,19,Morningstar US CEF Senior Loans,78,"NexPoint Asset Management, L.P.",True,7.34,0.02,12.0,2026-08-07T00:00:00,43010E404,Highland Opportunities and Income Ord,2026-08-07,XHFOX,Fixed Income - Taxable-Senior Loans,17.37,406.55,,Monthly,-0.1412,0.0385,15.0,8.1017,,,2.18,,804.416,True,True,True,False,True,False,,-0.6,4.02,2.22,2.25,6.03,31.13,,,52.25,1434630,,,,,,,6.38797,-44.77252,1.62,0.41000000000000003,1.07,2026-08-07T00:00:00,2000-01-13T00:00:00,1/13/2000,947721600,2026-07-24T00:00:00
187,VKI,0.0215,7.59683,7.43681,0.0559,9.5,21,Morningstar US CEF Municipal,65,"Invesco Advisers, Inc",False,9.02,0.08,8.83,2026-08-07T00:00:00,46132E103,Invesco Adv Muni Inc II,2026-08-07,XVKIX,Fixed Income - Municipal-Municipal,37.05,400.599,-0.002,Monthly,0.21381,0.0559,15.0,5.368,,20.38,3.33,,622.986,True,True,True,False,False,False,,2.96,8.79,-1.34,-0.38,1.21,2.17,,,17.16,1328770,16.2,,98.6597,,10.07,8.59,8.93145,-0.45404000000000005,0.9400000000000001,0.05,0.34,2026-08-07T00:00:00,1993-08-27T00:00:00,8/27/1993,746409600,2026-07-14T00:00:00
188,VBF,-0.078,4.97817,5.39919,0.0665,2.54,15,Morningstar US CEF Investment Grade,65,"Invesco Advisers, Inc",False,14.78,0.02,16.03,2026-08-07T00:00:00,46132L107,Invesco Bond,2026-08-07,XVBFX,Fixed Income - Taxable-Investment Grade,,168.863,0.001,Monthly,0.40588,0.0665,20.0,5.6461,,16.17,0.5700000000000001,,183.144,False,False,False,False,False,False,,4.95,4.8100000000000005,-0.52,-1.62,-0.89,-1.87,,,0.49,496440,,,98.7664,,,,15.29706,-6.7835,-1.13,-0.5,-0.71,2026-08-07T00:00:00,1970-10-28T00:00:00,10/28/1970,25920000,2026-07-14T00:00:00
189,VCV,0.0535,7.68285,7.2925699999999996,0.06459999999999999,10.15,22,Morningstar US CEF Municipal-CA,65,"Invesco Advisers, Inc",False,10.63,0.05,10.09,2026-08-07T00:00:00,46132H106,Invesco CA Value,2026-08-07,XVCVX,Fixed Income - Municipal-Municipal - CA,39.09,515.65,-0.039,Monthly,0.22155,0.06459999999999999,15.0,5.1617,,20.76,3.35,,803.551,True,False,True,False,False,False,,2.71,9.41,-1.21,-0.18,0.55,-1.0,,,13.57,1008680,15.02,,96.7686,,11.56,8.53,10.7561,4.82946,0.27,0.8300000000000001,0.25,2026-08-07T00:00:00,1993-04-30T00:00:00,4/30/1993,736128000,2026-07-14T00:00:00
190,VLT,-0.06309999999999999,9.97214,10.6442,0.0895,5.39,14,Morningstar US CEF High Yield,65,"Invesco Advisers, Inc",False,10.09,0.05,10.77,2026-08-07T00:00:00,46131F101,Invesco High Income II,2026-08-07,XVLTX,Fixed Income - Taxable-High Yield,30.34,65.698,-0.029,Monthly,0.36908,0.0895,60.0,6.9213000000000005,,7.07,3.41,,100.676,True,False,False,False,False,False,,7.76,9.17,2.95,2.27,1.13,-5.15,,,-0.08,175910,,,100.2747,,,,10.80109,-2.1799,-1.81,-2.1,-1.47,2026-08-07T00:00:00,1989-04-28T00:00:00,4/28/1989,609724800,2026-07-14T00:00:00
191,VMO,-0.003,7.60649,7.6297,0.0625,9.55,21,Morningstar US CEF Municipal,65,"Invesco Advisers, Inc",False,9.83,0.04,9.86,2026-08-07T00:00:00,46132C107,Invesco Muni Opp,2026-08-07,XVMOX,Fixed Income - Municipal-Municipal,36.58,662.942,-0.012,Monthly,0.23512,0.0625,15.0,5.3332,,20.82,3.26,,1048.568,True,True,True,False,False,False,,2.89,7.5600000000000005,-1.46,-0.71,1.1400000000000001,5.54,,,14.94,2484220,16.2,,98.5172,,11.67,8.79,9.65655,-3.6483600000000003,2.2,2.17,2.35,2026-08-07T00:00:00,1992-04-24T00:00:00,4/24/1992,704073600,2026-07-14T00:00:00
192,VKQ,0.004,7.60444,7.57387,0.0628,9.31,21,Morningstar US CEF Municipal,65,"Invesco Advisers, Inc",False,9.95,0.06,9.91,2026-08-07T00:00:00,46131J103,Invesco Municipal,2026-08-07,XVKQX,Fixed Income - Municipal-Municipal,37.72,550.588,-0.006,Monthly,0.23747000000000001,0.0628,15.0,5.4148,,20.81,3.24,,880.525,True,True,True,False,False,False,,2.95,7.97,-1.4100000000000001,-0.72,1.05,5.99,,,17.05,1997770,15.17,,98.9207,,11.78,8.76,9.67715,-3.94652,2.48,1.9,2.4,2026-08-07T00:00:00,1991-09-27T00:00:00,9/27/1991,685929600,2026-07-14T00:00:00
193,OIA,-0.0098,5.67805,5.73399,0.029099999999999997,10.74,21,Morningstar US CEF Municipal,65,"Invesco Advisers, Inc",False,6.09,0.09,6.15,2026-08-07T00:00:00,46132X101,Invesco Municipal Inc Opp I,2026-08-07,XOIAX,Fixed Income - Municipal-Municipal,30.63,291.581,0.019,Monthly,0.16802,0.029099999999999997,10.0,6.912,,22.32,2.45,,424.438,True,True,True,False,False,False,,4.44,3.86,-0.15,-1.18,2.17,3.54,,,14.27,1328350,27.9,,89.0277,,,,6.07152,-1.3434,0.22,0.13,-0.34,2026-08-07T00:00:00,1988-09-19T00:00:00,9/19/1988,590630400,2026-07-14T00:00:00
194,VPV,0.0489,7.52256,7.17204,0.0667,8.27,24,Morningstar US CEF Municipal-Single State,65,"Invesco Advisers, Inc",False,11.16,0.25,10.64,2026-08-07T00:00:00,46132K109,Invesco PA Value,2026-08-07,XVPVX,Fixed Income - Municipal-Municipal - Single-State,36.52,199.453,0.126,Monthly,0.24298,0.0667,15.0,5.2631,,19.01,3.1,,299.536,True,True,True,False,False,False,,2.87,9.89,-1.23,1.3,0.86,8.02,,,16.79,326350,25.52,,97.1621,,12.02,8.1,10.65842,-1.54556,1.97,1.85,1.56,2026-08-07T00:00:00,1993-04-30T00:00:00,4/30/1993,736128000,2026-07-14T00:00:00
195,IQI,0.012,7.59478,7.50446,0.0631,8.94,21,Morningstar US CEF Municipal,65,"Invesco Advisers, Inc",False,10.09,0.06,9.97,2026-08-07T00:00:00,46133G107,Invesco Quality Municipal Income Trust,2026-08-07,XIQIX,Fixed Income - Municipal-Municipal,34.37,533.598,0.026000000000000002,Monthly,0.24185,0.0631,15.0,5.4925,,19.06,2.91,,803.322,True,True,True,False,False,False,,2.99,8.3,-1.42,-0.77,0.96,3.54,,,14.62,1490520,14.95,,96.2303,,10.79,8.54,9.9226,-2.24885,2.2800000000000002,1.42,1.67,2026-08-07T00:00:00,1992-09-29T00:00:00,9/29/1992,717724800,2026-07-14T00:00:00
196,VVR,-0.1246,10.32641,11.79661,0.028999999999999998,1.11,19,Morningstar US CEF Senior Loans,65,"Invesco Advisers, Inc",False,2.95,-0.01,3.37,2026-08-07T00:00:00,46131H107,Invesco Senior Income,2026-08-07,XVVRX,Fixed Income - Taxable-Senior Loans,35.32,454.079,-0.044000000000000004,Monthly,0.16899,0.028999999999999998,10.0,,,,4.89,,801.934,True,False,False,False,False,False,,5.76,3.84,5.22,4.78,0.29,-1.94,,,-9.81,10034440,,,,,,,3.22138,-8.93591,-1.4100000000000001,-2.02,-1.43,2026-08-07T00:00:00,1998-06-24T00:00:00,6/24/1998,898646400,2026-07-14T00:00:00
197,VGM,0.0176,7.58513,7.45385,0.06459999999999999,9.47,21,Morningstar US CEF Municipal,65,"Invesco Advisers, Inc",False,10.4,0.09,10.22,2026-08-07T00:00:00,46131M106,Invesco Tr Inv Gr Muni,2026-08-07,XVGMX,Fixed Income - Municipal-Municipal,36.47,564.012,-0.018000000000000002,Monthly,0.24485,0.06459999999999999,15.0,5.4347,,21.2,3.11,,872.473,True,True,True,False,False,False,,2.9699999999999998,8.14,-1.43,-0.59,1.1400000000000001,1.74,,,15.16,1824940,17.6,,99.0535,,11.28,8.73,10.20272,-1.7225100000000002,1.79,1.24,1.5,2026-08-07T00:00:00,1992-01-24T00:00:00,1/24/1992,696211200,2026-07-14T00:00:00
198,VTN,0.0692,7.68943,7.1916,0.06849999999999999,9.82,23,Morningstar US CEF Municipal-NY,65,"Invesco Advisers, Inc",False,11.43,0.17,10.69,2026-08-07T00:00:00,46131T101,Invesco Tr Inv Gr NY,2026-08-07,XVTNX,Fixed Income - Municipal-Municipal - NY,32.77,167.374,0.01,Monthly,0.25475000000000003,0.06849999999999999,15.0,5.1011,,23.11,2.69,,232.839,True,True,True,False,False,False,,2.16,8.75,-1.45,0.5700000000000001,0.96,-1.42,,,13.24,330950,24.6,,93.0401,,12.76,9.89,11.16596,2.80038,1.43,2.2800000000000002,1.67,2026-08-07T00:00:00,1992-03-27T00:00:00,3/27/1992,701654400,2026-07-14T00:00:00
199,IIM,0.042699999999999995,7.6023,7.29078,0.0771,8.35,21,Morningstar US CEF Municipal,65,"Invesco Advisers, Inc",False,12.69,0.14,12.17,2026-08-07T00:00:00,46132P108,Invesco Value Muni Income,2026-08-07,XIIMX,Fixed Income - Municipal-Municipal,34.57,597.511,-0.011000000000000001,Monthly,0.29788000000000003,0.0771,15.0,5.5595,,18.65,2.93,,875.749,True,True,True,False,False,False,,2.95,8.39,-1.21,0.05,1.01,5.98,,,18.18,1242430,16.2,,96.5231,,10.35,8.18,12.42106,0.16314,1.8900000000000001,1.27,1.31,2026-08-07T00:00:00,1993-02-26T00:00:00,2/26/1993,730684800,2026-07-14T00:00:00
200,JOF,-0.1133,8.22366,9.27405,0.09559999999999999,30.55,1,Morningstar US CEF Asia Equity,79,Nomura Asset Management Co Ltd,False,12.37,0.1,13.95,2026-08-07T00:00:00,47109U104,Japan Smaller Cap Fund,2026-08-07,XXJOFXX,Equity-Asia Equity,0.0,315.441,,Monthly,0.03946,0.09559999999999999,12.0,,,,2.09,,355.732,True,True,False,False,False,False,,20.43,22.23,10.07,10.75,15.24,8.09,,,29.03,766420,,,,,,,11.0926,-10.57891,-0.49,-0.41000000000000003,-0.15,2026-08-07T00:00:00,1990-03-21T00:00:00,3/21/1990,637977600,2026-07-15T00:00:00
201,BTO,-0.0461,6.11765,6.41342,0.65,33.12,8,Morningstar US CEF Sector Equity,67,John Hancock Investment Management LLC,True,40.54,0.16,42.5,2026-08-07T00:00:00,409735206,JHancock Financial Opportunities,2026-08-07,XBTOX,Equity-Sector Equity,13.37,803.372,0.0,Quarterly,0.21649000000000002,0.65,20.0,4.6197,,,2.42,,972.213,True,True,False,False,True,False,,23.44,18.16,11.6,8.86,21.02,19.1,,,23.41,462270,,,,,38.99,,36.5048,-1.73855,-1.2,-1.3599999999999999,-1.16,2026-08-07T00:00:00,1994-08-18T00:00:00,8/18/1994,777168000,2026-06-11T00:00:00
202,JHS,-0.08990000000000001,5.10815,5.61243,0.1535,2.8,15,Morningstar US CEF Investment Grade,67,John Hancock Investment Management LLC,False,10.94,0.03,12.02,2026-08-07T00:00:00,410123103,JHancock Income Secs,2026-08-07,XJHSX,Fixed Income - Taxable-Investment Grade,39.47,127.414,0.0,Quarterly,0.29069,0.1535,15.3,5.33,,,4.41,,231.292,True,False,False,False,False,False,,4.91,4.8,-1.46,-2.39,-1.23,-4.17,,,1.77,149190,,,99.6399,,7.02,4.29,11.38895,-7.46326,-0.98,0.04,-0.26,2026-08-07T00:00:00,1973-02-14T00:00:00,2/14/1973,98496000,2026-06-11T00:00:00
203,JHI,-0.0779,8.18746,8.87892,0.297,5.44,15,Morningstar US CEF Investment Grade,66,John Hancock,False,13.38,0.04,14.51,2026-08-07T00:00:00,410142103,JHancock Investors,2026-08-07,XJHIX,Fixed Income - Taxable-Investment Grade,40.65,117.002,0.0,Quarterly,0.58459,0.297,21.06,6.8218,,,4.59,,213.783,True,False,False,False,False,False,,8.39,9.38,1.99,0.93,1.8900000000000001,0.88,,,3.08,211300,6.53,,99.369,,6.17,,13.61189,-7.23276,-0.38,1.16,0.35000000000000003,2026-08-07T00:00:00,1971-01-29T00:00:00,1/29/1971,33955200,2026-06-11T00:00:00
204,HPI,0.066,9.77573,9.17079,0.1235,3.68,18,Morningstar US CEF Preferreds,67,John Hancock Investment Management LLC,False,16.16,0.06,15.16,2026-08-07T00:00:00,41013W108,JHancock Preferred Income,2026-08-07,XHPIX,Fixed Income - Taxable-Preferreds,38.76,432.961,0.0,Monthly,0.56391,0.1235,25.0,5.4332,,,4.48,,663.269,True,False,True,False,False,False,,9.47,10.34,2.7,3.1,0.08,3.87,,,9.62,567680,,,102.8283,,91.45,,16.3818,3.2778,1.43,1.38,1.69,2026-08-07T00:00:00,2002-08-27T00:00:00,8/27/2002,1030406400,2026-07-13T00:00:00
205,HPF,0.0592,9.86028,9.30905,0.1235,3.84,18,Morningstar US CEF Preferreds,67,John Hancock Investment Management LLC,False,15.92,0.05,15.03,2026-08-07T00:00:00,41013X106,JHancock Preferred Income II,2026-08-07,XHPFX,Fixed Income - Taxable-Preferreds,38.85,344.681,0.0,Monthly,0.5652,0.1235,25.0,5.5389,,,4.51,,532.112,True,False,True,False,False,False,,9.56,9.85,2.86,2.54,0.17,4.19,,,8.49,356410,,,102.7832,,90.07,,16.13239,2.58632,2.29,1.6800000000000002,1.82,2026-08-07T00:00:00,2002-11-29T00:00:00,11/29/2002,1038528000,2026-07-13T00:00:00
206,HPS,0.0524,9.74889,9.26316,0.11,3.84,18,Morningstar US CEF Preferreds,67,John Hancock Investment Management LLC,False,14.25,0.02,13.54,2026-08-07T00:00:00,41021P103,JHancock Preferred Income III,2026-08-07,XHPSX,Fixed Income - Taxable-Preferreds,38.64,458.406,0.0,Monthly,0.50751,0.11,25.0,5.4481,,,4.47,,709.866,True,False,True,False,False,False,,9.52,9.37,2.99,2.93,0.23,4.25,,,8.52,585780,,,102.8525,,86.67,,14.69888,3.79259,0.9,0.5,0.91,2026-08-07T00:00:00,2003-06-18T00:00:00,6/18/2003,1055894400,2026-07-13T00:00:00
207,PDT,-0.10300000000000001,7.4725,8.33019,0.08829999999999999,10.36,18,Morningstar US CEF Preferreds,66,John Hancock,True,12.72,0.07,14.18,2026-08-07T00:00:00,41013T105,JHancock Premium Dividend Fund,2026-08-07,XPDTX,Fixed Income - Taxable-Preferreds,34.89,625.636,0.0,Monthly,0.34231,0.08829999999999999,12.0,5.8923000000000005,,,4.32,,1071.146,True,False,False,False,True,False,,14.25,12.86,7.54,2.98,7.08,6.22,,,4.35,1209900,,,,,76.11,,13.05205,-8.96557,-0.58,0.85,0.7000000000000001,2026-08-07T00:00:00,1989-12-21T00:00:00,12/21/1989,630201600,2026-07-13T00:00:00
208,HTD,-0.032,7.22286,7.4616299999999995,0.158,9.93,26,Morningstar US CEF US Allocation,67,John Hancock Investment Management LLC,True,25.41,0.08,26.25,2026-08-07T00:00:00,41013V100,JHancock Tax-Advantaged Dividend Inc,2026-08-07,XHTDX,Hybrid-U.S. Allocation,31.51,900.323,0.0,Monthly,0.63149,0.158,20.0,5.9632000000000005,,,3.58,,1357.985,True,True,True,False,True,False,,14.54,15.99,8.81,8.37,8.02,13.75,,,14.52,654180,,,,,68.76,,24.87749,-6.02098,1.82,1.02,1.4,2026-08-07T00:00:00,2004-02-27T00:00:00,2/27/2004,1077840000,2026-07-13T00:00:00
209,HEQ,-0.10189999999999999,7.72201,8.59845,0.25,16.31,5,Morningstar US CEF Global Equity,67,John Hancock Investment Management LLC,True,11.63,0.14,12.95,2026-08-07T00:00:00,47804L102,John Hancock Diversified Income Fund,2026-08-07,XHEQX,Equity-Global Equity,,140.244,,Quarterly,0.27877,0.25,20.0,6.5808,,,1.31,,156.162,False,True,True,False,True,False,,11.64,11.69,8.23,6.57,8.54,10.75,,,19.1,372330,,,98.4294,,,,11.07174,-10.59621,0.29,-1.08,-0.62,2026-08-07T00:00:00,2011-05-26T00:00:00,5/26/2011,1306368000,2026-06-11T00:00:00
210,KYN,-0.1182,6.7206,7.62174,0.09,26.66,6,Morningstar US CEF MLP,69,"KA Fund Advisors, LLC",False,14.17,-0.12,16.07,2026-08-07T00:00:00,486606106,Kayne Anderson Energy Infrastructure,2026-08-07,XKYNX,Equity-MLP,25.89,2396.516,,Monthly,0.31841,0.09,25.0,7.259,,,3.3,,3667.338,True,True,True,False,False,False,,26.03,28.99,21.94,23.21,26.35,23.37,,,26.91,3953330,,,,,15.1,,13.08249,-12.02058,0.12,1.28,1.05,2026-08-07T00:00:00,2004-09-28T00:00:00,9/28/2004,1096329600,2026-07-15T00:00:00
211,KIO,-0.0708,12.15,13.07623,0.1215,3.39,14,Morningstar US CEF High Yield,70,Kohlberg Kravis Roberts &amp; Co.,False,11.15,0.13,12.0,2026-08-07T00:00:00,48249T106,KKR Income Opportunities Fund,2026-08-07,XKIOX,Fixed Income - Taxable-High Yield,32.67,456.985,,Monthly,0.63625,0.1215,20.0,7.7746,,,4.09,,730.459,True,False,False,False,False,False,,8.19,9.34,4.52,3.54,2.03,2.42,,,-2.21,2532850,0.09000000000000001,,97.6062,,58.49,,11.60847,-5.88191,-0.61,-0.62,-0.25,2026-08-07T00:00:00,2013-07-26T00:00:00,7/26/2013,1374796800,2026-07-10T00:00:00
212,KF,-0.1495,1.98495,2.33376,1.381724,123.28,1,Morningstar US CEF Asia Equity,68,JPMorgan Asset Management (Asia Pacific) Limited,False,59.2058,0.45,69.61,2026-08-07T00:00:00,500634209,Korea Fund,2026-08-07,XKFDX,Equity-Asia Equity,5.74,246.198,,Annually,-0.06238,1.381724,40.0,,,,1.75,,289.463,True,True,False,False,False,False,,36.82,34.86,14.45,14.17,62.05,52.92,,,107.8,172070,,,,,,,47.04236,-13.1187,-1.1400000000000001,-0.59,-0.64,2026-08-07T00:00:00,1984-08-29T00:00:00,8/29/1984,462585600,2025-12-23T00:00:00
213,LGI,-0.024300000000000002,9.73453,9.97724,0.15339999999999998,14.67,5,Morningstar US CEF Global Equity,71,Lazard Asset Management LLC,False,18.45,0.16,18.91,2026-08-07T00:00:00,52106W103,Lazard Global Total Return and Income,2026-08-07,XLGIX,Equity-Global Equity,8.78,240.089,,Monthly,0.0074,0.15339999999999998,20.0,7.7462,,,2.0,,269.75,True,True,False,False,False,False,,10.55,15.94,5.87,7.07,6.65,11.19,,,19.59,470500,,,,,3.13,,17.76712,-1.98083,-0.14,-2.09,-1.18,2026-08-07T00:00:00,2004-04-28T00:00:00,4/28/2004,1083110400,2026-08-10T00:00:00
214,USA,-0.12390000000000001,9.91254,11.31448,0.16999999999999998,6.67,10,Morningstar US CEF US Equity,9,ALPS Advisors Inc,True,6.01,0.02,6.86,2026-08-07T00:00:00,530158104,Liberty All-Star Equity,2026-08-07,XUSAX,Equity-U.S. Equity,4.85,1812.325,,Quarterly,0.01199,0.16999999999999998,10.0,,,,0.91,,2222.235,True,False,False,False,True,False,,10.94,5.88,6.34,2.99,4.03,0.56,,,-0.43,12470170,,,,,,,6.05736,-9.44464,-1.6800000000000002,-1.32,-1.56,2026-08-07T00:00:00,1986-10-31T00:00:00,10/31/1986,531100800,2026-07-16T00:00:00
215,ASG,-0.1315,7.79221,8.97196,0.12,7.39,10,Morningstar US CEF US Equity,9,ALPS Advisors Inc,True,5.35,0.03,6.16,2026-08-07T00:00:00,529900102,Liberty All-Star Growth,2026-08-07,XASGX,Equity-U.S. Equity,1.53,336.316,,Quarterly,-0.01975,0.12,10.0,,,,1.12,,398.607,True,True,False,False,True,False,,9.34,6.71,1.18,-0.9400000000000001,6.48,3.65,,,1.98,2524160,,,,,,,5.30383,-10.14864,-2.19,-1.83,-1.88,2026-08-07T00:00:00,1986-03-14T00:00:00,3/14/1986,511142400,2026-07-16T00:00:00
216,SCD,-0.11289999999999999,8.1679,9.20716,0.12,15.36,25,Morningstar US CEF Global Allocation,54,"Franklin Templeton Fund Adviser, LLC",True,15.64,-0.07,17.63,2026-08-07T00:00:00,50208A102,LMP Capital and Income,2026-08-07,XSCDX,Hybrid-Global Allocation,16.53,358.255,,Monthly,0.06042,0.12,20.0,,,,2.39,,483.839,True,True,False,False,True,False,,15.06,17.24,10.97,11.35,11.63,10.39,,,12.12,786640,13.6,,,,4.25,,15.28119,-8.95895,-1.3,-0.79,-1.11,2026-08-07T00:00:00,2004-02-24T00:00:00,2/24/2004,1077580800,2026-07-24T00:00:00
217,MXE,-0.1873,1.40192,1.7249400000000001,0.2337,25.27,4,Morningstar US CEF Emerging Market Equity,89,Pichardo Asset Management SA De CV,False,13.5483,0.39,16.67,2026-08-07T00:00:00,592834105,Mexico Equity & Income,2026-08-07,XMXEX,Equity-Emerging Market Equity,,59.615,,Annually,0.07512,0.2337,12.0,7.969,,0.02,2.13,,73.351,False,True,False,False,False,False,,5.14,9.84,7.71,6.01,9.55,5.7,,,24.97,64820,,,,,,,12.64857,-17.86107,-0.8300000000000001,-0.38,-0.76,2026-08-07T00:00:00,1990-08-15T00:00:00,8/15/1990,650678400,2025-12-16T00:00:00
218,MXF,-0.122,5.62023,6.40146,0.35,26.98,4,Morningstar US CEF Emerging Market Equity,64,"Impulsora Del Fondo Mexico, SC",True,21.87,0.03,24.91,2026-08-07T00:00:00,592835102,Mexico Fund,2026-08-07,XXMXFXX,Equity-Emerging Market Equity,,315.367,,Quarterly,0.27312000000000003,0.35,12.0,5.75,,,1.36,,359.204,False,True,True,False,True,False,,7.72,12.88,11.3,12.99,10.98,13.41,,,29.59,448680,,,,,,,20.58022,-13.33693,1.31,0.37,1.0,2026-08-07T00:00:00,1981-06-03T00:00:00,6/3/1981,360374400,2026-07-22T00:00:00
219,CAF,-0.17010000000000003,1.12132,1.35123,0.262949,37.97,1,Morningstar US CEF Asia Equity,74,Morgan Stanley,False,19.46,0.21,23.45,2026-08-07T00:00:00,617468103,Morgan Stanley China A Share,2026-08-07,XCAFX,Equity-Asia Equity,,262.228,,Annually,0.12144,0.262949,20.0,,,,1.52,,315.994,False,True,False,False,False,False,,12.16,14.06,1.32,0.66,14.53,10.31,,,37.52,378310,,,,,,,17.73732,-13.86047,-1.5899999999999999,-1.16,-1.42,2026-08-07T00:00:00,2006-09-28T00:00:00,9/28/2006,1159401600,2025-12-19T00:00:00
220,MSD,-0.078,7.54717,8.18554,0.15,11.88,12,Morningstar US CEF Emerging Market Income,75,"Morgan Stanley Investment Management, Inc.",False,7.33,0.02,7.95,2026-08-07T00:00:00,61744H105,Morgan Stanley Emerging Markets Debt,2026-08-07,XMSDX,Fixed Income - Taxable-Emerging Market Income,0.03,148.295,,Quarterly,0.21902,0.15,15.0,6.6698,,6.98,1.36,,160.839,True,False,False,False,False,False,,11.61,14.8,3.33,3.89,3.6,1.98,,,5.61,991710,,,,,,,7.41589,-6.48117,-0.65,0.81,-0.09,2026-08-07T00:00:00,1993-07-23T00:00:00,7/23/1993,743385600,2026-06-30T00:00:00
221,EDD,0.0034000000000000002,16.10738,16.05351,0.24,20.62,12,Morningstar US CEF Emerging Market Income,75,"Morgan Stanley Investment Management, Inc.",False,5.98,-0.01,5.96,2026-08-07T00:00:00,617477104,Morgan Stanley Emrgng Mkts Domestic Debt,2026-08-07,XEDDX,Fixed Income - Taxable-Emerging Market Income,14.5,385.447,,Quarterly,0.28033,0.24,20.0,6.5045,,8.22,2.18,,449.307,True,True,True,False,False,False,,11.56,17.75,5.45,8.15,6.29,14.64,,,27.48,3674020,,,,,,,5.57467,-5.24877,2.15,1.26,1.7000000000000002,2026-08-07T00:00:00,2007-04-24T00:00:00,4/24/2007,1177372800,2026-06-30T00:00:00
222,IIF,-0.1142,7.53097,8.50177,1.985164,-7.86,1,Morningstar US CEF Asia Equity,75,"Morgan Stanley Investment Management, Inc.",False,23.35,0.09,26.36,2026-08-07T00:00:00,61745C105,Morgan Stanley India Investment,2026-08-07,XIIFX,Equity-Asia Equity,,220.498,,Annually,-0.10782,1.985164,15.0,,,,1.35,,248.922,False,False,False,False,False,False,,7.23,11.59,6.51,8.91,-7.27,-8.13,,,-9.46,309790,,,,,,,24.30666,-11.03618,-0.48,-0.14,-0.28,2026-08-07T00:00:00,1994-02-25T00:00:00,2/25/1994,762134400,2025-12-19T00:00:00
223,NML,-0.0977,7.46856,8.27717,0.07008,28.11,6,Morningstar US CEF MLP,76,Neuberger Berman,False,10.16,0.09,11.26,2026-08-07T00:00:00,64129H104,NB Energy Infra and Income Fund Inc,2026-08-07,XNMLX,Equity-MLP,25.53,575.655,,Monthly,-0.18702,0.07008,20.0,,,,1.07,,856.643,True,True,True,False,False,False,,20.65,23.93,21.52,26.22,26.17,28.87,,,29.44,1638890,,,,,,,9.33633,-10.34557,0.53,0.22,0.66,2026-08-07T00:00:00,2013-03-26T00:00:00,3/26/2013,1364256000,2026-07-15T00:00:00
224,NBXG,-0.1275,8.23328,9.43644,0.12,11.78,10,Morningstar US CEF US Equity,76,Neuberger Berman,False,15.26,0.22,17.49,2026-08-07T00:00:00,64133Q108,Neuberger Brmn Nxt Gnrtn Cnnctvty,2026-08-07,XNBGX,Equity-U.S. Equity,,1201.9,,Monthly,-0.05846,0.12,20.0,,,,1.35,,1377.539,False,True,True,False,False,False,,16.86,21.09,4.49,3.8,6.19,7.36,,,8.31,1952700,,,,,,,14.73605,-12.75788,0.01,0.9,1.1400000000000001,2026-08-07T00:00:00,2021-05-25T00:00:00,5/25/2021,1621900800,2026-07-15T00:00:00
225,NHS,-0.0785,16.40483,17.80328,0.0905,3.16,14,Morningstar US CEF High Yield,76,Neuberger Berman,False,6.1,0.03,6.62,2026-08-07T00:00:00,64128C106,Neuberger High Yield Strategies,2026-08-07,XNHSX,Fixed Income - Taxable-High Yield,32.64,255.32,,Monthly,0.18333,0.0905,15.0,7.1132,,5.93,3.39,,411.366,True,False,False,False,False,False,,8.09,6.44,1.45,-0.64,-0.67,-11.03,,,-4.9,2073800,,,100.1385,,4.83,3.27,6.98706,-2.36649,-1.34,-0.9,-0.72,2026-08-07T00:00:00,2003-07-28T00:00:00,7/28/2003,1059350400,2026-07-15T00:00:00
226,NBH,-0.07730000000000001,5.84043,6.3295,0.054169999999999996,8.92,21,Morningstar US CEF Municipal,76,Neuberger Berman,False,10.27,0.12,11.13,2026-08-07T00:00:00,64124P101,Neuberger Municipal Fund,2026-08-07,XNBHX,Fixed Income - Municipal-Municipal,40.88,304.177,,Monthly,0.13171,0.054169999999999996,15.0,5.0582,0.24230000000000002,20.2,3.87,,557.549,True,False,True,True,False,False,,2.3,5.37,-1.88,-3.44,0.9400000000000001,4.24,,,10.54,934060,15.43,0.00914,99.8748,,14.23,8.49,10.27985,-8.70852,0.9500000000000001,0.02,0.55,2026-08-07T00:00:00,2002-09-27T00:00:00,9/27/2002,1033084800,2026-07-31T00:00:00
227,NRO,-0.08539999999999999,11.41463,12.48,0.0312,10.32,7,Morningstar US CEF Real Estate,76,Neuberger Berman,False,3.0,0.04,3.28,2026-08-07T00:00:00,64190A103,Neuberger Real Estate Securities Income,2026-08-07,XNROX,Equity-Real Estate,25.2,190.085,,Monthly,0.06094,0.0312,15.0,,,,3.12,,277.827,True,False,False,False,False,False,,9.3,11.15,1.18,-0.16,9.52,5.71,,,4.9,2424340,,,,,,,3.05833,-6.69745,-0.84,0.21,-0.07,2026-08-07T00:00:00,2003-10-31T00:00:00,10/31/2003,1067558400,2026-07-15T00:00:00
228,GF,-0.0862,2.43478,2.6643600000000003,0.154,-3.42,9,Morningstar US CEF Single Country Equity,40,DWS,False,11.56,0.0,12.65,2026-08-07T00:00:00,644465106,New Germany,2026-08-07,XGFNX,Equity-Single-Country Equity,11.69,187.038,,Semi-Annually,-0.05716,0.154,20.0,,,,1.31,,231.775,True,True,True,False,False,False,,5.25,8.06,-4.94,-3.9,-1.15,-0.66,,,-2.42,240980,,,,,,,11.47155,-9.96141,1.16,0.44,0.6900000000000001,2026-08-07T00:00:00,1990-01-30T00:00:00,1/30/1990,633657600,2026-05-26T00:00:00
229,NVG,0.0097,7.64516,7.57188,0.079,8.47,21,Morningstar US CEF Municipal,81,"Nuveen Fund Advisors, LLC.",False,12.52,0.13,12.4,2026-08-07T00:00:00,67071L106,Nuveen AMT-Free Muni Credit Inc,2026-08-07,XNVGX,Fixed Income - Municipal-Municipal,42.06,2703.086,-0.02,Monthly,0.29602,0.079,15.0,4.8322,,18.56,3.64,,4620.583,True,False,True,False,False,False,,3.15,8.87,-1.73,-1.02,0.04,2.31,,,14.8,5470170,23.9,2.93,94.2236,,14.46,9.04,12.55119,-1.00109,1.03,1.24,0.49,2026-08-07T00:00:00,2002-03-25T00:00:00,3/25/2002,1017014400,2026-07-15T00:00:00
230,NUW,-0.0584,3.9086600000000002,4.15121,0.048499999999999995,5.9,21,Morningstar US CEF Municipal,81,"Nuveen Fund Advisors, LLC.",False,14.02,0.07,14.89,2026-08-07T00:00:00,670695105,Nuveen AMT-Free Municipal Value Fund,2026-08-07,XNUWX,Fixed Income - Municipal-Municipal,7.26,251.678,-0.073,Monthly,0.30096,0.048499999999999995,15.0,5.4454,,19.29,0.75,,288.22,True,False,False,False,False,False,,2.89,4.31,-0.05,-0.15,0.45,-0.11,,,6.61,379660,9.3,0.09000000000000001,98.9732,,8.94,8.3,14.21044,-5.14282,-0.79,-0.5,-0.79,2026-08-07T00:00:00,2009-02-25T00:00:00,2/25/2009,1235520000,2026-07-15T00:00:00
231,NEA,0.0097,7.20848,7.13911,0.06799999999999999,7.83,21,Morningstar US CEF Municipal,81,"Nuveen Fund Advisors, LLC.",False,11.43,0.11,11.32,2026-08-07T00:00:00,670657105,Nuveen AMT-Free Quality Muni Inc,2026-08-07,XNEAX,Fixed Income - Municipal-Municipal,41.1,3457.503,0.018000000000000002,Monthly,0.25491,0.06799999999999999,15.0,5.1782,,19.14,3.5300000000000002,,5813.158,True,False,True,False,False,False,,2.25,8.05,-1.9500000000000002,-0.97,0.0,0.98,,,12.72,8453410,20.8,4.12,97.8969,,11.13,7.68,11.47038,-0.87316,1.37,1.37,1.19,2026-08-07T00:00:00,2002-11-21T00:00:00,11/21/2002,1037836800,2026-07-15T00:00:00
232,NAZ,0.07769999999999999,6.49782,6.02917,0.062,9.62,24,Morningstar US CEF Municipal-Single State,81,"Nuveen Fund Advisors, LLC.",False,12.34,0.13,11.45,2026-08-07T00:00:00,67061W104,Nuveen AZ Quality Muni Inc,2026-08-07,XNAZX,Fixed Income - Municipal-Municipal - Single-State,39.26,158.897,0.031,Monthly,0.20512,0.062,15.0,4.7939,,17.61,3.55,,242.736,True,True,True,False,False,False,,2.8,10.7,-1.1400000000000001,-0.16,0.93,5.75,,,12.06,222060,17.4,0.9500000000000001,100.5175,,12.3,7.89,12.19789,5.14197,0.74,-0.68,0.05,2026-08-07T00:00:00,1992-11-19T00:00:00,11/19/1992,722131200,2026-07-15T00:00:00
233,NKX,0.0371,7.28499,7.02439,0.072,9.67,22,Morningstar US CEF Municipal-CA,81,"Nuveen Fund Advisors, LLC.",False,12.3,0.05,11.86,2026-08-07T00:00:00,670651108,Nuveen CA AMT - Free Quality Muni Inc,2026-08-07,XNCMX,Fixed Income - Municipal-Municipal - CA,39.64,680.118,-0.014,Monthly,0.25181,0.072,15.0,4.7667,,18.17,3.77,,1086.374,True,False,False,False,False,False,,2.8200000000000003,8.51,-1.9100000000000001,-0.25,0.91,1.48,,,13.2,1360810,21.7,0.5800000000000001,98.6644,,12.92,7.87,12.50605,3.91559,-0.13,-0.49,-0.06,2026-08-07T00:00:00,2002-11-22T00:00:00,11/22/2002,1037923200,2026-07-15T00:00:00
234,NCA,-0.0033,3.93873,3.9516999999999998,0.03,6.99,22,Morningstar US CEF Municipal-CA,81,"Nuveen Fund Advisors, LLC.",False,9.11,0.07,9.14,2026-08-07T00:00:00,67062C107,Nuveen CA Municipal Value,2026-08-07,XNCAX,Fixed Income - Municipal-Municipal - CA,0.0,302.835,-0.012,Monthly,0.17651,0.03,10.0,4.7234,,18.86,0.54,,303.832,True,False,True,False,False,False,,3.16,4.84,-0.14,-0.07,1.06,2.52,,,10.38,697170,22.2,1.31,99.5691,,,7.87,9.12639,-0.36899000000000004,0.02,-0.73,-0.97,2026-08-07T00:00:00,1987-10-07T00:00:00,10/7/1987,560563200,2026-07-15T00:00:00
235,NAC,0.0377,7.30938,7.04392,0.06949999999999999,10.47,22,Morningstar US CEF Municipal-CA,81,"Nuveen Fund Advisors, LLC.",False,11.84,0.08,11.41,2026-08-07T00:00:00,67066Y105,Nuveen CA Quality Muni Income,2026-08-07,XNACX,Fixed Income - Municipal-Municipal - CA,39.05,1958.565,-0.005,Monthly,0.24164,0.06949999999999999,15.0,4.739,,19.06,3.79,,3096.825,True,True,True,False,False,False,,2.75,9.89,-1.98,-0.29,0.87,3.65,,,14.78,5054760,23.1,1.04,99.0817,,12.64,8.06,11.78527,1.6339100000000002,1.45,0.65,1.06,2026-08-07T00:00:00,1999-05-26T00:00:00,5/26/1999,927676800,2026-07-15T00:00:00
236,JCE,-0.0722,7.96935,8.58997,0.364,20.24,10,Morningstar US CEF US Equity,81,"Nuveen Fund Advisors, LLC.",True,16.95,0.04,18.27,2026-08-07T00:00:00,67090X107,Nuveen Core Equity Alpha,2026-08-07,XJCEX,Equity-U.S. Equity,1.35,288.195,0.0,Quarterly,0.00449,0.364,20.0,,,,0.9900000000000001,,310.639,True,True,False,False,True,False,,19.13,17.58,12.5,11.25,9.22,7.64,,,15.88,391000,,,,,,,15.86501,-6.21976,-0.8200000000000001,0.09,-0.44,2026-08-07T00:00:00,2007-03-27T00:00:00,3/27/2007,1174953600,2026-06-15T00:00:00
237,NPCT,-0.0789,10.08451,10.94801,0.0895,4.02,15,Morningstar US CEF Investment Grade,81,"Nuveen Fund Advisors, LLC.",True,9.81,0.04,10.65,2026-08-07T00:00:00,67080D103,Nuveen Core Plus Impact Fund,2026-08-07,XNPCX,Fixed Income - Taxable-Investment Grade,37.19,282.087,,Monthly,0.23152,0.0895,20.0,4.3325,,28.25,4.43,,487.561,True,False,False,False,True,False,,7.38,10.75,-3.25,-3.47,0.26,1.77,,,0.12,1257440,23.9,0.0,89.7405,,7.44,5.43,10.38218,-6.49934,-0.8,-0.43,-0.84,2026-08-07T00:00:00,2021-04-27T00:00:00,4/27/2021,1619481600,2026-07-15T00:00:00
238,JQC,-0.1043,11.06145,12.34927,0.049499999999999995,5.69,19,Morningstar US CEF Senior Loans,81,"Nuveen Fund Advisors, LLC.",True,4.8100000000000005,0.04,5.37,2026-08-07T00:00:00,67073D102,Nuveen Credit Strategies Income Fund,2026-08-07,XJQCX,Fixed Income - Taxable-Senior Loans,38.34,710.998,-0.082,Monthly,0.23976,0.049499999999999995,15.0,,,5.03,5.09,,1287.376,True,False,False,False,True,False,,8.57,10.34,4.97,4.72,2.5300000000000002,1.97,,,-2.54,7741290,84.5,0.0,,,,,5.01042,-8.90972,-0.5700000000000001,0.92,0.16,2026-08-07T00:00:00,2003-06-25T00:00:00,6/25/2003,1056499200,2026-07-15T00:00:00
239,NDMO,-0.020499999999999997,6.86217,7.00599,0.058499999999999996,7.0,21,Morningstar US CEF Municipal,81,"Nuveen Fund Advisors, LLC.",True,10.02,0.09,10.23,2026-08-07T00:00:00,67079X102,Nuveen Dynamic Municipal Opportunities,2026-08-07,XNDMX,Fixed Income - Municipal-Municipal,31.18,606.383,,Monthly,0.23738,0.058499999999999996,15.0,5.5666,,17.88,2.83,,899.567,True,False,False,False,True,False,,4.62,3.79,-2.52,-3.84,1.0,2.77,,,8.83,1440370,19.8,0.36000000000000004,98.3671,,10.32,7.61,10.31245,-1.04983,-0.73,-1.94,-2.07,2026-08-07T00:00:00,2020-08-26T00:00:00,8/26/2020,1598400000,2026-07-15T00:00:00
240,JFR,-0.0694,11.19617,12.03085,0.078,5.83,19,Morningstar US CEF Senior Loans,81,"Nuveen Fund Advisors, LLC.",True,7.78,0.06,8.36,2026-08-07T00:00:00,67072T108,Nuveen Floating Rate Income,2026-08-07,XJFRX,Fixed Income - Taxable-Senior Loans,37.35,1252.327,0.015000000000000001,Monthly,0.37027,0.078,15.0,,,4.84,4.78,,2147.888,True,False,True,False,True,False,,9.14,11.41,6.18,6.47,3.02,5.96,,,2.63,7421140,88.3,0.0,,,,,7.8026800000000005,-8.6806,0.8300000000000001,1.58,1.69,2026-08-07T00:00:00,2004-03-25T00:00:00,3/25/2004,1080172800,2026-07-15T00:00:00
241,JGH,-0.0766,9.05908,9.81043,0.1035,7.21,13,Morningstar US CEF Global Income,81,"Nuveen Fund Advisors, LLC.",True,12.66,0.04,13.71,2026-08-07T00:00:00,67075G103,Nuveen Global High Income Fund,2026-08-07,XJGHX,Fixed Income - Taxable-Global Income,29.0,356.073,-0.026000000000000002,Monthly,0.48098,0.1035,20.0,7.8075,,6.6,3.37,,543.105,True,False,False,False,True,False,,11.34,13.02,4.88,5.2,3.9,5.11,,,4.3,1014600,35.9,0.0,99.6217,,,,12.80998,-7.03507,-0.33,-0.12,-0.14,2026-08-07T00:00:00,2014-11-24T00:00:00,11/24/2014,1416787200,2026-07-15T00:00:00
242,NMT,0.1401,6.5642,5.75734,0.0605,9.0,24,Morningstar US CEF Municipal-Single State,81,"Nuveen Fund Advisors, LLC.",False,12.61,0.04,11.06,2026-08-07T00:00:00,67061E104,Nuveen MA Quality Muni Inc,2026-08-07,XNMTX,Fixed Income - Municipal-Municipal - Single-State,39.26,130.537,0.026000000000000002,Monthly,0.20713,0.0605,15.0,4.8606,,19.66,3.45,,188.492,True,True,True,False,False,False,,2.32,13.29,-2.01,1.44,1.15,16.01,,,19.45,205210,24.1,1.7000000000000002,101.787,,7.76,8.13,11.99585,7.34897,1.2,-0.61,0.5,2026-08-07T00:00:00,1993-03-18T00:00:00,3/18/1993,732412800,2026-07-15T00:00:00
243,NMS,0.0017000000000000001,6.53979,6.5285,0.063,7.91,24,Morningstar US CEF Municipal-Single State,81,"Nuveen Fund Advisors, LLC.",False,11.58,0.1,11.56,2026-08-07T00:00:00,670734102,Nuveen MN Quality Muni Inc,2026-08-07,XMNSX,Fixed Income - Municipal-Municipal - Single-State,40.19,74.243,-0.014,Monthly,0.0,0.063,15.0,4.6871,,17.04,3.66,,123.915,True,False,False,False,False,False,,2.66,7.73,-1.19,-0.77,-0.59,1.2,,,8.02,149610,42.2,0.0,100.4127,,11.29,6.73,11.94943,0.9480000000000001,-0.39,-1.9300000000000002,-1.46,2026-08-07T00:00:00,1993-06-25T00:00:00,6/25/1993,740966400,2026-07-15T00:00:00
244,JLS,-0.08220000000000001,9.77188,10.6474,0.1535,6.0,14,Morningstar US CEF High Yield,81,"Nuveen Fund Advisors, LLC.",True,17.3,0.02,18.85,2026-08-07T00:00:00,670735109,Nuveen Mortgage and Income Fund,2026-08-07,XJLSX,Fixed Income - Taxable-High Yield,22.9,94.746,0.009000000000000001,Monthly,0.77533,0.1535,25.0,7.6376,,17.62,3.07,,133.891,True,False,False,False,True,False,,9.55,12.85,4.35,4.97,2.9,0.58,,,0.89,190230,0.0,0.0,97.1182,,,,18.32066,-4.5467200000000005,-2.21,-1.0,-1.58,2026-08-07T00:00:00,2009-11-25T00:00:00,11/25/2009,1259107200,2026-07-15T00:00:00
245,NMAI,-0.0541,9.08023,9.6,0.11599999999999999,20.2,25,Morningstar US CEF Global Allocation,81,"Nuveen Fund Advisors, LLC.",True,14.5,0.21,15.33,2026-08-07T00:00:00,670750108,Nuveen Multi-Asset Income,2026-08-07,XNMAX,Hybrid-Global Allocation,29.05,484.672,,Monthly,0.17114000000000001,0.11599999999999999,20.0,6.1007,,,3.38,,722.179,True,True,True,False,True,False,,13.32,18.02,,,10.39,13.83,,,23.59,1110980,28.0,,98.2273,,,,13.3192,-8.17687,2.43,1.6400000000000001,1.8900000000000001,2026-08-07T00:00:00,2021-11-22T00:00:00,11/22/2021,1637539200,2026-07-15T00:00:00
246,JMM,-0.09970000000000001,5.42056,6.02076,0.028999999999999998,3.01,15,Morningstar US CEF Investment Grade,81,"Nuveen Fund Advisors, LLC.",True,5.78,-0.02,6.42,2026-08-07T00:00:00,67075J107,Nuveen Multi-Market Income Fund,2026-08-07,XJMMX,Fixed Income - Taxable-Investment Grade,29.62,54.692,-0.001,Monthly,0.13925,0.028999999999999998,12.0,5.5173,,4.27,3.59,,86.316,True,False,False,False,True,False,,5.38,4.91,1.07,0.49,-0.75,-1.1400000000000001,,,-2.99,89270,26.5,0.0,97.3279,,,,6.04306,-8.0535,-0.8300000000000001,0.51,-0.19,2026-08-07T00:00:00,1988-12-30T00:00:00,12/30/1988,599443200,2026-07-15T00:00:00
247,NZF,0.004,7.68735,7.6565,0.0795,9.28,21,Morningstar US CEF Municipal,81,"Nuveen Fund Advisors, LLC.",False,12.46,0.09,12.41,2026-08-07T00:00:00,67070X101,Nuveen Municipal Credit Income,2026-08-07,XNZFX,Fixed Income - Municipal-Municipal,40.44,2450.249,-0.015000000000000001,Monthly,0.31359,0.0795,15.0,5.3227,,20.06,3.61,,4097.617,True,False,True,False,False,False,,3.23,8.36,-1.35,-1.04,1.13,1.3599999999999999,,,12.53,5303760,25.1,2.6,95.556,,11.88,8.1,12.49958,-0.83701,0.99,0.76,0.52,2026-08-07T00:00:00,2001-09-25T00:00:00,9/25/2001,1001376000,2026-07-15T00:00:00
248,NMCO,0.0009,7.79886,7.79147,0.06849999999999999,8.5,21,Morningstar US CEF Municipal,81,"Nuveen Fund Advisors, LLC.",False,10.55,0.04,10.54,2026-08-07T00:00:00,670663103,Nuveen Municipal Credit Opps Fund,2026-08-07,XNMCX,Fixed Income - Municipal-Municipal,42.25,597.83,-0.035,Monthly,0.35941,0.06849999999999999,15.0,5.8775,,22.08,4.5,,1034.234,True,False,True,False,False,False,,2.91,4.08,-2.24,-1.87,2.05,6.75,,,12.31,1610400,31.7,0.27,88.147,,15.53,9.46,10.65916,-0.33852000000000004,0.33,-0.8200000000000001,-0.6,2026-08-07T00:00:00,2019-09-16T00:00:00,9/16/2019,1568592000,2026-07-15T00:00:00
249,NMZ,0.0049,7.67578,7.63848,0.0655,9.47,21,Morningstar US CEF Municipal,81,"Nuveen Fund Advisors, LLC.",False,10.29,0.05,10.24,2026-08-07T00:00:00,670682103,Nuveen Municipal High Income Opp Fd,2026-08-07,XNMZX,Fixed Income - Municipal-Municipal,39.78,2216.751,0.044000000000000004,Monthly,0.15638,0.0655,15.0,5.8165,,21.09,3.5,,3663.376,True,False,True,False,False,False,,3.9699999999999998,5.63,-1.53,-1.94,1.4,4.21,,,10.35,4606540,21.6,1.36,93.5717,,10.18,8.4,10.3908,-0.04329,0.54,1.0,0.67,2026-08-07T00:00:00,2003-11-19T00:00:00,11/19/2003,1069200000,2026-07-15T00:00:00
250,NMI,0.0951,4.62475,4.22316,0.038,7.14,21,Morningstar US CEF Municipal,81,"Nuveen Fund Advisors, LLC.",False,10.7976,0.0,9.86,2026-08-07T00:00:00,67062J102,Nuveen Municipal Income,2026-08-07,XNMIX,Fixed Income - Municipal-Municipal,2.99,130.564,-0.019,Monthly,0.21289,0.038,12.0,5.4326,,21.66,0.75,,119.227,True,True,True,False,False,False,,4.32,8.03,0.71,2.27,2.1,12.05,,,14.7,268390,17.4,0.66,100.4984,,,8.41,10.23043,3.71198,1.51,0.0,0.8,2026-08-07T00:00:00,1988-04-20T00:00:00,4/20/1988,577497600,2026-07-15T00:00:00
251,NUV,0.0055000000000000005,4.30939,4.28571,0.0325,5.78,21,Morningstar US CEF Municipal,81,"Nuveen Fund Advisors, LLC.",False,9.1,0.07,9.05,2026-08-07T00:00:00,670928100,Nuveen Municipal Value,2026-08-07,XNUVX,Fixed Income - Municipal-Municipal,6.15,1913.115,-0.018000000000000002,Monthly,0.19290000000000002,0.0325,10.0,5.2885,,18.4,0.66,,1902.603,True,True,True,False,False,False,,2.93,5.94,0.02,-1.03,0.62,3.54,,,11.73,4866250,11.1,0.79,97.8694,,,8.09,9.05808,-0.6513000000000001,1.06,0.23,0.51,2026-08-07T00:00:00,1987-06-17T00:00:00,6/17/1987,550886400,2026-07-15T00:00:00
252,QQQX,-0.0557,9.13649,9.67552,0.738,16.18,3,Morningstar US CEF Covered Call,81,"Nuveen Fund Advisors, LLC.",True,30.51,0.21,32.31,2026-08-07T00:00:00,670699107,Nuveen NASDAQ 100 Dynamic Overwrite,2026-08-07,XQQQX,Equity-Covered-Call Funds,,1489.705,0.0,Quarterly,-0.030780000000000002,0.738,20.0,,,,0.89,,1577.593,False,True,True,False,True,False,,15.78,14.88,9.36,8.22,4.66,8.36,,,20.93,1041570,,,,,,,28.46715,-7.46591,0.9400000000000001,-0.32,0.26,2026-08-07T00:00:00,2007-01-30T00:00:00,1/30/2007,1170115200,2026-06-15T00:00:00
253,NRK,-0.0132,7.41509,7.51434,0.0655,9.89,23,Morningstar US CEF Municipal-NY,81,"Nuveen Fund Advisors, LLC.",False,10.46,0.13,10.6,2026-08-07T00:00:00,670656107,Nuveen NY AMT - Free Quality Muni Inc,2026-08-07,XNRKX,Fixed Income - Municipal-Municipal - NY,42.28,912.481,0.004,Monthly,0.2495,0.0655,15.0,4.7063,,20.12,3.69,,1601.974,True,True,True,False,False,False,,1.79,7.04,-2.16,-0.53,0.65,7.16,,,19.58,3237720,22.3,0.11000000000000001,97.1229,,15.06,8.94,10.24057,-5.17576,1.5,0.8300000000000001,1.07,2026-08-07T00:00:00,2002-11-21T00:00:00,11/21/2002,1037836800,2026-07-15T00:00:00
254,NNY,-0.0557,4.02273,4.25993,0.0295,6.91,23,Morningstar US CEF Municipal-NY,81,"Nuveen Fund Advisors, LLC.",False,8.31,0.07,8.8,2026-08-07T00:00:00,67062M105,Nuveen NY Municipal Value,2026-08-07,XNNYX,Fixed Income - Municipal-Municipal - NY,0.0,156.943,-0.037,Monthly,0.17478,0.0295,10.0,4.8241,,20.56,0.5700000000000001,,166.197,True,False,False,False,False,False,,2.91,3.35,0.22,-0.52,1.09,-1.44,,,6.98,364550,26.8,0.0,98.2305,,,8.86,8.46928,-3.9287,-1.2,-1.88,-2.1,2026-08-07T00:00:00,1987-10-07T00:00:00,10/7/1987,560563200,2026-07-15T00:00:00
255,NAN,0.013500000000000002,7.31839,7.22124,0.06799999999999999,9.63,23,Morningstar US CEF Municipal-NY,81,"Nuveen Fund Advisors, LLC.",False,11.3,0.1,11.15,2026-08-07T00:00:00,67066X107,Nuveen NY Quality Muni Inc,2026-08-07,XNANX,Fixed Income - Municipal-Municipal - NY,39.91,373.524,0.013000000000000001,Monthly,0.25368,0.06799999999999999,15.0,5.0604,,21.25,3.77,,613.405,True,False,True,False,False,False,,2.22,8.36,-1.8,-0.4,0.99,3.64,,,9.21,705760,26.1,0.01,99.9827,,13.22,8.52,11.40747,0.68203,0.65,-0.71,0.05,2026-08-07T00:00:00,1999-05-26T00:00:00,5/26/1999,927676800,2026-07-15T00:00:00
256,JPC,-0.009000000000000001,9.61538,9.70246,0.0625,6.32,18,Morningstar US CEF Preferreds,81,"Nuveen Fund Advisors, LLC.",False,7.73,0.0,7.8,2026-08-07T00:00:00,67073B106,Nuveen Pref & Income Opps Fund,2026-08-07,XJPCX,Fixed Income - Taxable-Preferreds,37.66,2900.6,-0.042,Monthly,0.24068,0.0625,15.0,7.673,,,4.67,,4694.72,True,False,False,False,False,False,,10.9,15.6,3.45,3.54,0.96,0.19,,,4.86,9810280,8.2,0.0,104.2944,,,,8.01352,0.16945000000000002,-1.09,-1.08,-0.76,2026-08-07T00:00:00,2003-03-26T00:00:00,3/26/2003,1048636800,2026-07-15T00:00:00
257,NAD,0.0085,7.1755700000000004,7.11522,0.0705,8.56,21,Morningstar US CEF Municipal,81,"Nuveen Fund Advisors, LLC.",False,11.89,0.1,11.79,2026-08-07T00:00:00,67066V101,Nuveen Quality Muni Income Fund,2026-08-07,XNADX,Fixed Income - Municipal-Municipal,41.89,2779.733,0.023,Monthly,0.27975,0.0705,15.0,5.2239,,19.9,3.74,,4742.934,True,True,True,False,False,False,,2.5700000000000003,8.37,-1.56,-0.7000000000000001,0.5700000000000001,1.52,,,12.81,6769680,23.8,1.21,97.3594,,11.17,7.62,11.85084,-1.2213,1.6099999999999999,1.98,1.52,2026-08-07T00:00:00,1999-05-26T00:00:00,5/26/1999,927676800,2026-07-15T00:00:00
258,JRI,-0.047599999999999996,11.91078,12.50585,0.1335,13.71,25,Morningstar US CEF Global Allocation,81,"Nuveen Fund Advisors, LLC.",True,12.81,0.15,13.45,2026-08-07T00:00:00,67074Y105,Nuveen Real Asset Inc and Grwt,2026-08-07,XJRIX,Hybrid-Global Allocation,31.55,463.7,0.0,Monthly,0.26714,0.1335,20.0,6.5326,,,3.9,,711.312,True,False,False,False,True,False,,11.2,16.53,4.8,6.41,8.08,2.2800000000000002,,,11.39,1433610,24.2,0.0,100.7422,,,,13.24789,-2.27033,-0.65,0.1,0.52,2026-08-07T00:00:00,2012-04-25T00:00:00,4/25/2012,1335312000,2026-07-15T00:00:00
259,JRS,-0.0919,8.11966,8.94118,0.19,23.03,7,Morningstar US CEF Real Estate,81,"Nuveen Fund Advisors, LLC.",True,8.5,0.05,9.36,2026-08-07T00:00:00,67071B108,Nuveen Real Estate Income,2026-08-07,XJRSX,Equity-Real Estate,27.47,245.586,0.0,Quarterly,0.07692,0.19,15.0,,,,3.4,,372.834,True,True,False,False,True,False,,11.03,13.0,2.85,3.03,19.97,17.81,,,22.93,786530,0.0,,,,6.49,,8.02141,-8.20044,-0.65,0.54,0.25,2026-08-07T00:00:00,2001-11-15T00:00:00,11/15/2001,1005782400,2026-06-15T00:00:00
260,SPXX,-0.09029999999999999,8.0095,8.80418,0.4215,20.86,3,Morningstar US CEF Covered Call,81,"Nuveen Fund Advisors, LLC.",True,19.15,0.26,21.05,2026-08-07T00:00:00,6706EW100,Nuveen S&P 500 Dynamic Overwrite,2026-08-07,XSSPX,Equity-Covered-Call Funds,,2639.157,0.0,Quarterly,0.02449,0.4215,20.0,,,,0.9700000000000001,,2901.005,False,True,False,False,True,False,,15.26,13.57,10.36,8.08,10.38,6.76,,,11.01,1320840,,,,,,,17.78421,-8.63569,-0.15,1.23,1.03,2026-08-07T00:00:00,2005-11-22T00:00:00,11/22/2005,1132617600,2026-06-15T00:00:00
261,NIM,-0.050199999999999995,3.52941,3.71596,0.028999999999999998,3.86,21,Morningstar US CEF Municipal,81,"Nuveen Fund Advisors, LLC.",False,9.365,0.04,9.86,2026-08-07T00:00:00,67061T101,Nuveen Select Maturity Muni,2026-08-07,XNIMX,Fixed Income - Municipal-Municipal,0.41000000000000003,116.562,-0.007,Monthly,0.16949,0.028999999999999998,12.0,4.4409,,8.43,0.5800000000000001,,122.723,True,False,True,False,False,False,,2.98,4.39,0.93,-0.19,0.11,0.52,,,4.78,194300,18.5,1.46,99.3385,,,5.0,9.36804,-5.80631,0.58,1.01,0.06,2026-08-07T00:00:00,1992-09-18T00:00:00,9/18/1992,716774400,2026-07-15T00:00:00
262,NXP,0.0042,4.51477,4.4958,0.0535,6.23,21,Morningstar US CEF Municipal,81,"Nuveen Fund Advisors, LLC.",False,14.28,0.08,14.22,2026-08-07T00:00:00,67062F100,Nuveen Select Tax Free Inc,2026-08-07,XNXPX,Fixed Income - Municipal-Municipal,3.73,899.864,0.014,Monthly,0.28791,0.0535,15.0,5.0515,,17.48,0.35000000000000003,,896.083,True,False,True,False,False,False,,3.62,3.45,0.77,-0.26,1.07,2.87,,,6.62,1391490,13.9,1.3,95.6524,,9.19,7.95,14.28588,-0.11257,0.58,0.58,0.54,2026-08-07T00:00:00,1992-03-19T00:00:00,3/19/1992,700963200,2026-07-15T00:00:00
263,NBB,-0.027800000000000002,7.31061,7.51948,0.0965,4.88,20,Morningstar US CEF Taxable Muni,81,"Nuveen Fund Advisors, LLC.",False,15.4,0.1,15.84,2026-08-07T00:00:00,67074C103,Nuveen Taxable Municipal Income,2026-08-07,XNBBX,Fixed Income - Taxable-Taxable Muni,38.72,452.679,-0.051000000000000004,Monthly,0.47616,0.0965,20.0,6.9058,,16.81,3.24,,759.828,True,False,False,False,False,False,,5.61,7.16,-1.06,-1.51,-0.27,0.47000000000000003,,,4.18,574030,5.5,0.0,103.6971,,,7.36,15.88941,-2.67415,-0.11,0.01,0.26,2026-08-07T00:00:00,2010-04-27T00:00:00,4/27/2010,1272326400,2026-07-15T00:00:00
264,NPV,-0.0232,6.57754,6.73358,0.0615,8.42,24,Morningstar US CEF Municipal-Single State,81,"Nuveen Fund Advisors, LLC.",False,10.96,0.1,11.22,2026-08-07T00:00:00,67064R102,Nuveen VA Quality Muni Inc,2026-08-07,XNPVX,Fixed Income - Municipal-Municipal - Single-State,40.07,214.718,0.026000000000000002,Monthly,0.2321,0.0615,15.0,4.8846,,18.31,3.54,,366.762,True,False,False,False,False,False,,2.49,6.14,-1.6,-3.2800000000000002,0.29,1.47,,,5.83,482400,32.1,1.52,97.6252,,11.51,7.5600000000000005,11.35708,-0.70521,-0.96,-1.58,-2.13,2026-08-07T00:00:00,1993-03-18T00:00:00,3/18/1993,732412800,2026-07-15T00:00:00
265,NPFD,-0.054299999999999994,9.61598,10.16784,0.1565,6.38,18,Morningstar US CEF Preferreds,81,"Nuveen Fund Advisors, LLC.",False,18.47,0.04,19.53,2026-08-07T00:00:00,67080R102,Nuveen Variable Rate Pref & Inc Fund,2026-08-07,XNPFX,Fixed Income - Taxable-Preferreds,36.72,446.312,,Monthly,0.5723900000000001,0.1565,25.0,7.4602,,,4.79,,745.832,True,False,False,False,False,False,,10.43,13.81,,,1.08,1.06,,,3.15,654090,7.2,0.0,103.0703,,5.58,3.54,19.22418,-3.92991,-1.16,-0.72,-0.97,2026-08-07T00:00:00,2021-12-15T00:00:00,12/15/2021,1639526400,2026-07-15T00:00:00
266,SRV,0.0286,13.30967,12.9394,0.5,25.63,6,Morningstar US CEF MLP,33,Cushing Asset Management LP,False,46.37,-0.13,45.08,2026-08-07T00:00:00,231631300,NXG Cushing Midstream Energy Fund,2026-08-07,XSRVX,Equity-MLP,15.91,216.437,,Monthly,0.04701,0.5,20.0,,,,4.32,,347.65,True,True,True,False,False,False,,24.46,22.46,19.45,27.98,27.19,29.19,,,30.57,560560,,,,,4.57,,44.29677,-0.9296300000000001,1.16,0.99,1.6,2026-08-07T00:00:00,2007-08-27T00:00:00,8/27/2007,1188172800,2026-07-15T00:00:00
267,NXG,0.0322,12.47617,12.08662,0.6,25.07,8,Morningstar US CEF Sector Equity,33,Cushing Asset Management LP,False,59.57,0.33,57.71,2026-08-07T00:00:00,231647207,NXG NextGen Infrastructure Inc,2026-08-07,XNXGX,Equity-Sector Equity,22.34,337.196,,Monthly,-0.31863,0.6,25.0,,,,4.16,,589.893,True,True,True,False,False,False,,21.04,32.08,12.59,18.9,26.1,22.76,,,23.35,665780,,,,,1.07,,53.04651,-1.66058,1.35,1.1400000000000001,1.45,2026-08-07T00:00:00,2012-09-26T00:00:00,9/26/2012,1348617600,2026-07-15T00:00:00
268,MEGI,-0.08039999999999999,9.06892,9.86193,0.125,17.96,8,Morningstar US CEF Sector Equity,77,New York Life Investment Management LLC,False,15.21,0.08,16.54,2026-08-07T00:00:00,56064Q107,NYLI CBRE Glb Infra Megatrends Term Fund,2026-08-07,XMEGI,Equity-Sector Equity,22.67,791.643,,Monthly,0.39004,0.125,20.0,,,,3.73,,1113.166,True,True,True,False,False,False,,10.85,14.69,,,14.78,17.89,,,18.19,1573190,,,,,,,14.67337,-9.28837,0.76,0.9500000000000001,1.4,2026-08-07T00:00:00,2021-10-27T00:00:00,10/27/2021,1635292800,2026-07-24T00:00:00
269,MMD,-0.0786,4.97238,5.3964,0.06749999999999999,8.49,21,Morningstar US CEF Municipal,77,New York Life Investment Management LLC,False,15.01,0.09,16.29,2026-08-07T00:00:00,56064K100,NYLI MacKay DefinedTerm Muni Opps Fund,2026-08-07,XMMDX,Fixed Income - Municipal-Municipal,34.43,281.88,0.24000000000000002,Monthly,0.42096,0.06749999999999999,20.0,5.1948,,,2.72,,466.577,True,False,False,False,False,True,,2.66,0.56,-0.8200000000000001,-3.32,1.62,3.42,,,7.61,640550,,,104.6098,,,5.7,15.12674,-7.2219,-0.52,-1.72,-0.8200000000000001,2026-08-07T00:00:00,2012-06-27T00:00:00,6/27/2012,1340755200,2026-07-15T00:00:00
270,OCCI,-0.22260000000000002,18.29268,23.52941,0.049999999999999996,-33.4,19,Morningstar US CEF Senior Loans,82,"OFS Capital Management, LLC",True,2.55,-0.04,3.33,2026-06-30T00:00:00,67111Q107,OFS Credit Company Inc,2026-08-07,OCCI,Fixed Income - Taxable-Senior Loans,47.88,74.752,,Monthly,0.33629000000000003,0.049999999999999996,20.0,13.384,,,13.31,,184.473,True,False,False,False,True,False,,-8.83,-16.6,-8.33,-12.48,-24.35,-41.66,,,-47.59,2858490,,,,,,,4.05434,-12.84631,-0.88,-0.38,-0.18,2026-08-07T00:00:00,2018-10-05T00:00:00,10/5/2018,1538697600,2026-07-15T00:00:00
271,OXLC,-0.12710000000000002,22.7704,26.08696,0.19999999999999998,-33.9,19,Morningstar US CEF Senior Loans,83,Oxford Lane Management,False,9.2,0.39,10.74,2026-06-30T00:00:00,691543847,Oxford Lane Capital Corp,2026-08-07,OXLCX,Fixed Income - Taxable-Senior Loans,42.88,898.377,,Monthly,1.29355,0.19999999999999998,20.0,10.7207,,,9.78,,1801.888,True,False,True,False,False,False,,-3.22,-10.03,-1.82,-5.79,-20.34,-23.67,,,-28.21,12402340,,,,,,,12.43356,-16.23045,0.38,0.43,0.47000000000000003,2026-08-07T00:00:00,2011-01-20T00:00:00,1/20/2011,1295481600,2026-07-17T00:00:00
272,PCM,0.025300000000000003,13.9148,13.57183,0.06423999999999999,5.95,16,Morningstar US CEF Limited Duration,84,"Pacific Investment Management Company, LLC",False,5.68,0.01,5.54,2026-08-07T00:00:00,69323T101,PCM Fund,2026-08-07,XPCMX,Fixed Income - Taxable-Limited Duration,35.87,70.503,0.037,Monthly,0.31452,0.06423999999999999,15.0,6.3667,,6.53,4.76,,107.226,True,False,False,False,False,False,,7.84,-4.78,2.32,-2.6,0.89,-1.1400000000000001,,,1.09,526090,,,84.0078,,,,6.01997,3.8555800000000002,-0.38,0.72,0.45,2026-08-07T00:00:00,1993-09-02T00:00:00,9/2/1993,746928000,2026-07-13T00:00:00
273,PDCC,-0.187,14.09214,17.33333,0.13,-28.14,19,Morningstar US CEF Senior Loans,86,Pearl Diver Capital LLP,True,9.0,-1.1,11.2,2026-06-30T00:00:00,70476Q100,Pearl Diver Credit Company Inc,2026-08-07,PDCC,Fixed Income - Taxable-Senior Loans,34.42,61.826,,Monthly,0.93322,0.13,20.0,11.0222,,,8.24,,114.719,True,False,False,False,True,False,,,,,,-13.78,-30.16,,,-35.71,58180,,,,,,,13.10268,-4.41984,-2.1,-1.1,-1.47,2026-08-07T00:00:00,2024-07-18T00:00:00,7/18/2024,1721260800,2026-07-17T00:00:00
274,PSUS,-0.1867,,,,,10,Morningstar US CEF US Equity,87,"Pershing Square Capital Management, L.P.",False,39.25,2.54,48.26,2026-07-31T00:00:00,71531T105,"Pershing Square USA, Ltd",2026-08-07,PSUSX,Equity-U.S. Equity,,,,Annually,,,50.0,,,,0.0,,,False,True,True,False,False,False,,,,,,,,,,,0,,,,,,,,,,0.39,,2026-08-07T00:00:00,2026-04-29T00:00:00,4/29/2026,1777420800,
275,GHY,-0.0832,9.79782,10.68702,0.105,6.5,14,Morningstar US CEF High Yield,88,PGIM,False,11.79,0.05,12.86,2026-08-07T00:00:00,69346J106,"PGIM Global High Yield Fund, Inc.",2026-08-07,XGHYX,Fixed Income - Taxable-High Yield,15.96,482.932,,Monthly,0.4495,0.105,20.0,6.5255,,,2.5,,626.76,True,False,False,False,False,False,,10.44,11.82,4.18,4.61,2.09,-0.46,,,-1.53,1547440,,,97.2896,,,,12.361,-5.51585,-0.97,-0.48,-0.49,2026-08-07T00:00:00,2012-12-21T00:00:00,12/21/2012,1356048000,2026-07-09T00:00:00
276,ISD,-0.077,9.24431,10.0159,0.105,4.8,14,Morningstar US CEF High Yield,88,PGIM,False,12.58,0.05,13.63,2026-08-07T00:00:00,69346H100,"PGIM High Yield Bond Fund, Inc.",2026-08-07,XISDX,Fixed Income - Taxable-High Yield,20.36,418.862,,Monthly,0.55298,0.105,20.0,6.6495,,,2.15,,453.823,True,False,False,False,False,False,,8.75,10.02,4.09,4.28,1.37,-9.87,,,-4.89,899830,,,98.2549,,,,13.87962,-0.35138,-1.75,-1.4100000000000001,-1.11,2026-08-07T00:00:00,2012-04-26T00:00:00,4/26/2012,1335398400,2026-07-09T00:00:00
277,SDHY,-0.0596,7.5,7.97538,0.108,3.7800000000000002,14,Morningstar US CEF High Yield,88,PGIM,True,16.25,0.15,17.28,2026-08-07T00:00:00,69355J104,PGIM Short Duration High Yield Opps,2026-08-07,XSDHX,Fixed Income - Taxable-High Yield,22.15,400.937,,Monthly,0.74624,0.108,20.0,6.3811,,,2.52,,426.35,True,False,True,False,True,False,,7.55,10.51,4.49,4.44,1.19,2.12,,,4.65,687040,,,99.4088,,,,16.39507,-6.69089,0.6900000000000001,1.55,1.16,2026-08-07T00:00:00,2020-11-25T00:00:00,11/25/2020,1606262400,2026-07-09T00:00:00
278,PAXS,-0.0272,12.17108,12.51082,0.1494,7.46,17,Morningstar US CEF Multi-Sector,90,PIMCO,True,14.33,0.06,14.73,2026-08-07T00:00:00,72203T100,PIMCO Access Income,2026-08-07,XPAAX,Fixed Income - Taxable-Multi-Sector,39.23,675.682,,Monthly,0.7612800000000001,0.1494,20.0,7.1091,,7.51,5.85,,1142.934,True,False,False,False,True,False,,12.02,10.84,,,1.9100000000000001,-0.63,,,2.63,1824040,,,87.1897,,,,15.20592,0.8086200000000001,-1.2,-0.19,-0.61,2026-08-07T00:00:00,2022-01-31T00:00:00,1/31/2022,1643587200,2026-07-13T00:00:00
279,PCQ,-0.105,4.40367,4.92027,0.036,10.39,22,Morningstar US CEF Municipal-CA,84,"Pacific Investment Management Company, LLC",False,8.78,-0.01,9.81,2026-08-07T00:00:00,72200N106,PIMCO CA Municipal Income,2026-08-07,XPCQX,Fixed Income - Municipal-Municipal - CA,42.18,492.845,0.161,Monthly,0.16229,0.036,15.0,4.7722,,14.81,4.27,,952.369,True,True,True,False,False,False,,2.05,-1.27,-2.98,-10.54,0.08,1.23,,,9.24,1610150,,,93.2247,,16.3,9.4,8.76448,-11.26575,1.04,1.34,0.91,2026-08-07T00:00:00,2001-06-29T00:00:00,6/29/2001,993772800,2026-07-13T00:00:00
280,PTY,0.0305,12.40731,12.04054,0.11879999999999999,8.93,15,Morningstar US CEF Investment Grade,90,PIMCO,False,11.84,0.01,11.49,2026-08-07T00:00:00,72201B101,PIMCO Corporate & Income Opportunity Fd,2026-08-07,XPTYX,Fixed Income - Taxable-Investment Grade,17.24,2580.349,0.218,Monthly,0.56621,0.11879999999999999,15.0,,,7.79,1.27,,3025.571,True,False,False,False,False,False,,15.21,3.15,8.08,-0.3,2.5700000000000003,-2.59,,,-5.69,10299970,,,92.5257,,,,12.86414,9.94805,-1.15,-0.78,-1.01,2026-08-07T00:00:00,2002-12-27T00:00:00,12/27/2002,1040947200,2026-07-13T00:00:00
281,PCN,0.0313,11.74935,11.39241,0.11249999999999999,7.57,15,Morningstar US CEF Investment Grade,84,"Pacific Investment Management Company, LLC",False,11.85,0.05,11.49,2026-08-07T00:00:00,72200U100,PIMCO Corporate & Income Strgy,2026-08-07,XPCNX,Fixed Income - Taxable-Investment Grade,5.8100000000000005,895.973,0.038,Monthly,0.55593,0.11249999999999999,15.0,,,7.24,1.2,,922.351,True,False,False,False,False,False,,13.43,5.59,6.97,1.05,2.09,-2.42,,,3.22,3217370,,,92.1813,,,,12.43939,6.13402,-0.99,0.52,-0.42,2026-08-07T00:00:00,2001-12-21T00:00:00,12/21/2001,1008892800,2026-07-13T00:00:00
282,PDI,0.014499999999999999,16.69401,16.45522,0.2205,8.58,17,Morningstar US CEF Multi-Sector,84,"Pacific Investment Management Company, LLC",False,16.08,0.02,15.85,2026-08-07T00:00:00,72201Y101,PIMCO Dynamic Income Fund,2026-08-07,XPDIX,Fixed Income - Taxable-Multi-Sector,31.66,7585.062,,Monthly,0.8963,0.2205,25.0,7.0675,,7.46,4.46,,10939.477,True,False,False,False,False,False,,13.36,9.52,6.02,3.2800000000000002,2.17,-0.88,,,-2.8,26716920,,,89.285,,,,17.88816,8.38508,-1.6099999999999999,-1.58,-1.74,2026-08-07T00:00:00,2012-05-25T00:00:00,5/25/2012,1337904000,2026-07-13T00:00:00
283,PDO,0.0171,11.93468,11.73394,0.12789999999999999,9.26,13,Morningstar US CEF Global Income,84,"Pacific Investment Management Company, LLC",True,13.08,0.01,12.86,2026-08-07T00:00:00,69355M107,PIMCO Dynamic Income Opportunities Fund,2026-08-07,XPDOX,Fixed Income - Taxable-Global Income,34.36,1894.102,,Monthly,0.6564,0.12789999999999999,20.0,7.2428,,7.31,5.22,,2837.223,True,False,False,False,True,False,,13.44,12.57,3.39,3.0,2.17,0.9500000000000001,,,8.6,5995320,,,87.4408,,,,13.57075,3.69999,-1.1400000000000001,-0.32,-0.5700000000000001,2026-08-07T00:00:00,2021-01-29T00:00:00,1/29/2021,1611878400,2026-07-13T00:00:00
284,PDX,-0.08560000000000001,6.78018,7.41454,0.1334,7.64,25,Morningstar US CEF Global Allocation,90,PIMCO,True,21.59,-0.01,23.61,2026-08-07T00:00:00,69346N107,PIMCO Dynamic Income Strategy Fund,2026-08-07,XPDX,Hybrid-Global Allocation,22.56,965.223,,Monthly,0.70899,0.1334,20.0,6.1113,,6.61,3.29,,1363.009,True,False,True,False,True,True,,17.81,22.07,21.28,24.39,16.88,18.99,,,7.57,1174020,,,89.6993,,,,21.61819,-9.47415,0.51,1.32,1.51,2026-08-07T00:00:00,2019-01-30T00:00:00,1/30/2019,1548806400,2026-07-13T00:00:00
285,PGP,-0.07200000000000001,8.89366,9.58333,0.06899999999999999,22.26,25,Morningstar US CEF Global Allocation,84,"Pacific Investment Management Company, LLC",False,8.64,-0.01,9.31,2026-08-07T00:00:00,722011103,PIMCO Global StocksPLUS & Income,2026-08-07,XPGPX,Hybrid-Global Allocation,48.28,100.152,0.07,Monthly,0.38544,0.06899999999999999,25.0,6.7163,,7.5600000000000005,2.5300000000000002,,208.658,True,False,False,False,False,False,,18.92,16.04,7.75,5.01,7.43,-2.01,,,11.55,427390,,,92.7925,,,,8.74358,-0.8921000000000001,-2.46,-1.42,-1.71,2026-08-07T00:00:00,2005-05-31T00:00:00,5/31/2005,1117497600,2026-07-13T00:00:00
286,PHK,0.044199999999999996,12.74336,12.20339,0.048,9.2,17,Morningstar US CEF Multi-Sector,84,"Pacific Investment Management Company, LLC",False,4.72,0.01,4.52,2026-08-07T00:00:00,722014107,PIMCO High Income,2026-08-07,XPHKX,Fixed Income - Taxable-Multi-Sector,19.93,883.39,-0.044000000000000004,Monthly,0.23584,0.048,15.0,,,8.09,1.44,,1056.522,True,False,True,False,False,False,,13.28,10.04,6.74,3.9699999999999998,3.27,2.98,,,7.96,7468990,,,92.8093,,,,4.78073,4.07842,0.19,1.53,0.67,2026-08-07T00:00:00,2003-04-30T00:00:00,4/30/2003,1051660800,2026-07-13T00:00:00
287,PFL,0.028999999999999998,12.88654,12.52308,0.0814,6.47,17,Morningstar US CEF Multi-Sector,90,PIMCO,False,7.8,0.0,7.58,2026-08-07T00:00:00,72201H108,PIMCO Income Strategy,2026-08-07,XPFLX,Fixed Income - Taxable-Multi-Sector,7.8,389.385,0.077,Monthly,0.35014,0.0814,20.0,,,6.86,1.8599999999999999,,410.408,True,False,False,False,False,False,,12.22,10.24,5.06,2.18,1.82,-1.46,,,3.7800000000000002,2068400,,,89.0405,,,,8.19328,4.47686,-0.78,0.9500000000000001,-0.12,2026-08-07T00:00:00,2003-08-26T00:00:00,8/26/2003,1061856000,2026-07-13T00:00:00
288,PFN,0.028900000000000002,12.4329,12.08415,0.0718,8.39,17,Morningstar US CEF Multi-Sector,84,"Pacific Investment Management Company, LLC",False,7.13,0.01,6.93,2026-08-07T00:00:00,72201J104,PIMCO Income Strategy II,2026-08-07,XPFNX,Fixed Income - Taxable-Multi-Sector,24.0,704.483,0.094,Monthly,0.36318,0.0718,20.0,,,8.1,1.71,,900.996,True,False,True,False,False,False,,13.32,12.62,5.63,2.96,2.5300000000000002,1.45,,,6.5,4350120,,,91.5001,,,,7.25885,2.8159400000000003,0.03,0.98,0.9,2026-08-07T00:00:00,2004-10-29T00:00:00,10/29/2004,1099008000,2026-07-13T00:00:00
289,PML,-0.0608,6.0,6.38814,0.0395,7.98,21,Morningstar US CEF Municipal,90,PIMCO,False,7.42,0.06,7.9,2026-08-07T00:00:00,72200W106,PIMCO Municipal Income II,2026-08-07,XPMLX,Fixed Income - Municipal-Municipal,42.72,930.971,0.10300000000000001,Monthly,0.22416,0.0395,15.0,4.8605,,14.19,4.19,,1730.378,True,False,False,False,False,False,,1.25,-1.58,-3.76,-8.31,-0.23,0.38,,,8.03,4510890,,,95.705,,15.68,9.07,7.59567,-5.72258,-0.29,0.65,0.04,2026-08-07T00:00:00,2002-06-28T00:00:00,6/28/2002,1025222400,2026-07-13T00:00:00
290,PNI,-0.1035,4.57956,5.10823,0.0295,9.07,23,Morningstar US CEF Municipal-NY,90,PIMCO,False,6.93,0.07,7.73,2026-08-07T00:00:00,72200Y102,PIMCO NY Municipal Income II,2026-08-07,XPNIX,Fixed Income - Municipal-Municipal - NY,41.65,165.526,0.065,Monthly,0.17601,0.0295,15.0,4.8205,,14.29,4.31,,316.406,True,False,True,False,False,False,,0.88,1.19,-4.29,-6.12,0.3,1.6400000000000001,,,10.76,582740,,,96.1901,,16.81,9.8,6.93593,-10.98557,0.9400000000000001,0.38,0.59,2026-08-07T00:00:00,2002-06-28T00:00:00,6/28/2002,1025222400,2026-07-13T00:00:00
291,RCS,0.1475,10.41215,9.07372,0.04,9.97,15,Morningstar US CEF Investment Grade,90,PIMCO,False,5.29,0.03,4.61,2026-08-07T00:00:00,72200X104,PIMCO Strategic Income Fund,2026-08-07,XRCSX,Fixed Income - Taxable-Investment Grade,80.22,250.459,0.019,Monthly,0.23481000000000002,0.04,12.5,6.5454,,7.52,3.49,,1103.383,True,False,False,False,False,False,,15.1,7.43,5.04,1.8900000000000001,2.88,-2.14,,,-20.71,1536790,,,99.6224,,,,6.15177,32.93936,-1.07,-1.02,-1.28,2026-08-07T00:00:00,1994-02-24T00:00:00,2/24/1994,762048000,2026-07-13T00:00:00
292,PWRL,-0.2807,,,,,8,Morningstar US CEF Sector Equity,91,Powerlaw Fund Adviser LLC,False,11.66,-2.5300000000000002,16.21,2026-06-30T00:00:00,738922103,Powerlaw Corp.,2026-08-07,XPWRX,Equity-Sector Equity,,,,,,,,,,,0.0,,,False,True,True,False,False,False,,,,,,,,,,,0,,,,,,,,,,,,2026-08-07T00:00:00,2026-05-27T00:00:00,5/27/2026,1779840000,
293,PGZ,-0.0739,11.36159,12.26874,0.105,8.96,7,Morningstar US CEF Real Estate,92,Principal Funds,True,10.27,0.03,11.09,2026-08-07T00:00:00,74255X104,Principal Real Estate Income Fund,2026-08-07,XPGZX,Equity-Real Estate,30.12,68.748,,Monthly,0.34794,0.105,20.0,3.6927,,,4.79,,106.238,True,True,True,False,True,False,,11.67,15.03,0.67,3.27,4.62,9.71,,,11.33,263530,,,80.4473,,4.67,,10.18574,-10.04215,1.88,1.05,1.53,2026-08-07T00:00:00,2013-06-26T00:00:00,6/26/2013,1372204800,2026-07-17T00:00:00
294,UTG,-0.0038,6.39756,6.42202,0.21,5.44,8,Morningstar US CEF Sector Equity,93,Reaves Asset Management,True,39.24,0.42,39.39,2026-08-07T00:00:00,756158101,Reaves Utility Income,2026-08-07,XUTGX,Equity-Sector Equity,20.75,3614.363,,Monthly,0.14102,0.21,20.0,,,,2.09,,4578.18,True,False,True,False,True,False,,19.31,19.41,9.79,9.59,8.3,8.31,,,6.88,2501190,,,,,2.62,,39.39291,-0.41105,0.02,0.33,0.22,2026-08-07T00:00:00,2004-02-24T00:00:00,2/24/2004,1077580800,2026-07-17T00:00:00
295,RCG,-0.0102,,,0.022371,21.29,26,Morningstar US CEF US Allocation,63,Horizon Kinetics Asset Management LLC,False,2.9892000000000003,0.09,3.02,2026-08-07T00:00:00,759720105,RENN Fund ord,2026-08-07,XXRENNX,Hybrid-U.S. Allocation,11.03,20.972,,Data Not Available,-0.00658,0.022371,10.0,,,,1.56,,21.188,True,True,True,False,False,False,,13.08,18.38,6.45,7.85,12.72,17.32,,,16.41,80720,,,,,0.15,,2.76377,-9.47317,1.99,2.2800000000000002,1.78,2026-08-07T00:00:00,1994-01-20T00:00:00,1/20/1994,759024000,2024-12-16T00:00:00
296,RSF,-0.029900000000000003,10.946110000000001,11.28395,0.1371,8.08,14,Morningstar US CEF High Yield,94,"RiverNorth Capital Management, LLC",False,14.58,0.03,15.03,2026-08-07T00:00:00,76882B108,RiverNorth Capital and Inc Fund,2026-08-07,XRSFX,Fixed Income - Taxable-High Yield,9.65,50.511,,Monthly,1.04616,0.1371,21.42,,,,6.38,,52.07,True,False,True,False,False,False,,8.74,9.04,6.15,5.58,4.37,8.18,,,10.67,173680,,,,,2.96,,14.59256,-4.26764,1.26,0.77,0.75,2026-08-07T00:00:00,2016-09-22T00:00:00,9/22/2016,1474502400,2026-07-15T00:00:00
297,RFM,-0.058100000000000006,6.67846,7.09054,0.0881,10.95,21,Morningstar US CEF Municipal,94,"RiverNorth Capital Management, LLC",True,14.91,0.34,15.83,2026-08-07T00:00:00,76883H104,RiverNorth Flexible Municipal Income,2026-08-07,XRFMX,Fixed Income - Municipal-Municipal,39.93,91.17,,Monthly,0.26571,0.0881,20.0,5.1339,,,4.92,,161.136,True,True,True,False,True,True,,4.1,3.86,-1.04,-1.48,3.7800000000000002,8.81,,,14.23,218940,,,101.6818,,17.23,17.45,14.35149,-8.85164,2.6,2.39,2.25,2026-08-07T00:00:00,2020-03-26T00:00:00,3/26/2020,1585180800,2026-07-15T00:00:00
298,RFMZ,-0.0806,6.7046600000000005,7.29252,0.0804,10.94,21,Morningstar US CEF Municipal,94,"RiverNorth Capital Management, LLC",True,13.23,0.13,14.39,2026-08-07T00:00:00,76883Y107,RiverNorth Flexible Municipal Income II,2026-08-07,XRFZX,Fixed Income - Municipal-Municipal,40.44,322.174,,Monthly,0.25023,0.0804,20.0,5.1559,,,5.04,,588.352,True,True,True,False,True,True,,4.38,5.07,-0.72,-1.81,3.54,7.66,,,12.87,757540,,,101.2073,,16.29,15.96,13.01264,-9.36929,1.01,-0.42,0.62,2026-08-07T00:00:00,2021-02-24T00:00:00,2/24/2021,1614124800,2026-07-15T00:00:00
299,RMMZ,-0.0641,6.7203,7.18066,0.0891,10.36,21,Morningstar US CEF Municipal,94,"RiverNorth Capital Management, LLC",False,14.89,0.18,15.91,2026-08-07T00:00:00,76882M104,RiverNorth Manage Dur Muni Inc Fd II Inc,2026-08-07,XRMZX,Fixed Income - Municipal-Municipal,40.91,125.895,,Monthly,0.25979,0.0891,20.0,5.1833,,,4.97,,227.634,True,True,True,False,False,True,,3.86,4.64,,,3.33,5.92,,,13.83,242340,,,102.0403,,16.06,14.6,14.79704,-6.92014,0.48,0.98,0.8200000000000001,2026-08-07T00:00:00,2022-02-10T00:00:00,2/10/2022,1644451200,2026-07-15T00:00:00
300,RMM,-0.0304,6.70891,6.91899,0.0847,10.76,21,Morningstar US CEF Municipal,94,"RiverNorth Capital Management, LLC",False,14.69,0.27,15.15,2026-08-07T00:00:00,76882H105,RiverNorth Managed Duration Muni Inc Fd,2026-08-07,XRMMX,Fixed Income - Municipal-Municipal,40.61,289.975,,Monthly,0.2686,0.0847,20.0,5.105,,,4.75,,503.565,True,True,True,False,False,True,,4.11,4.09,0.4,-0.91,3.43,9.68,,,11.4,726450,,,101.5299,,9.95,16.69,14.1355,-6.44451,1.92,1.75,1.43,2026-08-07T00:00:00,2019-07-25T00:00:00,7/25/2019,1564012800,2026-07-15T00:00:00
301,RMI,-0.0116,6.6884,6.76689,0.08889999999999999,11.12,21,Morningstar US CEF Municipal,94,"RiverNorth Capital Management, LLC",False,15.765,0.04,15.95,2026-08-07T00:00:00,76883F108,RiverNorth Opp Muni Income Fund Inc,2026-08-07,XRMIX,Fixed Income - Municipal-Municipal,39.66,100.495,,Monthly,0.26035,0.08889999999999999,20.0,5.14,,,4.93,,168.526,True,True,True,False,False,True,,4.1,5.51,-1.04,-0.11,3.84,13.9,,,20.63,279200,,,101.6429,,16.95,16.93,14.92016,-6.0452,1.74,1.9100000000000001,1.57,2026-08-07T00:00:00,2018-10-25T00:00:00,10/25/2018,1540425600,2026-07-15T00:00:00
302,RIV,-0.0492,12.85644,13.522,0.1306,9.59,26,Morningstar US CEF US Allocation,94,"RiverNorth Capital Management, LLC",True,11.59,0.13,12.19,2026-08-07T00:00:00,76881Y109,RiverNorth Opportunities Fund,2026-08-07,XRIVX,Hybrid-U.S. Allocation,25.58,317.233,,Monthly,0.24094000000000002,0.1306,20.0,6.1355,,7.28,2.07,,448.326,True,False,True,False,True,True,,12.6,13.68,6.64,4.01,1.9100000000000001,4.66,,,5.58,934220,,,97.8914,,,,11.73365,-5.13141,0.11,-0.49,-0.52,2026-08-07T00:00:00,2015-12-23T00:00:00,12/23/2015,1450828800,2026-07-15T00:00:00
303,OPP,-0.076,13.1725,14.25587,0.091,7.68,14,Morningstar US CEF High Yield,94,"RiverNorth Capital Management, LLC",True,7.66,0.03,8.29,2026-08-07T00:00:00,76882G107,RiverNorth/DoubleLine Strategic Opp Fund,2026-08-07,XOPPX,Fixed Income - Taxable-High Yield,37.48,191.424,,Monthly,0.31625000000000003,0.091,20.0,4.9979,,,2.7800000000000002,,331.36,True,False,True,False,True,True,,9.76,10.85,2.48,0.55,1.5899999999999999,4.03,,,2.62,1039560,,,75.0367,,,,7.95988,-8.04981,0.19,0.91,1.0,2026-08-07T00:00:00,2016-09-27T00:00:00,9/27/2016,1474934400,2026-07-15T00:00:00
304,RVI,0.1267,,,,,5,Morningstar US CEF Global Equity,95,"Robinhood Ventures DE, LLC",True,28.19,-5.76,25.02,2026-06-30T00:00:00,770701100,Robinhood Ventures Fund I,2026-08-07,XRVIX,Equity-Global Equity,,768.099,,Annually,,,25.0,,,,2.72,,681.725,False,True,True,False,True,False,,,,,,,,,,,0,,,,,,,,,,-0.88,,2026-08-07T00:00:00,2026-03-06T00:00:00,3/6/2026,1772755200,
305,BOT,2.7821,,,,,8,Morningstar US CEF Sector Equity,52,"FP Strategies, LLC",True,28.65,-4.64,10.51,2026-06-30T00:00:00,77106T107,RoboStrategy Inc,2026-08-07,XBOTX,Equity-Sector Equity,,,,,,,,,,,0.0,,,False,True,True,False,True,False,,,,,,,,,,,0,,,,,,,,,,,,2026-08-07T00:00:00,2026-05-11T00:00:00,5/11/2026,1778457600,
306,RGT,-0.1291,1.06205,1.21951,0.19,24.87,5,Morningstar US CEF Global Equity,96,Royce Investment Partners,False,15.58,0.06,17.89,2026-08-07T00:00:00,78081T104,"Royce Global Trust, Inc.",2026-08-07,XRGTX,Equity-Global Equity,2.11,102.249,,Annually,-0.93737,0.19,8.975,,,,1.35,,117.409,True,True,True,False,False,False,,17.94,19.95,6.35,5.53,14.44,15.33,,,26.65,195360,,,,,,,13.63019,-14.750070000000001,1.6600000000000001,2.5,2.45,2026-08-07T00:00:00,2013-10-18T00:00:00,10/18/2013,1382054400,2025-12-11T00:00:00
307,RMT,-0.12050000000000001,5.19159,5.90302,0.21,51.45,10,Morningstar US CEF US Equity,96,Royce Investment Partners,True,14.23,0.19,16.18,2026-08-07T00:00:00,780915104,Royce Micro-Cap Trust,2026-08-07,XOTCX,Equity-U.S. Equity,2.26,760.999,,Quarterly,-0.11427,0.21,10.0,,,,1.3900000000000001,,885.282,True,True,False,False,True,False,,21.63,23.15,10.4,11.65,33.46,34.78,,,54.46,1235380,,,,,,,11.7905,-11.49203,-0.78,-0.73,-1.08,2026-08-07T00:00:00,1993-12-14T00:00:00,12/14/1993,755827200,2026-06-11T00:00:00
308,RVT,-0.121,5.79169,6.58874,0.31,30.6,10,Morningstar US CEF US Equity,96,Royce Investment Partners,True,18.82,0.26,21.41,2026-08-07T00:00:00,780910105,Royce Small-Cap Trust,2026-08-07,XRVTX,Equity-U.S. Equity,1.35,2251.396,,Quarterly,0.08396,0.31,10.0,,,,1.35,,2596.232,True,True,False,False,True,False,,16.35,17.3,8.13,8.77,20.38,16.39,,,29.81,2791180,,,,,,,17.09176,-9.75761,-1.27,-0.42,-1.11,2026-08-07T00:00:00,1986-11-26T00:00:00,11/26/1986,533347200,2026-06-11T00:00:00
309,BRW,-0.0986,13.78378,15.29235,0.08499999999999999,-0.42,19,Morningstar US CEF Senior Loans,97,"Saba Capital Management, LP",False,6.67,-0.02,7.4,2026-08-07T00:00:00,78518H202,Saba Capital Income & Opportunities Fund,2026-08-07,XPPRX,Fixed Income - Taxable-Senior Loans,12.48,346.407,,Monthly,0.07357,0.08499999999999999,10.0,,,,5.82,,424.818,True,False,True,False,False,False,,9.06,8.6,7.26,7.29,3.13,3.06,,,-8.46,2656940,,,,,6.5,,7.04791,-10.15936,0.11,0.63,0.81,2026-08-07T00:00:00,1988-05-12T00:00:00,5/12/1988,579398400,2026-07-09T00:00:00
310,SABA,-0.1331,7.23493,8.34602,0.057999999999999996,2.16,13,Morningstar US CEF Global Income,97,"Saba Capital Management, LP",False,8.3393,-0.04,9.62,2026-08-07T00:00:00,880198205,Saba Capital Income & Ops Fund II,2026-08-07,XSABX,Fixed Income - Taxable-Global Income,,225.072,,Monthly,0.07175000000000001,0.057999999999999996,10.0,7.9221,,7.8100000000000005,4.58,,256.001,False,False,False,False,False,False,,9.87,8.32,4.7,2.9699999999999998,5.5600000000000005,4.88,,,-2.96,724930,,,,,,,8.53139,-12.00648,-0.72,-0.29,-0.16,2026-08-07T00:00:00,1988-03-17T00:00:00,3/17/1988,574560000,2026-07-09T00:00:00
311,SPMC,0.1043,24.79339,22.45089,0.19999999999999998,-35.23,19,Morningstar US CEF Senior Loans,99,Sound Point Meridian Management Company LLC,True,10.69,0.85,9.88,2026-06-30T00:00:00,83617A108,Sound Point Meridian Capital Inc,2026-08-07,,Fixed Income - Taxable-Senior Loans,,220.522,,Monthly,1.06488,0.19999999999999998,20.0,,,,10.95,,199.687,False,False,True,False,True,False,,,,,,-20.58,-12.65,,,-28.89,279020,,,,,,,13.08951,-1.00789,1.52,1.3,1.1400000000000001,2026-08-07T00:00:00,2024-06-14T00:00:00,6/14/2024,1718323200,2026-07-15T00:00:00
312,SOR,-0.0827,4.90022,5.34217,0.20829999999999999,15.85,26,Morningstar US CEF US Allocation,48,"First Pacific Advisors, LP",True,46.79,0.21,51.01,2026-08-07T00:00:00,836144303,Source Capital,2026-08-07,XSORX,Hybrid-U.S. Allocation,0.0,385.127,,Monthly,1.17317,0.20829999999999999,17.5,3.0676,,,0.9800000000000001,,419.862,True,True,False,False,True,False,,13.81,15.06,9.11,9.52,6.99,5.01,,,13.95,106750,,,,,,,46.13775,-4.95762,-1.43,-0.39,-0.9500000000000001,2026-08-07T00:00:00,1968-10-24T00:00:00,10/24/1968,-37497600,2026-07-15T00:00:00
313,SPE,-0.1447,8.26092,9.65864,0.10869999999999999,0.91,10,Morningstar US CEF US Equity,22,Bulldog Investors LLP,False,13.505,0.14,15.79,2026-08-07T00:00:00,84741T104,Special Opportunities,2026-08-07,XSPEX,Equity-U.S. Equity,24.99,143.466,,Monthly,0.02606,0.10869999999999999,15.0,5.1616,,19.11,1.8599999999999999,,223.634,True,False,False,False,False,False,,12.68,15.43,8.1,7.96,-2.42,-6.45,,,-3.05,342580,,,,,,,14.64116,-10.48585,-2.24,-1.01,-1.5,2026-08-07T00:00:00,1993-06-08T00:00:00,6/8/1993,739497600,2026-06-16T00:00:00
314,FUND,-0.10640000000000001,4.94874,5.5381599999999995,0.1424,35.81,10,Morningstar US CEF US Equity,101,Sprott Asset Management USA Inc.,True,10.285,0.13,11.51,2026-08-07T00:00:00,85208J109,Sprott Focus Trust,2026-08-07,XFUNX,Equity-U.S. Equity,0.0,307.478,,Quarterly,0.07343,0.1424,10.0,,,,1.13,,344.1,True,True,False,False,True,False,,13.63,13.33,11.1,11.84,17.15,17.55,,,38.28,260300,,,,,,,9.18512,-10.62294,-0.03,-0.8,-0.36,2026-08-07T00:00:00,1988-03-01T00:00:00,3/1/1988,573177600,2026-06-12T00:00:00
315,CEF,-0.0375,,,,33.08,2,Morningstar US CEF Commodity,100,Sprott Asset Management LP,False,43.58,1.25,45.28,2026-08-07T00:00:00,85208R101,Sprott Physical Gold and Silver Trust,2026-08-07,XCEFX,Equity-Commodities,,7490.537,,Data Not Available,0.0,,13.72,,,,0.46,,7782.734,False,False,True,False,False,False,,28.46,28.86,16.96,16.5,-12.05,-12.64,,,32.84,10556900,,,,,,,43.58215,-4.38432,0.46,1.6099999999999999,1.4100000000000001,2026-08-07T00:00:00,2018-01-16T00:00:00,1/16/2018,1516060800,
316,PHYS,-0.0232,,,,22.24,2,Morningstar US CEF Commodity,100,Sprott Asset Management LP,False,32.87,0.67,33.65,2026-08-07T00:00:00,85207H104,Sprott Physical Gold Trust Unit,2026-08-07,,Equity-Commodities,,15757.746,,Data Not Available,0.0,,10.0,,,,0.4,,16131.675,False,True,False,False,False,False,,26.4,25.98,16.7,16.33,-6.61,-7.36,,,21.53,48185910,,,,,,,32.83333,-2.21992,-0.16,1.26,0.45,2026-08-07T00:00:00,2010-02-26T00:00:00,2/26/2010,1267142400,
317,SPPP,-0.05,,,,16.36,2,Morningstar US CEF Commodity,100,Sprott Asset Management LP,False,14.24,0.11,14.99,2026-08-07T00:00:00,85207Q104,Sprott Physical Platinum & Palladium Tr,2026-08-07,,Equity-Commodities,,567.531,,Data Not Available,0.0,,10.0,,,,1.01,,597.422,False,False,False,False,False,False,,7.42,5.75,-5.38,-5.73,-20.59,-20.37,,,12.5,8959230,,,,,,,15.03874,-4.5689,-0.19,1.92,1.71,2026-08-07T00:00:00,2012-12-19T00:00:00,12/19/2012,1355875200,
318,PSLV,-0.0401,,,,55.05,2,Morningstar US CEF Commodity,100,Sprott Asset Management LP,False,20.82,0.65,21.69,2026-08-07T00:00:00,85207K107,Sprott Physical Silver Trust Unit,2026-08-07,,Equity-Commodities,,13169.231,,Data Not Available,0.0,,10.0,,,,0.56,,13719.531,False,False,True,False,False,False,,31.23,30.55,16.58,16.13,-20.05,-20.51,,,51.37,178253420,,,,,,,21.23617,-4.44338,0.25,2.17,1.29,2026-08-07T00:00:00,2010-10-29T00:00:00,10/29/2010,1288310400,
319,STEW,-0.2311,3.27869,4.26439,0.19999999999999998,11.02,10,Morningstar US CEF US Equity,85,Paralel Advisors LLC,True,18.76,0.01,24.4,2026-08-07T00:00:00,101507101,SRH Total Return Fund,2026-08-07,XSTEX,Equity-U.S. Equity,8.68,1809.243,,Quarterly,-0.006500000000000001,0.19999999999999998,10.0,5.4498,,,1.42,,2576.913,True,True,False,False,True,False,,15.95,15.04,11.88,10.47,6.48,3.35,,,9.26,814810,,,,,0.4,,17.9226,-21.33359,-1.69,-0.61,-1.18,2026-08-07T00:00:00,1972-12-07T00:00:00,12/7/1972,92534400,2026-07-24T00:00:00
320,TWN,-0.1864,5.4942,6.75329,6.2002,103.15,1,Morningstar US CEF Asia Equity,80,Nomura Asset Management USA Inc,False,91.81,1.62,112.85,2026-08-07T00:00:00,874036106,Taiwan Fund,2026-08-07,XXTWNXX,Equity-Asia Equity,,527.177,,Annually,0.0,6.2002,22.42,,,,1.32,,647.989,False,True,False,False,False,False,,48.55,49.24,27.9,27.3,63.26,53.82,,,100.36,294800,,,,,,,68.26054,-15.61663,-1.4,-1.09,-0.9400000000000001,2026-08-07T00:00:00,1986-12-23T00:00:00,12/23/1986,535680000,2025-12-29T00:00:00
321,TSI,-0.0947,6.98765,7.71818,0.0283,0.9500000000000001,17,Morningstar US CEF Multi-Sector,102,TCW Investment Management Co LLC,False,4.4,0.01,4.86,2026-08-07T00:00:00,872340104,TCW Strategic Income,2026-08-07,XXCVTXX,Fixed Income - Taxable-Multi-Sector,0.0,210.256,,Monthly,0.13571,0.0283,10.0,4.7379999999999995,,,1.17,,232.237,True,False,False,False,False,False,,5.94,6.03,2.92,1.75,-1.82,-6.99,,,-2.89,1159790,,,89.1304,,,,4.7336100000000005,-6.55549,-1.78,-1.73,-1.28,2026-08-07T00:00:00,1987-03-05T00:00:00,3/5/1987,541900800,2026-07-16T00:00:00
322,TDF,-0.1399,4.6367899999999995,5.39084,0.15,9.0,1,Morningstar US CEF Asia Equity,103,Templeton Asset Management Ltd.,False,11.13,0.21,12.94,2026-08-07T00:00:00,88018T101,Templeton Dragon,2026-08-07,XTDFX,Equity-Asia Equity,0.31,280.655,,Quarterly,0.02559,0.15,15.0,,,,1.21,,327.3,True,False,True,False,False,False,,4.39,4.69,-6.53,-6.95,-2.38,-2.35,,,9.5,745490,,,,,,,11.21119,-14.05361,0.07,0.26,0.4,2026-08-07T00:00:00,1994-09-20T00:00:00,9/20/1994,780019200,2026-06-23T00:00:00
323,TEI,-0.049,9.06294,9.52941,0.054,26.37,12,Morningstar US CEF Emerging Market Income,53,"Franklin Advisers, Inc.",False,6.8,0.06,7.15,2026-08-07T00:00:00,880192109,Templeton Emerg Mkts Income,2026-08-07,XTEIX,Fixed Income - Taxable-Emerging Market Income,16.14,321.153,,Monthly,0.3607,0.054,15.0,8.2846,,,2.37,,402.683,True,True,True,False,False,False,,18.04,21.68,7.55,8.57,8.9,8.47,,,27.71,1871710,,,,,5.59,,6.44527,-5.8429,0.59,0.87,0.6900000000000001,2026-08-07T00:00:00,1993-09-23T00:00:00,9/23/1993,748742400,2026-07-24T00:00:00
324,EMF,-0.10679999999999999,3.92799,4.39762,0.24,61.36,4,Morningstar US CEF Emerging Market Equity,55,Franklin Templeton Investments,False,21.83,0.15,24.44,2026-08-07T00:00:00,880191101,Templeton Emerging Markets,2026-08-07,XEMFX,Equity-Emerging Market Equity,2.66,326.313,,Quarterly,0.05477,0.24,20.0,,,,1.34,,375.327,True,True,False,False,False,False,,28.25,30.01,12.18,13.05,30.73,27.3,,,62.32,399020,,,,,,,18.97852,-10.17137,-0.33,-0.39,-0.39,2026-08-07T00:00:00,1987-02-26T00:00:00,2/26/1987,541296000,2026-06-23T00:00:00
325,CEE,-0.0684,1.69632,1.8207900000000001,0.3871,46.04,4,Morningstar US CEF Emerging Market Equity,40,DWS,False,21.26,0.14,22.82,2026-08-07T00:00:00,153436100,The Central and Eastern Europe Fund,2026-08-07,XCEEX,Equity-Emerging Market Equity,4.78,138.619,,Annually,0.05509,0.3871,19.0,,,,1.26,,156.254,True,True,False,False,False,False,,39.03,33.55,-4.08,-2.5300000000000002,28.47,15.88,,,37.21,296410,,,,,,,18.3827,-0.74614,-2.23,-1.96,-2.54,2026-08-07T00:00:00,1990-03-06T00:00:00,3/6/1990,636681600,2025-12-30T00:00:00
326,TBLD,-0.057,5.28112,5.60054,0.10417,21.59,25,Morningstar US CEF Global Allocation,105,Thornburg Investment Management Inc,False,22.32,0.21,23.67,2026-08-07T00:00:00,885213108,Thornburg Income Builder Opp Trust,2026-08-07,XTBLX,Hybrid-Global Allocation,0.07,716.068,,Monthly,0.26058,0.10417,20.0,5.557,,,1.62,,759.895,True,True,False,False,False,True,,16.37,20.18,10.23,9.39,12.09,12.17,,,19.33,616600,,,89.9154,,,,21.00869,-5.59408,-0.09,-0.07,-0.23,2026-08-07T00:00:00,2021-07-27T00:00:00,7/27/2021,1627344000,2026-07-13T00:00:00
327,TYG,-0.0274,13.01667,13.38342,0.475,6.26,6,Morningstar US CEF MLP,106,"Tortoise Capital Advisors, LLC",False,42.59,0.56,43.79,2026-08-07T00:00:00,89147L886,Tortoise Energy Infrastructure Corp.,2026-08-07,XTYGX,Equity-MLP,20.06,899.7,,Monthly,-0.075,0.475,25.0,,,,3.13,,1391.773,True,False,True,False,False,False,,17.03,24.32,14.83,21.17,9.8,12.58,,,11.47,1246470,,,,,0.25,,44.54751,-5.03315,0.7000000000000001,2.05,0.33,2026-08-07T00:00:00,2004-02-27T00:00:00,2/27/2004,1077840000,2026-07-24T00:00:00
328,SWZ,-0.19760000000000003,7.83925,9.76951,3.0,5.14,9,Morningstar US CEF Single Country Equity,22,Bulldog Investors LLP,False,5.97,0.03,7.44,2026-08-07T00:00:00,870875101,Total Return Securities Fund,2026-08-07,XSWZX,Equity-Single-Country Equity,0.0,77.454,,Quarterly,0.01728,3.0,8.0,5.1558,,19.63,2.21,,96.526,True,False,False,False,False,False,,1.6600000000000001,0.8,1.03,0.73,6.5,-5.14,,,-4.22,717390,,,,,,9.02,6.03255,-15.86855,-1.34,-0.46,-1.12,2026-08-07T00:00:00,1987-08-27T00:00:00,8/27/1987,557020800,2025-03-18T00:00:00
329,TY,-0.09699999999999999,2.88299,3.19284,0.2852,17.54,26,Morningstar US CEF US Allocation,31,"Columbia Mgmt Investment Advisers, LLC",False,35.73,0.25,39.57,2026-08-07T00:00:00,895436103,Tri-Continental,2026-08-07,XTYCX,Hybrid-U.S. Allocation,1.75,1912.112,,Quarterly,0.5488000000000001,0.2852,10.0,6.057,,,0.46,,2155.249,True,True,True,False,False,False,,15.17,17.54,9.49,11.0,9.24,10.29,,,19.03,363470,,,,,4.48,,33.75916,-10.23831,0.68,-0.14,0.5,2026-08-07T00:00:00,1929-01-14T00:00:00,1/14/1929,-1292716800,2026-06-16T00:00:00
330,AIO,-0.0989,7.42013,8.23485,0.18,31.06,8,Morningstar US CEF Sector Equity,108,"Virtus Investment Advisers, LLC",False,26.23,0.16,29.11,2026-08-07T00:00:00,92838Y100,Virtus AI & Tech Opp Fund,2026-08-07,XAIOX,Equity-Sector Equity,11.48,903.336,,Monthly,0.025490000000000002,0.18,20.0,4.6449,,,2.32,,1132.52,True,True,False,False,False,False,,22.72,22.7,10.79,11.68,21.04,21.33,,,15.68,833770,,,,,,,24.11582,-7.67366,-0.58,-0.29,0.17,2026-08-07T00:00:00,2019-10-31T00:00:00,10/31/2019,1572480000,2026-07-13T00:00:00
331,NCV,-0.08289999999999999,8.67624,9.46087,0.13599999999999998,28.56,11,Morningstar US CEF Convertibles,108,"Virtus Investment Advisers, LLC",False,17.25,0.18,18.81,2026-08-07T00:00:00,92838X805,Virtus Convertible & Income Fund,2026-08-07,XNCVX,Fixed Income - Taxable-Convertibles,33.03,389.736,0.012,Monthly,0.12557000000000001,0.13599999999999998,15.0,4.2431,,,2.8200000000000003,,634.541,True,True,True,False,False,False,,16.58,18.33,4.16,4.45,14.72,17.13,,,29.43,891690,,,112.1538,,6.02,,15.91701,-9.98935,1.4,1.6400000000000001,1.13,2026-08-07T00:00:00,2003-03-31T00:00:00,3/31/2003,1049068800,2026-07-13T00:00:00
332,NCZ,-0.0797,8.37209,9.09665,0.12,30.21,11,Morningstar US CEF Convertibles,108,"Virtus Investment Advisers, LLC",False,15.83,0.09,17.12,2026-08-06T00:00:00,92838U801,Virtus Convertible & Income Fund II,2026-08-07,XNCZX,Fixed Income - Taxable-Convertibles,33.59,301.228,0.0,Monthly,0.10316,0.12,15.0,4.1644,,,2.22,,492.82,True,True,True,False,False,False,,17.23,19.64,4.31,5.23,15.73,18.67,,,29.88,649660,,,111.4938,,6.05,,14.44594,-9.6311,1.22,2.08,1.5,2026-08-07T00:00:00,2003-07-31T00:00:00,7/31/2003,1059609600,2026-07-13T00:00:00
333,ACV,-0.023700000000000002,7.7642,7.95287,0.18,27.07,26,Morningstar US CEF US Allocation,108,"Virtus Investment Advisers, LLC",False,27.16,0.46,27.82,2026-08-07T00:00:00,92840N100,Virtus Diversified Inc & Conv Fund,2026-08-07,XACVX,Hybrid-U.S. Allocation,26.64,282.356,,Monthly,-0.00934,0.18,25.0,3.4076,,,3.63,,394.217,True,True,False,False,False,True,,18.67,20.58,7.73,8.85,13.66,6.66,,,30.38,292880,,,,,74.56,,26.04227,-0.58958,-0.48,0.2,-0.41000000000000003,2026-08-07T00:00:00,2015-05-26T00:00:00,5/26/2015,1432598400,2026-07-13T00:00:00
334,NIE,-0.11199999999999999,7.80357,8.78788,0.58,18.55,26,Morningstar US CEF US Allocation,108,"Virtus Investment Advisers, LLC",False,26.4,0.19,29.73,2026-08-07T00:00:00,92841M101,Virtus Equity & Convertible Inc Fund,2026-08-07,XNIEX,Hybrid-U.S. Allocation,,731.517,0.0,Quarterly,0.03966,0.58,25.0,1.9795,,,1.07,,823.788,False,True,False,False,False,False,,15.76,16.3,8.25,9.54,9.76,8.61,,,19.19,587040,,,,,,,25.42052,-10.33423,-0.84,0.16,-0.24,2026-08-07T00:00:00,2007-02-27T00:00:00,2/27/2007,1172534400,2026-06-15T00:00:00
335,VGI,-0.0621,12.167300000000001,12.97297,0.08,6.99,17,Morningstar US CEF Multi-Sector,108,"Virtus Investment Advisers, LLC",True,7.4,0.06,7.89,2026-08-07T00:00:00,92829B101,Virtus Global Multi-Sector Income Fund,2026-08-07,XVGIX,Fixed Income - Taxable-Multi-Sector,30.52,83.717,,Monthly,0.22072,0.08,20.0,6.035,,7.5,3.98,,128.46,True,False,False,False,True,False,,7.97,10.72,1.47,1.51,1.31,-0.62,,,4.14,372500,,,97.9305,,,,7.69255,-5.61249,-0.43,1.78,0.38,2026-08-07T00:00:00,2012-02-23T00:00:00,2/23/2012,1329955200,2026-07-13T00:00:00
336,EDF,0.053399999999999996,14.22925,13.50844,0.06,20.16,12,Morningstar US CEF Emerging Market Income,109,Virtus Investment Advisors (VIA),False,5.33,0.09,5.06,2026-08-07T00:00:00,86164T107,Virtus Stone Harbor Emerging Markets Inc,2026-08-07,XEDFX,Fixed Income - Taxable-Emerging Market Income,19.24,171.488,,Monthly,0.22559,0.06,25.0,6.8639,,,3.13,,200.679,True,True,True,False,False,False,,21.64,19.05,8.43,5.35,9.12,13.65,,,18.5,1569020,,,,,,3.92,5.10817,2.88286,0.68,-0.54,0.3,2026-08-07T00:00:00,2010-12-23T00:00:00,12/23/2010,1293062400,2026-07-13T00:00:00
337,ZTR,-0.0984,8.7766,9.73451,0.055,18.3,25,Morningstar US CEF Global Allocation,108,"Virtus Investment Advisers, LLC",False,6.78,0.03,7.52,2026-08-07T00:00:00,92835W107,Virtus Total Return Fund Inc,2026-08-07,XZTRX,Hybrid-Global Allocation,30.49,338.957,,Monthly,0.10525,0.055,15.0,5.8547,,6.15,3.67,,540.852,True,True,True,False,False,False,,13.66,14.25,6.67,5.15,12.26,14.03,,,20.49,2007750,,,98.4225,,,,6.58592,-10.84404,0.86,2.06,2.4,2026-08-07T00:00:00,2005-02-24T00:00:00,2/24/2005,1109203200,2026-07-13T00:00:00
338,IAE,-0.027000000000000003,8.76404,9.00693,0.065,28.47,1,Morningstar US CEF Asia Equity,110,"Voya Investments, LLC",False,8.66,0.05,8.9,2026-08-07T00:00:00,92912J102,Voya Asia Pacific High Div Eq Inc Fd,2026-08-07,XIAEX,Equity-Asia Equity,,93.098,,Monthly,0.02682,0.065,25.0,,,,1.21,,95.678,False,True,True,False,False,False,,17.49,23.51,9.09,11.25,15.9,23.02,,,31.7,490650,,,,,,,7.83914,-5.97383,1.42,0.46,1.1,2026-08-07T00:00:00,2007-03-27T00:00:00,3/27/2007,1174953600,2026-08-03T00:00:00
339,IHD,-0.0327,8.63874,8.93099,0.055,30.54,4,Morningstar US CEF Emerging Market Equity,110,"Voya Investments, LLC",False,7.39,0.04,7.64,2026-08-07T00:00:00,92912P108,Voya Emerging Markets High Div Eq Fd,2026-08-07,XIHDX,Equity-Emerging Market Equity,,131.068,,Monthly,0.02083,0.055,20.0,,,,1.4100000000000001,,135.502,False,True,True,False,False,False,,17.71,23.52,9.01,11.34,16.5,22.26,,,37.08,766700,,,,,,,6.74491,-5.85191,1.16,0.07,0.52,2026-08-07T00:00:00,2011-04-26T00:00:00,4/26/2011,1303776000,2026-08-03T00:00:00
340,IGA,-0.0746,9.16442,9.90291,0.08499999999999999,19.55,3,Morningstar US CEF Covered Call,110,"Voya Investments, LLC",False,10.3,0.1,11.13,2026-08-07T00:00:00,92912R104,Voya Global Advantage and Premium Opp Fd,2026-08-07,XIGAX,Equity-Covered-Call Funds,,158.016,,Monthly,0.07357,0.08499999999999999,20.0,,,,1.01,,170.75,False,True,False,False,False,False,,14.24,18.01,9.87,11.0,12.79,10.63,,,17.41,560970,,,,,,,9.79359,-6.37617,-0.87,0.4,-0.17,2026-08-07T00:00:00,2005-10-26T00:00:00,10/26/2005,1130284800,2026-08-03T00:00:00
341,IGD,-0.0046,9.1047,9.14634,0.049999999999999996,19.29,3,Morningstar US CEF Covered Call,110,"Voya Investments, LLC",False,6.5600000000000005,0.01,6.59,2026-08-07T00:00:00,92912T100,Voya Global Equity Dividend&Prm Opp Fd,2026-08-07,XIGDX,Equity-Covered-Call Funds,,517.377,,Monthly,0.04503,0.049999999999999996,20.0,,,,0.9600000000000001,,519.744,False,True,True,False,False,False,,13.88,19.68,9.08,11.85,12.47,20.41,,,25.67,2484020,,,,,,,5.94351,-4.09364,1.6400000000000001,0.53,1.07,2026-08-07T00:00:00,2005-03-28T00:00:00,3/28/2005,1111968000,2026-08-03T00:00:00
342,IDE,-0.065,8.57756,9.17431,0.09999999999999999,22.42,5,Morningstar US CEF Global Equity,110,"Voya Investments, LLC",True,13.08,0.06,13.99,2026-08-07T00:00:00,92912X101,Voya Infrastructure Industrials&Matls Fd,2026-08-07,XIDEX,Equity-Global Equity,,198.245,,Monthly,0.02906,0.09999999999999999,20.0,,,,1.23,,212.037,False,True,False,False,True,False,,15.14,19.92,9.99,9.78,11.23,11.32,,,21.02,460590,,,,,,,12.87616,-3.03739,-1.47,-2.87,-2.13,2026-08-07T00:00:00,2010-01-26T00:00:00,1/26/2010,1264464000,2026-08-03T00:00:00
343,WDI,-0.0662,12.68327,13.58232,0.1485,5.42,17,Morningstar US CEF Multi-Sector,54,"Franklin Templeton Fund Adviser, LLC",True,13.12,0.06,14.05,2026-08-07T00:00:00,95790K109,Western Asset Diversified Inc Fund,2026-08-07,XWDIX,Fixed Income - Taxable-Multi-Sector,33.78,681.087,,Monthly,0.8094,0.1485,20.0,8.3268,,,4.25,,1101.439,True,False,False,False,True,True,,8.9,11.16,3.2800000000000002,2.66,1.55,1.3,,,-0.29,1960470,,,96.1261,,,,14.01877,-4.07581,-1.19,-1.1400000000000001,-1.17,2026-08-07T00:00:00,2021-06-24T00:00:00,6/24/2021,1624492800,2026-07-24T00:00:00
344,EMD,-0.0381,10.34483,10.75472,0.095,12.12,12,Morningstar US CEF Emerging Market Income,54,"Franklin Templeton Fund Adviser, LLC",True,10.6,0.01,11.02,2026-08-07T00:00:00,95766A101,Western Asset Emerging Markets Debt,2026-08-07,XEMDX,Fixed Income - Taxable-Emerging Market Income,27.15,616.183,,Monthly,0.42033,0.095,20.0,6.0305,,,3.13,,879.367,True,True,True,False,True,False,,12.43,17.13,3.63,4.83,2.84,4.86,,,15.36,1964370,,,,,7.2,5.26,10.57272,-5.15802,0.84,0.8200000000000001,0.59,2026-08-07T00:00:00,2003-12-01T00:00:00,12/1/2003,1070236800,2026-07-24T00:00:00
345,GDO,-0.08529999999999999,13.01333,14.22741,0.122,4.16,13,Morningstar US CEF Global Income,54,"Franklin Templeton Fund Adviser, LLC",False,10.29,0.0,11.25,2026-08-07T00:00:00,95790C107,Western Asset Global Corp Opp,2026-08-07,XGDOX,Fixed Income - Taxable-Global Income,33.28,77.375,,Monthly,0.40556000000000003,0.122,20.0,5.8727,,,4.47,,126.784,True,False,False,False,False,False,,6.12,5.22,-0.08,-1.35,-0.35000000000000003,-6.06,,,-0.51,310900,,,,,,,11.3266,-4.70278,-2.09,-2.26,-2.31,2026-08-07T00:00:00,2009-11-27T00:00:00,11/27/2009,1259280000,2026-07-24T00:00:00
346,EHI,-0.0901,13.04348,14.33447,0.06999999999999999,6.72,14,Morningstar US CEF High Yield,55,Franklin Templeton Investments,False,5.86,0.03,6.44,2026-08-07T00:00:00,95766B109,Western Asset Global High Income,2026-08-07,XEHIX,Fixed Income - Taxable-High Yield,31.72,177.556,,Monthly,0.29517,0.06999999999999999,15.0,7.2848,,,3.49,,285.788,True,False,False,False,False,False,,7.65,5.32,1.16,0.23,2.27,-2.46,,,0.46,1006120,,,98.1643,,,,6.26247,-6.22814,-1.4,-0.46,-0.85,2026-08-07T00:00:00,2003-07-28T00:00:00,7/28/2003,1059350400,2026-07-24T00:00:00
347,HIX,-0.034300000000000004,14.41176,14.92386,0.048999999999999995,6.09,14,Morningstar US CEF High Yield,55,Franklin Templeton Investments,False,3.94,0.02,4.08,2026-08-07T00:00:00,95766J102,Western Asset High Income II,2026-08-07,XHGIX,Fixed Income - Taxable-High Yield,31.97,354.875,,Monthly,0.19291,0.048999999999999995,15.0,7.2719000000000005,,,3.76,,540.143,True,False,True,False,False,False,,8.61,6.16,1.65,0.28,1.71,1.57,,,5.58,3400400,,,98.1954,,,,4.11977,-3.50368,0.05,1.04,0.65,2026-08-07T00:00:00,1998-05-28T00:00:00,5/28/1998,896313600,2026-07-24T00:00:00
348,HIO,-0.0775,11.00775,11.93277,0.0355,5.5,14,Morningstar US CEF High Yield,54,"Franklin Templeton Fund Adviser, LLC",False,3.5700000000000003,0.03,3.87,2026-08-07T00:00:00,95766K109,Western Asset High Income Opportunity,2026-08-07,XHIOX,Fixed Income - Taxable-High Yield,,339.504,,Monthly,0.15621000000000002,0.0355,12.5,7.534,,,0.93,,368.034,False,False,False,False,False,False,,6.91,8.51,2.2,2.18,1.99,1.83,,,-0.08,4063660,,,98.8137,,,,3.73975,-6.30435,-0.89,-0.29,-0.65,2026-08-07T00:00:00,1993-11-16T00:00:00,11/16/1993,753408000,2026-07-24T00:00:00
349,HYI,-0.08289999999999999,9.94764,10.84681,0.095,4.18,14,Morningstar US CEF High Yield,54,"Franklin Templeton Fund Adviser, LLC",False,10.51,0.0,11.46,2026-08-07T00:00:00,95768B107,Western Asset High Yield Opp Fund,2026-08-07,XHYIX,Fixed Income - Taxable-High Yield,,134.675,,Monthly,0.50391,0.095,20.0,7.6148,,,1.07,,146.848,False,False,False,False,False,True,,6.36,5.53,2.34,1.15,1.83,-0.98,,,-2.8,593060,,,98.3189,,,,11.09077,-6.16671,-0.85,0.49,-0.45,2026-08-07T00:00:00,2010-10-27T00:00:00,10/27/2010,1288137600,2026-07-24T00:00:00
350,PAI,-0.0757,4.86862,5.26756,0.0525,2.7199999999999998,15,Morningstar US CEF Investment Grade,55,Franklin Templeton Investments,False,11.96,0.03,12.94,2026-08-07T00:00:00,95766T100,Western Asset Income,2026-08-07,XPAIX,Fixed Income - Taxable-Investment Grade,8.93,113.751,,Monthly,0.3276,0.0525,12.0,6.0734,,,0.77,,123.072,True,False,False,False,False,False,,5.24,5.31,-0.02,-0.88,-0.59,-2.64,,,-3.05,181200,,,101.3051,,,,12.40069,-6.24601,-1.01,0.01,-0.5,2026-08-07T00:00:00,1972-12-21T00:00:00,12/21/1972,93744000,2026-07-24T00:00:00
351,WIW,-0.10369999999999999,8.02139,8.94988,0.0625,3.87,15,Morningstar US CEF Investment Grade,112,"Western Asset Management Company, LLC",True,8.38,0.02,9.35,2026-08-07T00:00:00,95766R104,Western Asset Infl-Linked Opps & Inc Fd,2026-08-07,XWIWX,Fixed Income - Taxable-Investment Grade,29.37,512.723,,Monthly,0.23593,0.0625,15.0,2.4678,,,2.59,,809.968,True,False,False,False,True,False,,3.89,6.36,-0.6900000000000001,0.04,1.12,1.25,,,2.75,2388490,,,94.501,,,4.1,8.63716,-10.36215,-0.02,2.7,1.12,2026-08-07T00:00:00,2004-02-27T00:00:00,2/27/2004,1077840000,2026-07-24T00:00:00
352,WIA,-0.1003,7.03495,7.81955,0.052,3.58,15,Morningstar US CEF Investment Grade,112,"Western Asset Management Company, LLC",True,7.98,0.02,8.87,2026-08-07T00:00:00,95766Q106,Western Asset Inflation-Linked Income Fd,2026-08-07,XWIAX,Fixed Income - Taxable-Investment Grade,26.03,186.112,,Monthly,0.21076,0.052,15.0,2.378,,,2.91,,279.678,True,False,False,False,True,False,,3.75,5.87,-1.19,-1.32,0.92,0.16,,,2.58,422870,,,94.6375,,,4.09,8.23441,-9.64403,-0.64,-0.05,-0.06,2026-08-07T00:00:00,2003-09-30T00:00:00,9/30/2003,1064880000,2026-07-24T00:00:00
353,SBI,-0.07919999999999999,6.05042,6.57106,0.041999999999999996,5.86,21,Morningstar US CEF Municipal,54,"Franklin Templeton Fund Adviser, LLC",False,7.67,0.05,8.33,2026-08-07T00:00:00,958435109,Western Asset Intermediate Muni,2026-08-07,XSBIX,Fixed Income - Municipal-Municipal,29.83,108.011,,Monthly,0.13919,0.041999999999999996,10.0,4.743,,,2.6,,167.174,True,False,True,False,False,False,,2.8200000000000003,5.8,-0.55,0.04,0.5,2.77,,,7.26,430350,11.06,,103.1201,,7.84,5.53,7.7916,-8.31289,0.51,-0.43,0.16,2026-08-07T00:00:00,1992-03-02T00:00:00,3/2/1992,699494400,2026-07-24T00:00:00
354,IGI,-0.0764,4.97083,5.38219,0.071,2.75,15,Morningstar US CEF Investment Grade,54,"Franklin Templeton Fund Adviser, LLC",False,15.83,0.08,17.14,2026-08-07T00:00:00,95790A101,Western Asset Invstm Grd Opp Tr Inc,2026-08-07,XIGIX,Fixed Income - Taxable-Investment Grade,,94.879,,Monthly,0.43967,0.071,20.0,6.1711,,,0.93,,102.731,False,False,False,False,False,False,,4.48,3.42,-0.53,-2.02,-0.55,-2.06,,,-0.06,164510,,,101.4924,,,,16.34679,-6.70802,-1.16,-0.61,-0.8300000000000001,2026-08-07T00:00:00,2009-06-26T00:00:00,6/26/2009,1245974400,2026-07-24T00:00:00
355,MMU,-0.06280000000000001,6.04436,6.4497,0.0545,7.75,21,Morningstar US CEF Municipal,55,Franklin Templeton Investments,False,10.14,0.11,10.82,2026-08-07T00:00:00,95766M105,Western Asset Managed Municipals,2026-08-07,XMMUX,Fixed Income - Municipal-Municipal,33.4,553.835,,Monthly,0.14102,0.0545,15.0,4.8344000000000005,,,2.7,,887.41,True,False,False,False,False,False,,2.98,6.36,-1.02,-0.65,0.45,-0.3,,,7.64,1324760,10.27,,102.2026,,10.8,7.24,10.32778,-6.08795,-0.22,-0.09,-0.39,2026-08-07T00:00:00,1992-06-26T00:00:00,6/26/1992,709516800,2026-07-24T00:00:00
356,DMO,-0.06509999999999999,12.84567,13.74046,0.12,6.42,14,Morningstar US CEF High Yield,54,"Franklin Templeton Fund Adviser, LLC",False,10.48,0.09,11.21,2026-08-07T00:00:00,95790B109,Western Asset Mortgage Opp Fund Inc.,2026-08-07,XDMOX,Fixed Income - Taxable-High Yield,49.02,119.756,,Monthly,0.54871,0.12,20.0,7.4137,,,7.87,,251.294,True,False,False,False,False,False,,10.19,10.86,4.96,4.04,2.9699999999999998,0.97,,,-0.41000000000000003,506230,,,91.0522,,,,11.24197,-3.48345,-1.09,-0.78,-0.93,2026-08-07T00:00:00,2010-02-26T00:00:00,2/26/2010,1267142400,2026-07-24T00:00:00
357,MHF,0.0102,5.97365,5.9130400000000005,0.033999999999999996,6.08,21,Morningstar US CEF Municipal,54,"Franklin Templeton Fund Adviser, LLC",False,6.9,-0.01,6.83,2026-08-07T00:00:00,95766N103,Western Asset Municipal High Income,2026-08-07,XMHFX,Fixed Income - Municipal-Municipal,1.77,153.344,,Monthly,0.11955,0.033999999999999996,10.0,4.8354,,,0.8400000000000001,,154.519,True,False,True,False,False,False,,3.36,7.13,0.6900000000000001,0.98,0.98,2.18,,,6.27,612030,14.87,,102.1742,,7.17,7.04,6.96779,0.59845,0.23,0.24,0.74,2026-08-07T00:00:00,1988-11-28T00:00:00,11/28/1988,596678400,2026-07-24T00:00:00
358,WEA,-0.0626,7.5067,8.00763,0.06999999999999999,5.54,15,Morningstar US CEF Investment Grade,111,Western Asset Management Company Pte Ltd. â Singapore,False,10.49,0.01,11.19,2026-08-07T00:00:00,957664105,Western Asset Premier Bond,2026-08-07,XWEAX,Fixed Income - Taxable-Investment Grade,32.95,124.47,,Monthly,0.38834,0.06999999999999999,15.0,6.1566,,,3.55,,198.02,True,False,False,False,False,False,,7.01,5.8,1.33,0.53,0.68,-0.9,,,4.17,290100,,,98.0101,,,,10.884640000000001,-4.79524,-0.99,0.31,-0.25,2026-08-07T00:00:00,2002-03-28T00:00:00,3/28/2002,1017273600,2026-07-24T00:00:00
359,MCN,-0.1005,11.48325,12.76596,0.06,9.06,3,Morningstar US CEF Covered Call,113,XA Investments LLC,False,5.64,0.06,6.27,2026-08-07T00:00:00,557437100,XAI Madison Equity Premium Income Fund,2026-08-07,XMCNX,Equity-Covered-Call Funds,0.01,119.098,,Monthly,0.041210000000000004,0.06,15.0,,,,1.1,,132.402,True,False,False,False,False,False,,5.36,1.96,6.55,3.5,2.98,0.97,,,2.99,641780,,,,,,,5.94314,-7.40356,-1.43,-1.43,-1.6600000000000001,2026-08-07T00:00:00,2004-07-28T00:00:00,7/28/2004,1090972800,2026-07-15T00:00:00
360,XFLT,-0.1681,11.8525,14.24802,0.22499999999999998,-14.91,19,Morningstar US CEF Senior Loans,113,XA Investments LLC,False,18.95,0.35000000000000003,22.78,2026-08-07T00:00:00,98400T304,XAI Octagon FR & Alternative Inc Trust,2026-08-07,XFLTX,Fixed Income - Taxable-Senior Loans,40.65,288.625,,Monthly,1.13446,0.22499999999999998,10.0,5.3221,,,7.5600000000000005,,584.576,True,False,True,False,False,False,,1.98,-4.03,2.17,-2.93,-8.58,-13.71,,,-20.44,1095770,,,,,,,21.37116,-17.02669,0.03,1.8599999999999999,1.69,2026-08-07T00:00:00,2017-09-27T00:00:00,9/27/2017,1506470400,2026-07-15T00:00:00
