,Ticker,Premium / Discount,DistributionRateNAV,DistributionRatePrice,DistributionAmtUSD,ReturnOnNAV,CategoryId,Category,SponsorId,SponsorName,IsManagedDistribution,Share Price,PriceChange,NAV,NAVPublished,Cusip,Fund Name,Date,NavTicker,Strategy,LeverageRatioPercentage,MarketCapUSDm,UNIIPerShare,DistributionFrequency,EarningsPerShare,CurrentDistribution,InceptionPrice,AverageCoupon,AMTPercentage,AverageWeightedMaturity,ExpenseRatio,BaselineExpense,TotalAssetsUSDm,IsLeveraged,IsPriceBelow52WkAvg,IsDiscountBelow52WkAvg,IsAMTPct,IsManaged,Term,AvgWtdDurationLevAdj,Yr3RetOnNav,Yr3RetOnPrice,Yr5RetOnNav,Yr5RetOnPrice,YTDRetOnNav,YTDRetOnPrice,SinceInceptionRetOnNav,SinceInceptionRetOnPrice,ReturnOnPrice,AvgDailyVolume,CallableYr1Pct,PrerefundedPercentage,AvgBondPrice,AvgWtdDurationNonLevAdj,EffDurationLevAdj,EffDurationNonLevAdj,Price52WkAvg,Discount52WkAvg,ZScore1Yr,ZScore3M,ZScore6M,ZScoreDate,InceptionDate,InceptionDateString,InceptionDateUnixTimestamp,DistributionDate
0,MGF,-0.061200000000000004,8.16327,8.69565,0.02,0.91,15,Morningstar US CEF Investment Grade,2,abrdn Inc.,True,2.76,0.0,2.94,2026-09-15T00:00:00,552939100,Aberdeen Government Markets Income,2026-09-15,XMGFX,Fixed Income - Taxable-Investment Grade,,89.949,,Monthly,0.04709,0.02,10.0,3.9638,0.0,6.55,0.8,,95.815,False,False,False,True,True,False,,3.37,3.99,-0.73,-0.9500000000000001,-0.88,-0.01,,,0.37,729530,,0.0,91.4686,,,5.93,2.9573,-4.91917,-0.88,-0.24,-0.31,2026-09-15T00:00:00,1987-05-28T00:00:00,5/28/1987,549158400,2026-08-24T00:00:00
1,IFN,-0.0992,12.2314,13.57798,0.37,-6.55,1,Morningstar US CEF Asia Equity,1,abrdn Asia Limited,True,10.9,-0.24,12.1,2026-09-15T00:00:00,454089103,"Aberdeen India Fund, Inc",2026-09-15,XIFNX,Equity-Asia Equity,0.28,464.906,,Quarterly,-0.02842,0.37,15.0,,,,1.36,,516.089,True,False,False,False,True,False,,4.79,1.1400000000000001,0.03,0.76,-6.53,-7.32,,,-10.28,2049380,,,,,,,12.85441,-6.39099,-1.53,-1.25,-1.28,2026-09-15T00:00:00,1994-02-23T00:00:00,2/23/1994,761961600,2026-08-24T00:00:00
2,MIN,-0.0787,9.44882,10.25641,0.02,1.52,13,Morningstar US CEF Global Income,2,abrdn Inc.,True,2.34,0.0,2.54,2026-09-15T00:00:00,55273C107,Aberdeen Intermediate Income,2026-09-15,XMINX,Fixed Income - Taxable-Global Income,,266.288,,Monthly,0.04255,0.02,10.0,4.2949,0.0,3.24,0.73,,289.048,False,False,False,True,True,False,,4.51,4.98,1.06,0.73,0.14,-0.96,,,-1.06,2395890,,0.0,97.167,,,3.34,2.53568,-4.92866,-1.88,-2.15,-1.98,2026-09-15T00:00:00,1988-03-17T00:00:00,3/17/1988,574560000,2026-08-24T00:00:00
3,MMT,-0.0722,10.19108,10.98398,0.04,2.71,13,Morningstar US CEF Global Income,72,MFS,True,4.37,0.02,4.71,2026-09-15T00:00:00,552737108,Aberdeen Multi-Market Income,2026-09-15,XMMTX,Fixed Income - Taxable-Global Income,27.28,506.891,,Monthly,0.1389,0.04,10.0,6.0294,,,2.86,,751.329,True,False,True,False,True,False,,7.49,9.29,2.75,1.16,0.2,2.73,,,3.26,1445780,,,95.7664,,7.33,5.35,4.5900300000000005,-7.59701,0.37,0.98,0.8300000000000001,2026-09-15T00:00:00,1987-03-12T00:00:00,3/12/1987,542505600,2026-08-24T00:00:00
4,MFM,-0.0975,6.38298,7.07269,0.03,7.66,21,Morningstar US CEF Municipal,2,abrdn Inc.,False,5.09,-0.04,5.64,2026-09-15T00:00:00,552738106,Aberdeen Municipal Income,2026-09-15,XMFMX,Fixed Income - Municipal-Municipal,38.53,506.098,,Monthly,0.13078,0.03,10.0,5.1801,,,2.83,,912.284,True,False,False,False,False,False,,4.91,8.2,-0.93,-1.09,0.99,3.17,,,9.88,1548990,22.29,,95.5991,,14.38,8.98,5.4172,-9.29642,-0.43,-2.02,-0.75,2026-09-15T00:00:00,1986-11-25T00:00:00,11/25/1986,533260800,2026-08-24T00:00:00
5,FAX,-0.0707,12.12121,13.04348,0.15,2.55,13,Morningstar US CEF Global Income,1,abrdn Asia Limited,True,13.8,-0.23,14.85,2026-09-15T00:00:00,003009867,abrdn Asia-Pacific Income Fund Inc,2026-09-15,XFAPX,Fixed Income - Taxable-Global Income,40.03,602.664,,Monthly,0.50096,0.15,10.0,6.3451,,,4.22,,1081.319,True,False,False,False,True,False,,5.85,10.95,-1.3,0.9400000000000001,0.3,4.65,,,2.34,1778580,,,,,7.76,4.68,15.11132,-5.39299,-1.02,-2.71,-1.6400000000000001,2026-09-15T00:00:00,1986-04-24T00:00:00,4/24/1986,514684800,2026-08-24T00:00:00
6,IAF,-0.086,10.03584,10.98039,0.35,6.03,9,Morningstar US CEF Single Country Equity,1,abrdn Asia Limited,True,12.75,-0.15,13.95,2026-09-15T00:00:00,003011111,abrdn Australia Equity Fund Inc,2026-09-15,XIAFX,Equity-Single-Country Equity,7.47,122.175,,Quarterly,0.10818,0.35,10.125,,,,1.9900000000000002,,144.458,True,False,True,False,True,False,,12.29,14.26,5.23,4.51,9.95,11.63,,,7.01,221850,,,,,,,13.05085,-10.00016,0.9500000000000001,1.63,1.9500000000000002,2026-09-15T00:00:00,1985-12-12T00:00:00,12/12/1985,503193600,2026-08-24T00:00:00
7,AEF,-0.0604,10.29703,10.9589,0.26,67.28,4,Morningstar US CEF Emerging Market Equity,3,abrdn Investments Limited,True,9.49,-0.2,10.1,2026-09-15T00:00:00,00301W105,abrdn Emerging Markets ex-China Fund,2026-09-15,XAEFX,Equity-Emerging Market Equity,6.18,385.308,,Quarterly,0.0453,0.26,15.0,,,,1.8599999999999999,,437.074,True,True,True,False,True,False,,29.65,34.6,8.77,10.88,40.8,43.76,,,73.48,1452740,,,,,,,8.12015,-9.24404,2.05,1.72,1.6800000000000002,2026-09-15T00:00:00,1989-09-25T00:00:00,9/25/1989,622684800,2026-06-23T00:00:00
8,AGD,-0.009300000000000001,12.16216,12.27621,0.12,21.53,5,Morningstar US CEF Global Equity,3,abrdn Investments Limited,True,11.73,-0.22,11.84,2026-09-15T00:00:00,00302M106,abrdn Global Dynamic Dividend,2026-09-15,XAGDX,Equity-Global Equity,0.7000000000000001,307.025,,Monthly,0.29668,0.12,20.0,,,,1.29,,312.097,True,False,False,False,True,False,,15.6,23.74,7.67,10.42,12.78,16.12,,,17.32,1172890,,,,,,,12.10107,1.57552,-0.61,-1.43,-0.72,2026-09-15T00:00:00,2006-07-26T00:00:00,7/26/2006,1153872000,2026-08-24T00:00:00
9,ASGI,-0.0357,12.41769,12.87805,0.22,17.64,13,Morningstar US CEF Global Income,2,abrdn Inc.,True,20.5,0.41000000000000003,21.26,2026-09-15T00:00:00,00326W106,abrdn Global Infrastructure Income Fund,2026-09-15,XAGIX,Fixed Income - Taxable-Global Income,1.02,648.391,,Monthly,0.08556,0.22,20.0,,,,2.16,,679.338,True,False,False,False,True,False,,14.21,22.61,8.09,12.34,10.5,8.88,,,23.02,1826450,,,,,,,22.77789,3.43577,-1.75,-2.02,-1.96,2026-09-15T00:00:00,2020-07-28T00:00:00,7/28/2020,1595894400,2026-08-24T00:00:00
10,AWP,-0.0009,13.17475,13.18681,0.12,9.75,7,Morningstar US CEF Real Estate,2,abrdn Inc.,True,10.92,-0.1,10.93,2026-09-15T00:00:00,00302L207,abrdn Global Premier Properties,2026-09-15,XAWPX,Equity-Real Estate,11.3,336.944,,Monthly,0.10017000000000001,0.12,20.0,,,,2.27,,380.196,True,False,False,False,True,False,,12.66,15.05,0.19,1.8399999999999999,8.64,8.74,,,8.83,1238600,,,,,,,11.77492,1.12385,-1.16,-1.8,-0.91,2026-09-15T00:00:00,2007-04-26T00:00:00,4/26/2007,1177545600,2026-08-24T00:00:00
11,HQH,-0.0472,11.75947,12.34222,0.6599999999999999,49.61,8,Morningstar US CEF Sector Equity,2,abrdn Inc.,True,21.39,-0.59,22.45,2026-09-15T00:00:00,87911J103,abrdn Healthcare Investors,2026-09-15,XHQHX,Equity-Sector Equity,1.1,1240.315,,Quarterly,-0.06102,0.6599999999999999,10.0,,,,1.11,,1301.78,True,True,True,False,True,False,,18.97,25.74,7.8100000000000005,8.03,23.83,31.24,,,54.91,1811060,,,,,,,19.7559,-7.18723,1.03,0.49,0.63,2026-09-15T00:00:00,1987-04-23T00:00:00,4/23/1987,546134400,2026-08-24T00:00:00
12,THQ,-0.0415,10.32389,10.77086,0.16999999999999998,28.01,8,Morningstar US CEF Sector Equity,2,abrdn Inc.,True,18.94,-0.21,19.76,2026-09-15T00:00:00,879105104,abrdn Healthcare Opportunities Fund,2026-09-15,XTHQX,Equity-Sector Equity,21.55,785.216,,Monthly,-0.03549,0.16999999999999998,20.0,4.3206,,,3.02,,1044.212,True,True,False,False,True,False,,9.18,13.61,4.48,4.77,14.06,11.54,,,30.55,1649600,,,,,7.83,,18.57048,-1.09694,-0.96,0.03,-0.75,2026-09-15T00:00:00,2014-07-28T00:00:00,7/28/2014,1406505600,2026-08-24T00:00:00
13,ACP,-0.12710000000000002,12.52372,14.34783,0.055,3.06,19,Morningstar US CEF Senior Loans,3,abrdn Investments Limited,True,4.6,0.03,5.27,2026-09-15T00:00:00,003057106,abrdn Income Credit Strategies Fund,2026-09-15,XACPX,Fixed Income - Taxable-Senior Loans,32.61,577.165,,Monthly,0.22534,0.055,20.0,8.0708,,,3.94,,981.23,True,False,False,False,True,False,,8.42,6.69,1.6600000000000001,0.21,3.39,5.31,,,1.43,5625020,,,96.1318,,4.91,3.32,5.37598,-5.46022,-4.86,-4.16,-4.7,2026-09-15T00:00:00,2011-01-27T00:00:00,1/27/2011,1296086400,2026-08-24T00:00:00
14,HQL,-0.0592,12.03299,12.7901,0.62,63.49,8,Morningstar US CEF Sector Equity,2,abrdn Inc.,True,19.39,-0.47000000000000003,20.61,2026-09-15T00:00:00,87911K100,abrdn Life Sciences Investors,2026-09-15,XHQLX,Equity-Sector Equity,0.01,598.048,,Quarterly,-0.09057,0.62,15.0,,,,1.24,,635.743,True,True,True,False,True,False,,25.61,32.79,10.32,10.84,29.42,36.85,,,69.51,1395710,,,,,,,17.66272,-9.58496,2.33,1.23,1.8,2026-09-15T00:00:00,1992-05-08T00:00:00,5/8/1992,705283200,2026-08-24T00:00:00
15,AOD,0.0087,12.82799,12.71676,0.11,22.33,5,Morningstar US CEF Global Equity,3,abrdn Investments Limited,True,10.38,-0.13,10.29,2026-09-15T00:00:00,00326L100,abrdn Total Dynamic Dividend,2026-09-15,XAODX,Equity-Global Equity,2.86,1094.535,,Monthly,0.22991,0.11,20.0,,,,1.21,,1116.964,True,True,True,False,True,False,,15.99,24.0,8.35,11.58,13.34,20.46,,,34.14,4652390,,,,,,,10.03356,-2.95458,1.72,0.8,1.26,2026-09-15T00:00:00,2007-01-26T00:00:00,1/26/2007,1169769600,2026-08-24T00:00:00
16,THW,0.0007000000000000001,10.72226,10.71429,0.12,32.91,8,Morningstar US CEF Sector Equity,2,abrdn Inc.,True,13.44,-0.18,13.43,2026-09-15T00:00:00,87911L108,abrdn World Healthcare Fund,2026-09-15,XTHWX,Equity-Sector Equity,18.11,542.912,,Monthly,-0.03887,0.12,20.0,3.7686,,,1.46,,662.508,True,True,True,False,True,False,,17.08,14.66,8.87,7.6,16.6,18.52,,,33.53,1304050,,,,,8.12,,12.79331,-1.88985,0.99,1.52,0.5700000000000001,2026-09-15T00:00:00,2015-06-26T00:00:00,6/26/2015,1435276800,2026-08-24T00:00:00
17,ADX,-0.0223,7.6746,7.84929,0.5,19.55,10,Morningstar US CEF US Equity,4,Adams Diversified Equity Fund Inc,False,25.48,-0.17,26.06,2026-09-15T00:00:00,006212104,Adams Diversified Equity Fund,2026-09-15,XADEX,Equity-U.S. Equity,0.0,3183.143,,Quarterly,0.09492,0.5,10.0,,,,0.49000000000000005,,3255.601,True,True,True,False,False,False,,20.46,26.93,12.26,16.51,13.06,17.77,,,29.17,2722380,,,,,,,23.91762,-4.89491,1.1,-0.3,0.58,2026-09-15T00:00:00,1929-10-01T00:00:00,10/1/1929,-1270252800,2026-07-27T00:00:00
18,PEO,-0.0876,6.6605,7.29976,0.5399999999999999,39.31,8,Morningstar US CEF Sector Equity,5,Adams Natural Resources Fund Inc,False,29.59,0.47000000000000003,32.43,2026-09-15T00:00:00,00548F105,Adams Natural Resources Fund,2026-09-15,XPEOX,Equity-Sector Equity,0.7000000000000001,829.551,,Quarterly,0.29271,0.5399999999999999,15.0,,,,0.62,,909.17,True,True,True,False,False,False,,14.92,18.28,21.3,23.68,38.86,40.56,,,41.46,728100,,,,,,,24.77441,-10.24642,1.52,1.07,1.5,2026-09-15T00:00:00,1929-01-30T00:00:00,1/30/1929,-1291334400,2026-07-27T00:00:00
19,AVK,-0.0969,10.72769,11.87838,0.1172,17.0,11,Morningstar US CEF Convertibles,6,"Advent Capital Management, LLC",False,11.84,-0.22,13.11,2026-09-15T00:00:00,00764C109,Advent Convertible & Income Fund,2026-09-15,XAVKX,Fixed Income - Taxable-Convertibles,37.69,522.721,,Monthly,0.22874,0.1172,25.0,5.5855,,,4.53,,928.814,True,False,False,False,False,False,,16.39,16.83,4.93,4.82,12.1,7.61,,,12.49,1478200,,,108.8431,,,,12.56548,-6.24042,-1.46,-1.32,-1.2,2026-09-15T00:00:00,2003-04-29T00:00:00,4/29/2003,1051574400,2026-09-15T00:00:00
20,AWF,-0.10619999999999999,7.07471,7.91541,0.0655,5.19,14,Morningstar US CEF High Yield,7,AllianceBernstein L.P.,False,9.93,-0.01,11.11,2026-09-15T00:00:00,01879R106,AllianceBernstein Global High Income,2026-09-15,XAWFX,Fixed Income - Taxable-High Yield,0.8200000000000001,856.261,,Monthly,0.35164,0.0655,15.0,6.7118,,4.36,1.02,,965.895,True,False,False,False,False,False,,9.25,8.47,4.37,3.71,3.0,-0.85,,,-3.33,3043180,,,97.3293,,,,10.471,-7.86281,-1.12,-1.51,-1.02,2026-09-15T00:00:00,1993-07-28T00:00:00,7/28/1993,743817600,2026-09-03T00:00:00
21,AFB,-0.08410000000000001,5.44448,5.94432,0.050179999999999995,7.87,21,Morningstar US CEF Municipal,7,AllianceBernstein L.P.,False,10.13,-0.11,11.06,2026-09-15T00:00:00,01864U106,AllianceBernstein National Mun Inc,2026-09-15,XAFBX,Fixed Income - Municipal-Municipal,50.17,291.186,,Monthly,0.31343,0.050179999999999995,15.0,5.1411,,,3.66,,638.021,True,False,True,False,False,False,,2.7800000000000002,6.21,-1.98,-2.15,-0.64,4.48,,,10.89,967880,,,98.4247,,22.53,11.69,10.94261,-8.78237,0.25,-1.9300000000000002,-0.53,2026-09-15T00:00:00,2002-01-28T00:00:00,1/28/2002,1012176000,2026-09-03T00:00:00
22,NFJ,-0.0653,7.58706,8.1171,0.305,24.49,3,Morningstar US CEF Covered Call,108,"Virtus Investment Advisers, LLC",True,15.03,-0.24,16.08,2026-09-15T00:00:00,92840R101,AllianzGI Div Interest & Prem Common,2026-09-15,XNFJX,Equity-Covered-Call Funds,,1397.298,0.0,Quarterly,0.06142,0.305,25.0,2.0796,,,0.9600000000000001,,1494.913,False,True,True,False,True,False,,13.45,18.0,6.84,8.79,19.62,26.24,,,30.37,1917690,,,,,,,13.85954,-8.84849,1.31,0.34,0.85,2026-09-15T00:00:00,2005-02-28T00:00:00,2/28/2005,1109548800,2026-09-14T00:00:00
23,EOD,-0.09119999999999999,8.09744,8.90972,0.14211,26.3,5,Morningstar US CEF Global Equity,8,Allspring Global Investments,False,6.38,0.01,7.02,2026-09-15T00:00:00,94987C103,Allspring Global Dividend Opp Fd,2026-09-15,XEODX,Equity-Global Equity,13.58,274.761,,Quarterly,0.1298,0.14211,20.0,7.1532,,,2.45,,349.823,True,True,False,False,False,False,,24.01,25.39,12.97,12.62,16.28,19.26,,,27.06,1208380,,,,,,,6.15205,-8.40588,-0.49,-1.51,-1.7000000000000002,2026-09-15T00:00:00,2007-03-28T00:00:00,3/28/2007,1175040000,2026-06-11T00:00:00
24,EAD,-0.12029999999999999,9.15645,10.40912,0.053259999999999995,4.95,14,Morningstar US CEF High Yield,8,Allspring Global Investments,False,6.14,-0.07,6.98,2026-09-15T00:00:00,94987B105,Allspring Income Opps,2026-09-15,XEADX,Fixed Income - Taxable-High Yield,30.26,362.827,,Monthly,0.25923,0.053259999999999995,15.0,7.1839,,,2.95,,591.465,True,False,False,False,False,False,,8.8,10.25,3.5300000000000002,2.37,2.92,0.71,,,-0.9400000000000001,1906910,,,100.5505,,4.62,3.15,6.6562,-8.16086,-2.24,-3.17,-2.32,2026-09-15T00:00:00,2003-02-28T00:00:00,2/28/2003,1046390400,2026-08-13T00:00:00
25,ERC,-0.08259999999999999,9.01612,9.82838,0.07273,6.74,16,Morningstar US CEF Limited Duration,8,Allspring Global Investments,False,8.88,-0.07,9.68,2026-09-15T00:00:00,94987D101,Allspring Multi-Sec Inc,2026-09-15,XERCX,Fixed Income - Taxable-Limited Duration,30.47,249.118,,Monthly,0.35301,0.07273,20.0,6.8646,0.0,4.35,3.22,,390.561,True,False,False,True,False,False,,8.57,8.75,3.42,2.36,3.92,6.86,,,7.5,750490,,0.0,98.7585,,,,9.25259,-6.8477,-1.4100000000000001,-1.6099999999999999,-1.06,2026-09-15T00:00:00,2003-06-25T00:00:00,6/25/2003,1056499200,2026-08-13T00:00:00
26,ERH,-0.084,8.94805,9.76905,0.08784,1.9500000000000002,26,Morningstar US CEF US Allocation,8,Allspring Global Investments,False,10.79,-0.13,11.78,2026-09-15T00:00:00,94987E109,Allspring Util & High In,2026-09-15,XERHX,Hybrid-U.S. Allocation,22.38,95.299,,Monthly,0.1865,0.08784,20.0,7.2139,,,2.43,,134.043,True,False,False,False,False,False,,12.59,14.31,5.67,2.65,-0.34,1.02,,,2.05,235690,,,100.6661,,4.08,3.13,12.09968,-7.6580200000000005,-0.5700000000000001,-0.99,-0.51,2026-09-15T00:00:00,2004-04-30T00:00:00,4/30/2004,1083283200,2026-08-13T00:00:00
27,FINS,-0.06860000000000001,10.3994,11.16505,0.11499999999999999,6.88,26,Morningstar US CEF US Allocation,10,"Angel Oak Capital Advisors, LLC",False,12.36,-0.06,13.27,2026-09-15T00:00:00,03464A100,Angel Oak Financial Strats Income Term,2026-09-15,XFINX,Hybrid-U.S. Allocation,22.05,413.032,,Monthly,0.38984,0.11499999999999999,20.0,6.7377,,,2.92,,568.861,True,False,False,False,False,True,,10.08,13.55,3.1,2.76,3.11,3.58,,,6.31,465590,,,99.9624,,3.34,2.85,12.91109,-6.04738,-0.9500000000000001,-0.81,-0.54,2026-09-15T00:00:00,2019-05-29T00:00:00,5/29/2019,1559088000,2026-09-16T00:00:00
28,ARDC,-0.09949999999999999,10.09723,11.21262,0.11249999999999999,1.28,19,Morningstar US CEF Senior Loans,11,Ares Capital Management II LLC,False,12.04,-0.05,13.37,2026-09-15T00:00:00,04014F102,Ares Dynamic Credit Allocation Fund,2026-09-15,XADCX,Fixed Income - Taxable-Senior Loans,40.36,288.551,,Monthly,0.55616,0.11249999999999999,20.0,7.4979,,,5.26,,537.296,True,False,False,False,False,False,,8.16,9.54,4.87,4.46,-0.11,0.1,,,-6.46,1144360,,,,,40.42,,12.95992,-6.66545,-1.73,-2.39,-1.76,2026-09-15T00:00:00,2012-11-27T00:00:00,11/27/2012,1353974400,2026-08-21T00:00:00
29,BANX,0.0034000000000000002,8.63309,8.60421,0.09999999999999999,3.61,8,Morningstar US CEF Sector Equity,12,"ArrowMark Asset Management, LLC",False,20.92,0.65,21.0,2026-07-31T00:00:00,861780104,ArrowMark Financial Corp,2026-09-15,XBANX,Equity-Sector Equity,16.8,202.694,,Monthly,0.91029,0.09999999999999999,25.0,11.1103,,,6.43,,242.815,True,True,True,False,False,True,,9.66,20.94,8.82,9.69,0.9400000000000001,2.1,,,15.0,340130,,,107.3588,,,,20.56273,-4.58929,1.57,1.37,1.9500000000000002,2026-09-15T00:00:00,2013-11-07T00:00:00,11/7/2013,1383782400,2026-08-24T00:00:00
30,ASA,-0.21660000000000001,0.10914,0.13932,0.04,81.82,8,Morningstar US CEF Sector Equity,13,ASA,False,57.42,-1.2,73.3,2026-09-15T00:00:00,G3156P103,ASA Gold and Precious Metals Limited,2026-09-15,XASAX,Equity-Sector Equity,,1107.626,,Semi-Annually,0.02585,0.04,28.0,9.086,,,1.88,,1413.95,False,False,False,False,False,False,,63.29,62.74,26.1,25.07,14.31,6.99,,,69.75,0,,,,,,,58.69466,-13.06219,,,,,1958-09-23T00:00:00,9/23/1958,-355795200,2026-05-01T00:00:00
31,BCV,-0.1216,6.04497,6.88208,0.41,23.54,11,Morningstar US CEF Convertibles,60,Gabelli Funds LLC,False,23.83,-0.16,27.13,2026-09-15T00:00:00,059695106,Bancroft Fund,2026-09-15,XBCVX,Fixed Income - Taxable-Convertibles,15.25,134.104,,Quarterly,0.01134,0.41,25.0,2.3737,,,1.31,,180.14,True,True,False,False,False,False,,19.11,21.08,4.22,3.67,16.09,12.97,,,22.32,182980,,,,,21.12,,23.61151,-11.79086,-0.33,-0.21,-0.03,2026-09-15T00:00:00,1971-10-04T00:00:00,10/4/1971,55382400,2026-09-16T00:00:00
32,MCI,0.1322,9.48429,8.37696,0.39999999999999997,11.17,14,Morningstar US CEF High Yield,14,Barings LLC,False,19.1,1.48,17.27,2026-06-30T00:00:00,06759X107,Barings Corporate Investors,2026-09-15,XMCIX,Fixed Income - Taxable-High Yield,21.16,393.213,,Quarterly,0.60289,0.39999999999999997,25.0,7.782,,,1.65,,440.541,True,True,False,False,False,False,,10.72,19.96,10.11,14.64,6.4,14.02,,,-1.1400000000000001,351600,,,92.3472,,,,18.99764,13.86344,-0.06,1.49,1.38,2026-09-15T00:00:00,1971-09-01T00:00:00,9/1/1971,52531200,2026-08-28T00:00:00
33,BGH,-0.0728,9.98367,10.76742,0.12229999999999999,5.21,14,Morningstar US CEF High Yield,14,Barings LLC,False,13.63,-0.05,14.7,2026-09-15T00:00:00,06760L100,Barings Global Short Duration High Yield,2026-09-15,XBGHX,Fixed Income - Taxable-High Yield,31.73,273.723,,Monthly,0.67131,0.12229999999999999,25.0,8.9029,,,3.93,,433.314,True,False,False,False,False,False,,11.08,13.93,6.11,6.65,4.79,1.63,,,-3.79,796830,,,99.958,,,,14.56366,-3.57407,-1.33,-2.2800000000000002,-1.57,2026-09-15T00:00:00,2012-10-25T00:00:00,10/25/2012,1351123200,2026-08-20T00:00:00
34,MPV,0.1075,9.58549,8.65497,0.37,,14,Morningstar US CEF High Yield,14,Barings LLC,False,17.1,0.1,15.81,2026-06-30T00:00:00,06761A103,Barings Participation Invs,2026-09-15,XMPVX,Fixed Income - Taxable-High Yield,21.98,184.548,,Quarterly,0.54452,0.37,10.0,7.7819,,,1.55,,213.567,True,False,True,False,False,False,,,17.81,,13.18,6.38,12.1,,,-6.9,170630,,,92.2129,,,,18.04978,9.0657,0.28,1.0,0.31,2026-09-15T00:00:00,1988-10-06T00:00:00,10/6/1988,592099200,2026-08-28T00:00:00
35,BXSY,-0.37020000000000003,3.67751,5.8394200000000005,0.26,32.39,26,Morningstar US CEF US Allocation,15,Bexil Corp,True,17.81,-0.12,28.28,2026-09-15T00:00:00,25538A204,Bexil Investment Trust,2026-09-15,XBXIX,Hybrid-U.S. Allocation,8.19,230.521,,Quarterly,-0.02758,0.26,15.0,,,,1.9300000000000002,,398.694,True,True,True,False,True,False,,24.36,26.59,13.66,12.3,24.42,22.69,,,35.29,122490,,,,,1.11,,15.9689,-37.3391,0.33,1.15,0.78,2026-09-15T00:00:00,1998-06-29T00:00:00,6/29/1998,899078400,2026-09-16T00:00:00
36,BMN,0.0179,4.67775,4.59559,0.09924999999999999,5.26,21,Morningstar US CEF Municipal,16,BlackRock,False,24.48,-0.1,24.05,2026-09-15T00:00:00,09262G108,BlackRock 2037 Municipal Target term,2026-09-15,XBMNX,Fixed Income - Municipal-Municipal,25.86,150.495,,Monthly,0.609,0.09924999999999999,25.0,5.0193,,14.37,2.16,,199.431,True,False,True,False,False,True,,4.07,7.5,,,-0.01,1.8900000000000001,,,11.79,99350,19.27,,103.2043,,,,25.70518,-0.00337,0.76,0.92,0.72,2026-09-15T00:00:00,2022-10-28T00:00:00,10/28/2022,1666915200,2026-09-15T00:00:00
37,BCAT,0.0298,22.13904,21.49937,0.25012,13.69,26,Morningstar US CEF US Allocation,16,BlackRock,True,14.19,-0.51,13.78,2026-09-15T00:00:00,09260U109,BlackRock Capital Allocation Term Trust,2026-09-15,XCATX,Hybrid-U.S. Allocation,5.18,1486.761,,Monthly,0.12959,0.25012,20.0,,,2.48,1.4,,1443.803,True,False,True,False,True,True,,12.48,23.2,5.39,8.44,7.45,29.18,,,30.87,6637060,,,95.7637,,,,15.0328,0.6443000000000001,0.38,-2.75,-0.79,2026-09-15T00:00:00,2020-09-28T00:00:00,9/28/2020,1601251200,2026-09-15T00:00:00
38,BHK,-0.053200000000000004,9.91362,10.47018,0.0746,1.56,15,Morningstar US CEF Investment Grade,16,BlackRock,True,8.55,-0.13,9.03,2026-09-15T00:00:00,09249E101,BlackRock Core Bond,2026-09-15,XBHKX,Fixed Income - Taxable-Investment Grade,34.63,617.517,-0.051000000000000004,Monthly,0.27784000000000003,0.0746,15.0,5.2301,,20.03,3.34,,997.692,True,False,False,False,True,False,,4.9,5.42,-2.39,-2.67,-1.1,0.59,,,2.65,2836000,,,95.2552,,7.35,7.16,9.34908,-4.45454,-0.6,-0.9500000000000001,-0.22,2026-09-15T00:00:00,2001-11-30T00:00:00,11/30/2001,1007078400,2026-09-15T00:00:00
39,HYT,-0.1054,10.47982,11.71429,0.0779,5.14,14,Morningstar US CEF High Yield,16,BlackRock,True,7.98,-0.09,8.92,2026-09-15T00:00:00,09255P107,BlackRock Corporate High Yield Fund,2026-09-15,XHYTX,Fixed Income - Taxable-High Yield,20.56,1538.378,-0.113,Monthly,0.33087,0.0779,15.0,7.0115,,,2.33,,2164.511,True,False,False,False,True,False,,9.73,6.7,4.41,1.77,2.65,0.35000000000000003,,,-3.02,8226160,,,100.4042,,4.19,,8.80939,-6.20968,-1.8,-2.62,-3.17,2026-09-15T00:00:00,2003-05-30T00:00:00,5/30/2003,1054252800,2026-09-15T00:00:00
40,BTZ,-0.09,9.54313,10.4875,0.0839,3.37,15,Morningstar US CEF Investment Grade,16,BlackRock,True,9.6,-0.07,10.55,2026-09-15T00:00:00,092508100,BlackRock Credit Allocation Income Trust,2026-09-15,XBTZX,Fixed Income - Taxable-Investment Grade,35.61,895.915,-0.11900000000000001,Monthly,0.34357,0.0839,25.0,5.9688,,18.6,3.37,,1528.994,True,False,False,False,True,False,,8.13,9.63,1.12,0.8,0.8200000000000001,-0.86,,,0.64,2628880,,,99.1292,,,,10.47716,-6.08088,-1.6,-2.02,-1.37,2026-09-15T00:00:00,2006-12-27T00:00:00,12/27/2006,1167177600,2026-09-15T00:00:00
41,DSU,-0.0391,12.52389,13.03366,0.09873,4.7,19,Morningstar US CEF Senior Loans,16,BlackRock,True,9.09,-0.13,9.46,2026-09-15T00:00:00,09255R202,BlackRock Debt Strategies,2026-09-15,XDSUX,Fixed Income - Taxable-Senior Loans,16.1,565.758,-0.17400000000000002,Monthly,0.32235,0.09873,10.0,,,6.38,1.69,,701.786,True,False,False,False,True,False,,7.54,9.38,6.09,6.48,2.21,1.09,,,0.72,2769940,,,,,,,9.93307,0.44183000000000006,-3.39,-2.63,-2.87,2026-09-15T00:00:00,1998-03-27T00:00:00,3/27/1998,890956800,2026-09-15T00:00:00
42,BGR,-0.1002,5.90592,6.56324,0.0973,44.67,8,Morningstar US CEF Sector Equity,16,BlackRock,True,17.79,0.25,19.77,2026-09-15T00:00:00,09250U101,BlackRock Energy and Resources,2026-09-15,XBGRX,Equity-Sector Equity,0.0,452.865,,Monthly,0.16738,0.0973,25.0,,,,1.23,,503.269,True,True,False,False,True,False,,17.32,18.81,22.18,22.15,41.43,33.68,,,36.69,1087190,,,,,,,15.1941,-7.6278,-0.81,-0.06,-0.13,2026-09-15T00:00:00,2004-12-23T00:00:00,12/23/2004,1103760000,2026-09-15T00:00:00
43,BDJ,-0.0691,7.1286,7.65773,0.0819,20.02,3,Morningstar US CEF Covered Call,16,BlackRock,True,9.7,-0.06,10.42,2026-09-15T00:00:00,09251A104,BlackRock Enhanced Dividend Achievers,2026-09-15,XBDJX,Equity-Covered-Call Funds,0.12,1716.363,,Monthly,0.059750000000000004,0.0819,15.0,,,,0.88,,1845.89,True,True,False,False,True,False,,15.96,18.42,9.84,9.63,13.61,10.23,,,20.07,4369640,,,,,,,9.31046,-6.02584,-0.56,0.15,0.5,2026-09-15T00:00:00,2005-08-26T00:00:00,8/26/2005,1125014400,2026-09-15T00:00:00
44,BOE,-0.0774,7.52959,8.16118,0.0827,15.82,3,Morningstar US CEF Covered Call,16,BlackRock,True,12.16,-0.02,13.18,2026-09-15T00:00:00,092501105,BlackRock Enhanced Glbl Div Trust,2026-09-15,XBOEX,Equity-Covered-Call Funds,0.02,676.098,,Monthly,0.091,0.0827,25.0,,,,1.03,,732.81,True,True,True,False,True,False,,13.31,16.73,7.18,7.92,9.37,12.33,,,17.18,1308920,,,,,,,11.79038,-9.19371,1.57,0.4,1.09,2026-09-15T00:00:00,2005-05-26T00:00:00,5/26/2005,1117065600,2026-09-15T00:00:00
45,BGY,-0.1005,8.02512,8.92147,0.0426,14.97,3,Morningstar US CEF Covered Call,16,BlackRock,True,5.73,-0.08,6.37,2026-09-15T00:00:00,092524107,BlackRock Enhanced Intl Div Trust,2026-09-15,XBGYX,Equity-Covered-Call Funds,0.36,519.221,,Monthly,0.06786,0.0426,20.0,,,,1.2,,577.214,True,False,False,False,True,False,,10.43,12.87,6.32,6.68,8.67,6.94,,,12.42,2740110,,,,,,,5.78688,-8.62204,-0.91,-0.4,-0.1,2026-09-15T00:00:00,2007-05-25T00:00:00,5/25/2007,1180051200,2026-09-15T00:00:00
46,CII,0.008,7.13322,7.07654,0.141,22.64,3,Morningstar US CEF Covered Call,16,BlackRock,True,23.91,-0.21,23.72,2026-09-15T00:00:00,09256A109,BlackRock Enhanced Large Cap Core Fund,2026-09-15,XCIIX,Equity-Covered-Call Funds,0.43,1044.965,,Monthly,0.01133,0.141,20.0,,,,0.93,,1041.127,True,True,True,False,True,False,,19.18,20.34,12.26,12.99,12.07,9.88,,,29.35,952420,,,,,,,23.72034,0.7932,0.0,-0.63,-0.22,2026-09-15T00:00:00,2004-04-27T00:00:00,4/27/2004,1083024000,2026-09-15T00:00:00
47,ECAT,-0.0475,22.19711,23.30376,0.26442,14.4,25,Morningstar US CEF Global Allocation,16,BlackRock,True,13.84,-0.63,14.53,2026-09-15T00:00:00,09262F100,BlackRock ESG Capital Allocation Term,2026-09-15,ECAT,Hybrid-Global Allocation,0.17,1376.641,,Monthly,0.08926,0.26442,20.0,,,2.02,1.4100000000000001,,1447.805,True,False,False,False,True,True,,13.5,20.36,,,7.72,15.54,,,15.67,4511940,,,95.981,,,,15.4136,-2.5315700000000003,-1.0,-3.7199999999999998,-1.11,2026-09-15T00:00:00,2021-09-27T00:00:00,9/27/2021,1632700800,2026-09-15T00:00:00
48,FRA,-0.0533,13.2096,13.9538,0.12383999999999999,4.14,19,Morningstar US CEF Senior Loans,17,"BlackRock Advisors, LLC",True,10.65,-0.07,11.25,2026-09-15T00:00:00,09255X100,BlackRock Floating Rate Inc Strategies,2026-09-15,XFRAX,Fixed Income - Taxable-Senior Loans,23.29,377.38,-0.184,Monthly,0.37426,0.12383999999999999,20.0,,,6.29,2.61,,519.659,True,False,False,False,True,False,,6.9,8.49,6.11,6.99,2.14,3.45,,,-4.48,1628350,,,,,,,11.47977,-2.5386800000000003,-0.8200000000000001,-1.12,-0.61,2026-09-15T00:00:00,2003-10-31T00:00:00,10/31/2003,1067558400,2026-09-15T00:00:00
49,BGT,-0.0272,13.09764,13.46418,0.12028,4.2,19,Morningstar US CEF Senior Loans,16,BlackRock,True,10.72,-0.21,11.02,2026-09-15T00:00:00,091941104,Blackrock Floating Rate Income,2026-09-15,XBGTX,Fixed Income - Taxable-Senior Loans,0.14,319.721,-0.154,Monthly,0.36013,0.12028,20.0,,,,2.06,,329.115,True,False,True,False,True,False,,7.15,9.89,6.27,7.5,2.11,7.51,,,1.46,1334200,,,,,,,11.16387,-3.14098,0.2,0.06,0.56,2026-09-15T00:00:00,2004-08-30T00:00:00,8/30/2004,1093824000,2026-09-15T00:00:00
50,BME,-0.0259,6.9661100000000005,7.15143,0.2621,25.08,8,Morningstar US CEF Sector Equity,16,BlackRock,True,43.98,-0.51,45.15,2026-09-15T00:00:00,09250W107,BlackRock Health Sciences,2026-09-15,XBMEX,Equity-Sector Equity,0.15,568.402,,Monthly,0.07492,0.2621,25.0,,,,1.13,,584.418,True,True,True,False,True,False,,10.56,12.45,5.73,5.71,10.76,16.64,,,34.19,436370,,,,,,,40.85185,-5.06427,1.1400000000000001,0.38,0.79,2026-09-15T00:00:00,2005-03-28T00:00:00,3/28/2005,1111968000,2026-09-15T00:00:00
51,BMEZ,-0.1134,7.30088,8.23456,0.11,27.16,8,Morningstar US CEF Sector Equity,16,BlackRock,True,16.03,-0.24,18.08,2026-09-15T00:00:00,09260E105,BlackRock Health Sciences Term Trust,2026-09-15,XBMZX,Equity-Sector Equity,0.42,1001.898,,Monthly,0.11368,0.11,20.0,,,,1.37,,1134.848,True,True,False,False,True,True,,10.9,14.45,-0.42,-0.35000000000000003,14.17,18.03,,,28.02,2195550,,,,,,,15.00797,-10.960890000000001,-0.28,-1.31,-0.65,2026-09-15T00:00:00,2020-01-29T00:00:00,1/29/2020,1580256000,2026-09-15T00:00:00
52,BKT,-0.056600000000000004,10.14765,10.7561,0.0882,-0.88,15,Morningstar US CEF Investment Grade,16,BlackRock,True,9.84,-0.1,10.43,2026-09-15T00:00:00,09247F209,BlackRock Income,2026-09-15,XBKTX,Fixed Income - Taxable-Investment Grade,20.06,318.707,-0.055,Monthly,0.22314,0.0882,10.0,4.4525,,,1.9700000000000002,,422.605,True,False,False,False,True,False,,4.03,4.37,-1.77,-3.5300000000000002,-0.89,-0.25,,,-3.37,1347150,,,88.239,,4.92,4.8100000000000005,10.80241,-4.4415700000000005,-1.37,-1.78,-1.25,2026-09-15T00:00:00,1988-08-01T00:00:00,8/1/1988,586396800,2026-09-15T00:00:00
53,BLW,-0.0633,10.48958,11.19868,0.1132,4.02,16,Morningstar US CEF Limited Duration,16,BlackRock,True,12.13,-0.15,12.95,2026-09-15T00:00:00,09249W101,BlackRock Limited Duration Income,2026-09-15,XBLWX,Fixed Income - Taxable-Limited Duration,36.47,474.094,-0.133,Monthly,0.49739,0.1132,20.0,6.6807,,,3.7,,796.644,True,False,False,False,True,False,,8.61,9.05,4.03,3.14,1.42,-0.65,,,-0.47000000000000003,1196400,,,99.8125,,,,13.18789,-2.91883,-1.24,-1.08,-0.65,2026-09-15T00:00:00,2003-07-28T00:00:00,7/28/2003,1059350400,2026-09-15T00:00:00
54,BIT,-0.1009,11.61502,12.91906,0.12369999999999999,3.93,17,Morningstar US CEF Multi-Sector,16,BlackRock,True,11.49,-0.13,12.78,2026-09-15T00:00:00,09258A107,BlackRock Multi-Sector Income Trust,2026-09-15,XBITX,Fixed Income - Taxable-Multi-Sector,37.79,655.651,-0.508,Monthly,0.44911,0.12369999999999999,20.0,6.0329,,13.4,3.26,,1172.338,True,False,False,False,True,False,,8.39,4.05,3.96,1.67,1.26,-1.06,,,-2.1,3095430,7.97,,97.3328,,,3.7199999999999998,12.79027,-6.0038,-3.2,-2.24,-2.9,2026-09-15T00:00:00,2013-02-25T00:00:00,2/25/2013,1361750400,2026-09-15T00:00:00
55,MUA,-0.0678,6.45349,6.92308,0.0555,7.32,21,Morningstar US CEF Municipal,16,BlackRock,False,9.62,-0.16,10.32,2026-09-15T00:00:00,09254J102,BlackRock Muniassets,2026-09-15,XMUAX,Fixed Income - Municipal-Municipal,28.52,645.885,-0.004,Monthly,0.28542,0.0555,15.0,5.4809,,,2.59,,969.279,True,False,False,False,False,False,,5.92,7.27,-0.73,-3.54,1.48,-2.51,,,-0.6900000000000001,1470390,17.62,,92.4046,,12.75,,10.71446,-4.41584,-1.15,-0.24,-0.79,2026-09-15T00:00:00,1993-06-25T00:00:00,6/25/1993,740966400,2026-09-15T00:00:00
56,BTT,-0.08529999999999999,2.30655,2.52174,0.0464,2.45,21,Morningstar US CEF Municipal,16,BlackRock,False,22.08,-0.17,24.14,2026-09-15T00:00:00,09257P105,BlackRock Municipal 2030 Target Term,2026-09-15,XBTTX,Fixed Income - Municipal-Municipal,35.19,1404.849,0.148,Monthly,0.34323,0.0464,25.0,4.6478,,,2.69,,2369.798,True,False,False,False,False,True,,4.25,6.35,0.5,-0.15,0.98,0.89,,,3.77,896930,22.16,,101.5267,,3.88,,22.65299,-8.04068,-0.86,-1.87,-1.6800000000000002,2026-09-15T00:00:00,2012-08-29T00:00:00,8/29/2012,1346198400,2026-09-15T00:00:00
57,MHD,-0.083,6.04572,6.5928,0.0595,6.96,21,Morningstar US CEF Municipal,16,BlackRock,False,10.83,-0.18,11.81,2026-09-15T00:00:00,09253N104,BlackRock Municipal Income,2026-09-15,XMHDX,Fixed Income - Municipal-Municipal,43.56,1892.0,0.004,Monthly,0.30405,0.0595,15.0,5.0119,,,3.08,,3655.336,True,False,True,False,False,False,,2.95,6.58,-2.14,-2.75,0.0,2.0,,,9.3,2797700,5.17,,99.8744,,11.88,,11.67831,-8.46643,0.2,-0.66,-0.07,2026-09-15T00:00:00,1997-05-02T00:00:00,5/2/1997,862531200,2026-09-15T00:00:00
58,MUC,-0.0797,5.87912,6.38806,0.0535,6.28,22,Morningstar US CEF Municipal-CA,16,BlackRock,False,10.05,-0.23,10.92,2026-09-15T00:00:00,09254L107,BlackRock MuniHoldings CA Qty,2026-09-15,XMUCX,Fixed Income - Municipal-Municipal - CA,42.05,1256.333,0.07100000000000001,Monthly,0.26962,0.0535,15.0,5.0713,,,3.22,,2355.745,True,False,True,False,False,False,,2.33,6.38,-2.19,-2.88,0.12,3.65,,,8.82,3002550,4.0,,102.4334,,13.95,,10.74706,-8.13298,0.16,-1.49,-0.6,2026-09-15T00:00:00,1998-02-27T00:00:00,2/27/1998,888537600,2026-09-15T00:00:00
59,MUJ,-0.0051,5.54795,5.57659,0.054,6.7,24,Morningstar US CEF Municipal-Single State,16,BlackRock,False,11.62,-0.33,11.68,2026-09-15T00:00:00,09254X101,BlackRock MuniHoldings NJ Qty,2026-09-15,XMUJX,Fixed Income - Municipal-Municipal - Single-State,41.09,618.011,0.085,Monthly,0.2647,0.054,15.0,4.7124,,,3.37,,1054.527,True,False,True,False,False,False,,3.38,9.37,-0.89,-0.33,0.21,5.24,,,15.33,997230,20.57,,97.7946,,13.16,,12.04623,-3.8474,1.37,0.84,1.12,2026-09-15T00:00:00,1998-03-11T00:00:00,3/11/1998,889574400,2026-09-15T00:00:00
60,MIY,0.04769999999999999,5.67708,5.41839,0.0545,7.3,24,Morningstar US CEF Municipal-Single State,16,BlackRock,False,12.07,-0.17,11.52,2026-09-15T00:00:00,09254V105,BlackRock MuniYield MI Quality,2026-09-15,XMIYX,Fixed Income - Municipal-Municipal - Single-State,41.02,349.605,0.07200000000000001,Monthly,0.25837,0.0545,15.0,4.9551,,,3.34,,565.767,True,True,True,False,False,False,,3.21,11.64,-1.06,0.91,-0.07,12.28,,,20.26,610900,8.27,,100.9645,,16.35,,11.98978,-3.02901,2.08,1.33,1.97,2026-09-15T00:00:00,1992-10-30T00:00:00,10/30/1992,720403200,2026-09-15T00:00:00
61,MYN,-0.08800000000000001,6.21234,6.81153,0.051199999999999996,7.38,23,Morningstar US CEF Municipal-NY,17,"BlackRock Advisors, LLC",False,9.02,-0.19,9.89,2026-09-15T00:00:00,09255E102,BlackRock MuniYield NY Quality,2026-09-15,XMYNX,Fixed Income - Municipal-Municipal - NY,23.91,848.995,0.069,Monthly,0.24345,0.051199999999999996,15.0,4.855,,,3.2800000000000002,,1223.39,True,False,False,False,False,False,,2.44,6.21,-2.01,-2.66,-0.62,1.6800000000000002,,,10.35,1325120,9.11,,100.2576,,12.59,,9.93995,-8.1216,-0.9,-2.03,-1.08,2026-09-15T00:00:00,1992-02-28T00:00:00,2/28/1992,699235200,2026-09-15T00:00:00
62,MPA,-0.1023,5.04762,5.62279,0.0477,7.01,24,Morningstar US CEF Municipal-Single State,16,BlackRock,False,10.18,-0.15,11.34,2026-09-15T00:00:00,09255G107,BlackRock MuniYield PA Quality,2026-09-15,XMPAX,Fixed Income - Municipal-Municipal - Single-State,39.81,131.827,0.039,Monthly,0.23728000000000002,0.0477,15.0,4.7722999999999995,,,3.23,,243.995,True,False,False,False,False,False,,3.4,6.01,-1.7000000000000002,-2.29,-0.77,2.49,,,7.26,316110,9.12,,98.0715,,14.9,,11.24528,-8.56112,-2.06,-2.43,-2.42,2026-09-15T00:00:00,1992-10-30T00:00:00,10/30/1992,720403200,2026-09-15T00:00:00
63,MYI,-0.08039999999999999,6.08775,6.62028,0.0555,6.53,21,Morningstar US CEF Municipal,16,BlackRock,False,10.06,-0.19,10.94,2026-09-15T00:00:00,09254E103,BlackRock MuniYield Qty III,2026-09-15,XMYIX,Fixed Income - Municipal-Municipal,43.56,1230.274,0.04,Monthly,0.27666,0.0555,15.0,5.0585,,,3.23,,2370.635,True,False,False,False,False,False,,3.54,6.9,-1.1400000000000001,-1.32,-0.02,2.59,,,7.35,2411180,5.78,,99.7206,,11.76,,10.92019,-7.55569,-0.55,-1.46,-0.55,2026-09-15T00:00:00,1992-04-13T00:00:00,4/13/1992,703123200,2026-09-15T00:00:00
64,MQY,-0.0947,6.10526,6.74419,0.057999999999999996,6.41,21,Morningstar US CEF Municipal,17,"BlackRock Advisors, LLC",False,10.32,-0.24,11.4,2026-09-15T00:00:00,09254F100,BlackRock Muniyield Quality,2026-09-15,XMQYX,Fixed Income - Municipal-Municipal,43.71,1552.459,0.060000000000000005,Monthly,0.28992,0.057999999999999996,15.0,5.0143,,,3.2,,3046.403,True,False,False,False,False,False,,3.01,5.89,-1.58,-2.84,-0.35000000000000003,1.9100000000000001,,,6.13,3340610,5.01,,99.4864,,14.22,,11.4231,-7.50428,-1.8599999999999999,-3.51,-2.25,2026-09-15T00:00:00,1992-06-26T00:00:00,6/26/1992,709516800,2026-09-15T00:00:00
65,BCX,-0.0789,6.0521,6.57031,0.0697,38.4,8,Morningstar US CEF Sector Equity,16,BlackRock,True,12.73,0.03,13.82,2026-09-15T00:00:00,09257A108,BlackRock Resources&Commodities Strategy,2026-09-15,XBCRX,Equity-Sector Equity,0.0,970.511,,Monthly,0.09832,0.0697,20.0,,,,1.19,,1053.632,True,True,False,False,True,False,,16.47,20.94,14.7,15.18,25.83,27.29,,,42.07,2108640,,,,,,,11.62276,-6.74238,-0.62,-1.06,-0.24,2026-09-15T00:00:00,2011-03-29T00:00:00,3/29/2011,1301356800,2026-09-15T00:00:00
66,BSTZ,-0.0915,6.37047,7.01187,0.1625,54.4,8,Morningstar US CEF Sector Equity,16,BlackRock,True,27.81,-2.63,30.61,2026-09-15T00:00:00,09260K101,BlackRock Science and Technology Term,2026-09-15,XBSZX,Equity-Sector Equity,1.15,1911.775,,Monthly,-0.15007,0.1625,20.0,,,,1.35,,2128.755,True,True,True,False,True,True,,27.32,34.46,4.32,5.7,39.2,45.66,,,56.55,2105760,,,,,,,25.22471,-9.54652,0.23,-0.35000000000000003,-0.03,2026-09-15T00:00:00,2019-06-26T00:00:00,6/26/2019,1561507200,2026-09-15T00:00:00
67,BST,-0.0241,6.17665,6.32911,0.25,37.68,8,Morningstar US CEF Sector Equity,16,BlackRock,True,47.4,-2.95,48.57,2026-09-15T00:00:00,09258G104,BlackRock Science and Technology Trust,2026-09-15,XBSTX,Equity-Sector Equity,0.11,1645.729,,Monthly,-0.29713,0.25,20.0,,,,1.11,,1688.124,True,True,True,False,True,False,,25.93,25.42,7.47,8.15,28.17,31.36,,,41.49,995360,,,,,0.26,,43.14207,-6.26978,1.96,1.3900000000000001,2.0,2026-09-15T00:00:00,2014-10-29T00:00:00,10/29/2014,1414540800,2026-09-15T00:00:00
68,BBN,-0.0694,7.395,7.94627,0.0986,2.5300000000000002,20,Morningstar US CEF Taxable Muni,17,"BlackRock Advisors, LLC",True,14.89,-0.27,16.0,2026-09-15T00:00:00,09248X100,BlackRock Taxable Municipal Bond Trust,2026-09-15,XBBNX,Fixed Income - Taxable-Taxable Muni,36.41,920.091,0.077,Monthly,0.52117,0.0986,20.0,5.9206,,,3.1,,1554.746,True,False,False,False,True,False,,4.8100000000000005,6.75,-2.36,-3.22,-0.34,1.74,,,3.47,2027690,3.2800000000000002,,99.4279,,8.12,8.12,16.28523,-4.91605,-1.31,-2.84,-1.81,2026-09-15T00:00:00,2010-08-27T00:00:00,8/27/2010,1282867200,2026-09-15T00:00:00
69,BTX,-0.1188,6.5625,7.44681,0.0525,40.3,10,Morningstar US CEF US Equity,16,BlackRock,True,8.46,-0.21,9.6,2026-09-15T00:00:00,09260Q108,BlackRock Tech and Private Equity Term,2026-09-15,XBTPX,Equity-U.S. Equity,1.11,987.369,,Monthly,-0.048940000000000004,0.0525,20.0,,,,1.46,,1133.032,True,True,True,False,True,True,,12.99,17.02,-4.75,-5.11,33.18,43.34,,,38.14,7673750,,,,,,,7.4969,-13.82282,0.9,-0.24,0.38,2026-09-15T00:00:00,2021-03-26T00:00:00,3/26/2021,1616716800,2026-09-15T00:00:00
70,BUI,0.0078000000000000005,7.24138,7.18507,0.154,18.0,8,Morningstar US CEF Sector Equity,16,BlackRock,True,25.72,-0.53,25.52,2026-09-15T00:00:00,09248D104,"BlackRock Util, Infra & Power Opp",2026-09-15,XBUIX,Equity-Sector Equity,0.11,773.774,,Monthly,0.19198,0.154,20.0,,,,1.09,,767.757,True,False,False,False,True,False,,15.85,17.32,8.31,7.83,13.63,9.61,,,9.67,756440,,,,,,,27.13728,1.70253,-0.31,-0.61,0.4,2026-09-15T00:00:00,2011-11-23T00:00:00,11/23/2011,1322006400,2026-09-15T00:00:00
71,BHV,0.1891,5.2149,4.38554,0.0455,4.65,24,Morningstar US CEF Municipal-Single State,16,BlackRock,False,12.45,-0.22,10.47,2026-09-15T00:00:00,092481100,BlackRock VA Municipal Bond,2026-09-15,XBHVX,Fixed Income - Municipal-Municipal - Single-State,41.01,19.774,0.024,Monthly,0.1615,0.0455,15.0,4.857,,,4.53,,28.187,True,True,True,False,False,False,,1.74,13.03,-3.1,-3.58,-1.7000000000000002,24.63,,,31.86,52120,8.6,,99.2945,,16.77,10.27,11.36003,-0.6112200000000001,2.33,2.0,1.65,2026-09-15T00:00:00,2002-04-30T00:00:00,4/30/2002,1020124800,2026-09-15T00:00:00
72,BGX,-0.1408,7.76699,9.03955,0.08,1.51,19,Morningstar US CEF Senior Loans,18,Blackstone Liquid Credit Strategies LLC,False,10.62,0.0,12.36,2026-09-15T00:00:00,09257D102,Blackstone Long-Short Credit Income,2026-09-15,XXBGX,Fixed Income - Taxable-Senior Loans,33.66,134.962,,Monthly,0.47335,0.08,20.0,7.1353,,,4.65,,236.774,True,False,False,False,False,False,,6.67,7.22,3.8,2.9699999999999998,0.07,-3.02,,,-6.21,692350,,,,,17.0,,11.21493,-10.95247,-1.81,-2.5,-2.54,2026-09-15T00:00:00,2011-01-27T00:00:00,1/27/2011,1296086400,2026-08-24T00:00:00
73,BSL,-0.044199999999999996,7.43363,7.77778,0.08399999999999999,0.73,19,Morningstar US CEF Senior Loans,18,Blackstone Liquid Credit Strategies LLC,False,12.96,0.03,13.56,2026-09-15T00:00:00,09256U105,Blackstone Senior Floating Rt 2027 term,2026-09-15,XBSLX,Fixed Income - Taxable-Senior Loans,33.31,168.738,,Monthly,0.49904,0.08399999999999999,20.0,7.1345,,,4.68,,264.75,True,False,False,False,False,True,,6.04,9.09,4.12,4.24,-0.19,1.08,,,-1.18,444190,,,,,3.73,,13.28804,-3.76504,-0.8,-2.04,-0.9400000000000001,2026-09-15T00:00:00,2010-05-26T00:00:00,5/26/2010,1274832000,2026-08-24T00:00:00
74,BGB,-0.0557,7.49367,7.93566,0.074,0.71,19,Morningstar US CEF Senior Loans,18,Blackstone Liquid Credit Strategies LLC,False,11.19,0.02,11.85,2026-09-15T00:00:00,09257R101,Blackstone Strategic Credit 2027 term,2026-09-15,XBGBX,Fixed Income - Taxable-Senior Loans,38.89,499.955,,Monthly,0.40459,0.074,20.0,6.9282,,,5.4,,866.376,True,False,False,False,False,True,,6.57,10.02,3.73,4.53,-0.55,0.0,,,-3.4,1361640,,,,,17.78,,11.52692,-4.95336,-0.73,-1.9100000000000001,-1.13,2026-09-15T00:00:00,2012-09-26T00:00:00,9/26/2012,1348617600,2026-08-24T00:00:00
75,BPRE,-0.4771,7.24758,13.86015,0.1371,-6.5,7,Morningstar US CEF Real Estate,19,"Bluerock Fund Advisors, LLC",True,11.870000000000001,-0.06,22.7,2026-09-15T00:00:00,09631P102,Bluerock Private Real Estate Fund,2026-09-15,XBPREX,Equity-Real Estate,,1697.937,,Monthly,,0.1371,14.0,11.1334,,,0.0,,3247.107,False,True,True,False,True,False,,-6.54,,-1.62,,-3.07,-13.42,,,,0,,,,,,,,,,-1.25,-1.3900000000000001,2026-09-15T00:00:00,2014-04-01T00:00:00,4/1/2014,1396310400,2026-09-16T00:00:00
76,DHF,-0.1369,7.98479,9.2511,0.017499999999999998,3.35,14,Morningstar US CEF High Yield,20,BNY Mellon,False,2.27,0.0,2.63,2026-09-15T00:00:00,09660L105,BNY Mellon High Yield Strategies Fund,2026-09-15,XDHFX,Fixed Income - Taxable-High Yield,27.89,165.112,,Monthly,0.09917000000000001,0.017499999999999998,15.0,7.0814,,,3.18,,265.297,True,False,False,False,False,False,,9.23,10.94,3.38,1.44,1.96,0.53,,,-0.77,3461150,4.2,,98.7994,,4.58,,2.46102,-9.68709,-2.31,-2.91,-3.29,2026-09-15T00:00:00,1998-04-29T00:00:00,4/29/1998,893808000,2026-09-10T00:00:00
77,DMB,-0.09269999999999999,5.50459,6.06673,0.049999999999999996,7.02,21,Morningstar US CEF Municipal,20,BNY Mellon,False,9.89,-0.16,10.9,2026-09-15T00:00:00,09662W109,BNY Mellon Muni Bond Infrastructure Fund,2026-09-15,XDMBX,Fixed Income - Municipal-Municipal,36.93,182.035,,Monthly,0.24734,0.049999999999999996,15.0,5.1046,,,3.19,,318.12,True,False,False,False,False,False,,3.06,4.24,-1.35,-3.34,-0.5700000000000001,-0.51,,,10.77,557130,0.13,,98.7695,,11.8,9.1,10.80499,-7.3508000000000004,-1.47,-2.92,-2.36,2026-09-15T00:00:00,2013-04-26T00:00:00,4/26/2013,1366934400,2026-08-18T00:00:00
78,DSM,-0.0933,6.0,6.61765,0.03,8.14,21,Morningstar US CEF Municipal,20,BNY Mellon,False,5.44,-0.06,6.0,2026-09-15T00:00:00,09662E109,BNY Mellon Strategic Muni Bond,2026-09-15,XDSMX,Fixed Income - Municipal-Municipal,36.12,268.892,,Monthly,0.15742,0.03,10.0,5.0125,,,2.73,,464.27,True,False,False,False,False,False,,3.41,6.9,-1.92,-2.94,-0.1,-2.26,,,7.82,1100590,1.0,,96.7327,,9.3,8.35,6.01379,-7.12672,-1.67,-2.05,-2.19,2026-09-15T00:00:00,1989-11-22T00:00:00,11/22/1989,627696000,2026-09-14T00:00:00
79,LEO,-0.0925,5.6426300000000005,6.21762,0.03,8.01,21,Morningstar US CEF Municipal,20,BNY Mellon,False,5.79,-0.07,6.38,2026-09-15T00:00:00,05588W108,BNY Mellon Strategic Municipals,2026-09-15,XLEOX,Fixed Income - Municipal-Municipal,35.41,360.664,,Monthly,0.15752,0.03,10.0,5.1313,,,2.76,,615.336,True,False,False,False,False,False,,3.81,7.04,-1.7000000000000002,-4.03,0.5,0.53,,,9.05,1975630,1.18,,96.899,,9.74,8.54,6.31345,-7.5981000000000005,-1.55,-2.29,-2.17,2026-09-15T00:00:00,1987-09-23T00:00:00,9/23/1987,559353600,2026-09-14T00:00:00
80,BWG,-0.11939999999999999,11.58022,13.15068,0.08,1.38,13,Morningstar US CEF Global Income,54,"Franklin Templeton Fund Adviser, LLC",True,7.3,-0.11,8.29,2026-09-15T00:00:00,10537L104,BrandywineGLOBAL â Global Inc Opp Fund,2026-09-15,XBWGX,Fixed Income - Taxable-Global Income,42.04,122.58,,Monthly,0.40321,0.08,20.0,7.6342,,,4.62,,240.165,True,False,False,False,True,False,,7.84,10.25,0.6900000000000001,1.4,0.18,-1.22,,,-0.43,763160,,,,,,,8.15513,-8.67317,-2.2,-4.51,-2.67,2026-09-15T00:00:00,2012-03-28T00:00:00,3/28/2012,1332892800,2026-08-24T00:00:00
81,RA,-0.1191,10.41176,11.8197,0.118,5.61,14,Morningstar US CEF High Yield,21,Brookfield Public Securities Group LLC,True,11.98,-0.14,13.6,2026-09-15T00:00:00,112830104,Brookfield Real Assets Income Fund Inc.,2026-09-15,XRAIX,Fixed Income - Taxable-High Yield,24.8,661.951,,Monthly,0.43376000000000003,0.118,25.0,6.5269,,,3.34,,1003.691,True,False,False,False,True,False,,8.38,10.71,3.9,0.68,3.14,4.19,,,3.51,1718680,,,96.6205,,8.9,,12.95172,-9.26889,-2.43,-2.7800000000000002,-2.36,2026-09-15T00:00:00,2016-12-02T00:00:00,12/2/2016,1480636800,2026-09-10T00:00:00
82,CFND,-0.5254,,,,-18.67,10,Morningstar US CEF US Equity,23,C1 Advisors LLC,True,3.08,0.17,6.49,2026-06-30T00:00:00,12673Q103,C1 Fund Inc.,2026-09-15,XCFNDX,Equity-U.S. Equity,,20.231,,Semi-Annually,-0.24685,,10.0,,,,5.86,,42.629,False,False,False,False,True,False,,,,,,-16.9,-41.43,,,-66.27,433690,,,,,,,4.55393,-39.43817,-0.68,0.21,-0.05,2026-09-15T00:00:00,2025-08-07T00:00:00,8/7/2025,1754524800,
83,CHY,-0.0123,9.86031,9.98336,0.09999999999999999,27.21,11,Morningstar US CEF Convertibles,24,Calamos Advisors LLC,False,12.02,-0.2,12.17,2026-09-15T00:00:00,12811P108,Calamos Convertible & High Income Fund,2026-09-15,XCHYX,Fixed Income - Taxable-Convertibles,32.61,965.57,,Monthly,-0.10886,0.09999999999999999,15.0,3.6347,,,4.01,,1450.638,True,False,False,False,False,False,,18.14,15.73,5.75,6.02,18.8,20.53,,,29.99,1866620,,,110.455,,,,12.12619,-0.70786,-0.26,-0.99,-0.09,2026-09-15T00:00:00,2003-05-28T00:00:00,5/28/2003,1054080000,2026-09-14T00:00:00
84,CHI,0.04190000000000001,9.95633,9.55574,0.095,26.68,11,Morningstar US CEF Convertibles,24,Calamos Advisors LLC,False,11.93,-0.24,11.45,2026-09-15T00:00:00,128117108,Calamos Convertible Opp Inc,2026-09-15,XCHIX,Fixed Income - Taxable-Convertibles,31.96,962.832,,Monthly,-0.09886,0.095,15.0,3.5968,,,3.98,,1358.143,True,True,True,False,False,False,,17.89,17.7,5.64,6.53,18.56,28.22,,,34.65,1796850,,,110.6368,,,,11.74085,1.9714200000000002,0.84,-0.59,0.36,2026-09-15T00:00:00,2002-06-26T00:00:00,6/26/2002,1025049600,2026-09-14T00:00:00
85,CCD,0.0084,10.28571,10.20052,0.19499999999999998,31.68,11,Morningstar US CEF Convertibles,24,Calamos Advisors LLC,False,22.94,-0.51,22.75,2026-09-15T00:00:00,12811V105,Calamos Dynamic Convertible and Income,2026-09-15,XCCDX,Fixed Income - Taxable-Convertibles,30.45,655.691,,Monthly,-0.41014,0.19499999999999998,25.0,2.6269,,,4.26,,935.018,True,False,False,False,False,True,,19.73,18.95,5.79,5.98,21.88,24.83,,,32.83,813810,,,,,,,23.14556,1.66985,-0.37,-0.66,-0.26,2026-09-15T00:00:00,2015-03-27T00:00:00,3/27/2015,1427414400,2026-09-14T00:00:00
86,CHW,-0.1131,7.9033999999999995,8.91089,0.06,23.96,25,Morningstar US CEF Global Allocation,24,Calamos Advisors LLC,False,8.08,-0.13,9.11,2026-09-15T00:00:00,12811L107,Calamos Global Dynamic Income Fund,2026-09-15,XCHWX,Hybrid-Global Allocation,30.22,516.024,,Monthly,-0.03591,0.06,15.0,4.8766,,,3.85,,833.768,True,True,False,False,False,False,,20.87,22.27,7.13,4.85,19.53,19.04,,,24.77,1862160,,,,,,,8.03272,-10.211500000000001,-0.84,-1.45,-0.5,2026-09-15T00:00:00,2007-06-27T00:00:00,6/27/2007,1182902400,2026-09-14T00:00:00
87,CGO,-0.10619999999999999,7.75305,8.6747,0.09,24.28,25,Morningstar US CEF Global Allocation,24,Calamos Advisors LLC,False,12.45,-0.33,13.93,2026-09-15T00:00:00,128118106,Calamos Global Total Return,2026-09-15,XCGOX,Hybrid-Global Allocation,30.15,122.35,,Monthly,-0.07175000000000001,0.09,15.0,4.7922,,,4.02,,195.971,True,True,False,False,False,False,,21.43,22.24,7.04,4.22,20.31,20.96,,,21.21,258300,,,,,,,12.41303,-9.1648,-1.03,-1.17,-0.56,2026-09-15T00:00:00,2005-10-27T00:00:00,10/27/2005,1130371200,2026-09-14T00:00:00
88,CPZ,-0.141,11.33603,13.19717,0.13999999999999999,-4.7,5,Morningstar US CEF Global Equity,24,Calamos Advisors LLC,False,12.73,-0.17,14.82,2026-09-15T00:00:00,12812C106,Calamos L/S Equity & Dynamic Inc Trust,2026-09-15,XCPZX,Equity-Global Equity,48.65,249.918,,Monthly,0.08155,0.13999999999999999,20.0,5.7136,,,4.38,,566.64,True,False,False,False,False,False,,5.6,7.23,2.69,2.5700000000000003,-0.27,-2.49,,,-10.75,774090,,,99.3359,,,,14.22958,-10.22285,-1.8,-1.5899999999999999,-1.5899999999999999,2026-09-15T00:00:00,2019-11-29T00:00:00,11/29/2019,1574985600,2026-09-14T00:00:00
89,CSQ,-0.0815,7.33696,7.98817,0.13499999999999998,24.42,26,Morningstar US CEF US Allocation,24,Calamos Advisors LLC,False,20.28,-0.15,22.08,2026-09-15T00:00:00,128125101,Calamos Strategic Total Return,2026-09-15,XCSQX,Hybrid-U.S. Allocation,28.51,3252.296,,Monthly,-0.08754,0.13499999999999998,15.0,4.2309,,,3.69,,4953.129,True,True,True,False,False,False,,23.72,20.74,12.42,10.35,14.96,14.07,,,20.95,2242920,,,,,,,19.48661,-8.52492,0.24,0.97,1.57,2026-09-15T00:00:00,2004-03-26T00:00:00,3/26/2004,1080259200,2026-09-14T00:00:00
90,CCIF,-0.2322,22.64151,29.03226,0.06,-39.45,19,Morningstar US CEF Senior Loans,25,Carlyle Global Credit Inv Mgmt,True,2.48,-0.21,3.23,2026-08-31T00:00:00,92535C104,Carlyle Credit Income Ord,2026-09-15,XCCIFX,Fixed Income - Taxable-Senior Loans,45.55,52.573,,Monthly,0.18345,0.06,8.65,8.718,,,11.36,,125.744,True,False,False,False,True,False,,-16.03,-15.07,-13.35,-11.34,-31.65,-31.98,,,-39.74,1288610,,,46.8847,,,,3.86626,-10.56883,-2.09,-2.4,-1.72,2026-09-15T00:00:00,2011-12-30T00:00:00,12/30/2011,1325203200,2026-08-19T00:00:00
91,IGR,-0.0275,16.99449,17.47573,0.18,3.61,7,Morningstar US CEF Real Estate,26,CBRE Investment Management Listed Real Assets LLC,True,12.36,-0.24,12.71,2026-09-15T00:00:00,12504G878,CBRE Global Real Estate Income,2026-09-15,XIGRX,Equity-Real Estate,33.31,624.742,,Monthly,0.12236,0.18,15.0,,,,3.84,,963.367,True,False,False,False,True,False,,6.0,10.87,-1.3900000000000001,1.3599999999999999,8.96,15.49,,,5.05,2466930,,,,,,,14.04785,1.03943,-1.7000000000000002,-2.2,-2.84,2026-09-15T00:00:00,2004-02-18T00:00:00,2/18/2004,1077062400,2026-08-20T00:00:00
92,CET,-0.1672,0.92731,1.11351,0.31,14.2,10,Morningstar US CEF US Equity,27,Central Securities Corp,False,55.68,0.18,66.86,2026-09-11T00:00:00,155123102,Central Securities Corporation,2026-09-15,XCETX,Equity-U.S. Equity,0.32,1645.303,,Semi-Annually,0.8325400000000001,0.31,10.0,,,,0.46,,1975.664,True,True,False,False,False,False,,18.97,20.77,10.54,11.52,7.98,7.86,,,14.9,373450,,,,,,0.05,52.02937,-15.63927,-1.18,-0.67,-1.18,2026-09-15T00:00:00,1980-07-28T00:00:00,7/28/1980,333590400,2026-06-12T00:00:00
93,EMO,-0.0737,7.31831,7.90051,0.41,33.89,6,Morningstar US CEF MLP,54,"Franklin Templeton Fund Adviser, LLC",False,54.68,0.07,59.03,2026-09-15T00:00:00,18469P209,ClearBridge Energy Midstream Opportunity,2026-09-15,XEMOX,Equity-MLP,24.13,1093.066,,Monthly,-0.08994,0.41,20.0,,,,3.12,,1555.232,True,True,True,False,False,False,,28.97,31.82,27.77,31.61,30.87,29.78,,,25.9,556150,,,,,,,48.75893,-9.74965,1.19,2.01,1.96,2026-09-15T00:00:00,2011-06-13T00:00:00,6/13/2011,1307923200,2026-08-24T00:00:00
94,GLV,-0.1294,9.98824,11.47297,0.0566,16.91,25,Morningstar US CEF Global Allocation,28,Clough Capital Partners L.P.,True,5.92,-0.04,6.8,2026-09-15T00:00:00,18913Y103,Clough Global Dividend and Income,2026-09-15,XGLVX,Hybrid-Global Allocation,33.3,73.465,,Monthly,0.00647,0.0566,20.0,4.812,,,3.06,,126.516,True,False,False,False,True,False,,12.74,16.77,0.87,-1.1400000000000001,9.44,10.02,,,16.92,404530,,,,,14.12,11.85,6.15607,-11.93853,-0.9500000000000001,-0.55,-0.5,2026-09-15T00:00:00,2004-07-28T00:00:00,7/28/2004,1090972800,2026-08-18T00:00:00
95,GLQ,-0.1009,10.14849,11.28774,0.07289999999999999,15.47,5,Morningstar US CEF Global Equity,28,Clough Capital Partners L.P.,True,7.75,-0.08,8.62,2026-09-15T00:00:00,18914C100,Clough Global Equity,2026-09-15,XGLQX,Equity-Global Equity,33.72,145.22,,Monthly,-0.056870000000000004,0.07289999999999999,20.0,,,,3.41,,243.692,True,False,True,False,True,False,,17.75,23.11,-0.41000000000000003,-0.9,8.54,12.55,,,20.42,624860,,,,,0.06,,8.0135,-11.17335,0.98,0.33,0.53,2026-09-15T00:00:00,2005-04-27T00:00:00,4/27/2005,1114560000,2026-08-18T00:00:00
96,GLO,-0.11630000000000001,10.41034,11.78062,0.0537,10.64,25,Morningstar US CEF Global Allocation,28,Clough Capital Partners L.P.,True,5.47,-0.07,6.19,2026-09-15T00:00:00,18914E106,Clough Global Opportunities,2026-09-15,XGLOX,Hybrid-Global Allocation,34.36,233.931,,Monthly,-0.0235,0.0537,20.0,4.8247,,,3.54,,403.274,True,False,False,False,True,False,,13.53,18.46,-2.89,-3.9,5.72,9.24,,,15.23,1508410,,,,,16.22,13.53,5.81628,-11.35804,-0.28,-0.6900000000000001,-0.41000000000000003,2026-09-15T00:00:00,2006-04-25T00:00:00,4/25/2006,1145923200,2026-08-18T00:00:00
97,FOF,-0.0302,8.07425,8.32536,0.087,15.88,26,Morningstar US CEF US Allocation,30,"Cohen &amp; Steers Capital Management, Inc.",False,12.54,-0.21,12.93,2026-09-15T00:00:00,19248P106,Cohen & Steers Closed-End Opportunity,2026-09-15,XFOFX,Hybrid-U.S. Allocation,,348.283,,Monthly,0.17872,0.087,20.0,6.1386,,7.64,0.9500000000000001,,359.115,False,False,False,False,False,False,,18.07,17.37,7.97,7.11,8.11,8.51,,,12.57,629420,,,95.6359,,,,13.49602,0.95864,-2.24,-3.13,-3.06,2026-09-15T00:00:00,2006-11-20T00:00:00,11/20/2006,1163980800,2026-09-08T00:00:00
98,UTF,-0.062,7.44361,7.9358699999999995,0.16499999999999998,13.81,8,Morningstar US CEF Sector Equity,29,Cohen &amp; Steers,False,24.95,-0.25,26.6,2026-09-15T00:00:00,19248A109,Cohen & Steers Infrastructure,2026-09-15,XUTFX,Equity-Sector Equity,28.92,2789.662,,Monthly,0.38602000000000003,0.16499999999999998,20.0,5.4498,,,3.43,,4184.149,True,False,False,False,False,False,,16.2,16.59,7.74,6.43,12.1,18.08,,,9.53,3632270,,,103.041,,7.43,,25.83632,-5.39124,-0.36,-4.14,-0.74,2026-09-15T00:00:00,2004-03-30T00:00:00,3/30/2004,1080604800,2026-09-08T00:00:00
99,LDP,-0.0956,7.26097,8.0286,0.131,6.41,18,Morningstar US CEF Preferreds,30,"Cohen &amp; Steers Capital Management, Inc.",False,19.58,-0.18,21.65,2026-09-15T00:00:00,19248C105,Cohen & Steers Ltd Duration Pref & Inc,2026-09-15,XLDPX,Fixed Income - Taxable-Preferreds,33.35,569.371,,Monthly,0.7218,0.131,25.0,,,,3.67,,944.565,True,False,False,False,False,False,,11.76,13.8,4.3,2.9699999999999998,2.85,3.29,,,4.74,626690,,,,,88.99,,21.00408,-5.99672,-2.5700000000000003,-3.17,-2.55,2026-09-15T00:00:00,2012-07-27T00:00:00,7/27/2012,1343347200,2026-09-08T00:00:00
100,RQI,-0.08349999999999999,8.58506,9.36687,0.09,13.23,7,Morningstar US CEF Real Estate,29,Cohen &amp; Steers,False,11.53,-0.16,12.58,2026-09-15T00:00:00,19247L106,Cohen & Steers Qual Inc Realty,2026-09-15,XRQIX,Equity-Real Estate,27.74,1695.768,,Monthly,0.13026000000000001,0.09,15.0,4.5417000000000005,,,3.45,,2560.321,True,False,False,False,False,False,,12.01,11.12,3.3,2.52,17.1,12.9,,,6.78,5125590,,,102.1293,,7.49,,12.40136,-4.09714,-1.4100000000000001,-0.45,-1.08,2026-09-15T00:00:00,2002-02-28T00:00:00,2/28/2002,1014854400,2026-09-08T00:00:00
101,RLTY,-0.0944,8.14815,8.99796,0.11,12.04,7,Morningstar US CEF Real Estate,30,"Cohen &amp; Steers Capital Management, Inc.",True,14.67,-0.11,16.2,2026-09-15T00:00:00,19249Q103,Cohen & Steers Real Estate Opp & Inc Fd,2026-09-15,XRLTX,Equity-Real Estate,34.23,245.318,,Monthly,0.17708000000000002,0.11,20.0,5.2869,,,4.55,,411.903,True,False,False,False,True,False,,11.32,13.9,,,12.6,11.5,,,8.1,600840,,,104.0393,,,,15.30228,-7.52662,-1.53,-1.58,-1.49,2026-09-15T00:00:00,2022-02-24T00:00:00,2/24/2022,1645660800,2026-09-08T00:00:00
102,RNP,-0.0684,7.80115,8.37352,0.13599999999999998,9.42,7,Morningstar US CEF Real Estate,30,"Cohen &amp; Steers Capital Management, Inc.",True,19.49,-0.02,20.92,2026-09-15T00:00:00,19247X100,Cohen & Steers REIT & Preferred Inc Fd,2026-09-15,XRNPX,Equity-Real Estate,30.95,935.522,,Monthly,0.40266,0.13599999999999998,25.0,5.8091,,,3.37,,1454.287,True,False,False,False,True,False,,11.69,10.75,3.41,2.44,10.14,6.8100000000000005,,,-2.66,1218950,,,106.003,,6.69,,20.68155,-3.49611,-1.02,0.56,-0.61,2026-09-15T00:00:00,2003-06-27T00:00:00,6/27/2003,1056672000,2026-09-08T00:00:00
103,PSF,-0.1189,7.18973,8.15974,0.126,5.66,18,Morningstar US CEF Preferreds,29,Cohen &amp; Steers,False,18.53,-0.2,21.03,2026-09-15T00:00:00,19248Y107,Cohen & Steers Select Preferred & Inc,2026-09-15,XPSFX,Fixed Income - Taxable-Preferreds,33.77,222.882,,Monthly,0.69831,0.126,25.0,7.0987,,,3.76,,381.953,True,False,False,False,False,False,,11.29,10.71,3.13,-1.5,2.06,1.09,,,2.94,381930,,,101.0886,,86.4,,20.0524,-8.4721,-2.29,-2.65,-2.84,2026-09-15T00:00:00,2010-11-24T00:00:00,11/24/2010,1290556800,2026-09-08T00:00:00
104,PTA,-0.11019999999999999,8.12942,9.13636,0.13399999999999998,4.62,18,Morningstar US CEF Preferreds,30,"Cohen &amp; Steers Capital Management, Inc.",True,17.6,-0.02,19.78,2026-09-15T00:00:00,19249X108,Cohen & Steers Tax-adv Prd Sec and Inc,2026-09-15,XPTAX,Fixed Income - Taxable-Preferreds,35.62,972.813,,Monthly,0.63166,0.13399999999999998,25.0,7.3128,,,4.36,,1698.214,True,False,False,False,True,False,,10.01,9.61,2.74,1.8599999999999999,1.5,1.1,,,-0.63,1433800,,,103.3882,,,,19.37847,-6.71565,-2.7800000000000002,-2.67,-2.8200000000000003,2026-09-15T00:00:00,2020-10-28T00:00:00,10/28/2020,1603843200,2026-09-08T00:00:00
105,RFI,-0.0388,8.47308,8.81543,0.08,9.1,7,Morningstar US CEF Real Estate,30,"Cohen &amp; Steers Capital Management, Inc.",False,10.89,0.0,11.33,2026-09-15T00:00:00,19247R103,Cohen & Steers Total Return,2026-09-15,XRFIX,Equity-Real Estate,0.04,291.434,,Monthly,0.15775,0.08,15.0,6.5819,,,0.9400000000000001,,303.334,True,False,False,False,False,False,,9.52,8.93,2.7,0.68,11.15,8.41,,,1.78,947430,,,,,,,11.4166,-1.33867,-0.96,0.18,-0.32,2026-09-15T00:00:00,1993-09-27T00:00:00,9/27/1993,749088000,2026-09-08T00:00:00
106,STK,-0.0629,3.34418,3.56867,0.46249999999999997,79.33,3,Morningstar US CEF Covered Call,31,"Columbia Mgmt Investment Advisers, LLC",True,51.84,0.41000000000000003,55.32,2026-09-15T00:00:00,19842X109,Columbia Seligman Premium Technology Gr,2026-09-15,XSTKX,Equity-Covered-Call Funds,,915.563,,Quarterly,-0.11919,0.46249999999999997,20.0,,,,1.12,,979.069,False,True,False,False,True,False,,38.16,32.09,21.73,20.22,49.41,46.43,,,76.17,567880,,,,,,,43.56775,-4.47914,-0.86,0.3,-0.56,2026-09-15T00:00:00,2009-11-25T00:00:00,11/25/2009,1259107200,2026-08-17T00:00:00
107,CLM,0.029300000000000003,23.55983,22.88854,0.1215,16.72,10,Morningstar US CEF US Equity,32,"Cornerstone Advisors, LLC",True,6.37,-0.2,6.31,2026-09-11T00:00:00,21924B302,Cornerstone Strategic Investment Fund,2026-09-15,XCLMX,Equity-U.S. Equity,0.0,1972.638,,Monthly,-0.00202,0.1215,38.52,,,,1.1,,1916.432,True,False,False,False,True,False,,19.73,12.29,12.1,7.86,9.63,-8.97,,,-0.37,18716280,,,,,,,7.74705,18.6671,-3.16,-1.82,-2.47,2026-09-15T00:00:00,1987-06-23T00:00:00,6/23/1987,551404800,2026-09-15T00:00:00
108,CRF,0.0246,23.5106,22.94634,0.1176,17.04,10,Morningstar US CEF US Equity,32,"Cornerstone Advisors, LLC",True,6.15,-0.17,6.12,2026-09-11T00:00:00,21924U300,Cornerstone Total Return Fund,2026-09-15,XCRFX,Equity-U.S. Equity,9.5,1038.676,,Monthly,-0.00521,0.1176,25.0,,,,1.13,,1013.748,True,False,False,False,True,False,,20.08,9.97,12.54,6.75,9.74,-8.96,,,-1.6099999999999999,12665470,,,,,,,7.43322,17.48429,-3.0,-1.78,-2.35,2026-09-15T00:00:00,1973-05-16T00:00:00,5/16/1973,106358400,2026-09-15T00:00:00
109,DXYZ,-0.11779999999999999,,,,395.66,8,Morningstar US CEF Sector Equity,34,Destiny Advisors LLC,True,30.26,3.5300000000000002,34.3,2026-03-31T00:00:00,25063F107,Destiny Tech100 Inc,2026-09-15,DXYZ,Equity-Sector Equity,,1442.111,,Monthly,-0.28507,,,,,,4.53,,1634.647,False,False,False,False,True,False,,,,,,71.76,4.9,,,17.43,20107460,,,,,,,30.36268,67.36324,-0.9500000000000001,0.49,-0.4,2026-09-15T00:00:00,2024-03-26T00:00:00,3/26/2024,1711411200,
110,DMA,-0.16699999999999998,15.13453,18.16958,0.11249999999999999,0.62,26,Morningstar US CEF US Allocation,35,Destra Capital Advisors LLC,True,7.43,-0.23,8.92,2026-09-15T00:00:00,25065A502,Destra Multi-Alternative,2026-09-15,XDMAX,Hybrid-U.S. Allocation,11.02,66.597,,Monthly,0.19305,0.11249999999999999,,,,,3.29,,89.852,True,False,False,False,True,False,,1.4,17.43,-0.24,,-1.5,-4.93,,,2.32,244020,,,,,0.11,,8.19348,-14.652,-0.81,-0.99,-0.45,2026-09-15T00:00:00,2022-01-13T00:00:00,1/13/2022,1642032000,2026-08-21T00:00:00
111,DNP,0.09939999999999999,8.42333,7.66208,0.065,11.22,8,Morningstar US CEF Sector Equity,39,Duff &amp; Phelps Inv Mgmt Co (IL),True,10.18,-0.08,9.26,2026-09-15T00:00:00,23325P104,DNP Select Income,2026-09-15,XDNPX,Equity-Sector Equity,23.95,3856.211,,Monthly,0.10944,0.065,10.0,5.7021,,,2.5300000000000002,,4612.563,True,False,True,False,True,False,,16.02,11.43,8.53,8.38,10.08,13.86,,,18.4,5982610,,,,,7.32,5.85,10.41433,6.83014,0.88,-0.28,0.62,2026-09-15T00:00:00,1987-01-21T00:00:00,1/21/1987,538185600,2026-08-31T00:00:00
112,DSL,-0.09449999999999999,11.66078,12.87805,0.11,3.17,13,Morningstar US CEF Global Income,37,DoubleLine Capital LP,False,10.25,-0.1,11.32,2026-09-15T00:00:00,258622109,DoubleLine Income Solutions Fund,2026-09-15,XDSLX,Fixed Income - Taxable-Global Income,23.8,1174.354,,Monthly,0.47242,0.11,25.0,7.697,,,2.98,,1701.945,True,False,False,False,False,False,,9.89,7.13,1.01,0.56,3.7800000000000002,2.24,,,-4.06,5766360,,,91.9731,,,,11.18352,-4.83452,-2.69,-2.69,-3.07,2026-09-15T00:00:00,2013-04-26T00:00:00,4/26/2013,1366934400,2026-09-16T00:00:00
113,DBL,-0.036699999999999997,9.12863,9.47595,0.11,2.92,17,Morningstar US CEF Multi-Sector,36,DoubleLine,False,13.93,-0.04,14.46,2026-09-15T00:00:00,258623107,Doubleline Opportunistic Cred,2026-09-15,XDBLX,Fixed Income - Taxable-Multi-Sector,8.04,275.423,,Monthly,0.46533,0.11,25.0,6.3626000000000005,,,2.02,,310.902,True,False,False,False,False,False,,9.09,8.81,2.64,1.8599999999999999,2.26,-1.57,,,-0.84,635440,,,83.6213,,,,14.77304,-1.0287,-1.52,-1.6099999999999999,-1.85,2026-09-15T00:00:00,2012-01-26T00:00:00,1/26/2012,1327536000,2026-09-16T00:00:00
114,DLY,-0.09880000000000001,9.34846,10.37333,0.1167,3.71,17,Morningstar US CEF Multi-Sector,37,DoubleLine Capital LP,True,13.5,-0.07,14.98,2026-09-15T00:00:00,25862D105,DoubleLine Yield Opportunities Fund,2026-09-15,XDLYX,Fixed Income - Taxable-Multi-Sector,16.15,655.282,,Monthly,0.62071,0.1167,20.0,7.611,,,2.89,,867.12,True,False,False,False,True,False,,8.74,8.22,2.76,2.08,2.69,1.8399999999999999,,,-1.4,2081760,,,95.0661,,,,14.35594,-6.81347,-2.34,-2.5700000000000003,-2.41,2026-09-15T00:00:00,2020-02-25T00:00:00,2/25/2020,1582588800,2026-09-16T00:00:00
115,DTF,-0.0404,3.28283,3.42105,0.0325,1.9100000000000001,21,Morningstar US CEF Municipal,38,Duff &amp; Phelps,False,11.4,-0.06,11.88,2026-09-15T00:00:00,23334J107,DTF Tax-Free Income 2028 Term,2026-09-15,XDTFX,Fixed Income - Municipal-Municipal,32.16,80.137,,Monthly,0.13742000000000001,0.0325,15.0,4.9276,,,1.08,,83.511,True,False,True,False,False,False,,2.38,5.65,-2.5,-1.48,0.91,3.63,,,5.84,74310,,,103.9925,,8.11,1.63,11.43152,-5.37767,1.37,0.11,0.87,2026-09-15T00:00:00,1991-11-29T00:00:00,11/29/1991,691372800,2026-09-15T00:00:00
116,DPG,-0.1213,5.90164,6.71642,0.075,21.33,8,Morningstar US CEF Sector Equity,39,Duff &amp; Phelps Inv Mgmt Co (IL),True,13.4,-0.25,15.25,2026-09-15T00:00:00,26433C105,Duff & Phelps Utility and Infra Fund Inc,2026-09-15,XDPGX,Equity-Sector Equity,22.55,482.361,,Monthly,0.045200000000000004,0.075,20.0,,,,3.34,,708.765,True,False,False,False,True,False,,22.17,24.56,11.42,8.97,15.97,18.01,,,20.11,714720,,,,,,,13.90162,-10.64837,-1.51,-1.92,-1.51,2026-09-15T00:00:00,2011-07-29T00:00:00,7/29/2011,1311897600,2026-08-31T00:00:00
117,KTF,-0.0175,8.5614,8.71429,0.061,7.77,21,Morningstar US CEF Municipal,41,"DWS Investment Management Americas, Inc.",False,8.4,0.0,8.55,2026-09-15T00:00:00,233368109,DWS Municipal Income,2026-09-15,XKTFX,Fixed Income - Municipal-Municipal,37.96,329.143,,Monthly,0.19611,0.061,12.0,4.4738,,15.48,3.14,,540.021,True,False,False,False,False,False,,3.31,9.15,-1.83,-0.77,0.04,1.6,,,7.57,1352180,,,97.3387,,13.42,8.84,9.08625,-1.68721,-0.07,-1.54,-1.62,2026-09-15T00:00:00,1988-10-20T00:00:00,10/20/1988,593308800,2026-08-19T00:00:00
118,GRF,-0.142,7.0598,8.22846,0.85,4.27,10,Morningstar US CEF US Equity,98,Sims Capital Management LLC,False,10.33,-0.1,12.04,2026-09-11T00:00:00,269451100,Eagle Capital Growth,2026-09-15,XGRFX,Equity-U.S. Equity,,40.988,,Annually,0.02503,0.85,10.0,,,,1.28,,47.773,False,False,False,False,False,False,,10.53,10.12,7.55,8.24,2.59,-6.08,,,3.31,31140,,,,,,,10.44703,-13.10149,-0.32,1.17,0.31,2026-09-15T00:00:00,1990-07-02T00:00:00,7/2/1990,646876800,2025-11-21T00:00:00
119,ECC,-0.1472,16.82243,19.72603,0.06,-23.2,19,Morningstar US CEF Senior Loans,42,Eagle Point Credit Management,False,3.65,-0.25,4.34,2026-08-31T00:00:00,269808101,Eagle Point Credit Company LLC,2026-09-15,XECCX,Fixed Income - Taxable-Senior Loans,30.65,485.489,,Monthly,0.61938,0.06,20.0,,,,9.21,,820.895,True,False,False,False,False,False,,-2.95,-9.06,-0.8300000000000001,-3.43,-11.98,-18.55,,,-32.09,14008010,,,,,,,4.76218,-9.42864,-0.71,-0.17,-0.6900000000000001,2026-09-15T00:00:00,2014-10-08T00:00:00,10/8/2014,1412726400,2026-09-10T00:00:00
120,EIC,-0.2143,10.71429,13.63636,0.11,-3.26,14,Morningstar US CEF High Yield,43,Eagle Point Income Management LLC,False,9.68,-0.35000000000000003,12.43,2026-08-31T00:00:00,269817102,Eagle Point Income Co Inc,2026-09-15,XEICX,Fixed Income - Taxable-High Yield,11.77,223.064,,Monthly,,0.11,19.89,10.1647,,,6.36,,321.781,True,False,False,False,False,False,,11.08,2.61,6.53,2.3,0.12,-4.45,,,-18.04,1460610,,,87.475,,,,10.75533,-17.00322,-1.01,-2.63,-1.43,2026-09-15T00:00:00,2019-07-23T00:00:00,7/23/2019,1563840000,2026-09-10T00:00:00
121,CEV,-0.0058,5.79151,5.82524,0.049999999999999996,8.37,22,Morningstar US CEF Municipal-CA,45,Eaton Vance Management,False,10.3,-0.05,10.36,2026-09-15T00:00:00,27826F101,Eaton Vance CA Muni Inc,2026-09-15,XCEVX,Fixed Income - Municipal-Municipal - CA,34.08,72.446,0.02,Monthly,0.23213,0.049999999999999996,15.0,6.6915,,,2.48,,110.535,True,False,True,False,False,False,,3.02,8.97,-1.65,-0.37,0.78,10.54,,,19.2,251950,3.0,,97.7543,,,10.15,10.31408,-6.73472,2.92,1.74,2.46,2026-09-15T00:00:00,1999-01-29T00:00:00,1/29/1999,917568000,2026-09-14T00:00:00
122,EOI,-0.0658,7.70811,8.25077,0.1338,9.92,3,Morningstar US CEF Covered Call,45,Eaton Vance Management,True,19.46,-0.25,20.83,2026-09-15T00:00:00,278274105,Eaton Vance Enhanced Equity Income,2026-09-15,XEOIX,Equity-Covered-Call Funds,,797.894,,Monthly,-0.04159,0.1338,20.0,,,,1.1,,854.066,False,False,False,False,True,False,,17.35,15.16,10.5,9.23,6.07,3.42,,,2.0,798610,,,,,,,20.04904,-4.22286,-0.9500000000000001,-0.13,-0.47000000000000003,2026-09-15T00:00:00,2004-10-26T00:00:00,10/26/2004,1098748800,2026-09-15T00:00:00
123,EOS,-0.1012,7.84041,8.72363,0.1523,7.66,3,Morningstar US CEF Covered Call,44,Eaton Vance,True,20.95,-0.28,23.31,2026-09-15T00:00:00,278277108,Eaton Vance Enhanced Equity Income II,2026-09-15,XEOSX,Equity-Covered-Call Funds,,1116.971,,Monthly,-0.06004,0.1523,20.0,,,,1.09,,1242.796,False,False,False,False,True,False,,16.82,15.04,8.13,5.6,2.89,-2.38,,,-2.22,1210200,,,,,,,22.33306,-7.3784600000000005,-1.2,-1.0,-1.16,2026-09-15T00:00:00,2005-01-26T00:00:00,1/26/2005,1106697600,2026-09-15T00:00:00
124,EFT,-0.1241,7.14166,8.15311,0.071,1.3,19,Morningstar US CEF Senior Loans,45,Eaton Vance Management,False,10.45,-0.07,11.93,2026-09-15T00:00:00,278279104,Eaton Vance Floating-Rate Income,2026-09-15,XEFTX,Fixed Income - Taxable-Senior Loans,31.68,277.741,,Monthly,0.42226,0.071,20.0,6.7466,,,4.45,,464.076,True,False,False,False,False,False,,6.06,5.75,4.83,2.33,0.53,-0.97,,,-4.2,1131130,,,,,,,11.07634,-9.55006,-2.05,-2.47,-2.35,2026-09-15T00:00:00,2004-06-29T00:00:00,6/29/2004,1088467200,2026-09-15T00:00:00
125,EVV,-0.1108,8.55385,9.61938,0.06949999999999999,2.27,16,Morningstar US CEF Limited Duration,44,Eaton Vance,False,8.67,-0.01,9.75,2026-09-15T00:00:00,27828H105,Eaton Vance Limited Duration Income,2026-09-15,XEVVX,Fixed Income - Taxable-Limited Duration,41.42,1007.484,,Monthly,0.31291,0.06949999999999999,20.0,6.6631,,0.0,4.04,,1934.135,True,False,False,False,False,False,,7.35,9.05,3.16,2.17,0.4,-2.59,,,-3.69,3272970,,,97.9783,,,,9.61565,-6.52271,-2.42,-2.88,-3.1,2026-09-15T00:00:00,2003-05-30T00:00:00,5/30/2003,1054252800,2026-09-14T00:00:00
126,EIM,-0.085,6.17004,6.74336,0.0508,5.71,21,Morningstar US CEF Municipal,45,Eaton Vance Management,False,9.04,-0.25,9.88,2026-09-15T00:00:00,27827X101,Eaton Vance Municipal Bond,2026-09-15,XEIMX,Fixed Income - Municipal-Municipal,31.72,464.408,0.030000000000000002,Monthly,0.24144000000000002,0.0508,15.0,6.4756,,,2.88,,743.407,True,False,False,False,False,False,,2.5700000000000003,5.88,-1.67,-2.05,0.02,2.6,,,3.76,1524560,7.0,,101.3506,,,8.03,9.82081,-7.13253,-1.74,-2.49,-2.12,2026-09-15T00:00:00,2002-08-30T00:00:00,8/30/2002,1030665600,2026-09-15T00:00:00
127,EVN,0.0005,6.077,6.074,0.0513,6.99,21,Morningstar US CEF Municipal,44,Eaton Vance,False,10.135,-0.24,10.13,2026-09-15T00:00:00,27826U108,Eaton Vance Municipal Income,2026-09-15,XEVNX,Fixed Income - Municipal-Municipal,35.04,404.618,0.045,Monthly,0.26558,0.0513,15.0,7.1799,,,2.46,,622.571,True,False,False,False,False,False,,3.7199999999999998,10.08,-1.3599999999999999,-0.41000000000000003,0.99,3.98,,,9.12,756180,7.0,,99.5019,,,7.79,10.82062,0.53618,-0.28,-0.98,0.04,2026-09-15T00:00:00,1999-01-29T00:00:00,1/29/1999,917568000,2026-09-14T00:00:00
128,EOT,-0.0774,4.7678899999999995,5.16772,0.0683,6.8,21,Morningstar US CEF Municipal,45,Eaton Vance Management,False,15.86,-0.14,17.19,2026-09-15T00:00:00,27829L105,Eaton Vance National Municipal Opprs Tr,2026-09-15,XEOTX,Fixed Income - Municipal-Municipal,13.05,247.811,0.099,Monthly,0.41933000000000004,0.0683,20.0,5.6834,,,1.25,,308.89,True,False,False,False,False,False,,4.21,6.47,-0.36,-0.97,0.9500000000000001,5.27,,,9.0,361640,20.0,,96.1856,,,9.21,17.08001,-5.53362,-1.1400000000000001,-3.2800000000000002,-1.96,2026-09-15T00:00:00,2009-05-27T00:00:00,5/27/2009,1243382400,2026-09-15T00:00:00
129,ETJ,-0.0892,8.70903,9.56181,0.06509999999999999,2.25,3,Morningstar US CEF Covered Call,45,Eaton Vance Management,True,8.17,-0.15,8.97,2026-09-15T00:00:00,27829G106,Eaton Vance Risk-Mgd Divers Eq Inc,2026-09-15,XETJX,Equity-Covered-Call Funds,,549.856,,Monthly,-0.01498,0.06509999999999999,20.0,,,,1.12,,603.697,False,False,False,False,True,False,,11.15,11.22,6.05,3.9,0.05,2.44,,,3.5,1345200,,,,,,,8.58895,-8.8154,-0.13,-0.43,0.03,2026-09-15T00:00:00,2007-07-31T00:00:00,7/31/2007,1185840000,2026-09-15T00:00:00
130,EFR,-0.1288,7.01695,8.05447,0.06899999999999999,2.09,19,Morningstar US CEF Senior Loans,45,Eaton Vance Management,False,10.28,-0.11,11.8,2026-09-15T00:00:00,27828Q105,Eaton Vance Senior Floating Rate,2026-09-15,XEFRX,Fixed Income - Taxable-Senior Loans,31.19,303.503,,Monthly,0.42058,0.06899999999999999,20.0,6.7521,,4.83,3.26,,506.284,True,False,False,False,False,False,,6.16,5.27,5.0,3.04,1.16,-0.36,,,-2.04,1432100,,,,,,,10.83368,-10.072,-1.99,-2.75,-2.17,2026-09-15T00:00:00,2003-11-24T00:00:00,11/24/2003,1069632000,2026-09-15T00:00:00
131,EVF,-0.135,7.03375,8.13142,0.033,2.39,19,Morningstar US CEF Senior Loans,45,Eaton Vance Management,False,4.87,0.0,5.63,2026-09-15T00:00:00,27826S103,Eaton Vance Senior Income,2026-09-15,XEVFX,Fixed Income - Taxable-Senior Loans,28.61,88.489,,Monthly,0.22106,0.033,10.0,6.8094,,,2.76,,143.304,True,False,False,False,False,False,,6.42,5.09,4.7,2.83,1.4,-0.41000000000000003,,,-2.83,765060,,,,,,,5.14824,-10.24212,-1.75,-3.36,-3.02,2026-09-15T00:00:00,1998-10-30T00:00:00,10/30/1998,909705600,2026-09-14T00:00:00
132,EVG,-0.061399999999999996,8.02933,8.55469,0.073,5.75,16,Morningstar US CEF Limited Duration,45,Eaton Vance Management,True,10.24,-0.1,10.91,2026-09-15T00:00:00,27828V104,Eaton Vance Short Duration Divers Inc,2026-09-15,XEVGX,Fixed Income - Taxable-Limited Duration,12.51,137.799,,Monthly,0.30311,0.073,20.0,5.7273,,,2.77,,167.815,True,False,False,False,True,False,,9.47,11.14,4.85,4.35,2.63,3.7,,,3.13,370490,,,97.5071,,,,10.84885,-3.70125,-2.04,-2.63,-2.44,2026-09-15T00:00:00,2005-02-28T00:00:00,2/28/2005,1109548800,2026-09-15T00:00:00
133,ETG,-0.10619999999999999,6.03501,6.75196,0.1293,29.1,5,Morningstar US CEF Global Equity,45,Eaton Vance Management,False,22.98,-0.22,25.71,2026-09-15T00:00:00,27828S101,Eaton Vance Tax Adv Global Dividend Inc,2026-09-15,XETGX,Equity-Global Equity,15.86,1753.877,,Monthly,0.39383,0.1293,20.0,7.0367,,,2.2800000000000002,,2332.236,True,True,False,False,False,False,,20.94,22.15,10.79,9.9,16.39,9.84,,,24.52,1106600,,,,,3.76,,22.51716,-7.53179,-1.4100000000000001,-2.1,-1.67,2026-09-15T00:00:00,2004-01-30T00:00:00,1/30/2004,1075420800,2026-09-15T00:00:00
134,EVT,-0.0758,6.51236,7.04674,0.1646,25.63,26,Morningstar US CEF US Allocation,45,Eaton Vance Management,True,28.03,-0.58,30.33,2026-09-15T00:00:00,27828G107,Eaton Vance Tax Advantaged Dividend Inc,2026-09-15,,Hybrid-U.S. Allocation,16.51,2089.434,,Monthly,0.12479,0.1646,20.0,7.0618,,,2.27,,2707.883,True,True,True,False,True,False,,17.19,17.97,9.47,8.47,18.42,20.38,,,27.78,1007090,,,,,4.98,,25.97161,-8.45415,0.77,0.26,0.6,2026-09-15T00:00:00,2003-09-30T00:00:00,9/30/2003,1064880000,2026-09-15T00:00:00
135,ETO,-0.106,6.10749,6.8318,0.17329999999999998,27.08,25,Morningstar US CEF Global Allocation,45,Eaton Vance Management,True,30.44,-0.22,34.05,2026-09-15T00:00:00,27828U106,Eaton Vance Tax-Advantaged Glbl Div Opp,2026-09-15,XETOX,Hybrid-Global Allocation,15.58,498.855,,Monthly,0.64905,0.17329999999999998,20.0,7.1104,,,2.26,,661.016,True,True,False,False,True,False,,19.91,20.38,9.81,7.75,15.06,9.64,,,24.39,315020,,,,,3.63,,29.5214,-9.08478,-1.24,-0.9400000000000001,-1.0,2026-09-15T00:00:00,2004-04-30T00:00:00,4/30/2004,1083283200,2026-09-15T00:00:00
136,ETB,-0.08449999999999999,7.55265,8.24951,0.10579999999999999,16.8,3,Morningstar US CEF Covered Call,45,Eaton Vance Management,True,15.39,-0.11,16.81,2026-09-15T00:00:00,27828X100,Eaton Vance Tax-Managed Buy-Write Income,2026-09-15,XETBX,Equity-Covered-Call Funds,,452.077,,Monthly,0.00844,0.10579999999999999,20.0,,,,1.12,,493.789,False,True,False,False,True,False,,15.2,15.0,9.82,7.74,9.74,8.8,,,14.46,523880,,,,,,,15.25261,-7.38376,-1.1400000000000001,0.07,-0.51,2026-09-15T00:00:00,2005-04-27T00:00:00,4/27/2005,1114560000,2026-09-15T00:00:00
137,ETV,-0.061200000000000004,7.4382,7.92287,0.0993,17.26,3,Morningstar US CEF Covered Call,45,Eaton Vance Management,True,15.04,-0.2,16.02,2026-09-15T00:00:00,27828Y108,Eaton Vance Tax-Managed Buy-Write Opp,2026-09-15,XETVX,Equity-Covered-Call Funds,,1755.989,,Monthly,-0.00319,0.0993,20.0,,,,1.08,,1870.408,False,True,True,False,True,False,,16.4,16.15,9.1,7.66,8.71,12.99,,,19.26,1781700,,,,,,,14.53387,-7.11653,0.93,-0.31,0.5700000000000001,2026-09-15T00:00:00,2005-06-27T00:00:00,6/27/2005,1119830400,2026-09-15T00:00:00
138,ETY,-0.1016,7.69987,8.57019,0.0992,10.32,3,Morningstar US CEF Covered Call,45,Eaton Vance Management,True,13.89,-0.26,15.46,2026-09-15T00:00:00,27828N102,Eaton Vance Tax-Managed Divrs Equity Inc,2026-09-15,XETYX,Equity-Covered-Call Funds,,2212.408,,Monthly,-0.02538,0.0992,20.0,,,,1.06,,2462.478,False,False,False,False,True,False,,16.94,14.88,10.79,8.45,6.09,-0.37,,,-0.99,2357880,,,,,,,14.88941,-4.13528,-1.79,-2.05,-2.06,2026-09-15T00:00:00,2006-11-27T00:00:00,11/27/2006,1164585600,2026-09-15T00:00:00
139,EXG,-0.08410000000000001,7.53728,8.22965,0.0657,24.05,3,Morningstar US CEF Covered Call,45,Eaton Vance Management,True,9.58,-0.1,10.46,2026-09-15T00:00:00,27829F108,Eaton Vance Tax-Mgd Glb Divrs Equity Inc,2026-09-15,XEXGX,Equity-Covered-Call Funds,,2930.867,,Monthly,0.03165,0.0657,20.0,,,,1.07,,3200.091,False,True,False,False,True,False,,16.7,18.64,9.15,7.75,13.02,10.77,,,21.67,4514530,,,,,,,9.41387,-6.9108,-1.22,-0.96,-0.74,2026-09-15T00:00:00,2007-02-23T00:00:00,2/23/2007,1172188800,2026-09-15T00:00:00
140,ETW,-0.1106,7.46767,8.39621,0.0664,20.65,3,Morningstar US CEF Covered Call,44,Eaton Vance,True,9.49,-0.16,10.67,2026-09-15T00:00:00,27829C105,Eaton Vance Tx-Mgd Glbl Buy-Write Opp,2026-09-15,XETWX,Equity-Covered-Call Funds,,1030.593,,Monthly,0.06057,0.0664,20.0,,,,1.1,,1158.738,False,True,False,False,True,False,,16.02,17.6,8.39,6.97,12.08,13.49,,,19.72,3144060,,,,,,,9.30153,-10.14509,-1.2,-0.84,-0.8,2026-09-15T00:00:00,2005-09-28T00:00:00,9/28/2005,1127865600,2026-09-15T00:00:00
141,EARN,0.0348,23.8806,23.07692,0.08,-17.94,19,Morningstar US CEF Senior Loans,46,Ellington Credit Co Management LLC,True,4.16,-0.42,4.18,2026-06-30T00:00:00,288578107,Ellington Credit Company,2026-09-15,EARN,Fixed Income - Taxable-Senior Loans,52.01,158.792,,Monthly,,0.08,5.5,,,,8.65,,319.722,True,False,True,False,True,False,,,-4.46,,-12.94,-10.89,-4.13,,,-5.98,4014730,,,,,,,4.89234,-2.44184,0.49,-1.28,-0.06,2026-09-15T00:00:00,2025-04-01T00:00:00,4/1/2025,1743465600,2026-08-31T00:00:00
142,ECF,-0.1252,6.33094,7.23684,0.22,21.73,11,Morningstar US CEF Convertibles,60,Gabelli Funds LLC,False,12.16,-0.21,13.9,2026-09-15T00:00:00,289074106,Ellsworth Growth and Income Fund,2026-09-15,XECFX,Fixed Income - Taxable-Convertibles,13.77,166.08,,Quarterly,0.01674,0.22,10.0,2.2873,,,1.22,,220.15,True,False,False,False,False,False,,20.66,20.37,5.3,4.35,15.25,9.14,,,20.81,312320,,,,,52.2,,12.21887,-10.852170000000001,-0.97,-0.59,-0.72,2026-09-15T00:00:00,1986-06-20T00:00:00,6/20/1986,519609600,2026-09-16T00:00:00
143,EEA,-0.1491,3.50718,4.12184,0.21989999999999998,16.29,5,Morningstar US CEF Global Equity,40,DWS,False,10.67,-0.09,12.54,2026-09-15T00:00:00,298768102,European Equity Fund,2026-09-15,XEEAX,Equity-Global Equity,1.28,73.113,,Semi-Annually,0.11774,0.21989999999999998,10.0,,,,1.42,,87.037,True,False,False,False,False,False,,13.15,15.18,5.87,6.77,11.15,10.49,,,15.3,287580,,,,,,,10.73291,-14.06711,-0.56,-0.01,0.32,2026-09-15T00:00:00,1986-07-23T00:00:00,7/23/1986,522460800,2026-05-26T00:00:00
144,ETX,-0.0011,5.2542,5.26009,0.07819999999999999,2.62,21,Morningstar US CEF Municipal,45,Eaton Vance Management,False,17.84,-0.35000000000000003,17.86,2026-09-15T00:00:00,27829U105,EV Municipal Income 2028 Term Trust,2026-09-15,XETTX,Fixed Income - Municipal-Municipal,3.31,194.386,0.17300000000000001,Monthly,0.34061,0.07819999999999999,20.0,4.4343,,,0.89,,201.274,True,False,False,False,False,True,,3.73,7.32,0.86,-0.27,1.4,0.47000000000000003,,,0.61,173040,2.0,,100.4621,,,2.18,18.81053,2.4708,-1.9,-1.49,-1.6,2026-09-15T00:00:00,2013-03-26T00:00:00,3/26/2013,1364256000,2026-09-15T00:00:00
145,FMN,-0.09970000000000001,4.63918,5.15267,0.045,6.76,21,Morningstar US CEF Municipal,47,Federated Advisers,False,10.48,-0.02,11.64,2026-09-15T00:00:00,31423P108,Federated Premier Municipal Income,2026-09-15,XFMNX,Fixed Income - Municipal-Municipal,38.66,81.94,,Monthly,0.27121,0.045,15.0,5.0469,,,3.7,,148.36,True,False,True,False,False,False,,3.94,7.15,-1.47,-2.66,-0.27,3.2800000000000002,,,9.4,265360,15.72,,103.46340000000001,,13.75,8.69,11.1366,-10.17611,0.23,-1.8,-0.36,2026-09-15T00:00:00,2002-12-20T00:00:00,12/20/2002,1040342400,2026-08-21T00:00:00
146,FFA,-0.0998,6.70611,7.44961,0.425,21.63,3,Morningstar US CEF Covered Call,49,First Trust Advisors L.P.,True,22.82,-0.12,25.35,2026-09-15T00:00:00,337318109,First Trust Enhanced Equity Income,2026-09-15,XFFAX,Equity-Covered-Call Funds,,456.128,,Quarterly,0.04003,0.425,20.0,,,,1.12,,506.698,False,True,False,False,True,False,,19.3,16.95,11.13,9.27,11.48,9.8,,,18.03,262050,,,,,,,22.02559,-9.00278,-0.87,-0.4,-0.42,2026-09-15T00:00:00,2004-08-26T00:00:00,8/26/2004,1093478400,2026-06-22T00:00:00
147,FTHY,-0.0507,11.01322,11.60093,0.125,2.09,14,Morningstar US CEF High Yield,49,First Trust Advisors L.P.,True,12.93,-0.03,13.62,2026-09-15T00:00:00,33741Q107,FIRST TRUST HY OPPORTUNITIES 2027 Term,2026-09-15,XFTHYX,Fixed Income - Taxable-High Yield,21.72,475.475,,Monthly,0.42555,0.125,20.0,6.3615,,,3.5,,639.848,True,False,False,False,True,True,,6.64,10.37,1.65,1.74,-0.02,2.34,,,1.78,1015480,,,98.9101,,,,13.79634,-4.33323,-0.75,-2.4,-1.1400000000000001,2026-09-15T00:00:00,2020-06-25T00:00:00,6/25/2020,1593043200,2026-09-01T00:00:00
148,FPF,-0.0834,9.05101,9.87433,0.13749999999999998,4.33,18,Morningstar US CEF Preferreds,49,First Trust Advisors L.P.,False,16.71,-0.18,18.23,2026-09-15T00:00:00,33718W103,First Trust Inter Dur Pref & Income Fund,2026-09-15,XFPFX,Fixed Income - Taxable-Preferreds,37.05,1016.767,,Monthly,0.64279,0.13749999999999998,25.0,7.3995,,,4.2,,1762.198,True,False,False,False,False,False,,11.18,15.27,2.13,0.85,-0.1,0.99,,,1.06,1221170,,,101.3111,,5.93,,18.37253,-5.41434,-2.66,-3.4,-3.19,2026-09-15T00:00:00,2013-05-23T00:00:00,5/23/2013,1369267200,2026-09-01T00:00:00
149,FMY,-0.0647,6.38821,6.83012,0.065,3.13,15,Morningstar US CEF Investment Grade,49,First Trust Advisors L.P.,False,11.42,0.01,12.21,2026-09-15T00:00:00,33734E103,First Trust Mortgage Income,2026-09-15,XFMYX,Fixed Income - Taxable-Investment Grade,7.11,48.114,,Monthly,0.16028,0.065,20.0,5.027,,,1.4,,51.442,True,False,False,False,False,False,,7.49,8.6,3.71,3.26,0.8200000000000001,-0.1,,,1.33,61150,,,90.346,,,,11.89097,-6.27636,-0.18,0.2,0.17,2026-09-15T00:00:00,2005-05-25T00:00:00,5/25/2005,1116979200,2026-09-01T00:00:00
150,DFP,-0.1149,7.18687,8.11946,0.1314,5.48,18,Morningstar US CEF Preferreds,51,Flaherty &amp; Crumrine Inc,False,19.42,-0.04,21.94,2026-09-15T00:00:00,33848W106,Flah & Crum Dynamic Pref & Income Fund,2026-09-15,XDFPX,Fixed Income - Taxable-Preferreds,38.01,398.851,,Monthly,0.77839,0.1314,25.0,7.3869,,,4.3,,726.907,True,False,False,False,False,False,,11.18,12.91,2.64,0.42,1.87,3.59,,,5.46,527510,,,102.9091,,7.14,,20.98585,-7.27955,-2.81,-2.85,-2.8200000000000003,2026-09-15T00:00:00,2013-05-24T00:00:00,5/24/2013,1369353600,2026-08-24T00:00:00
151,FFC,-0.0971,7.38788,8.18253,0.1046,5.73,18,Morningstar US CEF Preferreds,51,Flaherty &amp; Crumrine Inc,False,15.34,-0.07,16.99,2026-09-15T00:00:00,338478100,Flah&Crum Preferred Securities,2026-09-15,XFFCX,Fixed Income - Taxable-Preferreds,38.01,739.049,,Monthly,0.624,0.1046,25.0,7.3168,,,4.1,,1320.542,True,False,False,False,False,False,,11.55,13.71,2.62,0.16,2.06,1.43,,,5.65,1058330,,,102.3775,,7.28,,16.29389,-6.90179,-2.06,-2.86,-1.69,2026-09-15T00:00:00,2003-01-31T00:00:00,1/31/2003,1043971200,2026-08-24T00:00:00
152,FLC,-0.1207,7.02744,7.99251,0.10669999999999999,5.33,18,Morningstar US CEF Preferreds,51,Flaherty &amp; Crumrine Inc,False,16.02,-0.07,18.22,2026-09-15T00:00:00,338479108,Flah&Crum Total Return Fund,2026-09-15,XFLCX,Fixed Income - Taxable-Preferreds,38.35,167.518,,Monthly,0.629,0.10669999999999999,25.0,7.4035,,,4.5600000000000005,,309.023,True,False,False,False,False,False,,11.08,12.79,2.37,-0.09,1.71,-0.79,,,3.47,222850,,,103.068,,7.57,,17.19914,-8.44941,-2.67,-3.46,-3.41,2026-09-15T00:00:00,2003-08-29T00:00:00,8/29/2003,1062115200,2026-08-24T00:00:00
153,PFD,-0.1033,6.91475,7.71115,0.0703,5.21,18,Morningstar US CEF Preferreds,50,Flaherty &amp; Crumrine,False,10.94,-0.08,12.2,2026-09-15T00:00:00,338480106,Flaherty & Crumrine Preferred Income,2026-09-15,XPFDX,Fixed Income - Taxable-Preferreds,36.75,140.607,,Monthly,0.41405000000000003,0.0703,15.0,7.2969,,,4.31,,247.901,True,False,False,False,False,False,,10.86,12.86,2.5,0.06,1.9,0.97,,,6.76,264080,,,103.0638,,7.33,,11.631920000000001,-7.42453,-2.55,-3.24,-3.1,2026-09-15T00:00:00,1991-01-31T00:00:00,1/31/1991,665280000,2026-08-24T00:00:00
154,PFO,-0.11449999999999999,6.83133,7.71429,0.0567,5.2,18,Morningstar US CEF Preferreds,51,Flaherty &amp; Crumrine Inc,False,8.82,-0.04,9.96,2026-09-15T00:00:00,33848E106,Flaherty & Crumrine Preferred Income Opp,2026-09-15,XPFOX,Fixed Income - Taxable-Preferreds,38.23,115.342,,Monthly,0.34372,0.0567,12.5,7.4124,,,4.62,,210.85,True,False,False,False,False,False,,11.0,13.14,2.38,0.02,1.9,0.58,,,4.68,299880,,,102.9109,,7.54,,9.35308,-8.72882,-1.87,-3.21,-2.56,2026-09-15T00:00:00,1992-02-13T00:00:00,2/13/1992,697939200,2026-08-24T00:00:00
155,FXBY,-0.3385,0.34547,0.5222600000000001,0.13,22.6,10,Morningstar US CEF US Equity,73,Midas Management Corporation,False,24.8916,0.0,37.63,2026-09-15T00:00:00,351645205,FOXBY CORP,2026-09-15,,Equity-U.S. Equity,12.38,12.986,,Annually,-0.10635,0.13,10.0,,,,2.98,,22.406,True,True,True,False,False,False,,24.72,31.79,13.92,16.52,16.2,7.06,,,35.4,2600,,,,,,,22.28109,-34.52125,0.17,1.48,0.78,2026-09-15T00:00:00,1999-10-29T00:00:00,10/29/1999,941155200,2025-12-15T00:00:00
156,FTF,-0.1005,11.77033,13.08511,0.0615,3.9,16,Morningstar US CEF Limited Duration,53,"Franklin Advisers, Inc.",True,5.64,-0.01,6.27,2026-09-15T00:00:00,35472T101,Franklin Limited Duration Income Trust,2026-09-15,XFTFX,Fixed Income - Taxable-Limited Duration,29.08,227.886,,Monthly,0.27933,0.0615,15.0,6.7342,,,3.66,,357.232,True,False,False,False,True,False,,7.06,9.78,3.56,2.69,3.04,1.9500000000000002,,,1.6099999999999999,1922020,,,98.5867,,5.86,,5.9983900000000006,-8.10689,-1.52,-2.02,-1.9500000000000002,2026-09-15T00:00:00,2003-08-27T00:00:00,8/27/2003,1061942400,2026-08-24T00:00:00
157,PMM,-0.0705,6.34615,6.82759,0.033,7.69,21,Morningstar US CEF Municipal,53,"Franklin Advisers, Inc.",False,5.8,-0.08,6.24,2026-09-15T00:00:00,746823103,Franklin Managed Municipal Income,2026-09-15,XPMMX,Fixed Income - Municipal-Municipal,30.64,248.434,,Monthly,0.15044,0.033,10.0,5.0187,,,1.06,,385.331,True,False,False,False,False,False,,5.4,7.83,-0.34,-1.28,0.59,2.94,,,12.07,996520,,,93.6566,,13.46,9.68,6.2288,-6.6125,-0.26,-2.17,-0.66,2026-09-15T00:00:00,1989-02-24T00:00:00,2/24/1989,604281600,2026-08-24T00:00:00
158,PIM,-0.0758,8.0,8.65574,0.022,3.37,15,Morningstar US CEF Investment Grade,53,"Franklin Advisers, Inc.",False,3.05,-0.02,3.3,2026-09-15T00:00:00,746909100,Franklin Master Intermediate Income,2026-09-15,XPIMX,Fixed Income - Taxable-Investment Grade,37.21,146.962,,Monthly,0.07573,0.022,10.0,5.6887,,,1.02,,253.231,True,False,False,False,False,False,,7.18,9.17,3.33,3.18,1.65,0.91,,,3.27,829560,,,92.1304,,,,3.25816,-4.75949,-1.6800000000000002,-1.8,-1.71,2026-09-15T00:00:00,1988-04-29T00:00:00,4/29/1988,578275200,2026-08-24T00:00:00
159,PMO,-0.08900000000000001,5.90909,6.48649,0.052,6.67,21,Morningstar US CEF Municipal,53,"Franklin Advisers, Inc.",False,9.62,-0.06,10.56,2026-09-15T00:00:00,746922103,Franklin Municipal Opportunities,2026-09-15,XPMOX,Fixed Income - Municipal-Municipal,35.6,263.583,,Monthly,0.22914,0.052,15.0,4.9365,,,1.04,,449.303,True,False,False,False,False,False,,4.48,5.71,-0.53,-2.39,-0.37,-0.91,,,8.62,639880,,,95.6555,,13.34,9.59,10.44328,-7.56634,-1.27,-2.44,-1.33,2026-09-15T00:00:00,1993-05-28T00:00:00,5/28/1993,738547200,2026-08-24T00:00:00
160,PPT,-0.0833,8.66667,9.45455,0.026,3.29,13,Morningstar US CEF Global Income,53,"Franklin Advisers, Inc.",False,3.3,-0.02,3.6,2026-09-15T00:00:00,746853100,Franklin Premier Income,2026-09-15,XPPTX,Fixed Income - Taxable-Global Income,30.47,315.373,,Monthly,0.08203,0.026,10.0,5.6659,,,0.9400000000000001,,494.792,True,False,False,False,False,False,,7.16,8.44,3.42,2.9699999999999998,1.57,3.14,,,1.83,1548230,,,92.2597,,,,3.53531,-5.67251,-1.99,-1.9500000000000002,-2.01,2026-09-15T00:00:00,1988-02-29T00:00:00,2/29/1988,573091200,2026-08-24T00:00:00
161,FT,-0.1192,6.07867,6.90122,0.042499999999999996,7.39,26,Morningstar US CEF US Allocation,53,"Franklin Advisers, Inc.",False,7.39,-0.07,8.39,2026-09-15T00:00:00,355145103,Franklin Universal Trust,2026-09-15,XFUTX,Hybrid-U.S. Allocation,22.15,185.725,,Monthly,0.1812,0.042499999999999996,10.0,7.2423,,,2.99,,270.857,True,False,False,False,False,False,,12.0,11.98,5.91,5.16,4.06,0.54,,,3.61,454680,,,88.5569,,4.99,,8.02061,-8.28812,-3.02,-2.92,-3.34,2026-09-15T00:00:00,1988-09-23T00:00:00,9/23/1988,590976000,2026-08-24T00:00:00
162,FSCO,-0.264,10.01124,13.60305,0.059399999999999994,7.86,17,Morningstar US CEF Multi-Sector,56,FS Global Advisor LLC,True,5.24,0.04,7.12,2026-09-15T00:00:00,30290Y101,FS Credit Opportunities Corp.,2026-09-15,XFSCX,Fixed Income - Taxable-Multi-Sector,32.58,1039.385,,Monthly,0.31886000000000003,0.059399999999999994,,,,,7.0,,2094.845,True,False,False,False,True,False,,12.0,11.86,,,7.27,-9.78,,,-20.98,14662390,,,,,,,5.62146,-21.0129,-0.5700000000000001,1.53,1.19,2026-09-15T00:00:00,2022-11-14T00:00:00,11/14/2022,1668384000,2026-08-24T00:00:00
163,FSSL,-0.349,10.01675,15.38593,0.1495,,19,Morningstar US CEF Senior Loans,57,FS Specialty Lending Advisor LLC,True,11.66,0.13,17.91,2026-09-15T00:00:00,644323107,FS Specialty Lending Fund,2026-09-15,FSSL,Fixed Income - Taxable-Senior Loans,27.48,885.201,,Monthly,,0.1495,14.12,,,,6.14,,1874.902,True,True,True,False,True,False,,,,,,4.6,-8.53,,,,0,,,92.6454,,,,,,,1.03,0.05,2026-09-15T00:00:00,2025-11-13T00:00:00,11/13/2025,1762992000,2026-08-24T00:00:00
164,VCX,5.903,,,,66.4,8,Morningstar US CEF Sector Equity,58,"Fundrise Advisors, LLC",False,30.1,0.0,18.97,2026-03-31T00:00:00,360852107,Fundrise Innovation Common Share,2026-09-15,XVCX,Equity-Sector Equity,,,,,,,,6.2108,,,0.0,,,False,True,True,False,False,False,,23.59,,,,,,,,,0,,,88.8115,,,,,,,,,2026-09-15T00:00:00,2022-07-25T00:00:00,7/25/2022,1658707200,
165,GCV,0.013500000000000002,10.78652,10.64302,0.12,19.72,26,Morningstar US CEF US Allocation,59,Gabelli,True,4.51,-0.04,4.45,2026-09-15T00:00:00,36240B109,Gabelli Conv Inc Secs,2026-09-15,XGCVX,Hybrid-U.S. Allocation,6.35,90.865,,Quarterly,-0.0030600000000000002,0.12,11.25,2.2015000000000002,,,2.07,,95.731,True,True,True,False,True,False,,16.23,17.83,2.9699999999999998,4.39,14.56,15.96,,,25.24,591230,,,,,,,4.42325,-1.13595,0.88,0.46,0.61,2026-09-15T00:00:00,1995-03-31T00:00:00,3/31/1995,796608000,2026-09-16T00:00:00
166,GDV,-0.12369999999999999,5.40541,6.16861,0.15,18.05,10,Morningstar US CEF US Equity,60,Gabelli Funds LLC,True,29.18,-0.22,33.3,2026-09-15T00:00:00,36242H104,Gabelli Dividend & Income,2026-09-15,XGDVX,Equity-U.S. Equity,14.16,2529.79,,Monthly,-0.00444,0.15,20.0,,,,1.83,,3420.411,True,True,False,False,True,False,,17.11,20.26,8.35,8.77,14.02,13.18,,,19.1,1048280,,,,,0.19,,28.43458,-10.75483,-2.36,-2.34,-1.94,2026-09-15T00:00:00,2003-11-28T00:00:00,11/28/2003,1069977600,2026-09-16T00:00:00
167,GAB,-0.0435,10.43478,10.90909,0.15,16.36,10,Morningstar US CEF US Equity,59,Gabelli,True,5.5,-0.03,5.75,2026-09-15T00:00:00,362397101,Gabelli Equity,2026-09-15,XGABX,Equity-U.S. Equity,15.0,1888.587,,Quarterly,0.00639,0.15,10.0,,,,1.6099999999999999,,2315.773,True,False,False,False,True,False,,16.29,13.61,9.17,7.37,12.53,-1.52,,,4.7,7787750,,,,,0.37,0.18,5.84595,1.00078,-0.89,0.11,-0.21,2026-09-15T00:00:00,1986-08-21T00:00:00,8/21/1986,524966400,2026-09-16T00:00:00
168,GGZ,-0.09539999999999998,4.73773,5.23756,0.21,15.32,5,Morningstar US CEF Global Equity,59,Gabelli,False,16.038,0.16,17.73,2026-09-15T00:00:00,36249W104,Gabelli Global Small & Mid Cap Value Tru,2026-09-15,XGGZX,Equity-Global Equity,22.64,123.615,,Quarterly,0.0682,0.21,12.0,,,,2.31,,176.656,True,True,True,False,False,False,,14.23,18.34,4.71,5.96,13.06,12.44,,,20.26,86100,,,,,0.24,0.12,15.44487,-11.33101,1.18,1.48,1.04,2026-09-15T00:00:00,2014-06-23T00:00:00,6/23/2014,1403481600,2026-09-16T00:00:00
169,GLU,-0.057999999999999996,6.71414,7.12743,0.11,18.06,8,Morningstar US CEF Sector Equity,60,Gabelli Funds LLC,True,18.52,-0.11,19.66,2026-09-15T00:00:00,36242L105,Gabelli Global Utility & Income,2026-09-15,XGLUX,Equity-Sector Equity,18.05,110.969,,Monthly,0.2284,0.11,20.0,,,,1.35,,143.638,True,False,False,False,True,False,,18.34,19.43,6.16,6.05,13.63,3.73,,,13.88,94040,,,,,0.14,0.22,19.26273,-0.97701,-1.4,-1.24,-1.24,2026-09-15T00:00:00,2004-05-25T00:00:00,5/25/2004,1085443200,2026-09-16T00:00:00
170,GRX,-0.1121,6.19872,6.98152,0.16999999999999998,12.82,8,Morningstar US CEF Sector Equity,59,Gabelli,False,9.74,-0.11,10.97,2026-09-15T00:00:00,36246K103,Gabelli Healthcare & Wellness Trust,2026-09-15,XXGRX,Equity-Sector Equity,29.99,146.594,,Quarterly,-0.04734,0.16999999999999998,8.0,,,,3.17,,235.826,True,True,False,False,False,False,,4.82,8.36,-0.9400000000000001,0.11,10.04,7.84,,,13.72,286770,,,,,0.22,0.25,9.446,-10.17038,-1.21,-0.99,-1.26,2026-09-15T00:00:00,2007-06-19T00:00:00,6/19/2007,1182211200,2026-09-16T00:00:00
171,GGT,0.11019999999999999,23.1405,20.84367,0.08,19.48,8,Morningstar US CEF Sector Equity,59,Gabelli,False,4.03,-0.01,3.63,2026-09-15T00:00:00,36239Q109,Gabelli Multimedia,2026-09-15,XGGTX,Equity-Sector Equity,33.26,154.663,,Monthly,-0.01495,0.08,7.5,,,,2.13,,208.737,True,False,True,False,False,False,,20.99,5.95,1.92,0.34,12.27,11.82,,,18.65,2677750,,,,,0.27,0.25,4.14485,10.02203,0.41000000000000003,-0.07,0.19,2026-09-15T00:00:00,1994-11-15T00:00:00,11/15/1994,784857600,2026-09-16T00:00:00
172,GUT,1.089,20.54795,9.83607,0.049999999999999996,14.67,8,Morningstar US CEF Sector Equity,59,Gabelli,False,6.1,-0.2,2.92,2026-09-15T00:00:00,36240A101,Gabelli Utility Trust,2026-09-15,XGUTX,Equity-Sector Equity,15.35,545.253,,Monthly,0.030350000000000002,0.049999999999999996,7.5,,,,1.52,,308.331,True,False,True,False,False,False,,16.83,10.01,7.82,6.17,11.1,13.75,,,20.01,1975590,,,,,0.19,0.15,6.18069,96.10688,1.2,-0.41000000000000003,0.66,2026-09-15T00:00:00,1999-07-09T00:00:00,7/9/1999,931478400,2026-09-16T00:00:00
173,GGN,-0.08960000000000001,5.97015,6.55738,0.034999999999999996,36.52,8,Morningstar US CEF Sector Equity,59,Gabelli,True,5.49,-0.01,6.03,2026-09-15T00:00:00,36465A109,GAMCO Global Gold Natural Resources&Inc,2026-09-15,XGGNX,Equity-Sector Equity,7.5600000000000005,857.674,,Monthly,0.0325,0.034999999999999996,20.0,6.1,,,1.29,,1019.085,True,True,False,False,True,False,,26.08,23.99,19.53,17.65,17.36,14.18,,,27.56,6036520,,,,,0.58,0.52,5.21178,-6.74517,-0.72,-0.02,-0.25,2026-09-15T00:00:00,2005-03-29T00:00:00,3/29/2005,1112054400,2026-09-16T00:00:00
174,GNT,0.0259,8.10811,7.9033999999999995,0.06,31.53,3,Morningstar US CEF Covered Call,60,Gabelli Funds LLC,False,9.11,-0.03,8.88,2026-09-15T00:00:00,36465E101,"GAMCO Natural Resources, Gold & Inc Tr",2026-09-15,XGNTX,Equity-Covered-Call Funds,16.66,153.155,,Monthly,0.01705,0.06,20.0,6.111,,,1.9500000000000002,,172.455,True,True,True,False,False,False,,22.28,31.48,15.79,19.63,15.54,31.2,,,47.02,967660,,,,,0.89,0.62,8.06838,-4.05321,1.45,0.81,1.0,2026-09-15T00:00:00,2011-01-27T00:00:00,1/27/2011,1296086400,2026-09-16T00:00:00
175,GDL,-0.2162,4.47344,5.70749,0.12,5.88,26,Morningstar US CEF US Allocation,60,Gabelli Funds LLC,True,8.41,0.0,10.73,2026-09-15T00:00:00,361570104,GDL Fund,2026-09-15,XGDLX,Hybrid-U.S. Allocation,10.07,90.348,,Quarterly,-0.00024,0.12,20.0,,,,3.27,,130.766,True,False,False,False,True,False,,6.46,8.24,4.93,4.49,5.48,3.77,,,4.5,97160,,,,,0.19,0.16,8.45716,-20.68412,-1.12,-0.67,-0.85,2026-09-15T00:00:00,2007-01-25T00:00:00,1/25/2007,1169683200,2026-09-16T00:00:00
176,GAM,-0.1199,8.74317,9.9348,6.4,22.26,10,Morningstar US CEF US Equity,61,General American Investors Co Inc,False,64.42,-0.66,73.2,2026-09-15T00:00:00,368802104,General American Investors,2026-09-15,XGAMX,Equity-U.S. Equity,9.82,1535.265,,Annually,0.00036,6.4,10.0,,,,1.07,,1934.549,True,True,False,False,False,False,,22.33,27.53,13.77,16.46,14.7,13.45,,,23.34,246240,,,,,0.03,,62.38293,-10.65412,-1.69,-1.35,-1.27,2026-09-15T00:00:00,1927-02-01T00:00:00,2/1/1927,-1354320000,2025-11-17T00:00:00
177,GUG,-0.10980000000000001,8.83379,9.9234,0.11875,6.33,25,Morningstar US CEF Global Allocation,62,Guggenheim Funds Investment Advisors LLC,False,14.36,-0.64,16.25,2026-09-14T00:00:00,40170T106,Guggenheim Active Allocation Fund,2026-09-15,XGUGX,Hybrid-Global Allocation,24.89,473.594,,Monthly,0.54925,0.11875,20.0,5.74,,,3.19,,708.305,True,False,False,False,False,False,,9.58,12.57,,,3.13,4.46,,,4.6,822640,,,95.2366,,,,15.6289,-6.1,-2.45,-2.5,-3.12,2026-09-15T00:00:00,2021-11-23T00:00:00,11/23/2021,1637625600,2026-09-15T00:00:00
178,GOF,-0.1404,21.76494,25.32097,0.18209999999999998,9.06,17,Morningstar US CEF Multi-Sector,62,Guggenheim Funds Investment Advisors LLC,False,8.63,-0.39,10.04,2026-09-15T00:00:00,40167F101,Guggenheim Strategic Opp Fund,2026-09-15,XGOFX,Fixed Income - Taxable-Multi-Sector,21.55,1928.354,,Monthly,0.35596,0.18209999999999998,20.0,5.7615,,,1.9700000000000002,,2859.693,True,False,False,False,False,False,,13.89,-0.68,7.89,-1.02,3.7199999999999998,-17.13,,,-24.38,17050240,,,98.0989,,,,11.82912,7.14079,-2.35,-2.5,-3.31,2026-09-15T00:00:00,2007-07-26T00:00:00,7/26/2007,1185408000,2026-09-15T00:00:00
179,GBAB,-0.042199999999999994,10.98878,11.47346,0.12572999999999998,3.8200000000000003,20,Morningstar US CEF Taxable Muni,62,Guggenheim Funds Investment Advisors LLC,False,13.15,-0.22,13.73,2026-09-15T00:00:00,401664107,Guggenheim Tax Muni & Inv Grade Debt Tr,2026-09-15,XGBAX,Fixed Income - Taxable-Taxable Muni,29.63,364.248,,Monthly,0.46383,0.12572999999999998,20.0,5.7718,,,2.83,,540.462,True,False,False,False,False,False,,6.78,5.99,-0.9,-2.5700000000000003,0.63,-1.7000000000000002,,,-2.63,876900,12.76,,96.372,,5.22,,14.70291,-0.17611000000000002,-2.04,-2.5,-1.99,2026-09-15T00:00:00,2010-10-26T00:00:00,10/26/2010,1288051200,2026-09-15T00:00:00
180,HERZ,-0.1506,10.66388,12.55392,0.16999999999999998,-0.77,10,Morningstar US CEF US Equity,104,Thomas J Herzfeld Advisors Inc,False,16.2499,0.14,19.13,2026-08-31T00:00:00,42804T205,Herzfeld Credit Income Fund,2026-09-15,HERZ,Equity-U.S. Equity,,316.608,,Monthly,0.05541,0.16999999999999998,5.2,,,,4.33,,372.723,False,False,False,False,False,False,,9.5,15.57,4.47,6.31,-6.62,-24.32,,,-9.02,125640,,,,,,,19.33731,-12.35473,-0.61,-0.06,-0.32,2026-09-15T00:00:00,1994-05-20T00:00:00,5/20/1994,769392000,2026-09-16T00:00:00
181,PCF,-0.1606,11.06518,13.18182,0.057999999999999996,0.04,11,Morningstar US CEF Convertibles,22,Bulldog Investors LLP,False,5.28,-0.21,6.29,2026-09-11T00:00:00,42968F108,High Income Securities,2026-09-15,XPCFX,Fixed Income - Taxable-Convertibles,1.06,98.823,,Monthly,0.16873,0.057999999999999996,7.5,5.0759,,21.21,1.65,,117.726,True,False,False,False,False,False,,8.11,5.66,5.5,1.13,-1.48,-2.75,,,-4.28,774430,,,,,,,5.83471,-12.78557,-1.8,-1.18,-1.6600000000000001,2026-09-15T00:00:00,1987-07-09T00:00:00,7/9/1987,552787200,2026-08-18T00:00:00
182,HGLB,-0.361,9.00265,14.0884,0.08499999999999999,2.67,25,Morningstar US CEF Global Allocation,78,"NexPoint Asset Management, L.P.",False,7.24,0.0,11.33,2026-09-15T00:00:00,43010T104,Highland Global Allocation Fund,2026-09-15,XHGLX,Hybrid-Global Allocation,2.79,170.795,,Monthly,0.20544,0.08499999999999999,15.0,9.9011,,,1.35,,267.28,True,False,False,False,False,False,,8.85,11.18,9.12,7.99,0.25,-10.63,,,-1.71,767840,,,,,0.31,,8.53358,-30.48331,-1.34,0.29,-0.78,2026-09-15T00:00:00,1998-01-05T00:00:00,1/5/1998,883958400,2026-08-24T00:00:00
183,HFRO,-0.40509999999999996,3.91525,6.5812,0.0385,7.06,19,Morningstar US CEF Senior Loans,78,"NexPoint Asset Management, L.P.",True,7.02,-0.25,11.8,2026-09-15T00:00:00,43010E404,Highland Opportunities and Income Ord,2026-09-15,XHFOX,Fixed Income - Taxable-Senior Loans,17.62,388.826,,Monthly,0.29586,0.0385,15.0,7.9229,,,2.18,,793.338,True,True,True,False,True,False,,-0.5,4.47,1.8599999999999999,0.31,7.09,29.05,,,27.83,1359850,,,,,,,6.5022400000000005,-44.00669,0.88,-1.58,0.41000000000000003,2026-09-15T00:00:00,2000-01-13T00:00:00,1/13/2000,947721600,2026-08-24T00:00:00
184,VKI,0.0194,8.12107,7.96675,0.0559,7.61,21,Morningstar US CEF Municipal,65,"Invesco Advisers, Inc",False,8.42,-0.06,8.26,2026-09-15T00:00:00,46132E103,Invesco Adv Muni Inc II,2026-09-15,XVKIX,Fixed Income - Municipal-Municipal,38.62,373.951,-0.002,Monthly,0.21381,0.0559,15.0,5.1931,,20.22,3.33,,597.671,True,False,True,False,False,False,,3.63,10.85,-1.34,-0.79,0.58,3.4,,,16.65,1204370,17.15,,96.6445,,10.05,8.68,8.97465,0.17672000000000002,0.67,-0.74,0.3,2026-09-15T00:00:00,1993-08-27T00:00:00,8/27/1993,746409600,2026-09-14T00:00:00
185,VBF,-0.08310000000000001,5.09904,5.56098,0.0665,1.9,15,Morningstar US CEF Investment Grade,65,"Invesco Advisers, Inc",False,14.35,-0.04,15.65,2026-09-15T00:00:00,46132L107,Invesco Bond,2026-09-15,XVBFX,Fixed Income - Taxable-Investment Grade,,163.95,0.001,Monthly,0.40588,0.0665,20.0,5.6338,,15.48,0.5700000000000001,,178.803,False,False,False,False,False,False,,5.4,5.29,-0.41000000000000003,-0.97,-0.47000000000000003,-1.43,,,-0.03,530590,,,96.9961,,,,15.20484,-7.00491,-1.45,-1.58,-1.63,2026-09-15T00:00:00,1970-10-28T00:00:00,10/28/1970,25920000,2026-09-14T00:00:00
186,VCV,0.045,8.30868,7.95077,0.06459999999999999,8.25,22,Morningstar US CEF Municipal-CA,65,"Invesco Advisers, Inc",False,9.75,-0.12,9.33,2026-09-15T00:00:00,46132H106,Invesco CA Value,2026-09-15,XVCVX,Fixed Income - Municipal-Municipal - CA,40.97,472.962,-0.039,Monthly,0.22155,0.06459999999999999,15.0,5.1828,,20.77,3.35,,766.684,True,False,False,False,False,False,,3.35,11.35,-1.23,0.03,-0.12,-1.02,,,10.59,981490,15.53,,94.3565,,11.52,8.96,10.76587,5.03502,-0.27,-0.73,-0.2,2026-09-15T00:00:00,1993-04-30T00:00:00,4/30/1993,736128000,2026-09-14T00:00:00
187,VLT,-0.10060000000000001,10.28736,11.4377,0.0895,5.39,14,Morningstar US CEF High Yield,65,"Invesco Advisers, Inc",False,9.39,-0.07,10.44,2026-09-15T00:00:00,46131F101,Invesco High Income II,2026-09-15,XVLTX,Fixed Income - Taxable-High Yield,31.01,61.141,-0.029,Monthly,0.36908,0.0895,60.0,6.9603,,6.78,3.41,,98.527,True,False,False,False,False,False,,8.24,9.39,3.13,1.96,2.45,-5.16,,,-1.75,176880,,,99.0033,,,,10.66925,-2.89044,-2.63,-2.38,-3.19,2026-09-15T00:00:00,1989-04-28T00:00:00,4/28/1989,609724800,2026-09-14T00:00:00
188,VMO,0.0011,8.13449,8.12568,0.0625,7.52,21,Morningstar US CEF Municipal,65,"Invesco Advisers, Inc",False,9.23,-0.15,9.22,2026-09-15T00:00:00,46132C107,Invesco Muni Opp,2026-09-15,XVMOX,Fixed Income - Municipal-Municipal,38.15,622.478,-0.012,Monthly,0.23512,0.0625,15.0,5.3225,,20.36,3.26,,1005.405,True,False,True,False,False,False,,3.56,9.72,-1.46,-1.22,0.43,6.55,,,13.38,2344380,17.21,,96.2895,,11.8,8.97,9.69307,-3.13864,1.81,1.11,1.56,2026-09-15T00:00:00,1992-04-24T00:00:00,4/24/1992,704073600,2026-09-14T00:00:00
189,VKQ,-0.006500000000000001,8.13823,8.1913,0.0628,7.29,21,Morningstar US CEF Municipal,65,"Invesco Advisers, Inc",False,9.2,-0.17,9.26,2026-09-15T00:00:00,46131J103,Invesco Municipal,2026-09-15,XVKQX,Fixed Income - Municipal-Municipal,39.33,509.087,-0.006,Monthly,0.23747000000000001,0.0628,15.0,5.3716,,20.5,3.24,,844.556,True,False,True,False,False,False,,3.59,9.71,-1.3900000000000001,-1.24,0.45,5.91,,,14.76,1894480,15.92,,96.6798,,11.71,8.94,9.72255,-3.33001,1.37,-0.16,0.84,2026-09-15T00:00:00,1991-09-27T00:00:00,9/27/1991,685929600,2026-09-14T00:00:00
190,OIA,-0.0223,6.0,6.13708,0.029099999999999997,9.25,21,Morningstar US CEF Municipal,65,"Invesco Advisers, Inc",False,5.69,-0.08,5.82,2026-09-15T00:00:00,46132X101,Invesco Municipal Inc Opp I,2026-09-15,XOIAX,Fixed Income - Municipal-Municipal,31.81,272.429,0.019,Monthly,0.16802,0.029099999999999997,10.0,7.0142,,22.18,2.45,,408.638,True,False,False,False,False,False,,5.06,4.27,-0.18,-1.21,1.6400000000000001,4.9,,,12.16,1208990,30.48,,87.4958,,,,6.09821,-1.09902,-0.74,-1.49,-1.42,2026-09-15T00:00:00,1988-09-19T00:00:00,9/19/1988,590630400,2026-09-14T00:00:00
191,VPV,0.0812,8.02808,7.42486,0.0667,6.72,24,Morningstar US CEF Municipal-Single State,65,"Invesco Advisers, Inc",False,10.78,-0.08,9.97,2026-09-15T00:00:00,46132K109,Invesco PA Value,2026-09-15,XVPVX,Fixed Income - Municipal-Municipal - Single-State,38.04,192.662,0.126,Monthly,0.24298,0.0667,15.0,5.0179,,19.59,3.1,,287.562,True,True,True,False,False,False,,3.5,12.68,-1.24,2.07,0.24,12.91,,,21.64,316410,25.47,,96.0024,,11.26,8.28,10.77283,-0.26347000000000004,2.1,1.46,1.71,2026-09-15T00:00:00,1993-04-30T00:00:00,4/30/1993,736128000,2026-09-14T00:00:00
192,IQI,0.035300000000000005,8.0984,7.82231,0.0631,6.95,21,Morningstar US CEF Municipal,65,"Invesco Advisers, Inc",False,9.68,-0.1,9.35,2026-09-15T00:00:00,46133G107,Invesco Quality Municipal Income Trust,2026-09-15,XIQIX,Fixed Income - Municipal-Municipal,35.83,511.915,0.026000000000000002,Monthly,0.24185,0.0631,15.0,5.5043,,18.62,2.91,,770.534,True,False,True,False,False,False,,3.66,10.95,-1.3900000000000001,0.2,0.37,6.85,,,15.86,1434620,15.49,,93.8966,,10.7,8.66,9.97394,-1.54583,2.43,1.3599999999999999,1.74,2026-09-15T00:00:00,1992-09-29T00:00:00,9/29/1992,717724800,2026-09-14T00:00:00
193,VVR,-0.1317,10.41916,12.0,0.028999999999999998,1.19,19,Morningstar US CEF Senior Loans,65,"Invesco Advisers, Inc",False,2.9,0.0,3.34,2026-09-15T00:00:00,46131H107,Invesco Senior Income,2026-09-15,XVVRX,Fixed Income - Taxable-Senior Loans,35.52,446.383,-0.044000000000000004,Monthly,0.16899,0.028999999999999998,10.0,,,3.9,4.89,,797.316,True,False,False,False,False,False,,5.54,3.34,4.88,4.21,0.86,-1.6400000000000001,,,-7.77,9713230,,,,,,,3.15234,-9.86745,-1.87,-1.9500000000000002,-1.79,2026-09-15T00:00:00,1998-06-24T00:00:00,6/24/1998,898646400,2026-09-14T00:00:00
194,VGM,0.001,8.10879,8.10031,0.06459999999999999,7.51,21,Morningstar US CEF Municipal,65,"Invesco Advisers, Inc",False,9.57,-0.2,9.56,2026-09-15T00:00:00,46131M106,Invesco Tr Inv Gr Muni,2026-09-15,XVGMX,Fixed Income - Municipal-Municipal,38.03,519.0,-0.018000000000000002,Monthly,0.24485,0.06459999999999999,15.0,5.4212,,20.77,3.11,,836.68,True,False,True,False,False,False,,3.6,11.04,-1.4100000000000001,-0.26,0.48,5.12,,,17.21,1707160,18.24,,96.729,,11.28,8.91,10.25701,-1.05094,0.55,-1.15,0.1,2026-09-15T00:00:00,1992-01-24T00:00:00,1/24/1992,696211200,2026-09-14T00:00:00
195,VTN,0.011200000000000002,8.37067,8.27795,0.06849999999999999,7.72,23,Morningstar US CEF Municipal-NY,65,"Invesco Advisers, Inc",False,9.93,-0.09,9.82,2026-09-15T00:00:00,46131T101,Invesco Tr Inv Gr NY,2026-09-15,XVTNX,Fixed Income - Municipal-Municipal - NY,34.67,145.409,0.01,Monthly,0.25475000000000003,0.06849999999999999,15.0,5.1028,,23.49,2.69,,220.1,True,False,False,False,False,False,,2.68,10.1,-1.54,0.8,-0.22,-2.15,,,14.09,318560,25.38,,90.718,,13.06,10.43,11.20415,3.30002,-0.88,-1.9,-1.51,2026-09-15T00:00:00,1992-03-27T00:00:00,3/27/1992,701654400,2026-09-14T00:00:00
196,IIM,0.0358,8.08035,7.80101,0.0771,6.65,21,Morningstar US CEF Municipal,65,"Invesco Advisers, Inc",False,11.86,-0.14,11.45,2026-09-15T00:00:00,46132P108,Invesco Value Muni Income,2026-09-15,XIIMX,Fixed Income - Municipal-Municipal,35.96,558.43,-0.011000000000000001,Monthly,0.29788000000000003,0.0771,15.0,5.5984,,18.25,2.93,,841.847,True,False,True,False,False,False,,3.64,10.78,-1.18,0.33,0.56,8.79,,,16.52,1191190,17.03,,94.3507,,10.32,8.32,12.49081,0.9573600000000001,1.13,-0.27,0.67,2026-09-15T00:00:00,1993-02-26T00:00:00,2/26/1993,730684800,2026-09-14T00:00:00
197,JOF,-0.1387,8.1189,9.42646,0.09559999999999999,31.63,1,Morningstar US CEF Asia Equity,79,Nomura Asset Management Co Ltd,False,12.17,-0.25,14.13,2026-09-15T00:00:00,47109U104,Japan Smaller Cap Fund,2026-09-15,XXJOFXX,Equity-Asia Equity,0.0,310.341,,Monthly,0.03946,0.09559999999999999,12.0,,,,2.09,,360.322,True,True,False,False,False,False,,23.81,27.36,11.52,12.59,25.62,21.31,,,29.77,763490,,,,,,,11.28954,-10.72294,-2.01,-1.6400000000000001,-1.63,2026-09-15T00:00:00,1990-03-21T00:00:00,3/21/1990,637977600,2026-09-15T00:00:00
198,BTO,-0.08310000000000001,6.244,6.80985,0.65,22.04,8,Morningstar US CEF Sector Equity,67,John Hancock Investment Management LLC,True,38.18,-0.76,41.64,2026-09-15T00:00:00,409735206,JHancock Financial Opportunities,2026-09-15,XBTOX,Equity-Sector Equity,13.6,757.226,0.0,Quarterly,0.27503,0.65,20.0,4.7005,,,2.42,,955.849,True,True,False,False,True,False,,26.24,22.91,10.31,5.48,19.84,16.38,,,12.24,462330,,,,,38.99,,36.84816,-2.54698,-2.58,-3.34,-2.91,2026-09-15T00:00:00,1994-08-18T00:00:00,8/18/1994,777168000,2026-06-11T00:00:00
199,JHS,-0.0978,5.31142,5.88686,0.1535,1.48,15,Morningstar US CEF Investment Grade,67,John Hancock Investment Management LLC,False,10.43,0.02,11.56,2026-09-15T00:00:00,410123103,JHancock Income Secs,2026-09-15,XJHSX,Fixed Income - Taxable-Investment Grade,40.41,121.474,0.0,Quarterly,0.29069,0.1535,15.3,5.4543,,,4.41,,225.935,True,False,False,False,False,False,,5.33,5.35,-1.38,-2.55,-0.9,-4.61,,,-0.79,148560,,,98.3831,,7.08,4.44,11.31774,-7.69146,-1.31,-2.31,-1.9300000000000002,2026-09-15T00:00:00,1973-02-14T00:00:00,2/14/1973,98496000,2026-06-11T00:00:00
200,JHI,-0.1143,8.48571,9.58065,0.297,5.2,15,Morningstar US CEF Investment Grade,66,John Hancock,False,12.4,-0.1,14.0,2026-09-15T00:00:00,410142103,JHancock Investors,2026-09-15,XJHIX,Fixed Income - Taxable-Investment Grade,41.51,108.432,0.0,Quarterly,0.58459,0.297,21.06,6.8494,,,4.59,,209.324,True,False,False,False,False,False,,8.84,10.08,2.14,1.0,3.09,1.87,,,3.06,206760,6.53,,98.1223,,6.17,,13.51078,-7.58496,-2.75,-3.49,-3.14,2026-09-15T00:00:00,1971-01-29T00:00:00,1/29/1971,33955200,2026-06-11T00:00:00
201,HPI,0.013000000000000001,10.16461,10.03385,0.1235,2.27,18,Morningstar US CEF Preferreds,67,John Hancock Investment Management LLC,False,14.77,-0.13,14.58,2026-09-15T00:00:00,41013W108,JHancock Preferred Income,2026-09-15,XHPIX,Fixed Income - Taxable-Preferreds,39.69,395.72,0.0,Monthly,0.56391,0.1235,25.0,6.4987,,,4.48,,647.73,True,False,False,False,False,False,,9.71,11.13,2.67,2.59,0.1,3.46,,,8.4,529120,,,101.5739,,91.45,,16.33856,3.86066,-1.2,-3.88,-1.51,2026-09-15T00:00:00,2002-08-27T00:00:00,8/27/2002,1030406400,2026-09-11T00:00:00
202,HPF,-0.0083,10.25606,10.34194,0.1235,2.42,18,Morningstar US CEF Preferreds,67,John Hancock Investment Management LLC,False,14.33,-0.19,14.45,2026-09-15T00:00:00,41013X106,JHancock Preferred Income II,2026-09-15,XHPFX,Fixed Income - Taxable-Preferreds,39.78,310.256,0.0,Monthly,0.5652,0.1235,25.0,6.5714,,,4.51,,519.554,True,False,False,False,False,False,,9.82,10.76,2.85,1.56,0.32,3.25,,,5.89,365720,,,101.5517,,90.07,,16.05336,2.93465,-2.4,-3.92,-2.62,2026-09-15T00:00:00,2002-11-29T00:00:00,11/29/2002,1038528000,2026-09-11T00:00:00
203,HPS,-0.0123,10.13825,10.26439,0.11,2.48,18,Morningstar US CEF Preferreds,67,John Hancock Investment Management LLC,False,12.86,-0.09,13.02,2026-09-15T00:00:00,41021P103,JHancock Preferred Income III,2026-09-15,XHPSX,Fixed Income - Taxable-Preferreds,39.57,413.692,0.0,Monthly,0.50751,0.11,25.0,6.5064,,,4.47,,693.139,True,False,False,False,False,False,,9.82,9.0,2.94,2.24,0.46,2.58,,,3.1,599070,,,101.6004,,86.67,,14.593820000000001,3.88639,-3.0,-3.21,-3.88,2026-09-15T00:00:00,2003-06-18T00:00:00,6/18/2003,1055894400,2026-09-11T00:00:00
204,PDT,-0.1242,7.73996,8.83736,0.08829999999999999,7.76,18,Morningstar US CEF Preferreds,66,John Hancock,True,11.99,-0.02,13.69,2026-09-15T00:00:00,41013T105,JHancock Premium Dividend Fund,2026-09-15,XPDTX,Fixed Income - Taxable-Preferreds,35.69,589.731,0.0,Monthly,0.34231,0.08829999999999999,12.0,5.8871,,,4.32,,1047.046,True,False,False,False,True,False,,15.46,16.64,7.01,2.54,5.87,4.55,,,1.62,1214790,,,,,76.11,,12.96527,-9.64058,-1.6,-2.2,-2.09,2026-09-15T00:00:00,1989-12-21T00:00:00,12/21/1989,630201600,2026-09-11T00:00:00
205,HTD,-0.045700000000000005,7.46751,7.82501,0.158,7.91,26,Morningstar US CEF US Allocation,67,John Hancock Investment Management LLC,True,24.23,-0.01,25.39,2026-09-15T00:00:00,41013V100,JHancock Tax-Advantaged Dividend Inc,2026-09-15,XHTDX,Hybrid-U.S. Allocation,32.23,858.513,0.0,Monthly,0.63149,0.158,20.0,5.9626,,,3.58,,1327.514,True,False,True,False,True,False,,16.36,18.4,8.19,8.52,7.27,12.01,,,10.63,637900,,,,,68.76,,24.94898,-5.82812,0.73,-1.1,0.29,2026-09-15T00:00:00,2004-02-27T00:00:00,2/27/2004,1077840000,2026-09-11T00:00:00
206,HEQ,-0.09939999999999999,7.94913,8.82613,0.25,15.29,5,Morningstar US CEF Global Equity,67,John Hancock Investment Management LLC,True,11.33,0.05,12.58,2026-09-15T00:00:00,47804L102,John Hancock Diversified Income Fund,2026-09-15,XHEQX,Equity-Global Equity,10.44,135.151,,Quarterly,0.35522,0.25,20.0,6.6246,,,1.31,,167.561,True,True,True,False,True,False,,12.95,13.74,8.42,7.33,10.68,14.25,,,19.33,367410,,,97.9782,,,,11.17465,-10.34555,0.29,-0.71,-0.65,2026-09-15T00:00:00,2011-05-26T00:00:00,5/26/2011,1306368000,2026-06-11T00:00:00
207,KYN,-0.1119,6.56934,7.39726,0.09,31.32,6,Morningstar US CEF MLP,69,"KA Fund Advisors, LLC",False,14.6,-0.17,16.44,2026-09-15T00:00:00,486606106,Kayne Anderson Energy Infrastructure,2026-09-15,XKYNX,Equity-MLP,25.46,2469.24,,Monthly,0.31841,0.09,25.0,7.259,,,3.3,,3729.915,True,True,True,False,False,False,,27.56,30.3,22.88,24.05,30.73,27.01,,,28.86,3892570,,,,,15.1,,13.34111,-12.22024,0.66,1.13,1.67,2026-09-15T00:00:00,2004-09-28T00:00:00,9/28/2004,1096329600,2026-09-15T00:00:00
208,KIO,-0.0931,12.33503,13.60075,0.1215,4.89,14,Morningstar US CEF High Yield,70,Kohlberg Kravis Roberts &amp; Co.,False,10.72,-0.13,11.82,2026-09-15T00:00:00,48249T106,KKR Income Opportunities Fund,2026-09-15,XKIOX,Fixed Income - Taxable-High Yield,33.0,439.361,,Monthly,0.63625,0.1215,20.0,7.7655,,,4.09,,723.082,True,False,False,False,False,False,,8.55,8.17,4.74,3.35,3.76,4.01,,,0.49,2472380,0.09000000000000001,,100.3092,,58.49,,11.45245,-6.44484,-1.85,-2.43,-2.17,2026-09-15T00:00:00,2013-07-26T00:00:00,7/26/2013,1374796800,2026-09-11T00:00:00
209,KF,-0.171,1.8305799999999999,2.20829,1.381724,154.98,1,Morningstar US CEF Asia Equity,68,JPMorgan Asset Management (Asia Pacific) Limited,False,62.57,-1.1400000000000001,75.48,2026-09-15T00:00:00,500634209,Korea Fund,2026-09-15,XKFDX,Equity-Asia Equity,5.74,260.188,,Annually,0.0077,1.381724,40.0,,,,1.21,,313.872,True,True,False,False,False,False,,45.82,46.16,17.56,18.23,82.09,77.4,,,144.86,196030,,,,,,,50.79415,-13.47505,-2.06,-1.35,-1.56,2026-09-15T00:00:00,1984-08-29T00:00:00,8/29/1984,462585600,2025-12-23T00:00:00
210,LGI,-0.039599999999999996,10.26087,10.68369,0.15339999999999998,14.3,5,Morningstar US CEF Global Equity,71,Lazard Asset Management LLC,False,17.23,-0.11,17.94,2026-09-15T00:00:00,52106W103,Lazard Global Total Return and Income,2026-09-15,XLGIX,Equity-Global Equity,9.2,224.455,,Monthly,0.028050000000000002,0.15339999999999998,20.0,7.7462,,,2.0,,257.38,True,False,False,False,False,False,,12.72,18.36,5.87,6.5600000000000005,8.81,13.42,,,14.96,433590,,,,,3.13,,17.83614,-1.8327200000000001,-0.68,-2.02,-1.75,2026-09-15T00:00:00,2004-04-28T00:00:00,4/28/2004,1083110400,2026-09-10T00:00:00
211,USA,-0.1295,10.11905,11.62393,0.16999999999999998,7.71,10,Morningstar US CEF US Equity,9,ALPS Advisors Inc,True,5.85,-0.04,6.72,2026-09-15T00:00:00,530158104,Liberty All-Star Equity,2026-09-15,XUSAX,Equity-U.S. Equity,0.84,1803.083,,Quarterly,0.02385,0.16999999999999998,10.0,,,,0.91,,2088.815,True,False,False,False,True,False,,13.03,9.47,6.41,3.45,7.65,3.68,,,1.4100000000000001,12696030,,,,,,,5.99602,-10.11482,-1.98,-1.72,-1.62,2026-09-15T00:00:00,1986-10-31T00:00:00,10/31/1986,531100800,2026-07-16T00:00:00
212,ASG,-0.1316,8.42105,9.69697,0.12,6.32,10,Morningstar US CEF US Equity,9,ALPS Advisors Inc,True,4.95,-0.08,5.7,2026-09-15T00:00:00,529900102,Liberty All-Star Growth,2026-09-15,XASGX,Equity-U.S. Equity,0.06,315.403,,Quarterly,-0.01856,0.12,10.0,,,,1.12,,363.412,True,False,False,False,True,False,,10.43,8.32,0.44,-1.3,7.2,4.86,,,2.43,2573210,,,,,,,5.27299,-10.60412,-1.92,-1.49,-1.56,2026-09-15T00:00:00,1986-03-14T00:00:00,3/14/1986,511142400,2026-07-16T00:00:00
213,SCD,-0.1133,8.4063,9.47992,0.12,16.77,25,Morningstar US CEF Global Allocation,54,"Franklin Templeton Fund Adviser, LLC",True,15.19,-0.14,17.13,2026-09-15T00:00:00,50208A102,LMP Capital and Income,2026-09-15,XSCDX,Hybrid-Global Allocation,21.11,347.947,,Monthly,0.06042,0.12,20.0,,,,2.39,,497.386,True,False,False,False,True,False,,16.3,16.62,11.07,11.2,13.68,12.11,,,10.21,776540,13.6,,,,4.25,,15.30234,-9.4689,-1.1,-0.46,-0.77,2026-09-15T00:00:00,2004-02-24T00:00:00,2/24/2004,1077580800,2026-08-24T00:00:00
214,MXE,-0.1685,1.4588,1.7545199999999999,0.2337,24.61,4,Morningstar US CEF Emerging Market Equity,89,Pichardo Asset Management SA De CV,False,13.3199,0.0,16.02,2026-09-15T00:00:00,592834105,Mexico Equity & Income,2026-09-15,XMXEX,Equity-Emerging Market Equity,,58.61,,Annually,0.07512,0.2337,12.0,7.969,,0.02,2.13,,70.491,False,True,True,False,False,False,,7.71,12.81,7.8100000000000005,2.89,11.7,8.72,,,23.23,58430,,,,,,,12.88126,-17.90491,0.98,1.81,0.9500000000000001,2026-09-15T00:00:00,1990-08-15T00:00:00,8/15/1990,650678400,2025-12-16T00:00:00
215,MXF,-0.126,5.8362,6.67756,0.3474,24.71,4,Morningstar US CEF Emerging Market Equity,64,"Impulsora Del Fondo Mexico, SC",True,20.81,-0.51,23.81,2026-09-15T00:00:00,592835102,Mexico Fund,2026-09-15,XXMXFXX,Equity-Emerging Market Equity,,300.082,,Quarterly,0.27312000000000003,0.3474,12.0,5.75,,,1.36,,343.342,False,False,True,False,True,False,,9.49,13.93,10.61,12.07,11.34,13.26,,,27.07,467690,,,,,,,20.92084,-13.19464,0.6,-1.31,0.26,2026-09-15T00:00:00,1981-06-03T00:00:00,6/3/1981,360374400,2026-07-22T00:00:00
216,CAF,-0.16670000000000001,1.2073,1.44875,0.262949,27.83,1,Morningstar US CEF Asia Equity,74,Morgan Stanley,False,18.15,-0.18,21.78,2026-09-15T00:00:00,617468103,Morgan Stanley China A Share,2026-09-15,XCAFX,Equity-Asia Equity,,242.374,,Annually,-0.01046,0.262949,20.0,,,,1.52,,290.849,False,True,False,False,False,False,,15.48,16.17,2.22,0.65,16.72,9.33,,,24.74,373980,,,,,,,18.14208,-14.03693,-1.24,-0.61,-0.9,2026-09-15T00:00:00,2006-09-28T00:00:00,9/28/2006,1159401600,2025-12-19T00:00:00
217,MSD,-0.1041,7.61421,8.49858,0.15,11.12,12,Morningstar US CEF Emerging Market Income,75,"Morgan Stanley Investment Management, Inc.",False,7.06,-0.03,7.88,2026-09-15T00:00:00,61744H105,Morgan Stanley Emerging Markets Debt,2026-09-15,XMSDX,Fixed Income - Taxable-Emerging Market Income,0.03,142.833,,Quarterly,0.30967,0.15,15.0,6.5116,,6.76,1.36,,159.423,True,False,False,False,False,False,,12.68,14.6,3.33,4.21,4.65,2.68,,,5.35,924920,,,,,,,7.39267,-7.02333,-1.8399999999999999,-2.63,-1.85,2026-09-15T00:00:00,1993-07-23T00:00:00,7/23/1993,743385600,2026-06-30T00:00:00
218,EDD,-0.0557,16.21622,17.17352,0.24,18.54,12,Morningstar US CEF Emerging Market Income,75,"Morgan Stanley Investment Management, Inc.",False,5.59,-0.14,5.92,2026-09-15T00:00:00,617477104,Morgan Stanley Emrgng Mkts Domestic Debt,2026-09-15,XEDDX,Fixed Income - Taxable-Emerging Market Income,14.58,360.309,,Quarterly,0.28033,0.24,20.0,6.6059,,7.47,2.18,,446.729,True,False,False,False,False,False,,13.35,19.8,5.52,8.51,7.92,15.82,,,23.71,3646910,,,,,,,5.63218,-4.89165,-0.24,-1.79,-0.23,2026-09-15T00:00:00,2007-04-24T00:00:00,4/24/2007,1177372800,2026-06-30T00:00:00
219,IIF,-0.1134,8.01115,9.03579,1.985164,-5.13,1,Morningstar US CEF Asia Equity,75,"Morgan Stanley Investment Management, Inc.",False,21.97,-0.42,24.78,2026-09-15T00:00:00,61745C105,Morgan Stanley India Investment,2026-09-15,XIIFX,Equity-Asia Equity,,206.225,,Annually,-0.1168,1.985164,15.0,,,,1.35,,232.601,False,False,False,False,False,False,,7.66,12.46,5.14,7.46,-5.98,-6.93,,,-4.54,319300,,,,,,,23.89714,-11.08893,-0.32,-0.19,0.0,2026-09-15T00:00:00,1994-02-25T00:00:00,2/25/1994,762134400,2025-12-19T00:00:00
220,NML,-0.09449999999999999,7.15711,7.90376,0.07008,33.27,6,Morningstar US CEF MLP,76,Neuberger Berman,False,10.64,-0.17,11.75,2026-09-15T00:00:00,64129H104,NB Energy Infra and Income Fund Inc,2026-09-15,XNMLX,Equity-MLP,24.72,602.851,,Monthly,-0.18702,0.07008,20.0,,,,1.07,,884.406,True,True,True,False,False,False,,22.27,25.23,22.52,26.94,31.8,33.32,,,33.45,1718600,,,,,,,9.54514,-10.48845,1.04,0.38,0.85,2026-09-15T00:00:00,2013-03-26T00:00:00,3/26/2013,1364256000,2026-08-17T00:00:00
221,NBXG,-0.129,8.4063,9.65147,0.12,14.76,10,Morningstar US CEF US Equity,76,Neuberger Berman,False,14.92,-0.39,17.13,2026-09-15T00:00:00,64133Q108,Neuberger Brmn Nxt Gnrtn Cnnctvty,2026-09-15,XNBGX,Equity-U.S. Equity,,1175.122,,Monthly,-0.05846,0.12,20.0,,,,1.35,,1349.184,False,True,True,False,False,False,,19.45,23.56,5.0,4.52,10.56,11.98,,,12.6,2043480,,,,,,,14.78996,-12.98839,0.07,0.23,0.5700000000000001,2026-09-15T00:00:00,2021-05-25T00:00:00,5/25/2021,1621900800,2026-09-15T00:00:00
222,NHS,-0.10869999999999999,17.10236,19.18728,0.0905,2.95,14,Morningstar US CEF High Yield,76,Neuberger Berman,False,5.66,-0.13,6.35,2026-09-15T00:00:00,64128C106,Neuberger High Yield Strategies,2026-09-15,XNHSX,Fixed Income - Taxable-High Yield,33.56,236.904,,Monthly,0.18333,0.0905,15.0,7.1575,,,3.39,,400.065,True,False,False,False,False,False,,8.54,5.99,1.6600000000000001,-0.23,0.86,-10.44,,,-7.11,2063100,,,99.371,,5.04,3.38,6.82969,-3.19352,-1.7000000000000002,-2.84,-2.47,2026-09-15T00:00:00,2003-07-28T00:00:00,7/28/2003,1059350400,2026-08-17T00:00:00
223,NBH,-0.0888,6.2086,6.81384,0.054169999999999996,6.69,21,Morningstar US CEF Municipal,76,Neuberger Berman,False,9.54,-0.16,10.47,2026-09-15T00:00:00,64124P101,Neuberger Municipal Fund,2026-09-15,XNBHX,Fixed Income - Municipal-Municipal,42.36,282.556,,Monthly,0.13171,0.054169999999999996,15.0,4.9704,,,3.87,,538.001,True,False,False,False,False,False,,2.7199999999999998,6.6,-1.96,-4.64,0.02,3.93,,,8.72,926640,15.43,,98.9472,,13.96,8.22,10.29272,-8.59098,-0.25,-2.17,-0.71,2026-09-15T00:00:00,2002-09-27T00:00:00,9/27/2002,1033084800,2026-07-31T00:00:00
224,NRO,-0.1082,12.27541,13.764710000000001,0.0312,4.77,7,Morningstar US CEF Real Estate,76,Neuberger Berman,False,2.72,-0.05,3.05,2026-09-15T00:00:00,64190A103,Neuberger Real Estate Securities Income,2026-09-15,XNROX,Equity-Real Estate,26.59,172.344,,Monthly,0.06094,0.0312,15.0,,,,3.12,,263.254,True,False,False,False,False,False,,9.78,10.9,0.43,-0.81,7.22,2.94,,,-0.38,2394510,,,,,,,3.02244,-7.29721,-1.79,-1.94,-2.37,2026-09-15T00:00:00,2003-10-31T00:00:00,10/31/2003,1067558400,2026-08-17T00:00:00
225,GF,-0.1105,2.53916,2.85449,0.154,2.43,9,Morningstar US CEF Single Country Equity,40,DWS,False,10.79,-0.46,12.13,2026-09-15T00:00:00,644465106,New Germany,2026-09-15,XGFNX,Equity-Single-Country Equity,8.55,175.96,,Semi-Annually,0.10538,0.154,20.0,,,,1.31,,216.317,True,False,False,False,False,False,,7.96,11.35,-4.65,-3.6,2.91,3.17,,,2.12,254340,,,,,,,11.45083,-9.88089,-0.98,-1.99,-1.62,2026-09-15T00:00:00,1990-01-30T00:00:00,1/30/1990,633657600,2026-05-26T00:00:00
226,NVG,-0.015700000000000002,8.27225,8.40426,0.079,7.12,21,Morningstar US CEF Municipal,81,"Nuveen Fund Advisors, LLC.",False,11.28,-0.28,11.46,2026-09-15T00:00:00,67071L106,Nuveen AMT-Free Muni Credit Inc,2026-09-15,XNVGX,Fixed Income - Municipal-Municipal,43.89,2445.389,-0.02,Monthly,0.29602,0.079,15.0,4.8262,,18.73,3.64,,4427.816,True,False,False,False,False,False,,3.81,10.39,-1.75,-1.82,-0.64,0.89,,,10.45,5566930,23.2,3.01,91.9675,,15.21,9.41,12.57352,-0.6247100000000001,-0.52,-3.18,-1.8,2026-09-15T00:00:00,2002-03-25T00:00:00,3/25/2002,1017014400,2026-09-15T00:00:00
227,NUW,-0.0787,4.05575,4.40242,0.048499999999999995,4.95,21,Morningstar US CEF Municipal,81,"Nuveen Fund Advisors, LLC.",False,13.22,-0.16,14.35,2026-09-15T00:00:00,670695105,Nuveen AMT-Free Municipal Value Fund,2026-09-15,XNUWX,Fixed Income - Municipal-Municipal,7.51,237.317,-0.073,Monthly,0.30096,0.048499999999999995,15.0,5.412,,19.3,0.75,,278.527,True,False,False,False,False,False,,3.2,4.96,0.0,-0.31,0.23,0.31,,,6.13,394610,9.3,0.09000000000000001,97.0156,,9.22,8.55,14.21727,-5.13128,-3.01,-3.23,-2.47,2026-09-15T00:00:00,2009-02-25T00:00:00,2/25/2009,1235520000,2026-09-15T00:00:00
228,NEA,-0.0019,7.7346,7.74929,0.06799999999999999,6.14,21,Morningstar US CEF Municipal,81,"Nuveen Fund Advisors, LLC.",False,10.53,-0.2,10.55,2026-09-15T00:00:00,670657105,Nuveen AMT-Free Quality Muni Inc,2026-09-15,XNEAX,Fixed Income - Municipal-Municipal,42.71,3197.871,0.018000000000000002,Monthly,0.25491,0.06799999999999999,15.0,5.0705,,18.96,3.5300000000000002,,5592.099,True,False,True,False,False,False,,2.92,9.75,-1.9300000000000002,-0.97,-0.56,1.4100000000000001,,,9.78,8585470,21.6,4.02,95.7853,,11.78,8.06,11.48199,-0.549,0.27,-1.63,-0.25,2026-09-15T00:00:00,2002-11-21T00:00:00,11/21/2002,1037836800,2026-09-15T00:00:00
229,NAZ,0.10279999999999999,6.95327,6.30508,0.062,7.47,24,Morningstar US CEF Municipal-Single State,81,"Nuveen Fund Advisors, LLC.",False,11.8,-0.03,10.7,2026-09-15T00:00:00,67061W104,Nuveen AZ Quality Muni Inc,2026-09-15,XNAZX,Fixed Income - Municipal-Municipal - Single-State,40.59,153.804,0.031,Monthly,0.20512,0.062,15.0,4.7745,,17.42,3.55,,234.766,True,False,True,False,False,False,,3.31,12.91,-1.22,0.13,0.13,8.16,,,10.79,219880,21.2,0.81,98.4756,,13.1,8.34,12.23939,5.56307,1.27,1.67,0.7000000000000001,2026-09-15T00:00:00,1992-11-19T00:00:00,11/19/1992,722131200,2026-09-15T00:00:00
230,NKX,0.0179,7.74888,7.61233,0.072,8.21,22,Morningstar US CEF Municipal-CA,81,"Nuveen Fund Advisors, LLC.",False,11.35,-0.22,11.15,2026-09-15T00:00:00,670651108,Nuveen CA AMT - Free Quality Muni Inc,2026-09-15,XNCMX,Fixed Income - Municipal-Municipal - CA,40.94,632.395,-0.014,Monthly,0.25181,0.072,15.0,4.782,,18.3,3.77,,1051.837,True,False,False,False,False,False,,3.42,10.09,-1.81,-0.49,0.58,1.77,,,9.81,1362680,22.9,0.6000000000000001,96.8209,,13.74,8.29,12.51325,4.04108,-1.51,-2.45,-1.12,2026-09-15T00:00:00,2002-11-22T00:00:00,11/22/2002,1037923200,2026-09-15T00:00:00
231,NCA,-0.028300000000000002,4.07701,4.1958,0.03,6.04,22,Morningstar US CEF Municipal-CA,81,"Nuveen Fund Advisors, LLC.",False,8.58,-0.23,8.83,2026-09-15T00:00:00,67062C107,Nuveen CA Municipal Value,2026-09-15,XNCAX,Fixed Income - Municipal-Municipal - CA,0.0,286.179,-0.012,Monthly,0.17651,0.03,10.0,4.7261,,18.79,0.54,,294.517,True,False,False,False,False,False,,3.5,4.98,-0.08,0.52,0.84,3.77,,,10.44,686680,23.2,1.35,97.5019,,,8.27,9.17509,0.027000000000000003,-1.25,-3.06,-2.46,2026-09-15T00:00:00,1987-10-07T00:00:00,10/7/1987,560563200,2026-09-15T00:00:00
232,NAC,0.0037,7.80899,7.77985,0.06949999999999999,8.74,22,Morningstar US CEF Municipal-CA,81,"Nuveen Fund Advisors, LLC.",False,10.72,-0.17,10.68,2026-09-15T00:00:00,67066Y105,Nuveen CA Quality Muni Income,2026-09-15,XNACX,Fixed Income - Municipal-Municipal - CA,40.44,1788.078,-0.005,Monthly,0.24164,0.06949999999999999,15.0,4.7834,,19.2,3.79,,2990.796,True,False,False,False,False,False,,3.37,11.33,-1.9300000000000002,-0.38,0.41000000000000003,3.67,,,11.8,5251240,23.1,1.08,97.0662,,13.55,8.55,11.81046,1.8799700000000001,-0.9400000000000001,-3.27,-2.2,2026-09-15T00:00:00,1999-05-26T00:00:00,5/26/1999,927676800,2026-09-15T00:00:00
233,JCE,-0.059000000000000004,8.25397,8.77108,0.364,21.58,10,Morningstar US CEF US Equity,81,"Nuveen Fund Advisors, LLC.",True,16.6,-0.41000000000000003,17.64,2026-09-15T00:00:00,67090X107,Nuveen Core Equity Alpha,2026-09-15,XJCEX,Equity-U.S. Equity,1.35,282.244,0.0,Quarterly,0.0054600000000000004,0.364,20.0,,,,0.9900000000000001,,299.927,True,True,True,False,True,False,,20.8,19.78,12.51,11.7,12.3,12.01,,,18.2,393650,,,,,,,16.00934,-6.48609,0.6900000000000001,1.1,1.33,2026-09-15T00:00:00,2007-03-27T00:00:00,3/27/2007,1174953600,2026-09-15T00:00:00
234,NPCT,-0.0616,10.49853,11.1875,0.0895,2.68,15,Morningstar US CEF Investment Grade,81,"Nuveen Fund Advisors, LLC.",True,9.6,-0.07,10.23,2026-09-15T00:00:00,67080D103,Nuveen Core Plus Impact Fund,2026-09-15,XNPCX,Fixed Income - Taxable-Investment Grade,38.13,276.048,,Monthly,0.18066000000000002,0.0895,20.0,4.3404,,29.1,4.43,,475.484,True,False,True,False,True,False,,7.92,11.93,-3.26,-3.13,0.45,2.49,,,-0.52,1231540,19.7,0.0,88.6715,,7.48,5.44,10.25614,-6.82594,0.43,1.9300000000000002,0.35000000000000003,2026-09-15T00:00:00,2021-04-27T00:00:00,4/27/2021,1619481600,2026-09-15T00:00:00
235,JQC,-0.121,11.22873,12.77419,0.049499999999999995,5.84,19,Morningstar US CEF Senior Loans,81,"Nuveen Fund Advisors, LLC.",True,4.65,-0.05,5.29,2026-09-15T00:00:00,67073D102,Nuveen Credit Strategies Income Fund,2026-09-15,XJQCX,Fixed Income - Taxable-Senior Loans,38.7,687.348,-0.082,Monthly,0.23976,0.049499999999999995,15.0,,,5.0,5.09,,1275.55,True,False,False,False,True,False,,8.48,10.38,4.93,4.93,3.49,3.24,,,-1.9300000000000002,7741380,84.5,0.0,,,,,4.93452,-9.7478,-1.44,-2.85,-1.97,2026-09-15T00:00:00,2003-06-25T00:00:00,6/25/2003,1056499200,2026-09-15T00:00:00
236,NDMO,-0.058899999999999994,7.25957,7.71429,0.058499999999999996,5.39,21,Morningstar US CEF Municipal,81,"Nuveen Fund Advisors, LLC.",True,9.1,-0.25,9.67,2026-09-15T00:00:00,67079X102,Nuveen Dynamic Municipal Opportunities,2026-09-15,XNDMX,Fixed Income - Municipal-Municipal,33.01,550.977,,Monthly,0.23738,0.058499999999999996,15.0,5.5876,,18.04,2.83,,874.034,True,False,False,False,True,False,,5.05,5.51,-2.48,-2.95,0.38,3.37,,,6.92,1428820,19.8,0.37000000000000005,96.271,,10.6,7.78,10.297930000000001,-0.9456000000000001,-4.11,-3.8200000000000003,-4.85,2026-09-15T00:00:00,2020-08-26T00:00:00,8/26/2020,1598400000,2026-09-15T00:00:00
237,JFR,-0.0993,11.33172,12.58065,0.078,6.29,19,Morningstar US CEF Senior Loans,81,"Nuveen Fund Advisors, LLC.",True,7.44,-0.09,8.26,2026-09-15T00:00:00,67072T108,Nuveen Floating Rate Income,2026-09-15,XJFRX,Fixed Income - Taxable-Senior Loans,37.63,1197.598,0.015000000000000001,Monthly,0.37027,0.078,15.0,,,4.8100000000000005,4.78,,2131.791,True,False,False,False,True,False,,8.94,11.25,6.02,5.99,4.11,6.76,,,3.22,7475180,88.3,0.0,,,,,7.72069,-9.11282,-0.55,-2.52,-0.31,2026-09-15T00:00:00,2004-03-25T00:00:00,3/25/2004,1080172800,2026-09-15T00:00:00
238,JGH,-0.107,9.28945,10.40201,0.1035,6.84,13,Morningstar US CEF Global Income,81,"Nuveen Fund Advisors, LLC.",True,11.94,-0.25,13.37,2026-09-15T00:00:00,67075G103,Nuveen Global High Income Fund,2026-09-15,XJGHX,Fixed Income - Taxable-Global Income,29.52,335.822,-0.026000000000000002,Monthly,0.52601,0.1035,20.0,7.7831,,6.15,3.37,,533.542,True,False,False,False,True,False,,11.78,12.92,4.88,4.86,4.92,5.13,,,0.78,992920,36.3,0.0,98.8169,,,,12.69707,-7.61223,-2.12,-3.2,-3.17,2026-09-15T00:00:00,2014-11-24T00:00:00,11/24/2014,1416787200,2026-09-15T00:00:00
239,NMT,0.0753,7.00096,6.51045,0.0605,7.49,24,Morningstar US CEF Municipal-Single State,81,"Nuveen Fund Advisors, LLC.",False,11.1513,-0.09,10.37,2026-09-15T00:00:00,67061E104,Nuveen MA Quality Muni Inc,2026-09-15,XNMTX,Fixed Income - Municipal-Municipal - Single-State,40.26,118.068,0.026000000000000002,Monthly,0.20713,0.0605,15.0,4.8771,,20.13,3.45,,183.795,True,False,False,False,False,False,,2.8200000000000003,14.51,-1.97,1.35,0.59,15.95,,,18.61,207890,21.9,1.73,99.8748,,7.76,8.93,12.09476,8.3189,-0.13,-3.71,-2.45,2026-09-15T00:00:00,1993-03-18T00:00:00,3/18/1993,732412800,2026-09-15T00:00:00
240,NMS,-0.0346,7.06542,7.31849,0.063,5.46,24,Morningstar US CEF Municipal-Single State,81,"Nuveen Fund Advisors, LLC.",False,10.33,-0.22,10.7,2026-09-15T00:00:00,670734102,Nuveen MN Quality Muni Inc,2026-09-15,XMNSX,Fixed Income - Municipal-Municipal - Single-State,42.05,66.245,-0.014,Monthly,0.0,0.063,15.0,4.6902,,16.95,3.66,,118.418,True,False,False,False,False,False,,3.16,7.49,-1.3,-2.32,-1.53,-3.05,,,2.27,175630,43.0,0.0,98.2627,,12.68,7.55,11.90337,0.7678100000000001,-1.8399999999999999,-1.23,-1.9300000000000002,2026-09-15T00:00:00,1993-06-25T00:00:00,6/25/1993,740966400,2026-09-15T00:00:00
241,JLS,-0.11449999999999999,9.946,11.23171,0.1535,5.41,14,Morningstar US CEF High Yield,81,"Nuveen Fund Advisors, LLC.",True,16.4,-0.2,18.52,2026-09-15T00:00:00,670735109,Nuveen Mortgage and Income Fund,2026-09-15,XJLSX,Fixed Income - Taxable-High Yield,23.21,89.817,0.009000000000000001,Monthly,0.68728,0.1535,25.0,7.5578,,17.85,3.07,,132.084,True,False,False,False,True,False,,9.45,11.96,4.34,4.63,2.98,-0.7000000000000001,,,-0.73,197060,0.0,0.0,96.9542,,,,18.12221,-5.16854,-2.86,-2.5700000000000003,-2.09,2026-09-15T00:00:00,2009-11-25T00:00:00,11/25/2009,1259107200,2026-09-15T00:00:00
242,NMAI,-0.0388,9.48229,9.86534,0.11599999999999999,19.32,25,Morningstar US CEF Global Allocation,81,"Nuveen Fund Advisors, LLC.",True,14.11,-0.3,14.68,2026-09-15T00:00:00,670750108,Nuveen Multi-Asset Income,2026-09-15,XNMAX,Hybrid-Global Allocation,29.95,471.636,,Monthly,0.13858,0.11599999999999999,20.0,6.1033,,,3.38,,700.452,True,True,True,False,True,False,,15.15,21.22,,,12.19,20.55,,,29.08,1080240,28.2,0.0,96.8324,,,,13.50395,-7.66763,2.3,1.12,1.65,2026-09-15T00:00:00,2021-11-22T00:00:00,11/22/2021,1637539200,2026-09-15T00:00:00
243,JMM,-0.1074,5.57692,6.24776,0.028999999999999998,1.92,15,Morningstar US CEF Investment Grade,81,"Nuveen Fund Advisors, LLC.",True,5.57,-0.02,6.24,2026-09-15T00:00:00,67075J107,Nuveen Multi-Market Income Fund,2026-09-15,XJMMX,Fixed Income - Taxable-Investment Grade,30.22,52.705,-0.001,Monthly,0.14258,0.028999999999999998,12.0,5.5021,,4.39,3.34,,84.617,True,False,False,False,True,False,,5.72,5.88,1.11,0.73,-0.29,0.56,,,-2.71,91560,26.7,0.0,96.6946,,,,5.9834,-8.62437,-1.16,-1.92,-0.9400000000000001,2026-09-15T00:00:00,1988-12-30T00:00:00,12/30/1988,599443200,2026-09-15T00:00:00
244,NZF,-0.0259,8.23834,8.45745,0.0795,7.75,21,Morningstar US CEF Municipal,81,"Nuveen Fund Advisors, LLC.",False,11.28,-0.22,11.58,2026-09-15T00:00:00,67070X101,Nuveen Municipal Credit Income,2026-09-15,XNZFX,Fixed Income - Municipal-Municipal,42.07,2222.751,-0.015000000000000001,Monthly,0.31359,0.0795,15.0,5.2593,,19.97,3.61,,3939.067,True,False,False,False,False,False,,3.8200000000000003,10.0,-1.3,-0.91,0.79,1.85,,,9.78,5424460,25.0,2.59,93.9709,,12.28,8.31,12.50218,-0.67183,-1.57,-3.3,-2.83,2026-09-15T00:00:00,2001-09-25T00:00:00,9/25/2001,1001376000,2026-09-15T00:00:00
245,NMCO,-0.0365,8.32827,8.64353,0.06849999999999999,7.66,21,Morningstar US CEF Municipal,81,"Nuveen Fund Advisors, LLC.",False,9.51,-0.15,9.87,2026-09-15T00:00:00,670663103,Nuveen Municipal Credit Opps Fund,2026-09-15,XNMCX,Fixed Income - Municipal-Municipal,43.69,542.539,-0.035,Monthly,0.35941,0.06849999999999999,15.0,5.8652,,22.21,4.5,,1000.047,True,False,False,False,False,False,,3.61,3.16,-2.21,-2.95,1.6400000000000001,0.56,,,2.04,1841150,30.9,0.27,86.9685,,16.1,9.8,10.63303,-0.42755000000000004,-2.09,-1.83,-2.67,2026-09-15T00:00:00,2019-09-16T00:00:00,9/16/2019,1568592000,2026-09-15T00:00:00
246,NMZ,-0.0273,8.2563,8.48812,0.0655,7.83,21,Morningstar US CEF Municipal,81,"Nuveen Fund Advisors, LLC.",False,9.26,-0.2,9.52,2026-09-15T00:00:00,670682103,Nuveen Municipal High Income Opp Fd,2026-09-15,XNMZX,Fixed Income - Municipal-Municipal,41.44,2002.381,0.044000000000000004,Monthly,0.15638,0.0655,15.0,5.7108,,21.33,3.5,,3515.46,True,False,False,False,False,False,,4.76,6.85,-1.62,-2.15,0.85,3.23,,,6.46,5125500,21.9,1.38,91.2079,,10.81,8.88,10.36851,-0.13221000000000002,-2.62,-3.7199999999999998,-2.59,2026-09-15T00:00:00,2003-11-19T00:00:00,11/19/2003,1069200000,2026-09-15T00:00:00
247,NMI,0.0358,4.80506,4.63886,0.038,6.25,21,Morningstar US CEF Municipal,81,"Nuveen Fund Advisors, LLC.",False,9.83,-0.12,9.49,2026-09-15T00:00:00,67062J102,Nuveen Municipal Income,2026-09-15,XNMIX,Fixed Income - Municipal-Municipal,2.99,119.928,-0.019,Monthly,0.21289,0.038,12.0,5.4726,,21.72,0.75,,115.78,True,False,False,False,False,False,,4.66,9.12,0.79,1.6,1.87,8.45,,,13.33,262190,16.7,0.66,98.5853,,,8.7,10.29479,4.29206,-0.18,-2.58,-1.18,2026-09-15T00:00:00,1988-04-20T00:00:00,4/20/1988,577497600,2026-09-15T00:00:00
248,NUV,-0.0229,4.47248,4.57746,0.0325,4.95,21,Morningstar US CEF Municipal,81,"Nuveen Fund Advisors, LLC.",False,8.52,-0.11,8.72,2026-09-15T00:00:00,670928100,Nuveen Municipal Value,2026-09-15,XNUVX,Fixed Income - Municipal-Municipal,6.15,1799.164,-0.018000000000000002,Monthly,0.19290000000000002,0.0325,10.0,5.2552,,18.27,0.66,,1841.398,True,False,False,False,False,False,,3.32,6.47,0.08,-1.35,0.53,2.21,,,8.24,4894440,11.1,0.8,96.1513,,,8.24,9.07946,-0.40434000000000003,-1.98,-3.5,-3.74,2026-09-15T00:00:00,1987-06-17T00:00:00,6/17/1987,550886400,2026-09-15T00:00:00
249,QQQX,-0.0409,9.5782,9.98647,0.738,18.68,3,Morningstar US CEF Covered Call,81,"Nuveen Fund Advisors, LLC.",True,29.56,-0.84,30.82,2026-09-15T00:00:00,670699107,Nuveen NASDAQ 100 Dynamic Overwrite,2026-09-15,XQQQX,Equity-Covered-Call Funds,,1443.32,0.0,Quarterly,-0.02811,0.738,20.0,,,,0.89,,1504.841,False,True,True,False,True,False,,17.61,18.64,9.22,8.66,7.84,13.37,,,25.11,1034110,,,,,,,28.83393,-7.07878,1.32,0.41000000000000003,0.8200000000000001,2026-09-15T00:00:00,2007-01-30T00:00:00,1/30/2007,1170115200,2026-09-15T00:00:00
250,NRK,-0.0051,8.06154,8.10309,0.0655,7.74,23,Morningstar US CEF Municipal-NY,81,"Nuveen Fund Advisors, LLC.",False,9.7,-0.27,9.75,2026-09-15T00:00:00,670656107,Nuveen NY AMT - Free Quality Muni Inc,2026-09-15,XNRKX,Fixed Income - Municipal-Municipal - NY,44.33,846.182,0.004,Monthly,0.2495,0.0655,15.0,4.6883,,19.76,3.69,,1527.824,True,False,True,False,False,False,,2.47,8.41,-2.22,-0.38,-0.28,7.3,,,17.0,3194520,23.3,0.11000000000000001,94.7019,,16.09,9.38,10.30582,-4.40279,1.47,0.98,1.31,2026-09-15T00:00:00,2002-11-21T00:00:00,11/21/2002,1037836800,2026-09-15T00:00:00
251,NNY,-0.0724,4.19929,4.52685,0.0295,5.67,23,Morningstar US CEF Municipal-NY,81,"Nuveen Fund Advisors, LLC.",False,7.82,-0.11,8.43,2026-09-15T00:00:00,67062M105,Nuveen NY Municipal Value,2026-09-15,XNNYX,Fixed Income - Municipal-Municipal - NY,0.0,147.689,-0.037,Monthly,0.17478,0.0295,10.0,4.7875,,19.89,0.5700000000000001,,159.209,True,False,False,False,False,False,,3.22,3.43,0.26,-0.67,0.73,-2.05,,,5.15,364190,28.8,0.0,96.2731,,,9.0,8.47301,-3.9714,-2.29,-1.57,-2.26,2026-09-15T00:00:00,1987-10-07T00:00:00,10/7/1987,560563200,2026-09-15T00:00:00
252,NAN,-0.0231,7.86885,8.05528,0.06799999999999999,7.49,23,Morningstar US CEF Municipal-NY,81,"Nuveen Fund Advisors, LLC.",False,10.13,-0.27,10.37,2026-09-15T00:00:00,67066X107,Nuveen NY Quality Muni Inc,2026-09-15,XNANX,Fixed Income - Municipal-Municipal - NY,41.5,337.132,0.013000000000000001,Monthly,0.25368,0.06799999999999999,15.0,4.9942,,20.82,3.77,,589.959,True,False,False,False,False,False,,2.86,8.98,-1.83,-0.77,0.13,1.6600000000000001,,,7.01,741180,27.2,0.01,97.6695,,13.6,8.79,11.39098,0.6641600000000001,-2.8200000000000003,-3.27,-3.56,2026-09-15T00:00:00,1999-05-26T00:00:00,5/26/1999,927676800,2026-09-15T00:00:00
253,JPC,-0.0729,9.94695,10.72961,0.0625,5.76,18,Morningstar US CEF Preferreds,81,"Nuveen Fund Advisors, LLC.",False,6.99,-0.08,7.54,2026-09-15T00:00:00,67073B106,Nuveen Pref & Income Opps Fund,2026-09-15,XJPCX,Fixed Income - Taxable-Preferreds,38.41,2627.405,-0.042,Monthly,0.24068,0.0625,15.0,7.7023,,,4.67,,4601.992,True,False,False,False,False,False,,11.13,14.33,3.43,2.5700000000000003,1.51,-3.59,,,-0.05,10322970,7.5,0.0,103.4105,,5.32,3.89,7.94379,-0.26521,-4.35,-2.62,-3.33,2026-09-15T00:00:00,2003-03-26T00:00:00,3/26/2003,1048636800,2026-09-15T00:00:00
254,NAD,-0.023700000000000002,7.69791,7.88444,0.0705,6.82,21,Morningstar US CEF Municipal,81,"Nuveen Fund Advisors, LLC.",False,10.73,-0.21,10.99,2026-09-15T00:00:00,67066V101,Nuveen Quality Muni Income Fund,2026-09-15,XNADX,Fixed Income - Municipal-Municipal,43.57,2511.725,0.023,Monthly,0.27975,0.0705,15.0,5.1645,,19.94,3.74,,4559.167,True,False,False,False,False,False,,3.14,9.84,-1.57,-0.55,-0.04,2.4,,,11.22,6798450,24.1,1.23,95.3843,,11.96,8.09,11.86571,-0.9380400000000001,-1.07,-3.08,-1.4,2026-09-15T00:00:00,1999-05-26T00:00:00,5/26/1999,927676800,2026-09-15T00:00:00
255,JRI,-0.0726,12.78532,13.78657,0.1335,7.37,25,Morningstar US CEF Global Allocation,81,"Nuveen Fund Advisors, LLC.",True,11.62,-0.34,12.53,2026-09-15T00:00:00,67074Y105,Nuveen Real Asset Inc and Grwt,2026-09-15,XJRIX,Hybrid-Global Allocation,33.1,420.624,0.0,Monthly,0.29419,0.1335,20.0,6.5074000000000005,,,3.9,,678.009,True,False,False,False,True,False,,11.49,15.8,4.12,5.04,5.45,-2.86,,,1.13,1464040,26.4,0.0,99.9859,,,,13.11921,-2.8235900000000003,-1.13,-1.9300000000000002,-1.45,2026-09-15T00:00:00,2012-04-25T00:00:00,4/25/2012,1335312000,2026-09-15T00:00:00
256,JRS,-0.09519999999999999,8.82695,9.7561,0.19,13.3,7,Morningstar US CEF Real Estate,81,"Nuveen Fund Advisors, LLC.",True,7.79,-0.23,8.61,2026-09-15T00:00:00,67071B108,Nuveen Real Estate Income,2026-09-15,XJRSX,Equity-Real Estate,29.16,225.072,0.0,Quarterly,0.09926,0.19,15.0,,,,3.4,,351.164,True,False,False,False,True,False,,10.97,13.64,1.7000000000000002,1.98,15.66,13.17,,,11.46,748570,0.0,,,,6.49,,8.05695,-8.36499,-0.77,-0.49,-0.08,2026-09-15T00:00:00,2001-11-15T00:00:00,11/15/2001,1005782400,2026-09-15T00:00:00
257,SPXX,-0.091,8.29316,9.12338,0.4215,21.15,3,Morningstar US CEF Covered Call,81,"Nuveen Fund Advisors, LLC.",True,18.48,-0.54,20.33,2026-09-15T00:00:00,6706EW100,Nuveen S&P 500 Dynamic Overwrite,2026-09-15,XSSPX,Equity-Covered-Call Funds,,2546.821,0.0,Quarterly,0.02205,0.4215,20.0,,,,0.9700000000000001,,2801.778,False,True,True,False,True,False,,16.58,16.28,10.26,8.97,12.59,11.39,,,15.25,1500790,,,,,,,17.88502,-9.25757,0.09,0.33,1.04,2026-09-15T00:00:00,2005-11-22T00:00:00,11/22/2005,1132617600,2026-09-15T00:00:00
258,NIM,-0.06269999999999999,3.63636,3.8796,0.028999999999999998,3.24,21,Morningstar US CEF Municipal,81,"Nuveen Fund Advisors, LLC.",False,8.97,0.01,9.57,2026-09-15T00:00:00,67061T101,Nuveen Select Maturity Muni,2026-09-15,XNIMX,Fixed Income - Municipal-Municipal,0.41000000000000003,111.646,-0.007,Monthly,0.16949,0.028999999999999998,12.0,4.4675,,8.49,0.5800000000000001,,119.114,True,False,False,False,False,False,,3.37,6.06,0.98,0.42,0.31,2.93,,,6.15,190000,18.0,1.32,97.8224,,,5.21,9.37277,-5.68217,-0.44,-1.09,-0.65,2026-09-15T00:00:00,1992-09-18T00:00:00,9/18/1992,716774400,2026-09-15T00:00:00
259,NXP,-0.0175,4.68613,4.76969,0.0535,5.11,21,Morningstar US CEF Municipal,81,"Nuveen Fund Advisors, LLC.",False,13.46,-0.2,13.7,2026-09-15T00:00:00,67062F100,Nuveen Select Tax Free Inc,2026-09-15,XNXPX,Fixed Income - Municipal-Municipal,3.73,852.21,0.014,Monthly,0.28791,0.0535,15.0,5.046,,17.18,0.35000000000000003,,867.406,True,False,False,False,False,False,,3.9699999999999998,4.6,0.84,0.14,0.9500000000000001,3.92,,,6.08,1452050,14.4,1.31,93.9607,,9.19,8.13,14.29079,-0.06807,-1.74,-2.92,-2.36,2026-09-15T00:00:00,1992-03-19T00:00:00,3/19/1992,700963200,2026-09-15T00:00:00
260,NBB,-0.041100000000000005,7.56368,7.88828,0.0965,4.51,20,Morningstar US CEF Taxable Muni,81,"Nuveen Fund Advisors, LLC.",False,14.68,-0.38,15.31,2026-09-15T00:00:00,67074C103,Nuveen Taxable Municipal Income,2026-09-15,XNBBX,Fixed Income - Taxable-Taxable Muni,38.87,431.515,-0.051000000000000004,Monthly,0.47616,0.0965,20.0,6.8179,,16.71,3.24,,736.249,True,False,False,False,False,False,,5.59,8.56,-0.89,-1.13,0.41000000000000003,2.29,,,3.77,572550,5.6,0.0,100.5308,,,7.42,15.82902,-2.69512,-1.48,-1.74,-1.54,2026-09-15T00:00:00,2010-04-27T00:00:00,4/27/2010,1272326400,2026-09-15T00:00:00
261,NPV,-0.071,7.08253,7.62397,0.0615,6.26,24,Morningstar US CEF Municipal-Single State,81,"Nuveen Fund Advisors, LLC.",False,9.68,-0.21,10.42,2026-09-15T00:00:00,67064R102,Nuveen VA Quality Muni Inc,2026-09-15,XNPVX,Fixed Income - Municipal-Municipal - Single-State,41.84,189.726,0.026000000000000002,Monthly,0.2321,0.0615,15.0,4.869,,18.2,3.54,,351.18,True,False,False,False,False,False,,3.06,6.61,-1.69,-4.66,-0.71,-1.08,,,-1.2,536520,32.6,1.55,95.5169,,12.56,8.16,11.27621,-1.26899,-3.22,-2.5300000000000002,-3.1,2026-09-15T00:00:00,1993-03-18T00:00:00,3/18/1993,732412800,2026-09-15T00:00:00
262,NPFD,-0.0675,9.90506,10.62217,0.1565,5.93,18,Morningstar US CEF Preferreds,81,"Nuveen Fund Advisors, LLC.",False,17.68,-0.37,18.96,2026-09-15T00:00:00,67080R102,Nuveen Variable Rate Pref & Inc Fund,2026-09-15,XNPFX,Fixed Income - Taxable-Preferreds,37.42,427.222,,Monthly,0.5723900000000001,0.1565,25.0,7.4788,,,4.79,,732.058,True,False,False,False,False,False,,10.78,16.0,,,1.69,5.5600000000000005,,,5.77,658570,7.4,0.0,102.0238,,5.59,3.5300000000000002,19.12605,-4.00522,-2.15,-1.96,-2.04,2026-09-15T00:00:00,2021-12-15T00:00:00,12/15/2021,1639526400,2026-09-15T00:00:00
263,SRV,0.024900000000000002,13.81852,13.48315,0.5,23.29,6,Morningstar US CEF MLP,33,Cushing Asset Management LP,False,44.5,-1.75,43.42,2026-09-15T00:00:00,231631300,NXG Cushing Midstream Energy Fund,2026-09-15,XSRVX,Equity-MLP,29.28,277.43,,Monthly,0.0352,0.5,20.0,,,,4.32,,404.099,True,False,True,False,False,False,,23.56,20.46,19.3,27.04,23.91,24.71,,,23.17,581080,,,,,4.57,,44.5904,-0.9751700000000001,1.07,0.45,1.08,2026-09-15T00:00:00,2007-08-27T00:00:00,8/27/2007,1188172800,2026-09-15T00:00:00
264,NXG,0.0193,13.39535,13.14108,0.6,30.24,8,Morningstar US CEF Sector Equity,33,Cushing Asset Management LP,False,54.79,-1.01,53.75,2026-09-15T00:00:00,231647207,NXG NextGen Infrastructure Inc,2026-09-15,XNXGX,Equity-Sector Equity,33.96,401.729,,Monthly,-0.24598,0.6,25.0,,,,4.16,,614.865,True,True,True,False,False,False,,24.38,33.85,12.25,16.6,25.56,16.9,,,31.07,698600,,,,,1.07,,54.14322,-1.1306,0.81,0.22,0.84,2026-09-15T00:00:00,2012-09-26T00:00:00,9/26/2012,1348617600,2026-09-15T00:00:00
265,MEGI,-0.0992,9.60307,10.66098,0.125,13.71,8,Morningstar US CEF Sector Equity,77,New York Life Investment Management LLC,False,14.07,-0.16,15.62,2026-09-15T00:00:00,56064Q107,NYLIM CBRE Glb Infra Megatrends Term Fd,2026-09-15,XMEGI,Equity-Sector Equity,22.07,732.309,,Monthly,0.39004,0.125,20.0,,,,3.73,,1043.282,True,False,False,False,False,False,,12.5,15.79,,,12.25,13.76,,,11.36,1555220,,,,,,,14.72023,-9.42868,-0.33,-1.7000000000000002,-0.36,2026-09-15T00:00:00,2021-10-27T00:00:00,10/27/2021,1635292800,2026-08-24T00:00:00
266,MMD,-0.09,5.20566,5.72034,0.06749999999999999,6.97,21,Morningstar US CEF Municipal,77,New York Life Investment Management LLC,False,14.16,-0.25,15.56,2026-09-15T00:00:00,56064K100,NYLIM MacKay DefinedTerm Muni Opps Fund,2026-09-15,XMMDX,Fixed Income - Municipal-Municipal,37.34,265.917,0.24000000000000002,Monthly,0.42096,0.06749999999999999,20.0,5.1917,,,2.72,,466.368,True,False,False,False,False,True,,3.26,0.81,-0.78,-3.15,1.23,4.45,,,7.64,630880,,,105.6287,,,5.59,15.13253,-7.31131,-1.43,-2.93,-2.01,2026-09-15T00:00:00,2012-06-27T00:00:00,6/27/2012,1340755200,2026-09-15T00:00:00
267,OCCI,-0.24609999999999999,18.63354,25.1046,0.049999999999999996,-31.86,19,Morningstar US CEF Senior Loans,82,"OFS Capital Management, LLC",True,2.39,-0.32,3.22,2026-08-31T00:00:00,67111Q107,OFS Credit Company Inc,2026-09-15,OCCI,Fixed Income - Taxable-Senior Loans,48.73,70.061,,Monthly,0.33629000000000003,0.049999999999999996,20.0,13.384,,,13.31,,181.248,True,False,False,False,True,False,,-9.34,-13.82,-8.49,-11.54,-24.6,-36.75,,,-43.83,2819230,,,,,,,3.71493,-14.86036,-0.96,-0.23,-0.62,2026-09-15T00:00:00,2018-10-05T00:00:00,10/5/2018,1538697600,2026-09-15T00:00:00
268,OXLC,-0.10869999999999999,22.87893,25.66845,0.19999999999999998,-32.95,19,Morningstar US CEF Senior Loans,83,Oxford Lane Management,False,9.35,-0.36,10.49,2026-08-31T00:00:00,691543847,Oxford Lane Capital Corp,2026-09-15,OXLCX,Fixed Income - Taxable-Senior Loans,43.0,913.024,,Monthly,1.29355,0.19999999999999998,20.0,10.7207,,,9.78,,1797.005,True,False,True,False,False,False,,-3.7199999999999998,-6.22,-1.54,-4.31,-19.2,-17.36,,,-28.11,12006320,,,,,,,11.57923,-15.83719,0.52,0.68,0.28,2026-09-15T00:00:00,2011-01-20T00:00:00,1/20/2011,1295481600,2026-09-16T00:00:00
269,PCM,-0.0634,14.38209,15.35618,0.06423999999999999,5.25,16,Morningstar US CEF Limited Duration,84,"Pacific Investment Management Company, LLC",False,5.02,-0.04,5.36,2026-09-15T00:00:00,69323T101,PCM Fund,2026-09-15,XPCMX,Fixed Income - Taxable-Limited Duration,33.06,62.472,0.037,Monthly,0.3113,0.06423999999999999,15.0,6.1856,,7.21,4.06,,99.648,True,False,False,False,False,False,,8.21,-4.89,2.14,-3.88,1.1400000000000001,-4.62,,,-3.81,534500,,,83.6641,,,,5.9201,2.95273,-2.5300000000000002,-2.67,-3.42,2026-09-15T00:00:00,1993-09-02T00:00:00,9/2/1993,746928000,2026-09-11T00:00:00
270,PDCC,-0.163,14.36464,17.16172,0.13,-25.18,19,Morningstar US CEF Senior Loans,86,Pearl Diver Capital LLP,True,9.09,0.26,10.86,2026-08-31T00:00:00,70476Q100,Pearl Diver Credit Company Inc,2026-09-15,PDCC,Fixed Income - Taxable-Senior Loans,33.78,63.044,,Monthly,0.65799,0.13,20.0,10.3892,,,8.24,,113.739,True,False,False,False,True,False,,,,,,-14.4,-27.62,,,-39.07,58500,,,,,,,12.27718,-5.69373,-1.38,-0.15,-0.84,2026-09-15T00:00:00,2024-07-18T00:00:00,7/18/2024,1721260800,2026-09-16T00:00:00
271,PSUS,-0.2214,,,,,10,Morningstar US CEF US Equity,87,"Pershing Square Capital Management, L.P.",False,38.48,-0.5,49.42,2026-09-08T00:00:00,71531T105,"Pershing Square USA, Ltd",2026-09-15,PSUSX,Equity-U.S. Equity,,,,Annually,,,50.0,,,,0.0,,,False,True,True,False,False,False,,,,,,,,,,,0,,,,,,,,,,-0.6900000000000001,,2026-09-15T00:00:00,2026-04-29T00:00:00,4/29/2026,1777420800,
272,GHY,-0.1042,10.09615,11.27013,0.105,5.73,14,Morningstar US CEF High Yield,88,PGIM,False,11.18,-0.09,12.48,2026-09-15T00:00:00,69346J106,"PGIM Global High Yield Fund, Inc.",2026-09-15,XGHYX,Fixed Income - Taxable-High Yield,16.36,457.945,,Monthly,0.4495,0.105,20.0,6.5398,,,2.5,,611.195,True,False,False,False,False,False,,10.93,12.14,4.19,4.38,2.93,-0.09,,,-3.71,1590540,,,96.1442,,,,12.18261,-6.48186,-1.67,-2.06,-2.26,2026-09-15T00:00:00,2012-12-21T00:00:00,12/21/2012,1356048000,2026-09-10T00:00:00
273,ISD,-0.1005,9.51662,10.57935,0.105,3.81,14,Morningstar US CEF High Yield,88,PGIM,False,11.91,-0.09,13.24,2026-09-15T00:00:00,69346H100,"PGIM High Yield Bond Fund, Inc.",2026-09-15,XISDX,Fixed Income - Taxable-High Yield,20.36,396.554,,Monthly,0.55298,0.105,20.0,6.6848,,,2.15,,440.837,True,False,False,False,False,False,,9.2,10.01,4.14,3.95,2.38,-10.13,,,-7.61,989510,,,97.3498,,,,13.65034,-1.48665,-1.78,-1.87,-1.99,2026-09-15T00:00:00,2012-04-26T00:00:00,4/26/2012,1335398400,2026-09-10T00:00:00
274,SDHY,-0.08990000000000001,7.66864,8.42653,0.108,3.16,14,Morningstar US CEF High Yield,88,PGIM,True,15.38,-0.14,16.9,2026-09-15T00:00:00,69355J104,PGIM Short Duration High Yield Opps,2026-09-15,XSDHX,Fixed Income - Taxable-High Yield,22.15,379.472,,Monthly,0.74624,0.108,20.0,6.4186,,,2.52,,416.975,True,False,False,False,True,False,,7.69,10.0,4.51,4.85,1.8900000000000001,1.98,,,1.7000000000000002,697670,,,98.7564,,,,16.29808,-6.8318,-2.17,-3.02,-1.92,2026-09-15T00:00:00,2020-11-25T00:00:00,11/25/2020,1606262400,2026-09-10T00:00:00
275,PAXS,-0.0688,12.58105,13.51017,0.1494,5.95,17,Morningstar US CEF Multi-Sector,90,PIMCO,True,13.27,-0.1,14.25,2026-09-15T00:00:00,72203T100,PIMCO Access Income,2026-09-15,XPAAX,Fixed Income - Taxable-Multi-Sector,38.89,625.701,,Monthly,0.82542,0.1494,20.0,,,8.61,5.03,,1099.506,True,False,False,False,True,False,,12.3,10.41,,,2.46,-0.59,,,-1.6800000000000002,1907060,,,86.1715,,,,15.01333,0.09964,-2.29,-2.95,-2.93,2026-09-15T00:00:00,2022-01-31T00:00:00,1/31/2022,1643587200,2026-09-11T00:00:00
276,PCQ,-0.1101,4.71101,5.29412,0.036,8.41,22,Morningstar US CEF Municipal-CA,84,"Pacific Investment Management Company, LLC",False,8.16,-0.17,9.17,2026-09-15T00:00:00,72200N106,PIMCO CA Municipal Income,2026-09-15,XPCQX,Fixed Income - Municipal-Municipal - CA,41.82,458.042,0.161,Monthly,0.21287,0.036,15.0,4.7087,,13.26,4.27,,884.758,True,False,True,False,False,False,,2.7,2.11,-3.0,-10.13,-0.8,2.35,,,9.7,1537770,,,95.5316,,14.47,8.47,8.7963,-11.1575,0.17,-0.49,0.04,2026-09-15T00:00:00,2001-06-29T00:00:00,6/29/2001,993772800,2026-09-11T00:00:00
277,PTY,0.009000000000000001,12.79713,12.68327,0.11879999999999999,7.94,15,Morningstar US CEF Investment Grade,90,PIMCO,False,11.24,0.0,11.14,2026-09-15T00:00:00,72201B101,PIMCO Corporate & Income Opportunity Fd,2026-09-15,XPTYX,Fixed Income - Taxable-Investment Grade,24.47,2493.975,0.218,Monthly,0.57584,0.11879999999999999,15.0,,,9.15,1.52,,3272.741,True,False,False,False,False,False,,15.59,5.01,7.93,-0.01,3.2800000000000002,-1.07,,,-6.48,11047680,,,92.7159,,,,12.61272,8.25843,-1.3599999999999999,-2.69,-2.42,2026-09-15T00:00:00,2002-12-27T00:00:00,12/27/2002,1040947200,2026-09-11T00:00:00
278,PCN,0.0054,12.11849,12.05357,0.11249999999999999,6.77,15,Morningstar US CEF Investment Grade,84,"Pacific Investment Management Company, LLC",False,11.2,-0.02,11.14,2026-09-15T00:00:00,72200U100,PIMCO Corporate & Income Strgy,2026-09-15,XPCNX,Fixed Income - Taxable-Investment Grade,22.31,857.721,0.038,Monthly,0.57707,0.11249999999999999,15.0,,,8.68,1.53,,1098.13,True,False,False,False,False,False,,13.62,5.67,6.78,1.79,2.64,-0.61,,,0.65,3297580,,,92.1831,,,,12.30816,5.50748,-1.6600000000000001,-3.42,-2.7800000000000002,2026-09-15T00:00:00,2001-12-21T00:00:00,12/21/2001,1008892800,2026-09-11T00:00:00
279,PDI,-0.0656,17.35082,18.56842,0.2205,7.8,17,Morningstar US CEF Multi-Sector,84,"Pacific Investment Management Company, LLC",False,14.25,-0.18,15.25,2026-09-15T00:00:00,72201Y101,PIMCO Dynamic Income Fund,2026-09-15,XPDIX,Fixed Income - Taxable-Multi-Sector,35.13,6791.785,,Monthly,0.8897,0.2205,25.0,,,8.9,3.79,,11204.324,True,False,False,False,False,False,,13.93,9.74,5.96,2.3,2.94,-4.58,,,-9.66,28660900,,,89.064,,,,17.45057,6.5952,-2.81,-2.45,-2.75,2026-09-15T00:00:00,2012-05-25T00:00:00,5/25/2012,1337904000,2026-09-11T00:00:00
280,PDO,-0.044000000000000004,12.2784,12.84351,0.12789999999999999,7.96,13,Morningstar US CEF Global Income,84,"Pacific Investment Management Company, LLC",True,11.95,-0.07,12.5,2026-09-15T00:00:00,69355M107,PIMCO Dynamic Income Opportunities Fund,2026-09-15,XPDOX,Fixed Income - Taxable-Global Income,36.42,1739.679,,Monthly,0.62591,0.12789999999999999,20.0,,,8.82,4.3,,2862.163,True,False,False,False,True,False,,13.95,12.55,3.34,2.03,3.03,-2.34,,,1.34,6505580,,,89.112,,,,13.44749,3.10558,-3.34,-2.7,-3.05,2026-09-15T00:00:00,2021-01-29T00:00:00,1/29/2021,1611878400,2026-09-11T00:00:00
281,PDX,-0.10679999999999999,6.8381,7.65567,0.1334,11.24,25,Morningstar US CEF Global Allocation,90,PIMCO,True,20.91,-0.22,23.41,2026-09-15T00:00:00,69346N107,PIMCO Dynamic Income Strategy Fund,2026-09-15,XPDX,Hybrid-Global Allocation,22.06,934.822,,Monthly,0.63903,0.1334,20.0,6.1539,,7.48,3.01,,1342.764,True,False,False,False,True,True,,17.5,22.29,21.83,25.18,18.43,22.3,,,10.53,1232170,,,91.6489,,,,21.33198,-9.76185,-0.67,-1.47,-0.89,2026-09-15T00:00:00,2019-01-30T00:00:00,1/30/2019,1548806400,2026-09-11T00:00:00
282,PGP,-0.0564,9.34537,9.90431,0.06899999999999999,20.24,25,Morningstar US CEF Global Allocation,84,"Pacific Investment Management Company, LLC",False,8.36,-0.05,8.86,2026-09-15T00:00:00,722011103,PIMCO Global StocksPLUS & Income,2026-09-15,XPGPX,Hybrid-Global Allocation,50.47,96.907,0.07,Monthly,0.40356000000000003,0.06899999999999999,25.0,,,8.33,2.35,,207.374,True,False,False,False,False,False,,21.49,19.34,7.58,5.79,9.54,2.71,,,13.91,447630,,,92.0495,,,,8.76768,-1.5546000000000002,-1.46,-0.24,-0.84,2026-09-15T00:00:00,2005-05-31T00:00:00,5/31/2005,1117497600,2026-09-11T00:00:00
283,PHK,-0.0183,13.18078,13.42657,0.048,8.51,17,Morningstar US CEF Multi-Sector,84,"Pacific Investment Management Company, LLC",False,4.29,-0.05,4.37,2026-09-15T00:00:00,722014107,PIMCO High Income,2026-09-15,XPHKX,Fixed Income - Taxable-Multi-Sector,20.14,819.728,-0.044000000000000004,Monthly,0.23848,0.048,15.0,,,9.48,1.78,,1045.579,True,False,False,False,False,False,,13.7,10.12,6.5600000000000005,3.8,3.91,0.9500000000000001,,,3.06,7700950,,,92.3547,,,,4.73939,3.60481,-2.79,-2.79,-2.87,2026-09-15T00:00:00,2003-04-30T00:00:00,4/30/2003,1051660800,2026-09-11T00:00:00
284,PFL,-0.0286,13.2898,13.68067,0.0814,5.55,17,Morningstar US CEF Multi-Sector,90,PIMCO,False,7.14,-0.07,7.35,2026-09-15T00:00:00,72201H108,PIMCO Income Strategy,2026-09-15,XPFLX,Fixed Income - Taxable-Multi-Sector,0.89,359.062,0.077,Monthly,0.32637,0.0814,20.0,,,7.52,1.29,,372.96,True,False,False,False,False,False,,12.51,11.91,4.84,0.87,1.97,-1.81,,,1.4,2067210,,,88.49,,,,8.09818,3.96181,-3.06,-3.42,-3.37,2026-09-15T00:00:00,2003-08-26T00:00:00,8/26/2003,1061856000,2026-09-11T00:00:00
285,PFN,-0.029900000000000003,12.8597,13.25538,0.0718,7.5,17,Morningstar US CEF Multi-Sector,84,"Pacific Investment Management Company, LLC",False,6.5,0.0,6.7,2026-09-15T00:00:00,72201J104,PIMCO Income Strategy II,2026-09-15,XPFNX,Fixed Income - Taxable-Multi-Sector,29.0,648.405,0.094,Monthly,0.37475,0.0718,20.0,,,9.57,2.33,,941.354,True,False,False,False,False,False,,13.71,13.58,5.5,1.99,3.0,0.77,,,3.49,4422180,,,91.5197,,,,7.19245,2.35926,-2.64,-2.87,-2.31,2026-09-15T00:00:00,2004-10-29T00:00:00,10/29/2004,1099008000,2026-09-11T00:00:00
286,PML,-0.0747,6.44022,6.96035,0.0395,6.31,21,Morningstar US CEF Municipal,90,PIMCO,False,6.8100000000000005,-0.11,7.36,2026-09-15T00:00:00,72200W106,PIMCO Municipal Income II,2026-09-15,XPMLX,Fixed Income - Municipal-Municipal,44.38,854.436,0.10300000000000001,Monthly,0.20781,0.0395,15.0,5.0244,,13.98,4.19,,1660.328,True,False,False,False,False,False,,2.06,0.3,-3.76,-8.11,-1.01,1.33,,,7.26,4277860,,,97.8724,,14.32,8.36,7.5946,-5.6412700000000005,-1.52,-2.08,-1.67,2026-09-15T00:00:00,2002-06-28T00:00:00,6/28/2002,1025222400,2026-09-11T00:00:00
287,PNI,-0.1054,4.9098500000000005,5.48837,0.0295,7.04,23,Morningstar US CEF Municipal-NY,90,PIMCO,False,6.45,-0.04,7.21,2026-09-15T00:00:00,72200Y102,PIMCO NY Municipal Income II,2026-09-15,XPNIX,Fixed Income - Municipal-Municipal - NY,41.26,154.061,0.065,Monthly,0.16939,0.0295,15.0,4.8444,,13.36,4.31,,293.178,True,False,True,False,False,False,,1.58,2.65,-4.31,-5.9,-0.76,2.22,,,8.54,595460,,,98.1725,,15.54,9.17,6.95043,-10.89594,0.48,-0.21,0.07,2026-09-15T00:00:00,2002-06-28T00:00:00,6/28/2002,1025222400,2026-09-11T00:00:00
288,RCS,0.1061,10.83521,9.79592,0.04,8.78,15,Morningstar US CEF Investment Grade,90,PIMCO,False,4.9,0.0,4.43,2026-09-15T00:00:00,72200X104,PIMCO Strategic Income Fund,2026-09-15,XRCSX,Fixed Income - Taxable-Investment Grade,80.85,232.652,0.019,Monthly,0.2242,0.04,12.5,6.5746,,7.58,2.73,,1098.417,True,False,False,False,False,False,,15.35,8.18,5.0,1.67,3.33,0.75,,,-20.54,1590350,,,98.2536,,,,5.94378,28.61611,-1.1400000000000001,-2.09,-2.21,2026-09-15T00:00:00,1994-02-24T00:00:00,2/24/1994,762048000,2026-09-11T00:00:00
289,PWRL,-0.3309,,,,,8,Morningstar US CEF Sector Equity,91,Powerlaw Fund Adviser LLC,False,10.86,0.58,16.23,2026-08-31T00:00:00,738922103,Powerlaw Corp.,2026-09-15,XPWRX,Equity-Sector Equity,,,,,,,,,,,0.0,,,False,True,True,False,False,False,,,,,,,,,,,0,,,,,,,,,,-1.07,,2026-09-15T00:00:00,2026-05-27T00:00:00,5/27/2026,1779840000,
290,PGZ,-0.1027,11.87559,13.235289999999999,0.105,4.15,7,Morningstar US CEF Real Estate,92,Principal Funds,True,9.52,-0.03,10.61,2026-09-15T00:00:00,74255X104,Principal Real Estate Income Fund,2026-09-15,XPGZX,Equity-Real Estate,31.06,63.728,,Monthly,0.34794,0.105,20.0,3.7804,,,4.79,,103.024,True,False,False,False,True,False,,11.8,14.66,0.03,2.29,3.34,6.95,,,6.1,251290,,,79.7282,,4.67,,10.12558,-10.00596,-0.18,-1.56,-0.3,2026-09-15T00:00:00,2013-06-26T00:00:00,6/26/2013,1372204800,2026-09-16T00:00:00
291,UTG,0.0047,7.03321,7.0,0.21,5.73,8,Morningstar US CEF Sector Equity,93,Reaves Asset Management,True,36.0,-0.63,35.83,2026-09-15T00:00:00,756158101,Reaves Utility Income,2026-09-15,XUTGX,Equity-Sector Equity,22.35,3315.93,,Monthly,0.14102,0.21,20.0,,,,2.09,,4250.271,True,False,True,False,True,False,,20.96,21.12,8.82,8.72,6.96,6.82,,,5.79,2556130,,,,,2.62,,39.44429,-0.44677000000000006,0.75,0.59,0.73,2026-09-15T00:00:00,2004-02-24T00:00:00,2/24/2004,1077580800,2026-08-18T00:00:00
292,RCG,0.0066,,,0.022371,11.15,26,Morningstar US CEF US Allocation,63,Horizon Kinetics Asset Management LLC,False,3.05,0.02,3.03,2026-09-15T00:00:00,759720105,RENN Fund ord,2026-09-15,XXRENNX,Hybrid-U.S. Allocation,11.03,21.398,,Data Not Available,-0.00459,0.022371,10.0,,,,1.56,,21.258,True,True,True,False,False,False,,12.22,18.38,3.73,5.71,9.19,14.44,,,8.52,78350,,,,,0.15,,2.79211,-9.57543,2.47,2.64,1.98,2026-09-15T00:00:00,1994-01-20T00:00:00,1/20/1994,759024000,2024-12-16T00:00:00
293,RSF,-0.0372,11.13126,11.56149,0.1371,7.69,14,Morningstar US CEF High Yield,94,"RiverNorth Capital Management, LLC",False,14.23,-0.24,14.78,2026-09-15T00:00:00,76882B108,RiverNorth Capital and Inc Fund,2026-09-15,XRSFX,Fixed Income - Taxable-High Yield,9.65,49.299,,Monthly,,0.1371,21.42,,,,3.96,,51.204,True,False,True,False,False,False,,8.74,10.51,6.06,5.47,4.77,8.94,,,9.5,163230,,,,,2.96,,14.56795,-4.09352,0.33,-1.67,-1.03,2026-09-15T00:00:00,2016-09-22T00:00:00,9/22/2016,1474502400,2026-09-15T00:00:00
294,RFM,-0.0929,7.1144,7.8427299999999995,0.0881,9.47,21,Morningstar US CEF Municipal,94,"RiverNorth Capital Management, LLC",True,13.48,-0.28,14.86,2026-09-15T00:00:00,76883H104,RiverNorth Flexible Municipal Income,2026-09-15,XRFMX,Fixed Income - Municipal-Municipal,41.45,82.426,,Monthly,0.07615,0.0881,20.0,5.1551,,,4.46,,155.204,True,False,False,False,True,True,,4.97,5.28,-1.08,-1.4,2.96,8.37,,,12.68,198990,,,103.2065,,16.06,16.44,14.39446,-8.6826,-0.45,-2.61,-1.03,2026-09-15T00:00:00,2020-03-26T00:00:00,3/26/2020,1585180800,2026-09-15T00:00:00
295,RFMZ,-0.09230000000000001,7.12555,7.85028,0.0804,9.32,21,Morningstar US CEF Municipal,94,"RiverNorth Capital Management, LLC",True,12.29,-0.22,13.54,2026-09-15T00:00:00,76883Y107,RiverNorth Flexible Municipal Income II,2026-09-15,XRFZX,Fixed Income - Municipal-Municipal,41.91,299.283,,Monthly,0.07449,0.0804,20.0,5.1719,,,0.0,,567.653,True,False,True,False,True,True,,5.18,6.07,-0.71,-2.46,2.81,8.31,,,12.26,745910,,,102.4874,,15.2,15.07,13.0463,-9.23723,0.0,-3.04,-0.53,2026-09-15T00:00:00,2021-02-24T00:00:00,2/24/2021,1614124800,2026-09-15T00:00:00
296,RMMZ,-0.064,7.128,7.61538,0.0891,8.97,21,Morningstar US CEF Municipal,94,"RiverNorth Capital Management, LLC",False,14.04,0.03,15.0,2026-09-15T00:00:00,76882M104,RiverNorth Manage Dur Muni Inc Fd II Inc,2026-09-15,XRMZX,Fixed Income - Municipal-Municipal,42.34,118.708,,Monthly,0.09213,0.0891,20.0,5.1983,,,4.48,,219.94,True,False,True,False,False,True,,4.79,6.27,,,2.73,7.64,,,9.61,213960,,,103.2456,,15.23,13.91,14.7994,-6.97271,0.61,0.17,0.45,2026-09-15T00:00:00,2022-02-10T00:00:00,2/10/2022,1644451200,2026-09-15T00:00:00
297,RMM,-0.0591,7.14768,7.59641,0.0847,9.15,21,Morningstar US CEF Municipal,94,"RiverNorth Capital Management, LLC",False,13.38,-0.35000000000000003,14.22,2026-09-15T00:00:00,76882H105,RiverNorth Managed Duration Muni Inc Fd,2026-09-15,XRMMX,Fixed Income - Municipal-Municipal,42.15,264.116,,Monthly,0.06903000000000001,0.0847,20.0,5.1325,,,4.31,,485.208,True,False,True,False,False,True,,5.01,4.85,0.37,-0.9,2.7,10.25,,,14.37,621110,,,103.1319,,9.8,16.2,14.1962,-6.12017,0.11,-3.61,-0.7000000000000001,2026-09-15T00:00:00,2019-07-25T00:00:00,7/25/2019,1564012800,2026-09-15T00:00:00
298,RMI,-0.052300000000000006,7.112,7.50475,0.08889999999999999,9.45,21,Morningstar US CEF Municipal,94,"RiverNorth Capital Management, LLC",False,14.215,-0.34,15.0,2026-09-15T00:00:00,76883F108,RiverNorth Opp Muni Income Fund Inc,2026-09-15,XRMIX,Fixed Income - Municipal-Municipal,41.14,90.614,,Monthly,0.08216,0.08889999999999999,20.0,5.1582,,,4.43,,162.463,True,False,True,False,False,True,,4.93,5.85,-1.08,-0.53,3.04,11.17,,,17.37,211860,,,102.9981,,15.85,16.15,15.03599,-5.4201,0.07,-1.67,-1.34,2026-09-15T00:00:00,2018-10-25T00:00:00,10/25/2018,1540425600,2026-09-15T00:00:00
299,RIV,-0.1023,13.47549,15.01149,0.1306,10.73,26,Morningstar US CEF US Allocation,94,"RiverNorth Capital Management, LLC",True,10.44,-0.15,11.63,2026-09-15T00:00:00,76881Y109,RiverNorth Opportunities Fund,2026-09-15,XRIVX,Hybrid-U.S. Allocation,26.48,285.756,,Monthly,-0.12127,0.1306,20.0,6.4636,,,1.9100000000000001,,432.998,True,False,False,False,True,True,,14.23,12.61,7.27,3.14,5.43,1.98,,,0.35000000000000003,979620,,,99.6122,,,,11.59116,-5.81787,-2.2800000000000002,-1.6400000000000001,-2.42,2026-09-15T00:00:00,2015-12-23T00:00:00,12/23/2015,1450828800,2026-09-15T00:00:00
300,OPP,-0.1076,13.66708,15.31557,0.091,6.71,14,Morningstar US CEF High Yield,94,"RiverNorth Capital Management, LLC",True,7.13,-0.15,7.99,2026-09-15T00:00:00,76882G107,RiverNorth/DoubleLine Strategic Opp Fund,2026-09-15,XOPPX,Fixed Income - Taxable-High Yield,38.35,178.18,,Monthly,0.32888,0.091,20.0,4.9871,,,2.8,,323.863,True,False,False,False,True,True,,10.09,10.81,2.74,0.41000000000000003,2.22,3.2,,,-0.59,1042770,,,75.0069,,,,7.8357600000000005,-8.62097,-1.32,-2.62,-1.8399999999999999,2026-09-15T00:00:00,2016-09-27T00:00:00,9/27/2016,1474934400,2026-09-15T00:00:00
301,RVI,0.0775,,,,,5,Morningstar US CEF Global Equity,95,"Robinhood Ventures DE, LLC",True,26.96,-6.99,25.02,2026-06-30T00:00:00,770701100,Robinhood Ventures Fund I,2026-09-15,XRVIX,Equity-Global Equity,,734.585,,Annually,,,25.0,,,,2.72,,681.725,False,True,True,False,True,False,,,,,,,,,,,0,,,,,,,,,,-0.56,,2026-09-15T00:00:00,2026-03-06T00:00:00,3/6/2026,1772755200,
302,BOT,1.2969,,,,,8,Morningstar US CEF Sector Equity,52,"FP Strategies, LLC",True,26.69,-0.33,11.35,2026-08-31T00:00:00,77106T107,RoboStrategy Inc,2026-09-15,XBOTX,Equity-Sector Equity,,,,,,,,,,,0.0,,,False,True,True,False,True,False,,,,,,,,,,,0,,,,,,,,,,,,2026-09-15T00:00:00,2026-05-11T00:00:00,5/11/2026,1778457600,
303,RGT,-0.1625,1.11437,1.33053,0.19,21.45,5,Morningstar US CEF Global Equity,96,Royce Investment Partners,False,14.28,-0.14,17.05,2026-09-15T00:00:00,78081T104,"Royce Global Trust, Inc.",2026-09-15,XRGTX,Equity-Global Equity,2.11,93.718,,Annually,0.26180000000000003,0.19,8.975,,,,1.35,,111.897,True,True,False,False,False,False,,19.33,21.56,6.01,4.54,16.73,16.86,,,22.08,204760,,,,,,,13.89348,-14.76461,-1.32,-1.38,-1.37,2026-09-15T00:00:00,2013-10-18T00:00:00,10/18/2013,1382054400,2025-12-11T00:00:00
304,RMT,-0.1243,6.11296,6.98027,0.22999999999999998,43.52,10,Morningstar US CEF US Equity,96,Royce Investment Partners,True,13.18,-0.1,15.05,2026-09-15T00:00:00,780915104,Royce Micro-Cap Trust,2026-09-15,XOTCX,Equity-U.S. Equity,3.55,714.244,,Quarterly,-0.0471,0.22999999999999998,10.0,,,,1.3900000000000001,,845.583,True,True,False,False,True,False,,23.07,25.43,10.61,12.24,35.64,38.55,,,47.84,1206260,,,,,,,12.20406,-11.41573,-1.38,-1.38,-1.58,2026-09-15T00:00:00,1993-12-14T00:00:00,12/14/1993,755827200,2026-09-11T00:00:00
305,RVT,-0.1133,6.7241,7.58357,0.3278,22.96,10,Morningstar US CEF US Equity,96,Royce Investment Partners,True,17.29,-0.26,19.5,2026-09-15T00:00:00,780910105,Royce Small-Cap Trust,2026-09-15,XRVTX,Equity-U.S. Equity,1.5899999999999999,2148.26,,Quarterly,0.08396,0.3278,10.0,,,,1.35,,2422.85,True,False,False,False,True,False,,17.08,19.67,7.75,8.62,19.44,19.48,,,25.96,2704430,,,,,,,17.35881,-9.76902,-0.85,0.27,-0.59,2026-09-15T00:00:00,1986-11-26T00:00:00,11/26/1986,533347200,2026-09-11T00:00:00
306,BRW,-0.1288,9.63989,11.06518,0.057999999999999996,0.2,19,Morningstar US CEF Senior Loans,97,"Saba Capital Management, LP",False,6.29,0.02,7.22,2026-09-15T00:00:00,78518H202,Saba Capital Income & Opportunities Fund,2026-09-15,XPPRX,Fixed Income - Taxable-Senior Loans,12.38,326.671,,Monthly,0.07357,0.057999999999999996,10.0,,,,5.82,,427.971,True,False,False,False,False,False,,9.28,8.76,7.52,7.25,4.19,3.6,,,-7.6,2700700,,,,,6.5,,6.8618500000000004,-10.8875,-1.09,-2.01,-1.47,2026-09-15T00:00:00,1988-05-12T00:00:00,5/12/1988,579398400,2026-09-09T00:00:00
307,SABA,-0.1534,7.36508,8.7,0.057999999999999996,2.4,13,Morningstar US CEF Global Income,97,"Saba Capital Management, LP",False,8.0,-0.04,9.45,2026-09-15T00:00:00,880198205,Saba Capital Income & Ops Fund II,2026-09-15,XSABX,Fixed Income - Taxable-Global Income,,215.915,,Monthly,0.07175000000000001,0.057999999999999996,10.0,8.2106,,7.8100000000000005,4.58,,255.049,False,False,False,False,False,False,,11.34,9.9,4.64,3.42,6.1,6.0,,,-1.5899999999999999,704740,,,,,,,8.42305,-12.5261,-1.8599999999999999,-2.52,-2.03,2026-09-15T00:00:00,1988-03-17T00:00:00,3/17/1988,574560000,2026-08-11T00:00:00
308,SPMC,0.0246,26.05863,25.02607,0.13,-32.69,19,Morningstar US CEF Senior Loans,99,Sound Point Meridian Management Company LLC,True,9.59,0.07,9.56,2026-08-31T00:00:00,83617A108,Sound Point Meridian Capital Inc,2026-09-15,,Fixed Income - Taxable-Senior Loans,46.5,202.218,,Monthly,1.06488,0.13,20.0,,,,10.95,,368.881,True,False,True,False,True,False,,,,,,-19.9,-14.84,,,-30.25,284820,,,,,,,12.2241,-0.6798700000000001,0.41000000000000003,0.05,0.08,2026-09-15T00:00:00,2024-06-14T00:00:00,6/14/2024,1718323200,2026-09-15T00:00:00
309,SOR,-0.0848,4.96642,5.42683,0.20829999999999999,14.9,26,Morningstar US CEF US Allocation,48,"First Pacific Advisors, LP",True,46.06,-0.1,50.33,2026-09-15T00:00:00,836144303,Source Capital,2026-09-15,XSORX,Hybrid-U.S. Allocation,0.0,379.119,,Monthly,0.8443200000000001,0.20829999999999999,17.5,3.0678,,,0.9800000000000001,,414.265,True,False,False,False,True,False,,14.83,15.72,9.21,9.2,8.68,6.45,,,12.72,109450,,,,,,,46.36508,-5.24928,-1.28,-0.59,-0.81,2026-09-15T00:00:00,1968-10-24T00:00:00,10/24/1968,-37497600,2026-09-16T00:00:00
310,SPE,-0.15410000000000001,8.41006,9.94207,0.10869999999999999,2.83,10,Morningstar US CEF US Equity,22,Bulldog Investors LLP,False,13.12,-0.2,15.51,2026-09-14T00:00:00,84741T104,Special Opportunities,2026-09-15,XSPEX,Equity-U.S. Equity,25.33,139.376,,Monthly,0.3212,0.10869999999999999,15.0,5.1616,,19.11,1.8599999999999999,,220.659,True,False,False,False,False,False,,14.61,17.57,8.64,8.64,1.78,-1.6,,,-0.56,347120,,,,,,,14.41819,-11.03163,-2.12,-1.46,-1.47,2026-09-15T00:00:00,1993-06-08T00:00:00,6/8/1993,739497600,2026-08-18T00:00:00
311,FUND,-0.09880000000000001,5.30159,5.88258,0.1503,35.29,10,Morningstar US CEF US Equity,101,Sprott Asset Management USA Inc.,True,10.22,-0.16,11.34,2026-09-15T00:00:00,85208J109,Sprott Focus Trust,2026-09-15,XFUNX,Equity-U.S. Equity,0.0,304.058,,Quarterly,0.09339,0.1503,10.0,,,,1.13,,339.018,True,True,True,False,True,False,,17.85,17.45,12.6,12.69,26.65,25.84,,,37.95,261060,,,,,,,9.44952,-10.45847,0.79,-0.16,0.31,2026-09-15T00:00:00,1988-03-01T00:00:00,3/1/1988,573177600,2026-09-15T00:00:00
312,CEF,-0.0354,,,,40.59,2,Morningstar US CEF Commodity,100,Sprott Asset Management LP,False,43.37,0.08,44.96,2026-09-15T00:00:00,85208R101,Sprott Physical Gold and Silver Trust,2026-09-15,XCEFX,Equity-Commodities,,7396.333,,Data Not Available,0.0,,13.72,,,,0.46,,7667.492,False,False,True,False,False,False,,33.92,34.97,20.16,20.48,-1.6600000000000001,-0.52,,,41.36,10435540,,,,,,,44.92935,-4.35597,0.59,0.19,0.8,2026-09-15T00:00:00,2018-01-16T00:00:00,1/16/2018,1516060800,
313,PHYS,-0.024399999999999998,,,,27.82,2,Morningstar US CEF Commodity,100,Sprott Asset Management LP,False,32.43,0.07,33.24,2026-09-15T00:00:00,85207H104,Sprott Physical Gold Trust Unit,2026-09-15,,Equity-Commodities,,15751.047,,Data Not Available,0.0,,10.0,,,,0.4,,16144.459,False,False,False,False,False,False,,30.88,30.68,18.86,18.7,2.29,2.39,,,27.49,49497250,,,,,,,33.56349,-2.28555,-0.27,0.1,0.16,2026-09-15T00:00:00,2010-02-26T00:00:00,2/26/2010,1267142400,
314,SPPP,-0.0337,,,,25.17,2,Morningstar US CEF Commodity,100,Sprott Asset Management LP,False,14.33,0.15,14.83,2026-09-15T00:00:00,85207Q104,Sprott Physical Platinum & Palladium Tr,2026-09-15,,Equity-Commodities,,540.101,,Data Not Available,0.0,,10.0,,,,1.01,,558.946,False,False,True,False,False,False,,10.61,9.4,-2.75,-3.14,-14.44,-12.77,,,21.1,9109210,,,,,,,15.29533,-4.8401700000000005,0.71,1.17,1.79,2026-09-15T00:00:00,2012-12-19T00:00:00,12/19/2012,1355875200,
315,PSLV,-0.0484,,,,65.65,2,Morningstar US CEF Commodity,100,Sprott Asset Management LP,False,20.66,0.24,21.71,2026-09-15T00:00:00,85207K107,Sprott Physical Silver Trust Unit,2026-09-15,,Equity-Commodities,,12562.288,,Data Not Available,0.0,,10.0,,,,0.56,,13200.739,False,False,False,False,False,False,,38.27,37.81,21.55,21.1,-7.65,-7.48,,,62.31,160918550,,,,,,,22.09084,-4.65256,-0.12,0.22,0.51,2026-09-15T00:00:00,2010-10-29T00:00:00,10/29/2010,1288310400,
316,STEW,-0.22390000000000002,3.39847,4.37876,0.19999999999999998,6.51,10,Morningstar US CEF US Equity,85,Paralel Advisors LLC,True,18.27,-0.02,23.54,2026-09-15T00:00:00,101507101,SRH Total Return Fund,2026-09-15,XSTEX,Equity-U.S. Equity,8.97,1761.986,,Quarterly,0.03245,0.19999999999999998,10.0,5.4498,,,1.42,,2494.068,True,True,False,False,True,False,,15.94,15.43,11.02,9.97,5.46,2.96,,,4.08,802450,,,,,0.4,,17.94907,-21.60744,-0.8300000000000001,0.71,-0.14,2026-09-15T00:00:00,1972-12-07T00:00:00,12/7/1972,92534400,2026-07-24T00:00:00
317,TWN,-0.1697,5.31841,6.40517,6.2002,128.82,1,Morningstar US CEF Asia Equity,80,Nomura Asset Management USA Inc,False,96.8,-1.33,116.58,2026-09-15T00:00:00,874036106,Taiwan Fund,2026-09-15,XXTWNXX,Equity-Asia Equity,,555.829,,Annually,0.0,6.2002,22.42,,,,1.32,,669.407,False,True,False,False,False,False,,58.42,64.19,31.53,32.9,95.92,91.2,,,126.91,314930,,,,,,,73.36313,-15.89483,-0.48,0.13,-0.16,2026-09-15T00:00:00,1986-12-23T00:00:00,12/23/1986,535680000,2025-12-29T00:00:00
318,TSI,-0.10189999999999999,7.06029,7.86111,0.0283,0.38,17,Morningstar US CEF Multi-Sector,102,TCW Investment Management Co LLC,False,4.32,0.07,4.81,2026-09-15T00:00:00,872340104,TCW Strategic Income,2026-09-15,XXCVTXX,Fixed Income - Taxable-Multi-Sector,0.0,275.244,,Monthly,0.16068,0.0283,10.0,4.6909,,,1.17,,306.464,True,False,False,False,False,False,,6.15,5.86,3.01,2.09,-1.25,-7.24,,,-3.93,1258410,,,97.6881,,,,4.67454,-7.01332,-1.77,-1.56,-1.62,2026-09-15T00:00:00,1987-03-05T00:00:00,3/5/1987,541900800,2026-08-17T00:00:00
319,TDF,-0.1507,4.96689,5.84795,0.15,0.75,1,Morningstar US CEF Asia Equity,103,Templeton Asset Management Ltd.,False,10.26,-0.14,12.08,2026-09-15T00:00:00,88018T101,Templeton Dragon,2026-09-15,XTDFX,Equity-Asia Equity,0.68,257.276,,Quarterly,0.07077,0.15,15.0,,,,1.21,,304.998,True,False,False,False,False,False,,7.88,8.7,-5.98,-7.15,-2.22,-1.53,,,0.85,732860,,,,,,,11.18495,-14.1713,-1.03,-0.81,-0.66,2026-09-15T00:00:00,1994-09-20T00:00:00,9/20/1994,780019200,2026-06-23T00:00:00
320,TEI,-0.0824,9.20455,10.03096,0.054,25.07,12,Morningstar US CEF Emerging Market Income,53,"Franklin Advisers, Inc.",False,6.46,-0.06,7.04,2026-09-15T00:00:00,880192109,Templeton Emerg Mkts Income,2026-09-15,XTEIX,Fixed Income - Taxable-Emerging Market Income,16.35,305.096,,Monthly,0.37173,0.054,15.0,8.0859,,,2.37,,397.488,True,False,False,False,False,False,,20.17,23.76,7.43,8.8,10.97,11.32,,,25.82,1831710,,,,,5.59,,6.50794,-5.85185,-1.48,-2.55,-1.26,2026-09-15T00:00:00,1993-09-23T00:00:00,9/23/1993,748742400,2026-08-24T00:00:00
321,EMF,-0.11539999999999999,3.87409,4.37956,0.24,64.97,4,Morningstar US CEF Emerging Market Equity,55,Franklin Templeton Investments,False,21.92,-0.1,24.78,2026-09-15T00:00:00,880191101,Templeton Emerging Markets,2026-09-15,XEMFX,Equity-Emerging Market Equity,2.63,327.658,,Quarterly,0.05477,0.24,20.0,,,,1.34,,380.409,True,True,False,False,False,False,,32.89,35.99,13.05,14.2,36.26,34.87,,,68.6,414970,,,,,,,19.69197,-10.11081,-0.96,-1.03,-0.88,2026-09-15T00:00:00,1987-02-26T00:00:00,2/26/1987,541296000,2026-06-23T00:00:00
322,CEE,-0.1301,1.71359,1.96997,0.3871,48.74,4,Morningstar US CEF Emerging Market Equity,40,DWS,False,19.65,-0.38,22.59,2026-09-15T00:00:00,153436100,The Central and Eastern Europe Fund,2026-09-15,XCEEX,Equity-Emerging Market Equity,4.82,128.122,,Annually,0.05509,0.3871,19.0,,,,1.26,,154.755,True,True,False,False,False,False,,42.68,34.77,-4.18,-3.46,32.54,12.37,,,24.42,269570,,,,,,,18.77358,-2.25857,-2.94,-1.51,-2.21,2026-09-15T00:00:00,1990-03-06T00:00:00,3/6/1990,636681600,2025-12-30T00:00:00
323,TBLD,-0.1032,5.3742,5.99252,0.10417,19.27,25,Morningstar US CEF Global Allocation,105,Thornburg Investment Management Inc,False,20.86,-0.27,23.26,2026-09-15T00:00:00,885213108,Thornburg Income Builder Opp Trust,2026-09-15,XTBLX,Hybrid-Global Allocation,0.07,669.228,,Monthly,0.26058,0.10417,20.0,5.5363,,,1.62,,746.742,True,False,False,False,False,True,,17.64,21.58,10.09,9.54,13.25,14.75,,,18.25,596720,,,87.9215,,,,21.22821,-5.7665,-3.5300000000000002,-3.8200000000000003,-3.7199999999999998,2026-09-15T00:00:00,2021-07-27T00:00:00,7/27/2021,1627344000,2026-09-11T00:00:00
324,TYG,-0.0067,13.09442,13.18224,0.475,10.18,6,Morningstar US CEF MLP,106,"Tortoise Capital Advisors, LLC",False,43.24,-0.88,43.53,2026-09-15T00:00:00,89147L886,Tortoise Energy Infrastructure Corp.,2026-09-15,XTYGX,Equity-MLP,27.22,913.644,,Monthly,-0.21128,0.475,25.0,,,,3.13,,1318.708,True,False,True,False,False,False,,18.49,25.37,15.27,21.36,10.93,15.91,,,15.69,1300950,,,,,0.25,,44.62172,-4.77892,1.24,1.88,1.01,2026-09-15T00:00:00,2004-02-27T00:00:00,2/27/2004,1077840000,2026-08-24T00:00:00
325,SWZ,-0.2027,7.88162,9.88542,3.0,4.96,9,Morningstar US CEF Single Country Equity,22,Bulldog Investors LLP,False,5.9,0.0,7.4,2026-09-15T00:00:00,870875101,Total Return Securities Fund,2026-09-15,XSWZX,Equity-Single-Country Equity,0.0,76.546,,Quarterly,0.02228,3.0,8.0,5.0717,,19.19,2.21,,96.007,True,False,False,False,False,False,,3.16,2.99,1.0,0.54,7.08,-3.7,,,-0.8300000000000001,664020,,,,,,7.94,6.01847,-16.5063,-1.26,-0.9500000000000001,-1.19,2026-09-15T00:00:00,1987-08-27T00:00:00,8/27/1987,557020800,2025-03-18T00:00:00
326,TY,-0.11560000000000001,3.05834,3.45826,0.29619999999999996,16.8,26,Morningstar US CEF US Allocation,31,"Columbia Mgmt Investment Advisers, LLC",False,34.26,-0.32,38.74,2026-09-15T00:00:00,895436103,Tri-Continental,2026-09-15,XTYCX,Hybrid-U.S. Allocation,1.79,1830.256,,Quarterly,0.57654,0.29619999999999996,10.0,6.0621,,,0.46,,2098.193,True,True,False,False,False,False,,16.73,19.29,9.39,10.9,11.65,12.47,,,18.27,354150,,,,,4.48,,33.9718,-10.25846,-1.63,-2.42,-1.54,2026-09-15T00:00:00,1929-01-14T00:00:00,1/14/1929,-1292716800,2026-09-14T00:00:00
327,DHY,-0.1414,9.73822,11.34146,0.0155,-3.11,14,Morningstar US CEF High Yield,107,UBS Asset Management (Americas) LLC,False,1.6400000000000001,-0.01,1.91,2026-09-15T00:00:00,22544F103,UBS Asset Management High Yield Credit,2026-09-15,XDHYX,Fixed Income - Taxable-High Yield,30.78,169.92,,Monthly,0.08308,0.0155,10.0,7.0799,,,3.62,,285.889,True,False,False,False,False,False,,5.59,6.12,2.8,1.52,-3.66,-9.06,,,-10.32,6328300,,,99.2848,,5.73,,1.89517,-7.04225,-2.18,-2.87,-2.08,2026-09-15T00:00:00,1998-07-31T00:00:00,7/31/1998,901843200,2026-09-16T00:00:00
328,CIK,-0.1152,8.92193,10.08403,0.02,1.7000000000000002,14,Morningstar US CEF High Yield,107,UBS Asset Management (Americas) LLC,False,2.38,0.0,2.69,2026-09-15T00:00:00,224916106,UBS Asset Management Income,2026-09-15,XCIKX,Fixed Income - Taxable-High Yield,33.56,130.566,,Monthly,0.11479,0.02,10.0,6.9792000000000005,,,3.7,,222.13,True,False,False,False,False,False,,7.53,5.67,4.22,2.0,1.69,-8.47,,,-9.38,4741850,,,99.3475,,5.73,,2.66028,-4.45798,-1.63,-2.18,-1.63,2026-09-15T00:00:00,1987-03-23T00:00:00,3/23/1987,543456000,2026-09-16T00:00:00
329,AIO,-0.098,8.07779,8.95522,0.18,30.39,8,Morningstar US CEF Sector Equity,108,"Virtus Investment Advisers, LLC",False,24.12,-0.54,26.74,2026-09-15T00:00:00,92838Y100,Virtus AI & Tech Opp Fund,2026-09-15,XAIOX,Equity-Sector Equity,12.37,830.67,,Monthly,0.025490000000000002,0.18,20.0,4.6834,,,2.32,,1050.9,True,False,False,False,False,False,,23.61,25.07,10.35,11.76,21.09,27.18,,,22.02,839060,,,,,,,24.2864,-8.59633,-0.52,-1.08,-0.17,2026-09-15T00:00:00,2019-10-31T00:00:00,10/31/2019,1572480000,2026-09-14T00:00:00
330,NCV,-0.1036,9.3901,10.47497,0.13599999999999998,20.31,11,Morningstar US CEF Convertibles,108,"Virtus Investment Advisers, LLC",False,15.58,-0.29,17.38,2026-09-15T00:00:00,92838X805,Virtus Convertible & Income Fund,2026-09-15,XNCVX,Fixed Income - Taxable-Convertibles,34.8,352.005,0.012,Monthly,0.12557000000000001,0.13599999999999998,15.0,4.2431,,,2.8200000000000003,,602.232,True,False,False,False,False,False,,16.62,20.34,3.24,3.74,11.18,17.77,,,24.92,868190,,,112.1538,,6.02,,16.11839,-9.89839,-0.34,-0.99,-0.46,2026-09-15T00:00:00,2003-03-31T00:00:00,3/31/2003,1049068800,2026-09-14T00:00:00
331,NCZ,-0.0621,9.1197,9.72316,0.12,21.33,11,Morningstar US CEF Convertibles,108,"Virtus Investment Advisers, LLC",False,14.81,-0.08,15.79,2026-09-15T00:00:00,92838U801,Virtus Convertible & Income Fund II,2026-09-15,XNCZX,Fixed Income - Taxable-Convertibles,35.52,281.819,0.0,Monthly,0.10316,0.12,15.0,4.1644,,,2.22,,465.989,True,True,True,False,False,False,,17.24,21.23,3.35,4.86,11.83,19.16,,,25.52,648590,,,111.4938,,6.05,,14.66226,-9.45233,1.87,0.79,1.44,2026-09-15T00:00:00,2003-07-31T00:00:00,7/31/2003,1059609600,2026-09-14T00:00:00
332,ACV,-0.0292,8.28856,8.53755,0.18,22.22,26,Morningstar US CEF US Allocation,108,"Virtus Investment Advisers, LLC",False,25.3,-0.33,26.06,2026-09-15T00:00:00,92840N100,Virtus Diversified Inc & Conv Fund,2026-09-15,XACVX,Hybrid-U.S. Allocation,27.93,263.02,,Monthly,-0.00934,0.18,25.0,3.5932,,,3.63,,375.92,True,False,False,False,False,True,,19.57,22.09,7.14,7.35,12.49,5.19,,,25.35,287870,,,,,74.56,,26.40349,-0.36786,-0.72,-1.08,-0.39,2026-09-15T00:00:00,2015-05-26T00:00:00,5/26/2015,1432598400,2026-09-14T00:00:00
333,NIE,-0.09910000000000001,8.35735,9.27629,0.58,16.7,26,Morningstar US CEF US Allocation,108,"Virtus Investment Advisers, LLC",False,25.01,-0.18,27.76,2026-09-15T00:00:00,92841M101,Virtus Equity & Convertible Inc Fund,2026-09-15,XNIEX,Hybrid-U.S. Allocation,,693.001,0.0,Quarterly,0.03966,0.58,25.0,2.0791,,,1.07,,769.201,False,False,True,False,False,False,,16.38,17.16,7.72,9.1,9.46,8.61,,,15.79,604090,,,,,,,25.5713,-10.4285,0.54,0.85,1.38,2026-09-15T00:00:00,2007-02-27T00:00:00,2/27/2007,1172534400,2026-09-14T00:00:00
334,VGI,-0.0806,12.68164,13.7931,0.08,6.38,17,Morningstar US CEF Multi-Sector,108,"Virtus Investment Advisers, LLC",True,6.96,-0.07,7.57,2026-09-15T00:00:00,92829B101,Virtus Global Multi-Sector Income Fund,2026-09-15,XVGIX,Fixed Income - Taxable-Multi-Sector,31.4,78.739,,Monthly,0.22072,0.08,20.0,6.035,,7.5,3.98,,124.84,True,False,False,False,True,False,,8.67,11.68,1.6400000000000001,2.09,2.22,1.99,,,4.08,361690,,,97.9305,,,,7.62137,-5.91423,-1.8599999999999999,-1.77,-1.77,2026-09-15T00:00:00,2012-02-23T00:00:00,2/23/2012,1329955200,2026-09-14T00:00:00
335,EDF,0.0653,14.69388,13.7931,0.06,18.87,12,Morningstar US CEF Emerging Market Income,109,Virtus Investment Advisors (VIA),False,5.22,-0.1,4.9,2026-09-15T00:00:00,86164T107,Virtus Stone Harbor Emerging Markets Inc,2026-09-15,XEDFX,Fixed Income - Taxable-Emerging Market Income,21.51,167.949,,Monthly,0.22456,0.06,25.0,6.8639,,,3.13,,200.863,True,True,True,False,False,False,,23.15,20.66,8.05,5.62,10.65,15.89,,,16.83,1557940,,,,,,3.92,5.12076,2.80966,1.03,0.04,0.47000000000000003,2026-09-15T00:00:00,2010-12-23T00:00:00,12/23/2010,1293062400,2026-09-14T00:00:00
336,ZTR,-0.11470000000000001,9.34844,10.56,0.055,14.5,25,Morningstar US CEF Global Allocation,108,"Virtus Investment Advisers, LLC",False,6.25,-0.11,7.06,2026-09-15T00:00:00,92835W107,Virtus Total Return Fund Inc,2026-09-15,XZTRX,Hybrid-Global Allocation,31.04,312.46,,Monthly,0.10525,0.055,15.0,5.8547,,6.15,3.67,,511.855,True,False,False,False,False,False,,15.83,17.81,6.01,4.86,10.69,14.28,,,16.42,1912810,,,98.4225,,,,6.62973,-10.73904,-0.58,-1.0,-0.44,2026-09-15T00:00:00,2005-02-24T00:00:00,2/24/2005,1109203200,2026-09-14T00:00:00
337,IAE,-0.0317,8.82353,9.11215,0.065,31.64,1,Morningstar US CEF Asia Equity,110,"Voya Investments, LLC",False,8.56,-0.22,8.84,2026-09-15T00:00:00,92912J102,Voya Asia Pacific High Div Eq Inc Fd,2026-09-15,XIAEX,Equity-Asia Equity,,92.023,,Monthly,0.02682,0.065,25.0,,,,1.21,,95.033,False,True,True,False,False,False,,21.74,28.56,10.03,12.7,21.4,29.33,,,35.65,484530,,,,,,,8.00996,-5.58447,0.97,-0.63,0.59,2026-09-15T00:00:00,2007-03-27T00:00:00,3/27/2007,1174953600,2026-09-01T00:00:00
338,IHD,-0.0236,8.63874,8.84718,0.055,34.2,4,Morningstar US CEF Emerging Market Equity,110,"Voya Investments, LLC",False,7.46,-0.04,7.64,2026-09-15T00:00:00,92912P108,Voya Emerging Markets High Div Eq Fd,2026-09-15,XIHDX,Equity-Emerging Market Equity,,132.31,,Monthly,0.02083,0.055,20.0,,,,1.4100000000000001,,135.502,False,True,True,False,False,False,,21.97,28.6,9.76,12.08,22.16,29.57,,,42.23,789140,,,,,,,6.91255,-5.33587,1.29,0.22,0.72,2026-09-15T00:00:00,2011-04-26T00:00:00,4/26/2011,1303776000,2026-09-01T00:00:00
339,IGA,-0.0328,9.29809,9.61357,0.08499999999999999,17.48,3,Morningstar US CEF Covered Call,110,"Voya Investments, LLC",False,10.61,0.11,10.97,2026-09-15T00:00:00,92912R104,Voya Global Advantage and Premium Opp Fd,2026-09-15,XIGAX,Equity-Covered-Call Funds,,162.772,,Monthly,0.07357,0.08499999999999999,20.0,,,,1.01,,168.295,False,True,True,False,False,False,,14.86,19.84,9.79,11.39,14.17,16.69,,,18.44,593700,,,,,,,9.85568,-6.41772,2.48,2.67,3.6,2026-09-15T00:00:00,2005-10-26T00:00:00,10/26/2005,1130284800,2026-09-01T00:00:00
340,IGD,-0.0169,9.23077,9.38967,0.049999999999999996,16.86,3,Morningstar US CEF Covered Call,110,"Voya Investments, LLC",False,6.39,0.06,6.5,2026-09-15T00:00:00,92912T100,Voya Global Equity Dividend&Prm Opp Fd,2026-09-15,XIGDX,Equity-Covered-Call Funds,,503.97,,Monthly,0.04503,0.049999999999999996,20.0,,,,0.9600000000000001,,512.645,False,True,True,False,False,False,,14.6,21.05,9.02,11.34,13.84,22.44,,,22.03,2566710,,,,,,,6.00964,-3.6765,0.81,-0.81,0.14,2026-09-15T00:00:00,2005-03-28T00:00:00,3/28/2005,1111968000,2026-09-01T00:00:00
341,IDE,-0.0643,9.08403,9.70874,0.09999999999999999,20.8,5,Morningstar US CEF Global Equity,110,"Voya Investments, LLC",True,12.36,-0.13,13.21,2026-09-15T00:00:00,92912X101,Voya Infrastructure Industrials&Matls Fd,2026-09-15,XIDEX,Equity-Global Equity,,187.332,,Monthly,0.02906,0.09999999999999999,20.0,,,,1.23,,200.215,False,False,False,False,True,False,,16.79,21.59,10.03,10.62,12.95,12.43,,,15.1,446480,,,,,,,12.95562,-3.4651,-1.3,-1.5,-1.67,2026-09-15T00:00:00,2010-01-26T00:00:00,1/26/2010,1264464000,2026-09-01T00:00:00
342,WDI,-0.1162,12.94118,14.64256,0.1485,4.95,17,Morningstar US CEF Multi-Sector,54,"Franklin Templeton Fund Adviser, LLC",True,12.17,-0.05,13.77,2026-09-15T00:00:00,95790K109,Western Asset Diversified Inc Fund,2026-09-15,XWDIX,Fixed Income - Taxable-Multi-Sector,38.61,631.77,,Monthly,0.82675,0.1485,20.0,8.2372,0.0,9.7,4.25,,1164.408,True,False,False,True,True,True,,9.23,11.14,3.52,2.67,2.85,0.68,,,-2.7199999999999998,2068830,,0.0,96.5962,,,,13.78705,-4.92188,-3.27,-2.54,-3.11,2026-09-15T00:00:00,2021-06-24T00:00:00,6/24/2021,1624492800,2026-08-24T00:00:00
343,EMD,-0.08,10.60465,11.52679,0.095,10.88,12,Morningstar US CEF Emerging Market Income,54,"Franklin Templeton Fund Adviser, LLC",True,9.89,-0.22,10.75,2026-09-15T00:00:00,95766A101,Western Asset Emerging Markets Debt,2026-09-15,XEMDX,Fixed Income - Taxable-Emerging Market Income,27.31,574.91,,Monthly,0.38634,0.095,20.0,6.0593,0.0,11.41,3.13,,859.702,True,False,False,True,True,False,,13.56,18.35,3.5300000000000002,5.26,3.93,7.33,,,14.83,1973870,,0.0,,,7.15,5.27,10.58502,-5.03169,-1.79,-3.8200000000000003,-1.7000000000000002,2026-09-15T00:00:00,2003-12-01T00:00:00,12/1/2003,1070236800,2026-08-24T00:00:00
344,GDO,-0.10710000000000001,13.40659,15.01538,0.122,2.9699999999999998,13,Morningstar US CEF Global Income,54,"Franklin Templeton Fund Adviser, LLC",False,9.75,-0.11,10.92,2026-09-15T00:00:00,95790C107,Western Asset Global Corp Opp,2026-09-15,XGDOX,Fixed Income - Taxable-Global Income,33.94,73.314,,Monthly,0.40556000000000003,0.122,20.0,5.9764,0.0,8.59,4.47,,124.302,True,False,False,True,False,False,,7.1,6.05,0.01,-0.99,0.65,-5.95,,,-3.46,318550,,0.0,,,,,11.13942,-5.36791,-2.58,-2.38,-2.79,2026-09-15T00:00:00,2009-11-27T00:00:00,11/27/2009,1259280000,2026-08-24T00:00:00
345,EHI,-0.11779999999999999,13.3758,15.16245,0.06999999999999999,6.01,14,Morningstar US CEF High Yield,55,Franklin Templeton Investments,False,5.54,-0.03,6.28,2026-09-15T00:00:00,95766B109,Western Asset Global High Income,2026-09-15,XEHIX,Fixed Income - Taxable-High Yield,32.27,167.861,,Monthly,0.29517,0.06999999999999999,15.0,7.3497,0.0,8.76,3.49,,280.94,True,False,False,True,False,False,,8.68,5.42,1.2,0.1,3.4,-2.46,,,-1.35,1099870,,0.0,97.6946,,,,6.17278,-6.9323,-2.35,-2.68,-2.54,2026-09-15T00:00:00,2003-07-28T00:00:00,7/28/2003,1059350400,2026-08-24T00:00:00
346,HIX,-0.0554,14.81108,15.68,0.048999999999999995,5.46,14,Morningstar US CEF High Yield,55,Franklin Templeton Investments,False,3.75,-0.04,3.9699999999999998,2026-09-15T00:00:00,95766J102,Western Asset High Income II,2026-09-15,XHGIX,Fixed Income - Taxable-High Yield,32.56,337.761,,Monthly,0.19291,0.048999999999999995,15.0,7.38,0.0,8.41,3.76,,530.235,True,False,False,True,False,False,,9.28,7.44,1.7000000000000002,0.33,2.95,4.44,,,5.36,3398970,,0.0,97.9585,,,,4.07632,-3.6870700000000003,-1.29,-2.46,-1.0,2026-09-15T00:00:00,1998-05-28T00:00:00,5/28/1998,896313600,2026-08-24T00:00:00
347,HIO,-0.1076,11.1811,12.52941,0.0355,5.03,14,Morningstar US CEF High Yield,54,"Franklin Templeton Fund Adviser, LLC",False,3.4,-0.02,3.81,2026-09-15T00:00:00,95766K109,Western Asset High Income Opportunity,2026-09-15,XHIOX,Fixed Income - Taxable-High Yield,,323.337,,Monthly,0.15621000000000002,0.0355,12.5,7.5828,0.0,6.19,0.93,,362.328,False,False,False,True,False,False,,7.49,8.27,2.24,2.0,2.94,1.71,,,-1.6,4199690,,0.0,98.2505,,,,3.6927000000000003,-6.9386600000000005,-2.69,-2.19,-2.77,2026-09-15T00:00:00,1993-11-16T00:00:00,11/16/1993,753408000,2026-08-24T00:00:00
348,HYI,-0.09609999999999999,10.14235,11.22047,0.095,3.79,14,Morningstar US CEF High Yield,54,"Franklin Templeton Fund Adviser, LLC",False,10.16,0.0,11.24,2026-09-15T00:00:00,95768B107,Western Asset High Yield Opp Fund,2026-09-15,XHYIX,Fixed Income - Taxable-High Yield,,130.19,,Monthly,0.50391,0.095,20.0,7.6609,0.0,4.84,1.07,,144.029,False,False,False,True,False,True,,6.72,6.47,2.36,1.2,2.5,-0.16,,,-3.67,618460,,0.0,98.0612,,,,10.92444,-7.00319,-1.48,-2.15,-2.05,2026-09-15T00:00:00,2010-10-27T00:00:00,10/27/2010,1288137600,2026-08-24T00:00:00
349,PAI,-0.08259999999999999,4.95673,5.40309,0.0525,2.19,15,Morningstar US CEF Investment Grade,55,Franklin Templeton Investments,False,11.66,-0.02,12.71,2026-09-15T00:00:00,95766T100,Western Asset Income,2026-09-15,XPAIX,Fixed Income - Taxable-Investment Grade,8.93,110.898,,Monthly,0.32901,0.0525,12.0,6.0977,0.0,10.8,0.77,,120.884,True,False,False,True,False,False,,5.72,5.9,0.09,-1.0,-0.1,-1.88,,,-0.52,182780,,0.0,99.2499,,,,12.31688,-6.57942,-1.4,-1.9,-2.02,2026-09-15T00:00:00,1972-12-21T00:00:00,12/21/1972,93744000,2026-08-24T00:00:00
350,WIW,-0.1133,8.16993,9.21376,0.0625,2.51,15,Morningstar US CEF Investment Grade,112,"Western Asset Management Company, LLC",True,8.14,-0.06,9.18,2026-09-15T00:00:00,95766R104,Western Asset Infl-Linked Opps & Inc Fd,2026-09-15,XWIWX,Fixed Income - Taxable-Investment Grade,26.0,498.039,,Monthly,0.23593,0.0625,15.0,2.5448,0.0,8.34,2.59,,758.964,True,False,False,True,True,False,,4.72,7.4,-0.59,0.37,1.58,2.5,,,1.33,2380490,,0.0,93.7192,,,4.28,8.57839,-10.49938,-1.2,-1.33,-1.46,2026-09-15T00:00:00,2004-02-27T00:00:00,2/27/2004,1077840000,2026-08-24T00:00:00
351,WIA,-0.1032,7.15596,7.97954,0.052,2.14,15,Morningstar US CEF Investment Grade,112,"Western Asset Management Company, LLC",True,7.82,0.0,8.72,2026-09-15T00:00:00,95766Q106,Western Asset Inflation-Linked Income Fd,2026-09-15,XWIAX,Fixed Income - Taxable-Investment Grade,26.36,182.38,,Monthly,0.21076,0.052,15.0,2.4344,0.0,8.35,2.91,,276.18,True,False,False,True,True,False,,4.6,6.6,-1.09,-1.04,1.29,0.56,,,1.26,393120,,0.0,93.8871,,,,8.18644,-9.75532,-0.9500000000000001,-0.87,-0.53,2026-09-15T00:00:00,2003-09-30T00:00:00,9/30/2003,1064880000,2026-08-24T00:00:00
352,SBI,-0.0875,6.3,6.90411,0.041999999999999996,4.47,21,Morningstar US CEF Municipal,54,"Franklin Templeton Fund Adviser, LLC",False,7.3,-0.07,8.0,2026-09-15T00:00:00,958435109,Western Asset Intermediate Muni,2026-09-15,XSBIX,Fixed Income - Municipal-Municipal,30.69,102.801,,Monthly,0.13919,0.041999999999999996,10.0,4.8611,0.0,8.39,2.6,,162.541,True,False,False,True,False,False,,3.19,7.01,-0.51,0.15,0.16,3.48,,,6.28,424750,11.06,0.0041800000000000006,101.0747,,8.3,6.2,7.78022,-8.24651,-0.62,-2.47,-1.02,2026-09-15T00:00:00,1992-03-02T00:00:00,3/2/1992,699494400,2026-08-24T00:00:00
353,IGI,-0.0909,5.06239,5.56863,0.071,2.35,15,Morningstar US CEF Investment Grade,54,"Franklin Templeton Fund Adviser, LLC",False,15.3,-0.02,16.83,2026-09-15T00:00:00,95790A101,Western Asset Invstm Grd Opp Tr Inc,2026-09-15,XIGIX,Fixed Income - Taxable-Investment Grade,,91.703,,Monthly,0.43967,0.071,20.0,6.1938,0.0,10.83,0.93,,100.873,False,False,False,True,False,False,,5.02,5.02,-0.38,-1.1,0.04,0.92,,,2.04,163270,,0.0,99.3871,,,,16.26455,-6.87261,-3.19,-2.94,-3.3,2026-09-15T00:00:00,2009-06-26T00:00:00,6/26/2009,1245974400,2026-08-24T00:00:00
354,MMU,-0.08380000000000001,6.37427,6.95745,0.0545,6.04,21,Morningstar US CEF Municipal,55,Franklin Templeton Investments,False,9.4,-0.13,10.26,2026-09-15T00:00:00,95766M105,Western Asset Managed Municipals,2026-09-15,XMMUX,Fixed Income - Municipal-Municipal,34.6,513.417,,Monthly,0.14102,0.0545,15.0,4.8848,0.0,11.01,2.7,,856.824,True,False,False,True,False,False,,3.48,8.16,-0.97,-0.48,0.02,0.9400000000000001,,,8.81,1293080,10.27,0.008860000000000002,99.7794,,11.29,7.87,10.32655,-6.00457,-2.6,-3.36,-2.58,2026-09-15T00:00:00,1992-06-26T00:00:00,6/26/1992,709516800,2026-08-24T00:00:00
355,DMO,-0.11289999999999999,13.11475,14.78439,0.12,5.5600000000000005,14,Morningstar US CEF High Yield,54,"Franklin Templeton Fund Adviser, LLC",False,9.74,-0.07,10.98,2026-09-15T00:00:00,95790B109,Western Asset Mortgage Opp Fund Inc.,2026-09-15,XDMOX,Fixed Income - Taxable-High Yield,46.6,111.3,,Monthly,0.46738,0.12,20.0,7.2286,0.0,10.25,7.87,,234.941,True,False,False,True,False,False,,10.19,11.34,4.49,2.94,3.44,0.97,,,-1.96,490150,,0.0,91.1024,,,,11.07102,-4.2319,-2.41,-3.19,-2.98,2026-09-15T00:00:00,2010-02-26T00:00:00,2/26/2010,1267142400,2026-08-24T00:00:00
356,MHF,-0.0273,6.1912,6.36505,0.033999999999999996,5.14,21,Morningstar US CEF Municipal,54,"Franklin Templeton Fund Adviser, LLC",False,6.41,-0.07,6.59,2026-09-15T00:00:00,95766N103,Western Asset Municipal High Income,2026-09-15,XMHFX,Fixed Income - Municipal-Municipal,1.83,142.455,,Monthly,0.11955,0.033999999999999996,10.0,4.8935,0.0,10.67,0.8400000000000001,,149.185,True,False,False,True,False,False,,3.62,8.6,0.71,1.13,0.74,2.85,,,3.8200000000000003,604330,14.87,0.0,99.7821,,7.43,7.68,6.94531,0.41867000000000004,-1.85,-3.35,-2.81,2026-09-15T00:00:00,1988-11-28T00:00:00,11/28/1988,596678400,2026-08-24T00:00:00
357,WEA,-0.07690000000000001,7.68527,8.32507,0.06999999999999999,4.54,15,Morningstar US CEF Investment Grade,111,Western Asset Management Company Pte Ltd. â Singapore,False,10.09,-0.01,10.93,2026-09-15T00:00:00,957664105,Western Asset Premier Bond,2026-09-15,XWEAX,Fixed Income - Taxable-Investment Grade,32.9,119.724,,Monthly,0.40488,0.06999999999999999,15.0,6.2523,0.0,9.44,3.55,,193.292,True,False,False,True,False,False,,7.63,7.09,1.4,0.92,1.5,0.15,,,2.7,290170,,0.0,97.1103,,,,10.82129,-5.0521,-1.77,-3.16,-2.08,2026-09-15T00:00:00,2002-03-28T00:00:00,3/28/2002,1017273600,2026-08-24T00:00:00
358,MCN,-0.1115,11.63166,13.09091,0.06,7.46,3,Morningstar US CEF Covered Call,113,XA Investments LLC,False,5.5,-0.05,6.19,2026-09-15T00:00:00,557437100,XAI Madison Equity Premium Income Fund,2026-09-15,XMCNX,Equity-Covered-Call Funds,0.01,116.142,,Monthly,0.041210000000000004,0.06,15.0,,,,1.1,,130.713,True,False,False,False,False,False,,7.01,3.5,6.88,3.75,5.14,3.85,,,2.6,637910,,,,,,,5.88192,-8.04984,-1.9,-1.94,-2.22,2026-09-15T00:00:00,2004-07-28T00:00:00,7/28/2004,1090972800,2026-09-15T00:00:00
359,XFLT,-0.1595,11.86292,14.11396,0.22499999999999998,-12.31,19,Morningstar US CEF Senior Loans,113,XA Investments LLC,False,19.13,-0.18,22.76,2026-09-15T00:00:00,98400T304,XAI Octagon FR & Alternative Inc Trust,2026-09-15,XFLTX,Fixed Income - Taxable-Senior Loans,40.67,291.367,,Monthly,1.13446,0.22499999999999998,10.0,4.5235,,,7.5600000000000005,,584.271,True,False,True,False,False,False,,1.46,-4.55,2.2800000000000002,-2.67,-7.02,-12.47,,,-20.03,1053320,,,,,,,20.49993,-17.91837,0.38,0.9,1.31,2026-09-15T00:00:00,2017-09-27T00:00:00,9/27/2017,1506470400,2026-09-15T00:00:00
