,Ticker,Premium / Discount,DistributionRateNAV,DistributionRatePrice,DistributionAmtUSD,ReturnOnNAV,CategoryId,Category,SponsorId,SponsorName,IsManagedDistribution,Share Price,PriceChange,NAV,NAVPublished,Cusip,Fund Name,Date,NavTicker,Strategy,LeverageRatioPercentage,MarketCapUSDm,UNIIPerShare,DistributionFrequency,EarningsPerShare,CurrentDistribution,InceptionPrice,AverageCoupon,AMTPercentage,AverageWeightedMaturity,ExpenseRatio,BaselineExpense,TotalAssetsUSDm,IsLeveraged,IsPriceBelow52WkAvg,IsDiscountBelow52WkAvg,IsAMTPct,IsManaged,Term,AvgWtdDurationLevAdj,Yr3RetOnNav,Yr3RetOnPrice,Yr5RetOnNav,Yr5RetOnPrice,YTDRetOnNav,YTDRetOnPrice,SinceInceptionRetOnNav,SinceInceptionRetOnPrice,ReturnOnPrice,AvgDailyVolume,CallableYr1Pct,PrerefundedPercentage,AvgBondPrice,AvgWtdDurationNonLevAdj,EffDurationLevAdj,EffDurationNonLevAdj,Price52WkAvg,Discount52WkAvg,ZScore1Yr,ZScore3M,ZScore6M,ZScoreDate,InceptionDate,InceptionDateString,InceptionDateUnixTimestamp,DistributionDate
0,MGF,-0.066,8.33333,8.92193,0.02,-2.7,15,Morningstar US CEF Investment Grade,2,abrdn Inc.,True,2.69,-0.02,2.88,2026-10-05T00:00:00,552939100,Aberdeen Government Markets Income,2026-10-05,XMGFX,Fixed Income - Taxable-Investment Grade,,87.668,,Monthly,0.04709,0.02,10.0,4.1325,0.0,6.55,0.8,,93.86,False,False,False,True,True,False,,3.26,3.69,-1.13,-1.6099999999999999,-3.55,-4.89,,,-6.04,730700,,0.0,92.9611,,,5.83,2.9371300000000002,-5.10238,-1.1400000000000001,-0.81,-0.67,2026-10-05T00:00:00,1987-05-28T00:00:00,5/28/1987,549158400,2026-09-22T00:00:00
1,IFN,-0.11810000000000001,12.48945,14.16268,0.37,-11.43,1,Morningstar US CEF Asia Equity,1,abrdn Asia Limited,True,10.45,-0.04,11.85,2026-10-05T00:00:00,454089103,"Aberdeen India Fund, Inc",2026-10-05,XIFNX,Equity-Asia Equity,0.28,452.581,,Quarterly,-0.02798,0.37,15.0,,,,1.36,,513.214,True,False,False,False,True,False,,2.56,-3.33,-1.23,-1.18,-12.14,-14.4,,,-14.81,2052740,,,,,,,12.63805,-6.61257,-2.07,-2.62,-2.01,2026-10-05T00:00:00,1994-02-23T00:00:00,2/23/1994,761961600,2026-08-24T00:00:00
2,MIN,-0.0843,9.63855,10.52632,0.02,-0.81,13,Morningstar US CEF Global Income,2,abrdn Inc.,True,2.2800000000000002,-0.05,2.49,2026-10-05T00:00:00,55273C107,Aberdeen Intermediate Income,2026-10-05,XMINX,Fixed Income - Taxable-Global Income,,259.46,,Monthly,0.04255,0.02,10.0,4.759,0.0,3.24,0.73,,283.358,False,False,False,True,True,False,,4.18,4.29,0.79,0.16,-1.83,-4.65,,,-5.08,2340910,,0.0,98.2604,,,3.56,2.51708,-5.1774000000000004,-2.11,-2.11,-2.45,2026-10-05T00:00:00,1988-03-17T00:00:00,3/17/1988,574560000,2026-09-22T00:00:00
3,MMT,-0.0788,10.50328,11.40143,0.04,-1.98,13,Morningstar US CEF Global Income,72,MFS,True,4.21,-0.11,4.57,2026-10-05T00:00:00,552737108,Aberdeen Multi-Market Income,2026-10-05,XMMTX,Fixed Income - Taxable-Global Income,27.89,488.333,,Monthly,0.1389,0.04,10.0,6.1666,,,2.86,,735.09,True,False,False,False,True,False,,7.06,9.44,2.14,0.25,-3.18,-1.17,,,-1.76,1584470,,,95.7411,,,,4.56468,-7.64757,-0.23,0.1,0.21,2026-10-05T00:00:00,1987-03-12T00:00:00,3/12/1987,542505600,2026-09-22T00:00:00
4,MFM,-0.1197,6.62983,7.53138,0.03,-5.27,21,Morningstar US CEF Municipal,2,abrdn Inc.,False,4.78,-0.11,5.43,2026-10-05T00:00:00,552738106,Aberdeen Municipal Income,2026-10-05,XMFMX,Fixed Income - Municipal-Municipal,39.43,475.274,,Monthly,0.13078,0.03,10.0,5.1369,,,2.83,,891.404,True,False,False,False,False,False,,3.85,7.52,-2.34,-2.48,-7.18,-6.63,,,-4.67,1842050,22.29,,95.4956,,14.44,8.99,5.39746,-9.28242,-2.54,-3.49,-2.99,2026-10-05T00:00:00,1986-11-25T00:00:00,11/25/1986,533260800,2026-09-22T00:00:00
5,FAX,-0.12560000000000002,12.42236,14.20679,0.15,-1.82,13,Morningstar US CEF Global Income,1,abrdn Asia Limited,True,12.67,-0.23,14.49,2026-10-05T00:00:00,003009867,abrdn Asia-Pacific Income Fund Inc,2026-10-05,XFAPX,Fixed Income - Taxable-Global Income,40.62,553.315,,Monthly,0.50096,0.15,10.0,6.3298,,,4.22,,1065.597,True,False,False,False,True,False,,5.4,9.13,-1.3900000000000001,-0.79,-3.03,-5.88,,,-8.48,1803950,,,,,7.85,4.74,14.95048,-5.71759,-4.21,-3.65,-4.39,2026-10-05T00:00:00,1986-04-24T00:00:00,4/24/1986,514684800,2026-09-22T00:00:00
6,IAF,-0.0917,10.27146,11.30856,0.35,-1.28,9,Morningstar US CEF Single Country Equity,1,abrdn Asia Limited,True,12.38,-0.01,13.63,2026-10-05T00:00:00,003011111,abrdn Australia Equity Fund Inc,2026-10-05,XIAFX,Equity-Single-Country Equity,7.63,118.63,,Quarterly,0.10818,0.35,10.125,,,,1.9900000000000002,,141.392,True,False,True,False,True,False,,11.27,13.69,4.59,4.15,2.5700000000000003,4.93,,,1.45,224360,,,,,,,12.99143,-9.91058,0.48,0.54,0.9500000000000001,2026-10-05T00:00:00,1985-12-12T00:00:00,12/12/1985,503193600,2026-08-24T00:00:00
7,AEF,-0.0662,9.97124,10.67762,0.26,54.72,4,Morningstar US CEF Emerging Market Equity,3,abrdn Investments Limited,True,9.74,0.14,10.43,2026-10-05T00:00:00,00301W105,abrdn Emerging Markets ex-China Fund,2026-10-05,XAEFX,Equity-Emerging Market Equity,5.99,395.458,,Quarterly,0.0453,0.26,15.0,,,,1.8599999999999999,,450.473,True,True,True,False,True,False,,31.44,37.77,9.73,11.88,40.06,46.02,,,61.8,1447860,,,,,,,8.29086,-9.05059,1.44,0.8300000000000001,1.05,2026-10-05T00:00:00,1989-09-25T00:00:00,9/25/1989,622684800,2026-09-22T00:00:00
8,AGD,-0.0487,12.29718,12.92639,0.12,12.76,5,Morningstar US CEF Global Equity,3,abrdn Investments Limited,True,11.14,-0.21,11.71,2026-10-05T00:00:00,00302M106,abrdn Global Dynamic Dividend,2026-10-05,XAGDX,Equity-Global Equity,0.71,291.582,,Monthly,0.29668,0.12,20.0,,,,1.29,,308.694,True,False,False,False,True,False,,15.98,23.78,8.06,10.58,8.85,9.97,,,-0.78,1143820,,,,,,,12.02195,0.8063800000000001,-2.04,-3.99,-3.69,2026-10-05T00:00:00,2006-07-26T00:00:00,7/26/2006,1153872000,2026-09-22T00:00:00
9,ASGI,-0.0688,12.70452,13.64341,0.22,10.14,13,Morningstar US CEF Global Income,2,abrdn Inc.,True,19.35,0.27,20.78,2026-10-05T00:00:00,00326W106,abrdn Global Infrastructure Income Fund,2026-10-05,XAGIX,Fixed Income - Taxable-Global Income,1.04,612.018,,Monthly,0.08556,0.22,20.0,,,,2.16,,664.156,True,False,False,False,True,False,,14.68,19.69,8.13,10.05,5.6,-5.34,,,3.21,1906770,,,,,,,22.71027,3.12952,-2.23,-1.63,-2.07,2026-10-05T00:00:00,2020-07-28T00:00:00,7/28/2020,1595894400,2026-10-06T00:00:00
10,AWP,-0.0233,14.00778,14.34263,0.12,0.85,7,Morningstar US CEF Real Estate,2,abrdn Inc.,True,10.04,-0.14,10.28,2026-10-05T00:00:00,00302L207,abrdn Global Premier Properties,2026-10-05,XAWPX,Equity-Real Estate,11.92,309.791,,Monthly,0.10017000000000001,0.12,20.0,,,,2.27,,360.14,True,False,False,False,True,False,,12.73,14.2,0.35000000000000003,1.9300000000000002,1.38,-1.19,,,-1.3900000000000001,1274170,,,,,,,11.70423,0.9769200000000001,-3.15,-3.9,-3.52,2026-10-05T00:00:00,2007-04-26T00:00:00,4/26/2007,1177545600,2026-09-22T00:00:00
11,HQH,-0.0969,12.17712,13.48315,0.6599999999999999,25.0,8,Morningstar US CEF Sector Equity,2,abrdn Inc.,True,19.58,-0.22,21.68,2026-10-05T00:00:00,87911J103,abrdn Healthcare Investors,2026-10-05,XHQHX,Equity-Sector Equity,1.1,1151.065,,Quarterly,-0.06102,0.6599999999999999,10.0,,,,1.11,,1274.52,True,False,False,False,True,False,,17.89,24.86,7.39,7.19,15.61,20.67,,,27.62,1798440,,,,,,,19.94835,-7.09793,-1.05,-1.6,-2.01,2026-10-05T00:00:00,1987-04-23T00:00:00,4/23/1987,546134400,2026-08-24T00:00:00
12,THQ,-0.0779,10.5974,11.49296,0.16999999999999998,20.91,8,Morningstar US CEF Sector Equity,2,abrdn Inc.,True,17.75,-0.03,19.25,2026-10-05T00:00:00,879105104,abrdn Healthcare Opportunities Fund,2026-10-05,XTHQX,Equity-Sector Equity,21.99,735.881,,Monthly,-0.03549,0.16999999999999998,20.0,4.3198,,,3.02,,1023.068,True,False,False,False,True,False,,9.47,14.68,4.77,5.27,10.08,5.04,,,19.71,1575370,,,,,7.83,,18.64193,-1.1869100000000001,-2.02,-2.69,-1.5899999999999999,2026-10-05T00:00:00,2014-07-28T00:00:00,7/28/2014,1406505600,2026-09-22T00:00:00
13,ACP,-0.13119999999999998,13.12127,15.10297,0.055,-1.6800000000000002,19,Morningstar US CEF Senior Loans,3,abrdn Investments Limited,True,4.37,-0.09,5.03,2026-10-05T00:00:00,003057106,abrdn Income Credit Strategies Fund,2026-10-05,XACPX,Fixed Income - Taxable-Senior Loans,33.64,548.307,,Monthly,0.22534,0.055,20.0,7.9739,,,3.94,,951.118,True,False,False,False,True,False,,7.12,3.07,0.98,-1.7000000000000002,-0.61,-6.45,,,-8.94,5882190,,,96.5194,,4.86,3.29,5.30525,-5.88492,-3.37,-1.8599999999999999,-2.7199999999999998,2026-10-05T00:00:00,2011-01-27T00:00:00,1/27/2011,1296086400,2026-09-22T00:00:00
14,HQL,-0.0858,12.82316,14.02715,0.62,28.08,8,Morningstar US CEF Sector Equity,2,abrdn Inc.,True,17.68,0.0,19.34,2026-10-05T00:00:00,87911K100,abrdn Life Sciences Investors,2026-10-05,XHQLX,Equity-Sector Equity,0.01,553.547,,Quarterly,-0.09057,0.62,15.0,,,,1.24,,605.586,True,False,True,False,True,False,,22.86,29.73,9.07,9.45,16.67,22.33,,,36.28,1347130,,,,,,,17.89038,-9.33901,0.42,-0.3,0.08,2026-10-05T00:00:00,1992-05-08T00:00:00,5/8/1992,705283200,2026-08-24T00:00:00
15,AOD,-0.0098,12.9666,13.09524,0.11,13.33,5,Morningstar US CEF Global Equity,3,abrdn Investments Limited,True,10.08,-0.12,10.18,2026-10-05T00:00:00,00326L100,abrdn Total Dynamic Dividend,2026-10-05,XAODX,Equity-Global Equity,2.89,1062.901,,Monthly,0.22991,0.11,20.0,,,,1.21,,1105.364,True,True,True,False,True,False,,16.45,24.03,8.75,11.75,9.22,14.22,,,21.46,4606500,,,,,,,10.07962,-2.60845,0.71,-1.48,0.11,2026-10-05T00:00:00,2007-01-26T00:00:00,1/26/2007,1169769600,2026-09-22T00:00:00
16,THW,-0.0452,11.21495,11.74551,0.12,14.71,8,Morningstar US CEF Sector Equity,2,abrdn Inc.,True,12.26,-0.09,12.84,2026-10-05T00:00:00,87911L108,abrdn World Healthcare Fund,2026-10-05,XTHWX,Equity-Sector Equity,18.78,495.445,,Monthly,-0.03887,0.12,20.0,3.7691,,,1.46,,638.884,True,False,False,False,True,False,,16.38,16.63,8.46,6.88,9.2,10.93,,,15.64,1285830,,,,,13.34,,12.84592,-1.87547,-1.32,-1.43,-1.58,2026-10-05T00:00:00,2015-06-26T00:00:00,6/26/2015,1435276800,2026-09-22T00:00:00
17,ADX,-0.0347,7.46269,7.73096,0.5,15.5,10,Morningstar US CEF US Equity,4,Adams Diversified Equity Fund Inc,False,25.87,0.08,26.8,2026-10-05T00:00:00,006212104,Adams Diversified Equity Fund,2026-10-05,XADEX,Equity-U.S. Equity,0.0,3231.865,,Quarterly,0.09492,0.5,10.0,,,,0.49000000000000005,,3348.047,True,True,True,False,False,False,,22.38,29.03,13.4,17.46,12.8,16.77,,,24.57,2723700,,,,,,,24.10632,-4.53479,0.47000000000000003,-2.5,-0.55,2026-10-05T00:00:00,1929-10-01T00:00:00,10/1/1929,-1270252800,2026-07-27T00:00:00
18,PEO,-0.1066,6.8746,7.69505,0.5399999999999999,35.3,8,Morningstar US CEF Sector Equity,5,Adams Natural Resources Fund Inc,False,28.07,0.25,31.42,2026-10-05T00:00:00,00548F105,Adams Natural Resources Fund,2026-10-05,XPEOX,Equity-Sector Equity,0.7000000000000001,786.938,,Quarterly,0.29271,0.5399999999999999,15.0,,,,0.62,,880.855,True,True,False,False,False,False,,13.02,16.3,19.21,21.26,34.04,34.46,,,38.96,729720,,,,,,,25.11406,-10.18245,-0.49,-1.74,-0.39,2026-10-05T00:00:00,1929-01-30T00:00:00,1/30/1929,-1291334400,2026-07-27T00:00:00
19,AVK,-0.1304,10.59834,12.18718,0.1172,10.13,11,Morningstar US CEF Convertibles,6,"Advent Capital Management, LLC",False,11.54,-0.03,13.27,2026-10-05T00:00:00,00764C109,Advent Convertible & Income Fund,2026-10-05,XAVKX,Fixed Income - Taxable-Convertibles,37.4,509.477,,Monthly,0.22874,0.1172,25.0,5.5855,,,4.53,,935.878,True,False,False,False,False,False,,17.06,16.5,4.7,4.25,9.36,-0.6,,,0.21,1502560,,,108.8431,,,,12.51207,-6.65979,-2.44,-2.29,-2.85,2026-10-05T00:00:00,2003-04-29T00:00:00,4/29/2003,1051574400,2026-09-15T00:00:00
20,AWF,-0.1303,7.21101,8.29114,0.0655,1.9500000000000002,14,Morningstar US CEF High Yield,7,AllianceBernstein L.P.,False,9.48,-0.15,10.9,2026-10-05T00:00:00,01879R106,AllianceBernstein Global High Income,2026-10-05,XAWFX,Fixed Income - Taxable-High Yield,0.8300000000000001,817.457,,Monthly,0.35164,0.0655,15.0,6.7145,,,1.02,,947.787,True,False,False,False,False,False,,8.81,7.96,3.96,3.18,0.58,-4.05,,,-6.41,3090570,,,97.3286,,,,10.39065,-8.35891,-2.14,-3.88,-3.07,2026-10-05T00:00:00,1993-07-28T00:00:00,7/28/1993,743817600,2026-10-01T00:00:00
21,AFB,-0.1002,5.7458,6.38558,0.050179999999999995,-7.87,21,Morningstar US CEF Municipal,7,AllianceBernstein L.P.,False,9.43,-0.16,10.48,2026-10-05T00:00:00,01864U106,AllianceBernstein National Mun Inc,2026-10-05,XAFBX,Fixed Income - Municipal-Municipal,51.52,271.065,,Monthly,0.31343,0.050179999999999995,15.0,5.1411,,,3.66,,621.349,True,False,False,False,False,False,,1.63,5.35,-3.63,-4.54,-9.74,-8.22,,,-7.23,1013700,,,98.4247,,22.53,11.69,10.88456,-8.76245,-0.85,-2.42,-2.24,2026-10-05T00:00:00,2002-01-28T00:00:00,1/28/2002,1012176000,2026-10-01T00:00:00
22,NFJ,-0.0603,7.58706,8.07412,0.305,19.48,3,Morningstar US CEF Covered Call,108,"Virtus Investment Advisers, LLC",True,15.11,0.0,16.08,2026-10-05T00:00:00,92840R101,AllianzGI Div Interest & Prem Common,2026-10-05,XNFJX,Equity-Covered-Call Funds,,1404.735,0.0,Quarterly,0.06142,0.305,25.0,2.0197,,,0.9600000000000001,,1494.913,False,True,True,False,True,False,,14.7,20.45,7.33,9.33,16.86,24.46,,,26.23,1969740,,,,,,,13.97805,-8.61697,1.35,0.51,0.99,2026-10-05T00:00:00,2005-02-28T00:00:00,2/28/2005,1109548800,2026-09-14T00:00:00
23,EOD,-0.1069,8.33812,9.33606,0.14820999999999998,18.16,5,Morningstar US CEF Global Equity,8,Allspring Global Investments,False,6.35,0.03,7.11,2026-10-05T00:00:00,94987C103,Allspring Global Dividend Opp Fd,2026-10-05,XEODX,Equity-Global Equity,13.43,273.469,,Quarterly,0.1298,0.14820999999999998,20.0,7.1532,,,2.45,,353.699,True,True,False,False,False,False,,23.96,27.1,13.14,12.93,12.43,14.78,,,20.03,1207920,,,,,,,6.19128,-8.39978,-1.5899999999999999,-2.23,-2.62,2026-10-05T00:00:00,2007-03-28T00:00:00,3/28/2007,1175040000,2026-09-11T00:00:00
24,EAD,-0.12869999999999998,9.28772,10.65906,0.05294,-0.31,14,Morningstar US CEF High Yield,8,Allspring Global Investments,False,5.96,-0.07,6.84,2026-10-05T00:00:00,94987B105,Allspring Income Opps,2026-10-05,XEADX,Fixed Income - Taxable-High Yield,30.69,352.19,,Monthly,0.25923,0.05294,15.0,7.2474,,,2.95,,583.192,True,False,False,False,False,False,,8.08,9.03,2.6,1.62,-1.28,-5.43,,,-6.36,1983540,,,97.5694,,4.49,3.52,6.60455,-8.52431,-2.39,-2.36,-2.35,2026-10-05T00:00:00,2003-02-28T00:00:00,2/28/2003,1046390400,2026-09-11T00:00:00
25,ERC,-0.11539999999999999,9.12907,10.32028,0.0725,1.81,16,Morningstar US CEF Limited Duration,8,Allspring Global Investments,False,8.43,-0.05,9.53,2026-10-05T00:00:00,94987D101,Allspring Multi-Sec Inc,2026-10-05,XERCX,Fixed Income - Taxable-Limited Duration,30.8,236.494,,Monthly,0.35301,0.0725,20.0,6.8867,0.0,4.24,3.22,,386.353,True,False,False,True,False,False,,8.1,6.83,2.8200000000000003,-0.14,0.33,-2.42,,,-3.07,737980,,0.0,96.3617,,,,9.20236,-7.09078,-3.98,-2.92,-3.47,2026-10-05T00:00:00,2003-06-25T00:00:00,6/25/2003,1056499200,2026-09-11T00:00:00
26,ERH,-0.11259999999999999,9.16963,10.33274,0.08757,-8.67,26,Morningstar US CEF US Allocation,8,Allspring Global Investments,False,10.17,-0.1,11.46,2026-10-05T00:00:00,94987E109,Allspring Util & High In,2026-10-05,XERHX,Hybrid-U.S. Allocation,22.86,89.823,,Monthly,0.1865,0.08757,20.0,7.2485,,,2.43,,131.217,True,False,False,False,False,False,,12.1,14.65,5.3,2.59,-7.23,-7.22,,,-9.61,238730,,,97.6322,,4.01,3.51,12.0029,-7.79311,-2.55,-2.84,-2.96,2026-10-05T00:00:00,2004-04-30T00:00:00,4/30/2004,1083283200,2026-09-11T00:00:00
27,FINS,-0.0837,10.59094,11.55779,0.11499999999999999,3.67,26,Morningstar US CEF US Allocation,10,"Angel Oak Capital Advisors, LLC",False,11.94,-0.02,13.03,2026-10-05T00:00:00,03464A100,Angel Oak Financial Strats Income Term,2026-10-05,XFINX,Hybrid-U.S. Allocation,22.36,398.997,,Monthly,0.38984,0.11499999999999999,20.0,6.7186,,,2.92,,560.841,True,False,False,False,False,True,,9.27,10.44,2.77,2.59,0.98,-2.1,,,1.29,462880,,,99.9625,,3.34,2.85,12.8518,-6.19138,-2.23,-1.6099999999999999,-2.16,2026-10-05T00:00:00,2019-05-29T00:00:00,5/29/2019,1559088000,2026-09-16T00:00:00
28,ARDC,-0.1305,10.36071,11.91527,0.11249999999999999,-1.07,19,Morningstar US CEF Senior Loans,11,Ares Capital Management II LLC,False,11.33,-0.16,13.03,2026-10-05T00:00:00,04014F102,Ares Dynamic Credit Allocation Fund,2026-10-05,XADCX,Fixed Income - Taxable-Senior Loans,40.98,271.535,,Monthly,0.55616,0.11249999999999999,20.0,7.4979,,,5.26,,529.148,True,False,False,False,False,False,,7.47,6.45,4.39,3.09,-1.82,-6.29,,,-9.15,1151120,,,,,40.42,,12.81762,-7.1779,-3.24,-2.31,-3.06,2026-10-05T00:00:00,2012-11-27T00:00:00,11/27/2012,1353974400,2026-09-21T00:00:00
29,BANX,-0.0326,8.63309,8.92414,0.09999999999999999,3.56,8,Morningstar US CEF Sector Equity,12,"ArrowMark Asset Management, LLC",False,20.17,-0.48,21.0,2026-08-31T00:00:00,861780104,ArrowMark Financial Corp,2026-10-05,XBANX,Equity-Sector Equity,16.8,195.427,,Monthly,0.91029,0.09999999999999999,25.0,11.1103,,,6.43,,242.815,True,False,True,False,False,True,,9.6,16.43,8.79,8.42,1.6600000000000001,-2.44,,,0.97,351790,,,107.3588,,,,20.4775,-4.65098,0.45,-0.4,0.53,2026-10-05T00:00:00,2013-11-07T00:00:00,11/7/2013,1383782400,2026-09-23T00:00:00
30,ASA,-0.20309999999999997,0.11323,0.1421,0.04,41.37,8,Morningstar US CEF Sector Equity,13,ASA,False,56.3,-0.39,70.65,2026-10-05T00:00:00,G3156P103,ASA Gold and Precious Metals Limited,2026-10-05,XASAX,Equity-Sector Equity,,1086.022,,Semi-Annually,0.02585,0.04,28.0,9.086,,,1.88,,1362.832,False,False,False,False,False,False,,65.1,61.39,26.97,24.35,6.46,-6.51,,,21.87,0,,,,,,,59.40209,-13.73385,,,,,1958-09-23T00:00:00,9/23/1958,-355795200,2026-05-01T00:00:00
31,BCV,-0.1495,6.02498,7.08423,0.41,13.02,11,Morningstar US CEF Convertibles,60,Gabelli Funds LLC,False,23.15,0.11,27.22,2026-10-05T00:00:00,059695106,Bancroft Fund,2026-10-05,XBCVX,Fixed Income - Taxable-Convertibles,15.2,130.277,,Quarterly,0.01134,0.41,25.0,2.3737,,,1.31,,180.646,True,False,False,False,False,False,,20.66,21.82,4.6,3.86,14.53,9.36,,,12.24,161340,,,,,21.12,,23.703,-11.8188,-2.65,-2.68,-2.81,2026-10-05T00:00:00,1971-10-04T00:00:00,10/4/1971,55382400,2026-09-16T00:00:00
32,MCI,0.067,9.48429,8.88889,0.39999999999999997,8.88,14,Morningstar US CEF High Yield,14,Barings LLC,False,18.0,0.38,17.27,2026-06-30T00:00:00,06759X107,Barings Corporate Investors,2026-10-05,XMCIX,Fixed Income - Taxable-High Yield,17.71,370.567,,Quarterly,0.60289,0.39999999999999997,25.0,7.782,,,1.65,,422.052,True,False,False,False,False,False,,9.65,12.97,8.73,11.43,6.4,1.75,,,-7.19,347300,,,92.3472,,,,18.84968,12.98166,-0.64,0.37,0.36,2026-10-05T00:00:00,1971-09-01T00:00:00,9/1/1971,52531200,2026-08-28T00:00:00
33,BGH,-0.09949999999999999,10.28451,11.42101,0.12229999999999999,0.91,14,Morningstar US CEF High Yield,14,Barings LLC,False,12.85,-0.28,14.27,2026-10-05T00:00:00,06760L100,Barings Global Short Duration High Yield,2026-10-05,XBGHX,Fixed Income - Taxable-High Yield,32.42,258.059,,Monthly,0.67131,0.12229999999999999,25.0,8.9029,,,3.93,,424.076,True,False,False,False,False,False,,10.07,12.16,5.1,4.94,1.43,-5.89,,,-6.38,786930,,,99.958,,,,14.41611,-4.13648,-2.37,-2.87,-3.3,2026-10-05T00:00:00,2012-10-25T00:00:00,10/25/2012,1351123200,2026-09-21T00:00:00
34,MPV,0.0525,9.58549,9.10769,0.37,3.66,14,Morningstar US CEF High Yield,14,Barings LLC,False,16.25,-0.75,15.81,2026-06-30T00:00:00,06761A103,Barings Participation Invs,2026-10-05,XMPVX,Fixed Income - Taxable-High Yield,21.98,175.374,,Quarterly,0.54452,0.37,10.0,7.7819,,,1.55,,213.585,True,False,False,False,False,False,,1.1,14.49,1.13,10.99,6.38,1.49,,,-16.59,173010,,,92.2129,,,,17.85135,8.52243,-0.5700000000000001,0.28,-0.55,2026-10-05T00:00:00,1988-10-06T00:00:00,10/6/1988,592099200,2026-08-28T00:00:00
35,BXSY,-0.3921,3.62622,5.96501,0.26,21.17,26,Morningstar US CEF US Allocation,15,Bexil Corp,True,17.435,0.14,28.68,2026-10-05T00:00:00,25538A204,Bexil Investment Trust,2026-10-05,XBXIX,Hybrid-U.S. Allocation,8.09,225.667,,Quarterly,-0.02758,0.26,15.0,,,,1.9300000000000002,,403.871,True,True,False,False,True,False,,24.03,25.94,13.71,12.35,19.71,18.21,,,24.22,119730,,,,,1.11,,16.12385,-37.36878,-1.9100000000000001,-1.38,-1.43,2026-10-05T00:00:00,1998-06-29T00:00:00,6/29/1998,899078400,2026-09-16T00:00:00
36,BMN,-0.0633,4.84079,5.16766,0.09924999999999999,-6.88,21,Morningstar US CEF Municipal,16,BlackRock,False,21.77,-0.48,23.24,2026-10-05T00:00:00,09262G108,BlackRock 2037 Municipal Target term,2026-10-05,XBMNX,Fixed Income - Municipal-Municipal,26.36,133.834,,Monthly,0.609,0.09924999999999999,25.0,5.0193,,14.37,2.16,,194.025,True,False,False,False,False,True,,1.82,3.48,,,-8.92,-13.15,,,-8.32,110390,18.94,,103.2043,,,,25.59464,-0.030740000000000003,-2.59,-2.74,-3.36,2026-10-05T00:00:00,2022-10-28T00:00:00,10/28/2022,1666915200,2026-09-15T00:00:00
37,BCAT,-0.0187,21.94791,22.36628,0.25012,8.98,26,Morningstar US CEF US Allocation,16,BlackRock,True,13.64,-0.09,13.9,2026-10-05T00:00:00,09260U109,BlackRock Capital Allocation Term Trust,2026-10-05,XCATX,Hybrid-U.S. Allocation,5.18,1429.135,,Monthly,0.12959,0.25012,20.0,,,2.48,1.4,,1456.376,True,False,False,False,True,True,,12.71,18.51,5.5600000000000005,7.25,5.75,12.73,,,14.02,7009310,,,95.7637,,,,14.98533,0.9216400000000001,-0.46,-2.2,-2.08,2026-10-05T00:00:00,2020-09-28T00:00:00,9/28/2020,1601251200,2026-09-15T00:00:00
38,BHK,-0.0821,10.20753,11.1205,0.0746,-4.76,15,Morningstar US CEF Investment Grade,16,BlackRock,True,8.05,-0.12,8.77,2026-10-05T00:00:00,09249E101,BlackRock Core Bond,2026-10-05,XBHKX,Fixed Income - Taxable-Investment Grade,35.54,581.405,-0.051000000000000004,Monthly,0.27784000000000003,0.0746,15.0,5.2301,,20.03,3.34,,982.57,True,False,False,False,True,False,,4.86,3.55,-2.9699999999999998,-4.75,-5.45,-7.96,,,-9.13,2954250,,,95.2552,,7.17,7.16,9.26494,-4.68867,-2.5,-2.52,-2.05,2026-10-05T00:00:00,2001-11-30T00:00:00,11/30/2001,1007078400,2026-09-15T00:00:00
39,HYT,-0.1065,10.7079,11.98462,0.0779,1.03,14,Morningstar US CEF High Yield,16,BlackRock,True,7.8,-0.04,8.73,2026-10-05T00:00:00,09255P107,BlackRock Corporate High Yield Fund,2026-10-05,XHYTX,Fixed Income - Taxable-High Yield,20.91,1503.678,-0.113,Monthly,0.33087,0.0779,15.0,7.0114,,,2.33,,2127.883,True,False,False,False,True,False,,9.09,7.27,3.69,1.38,-0.77,-4.06,,,-7.83,8573940,,,100.4042,,4.19,,8.72188,-6.67162,-1.63,-1.29,-1.94,2026-10-05T00:00:00,2003-05-30T00:00:00,5/30/2003,1054252800,2026-09-15T00:00:00
40,BTZ,-0.1041,9.70878,10.83746,0.0839,-0.92,15,Morningstar US CEF Investment Grade,16,BlackRock,True,9.29,-0.08,10.37,2026-10-05T00:00:00,092508100,BlackRock Credit Allocation Income Trust,2026-10-05,XBTZX,Fixed Income - Taxable-Investment Grade,32.33,866.984,-0.11900000000000001,Monthly,0.34357,0.0839,25.0,5.969,,18.6,3.37,,1430.147,True,False,False,False,True,False,,7.83,8.58,0.7000000000000001,-0.45,-2.15,-7.45,,,-7.18,2785230,,,99.1292,,,,10.39276,-6.39388,-2.09,-1.9300000000000002,-2.33,2026-10-05T00:00:00,2006-12-27T00:00:00,12/27/2006,1167177600,2026-09-15T00:00:00
41,DSU,-0.0638,12.60383,13.46318,0.09873,3.22,19,Morningstar US CEF Senior Loans,16,BlackRock,True,8.8,-0.13,9.4,2026-10-05T00:00:00,09255R202,BlackRock Debt Strategies,2026-10-05,XDSUX,Fixed Income - Taxable-Senior Loans,16.19,547.708,-0.17400000000000002,Monthly,0.32235,0.09873,10.0,,,6.38,1.69,,698.052,True,False,False,False,True,False,,7.14,7.32,5.79,5.47,1.55,-3.09,,,-4.36,2781940,,,,,,,9.84874,0.029710000000000004,-3.92,-2.5,-3.06,2026-10-05T00:00:00,1998-03-27T00:00:00,3/27/1998,890956800,2026-09-15T00:00:00
42,BGR,-0.10550000000000001,6.09713,6.81611,0.0973,42.24,8,Morningstar US CEF Sector Equity,16,BlackRock,True,17.13,0.08,19.15,2026-10-05T00:00:00,09250U101,BlackRock Energy and Resources,2026-10-05,XBGRX,Equity-Sector Equity,0.0,436.064,,Monthly,0.16738,0.0973,25.0,,,,1.23,,487.486,True,True,False,False,True,False,,15.72,17.25,19.65,19.94,38.94,31.83,,,34.42,1104690,,,,,,,15.39291,-7.88214,-0.92,-1.4,-0.79,2026-10-05T00:00:00,2004-12-23T00:00:00,12/23/2004,1103760000,2026-09-15T00:00:00
43,BDJ,-0.1002,7.15607,7.95289,0.0819,17.1,3,Morningstar US CEF Covered Call,16,BlackRock,True,9.34,-0.07,10.38,2026-10-05T00:00:00,09251A104,BlackRock Enhanced Dividend Achievers,2026-10-05,XBDJX,Equity-Covered-Call Funds,0.12,1652.663,,Monthly,0.059750000000000004,0.0819,15.0,,,,0.88,,1838.812,True,True,False,False,True,False,,16.19,17.27,9.83,9.36,11.57,5.22,,,13.09,4437960,,,,,,,9.33598,-6.18372,-2.33,-3.77,-3.26,2026-10-05T00:00:00,2005-08-26T00:00:00,8/26/2005,1125014400,2026-09-15T00:00:00
44,BOE,-0.1285,7.4115,8.50386,0.0827,10.71,3,Morningstar US CEF Covered Call,16,BlackRock,True,11.67,-0.02,13.39,2026-10-05T00:00:00,092501105,BlackRock Enhanced Glbl Div Trust,2026-10-05,XBOEX,Equity-Covered-Call Funds,0.02,648.853,,Monthly,0.091,0.0827,25.0,,,,1.03,,744.486,True,False,False,False,True,False,,14.26,16.45,7.78,8.04,8.33,6.18,,,9.8,1309170,,,,,,,11.81192,-9.19915,-3.61,-3.52,-3.2,2026-10-05T00:00:00,2005-05-26T00:00:00,5/26/2005,1117065600,2026-09-15T00:00:00
45,BGY,-0.1231,7.96262,9.07993,0.0426,10.12,3,Morningstar US CEF Covered Call,16,BlackRock,True,5.63,0.01,6.42,2026-10-05T00:00:00,092524107,BlackRock Enhanced Intl Div Trust,2026-10-05,XBGYX,Equity-Covered-Call Funds,0.36,510.159,,Monthly,0.06786,0.0426,20.0,,,,1.2,,581.745,True,False,False,False,True,False,,11.72,13.21,6.78,6.47,7.38,2.29,,,6.93,2795290,,,,,,,5.78408,-8.80442,-2.12,-2.91,-2.5300000000000002,2026-10-05T00:00:00,2007-05-25T00:00:00,5/25/2007,1180051200,2026-09-15T00:00:00
46,CII,-0.016800000000000002,6.9145900000000005,7.03242,0.141,18.57,3,Morningstar US CEF Covered Call,16,BlackRock,True,24.06,-0.07,24.47,2026-10-05T00:00:00,09256A109,BlackRock Enhanced Large Cap Core Fund,2026-10-05,XCIIX,Equity-Covered-Call Funds,0.42,1051.521,,Monthly,0.01133,0.141,20.0,,,,0.93,,1073.905,True,True,False,False,True,False,,20.38,20.52,12.96,14.08,11.85,8.41,,,23.19,932190,,,,,,,23.78421,0.9869200000000001,-1.4100000000000001,-1.73,-1.78,2026-10-05T00:00:00,2004-04-27T00:00:00,4/27/2004,1083024000,2026-09-15T00:00:00
47,ECAT,-0.0659,21.68958,23.21987,0.26442,9.44,25,Morningstar US CEF Global Allocation,16,BlackRock,True,13.89,-0.1,14.87,2026-10-05T00:00:00,09262F100,BlackRock ESG Capital Allocation Term,2026-10-05,ECAT,Hybrid-Global Allocation,0.17,1381.615,,Monthly,0.08926,0.26442,20.0,,,2.02,1.4100000000000001,,1481.625,True,False,False,False,True,True,,14.53,18.55,7.8100000000000005,7.52,6.45,6.28,,,5.06,4628790,,,95.981,,,,15.29073,-2.73468,-1.71,-2.44,-2.09,2026-10-05T00:00:00,2021-09-27T00:00:00,9/27/2021,1632700800,2026-09-15T00:00:00
48,FRA,-0.08130000000000001,13.26857,14.44198,0.12383999999999999,3.45,19,Morningstar US CEF Senior Loans,17,"BlackRock Advisors, LLC",True,10.29,-0.2,11.2,2026-10-05T00:00:00,09255X100,BlackRock Floating Rate Inc Strategies,2026-10-05,XFRAX,Fixed Income - Taxable-Senior Loans,23.37,364.624,-0.184,Monthly,0.37426,0.12383999999999999,20.0,,,6.29,2.61,,517.887,True,False,False,False,True,False,,6.59,6.33,5.9,6.0,1.99,-1.08,,,-7.41,1666210,,,,,,,11.34556,-3.1997400000000003,-1.75,-2.86,-3.75,2026-10-05T00:00:00,2003-10-31T00:00:00,10/31/2003,1067558400,2026-09-15T00:00:00
49,BGT,-0.0638,13.15734,14.05414,0.12028,3.49,19,Morningstar US CEF Senior Loans,16,BlackRock,True,10.27,-0.17,10.97,2026-10-05T00:00:00,091941104,Blackrock Floating Rate Income,2026-10-05,XBGTX,Fixed Income - Taxable-Senior Loans,0.14,306.3,-0.154,Monthly,0.36013,0.12028,20.0,,,,2.06,,327.623,True,False,False,False,True,False,,6.82,7.72,6.06,6.01,1.9300000000000002,2.39,,,-1.51,1344790,,,,,,,11.0774,-3.42495,-1.5899999999999999,-2.25,-1.9300000000000002,2026-10-05T00:00:00,2004-08-30T00:00:00,8/30/2004,1093824000,2026-09-15T00:00:00
50,BME,-0.053,6.9507200000000005,7.34002,0.2621,22.31,8,Morningstar US CEF Sector Equity,16,BlackRock,True,42.85,-0.49,45.25,2026-10-05T00:00:00,09250W107,BlackRock Health Sciences,2026-10-05,XBMEX,Equity-Sector Equity,0.15,553.798,,Monthly,0.07492,0.2621,25.0,,,,1.13,,585.71,True,True,False,False,True,False,,11.3,12.02,6.63,5.44,9.96,13.58,,,27.99,427570,,,,,,,41.25894,-4.7994,-0.24,-3.22,-2.09,2026-10-05T00:00:00,2005-03-28T00:00:00,3/28/2005,1111968000,2026-09-15T00:00:00
51,BMEZ,-0.1059,7.13514,7.98065,0.11,25.07,8,Morningstar US CEF Sector Equity,16,BlackRock,True,16.54,0.07,18.5,2026-10-05T00:00:00,09260E105,BlackRock Health Sciences Term Trust,2026-10-05,XBMZX,Equity-Sector Equity,0.42,1033.773,,Monthly,0.11368,0.11,20.0,,,,1.37,,1161.099,True,True,True,False,True,True,,13.35,16.93,0.53,0.91,15.18,18.55,,,26.49,2044480,,,,,,,15.13379,-10.95744,0.27,-0.61,-0.28,2026-10-05T00:00:00,2020-01-29T00:00:00,1/29/2020,1580256000,2026-09-15T00:00:00
52,BKT,-0.0693,10.33594,11.10598,0.0882,-5.38,15,Morningstar US CEF Investment Grade,16,BlackRock,True,9.53,-0.12,10.24,2026-10-05T00:00:00,09247F209,BlackRock Income,2026-10-05,XBKTX,Fixed Income - Taxable-Investment Grade,20.36,308.667,-0.055,Monthly,0.22314,0.0882,10.0,4.4525,,,1.9700000000000002,,416.451,True,False,False,False,True,False,,3.91,3.49,-2.35,-4.1,-4.53,-6.77,,,-6.23,1348260,,,88.239,,4.8100000000000005,4.8100000000000005,10.71218,-4.54148,-2.38,-1.62,-1.99,2026-10-05T00:00:00,1988-08-01T00:00:00,8/1/1988,586396800,2026-09-15T00:00:00
53,BLW,-0.08539999999999999,10.63743,11.63014,0.1132,0.92,16,Morningstar US CEF Limited Duration,16,BlackRock,True,11.68,-0.04,12.77,2026-10-05T00:00:00,09249W101,BlackRock Limited Duration Income,2026-10-05,XBLWX,Fixed Income - Taxable-Limited Duration,36.79,456.506,-0.133,Monthly,0.49739,0.1132,20.0,6.6807,,,3.7,,789.609,True,False,False,False,True,False,,8.1,6.26,3.5700000000000003,1.43,-0.88,-9.49,,,-8.96,1320300,,,99.8125,,,,13.06287,-3.41397,-1.76,-1.65,-1.62,2026-10-05T00:00:00,2003-07-28T00:00:00,7/28/2003,1059350400,2026-09-15T00:00:00
54,BIT,-0.1162,11.81847,13.37297,0.12369999999999999,-0.18,17,Morningstar US CEF Multi-Sector,16,BlackRock,True,11.1,-0.22,12.56,2026-10-05T00:00:00,09258A107,BlackRock Multi-Sector Income Trust,2026-10-05,XBITX,Fixed Income - Taxable-Multi-Sector,38.2,633.396,-0.508,Monthly,0.44911,0.12369999999999999,20.0,6.0329,,13.4,3.26,,1159.784,True,False,False,False,True,False,,7.72,2.88,3.25,0.45,-1.8900000000000001,-5.93,,,-5.63,3059990,7.97,,97.3328,,,3.7199999999999998,12.67874,-6.32717,-3.36,-2.05,-2.76,2026-10-05T00:00:00,2013-02-25T00:00:00,2/25/2013,1361750400,2026-09-15T00:00:00
55,MUA,-0.0601,6.66667,7.09265,0.0555,-3.59,21,Morningstar US CEF Municipal,16,BlackRock,False,9.39,-0.14,9.99,2026-10-05T00:00:00,09254J102,BlackRock Muniassets,2026-10-05,XMUAX,Fixed Income - Municipal-Municipal,29.18,630.442,-0.004,Monthly,0.29111,0.0555,15.0,5.5652,,,2.59,,947.123,True,False,False,False,False,False,,5.58,8.69,-1.85,-3.03,-4.75,-5.7,,,-7.6,1710890,14.68,,91.3963,,,,10.62251,-4.7165,-0.73,0.32,-0.21,2026-10-05T00:00:00,1993-06-25T00:00:00,6/25/1993,740966400,2026-09-15T00:00:00
56,BTT,-0.08460000000000001,2.34245,2.55882,0.0464,-2.29,21,Morningstar US CEF Municipal,16,BlackRock,False,21.76,-0.18,23.77,2026-10-05T00:00:00,09257P105,BlackRock Municipal 2030 Target Term,2026-10-05,XBTTX,Fixed Income - Municipal-Municipal,35.54,1384.489,0.148,Monthly,0.36038000000000003,0.0464,25.0,4.6304,,,2.47,,2346.256,True,False,False,False,False,True,,3.91,6.73,-0.1,-0.28,-2.92,-2.51,,,-0.34,910660,24.25,,100.9811,,4.08,,22.62157,-8.00697,-0.81,-1.3,-1.37,2026-10-05T00:00:00,2012-08-29T00:00:00,8/29/2012,1346198400,2026-09-15T00:00:00
57,MHD,-0.1101,6.29075,7.06931,0.0595,-6.41,21,Morningstar US CEF Municipal,16,BlackRock,False,10.1,-0.23,11.35,2026-10-05T00:00:00,09253N104,BlackRock Municipal Income,2026-10-05,XMHDX,Fixed Income - Municipal-Municipal,44.54,1764.469,0.004,Monthly,0.30451,0.0595,15.0,5.0119,,,3.3,,3574.974,True,False,False,False,False,False,,2.04,5.75,-3.52,-3.99,-8.06,-8.5,,,-7.18,3311350,5.06,,99.8744,,11.88,,11.61586,-8.47043,-2.91,-4.23,-3.91,2026-10-05T00:00:00,1997-05-02T00:00:00,5/2/1997,862531200,2026-09-15T00:00:00
58,MUC,-0.08710000000000001,6.07955,6.65975,0.0535,-5.53,22,Morningstar US CEF Municipal-CA,16,BlackRock,False,9.64,-0.1,10.56,2026-10-05T00:00:00,09254L107,BlackRock MuniHoldings CA Qty,2026-10-05,XMUCX,Fixed Income - Municipal-Municipal - CA,42.87,1205.079,0.07100000000000001,Monthly,0.26864,0.0535,15.0,5.1148,,,3.19,,2310.743,True,False,False,False,False,False,,2.38,6.54,-3.29,-4.19,-6.57,-3.79,,,-4.59,3317270,3.68,,101.3774,,13.95,,10.69982,-8.07128,-0.62,-3.29,-2.2800000000000002,2026-10-05T00:00:00,1998-02-27T00:00:00,2/27/1998,888537600,2026-09-15T00:00:00
59,MUJ,-0.0177,5.73451,5.83784,0.054,-5.22,24,Morningstar US CEF Municipal-Single State,16,BlackRock,False,11.1,-0.2,11.3,2026-10-05T00:00:00,09254X101,BlackRock MuniHoldings NJ Qty,2026-10-05,XMUJX,Fixed Income - Municipal-Municipal - Single-State,41.89,590.355,0.085,Monthly,0.26706,0.054,15.0,4.6505,,,3.13,,1034.316,True,False,True,False,False,False,,2.48,9.42,-2.16,-1.34,-7.03,-1.35,,,2.68,1029090,20.11,,96.999,,13.29,,12.04194,-3.42395,0.71,-0.64,0.19,2026-10-05T00:00:00,1998-03-11T00:00:00,3/11/1998,889574400,2026-09-15T00:00:00
60,MIY,0.0027,5.9025300000000005,5.88659,0.0545,-5.53,24,Morningstar US CEF Municipal-Single State,16,BlackRock,False,11.11,-0.06,11.08,2026-10-05T00:00:00,09254V105,BlackRock MuniYield MI Quality,2026-10-05,XMIYX,Fixed Income - Municipal-Municipal - Single-State,41.97,321.798,0.07200000000000001,Monthly,0.27359,0.0545,15.0,4.9513,,,3.16,,553.022,True,False,True,False,False,False,,2.48,10.05,-2.46,-1.33,-7.88,0.13,,,5.7,629980,8.35,,99.8139,,16.52,,12.00713,-2.3951700000000002,0.6900000000000001,-0.74,0.18,2026-10-05T00:00:00,1992-10-30T00:00:00,10/30/1992,720403200,2026-09-15T00:00:00
61,MYN,-0.0799,6.46057,7.02171,0.051199999999999996,-7.53,23,Morningstar US CEF Municipal-NY,17,"BlackRock Advisors, LLC",False,8.75,-0.2,9.51,2026-10-05T00:00:00,09255E102,BlackRock MuniYield NY Quality,2026-10-05,XMYNX,Fixed Income - Municipal-Municipal - NY,24.63,823.582,0.069,Monthly,0.25193,0.051199999999999996,15.0,4.8619,,,3.23,,1187.623,True,False,True,False,False,False,,1.4100000000000001,5.5600000000000005,-3.54,-3.77,-9.24,-7.37,,,-6.13,1478280,9.11,,98.839,,12.5,,9.888490000000001,-8.05705,0.08,-0.45,-0.11,2026-10-05T00:00:00,1992-02-28T00:00:00,2/28/1992,699235200,2026-09-15T00:00:00
62,MPA,-0.11689999999999999,5.2274,5.91934,0.0477,-6.73,24,Morningstar US CEF Municipal-Single State,16,BlackRock,False,9.67,-0.07,10.95,2026-10-05T00:00:00,09255G107,BlackRock MuniYield PA Quality,2026-10-05,XMPAX,Fixed Income - Municipal-Municipal - Single-State,40.66,125.223,0.039,Monthly,0.31209000000000003,0.0477,15.0,4.7566,,,3.14,,238.945,True,False,False,False,False,False,,2.42,3.52,-3.1,-4.85,-8.81,-9.5,,,-10.4,323290,9.22,,97.3448,,14.6,,11.16654,-8.73919,-3.17,-2.34,-2.92,2026-10-05T00:00:00,1992-10-30T00:00:00,10/30/1992,720403200,2026-09-15T00:00:00
63,MYI,-0.0932,6.3308,6.98113,0.0555,-6.27,21,Morningstar US CEF Municipal,16,BlackRock,False,9.54,-0.23,10.52,2026-10-05T00:00:00,09254E103,BlackRock MuniYield Qty III,2026-10-05,XMYIX,Fixed Income - Municipal-Municipal,44.53,1166.681,0.04,Monthly,0.27768,0.0555,15.0,5.0812,,,3.21,,2319.271,True,False,False,False,False,False,,2.63,6.45,-2.56,-2.94,-7.96,-7.24,,,-7.61,2822510,5.82,,98.2051,,11.76,,10.85789,-7.59667,-1.9300000000000002,-2.93,-2.56,2026-10-05T00:00:00,1992-04-13T00:00:00,4/13/1992,703123200,2026-09-15T00:00:00
64,MQY,-0.09880000000000001,6.3678,7.06599,0.057999999999999996,-7.08,21,Morningstar US CEF Municipal,17,"BlackRock Advisors, LLC",False,9.85,-0.19,10.93,2026-10-05T00:00:00,09254F100,BlackRock Muniyield Quality,2026-10-05,XMQYX,Fixed Income - Municipal-Municipal,44.75,1481.756,0.060000000000000005,Monthly,0.28775,0.057999999999999996,15.0,5.0143,,,3.27,,2975.7,True,False,False,False,False,False,,2.03,4.99,-3.06,-4.2,-8.59,-7.99,,,-9.39,3911970,5.4,,99.4864,,14.22,,11.33893,-7.66754,-2.23,-2.6,-2.83,2026-10-05T00:00:00,1992-06-26T00:00:00,6/26/1992,709516800,2026-09-15T00:00:00
65,BCX,-0.09849999999999999,6.33636,7.02857,0.0697,26.23,8,Morningstar US CEF Sector Equity,16,BlackRock,True,11.9,0.0,13.2,2026-10-05T00:00:00,09257A108,BlackRock Resources&Commodities Strategy,2026-10-05,XBCRX,Equity-Sector Equity,0.0,907.233,,Monthly,0.09832,0.0697,20.0,,,,1.19,,1006.364,True,True,False,False,True,False,,14.23,17.38,13.18,13.42,18.18,13.8,,,25.39,2071800,,,,,,,11.72912,-6.83573,-1.58,-2.15,-1.6400000000000001,2026-10-05T00:00:00,2011-03-29T00:00:00,3/29/2011,1301356800,2026-09-15T00:00:00
66,BSTZ,-0.0801,5.78635,6.29032,0.1625,52.79,8,Morningstar US CEF Sector Equity,16,BlackRock,True,31.0,0.12,33.7,2026-10-05T00:00:00,09260K101,BlackRock Science and Technology Term,2026-10-05,XBSZX,Equity-Sector Equity,1.05,2131.069,,Monthly,-0.15007,0.1625,20.0,,,,1.35,,2341.174,True,True,True,False,True,True,,30.33,36.93,5.72,6.82,43.68,44.78,,,53.32,2071470,,,,,,,25.61912,-9.55709,0.88,0.02,0.46,2026-10-05T00:00:00,2019-06-26T00:00:00,6/26/2019,1561507200,2026-09-15T00:00:00
67,BST,-0.0509,5.6359200000000005,5.93824,0.25,36.63,8,Morningstar US CEF Sector Equity,16,BlackRock,True,50.52,-0.81,53.23,2026-10-05T00:00:00,09258G104,BlackRock Science and Technology Trust,2026-10-05,XBSTX,Equity-Sector Equity,0.1,1754.055,,Monthly,-0.29713,0.25,20.0,,,,1.11,,1849.919,True,True,True,False,True,False,,30.17,29.61,9.3,9.93,34.29,36.02,,,39.84,1011700,,,,,0.26,,43.58146,-6.16284,0.52,-0.09,0.61,2026-10-05T00:00:00,2014-10-29T00:00:00,10/29/2014,1414540800,2026-09-15T00:00:00
68,BBN,-0.0802,7.6533,8.32068,0.0986,-4.44,20,Morningstar US CEF Taxable Muni,17,"BlackRock Advisors, LLC",True,14.22,-0.2,15.46,2026-10-05T00:00:00,09248X100,BlackRock Taxable Municipal Bond Trust,2026-10-05,XBBNX,Fixed Income - Taxable-Taxable Muni,37.86,878.69,0.077,Monthly,0.52117,0.0986,20.0,5.9206,,,3.1,,1537.352,True,False,False,False,True,False,,4.48,5.45,-3.06,-4.47,-5.4,-6.72,,,-6.67,2162210,3.39,,99.4279,,8.12,8.12,16.18366,-5.03644,-1.8,-2.0,-2.46,2026-10-05T00:00:00,2010-08-27T00:00:00,8/27/2010,1282867200,2026-09-15T00:00:00
69,BTX,-0.1168,5.9322,6.71642,0.0525,40.05,10,Morningstar US CEF US Equity,16,BlackRock,True,9.38,0.16,10.62,2026-10-05T00:00:00,09260Q108,BlackRock Tech and Private Equity Term,2026-10-05,XBTPX,Equity-U.S. Equity,1.01,1094.743,,Monthly,-0.048940000000000004,0.0525,20.0,,,,1.46,,1252.076,True,True,True,False,True,True,,16.77,21.11,-3.31,-3.35,37.97,44.88,,,45.88,7296540,,,,,,,7.61042,-13.77697,0.96,-0.17,0.33,2026-10-05T00:00:00,2021-03-26T00:00:00,3/26/2021,1616716800,2026-09-15T00:00:00
70,BUI,-0.0163,7.36255,7.48481,0.154,8.23,8,Morningstar US CEF Sector Equity,16,BlackRock,True,24.69,-0.18,25.1,2026-10-05T00:00:00,09248D104,"BlackRock Util, Infra & Power Opp",2026-10-05,XBUIX,Equity-Sector Equity,0.11,742.787,,Monthly,0.19198,0.154,20.0,,,,1.09,,755.122,True,False,False,False,True,False,,15.95,17.39,8.28,7.73,7.25,3.15,,,7.14,764160,,,,,,,27.08529,1.58006,-1.09,-2.63,-1.1400000000000001,2026-10-05T00:00:00,2011-11-23T00:00:00,11/23/2011,1322006400,2026-09-15T00:00:00
71,BHV,0.1565,5.44367,4.7069,0.0455,-8.77,24,Morningstar US CEF Municipal-Single State,16,BlackRock,False,11.6,0.02,10.03,2026-10-05T00:00:00,092481100,BlackRock VA Municipal Bond,2026-10-05,XBHVX,Fixed Income - Municipal-Municipal - Single-State,42.05,18.424,0.024,Monthly,0.20605,0.0455,15.0,4.8843,,,4.36,,27.489,True,True,True,False,False,False,,0.9400000000000001,13.35,-4.55,-4.03,-10.01,15.82,,,13.38,53340,8.69,,99.5776,,16.97,10.27,11.43378,0.75099,1.5899999999999999,0.26,0.93,2026-10-05T00:00:00,2002-04-30T00:00:00,4/30/2002,1020124800,2026-09-15T00:00:00
72,BGX,-0.1391,7.85597,9.12548,0.08,1.03,19,Morningstar US CEF Senior Loans,18,Blackstone Liquid Credit Strategies LLC,False,10.52,-0.02,12.22,2026-10-05T00:00:00,09257D102,Blackstone Long-Short Credit Income,2026-10-05,XXBGX,Fixed Income - Taxable-Senior Loans,33.92,133.691,,Monthly,0.47335,0.08,20.0,7.073,,,4.65,,234.995,True,False,False,False,False,False,,6.47,6.21,3.6,1.96,-0.02,-4.01,,,-3.93,689420,,,,,17.0,,11.13158,-11.29933,-1.6400000000000001,-1.4100000000000001,-1.99,2026-10-05T00:00:00,2011-01-27T00:00:00,1/27/2011,1296086400,2026-09-23T00:00:00
73,BSL,-0.0394,7.49442,7.80186,0.08399999999999999,0.9400000000000001,19,Morningstar US CEF Senior Loans,18,Blackstone Liquid Credit Strategies LLC,False,12.92,-0.06,13.45,2026-10-05T00:00:00,09256U105,Blackstone Senior Floating Rt 2027 term,2026-10-05,XBSLX,Fixed Income - Taxable-Senior Loans,33.5,168.218,,Monthly,0.49904,0.08399999999999999,20.0,7.1345,,,4.68,,263.318,True,False,False,False,False,True,,5.85,8.42,4.02,3.88,0.2,1.19,,,-0.22,440070,,,,,3.73,,13.22915,-3.84247,-0.12,-0.77,-0.51,2026-10-05T00:00:00,2010-05-26T00:00:00,5/26/2010,1274832000,2026-09-23T00:00:00
74,BGB,-0.055600000000000004,7.58974,8.0362,0.074,0.02,19,Morningstar US CEF Senior Loans,18,Blackstone Liquid Credit Strategies LLC,False,11.05,-0.08,11.7,2026-10-05T00:00:00,09257R101,Blackstone Strategic Credit 2027 term,2026-10-05,XBGBX,Fixed Income - Taxable-Senior Loans,39.19,493.7,,Monthly,0.40459,0.074,20.0,6.9282,,,5.4,,859.675,True,False,False,False,False,True,,6.32,10.16,3.49,4.59,-0.9400000000000001,0.75,,,0.13,1400410,,,,,17.78,,11.4711,-5.02953,-0.67,-1.56,-1.21,2026-10-05T00:00:00,2012-09-26T00:00:00,9/26/2012,1348617600,2026-09-23T00:00:00
75,BPRE,-0.436,7.28932,12.9238,0.1371,-5.97,7,Morningstar US CEF Real Estate,19,"Bluerock Fund Advisors, LLC",True,12.73,0.04,22.57,2026-10-05T00:00:00,09631P102,Bluerock Private Real Estate Fund,2026-10-05,XBPREX,Equity-Real Estate,,1820.955,,Monthly,,0.1371,14.0,11.1334,,,0.0,,3228.511,False,True,True,False,True,False,,-6.18,,-1.72,,-2.74,-9.63,,,,0,,,,,,,,,,0.9500000000000001,-0.58,2026-10-05T00:00:00,2014-04-01T00:00:00,4/1/2014,1396310400,2026-09-16T00:00:00
76,DHF,-0.1323,8.17121,9.41704,0.017499999999999998,-0.5,14,Morningstar US CEF High Yield,20,BNY Mellon,False,2.23,0.0,2.57,2026-10-05T00:00:00,09660L105,BNY Mellon High Yield Strategies Fund,2026-10-05,XDHFX,Fixed Income - Taxable-High Yield,28.36,162.202,,Monthly,0.09917000000000001,0.017499999999999998,15.0,7.0814,,,3.18,,260.933,True,False,False,False,False,False,,8.3,10.08,2.58,0.9400000000000001,-1.58,-5.11,,,-6.61,3515890,7.1,,98.7994,,4.58,,2.44159,-10.05578,-1.72,-1.03,-1.65,2026-10-05T00:00:00,1998-04-29T00:00:00,4/29/1998,893808000,2026-09-10T00:00:00
77,DMB,-0.09880000000000001,5.7526399999999995,6.38298,0.049999999999999996,-6.39,21,Morningstar US CEF Municipal,20,BNY Mellon,False,9.4,-0.08,10.43,2026-10-05T00:00:00,09662W109,BNY Mellon Muni Bond Infrastructure Fund,2026-10-05,XDMBX,Fixed Income - Municipal-Municipal,37.97,173.016,,Monthly,0.24734,0.049999999999999996,15.0,5.1207,,,3.19,,309.469,True,False,False,False,False,False,,2.16,2.27,-2.7,-5.65,-8.23,-11.4,,,-7.95,602620,0.21000000000000002,,98.0971,,12.2,9.39,10.75227,-7.39085,-1.8399999999999999,-1.98,-2.45,2026-10-05T00:00:00,2013-04-26T00:00:00,4/26/2013,1366934400,2026-09-17T00:00:00
78,DSM,-0.1075,6.23917,6.99029,0.03,-6.38,21,Morningstar US CEF Municipal,20,BNY Mellon,False,5.15,-0.03,5.77,2026-10-05T00:00:00,09662E109,BNY Mellon Strategic Muni Bond,2026-10-05,XDSMX,Fixed Income - Municipal-Municipal,37.03,254.558,,Monthly,0.15742,0.03,10.0,5.0126,,,2.73,,452.901,True,False,False,False,False,False,,2.67,6.12,-3.32,-3.96,-8.22,-12.02,,,-7.25,1196900,0.6900000000000001,,95.9354,,9.57,8.59,5.97926,-7.22676,-2.43,-2.36,-2.5,2026-10-05T00:00:00,1989-11-22T00:00:00,11/22/1989,627696000,2026-09-14T00:00:00
79,LEO,-0.10769999999999999,5.8727599999999995,6.5813500000000005,0.03,-5.57,21,Morningstar US CEF Municipal,20,BNY Mellon,False,5.47,-0.12,6.13,2026-10-05T00:00:00,05588W108,BNY Mellon Strategic Municipals,2026-10-05,XLEOX,Fixed Income - Municipal-Municipal,36.33,340.731,,Monthly,0.15752,0.03,10.0,5.133,,,2.76,,599.763,True,False,False,False,False,False,,2.98,5.86,-3.0,-4.46,-7.2,-9.09,,,-6.47,2040970,0.64,,96.1942,,10.02,8.78,6.28314,-7.64716,-2.77,-2.94,-3.18,2026-10-05T00:00:00,1987-09-23T00:00:00,9/23/1987,559353600,2026-09-14T00:00:00
80,BWG,-0.1552,11.82266,13.99417,0.08,-4.05,13,Morningstar US CEF Global Income,54,"Franklin Templeton Fund Adviser, LLC",True,6.86,-0.03,8.12,2026-10-05T00:00:00,10537L104,BrandywineGLOBAL â Global Inc Opp Fund,2026-10-05,XBWGX,Fixed Income - Taxable-Global Income,42.54,115.192,,Monthly,0.40321,0.08,20.0,7.585,,,4.62,,237.311,True,False,False,False,True,False,,8.0,9.39,0.29,-0.18,-3.75,-9.4,,,-10.12,764810,,,,,,,8.06577,-9.02202,-3.74,-3.21,-4.41,2026-10-05T00:00:00,2012-03-28T00:00:00,3/28/2012,1332892800,2026-09-23T00:00:00
81,RA,-0.1465,10.58296,12.3993,0.118,1.42,14,Morningstar US CEF High Yield,21,Brookfield Public Securities Group LLC,True,11.42,-0.19,13.38,2026-10-05T00:00:00,112830104,Brookfield Real Assets Income Fund Inc.,2026-10-05,XRAIX,Fixed Income - Taxable-High Yield,25.19,631.009,,Monthly,0.43376000000000003,0.118,25.0,6.5269,,,3.34,,988.219,True,False,False,False,True,False,,7.51,9.35,3.5700000000000003,0.12,0.06,-3.19,,,-3.51,1762630,,,96.6205,,8.9,,12.86295,-9.54201,-3.88,-2.56,-3.37,2026-10-05T00:00:00,2016-12-02T00:00:00,12/2/2016,1480636800,2026-09-10T00:00:00
82,CFND,-0.5393,,,,-17.43,10,Morningstar US CEF US Equity,23,C1 Advisors LLC,True,2.99,0.08,6.49,2026-06-30T00:00:00,12673Q103,C1 Fund Inc.,2026-10-05,XCFNDX,Equity-U.S. Equity,,19.639,,Semi-Annually,-0.24685,,10.0,,,,5.86,,42.629,False,False,False,False,True,False,,,,,,-16.9,-38.78,,,-63.19,438320,,,,,,,4.27603,-42.48363,-0.7000000000000001,-0.19,-0.29,2026-10-05T00:00:00,2025-08-07T00:00:00,8/7/2025,1754524800,
83,CHY,-0.059699999999999996,9.67742,10.2916,0.09999999999999999,19.08,11,Morningstar US CEF Convertibles,24,Calamos Advisors LLC,False,11.66,-0.06,12.4,2026-10-05T00:00:00,12811P108,Calamos Convertible & High Income Fund,2026-10-05,XCHYX,Fixed Income - Taxable-Convertibles,32.2,936.651,,Monthly,-0.10886,0.09999999999999999,15.0,3.6347,,,4.01,,1469.114,True,False,False,False,False,False,,18.67,13.02,5.58,4.72,16.63,10.2,,,15.07,1864700,,,110.455,,,,12.16956,-0.76036,-2.45,-2.76,-1.85,2026-10-05T00:00:00,2003-05-28T00:00:00,5/28/2003,1054080000,2026-09-14T00:00:00
84,CHI,-0.0124,9.76864,9.891539999999999,0.095,18.66,11,Morningstar US CEF Convertibles,24,Calamos Advisors LLC,False,11.525,-0.05,11.67,2026-10-05T00:00:00,128117108,Calamos Convertible Opp Inc,2026-10-05,XCHIX,Fixed Income - Taxable-Convertibles,31.55,930.146,,Monthly,-0.09886,0.095,15.0,3.5968,,,3.98,,1375.898,True,False,False,False,False,False,,18.47,14.22,5.5,5.06,16.5,16.25,,,16.96,1776990,,,110.6368,,,,11.7967,2.06371,-1.24,-2.61,-1.32,2026-10-05T00:00:00,2002-06-26T00:00:00,6/26/2002,1025049600,2026-09-14T00:00:00
85,CCD,-0.0197,10.01712,10.21834,0.19499999999999998,22.44,11,Morningstar US CEF Convertibles,24,Calamos Advisors LLC,False,22.9,0.08,23.36,2026-10-05T00:00:00,12811V105,Calamos Dynamic Convertible and Income,2026-10-05,XCCDX,Fixed Income - Taxable-Convertibles,29.9,654.547,,Monthly,-0.41014,0.19499999999999998,25.0,2.6269,,,4.26,,952.454,True,False,False,False,False,True,,20.52,18.97,5.75,4.85,19.99,15.85,,,19.21,791750,,,,,,,23.24835,1.5925600000000002,-1.53,-2.06,-1.08,2026-10-05T00:00:00,2015-03-27T00:00:00,3/27/2015,1427414400,2026-09-14T00:00:00
86,CHW,-0.1441,7.6841,8.97756,0.06,16.56,25,Morningstar US CEF Global Allocation,24,Calamos Advisors LLC,False,8.02,0.02,9.37,2026-10-05T00:00:00,12811L107,Calamos Global Dynamic Income Fund,2026-10-05,XCHWX,Hybrid-Global Allocation,29.63,512.192,,Monthly,-0.03591,0.06,15.0,4.8766,,,3.85,,850.373,True,False,False,False,False,False,,22.62,23.65,7.93,6.07,18.38,14.65,,,15.73,1856790,,,,,,,8.06603,-10.2747,-3.01,-2.91,-2.27,2026-10-05T00:00:00,2007-06-27T00:00:00,6/27/2007,1182902400,2026-09-14T00:00:00
87,CGO,-0.1176,7.5156600000000005,8.51735,0.09,16.73,25,Morningstar US CEF Global Allocation,24,Calamos Advisors LLC,False,12.68,-0.01,14.37,2026-10-05T00:00:00,128118106,Calamos Global Total Return,2026-10-05,XCGOX,Hybrid-Global Allocation,29.49,124.61,,Monthly,-0.07175000000000001,0.09,15.0,4.7922,,,4.02,,200.295,True,True,False,False,False,False,,23.38,24.09,7.84,5.03,19.22,19.31,,,16.02,258520,,,,,,,12.44775,-9.36128,-1.99,-3.17,-1.65,2026-10-05T00:00:00,2005-10-27T00:00:00,10/27/2005,1130371200,2026-09-14T00:00:00
88,CPZ,-0.1594,11.252510000000001,13.38645,0.13999999999999999,-5.3,5,Morningstar US CEF Global Equity,24,Calamos Advisors LLC,False,12.55,0.0,14.93,2026-10-05T00:00:00,12812C106,Calamos L/S Equity & Dynamic Inc Trust,2026-10-05,XCPZX,Equity-Global Equity,48.47,246.384,,Monthly,0.08155,0.13999999999999999,20.0,5.7136,,,4.38,,568.8,True,False,False,False,False,False,,5.5600000000000005,6.48,2.0,1.3599999999999999,-2.31,-6.67,,,-12.37,781550,,,99.3359,,,,14.03234,-10.69174,-2.46,-2.54,-2.47,2026-10-05T00:00:00,2019-11-29T00:00:00,11/29/2019,1574985600,2026-09-14T00:00:00
89,CSQ,-0.10310000000000001,7.13656,7.95678,0.13499999999999998,17.29,26,Morningstar US CEF US Allocation,24,Calamos Advisors LLC,False,20.36,-0.11,22.7,2026-10-05T00:00:00,128125101,Calamos Strategic Total Return,2026-10-05,XCSQX,Hybrid-U.S. Allocation,27.95,3265.126,,Monthly,-0.08754,0.13499999999999998,15.0,4.2309,,,3.69,,5052.558,True,True,False,False,False,False,,25.57,21.89,13.3,11.15,14.02,11.81,,,13.82,2232010,,,,,,,19.55454,-8.70758,-1.23,-2.04,-0.96,2026-10-05T00:00:00,2004-03-26T00:00:00,3/26/2004,1080259200,2026-09-14T00:00:00
90,CCIF,-0.24609999999999999,22.71293,30.12552,0.06,-39.1,19,Morningstar US CEF Senior Loans,25,Carlyle Global Credit Inv Mgmt,True,2.39,-0.3,3.23,2026-08-31T00:00:00,92535C104,Carlyle Credit Income Ord,2026-10-05,XCCIFX,Fixed Income - Taxable-Senior Loans,46.01,50.665,,Monthly,0.18345,0.06,8.65,8.718,,,11.36,,124.472,True,False,False,False,True,False,,-15.7,-18.45,-13.36,-12.53,-31.65,-37.08,,,-46.02,1303490,,,46.8847,,,,3.68806,-11.76563,-1.8599999999999999,-1.7000000000000002,-1.53,2026-10-05T00:00:00,2011-12-30T00:00:00,12/30/2011,1325203200,2026-09-18T00:00:00
91,IGR,-0.023700000000000002,18.32061,18.76629,0.18,-4.8100000000000005,7,Morningstar US CEF Real Estate,26,CBRE Investment Management Listed Real Assets LLC,True,11.51,-0.13,11.79,2026-10-05T00:00:00,12504G878,CBRE Global Real Estate Income,2026-10-05,XIGRX,Equity-Real Estate,35.0,581.779,,Monthly,0.12236,0.18,15.0,,,,3.84,,916.865,True,False,False,False,True,False,,6.36,10.56,-1.58,0.45,0.11,0.75,,,-10.7,2576540,,,,,,,13.86372,0.6869200000000001,-1.4,-1.4,-1.85,2026-10-05T00:00:00,2004-02-18T00:00:00,2/18/2004,1077062400,2026-09-21T00:00:00
92,CET,-0.1607,0.9252400000000001,1.10242,0.31,13.42,10,Morningstar US CEF US Equity,27,Central Securities Corp,False,56.24,0.75,67.01,2026-10-02T00:00:00,155123102,Central Securities Corporation,2026-10-05,XCETX,Equity-U.S. Equity,0.32,1661.851,,Semi-Annually,0.8325400000000001,0.31,10.0,,,,0.46,,1980.096,True,True,False,False,False,False,,20.11,22.23,11.37,12.33,10.4,10.1,,,14.14,369360,,,,,,0.05,52.27919,-15.64317,-0.47000000000000003,0.27,-0.41000000000000003,2026-10-05T00:00:00,1980-07-28T00:00:00,7/28/1980,333590400,2026-06-12T00:00:00
93,EMO,-0.1116,8.69104,9.78326,0.41,23.21,6,Morningstar US CEF MLP,54,"Franklin Templeton Fund Adviser, LLC",False,50.29,-0.02,56.61,2026-10-05T00:00:00,18469P209,ClearBridge Energy Midstream Opportunity,2026-10-05,XEMOX,Equity-MLP,24.9,1005.309,,Monthly,-0.08994,0.41,20.0,,,,3.12,,1506.856,True,True,False,False,False,False,,24.86,27.87,24.04,28.43,19.59,19.66,,,21.91,526800,,,,,,,49.12352,-9.76189,-0.7000000000000001,-0.61,-0.04,2026-10-05T00:00:00,2011-06-13T00:00:00,6/13/2011,1307923200,2026-09-23T00:00:00
94,GLV,-0.1433,10.0325,11.71034,0.0566,8.75,25,Morningstar US CEF Global Allocation,28,Clough Capital Partners L.P.,True,5.8,0.01,6.77,2026-10-05T00:00:00,18913Y103,Clough Global Dividend and Income,2026-10-05,XGLVX,Hybrid-Global Allocation,33.4,71.976,,Monthly,0.00647,0.0566,20.0,4.8566,,,3.06,,126.144,True,False,False,False,True,False,,14.11,17.9,1.3900000000000001,-1.04,7.17,5.25,,,8.44,405030,,,,,14.12,12.58,6.15189,-12.01652,-2.08,-2.24,-1.77,2026-10-05T00:00:00,2004-07-28T00:00:00,7/28/2004,1090972800,2026-09-17T00:00:00
95,GLQ,-0.1398,9.94091,11.55614,0.07289999999999999,8.33,5,Morningstar US CEF Global Equity,28,Clough Capital Partners L.P.,True,7.57,-0.03,8.8,2026-10-05T00:00:00,18914C100,Clough Global Equity,2026-10-05,XGLQX,Equity-Global Equity,33.26,141.848,,Monthly,-0.056870000000000004,0.07289999999999999,20.0,,,,3.41,,247.065,True,False,False,False,True,False,,19.66,23.88,0.76,-1.31,6.99,5.68,,,9.17,626250,,,,,0.06,,8.01509,-11.11115,-2.58,-3.25,-2.93,2026-10-05T00:00:00,2005-04-27T00:00:00,4/27/2005,1114560000,2026-09-17T00:00:00
96,GLO,-0.1369,10.26115,11.8893,0.0537,4.48,25,Morningstar US CEF Global Allocation,28,Clough Capital Partners L.P.,True,5.42,0.0,6.28,2026-10-05T00:00:00,18914E106,Clough Global Opportunities,2026-10-05,XGLOX,Hybrid-Global Allocation,34.03,231.793,,Monthly,-0.0235,0.0537,20.0,4.8811,,,3.54,,407.123,True,False,False,False,True,False,,15.34,19.17,-1.82,-4.13,3.95,2.45,,,4.49,1494270,,,,,16.22,13.75,5.80072,-11.38097,-2.22,-2.19,-1.9500000000000002,2026-10-05T00:00:00,2006-04-25T00:00:00,4/25/2006,1145923200,2026-09-17T00:00:00
97,FOF,-0.0369,8.19466,8.50856,0.087,5.66,26,Morningstar US CEF US Allocation,30,"Cohen &amp; Steers Capital Management, Inc.",False,12.27,-0.23,12.74,2026-10-05T00:00:00,19248P106,Cohen & Steers Closed-End Opportunity,2026-10-05,XFOFX,Hybrid-U.S. Allocation,,341.419,,Monthly,0.17839,0.087,20.0,6.1386,,7.64,0.9500000000000001,,354.497,False,False,False,False,False,False,,17.29,16.06,7.46,7.3,2.07,0.07,,,3.35,632990,,,95.6359,,,,13.46711,0.7588400000000001,-2.18,-1.7000000000000002,-2.3,2026-10-05T00:00:00,2006-11-20T00:00:00,11/20/2006,1163980800,2026-09-08T00:00:00
98,UTF,-0.019100000000000002,7.71629,7.86651,0.16499999999999998,3.16,8,Morningstar US CEF Sector Equity,29,Cohen &amp; Steers,False,25.17,0.0,25.66,2026-10-05T00:00:00,19248A109,Cohen & Steers Infrastructure,2026-10-05,XUTFX,Equity-Sector Equity,29.66,2814.26,,Monthly,0.38602000000000003,0.16499999999999998,20.0,5.4498,,,3.43,,4079.047,True,False,True,False,False,False,,15.75,16.69,7.18,5.92,4.21,7.99,,,7.03,3467420,,,103.041,,7.43,,25.8454,-5.32929,1.5,0.5,0.93,2026-10-05T00:00:00,2004-03-30T00:00:00,3/30/2004,1080604800,2026-09-08T00:00:00
99,LDP,-0.1038,7.41859,8.27804,0.131,1.34,18,Morningstar US CEF Preferreds,30,"Cohen &amp; Steers Capital Management, Inc.",False,18.99,-0.44,21.19,2026-10-05T00:00:00,19248C105,Cohen & Steers Ltd Duration Pref & Inc,2026-10-05,XLDPX,Fixed Income - Taxable-Preferreds,33.83,552.214,,Monthly,0.7218,0.131,25.0,,,,3.67,,931.189,True,False,False,False,False,False,,10.88,12.64,3.5700000000000003,1.29,-0.28,-3.35,,,-3.84,652990,,,,,88.99,,20.87714,-6.33015,-2.65,-1.87,-2.5300000000000002,2026-10-05T00:00:00,2012-07-27T00:00:00,7/27/2012,1343347200,2026-09-08T00:00:00
100,RQI,-0.0876,9.01503,9.88106,0.09,4.14,7,Morningstar US CEF Real Estate,29,Cohen &amp; Steers,False,10.93,-0.13,11.98,2026-10-05T00:00:00,19247L106,Cohen & Steers Qual Inc Realty,2026-10-05,XRQIX,Equity-Real Estate,28.73,1607.524,,Monthly,0.13026000000000001,0.09,15.0,4.5417000000000005,,,3.45,,2472.077,True,False,False,False,False,False,,12.7,11.68,3.15,2.2,8.7,2.05,,,-3.56,5352060,,,102.1293,,7.49,,12.33538,-4.37649,-1.37,-0.67,-0.96,2026-10-05T00:00:00,2002-02-28T00:00:00,2/28/2002,1014854400,2026-09-08T00:00:00
101,RLTY,-0.11900000000000001,8.53816,9.69163,0.11,3.11,7,Morningstar US CEF Real Estate,30,"Cohen &amp; Steers Capital Management, Inc.",True,13.62,-0.21,15.46,2026-10-05T00:00:00,19249Q103,Cohen & Steers Real Estate Opp & Inc Fd,2026-10-05,XRLTX,Equity-Real Estate,35.29,227.759,,Monthly,0.17708000000000002,0.11,20.0,5.2869,,,4.55,,399.528,True,False,False,False,True,False,,11.64,11.44,,,4.85,0.42,,,-1.24,599010,,,104.0393,,,,15.24228,-7.79677,-3.19,-3.15,-3.84,2026-10-05T00:00:00,2022-02-24T00:00:00,2/24/2022,1645660800,2026-09-08T00:00:00
102,RNP,-0.0981,8.12749,9.0116,0.13599999999999998,1.7000000000000002,7,Morningstar US CEF Real Estate,30,"Cohen &amp; Steers Capital Management, Inc.",True,18.11,-0.42,20.08,2026-10-05T00:00:00,19247X100,Cohen & Steers REIT & Preferred Inc Fd,2026-10-05,XRNPX,Equity-Real Estate,31.83,869.281,,Monthly,0.40266,0.13599999999999998,25.0,5.8091,,,3.37,,1413.967,True,False,False,False,True,False,,11.74,11.3,3.01,2.33,3.66,-0.37,,,-10.22,1248910,,,106.003,,6.69,,20.50255,-4.14993,-2.01,-4.42,-2.34,2026-10-05T00:00:00,2003-06-27T00:00:00,6/27/2003,1056672000,2026-09-08T00:00:00
103,PSF,-0.1208,7.3648299999999995,8.37673,0.126,-0.2,18,Morningstar US CEF Preferreds,29,Cohen &amp; Steers,False,18.05,-0.21,20.53,2026-10-05T00:00:00,19248Y107,Cohen & Steers Select Preferred & Inc,2026-10-05,XPSFX,Fixed Income - Taxable-Preferreds,34.31,217.109,,Monthly,0.69831,0.126,25.0,7.0987,,,3.76,,375.939,True,False,False,False,False,False,,10.36,8.04,2.33,-0.87,-1.63,-5.29,,,-5.86,389430,,,101.0886,,86.4,,19.91605,-8.80437,-2.13,-1.51,-2.07,2026-10-05T00:00:00,2010-11-24T00:00:00,11/24/2010,1290556800,2026-09-08T00:00:00
104,PTA,-0.11710000000000001,8.33161,9.43662,0.13399999999999998,-1.01,18,Morningstar US CEF Preferreds,30,"Cohen &amp; Steers Capital Management, Inc.",True,17.04,-0.3,19.3,2026-10-05T00:00:00,19249X108,Cohen & Steers Tax-adv Prd Sec and Inc,2026-10-05,XPTAX,Fixed Income - Taxable-Preferreds,36.19,941.86,,Monthly,0.63166,0.13399999999999998,25.0,7.3128,,,4.36,,1671.682,True,False,False,False,True,False,,9.03,8.52,1.9300000000000002,1.09,-2.1,-4.11,,,-7.42,1546930,,,103.3882,,,,19.2142,-7.12336,-3.03,-1.9500000000000002,-2.48,2026-10-05T00:00:00,2020-10-28T00:00:00,10/28/2020,1603843200,2026-09-08T00:00:00
105,RFI,-0.0548,8.77514,9.28433,0.08,2.56,7,Morningstar US CEF Real Estate,30,"Cohen &amp; Steers Capital Management, Inc.",False,10.34,-0.15,10.94,2026-10-05T00:00:00,19247R103,Cohen & Steers Total Return,2026-10-05,XRFIX,Equity-Real Estate,0.04,276.715,,Monthly,0.15775,0.08,15.0,6.5819,,,0.9400000000000001,,292.897,True,False,False,False,False,False,,9.91,8.56,2.67,-0.34,5.3,1.09,,,-5.73,973450,,,,,,,11.34266,-1.78899,-1.51,-2.14,-1.21,2026-10-05T00:00:00,1993-09-27T00:00:00,9/27/1993,749088000,2026-09-08T00:00:00
106,STK,-0.0683,3.11763,3.34599,0.46249999999999997,63.98,3,Morningstar US CEF Covered Call,31,"Columbia Mgmt Investment Advisers, LLC",True,55.29,0.24,59.34,2026-10-05T00:00:00,19842X109,Columbia Seligman Premium Technology Gr,2026-10-05,XSTKX,Equity-Covered-Call Funds,,978.36,,Quarterly,-0.11919,0.46249999999999997,20.0,,,,1.12,,1050.216,False,True,False,False,True,False,,42.1,38.19,23.82,21.88,54.97,50.57,,,62.75,569520,,,,,,,44.54484,-4.58341,-1.04,0.05,-0.66,2026-10-05T00:00:00,2009-11-25T00:00:00,11/25/2009,1259107200,2026-08-17T00:00:00
107,CLM,0.0223,23.25359,22.74571,0.1215,12.88,10,Morningstar US CEF US Equity,32,"Cornerstone Advisors, LLC",True,6.41,0.09,6.27,2026-10-02T00:00:00,21924B302,Cornerstone Strategic Investment Fund,2026-10-05,XCLMX,Equity-U.S. Equity,0.0,1985.025,,Monthly,-0.00193,0.1215,38.52,,,,1.1,,1941.671,True,False,False,False,True,False,,21.72,12.18,13.2,7.26,9.49,-10.8,,,-5.64,19166910,,,,,,,7.64747,17.73872,-2.5,-1.17,-1.8399999999999999,2026-10-05T00:00:00,1987-06-23T00:00:00,6/23/1987,551404800,2026-09-15T00:00:00
108,CRF,0.009899999999999999,23.17241,22.94634,0.1176,13.1,10,Morningstar US CEF US Equity,32,"Cornerstone Advisors, LLC",True,6.15,0.09,6.09,2026-10-02T00:00:00,21924U300,Cornerstone Total Return Fund,2026-10-05,XCRFX,Equity-U.S. Equity,9.5,1038.676,,Monthly,-0.00496,0.1176,25.0,,,,1.13,,1028.543,True,False,False,False,True,False,,22.18,9.63,13.67,6.08,9.71,-10.84,,,-7.17,13086250,,,,,,,7.33337,16.48402,-2.52,-1.25,-1.9,2026-10-05T00:00:00,1973-05-16T00:00:00,5/16/1973,106358400,2026-09-15T00:00:00
109,DXYZ,-0.051,,,,201.67,8,Morningstar US CEF Sector Equity,34,Destiny Advisors LLC,True,32.55,6.35,34.3,2026-06-30T00:00:00,25063F107,Destiny Tech100 Inc,2026-10-05,DXYZ,Equity-Sector Equity,,1551.246,,Monthly,-0.28507,,,,,,4.53,,1634.647,False,True,False,False,True,False,,,,,,71.76,0.72,,,44.84,19991550,,,,,,,30.61682,55.097,-0.8,0.84,-0.09,2026-10-05T00:00:00,2024-03-26T00:00:00,3/26/2024,1711411200,
110,DMA,-0.15,15.34091,18.04813,0.11249999999999999,-1.88,26,Morningstar US CEF US Allocation,35,Destra Capital Advisors LLC,True,7.48,0.04,8.8,2026-10-05T00:00:00,25065A502,Destra Multi-Alternative,2026-10-05,XDMAX,Hybrid-U.S. Allocation,11.15,67.045,,Monthly,0.19305,0.11249999999999999,,,,,3.29,,88.777,True,False,False,False,True,False,,1.18,17.91,-0.46,,-2.8,-4.39,,,2.65,237160,,,,,0.11,,8.13313,-14.60253,-0.16,-0.05,0.44,2026-10-05T00:00:00,2022-01-13T00:00:00,1/13/2022,1642032000,2026-09-18T00:00:00
111,DNP,0.0676,8.78378,8.22785,0.065,-0.18,8,Morningstar US CEF Sector Equity,39,Duff &amp; Phelps Inv Mgmt Co (IL),True,9.48,-0.09,8.88,2026-10-05T00:00:00,23325P104,DNP Select Income,2026-10-05,XDNPX,Equity-Sector Equity,24.72,3591.049,,Monthly,0.10944,0.065,10.0,5.7021,,,2.5300000000000002,,4468.618,True,False,False,False,True,False,,15.11,9.0,8.2,6.1,1.83,1.49,,,3.35,6293340,,,,,7.5600000000000005,5.85,10.40732,6.98434,-0.06,-2.37,-0.54,2026-10-05T00:00:00,1987-01-21T00:00:00,1/21/1987,538185600,2026-09-30T00:00:00
112,DSL,-0.1048,12.03282,13.44196,0.11,-1.09,13,Morningstar US CEF Global Income,37,DoubleLine Capital LP,False,9.82,-0.14,10.97,2026-10-05T00:00:00,258622109,DoubleLine Income Solutions Fund,2026-10-05,XDSLX,Fixed Income - Taxable-Global Income,24.37,1125.088,,Monthly,0.47242,0.11,25.0,7.674,,,2.98,,1661.845,True,False,False,False,False,False,,9.54,5.97,0.5700000000000001,-0.44,0.86,-2.87,,,-8.26,5960030,,,92.7756,,,,11.0608,-5.28281,-2.89,-2.07,-2.6,2026-10-05T00:00:00,2013-04-26T00:00:00,4/26/2013,1366934400,2026-09-16T00:00:00
113,DBL,-0.0764,9.25666,10.02278,0.11,0.97,17,Morningstar US CEF Multi-Sector,36,DoubleLine,False,13.17,-0.51,14.26,2026-10-05T00:00:00,258623107,Doubleline Opportunistic Cred,2026-10-05,XDBLX,Fixed Income - Taxable-Multi-Sector,8.14,260.396,,Monthly,0.46533,0.11,25.0,6.3687000000000005,,,2.02,,306.948,True,False,False,False,False,False,,8.91,6.57,2.38,1.16,0.84,-4.86,,,-4.83,664710,,,84.2858,,,,14.67262,-1.30321,-3.36,-4.6,-5.55,2026-10-05T00:00:00,2012-01-26T00:00:00,1/26/2012,1327536000,2026-09-16T00:00:00
114,DLY,-0.09820000000000001,9.55252,10.59304,0.1167,0.8300000000000001,17,Morningstar US CEF Multi-Sector,37,DoubleLine Capital LP,True,13.22,-0.22,14.66,2026-10-05T00:00:00,25862D105,DoubleLine Yield Opportunities Fund,2026-10-05,XDLYX,Fixed Income - Taxable-Multi-Sector,16.44,641.691,,Monthly,0.62071,0.1167,20.0,7.672,,,2.89,,851.587,True,False,False,False,True,False,,8.49,6.36,2.45,2.2,0.8200000000000001,-0.97,,,-2.2,2135670,,,95.6102,,,,14.24908,-7.12007,-1.92,-1.25,-1.6800000000000002,2026-10-05T00:00:00,2020-02-25T00:00:00,2/25/2020,1582588800,2026-09-16T00:00:00
115,DTF,-0.05,3.30229,3.47594,0.0325,0.14,21,Morningstar US CEF Municipal,38,Duff &amp; Phelps,False,11.22,-0.03,11.81,2026-10-05T00:00:00,23334J107,DTF Tax-Free Income 2028 Term,2026-10-05,XDTFX,Fixed Income - Municipal-Municipal,32.16,78.872,,Monthly,0.13742000000000001,0.0325,15.0,4.9276,,,1.08,,83.019,True,False,True,False,False,False,,2.46,5.41,-2.5,-1.35,-0.33,1.15,,,1.92,78020,,,103.9925,,8.11,1.63,11.42855,-5.2524,0.27,-2.14,-0.88,2026-10-05T00:00:00,1991-11-29T00:00:00,11/29/1991,691372800,2026-09-15T00:00:00
116,DPG,-0.1259,6.12662,7.00935,0.075,7.63,8,Morningstar US CEF Sector Equity,39,Duff &amp; Phelps Inv Mgmt Co (IL),True,12.84,0.01,14.69,2026-10-05T00:00:00,26433C105,Duff & Phelps Utility and Infra Fund Inc,2026-10-05,XDPGX,Equity-Sector Equity,23.21,462.203,,Monthly,0.045200000000000004,0.075,20.0,,,,3.34,,688.606,True,False,False,False,True,False,,21.05,22.63,11.28,7.84,6.46,5.53,,,5.59,729480,,,,,,,13.92469,-10.77359,-1.82,-1.9,-1.8599999999999999,2026-10-05T00:00:00,2011-07-29T00:00:00,7/29/2011,1311897600,2026-09-30T00:00:00
117,KTF,-0.0207,8.91596,9.10448,0.061,-4.9,21,Morningstar US CEF Municipal,41,"DWS Investment Management Americas, Inc.",False,8.04,-0.06,8.21,2026-10-05T00:00:00,233368109,DWS Municipal Income,2026-10-05,XKTFX,Fixed Income - Municipal-Municipal,38.92,315.037,,Monthly,0.19611,0.061,12.0,4.4738,,15.48,3.14,,526.698,True,False,False,False,False,False,,2.85,9.54,-2.93,-1.6,-6.76,-5.26,,,-3.83,1535240,,,97.3387,,13.42,8.84,9.03616,-1.64429,-0.46,-1.6600000000000001,-2.23,2026-10-05T00:00:00,1988-10-20T00:00:00,10/20/1988,593308800,2026-09-23T00:00:00
118,GRF,-0.16440000000000002,7.20339,8.62069,0.85,1.9300000000000002,10,Morningstar US CEF US Equity,98,Sims Capital Management LLC,False,9.86,-0.3,11.8,2026-10-02T00:00:00,269451100,Eagle Capital Growth,2026-10-05,XGRFX,Equity-U.S. Equity,,39.123,,Annually,0.02503,0.85,10.0,,,,1.28,,46.82,False,False,False,False,False,False,,10.11,11.74,7.65,8.08,-0.59,-6.45,,,3.24,31210,,,,,,,10.42275,-13.0673,-0.97,-0.46,-0.48,2026-10-05T00:00:00,1990-07-02T00:00:00,7/2/1990,646876800,2025-11-21T00:00:00
119,ECC,-0.20329999999999998,16.82243,21.11437,0.06,-23.53,19,Morningstar US CEF Senior Loans,42,Eagle Point Credit Management,False,3.41,-0.49,4.34,2026-08-31T00:00:00,269808101,Eagle Point Credit Company LLC,2026-10-05,XECCX,Fixed Income - Taxable-Senior Loans,30.65,453.567,,Monthly,0.61938,0.06,20.0,,,,9.21,,820.895,True,False,False,False,False,False,,-3.7199999999999998,-12.56,-1.6800000000000002,-5.62,-11.98,-28.05,,,-32.83,13675160,,,,,,,4.59119,-10.16615,-1.3599999999999999,-2.07,-1.6600000000000001,2026-10-05T00:00:00,2014-10-08T00:00:00,10/8/2014,1412726400,2026-09-10T00:00:00
120,EIC,-0.263,10.71429,14.53744,0.11,-3.5300000000000002,14,Morningstar US CEF High Yield,43,Eagle Point Income Management LLC,False,9.08,-0.9500000000000001,12.43,2026-08-31T00:00:00,269817102,Eagle Point Income Co Inc,2026-10-05,XEICX,Fixed Income - Taxable-High Yield,11.77,209.237,,Monthly,,0.11,19.89,10.1647,,,6.36,,321.781,True,False,False,False,False,False,,9.94,0.25,6.24,0.68,0.12,-10.73,,,-21.81,1463700,,,87.475,,,,10.55051,-17.87491,-2.15,-2.9,-2.96,2026-10-05T00:00:00,2019-07-23T00:00:00,7/23/2019,1563840000,2026-09-10T00:00:00
121,CEV,0.027999999999999997,6.00601,5.84226,0.049999999999999996,-4.72,22,Morningstar US CEF Municipal-CA,45,Eaton Vance Management,False,10.27,-0.11,9.99,2026-10-05T00:00:00,27826F101,Eaton Vance CA Muni Inc,2026-10-05,XCEVX,Fixed Income - Municipal-Municipal - CA,34.9,72.235,0.02,Monthly,0.23213,0.049999999999999996,15.0,6.6915,,,2.48,,107.932,True,False,True,False,False,False,,2.1,9.36,-2.88,-0.76,-6.25,5.46,,,6.58,256350,3.0,,97.7543,,,10.15,10.31762,-6.26096,3.64,2.21,2.91,2026-10-05T00:00:00,1999-01-29T00:00:00,1/29/1999,917568000,2026-09-14T00:00:00
122,EOI,-0.0898,7.39567,8.12551,0.1338,9.19,3,Morningstar US CEF Covered Call,45,Eaton Vance Management,True,19.76,-0.09,21.71,2026-10-05T00:00:00,278274105,Eaton Vance Enhanced Equity Income,2026-10-05,XEOIX,Equity-Covered-Call Funds,,810.195,,Monthly,-0.04159,0.1338,20.0,,,,1.1,,890.148,False,False,False,False,True,False,,19.45,16.88,11.72,10.68,6.96,2.64,,,2.5,800510,,,,,,,19.97904,-4.6194,-1.87,-3.7800000000000002,-2.38,2026-10-05T00:00:00,2004-10-26T00:00:00,10/26/2004,1098748800,2026-09-15T00:00:00
123,EOS,-0.1386,7.40519,8.59643,0.1523,6.51,3,Morningstar US CEF Covered Call,44,Eaton Vance,True,21.26,-0.08,24.68,2026-10-05T00:00:00,278277108,Eaton Vance Enhanced Equity Income II,2026-10-05,XEOSX,Equity-Covered-Call Funds,,1133.498,,Monthly,-0.06004,0.1523,20.0,,,,1.09,,1315.839,False,False,False,False,True,False,,19.49,16.46,9.8,6.71,4.6,-3.17,,,-3.38,1239660,,,,,,,22.18634,-7.90774,-2.86,-3.15,-3.7800000000000002,2026-10-05T00:00:00,2005-01-26T00:00:00,1/26/2005,1106697600,2026-09-15T00:00:00
124,EFT,-0.1152,7.06476,7.98479,0.06999999999999999,0.68,19,Morningstar US CEF Senior Loans,45,Eaton Vance Management,False,10.52,-0.09,11.89,2026-10-05T00:00:00,278279104,Eaton Vance Floating-Rate Income,2026-10-05,XEFTX,Fixed Income - Taxable-Senior Loans,31.75,279.601,,Monthly,0.42226,0.06999999999999999,20.0,6.7466,,,4.45,,463.013,True,False,False,False,False,False,,5.78,4.88,4.68,3.02,0.53,-0.3,,,-1.5,1148040,,,,,,,11.006,-9.80826,-1.29,-0.75,-1.1400000000000001,2026-10-05T00:00:00,2004-06-29T00:00:00,6/29/2004,1088467200,2026-09-15T00:00:00
125,EVV,-0.1267,8.39372,9.611509999999999,0.0668,-1.44,16,Morningstar US CEF Limited Duration,44,Eaton Vance,False,8.34,-0.09,9.55,2026-10-05T00:00:00,27828H105,Eaton Vance Limited Duration Income,2026-10-05,XEVVX,Fixed Income - Taxable-Limited Duration,41.93,969.137,,Monthly,0.31291,0.0668,20.0,6.6631,,0.0,4.04,,1910.894,True,False,False,False,False,False,,6.71,7.22,2.46,0.93,-2.85,-8.72,,,-8.9,3635080,,,97.9783,,,,9.52628,-6.96079,-2.68,-2.05,-2.76,2026-10-05T00:00:00,2003-05-30T00:00:00,5/30/2003,1054252800,2026-09-14T00:00:00
126,EIM,-0.0774,6.37657,6.91156,0.0508,-5.19,21,Morningstar US CEF Municipal,45,Eaton Vance Management,False,8.82,-0.22,9.56,2026-10-05T00:00:00,27827X101,Eaton Vance Municipal Bond,2026-10-05,XEIMX,Fixed Income - Municipal-Municipal,32.44,453.106,0.030000000000000002,Monthly,0.24144000000000002,0.0508,15.0,6.4756,,,2.88,,726.967,True,False,False,False,False,False,,2.05,6.46,-2.73,-2.45,-6.44,-2.32,,,-2.9,1603680,7.0,,101.3506,,,8.03,9.76728,-7.18469,-0.66,-0.78,-0.91,2026-10-05T00:00:00,2002-08-30T00:00:00,8/30/2002,1030665600,2026-09-15T00:00:00
127,EVN,-0.0707,6.30738,6.78721,0.0513,-4.23,21,Morningstar US CEF Municipal,44,Eaton Vance,False,9.07,-0.21,9.76,2026-10-05T00:00:00,27826U108,Eaton Vance Municipal Income,2026-10-05,XEVNX,Fixed Income - Municipal-Municipal,35.89,362.1,0.045,Monthly,0.26558,0.0513,15.0,7.1799,,,2.46,,607.8,True,False,False,False,False,False,,2.85,7.12,-2.48,-2.7199999999999998,-5.76,-10.34,,,-11.6,811090,7.0,,99.5019,,,7.79,10.74552,0.24872000000000002,-3.96,-3.3,-3.25,2026-10-05T00:00:00,1999-01-29T00:00:00,1/29/1999,917568000,2026-09-14T00:00:00
128,EOT,-0.08470000000000001,4.9225200000000005,5.37795,0.0683,-3.22,21,Morningstar US CEF Municipal,45,Eaton Vance Management,False,15.24,-0.29,16.65,2026-10-05T00:00:00,27829L105,Eaton Vance National Municipal Opprs Tr,2026-10-05,XEOTX,Fixed Income - Municipal-Municipal,13.41,238.124,0.099,Monthly,0.41933000000000004,0.0683,20.0,5.6834,,,1.25,,300.452,True,False,False,False,False,False,,3.65,3.01,-1.33,-4.02,-4.94,-5.86,,,-3.16,374260,20.0,,96.1856,,,9.21,17.02227,-5.55287,-1.49,-1.94,-2.0,2026-10-05T00:00:00,2009-05-27T00:00:00,5/27/2009,1243382400,2026-09-15T00:00:00
129,ETJ,-0.12380000000000001,8.40904,9.59705,0.06509999999999999,1.97,3,Morningstar US CEF Covered Call,45,Eaton Vance Management,True,8.14,0.01,9.29,2026-10-05T00:00:00,27829G106,Eaton Vance Risk-Mgd Divers Eq Inc,2026-10-05,XETJX,Equity-Covered-Call Funds,,547.837,,Monthly,-0.01498,0.06509999999999999,20.0,,,,1.12,,625.234,False,False,False,False,True,False,,12.41,11.55,6.91,3.76,0.44,-0.75,,,-0.44,1343480,,,,,,,8.54962,-8.92922,-3.9,-3.67,-3.75,2026-10-05T00:00:00,2007-07-31T00:00:00,7/31/2007,1185840000,2026-09-15T00:00:00
130,EFR,-0.1335,6.83673,7.89009,0.06699999999999999,1.55,19,Morningstar US CEF Senior Loans,45,Eaton Vance Management,False,10.19,-0.17,11.76,2026-10-05T00:00:00,27828Q105,Eaton Vance Senior Floating Rate,2026-10-05,XEFRX,Fixed Income - Taxable-Senior Loans,31.26,300.846,,Monthly,0.42058,0.06699999999999999,20.0,6.7521,,4.83,3.26,,505.103,True,False,False,False,False,False,,5.89,4.5,4.84,2.43,1.24,-0.93,,,-1.38,1407620,,,,,,,10.77065,-10.32625,-2.18,-2.17,-2.55,2026-10-05T00:00:00,2003-11-24T00:00:00,11/24/2003,1069632000,2026-09-15T00:00:00
131,EVF,-0.13570000000000002,6.85714,7.93388,0.032,1.75,19,Morningstar US CEF Senior Loans,45,Eaton Vance Management,False,4.84,-0.02,5.6,2026-10-05T00:00:00,27826S103,Eaton Vance Senior Income,2026-10-05,XEVFX,Fixed Income - Taxable-Senior Loans,28.72,87.944,,Monthly,0.22106,0.032,10.0,6.8094,,,2.76,,142.759,True,False,False,False,False,False,,6.12,3.18,4.53,1.9100000000000001,1.45,-2.15,,,-3.83,744320,,,,,,,5.11248,-10.60198,-1.6099999999999999,-1.45,-2.0,2026-10-05T00:00:00,1998-10-30T00:00:00,10/30/1998,909705600,2026-09-14T00:00:00
132,EVG,-0.07339999999999999,7.92201,8.5491,0.0711,2.8,16,Morningstar US CEF Limited Duration,45,Eaton Vance Management,True,9.98,-0.06,10.77,2026-10-05T00:00:00,27828V104,Eaton Vance Short Duration Divers Inc,2026-10-05,XEVGX,Fixed Income - Taxable-Limited Duration,12.66,134.3,,Monthly,0.30311,0.0711,20.0,5.7273,,,2.77,,165.931,True,False,False,False,True,False,,8.93,7.17,4.43,3.19,0.52,-3.36,,,-4.85,371450,,,97.5071,,,,10.7842,-4.04992,-2.61,-1.6099999999999999,-2.35,2026-10-05T00:00:00,2005-02-28T00:00:00,2/28/2005,1109548800,2026-09-15T00:00:00
133,ETG,-0.11539999999999999,5.96769,6.74609,0.1293,21.51,5,Morningstar US CEF Global Equity,45,Eaton Vance Management,False,23.0,-0.05,26.0,2026-10-05T00:00:00,27828S101,Eaton Vance Tax Adv Global Dividend Inc,2026-10-05,XETGX,Equity-Global Equity,15.72,1755.404,,Monthly,0.39383,0.1293,20.0,7.0367,,,2.2800000000000002,,2354.37,True,True,False,False,False,False,,21.98,23.54,11.47,9.83,13.45,5.31,,,17.19,1102240,,,,,3.76,,22.62621,-7.77058,-1.65,-2.62,-2.69,2026-10-05T00:00:00,2004-01-30T00:00:00,1/30/2004,1075420800,2026-09-15T00:00:00
134,EVT,-0.09699999999999999,6.51451,7.21402,0.1646,21.45,26,Morningstar US CEF US Allocation,45,Eaton Vance Management,True,27.38,-0.4,30.32,2026-10-05T00:00:00,27828G107,Eaton Vance Tax Advantaged Dividend Inc,2026-10-05,,Hybrid-U.S. Allocation,16.51,2040.981,,Monthly,0.12479,0.1646,20.0,7.0618,,,2.27,,2707.137,True,True,False,False,True,False,,18.09,18.85,9.86,8.61,16.17,17.18,,,23.14,1006420,,,,,4.98,,26.17031,-8.43461,-1.1,-1.5899999999999999,-0.92,2026-10-05T00:00:00,2003-09-30T00:00:00,9/30/2003,1064880000,2026-09-15T00:00:00
135,ETO,-0.11789999999999999,6.05239,6.8611,0.17329999999999998,20.06,25,Morningstar US CEF Global Allocation,45,Eaton Vance Management,True,30.31,0.24,34.36,2026-10-05T00:00:00,27828U106,Eaton Vance Tax-Advantaged Glbl Div Opp,2026-10-05,XETOX,Hybrid-Global Allocation,15.46,496.724,,Monthly,0.64905,0.17329999999999998,20.0,7.1104,,,2.26,,666.096,True,True,False,False,True,False,,21.22,21.22,10.38,8.12,12.15,5.17,,,17.96,311750,,,,,3.63,,29.67307,-9.23182,-1.94,-2.2,-2.5700000000000003,2026-10-05T00:00:00,2004-04-30T00:00:00,4/30/2004,1083283200,2026-09-15T00:00:00
136,ETB,-0.10679999999999999,7.36854,8.24951,0.10579999999999999,14.33,3,Morningstar US CEF Covered Call,45,Eaton Vance Management,True,15.39,0.01,17.23,2026-10-05T00:00:00,27828X100,Eaton Vance Tax-Managed Buy-Write Income,2026-10-05,XETBX,Equity-Covered-Call Funds,,452.077,,Monthly,0.00844,0.10579999999999999,20.0,,,,1.12,,506.126,False,True,False,False,True,False,,16.58,16.39,10.48,8.03,9.98,6.83,,,11.08,518770,,,,,,,15.27686,-7.5516000000000005,-3.07,-3.1,-2.87,2026-10-05T00:00:00,2005-04-27T00:00:00,4/27/2005,1114560000,2026-09-15T00:00:00
137,ETV,-0.09939999999999999,7.22182,8.01884,0.0993,15.52,3,Morningstar US CEF Covered Call,45,Eaton Vance Management,True,14.86,-0.08,16.5,2026-10-05T00:00:00,27828Y108,Eaton Vance Tax-Managed Buy-Write Opp,2026-10-05,XETVX,Equity-Covered-Call Funds,,1734.973,,Monthly,-0.00319,0.0993,20.0,,,,1.08,,1926.45,False,True,False,False,True,False,,18.23,17.31,10.18,7.74,10.2,10.41,,,13.61,1788800,,,,,,,14.58441,-7.16193,-2.51,-3.51,-2.75,2026-10-05T00:00:00,2005-06-27T00:00:00,6/27/2005,1119830400,2026-09-15T00:00:00
138,ETY,-0.1193,7.39379,8.39492,0.0992,9.89,3,Morningstar US CEF Covered Call,45,Eaton Vance Management,True,14.18,0.0,16.1,2026-10-05T00:00:00,27828N102,Eaton Vance Tax-Managed Divrs Equity Inc,2026-10-05,XETYX,Equity-Covered-Call Funds,,2258.599,,Monthly,-0.02538,0.0992,20.0,,,,1.06,,2564.418,False,False,False,False,True,False,,18.9,15.8,11.92,8.8,7.04,-2.64,,,-4.22,2432890,,,,,,,14.79515,-4.83124,-2.11,-2.39,-2.29,2026-10-05T00:00:00,2006-11-27T00:00:00,11/27/2006,1164585600,2026-09-15T00:00:00
139,EXG,-0.1155,7.46591,8.44111,0.0657,18.34,3,Morningstar US CEF Covered Call,45,Eaton Vance Management,True,9.34,-0.08,10.56,2026-10-05T00:00:00,27829F108,Eaton Vance Tax-Mgd Glb Divrs Equity Inc,2026-10-05,XEXGX,Equity-Covered-Call Funds,,2857.442,,Monthly,0.03165,0.0657,20.0,,,,1.07,,3230.684,False,False,False,False,True,False,,17.74,18.59,9.82,8.04,10.88,5.06,,,12.42,4525550,,,,,,,9.43916,-7.14495,-3.34,-3.43,-4.27,2026-10-05T00:00:00,2007-02-23T00:00:00,2/23/2007,1172188800,2026-09-15T00:00:00
140,ETW,-0.1245,7.35055,8.39621,0.0664,16.3,3,Morningstar US CEF Covered Call,44,Eaton Vance,True,9.49,0.0,10.84,2026-10-05T00:00:00,27829C105,Eaton Vance Tx-Mgd Glbl Buy-Write Opp,2026-10-05,XETWX,Equity-Covered-Call Funds,,1030.593,,Monthly,0.06057,0.0664,20.0,,,,1.1,,1177.2,False,True,False,False,True,False,,17.06,17.76,9.0,6.68,11.23,9.78,,,14.33,3115480,,,,,,,9.32973,-10.2751,-2.91,-2.76,-2.47,2026-10-05T00:00:00,2005-09-28T00:00:00,9/28/2005,1127865600,2026-09-15T00:00:00
141,EARN,-0.0711,24.36548,26.22951,0.08,-19.43,19,Morningstar US CEF Senior Loans,46,Ellington Credit Co Management LLC,True,3.66,-0.92,4.18,2026-06-30T00:00:00,288578107,Ellington Credit Company,2026-10-05,EARN,Fixed Income - Taxable-Senior Loans,53.83,139.707,,Monthly,,0.08,5.5,,,,8.65,,325.727,True,False,False,False,True,False,,,-4.4,,-13.43,-10.89,-9.61,,,-8.48,4038850,,,,,,,4.81402,-1.94327,-0.43,-5.3,-1.26,2026-10-05T00:00:00,2025-04-01T00:00:00,4/1/2025,1743465600,2026-09-30T00:00:00
142,ECF,-0.1518,6.29921,7.42616,0.22,13.32,11,Morningstar US CEF Convertibles,60,Gabelli Funds LLC,False,11.85,0.0,13.97,2026-10-05T00:00:00,289074106,Ellsworth Growth and Income Fund,2026-10-05,XECFX,Fixed Income - Taxable-Convertibles,13.71,161.846,,Quarterly,0.01674,0.22,10.0,2.2873,,,1.22,,221.106,True,False,False,False,False,False,,22.36,21.38,5.92,5.34,14.12,5.8,,,9.93,321210,,,,,52.2,,12.24005,-10.98073,-2.29,-2.56,-3.21,2026-10-05T00:00:00,1986-06-20T00:00:00,6/20/1986,519609600,2026-09-16T00:00:00
143,EEA,-0.1646,3.56691,4.2699,0.21989999999999998,8.03,5,Morningstar US CEF Global Equity,40,DWS,False,10.3,-0.06,12.33,2026-10-05T00:00:00,298768102,European Equity Fund,2026-10-05,XEEAX,Equity-Global Equity,1.3,70.577,,Semi-Annually,0.11774,0.21989999999999998,10.0,,,,1.42,,85.598,True,False,False,False,False,False,,13.36,14.37,6.29,6.52,6.95,3.36,,,5.37,297550,,,,,,,10.72111,-14.2212,-1.47,-2.51,-1.11,2026-10-05T00:00:00,1986-07-23T00:00:00,7/23/1986,522460800,2026-05-26T00:00:00
144,ETX,-0.0311,5.2987,5.46853,0.07819999999999999,0.15,21,Morningstar US CEF Municipal,45,Eaton Vance Management,False,17.16,-0.33,17.71,2026-10-05T00:00:00,27829U105,EV Municipal Income 2028 Term Trust,2026-10-05,XETTX,Fixed Income - Municipal-Municipal,3.34,187.086,0.17300000000000001,Monthly,0.32818,0.07819999999999999,20.0,4.4343,,,0.89,,199.752,True,False,False,False,False,True,,3.69,6.32,0.64,-0.18,-0.41000000000000003,-2.54,,,-4.41,173110,2.0,,100.4621,,,2.18,18.71409,2.19269,-3.38,-2.76,-2.81,2026-10-05T00:00:00,2013-03-26T00:00:00,3/26/2013,1364256000,2026-09-15T00:00:00
145,FMN,-0.1114,4.81283,5.41625,0.045,-6.5600000000000005,21,Morningstar US CEF Municipal,47,Federated Advisers,False,9.97,0.01,11.22,2026-10-05T00:00:00,31423P108,Federated Premier Municipal Income,2026-10-05,XFMNX,Fixed Income - Municipal-Municipal,39.53,77.952,,Monthly,0.27121,0.045,15.0,5.0469,,,3.7,,145.076,True,False,False,False,False,False,,2.98,5.52,-2.88,-4.24,-8.53,-8.03,,,-6.31,288520,15.72,,103.46340000000001,,13.75,8.69,11.09065,-10.18553,-1.02,-1.92,-1.8599999999999999,2026-10-05T00:00:00,2002-12-20T00:00:00,12/20/2002,1040342400,2026-09-23T00:00:00
146,FFA,-0.1244,6.73267,7.68883,0.425,15.61,3,Morningstar US CEF Covered Call,49,First Trust Advisors L.P.,True,22.11,-0.1,25.25,2026-10-05T00:00:00,337318109,First Trust Enhanced Equity Income,2026-10-05,XFFAX,Equity-Covered-Call Funds,,441.937,,Quarterly,0.04003,0.425,20.0,,,,1.12,,504.699,False,True,False,False,True,False,,20.27,16.78,11.93,10.07,10.3,6.72,,,11.17,260430,,,,,,,22.07831,-9.23114,-3.09,-3.43,-3.89,2026-10-05T00:00:00,2004-08-26T00:00:00,8/26/2004,1093478400,2026-09-22T00:00:00
147,FTHY,-0.0489,11.29518,11.87648,0.125,-1.47,14,Morningstar US CEF High Yield,49,First Trust Advisors L.P.,True,12.63,0.02,13.28,2026-10-05T00:00:00,33741Q107,FIRST TRUST HY OPPORTUNITIES 2027 Term,2026-10-05,XFTHYX,Fixed Income - Taxable-High Yield,22.16,464.443,,Monthly,0.42555,0.125,20.0,6.3751,,,3.5,,627.345,True,False,False,False,True,True,,6.04,10.03,0.99,1.19,-2.95,-0.86,,,-1.16,1039300,,,96.3585,,,,13.70803,-4.3851700000000005,-0.54,-1.57,-1.07,2026-10-05T00:00:00,2020-06-25T00:00:00,6/25/2020,1593043200,2026-10-01T00:00:00
148,FPF,-0.111,9.34844,10.51625,0.13749999999999998,-2.16,18,Morningstar US CEF Preferreds,49,First Trust Advisors L.P.,False,15.69,-0.17,17.65,2026-10-05T00:00:00,33718W103,First Trust Inter Dur Pref & Income Fund,2026-10-05,XFPFX,Fixed Income - Taxable-Preferreds,37.81,954.702,,Monthly,0.64279,0.13749999999999998,25.0,7.3995,,,4.2,,1726.906,True,False,False,False,False,False,,9.88,12.13,1.22,-0.37,-4.35,-8.76,,,-8.55,1255650,,,101.3111,,5.93,,18.20632,-5.81105,-4.14,-2.35,-3.33,2026-10-05T00:00:00,2013-05-23T00:00:00,5/23/2013,1369267200,2026-10-01T00:00:00
149,FMY,-0.0947,6.53814,7.22222,0.065,-0.77,15,Morningstar US CEF Investment Grade,49,First Trust Advisors L.P.,False,10.8,-0.27,11.93,2026-10-05T00:00:00,33734E103,First Trust Mortgage Income,2026-10-05,XFMYX,Fixed Income - Taxable-Investment Grade,7.11,45.502,,Monthly,0.16028,0.065,20.0,5.027,,,1.4,,50.262,True,False,False,False,False,False,,7.18,7.44,3.11,2.38,-2.07,-4.32,,,-3.02,53600,,,90.346,,,,11.83961,-6.3839,-2.88,-3.2,-2.94,2026-10-05T00:00:00,2005-05-25T00:00:00,5/25/2005,1116979200,2026-10-01T00:00:00
150,DFP,-0.121,7.39587,8.41409,0.1314,0.26,18,Morningstar US CEF Preferreds,51,Flaherty &amp; Crumrine Inc,False,18.74,-0.36,21.32,2026-10-05T00:00:00,33848W106,Flah & Crum Dynamic Pref & Income Fund,2026-10-05,XDFPX,Fixed Income - Taxable-Preferreds,38.69,384.885,,Monthly,0.77839,0.1314,25.0,7.3869,,,4.3,,714.173,True,False,False,False,False,False,,10.49,11.75,1.97,-0.89,-1.24,-3.93,,,-5.92,551920,,,102.9091,,7.14,,20.84574,-7.61919,-2.61,-1.81,-2.27,2026-10-05T00:00:00,2013-05-24T00:00:00,5/24/2013,1369353600,2026-09-23T00:00:00
151,FFC,-0.1079,7.60727,8.52717,0.1046,0.5,18,Morningstar US CEF Preferreds,51,Flaherty &amp; Crumrine Inc,False,14.72,-0.22,16.5,2026-10-05T00:00:00,338478100,Flah&Crum Preferred Securities,2026-10-05,XFFCX,Fixed Income - Taxable-Preferreds,38.71,709.179,,Monthly,0.624,0.1046,25.0,7.3168,,,4.1,,1296.935,True,False,False,False,False,False,,10.89,12.81,1.92,-0.49,-1.01,-4.16,,,-4.44,1070570,,,102.3775,,7.28,,16.20523,-7.12566,-2.55,-2.41,-2.6,2026-10-05T00:00:00,2003-01-31T00:00:00,1/31/2003,1043971200,2026-09-23T00:00:00
152,FLC,-0.1295,7.23799,8.31429,0.10669999999999999,0.03,18,Morningstar US CEF Preferreds,51,Flaherty &amp; Crumrine Inc,False,15.4,-0.3,17.69,2026-10-05T00:00:00,338479108,Flah&Crum Total Return Fund,2026-10-05,XFLCX,Fixed Income - Taxable-Preferreds,39.05,161.035,,Monthly,0.629,0.10669999999999999,25.0,7.4035,,,4.5600000000000005,,303.481,True,False,False,False,False,False,,10.43,12.5,1.67,-1.12,-1.4100000000000001,-4.83,,,-4.73,233980,,,103.068,,7.57,,17.09108,-8.74439,-2.77,-2.32,-2.96,2026-10-05T00:00:00,2003-08-29T00:00:00,8/29/2003,1062115200,2026-09-23T00:00:00
153,PFD,-0.1121,7.11298,8.0114,0.0703,0.12,18,Morningstar US CEF Preferreds,50,Flaherty &amp; Crumrine,False,10.53,-0.16,11.86,2026-10-05T00:00:00,338480106,Flaherty & Crumrine Preferred Income,2026-10-05,XPFDX,Fixed Income - Taxable-Preferreds,37.41,135.337,,Monthly,0.41405000000000003,0.0703,15.0,7.2969,,,4.31,,243.531,True,False,False,False,False,False,,10.17,13.16,1.8,-0.74,-1.16,-4.25,,,-3.73,263800,,,103.0638,,7.33,,11.56825,-7.65654,-2.92,-2.69,-3.38,2026-10-05T00:00:00,1991-01-31T00:00:00,1/31/1991,665280000,2026-09-23T00:00:00
154,PFO,-0.12,7.03619,7.9953,0.0567,0.16,18,Morningstar US CEF Preferreds,51,Flaherty &amp; Crumrine Inc,False,8.51,-0.1,9.67,2026-10-05T00:00:00,33848E106,Flaherty & Crumrine Preferred Income Opp,2026-10-05,XPFOX,Fixed Income - Taxable-Preferreds,38.93,111.288,,Monthly,0.34372,0.0567,12.5,7.4124,,,4.62,,207.058,True,False,False,False,False,False,,10.3,12.77,1.71,-0.72,-1.08,-3.58,,,-4.67,283930,,,102.9109,,7.54,,9.29678,-9.00451,-2.08,-2.41,-2.61,2026-10-05T00:00:00,1992-02-13T00:00:00,2/13/1992,697939200,2026-09-23T00:00:00
155,FXBY,-0.33899999999999997,0.35097,0.531,0.13,10.49,10,Morningstar US CEF US Equity,73,Midas Management Corporation,False,24.482,0.0,37.04,2026-10-05T00:00:00,351645205,FOXBY CORP,2026-10-05,,Equity-U.S. Equity,12.55,12.773,,Annually,-0.10635,0.13,10.0,,,,2.98,,22.098,True,True,True,False,False,False,,23.5,31.89,13.92,16.23,10.49,5.3,,,25.5,2420,,,,,,,22.54513,-34.13704,0.06,0.81,1.15,2026-10-05T00:00:00,1999-10-29T00:00:00,10/29/1999,941155200,2025-12-15T00:00:00
156,FTF,-0.1307,12.05882,13.87218,0.0615,1.6099999999999999,16,Morningstar US CEF Limited Duration,53,"Franklin Advisers, Inc.",True,5.32,-0.05,6.12,2026-10-05T00:00:00,35472T101,Franklin Limited Duration Income Trust,2026-10-05,XFTFX,Fixed Income - Taxable-Limited Duration,29.58,214.957,,Monthly,0.27933,0.0615,15.0,6.7299,,,3.66,,351.171,True,False,False,False,True,False,,6.43,7.82,3.03,1.78,0.93,-4.22,,,-4.7,1967310,,,98.9897,,5.86,,5.94768,-8.4476,-3.21,-2.39,-3.29,2026-10-05T00:00:00,2003-08-27T00:00:00,8/27/2003,1061942400,2026-09-23T00:00:00
157,PMM,-0.0868,6.61102,7.23949,0.033,-4.57,21,Morningstar US CEF Municipal,53,"Franklin Advisers, Inc.",False,5.47,-0.18,5.99,2026-10-05T00:00:00,746823103,Franklin Managed Municipal Income,2026-10-05,XPMMX,Fixed Income - Municipal-Municipal,31.51,234.299,,Monthly,0.15044,0.033,10.0,5.025,,,1.06,,374.622,True,False,False,False,False,False,,4.62,5.03,-1.62,-3.26,-6.83,-9.44,,,-4.76,1064350,,,93.6717,,13.79,9.67,6.20325,-6.62099,-1.19,-2.26,-1.5899999999999999,2026-10-05T00:00:00,1989-02-24T00:00:00,2/24/1989,604281600,2026-09-23T00:00:00
158,PIM,-0.0862,8.12308,8.88889,0.022,0.91,15,Morningstar US CEF Investment Grade,53,"Franklin Advisers, Inc.",False,2.97,-0.02,3.25,2026-10-05T00:00:00,746909100,Franklin Master Intermediate Income,2026-10-05,XPIMX,Fixed Income - Taxable-Investment Grade,37.57,143.107,,Monthly,0.07573,0.022,10.0,5.64,,,1.02,,250.822,True,False,False,False,False,False,,7.15,8.48,3.0,2.1,-0.43,-3.77,,,-4.7,849640,,,92.0353,,,,3.23506,-5.12687,-2.29,-2.07,-2.36,2026-10-05T00:00:00,1988-04-29T00:00:00,4/29/1988,578275200,2026-09-23T00:00:00
159,PMO,-0.10460000000000001,6.15992,6.8798200000000005,0.052,-5.34,21,Morningstar US CEF Municipal,53,"Franklin Advisers, Inc.",False,9.07,-0.14,10.13,2026-10-05T00:00:00,746922103,Franklin Municipal Opportunities,2026-10-05,XPMOX,Fixed Income - Municipal-Municipal,36.56,248.513,,Monthly,0.22914,0.052,15.0,4.9179,,,1.04,,437.521,True,False,False,False,False,False,,3.74,4.4,-1.74,-3.2800000000000002,-7.5600000000000005,-11.15,,,-6.92,705100,,,95.6731,,13.71,9.59,10.39173,-7.63893,-2.51,-2.41,-2.51,2026-10-05T00:00:00,1993-05-28T00:00:00,5/28/1993,738547200,2026-09-23T00:00:00
160,PPT,-0.0789,8.78873,9.54128,0.026,1.03,13,Morningstar US CEF Global Income,53,"Franklin Advisers, Inc.",False,3.27,0.0,3.55,2026-10-05T00:00:00,746853100,Franklin Premier Income,2026-10-05,XPPTX,Fixed Income - Taxable-Global Income,16.91,312.506,,Monthly,0.0811,0.026,10.0,5.6251999999999995,,,1.01,,408.323,True,False,False,False,False,False,,7.13,8.41,3.05,1.9500000000000002,-0.5,-0.88,,,-2.81,1496210,,,92.1673,,,,3.51286,-5.93137,-1.52,-1.04,-1.34,2026-10-05T00:00:00,1988-02-29T00:00:00,2/29/1988,573091200,2026-09-23T00:00:00
161,FT,-0.1374,6.25767,7.25462,0.042499999999999996,-0.37,26,Morningstar US CEF US Allocation,53,"Franklin Advisers, Inc.",False,7.03,-0.05,8.15,2026-10-05T00:00:00,355145103,Franklin Universal Trust,2026-10-05,XFUTX,Hybrid-U.S. Allocation,22.66,176.677,,Monthly,0.1812,0.042499999999999996,10.0,7.2423,,,2.99,,264.825,True,False,False,False,False,False,,11.38,10.91,5.3,4.47,-1.1400000000000001,-7.65,,,-6.64,458980,,,88.5569,,4.99,,7.9785,-8.60549,-3.29,-2.14,-2.95,2026-10-05T00:00:00,1988-09-23T00:00:00,9/23/1988,590976000,2026-09-23T00:00:00
162,FSCO,-0.2726,10.22669,14.05917,0.059399999999999994,7.73,17,Morningstar US CEF Multi-Sector,56,FS Global Advisor LLC,True,5.07,-0.04,6.97,2026-10-05T00:00:00,30290Y101,FS Credit Opportunities Corp.,2026-10-05,XFSCX,Fixed Income - Taxable-Multi-Sector,33.05,1005.664,,Monthly,0.31886000000000003,0.059399999999999994,,,,,7.0,,2065.091,True,False,False,False,True,False,,11.16,11.1,,,6.51,-9.12,,,-14.4,14164060,,,,,,,5.52207,-22.23971,-0.59,0.54,0.59,2026-10-05T00:00:00,2022-11-14T00:00:00,11/14/2022,1668384000,2026-09-23T00:00:00
163,FSSL,-0.34090000000000004,10.14132,15.38593,0.1495,,19,Morningstar US CEF Senior Loans,57,FS Specialty Lending Advisor LLC,True,11.66,-0.2,17.69,2026-10-05T00:00:00,644323107,FS Specialty Lending Fund,2026-10-05,FSSL,Fixed Income - Taxable-Senior Loans,27.73,885.201,,Monthly,,0.1495,14.12,,,,6.14,,1858.2,True,True,True,False,True,False,,,,,,4.89,-8.61,,,,0,,,92.6454,,,,,,,1.0,0.54,2026-10-05T00:00:00,2025-11-13T00:00:00,11/13/2025,1762992000,2026-09-23T00:00:00
164,VCX,0.5709000000000001,,,,27.4,8,Morningstar US CEF Sector Equity,58,"Fundrise Advisors, LLC",False,29.8,0.0,18.97,2026-03-31T00:00:00,360852107,Fundrise Innovation Common Share,2026-10-05,XVCX,Equity-Sector Equity,,1066.755,,,,,,,,,0.0,,679.072,False,True,True,False,False,False,,22.98,,,,,,,,,0,,,118.3867,,,,,,,0.24,0.24,2026-10-05T00:00:00,2022-07-25T00:00:00,7/25/2022,1658707200,
165,GCV,-0.061799999999999994,10.98398,11.70732,0.12,10.39,26,Morningstar US CEF US Allocation,59,Gabelli,True,4.1,-0.03,4.37,2026-10-05T00:00:00,36240B109,Gabelli Conv Inc Secs,2026-10-05,XGCVX,Hybrid-U.S. Allocation,6.45,82.605,,Quarterly,-0.0030600000000000002,0.12,11.25,2.2015000000000002,,,2.07,,94.12,True,False,False,False,True,False,,16.91,16.56,3.3,3.79,12.25,8.19,,,11.87,548540,,,,,,,4.43061,-1.02643,-1.8399999999999999,-3.26,-2.08,2026-10-05T00:00:00,1995-03-31T00:00:00,3/31/1995,796608000,2026-09-16T00:00:00
166,GDV,-0.1292,5.52486,6.34473,0.15,11.25,10,Morningstar US CEF US Equity,60,Gabelli Funds LLC,True,28.37,0.0,32.58,2026-10-05T00:00:00,36242H104,Gabelli Dividend & Income,2026-10-05,XGDVX,Equity-U.S. Equity,15.97,2459.567,,Monthly,-0.00451,0.15,20.0,,,,1.83,,3361.227,True,False,False,False,True,False,,17.31,20.55,8.24,8.42,9.15,6.71,,,10.94,1043120,,,,,0.19,,28.51849,-10.81741,-2.7800000000000002,-2.35,-2.16,2026-10-05T00:00:00,2003-11-28T00:00:00,11/28/2003,1069977600,2026-09-16T00:00:00
167,GAB,-0.0633,10.84991,11.58301,0.15,9.78,10,Morningstar US CEF US Equity,59,Gabelli,True,5.18,-0.06,5.53,2026-10-05T00:00:00,362397101,Gabelli Equity,2026-10-05,XGABX,Equity-U.S. Equity,15.71,1778.705,,Quarterly,0.00637,0.15,10.0,,,,1.6099999999999999,,2252.841,True,False,False,False,True,False,,17.1,12.94,9.19,6.55,7.31,-6.41,,,-2.7,8221090,,,,,0.21,0.18,5.80158,0.23204000000000002,-1.15,-2.37,-2.04,2026-10-05T00:00:00,1986-08-21T00:00:00,8/21/1986,524966400,2026-09-16T00:00:00
168,GGZ,-0.1159,4.86674,5.50459,0.21,8.52,5,Morningstar US CEF Global Equity,59,Gabelli,False,15.26,-0.12,17.26,2026-10-05T00:00:00,36249W104,Gabelli Global Small & Mid Cap Value Tru,2026-10-05,XGGZX,Equity-Global Equity,17.45,114.911,,Quarterly,0.06981,0.21,12.0,,,,2.31,,157.437,True,False,False,False,False,False,,15.38,20.39,4.06,5.11,6.9,7.09,,,12.8,80880,,,,,0.14,0.12,15.49512,-11.2895,-0.2,-0.98,-0.65,2026-10-05T00:00:00,2014-06-23T00:00:00,6/23/2014,1403481600,2026-09-16T00:00:00
169,GLU,-0.0601,7.02501,7.47452,0.11,9.13,8,Morningstar US CEF Sector Equity,60,Gabelli Funds LLC,True,17.66,0.21,18.79,2026-10-05T00:00:00,36242L105,Gabelli Global Utility & Income,2026-10-05,XGLUX,Equity-Sector Equity,18.72,105.816,,Monthly,0.2284,0.11,20.0,,,,1.35,,138.511,True,False,False,False,True,False,,19.45,18.12,6.25,5.78,7.01,-3.16,,,4.78,94470,,,,,0.27,0.22,19.26557,-1.22886,-1.33,-1.47,-1.33,2026-10-05T00:00:00,2004-05-25T00:00:00,5/25/2004,1085443200,2026-09-16T00:00:00
170,GRX,-0.115,6.40905,7.24175,0.16999999999999998,10.02,8,Morningstar US CEF Sector Equity,59,Gabelli,False,9.39,0.02,10.61,2026-10-05T00:00:00,36246K103,Gabelli Healthcare & Wellness Trust,2026-10-05,XXGRX,Equity-Sector Equity,31.16,136.575,,Quarterly,-0.04899,0.16999999999999998,8.0,,,,3.17,,224.16,True,False,False,False,False,False,,5.65,10.56,-1.1,0.19,5.6,4.26,,,12.7,275900,,,,,0.36,0.25,9.471260000000001,-10.13648,-1.57,-1.27,-1.65,2026-10-05T00:00:00,2007-06-19T00:00:00,6/19/2007,1182211200,2026-09-16T00:00:00
171,GGT,0.16670000000000001,28.07018,24.06015,0.08,8.53,8,Morningstar US CEF Sector Equity,59,Gabelli,False,3.99,0.01,3.42,2026-10-05T00:00:00,36239Q109,Gabelli Multimedia,2026-10-05,XGGTX,Equity-Sector Equity,29.71,188.731,,Monthly,-0.01213,0.08,7.5,,,,2.13,,230.13,True,False,True,False,False,False,,23.12,7.44,1.58,0.77,7.27,11.92,,,15.63,2743300,,,,,0.34,0.25,4.13056,10.41128,2.41,2.18,2.5300000000000002,2026-10-05T00:00:00,1994-11-15T00:00:00,11/15/1994,784857600,2026-09-16T00:00:00
172,GUT,1.065,21.66065,10.48951,0.049999999999999996,4.22,8,Morningstar US CEF Sector Equity,59,Gabelli,False,5.72,-0.23,2.77,2026-10-05T00:00:00,36240A101,Gabelli Utility Trust,2026-10-05,XGUTX,Equity-Sector Equity,15.96,514.961,,Monthly,0.03013,0.049999999999999996,7.5,,,,1.52,,296.722,True,False,True,False,False,False,,16.66,15.15,7.65,4.71,3.94,1.87,,,3.89,2050320,,,,,0.17,0.15,6.17486,97.15196,0.8300000000000001,-1.12,0.22,2026-10-05T00:00:00,1999-07-09T00:00:00,7/9/1999,931478400,2026-09-16T00:00:00
173,GGN,-0.10710000000000001,6.12245,6.85714,0.034999999999999996,22.96,8,Morningstar US CEF Sector Equity,59,Gabelli,True,5.25,0.0,5.88,2026-10-05T00:00:00,36465A109,GAMCO Global Gold Natural Resources&Inc,2026-10-05,XGGNX,Equity-Sector Equity,7.74,820.18,,Monthly,0.0325,0.034999999999999996,20.0,6.1,,,1.29,,995.709,True,True,False,False,True,False,,25.6,22.58,19.26,17.02,11.85,7.68,,,9.71,6019210,,,,,0.59,0.52,5.22749,-7.33075,-1.38,-2.24,-2.32,2026-10-05T00:00:00,2005-03-29T00:00:00,3/29/2005,1112054400,2026-09-16T00:00:00
174,GNT,-0.0104,8.35267,8.4408,0.06,20.2,3,Morningstar US CEF Covered Call,60,Gabelli Funds LLC,False,8.53,0.04,8.62,2026-10-05T00:00:00,36465E101,"GAMCO Natural Resources, Gold & Inc Tr",2026-10-05,XGNTX,Equity-Covered-Call Funds,14.27,143.404,,Monthly,0.01642,0.06,20.0,6.111,,,1.9500000000000002,,169.041,True,True,True,False,False,False,,22.47,30.5,15.89,19.67,10.56,24.52,,,34.78,940210,,,,,0.73,0.62,8.16321,-3.55371,0.55,-1.77,-0.49,2026-10-05T00:00:00,2011-01-27T00:00:00,1/27/2011,1296086400,2026-09-16T00:00:00
175,GDL,-0.2192,4.51552,5.78313,0.12,5.29,26,Morningstar US CEF US Allocation,60,Gabelli Funds LLC,True,8.3,-0.03,10.63,2026-10-05T00:00:00,361570104,GDL Fund,2026-10-05,XGDLX,Hybrid-U.S. Allocation,4.04,89.166,,Quarterly,-0.00024,0.12,20.0,,,,3.27,,119.008,True,False,False,False,True,False,,6.6,8.61,4.85,4.46,5.19,4.2,,,3.23,96980,,,,,0.18,0.16,8.44947,-20.79637,-1.46,-1.33,-1.71,2026-10-05T00:00:00,2007-01-25T00:00:00,1/25/2007,1169683200,2026-09-16T00:00:00
176,GAM,-0.1381,8.62534,10.00782,6.4,15.75,10,Morningstar US CEF US Equity,61,General American Investors Co Inc,False,63.95,0.19,74.2,2026-10-05T00:00:00,368802104,General American Investors,2026-10-05,XGAMX,Equity-U.S. Equity,9.7,1524.064,,Annually,0.00036,6.4,10.0,,,,1.07,,1958.382,True,True,False,False,False,False,,23.01,26.13,14.75,16.35,12.6,8.02,,,13.45,251400,,,,,0.03,,62.51905,-10.75474,-3.31,-3.0,-2.67,2026-10-05T00:00:00,1927-02-01T00:00:00,2/1/1927,-1354320000,2025-11-17T00:00:00
177,GUG,-0.1388,8.95101,10.39387,0.11875,2.77,25,Morningstar US CEF Global Allocation,62,Guggenheim Funds Investment Advisors LLC,False,13.71,-0.23,15.92,2026-10-02T00:00:00,40170T106,Guggenheim Active Allocation Fund,2026-10-05,XGUGX,Hybrid-Global Allocation,25.14,452.157,,Monthly,0.54925,0.11875,20.0,5.74,,,3.19,,701.338,True,False,False,False,False,False,,9.41,11.54,,,0.91,-1.17,,,-0.64,868590,,,95.2366,,,,15.54588,-6.35297,-3.12,-2.02,-2.85,2026-10-05T00:00:00,2021-11-23T00:00:00,11/23/2021,1637625600,2026-09-15T00:00:00
178,GOF,-0.1331,22.02823,25.4093,0.18209999999999998,4.5,17,Morningstar US CEF Multi-Sector,62,Guggenheim Funds Investment Advisors LLC,False,8.6,-0.14,9.92,2026-10-05T00:00:00,40167F101,Guggenheim Strategic Opp Fund,2026-10-05,XGOFX,Fixed Income - Taxable-Multi-Sector,21.75,1921.651,,Monthly,0.35596,0.18209999999999998,20.0,5.7615,,,1.9700000000000002,,2832.879,True,False,False,False,False,False,,13.43,-1.48,7.3,-0.66,1.31,-22.98,,,-30.84,18188970,,,98.0989,,,,11.48705,4.80824,-2.1,-1.24,-1.9300000000000002,2026-10-05T00:00:00,2007-07-26T00:00:00,7/26/2007,1185408000,2026-09-15T00:00:00
179,GBAB,-0.0701,11.25101,12.09912,0.12572999999999998,-1.92,20,Morningstar US CEF Taxable Muni,62,Guggenheim Funds Investment Advisors LLC,False,12.47,-0.12,13.41,2026-10-05T00:00:00,401664107,Guggenheim Tax Muni & Inv Grade Debt Tr,2026-10-05,XGBAX,Fixed Income - Taxable-Taxable Muni,30.13,345.412,,Monthly,0.46383,0.12572999999999998,20.0,5.7718,,,2.83,,531.598,True,False,False,False,False,False,,6.8100000000000005,2.6,-1.38,-4.04,-3.07,-9.76,,,-11.39,943950,12.76,,96.372,,5.22,,14.55688,-0.6175900000000001,-2.66,-1.9300000000000002,-2.56,2026-10-05T00:00:00,2010-10-26T00:00:00,10/26/2010,1288051200,2026-09-15T00:00:00
180,HERZ,-0.20309999999999997,10.75949,13.50099,0.16999999999999998,-1.1400000000000001,10,Morningstar US CEF US Equity,104,Thomas J Herzfeld Advisors Inc,False,15.11,-1.0,19.13,2026-08-31T00:00:00,42804T205,Herzfeld Credit Income Fund,2026-10-05,HERZ,Equity-U.S. Equity,,30.371,,Monthly,0.05541,0.16999999999999998,5.2,,,,4.33,,38.11,False,False,False,False,False,False,,12.0,17.69,5.0,5.46,-6.62,-28.03,,,-11.33,132720,,,,,,,18.8736,-13.0474,-1.57,-1.88,-1.6800000000000002,2026-10-05T00:00:00,1994-05-20T00:00:00,5/20/1994,769392000,2026-09-16T00:00:00
181,PCF,-0.1772,11.31707,13.75494,0.057999999999999996,-2.49,11,Morningstar US CEF Convertibles,22,Bulldog Investors LLP,False,5.06,-0.05,6.15,2026-10-02T00:00:00,42968F108,High Income Securities,2026-10-05,XPCFX,Fixed Income - Taxable-Convertibles,1.06,94.705,,Monthly,0.16873,0.057999999999999996,7.5,5.0759,,21.21,1.65,,115.106,True,False,False,False,False,False,,7.72,6.51,4.92,1.4,-3.98,-7.95,,,-8.24,811720,,,,,,,5.77379,-13.10935,-2.65,-2.4,-2.83,2026-10-05T00:00:00,1987-07-09T00:00:00,7/9/1987,552787200,2026-09-22T00:00:00
182,HGLB,-0.3897,9.41828,15.43116,0.08499999999999999,-0.73,25,Morningstar US CEF Global Allocation,78,"NexPoint Asset Management, L.P.",False,6.61,-0.11,10.83,2026-10-05T00:00:00,43010T104,Highland Global Allocation Fund,2026-10-05,XHGLX,Hybrid-Global Allocation,2.79,155.933,,Monthly,0.20544,0.08499999999999999,15.0,9.9011,,,1.35,,255.485,True,False,False,False,False,False,,7.67,6.47,8.24,7.11,-4.28,-20.42,,,-17.81,763820,,,,,0.31,,8.41723,-31.0725,-1.8399999999999999,-2.22,-1.51,2026-10-05T00:00:00,1998-01-05T00:00:00,1/5/1998,883958400,2026-09-23T00:00:00
183,HFRO,-0.4188,3.98964,6.86478,0.0385,4.71,19,Morningstar US CEF Senior Loans,78,"NexPoint Asset Management, L.P.",True,6.73,-0.1,11.58,2026-10-05T00:00:00,43010E404,Highland Opportunities and Income Ord,2026-10-05,XHFOX,Fixed Income - Taxable-Senior Loans,27.24,371.62,,Monthly,0.29677000000000003,0.0385,15.0,7.8861,,,2.18,,878.784,True,True,True,False,True,False,,-1.25,1.54,1.34,-1.33,4.83,17.41,,,12.01,1283060,,,,,4.13,,6.52278,-43.87835,0.5,-1.6600000000000001,-0.09,2026-10-05T00:00:00,2000-01-13T00:00:00,1/13/2000,947721600,2026-09-23T00:00:00
184,VKI,-0.049,8.42714,8.86129,0.0559,-5.32,21,Morningstar US CEF Municipal,65,"Invesco Advisers, Inc",False,7.57,-0.1,7.96,2026-10-05T00:00:00,46132E103,Invesco Adv Muni Inc II,2026-10-05,XVKIX,Fixed Income - Municipal-Municipal,39.5,336.201,-0.002,Monthly,0.21381,0.0559,15.0,5.1931,,20.22,3.33,,584.347,True,False,False,False,False,False,,3.03,7.58,-2.58,-3.88,-6.84,-13.2,,,-8.02,1315050,17.15,,96.6445,,10.05,8.68,8.93235,0.26774000000000003,-1.97,-2.71,-2.46,2026-10-05T00:00:00,1993-08-27T00:00:00,8/27/1993,746409600,2026-09-14T00:00:00
185,VBF,-0.0787,5.42615,5.88983,0.06949999999999999,-2.55,15,Morningstar US CEF Investment Grade,65,"Invesco Advisers, Inc",False,14.16,0.0,15.37,2026-10-05T00:00:00,46132L107,Invesco Bond,2026-10-05,XVBFX,Fixed Income - Taxable-Investment Grade,,161.779,0.001,Monthly,0.40588,0.06949999999999999,20.0,5.6338,,15.48,0.5700000000000001,,175.604,False,False,False,False,False,False,,5.33,4.88,-0.79,-1.58,-3.32,-4.22,,,-5.18,555810,,,96.9961,,,,15.12253,-7.17714,-0.87,-0.1,-0.37,2026-10-05T00:00:00,1970-10-28T00:00:00,10/28/1970,25920000,2026-09-14T00:00:00
186,VCV,-0.009000000000000001,8.69058,8.76923,0.06459999999999999,-7.16,22,Morningstar US CEF Municipal-CA,65,"Invesco Advisers, Inc",False,8.84,-0.13,8.92,2026-10-05T00:00:00,46132H106,Invesco CA Value,2026-10-05,XVCVX,Fixed Income - Municipal-Municipal - CA,42.06,428.819,-0.039,Monthly,0.22155,0.06459999999999999,15.0,5.1828,,20.77,3.35,,746.796,True,False,False,False,False,False,,2.34,9.29,-2.7800000000000002,-2.65,-8.95,-14.61,,,-8.59,1116850,15.53,,94.3565,,11.52,8.96,10.69974,5.05509,-3.08,-3.12,-3.6,2026-10-05T00:00:00,1993-04-30T00:00:00,4/30/1993,736128000,2026-09-14T00:00:00
187,VLT,-0.11130000000000001,10.58128,11.90687,0.0895,-0.17,14,Morningstar US CEF High Yield,65,"Invesco Advisers, Inc",False,9.02,-0.05,10.15,2026-10-05T00:00:00,46131F101,Invesco High Income II,2026-10-05,XVLTX,Fixed Income - Taxable-High Yield,31.61,58.731,-0.029,Monthly,0.36908,0.0895,60.0,6.9603,,6.78,3.41,,96.639,True,False,False,False,False,False,,7.31,7.98,2.25,1.02,-1.79,-11.92,,,-10.07,187960,,,99.0033,,,,10.55881,-3.45691,-2.43,-1.63,-2.37,2026-10-05T00:00:00,1989-04-28T00:00:00,4/28/1989,609724800,2026-09-14T00:00:00
188,VMO,-0.061900000000000004,8.44595,9.0036,0.0625,-5.63,21,Morningstar US CEF Municipal,65,"Invesco Advisers, Inc",False,8.33,-0.18,8.88,2026-10-05T00:00:00,46132C107,Invesco Muni Opp,2026-10-05,XVMOX,Fixed Income - Municipal-Municipal,39.04,561.781,-0.012,Monthly,0.23512,0.0625,15.0,5.3225,,20.36,3.26,,982.476,True,False,False,False,False,False,,2.93,7.83,-2.73,-3.59,-7.08,-7.57,,,-6.73,2495770,17.21,,96.2895,,11.8,8.97,9.64839,-3.02015,-1.79,-3.06,-2.9,2026-10-05T00:00:00,1992-04-24T00:00:00,4/24/1992,704073600,2026-09-14T00:00:00
189,VKQ,-0.0583,8.44843,8.97143,0.0628,-5.57,21,Morningstar US CEF Municipal,65,"Invesco Advisers, Inc",False,8.4,-0.2,8.92,2026-10-05T00:00:00,46131J103,Invesco Municipal,2026-10-05,XVKQX,Fixed Income - Municipal-Municipal,40.22,464.818,-0.006,Monthly,0.23747000000000001,0.0628,15.0,5.3716,,20.5,3.24,,825.742,True,False,False,False,False,False,,2.86,7.94,-2.65,-2.85,-7.02,-6.89,,,-5.05,2025320,15.92,,96.6798,,11.71,8.94,9.67944,-3.1918,-1.37,-3.5,-2.61,2026-10-05T00:00:00,1991-09-27T00:00:00,9/27/1991,685929600,2026-09-14T00:00:00
190,OIA,-0.014199999999999999,6.17021,6.25899,0.028999999999999998,-2.95,21,Morningstar US CEF Municipal,65,"Invesco Advisers, Inc",False,5.5600000000000005,-0.04,5.64,2026-10-05T00:00:00,46132X101,Invesco Municipal Inc Opp I,2026-10-05,XOIAX,Fixed Income - Municipal-Municipal,32.49,266.205,0.019,Monthly,0.16802,0.028999999999999998,10.0,7.0142,,22.18,2.45,,400.02,True,False,False,False,False,False,,4.86,5.33,-1.18,-1.05,-4.46,-0.48,,,0.64,1296520,30.48,,87.4958,,,,6.07491,-1.11382,-0.19,-0.54,-0.39,2026-10-05T00:00:00,1988-09-19T00:00:00,9/19/1988,590630400,2026-09-14T00:00:00
191,VPV,0.1127,8.35491,7.50844,0.0667,-5.28,24,Morningstar US CEF Municipal-Single State,65,"Invesco Advisers, Inc",False,10.66,-0.06,9.58,2026-10-05T00:00:00,46132K109,Invesco PA Value,2026-10-05,XVPVX,Fixed Income - Municipal-Municipal - Single-State,38.98,190.517,0.126,Monthly,0.24298,0.0667,15.0,5.0179,,19.59,3.1,,280.592,True,False,True,False,False,False,,2.65,12.76,-2.54,1.16,-7.24,6.06,,,9.46,318740,25.47,,96.0024,,11.26,8.28,10.787700000000001,0.48236000000000007,2.43,1.85,2.17,2026-10-05T00:00:00,1993-04-30T00:00:00,4/30/1993,736128000,2026-09-14T00:00:00
192,IQI,-0.0332,8.38538,8.67354,0.0631,-5.27,21,Morningstar US CEF Municipal,65,"Invesco Advisers, Inc",False,8.73,-0.21,9.03,2026-10-05T00:00:00,46133G107,Invesco Quality Municipal Income Trust,2026-10-05,XIQIX,Fixed Income - Municipal-Municipal,36.63,461.676,0.026000000000000002,Monthly,0.24185,0.0631,15.0,5.5043,,18.62,2.91,,753.611,True,False,False,False,False,False,,3.19,8.27,-2.54,-2.25,-6.63,-8.38,,,-5.59,1542490,15.49,,93.8966,,10.7,8.66,9.93594,-1.34671,-0.91,-2.38,-1.23,2026-10-05T00:00:00,1992-09-29T00:00:00,9/29/1992,717724800,2026-09-14T00:00:00
193,VVR,-0.1355,10.48193,12.12544,0.028999999999999998,0.7000000000000001,19,Morningstar US CEF Senior Loans,65,"Invesco Advisers, Inc",False,2.87,-0.02,3.32,2026-10-05T00:00:00,46131H107,Invesco Senior Income,2026-10-05,XVVRX,Fixed Income - Taxable-Senior Loans,35.66,441.765,-0.044000000000000004,Monthly,0.16899,0.028999999999999998,10.0,,,3.9,4.89,,794.238,True,False,False,False,False,False,,5.13,2.46,4.84,3.56,1.13,-2.67,,,-4.77,9332330,,,,,,,3.12215,-10.20085,-1.83,-1.27,-1.57,2026-10-05T00:00:00,1998-06-24T00:00:00,6/24/1998,898646400,2026-09-14T00:00:00
194,VGM,-0.0575,8.41694,8.93088,0.06459999999999999,-5.3,21,Morningstar US CEF Municipal,65,"Invesco Advisers, Inc",False,8.68,-0.22,9.21,2026-10-05T00:00:00,46131M106,Invesco Tr Inv Gr Muni,2026-10-05,XVGMX,Fixed Income - Municipal-Municipal,38.92,470.733,-0.018000000000000002,Monthly,0.24485,0.06459999999999999,15.0,5.4212,,20.77,3.11,,817.699,True,False,False,False,False,False,,2.9699999999999998,7.85,-2.63,-2.9699999999999998,-6.85,-11.72,,,-7.8100000000000005,1869830,18.24,,96.729,,11.28,8.91,10.2072,-0.9740900000000001,-2.26,-2.95,-2.81,2026-10-05T00:00:00,1992-01-24T00:00:00,1/24/1992,696211200,2026-09-14T00:00:00
195,VTN,-0.0042,8.68922,8.72611,0.06849999999999999,-7.15,23,Morningstar US CEF Municipal-NY,65,"Invesco Advisers, Inc",False,9.42,-0.21,9.46,2026-10-05T00:00:00,46131T101,Invesco Tr Inv Gr NY,2026-10-05,XVTNX,Fixed Income - Municipal-Municipal - NY,35.52,137.941,0.01,Monthly,0.25475000000000003,0.06849999999999999,15.0,5.1028,,23.49,2.69,,214.828,True,False,False,False,False,False,,2.0,8.06,-2.95,-1.45,-8.36,-13.89,,,-8.38,336130,25.38,,90.718,,13.06,10.43,11.13254,3.30702,-1.51,-1.46,-1.85,2026-10-05T00:00:00,1992-03-27T00:00:00,3/27/1992,701654400,2026-09-14T00:00:00
196,IIM,-0.0316,8.36528,8.63866,0.0771,-5.12,21,Morningstar US CEF Municipal,65,"Invesco Advisers, Inc",False,10.71,-0.21,11.06,2026-10-05T00:00:00,46132P108,Invesco Value Muni Income,2026-10-05,XIIMX,Fixed Income - Municipal-Municipal,36.76,504.282,-0.011000000000000001,Monthly,0.29788000000000003,0.0771,15.0,5.5984,,18.25,2.93,,823.484,True,False,False,False,False,False,,3.09,7.43,-2.33,-2.65,-6.32,-10.15,,,-10.15,1287470,16.2,,94.3507,,10.32,8.32,12.42299,0.98079,-1.7000000000000002,-2.58,-1.9,2026-10-05T00:00:00,1993-02-26T00:00:00,2/26/1993,730684800,2026-09-14T00:00:00
197,JOF,-0.1283,7.91172,9.07595,0.09559999999999999,31.45,1,Morningstar US CEF Asia Equity,79,Nomura Asset Management Co Ltd,False,12.64,-0.03,14.5,2026-10-05T00:00:00,47109U104,Japan Smaller Cap Fund,2026-10-05,XXJOFXX,Equity-Asia Equity,0.0,322.326,,Monthly,0.03946,0.09559999999999999,12.0,,,,2.09,,369.757,True,True,False,False,False,False,,25.15,29.25,11.78,12.98,27.44,21.97,,,31.51,776780,,,,,,,11.38766,-10.86931,-1.2,-0.58,-0.86,2026-10-05T00:00:00,1990-03-21T00:00:00,3/21/1990,637977600,2026-09-15T00:00:00
198,BTO,-0.0978,6.48703,7.19027,0.65,18.75,8,Morningstar US CEF Sector Equity,67,John Hancock Investment Management LLC,True,36.16,0.15,40.08,2026-10-05T00:00:00,409735206,JHancock Financial Opportunities,2026-10-05,XBTOX,Equity-Sector Equity,14.06,717.163,0.0,Quarterly,0.27503,0.65,20.0,4.7005,,,2.42,,924.909,True,False,False,False,True,False,,26.04,19.23,8.65,3.96,13.63,6.09,,,5.32,468770,,,,,38.99,,36.88126,-3.11804,-2.65,-1.8900000000000001,-2.39,2026-10-05T00:00:00,1994-08-18T00:00:00,8/18/1994,777168000,2026-09-11T00:00:00
199,JHS,-0.08529999999999999,5.45293,5.96117,0.1535,-5.37,15,Morningstar US CEF Investment Grade,67,John Hancock Investment Management LLC,False,10.3,-0.04,11.26,2026-10-05T00:00:00,410123103,JHancock Income Secs,2026-10-05,XJHSX,Fixed Income - Taxable-Investment Grade,41.04,119.96,0.0,Quarterly,0.29069,0.1535,15.3,5.4543,,,4.41,,222.441,True,False,False,False,False,False,,4.42,5.11,-2.38,-3.55,-6.53,-9.09,,,-7.36,146840,,,98.3831,,7.35,4.44,11.24844,-7.85834,-0.44,0.87,0.99,2026-10-05T00:00:00,1973-02-14T00:00:00,2/14/1973,98496000,2026-06-11T00:00:00
200,JHI,-0.11689999999999999,8.735289999999999,9.89176,0.297,-2.32,15,Morningstar US CEF Investment Grade,66,John Hancock,False,12.01,-0.17,13.6,2026-10-05T00:00:00,410142103,JHancock Investors,2026-10-05,XJHIX,Fixed Income - Taxable-Investment Grade,42.22,105.022,0.0,Quarterly,0.58459,0.297,21.06,6.8494,,,4.59,,205.826,True,False,False,False,False,False,,7.06,8.55,0.9400000000000001,-0.58,-3.08,-5.76,,,-5.47,206550,6.53,,98.1223,,6.17,,13.41323,-7.89586,-2.51,-1.8599999999999999,-2.43,2026-10-05T00:00:00,1971-01-29T00:00:00,1/29/1971,33955200,2026-06-11T00:00:00
201,HPI,-0.0275,10.43662,10.73135,0.1235,-4.97,18,Morningstar US CEF Preferreds,67,John Hancock Investment Management LLC,False,13.81,-0.34,14.2,2026-10-05T00:00:00,41013W108,JHancock Preferred Income,2026-10-05,XHPIX,Fixed Income - Taxable-Preferreds,40.33,370.0,0.0,Monthly,0.56391,0.1235,25.0,6.4987,,,4.48,,637.549,True,False,False,False,False,False,,8.82,8.34,1.74,0.54,-4.77,-7.84,,,-11.33,566530,,,101.5739,,91.45,,16.17779,3.55139,-2.6,-2.27,-2.69,2026-10-05T00:00:00,2002-08-27T00:00:00,8/27/2002,1030406400,2026-09-11T00:00:00
202,HPF,-0.0596,10.5181,11.18491,0.1235,-4.95,18,Morningstar US CEF Preferreds,67,John Hancock Investment Management LLC,False,13.25,-0.4,14.09,2026-10-05T00:00:00,41013X106,JHancock Preferred Income II,2026-10-05,XHPFX,Fixed Income - Taxable-Preferreds,40.39,286.873,0.0,Monthly,0.5652,0.1235,25.0,6.5714,,,4.51,,511.76,True,False,False,False,False,False,,8.9,7.28,1.9100000000000001,-0.36,-4.67,-9.91,,,-12.07,395760,,,101.5517,,90.07,,15.89179,2.5933900000000003,-3.99,-2.45,-3.33,2026-10-05T00:00:00,2002-11-29T00:00:00,11/29/2002,1038528000,2026-09-11T00:00:00
203,HPS,-0.0747,10.38552,11.22449,0.11,-4.9,18,Morningstar US CEF Preferreds,67,John Hancock Investment Management LLC,False,11.76,-0.39,12.71,2026-10-05T00:00:00,41021P103,JHancock Preferred Income III,2026-10-05,XHPSX,Fixed Income - Taxable-Preferreds,40.15,378.306,0.0,Monthly,0.50751,0.11,25.0,6.5064,,,4.47,,683.166,True,False,False,False,False,False,,8.82,6.07,1.99,0.22,-4.58,-10.27,,,-14.32,647410,,,101.6004,,86.67,,14.43319,3.42699,-4.41,-2.5700000000000003,-3.68,2026-10-05T00:00:00,2003-06-18T00:00:00,6/18/2003,1055894400,2026-09-11T00:00:00
204,PDT,-0.11449999999999999,8.03336,9.07192,0.08829999999999999,-1.09,18,Morningstar US CEF Preferreds,66,John Hancock,True,11.68,-0.1,13.19,2026-10-05T00:00:00,41013T105,JHancock Premium Dividend Fund,2026-10-05,XPDTX,Fixed Income - Taxable-Preferreds,36.55,574.483,0.0,Monthly,0.34231,0.08829999999999999,12.0,5.8871,,,4.32,,1022.453,True,False,False,False,True,False,,14.66,15.81,6.22,1.28,-0.66,-2.13,,,-5.02,1238110,,,,,76.11,,12.88692,-9.93899,-1.04,-1.03,-0.72,2026-10-05T00:00:00,1989-12-21T00:00:00,12/21/1989,630201600,2026-09-11T00:00:00
205,HTD,-0.09949999999999999,7.76095,8.61818,0.158,-1.35,26,Morningstar US CEF US Allocation,67,John Hancock Investment Management LLC,True,22.0,-0.25,24.43,2026-10-05T00:00:00,41013V100,JHancock Tax-Advantaged Dividend Inc,2026-10-05,XHTDX,Hybrid-U.S. Allocation,33.08,779.5,0.0,Monthly,0.63149,0.158,20.0,5.9626,,,3.58,,1293.499,True,False,False,False,True,False,,15.77,16.46,7.55,7.24,0.55,-0.8200000000000001,,,-3.5300000000000002,654410,,,,,68.76,,24.859560000000002,-5.90359,-2.26,-2.89,-2.69,2026-10-05T00:00:00,2004-02-27T00:00:00,2/27/2004,1077840000,2026-09-11T00:00:00
206,HEQ,-0.10210000000000001,8.10373,9.02527,0.25,8.35,5,Morningstar US CEF Global Equity,67,John Hancock Investment Management LLC,True,11.08,0.08,12.34,2026-10-05T00:00:00,47804L102,John Hancock Diversified Income Fund,2026-10-05,XHEQX,Equity-Global Equity,10.63,132.169,,Quarterly,0.35522,0.25,20.0,6.6246,,,1.31,,164.699,True,False,True,False,True,False,,11.74,14.7,7.75,6.93,5.38,8.42,,,11.99,363210,,,97.9782,,,,11.20862,-10.22087,0.01,-0.91,-0.98,2026-10-05T00:00:00,2011-05-26T00:00:00,5/26/2011,1306368000,2026-09-11T00:00:00
207,KYN,-0.11789999999999999,7.15182,8.10811,0.095,18.51,6,Morningstar US CEF MLP,69,"KA Fund Advisors, LLC",False,14.06,0.15,15.94,2026-10-05T00:00:00,486606106,Kayne Anderson Energy Infrastructure,2026-10-05,XKYNX,Equity-MLP,26.05,2377.912,,Monthly,0.31841,0.095,25.0,7.259,,,3.3,,3645.352,True,True,True,False,False,False,,24.02,27.02,20.25,21.65,19.44,16.18,,,18.61,3916090,,,,,15.1,,13.4351,-12.27588,0.32,0.37,1.0,2026-10-05T00:00:00,2004-09-28T00:00:00,9/28/2004,1096329600,2026-09-15T00:00:00
208,KIO,-0.1233,12.56897,14.33628,0.1215,1.09,14,Morningstar US CEF High Yield,70,Kohlberg Kravis Roberts &amp; Co.,False,10.17,-0.18,11.6,2026-10-05T00:00:00,48249T106,KKR Income Opportunities Fund,2026-10-05,XKIOX,Fixed Income - Taxable-High Yield,33.42,416.819,,Monthly,0.63625,0.1215,20.0,7.8125,,,4.09,,714.065,True,False,False,False,False,False,,7.45,7.09,4.09,2.27,1.67,-2.07,,,-7.1,2435210,0.09000000000000001,,97.5973,,58.49,,11.3349,-6.90992,-3.66,-2.46,-3.43,2026-10-05T00:00:00,2013-07-26T00:00:00,7/26/2013,1374796800,2026-09-11T00:00:00
209,KF,-0.165,1.67848,2.01007,1.381724,133.78,1,Morningstar US CEF Asia Equity,68,JPMorgan Asset Management (Asia Pacific) Limited,False,68.74,-0.08,82.32,2026-10-05T00:00:00,500634209,Korea Fund,2026-10-05,XKFDX,Equity-Asia Equity,5.74,285.845,,Annually,0.0077,1.381724,40.0,,,,1.21,,342.315,True,True,False,False,False,False,,49.03,49.22,19.38,20.14,85.71,80.78,,,123.06,206100,,,,,,,52.71296,-13.68636,-1.5,-0.74,-1.0,2026-10-05T00:00:00,1984-08-29T00:00:00,8/29/1984,462585600,2025-12-23T00:00:00
210,LGI,-0.0753,10.04803,10.86659,0.15339999999999998,9.63,5,Morningstar US CEF Global Equity,71,Lazard Asset Management LLC,False,16.94,0.08,18.32,2026-10-05T00:00:00,52106W103,Lazard Global Total Return and Income,2026-10-05,XLGIX,Equity-Global Equity,9.02,220.678,,Monthly,0.028050000000000002,0.15339999999999998,20.0,7.7462,,,2.0,,262.33,True,False,False,False,False,False,,14.26,18.59,6.47,6.87,6.61,6.3,,,9.94,431640,,,,,3.13,,17.81748,-1.8793600000000001,-1.79,-2.33,-2.8,2026-10-05T00:00:00,2004-04-28T00:00:00,4/28/2004,1083110400,2026-09-10T00:00:00
211,USA,-0.1341,10.13413,11.70396,0.16999999999999998,4.68,10,Morningstar US CEF US Equity,9,ALPS Advisors Inc,True,5.8100000000000005,-0.01,6.71,2026-10-05T00:00:00,530158104,Liberty All-Star Equity,2026-10-05,XUSAX,Equity-U.S. Equity,0.84,1790.754,,Quarterly,0.02385,0.16999999999999998,10.0,,,,0.91,,2085.733,True,False,False,False,True,False,,13.68,10.09,6.71,2.48,4.03,-0.13,,,1.7000000000000002,12538180,,,,,,,5.96383,-10.36768,-2.2,-2.31,-1.99,2026-10-05T00:00:00,1986-10-31T00:00:00,10/31/1986,531100800,2026-07-16T00:00:00
212,ASG,-0.1328,8.06723,9.30233,0.12,4.02,10,Morningstar US CEF US Equity,9,ALPS Advisors Inc,True,5.16,0.08,5.95,2026-10-05T00:00:00,529900102,Liberty All-Star Growth,2026-10-05,XASGX,Equity-U.S. Equity,0.06,328.783,,Quarterly,-0.01856,0.12,10.0,,,,1.12,,379.342,True,False,False,False,True,False,,12.27,9.75,1.02,-1.56,5.75,1.83,,,-0.53,2623520,,,,,,,5.24506,-10.88446,-1.74,-0.91,-1.26,2026-10-05T00:00:00,1986-03-14T00:00:00,3/14/1986,511142400,2026-07-16T00:00:00
213,SCD,-0.1215,8.61759,9.80926,0.12,7.8,25,Morningstar US CEF Global Allocation,54,"Franklin Templeton Fund Adviser, LLC",True,14.68,0.02,16.71,2026-10-05T00:00:00,50208A102,LMP Capital and Income,2026-10-05,XSCDX,Hybrid-Global Allocation,21.53,336.265,,Monthly,0.06042,0.12,20.0,,,,2.39,,487.765,True,False,False,False,True,False,,15.68,16.04,10.8,10.99,7.51,6.78,,,4.37,776320,13.6,,,,4.25,,15.26451,-9.74955,-1.54,-1.65,-1.51,2026-10-05T00:00:00,2004-02-24T00:00:00,2/24/2004,1077580800,2026-09-23T00:00:00
214,MXE,-0.19940000000000002,1.49808,1.8711,0.2337,8.84,4,Morningstar US CEF Emerging Market Equity,89,Pichardo Asset Management SA De CV,False,12.49,0.17,15.6,2026-10-05T00:00:00,592834105,Mexico Equity & Income,2026-10-05,XMXEX,Equity-Emerging Market Equity,,54.959,,Annually,0.07512,0.2337,12.0,7.969,,0.02,2.13,,68.643,False,False,False,False,False,False,,7.88,12.92,7.85,4.66,4.84,0.88,,,7.22,52140,,,,,,,12.93894,-17.93196,-1.83,-1.3599999999999999,-1.49,2026-10-05T00:00:00,1990-08-15T00:00:00,8/15/1990,650678400,2025-12-16T00:00:00
215,MXF,-0.1332,6.05275,6.98254,0.35,7.83,4,Morningstar US CEF Emerging Market Equity,64,"Impulsora Del Fondo Mexico, SC",True,20.05,0.12,23.13,2026-10-05T00:00:00,592835102,Mexico Fund,2026-10-05,XXMXFXX,Equity-Emerging Market Equity,,289.122,,Quarterly,0.27312000000000003,0.35,12.0,5.75,,,1.36,,333.536,False,False,False,False,True,False,,9.14,13.71,10.89,12.42,4.61,6.27,,,10.09,474750,,,,,,,20.99517,-13.09575,-0.21,-2.43,-0.7000000000000001,2026-10-05T00:00:00,1981-06-03T00:00:00,6/3/1981,360374400,2026-07-22T00:00:00
216,CAF,-0.17350000000000002,1.23334,1.49233,0.262949,11.22,1,Morningstar US CEF Asia Equity,74,Morgan Stanley,False,17.62,-0.07,21.32,2026-10-05T00:00:00,617468103,Morgan Stanley China A Share,2026-10-05,XCAFX,Equity-Asia Equity,,235.297,,Annually,-0.01046,0.262949,20.0,,,,1.52,,284.706,False,False,False,False,False,False,,13.02,14.43,-0.35000000000000003,-1.07,8.87,2.19,,,8.19,354470,,,,,,,18.24167,-14.15491,-1.45,-1.15,-1.3,2026-10-05T00:00:00,2006-09-28T00:00:00,9/28/2006,1159401600,2025-12-19T00:00:00
217,MSD,-0.1108,7.74366,8.70871,0.145,6.12,12,Morningstar US CEF Emerging Market Income,75,"Morgan Stanley Investment Management, Inc.",False,6.66,-0.05,7.49,2026-10-05T00:00:00,61744H105,Morgan Stanley Emerging Markets Debt,2026-10-05,XMSDX,Fixed Income - Taxable-Emerging Market Income,0.03,134.74,,Quarterly,0.30967,0.145,15.0,6.5116,,6.76,1.36,,151.532,True,False,False,False,False,False,,12.47,12.19,3.17,3.56,1.62,-3.02,,,-0.77,915660,,,,,,,7.36137,-7.37099,-2.03,-2.15,-2.23,2026-10-05T00:00:00,1993-07-23T00:00:00,7/23/1993,743385600,2026-09-30T00:00:00
218,EDD,-0.0709,14.89362,16.03053,0.21,13.32,12,Morningstar US CEF Emerging Market Income,75,"Morgan Stanley Investment Management, Inc.",False,5.24,-0.1,5.64,2026-10-05T00:00:00,617477104,Morgan Stanley Emrgng Mkts Domestic Debt,2026-10-05,XEDDX,Fixed Income - Taxable-Emerging Market Income,15.2,337.75,,Quarterly,0.28033,0.21,20.0,6.6059,,7.47,2.18,,428.681,True,False,False,False,False,False,,14.2,20.01,5.79,7.68,5.5600000000000005,7.74,,,11.32,3652290,,,,,,,5.63307,-4.99159,-0.74,-2.55,-0.8300000000000001,2026-10-05T00:00:00,2007-04-24T00:00:00,4/24/2007,1177372800,2026-09-30T00:00:00
219,IIF,-0.1257,8.15597,9.32878,1.985164,-11.33,1,Morningstar US CEF Asia Equity,75,"Morgan Stanley Investment Management, Inc.",False,21.28,0.01,24.34,2026-10-05T00:00:00,61745C105,Morgan Stanley India Investment,2026-10-05,XIIFX,Equity-Asia Equity,,199.748,,Annually,-0.1168,1.985164,15.0,,,,1.35,,228.471,False,False,False,False,False,False,,4.78,9.41,3.7199999999999998,5.63,-12.22,-13.97,,,-12.1,324440,,,,,,,23.62925,-11.13133,-1.79,-1.88,-1.9100000000000001,2026-10-05T00:00:00,1994-02-25T00:00:00,2/25/1994,762134400,2025-12-19T00:00:00
220,NML,-0.11289999999999999,7.41587,8.35944,0.07008,23.91,6,Morningstar US CEF MLP,76,Neuberger Berman,False,10.06,0.03,11.34,2026-10-05T00:00:00,64129H104,NB Energy Infra and Income Fund Inc,2026-10-05,XNMLX,Equity-MLP,25.39,569.989,,Monthly,-0.18702,0.07008,20.0,,,,1.07,,861.176,True,True,False,False,False,False,,20.69,23.08,19.84,24.28,22.66,23.83,,,23.27,1694890,,,,,,,9.63116,-10.49005,-0.79,-1.51,-0.86,2026-10-05T00:00:00,2013-03-26T00:00:00,3/26/2013,1364256000,2026-09-15T00:00:00
221,NBXG,-0.1293,8.53448,9.80198,0.132,13.46,10,Morningstar US CEF US Equity,76,Neuberger Berman,False,16.16,0.18,18.56,2026-10-05T00:00:00,64133Q108,Neuberger Brmn Nxt Gnrtn Cnnctvty,2026-10-05,XNBGX,Equity-U.S. Equity,,1272.786,,Monthly,-0.05846,0.132,20.0,,,,1.35,,1461.813,False,True,True,False,False,False,,22.56,25.9,6.78,6.18,15.03,15.91,,,11.57,2014620,,,,,,,14.80345,-13.1305,0.17,0.18,0.56,2026-10-05T00:00:00,2021-05-25T00:00:00,5/25/2021,1621900800,2026-09-15T00:00:00
222,NHS,-0.1292,17.54443,20.14842,0.0905,-3.35,14,Morningstar US CEF High Yield,76,Neuberger Berman,False,5.39,-0.05,6.19,2026-10-05T00:00:00,64128C106,Neuberger High Yield Strategies,2026-10-05,XNHSX,Fixed Income - Taxable-High Yield,34.14,225.603,,Monthly,0.18333,0.0905,15.0,7.1795,,,3.39,,393.368,True,False,False,False,False,False,,7.24,3.5,0.54,-2.36,-4.69,-18.42,,,-15.99,2117580,,,100.0071,,4.8,3.23,6.71874,-3.87956,-1.8599999999999999,-2.0,-2.51,2026-10-05T00:00:00,2003-07-28T00:00:00,7/28/2003,1059350400,2026-09-15T00:00:00
223,NBH,-0.1001,6.5069099999999995,7.2307,0.054169999999999996,-7.03,21,Morningstar US CEF Municipal,76,Neuberger Berman,False,8.99,-0.16,9.99,2026-10-05T00:00:00,64124P101,Neuberger Municipal Fund,2026-10-05,XNBHX,Fixed Income - Municipal-Municipal,43.51,266.266,,Monthly,0.13171,0.054169999999999996,15.0,4.9667,,,3.87,,523.784,True,False,False,False,False,False,,1.58,5.36,-3.29,-5.78,-7.94,-6.28,,,-6.62,967030,15.43,,98.7026,,14.87,8.71,10.23745,-8.58621,-1.23,-2.75,-2.05,2026-10-05T00:00:00,2002-09-27T00:00:00,9/27/2002,1033084800,2026-09-30T00:00:00
224,NRO,-0.128,12.95502,14.85714,0.0312,-5.3,7,Morningstar US CEF Real Estate,76,Neuberger Berman,False,2.52,-0.05,2.89,2026-10-05T00:00:00,64190A103,Neuberger Real Estate Securities Income,2026-10-05,XNROX,Equity-Real Estate,27.66,159.672,,Monthly,0.06094,0.0312,15.0,,,,3.12,,253.116,True,False,False,False,False,False,,8.77,9.41,-0.59,-1.65,-2.19,-8.03,,,-10.74,2419810,,,,,,,2.99087,-7.64988,-2.62,-2.98,-3.54,2026-10-05T00:00:00,2003-10-31T00:00:00,10/31/2003,1067558400,2026-09-15T00:00:00
225,GF,-0.098,2.64832,2.93613,0.154,-6.45,9,Morningstar US CEF Single Country Equity,40,DWS,False,10.49,-0.06,11.63,2026-10-05T00:00:00,644465106,New Germany,2026-10-05,XGFNX,Equity-Single-Country Equity,8.89,171.068,,Semi-Annually,0.10538,0.154,20.0,,,,1.31,,208.163,True,False,True,False,False,False,,7.88,10.72,-4.69,-4.15,-5.06,-5.62,,,-5.7,263100,,,,,,,11.40757,-9.84176,0.03,-0.47000000000000003,-0.55,2026-10-05T00:00:00,1990-01-30T00:00:00,1/30/1990,633657600,2026-05-26T00:00:00
226,NVG,-0.0501,8.63388,9.08917,0.079,-7.65,21,Morningstar US CEF Municipal,81,"Nuveen Fund Advisors, LLC.",False,10.43,-0.28,10.98,2026-10-05T00:00:00,67071L106,Nuveen AMT-Free Muni Credit Inc,2026-10-05,XNVGX,Fixed Income - Municipal-Municipal,44.82,2272.311,-0.02,Monthly,0.29602,0.079,15.0,4.8149,,,3.64,,4335.541,True,False,False,False,False,False,,2.87,8.41,-3.31,-3.25,-9.48,-11.28,,,-6.87,6173990,24.2,2.99,91.3863,,15.21,9.5,12.50307,-0.52114,-2.63,-3.7,-4.5600000000000005,2026-10-05T00:00:00,2002-03-25T00:00:00,3/25/2002,1017014400,2026-09-15T00:00:00
227,NUW,-0.0806,4.15121,4.51513,0.048499999999999995,-2.98,21,Morningstar US CEF Municipal,81,"Nuveen Fund Advisors, LLC.",False,12.89,-0.45,14.02,2026-10-05T00:00:00,670695105,Nuveen AMT-Free Municipal Value Fund,2026-10-05,XNUWX,Fixed Income - Municipal-Municipal,7.68,231.393,-0.073,Monthly,0.30096,0.048499999999999995,15.0,5.4226,,,0.75,,272.603,True,False,False,False,False,False,,2.5700000000000003,3.7,-0.74,-1.08,-4.43,-4.51,,,-2.65,447170,10.6,0.07,96.4701,,9.22,8.74,14.16652,-5.19347,-2.8,-1.97,-2.13,2026-10-05T00:00:00,2009-02-25T00:00:00,2/25/2009,1235520000,2026-09-15T00:00:00
228,NEA,-0.0344,8.0315,8.31804,0.06799999999999999,-6.93,21,Morningstar US CEF Municipal,81,"Nuveen Fund Advisors, LLC.",False,9.81,-0.28,10.16,2026-10-05T00:00:00,670657105,Nuveen AMT-Free Quality Muni Inc,2026-10-05,XNEAX,Fixed Income - Municipal-Municipal,43.87,2995.059,0.018000000000000002,Monthly,0.25491,0.06799999999999999,15.0,5.1393,,,3.5300000000000002,,5525.956,True,False,False,False,False,False,,2.06,8.14,-3.31,-2.46,-8.61,-9.73,,,-6.19,9798730,21.3,3.99,95.2832,,11.78,8.25,11.41625,-0.50111,-2.27,-2.73,-3.14,2026-10-05T00:00:00,2002-11-21T00:00:00,11/21/2002,1037836800,2026-09-15T00:00:00
229,NAZ,0.061799999999999994,7.18841,6.76979,0.062,-5.27,24,Morningstar US CEF Municipal-Single State,81,"Nuveen Fund Advisors, LLC.",False,10.99,0.14,10.35,2026-10-05T00:00:00,67061W104,Nuveen AZ Quality Muni Inc,2026-10-05,XNAZX,Fixed Income - Municipal-Municipal - Single-State,41.24,144.188,0.031,Monthly,0.20512,0.062,15.0,4.7878,,,3.55,,231.092,True,False,True,False,False,False,,2.38,9.98,-2.54,-2.43,-7.48,-6.62,,,-4.8,238150,21.1,0.81,97.782,,12.3,8.64,12.20302,5.8043700000000005,0.11,-1.09,-1.19,2026-10-05T00:00:00,1992-11-19T00:00:00,11/19/1992,722131200,2026-09-15T00:00:00
230,NKX,-0.0334,8.02228,8.29971,0.072,-4.2,22,Morningstar US CEF Municipal-CA,81,"Nuveen Fund Advisors, LLC.",False,10.41,-0.12,10.77,2026-10-05T00:00:00,670651108,Nuveen CA AMT - Free Quality Muni Inc,2026-10-05,XNCMX,Fixed Income - Municipal-Municipal - CA,41.57,585.013,-0.014,Monthly,0.25181,0.072,15.0,4.7967,,,3.77,,1035.829,True,False,False,False,False,False,,2.81,8.01,-2.94,-2.88,-6.44,-10.5,,,-10.47,1490430,23.0,0.5900000000000001,96.6526,,12.92,8.65,12.4226,3.7999400000000003,-3.96,-3.15,-3.56,2026-10-05T00:00:00,2002-11-22T00:00:00,11/22/2002,1037923200,2026-09-15T00:00:00
231,NCA,-0.042800000000000005,4.16667,4.35308,0.03,-1.32,22,Morningstar US CEF Municipal-CA,81,"Nuveen Fund Advisors, LLC.",False,8.27,-0.15,8.64,2026-10-05T00:00:00,67062C107,Nuveen CA Municipal Value,2026-10-05,XNCAX,Fixed Income - Municipal-Municipal - CA,0.0,276.558,-0.012,Monthly,0.17651,0.03,10.0,4.7374,,,0.54,,288.932,True,False,False,False,False,False,,2.94,5.22,-0.75,-0.53,-3.42,-2.31,,,-0.8,723280,22.7,1.33,97.2125,,,8.51,9.15897,0.061610000000000005,-1.9500000000000002,-2.37,-2.59,2026-10-05T00:00:00,1987-10-07T00:00:00,10/7/1987,560563200,2026-09-15T00:00:00
232,NAC,-0.028200000000000003,8.11284,8.34835,0.06949999999999999,-4.6,22,Morningstar US CEF Municipal-CA,81,"Nuveen Fund Advisors, LLC.",False,9.99,-0.24,10.28,2026-10-05T00:00:00,67066Y105,Nuveen CA Quality Muni Income,2026-10-05,XNACX,Fixed Income - Municipal-Municipal - CA,41.09,1684.8,-0.005,Monthly,0.24164,0.06949999999999999,15.0,4.7915,,,3.79,,2943.098,True,False,False,False,False,False,,2.5300000000000002,9.48,-3.19,-2.46,-7.18,-8.2,,,-3.93,5879470,22.6,1.05,96.6951,,13.55,8.93,11.75969,1.9679900000000001,-3.26,-3.07,-3.76,2026-10-05T00:00:00,1999-05-26T00:00:00,5/26/1999,927676800,2026-09-15T00:00:00
233,JCE,-0.0771,8.01321,8.68217,0.364,17.36,10,Morningstar US CEF US Equity,81,"Nuveen Fund Advisors, LLC.",True,16.77,-0.06,18.17,2026-10-05T00:00:00,67090X107,Nuveen Core Equity Alpha,2026-10-05,XJCEX,Equity-U.S. Equity,1.35,285.135,0.0,Quarterly,0.0054600000000000004,0.364,20.0,,,,0.9900000000000001,,308.939,True,True,False,False,True,False,,22.67,20.93,13.48,11.69,12.17,13.56,,,17.43,383790,,,,,,,16.07265,-6.56357,-1.49,-2.12,-1.16,2026-10-05T00:00:00,2007-03-27T00:00:00,3/27/2007,1174953600,2026-09-15T00:00:00
234,NPCT,-0.095,10.74,11.8674,0.0895,-2.4,15,Morningstar US CEF Investment Grade,81,"Nuveen Fund Advisors, LLC.",True,9.05,-0.1,10.0,2026-10-05T00:00:00,67080D103,Nuveen Core Plus Impact Fund,2026-10-05,XNPCX,Fixed Income - Taxable-Investment Grade,38.67,260.233,,Monthly,0.18066000000000002,0.0895,20.0,4.397,,,4.43,,468.87,True,False,False,False,True,False,,8.12,12.58,-3.74,-4.13,-3.12,-1.8900000000000001,,,-6.5600000000000005,1210180,18.4,0.0,88.983,,7.48,5.36,10.17043,-7.00701,-1.6800000000000002,-2.67,-1.6400000000000001,2026-10-05T00:00:00,2021-04-27T00:00:00,4/27/2021,1619481600,2026-09-15T00:00:00
235,JQC,-0.12,11.31429,12.85714,0.049499999999999995,4.23,19,Morningstar US CEF Senior Loans,81,"Nuveen Fund Advisors, LLC.",True,4.62,-0.05,5.25,2026-10-05T00:00:00,67073D102,Nuveen Credit Strategies Income Fund,2026-10-05,XJQCX,Fixed Income - Taxable-Senior Loans,38.88,682.913,-0.082,Monthly,0.23976,0.049499999999999995,15.0,,,,5.09,,1269.638,True,False,False,False,True,False,,8.0,10.45,4.65,4.73,2.89,3.9,,,2.17,7779430,84.5,0.0,,,,,4.90069,-10.04425,-1.42,-1.63,-1.87,2026-10-05T00:00:00,2003-06-25T00:00:00,6/25/2003,1056499200,2026-09-15T00:00:00
236,NDMO,-0.064,7.48401,7.99544,0.058499999999999996,-4.64,21,Morningstar US CEF Municipal,81,"Nuveen Fund Advisors, LLC.",True,8.78,-0.16,9.38,2026-10-05T00:00:00,67079X102,Nuveen Dynamic Municipal Opportunities,2026-10-05,XNDMX,Fixed Income - Municipal-Municipal,35.2,531.602,,Monthly,0.23738,0.058499999999999996,15.0,5.5914,,,2.83,,876.475,True,False,False,False,True,False,,4.36,3.74,-3.38,-4.53,-5.77,-7.48,,,-8.62,1596990,20.1,0.37000000000000005,95.5608,,10.6,7.87,10.21839,-1.22251,-3.15,-1.88,-2.68,2026-10-05T00:00:00,2020-08-26T00:00:00,8/26/2020,1598400000,2026-09-15T00:00:00
237,JFR,-0.11939999999999999,11.40073,12.94606,0.078,5.09,19,Morningstar US CEF Senior Loans,81,"Nuveen Fund Advisors, LLC.",True,7.23,-0.12,8.21,2026-10-05T00:00:00,67072T108,Nuveen Floating Rate Income,2026-10-05,XJFRX,Fixed Income - Taxable-Senior Loans,37.77,1163.794,0.015000000000000001,Monthly,0.37027,0.078,15.0,,,,4.78,,2123.743,True,False,False,False,True,False,,8.51,9.5,5.79,5.24,3.71,4.37,,,3.18,7633110,88.3,0.0,,,,,7.67831,-9.31055,-1.85,-2.61,-2.01,2026-10-05T00:00:00,2004-03-25T00:00:00,3/25/2004,1080172800,2026-09-15T00:00:00
238,JGH,-0.126,9.48092,10.84716,0.1035,2.45,13,Morningstar US CEF Global Income,81,"Nuveen Fund Advisors, LLC.",True,11.45,-0.14,13.1,2026-10-05T00:00:00,67075G103,Nuveen Global High Income Fund,2026-10-05,XJGHX,Fixed Income - Taxable-Global Income,29.95,322.041,-0.026000000000000002,Monthly,0.52601,0.1035,20.0,7.8217,,,3.37,,525.948,True,False,False,False,True,False,,11.28,11.26,4.35,3.93,2.0,0.23,,,-4.21,1003270,36.2,0.0,99.0232,,,,12.59995,-8.04126,-3.27,-2.38,-3.02,2026-10-05T00:00:00,2014-11-24T00:00:00,11/24/2014,1416787200,2026-09-15T00:00:00
239,NMT,0.017,7.27455,7.15271,0.0605,-5.21,24,Morningstar US CEF Municipal-Single State,81,"Nuveen Fund Advisors, LLC.",False,10.15,-0.15,9.98,2026-10-05T00:00:00,67061E104,Nuveen MA Quality Muni Inc,2026-10-05,XNMTX,Fixed Income - Municipal-Municipal - Single-State,41.0,108.307,0.026000000000000002,Monthly,0.20713,0.0605,15.0,4.8793,,,3.45,,180.493,True,False,False,False,False,False,,1.74,9.88,-3.25,-2.58,-7.06,-3.77,,,-4.8100000000000005,229740,23.0,1.73,99.2801,,7.76,9.19,12.04616,8.43236,-1.16,-2.64,-3.42,2026-10-05T00:00:00,1993-03-18T00:00:00,3/18/1993,732412800,2026-09-15T00:00:00
240,NMS,-0.0533,7.33269,7.7459,0.063,-7.91,24,Morningstar US CEF Municipal-Single State,81,"Nuveen Fund Advisors, LLC.",False,9.76,-0.23,10.31,2026-10-05T00:00:00,670734102,Nuveen MN Quality Muni Inc,2026-10-05,XMNSX,Fixed Income - Municipal-Municipal - Single-State,42.96,62.606,-0.014,Monthly,0.0,0.063,15.0,4.6954,,,3.66,,115.934,True,False,False,False,False,False,,2.05,6.68,-2.89,-4.32,-10.2,-12.68,,,-12.63,189030,42.7,0.0,97.5379,,11.13,7.91,11.8019,0.5242800000000001,-2.29,-1.25,-1.96,2026-10-05T00:00:00,1993-06-25T00:00:00,6/25/1993,740966400,2026-09-15T00:00:00
241,JLS,-0.1253,9.946,11.37037,0.1535,4.98,14,Morningstar US CEF High Yield,81,"Nuveen Fund Advisors, LLC.",True,16.2,-0.16,18.52,2026-10-05T00:00:00,670735109,Nuveen Mortgage and Income Fund,2026-10-05,XJLSX,Fixed Income - Taxable-High Yield,23.79,88.721,0.009000000000000001,Monthly,0.68728,0.1535,25.0,7.614,,,3.07,,133.084,True,False,False,False,True,False,,9.63,11.83,4.35,4.26,2.94,-2.8,,,-3.2,201430,0.0,0.0,96.8528,,,,17.98477,-5.65738,-2.63,-1.79,-1.8399999999999999,2026-10-05T00:00:00,2009-11-25T00:00:00,11/25/2009,1259107200,2026-09-15T00:00:00
242,NMAI,-0.0966,9.34228,10.34175,0.11599999999999999,13.91,25,Morningstar US CEF Global Allocation,81,"Nuveen Fund Advisors, LLC.",True,13.46,-0.8,14.9,2026-10-05T00:00:00,670750108,Nuveen Multi-Asset Income,2026-10-05,XNMAX,Hybrid-Global Allocation,29.64,449.909,,Monthly,0.13858,0.11599999999999999,20.0,6.1525,,,3.38,,707.806,True,False,False,False,True,False,,15.85,22.3,,,10.23,19.47,,,23.47,1089190,28.5,0.0,97.0435,,,,13.56728,-7.44931,-1.23,-2.83,-1.9,2026-10-05T00:00:00,2021-11-22T00:00:00,11/22/2021,1637539200,2026-09-15T00:00:00
243,JMM,-0.09179999999999999,5.7049199999999995,6.28159,0.028999999999999998,-2.8,15,Morningstar US CEF Investment Grade,81,"Nuveen Fund Advisors, LLC.",True,5.54,-0.04,6.1,2026-10-05T00:00:00,67075J107,Nuveen Multi-Market Income Fund,2026-10-05,XJMMX,Fixed Income - Taxable-Investment Grade,30.66,52.421,-0.001,Monthly,0.14258,0.028999999999999998,12.0,5.5868,,,3.34,,83.242,True,False,False,False,True,False,,5.34,5.08,0.39,-0.61,-3.92,-4.97,,,-7.46,91760,27.6,0.0,96.9276,,,,5.94141,-8.92029,-0.17,0.84,1.11,2026-10-05T00:00:00,1988-12-30T00:00:00,12/30/1988,599443200,2026-09-15T00:00:00
244,NZF,-0.0298,8.61011,8.87442,0.0795,-6.44,21,Morningstar US CEF Municipal,81,"Nuveen Fund Advisors, LLC.",False,10.75,-0.21,11.08,2026-10-05T00:00:00,67070X101,Nuveen Municipal Credit Income,2026-10-05,XNZFX,Fixed Income - Municipal-Municipal,43.05,2126.593,-0.015000000000000001,Monthly,0.31359,0.0795,15.0,5.2829,,,3.61,,3849.074,True,False,False,False,False,False,,2.75,8.82,-2.81,-2.38,-7.88,-8.8,,,-6.91,6041220,24.8,2.6,93.6669,,12.28,8.5,12.43023,-0.64356,-1.99,-2.43,-3.14,2026-10-05T00:00:00,2001-09-25T00:00:00,9/25/2001,1001376000,2026-09-15T00:00:00
245,NMCO,-0.0742,8.83871,9.547039999999999,0.06849999999999999,-6.49,21,Morningstar US CEF Municipal,81,"Nuveen Fund Advisors, LLC.",False,8.61,-0.1,9.3,2026-10-05T00:00:00,670663103,Nuveen Municipal Credit Opps Fund,2026-10-05,XNMCX,Fixed Income - Municipal-Municipal,45.04,493.6,-0.035,Monthly,0.35941,0.06849999999999999,15.0,5.8436,,,4.5,,970.127,True,False,False,False,False,False,,2.66,4.4,-3.67,-4.01,-6.87,-7.84,,,-11.52,2171570,31.5,0.27,86.7669,,15.38,9.98,10.5418,-0.6855100000000001,-3.62,-2.29,-3.26,2026-10-05T00:00:00,2019-09-16T00:00:00,9/16/2019,1568592000,2026-10-01T00:00:00
246,NMZ,-0.0405,8.60898,8.9726,0.0655,-6.48,21,Morningstar US CEF Municipal,81,"Nuveen Fund Advisors, LLC.",False,8.76,-0.19,9.13,2026-10-05T00:00:00,670682103,Nuveen Municipal High Income Opp Fd,2026-10-05,XNMZX,Fixed Income - Municipal-Municipal,42.4,1901.585,0.044000000000000004,Monthly,0.15638,0.0655,15.0,5.7736,,,3.5,,3440.759,True,False,False,False,False,False,,3.9699999999999998,5.98,-3.07,-3.47,-7.51,-6.85,,,-8.68,5814860,22.0,1.3900000000000001,90.2799,,11.18,9.17,10.29123,-0.26469000000000004,-3.47,-3.01,-3.26,2026-10-05T00:00:00,2003-11-19T00:00:00,11/19/2003,1069200000,2026-09-15T00:00:00
247,NMI,-0.0076,4.92441,4.96192,0.038,-1.75,21,Morningstar US CEF Municipal,81,"Nuveen Fund Advisors, LLC.",False,9.19,-0.1,9.26,2026-10-05T00:00:00,67062J102,Nuveen Municipal Income,2026-10-05,XNMIX,Fixed Income - Municipal-Municipal,2.99,113.072,-0.019,Monthly,0.21289,0.038,12.0,5.4624,,,0.75,,113.933,True,False,False,False,False,False,,4.02,7.6,0.0,-0.84,-2.9699999999999998,-2.68,,,-1.35,282230,16.6,0.67,98.0185,,,9.04,10.2765,4.37711,-1.34,-2.5700000000000003,-2.58,2026-10-05T00:00:00,1988-04-20T00:00:00,4/20/1988,577497600,2026-09-15T00:00:00
248,NUV,-0.045700000000000005,4.5721,4.79115,0.0325,-2.7199999999999998,21,Morningstar US CEF Municipal,81,"Nuveen Fund Advisors, LLC.",False,8.14,-0.14,8.53,2026-10-05T00:00:00,670928100,Nuveen Municipal Value,2026-10-05,XNUVX,Fixed Income - Municipal-Municipal,6.15,1723.221,-0.018000000000000002,Monthly,0.19290000000000002,0.0325,10.0,5.2727,,,0.66,,1805.783,True,False,False,False,False,False,,2.75,4.48,-0.68,-2.17,-4.06,-5.49,,,-3.62,5604740,11.6,0.8,95.8628,,,8.38,9.04418,-0.49123000000000006,-3.5300000000000002,-2.35,-3.35,2026-10-05T00:00:00,1987-06-17T00:00:00,6/17/1987,550886400,2026-09-15T00:00:00
249,QQQX,-0.058100000000000006,9.11956,9.68186,0.738,16.26,3,Morningstar US CEF Covered Call,81,"Nuveen Fund Advisors, LLC.",True,30.49,-0.19,32.37,2026-10-05T00:00:00,670699107,Nuveen NASDAQ 100 Dynamic Overwrite,2026-10-05,XQQQX,Equity-Covered-Call Funds,,1488.729,0.0,Quarterly,-0.02811,0.738,20.0,,,,0.89,,1580.523,False,True,True,False,True,False,,20.27,20.19,10.82,10.0,10.04,14.79,,,21.64,1031270,,,,,,,29.00263,-6.86561,0.46,-2.9699999999999998,-0.93,2026-10-05T00:00:00,2007-01-30T00:00:00,1/30/2007,1170115200,2026-09-15T00:00:00
250,NRK,-0.0245,8.3617,8.57143,0.0655,-7.31,23,Morningstar US CEF Municipal-NY,81,"Nuveen Fund Advisors, LLC.",False,9.17,-0.19,9.4,2026-10-05T00:00:00,670656107,Nuveen NY AMT - Free Quality Muni Inc,2026-10-05,XNRKX,Fixed Income - Municipal-Municipal - NY,45.23,799.948,0.004,Monthly,0.2495,0.0655,15.0,4.7315000000000005,,,3.69,,1497.292,True,False,True,False,False,False,,1.44,6.69,-3.71,-1.9100000000000001,-8.87,-2.9,,,-1.97,3391080,23.0,0.11000000000000001,94.1104,,16.09,9.6,10.27165,-4.06287,0.6,-1.79,-0.7000000000000001,2026-10-05T00:00:00,2002-11-21T00:00:00,11/21/2002,1037836800,2026-09-15T00:00:00
251,NNY,-0.0436,4.28571,4.48101,0.0295,-2.5300000000000002,23,Morningstar US CEF Municipal-NY,81,"Nuveen Fund Advisors, LLC.",False,7.9,0.07,8.26,2026-10-05T00:00:00,67062M105,Nuveen NY Municipal Value,2026-10-05,XNNYX,Fixed Income - Municipal-Municipal - NY,0.0,149.2,-0.037,Monthly,0.17478,0.0295,10.0,4.7984,,,0.5700000000000001,,155.999,True,False,False,False,False,False,,2.5,3.27,-0.56,-1.16,-4.05,-6.26,,,-1.79,383150,28.6,0.0,95.6078,,,9.25,8.44586,-4.01477,-0.23,0.48,-0.13,2026-10-05T00:00:00,1987-10-07T00:00:00,10/7/1987,560563200,2026-09-15T00:00:00
252,NAN,-0.025,8.15185,8.36066,0.06799999999999999,-6.06,23,Morningstar US CEF Municipal-NY,81,"Nuveen Fund Advisors, LLC.",False,9.76,-0.13,10.01,2026-10-05T00:00:00,67066X107,Nuveen NY Quality Muni Inc,2026-10-05,XNANX,Fixed Income - Municipal-Municipal - NY,42.15,327.633,0.013000000000000001,Monthly,0.25368,0.06799999999999999,15.0,5.0441,,,3.77,,580.866,True,False,False,False,False,False,,2.05,7.8100000000000005,-3.13,-2.09,-7.57,-7.71,,,-7.36,803110,25.4,0.01,96.9781,,13.6,9.19,11.31228,0.56086,-2.59,-1.9100000000000001,-2.68,2026-10-05T00:00:00,1999-05-26T00:00:00,5/26/1999,927676800,2026-09-15T00:00:00
253,JPC,-0.0992,10.19022,11.31222,0.0625,0.27,18,Morningstar US CEF Preferreds,81,"Nuveen Fund Advisors, LLC.",False,6.63,-0.28,7.36,2026-10-05T00:00:00,67073B106,Nuveen Pref & Income Opps Fund,2026-10-05,XJPCX,Fixed Income - Taxable-Preferreds,38.99,2492.281,-0.042,Monthly,0.24068,0.0625,15.0,7.7082,,,4.67,,4534.548,True,False,False,False,False,False,,9.96,12.75,2.73,1.4100000000000001,-1.76,-9.62,,,-8.43,11151390,7.7,0.0,103.3725,,,3.86,7.87456,-0.7218300000000001,-3.93,-2.06,-2.94,2026-10-05T00:00:00,2003-03-26T00:00:00,3/26/2003,1048636800,2026-09-15T00:00:00
254,NAD,-0.052300000000000006,8.04948,8.49398,0.0705,-7.14,21,Morningstar US CEF Municipal,81,"Nuveen Fund Advisors, LLC.",False,9.96,-0.32,10.51,2026-10-05T00:00:00,67066V101,Nuveen Quality Muni Income Fund,2026-10-05,XNADX,Fixed Income - Municipal-Municipal,44.41,2341.989,0.023,Monthly,0.27975,0.0705,15.0,5.1664,,,3.74,,4445.381,True,False,False,False,False,False,,1.92,7.09,-3.07,-2.61,-8.66,-11.15,,,-7.02,7777970,24.1,1.25,94.9434,,11.96,8.41,11.7908,-0.9647000000000001,-3.04,-2.41,-2.93,2026-10-05T00:00:00,1999-05-26T00:00:00,5/26/1999,927676800,2026-09-15T00:00:00
255,JRI,-0.1118,13.36113,15.04225,0.1335,-0.89,25,Morningstar US CEF Global Allocation,81,"Nuveen Fund Advisors, LLC.",True,10.65,-0.25,11.99,2026-10-05T00:00:00,67074Y105,Nuveen Real Asset Inc and Grwt,2026-10-05,XJRIX,Hybrid-Global Allocation,34.09,385.512,0.0,Monthly,0.29419,0.1335,20.0,6.5661000000000005,,,3.9,,658.462,True,False,False,False,True,False,,10.8,13.17,3.32,3.74,-1.35,-13.12,,,-14.51,1524460,27.3,0.0,100.2949,,,,12.96191,-3.46326,-1.9500000000000002,-2.52,-3.41,2026-10-05T00:00:00,2012-04-25T00:00:00,4/25/2012,1335312000,2026-09-15T00:00:00
256,JRS,-0.1204,9.24574,10.51176,0.19,3.61,7,Morningstar US CEF Real Estate,81,"Nuveen Fund Advisors, LLC.",True,7.23,-0.19,8.22,2026-10-05T00:00:00,67071B108,Nuveen Real Estate Income,2026-10-05,XJRSX,Equity-Real Estate,30.13,208.893,0.0,Quarterly,0.09926,0.19,15.0,,,,3.4,,339.896,True,False,False,False,True,False,,10.84,12.5,1.2,1.3599999999999999,7.45,3.2,,,-1.21,734490,0.0,,,,6.49,,8.02317,-8.62061,-2.23,-2.59,-2.5700000000000003,2026-10-05T00:00:00,2001-11-15T00:00:00,11/15/2001,1005782400,2026-09-15T00:00:00
257,SPXX,-0.102,8.10967,9.03053,0.4215,17.7,3,Morningstar US CEF Covered Call,81,"Nuveen Fund Advisors, LLC.",True,18.67,-0.07,20.79,2026-10-05T00:00:00,6706EW100,Nuveen S&P 500 Dynamic Overwrite,2026-10-05,XSSPX,Equity-Covered-Call Funds,,2573.006,0.0,Quarterly,0.02205,0.4215,20.0,,,,0.9700000000000001,,2865.173,False,True,False,False,True,False,,18.24,16.46,10.99,9.64,12.67,9.43,,,15.04,1615750,,,,,,,17.9354,-9.46009,-0.47000000000000003,-2.0,0.08,2026-10-05T00:00:00,2005-11-22T00:00:00,11/22/2005,1132617600,2026-09-15T00:00:00
258,NIM,-0.086,3.69427,4.04181,0.028999999999999998,-2.37,21,Morningstar US CEF Municipal,81,"Nuveen Fund Advisors, LLC.",False,8.61,-0.14,9.42,2026-10-05T00:00:00,67061T101,Nuveen Select Maturity Muni,2026-10-05,XNIMX,Fixed Income - Municipal-Municipal,0.41000000000000003,107.165,-0.007,Monthly,0.16949,0.028999999999999998,12.0,4.4696,,,0.5800000000000001,,117.247,True,False,False,False,False,False,,2.8,4.77,0.32,-1.0,-3.51,-3.92,,,-2.5,208020,18.8,1.08,97.7987,,,5.2,9.34713,-5.6944,-2.15,-3.12,-2.98,2026-10-05T00:00:00,1992-09-18T00:00:00,9/18/1992,716774400,2026-09-15T00:00:00
259,NXP,-0.0276,4.78747,4.92331,0.0535,-2.2800000000000002,21,Morningstar US CEF Municipal,81,"Nuveen Fund Advisors, LLC.",False,13.04,-0.25,13.41,2026-10-05T00:00:00,67062F100,Nuveen Select Tax Free Inc,2026-10-05,XNXPX,Fixed Income - Municipal-Municipal,3.73,830.664,0.014,Monthly,0.28791,0.0535,15.0,5.042,,,0.35000000000000003,,854.233,True,False,False,False,False,False,,3.3,4.78,0.07,-0.99,-3.7,-1.46,,,-2.84,1598120,14.4,1.31,93.9322,,9.19,8.39,14.2263,-0.22802000000000003,-2.51,-2.31,-2.64,2026-10-05T00:00:00,1992-03-19T00:00:00,3/19/1992,700963200,2026-09-15T00:00:00
260,NBB,-0.0519,7.79798,8.22443,0.0965,-2.83,20,Morningstar US CEF Taxable Muni,81,"Nuveen Fund Advisors, LLC.",False,14.08,-0.22,14.85,2026-10-05T00:00:00,67074C103,Nuveen Taxable Municipal Income,2026-10-05,XNBBX,Fixed Income - Taxable-Taxable Muni,39.6,413.878,-0.051000000000000004,Monthly,0.47616,0.0965,20.0,6.8187,,,3.24,,722.727,True,False,False,False,False,False,,5.33,7.7,-1.57,-2.16,-4.23,-4.39,,,-5.19,588980,5.4,0.0,100.8368,,,7.36,15.73628,-2.8433900000000003,-2.19,-1.72,-2.3,2026-10-05T00:00:00,2010-04-27T00:00:00,4/27/2010,1272326400,2026-09-15T00:00:00
261,NPV,-0.0727,7.3506,7.92696,0.0615,-7.01,24,Morningstar US CEF Municipal-Single State,81,"Nuveen Fund Advisors, LLC.",False,9.31,-0.03,10.04,2026-10-05T00:00:00,67064R102,Nuveen VA Quality Muni Inc,2026-10-05,XNPVX,Fixed Income - Municipal-Municipal - Single-State,42.75,182.475,0.026000000000000002,Monthly,0.2321,0.0615,15.0,4.8623,,,3.54,,343.732,True,False,False,False,False,False,,2.23,5.69,-3.05,-6.06,-8.8,-12.34,,,-14.89,583260,32.8,1.53,94.9382,,13.21,8.53,11.1656,-1.66607,-2.63,-1.6,-2.13,2026-10-05T00:00:00,1993-03-18T00:00:00,3/18/1993,732412800,2026-09-15T00:00:00
262,NPFD,-0.0635,10.10221,10.7869,0.1565,1.04,18,Morningstar US CEF Preferreds,81,"Nuveen Fund Advisors, LLC.",False,17.41,-0.16,18.59,2026-10-05T00:00:00,67080R102,Nuveen Variable Rate Pref & Inc Fund,2026-10-05,XNPFX,Fixed Income - Taxable-Preferreds,37.88,420.698,,Monthly,0.5723900000000001,0.1565,25.0,7.4994,,,4.79,,723.117,True,False,False,False,False,False,,9.93,13.94,,,-1.13,-2.0,,,-4.19,655950,8.4,0.0,102.0037,,5.52,3.48,18.99973,-4.26103,-1.51,-0.88,-1.32,2026-10-05T00:00:00,2021-12-15T00:00:00,12/15/2021,1639526400,2026-09-15T00:00:00
263,SRV,-0.008,13.73312,13.84402,0.5,14.01,6,Morningstar US CEF MLP,33,Cushing Asset Management LP,False,43.34,0.97,43.69,2026-10-05T00:00:00,231631300,NXG Cushing Midstream Energy Fund,2026-10-05,XSRVX,Equity-MLP,28.85,270.198,,Monthly,0.0352,0.5,20.0,,,,4.32,,410.156,True,False,True,False,False,False,,22.18,23.22,17.08,21.46,17.28,16.47,,,7.85,596330,,,,,4.57,,44.47029,-1.19355,0.13,-1.34,-0.08,2026-10-05T00:00:00,2007-08-27T00:00:00,8/27/2007,1188172800,2026-09-15T00:00:00
264,NXG,0.0038,12.90323,12.85485,0.6,22.07,8,Morningstar US CEF Sector Equity,33,Cushing Asset Management LP,False,56.01,0.56,55.8,2026-10-05T00:00:00,231647207,NXG NextGen Infrastructure Inc,2026-10-05,XNXGX,Equity-Sector Equity,33.79,410.675,,Monthly,-0.24598,0.6,25.0,,,,4.16,,617.945,True,True,True,False,False,False,,28.65,30.65,12.45,15.46,24.24,14.83,,,22.95,702490,,,,,1.07,,54.4807,-0.9168700000000001,0.35000000000000003,-0.99,0.47000000000000003,2026-10-05T00:00:00,2012-09-26T00:00:00,9/26/2012,1348617600,2026-09-15T00:00:00
265,MEGI,-0.1047,10.06711,11.24438,0.125,3.32,8,Morningstar US CEF Sector Equity,77,New York Life Investment Management LLC,False,13.34,-0.01,14.9,2026-10-05T00:00:00,56064Q107,NYLIM CBRE Glb Infra Megatrends Term Fd,2026-10-05,XMEGI,Equity-Sector Equity,22.9,694.314,,Monthly,0.39004,0.125,20.0,,,,3.73,,1005.808,True,False,False,False,False,False,,13.02,16.39,,,3.49,4.59,,,0.67,1566530,,,,,,,14.67854,-9.59828,-0.65,-1.77,-1.08,2026-10-05T00:00:00,2021-10-27T00:00:00,10/27/2021,1635292800,2026-09-24T00:00:00
266,MMD,-0.1032,5.39281,6.01336,0.06749999999999999,-2.93,21,Morningstar US CEF Municipal,77,New York Life Investment Management LLC,False,13.47,-0.27,15.02,2026-10-05T00:00:00,56064K100,NYLIM MacKay DefinedTerm Muni Opps Fund,2026-10-05,XMMDX,Fixed Income - Municipal-Municipal,38.17,252.959,0.24000000000000002,Monthly,0.42096,0.06749999999999999,20.0,5.1925,,,2.72,,456.227,True,False,False,False,False,True,,2.54,-0.47000000000000003,-1.79,-4.36,-4.87,-4.78,,,-5.29,669250,,,102.9954,,,5.8,15.05824,-7.48446,-2.29,-2.33,-2.7800000000000002,2026-10-05T00:00:00,2012-06-27T00:00:00,6/27/2012,1340755200,2026-09-15T00:00:00
267,OCCI,-0.3091,18.92744,27.39726,0.049999999999999996,-29.47,19,Morningstar US CEF Senior Loans,82,"OFS Capital Management, LLC",True,2.19,-0.52,3.22,2026-08-31T00:00:00,67111Q107,OFS Credit Company Inc,2026-10-05,OCCI,Fixed Income - Taxable-Senior Loans,48.58,64.588,,Monthly,0.33629000000000003,0.049999999999999996,20.0,13.384,,,13.31,,181.812,True,False,False,False,True,False,,-9.97,-15.6,-8.67,-13.54,-24.6,-43.45,,,-45.63,2736800,,,,,,,3.54024,-16.17695,-1.47,-1.85,-1.47,2026-10-05T00:00:00,2018-10-05T00:00:00,10/5/2018,1538697600,2026-09-15T00:00:00
268,OXLC,-0.1322,23.32362,26.8757,0.19999999999999998,-30.12,19,Morningstar US CEF Senior Loans,83,Oxford Lane Management,False,8.93,-0.78,10.49,2026-08-31T00:00:00,691543847,Oxford Lane Capital Corp,2026-10-05,OXLCX,Fixed Income - Taxable-Senior Loans,43.47,872.011,,Monthly,1.29355,0.19999999999999998,20.0,10.7207,,,9.78,,1777.475,True,False,True,False,False,False,,-4.39,-7.94,-3.34,-5.84,-19.2,-21.6,,,-26.37,11973910,,,,,,,11.13937,-15.81842,0.27,-0.22,-0.17,2026-10-05T00:00:00,2011-01-20T00:00:00,1/20/2011,1295481600,2026-09-16T00:00:00
269,PCM,-0.061900000000000004,14.46304,15.4176,0.06423999999999999,1.96,16,Morningstar US CEF Limited Duration,84,"Pacific Investment Management Company, LLC",False,5.0,-0.05,5.33,2026-10-05T00:00:00,69323T101,PCM Fund,2026-10-05,XPCMX,Fixed Income - Taxable-Limited Duration,33.19,62.223,0.037,Monthly,0.3113,0.06423999999999999,15.0,6.1856,,7.21,4.06,,99.275,True,False,False,False,False,False,,8.31,-6.33,1.79,-4.54,-0.45,-10.1,,,-15.08,547980,,,83.6641,,,,5.82932,1.94236,-2.32,-1.37,-2.07,2026-10-05T00:00:00,1993-09-02T00:00:00,9/2/1993,746928000,2026-09-11T00:00:00
270,PDCC,-0.2167,14.53868,18.56148,0.13,-23.85,19,Morningstar US CEF Senior Loans,86,Pearl Diver Capital LLP,True,8.4045,-0.43,10.86,2026-08-31T00:00:00,70476Q100,Pearl Diver Credit Company Inc,2026-10-05,PDCC,Fixed Income - Taxable-Senior Loans,34.05,58.29,,Monthly,0.65799,0.13,20.0,10.3946,,,8.24,,112.837,True,False,False,False,True,False,,,,,,-14.4,-27.79,,,-36.43,58370,,,,,,,11.84267,-6.60108,-1.8399999999999999,-2.01,-1.28,2026-10-05T00:00:00,2024-07-18T00:00:00,7/18/2024,1721260800,2026-09-16T00:00:00
271,PSUS,-0.2286,,,,,10,Morningstar US CEF US Equity,87,"Pershing Square Capital Management, L.P.",False,37.35,0.71,48.42,2026-09-30T00:00:00,71531T105,"Pershing Square USA, Ltd",2026-10-05,PSUSX,Equity-U.S. Equity,,3735.0,,Annually,,,50.0,,,,0.0,,4842.0,False,True,True,False,False,False,,,,,,,,,,,0,,,,,,,,,,-0.74,,2026-10-05T00:00:00,2026-04-29T00:00:00,4/29/2026,1777420800,
272,GHY,-0.1167,10.35333,11.72093,0.105,1.9100000000000001,14,Morningstar US CEF High Yield,88,PGIM,False,10.75,-0.12,12.17,2026-10-05T00:00:00,69346J106,"PGIM Global High Yield Fund, Inc.",2026-10-05,XGHYX,Fixed Income - Taxable-High Yield,16.71,440.332,,Monthly,0.4495,0.105,20.0,6.6251,,0.0,2.5,,598.497,True,False,False,False,False,False,,10.29,11.71,3.52,3.79,-0.61,-4.2,,,-5.05,1601940,,,96.1418,,,,12.07548,-6.9629,-2.14,-2.23,-2.81,2026-10-05T00:00:00,2012-12-21T00:00:00,12/21/2012,1356048000,2026-09-10T00:00:00
273,ISD,-0.11470000000000001,9.699770000000001,10.95652,0.105,0.14,14,Morningstar US CEF High Yield,88,PGIM,False,11.5,-0.2,12.99,2026-10-05T00:00:00,69346H100,"PGIM High Yield Bond Fund, Inc.",2026-10-05,XISDX,Fixed Income - Taxable-High Yield,20.36,382.902,,Monthly,0.55298,0.105,20.0,6.6764,,0.0,2.15,,432.513,True,False,False,False,False,False,,8.83,9.83,3.35,3.1,-1.0,-13.48,,,-10.29,1049490,,,97.6041,,,,13.50398,-2.1414,-1.81,-1.9100000000000001,-2.07,2026-10-05T00:00:00,2012-04-26T00:00:00,4/26/2012,1335398400,2026-09-10T00:00:00
274,SDHY,-0.08800000000000001,7.76048,8.50952,0.108,0.81,14,Morningstar US CEF High Yield,88,PGIM,True,15.23,-0.06,16.7,2026-10-05T00:00:00,69355J104,PGIM Short Duration High Yield Opps,2026-10-05,XSDHX,Fixed Income - Taxable-High Yield,22.15,375.771,,Monthly,0.74624,0.108,20.0,6.4348,,,2.52,,412.04,True,False,False,False,True,False,,7.44,10.27,4.0,4.07,-0.51,-2.32,,,-1.35,691950,,,98.9607,,,,16.21697,-6.99948,-1.71,-1.42,-1.45,2026-10-05T00:00:00,2020-11-25T00:00:00,11/25/2020,1606262400,2026-09-10T00:00:00
275,PAXS,-0.0702,12.70588,13.66463,0.1494,3.32,17,Morningstar US CEF Multi-Sector,90,PIMCO,True,13.12,-0.27,14.11,2026-10-05T00:00:00,72203T100,PIMCO Access Income,2026-10-05,XPAAX,Fixed Income - Taxable-Multi-Sector,39.12,618.628,,Monthly,0.82542,0.1494,20.0,,,8.61,5.03,,1092.905,True,False,False,False,True,False,,11.91,10.98,,,0.75,-5.17,,,-8.19,2043390,,,86.1715,,,,14.85475,-0.5153300000000001,-2.04,-1.6600000000000001,-2.17,2026-10-05T00:00:00,2022-01-31T00:00:00,1/31/2022,1643587200,2026-09-11T00:00:00
276,PCQ,-0.1349,4.89796,5.66186,0.036,-6.5,22,Morningstar US CEF Municipal-CA,84,"Pacific Investment Management Company, LLC",False,7.63,-0.13,8.82,2026-10-05T00:00:00,72200N106,PIMCO CA Municipal Income,2026-10-05,XPCQX,Fixed Income - Municipal-Municipal - CA,42.77,428.292,0.161,Monthly,0.21287,0.036,15.0,4.7087,,13.26,4.27,,865.112,True,False,False,False,False,False,,2.13,2.2,-4.32,-12.3,-8.63,-8.38,,,-7.14,1630710,,,95.5316,,12.88,8.47,8.75315,-11.18086,-2.6,-2.92,-2.8,2026-10-05T00:00:00,2001-06-29T00:00:00,6/29/2001,993772800,2026-09-11T00:00:00
277,PTY,-0.0173,12.97179,13.2,0.11879999999999999,4.4,15,Morningstar US CEF Investment Grade,90,PIMCO,False,10.8,-0.24,10.99,2026-10-05T00:00:00,72201B101,PIMCO Corporate & Income Opportunity Fd,2026-10-05,XPTYX,Fixed Income - Taxable-Investment Grade,24.72,2396.346,0.218,Monthly,0.57584,0.11879999999999999,15.0,,,9.15,1.52,,3239.458,True,False,False,False,False,False,,14.69,5.51,7.48,0.97,1.06,-6.47,,,-14.11,11868150,,,92.7159,,,,12.4313,7.11111,-1.8599999999999999,-2.43,-2.87,2026-10-05T00:00:00,2002-12-27T00:00:00,12/27/2002,1040947200,2026-09-11T00:00:00
278,PCN,-0.0346,12.28389,12.72385,0.11249999999999999,3.45,15,Morningstar US CEF Investment Grade,84,"Pacific Investment Management Company, LLC",False,10.61,-0.26,10.99,2026-10-05T00:00:00,72200U100,PIMCO Corporate & Income Strgy,2026-10-05,XPCNX,Fixed Income - Taxable-Investment Grade,22.55,812.538,0.038,Monthly,0.57707,0.11249999999999999,15.0,,,8.68,1.53,,1086.643,True,False,False,False,False,False,,12.57,6.9,6.26,0.41000000000000003,0.38,-8.76,,,-10.55,3498660,,,92.1831,,,,12.1733,4.7649,-2.76,-2.59,-3.49,2026-10-05T00:00:00,2001-12-21T00:00:00,12/21/2001,1008892800,2026-09-11T00:00:00
279,PDI,-0.0559,17.59309,18.6338,0.2205,4.0,17,Morningstar US CEF Multi-Sector,84,"Pacific Investment Management Company, LLC",False,14.2,-0.2,15.04,2026-10-05T00:00:00,72201Y101,PIMCO Dynamic Income Fund,2026-10-05,XPDIX,Fixed Income - Taxable-Multi-Sector,35.45,6767.954,,Monthly,0.8897,0.2205,25.0,,,8.9,3.79,,11104.234,True,False,False,False,False,False,,13.2,8.47,5.5,2.22,0.61,-10.55,,,-16.93,30236130,,,89.064,,,,17.14851,5.36353,-2.23,-1.1400000000000001,-1.69,2026-10-05T00:00:00,2012-05-25T00:00:00,5/25/2012,1337904000,2026-09-11T00:00:00
280,PDO,-0.0438,12.44769,13.01781,0.12789999999999999,4.47,13,Morningstar US CEF Global Income,84,"Pacific Investment Management Company, LLC",True,11.79,-0.32,12.33,2026-10-05T00:00:00,69355M107,PIMCO Dynamic Income Opportunities Fund,2026-10-05,XPDOX,Fixed Income - Taxable-Global Income,36.74,1716.387,,Monthly,0.62591,0.12789999999999999,20.0,,,8.82,4.3,,2837.415,True,False,False,False,True,False,,13.63,12.66,2.98,1.72,0.97,-6.31,,,-5.48,7054550,,,89.112,,,,13.33133,2.56584,-2.56,-1.42,-2.09,2026-10-05T00:00:00,2021-01-29T00:00:00,1/29/2021,1611878400,2026-09-11T00:00:00
281,PDX,-0.09390000000000001,8.05368,8.8879,0.15302,4.21,25,Morningstar US CEF Global Allocation,90,PIMCO,True,20.66,-0.1,22.8,2026-10-05T00:00:00,69346N107,PIMCO Dynamic Income Strategy Fund,2026-10-05,XPDX,Hybrid-Global Allocation,22.51,923.646,,Monthly,0.63903,0.15302,20.0,6.1539,,7.48,3.01,,1315.493,True,False,True,False,True,True,,11.87,13.43,19.23,21.58,13.34,14.48,,,1.92,1269910,,,91.6489,,,,21.10539,-9.97541,0.48,0.11,0.32,2026-10-05T00:00:00,2019-01-30T00:00:00,1/30/2019,1548806400,2026-09-11T00:00:00
282,PGP,-0.0451,9.50631,9.95521,0.06899999999999999,11.64,25,Morningstar US CEF Global Allocation,84,"Pacific Investment Management Company, LLC",False,8.31725,-0.1,8.71,2026-10-05T00:00:00,722011103,PIMCO Global StocksPLUS & Income,2026-10-05,XPGPX,Hybrid-Global Allocation,45.54,96.411,0.07,Monthly,0.40356000000000003,0.06899999999999999,25.0,,,8.33,2.35,,185.395,True,False,False,False,False,False,,21.23,19.1,7.09,4.97,4.61,-3.86,,,5.14,458390,,,92.0495,,,,8.75413,-1.86849,-0.91,0.97,-0.29,2026-10-05T00:00:00,2005-05-31T00:00:00,5/31/2005,1117497600,2026-09-11T00:00:00
283,PHK,-0.057999999999999996,13.36427,14.18719,0.048,4.46,17,Morningstar US CEF Multi-Sector,84,"Pacific Investment Management Company, LLC",False,4.06,-0.09,4.31,2026-10-05T00:00:00,722014107,PIMCO High Income,2026-10-05,XPHKX,Fixed Income - Taxable-Multi-Sector,20.36,775.78,-0.044000000000000004,Monthly,0.23848,0.048,15.0,,,9.48,1.78,,1034.114,True,False,False,False,False,False,,12.67,10.5,6.09,3.6,1.28,-7.22,,,-6.8,8363610,,,92.3547,,,,4.69835,3.09412,-3.54,-2.2800000000000002,-3.17,2026-10-05T00:00:00,2003-04-30T00:00:00,4/30/2003,1051660800,2026-09-11T00:00:00
284,PFL,-0.0499,13.54785,14.25985,0.0814,2.76,17,Morningstar US CEF Multi-Sector,90,PIMCO,False,6.85,-0.13,7.21,2026-10-05T00:00:00,72201H108,PIMCO Income Strategy,2026-10-05,XPFLX,Fixed Income - Taxable-Multi-Sector,0.91,344.478,0.077,Monthly,0.32637,0.0814,20.0,,,7.52,1.29,,365.919,True,False,False,False,False,False,,11.4,9.22,4.44,1.48,-0.21,-9.99,,,-8.18,2177320,,,88.49,,,,8.0169,3.3842600000000003,-2.95,-1.97,-2.64,2026-10-05T00:00:00,2003-08-26T00:00:00,8/26/2003,1061856000,2026-09-11T00:00:00
285,PFN,-0.060700000000000004,13.07436,13.91922,0.0718,3.79,17,Morningstar US CEF Multi-Sector,84,"Pacific Investment Management Company, LLC",False,6.19,-0.15,6.59,2026-10-05T00:00:00,72201J104,PIMCO Income Strategy II,2026-10-05,XPFNX,Fixed Income - Taxable-Multi-Sector,29.34,,0.094,Monthly,0.37475,0.0718,20.0,,,9.57,2.33,,930.381,True,False,False,False,False,False,,12.52,11.0,5.03,2.18,0.44,-8.67,,,-7.01,4609390,,,91.5197,,,,7.12552,1.81197,-3.23,-2.14,-2.8200000000000003,2026-10-05T00:00:00,2004-10-29T00:00:00,10/29/2004,1099008000,2026-09-11T00:00:00
286,PML,-0.0874,6.6854700000000005,7.32612,0.0395,-7.5600000000000005,21,Morningstar US CEF Municipal,90,PIMCO,False,6.47,-0.08,7.09,2026-10-05T00:00:00,72200W106,PIMCO Municipal Income II,2026-10-05,XPMLX,Fixed Income - Municipal-Municipal,45.31,811.777,0.10300000000000001,Monthly,0.20781,0.0395,15.0,5.0244,,13.98,4.19,,1626.452,True,False,False,False,False,False,,1.5,0.72,-5.09,-9.69,-9.0,-8.66,,,-11.61,4586460,,,97.8724,,12.82,8.36,7.53169,-5.8685,-2.48,-2.52,-2.81,2026-10-05T00:00:00,2002-06-28T00:00:00,6/28/2002,1025222400,2026-09-11T00:00:00
287,PNI,-0.11539999999999999,5.10823,5.77488,0.0295,-7.04,23,Morningstar US CEF Municipal-NY,90,PIMCO,False,6.13,-0.06,6.93,2026-10-05T00:00:00,72200Y102,PIMCO NY Municipal Income II,2026-10-05,XPNIX,Fixed Income - Municipal-Municipal - NY,42.22,146.418,0.065,Monthly,0.16939,0.0295,15.0,4.8444,,13.36,4.31,,286.49,True,False,False,False,False,False,,1.04,3.46,-5.57,-7.55,-8.43,-7.72,,,-7.34,611900,,,98.1725,,13.91,9.17,6.91591,-10.87874,-0.89,-2.11,-1.75,2026-10-05T00:00:00,2002-06-28T00:00:00,6/28/2002,1025222400,2026-09-11T00:00:00
288,RCS,0.16670000000000001,11.11111,9.52381,0.04,3.32,15,Morningstar US CEF Investment Grade,90,PIMCO,False,5.04,0.03,4.32,2026-10-05T00:00:00,72200X104,PIMCO Strategic Income Fund,2026-10-05,XRCSX,Fixed Income - Taxable-Investment Grade,72.8,239.3,0.019,Monthly,0.2242,0.04,12.5,6.5746,,7.58,2.73,,754.095,True,False,False,False,False,False,,14.24,7.73,4.24,3.39,-0.8,-2.64,,,-27.27,1584590,,,98.2536,,,,5.80344,25.9161,-0.67,1.11,0.03,2026-10-05T00:00:00,1994-02-24T00:00:00,2/24/1994,762048000,2026-09-11T00:00:00
289,PWRL,-0.29760000000000003,6.0037,7.85806,0.0812,,8,Morningstar US CEF Sector Equity,91,Powerlaw Fund Adviser LLC,False,12.4,2.12,16.23,2026-08-31T00:00:00,738922103,Powerlaw Corp.,2026-10-05,XPWRX,Equity-Sector Equity,,481.294,,Monthly,,0.0812,,,,,0.0,,,False,True,True,False,False,False,,,,,,,,,,,0,,,,,,,,,,-0.52,,2026-10-05T00:00:00,2026-05-27T00:00:00,5/27/2026,1779840000,
290,PGZ,-0.1295,12.36506,14.20519,0.105,-0.46,7,Morningstar US CEF Real Estate,92,Principal Funds,True,8.870000000000001,-0.25,10.19,2026-10-05T00:00:00,74255X104,Principal Real Estate Income Fund,2026-10-05,XPGZX,Equity-Real Estate,31.93,59.377,,Monthly,0.34794,0.105,20.0,3.7804,,,4.79,,100.213,True,False,False,False,True,False,,11.55,12.71,-0.19,1.5899999999999999,-1.03,-2.15,,,-3.43,249240,,,79.7282,,4.67,,10.05307,-10.1631,-1.81,-1.98,-1.87,2026-10-05T00:00:00,2013-06-26T00:00:00,6/26/2013,1372204800,2026-09-16T00:00:00
291,UTG,-0.0104,7.06674,7.14083,0.21,-6.72,8,Morningstar US CEF Sector Equity,93,Reaves Asset Management,True,35.29,0.01,35.66,2026-10-05T00:00:00,756158101,Reaves Utility Income,2026-10-05,XUTGX,Equity-Sector Equity,22.43,3250.532,,Monthly,0.14102,0.21,20.0,,,,2.09,,4234.613,True,False,False,False,True,False,,20.47,19.98,9.2,8.63,-0.8200000000000001,-2.18,,,-7.72,2657510,,,,,2.62,,39.24617,-0.46943,-0.47000000000000003,-1.17,-0.43,2026-10-05T00:00:00,2004-02-24T00:00:00,2/24/2004,1077580800,2026-09-17T00:00:00
292,RCG,0.0487,,,0.022371,-2.81,26,Morningstar US CEF US Allocation,63,Horizon Kinetics Asset Management LLC,False,2.9784,-0.01,2.84,2026-10-05T00:00:00,759720105,RENN Fund ord,2026-10-05,XXRENNX,Hybrid-U.S. Allocation,11.03,20.896,,Data Not Available,-0.00459,0.022371,10.0,,,,1.56,,19.925,True,True,True,False,False,False,,10.41,19.22,0.43,4.75,-2.12,15.95,,,16.86,77980,,,,,0.15,,2.81417,-8.85861,2.6,1.7000000000000002,2.06,2026-10-05T00:00:00,1994-01-20T00:00:00,1/20/1994,759024000,2024-12-16T00:00:00
293,RSF,-0.034,11.10871,11.49951,0.1371,7.15,14,Morningstar US CEF High Yield,94,"RiverNorth Capital Management, LLC",False,14.3067,0.0,14.81,2026-10-05T00:00:00,76882B108,RiverNorth Capital and Inc Fund,2026-10-05,XRSFX,Fixed Income - Taxable-High Yield,9.65,49.565,,Monthly,1.03503,0.1371,21.42,,,,3.96,,51.308,True,False,True,False,False,False,,8.98,10.02,5.99,5.66,5.11,8.58,,,8.92,144810,,,,,2.96,,14.54627,-4.03506,0.5700000000000001,-0.72,-0.53,2026-10-05T00:00:00,2016-09-22T00:00:00,9/22/2016,1474502400,2026-09-15T00:00:00
294,RFM,-0.10439999999999999,7.40855,8.2723,0.0881,-3.03,21,Morningstar US CEF Municipal,94,"RiverNorth Capital Management, LLC",True,12.78,-0.22,14.27,2026-10-05T00:00:00,76883H104,RiverNorth Flexible Municipal Income,2026-10-05,XRFMX,Fixed Income - Municipal-Municipal,43.09,78.146,,Monthly,0.07615,0.0881,20.0,5.1551,,,4.46,,153.337,True,False,False,False,True,True,,4.2,4.0,-2.23,-3.13,-4.38,-2.83,,,-4.28,201310,,,103.2065,,16.43,16.44,14.32779,-8.730550000000001,-1.27,-2.21,-2.04,2026-10-05T00:00:00,2020-03-26T00:00:00,3/26/2020,1585180800,2026-09-15T00:00:00
295,RFMZ,-0.1016,7.42725,8.26735,0.0804,-3.06,21,Morningstar US CEF Municipal,94,"RiverNorth Capital Management, LLC",True,11.67,-0.14,12.99,2026-10-05T00:00:00,76883Y107,RiverNorth Flexible Municipal Income II,2026-10-05,XRFZX,Fixed Income - Municipal-Municipal,42.93,284.185,,Monthly,0.07449,0.0804,20.0,5.1719,,,0.0,,554.259,True,False,False,False,True,True,,4.2,6.04,-1.8900000000000001,-3.46,-4.64,-2.34,,,-3.37,770140,,,102.4874,,15.2,15.07,12.9876,-9.27423,-0.61,-1.81,-1.44,2026-10-05T00:00:00,2021-02-24T00:00:00,2/24/2021,1614124800,2026-09-15T00:00:00
296,RMMZ,-0.0964,7.4147,8.20568,0.0891,-3.11,21,Morningstar US CEF Municipal,94,"RiverNorth Capital Management, LLC",False,13.03,-0.24,14.42,2026-10-05T00:00:00,76882M104,RiverNorth Manage Dur Muni Inc Fd II Inc,2026-10-05,XRMZX,Fixed Income - Municipal-Municipal,41.77,110.169,,Monthly,0.09213,0.0891,20.0,5.1983,,,4.48,,209.366,True,False,False,False,False,True,,4.21,4.57,,,-4.4,-4.69,,,-5.96,221830,,,103.2456,,14.98,13.91,14.71722,-7.10106,-2.55,-2.27,-2.98,2026-10-05T00:00:00,2022-02-10T00:00:00,2/10/2022,1644451200,2026-09-15T00:00:00
297,RMM,-0.0833,7.4244,8.0988,0.0847,-3.15,21,Morningstar US CEF Municipal,94,"RiverNorth Capital Management, LLC",False,12.55,-0.23,13.69,2026-10-05T00:00:00,76882H105,RiverNorth Managed Duration Muni Inc Fd,2026-10-05,XRMMX,Fixed Income - Municipal-Municipal,43.08,247.732,,Monthly,0.06903000000000001,0.0847,20.0,5.1325,,,4.31,,474.746,True,False,False,False,False,True,,4.47,4.48,-0.89,-2.01,-4.49,-2.84,,,-4.67,628710,,,103.1319,,9.8,16.2,14.13536,-6.12709,-1.15,-2.29,-2.44,2026-10-05T00:00:00,2019-07-25T00:00:00,7/25/2019,1564012800,2026-09-15T00:00:00
298,RMI,-0.0436,7.38781,7.72484,0.08889999999999999,-2.75,21,Morningstar US CEF Municipal,94,"RiverNorth Capital Management, LLC",False,13.81,0.03,14.44,2026-10-05T00:00:00,76883F108,RiverNorth Opp Muni Income Fund Inc,2026-10-05,XRMIX,Fixed Income - Municipal-Municipal,43.35,88.038,,Monthly,0.08215,0.08889999999999999,20.0,5.1582,,,4.43,,162.5,True,False,True,False,False,True,,4.32,7.03,-2.1,-1.69,-3.98,3.84,,,3.64,216360,,,102.9981,,16.18,16.15,15.00962,-5.19594,0.3,-0.9400000000000001,-0.56,2026-10-05T00:00:00,2018-10-25T00:00:00,10/25/2018,1540425600,2026-09-15T00:00:00
299,RIV,-0.0925,13.67539,15.06923,0.1306,6.07,26,Morningstar US CEF US Allocation,94,"RiverNorth Capital Management, LLC",True,10.4,-0.09,11.46,2026-10-05T00:00:00,76881Y109,RiverNorth Opportunities Fund,2026-10-05,XRIVX,Hybrid-U.S. Allocation,25.24,319.572,,Monthly,-0.12127,0.1306,20.0,6.4636,,,1.9100000000000001,,471.057,True,False,False,False,True,True,,14.35,13.94,6.7,3.81,3.21,-1.3900000000000001,,,-0.32,932930,,,99.6122,,,,11.50935,-5.98086,-1.54,-0.75,-1.3900000000000001,2026-10-05T00:00:00,2015-12-23T00:00:00,12/23/2015,1450828800,2026-09-15T00:00:00
300,OPP,-0.1253,13.82278,15.80318,0.091,3.11,14,Morningstar US CEF High Yield,94,"RiverNorth Capital Management, LLC",True,6.91,-0.04,7.9,2026-10-05T00:00:00,76882G107,RiverNorth/DoubleLine Strategic Opp Fund,2026-10-05,XOPPX,Fixed Income - Taxable-High Yield,38.62,172.682,,Monthly,0.32888,0.091,20.0,4.9871,,,2.8,,321.614,True,False,False,False,True,True,,10.08,10.57,2.26,0.29,-0.41000000000000003,-3.18,,,-5.9,1074770,,,75.0069,,,,7.75065,-9.05448,-2.56,-2.01,-2.6,2026-10-05T00:00:00,2016-09-27T00:00:00,9/27/2016,1474934400,2026-09-15T00:00:00
301,RVI,0.0795,,,,,5,Morningstar US CEF Global Equity,95,"Robinhood Ventures DE, LLC",True,27.01,-6.94,25.02,2026-06-30T00:00:00,770701100,Robinhood Ventures Fund I,2026-10-05,XRVIX,Equity-Global Equity,,735.947,,Annually,,,25.0,,,,2.72,,681.725,False,True,True,False,True,False,,,,,,,,,,,0,,,,,,,,,,-0.42,-0.65,2026-10-05T00:00:00,2026-03-06T00:00:00,3/6/2026,1772755200,
302,BOT,1.2969,,,,,8,Morningstar US CEF Sector Equity,52,"FP Strategies, LLC",True,31.81,4.79,11.35,2026-08-31T00:00:00,77106T107,RoboStrategy Inc,2026-10-05,XBOTX,Equity-Sector Equity,,,,,,,,,,,0.0,,,False,True,True,False,True,False,,,,,,,,,,,0,,,,,,,,,,,,2026-10-05T00:00:00,2026-05-11T00:00:00,5/11/2026,1778457600,
303,RGT,-0.1711,1.10209,1.3296000000000001,0.19,14.65,5,Morningstar US CEF Global Equity,96,Royce Investment Partners,False,14.29,0.05,17.24,2026-10-05T00:00:00,78081T104,"Royce Global Trust, Inc.",2026-10-05,XRGTX,Equity-Global Equity,2.11,93.783,,Annually,0.26180000000000003,0.19,8.975,,,,1.35,,113.144,True,True,False,False,False,False,,19.51,20.64,5.85,3.81,11.68,8.62,,,11.59,201000,,,,,,,13.96818,-14.93127,-1.9500000000000002,-1.94,-1.9,2026-10-05T00:00:00,2013-10-18T00:00:00,10/18/2013,1382054400,2025-12-11T00:00:00
304,RMT,-0.1288,5.86735,6.73499,0.22999999999999998,37.83,10,Morningstar US CEF US Equity,96,Royce Investment Partners,True,13.66,0.06,15.68,2026-10-05T00:00:00,780915104,Royce Micro-Cap Trust,2026-10-05,XOTCX,Equity-U.S. Equity,3.41,740.256,,Quarterly,-0.0471,0.22999999999999998,10.0,,,,1.3900000000000001,,879.723,True,True,False,False,True,False,,25.24,27.02,11.21,12.35,34.94,35.28,,,38.85,1188260,,,,,,,12.368970000000001,-11.44175,-1.9,-1.94,-1.85,2026-10-05T00:00:00,1993-12-14T00:00:00,12/14/1993,755827200,2026-09-11T00:00:00
305,RVT,-0.12990000000000002,6.62557,7.6144,0.3278,17.14,10,Morningstar US CEF US Equity,96,Royce Investment Partners,True,17.22,-0.05,19.79,2026-10-05T00:00:00,780910105,Royce Small-Cap Trust,2026-10-05,XRVTX,Equity-U.S. Equity,1.5899999999999999,2139.563,,Quarterly,0.08396,0.3278,10.0,,,,1.35,,2458.882,True,False,False,False,True,False,,17.87,19.51,7.54,7.97,14.88,12.25,,,15.73,2703300,,,,,,,17.41866,-9.89132,-1.62,-1.6099999999999999,-1.26,2026-10-05T00:00:00,1986-11-26T00:00:00,11/26/1986,533347200,2026-09-11T00:00:00
306,BRW,-0.1664,14.26573,17.11409,0.08499999999999999,0.19,19,Morningstar US CEF Senior Loans,97,"Saba Capital Management, LP",False,5.96,-0.11,7.15,2026-10-05T00:00:00,78518H202,Saba Capital Income & Opportunities Fund,2026-10-05,XPPRX,Fixed Income - Taxable-Senior Loans,12.49,309.533,,Monthly,0.07357,0.08499999999999999,10.0,,,,5.82,,424.335,True,False,False,False,False,False,,9.71,6.57,7.18,5.57,3.02,-4.22,,,-9.8,2551060,,,,,6.5,,6.7681000000000004,-11.26963,-2.83,-2.27,-3.12,2026-10-05T00:00:00,1988-05-12T00:00:00,5/12/1988,579398400,2026-09-09T00:00:00
307,SABA,-0.15689999999999998,7.42796,8.810130000000001,0.057999999999999996,1.75,13,Morningstar US CEF Global Income,97,"Saba Capital Management, LP",False,7.9,-0.03,9.37,2026-10-05T00:00:00,880198205,Saba Capital Income & Ops Fund II,2026-10-05,XSABX,Fixed Income - Taxable-Global Income,,213.216,,Monthly,0.07175000000000001,0.057999999999999996,10.0,8.2106,,7.8100000000000005,4.58,,252.89,False,False,False,False,False,False,,12.15,10.66,4.88,2.94,4.99,2.15,,,-4.61,706990,,,,,,,8.364090000000001,-12.82351,-1.9100000000000001,-1.73,-1.94,2026-10-05T00:00:00,1988-03-17T00:00:00,3/17/1988,574560000,2026-09-09T00:00:00
308,SPMC,-0.1186,25.64103,29.09091,0.13,-30.38,19,Morningstar US CEF Senior Loans,99,Sound Point Meridian Management Company LLC,True,8.25,-1.27,9.56,2026-08-31T00:00:00,83617A108,Sound Point Meridian Capital Inc,2026-10-05,,Fixed Income - Taxable-Senior Loans,46.5,173.962,,Monthly,1.06488,0.13,20.0,,,,10.95,,368.881,True,False,False,False,True,False,,,,,,-19.9,-26.04,,,-38.49,287880,,,,,,,11.7492,-1.16259,-1.3599999999999999,-2.09,-2.48,2026-10-05T00:00:00,2024-06-14T00:00:00,6/14/2024,1718323200,2026-09-15T00:00:00
309,SOR,-0.0992,5.00821,5.55961,0.20829999999999999,11.72,26,Morningstar US CEF US Allocation,48,"First Pacific Advisors, LP",True,44.96,0.01,49.91,2026-10-05T00:00:00,836144303,Source Capital,2026-10-05,XSORX,Hybrid-U.S. Allocation,0.0,370.064,,Monthly,0.8443200000000001,0.20829999999999999,17.5,3.0678,,,0.9800000000000001,,410.808,True,False,False,False,True,False,,14.52,15.03,9.42,9.4,7.15,3.34,,,7.67,108830,,,,,,,46.385,-5.46658,-1.67,-2.16,-1.8399999999999999,2026-10-05T00:00:00,1968-10-24T00:00:00,10/24/1968,-37497600,2026-09-16T00:00:00
310,SPE,-0.1594,8.7018,10.35238,0.10869999999999999,-0.41000000000000003,10,Morningstar US CEF US Equity,22,Bulldog Investors LLP,False,12.6,-0.01,14.99,2026-10-02T00:00:00,84741T104,Special Opportunities,2026-10-05,XSPEX,Equity-U.S. Equity,25.98,133.852,,Monthly,0.3212,0.10869999999999999,15.0,5.1616,,19.11,1.8599999999999999,,215.135,True,False,False,False,False,False,,14.55,16.51,8.16,7.38,-1.6,-7.72,,,-6.32,351790,,,,,,,14.27501,-11.31932,-2.07,-1.73,-1.51,2026-10-05T00:00:00,1993-06-08T00:00:00,6/8/1993,739497600,2026-09-22T00:00:00
311,FUND,-0.1144,5.50046,6.21074,0.1503,22.45,10,Morningstar US CEF US Equity,101,Sprott Asset Management USA Inc.,True,9.68,0.03,10.93,2026-10-05T00:00:00,85208J109,Sprott Focus Trust,2026-10-05,XFUNX,Equity-U.S. Equity,0.0,287.993,,Quarterly,0.09339,0.1503,10.0,,,,1.13,,325.182,True,True,False,False,True,False,,16.36,16.99,11.0,11.24,16.33,17.48,,,25.44,254700,,,,,,,9.53609,-10.43441,-1.37,-2.17,-1.87,2026-10-05T00:00:00,1988-03-01T00:00:00,3/1/1988,573177600,2026-09-15T00:00:00
312,CEF,-0.04019999999999999,,,,40.59,2,Morningstar US CEF Commodity,100,Sprott Asset Management LP,False,41.52,0.04,43.26,2026-10-05T00:00:00,85208R101,Sprott Physical Gold and Silver Trust,2026-10-05,XCEFX,Equity-Commodities,,7080.834,,Data Not Available,0.0,,13.72,,,,0.46,,7377.574,False,False,True,False,False,False,,33.92,33.86,20.16,19.38,-1.6600000000000001,-9.3,,,13.22,10190500,,,,,,,45.31889,-4.40312,0.28,-0.73,0.12,2026-10-05T00:00:00,2018-01-16T00:00:00,1/16/2018,1516060800,
313,PHYS,-0.0265,,,,27.82,2,Morningstar US CEF Commodity,100,Sprott Asset Management LP,False,31.2,-0.01,32.05,2026-10-05T00:00:00,85207H104,Sprott Physical Gold Trust Unit,2026-10-05,,Equity-Commodities,,15153.644,,Data Not Available,0.0,,10.0,,,,0.4,,15566.484,False,False,False,False,False,False,,30.88,29.74,18.86,17.77,2.29,-5.3,,,5.57,49863380,,,,,,,33.72981,-2.34716,-0.58,-0.68,-0.43,2026-10-05T00:00:00,2010-02-26T00:00:00,2/26/2010,1267142400,
314,SPPP,-0.045,,,,25.17,2,Morningstar US CEF Commodity,100,Sprott Asset Management LP,False,13.38,0.07,14.01,2026-10-05T00:00:00,85207Q104,Sprott Physical Platinum & Palladium Tr,2026-10-05,,Equity-Commodities,,504.295,,Data Not Available,0.0,,10.0,,,,1.01,,528.04,False,False,True,False,False,False,,10.61,7.63,-2.75,-1.28,-14.44,-20.25,,,-1.1,8493200,,,,,,,15.33927,-4.98099,0.25,0.02,0.75,2026-10-05T00:00:00,2012-12-19T00:00:00,12/19/2012,1355875200,
315,PSLV,-0.05,,,,65.65,2,Morningstar US CEF Commodity,100,Sprott Asset Management LP,False,19.78,0.23,20.82,2026-10-05T00:00:00,85207K107,Sprott Physical Silver Trust Unit,2026-10-05,,Equity-Commodities,,12027.284,,Data Not Available,0.0,,10.0,,,,0.56,,12659.659,False,False,False,False,False,False,,38.27,36.72,21.55,20.32,-7.65,-18.1,,,23.38,126578030,,,,,,,22.38268,-4.7769200000000005,-0.15,-0.33,0.29,2026-10-05T00:00:00,2010-10-29T00:00:00,10/29/2010,1288310400,
316,STEW,-0.2351,3.4828,4.55322,0.19999999999999998,1.6099999999999999,10,Morningstar US CEF US Equity,85,Paralel Advisors LLC,True,17.57,0.0,22.97,2026-10-05T00:00:00,101507101,SRH Total Return Fund,2026-10-05,XSTEX,Equity-U.S. Equity,9.18,1694.477,,Quarterly,0.03245,0.19999999999999998,10.0,5.4511,,,1.42,,2439.096,True,False,False,False,True,False,,15.4,14.66,10.97,9.94,0.56,-3.12,,,-0.18,780600,,,,,0.4,,17.92674,-21.73034,-1.8599999999999999,-2.16,-1.44,2026-10-05T00:00:00,1972-12-07T00:00:00,12/7/1972,92534400,2026-07-24T00:00:00
317,TWN,-0.2039,4.6488700000000005,5.83933,6.2002,119.12,1,Morningstar US CEF Asia Equity,80,Nomura Asset Management USA Inc,False,106.18,1.8900000000000001,133.37,2026-10-05T00:00:00,874036106,Taiwan Fund,2026-10-05,XXTWNXX,Equity-Asia Equity,,609.69,,Annually,0.0,6.2002,22.42,,,,1.32,,765.816,False,True,False,False,False,False,,61.02,66.15,32.94,33.33,98.5,90.97,,,110.44,316200,,,,,,,75.91629,-16.13843,-1.85,-1.3900000000000001,-1.6400000000000001,2026-10-05T00:00:00,1986-12-23T00:00:00,12/23/1986,535680000,2025-12-29T00:00:00
318,TSI,-0.10550000000000001,7.16456,8.00943,0.0283,-1.38,17,Morningstar US CEF Multi-Sector,102,TCW Investment Management Co LLC,False,4.24,-0.05,4.74,2026-10-05T00:00:00,872340104,TCW Strategic Income,2026-10-05,XXCVTXX,Fixed Income - Taxable-Multi-Sector,0.0,270.147,,Monthly,0.16068,0.0283,10.0,0.0592,,,1.17,,302.004,True,False,False,False,False,False,,6.04,5.8100000000000005,2.69,1.72,-2.51,-8.33,,,-5.54,1321180,,,97.3828,,,,4.63678,-7.30222,-1.77,-1.65,-1.75,2026-10-05T00:00:00,1987-03-05T00:00:00,3/5/1987,541900800,2026-09-17T00:00:00
319,TDF,-0.1745,5.15907,6.25,0.15,-11.42,1,Morningstar US CEF Asia Equity,103,Templeton Asset Management Ltd.,False,9.6,0.1,11.63,2026-10-05T00:00:00,88018T101,Templeton Dragon,2026-10-05,XTDFX,Equity-Asia Equity,0.71,240.726,,Quarterly,0.07077,0.15,15.0,,,,1.21,,293.714,True,False,False,False,False,False,,7.23,7.67,-6.85,-7.91,-8.05,-10.11,,,-12.34,700630,,,,,,,11.09372,-14.29472,-3.17,-2.49,-2.5,2026-10-05T00:00:00,1994-09-20T00:00:00,9/20/1994,780019200,2026-09-23T00:00:00
320,TEI,-0.1168,9.45985,10.71074,0.054,17.62,12,Morningstar US CEF Emerging Market Income,53,"Franklin Advisers, Inc.",False,6.05,-0.03,6.85,2026-10-05T00:00:00,880192109,Templeton Emerg Mkts Income,2026-10-05,XTEIX,Fixed Income - Taxable-Emerging Market Income,16.73,285.732,,Monthly,0.37173,0.054,15.0,8.1019,,,2.37,,388.515,True,False,False,False,False,False,,20.42,23.58,7.76,7.09,8.21,2.13,,,13.84,1776410,,,,,5.59,,6.50955,-6.03783,-3.2,-2.8,-3.01,2026-10-05T00:00:00,1993-09-23T00:00:00,9/23/1993,748742400,2026-09-23T00:00:00
321,EMF,-0.1225,3.698,4.21422,0.24,52.82,4,Morningstar US CEF Emerging Market Equity,55,"Franklin Templeton, Inc",False,22.78,0.31,25.96,2026-10-05T00:00:00,880191101,Templeton Emerging Markets,2026-10-05,XEMFX,Equity-Emerging Market Equity,2.51,340.513,,Quarterly,0.05477,0.24,20.0,,,,1.34,,398.047,True,True,False,False,False,False,,34.32,37.65,14.14,15.45,36.46,35.12,,,52.05,422970,,,,,,,20.00524,-10.1698,-1.37,-1.56,-1.6099999999999999,2026-10-05T00:00:00,1987-02-26T00:00:00,2/26/1987,541296000,2026-09-23T00:00:00
322,CEE,-0.1437,1.8063500000000001,2.10954,0.3871,42.66,4,Morningstar US CEF Emerging Market Equity,40,DWS,False,18.35,0.23,21.43,2026-10-05T00:00:00,153436100,The Central and Eastern Europe Fund,2026-10-05,XCEEX,Equity-Emerging Market Equity,5.07,119.646,,Annually,0.05509,0.3871,19.0,,,,1.26,,147.191,True,False,False,False,False,False,,44.46,33.87,-5.66,-5.27,26.55,6.67,,,25.56,261620,,,,,,,18.95964,-2.96251,-2.55,-1.24,-1.8,2026-10-05T00:00:00,1990-03-06T00:00:00,3/6/1990,636681600,2025-12-30T00:00:00
323,TBLD,-0.12380000000000001,5.48986,6.26586,0.10417,12.97,25,Morningstar US CEF Global Allocation,105,Thornburg Investment Management Inc,False,19.95,-0.26,22.77,2026-10-05T00:00:00,885213108,Thornburg Income Builder Opp Trust,2026-10-05,XTBLX,Hybrid-Global Allocation,0.07,640.034,,Monthly,0.26058,0.10417,20.0,5.4699,,,1.62,,731.022,True,False,False,False,False,True,,17.25,19.67,9.81,7.91,9.09,5.07,,,8.4,600520,,,88.195,,,,21.25295,-6.05767,-3.62,-2.2800000000000002,-2.98,2026-10-05T00:00:00,2021-07-27T00:00:00,7/27/2021,1627344000,2026-09-11T00:00:00
324,TYG,-0.0929,13.374,14.74392,0.475,-1.98,6,Morningstar US CEF MLP,106,"Tortoise Capital Advisors, LLC",False,38.66,0.55,42.62,2026-10-05T00:00:00,89147L886,Tortoise Energy Infrastructure Corp.,2026-10-05,XTYGX,Equity-MLP,24.9,816.87,,Monthly,-0.21128,0.475,25.0,,,,3.13,,1441.989,True,False,False,False,False,False,,17.48,22.15,12.83,18.23,2.18,2.8200000000000003,,,0.66,1375590,,,,,0.25,,44.48437,-4.61907,-1.44,-1.9500000000000002,-1.3599999999999999,2026-10-05T00:00:00,2004-02-27T00:00:00,2/27/2004,1077840000,2026-09-23T00:00:00
325,SWZ,-0.212,7.97866,10.12569,3.0,2.8200000000000003,9,Morningstar US CEF Single Country Equity,22,Bulldog Investors LLP,False,5.76,-0.01,7.31,2026-10-05T00:00:00,870875101,Total Return Securities Fund,2026-10-05,XSWZX,Equity-Single-Country Equity,0.0,74.729,,Quarterly,0.02228,3.0,8.0,5.0717,,19.19,2.21,,94.839,True,False,False,False,False,False,,4.55,2.88,2.11,0.91,5.35,-8.36,,,-6.25,669030,,,,,,7.94,6.00412,-16.84661,-1.42,-2.07,-1.6400000000000001,2026-10-05T00:00:00,1987-08-27T00:00:00,8/27/1987,557020800,2025-03-18T00:00:00
326,TY,-0.1167,3.05992,3.46433,0.29619999999999996,12.39,26,Morningstar US CEF US Allocation,31,"Columbia Mgmt Investment Advisers, LLC",False,34.2,-0.1,38.72,2026-10-05T00:00:00,895436103,Tri-Continental,2026-10-05,XTYCX,Hybrid-U.S. Allocation,1.8,1827.05,,Quarterly,0.57654,0.29619999999999996,10.0,6.0509,,,0.46,,2095.231,True,True,False,False,False,False,,17.51,19.46,9.89,11.12,9.76,9.51,,,12.71,353010,,,,,4.48,,34.00322,-10.30056,-1.69,-1.92,-1.8399999999999999,2026-10-05T00:00:00,1929-01-14T00:00:00,1/14/1929,-1292716800,2026-09-14T00:00:00
327,DHY,-0.1466,9.95185,11.66144,0.155,-5.1,14,Morningstar US CEF High Yield,107,UBS Asset Management (Americas) LLC,False,15.95,-0.12,18.69,2026-10-05T00:00:00,22544F202,UBS Asset Management High Yield Credit,2026-10-05,XDHYX,Fixed Income - Taxable-High Yield,31.24,165.257,,Monthly,0.83077,0.155,10.0,7.1326,,,3.62,,281.641,True,False,False,False,False,False,,5.36,124.15,2.39,59.48,-5.41,764.07,,,758.18,669140,,,99.2848,,5.73,,18.69759,-7.60633,-2.06,-1.87,-1.9500000000000002,2026-10-05T00:00:00,1998-07-31T00:00:00,7/31/1998,901843200,2026-09-16T00:00:00
328,CIK,-0.1255,9.12548,10.43478,0.02,-1.01,14,Morningstar US CEF High Yield,107,UBS Asset Management (Americas) LLC,False,2.3,-0.02,2.63,2026-10-05T00:00:00,224916106,UBS Asset Management Income,2026-10-05,XCIKX,Fixed Income - Taxable-High Yield,34.07,126.177,,Monthly,0.11479,0.02,10.0,6.9813,,,3.7,,218.838,True,False,False,False,False,False,,6.94,6.21,3.61,1.51,-0.9400000000000001,-11.11,,,-12.08,4924390,,,99.3475,,5.73,,2.62721,-5.15778,-1.69,-2.33,-1.8399999999999999,2026-10-05T00:00:00,1987-03-23T00:00:00,3/23/1987,543456000,2026-09-16T00:00:00
329,AIO,-0.1155,8.82353,9.97625,0.21,25.89,8,Morningstar US CEF Sector Equity,108,"Virtus Investment Advisers, LLC",False,25.26,-0.22,28.56,2026-10-05T00:00:00,92838Y100,Virtus AI & Tech Opp Fund,2026-10-05,XAIOX,Equity-Sector Equity,11.67,869.93,,Monthly,0.025490000000000002,0.21,20.0,4.7854,,,2.32,,1113.579,True,True,False,False,False,False,,25.8,26.9,11.29,11.67,22.69,21.33,,,18.0,842170,,,,,,,24.32801,-8.986460000000001,-1.34,-1.83,-1.4,2026-10-05T00:00:00,2019-10-31T00:00:00,10/31/2019,1572480000,2026-09-14T00:00:00
330,NCV,-0.1351,9.37931,10.84385,0.13599999999999998,11.91,11,Morningstar US CEF Convertibles,108,"Virtus Investment Advisers, LLC",False,15.05,-0.09,17.4,2026-10-05T00:00:00,92838X805,Virtus Convertible & Income Fund,2026-10-05,XNCVX,Fixed Income - Taxable-Convertibles,34.77,340.031,0.012,Monthly,0.12557000000000001,0.13599999999999998,15.0,4.2431,,,2.8200000000000003,,602.684,True,False,False,False,False,False,,17.51,19.33,3.11,2.41,8.77,7.41,,,11.4,858170,,,112.1538,,6.02,,16.13621,-9.94615,-2.49,-2.38,-2.5700000000000003,2026-10-05T00:00:00,2003-03-31T00:00:00,3/31/2003,1049068800,2026-09-14T00:00:00
331,NCZ,-0.12279999999999999,9.11392,10.38961,0.12,12.56,11,Morningstar US CEF Convertibles,108,"Virtus Investment Advisers, LLC",False,13.86,-0.11,15.8,2026-10-05T00:00:00,92838U801,Virtus Convertible & Income Fund II,2026-10-05,XNCZX,Fixed Income - Taxable-Convertibles,35.51,263.741,0.0,Monthly,0.10316,0.12,15.0,4.1644,,,2.22,,466.179,True,False,False,False,False,False,,18.17,21.06,3.2,3.7800000000000002,9.4,9.91,,,13.6,640320,,,111.4938,,6.05,,14.69414,-9.44613,-1.58,-1.96,-1.42,2026-10-05T00:00:00,2003-07-31T00:00:00,7/31/2003,1059609600,2026-09-14T00:00:00
332,ACV,-0.086,9.76903,10.68766,0.215,14.15,26,Morningstar US CEF US Allocation,108,"Virtus Investment Advisers, LLC",False,24.14,-0.09,26.41,2026-10-05T00:00:00,92840N100,Virtus Diversified Inc & Conv Fund,2026-10-05,XACVX,Hybrid-U.S. Allocation,27.66,250.96,,Monthly,-0.00934,0.215,25.0,4.1526,,,3.63,,379.559,True,False,False,False,False,True,,21.21,20.49,7.43,7.0,10.85,-2.24,,,10.59,272310,,,,,74.56,,26.44307,-0.43992000000000003,-2.24,-3.05,-3.2800000000000002,2026-10-05T00:00:00,2015-05-26T00:00:00,5/26/2015,1432598400,2026-09-14T00:00:00
333,NIE,-0.1405,8.03046,9.34354,0.58,12.47,26,Morningstar US CEF US Allocation,108,"Virtus Investment Advisers, LLC",False,24.83,-0.06,28.89,2026-10-05T00:00:00,92841M101,Virtus Equity & Convertible Inc Fund,2026-10-05,XNIEX,Hybrid-U.S. Allocation,,688.014,0.0,Quarterly,0.03966,0.58,25.0,1.9997,,,1.07,,800.512,False,False,False,False,False,False,,18.23,18.48,8.61,9.47,9.68,7.05,,,10.63,611170,,,,,,,25.57713,-10.53875,-3.45,-3.88,-3.25,2026-10-05T00:00:00,2007-02-27T00:00:00,2/27/2007,1172534400,2026-09-14T00:00:00
334,VGI,-0.0951,13.04348,14.41441,0.08,0.52,17,Morningstar US CEF Multi-Sector,108,"Virtus Investment Advisers, LLC",True,6.66,-0.09,7.36,2026-10-05T00:00:00,92829B101,Virtus Global Multi-Sector Income Fund,2026-10-05,XVGIX,Fixed Income - Taxable-Multi-Sector,32.01,75.345,,Monthly,0.22072,0.08,20.0,6.035,,7.5,3.98,,122.464,True,False,False,False,True,False,,8.17,10.23,1.09,0.7000000000000001,-2.01,-5.27,,,-3.6,376960,,,97.9305,,,,7.56051,-6.17122,-2.69,-2.16,-2.67,2026-10-05T00:00:00,2012-02-23T00:00:00,2/23/2012,1329955200,2026-09-14T00:00:00
335,EDF,-0.0106,15.22199,15.38462,0.06,13.83,12,Morningstar US CEF Emerging Market Income,109,Virtus Investment Advisors (VIA),False,4.68,-0.26,4.73,2026-10-05T00:00:00,86164T107,Virtus Stone Harbor Emerging Markets Inc,2026-10-05,XEDFX,Fixed Income - Taxable-Emerging Market Income,22.11,150.575,,Monthly,0.22456,0.06,25.0,6.8639,,,3.13,,195.394,True,False,False,False,False,False,,22.43,20.84,8.1,7.05,6.61,11.45,,,13.83,1585200,,,,,,3.92,5.12268,2.87637,-1.06,-2.63,-2.12,2026-10-05T00:00:00,2010-12-23T00:00:00,12/23/2010,1293062400,2026-09-14T00:00:00
336,ZTR,-0.1263,9.69163,11.09244,0.055,2.92,25,Morningstar US CEF Global Allocation,108,"Virtus Investment Advisers, LLC",False,5.95,-0.04,6.81,2026-10-05T00:00:00,92835W107,Virtus Total Return Fund Inc,2026-10-05,XZTRX,Hybrid-Global Allocation,31.82,297.462,,Monthly,0.10525,0.055,15.0,5.8547,,6.15,3.67,,499.356,True,False,False,False,False,False,,15.34,19.43,5.08,3.18,2.07,2.67,,,2.64,1879100,,,98.4225,,,,6.61724,-10.81641,-1.4100000000000001,-1.79,-1.45,2026-10-05T00:00:00,2005-02-24T00:00:00,2/24/2005,1109203200,2026-09-14T00:00:00
337,IAE,0.0011,8.54326,8.53392,1.66,26.08,1,Morningstar US CEF Asia Equity,110,"Voya Investments, LLC",False,9.14,0.28,9.13,2026-10-05T00:00:00,92912J102,Voya Asia Pacific High Div Eq Inc Fd,2026-10-05,XIAEX,Equity-Asia Equity,,98.258,,Monthly,0.02682,1.66,25.0,,,,1.21,,98.151,False,True,True,False,False,False,,22.08,29.59,10.49,13.05,20.8,29.97,,,30.61,493420,,,,,,,8.08641,-5.39997,2.12,3.18,1.65,2026-10-05T00:00:00,2007-03-27T00:00:00,3/27/2007,1174953600,2026-10-01T00:00:00
338,IHD,-0.019,8.35443,8.51613,0.055,27.1,4,Morningstar US CEF Emerging Market Equity,110,"Voya Investments, LLC",False,7.75,0.11,7.9,2026-10-05T00:00:00,92912P108,Voya Emerging Markets High Div Eq Fd,2026-10-05,XIHDX,Equity-Emerging Market Equity,,137.453,,Monthly,0.02083,0.055,20.0,,,,1.4100000000000001,,140.113,False,True,True,False,False,False,,22.4,29.55,10.25,12.79,21.77,28.31,,,32.87,788470,,,,,,,6.9893,-5.05943,1.3599999999999999,0.8300000000000001,0.87,2026-10-05T00:00:00,2011-04-26T00:00:00,4/26/2011,1303776000,2026-10-01T00:00:00
339,IGA,-0.08539999999999999,9.47075,10.35533,0.08499999999999999,14.94,3,Morningstar US CEF Covered Call,110,"Voya Investments, LLC",False,9.85,-0.16,10.77,2026-10-05T00:00:00,92912R104,Voya Global Advantage and Premium Opp Fd,2026-10-05,XIGAX,Equity-Covered-Call Funds,,151.113,,Monthly,0.07357,0.08499999999999999,20.0,,,,1.01,,165.227,False,False,False,False,False,False,,14.35,18.62,10.0,10.7,11.64,10.24,,,11.84,608880,,,,,,,9.87801,-6.41164,-1.55,-1.24,-1.06,2026-10-05T00:00:00,2005-10-26T00:00:00,10/26/2005,1130284800,2026-10-01T00:00:00
340,IGD,-0.0519,9.43396,9.95025,0.049999999999999996,12.91,3,Morningstar US CEF Covered Call,110,"Voya Investments, LLC",False,6.03,-0.04,6.36,2026-10-05T00:00:00,92912T100,Voya Global Equity Dividend&Prm Opp Fd,2026-10-05,XIGDX,Equity-Covered-Call Funds,,475.577,,Monthly,0.04503,0.049999999999999996,20.0,,,,0.9600000000000001,,501.604,False,True,False,False,False,False,,14.19,19.79,9.22,11.05,11.06,15.35,,,15.15,2630430,,,,,,,6.02711,-3.58788,-0.64,-3.48,-2.09,2026-10-05T00:00:00,2005-03-28T00:00:00,3/28/2005,1111968000,2026-10-01T00:00:00
341,IDE,-0.10679999999999999,9.02256,10.10101,0.09999999999999999,13.83,5,Morningstar US CEF Global Equity,110,"Voya Investments, LLC",True,11.88,-0.25,13.3,2026-10-05T00:00:00,92912X101,Voya Infrastructure Industrials&Matls Fd,2026-10-05,XIDEX,Equity-Global Equity,,180.057,,Monthly,0.02906,0.09999999999999999,20.0,,,,1.23,,201.579,False,False,False,False,True,False,,17.13,21.15,10.58,9.79,10.05,5.18,,,10.24,456850,,,,,,,12.95668,-3.71514,-2.81,-2.33,-2.91,2026-10-05T00:00:00,2010-01-26T00:00:00,1/26/2010,1264464000,2026-10-01T00:00:00
342,WDI,-0.12560000000000002,13.31839,15.23077,0.1485,0.93,17,Morningstar US CEF Multi-Sector,54,"Franklin Templeton Fund Adviser, LLC",True,11.7,-0.15,13.38,2026-10-05T00:00:00,95790K109,Western Asset Diversified Inc Fund,2026-10-05,XWDIX,Fixed Income - Taxable-Multi-Sector,39.29,607.372,,Monthly,0.82675,0.1485,20.0,8.3075,,,4.25,,1144.162,True,False,False,False,True,True,,8.7,9.05,2.91,1.8900000000000001,0.02,-6.38,,,-8.36,2175400,,,96.6025,,,,13.62728,-5.4985800000000005,-3.02,-1.7000000000000002,-2.37,2026-10-05T00:00:00,2021-06-24T00:00:00,6/24/2021,1624492800,2026-09-23T00:00:00
343,EMD,-0.1079,11.07872,12.4183,0.095,4.27,12,Morningstar US CEF Emerging Market Income,54,"Franklin Templeton Fund Adviser, LLC",True,9.18,-0.1,10.29,2026-10-05T00:00:00,95766A101,Western Asset Emerging Markets Debt,2026-10-05,XEMDX,Fixed Income - Taxable-Emerging Market Income,28.19,533.637,,Monthly,0.38634,0.095,20.0,6.0654,,,3.13,,832.962,True,False,False,False,True,False,,13.2,16.1,3.17,3.17,-0.53,-4.48,,,1.07,1989380,,,,,7.22,5.27,10.54498,-5.17011,-3.04,-2.7,-3.2,2026-10-05T00:00:00,2003-12-01T00:00:00,12/1/2003,1070236800,2026-09-23T00:00:00
344,GDO,-0.0699,14.00957,15.06173,0.122,-2.93,13,Morningstar US CEF Global Income,54,"Franklin Templeton Fund Adviser, LLC",False,9.72,-0.03,10.45,2026-10-05T00:00:00,95790C107,Western Asset Global Corp Opp,2026-10-05,XGDOX,Fixed Income - Taxable-Global Income,34.94,73.089,,Monthly,0.40556000000000003,0.122,20.0,5.9764,,,4.47,,120.768,True,False,False,False,False,False,,6.48,5.31,-0.61,-1.71,-3.7800000000000002,-9.92,,,-7.61,339630,,,,,,,11.01555,-5.71449,-0.58,1.11,0.16,2026-10-05T00:00:00,2009-11-27T00:00:00,11/27/2009,1259280000,2026-09-23T00:00:00
345,EHI,-0.1074,13.8843,15.55556,0.06999999999999999,1.0,14,Morningstar US CEF High Yield,55,"Franklin Templeton, Inc",False,5.4,-0.05,6.05,2026-10-05T00:00:00,95766B109,Western Asset Global High Income,2026-10-05,XEHIX,Fixed Income - Taxable-High Yield,33.09,163.619,,Monthly,0.29517,0.06999999999999999,15.0,7.3672,,,3.49,,273.971,True,False,False,False,False,False,,8.12,6.8,0.66,-0.55,-0.19,-5.54,,,-5.18,1123360,,,97.6946,,,,6.11227,-7.3241,-1.56,-0.68,-1.22,2026-10-05T00:00:00,2003-07-28T00:00:00,7/28/2003,1059350400,2026-09-23T00:00:00
346,HIX,-0.0812,15.39267,16.75214,0.048999999999999995,0.41000000000000003,14,Morningstar US CEF High Yield,55,"Franklin Templeton, Inc",False,3.51,-0.03,3.82,2026-10-05T00:00:00,95766J102,Western Asset High Income II,2026-10-05,XHGIX,Fixed Income - Taxable-High Yield,33.41,316.145,,Monthly,0.19291,0.048999999999999995,15.0,7.391,,,3.76,,516.724,True,False,False,False,False,False,,8.45,6.54,1.1400000000000001,-0.75,-0.68,-5.15,,,-6.04,3489290,,,97.9585,,,,4.03705,-3.98579,-2.61,-2.2,-2.66,2026-10-05T00:00:00,1998-05-28T00:00:00,5/28/1998,896313600,2026-09-23T00:00:00
347,HIO,-0.129,11.45161,13.14815,0.0355,1.58,14,Morningstar US CEF High Yield,54,"Franklin Templeton Fund Adviser, LLC",False,3.24,-0.05,3.7199999999999998,2026-10-05T00:00:00,95766K109,Western Asset High Income Opportunity,2026-10-05,XHIOX,Fixed Income - Taxable-High Yield,,308.121,,Monthly,0.15621000000000002,0.0355,12.5,7.5982,,,0.93,,353.769,False,False,False,False,False,False,,7.07,7.79,1.8599999999999999,0.9500000000000001,0.66,-3.9699999999999998,,,-4.5600000000000005,4150670,,,98.2505,,,,3.65987,-7.3583300000000005,-3.54,-2.11,-2.86,2026-10-05T00:00:00,1993-11-16T00:00:00,11/16/1993,753408000,2026-09-23T00:00:00
348,HYI,-0.1159,10.40146,11.764710000000001,0.095,0.5700000000000001,14,Morningstar US CEF High Yield,54,"Franklin Templeton Fund Adviser, LLC",False,9.69,-0.09,10.96,2026-10-05T00:00:00,95768B107,Western Asset High Yield Opp Fund,2026-10-05,XHYIX,Fixed Income - Taxable-High Yield,,124.168,,Monthly,0.50391,0.095,20.0,7.6622,,,1.07,,140.441,False,False,False,False,False,True,,6.15,4.95,1.8900000000000001,-0.05,0.1,-4.26,,,-6.4,622660,,,98.0612,,,,10.82387,-7.44168,-2.7199999999999998,-2.75,-3.38,2026-10-05T00:00:00,2010-10-27T00:00:00,10/27/2010,1288137600,2026-09-23T00:00:00
349,PAI,-0.08689999999999999,5.06838,5.55066,0.0525,-2.23,15,Morningstar US CEF Investment Grade,55,"Franklin Templeton, Inc",False,11.35,-0.03,12.43,2026-10-05T00:00:00,95766T100,Western Asset Income,2026-10-05,XPAIX,Fixed Income - Taxable-Investment Grade,8.93,107.949,,Monthly,0.32901,0.0525,12.0,6.0976,,,0.77,,118.221,True,False,False,False,False,False,,5.71,5.85,-0.26,-1.42,-2.88,-4.83,,,-5.79,183510,,,99.2499,,,,12.24493,-6.82317,-1.7000000000000002,-1.82,-2.32,2026-10-05T00:00:00,1972-12-21T00:00:00,12/21/1972,93744000,2026-09-23T00:00:00
350,WIW,-0.1162,8.37989,9.48167,0.0625,-1.08,15,Morningstar US CEF Investment Grade,112,"Western Asset Management Company, LLC",True,7.91,-0.08,8.95,2026-10-05T00:00:00,95766R104,Western Asset Infl-Linked Opps & Inc Fd,2026-10-05,XWIWX,Fixed Income - Taxable-Investment Grade,26.49,483.966,,Monthly,0.23593,0.0625,15.0,2.5483000000000002,,,2.59,,744.892,True,False,False,False,True,False,,4.64,7.39,-0.91,-0.55,-1.3599999999999999,-2.05,,,-3.3,2518720,,,93.6273,,,4.28,8.52958,-10.618970000000001,-1.51,-1.5,-1.75,2026-10-05T00:00:00,2004-02-27T00:00:00,2/27/2004,1077840000,2026-09-23T00:00:00
351,WIA,-0.1012,7.34118,8.16754,0.052,-1.4100000000000001,15,Morningstar US CEF Investment Grade,112,"Western Asset Management Company, LLC",True,7.64,0.0,8.5,2026-10-05T00:00:00,95766Q106,Western Asset Inflation-Linked Income Fd,2026-10-05,XWIAX,Fixed Income - Taxable-Investment Grade,26.86,178.182,,Monthly,0.21076,0.052,15.0,2.4368,,,2.91,,271.049,True,False,False,False,True,False,,4.49,6.84,-1.4,-1.45,-1.69,-2.48,,,-2.4,401370,,,93.7397,,,4.3,8.14769,-9.82041,-0.49,0.21,0.09,2026-10-05T00:00:00,2003-09-30T00:00:00,9/30/2003,1064880000,2026-09-23T00:00:00
352,SBI,-0.1081,6.48649,7.27273,0.041999999999999996,-3.79,21,Morningstar US CEF Municipal,54,"Franklin Templeton Fund Adviser, LLC",False,6.93,-0.08,7.77,2026-10-05T00:00:00,958435109,Western Asset Intermediate Muni,2026-10-05,XSBIX,Fixed Income - Municipal-Municipal,31.31,97.59,,Monthly,0.13919,0.041999999999999996,10.0,4.8611,,,2.6,,159.302,True,False,False,False,False,False,,2.44,5.55,-1.33,-1.53,-5.08,-4.39,,,-5.66,455110,11.06,,101.0747,,8.88,6.2,7.73681,-8.36002,-2.84,-2.71,-3.08,2026-10-05T00:00:00,1992-03-02T00:00:00,3/2/1992,699494400,2026-09-23T00:00:00
353,IGI,-0.0447,5.17933,5.42157,0.071,-2.1,15,Morningstar US CEF Investment Grade,54,"Franklin Templeton Fund Adviser, LLC",False,15.715,-0.01,16.45,2026-10-05T00:00:00,95790A101,Western Asset Invstm Grd Opp Tr Inc,2026-10-05,XIGIX,Fixed Income - Taxable-Investment Grade,,94.19,,Monthly,0.43967,0.071,20.0,6.1937,,,0.93,,98.596,False,False,True,False,False,False,,5.03,5.29,-0.75,-1.72,-2.7800000000000002,-0.05,,,0.09,166030,,,99.3871,,,,16.20806,-6.88502,3.11,1.8900000000000001,2.7,2026-10-05T00:00:00,2009-06-26T00:00:00,6/26/2009,1245974400,2026-09-23T00:00:00
354,MMU,-0.1016,6.64634,7.39819,0.0545,-5.75,21,Morningstar US CEF Municipal,55,"Franklin Templeton, Inc",False,8.84,-0.19,9.84,2026-10-05T00:00:00,95766M105,Western Asset Managed Municipals,2026-10-05,XMMUX,Fixed Income - Municipal-Municipal,35.55,482.831,,Monthly,0.14102,0.0545,15.0,4.8848,,,2.7,,833.884,True,False,False,False,False,False,,2.43,6.38,-2.17,-2.5700000000000003,-7.21,-10.22,,,-7.91,1403050,10.27,,99.7794,,11.89,7.87,10.2595,-6.14721,-3.5300000000000002,-2.44,-3.03,2026-10-05T00:00:00,1992-06-26T00:00:00,6/26/1992,709516800,2026-09-23T00:00:00
355,DMO,-0.1325,13.34569,15.38462,0.12,3.66,14,Morningstar US CEF High Yield,54,"Franklin Templeton Fund Adviser, LLC",False,9.36,-0.17,10.79,2026-10-05T00:00:00,95790B109,Western Asset Mortgage Opp Fund Inc.,2026-10-05,XDMOX,Fixed Income - Taxable-High Yield,47.03,106.958,,Monthly,0.46738,0.12,20.0,7.5295,,,7.87,,232.77,True,False,False,False,False,False,,9.66,9.67,4.32,2.42,1.57,-4.76,,,-7.12,506500,,,91.1018,,,,10.94861,-4.86562,-2.61,-2.19,-2.62,2026-10-05T00:00:00,2010-02-26T00:00:00,2/26/2010,1267142400,2026-09-23T00:00:00
356,MHF,-0.0452,6.3551400000000005,6.65579,0.033999999999999996,-2.5700000000000003,21,Morningstar US CEF Municipal,54,"Franklin Templeton Fund Adviser, LLC",False,6.13,-0.13,6.42,2026-10-05T00:00:00,95766N103,Western Asset Municipal High Income,2026-10-05,XMHFX,Fixed Income - Municipal-Municipal,1.85,138.045,,Monthly,0.11955,0.033999999999999996,10.0,4.8935,,,0.8400000000000001,,147.306,True,False,False,False,False,False,,2.99,5.37,0.0,-0.74,-3.85,-8.61,,,-11.74,646160,14.87,,99.7821,,7.8100000000000005,7.68,6.88349,-0.10853000000000002,-3.06,-1.88,-2.63,2026-10-05T00:00:00,1988-11-28T00:00:00,11/28/1988,596678400,2026-09-23T00:00:00
357,WEA,-0.0735,7.91706,8.54527,0.06999999999999999,-0.78,15,Morningstar US CEF Investment Grade,111,Western Asset Management Company Pte Ltd. â Singapore,False,9.83,-0.02,10.61,2026-10-05T00:00:00,957664105,Western Asset Premier Bond,2026-10-05,XWEAX,Fixed Income - Taxable-Investment Grade,33.56,116.639,,Monthly,0.40488,0.06999999999999999,15.0,6.2604,,,3.55,,189.495,True,False,False,False,False,False,,7.07,7.63,0.85,0.53,-1.98,-4.15,,,-4.06,298030,,,97.1103,,,,10.74947,-5.32488,-1.35,-1.06,-1.1400000000000001,2026-10-05T00:00:00,2002-03-28T00:00:00,3/28/2002,1017273600,2026-09-23T00:00:00
358,MCN,-0.1367,11.86161,13.74046,0.06,3.64,3,Morningstar US CEF Covered Call,113,XA Investments LLC,False,5.24,-0.02,6.07,2026-10-05T00:00:00,557437100,XAI Madison Equity Premium Income Fund,2026-10-05,XMCNX,Equity-Covered-Call Funds,0.01,110.652,,Monthly,0.041210000000000004,0.06,15.0,,,,1.1,,128.179,True,False,False,False,False,False,,6.43,1.52,6.04,2.77,0.9400000000000001,-3.79,,,-3.58,646440,,,,,,,5.83709,-8.44101,-3.14,-2.75,-3.22,2026-10-05T00:00:00,2004-07-28T00:00:00,7/28/2004,1090972800,2026-09-15T00:00:00
359,XFLT,-0.13449999999999998,12.10762,13.98964,0.22499999999999998,-11.97,19,Morningstar US CEF Senior Loans,113,XA Investments LLC,False,19.3,-0.01,22.3,2026-10-05T00:00:00,98400T304,XAI Octagon FR & Alternative Inc Trust,2026-10-05,XFLTX,Fixed Income - Taxable-Senior Loans,41.16,293.956,,Monthly,1.13446,0.22499999999999998,10.0,4.5235,,,7.5600000000000005,,577.265,True,False,True,False,False,False,,1.25,-4.2,1.87,-1.6099999999999999,-7.13,-9.75,,,-14.59,1036460,,,,,,,20.10507,-18.22568,1.0,1.23,1.76,2026-10-05T00:00:00,2017-09-27T00:00:00,9/27/2017,1506470400,2026-09-15T00:00:00
