,Ticker,Premium / Discount,DistributionRateNAV,DistributionRatePrice,DistributionAmtUSD,ReturnOnNAV,CategoryId,Category,SponsorId,SponsorName,IsManagedDistribution,Share Price,PriceChange,NAV,NAVPublished,Cusip,Fund Name,Date,NavTicker,Strategy,LeverageRatioPercentage,MarketCapUSDm,UNIIPerShare,DistributionFrequency,EarningsPerShare,CurrentDistribution,InceptionPrice,AverageCoupon,AMTPercentage,AverageWeightedMaturity,ExpenseRatio,BaselineExpense,TotalAssetsUSDm,IsLeveraged,IsPriceBelow52WkAvg,IsDiscountBelow52WkAvg,IsAMTPct,IsManaged,Term,AvgWtdDurationLevAdj,Yr3RetOnNav,Yr3RetOnPrice,Yr5RetOnNav,Yr5RetOnPrice,YTDRetOnNav,YTDRetOnPrice,SinceInceptionRetOnNav,SinceInceptionRetOnPrice,ReturnOnPrice,AvgDailyVolume,CallableYr1Pct,PrerefundedPercentage,AvgBondPrice,AvgWtdDurationNonLevAdj,EffDurationLevAdj,EffDurationNonLevAdj,Price52WkAvg,Discount52WkAvg,ZScore1Yr,ZScore3M,ZScore6M,ZScoreDate,InceptionDate,InceptionDateString,InceptionDateUnixTimestamp,DistributionDate
0,MGF,-0.030699999999999998,8.02676,8.28129,0.02,1.82,15,Morningstar US CEF Investment Grade,2,abrdn Inc.,True,2.8981000000000003,0.06,2.99,2026-08-27T00:00:00,552939100,Aberdeen Government Markets Income,2026-08-27,XMGFX,Fixed Income - Taxable-Investment Grade,,94.45,,Monthly,0.04709,0.02,10.0,3.9638,0.0,6.55,0.8,,97.445,False,False,True,True,True,False,,3.06,3.14,-0.86,-1.3900000000000001,-1.21,-2.7800000000000002,,,-1.18,711820,,0.0,91.4686,,,5.93,2.97058,-4.85533,1.29,3.7800000000000002,3.41,2026-08-27T00:00:00,1987-05-28T00:00:00,5/28/1987,549158400,2026-08-24T00:00:00
1,IFN,-0.09029999999999999,11.72742,12.89199,0.37,-9.02,1,Morningstar US CEF Asia Equity,1,abrdn Asia Limited,True,11.48,0.01,12.62,2026-08-27T00:00:00,454089103,"Aberdeen India Fund, Inc",2026-08-27,XIFNX,Equity-Asia Equity,0.28,489.644,,Quarterly,-0.05353,0.37,15.0,,,,1.36,,538.268,True,False,False,False,True,False,,3.87,0.15,1.99,2.06,-7.33,-8.75,,,-11.55,2066370,,,,,,,13.03847,-6.2102,-1.29,-0.32,-0.92,2026-08-27T00:00:00,1994-02-23T00:00:00,2/23/1994,761961600,2026-08-24T00:00:00
2,MIN,-0.0467,9.33852,9.79592,0.02,2.62,13,Morningstar US CEF Global Income,2,abrdn Inc.,True,2.45,0.01,2.57,2026-08-27T00:00:00,55273C107,Aberdeen Intermediate Income,2026-08-27,XMINX,Fixed Income - Taxable-Global Income,,278.806,,Monthly,0.04255,0.02,10.0,4.2949,0.0,3.24,0.73,,292.461,False,False,True,True,True,False,,4.52,4.16,1.04,0.38,0.14,-2.5700000000000003,,,-1.97,2321900,,0.0,97.167,,,3.34,2.55087,-4.72969,0.04,1.62,1.76,2026-08-27T00:00:00,1988-03-17T00:00:00,3/17/1988,574560000,2026-08-24T00:00:00
3,MMT,-0.075,10.0,10.81081,0.04,2.94,13,Morningstar US CEF Global Income,72,MFS,True,4.44,-0.01,4.8,2026-08-27T00:00:00,552737108,Aberdeen Multi-Market Income,2026-08-27,XMMTX,Fixed Income - Taxable-Global Income,26.91,515.011,,Monthly,0.1389,0.04,10.0,6.0294,,,2.86,,556.769,True,False,True,False,True,False,,6.93,6.96,2.68,1.3,-0.63,-2.2800000000000002,,,1.49,1351760,,,95.7664,,6.68,5.35,4.60773,-7.55757,0.05,1.29,0.71,2026-08-27T00:00:00,1987-03-12T00:00:00,3/12/1987,542505600,2026-08-24T00:00:00
4,MFM,-0.0786,6.15385,6.67904,0.03,9.06,21,Morningstar US CEF Municipal,2,abrdn Inc.,False,5.39,0.02,5.85,2026-08-27T00:00:00,552738106,Aberdeen Municipal Income,2026-08-27,XMFMX,Fixed Income - Municipal-Municipal,37.63,535.927,,Monthly,0.13078,0.03,10.0,5.1801,,,2.83,,581.664,True,False,True,False,False,False,,4.3,5.16,-0.9500000000000001,-1.4,1.34,2.21,,,10.66,1460320,22.29,,95.5991,,12.81,8.98,5.41639,-9.35313,1.43,0.73,1.08,2026-08-27T00:00:00,1986-11-25T00:00:00,11/25/1986,533260800,2026-08-24T00:00:00
5,FAX,-0.038900000000000004,13.04348,13.57094,0.16499999999999998,2.95,13,Morningstar US CEF Global Income,1,abrdn Asia Limited,True,14.59,0.01,15.18,2026-08-27T00:00:00,003009867,abrdn Asia-Pacific Income Fund Inc,2026-08-27,XFAPX,Fixed Income - Taxable-Global Income,39.5,637.164,,Monthly,0.50096,0.16499999999999998,10.0,6.3451,,,4.22,,662.93,True,False,True,False,True,False,,4.08,8.64,-1.31,0.15,-1.43,2.06,,,2.39,1779730,,,,,7.68,4.68,15.21082,-5.29001,0.79,0.66,1.0,2026-08-27T00:00:00,1986-04-24T00:00:00,4/24/1986,514684800,2026-08-24T00:00:00
6,IAF,-0.087,9.51734,10.42442,0.35,6.24,9,Morningstar US CEF Single Country Equity,1,abrdn Asia Limited,True,13.43,-0.04,14.71,2026-08-27T00:00:00,003011111,abrdn Australia Equity Fund Inc,2026-08-27,XIAFX,Equity-Single-Country Equity,7.07,128.691,,Quarterly,0.10818,0.35,10.125,,,,1.9900000000000002,,140.957,True,True,True,False,True,False,,9.49,9.71,5.18,2.86,6.37,4.34,,,6.75,217890,,,,,,,13.08169,-10.02641,0.92,3.01,2.44,2026-08-27T00:00:00,1985-12-12T00:00:00,12/12/1985,503193600,2026-08-24T00:00:00
7,AEF,-0.09759999999999999,8.80383,9.7561,0.22999999999999998,61.77,4,Morningstar US CEF Emerging Market Equity,3,abrdn Investments Limited,True,9.43,-0.13,10.45,2026-08-27T00:00:00,00301W105,abrdn Emerging Markets ex-China Fund,2026-08-27,XAEFX,Equity-Emerging Market Equity,6.04,382.871,,Quarterly,0.00111,0.22999999999999998,15.0,,,,1.8599999999999999,,424.285,True,True,False,False,True,False,,24.92,28.04,8.06,9.11,33.93,32.17,,,61.34,1456650,,,,,,,7.94613,-9.39955,-0.26,-0.16,-0.28,2026-08-27T00:00:00,1989-09-25T00:00:00,9/25/1989,622684800,2026-06-23T00:00:00
8,AGD,0.031200000000000002,11.82266,11.46497,0.12,23.85,5,Morningstar US CEF Global Equity,3,abrdn Investments Limited,True,12.56,0.2,12.18,2026-08-27T00:00:00,00302M106,abrdn Global Dynamic Dividend,2026-08-27,XAGDX,Equity-Global Equity,0.68,328.75,,Monthly,0.29668,0.12,20.0,,,,1.29,,318.803,True,True,True,False,True,False,,13.86,20.4,7.68,10.32,11.5,11.76,,,21.4,1205350,,,,,,,12.10828,1.95096,0.27,2.47,1.54,2026-08-27T00:00:00,2006-07-26T00:00:00,7/26/2006,1153872000,2026-08-24T00:00:00
9,ASGI,0.1437,12.12121,10.59815,0.22,18.23,13,Morningstar US CEF Global Income,2,abrdn Inc.,True,24.91,0.33,21.78,2026-08-27T00:00:00,00326W106,abrdn Global Infrastructure Income Fund,2026-08-27,XAGIX,Fixed Income - Taxable-Global Income,0.99,787.875,,Monthly,0.08556,0.22,20.0,,,,2.16,,688.876,True,True,True,False,True,False,,12.73,22.75,8.65,13.33,10.45,14.65,,,26.58,1760810,,,,,,,22.70023,3.26659,2.74,1.6800000000000002,2.24,2026-08-27T00:00:00,2020-07-28T00:00:00,7/28/2020,1595894400,2026-08-24T00:00:00
10,AWP,0.0174,12.52174,12.307690000000001,0.12,20.12,7,Morningstar US CEF Real Estate,2,abrdn Inc.,True,11.7,-0.09,11.5,2026-08-27T00:00:00,00302L207,abrdn Global Premier Properties,2026-08-27,XAWPX,Equity-Real Estate,10.71,361.011,,Monthly,0.10017000000000001,0.12,20.0,,,,2.27,,354.84,True,False,True,False,True,False,,12.68,15.88,1.4100000000000001,2.75,13.15,12.48,,,19.08,1246360,,,,,,,11.80875,1.22143,0.45,1.4100000000000001,1.31,2026-08-27T00:00:00,2007-04-26T00:00:00,4/26/2007,1177545600,2026-08-24T00:00:00
11,HQH,-0.038200000000000005,10.95436,11.38913,0.6599999999999999,49.72,8,Morningstar US CEF Sector Equity,2,abrdn Inc.,True,23.18,-0.21,24.1,2026-08-27T00:00:00,87911J103,abrdn Healthcare Investors,2026-08-27,XHQHX,Equity-Sector Equity,1.1,1344.11,,Quarterly,-0.06102,0.6599999999999999,10.0,,,,1.11,,1397.457,True,True,True,False,True,False,,17.26,22.71,7.54,7.64,18.43,22.69,,,57.82,1821340,,,,,,,19.47429,-7.33033,1.55,1.07,1.24,2026-08-27T00:00:00,1987-04-23T00:00:00,4/23/1987,546134400,2026-08-24T00:00:00
12,THQ,-0.037599999999999995,10.54688,10.9589,0.18,29.94,8,Morningstar US CEF Sector Equity,2,abrdn Inc.,True,19.71,-0.09,20.48,2026-08-27T00:00:00,879105104,abrdn Healthcare Opportunities Fund,2026-08-27,XTHQX,Equity-Sector Equity,20.75,817.139,,Monthly,-0.03549,0.18,20.0,4.3206,,,3.02,,849.062,True,True,False,False,True,False,,7.21,10.29,3.76,4.05,9.31,5.08,,,29.32,1697860,,,,,7.72,,18.45136,-1.14996,-0.81,-0.21,-0.73,2026-08-27T00:00:00,2014-07-28T00:00:00,7/28/2014,1406505600,2026-08-24T00:00:00
13,ACP,-0.057800000000000004,17.35075,18.41584,0.0775,2.91,19,Morningstar US CEF Senior Loans,3,abrdn Investments Limited,True,5.05,0.03,5.36,2026-08-27T00:00:00,003057106,abrdn Income Credit Strategies Fund,2026-08-27,XACPX,Fixed Income - Taxable-Senior Loans,32.28,633.627,,Monthly,0.22534,0.0775,20.0,8.0708,,,3.94,,672.523,True,False,False,False,True,False,,8.44,7.21,1.76,0.48,2.1,3.5,,,0.8200000000000001,5407050,,,96.1318,,4.75,3.32,5.42513,-5.25178,-0.39,-0.55,-0.22,2026-08-27T00:00:00,2011-01-27T00:00:00,1/27/2011,1296086400,2026-08-24T00:00:00
14,HQL,-0.0536,10.89152,11.50812,0.62,64.77,8,Morningstar US CEF Sector Equity,2,abrdn Inc.,True,21.55,0.02,22.77,2026-08-27T00:00:00,87911K100,abrdn Life Sciences Investors,2026-08-27,XHQLX,Equity-Sector Equity,0.01,664.67,,Quarterly,-0.09057,0.62,15.0,,,,1.24,,702.298,True,True,True,False,True,False,,23.65,27.23,10.11,9.72,22.82,21.45,,,64.69,1380760,,,,,,,17.34862,-9.72071,3.23,2.24,2.83,2026-08-27T00:00:00,1992-05-08T00:00:00,5/8/1992,705283200,2026-08-24T00:00:00
15,AOD,0.0009,11.31008,11.29944,0.09999999999999999,24.62,5,Morningstar US CEF Global Equity,3,abrdn Investments Limited,True,10.62,0.0,10.61,2026-08-27T00:00:00,00326L100,abrdn Total Dynamic Dividend,2026-08-27,XAODX,Equity-Global Equity,2.7800000000000002,1119.842,,Monthly,0.22991,0.09999999999999999,20.0,,,,1.21,,1118.787,True,True,True,False,True,False,,14.21,21.11,8.37,11.13,12.07,16.14,,,33.68,4664340,,,,,,,9.96153,-3.34227,1.65,0.84,1.22,2026-08-27T00:00:00,2007-01-26T00:00:00,1/26/2007,1169769600,2026-08-24T00:00:00
16,THW,-0.028399999999999998,9.70478,9.98859,0.1167,35.77,8,Morningstar US CEF Sector Equity,2,abrdn Inc.,True,14.02,-0.07,14.43,2026-08-27T00:00:00,87911L108,abrdn World Healthcare Fund,2026-08-27,XTHWX,Equity-Sector Equity,16.92,566.132,,Monthly,-0.03887,0.1167,20.0,3.7686,,,1.46,,582.688,True,True,False,False,True,False,,14.79,11.2,8.14,6.91,11.07,11.1,,,38.55,1329700,,,,,7.37,,12.69653,-1.9090600000000002,-0.48,-0.21,-0.78,2026-08-27T00:00:00,2015-06-26T00:00:00,6/26/2015,1435276800,2026-08-24T00:00:00
17,ADX,-0.0199,7.52729,7.68049,0.5,19.0,10,Morningstar US CEF US Equity,4,Adams Diversified Equity Fund Inc,False,26.04,0.27,26.57,2026-08-27T00:00:00,006212104,Adams Diversified Equity Fund,2026-08-27,XADEX,Equity-U.S. Equity,0.0,3253.102,,Quarterly,0.09492,0.5,10.0,,,,0.49000000000000005,,3319.314,True,True,True,False,False,False,,18.92,26.28,12.36,17.04,10.28,16.08,,,27.86,2706280,,,,,,,23.71544,-5.25969,1.32,0.3,0.93,2026-08-27T00:00:00,1929-10-01T00:00:00,10/1/1929,-1270252800,2026-07-27T00:00:00
18,PEO,-0.0857,6.96101,7.6136800000000004,0.5399999999999999,35.34,8,Morningstar US CEF Sector Equity,5,Adams Natural Resources Fund Inc,False,28.37,0.01,31.03,2026-08-27T00:00:00,00548F105,Adams Natural Resources Fund,2026-08-27,XPEOX,Equity-Sector Equity,0.7000000000000001,795.348,,Quarterly,0.29271,0.5399999999999999,15.0,,,,0.62,,869.921,True,True,True,False,False,False,,12.84,16.29,19.43,21.61,29.79,31.33,,,36.3,722090,,,,,,,24.40556,-10.32467,1.8900000000000001,1.75,1.8599999999999999,2026-08-27T00:00:00,1929-01-30T00:00:00,1/30/1929,-1291334400,2026-07-27T00:00:00
19,AVK,-0.0891,10.1913,11.18854,0.1172,17.72,11,Morningstar US CEF Convertibles,6,"Advent Capital Management, LLC",False,12.57,0.02,13.8,2026-08-27T00:00:00,00764C109,Advent Convertible & Income Fund,2026-08-27,XAVKX,Fixed Income - Taxable-Convertibles,36.59,554.95,,Monthly,0.22874,0.1172,25.0,5.5855,,,4.53,,609.253,True,False,False,False,False,False,,14.41,14.48,4.64,4.34,10.11,5.37,,,12.54,1480710,,,108.8431,,,,12.57636,-5.95878,-1.26,-0.37,-0.64,2026-08-27T00:00:00,2003-04-29T00:00:00,4/29/2003,1051574400,2026-08-14T00:00:00
20,AWF,-0.0973,6.95575,7.7058800000000005,0.0655,5.45,14,Morningstar US CEF High Yield,7,AllianceBernstein L.P.,False,10.2,0.05,11.3,2026-08-27T00:00:00,01879R106,AllianceBernstein Global High Income,2026-08-27,XAWFX,Fixed Income - Taxable-High Yield,0.8,879.543,,Monthly,0.35164,0.0655,15.0,6.7305,,4.36,1.02,,974.395,True,False,False,False,False,False,,9.03,8.44,4.36,3.68,2.13,-1.78,,,-2.29,3018080,,,96.9782,,,,10.53222,-7.43891,-0.85,0.8200000000000001,-0.08,2026-08-27T00:00:00,1993-07-28T00:00:00,7/28/1993,743817600,2026-08-06T00:00:00
21,AFB,-0.0667,5.15107,5.51934,0.050179999999999995,10.33,21,Morningstar US CEF Municipal,7,AllianceBernstein L.P.,False,10.91,-0.01,11.69,2026-08-27T00:00:00,01864U106,AllianceBernstein National Mun Inc,2026-08-27,XAFBX,Fixed Income - Municipal-Municipal,48.79,313.607,,Monthly,0.31343,0.050179999999999995,15.0,5.1411,,,3.66,,336.028,True,False,True,False,False,False,,2.41,5.06,-1.8599999999999999,-2.32,0.56,3.81,,,13.22,967450,,,98.4247,,22.53,11.69,10.94234,-8.87188,1.55,0.7000000000000001,0.92,2026-08-27T00:00:00,2002-01-28T00:00:00,1/28/2002,1012176000,2026-08-06T00:00:00
22,NFJ,-0.065,7.34055,7.85071,0.305,27.09,3,Morningstar US CEF Covered Call,108,"Virtus Investment Advisers, LLC",True,15.54,-0.05,16.62,2026-08-27T00:00:00,92840R101,AllianzGI Div Interest & Prem Common,2026-08-27,XNFJX,Equity-Covered-Call Funds,,1444.711,0.0,Quarterly,0.06142,0.305,25.0,2.0796,,,0.9600000000000001,,1545.116,False,True,True,False,True,False,,11.94,16.01,7.11,8.91,18.9,23.4,,,31.56,1879440,,,,,,,13.73556,-9.02912,1.55,1.11,1.18,2026-08-27T00:00:00,2005-02-28T00:00:00,2/28/2005,1109548800,2026-06-15T00:00:00
23,EOD,-0.0864,7.79753,8.53514,0.14211,25.53,5,Morningstar US CEF Global Equity,8,Allspring Global Investments,False,6.66,0.0,7.29,2026-08-27T00:00:00,94987C103,Allspring Global Dividend Opp Fd,2026-08-27,XEODX,Equity-Global Equity,13.22,286.819,,Quarterly,0.1298,0.14211,20.0,7.1385,,,2.45,,313.951,True,True,False,False,False,False,,22.02,24.01,12.99,12.65,13.71,16.39,,,26.88,1218120,,,,,,,6.10868,-8.39917,-0.17,-1.6400000000000001,-1.58,2026-08-27T00:00:00,2007-03-28T00:00:00,3/28/2007,1175040000,2026-06-11T00:00:00
24,EAD,-0.10640000000000001,8.95126,10.01755,0.053259999999999995,4.91,14,Morningstar US CEF High Yield,8,Allspring Global Investments,False,6.38,0.0,7.14,2026-08-27T00:00:00,94987B105,Allspring Income Opps,2026-08-27,XEADX,Fixed Income - Taxable-High Yield,29.82,377.009,,Monthly,0.25923,0.053259999999999995,15.0,7.1676,,,2.95,,421.919,True,False,False,False,False,False,,8.47,9.01,3.46,2.59,1.72,-1.69,,,-1.73,1887750,,,100.1192,,4.34,3.23,6.69416,-7.8589,-1.52,-0.74,-1.11,2026-08-27T00:00:00,2003-02-28T00:00:00,2/28/2003,1046390400,2026-08-13T00:00:00
25,ERC,-0.06480000000000001,8.8336,9.44545,0.07273,7.36,16,Morningstar US CEF Limited Duration,8,Allspring Global Investments,False,9.24,-0.06,9.88,2026-08-27T00:00:00,94987D101,Allspring Multi-Sec Inc,2026-08-27,XERCX,Fixed Income - Taxable-Limited Duration,30.04,259.217,,Monthly,0.35301,0.07273,20.0,6.936,0.0,4.35,3.22,,277.172,True,False,True,True,False,False,,7.89,7.29,3.35,2.27,2.74,3.5300000000000002,,,6.74,762900,,0.0,98.4198,,,,9.27482,-6.74822,0.25,0.63,0.96,2026-08-27T00:00:00,2003-06-25T00:00:00,6/25/2003,1056499200,2026-08-13T00:00:00
26,ERH,-0.0666,8.56279,9.17389,0.08784,3.81,26,Morningstar US CEF US Allocation,8,Allspring Global Investments,False,11.49,-0.04,12.31,2026-08-27T00:00:00,94987E109,Allspring Util & High In,2026-08-27,XERHX,Hybrid-U.S. Allocation,21.52,101.482,,Monthly,0.1865,0.08784,20.0,7.1946,,,2.43,,108.724,True,False,True,False,False,False,,11.86,13.66,7.09,4.4,3.12,5.24,,,7.85,233940,,,100.2393,,3.8,3.21,12.13661,-7.60826,0.71,0.62,0.89,2026-08-27T00:00:00,2004-04-30T00:00:00,4/30/2004,1083283200,2026-08-13T00:00:00
27,FINS,-0.057300000000000004,10.2755,10.90047,0.11499999999999999,7.8,26,Morningstar US CEF US Allocation,10,"Angel Oak Capital Advisors, LLC",False,12.66,0.04,13.43,2026-08-27T00:00:00,03464A100,Angel Oak Financial Strats Income Term,2026-08-27,XFINX,Hybrid-U.S. Allocation,21.87,423.057,,Monthly,0.38984,0.11499999999999999,20.0,6.7377,,,2.92,,448.788,True,False,True,False,False,True,,10.08,12.72,3.1,2.44,2.76,0.79,,,6.59,464420,,,99.9624,,3.34,2.85,12.94757,-5.97488,0.26,0.97,1.03,2026-08-27T00:00:00,2019-05-29T00:00:00,5/29/2019,1559088000,2026-08-17T00:00:00
28,ARDC,-0.0849,10.05961,10.99349,0.11249999999999999,0.61,19,Morningstar US CEF Senior Loans,11,Ares Capital Management II LLC,False,12.28,-0.02,13.42,2026-08-27T00:00:00,04014F102,Ares Dynamic Credit Allocation Fund,2026-08-27,XADCX,Fixed Income - Taxable-Senior Loans,40.95,294.302,,Monthly,0.59626,0.11249999999999999,20.0,7.4979,,,5.26,,321.624,True,False,False,False,False,False,,8.19,9.56,4.69,4.92,-1.46,-0.97,,,-4.67,1154930,,,,,40.42,,13.08464,-6.19134,-0.93,-1.58,-0.67,2026-08-27T00:00:00,2012-11-27T00:00:00,11/27/2012,1353974400,2026-08-21T00:00:00
29,BANX,-0.0096,8.63309,8.71671,0.15,5.75,8,Morningstar US CEF Sector Equity,12,"ArrowMark Asset Management, LLC",False,20.65,0.38,21.0,2026-07-31T00:00:00,861780104,ArrowMark Financial Corp,2026-08-27,XBANX,Equity-Sector Equity,13.4,161.284,,Monthly,1.04616,0.15,25.0,11.1103,,,6.43,,162.846,True,True,True,False,False,True,,10.16,20.01,8.95,9.56,0.9400000000000001,-1.02,,,11.54,330240,,,107.3588,,,,20.5706,-4.8779900000000005,1.33,1.7000000000000002,2.2,2026-08-27T00:00:00,2013-11-07T00:00:00,11/7/2013,1383782400,2026-08-24T00:00:00
30,ASA,-0.17120000000000002,0.10155,0.12253,0.04,71.71,8,Morningstar US CEF Sector Equity,13,ASA,False,65.29,0.9500000000000001,78.78,2026-08-27T00:00:00,G3156P103,ASA Gold and Precious Metals Limited,2026-08-27,XASAX,Equity-Sector Equity,,1259.438,,Semi-Annually,0.02585,0.04,28.0,9.086,,,1.88,,1519.659,False,True,False,False,False,False,,48.04,46.98,18.22,17.39,-11.27,-17.95,,,58.29,0,,,,,,,57.56634,-12.66773,,,,,1958-09-23T00:00:00,9/23/1958,-355795200,2026-05-01T00:00:00
31,BCV,-0.121,5.78687,6.5837,0.41,25.49,11,Morningstar US CEF Convertibles,60,Gabelli Funds LLC,False,24.91,0.18,28.34,2026-08-27T00:00:00,059695106,Bancroft Fund,2026-08-27,XBCVX,Fixed Income - Taxable-Convertibles,14.81,140.181,,Quarterly,0.01134,0.41,25.0,2.4446,,,1.31,,159.484,True,True,False,False,False,False,,16.43,18.33,3.99,3.21,13.06,10.36,,,27.81,188390,,,,,21.12,,23.45276,-11.7448,-0.32,0.06,0.0,2026-08-27T00:00:00,1971-10-04T00:00:00,10/4/1971,55382400,2026-06-15T00:00:00
32,MCI,0.066,9.26462,8.69093,0.39999999999999997,11.17,14,Morningstar US CEF High Yield,14,Barings LLC,False,18.41,0.79,17.27,2026-06-30T00:00:00,06759X107,Barings Corporate Investors,2026-08-27,XMCIX,Fixed Income - Taxable-High Yield,20.78,379.007,,Quarterly,0.67335,0.39999999999999997,25.0,7.782,,,1.65,,355.538,True,False,False,False,False,False,,11.6,11.75,10.11,10.0,6.4,-6.79,,,-14.25,333380,,,92.3472,,,,19.12967,14.71622,-0.75,0.91,0.16,2026-08-27T00:00:00,1971-09-01T00:00:00,9/1/1971,52531200,2026-08-28T00:00:00
33,BGH,-0.0541,9.80361,10.36441,0.12229999999999999,4.27,14,Morningstar US CEF High Yield,14,Barings LLC,False,14.16,0.02,14.97,2026-08-27T00:00:00,06760L100,Barings Global Short Duration High Yield,2026-08-27,XBGHX,Fixed Income - Taxable-High Yield,31.4,284.367,,Monthly,0.68354,0.12229999999999999,25.0,8.9323,,,3.93,,300.682,True,False,False,False,False,False,,10.61,13.27,5.91,6.59,3.18,-0.73,,,0.15,825950,,,97.8956,,,,14.68596,-3.03639,-0.71,0.21,0.2,2026-08-27T00:00:00,2012-10-25T00:00:00,10/25/2012,1351123200,2026-08-20T00:00:00
34,MPV,0.0228,9.36116,9.15275,0.37,,14,Morningstar US CEF High Yield,14,Barings LLC,False,16.17,-0.8300000000000001,15.81,2026-06-30T00:00:00,06761A103,Barings Participation Invs,2026-08-27,XMPVX,Fixed Income - Taxable-High Yield,21.57,174.511,,Quarterly,0.57714,0.37,10.0,7.7819,,,1.55,,170.626,True,False,False,False,False,False,,,16.89,,11.88,6.38,4.66,,,-6.74,168370,,,92.2129,,,,18.19378,8.9823,-1.05,-0.62,-1.07,2026-08-27T00:00:00,1988-10-06T00:00:00,10/6/1988,592099200,2026-08-28T00:00:00
35,BXSY,-0.37799999999999995,3.55799,5.72057,0.26,36.35,26,Morningstar US CEF US Allocation,15,Bexil Corp,True,18.18,0.08,29.23,2026-08-27T00:00:00,25538A204,Bexil Investment Trust,2026-08-27,XBXIX,Hybrid-U.S. Allocation,8.84,235.204,,Quarterly,-0.02759,0.26,15.0,,,,1.9300000000000002,,378.164,True,True,False,False,True,False,,21.14,22.21,13.39,11.85,19.85,15.47,,,33.66,125920,,,,,1.11,,15.77403,-37.35693,-0.48,0.9500000000000001,-0.01,2026-08-27T00:00:00,1998-06-29T00:00:00,6/29/1998,899078400,2026-06-15T00:00:00
36,BMN,0.058100000000000006,4.47672,4.23091,0.09375,6.97,21,Morningstar US CEF Municipal,16,BlackRock,False,26.59,1.15,25.13,2026-08-27T00:00:00,09262G108,BlackRock 2037 Municipal Target term,2026-08-27,XBMNX,Fixed Income - Municipal-Municipal,25.0,163.466,,Monthly,0.55982,0.09375,25.0,5.0127,,14.51,2.16,,154.491,True,True,True,False,False,True,,3.87,5.14,,,0.66,-1.5,,,9.48,102890,19.27,,101.483,,,,25.67447,-0.23126000000000002,2.63,4.74,2.7,2026-08-27T00:00:00,2022-10-28T00:00:00,10/28/2022,1666915200,2026-08-14T00:00:00
37,BCAT,0.1073,21.25965,19.19924,0.25423,13.58,26,Morningstar US CEF US Allocation,16,BlackRock,True,15.89,0.1,14.35,2026-08-27T00:00:00,09260U109,BlackRock Capital Allocation Term Trust,2026-08-27,XCATX,Hybrid-U.S. Allocation,5.18,1664.879,,Monthly,0.15272,0.25423,20.0,,,2.65,1.4,,1503.525,True,True,True,False,True,True,,11.33,21.09,5.32,7.97,5.9,25.39,,,30.49,6368870,,,,,,,15.00536,-0.007260000000000001,1.88,1.6099999999999999,1.67,2026-08-27T00:00:00,2020-09-28T00:00:00,9/28/2020,1601251200,2026-08-14T00:00:00
38,BHK,-0.0204,9.60515,9.80504,0.0746,2.13,15,Morningstar US CEF Investment Grade,16,BlackRock,True,9.13,0.04,9.32,2026-08-27T00:00:00,09249E101,BlackRock Core Bond,2026-08-27,XBHKX,Fixed Income - Taxable-Investment Grade,33.89,659.407,-0.051000000000000004,Monthly,0.27405,0.0746,15.0,5.2035,,,3.34,,673.13,True,False,True,False,True,False,,4.3,3.39,-2.46,-3.25,-1.6800000000000002,-1.78,,,2.06,2903930,,,95.0924,,7.35,7.35,9.39391,-4.43965,1.6800000000000002,1.5899999999999999,2.26,2026-08-27T00:00:00,2001-11-30T00:00:00,11/30/2001,1007078400,2026-08-14T00:00:00
39,HYT,-0.091,10.25,11.27624,0.0779,5.29,14,Morningstar US CEF High Yield,16,BlackRock,True,8.29,0.01,9.12,2026-08-27T00:00:00,09255P107,BlackRock Corporate High Yield Fund,2026-08-27,XHYTX,Fixed Income - Taxable-High Yield,20.21,1598.139,-0.113,Monthly,0.35117,0.0779,15.0,7.0359,,,2.33,,1758.146,True,False,False,False,True,False,,9.37,7.64,4.3,2.14,1.44,0.26,,,-5.02,8112880,,,99.6367,,4.4,,8.87594,-5.83776,-1.34,-2.03,-2.4,2026-08-27T00:00:00,2003-05-30T00:00:00,5/30/2003,1054252800,2026-08-14T00:00:00
40,BTZ,-0.0593,9.32222,9.90945,0.0839,4.15,15,Morningstar US CEF Investment Grade,16,BlackRock,True,10.16,0.0,10.8,2026-08-27T00:00:00,092508100,BlackRock Credit Allocation Income Trust,2026-08-27,XBTZX,Fixed Income - Taxable-Investment Grade,35.07,948.176,-0.11900000000000001,Monthly,0.5375800000000001,0.0839,25.0,5.9413,,19.89,3.37,,1007.904,True,False,False,False,True,False,,7.8,8.95,0.99,0.43,0.04,-2.55,,,-0.67,2592070,,,98.6559,,,,10.53513,-5.87321,-0.03,0.89,1.12,2026-08-27T00:00:00,2006-12-27T00:00:00,12/27/2006,1167177600,2026-08-14T00:00:00
41,DSU,-0.0167,12.39289,12.60383,0.09873,4.12,19,Morningstar US CEF Senior Loans,16,BlackRock,True,9.4,-0.01,9.56,2026-08-27T00:00:00,09255R202,BlackRock Debt Strategies,2026-08-27,XDSUX,Fixed Income - Taxable-Senior Loans,15.97,585.052,-0.17400000000000002,Monthly,0.35279,0.09873,10.0,,,6.29,1.69,,595.01,True,False,False,False,True,False,,7.58,9.45,6.02,7.04,1.27,-0.7000000000000001,,,0.37,2776410,,,,,,,9.99433,0.68423,-1.8900000000000001,-1.37,-1.43,2026-08-27T00:00:00,1998-03-27T00:00:00,3/27/1998,890956800,2026-08-14T00:00:00
42,BGR,-0.1042,6.20734,6.92938,0.0973,41.82,8,Morningstar US CEF Sector Equity,16,BlackRock,True,16.85,-0.17,18.81,2026-08-27T00:00:00,09250U101,BlackRock Energy and Resources,2026-08-27,XBGRX,Equity-Sector Equity,0.0,428.936,,Monthly,0.1595,0.0973,25.0,,,,1.23,,478.831,True,True,False,False,True,False,,16.13,18.04,20.95,21.22,34.38,27.66,,,33.85,1082210,,,,,,,15.00142,-7.31136,-1.04,-0.51,-0.6900000000000001,2026-08-27T00:00:00,2004-12-23T00:00:00,12/23/2004,1103760000,2026-08-14T00:00:00
43,BDJ,-0.0703,7.05413,7.58733,0.0619,21.77,3,Morningstar US CEF Covered Call,16,BlackRock,True,9.79,-0.02,10.53,2026-08-27T00:00:00,09251A104,BlackRock Enhanced Dividend Achievers,2026-08-27,XBDJX,Equity-Covered-Call Funds,0.11,1732.289,,Monthly,0.07807,0.0619,15.0,,,,0.88,,1863.228,True,True,False,False,True,False,,14.23,15.18,9.74,9.24,11.77,8.1,,,21.53,4326770,,,,,,,9.27261,-5.94602,-0.6900000000000001,0.3,0.08,2026-08-27T00:00:00,2005-08-26T00:00:00,8/26/2005,1125014400,2026-08-14T00:00:00
44,BOE,-0.0793,7.35111,7.98391,0.0827,16.0,3,Morningstar US CEF Covered Call,16,BlackRock,True,12.43,-0.05,13.5,2026-08-27T00:00:00,092501105,BlackRock Enhanced Glbl Div Trust,2026-08-27,XBOEX,Equity-Covered-Call Funds,0.02,691.11,,Monthly,0.05795,0.0827,25.0,,,,1.03,,750.602,True,True,True,False,True,False,,11.59,14.68,6.94,7.52,7.24,8.63,,,16.25,1311750,,,,,,,11.75215,-9.20937,1.43,0.48,1.1,2026-08-27T00:00:00,2005-05-26T00:00:00,5/26/2005,1117065600,2026-08-14T00:00:00
45,BGY,-0.0965,7.82848,8.66441,0.0426,15.33,3,Morningstar US CEF Covered Call,16,BlackRock,True,5.9,-0.02,6.53,2026-08-27T00:00:00,092524107,BlackRock Enhanced Intl Div Trust,2026-08-27,XBGYX,Equity-Covered-Call Funds,0.36,534.625,,Monthly,0.02491,0.0426,20.0,,,,1.2,,591.712,True,True,False,False,True,False,,8.46,10.37,5.98,6.5,5.97,3.49,,,11.33,2726870,,,,,,,5.78224,-8.45801,-0.73,0.5,0.11,2026-08-27T00:00:00,2007-05-25T00:00:00,5/25/2007,1180051200,2026-08-14T00:00:00
46,CII,0.0197,6.9601,6.82533,0.141,22.95,3,Morningstar US CEF Covered Call,16,BlackRock,True,24.79,0.24,24.31,2026-08-27T00:00:00,09256A109,BlackRock Enhanced Large Cap Core Fund,2026-08-27,XCIIX,Equity-Covered-Call Funds,0.47000000000000003,1015.982,,Monthly,0.00537,0.141,20.0,,,,0.93,,996.31,True,True,True,False,True,False,,17.99,19.73,12.14,12.99,10.14,7.64,,,31.47,961850,,,,,,,23.63176,0.55256,0.59,-0.1,0.45,2026-08-27T00:00:00,2004-04-27T00:00:00,4/27/2004,1083024000,2026-08-14T00:00:00
47,ECAT,0.0092,21.10759,20.91595,0.26877,13.38,25,Morningstar US CEF Global Allocation,16,BlackRock,True,15.42,-0.13,15.28,2026-08-27T00:00:00,09262F100,BlackRock ESG Capital Allocation Term,2026-08-27,ECAT,Hybrid-Global Allocation,0.17,1533.801,,Monthly,0.10010000000000001,0.26877,20.0,,,2.33,1.4100000000000001,,1519.876,True,False,True,False,True,True,,12.26,17.66,,,5.73,10.66,,,14.07,4406370,,,,,,,15.49088,-2.48991,1.52,0.85,1.27,2026-08-27T00:00:00,2021-09-27T00:00:00,9/27/2021,1632700800,2026-08-14T00:00:00
48,FRA,-0.0344,13.11633,13.58391,0.12383999999999999,3.31,19,Morningstar US CEF Senior Loans,17,"BlackRock Advisors, LLC",True,10.94,0.02,11.33,2026-08-27T00:00:00,09255X100,BlackRock Floating Rate Inc Strategies,2026-08-27,XFRAX,Fixed Income - Taxable-Senior Loans,23.18,387.656,-0.184,Monthly,0.44666,0.12383999999999999,20.0,,,,2.61,,401.476,True,False,False,False,True,False,,6.97,7.59,6.02,6.54,1.21,-0.74,,,-6.93,1617630,,,,,,,11.59908,-1.96419,-0.37,1.4100000000000001,1.22,2026-08-27T00:00:00,2003-10-31T00:00:00,10/31/2003,1067558400,2026-08-14T00:00:00
49,BGT,-0.0027,13.00324,13.03848,0.12028,3.52,19,Morningstar US CEF Senior Loans,16,BlackRock,True,11.07,0.07,11.1,2026-08-27T00:00:00,091941104,Blackrock Floating Rate Income,2026-08-27,XBGTX,Fixed Income - Taxable-Senior Loans,0.13,330.16,-0.154,Monthly,0.42019,0.12028,20.0,,,,2.06,,331.054,True,False,True,False,True,False,,7.22,9.11,6.18,6.92,1.2,3.19,,,-2.74,1332170,,,,,,,11.23504,-2.95043,1.09,2.19,2.55,2026-08-27T00:00:00,2004-08-30T00:00:00,8/30/2004,1093824000,2026-08-14T00:00:00
50,BME,-0.021400000000000002,6.67629,6.82256,0.2621,23.44,8,Morningstar US CEF Sector Equity,16,BlackRock,True,46.1,-0.18,47.11,2026-08-27T00:00:00,09250W107,BlackRock Health Sciences,2026-08-27,XBMEX,Equity-Sector Equity,0.15,595.801,,Monthly,0.0592,0.2621,25.0,,,,1.13,,608.854,True,True,True,False,True,False,,8.35,10.62,4.74,4.58,4.78,10.61,,,32.46,442480,,,,,,,40.44319,-5.35373,1.51,1.4100000000000001,1.46,2026-08-27T00:00:00,2005-03-28T00:00:00,3/28/2005,1111968000,2026-08-14T00:00:00
51,BMEZ,-0.0971,6.96938,7.7193000000000005,0.11,23.68,8,Morningstar US CEF Sector Equity,16,BlackRock,True,17.1,0.1,18.94,2026-08-27T00:00:00,09260E105,BlackRock Health Sciences Term Trust,2026-08-27,XBMZX,Equity-Sector Equity,0.4,1068.774,,Monthly,0.00466,0.11,20.0,,,,1.37,,1183.777,True,True,True,False,True,True,,6.97,9.52,-1.79,-1.67,5.44,8.4,,,20.98,2245190,,,,,,,14.89253,-10.98778,0.98,0.59,1.07,2026-08-27T00:00:00,2020-01-29T00:00:00,1/29/2020,1580256000,2026-08-14T00:00:00
52,BKT,-0.039900000000000005,9.8273,10.23598,0.0882,0.72,15,Morningstar US CEF Investment Grade,16,BlackRock,True,10.34,-0.06,10.77,2026-08-27T00:00:00,09247F209,BlackRock Income,2026-08-27,XBKTX,Fixed Income - Taxable-Investment Grade,19.55,334.902,-0.055,Monthly,0.047920000000000004,0.0882,10.0,4.445,,9.15,1.9700000000000002,,348.829,True,False,True,False,True,False,,3.7,3.44,-1.92,-3.91,-1.05,-2.33,,,-3.7800000000000002,1373140,,,89.397,,4.92,,10.88298,-4.2776,0.26,0.17,0.64,2026-08-27T00:00:00,1988-08-01T00:00:00,8/1/1988,586396800,2026-08-14T00:00:00
53,BLW,-0.0371,10.29091,10.68765,0.1132,4.04,16,Morningstar US CEF Limited Duration,16,BlackRock,True,12.71,0.01,13.2,2026-08-27T00:00:00,09249W101,BlackRock Limited Duration Income,2026-08-27,XBLWX,Fixed Income - Taxable-Limited Duration,36.04,496.763,-0.133,Monthly,0.52225,0.1132,20.0,,,,3.7,,515.914,True,False,False,False,True,False,,8.45,8.18,3.99,2.91,0.4,-2.98,,,-1.6800000000000002,1210070,,,,,,,13.27069,-2.62993,-0.38,0.92,0.73,2026-08-27T00:00:00,2003-07-28T00:00:00,7/28/2003,1059350400,2026-08-14T00:00:00
54,BIT,-0.08990000000000001,11.30541,12.42176,0.12369999999999999,4.6,17,Morningstar US CEF Multi-Sector,16,BlackRock,True,11.95,-0.04,13.13,2026-08-27T00:00:00,09258A107,BlackRock Multi-Sector Income Trust,2026-08-27,XBITX,Fixed Income - Taxable-Multi-Sector,31.0,681.899,-0.508,Monthly,0.40641,0.12369999999999999,20.0,6.1162,,,3.26,,749.233,True,False,False,False,True,False,,8.15,4.54,4.0,2.24,0.55,0.24,,,-5.22,3142960,7.97,,,,,3.77,12.88326,-5.7624200000000005,-2.7800000000000002,-2.56,-2.81,2026-08-27T00:00:00,2013-02-25T00:00:00,2/25/2013,1361750400,2026-08-14T00:00:00
55,MUA,-0.0717,6.20112,6.68004,0.0555,9.58,21,Morningstar US CEF Municipal,16,BlackRock,False,9.97,-0.01,10.74,2026-08-27T00:00:00,09254J102,BlackRock Muniassets,2026-08-27,XMUAX,Fixed Income - Municipal-Municipal,27.71,669.383,-0.004,Monthly,0.28542,0.0555,15.0,5.4809,,,2.59,,721.081,True,False,False,False,False,False,,5.27,5.98,-0.6900000000000001,-3.29,2.14,-1.37,,,4.6,1333350,17.62,,92.4046,,12.75,,10.77687,-4.05695,-1.3599999999999999,-0.62,-1.17,2026-08-27T00:00:00,1993-06-25T00:00:00,6/25/1993,740966400,2026-08-14T00:00:00
56,BTT,-0.0783,2.27173,2.46481,0.0464,3.17,21,Morningstar US CEF Municipal,16,BlackRock,False,22.59,-0.02,24.51,2026-08-27T00:00:00,09257P105,BlackRock Municipal 2030 Target Term,2026-08-27,XBTTX,Fixed Income - Municipal-Municipal,34.83,1437.298,0.148,Monthly,0.34323,0.0464,25.0,4.6478,,,2.69,,1559.459,True,False,True,False,False,True,,3.65,4.89,0.37,-0.34,0.62,-0.43,,,3.6,898650,22.16,,101.5267,,3.88,,22.6554,-8.07218,0.41000000000000003,0.35000000000000003,-0.22,2026-08-27T00:00:00,2012-08-29T00:00:00,8/29/2012,1346198400,2026-08-14T00:00:00
57,MHD,-0.075,5.75806,6.22493,0.0595,9.25,21,Morningstar US CEF Municipal,16,BlackRock,False,11.47,0.01,12.4,2026-08-27T00:00:00,09253N104,BlackRock Municipal Income,2026-08-27,XMHDX,Fixed Income - Municipal-Municipal,42.34,2003.808,0.004,Monthly,0.30405,0.0595,15.0,5.0119,,,3.08,,2166.279,True,False,True,False,False,False,,2.22,4.65,-2.14,-2.9699999999999998,0.9,1.21,,,9.63,2608010,5.17,,99.8744,,11.88,,11.68797,-8.51713,1.22,1.01,0.96,2026-08-27T00:00:00,1997-05-02T00:00:00,5/2/1997,862531200,2026-08-14T00:00:00
58,MUC,-0.0666,5.62664,6.02817,0.0535,8.76,22,Morningstar US CEF Municipal-CA,16,BlackRock,False,10.65,0.02,11.41,2026-08-27T00:00:00,09254L107,BlackRock MuniHoldings CA Qty,2026-08-27,XMUCX,Fixed Income - Municipal-Municipal - CA,40.99,1331.338,0.07100000000000001,Monthly,0.26962,0.0535,15.0,5.0713,,,3.22,,1426.344,True,False,True,False,False,False,,1.73,4.82,-2.13,-3.19,0.97,3.34,,,11.65,2876320,4.0,,102.4334,,13.95,,10.75277,-8.21852,1.55,1.3900000000000001,1.32,2026-08-27T00:00:00,1998-02-27T00:00:00,2/27/1998,888537600,2026-08-14T00:00:00
59,MUJ,-0.0098,5.30278,5.35537,0.054,8.4,24,Morningstar US CEF Municipal-Single State,16,BlackRock,False,12.1,-0.12,12.22,2026-08-27T00:00:00,09254X101,BlackRock MuniHoldings NJ Qty,2026-08-27,XMUJX,Fixed Income - Municipal-Municipal - Single-State,39.96,643.54,0.085,Monthly,0.2647,0.054,15.0,4.7124,,,3.37,,649.922,True,True,True,False,False,False,,2.92,7.83,-0.86,-0.17,0.84,3.74,,,16.78,1019510,20.57,,97.7946,,13.16,,12.00666,-4.27395,1.34,1.12,1.05,2026-08-27T00:00:00,1998-03-11T00:00:00,3/11/1998,889574400,2026-08-14T00:00:00
60,MIY,0.049699999999999994,5.41839,5.1618,0.0545,9.12,24,Morningstar US CEF Municipal-Single State,16,BlackRock,False,12.67,0.05,12.07,2026-08-27T00:00:00,09254V105,BlackRock MuniYield MI Quality,2026-08-27,XMIYX,Fixed Income - Municipal-Municipal - Single-State,39.86,366.983,0.07200000000000001,Monthly,0.25837,0.0545,15.0,4.9551,,,3.34,,349.605,True,True,True,False,False,False,,2.69,8.65,-1.01,-0.25,0.64,7.21,,,18.14,608000,8.27,,100.9645,,16.35,,11.93338,-3.58702,2.59,2.5700000000000003,2.8,2026-08-27T00:00:00,1992-10-30T00:00:00,10/30/1992,720403200,2026-08-14T00:00:00
61,MYN,-0.0697,5.86819,6.30801,0.051199999999999996,9.57,23,Morningstar US CEF Municipal-NY,17,"BlackRock Advisors, LLC",False,9.74,0.0,10.47,2026-08-27T00:00:00,09255E102,BlackRock MuniYield NY Quality,2026-08-27,XMYNX,Fixed Income - Municipal-Municipal - NY,22.85,916.764,0.069,Monthly,0.24345,0.051199999999999996,15.0,4.855,,,3.2800000000000002,,985.474,True,False,True,False,False,False,,1.78,4.46,-1.9100000000000001,-2.92,0.71,1.46,,,12.16,1232650,9.11,,100.2576,,12.59,,9.94627,-8.19657,1.58,1.8,1.51,2026-08-27T00:00:00,1992-02-28T00:00:00,2/28/1992,699235200,2026-08-14T00:00:00
62,MPA,-0.0776,4.77796,5.18009,0.0477,8.83,24,Morningstar US CEF Municipal-Single State,16,BlackRock,False,11.05,0.01,11.98,2026-08-27T00:00:00,09255G107,BlackRock MuniYield PA Quality,2026-08-27,XMPAX,Fixed Income - Municipal-Municipal - Single-State,38.47,143.093,0.039,Monthly,0.23728000000000002,0.0477,15.0,4.7722999999999995,,,3.23,,155.137,True,False,True,False,False,False,,2.5300000000000002,3.49,-1.69,-2.75,0.01,1.31,,,8.27,315510,9.12,,98.0715,,14.9,,11.26432,-8.51891,0.9400000000000001,1.73,1.04,2026-08-27T00:00:00,1992-10-30T00:00:00,10/30/1992,720403200,2026-08-14T00:00:00
63,MYI,-0.06269999999999999,5.79634,6.18384,0.0555,8.81,21,Morningstar US CEF Municipal,16,BlackRock,False,10.77,0.03,11.49,2026-08-27T00:00:00,09254E103,BlackRock MuniYield Qty III,2026-08-27,XMYIX,Fixed Income - Municipal-Municipal,42.34,1317.102,0.04,Monthly,0.27666,0.0555,15.0,5.0585,,,3.23,,1405.154,True,False,True,False,False,False,,2.79,4.54,-1.12,-1.6,0.81,1.5899999999999999,,,9.13,2328130,5.78,,99.7206,,11.76,,10.93594,-7.55609,1.48,2.06,1.67,2026-08-27T00:00:00,1992-04-13T00:00:00,4/13/1992,703123200,2026-08-14T00:00:00
64,MQY,-0.0726,5.80968,6.26463,0.057999999999999996,8.5,21,Morningstar US CEF Municipal,17,"BlackRock Advisors, LLC",False,11.11,-0.02,11.98,2026-08-27T00:00:00,09254F100,BlackRock Muniyield Quality,2026-08-27,XMQYX,Fixed Income - Municipal-Municipal,42.47,1671.301,0.060000000000000005,Monthly,0.28992,0.057999999999999996,15.0,5.0143,,,3.2,,1802.177,True,False,True,False,False,False,,2.31,3.93,-1.58,-2.4,0.43,2.67,,,8.56,3064570,5.01,,99.4864,,14.22,,11.45004,-7.43307,0.16,0.01,0.28,2026-08-27T00:00:00,1992-06-26T00:00:00,6/26/1992,709516800,2026-08-14T00:00:00
65,BCX,-0.0625,6.00431,6.40429,0.0697,33.07,8,Morningstar US CEF Sector Equity,16,BlackRock,True,13.06,-0.07,13.93,2026-08-27T00:00:00,09257A108,BlackRock Resources&Commodities Strategy,2026-08-27,XBCRX,Equity-Sector Equity,0.0,995.669,,Monthly,0.10812000000000001,0.0697,20.0,,,,1.19,,1061.997,True,True,True,False,True,False,,11.73,15.35,12.37,12.91,14.36,14.27,,,36.0,2122100,,,,,,,11.474,-6.74765,0.27,0.43,0.77,2026-08-27T00:00:00,2011-03-29T00:00:00,3/29/2011,1301356800,2026-08-14T00:00:00
66,BSTZ,-0.0722,5.81395,6.26607,0.1625,46.06,8,Morningstar US CEF Sector Equity,16,BlackRock,True,31.12,0.5700000000000001,33.54,2026-08-27T00:00:00,09260K101,BlackRock Science and Technology Term,2026-08-27,XBSZX,Equity-Sector Equity,0.76,2139.318,,Monthly,-0.14164000000000002,0.1625,20.0,,,,1.35,,2305.679,True,True,True,False,True,True,,22.55,28.06,3.21,4.13,27.28,31.54,,,48.05,2144000,,,,,,,24.79153,-9.60096,1.42,0.8300000000000001,1.27,2026-08-27T00:00:00,2019-06-26T00:00:00,6/26/2019,1561507200,2026-08-14T00:00:00
67,BST,-0.0387,5.68828,5.91716,0.25,28.91,8,Morningstar US CEF Sector Equity,16,BlackRock,True,50.7,1.03,52.74,2026-08-27T00:00:00,09258G104,BlackRock Science and Technology Trust,2026-08-27,XBSTX,Equity-Sector Equity,0.1,1760.305,,Monthly,-0.17225000000000001,0.25,20.0,3.9896000000000003,,,1.11,,1831.134,True,True,True,False,True,False,,22.13,20.1,6.63,6.5600000000000005,20.04,18.88,,,31.05,990980,,,,,0.26,0.26,42.63402,-6.39355,1.37,1.33,1.53,2026-08-27T00:00:00,2014-10-29T00:00:00,10/29/2014,1414540800,2026-08-14T00:00:00
68,BBN,-0.039900000000000005,7.14924,7.44619,0.0986,3.41,20,Morningstar US CEF Taxable Muni,17,"BlackRock Advisors, LLC",True,15.89,0.01,16.55,2026-08-27T00:00:00,09248X100,BlackRock Taxable Municipal Bond Trust,2026-08-27,XBBNX,Fixed Income - Taxable-Taxable Muni,35.59,981.883,0.077,Monthly,0.48995,0.0986,20.0,5.9174,,,3.1,,1022.666,True,False,True,False,True,False,,4.29,5.93,-2.5,-3.15,-1.0,1.17,,,5.06,2030100,3.2800000000000002,,99.5233,,8.35,,16.33561,-4.91877,0.61,1.17,1.46,2026-08-27T00:00:00,2010-08-27T00:00:00,8/27/2010,1282867200,2026-08-14T00:00:00
69,BTX,-0.09759999999999999,6.2749,6.95364,0.0525,27.64,10,Morningstar US CEF US Equity,16,BlackRock,True,9.06,0.13,10.04,2026-08-27T00:00:00,09260Q108,BlackRock Tech and Private Equity Term,2026-08-27,XBTPX,Equity-U.S. Equity,1.08,1057.395,,Monthly,-0.044090000000000004,0.0525,20.0,,,,1.46,,1171.771,True,True,True,False,True,True,,7.59,10.77,-5.94,-6.51,20.73,28.33,,,20.93,7784340,,,,,,,7.40659,-13.73483,1.6800000000000002,1.17,1.51,2026-08-27T00:00:00,2021-03-26T00:00:00,3/26/2021,1616716800,2026-08-14T00:00:00
70,BUI,0.0086,6.89552,6.83685,0.154,18.54,8,Morningstar US CEF Sector Equity,16,BlackRock,True,27.03,-0.09,26.8,2026-08-27T00:00:00,09248D104,"BlackRock Util, Infra & Power Opp",2026-08-27,XBUIX,Equity-Sector Equity,0.11,813.185,,Monthly,0.13116,0.154,20.0,,,,1.09,,806.265,True,False,False,False,True,False,,14.09,14.87,9.05,9.31,14.27,11.69,,,16.44,749890,,,,,,,27.16126,2.03454,-0.37,-0.43,0.24,2026-08-27T00:00:00,2011-11-23T00:00:00,11/23/2011,1322006400,2026-08-14T00:00:00
71,BHV,0.1394,4.94118,4.33678,0.0455,7.12,24,Morningstar US CEF Municipal-Single State,16,BlackRock,False,12.59,0.03,11.05,2026-08-27T00:00:00,092481100,BlackRock VA Municipal Bond,2026-08-27,XBHVX,Fixed Income - Municipal-Municipal - Single-State,39.69,19.996,0.024,Monthly,0.1615,0.0455,15.0,4.857,,,4.53,,17.55,True,True,True,False,False,False,,0.8200000000000001,11.21,-2.95,-2.48,-0.4,26.13,,,29.18,54580,8.6,,99.2945,,16.77,10.27,11.24705,-1.8630900000000001,2.09,1.0,1.35,2026-08-27T00:00:00,2002-04-30T00:00:00,4/30/2002,1020124800,2026-08-14T00:00:00
72,BGX,-0.1285,8.0,9.1791,0.08199999999999999,0.6,19,Morningstar US CEF Senior Loans,18,Blackstone Liquid Credit Strategies LLC,False,10.72,-0.03,12.3,2026-08-27T00:00:00,09257D102,Blackstone Long-Short Credit Income,2026-08-27,XXBGX,Fixed Income - Taxable-Senior Loans,33.79,136.233,,Monthly,0.51573,0.08199999999999999,20.0,7.1353,,,4.65,,156.312,True,False,False,False,False,False,,6.67,7.05,3.69,3.11,-1.24,-4.02,,,-7.07,708980,,,,,17.0,,11.30529,-10.52716,-1.1,-1.77,-0.91,2026-08-27T00:00:00,2011-01-27T00:00:00,1/27/2011,1296086400,2026-08-24T00:00:00
73,BSL,-0.0371,7.83964,8.14187,0.088,-0.26,19,Morningstar US CEF Senior Loans,18,Blackstone Liquid Credit Strategies LLC,False,12.97,-0.05,13.47,2026-08-27T00:00:00,09256U105,Blackstone Senior Floating Rt 2027 term,2026-08-27,XBSLX,Fixed Income - Taxable-Senior Loans,33.48,168.869,,Monthly,0.55321,0.088,20.0,7.1345,,,4.68,,175.379,True,False,False,False,False,True,,6.16,9.0,4.01,3.99,-1.3599999999999999,-0.14,,,-0.81,428540,,,,,3.73,,13.34986,-3.6594,-0.06,-0.41000000000000003,0.1,2026-08-27T00:00:00,2010-05-26T00:00:00,5/26/2010,1274832000,2026-08-24T00:00:00
74,BGB,-0.0542,7.72227,8.16473,0.076,-0.23,19,Morningstar US CEF Senior Loans,18,Blackstone Liquid Credit Strategies LLC,False,11.17,-0.01,11.81,2026-08-27T00:00:00,09257R101,Blackstone Strategic Credit 2027 term,2026-08-27,XBGBX,Fixed Income - Taxable-Senior Loans,38.99,499.062,,Monthly,0.74549,0.076,20.0,6.9282,,,5.4,,527.656,True,False,False,False,False,True,,6.57,9.58,3.6,4.63,-1.85,-1.2,,,-2.41,1337840,,,,,17.78,,11.5924,-4.76394,-0.58,-2.27,-0.66,2026-08-27T00:00:00,2012-09-26T00:00:00,9/26/2012,1348617600,2026-08-24T00:00:00
75,BPRE,-0.4532,7.26678,13.28918,0.1371,-7.28,7,Morningstar US CEF Real Estate,19,"Bluerock Fund Advisors, LLC",True,12.38,0.51,22.64,2026-08-27T00:00:00,09631P102,Bluerock Private Real Estate Fund,2026-08-27,XBPREX,Equity-Real Estate,,1770.889,,Monthly,,0.1371,14.0,,,,0.0,,3238.525,False,True,True,False,True,False,,-7.01,,-1.4100000000000001,,-3.65,-14.96,,,,0,,,75.3755,,,,,,,-0.8,-1.31,2026-08-27T00:00:00,2014-04-01T00:00:00,4/1/2014,1396310400,2026-08-17T00:00:00
76,DHF,-0.1231,7.83582,8.93617,0.017499999999999998,3.68,14,Morningstar US CEF High Yield,20,BNY Mellon,False,2.35,-0.01,2.6799999999999997,2026-08-27T00:00:00,09660L105,BNY Mellon High Yield Strategies Fund,2026-08-27,XDHFX,Fixed Income - Taxable-High Yield,27.52,170.931,,Monthly,0.09917000000000001,0.017499999999999998,15.0,7.0234,0.0,5.32,3.18,,194.934,True,False,False,True,False,False,,9.21,9.79,3.3,0.43,0.92,-1.05,,,-0.13,3503320,4.2,,99.6134,,4.52,3.33,2.47425,-9.42018,-1.6800000000000002,-2.13,-1.94,2026-08-27T00:00:00,1998-04-29T00:00:00,4/29/1998,893808000,2026-08-06T00:00:00
77,DMB,-0.0707,5.27241,5.67376,0.049999999999999996,9.14,21,Morningstar US CEF Municipal,20,BNY Mellon,False,10.575,0.02,11.38,2026-08-27T00:00:00,09662W109,BNY Mellon Muni Bond Infrastructure Fund,2026-08-27,XDMBX,Fixed Income - Municipal-Municipal,35.92,194.643,,Monthly,0.24734,0.049999999999999996,15.0,5.0905,13.84,19.33,3.19,,209.46,True,False,True,True,False,False,,2.42,0.48,-1.34,-3.05,0.05,-1.9100000000000001,,,10.07,576060,0.13,,101.4874,,11.41,8.86,10.80017,-7.43957,0.27,-0.14,-0.1,2026-08-27T00:00:00,2013-04-26T00:00:00,4/26/2013,1366934400,2026-08-18T00:00:00
78,DSM,-0.08070000000000001,5.6962,6.19621,0.03,10.33,21,Morningstar US CEF Municipal,20,BNY Mellon,False,5.8100000000000005,-0.02,6.32,2026-08-27T00:00:00,09662E109,BNY Mellon Strategic Muni Bond,2026-08-27,XDSMX,Fixed Income - Municipal-Municipal,34.89,287.181,,Monthly,0.15742,0.03,10.0,5.0273,17.12,18.83,2.73,,312.389,True,False,False,True,False,False,,2.61,4.87,-1.96,-3.02,0.55,-2.92,,,10.44,1105780,1.0,,99.5588,,8.93,8.04,6.0185,-7.09966,-0.74,-0.91,-1.21,2026-08-27T00:00:00,1989-11-22T00:00:00,11/22/1989,627696000,2026-08-13T00:00:00
79,LEO,-0.0791,5.37313,5.83468,0.03,9.91,21,Morningstar US CEF Municipal,20,BNY Mellon,False,6.17,-0.04,6.7,2026-08-27T00:00:00,05588W108,BNY Mellon Strategic Municipals,2026-08-27,XLEOX,Fixed Income - Municipal-Municipal,34.3,384.335,,Monthly,0.15752,0.03,10.0,5.135,16.24,18.69,2.76,,417.349,True,False,False,True,False,False,,3.05,4.32,-1.8,-3.7,0.96,-0.44,,,10.27,2012810,1.18,,99.5242,,9.37,8.23,6.3135200000000005,-7.6264,-0.26,-0.54,-0.6900000000000001,2026-08-27T00:00:00,1987-09-23T00:00:00,9/23/1987,559353600,2026-08-13T00:00:00
80,BWG,-0.1011,11.28085,12.54902,0.08,4.97,13,Morningstar US CEF Global Income,54,"Franklin Templeton Fund Adviser, LLC",True,7.65,-0.05,8.51,2026-08-27T00:00:00,10537L104,BrandywineGLOBAL â Global Inc Opp Fund,2026-08-27,XBWGX,Fixed Income - Taxable-Global Income,41.4,128.458,,Monthly,0.40321,0.08,20.0,7.6784,,,4.62,,142.899,True,False,False,False,True,False,,6.63,9.64,0.77,1.87,-0.05,-0.96,,,3.41,780400,,,,,,,8.21368,-8.50624,-1.07,-1.47,-0.42,2026-08-27T00:00:00,2012-03-28T00:00:00,3/28/2012,1332892800,2026-08-24T00:00:00
81,RA,-0.094,10.15782,11.2114,0.118,6.25,14,Morningstar US CEF High Yield,21,Brookfield Public Securities Group LLC,True,12.63,0.0,13.94,2026-08-27T00:00:00,112830104,Brookfield Real Assets Income Fund Inc.,2026-08-27,XRAIX,Fixed Income - Taxable-High Yield,25.24,697.867,,Monthly,0.4166,0.118,25.0,6.5568,,,3.34,,770.25,True,False,False,False,True,False,,8.28,1.74,3.95,1.0,2.64,5.37,,,7.86,1669990,,,95.6177,,8.9,,13.00628,-9.11083,-0.25,-0.28,0.12,2026-08-27T00:00:00,2016-12-02T00:00:00,12/2/2016,1480636800,2026-08-06T00:00:00
82,CFND,-0.6117,,,,,10,Morningstar US CEF US Equity,23,C1 Advisors LLC,True,2.85,-0.89,7.34,2026-03-31T00:00:00,12673Q103,C1 Fund Inc.,2026-08-27,XCFNDX,Equity-U.S. Equity,,19.0,,Semi-Annually,,,10.0,,,,5.86,,48.933,False,False,False,False,True,False,,,,,,-6.02,-38.57,,,,398710,,,,,,,4.8251100000000005,-37.36094,-1.08,-0.8200000000000001,-1.43,2026-08-27T00:00:00,2025-08-07T00:00:00,8/7/2025,1754524800,
83,CHY,0.019500000000000003,9.35308,9.17431,0.09999999999999999,29.64,11,Morningstar US CEF Convertibles,24,Calamos Advisors LLC,False,13.08,0.07,12.83,2026-08-27T00:00:00,12811P108,Calamos Convertible & High Income Fund,2026-08-27,XCHYX,Fixed Income - Taxable-Convertibles,31.59,1050.721,,Monthly,-0.10886,0.09999999999999999,15.0,3.6075,,4.49,4.01,,1030.638,True,True,True,False,False,False,,16.72,14.47,6.19,5.77,18.75,16.47,,,26.77,1891400,,,113.3553,,,,12.04511,-0.7552200000000001,1.38,0.81,1.28,2026-08-27T00:00:00,2003-05-28T00:00:00,5/28/2003,1054080000,2026-08-14T00:00:00
84,CHI,0.0788,9.45274,8.76249,0.095,29.1,11,Morningstar US CEF Convertibles,24,Calamos Advisors LLC,False,13.01,0.12,12.06,2026-08-27T00:00:00,128117108,Calamos Convertible Opp Inc,2026-08-27,XCHIX,Fixed Income - Taxable-Convertibles,30.97,1049.995,,Monthly,-0.09886,0.095,15.0,3.5722,,4.47,3.98,,973.324,True,True,True,False,False,False,,16.51,14.96,6.09,6.53,18.55,25.46,,,34.8,1826360,,,113.5724,,,,11.644,1.73119,2.45,1.13,1.6800000000000002,2026-08-27T00:00:00,2002-06-26T00:00:00,6/26/2002,1025049600,2026-08-14T00:00:00
85,CCD,0.0348,9.70149,9.375,0.19499999999999998,34.54,11,Morningstar US CEF Convertibles,24,Calamos Advisors LLC,False,24.96,-0.01,24.12,2026-08-27T00:00:00,12811V105,Calamos Dynamic Convertible and Income,2026-08-27,XCCDX,Fixed Income - Taxable-Convertibles,29.39,713.428,,Monthly,-0.41014,0.19499999999999998,25.0,2.5787,,4.07,4.26,,689.419,True,True,True,False,False,True,,17.95,17.39,6.36,6.39,22.06,24.67,,,32.75,836810,,,,,,,22.97921,1.70462,0.78,0.51,0.63,2026-08-27T00:00:00,2015-03-27T00:00:00,3/27/2015,1427414400,2026-08-14T00:00:00
86,CHW,-0.0951,7.61099,8.41121,0.06,22.9,25,Morningstar US CEF Global Allocation,24,Calamos Advisors LLC,False,8.56,0.02,9.46,2026-08-27T00:00:00,12811L107,Calamos Global Dynamic Income Fund,2026-08-27,XCHWX,Hybrid-Global Allocation,29.52,546.679,,Monthly,-0.03591,0.06,15.0,5.1178,,4.53,3.85,,604.157,True,True,True,False,False,False,,18.72,20.39,7.44,3.52,16.62,16.26,,,24.92,1883010,,,,,,,7.97713,-10.25156,0.5700000000000001,0.13,0.66,2026-08-27T00:00:00,2007-06-27T00:00:00,6/27/2007,1182902400,2026-08-14T00:00:00
87,CGO,-0.0953,7.45856,8.24421,0.09,23.06,25,Morningstar US CEF Global Allocation,24,Calamos Advisors LLC,False,13.1001,-0.04,14.48,2026-08-27T00:00:00,128118106,Calamos Global Total Return,2026-08-27,XCGOX,Hybrid-Global Allocation,29.42,128.739,,Monthly,-0.07175000000000001,0.09,15.0,5.0672,,4.39,4.02,,142.299,True,True,False,False,False,False,,19.15,18.74,7.38,4.51,17.31,15.68,,,18.73,273420,,,,,,,12.35512,-8.98181,-0.33,0.31,0.58,2026-08-27T00:00:00,2005-10-27T00:00:00,10/27/2005,1130371200,2026-08-14T00:00:00
88,CPZ,-0.12960000000000002,10.9375,12.56545,0.13999999999999999,-3.93,5,Morningstar US CEF Global Equity,24,Calamos Advisors LLC,False,13.37,-0.02,15.36,2026-08-27T00:00:00,12812C106,Calamos L/S Equity & Dynamic Inc Trust,2026-08-27,XCPZX,Equity-Global Equity,47.73,262.482,,Monthly,0.08155,0.13999999999999999,20.0,6.5242,,13.21,4.38,,301.55,True,False,False,False,False,False,,4.5600000000000005,5.9,2.77,2.46,-0.77,-4.07,,,-8.28,764660,,,99.1682,,,,14.40824,-9.84682,-1.3900000000000001,-0.51,-0.9400000000000001,2026-08-27T00:00:00,2019-11-29T00:00:00,11/29/2019,1574985600,2026-08-14T00:00:00
89,CSQ,-0.0819,7.09282,7.72532,0.13499999999999998,24.06,26,Morningstar US CEF US Allocation,24,Calamos Advisors LLC,False,20.97,0.13,22.84,2026-08-27T00:00:00,128125101,Calamos Strategic Total Return,2026-08-27,XCSQX,Hybrid-U.S. Allocation,27.97,3362.951,,Monthly,-0.08754,0.13499999999999998,15.0,4.1463,,4.71,3.69,,3662.842,True,True,True,False,False,False,,21.86,18.24,12.48,10.08,12.27,9.01,,,18.0,2256260,,,,,,,19.38416,-8.38135,0.11,1.8399999999999999,2.16,2026-08-27T00:00:00,2004-03-26T00:00:00,3/26/2004,1080259200,2026-08-14T00:00:00
90,CCIF,-0.1509,22.64151,26.66667,0.06,-41.73,19,Morningstar US CEF Senior Loans,25,Carlyle Global Credit Inv Mgmt,True,2.7,-0.05,3.24,2026-07-31T00:00:00,92535C104,Carlyle Credit Income Ord,2026-08-27,XCCIFX,Fixed Income - Taxable-Senior Loans,45.93,57.236,,Monthly,0.18345,0.06,8.65,8.718,,,11.36,,67.412,True,False,False,False,True,False,,-15.42,-14.2,-13.61,-10.34,-32.71,-30.71,,,-36.23,1316580,,,46.8847,,,,4.01881,-9.98932,-0.89,-0.02,-0.74,2026-08-27T00:00:00,2011-12-30T00:00:00,12/30/2011,1325203200,2026-08-19T00:00:00
91,IGR,0.024399999999999998,15.96452,15.58442,0.06,13.47,7,Morningstar US CEF Real Estate,26,CBRE Investment Management Listed Real Assets LLC,True,4.62,-0.04,4.51,2026-08-27T00:00:00,12504G100,CBRE Global Real Estate Income,2026-08-27,XIGRX,Equity-Real Estate,31.65,700.56,,Monthly,0.04079,0.06,15.0,,,,3.84,,683.88,True,False,True,False,True,False,,5.34,9.24,-2.01,0.11,13.62,16.99,,,12.84,7163120,,,,,,,4.71598,1.10261,0.61,1.71,1.43,2026-08-27T00:00:00,2004-02-18T00:00:00,2/18/2004,1077062400,2026-08-20T00:00:00
92,CET,-0.16399999999999998,0.94946,1.13574,0.31,15.81,10,Morningstar US CEF US Equity,27,Central Securities Corp,False,54.59,0.38,65.3,2026-08-21T00:00:00,155123102,Central Securities Corporation,2026-08-27,XCETX,Equity-U.S. Equity,0.32,1613.094,,Semi-Annually,0.8325400000000001,0.31,10.0,,,,0.46,,1929.567,True,True,False,False,False,False,,17.62,18.88,10.71,11.61,6.98,6.0,,,15.93,371300,,,,,,0.05,51.78805,-15.58904,-0.9400000000000001,-0.77,-1.08,2026-08-27T00:00:00,1980-07-28T00:00:00,7/28/1980,333590400,2026-06-12T00:00:00
93,EMO,-0.0866,7.2048,7.88753,0.41,27.88,6,Morningstar US CEF MLP,54,"Franklin Templeton Fund Adviser, LLC",False,54.77,-0.16,59.96,2026-08-27T00:00:00,18469P209,ClearBridge Energy Midstream Opportunity,2026-08-27,XEMOX,Equity-MLP,23.73,1094.865,,Monthly,-0.08994,0.41,20.0,,,,3.12,,1198.615,True,True,True,False,False,False,,27.25,28.84,26.38,29.9,26.31,21.49,,,20.81,606930,,,,,,,48.39969,-9.50336,0.35000000000000003,2.22,1.34,2026-08-27T00:00:00,2011-06-13T00:00:00,6/13/2011,1307923200,2026-08-24T00:00:00
94,GLV,-0.1284,9.68902,11.1162,0.0566,22.2,25,Morningstar US CEF Global Allocation,28,Clough Capital Partners L.P.,True,6.11,-0.02,7.01,2026-08-27T00:00:00,18913Y103,Clough Global Dividend and Income,2026-08-27,XGLVX,Hybrid-Global Allocation,32.6,75.823,,Monthly,0.00647,0.0566,20.0,4.8157,,,3.06,,86.992,True,False,False,False,True,False,,12.45,15.75,1.16,0.03,11.55,12.24,,,24.55,406520,,,,,14.73,12.28,6.14517,-11.909790000000001,-0.88,-0.13,-0.42,2026-08-27T00:00:00,2004-07-28T00:00:00,7/28/2004,1090972800,2026-08-18T00:00:00
95,GLQ,-0.0992,9.752510000000001,10.82673,0.07289999999999999,21.95,5,Morningstar US CEF Global Equity,28,Clough Capital Partners L.P.,True,8.08,0.03,8.97,2026-08-27T00:00:00,18914C100,Clough Global Equity,2026-08-27,XGLQX,Equity-Global Equity,32.83,151.404,,Monthly,-0.056870000000000004,0.07289999999999999,20.0,,,,3.41,,168.081,True,True,True,False,True,False,,17.41,21.32,0.67,-0.6,11.58,12.81,,,24.63,620760,,,,,0.06,,7.99025,-11.31266,1.28,0.47000000000000003,0.8300000000000001,2026-08-27T00:00:00,2005-04-27T00:00:00,4/27/2005,1114560000,2026-08-18T00:00:00
96,GLO,-0.1042,10.02177,11.1875,0.0537,15.94,25,Morningstar US CEF Global Allocation,28,Clough Capital Partners L.P.,True,5.76,0.01,6.43,2026-08-27T00:00:00,18914E106,Clough Global Opportunities,2026-08-27,XGLOX,Hybrid-Global Allocation,33.47,246.333,,Monthly,-0.0235,0.0537,20.0,4.8199000000000005,,,3.54,,274.987,True,False,True,False,True,False,,13.07,16.99,-1.98,-2.84,7.99,9.96,,,20.07,1513580,,,,,16.96,14.09,5.81475,-11.46123,1.07,0.67,0.89,2026-08-27T00:00:00,2006-04-25T00:00:00,4/25/2006,1145923200,2026-08-18T00:00:00
97,FOF,-0.0088,7.64275,7.71049,0.087,17.32,26,Morningstar US CEF US Allocation,30,"Cohen &amp; Steers Capital Management, Inc.",False,13.54,0.01,13.66,2026-08-27T00:00:00,19248P106,Cohen & Steers Closed-End Opportunity,2026-08-27,XFOFX,Hybrid-U.S. Allocation,,376.057,,Monthly,0.19373,0.087,20.0,6.1386,,7.64,0.9500000000000001,,379.389,False,True,False,False,False,False,,16.76,16.55,8.12,7.74,6.72,7.66,,,14.04,621640,,,95.6359,,,,13.48916,1.15401,-1.18,-1.72,-1.49,2026-08-27T00:00:00,2006-11-20T00:00:00,11/20/2006,1163980800,2026-08-11T00:00:00
98,UTF,-0.0127,7.18433,7.27674,0.16499999999999998,17.87,8,Morningstar US CEF Sector Equity,29,Cohen &amp; Steers,False,27.21,-0.1,27.56,2026-08-27T00:00:00,19248A109,Cohen & Steers Infrastructure,2026-08-27,XUTFX,Equity-Sector Equity,28.01,3042.353,,Monthly,0.20763,0.16499999999999998,20.0,5.4498,,,3.43,,3081.486,True,True,True,False,False,False,,14.33,14.58,8.81,7.52,14.52,20.26,,,12.6,3626350,,,103.041,,7.43,,25.82172,-5.15327,1.43,1.38,1.33,2026-08-27T00:00:00,2004-03-30T00:00:00,3/30/2004,1080604800,2026-08-11T00:00:00
99,LDP,-0.06509999999999999,7.10669,7.60155,0.131,6.6,18,Morningstar US CEF Preferreds,30,"Cohen &amp; Steers Capital Management, Inc.",False,20.68,0.04,22.12,2026-08-27T00:00:00,19248C105,Cohen & Steers Ltd Duration Pref & Inc,2026-08-27,XLDPX,Fixed Income - Taxable-Preferreds,32.89,601.358,,Monthly,0.6786800000000001,0.131,25.0,,,,3.67,,643.232,True,False,False,False,False,False,,11.21,12.31,4.27,2.41,2.15,1.55,,,3.32,618040,,,,,88.99,,21.0664,-5.79739,-0.49,-0.08,0.32,2026-08-27T00:00:00,2012-07-27T00:00:00,7/27/2012,1343347200,2026-08-11T00:00:00
100,RQI,-0.0687,8.1571,8.75912,0.09,19.72,7,Morningstar US CEF Real Estate,29,Cohen &amp; Steers,False,12.33,-0.08,13.24,2026-08-27T00:00:00,19247L106,Cohen & Steers Qual Inc Realty,2026-08-27,XRQIX,Equity-Real Estate,26.55,1813.428,,Monthly,0.09720000000000001,0.09,15.0,4.5417000000000005,,,3.45,,1947.265,True,False,False,False,False,False,,11.52,10.66,4.46,3.48,20.75,16.05,,,12.91,4966070,,,102.1293,,7.49,,12.4291,-3.87651,-1.01,0.01,-0.79,2026-08-27T00:00:00,2002-02-28T00:00:00,2/28/2002,1014854400,2026-08-11T00:00:00
101,RLTY,-0.0828,7.75103,8.4507,0.11,17.7,7,Morningstar US CEF Real Estate,30,"Cohen &amp; Steers Capital Management, Inc.",True,15.62,-0.14,17.03,2026-08-27T00:00:00,19249Q103,Cohen & Steers Real Estate Opp & Inc Fd,2026-08-27,XRLTX,Equity-Real Estate,32.95,261.204,,Monthly,0.11394,0.11,20.0,5.2869,,,4.55,,284.783,True,True,False,False,True,False,,11.02,12.8,,,15.53,13.65,,,13.37,601440,,,104.0393,,,,15.3242,-7.26287,-0.67,0.54,0.17,2026-08-27T00:00:00,2022-02-24T00:00:00,2/24/2022,1645660800,2026-08-11T00:00:00
102,RNP,-0.0697,7.47938,8.03941,0.13599999999999998,13.46,7,Morningstar US CEF Real Estate,30,"Cohen &amp; Steers Capital Management, Inc.",True,20.3,-0.2,21.82,2026-08-27T00:00:00,19247X100,Cohen & Steers REIT & Preferred Inc Fd,2026-08-27,XRNPX,Equity-Real Estate,29.94,974.402,,Monthly,0.38016,0.13599999999999998,25.0,5.8091,,,3.37,,1047.362,True,False,False,False,True,False,,11.2,9.46,4.14,3.5,12.09,7.78,,,-0.73,1197120,,,106.003,,6.69,,20.7978,-2.92213,-1.1,-0.01,-0.77,2026-08-27T00:00:00,2003-06-27T00:00:00,6/27/2003,1056672000,2026-08-11T00:00:00
103,PSF,-0.10099999999999999,7.00324,7.7898,0.126,6.09,18,Morningstar US CEF Preferreds,29,Cohen &amp; Steers,False,19.41,-0.02,21.59,2026-08-27T00:00:00,19248Y107,Cohen & Steers Select Preferred & Inc,2026-08-27,XPSFX,Fixed Income - Taxable-Preferreds,33.21,233.467,,Monthly,0.6429,0.126,25.0,7.0987,,,3.76,,259.689,True,False,False,False,False,False,,10.7,8.7,3.14,-1.51,1.6,0.34,,,1.94,375990,,,101.0886,,86.4,,20.11995,-8.27891,-1.24,-0.87,-0.8,2026-08-27T00:00:00,2010-11-24T00:00:00,11/24/2010,1290556800,2026-08-11T00:00:00
104,PTA,-0.0906,7.92118,8.71073,0.13399999999999998,5.21,18,Morningstar US CEF Preferreds,30,"Cohen &amp; Steers Capital Management, Inc.",True,18.46,-0.04,20.3,2026-08-27T00:00:00,19249X108,Cohen & Steers Tax-adv Prd Sec and Inc,2026-08-27,XPTAX,Fixed Income - Taxable-Preferreds,35.05,1020.348,,Monthly,0.63166,0.13399999999999998,25.0,7.3128,,,4.36,,1122.051,True,False,False,False,True,False,,9.64,9.85,2.75,2.16,1.19,2.23,,,1.45,1392810,,,103.3882,,,,19.48958,-6.38857,-1.67,-2.11,-1.9300000000000002,2026-08-27T00:00:00,2020-10-28T00:00:00,10/28/2020,1603843200,2026-08-11T00:00:00
105,RFI,-0.0348,8.14249,8.43585,0.08,13.68,7,Morningstar US CEF Real Estate,30,"Cohen &amp; Steers Capital Management, Inc.",False,11.38,-0.03,11.79,2026-08-27T00:00:00,19247R103,Cohen & Steers Total Return,2026-08-27,XRFIX,Equity-Real Estate,0.04,304.4,,Monthly,0.14464,0.08,15.0,6.5819,,,0.9400000000000001,,315.367,True,False,False,False,False,False,,9.19,7.55,3.5300000000000002,1.7000000000000002,13.52,9.27,,,5.18,942090,,,,,,,11.45817,-0.9856400000000001,-0.88,0.89,-0.21,2026-08-27T00:00:00,1993-09-27T00:00:00,9/27/1993,749088000,2026-08-11T00:00:00
106,STK,-0.06480000000000001,3.29123,3.51912,0.46249999999999997,79.59,3,Morningstar US CEF Covered Call,31,"Columbia Mgmt Investment Advisers, LLC",True,52.57,0.49,56.21,2026-08-27T00:00:00,19842X109,Columbia Seligman Premium Technology Gr,2026-08-27,XSTKX,Equity-Covered-Call Funds,,928.456,,Quarterly,-0.09022000000000001,0.46249999999999997,20.0,,,,1.12,,994.82,False,True,False,False,True,False,,35.21,28.66,21.39,19.24,43.2,36.28,,,69.75,565690,,,,,,,42.58906,-4.36759,-1.02,-0.22,-0.71,2026-08-27T00:00:00,2009-11-25T00:00:00,11/25/2009,1259107200,2026-08-17T00:00:00
107,CLM,0.053899999999999997,23.10618,21.92481,0.1215,15.88,10,Morningstar US CEF US Equity,32,"Cornerstone Advisors, LLC",True,6.65,-0.15,6.31,2026-08-21T00:00:00,21924B302,Cornerstone Strategic Investment Fund,2026-08-27,XCLMX,Equity-U.S. Equity,0.0,1966.841,,Monthly,0.00132,0.1215,38.52,,,,1.1,,1866.281,True,False,False,False,True,False,,18.24,14.53,12.18,11.92,6.91,-0.05,,,11.69,18466340,,,,,,,7.82475,19.44076,-3.75,-2.79,-3.22,2026-08-27T00:00:00,1987-06-23T00:00:00,6/23/1987,551404800,2026-08-14T00:00:00
108,CRF,0.0458,23.05882,22.05,0.1176,16.33,10,Morningstar US CEF US Equity,32,"Cornerstone Advisors, LLC",True,6.4,-0.11,6.12,2026-08-21T00:00:00,21924U300,Cornerstone Total Return Fund,2026-08-27,XCRFX,Equity-U.S. Equity,9.5,1029.978,,Monthly,0.00372,0.1176,25.0,,,,1.13,,984.917,True,False,False,False,True,False,,18.41,12.58,12.57,10.62,6.83,-0.26,,,10.4,12431180,,,,,,,7.509,18.2905,-3.5,-2.66,-2.96,2026-08-27T00:00:00,1973-05-16T00:00:00,5/16/1973,106358400,2026-08-14T00:00:00
109,CIK,-0.10289999999999999,8.82353,9.83607,0.02,0.99,14,Morningstar US CEF High Yield,107,UBS Asset Management (Americas) LLC,False,2.44,0.01,2.7199999999999998,2026-08-27T00:00:00,224916106,Credit Suisse Asset Mgmt Income,2026-08-27,XCIKX,Fixed Income - Taxable-High Yield,34.98,133.843,,Monthly,0.10128000000000001,0.02,10.0,6.9712,,,3.7,,149.202,True,False,False,False,False,False,,7.28,2.5300000000000002,3.9699999999999998,2.44,0.2,-8.84,,,-9.97,4702030,,,98.7034,,5.73,,2.68802,-3.84746,-1.52,-0.92,-1.21,2026-08-27T00:00:00,1987-03-23T00:00:00,3/23/1987,543456000,2026-08-17T00:00:00
110,DHY,-0.114,9.63731,10.87719,0.0155,-4.14,14,Morningstar US CEF High Yield,107,UBS Asset Management (Americas) LLC,False,1.71,-0.01,1.93,2026-08-27T00:00:00,22544F103,Credit Suisse High Yield Credit,2026-08-27,XDHYX,Fixed Income - Taxable-High Yield,30.67,177.172,,Monthly,0.08308,0.0155,10.0,6.998,,,3.62,,199.967,True,False,False,False,False,False,,5.38,7.12,2.55,2.29,-4.93,-7.21,,,-9.13,6363940,,,98.7615,,5.73,,1.91544,-6.62741,-1.53,-1.97,-1.0,2026-08-27T00:00:00,1998-07-31T00:00:00,7/31/1998,901843200,2026-08-17T00:00:00
111,DXYZ,0.7726999999999999,,,,188.58,8,Morningstar US CEF Sector Equity,34,Destiny Advisors LLC,True,35.4,3.7800000000000002,19.97,2025-12-31T00:00:00,25063F107,Destiny Tech100 Inc,2026-08-27,DXYZ,Equity-Sector Equity,,777.961,,Monthly,-0.33773000000000003,,,,,,4.53,,438.867,False,True,False,False,True,False,,,,,,0.0,-25.27,,,-22.93,19830050,,,,,,,30.07736,111.35083,-0.44,0.73,0.27,2026-08-27T00:00:00,2024-03-26T00:00:00,3/26/2024,1711411200,
112,DMA,-0.1611,14.90066,17.76316,0.11249999999999999,-1.87,26,Morningstar US CEF US Allocation,35,Destra Capital Advisors LLC,True,7.6,0.08,9.06,2026-08-27T00:00:00,25065A502,Destra Multi-Alternative,2026-08-27,XDMAX,Hybrid-U.S. Allocation,10.92,68.121,,Monthly,0.19305,0.11249999999999999,,,,,3.29,,81.207,True,False,False,False,True,False,,0.26,23.82,-0.8300000000000001,,-4.34,-7.43,,,0.12,262590,,,,,0.11,,8.24507,-14.67194,-0.5700000000000001,-0.07,0.0,2026-08-27T00:00:00,2022-01-13T00:00:00,1/13/2022,1642032000,2026-08-21T00:00:00
113,DNP,0.1304,8.07453,7.14286,0.065,13.94,8,Morningstar US CEF Sector Equity,39,Duff &amp; Phelps Inv Mgmt Co (IL),True,10.92,-0.09,9.66,2026-08-27T00:00:00,23325P104,DNP Select Income,2026-08-27,XDNPX,Equity-Sector Equity,23.03,4136.525,,Monthly,0.10944,0.065,10.0,5.6735,,,2.5300000000000002,,3659.233,True,True,True,False,True,False,,14.34,10.8,9.25,8.67,11.75,12.52,,,18.78,5882480,,,,,7.33,5.71,10.37625,6.58836,1.9500000000000002,1.6800000000000002,1.5899999999999999,2026-08-27T00:00:00,1987-01-21T00:00:00,1/21/1987,538185600,2026-07-31T00:00:00
114,DSL,-0.0716,11.52838,12.41769,0.11,4.18,13,Morningstar US CEF Global Income,37,DoubleLine Capital LP,False,10.63,-0.01,11.45,2026-08-27T00:00:00,258622109,DoubleLine Income Solutions Fund,2026-08-27,XDSLX,Fixed Income - Taxable-Global Income,23.61,1217.891,,Monthly,0.47242,0.11,25.0,7.5984,,,2.98,,1311.839,True,False,False,False,False,False,,9.51,6.98,1.17,0.47000000000000003,2.52,1.47,,,-1.3900000000000001,5656280,,,92.0647,,,,11.28589,-4.40388,-1.4,-1.29,-1.53,2026-08-27T00:00:00,2013-04-26T00:00:00,4/26/2013,1366934400,2026-08-19T00:00:00
115,DBL,-0.0268,9.0784,9.32862,0.11,3.76,17,Morningstar US CEF Multi-Sector,36,DoubleLine,False,14.15,0.04,14.54,2026-08-27T00:00:00,258623107,Doubleline Opportunistic Cred,2026-08-27,XDBLX,Fixed Income - Taxable-Multi-Sector,8.0,279.773,,Monthly,0.46533,0.11,25.0,6.3207,,,2.02,,287.484,True,False,False,False,False,False,,9.24,8.32,2.51,1.6600000000000001,1.63,-2.95,,,0.6,640280,,,84.4462,,,,14.8474,-0.8534600000000001,-1.05,0.03,-0.26,2026-08-27T00:00:00,2012-01-26T00:00:00,1/26/2012,1327536000,2026-08-19T00:00:00
116,DLY,-0.0821,9.27417,10.1039,0.1167,4.19,17,Morningstar US CEF Multi-Sector,37,DoubleLine Capital LP,True,13.86,-0.01,15.1,2026-08-27T00:00:00,25862D105,DoubleLine Yield Opportunities Fund,2026-08-27,XDLYX,Fixed Income - Taxable-Multi-Sector,16.05,672.756,,Monthly,0.62071,0.1167,20.0,7.4846,,,2.89,,732.945,True,False,False,False,True,False,,8.71,8.89,2.7199999999999998,2.26,1.76,2.38,,,0.59,2087840,,,95.3595,,,,14.44437,-6.52264,-1.09,-0.66,-0.75,2026-08-27T00:00:00,2020-02-25T00:00:00,2/25/2020,1582588800,2026-08-19T00:00:00
117,DTF,-0.0384,3.25815,3.38836,0.0325,2.16,21,Morningstar US CEF Municipal,38,Duff &amp; Phelps,False,11.51,-0.06,11.97,2026-08-27T00:00:00,23334J107,DTF Tax-Free Income 2028 Term,2026-08-27,XDTFX,Fixed Income - Municipal-Municipal,32.16,80.91,,Monthly,0.13742000000000001,0.0325,15.0,4.9315,,,1.08,,84.144,True,True,True,False,False,False,,2.08,4.69,-2.69,-1.63,0.64,2.0,,,5.27,74990,,,104.7125,,8.11,2.2,11.42376,-5.52957,1.77,0.97,1.42,2026-08-27T00:00:00,1991-11-29T00:00:00,11/29/1991,691372800,2026-08-17T00:00:00
118,DPG,-0.0922,5.56931,6.13497,0.075,24.39,8,Morningstar US CEF Sector Equity,39,Duff &amp; Phelps Inv Mgmt Co (IL),True,14.67,-0.01,16.16,2026-08-27T00:00:00,26433C105,Duff & Phelps Utility and Infra Fund Inc,2026-08-27,XDPGX,Equity-Sector Equity,21.36,528.077,,Monthly,0.045200000000000004,0.075,20.0,,,,3.34,,581.713,True,True,True,False,True,False,,19.98,21.78,12.33,9.6,17.54,17.89,,,24.15,721020,,,,,,,13.8279,-10.54087,1.19,1.35,1.83,2026-08-27T00:00:00,2011-07-29T00:00:00,7/29/2011,1311897600,2026-07-31T00:00:00
119,KTF,-0.0101,8.24324,8.32765,0.061,9.73,21,Morningstar US CEF Municipal,41,"DWS Investment Management Americas, Inc.",False,8.79,-0.02,8.88,2026-08-27T00:00:00,233368109,DWS Municipal Income,2026-08-27,XKTFX,Fixed Income - Municipal-Municipal,37.05,344.425,,Monthly,0.19611,0.061,12.0,4.7412,,15.48,3.14,,347.951,True,False,True,False,False,False,,2.74,7.74,-1.83,-0.89,0.8200000000000001,1.83,,,11.99,1333110,,,99.2754,,14.69,9.37,9.10559,-1.6914600000000002,0.73,-0.34,-0.17,2026-08-27T00:00:00,1988-10-20T00:00:00,10/20/1988,593308800,2026-08-19T00:00:00
120,GRF,-0.1413,6.92182,8.06069,0.85,9.26,10,Morningstar US CEF US Equity,98,Sims Capital Management LLC,False,10.545,0.15,12.28,2026-08-21T00:00:00,269451100,Eagle Capital Growth,2026-08-27,XGRFX,Equity-U.S. Equity,,41.841,,Annually,0.02503,0.85,10.0,,,,1.28,,48.725,False,True,False,False,False,False,,9.79,10.75,8.04,9.55,3.85,-5.79,,,9.62,28540,,,,,,,10.46153,-13.12486,-0.29,1.38,0.19,2026-08-27T00:00:00,1990-07-02T00:00:00,7/2/1990,646876800,2025-11-21T00:00:00
121,ECC,-0.11109999999999999,16.66667,18.75,0.06,-26.06,19,Morningstar US CEF Senior Loans,42,Eagle Point Credit Management,False,3.84,0.0,4.38,2026-07-31T00:00:00,269808101,Eagle Point Credit Company LLC,2026-08-27,XECCX,Fixed Income - Taxable-Senior Loans,30.45,510.761,,Monthly,0.61938,0.06,20.0,,,,9.21,,574.606,True,False,False,False,False,False,,-2.03,-9.83,-0.41000000000000003,-3.34,-12.38,-22.04,,,-27.07,14532040,,,,,,,4.93747,-8.69377,-0.3,0.99,0.22,2026-08-27T00:00:00,2014-10-08T00:00:00,10/8/2014,1412726400,2026-08-11T00:00:00
122,EIC,-0.1814,10.78431,13.17365,0.11,-4.54,14,Morningstar US CEF High Yield,43,Eagle Point Income Management LLC,False,10.02,0.06,12.35,2026-07-31T00:00:00,269817102,Eagle Point Income Co Inc,2026-08-27,XEICX,Fixed Income - Taxable-High Yield,11.84,230.898,,Monthly,,0.11,19.89,10.1647,,,6.36,,282.056,True,False,False,False,False,False,,11.99,5.03,6.41,3.33,-1.4100000000000001,-5.78,,,-12.73,1487470,,,87.475,,,,10.93836,-16.23542,-0.37,0.21,0.2,2026-08-27T00:00:00,2019-07-23T00:00:00,7/23/2019,1563840000,2026-08-11T00:00:00
123,CEV,-0.0175,5.53506,5.6338,0.049999999999999996,10.24,22,Morningstar US CEF Municipal-CA,45,Eaton Vance Management,False,10.65,-0.19,10.84,2026-08-27T00:00:00,27826F101,Eaton Vance CA Muni Inc,2026-08-27,XCEVX,Fixed Income - Municipal-Municipal - CA,33.05,74.908,0.02,Monthly,0.23213,0.049999999999999996,15.0,6.8647,,,2.48,,76.244,True,True,True,False,False,False,,2.6,5.21,-1.6800000000000002,-1.48,1.16,3.5300000000000002,,,12.75,273550,3.0,,101.3992,,,9.77,10.2794,-7.11492,2.7800000000000002,1.87,2.45,2026-08-27T00:00:00,1999-01-29T00:00:00,1/29/1999,917568000,2026-08-13T00:00:00
124,EOI,-0.059699999999999996,7.4923,7.96824,0.1338,9.22,3,Morningstar US CEF Covered Call,45,Eaton Vance Management,True,20.15,0.16,21.43,2026-08-27T00:00:00,278274105,Eaton Vance Enhanced Equity Income,2026-08-27,XEOIX,Equity-Covered-Call Funds,,826.185,,Monthly,-0.04159,0.1338,20.0,,,,1.1,,878.667,False,True,False,False,True,False,,16.51,14.47,10.75,9.71,4.48,0.75,,,2.05,798720,,,,,,,20.12517,-3.8151,-0.78,0.99,-0.22,2026-08-27T00:00:00,2004-10-26T00:00:00,10/26/2004,1098748800,2026-08-14T00:00:00
125,EOS,-0.10039999999999999,7.5834,8.42989,0.1523,5.53,3,Morningstar US CEF Covered Call,44,Eaton Vance,True,21.68,0.19,24.1,2026-08-27T00:00:00,278277108,Eaton Vance Enhanced Equity Income II,2026-08-27,XEOSX,Equity-Covered-Call Funds,,1155.891,,Monthly,-0.06004,0.1523,20.0,,,,1.09,,1284.916,False,False,False,False,True,False,,15.86,13.76,8.35,6.41,1.02,-4.66,,,-4.54,1178710,,,,,,,22.46858,-6.90052,-1.17,-1.15,-1.18,2026-08-27T00:00:00,2005-01-26T00:00:00,1/26/2005,1106697600,2026-08-14T00:00:00
126,EFT,-0.1121,6.82845,7.69086,0.06799999999999999,1.03,19,Morningstar US CEF Senior Loans,45,Eaton Vance Management,False,10.61,-0.02,11.95,2026-08-27T00:00:00,278279104,Eaton Vance Floating-Rate Income,2026-08-27,XEFTX,Fixed Income - Taxable-Senior Loans,31.64,281.993,,Monthly,0.42226,0.06799999999999999,20.0,6.7698,,,4.45,,317.608,True,False,False,False,False,False,,6.3,5.79,4.94,3.06,-0.13,-2.05,,,-6.55,1121710,,,,,,,11.14813,-9.25557,-1.24,-1.28,-1.05,2026-08-27T00:00:00,2004-06-29T00:00:00,6/29/2004,1088467200,2026-08-14T00:00:00
127,EVV,-0.0891,8.36036,9.17802,0.0696,3.46,16,Morningstar US CEF Limited Duration,44,Eaton Vance,False,9.1,0.01,9.99,2026-08-27T00:00:00,27828H105,Eaton Vance Limited Duration Income,2026-08-27,XEVVX,Fixed Income - Taxable-Limited Duration,40.83,1057.451,,Monthly,0.31291,0.0696,20.0,6.6631,,0.0,4.04,,1160.873,True,False,False,False,False,False,,7.38,8.15,3.22,2.33,-0.09,-3.22,,,-1.51,3237260,,,97.9783,,,,9.68268,-6.19051,-1.42,-0.86,-1.13,2026-08-27T00:00:00,2003-05-30T00:00:00,5/30/2003,1054252800,2026-08-13T00:00:00
128,EIM,-0.0603,5.9242,6.30403,0.0508,7.58,21,Morningstar US CEF Municipal,45,Eaton Vance Management,False,9.67,-0.02,10.29,2026-08-27T00:00:00,27827X101,Eaton Vance Municipal Bond,2026-08-27,XEIMX,Fixed Income - Municipal-Municipal,30.85,496.773,0.030000000000000002,Monthly,0.24144000000000002,0.0508,15.0,6.6154,,,2.88,,528.624,True,False,True,False,False,False,,2.0,4.35,-1.6600000000000001,-2.18,0.6900000000000001,1.85,,,6.14,1534630,7.0,,104.6316,,,8.07,9.85051,-6.99903,0.91,1.53,1.13,2026-08-27T00:00:00,2002-08-30T00:00:00,8/30/2002,1030665600,2026-08-14T00:00:00
129,EVN,0.0152,5.84061,5.75327,0.0513,8.54,21,Morningstar US CEF Municipal,44,Eaton Vance,False,10.7,-0.1,10.54,2026-08-27T00:00:00,27826U108,Eaton Vance Municipal Income,2026-08-27,XEVNX,Fixed Income - Municipal-Municipal,34.14,427.175,0.045,Monthly,0.26558,0.0513,15.0,7.2679,,,2.46,,420.787,True,False,True,False,False,False,,3.29,7.19,-1.38,-1.16,1.56,-0.36,,,5.38,775150,7.0,,102.7977,,,7.67,10.82903,0.5183800000000001,0.5700000000000001,0.31,0.85,2026-08-27T00:00:00,1999-01-29T00:00:00,1/29/1999,917568000,2026-08-13T00:00:00
130,EOT,-0.0318,4.60708,4.7582,0.0683,8.21,21,Morningstar US CEF Municipal,45,Eaton Vance Management,False,17.225,-0.05,17.79,2026-08-27T00:00:00,27829L105,Eaton Vance National Municipal Opprs Tr,2026-08-27,XEOTX,Fixed Income - Municipal-Municipal,12.66,269.139,0.099,Monthly,0.41933000000000004,0.0683,20.0,5.6835,,,1.25,,277.967,True,True,True,False,False,False,,3.77,4.59,-0.36,-1.32,1.48,5.1,,,13.17,370000,20.0,,98.0285,,,9.17,17.07396,-5.59772,1.26,0.74,0.92,2026-08-27T00:00:00,2009-05-27T00:00:00,5/27/2009,1243382400,2026-08-14T00:00:00
131,ETJ,-0.0843,8.44541,9.22314,0.06509999999999999,2.55,3,Morningstar US CEF Covered Call,45,Eaton Vance Management,True,8.47,0.03,9.25,2026-08-27T00:00:00,27829G106,Eaton Vance Risk-Mgd Divers Eq Inc,2026-08-27,XETJX,Equity-Covered-Call Funds,,570.046,,Monthly,-0.01498,0.06509999999999999,20.0,,,,1.12,,622.542,False,False,True,False,True,False,,10.88,9.95,6.35,2.98,-0.32,0.8200000000000001,,,2.83,1338100,,,,,,,8.62159,-8.78263,0.41000000000000003,0.51,0.63,2026-08-27T00:00:00,2007-07-31T00:00:00,7/31/2007,1185840000,2026-08-14T00:00:00
132,EFR,-0.1091,7.1066,7.97721,0.06999999999999999,1.78,19,Morningstar US CEF Senior Loans,45,Eaton Vance Management,False,10.53,-0.06,11.82,2026-08-27T00:00:00,27828Q105,Eaton Vance Senior Floating Rate,2026-08-27,XEFRX,Fixed Income - Taxable-Senior Loans,31.15,310.884,,Monthly,0.42058,0.06999999999999999,20.0,6.7598,,4.83,3.26,,348.969,True,False,False,False,False,False,,6.35,5.06,5.05,3.66,0.48,-0.63,,,-3.65,1455390,,,,,,,10.89329,-9.82388,-0.71,-0.37,0.18,2026-08-27T00:00:00,2003-11-24T00:00:00,11/24/2003,1069632000,2026-08-14T00:00:00
133,EVF,-0.1223,6.80851,7.75758,0.032,1.97,19,Morningstar US CEF Senior Loans,45,Eaton Vance Management,False,4.95,-0.01,5.64,2026-08-27T00:00:00,27826S103,Eaton Vance Senior Income,2026-08-27,XEVFX,Fixed Income - Taxable-Senior Loans,36.03,89.943,,Monthly,0.22106,0.032,10.0,6.8671,,,2.76,,102.48,True,False,False,False,False,False,,6.53,6.21,4.95,3.44,0.64,-1.04,,,-3.7800000000000002,786170,,,,,,,5.1789,-9.94749,-1.18,-1.12,-0.91,2026-08-27T00:00:00,1998-10-30T00:00:00,10/30/1998,909705600,2026-08-13T00:00:00
134,EVG,-0.0432,7.9135100000000005,8.27119,0.0732,6.59,16,Morningstar US CEF Limited Duration,45,Eaton Vance Management,True,10.62,-0.06,11.1,2026-08-27T00:00:00,27828V104,Eaton Vance Short Duration Divers Inc,2026-08-27,XEVGX,Fixed Income - Taxable-Limited Duration,12.33,142.912,,Monthly,0.30311,0.0732,20.0,5.7273,,,2.77,,149.372,True,False,False,False,True,False,,9.52,10.48,4.99,4.52,2.15,0.97,,,3.01,369460,,,97.5071,,,,10.88832,-3.4891,-0.61,-0.27,0.05,2026-08-27T00:00:00,2005-02-28T00:00:00,2/28/2005,1109548800,2026-08-14T00:00:00
135,ETG,-0.0901,5.82432,6.40099,0.1293,28.98,5,Morningstar US CEF Global Equity,45,Eaton Vance Management,False,24.24,0.04,26.64,2026-08-27T00:00:00,27828S101,Eaton Vance Tax Adv Global Dividend Inc,2026-08-27,XETGX,Equity-Global Equity,15.42,1850.043,,Monthly,0.39383,0.1293,20.0,7.0383,,,2.2800000000000002,,2033.216,True,True,False,False,False,False,,18.73,19.66,10.8,10.91,13.43,6.38,,,22.16,1104760,,,,,3.76,,22.37678,-7.31467,-0.77,1.09,0.38,2026-08-27T00:00:00,2004-01-30T00:00:00,1/30/2004,1075420800,2026-08-14T00:00:00
136,EVT,-0.0634,6.39223,6.82516,0.1646,25.74,26,Morningstar US CEF US Allocation,45,Eaton Vance Management,True,28.94,-0.11,30.9,2026-08-27T00:00:00,27828G107,Eaton Vance Tax Advantaged Dividend Inc,2026-08-27,,Hybrid-U.S. Allocation,16.16,2157.268,,Monthly,0.12479,0.1646,20.0,7.0577,,,2.27,,2303.372,True,True,True,False,True,False,,15.39,15.03,9.68,8.76,16.62,16.8,,,27.03,1019390,,,,,4.98,,25.75069,-8.50347,2.03,1.38,1.74,2026-08-27T00:00:00,2003-09-30T00:00:00,9/30/2003,1064880000,2026-08-14T00:00:00
137,ETO,-0.0992,5.90963,6.56025,0.17329999999999998,26.77,25,Morningstar US CEF Global Allocation,45,Eaton Vance Management,True,31.7,0.06,35.19,2026-08-27T00:00:00,27828U106,Eaton Vance Tax-Advantaged Glbl Div Opp,2026-08-27,XETOX,Hybrid-Global Allocation,15.18,519.504,,Monthly,0.64905,0.17329999999999998,20.0,7.1114,,,2.26,,576.699,True,True,False,False,True,False,,17.82,18.07,9.92,8.9,12.25,6.07,,,21.19,319010,,,,,3.63,,29.331,-8.95567,-0.76,0.56,0.05,2026-08-27T00:00:00,2004-04-30T00:00:00,4/30/2004,1083283200,2026-08-14T00:00:00
138,ETB,-0.0824,7.41589,8.081479999999999,0.10579999999999999,18.28,3,Morningstar US CEF Covered Call,45,Eaton Vance Management,True,15.71,0.09,17.12,2026-08-27T00:00:00,27828X100,Eaton Vance Tax-Managed Buy-Write Income,2026-08-27,XETBX,Equity-Covered-Call Funds,,461.477,,Monthly,0.01037,0.10579999999999999,20.0,,,,1.12,,502.895,False,True,False,False,True,False,,14.57,13.31,10.0,7.55,8.43,6.28,,,15.87,522810,,,,,,,15.22215,-7.24244,-1.04,0.23,-0.37,2026-08-27T00:00:00,2005-04-27T00:00:00,4/27/2005,1114560000,2026-08-14T00:00:00
139,ETV,-0.058499999999999996,7.33744,7.79333,0.0993,15.77,3,Morningstar US CEF Covered Call,45,Eaton Vance Management,True,15.29,0.11,16.24,2026-08-27T00:00:00,27828Y108,Eaton Vance Tax-Managed Buy-Write Opp,2026-08-27,XETVX,Equity-Covered-Call Funds,,1785.177,,Monthly,-0.00319,0.0993,20.0,,,,1.08,,1896.094,False,True,True,False,True,False,,14.55,12.82,8.89,6.75,5.05,7.06,,,15.47,1794560,,,,,,,14.47408,-7.14621,1.26,0.38,0.93,2026-08-27T00:00:00,2005-06-27T00:00:00,6/27/2005,1119830400,2026-08-14T00:00:00
140,ETY,-0.08539999999999999,7.47739,8.17582,0.0992,10.21,3,Morningstar US CEF Covered Call,45,Eaton Vance Management,True,14.56,0.12,15.92,2026-08-27T00:00:00,27828N102,Eaton Vance Tax-Managed Divrs Equity Inc,2026-08-27,XETYX,Equity-Covered-Call Funds,,2319.126,,Monthly,-0.02538,0.0992,20.0,,,,1.06,,2535.747,False,False,False,False,True,False,,16.46,13.8,11.11,8.78,5.11,-1.5899999999999999,,,-0.64,2295140,,,,,,,14.96768,-3.57233,-1.44,-0.79,-1.25,2026-08-27T00:00:00,2006-11-27T00:00:00,11/27/2006,1164585600,2026-08-14T00:00:00
141,EXG,-0.0759,7.3,7.8998,0.0657,24.9,3,Morningstar US CEF Covered Call,45,Eaton Vance Management,True,9.98,0.03,10.8,2026-08-27T00:00:00,27829F108,Eaton Vance Tax-Mgd Glb Divrs Equity Inc,2026-08-27,XEXGX,Equity-Covered-Call Funds,,3053.242,,Monthly,0.03165,0.0657,20.0,,,,1.07,,3304.109,False,True,False,False,True,False,,15.26,16.59,9.33,8.45,11.2,7.73,,,21.67,4536340,,,,,,,9.369,-6.7824,-0.63,0.8300000000000001,0.33,2026-08-27T00:00:00,2007-02-23T00:00:00,2/23/2007,1172188800,2026-08-14T00:00:00
142,ETW,-0.0958,7.2700700000000005,8.04036,0.0664,21.94,3,Morningstar US CEF Covered Call,44,Eaton Vance,True,9.91,0.05,10.96,2026-08-27T00:00:00,27829C105,Eaton Vance Tx-Mgd Glbl Buy-Write Opp,2026-08-27,XETWX,Equity-Covered-Call Funds,,1076.204,,Monthly,0.06057,0.0664,20.0,,,,1.1,,1190.232,False,True,True,False,True,False,,14.12,14.5,8.19,6.17,9.05,8.4,,,19.59,3124370,,,,,,,9.26402,-10.05041,0.54,1.8399999999999999,1.25,2026-08-27T00:00:00,2005-09-28T00:00:00,9/28/2005,1127865600,2026-08-14T00:00:00
143,EARN,0.08539999999999999,23.41463,21.57303,0.08,-17.94,19,Morningstar US CEF Senior Loans,46,Ellington Credit Co Management LLC,True,4.45,-0.13,4.18,2026-06-30T00:00:00,288578107,Ellington Credit Company,2026-08-27,EARN,Fixed Income - Taxable-Senior Loans,51.51,169.862,,Monthly,,0.08,5.5,,,,8.65,,156.502,True,False,True,False,True,False,,,-8.49,,-12.9,-10.89,-7.08,,,-9.81,3948620,,,,,,,4.95985,-3.05533,0.98,-0.22,0.42,2026-08-27T00:00:00,2025-04-01T00:00:00,4/1/2025,1743465600,2026-07-31T00:00:00
144,ECF,-0.1364,6.09418,7.05694,0.22,23.15,11,Morningstar US CEF Convertibles,60,Gabelli Funds LLC,False,12.47,0.0,14.44,2026-08-27T00:00:00,289074106,Ellsworth Growth and Income Fund,2026-08-27,XECFX,Fixed Income - Taxable-Convertibles,13.42,170.314,,Quarterly,0.01674,0.22,10.0,2.3543,,,1.22,,197.22,True,True,False,False,False,False,,18.15,19.14,5.15,4.07,12.48,7.9,,,24.87,316900,,,,,52.2,,12.16212,-10.76237,-1.74,-2.35,-2.27,2026-08-27T00:00:00,1986-06-20T00:00:00,6/20/1986,519609600,2026-06-15T00:00:00
145,EEA,-0.1373,3.3727,3.9093299999999997,0.21989999999999998,16.97,5,Morningstar US CEF Global Equity,40,DWS,False,11.25,0.01,13.04,2026-08-27T00:00:00,298768102,European Equity Fund,2026-08-27,XEEAX,Equity-Global Equity,0.32,75.664,,Semi-Annually,0.00941,0.21989999999999998,10.0,,,,1.42,,87.703,True,True,True,False,False,False,,11.39,12.43,6.04,7.15,9.95,9.21,,,19.6,285860,,,,,,,10.71439,-13.95496,0.15,1.34,1.23,2026-08-27T00:00:00,1986-07-23T00:00:00,7/23/1986,522460800,2026-05-26T00:00:00
146,ETX,0.0022,5.1874,5.17595,0.07819999999999999,3.12,21,Morningstar US CEF Municipal,45,Eaton Vance Management,False,18.13,-0.02,18.09,2026-08-27T00:00:00,27829U105,EV Municipal Income 2028 Term Trust,2026-08-27,XETTX,Fixed Income - Municipal-Municipal,3.27,197.546,0.17300000000000001,Monthly,0.34061,0.07819999999999999,20.0,4.4384,,,0.89,,197.11,True,False,False,False,False,True,,3.52,6.11,0.76,-0.33,1.13,0.2,,,5.11,177410,2.0,,101.174,,,2.12,18.85244,2.53835,-1.77,-1.3599999999999999,-1.57,2026-08-27T00:00:00,2013-03-26T00:00:00,3/26/2013,1364256000,2026-08-14T00:00:00
147,FMN,-0.08439999999999999,4.4665,4.87805,0.045,8.67,21,Morningstar US CEF Municipal,47,Federated Advisers,False,11.07,0.03,12.09,2026-08-27T00:00:00,31423P108,Federated Premier Municipal Income,2026-08-27,XFMNX,Fixed Income - Municipal-Municipal,37.74,86.553,,Monthly,0.27121,0.045,15.0,5.0469,,,3.7,,94.528,True,False,True,False,False,False,,3.38,5.91,-1.51,-2.55,0.35000000000000003,2.77,,,10.56,267750,15.72,,103.46340000000001,,14.59,8.69,11.13636,-10.22941,2.06,1.51,1.45,2026-08-27T00:00:00,2002-12-20T00:00:00,12/20/2002,1040342400,2026-08-21T00:00:00
148,FFA,-0.10039999999999999,6.02878,6.70125,0.38749999999999996,22.4,3,Morningstar US CEF Covered Call,49,First Trust Advisors L.P.,True,23.13,0.04,25.71,2026-08-27T00:00:00,337318109,First Trust Enhanced Equity Income,2026-08-27,XFFAX,Equity-Covered-Call Funds,,462.324,,Quarterly,0.03341,0.38749999999999996,20.0,,,,1.12,,513.894,False,True,False,False,True,False,,17.96,15.03,11.34,9.37,9.69,6.13,,,16.11,264250,,,,,,,21.93494,-8.81797,-0.92,-0.23,-0.52,2026-08-27T00:00:00,2004-08-26T00:00:00,8/26/2004,1093478400,2026-06-22T00:00:00
149,FTHY,-0.0352,10.7604,11.15242,0.125,2.64,14,Morningstar US CEF High Yield,49,First Trust Advisors L.P.,True,13.45,0.03,13.94,2026-08-27T00:00:00,33741Q107,FIRST TRUST HY OPPORTUNITIES 2027 Term,2026-08-27,XFTHYX,Fixed Income - Taxable-High Yield,21.34,494.597,,Monthly,0.42555,0.125,20.0,6.43,,,3.5,,512.615,True,False,True,False,True,True,,6.53,10.37,1.55,2.62,-0.84,3.22,,,3.75,1007240,,,98.6569,,,,13.87013,-4.252,0.71,-0.14,0.54,2026-08-27T00:00:00,2020-06-25T00:00:00,6/25/2020,1593043200,2026-08-03T00:00:00
150,FPF,-0.0521,8.7766,9.25926,0.13749999999999998,5.68,18,Morningstar US CEF Preferreds,49,First Trust Advisors L.P.,False,17.82,0.05,18.8,2026-08-27T00:00:00,33718W103,First Trust Inter Dur Pref & Income Fund,2026-08-27,XFPFX,Fixed Income - Taxable-Preferreds,36.37,1084.308,,Monthly,0.64279,0.13749999999999998,25.0,7.3995,,,4.2,,1143.939,True,False,False,False,False,False,,10.91,13.58,2.22,0.7000000000000001,-0.2,-1.08,,,1.92,1193950,,,101.3111,,5.93,,18.46774,-5.19378,-0.01,0.72,0.64,2026-08-27T00:00:00,2013-05-23T00:00:00,5/23/2013,1369267200,2026-08-03T00:00:00
151,FMY,-0.0622,6.25,6.66456,0.065,4.38,15,Morningstar US CEF Investment Grade,49,First Trust Advisors L.P.,False,11.7037,0.03,12.48,2026-08-27T00:00:00,33734E103,First Trust Mortgage Income,2026-08-27,XFMYX,Fixed Income - Taxable-Investment Grade,7.11,49.309,,Monthly,0.16028,0.065,20.0,5.027,,,1.4,,52.58,True,False,False,False,False,False,,7.43,7.99,3.62,3.04,0.3,-1.11,,,1.19,62730,,,90.346,,,,11.92887,-6.16836,-0.04,0.85,0.48,2026-08-27T00:00:00,2005-05-25T00:00:00,5/25/2005,1116979200,2026-08-03T00:00:00
152,DFP,-0.07690000000000001,7.08993,7.68047,0.1314,5.73,18,Morningstar US CEF Preferreds,51,Flaherty &amp; Crumrine Inc,False,20.53,-0.09,22.24,2026-08-27T00:00:00,33848W106,Flah & Crum Dynamic Pref & Income Fund,2026-08-27,XDFPX,Fixed Income - Taxable-Preferreds,37.71,421.648,,Monthly,0.77839,0.1314,25.0,7.3869,,,4.3,,456.768,True,False,False,False,False,False,,10.69,12.1,2.64,0.32,1.27,4.35,,,7.8100000000000005,538790,,,102.9091,,7.14,,21.0416,-7.15932,-0.38,0.1,0.09,2026-08-27T00:00:00,2013-05-24T00:00:00,5/24/2013,1369353600,2026-08-24T00:00:00
153,FFC,-0.0738,7.29343,7.87453,0.1046,6.09,18,Morningstar US CEF Preferreds,51,Flaherty &amp; Crumrine Inc,False,15.94,-0.08,17.21,2026-08-27T00:00:00,338478100,Flah&Crum Preferred Securities,2026-08-27,XFFCX,Fixed Income - Taxable-Preferreds,37.74,767.956,,Monthly,0.624,0.1046,25.0,7.3168,,,4.1,,829.142,True,False,False,False,False,False,,11.02,13.4,2.58,0.18,1.44,2.1,,,6.45,1067500,,,102.3775,,7.28,,16.32791,-6.83282,-0.41000000000000003,-0.29,0.29,2026-08-27T00:00:00,2003-01-31T00:00:00,1/31/2003,1043971200,2026-08-24T00:00:00
154,FLC,-0.1013,6.9360800000000005,7.7179,0.10669999999999999,5.71,18,Morningstar US CEF Preferreds,51,Flaherty &amp; Crumrine Inc,False,16.59,-0.05,18.46,2026-08-27T00:00:00,338479108,Flah&Crum Total Return Fund,2026-08-27,XFLCX,Fixed Income - Taxable-Preferreds,38.06,173.479,,Monthly,0.629,0.10669999999999999,25.0,7.4035,,,4.5600000000000005,,193.033,True,False,False,False,False,False,,10.61,12.43,2.33,-0.07,1.17,-0.53,,,4.93,219620,,,103.068,,7.57,,17.24755,-8.31597,-1.45,-1.03,-1.06,2026-08-27T00:00:00,2003-08-29T00:00:00,8/29/2003,1062115200,2026-08-24T00:00:00
155,PFD,-0.0874,6.82524,7.47872,0.0703,5.5600000000000005,18,Morningstar US CEF Preferreds,50,Flaherty &amp; Crumrine,False,11.28,0.0,12.36,2026-08-27T00:00:00,338480106,Flaherty & Crumrine Preferred Income,2026-08-27,XPFDX,Fixed Income - Taxable-Preferreds,36.46,144.977,,Monthly,0.41405000000000003,0.0703,15.0,7.2969,,,4.31,,158.858,True,False,False,False,False,False,,10.34,11.17,2.44,-1.01,1.33,-0.62,,,6.95,265040,,,103.0638,,7.33,,11.65135,-7.39062,-1.22,-1.22,-0.74,2026-08-27T00:00:00,1991-01-31T00:00:00,1/31/1991,665280000,2026-08-24T00:00:00
156,PFO,-0.10310000000000001,6.74331,7.51823,0.0567,5.65,18,Morningstar US CEF Preferreds,51,Flaherty &amp; Crumrine Inc,False,9.05,0.0,10.09,2026-08-27T00:00:00,33848E106,Flaherty & Crumrine Preferred Income Opp,2026-08-27,XPFOX,Fixed Income - Taxable-Preferreds,37.94,118.35,,Monthly,0.34372,0.0567,12.5,7.4124,,,4.62,,131.95,True,False,False,False,False,False,,10.45,12.17,2.32,0.13,1.33,0.8300000000000001,,,5.98,325170,,,102.9109,,7.54,,9.37546,-8.63141,-1.19,-1.06,-0.8300000000000001,2026-08-27T00:00:00,1992-02-13T00:00:00,2/13/1992,697939200,2026-08-24T00:00:00
157,FXBY,-0.3431,0.3431,0.5222600000000001,0.13,30.13,10,Morningstar US CEF US Equity,73,Midas Management Corporation,False,24.8916,0.0,37.89,2026-08-27T00:00:00,351645205,FOXBY CORP,2026-08-27,,Equity-U.S. Equity,13.31,12.986,,Annually,-0.10635,0.13,10.0,,,,2.98,,19.768,True,True,True,False,False,False,,22.59,26.16,14.31,15.54,14.94,-1.5899999999999999,,,33.4,2600,,,,,,,21.9768,-34.87888,0.13,2.03,0.5,2026-08-27T00:00:00,1999-10-29T00:00:00,10/29/1999,941155200,2025-12-15T00:00:00
158,FTF,-0.09,11.65877,12.8125,0.0615,3.65,16,Morningstar US CEF Limited Duration,53,"Franklin Advisers, Inc.",True,5.76,-0.03,6.33,2026-08-27T00:00:00,35472T101,Franklin Limited Duration Income Trust,2026-08-27,XFTFX,Fixed Income - Taxable-Limited Duration,28.92,232.735,,Monthly,0.28578,0.0615,15.0,6.7342,,,3.66,,255.766,True,False,False,False,True,False,,6.85,8.89,3.38,2.59,1.72,-0.18,,,0.76,1901500,,,98.5867,,5.86,,6.03377,-7.93352,-0.8,-0.04,-0.31,2026-08-27T00:00:00,2003-08-27T00:00:00,8/27/2003,1061942400,2026-08-24T00:00:00
159,PMM,-0.039900000000000005,6.08295,6.336,0.033,9.28,21,Morningstar US CEF Municipal,53,"Franklin Advisers, Inc.",False,6.25,0.01,6.51,2026-08-27T00:00:00,746823103,Franklin Managed Municipal Income,2026-08-27,XPMMX,Fixed Income - Municipal-Municipal,29.71,267.709,,Monthly,0.15044,0.033,10.0,5.0149,11.0388,18.66,1.06,,278.845,True,True,True,True,False,False,,4.86,6.27,-0.34,-1.25,1.17,2.73,,,13.12,1005160,,,94.3248,,12.95,9.47,6.22348,-6.74321,1.6400000000000001,0.53,1.07,2026-08-27T00:00:00,1989-02-24T00:00:00,2/24/1989,604281600,2026-08-24T00:00:00
160,PIM,-0.0509,7.90419,8.32808,0.022,4.5600000000000005,15,Morningstar US CEF Investment Grade,53,"Franklin Advisers, Inc.",False,3.17,0.01,3.34,2026-08-27T00:00:00,746909100,Franklin Master Intermediate Income,2026-08-27,XPIMX,Fixed Income - Taxable-Investment Grade,36.93,152.744,,Monthly,0.07573,0.022,10.0,5.6026,,5.83,1.02,,160.936,True,False,False,False,False,False,,7.07,7.12,3.22,2.24,1.29,-1.99,,,1.58,956870,,,92.1737,,,,3.27123,-4.62085,-0.27,1.45,0.73,2026-08-27T00:00:00,1988-04-29T00:00:00,4/29/1988,578275200,2026-08-24T00:00:00
161,PMO,-0.0709,5.67273,6.1056799999999996,0.052,8.54,21,Morningstar US CEF Municipal,53,"Franklin Advisers, Inc.",False,10.22,-0.07,11.0,2026-08-27T00:00:00,746922103,Franklin Municipal Opportunities,2026-08-27,XPMOX,Fixed Income - Municipal-Municipal,34.65,280.023,,Monthly,0.22914,0.052,15.0,4.9449000000000005,21.2967,17.07,1.04,,301.394,True,False,True,True,False,False,,3.89,4.34,-0.54,-2.21,0.25,-1.6,,,9.84,649070,,,96.3899,,12.91,9.36,10.446860000000001,-7.60072,0.49,-0.08,0.38,2026-08-27T00:00:00,1993-05-28T00:00:00,5/28/1993,738547200,2026-08-24T00:00:00
162,PPT,-0.0548,8.54795,9.04348,0.026,4.36,13,Morningstar US CEF Global Income,53,"Franklin Advisers, Inc.",False,3.45,0.01,3.65,2026-08-27T00:00:00,746853100,Franklin Premier Income,2026-08-27,XPPTX,Fixed Income - Taxable-Global Income,30.18,329.708,,Monthly,0.08203,0.026,10.0,5.5877,,5.67,0.9400000000000001,,348.822,True,False,True,False,False,False,,6.97,6.51,2.52,2.18,1.13,0.88,,,1.13,1611930,,,92.1574,,,,3.55148,-5.5176300000000005,0.03,2.03,1.02,2026-08-27T00:00:00,1988-02-29T00:00:00,2/29/1988,573091200,2026-08-24T00:00:00
163,FT,-0.102,5.90962,6.58065,0.042499999999999996,8.91,26,Morningstar US CEF US Allocation,53,"Franklin Advisers, Inc.",False,7.75,0.0,8.63,2026-08-27T00:00:00,355145103,Franklin Universal Trust,2026-08-27,XFUTX,Hybrid-U.S. Allocation,21.61,194.772,,Monthly,0.1812,0.042499999999999996,10.0,7.2423,,,2.99,,216.888,True,False,False,False,False,False,,11.08,11.71,6.27,6.06,4.63,2.7199999999999998,,,7.91,441310,,,88.5569,,4.99,,8.03569,-8.06327,-1.9,-2.04,-2.0,2026-08-27T00:00:00,1988-09-23T00:00:00,9/23/1988,590976000,2026-08-24T00:00:00
164,FSCO,-0.2799,10.02532,13.92188,0.059399999999999994,8.26,17,Morningstar US CEF Multi-Sector,56,FS Global Advisor LLC,True,5.12,0.0,7.11,2026-08-27T00:00:00,30290Y101,FS Credit Opportunities Corp.,2026-08-27,XFSCX,Fixed Income - Taxable-Multi-Sector,32.61,1015.582,,Monthly,0.31886000000000003,0.059399999999999994,,,,,7.0,,1410.31,True,False,False,False,True,False,,13.03,12.22,,,6.68,-14.78,,,-24.16,14674190,,,,,,,5.73165,-19.63618,-0.8,1.52,0.54,2026-08-27T00:00:00,2022-11-14T00:00:00,11/14/2022,1668384000,2026-08-24T00:00:00
165,FSSL,-0.35609999999999997,10.02795,15.57292,0.1495,,19,Morningstar US CEF Senior Loans,57,FS Specialty Lending Advisor LLC,True,11.52,-0.06,17.89,2026-08-27T00:00:00,644323107,FS Specialty Lending Fund,2026-08-27,FSSL,Fixed Income - Taxable-Senior Loans,,874.572,,Monthly,,0.1495,14.12,,,,6.14,,1358.168,False,True,True,False,True,False,,,,,,3.96,-14.67,,,,0,,,92.6454,,,,,,,0.9400000000000001,-0.23,2026-08-27T00:00:00,2025-11-13T00:00:00,11/13/2025,1762992000,2026-08-24T00:00:00
166,VCX,5.903,,,,66.4,8,Morningstar US CEF Sector Equity,58,"Fundrise Advisors, LLC",False,41.34,0.0,18.97,2026-03-31T00:00:00,360852107,Fundrise Innovation Common Share,2026-08-27,XVCX,Equity-Sector Equity,,,,,,,,,,,0.0,,,False,True,True,False,False,False,,23.59,,,,,,,,,0,,,98.7494,,,,,,,,,2026-08-27T00:00:00,2022-07-25T00:00:00,7/25/2022,1658707200,
167,GCV,-0.006500000000000001,10.38961,10.45752,0.12,21.37,26,Morningstar US CEF US Allocation,59,Gabelli,True,4.59,0.01,4.62,2026-08-27T00:00:00,36240B109,Gabelli Conv Inc Secs,2026-08-27,XGCVX,Hybrid-U.S. Allocation,6.16,92.477,,Quarterly,-0.0030600000000000002,0.12,11.25,2.2444,,,2.07,,93.081,True,True,True,False,True,False,,13.99,14.83,2.86,4.36,12.28,14.69,,,28.27,629620,,,,,,,4.40106,-1.3096100000000002,0.23,-0.07,-0.15,2026-08-27T00:00:00,1995-03-31T00:00:00,3/31/1995,796608000,2026-06-15T00:00:00
168,GDV,-0.1085,5.29101,5.93472,0.15,20.54,10,Morningstar US CEF US Equity,60,Gabelli Funds LLC,True,30.33,-0.14,34.02,2026-08-27T00:00:00,36242H104,Gabelli Dividend & Income,2026-08-27,XGDVX,Equity-U.S. Equity,13.85,2674.119,,Monthly,0.03689,0.15,20.0,,,,1.83,,2999.457,True,True,False,False,True,False,,15.31,18.02,8.51,9.07,12.35,11.13,,,20.25,1049820,,,,,0.19,,28.2932,-10.72838,-0.18,0.36,-0.24,2026-08-27T00:00:00,2003-11-28T00:00:00,11/28/2003,1069977600,2026-08-17T00:00:00
169,GAB,-0.0403,10.08403,10.50788,0.15,20.61,10,Morningstar US CEF US Equity,59,Gabelli,True,5.71,0.02,5.95,2026-08-27T00:00:00,362397101,Gabelli Equity,2026-08-27,XGABX,Equity-U.S. Equity,14.45,1954.626,,Quarterly,-0.0032400000000000003,0.15,10.0,,,,1.6099999999999999,,2036.782,True,False,False,False,True,False,,15.15,11.79,9.3,7.84,12.34,-2.5700000000000003,,,8.75,7693710,,,,,0.37,0.31,5.87252,1.58363,-0.93,0.74,-0.13,2026-08-27T00:00:00,1986-08-21T00:00:00,8/21/1986,524966400,2026-06-15T00:00:00
170,GGZ,-0.1002,4.5479199999999995,5.05415,0.21,20.47,5,Morningstar US CEF Global Equity,59,Gabelli,False,16.62,0.04,18.47,2026-08-27T00:00:00,36249W104,Gabelli Global Small & Mid Cap Value Tru,2026-08-27,XGGZX,Equity-Global Equity,21.8,128.101,,Quarterly,-0.02634,0.21,12.0,,,,2.31,,142.36,True,True,True,False,False,False,,12.62,15.57,5.02,6.13,12.69,10.59,,,25.24,87140,,,,,0.24,0.18,15.35272,-11.47759,0.93,1.11,0.56,2026-08-27T00:00:00,2014-06-23T00:00:00,6/23/2014,1403481600,2026-06-15T00:00:00
171,GLU,-0.0349,6.58026,6.81818,0.11,22.22,8,Morningstar US CEF Sector Equity,60,Gabelli Funds LLC,True,19.36,0.08,20.06,2026-08-27T00:00:00,36242L105,Gabelli Global Utility & Income,2026-08-27,XGLUX,Equity-Sector Equity,17.62,115.917,,Monthly,0.0712,0.11,20.0,,,,1.35,,120.108,True,True,False,False,True,False,,16.51,17.78,6.54,4.99,13.35,2.8200000000000003,,,17.04,95550,,,,,0.14,0.11,19.21089,-0.7609,-0.81,1.04,-0.16,2026-08-27T00:00:00,2004-05-25T00:00:00,5/25/2004,1085443200,2026-08-17T00:00:00
172,GRX,-0.1114,6.01238,6.76617,0.16999999999999998,15.05,8,Morningstar US CEF Sector Equity,59,Gabelli,False,10.05,-0.05,11.31,2026-08-27T00:00:00,36246K103,Gabelli Healthcare & Wellness Trust,2026-08-27,XXGRX,Equity-Sector Equity,29.13,151.259,,Quarterly,-0.0454,0.16999999999999998,8.0,,,,3.17,,170.223,True,True,False,False,False,False,,2.12,6.15,-1.25,0.18,6.51,4.88,,,13.1,294940,,,,,0.22,0.15,9.42182,-10.16575,-1.13,-0.9400000000000001,-1.28,2026-08-27T00:00:00,2007-06-19T00:00:00,6/19/2007,1182211200,2026-06-15T00:00:00
173,GGT,0.1168,22.82609,20.43796,0.08,25.63,8,Morningstar US CEF Sector Equity,59,Gabelli,False,4.11,-0.02,3.6799999999999997,2026-08-27T00:00:00,36239Q109,Gabelli Multimedia,2026-08-27,XGGTX,Equity-Sector Equity,32.72,157.733,,Monthly,-0.01985,0.08,7.5,,,,2.13,,141.23,True,False,True,False,False,False,,17.95,4.79,1.46,-0.06,10.21,10.4,,,20.89,2559180,,,,,0.27,,4.15718,9.95663,0.71,0.29,0.46,2026-08-27T00:00:00,1994-11-15T00:00:00,11/15/1994,784857600,2026-08-17T00:00:00
174,GUT,1.1433,20.0,9.33126,0.049999999999999996,17.69,8,Morningstar US CEF Sector Equity,59,Gabelli,False,6.43,0.04,3.0,2026-08-27T00:00:00,36240A101,Gabelli Utility Trust,2026-08-27,XGUTX,Equity-Sector Equity,14.87,574.75,,Monthly,0.025500000000000002,0.049999999999999996,7.5,,,,1.52,,268.157,True,True,True,False,False,False,,14.81,9.17,8.51,6.32,11.88,11.76,,,16.96,2003140,,,,,0.19,0.17,6.15709,94.86434,2.01,1.0,1.3599999999999999,2026-08-27T00:00:00,1999-07-09T00:00:00,7/9/1999,931478400,2026-08-17T00:00:00
175,GGN,-0.09390000000000001,5.73248,6.32689,0.034999999999999996,28.89,8,Morningstar US CEF Sector Equity,59,Gabelli,True,5.69,0.03,6.28,2026-08-27T00:00:00,36465A109,GAMCO Global Gold Natural Resources&Inc,2026-08-27,XGGNX,Equity-Sector Equity,7.3,888.919,,Monthly,0.03338,0.034999999999999996,20.0,6.2544,,,1.29,,981.091,True,True,False,False,True,False,,19.59,18.17,15.73,13.96,1.6600000000000001,-1.17,,,18.39,6073020,,,,,0.58,0.53,5.1745,-6.33395,-0.9400000000000001,-0.45,-0.86,2026-08-27T00:00:00,2005-03-29T00:00:00,3/29/2005,1112054400,2026-08-17T00:00:00
176,GNT,0.015300000000000001,7.86026,7.74194,0.06,25.12,3,Morningstar US CEF Covered Call,60,Gabelli Funds LLC,False,9.3,0.04,9.16,2026-08-27T00:00:00,36465E101,"GAMCO Natural Resources, Gold & Inc Tr",2026-08-27,XGNTX,Equity-Covered-Call Funds,16.24,150.529,,Monthly,0.01129,0.06,20.0,6.2672,,,1.9500000000000002,,148.263,True,True,True,False,False,False,,16.37,24.37,12.53,15.95,1.83,14.07,,,39.64,989570,,,,,0.89,0.74,7.95597,-4.53779,1.35,0.02,0.75,2026-08-27T00:00:00,2011-01-27T00:00:00,1/27/2011,1296086400,2026-08-17T00:00:00
177,GDL,-0.22260000000000002,4.4526900000000005,5.72792,0.12,6.29,26,Morningstar US CEF US Allocation,60,Gabelli Funds LLC,True,8.38,-0.02,10.78,2026-08-27T00:00:00,361570104,GDL Fund,2026-08-27,XGDLX,Hybrid-U.S. Allocation,10.04,91.841,,Quarterly,-0.042820000000000004,0.12,20.0,,,,3.27,,118.144,True,False,False,False,True,False,,6.3,8.03,4.71,4.46,4.6,3.22,,,6.57,100000,,,,,0.19,0.17,8.4649,-20.56874,-2.0,-2.5300000000000002,-2.46,2026-08-27T00:00:00,2007-01-25T00:00:00,1/25/2007,1169683200,2026-06-15T00:00:00
178,GAM,-0.1074,8.45219,9.46886,6.4,24.1,10,Morningstar US CEF US Equity,61,General American Investors Co Inc,False,67.59,0.01,75.72,2026-08-27T00:00:00,368802104,General American Investors,2026-08-27,XGAMX,Equity-U.S. Equity,9.53,1610.813,,Annually,0.00036,6.4,10.0,,,,1.07,,1804.568,True,True,False,False,False,False,,20.84,25.65,14.06,16.72,11.87,10.68,,,26.49,243780,,,,,0.03,,62.10163,-10.64214,-0.12,0.9,0.18,2026-08-27T00:00:00,1927-02-01T00:00:00,2/1/1927,-1354320000,2025-11-17T00:00:00
179,GUG,-0.0868,8.65735,9.47473,0.11875,6.82,25,Morningstar US CEF Global Allocation,62,Guggenheim Funds Investment Advisors LLC,False,15.04,-0.17,16.46,2026-08-26T00:00:00,40170T106,Guggenheim Active Allocation Fund,2026-08-27,XGUGX,Hybrid-Global Allocation,24.51,496.02,,Monthly,0.54925,0.11875,20.0,5.8288,,,3.19,,543.182,True,False,False,False,False,False,,9.08,13.0,,,2.07,6.19,,,10.22,811250,,,95.2765,,,,15.66787,-6.01015,-1.3599999999999999,-1.8399999999999999,-2.16,2026-08-27T00:00:00,2021-11-23T00:00:00,11/23/2021,1637625600,2026-08-14T00:00:00
180,GOF,-0.0646,21.07232,22.52784,0.18209999999999998,10.31,17,Morningstar US CEF Multi-Sector,62,Guggenheim Funds Investment Advisors LLC,False,9.7,0.01,10.37,2026-08-27T00:00:00,40167F101,Guggenheim Strategic Opp Fund,2026-08-27,XGOFX,Fixed Income - Taxable-Multi-Sector,21.02,2167.443,,Monthly,0.35596,0.18209999999999998,20.0,5.8051,,,1.9700000000000002,,2317.153,True,False,False,False,False,False,,13.82,2.1,7.89,0.76,2.92,-8.46,,,-15.11,16109240,,,96.9181,,,,12.11628,9.11222,-1.6600000000000001,-2.59,-3.13,2026-08-27T00:00:00,2007-07-26T00:00:00,7/26/2007,1185408000,2026-08-14T00:00:00
181,GBAB,-0.020499999999999997,10.67771,10.90145,0.12572999999999998,4.48,20,Morningstar US CEF Taxable Muni,62,Guggenheim Funds Investment Advisors LLC,False,13.84,0.0,14.13,2026-08-27T00:00:00,401664107,Guggenheim Tax Muni & Inv Grade Debt Tr,2026-08-27,XGBAX,Fixed Income - Taxable-Taxable Muni,29.02,383.36,,Monthly,0.46383,0.12572999999999998,20.0,5.7866,,,2.83,,391.393,True,False,False,False,False,False,,6.35,3.68,-0.99,-2.37,-0.05,-1.79,,,1.23,876540,12.76,,96.3771,,5.22,,14.80825,0.14263,-1.09,-0.24,-0.46,2026-08-27T00:00:00,2010-10-26T00:00:00,10/26/2010,1288051200,2026-08-14T00:00:00
182,HERZ,-0.16149999999999998,10.69743,12.75797,0.16999999999999998,0.43,10,Morningstar US CEF US Equity,104,Thomas J Herzfeld Advisors Inc,False,15.99,0.67,19.24,2026-07-31T00:00:00,42804T205,Herzfeld Credit Income Fund,2026-08-27,HERZ,Equity-U.S. Equity,,311.544,,Monthly,0.01776,0.16999999999999998,5.2,,,,3.5700000000000003,,371.554,False,False,False,False,False,False,,7.23,12.28,4.74,6.17,-6.91,-24.33,,,-5.18,109040,,,,,,,19.76066,-11.76761,-0.97,-0.71,-0.64,2026-08-27T00:00:00,1994-05-20T00:00:00,5/20/1994,769392000,2026-08-17T00:00:00
183,PCF,-0.1491,10.92622,12.84133,0.057999999999999996,-1.12,11,Morningstar US CEF Convertibles,22,Bulldog Investors LLP,False,5.42,0.09,6.37,2026-08-21T00:00:00,42968F108,High Income Securities,2026-08-27,XPCFX,Fixed Income - Taxable-Convertibles,1.06,101.443,,Monthly,0.16873,0.057999999999999996,7.5,5.0759,,21.21,1.65,,119.224,True,False,False,False,False,False,,6.55,5.38,5.13,0.33,-4.8100000000000005,-7.8100000000000005,,,-6.39,762750,,,,,,,5.88289,-12.53579,-1.19,-0.17,-0.66,2026-08-27T00:00:00,1987-07-09T00:00:00,7/9/1987,552787200,2026-08-18T00:00:00
184,HGLB,-0.3478,8.82353,13.52785,0.08499999999999999,4.44,25,Morningstar US CEF Global Allocation,78,"NexPoint Asset Management, L.P.",False,7.54,0.01,11.56,2026-08-27T00:00:00,43010T104,Highland Global Allocation Fund,2026-08-27,XHGLX,Hybrid-Global Allocation,2.79,177.872,,Monthly,0.20544,0.08499999999999999,15.0,9.7875,,,1.35,,272.706,True,False,False,False,False,False,,9.1,7.61,9.64,8.46,0.91,-12.46,,,0.93,777720,,,,,0.31,,8.60348,-30.0555,-1.17,0.76,-0.52,2026-08-27T00:00:00,1998-01-05T00:00:00,1/5/1998,883958400,2026-08-24T00:00:00
185,HFRO,-0.4067,3.86611,6.51622,0.0385,8.04,19,Morningstar US CEF Senior Loans,78,"NexPoint Asset Management, L.P.",True,7.09,-0.01,11.95,2026-08-27T00:00:00,43010E404,Highland Opportunities and Income Ord,2026-08-27,XHFOX,Fixed Income - Taxable-Senior Loans,17.42,392.703,,Monthly,-0.1412,0.0385,15.0,8.1017,,,2.18,,661.89,True,True,True,False,True,False,,-0.6,4.02,2.22,2.25,6.03,31.13,,,52.25,1397000,,,,,,,6.44736,-44.38359,0.99,-0.68,0.55,2026-08-27T00:00:00,2000-01-13T00:00:00,1/13/2000,947721600,2026-08-24T00:00:00
186,VKI,0.025300000000000003,7.72811,7.53708,0.0559,9.5,21,Morningstar US CEF Municipal,65,"Invesco Advisers, Inc",False,8.9,-0.05,8.68,2026-08-27T00:00:00,46132E103,Invesco Adv Muni Inc II,2026-08-27,XVKIX,Fixed Income - Municipal-Municipal,37.45,395.269,-0.002,Monthly,0.21381,0.0559,15.0,5.368,,20.38,3.33,,385.499,True,False,True,False,False,False,,2.96,8.79,-1.34,-0.38,1.21,2.17,,,17.16,1266060,17.15,,98.6597,,10.07,8.59,8.96465,-0.13058,0.98,-0.01,0.51,2026-08-27T00:00:00,1993-08-27T00:00:00,8/27/1993,746409600,2026-08-17T00:00:00
187,VBF,-0.0786,4.99687,5.42304,0.0665,2.54,15,Morningstar US CEF Investment Grade,65,"Invesco Advisers, Inc",False,14.715,-0.02,15.97,2026-08-27T00:00:00,46132L107,Invesco Bond,2026-08-27,XVBFX,Fixed Income - Taxable-Investment Grade,,168.12,0.001,Monthly,0.40588,0.0665,20.0,5.6461,,16.17,0.5700000000000001,,182.459,False,False,False,False,False,False,,4.95,4.8100000000000005,-0.52,-1.62,-0.89,-1.87,,,0.49,501680,,,98.7664,,,,15.25635,-6.89396,-1.07,-0.55,-0.67,2026-08-27T00:00:00,1970-10-28T00:00:00,10/28/1970,25920000,2026-08-17T00:00:00
188,VCV,0.0638,7.84615,7.37583,0.06459999999999999,10.15,22,Morningstar US CEF Municipal-CA,65,"Invesco Advisers, Inc",False,10.51,0.01,9.88,2026-08-27T00:00:00,46132H106,Invesco CA Value,2026-08-27,XVCVX,Fixed Income - Municipal-Municipal - CA,39.57,509.829,-0.039,Monthly,0.22155,0.06459999999999999,15.0,5.1617,,20.76,3.35,,479.269,True,False,True,False,False,False,,2.71,9.41,-1.21,-0.18,0.55,-1.0,,,13.57,993830,15.53,,96.7686,,11.56,8.53,10.77549,4.92254,0.73,1.28,1.29,2026-08-27T00:00:00,1993-04-30T00:00:00,4/30/1993,736128000,2026-08-17T00:00:00
189,VLT,-0.0765,10.01866,10.84848,0.0895,5.39,14,Morningstar US CEF High Yield,65,"Invesco Advisers, Inc",False,9.9,-0.01,10.72,2026-08-27T00:00:00,46131F101,Invesco High Income II,2026-08-27,XVLTX,Fixed Income - Taxable-High Yield,30.46,64.461,-0.029,Monthly,0.36908,0.0895,60.0,6.9213000000000005,,7.07,3.41,,69.801,True,False,False,False,False,False,,7.76,9.17,2.95,2.27,1.13,-5.15,,,-0.08,176880,,,100.2747,,,,10.741,-2.50824,-2.08,-2.02,-2.26,2026-08-27T00:00:00,1989-04-28T00:00:00,4/28/1989,609724800,2026-08-17T00:00:00
190,VMO,0.0,7.73994,7.73994,0.0625,9.55,21,Morningstar US CEF Municipal,65,"Invesco Advisers, Inc",False,9.69,-0.05,9.69,2026-08-27T00:00:00,46132C107,Invesco Muni Opp,2026-08-27,XVMOX,Fixed Income - Municipal-Municipal,36.99,653.5,-0.012,Monthly,0.23512,0.0625,15.0,5.3332,,20.82,3.26,,653.5,True,True,True,False,False,False,,2.89,7.5600000000000005,-1.46,-0.71,1.1400000000000001,5.54,,,14.94,2436320,17.21,,98.5172,,11.67,8.79,9.6854,-3.40919,1.99,1.38,1.8599999999999999,2026-08-27T00:00:00,1992-04-24T00:00:00,4/24/1992,704073600,2026-08-17T00:00:00
191,VKQ,0.0072,7.74512,7.6898,0.0628,9.31,21,Morningstar US CEF Municipal,65,"Invesco Advisers, Inc",False,9.8,0.03,9.73,2026-08-27T00:00:00,46131J103,Invesco Municipal,2026-08-27,XVKQX,Fixed Income - Municipal-Municipal,38.13,542.288,-0.006,Monthly,0.23747000000000001,0.0628,15.0,5.4148,,20.81,3.24,,538.415,True,True,True,False,False,False,,2.95,7.97,-1.4100000000000001,-0.72,1.05,5.99,,,17.05,1960360,15.92,,98.9207,,11.78,8.76,9.71186,-3.63821,2.3,1.71,2.05,2026-08-27T00:00:00,1991-09-27T00:00:00,9/27/1991,685929600,2026-08-17T00:00:00
192,OIA,-0.0017000000000000001,5.76238,5.7719000000000005,0.029099999999999997,10.74,21,Morningstar US CEF Municipal,65,"Invesco Advisers, Inc",False,6.05,0.0,6.06,2026-08-27T00:00:00,46132X101,Invesco Municipal Inc Opp I,2026-08-27,XOIAX,Fixed Income - Municipal-Municipal,30.94,289.666,0.019,Monthly,0.16802,0.029099999999999997,10.0,6.912,,22.32,2.45,,290.144,True,False,True,False,False,False,,4.44,3.86,-0.15,-1.18,2.17,3.54,,,14.27,1255610,30.48,,89.0277,,,,6.09462,-1.17767,0.66,0.86,0.5700000000000001,2026-08-27T00:00:00,1988-09-19T00:00:00,9/19/1988,590630400,2026-08-17T00:00:00
193,VPV,0.0851,7.65201,7.05198,0.0667,8.27,24,Morningstar US CEF Municipal-Single State,65,"Invesco Advisers, Inc",False,11.35,-0.01,10.46,2026-08-27T00:00:00,46132K109,Invesco PA Value,2026-08-27,XVPVX,Fixed Income - Municipal-Municipal - Single-State,36.89,202.849,0.126,Monthly,0.24298,0.0667,15.0,5.2631,,19.01,3.1,,186.943,True,True,True,False,False,False,,2.87,9.89,-1.23,1.3,0.86,8.02,,,16.79,321650,25.47,,97.1621,,12.02,8.1,10.72546,-0.92617,2.6,2.79,2.37,2026-08-27T00:00:00,1993-04-30T00:00:00,4/30/1993,736128000,2026-08-17T00:00:00
194,IQI,0.0368,7.73442,7.4601,0.0631,8.94,21,Morningstar US CEF Municipal,65,"Invesco Advisers, Inc",False,10.15,0.06,9.79,2026-08-27T00:00:00,46133G107,Invesco Quality Municipal Income Trust,2026-08-27,XIQIX,Fixed Income - Municipal-Municipal,34.76,536.771,0.026000000000000002,Monthly,0.24185,0.0631,15.0,5.4925,,19.06,2.91,,517.732,True,True,True,False,False,False,,2.99,8.3,-1.42,-0.77,0.96,3.54,,,14.62,1477740,15.49,,96.2303,,10.79,8.54,9.96023,-1.89812,3.11,2.06,2.4,2026-08-27T00:00:00,1992-09-29T00:00:00,9/29/1992,717724800,2026-08-17T00:00:00
195,VVR,-0.1313,10.38806,11.95876,0.028999999999999998,1.11,19,Morningstar US CEF Senior Loans,65,"Invesco Advisers, Inc",False,2.91,-0.03,3.35,2026-08-27T00:00:00,46131H107,Invesco Senior Income,2026-08-27,XVVRX,Fixed Income - Taxable-Senior Loans,35.52,447.922,-0.044000000000000004,Monthly,0.16899,0.028999999999999998,10.0,,,3.9,4.89,,515.649,True,False,False,False,False,False,,5.76,3.84,5.22,4.78,0.29,-1.94,,,-9.81,9988750,,,,,,,3.18498,-9.43941,-1.78,-2.58,-2.05,2026-08-27T00:00:00,1998-06-24T00:00:00,6/24/1998,898646400,2026-08-17T00:00:00
196,VGM,0.0349,7.72112,7.4610199999999995,0.06459999999999999,9.47,21,Morningstar US CEF Municipal,65,"Invesco Advisers, Inc",False,10.39,0.07,10.04,2026-08-27T00:00:00,46131M106,Invesco Tr Inv Gr Muni,2026-08-27,XVGMX,Fixed Income - Municipal-Municipal,36.89,563.47,-0.018000000000000002,Monthly,0.24485,0.06459999999999999,15.0,5.4347,,21.2,3.11,,544.489,True,True,True,False,False,False,,2.9699999999999998,8.14,-1.43,-0.59,1.1400000000000001,1.74,,,15.16,1753330,18.24,,99.0535,,11.28,8.73,10.24372,-1.3747800000000001,2.31,1.63,2.07,2026-08-27T00:00:00,1992-01-24T00:00:00,1/24/1992,696211200,2026-08-17T00:00:00
197,VTN,0.0311,7.88111,7.6431000000000004,0.06849999999999999,9.82,23,Morningstar US CEF Municipal-NY,65,"Invesco Advisers, Inc",False,10.7548,-0.03,10.43,2026-08-27T00:00:00,46131T101,Invesco Tr Inv Gr NY,2026-08-27,XVTNX,Fixed Income - Municipal-Municipal - NY,33.27,157.487,0.01,Monthly,0.25475000000000003,0.06849999999999999,15.0,5.1011,,23.11,2.69,,152.731,True,False,True,False,False,False,,2.16,8.75,-1.45,0.5700000000000001,0.96,-1.42,,,13.24,323090,25.38,,93.0401,,12.76,9.89,11.20299,3.06339,0.02,-0.53,-0.23,2026-08-27T00:00:00,1992-03-27T00:00:00,3/27/1992,701654400,2026-08-17T00:00:00
198,IIM,0.054299999999999994,7.72287,7.32542,0.0771,8.35,21,Morningstar US CEF Municipal,65,"Invesco Advisers, Inc",False,12.63,-0.01,11.98,2026-08-27T00:00:00,46132P108,Invesco Value Muni Income,2026-08-27,XIIMX,Fixed Income - Municipal-Municipal,34.92,594.686,-0.011000000000000001,Monthly,0.29788000000000003,0.0771,15.0,5.5595,,18.65,2.93,,564.08,True,True,True,False,False,False,,2.95,8.39,-1.21,0.05,1.01,5.98,,,18.18,1210220,17.03,,96.5231,,10.35,8.18,12.47502,0.60253,2.18,1.63,1.57,2026-08-27T00:00:00,1993-02-26T00:00:00,2/26/1993,730684800,2026-08-17T00:00:00
199,JOF,-0.1166,8.05618,9.11924,0.09559999999999999,30.55,1,Morningstar US CEF Asia Equity,79,Nomura Asset Management Co Ltd,False,12.58,0.05,14.24,2026-08-27T00:00:00,47109U104,Japan Smaller Cap Fund,2026-08-27,XXJOFXX,Equity-Asia Equity,0.0,320.796,,Monthly,0.03946,0.09559999999999999,12.0,,,,2.09,,363.127,True,True,False,False,False,False,,20.43,22.23,10.07,10.75,15.24,8.09,,,29.03,757570,,,,,,,11.19984,-10.61512,-0.68,-0.42,-0.19,2026-08-27T00:00:00,1990-03-21T00:00:00,3/21/1990,637977600,2026-08-14T00:00:00
200,BTO,-0.0567,6.189,6.56069,0.65,33.12,8,Morningstar US CEF Sector Equity,67,John Hancock Investment Management LLC,True,39.63,-0.2,42.01,2026-08-27T00:00:00,409735206,JHancock Financial Opportunities,2026-08-27,XBTOX,Equity-Sector Equity,13.49,785.984,0.0,Quarterly,0.27526,0.65,20.0,4.6156,,,2.42,,833.187,True,True,False,False,True,False,,23.44,18.16,11.6,8.86,21.02,19.1,,,23.41,460040,,,,,38.99,,36.74928,-2.10486,-1.51,-2.04,-1.6400000000000001,2026-08-27T00:00:00,1994-08-18T00:00:00,8/18/1994,777168000,2026-06-11T00:00:00
201,JHS,-0.0931,5.10391,5.62786,0.1535,2.8,15,Morningstar US CEF Investment Grade,67,John Hancock Investment Management LLC,False,10.91,-0.01,12.03,2026-08-27T00:00:00,410123103,JHancock Income Secs,2026-08-27,XJHSX,Fixed Income - Taxable-Investment Grade,39.43,127.064,0.0,Quarterly,0.29069,0.1535,15.3,5.4277,,,4.41,,140.108,True,False,False,False,False,False,,4.91,4.8,-1.46,-2.39,-1.23,-4.17,,,1.77,149730,,,99.5864,,7.02,4.3,11.35902,-7.58413,-1.1,-0.88,-0.73,2026-08-27T00:00:00,1973-02-14T00:00:00,2/14/1973,98496000,2026-06-11T00:00:00
202,JHI,-0.0913,8.15934,8.97959,0.297,5.44,15,Morningstar US CEF Investment Grade,66,John Hancock,False,13.23,-0.04,14.56,2026-08-27T00:00:00,410142103,JHancock Investors,2026-08-27,XJHIX,Fixed Income - Taxable-Investment Grade,40.6,115.69,0.0,Quarterly,0.58459,0.297,21.06,6.8662,,,4.59,,127.321,True,False,False,False,False,False,,8.39,9.38,1.99,0.93,1.8900000000000001,0.88,,,3.08,209200,6.53,,98.8489,,6.17,,13.5731,-7.36195,-1.25,-1.23,-0.77,2026-08-27T00:00:00,1971-01-29T00:00:00,1/29/1971,33955200,2026-06-11T00:00:00
203,HPI,0.0525,9.84064,9.35016,0.1235,3.68,18,Morningstar US CEF Preferreds,67,John Hancock Investment Management LLC,False,15.85,-0.11,15.06,2026-08-27T00:00:00,41013W108,JHancock Preferred Income,2026-08-27,XHPIX,Fixed Income - Taxable-Preferreds,38.98,424.656,0.0,Monthly,0.56391,0.1235,25.0,6.5025,,,4.48,,403.49,True,False,True,False,False,False,,9.47,10.34,2.7,3.1,0.08,3.87,,,9.62,548000,,,97.2482,,91.45,,16.38333,3.67296,0.7000000000000001,-0.35000000000000003,0.67,2026-08-27T00:00:00,2002-08-27T00:00:00,8/27/2002,1030406400,2026-08-13T00:00:00
204,HPF,0.044800000000000006,9.91968,9.49391,0.1235,3.84,18,Morningstar US CEF Preferreds,67,John Hancock Investment Management LLC,False,15.61,-0.07,14.94,2026-08-27T00:00:00,41013X106,JHancock Preferred Income II,2026-08-27,XHPFX,Fixed Income - Taxable-Preferreds,39.07,337.969,0.0,Monthly,0.5652,0.1235,25.0,6.5737,,,4.51,,323.463,True,False,True,False,False,False,,9.56,9.85,2.86,2.54,0.17,4.19,,,8.49,352820,,,97.2805,,90.07,,16.1145,2.8576300000000003,1.03,-0.38,0.58,2026-08-27T00:00:00,2002-11-29T00:00:00,11/29/2002,1038528000,2026-08-13T00:00:00
205,HPS,0.0304,9.79228,9.50324,0.11,3.84,18,Morningstar US CEF Preferreds,67,John Hancock Investment Management LLC,False,13.89,-0.1,13.48,2026-08-27T00:00:00,41021P103,JHancock Preferred Income III,2026-08-27,XHPSX,Fixed Income - Taxable-Preferreds,38.85,446.825,0.0,Monthly,0.50751,0.11,25.0,6.5102,,,4.47,,433.636,True,False,False,False,False,False,,9.52,9.37,2.99,2.93,0.23,4.25,,,8.52,580990,,,97.386,,86.67,,14.66756,3.95053,-0.5700000000000001,-3.06,-1.37,2026-08-27T00:00:00,2003-06-18T00:00:00,6/18/2003,1055894400,2026-08-13T00:00:00
206,PDT,-0.1057,7.52023,8.40952,0.08829999999999999,10.36,18,Morningstar US CEF Preferreds,66,John Hancock,True,12.6,-0.05,14.09,2026-08-27T00:00:00,41013T105,JHancock Premium Dividend Fund,2026-08-27,XPDTX,Fixed Income - Taxable-Preferreds,34.9,619.734,0.0,Monthly,0.34231,0.08829999999999999,12.0,5.9254,,,4.32,,693.02,True,False,False,False,True,False,,14.25,12.86,7.54,2.98,7.08,6.22,,,4.35,1203450,,,,,76.11,,13.01542,-9.27712,-0.63,0.2,0.39,2026-08-27T00:00:00,1989-12-21T00:00:00,12/21/1989,630201600,2026-08-13T00:00:00
207,HTD,-0.0359,7.24771,7.51784,0.158,9.93,26,Morningstar US CEF US Allocation,67,John Hancock Investment Management LLC,True,25.22,-0.2,26.16,2026-08-27T00:00:00,41013V100,JHancock Tax-Advantaged Dividend Inc,2026-08-27,XHTDX,Hybrid-U.S. Allocation,31.44,893.591,0.0,Monthly,0.63149,0.158,20.0,5.9603,,,3.58,,926.897,True,True,True,False,True,False,,14.54,15.99,8.81,8.37,8.02,13.75,,,14.52,646990,,,,,68.76,,24.92726,-5.89407,1.3900000000000001,0.3,0.9500000000000001,2026-08-27T00:00:00,2004-02-27T00:00:00,2/27/2004,1077840000,2026-08-13T00:00:00
208,HEQ,-0.0855,7.69823,8.41751,0.25,16.31,5,Morningstar US CEF Global Equity,67,John Hancock Investment Management LLC,True,11.88,0.01,12.99,2026-08-27T00:00:00,47804L102,John Hancock Diversified Income Fund,2026-08-27,XHEQX,Equity-Global Equity,,141.711,,Quarterly,0.35138,0.25,20.0,6.5508,,,1.31,,156.644,False,True,True,False,True,False,,11.64,11.69,8.23,6.57,8.54,10.75,,,19.1,370800,,,98.2848,,,,11.13112,-10.44578,1.35,0.76,0.73,2026-08-27T00:00:00,2011-05-26T00:00:00,5/26/2011,1306368000,2026-06-11T00:00:00
209,KYN,-0.1208,6.42475,7.30717,0.09,26.66,6,Morningstar US CEF MLP,69,"KA Fund Advisors, LLC",False,14.78,-0.05,16.81,2026-08-27T00:00:00,486606106,Kayne Anderson Energy Infrastructure,2026-08-27,XKYNX,Equity-MLP,24.91,2499.683,,Monthly,0.31841,0.09,25.0,7.259,,,3.3,,2843.009,True,True,True,False,False,False,,26.03,28.99,21.94,23.21,26.35,23.37,,,26.91,3908230,,,,,15.1,,13.21241,-12.12495,0.03,0.65,0.99,2026-08-27T00:00:00,2004-09-28T00:00:00,9/28/2004,1096329600,2026-08-14T00:00:00
210,KIO,-0.07780000000000001,12.20084,13.23049,0.1215,3.39,14,Morningstar US CEF High Yield,70,Kohlberg Kravis Roberts &amp; Co.,False,11.02,0.0,11.95,2026-08-27T00:00:00,48249T106,KKR Income Opportunities Fund,2026-08-27,XKIOX,Fixed Income - Taxable-High Yield,32.78,451.656,,Monthly,0.63625,0.1215,20.0,7.7746,,,4.09,,489.773,True,False,False,False,False,False,,8.19,9.34,4.52,3.54,2.03,2.42,,,-2.21,2466580,0.09000000000000001,,97.6062,,58.49,,11.53153,-6.15665,-0.92,-1.27,-0.73,2026-08-27T00:00:00,2013-07-26T00:00:00,7/26/2013,1374796800,2026-08-14T00:00:00
211,KF,-0.165,1.77851,2.12999,1.381724,123.28,1,Morningstar US CEF Asia Equity,68,JPMorgan Asset Management (Asia Pacific) Limited,False,64.87,1.1400000000000001,77.69,2026-08-27T00:00:00,500634209,Korea Fund,2026-08-27,XKFDX,Equity-Asia Equity,5.74,269.752,,Annually,0.0077,1.381724,40.0,,,,1.21,,323.062,True,True,False,False,False,False,,36.82,34.86,14.45,14.17,62.05,52.92,,,107.8,186260,,,,,,,48.938,-13.30899,-1.9,-1.23,-1.27,2026-08-27T00:00:00,1984-08-29T00:00:00,8/29/1984,462585600,2025-12-23T00:00:00
212,LGI,-0.008,9.87554,9.95565,0.15339999999999998,14.67,5,Morningstar US CEF Global Equity,71,Lazard Asset Management LLC,False,18.49,0.07,18.64,2026-08-27T00:00:00,52106W103,Lazard Global Total Return and Income,2026-08-27,XLGIX,Equity-Global Equity,8.88,240.609,,Monthly,0.0074,0.15339999999999998,20.0,7.7462,,,2.0,,242.561,True,True,True,False,False,False,,10.55,15.94,5.87,7.07,6.65,11.19,,,19.59,443530,,,,,3.13,,17.82531,-1.82361,0.33,-0.8,-0.36,2026-08-27T00:00:00,2004-04-28T00:00:00,4/28/2004,1083110400,2026-08-10T00:00:00
213,USA,-0.1268,9.91254,11.35225,0.16999999999999998,6.67,10,Morningstar US CEF US Equity,9,ALPS Advisors Inc,True,5.99,0.0,6.86,2026-08-27T00:00:00,530158104,Liberty All-Star Equity,2026-08-27,XUSAX,Equity-U.S. Equity,4.98,1806.294,,Quarterly,0.01199,0.16999999999999998,10.0,,,,0.91,,2068.644,True,False,False,False,True,False,,10.94,5.88,6.34,2.99,4.03,0.56,,,-0.43,12688780,,,,,,,6.02778,-9.79497,-1.83,-1.63,-1.58,2026-08-27T00:00:00,1986-10-31T00:00:00,10/31/1986,531100800,2026-07-16T00:00:00
214,ASG,-0.1277,7.9602,9.12548,0.12,7.39,10,Morningstar US CEF US Equity,9,ALPS Advisors Inc,True,5.26,0.01,6.03,2026-08-27T00:00:00,529900102,Liberty All-Star Growth,2026-08-27,XASGX,Equity-U.S. Equity,1.6,330.658,,Quarterly,-0.01975,0.12,10.0,,,,1.12,,379.063,True,False,False,False,True,False,,9.34,6.71,1.18,-0.9400000000000001,6.48,3.65,,,1.98,2530730,,,,,,,5.29732,-10.36964,-1.76,-1.05,-1.35,2026-08-27T00:00:00,1986-03-14T00:00:00,3/14/1986,511142400,2026-07-16T00:00:00
215,SCD,-0.11449999999999999,8.16327,9.21895,0.12,15.36,25,Morningstar US CEF Global Allocation,54,"Franklin Templeton Fund Adviser, LLC",True,15.62,0.06,17.64,2026-08-27T00:00:00,50208A102,LMP Capital and Income,2026-08-27,XSCDX,Hybrid-Global Allocation,20.52,357.797,,Monthly,0.06042,0.12,20.0,,,,2.39,,404.068,True,True,False,False,True,False,,15.06,17.24,10.97,11.35,11.63,10.39,,,12.12,778500,13.6,,,,4.25,,15.30407,-9.20314,-1.24,-0.73,-0.97,2026-08-27T00:00:00,2004-02-24T00:00:00,2/24/2004,1077580800,2026-08-24T00:00:00
216,MXE,-0.1971,1.39856,1.74195,0.2337,25.27,4,Morningstar US CEF Emerging Market Equity,89,Pichardo Asset Management SA De CV,False,13.416,-0.06,16.71,2026-08-27T00:00:00,592834105,Mexico Equity & Income,2026-08-27,XMXEX,Equity-Emerging Market Equity,,59.033,,Annually,0.07512,0.2337,12.0,7.969,,0.02,2.13,,73.527,False,True,False,False,False,False,,5.14,9.84,7.71,6.01,9.55,5.7,,,24.97,62720,,,,,,,12.77737,-17.8601,-1.73,-1.0,-1.4,2026-08-27T00:00:00,1990-08-15T00:00:00,8/15/1990,650678400,2025-12-16T00:00:00
217,MXF,-0.11109999999999999,5.65428,6.36075,0.35,26.98,4,Morningstar US CEF Emerging Market Equity,64,"Impulsora Del Fondo Mexico, SC",True,22.01,-0.07,24.76,2026-08-27T00:00:00,592835102,Mexico Fund,2026-08-27,XXMXFXX,Equity-Emerging Market Equity,,317.386,,Quarterly,0.27312000000000003,0.35,12.0,5.75,,,1.36,,357.041,False,True,True,False,True,False,,7.72,12.88,11.3,12.99,10.98,13.41,,,29.59,458540,,,,,,,20.76955,-13.26069,2.27,1.99,1.67,2026-08-27T00:00:00,1981-06-03T00:00:00,6/3/1981,360374400,2026-07-22T00:00:00
218,CAF,-0.1732,1.14127,1.38031,0.262949,37.97,1,Morningstar US CEF Asia Equity,74,Morgan Stanley,False,19.05,0.15,23.04,2026-08-27T00:00:00,617468103,Morgan Stanley China A Share,2026-08-27,XCAFX,Equity-Asia Equity,,256.703,,Annually,0.12144,0.262949,20.0,,,,1.52,,310.469,False,True,False,False,False,False,,12.16,14.06,1.32,0.66,14.53,10.31,,,37.52,377080,,,,,,,17.98564,-13.94527,-1.63,-1.13,-1.35,2026-08-27T00:00:00,2006-09-28T00:00:00,9/28/2006,1159401600,2025-12-19T00:00:00
219,MSD,-0.0866,7.52823,8.24176,0.15,11.88,12,Morningstar US CEF Emerging Market Income,75,"Morgan Stanley Investment Management, Inc.",False,7.28,0.02,7.97,2026-08-27T00:00:00,61744H105,Morgan Stanley Emerging Markets Debt,2026-08-27,XMSDX,Fixed Income - Taxable-Emerging Market Income,0.03,147.284,,Quarterly,0.21902,0.15,15.0,6.5116,,6.76,1.36,,161.243,True,False,False,False,False,False,,11.61,14.8,3.33,3.89,3.6,1.98,,,5.61,954660,,,,,,,7.40714,-6.75405,-1.0,0.0,-0.43,2026-08-27T00:00:00,1993-07-23T00:00:00,7/23/1993,743385600,2026-06-30T00:00:00
220,EDD,-0.011699999999999999,16.02671,16.21622,0.24,20.62,12,Morningstar US CEF Emerging Market Income,75,"Morgan Stanley Investment Management, Inc.",False,5.92,0.04,5.99,2026-08-27T00:00:00,617477104,Morgan Stanley Emrgng Mkts Domestic Debt,2026-08-27,XEDDX,Fixed Income - Taxable-Emerging Market Income,14.42,381.58,,Quarterly,0.28033,0.24,20.0,6.6059,,7.47,2.18,,386.092,True,True,True,False,False,False,,11.56,17.75,5.45,8.15,6.29,14.64,,,27.48,3698440,,,,,,,5.60659,-5.04473,1.4,0.52,1.13,2026-08-27T00:00:00,2007-04-24T00:00:00,4/24/2007,1177372800,2026-06-30T00:00:00
221,IIF,-0.10980000000000001,7.64996,8.59378,1.985164,-7.86,1,Morningstar US CEF Asia Equity,75,"Morgan Stanley Investment Management, Inc.",False,23.1,-0.1,25.95,2026-08-27T00:00:00,61745C105,Morgan Stanley India Investment,2026-08-27,XIIFX,Equity-Asia Equity,,218.137,,Annually,-0.10782,1.985164,15.0,,,,1.35,,245.05,False,False,True,False,False,False,,7.23,11.59,6.51,8.91,-7.27,-8.13,,,-9.46,313940,,,,,,,24.0962,-11.07441,0.12,0.48,0.44,2026-08-27T00:00:00,1994-02-25T00:00:00,2/25/1994,762134400,2025-12-19T00:00:00
222,NML,-0.11599999999999999,7.12075,8.05517,0.07008,28.11,6,Morningstar US CEF MLP,76,Neuberger Berman,False,10.44,-0.15,11.81,2026-08-27T00:00:00,64129H104,NB Energy Infra and Income Fund Inc,2026-08-27,XNMLX,Equity-MLP,24.57,591.519,,Monthly,-0.18702,0.07008,20.0,,,,1.07,,669.142,True,True,False,False,False,False,,20.65,23.93,21.52,26.22,26.17,28.87,,,29.44,1630340,,,,,,,9.4443,-10.40955,-1.12,-1.4,-0.89,2026-08-27T00:00:00,2013-03-26T00:00:00,3/26/2013,1364256000,2026-08-17T00:00:00
223,NBXG,-0.1332,8.16327,9.41792,0.12,11.78,10,Morningstar US CEF US Equity,76,Neuberger Berman,False,15.29,0.18,17.64,2026-08-27T00:00:00,64133Q108,Neuberger Brmn Nxt Gnrtn Cnnctvty,2026-08-27,XNBGX,Equity-U.S. Equity,,1204.263,,Monthly,-0.05846,0.12,20.0,,,,1.35,,1389.353,False,True,False,False,False,False,,16.86,21.09,4.49,3.8,6.19,7.36,,,8.31,1966800,,,,,,,14.76931,-12.90493,-0.31,0.0,0.33,2026-08-27T00:00:00,2021-05-25T00:00:00,5/25/2021,1621900800,2026-08-17T00:00:00
224,NHS,-0.0944,16.52968,18.2521,0.0905,3.16,14,Morningstar US CEF High Yield,76,Neuberger Berman,False,5.95,0.0,6.57,2026-08-27T00:00:00,64128C106,Neuberger High Yield Strategies,2026-08-27,XNHSX,Fixed Income - Taxable-High Yield,32.84,249.042,,Monthly,0.18333,0.0905,15.0,7.1662,,5.93,3.39,,274.993,True,False,False,False,False,False,,8.09,6.44,1.45,-0.64,-0.67,-11.03,,,-4.9,2058450,,,99.371,,4.83,3.38,6.91238,-2.73541,-1.55,-1.9300000000000002,-1.04,2026-08-27T00:00:00,2003-07-28T00:00:00,7/28/2003,1059350400,2026-08-17T00:00:00
225,NBH,-0.0701,5.9202200000000005,6.3667,0.054169999999999996,8.92,21,Morningstar US CEF Municipal,76,Neuberger Berman,False,10.21,-0.03,10.98,2026-08-27T00:00:00,64124P101,Neuberger Municipal Fund,2026-08-27,XNBHX,Fixed Income - Municipal-Municipal,41.2,302.4,,Monthly,0.13171,0.054169999999999996,15.0,4.9907,0.24230000000000002,20.2,3.87,,325.206,True,False,True,True,False,False,,2.3,5.37,-1.88,-3.44,0.9400000000000001,4.24,,,10.54,931130,15.43,0.00914,98.9472,,14.23,8.22,10.30034,-8.64736,1.49,0.87,1.16,2026-08-27T00:00:00,2002-09-27T00:00:00,9/27/2002,1033084800,2026-07-31T00:00:00
226,NRO,-0.0898,11.59133,12.73469,0.0312,10.32,7,Morningstar US CEF Real Estate,76,Neuberger Berman,False,2.94,-0.03,3.23,2026-08-27T00:00:00,64190A103,Neuberger Real Estate Securities Income,2026-08-27,XNROX,Equity-Real Estate,25.37,186.284,,Monthly,0.06094,0.0312,15.0,,,,3.12,,204.659,True,False,False,False,False,False,,9.3,11.15,1.18,-0.16,9.52,5.71,,,4.9,2403760,,,,,,,3.04357,-7.00458,-0.9500000000000001,-0.21,-0.43,2026-08-27T00:00:00,2003-10-31T00:00:00,10/31/2003,1067558400,2026-08-17T00:00:00
227,GF,-0.1047,2.35474,2.63023,0.154,-3.42,9,Morningstar US CEF Single Country Equity,40,DWS,False,11.71,0.2,13.08,2026-08-27T00:00:00,644465106,New Germany,2026-08-27,XGFNX,Equity-Single-Country Equity,11.52,189.465,,Semi-Annually,-0.05716,0.154,20.0,,,,1.31,,211.632,True,True,False,False,False,False,,5.25,8.06,-4.94,-3.9,-1.15,-0.66,,,-2.42,246480,,,,,,,11.45632,-9.89877,-0.49,-1.67,-1.1400000000000001,2026-08-27T00:00:00,1990-01-30T00:00:00,1/30/1990,633657600,2026-05-26T00:00:00
228,NVG,0.010700000000000001,7.80247,7.71987,0.079,8.47,21,Morningstar US CEF Municipal,81,"Nuveen Fund Advisors, LLC.",False,12.28,0.05,12.15,2026-08-27T00:00:00,67071L106,Nuveen AMT-Free Muni Credit Inc,2026-08-27,XNVGX,Fixed Income - Municipal-Municipal,42.44,2662.179,-0.02,Monthly,0.29602,0.079,15.0,4.8262,,18.73,3.64,,2633.996,True,False,True,False,False,False,,3.15,8.87,-1.73,-1.02,0.04,2.31,,,14.8,5482730,23.2,3.01,91.9675,,14.46,9.41,12.58483,-0.77087,0.99,1.04,1.11,2026-08-27T00:00:00,2002-03-25T00:00:00,3/25/2002,1017014400,2026-08-14T00:00:00
229,NUW,-0.055,3.95112,4.18103,0.048499999999999995,5.9,21,Morningstar US CEF Municipal,81,"Nuveen Fund Advisors, LLC.",False,13.92,-0.04,14.73,2026-08-27T00:00:00,670695105,Nuveen AMT-Free Municipal Value Fund,2026-08-27,XNUWX,Fixed Income - Municipal-Municipal,7.33,249.883,-0.073,Monthly,0.30096,0.048499999999999995,15.0,5.412,,19.3,0.75,,264.423,True,False,False,False,False,False,,2.89,4.31,-0.05,-0.15,0.45,-0.11,,,6.61,381620,9.3,0.09000000000000001,97.0156,,8.94,8.55,14.22725,-5.11757,-0.43,-0.32,-0.4,2026-08-27T00:00:00,2009-02-25T00:00:00,2/25/2009,1235520000,2026-08-14T00:00:00
230,NEA,0.0144,7.33813,7.23404,0.06799999999999999,7.83,21,Morningstar US CEF Municipal,81,"Nuveen Fund Advisors, LLC.",False,11.28,0.03,11.12,2026-08-27T00:00:00,670657105,Nuveen AMT-Free Quality Muni Inc,2026-08-27,XNEAX,Fixed Income - Municipal-Municipal,41.38,3425.639,0.018000000000000002,Monthly,0.25491,0.06799999999999999,15.0,5.0705,,18.96,3.5300000000000002,,3377.048,True,False,True,False,False,False,,2.25,8.05,-1.9500000000000002,-0.97,0.0,0.98,,,12.72,8440870,21.6,4.02,95.7853,,11.13,8.06,11.49169,-0.69996,1.5899999999999999,1.88,1.55,2026-08-27T00:00:00,2002-11-21T00:00:00,11/21/2002,1037836800,2026-08-14T00:00:00
231,NAZ,0.0946,6.60746,6.03651,0.062,9.62,24,Morningstar US CEF Municipal-Single State,81,"Nuveen Fund Advisors, LLC.",False,12.325,0.02,11.26,2026-08-27T00:00:00,67061W104,Nuveen AZ Quality Muni Inc,2026-08-27,XNAZX,Fixed Income - Municipal-Municipal - Single-State,39.33,160.647,0.031,Monthly,0.20512,0.062,15.0,4.7745,,17.42,3.55,,146.765,True,True,True,False,False,False,,2.8,10.7,-1.1400000000000001,-0.16,0.93,5.75,,,12.06,222090,21.2,0.81,98.4756,,12.3,8.34,12.22764,5.29628,1.1400000000000001,0.29,0.43,2026-08-27T00:00:00,1992-11-19T00:00:00,11/19/1992,722131200,2026-08-14T00:00:00
232,NKX,0.0351,7.4036,7.15232,0.072,9.67,22,Morningstar US CEF Municipal-CA,81,"Nuveen Fund Advisors, LLC.",False,12.08,-0.06,11.67,2026-08-27T00:00:00,670651108,Nuveen CA AMT - Free Quality Muni Inc,2026-08-27,XNCMX,Fixed Income - Municipal-Municipal - CA,39.82,673.069,-0.014,Monthly,0.25181,0.072,15.0,4.782,,18.3,3.77,,650.225,True,False,False,False,False,False,,2.8200000000000003,8.51,-1.9100000000000001,-0.25,0.91,1.48,,,13.2,1359360,22.9,0.6000000000000001,96.8209,,12.92,8.29,12.5262,4.00062,-0.32,-0.59,-0.09,2026-08-27T00:00:00,2002-11-22T00:00:00,11/22/2002,1037923200,2026-08-14T00:00:00
233,NCA,0.0033,3.9779,3.96476,0.03,6.99,22,Morningstar US CEF Municipal-CA,81,"Nuveen Fund Advisors, LLC.",False,9.08,-0.01,9.05,2026-08-27T00:00:00,67062C107,Nuveen CA Municipal Value,2026-08-27,XNCAX,Fixed Income - Municipal-Municipal - CA,0.0,302.856,-0.012,Monthly,0.17651,0.03,10.0,4.7261,,18.79,0.54,,301.855,True,False,True,False,False,False,,3.16,4.84,-0.14,-0.07,1.06,2.52,,,10.38,687580,23.2,1.35,97.5019,,,8.27,9.15989,-0.14081000000000002,0.19,0.02,-0.5,2026-08-27T00:00:00,1987-10-07T00:00:00,10/7/1987,560563200,2026-08-14T00:00:00
234,NAC,0.0464,7.43979,7.10997,0.06949999999999999,10.47,22,Morningstar US CEF Municipal-CA,81,"Nuveen Fund Advisors, LLC.",False,11.73,0.05,11.21,2026-08-27T00:00:00,67066Y105,Nuveen CA Quality Muni Income,2026-08-27,XNACX,Fixed Income - Municipal-Municipal - CA,39.25,1956.544,-0.005,Monthly,0.24164,0.06949999999999999,15.0,4.7834,,19.2,3.79,,1869.809,True,False,True,False,False,False,,2.75,9.89,-1.98,-0.29,0.87,3.65,,,14.78,5065490,23.1,1.08,97.0662,,12.64,8.55,11.81548,1.7854800000000002,1.79,1.72,1.53,2026-08-27T00:00:00,1999-05-26T00:00:00,5/26/1999,927676800,2026-08-14T00:00:00
235,JCE,-0.071,7.9519400000000005,8.55967,0.364,20.24,10,Morningstar US CEF US Equity,81,"Nuveen Fund Advisors, LLC.",True,17.01,-0.04,18.31,2026-08-27T00:00:00,67090X107,Nuveen Core Equity Alpha,2026-08-27,XJCEX,Equity-U.S. Equity,1.35,289.216,0.0,Quarterly,0.00449,0.364,20.0,,,,0.9900000000000001,,311.319,True,True,False,False,True,False,,19.13,17.58,12.5,11.25,9.22,7.64,,,15.88,392760,,,,,,,15.94573,-6.36653,-0.7000000000000001,-0.12,-0.22,2026-08-27T00:00:00,2007-03-27T00:00:00,3/27/2007,1174953600,2026-06-15T00:00:00
236,NPCT,-0.08349999999999999,10.18975,11.11801,0.0895,4.02,15,Morningstar US CEF Investment Grade,81,"Nuveen Fund Advisors, LLC.",True,9.66,-0.02,10.54,2026-08-27T00:00:00,67080D103,Nuveen Core Plus Impact Fund,2026-08-27,XNPCX,Fixed Income - Taxable-Investment Grade,37.41,277.773,,Monthly,0.23152,0.0895,20.0,4.3404,,29.1,4.43,,303.078,True,False,False,False,True,False,,7.38,10.75,-3.25,-3.47,0.26,1.77,,,0.12,1243840,19.7,0.0,88.6715,,7.44,5.44,10.318670000000001,-6.70001,-1.01,-0.9400000000000001,-1.01,2026-08-27T00:00:00,2021-04-27T00:00:00,4/27/2021,1619481600,2026-08-14T00:00:00
237,JQC,-0.1124,11.1236,12.531649999999999,0.049499999999999995,5.69,19,Morningstar US CEF Senior Loans,81,"Nuveen Fund Advisors, LLC.",True,4.74,-0.01,5.34,2026-08-27T00:00:00,67073D102,Nuveen Credit Strategies Income Fund,2026-08-27,XJQCX,Fixed Income - Taxable-Senior Loans,38.47,700.651,-0.082,Monthly,0.23976,0.049499999999999995,15.0,,,5.0,5.09,,789.341,True,False,False,False,True,False,,8.57,10.34,4.97,4.72,2.5300000000000002,1.97,,,-2.54,7768740,84.5,0.0,,,,,4.97149,-9.34353,-0.88,-1.18,-0.58,2026-08-27T00:00:00,2003-06-25T00:00:00,6/25/2003,1056499200,2026-08-14T00:00:00
238,NDMO,-0.0149,6.9712,7.07661,0.058499999999999996,7.0,21,Morningstar US CEF Municipal,81,"Nuveen Fund Advisors, LLC.",True,9.92,-0.01,10.07,2026-08-27T00:00:00,67079X102,Nuveen Dynamic Municipal Opportunities,2026-08-27,XNDMX,Fixed Income - Municipal-Municipal,32.1,600.626,,Monthly,0.23738,0.058499999999999996,15.0,5.5876,,18.04,2.83,,609.708,True,False,False,False,True,False,,4.62,3.79,-2.52,-3.84,1.0,2.77,,,8.83,1421330,19.8,0.37000000000000005,96.271,,10.32,7.78,10.32521,-0.89336,-0.53,-0.79,-1.04,2026-08-27T00:00:00,2020-08-26T00:00:00,8/26/2020,1598400000,2026-08-14T00:00:00
239,JFR,-0.08529999999999999,11.25,12.29961,0.078,5.83,19,Morningstar US CEF Senior Loans,81,"Nuveen Fund Advisors, LLC.",True,7.61,0.04,8.32,2026-08-27T00:00:00,67072T108,Nuveen Floating Rate Income,2026-08-27,XJFRX,Fixed Income - Taxable-Senior Loans,37.46,1224.962,0.015000000000000001,Monthly,0.37027,0.078,15.0,,,4.8100000000000005,4.78,,1339.249,True,False,True,False,True,False,,9.14,11.41,6.18,6.47,3.02,5.96,,,2.63,7448790,88.3,0.0,,,,,7.7603100000000005,-8.90526,0.21,-0.3,0.66,2026-08-27T00:00:00,2004-03-25T00:00:00,3/25/2004,1080172800,2026-08-14T00:00:00
240,JGH,-0.0909,9.10557,10.01613,0.1035,7.21,13,Morningstar US CEF Global Income,81,"Nuveen Fund Advisors, LLC.",True,12.4,-0.06,13.64,2026-08-27T00:00:00,67075G103,Nuveen Global High Income Fund,2026-08-27,XJGHX,Fixed Income - Taxable-Global Income,29.12,348.76,-0.026000000000000002,Monthly,0.48098,0.1035,20.0,7.7832,,6.15,3.37,,383.636,True,False,False,False,True,False,,11.34,13.02,4.88,5.2,3.9,5.11,,,4.3,1007720,36.3,0.0,98.8169,,,,12.75807,-7.31224,-1.05,-1.65,-1.79,2026-08-27T00:00:00,2014-11-24T00:00:00,11/24/2014,1416787200,2026-08-14T00:00:00
241,NMT,0.1593,6.68508,5.76648,0.0605,9.0,24,Morningstar US CEF Municipal-Single State,81,"Nuveen Fund Advisors, LLC.",False,12.59,0.04,10.86,2026-08-27T00:00:00,67061E104,Nuveen MA Quality Muni Inc,2026-08-27,XNMTX,Fixed Income - Municipal-Municipal - Single-State,39.13,133.3,0.026000000000000002,Monthly,0.20713,0.0605,15.0,4.8771,,20.13,3.45,,114.983,True,True,True,False,False,False,,2.32,13.29,-2.01,1.44,1.15,16.01,,,19.45,201000,21.9,1.73,99.8748,,7.76,8.93,12.06631,7.89594,1.4,1.15,0.88,2026-08-27T00:00:00,1993-03-18T00:00:00,3/18/1993,732412800,2026-08-14T00:00:00
242,NMS,-0.0318,6.67255,6.89152,0.063,7.91,24,Morningstar US CEF Municipal-Single State,81,"Nuveen Fund Advisors, LLC.",False,10.97,-0.03,11.33,2026-08-27T00:00:00,670734102,Nuveen MN Quality Muni Inc,2026-08-27,XMNSX,Fixed Income - Municipal-Municipal - Single-State,40.62,70.35,-0.014,Monthly,0.0,0.063,15.0,4.6902,,16.95,3.66,,72.658,True,False,False,False,False,False,,2.66,7.73,-1.19,-0.77,-0.59,1.2,,,8.02,158200,43.0,0.0,98.2627,,11.29,7.55,11.94932,0.93,-2.01,-2.17,-2.7800000000000002,2026-08-27T00:00:00,1993-06-25T00:00:00,6/25/1993,740966400,2026-08-14T00:00:00
243,JLS,-0.0974,9.85554,10.91879,0.1535,6.0,14,Morningstar US CEF High Yield,81,"Nuveen Fund Advisors, LLC.",True,16.87,-0.03,18.69,2026-08-27T00:00:00,670735109,Nuveen Mortgage and Income Fund,2026-08-27,XJLSX,Fixed Income - Taxable-High Yield,23.05,92.391,0.009000000000000001,Monthly,0.77533,0.1535,25.0,7.5578,,17.85,3.07,,102.358,True,False,False,False,True,False,,9.55,12.85,4.35,4.97,2.9,0.58,,,0.89,198620,0.0,0.0,96.9542,,,,18.22495,-4.83822,-2.55,-1.77,-1.82,2026-08-27T00:00:00,2009-11-25T00:00:00,11/25/2009,1259107200,2026-08-14T00:00:00
244,NMAI,-0.0553,9.16392,9.70035,0.11599999999999999,20.2,25,Morningstar US CEF Global Allocation,81,"Nuveen Fund Advisors, LLC.",True,14.35,0.03,15.19,2026-08-27T00:00:00,670750108,Nuveen Multi-Asset Income,2026-08-27,XNMAX,Hybrid-Global Allocation,29.29,479.658,,Monthly,0.17114000000000001,0.11599999999999999,20.0,6.1034,,,3.38,,507.736,True,True,True,False,True,False,,13.32,18.02,,,10.39,13.83,,,23.59,1102210,28.2,0.0,96.8324,,,,13.41831,-7.94052,1.76,0.75,1.16,2026-08-27T00:00:00,2021-11-22T00:00:00,11/22/2021,1637539200,2026-08-14T00:00:00
245,JMM,-0.09380000000000001,5.4375,6.0,0.028999999999999998,3.01,15,Morningstar US CEF Investment Grade,81,"Nuveen Fund Advisors, LLC.",True,5.8,-0.01,6.4,2026-08-27T00:00:00,67075J107,Nuveen Multi-Market Income Fund,2026-08-27,XJMMX,Fixed Income - Taxable-Investment Grade,29.69,54.882,-0.001,Monthly,0.13925,0.028999999999999998,12.0,5.5021,,4.39,3.59,,60.559,True,False,False,False,True,False,,5.38,4.91,1.07,0.49,-0.75,-1.1400000000000001,,,-2.99,91100,26.7,0.0,96.6946,,,,6.01441,-8.36258,-0.49,0.97,0.8,2026-08-27T00:00:00,1988-12-30T00:00:00,12/30/1988,599443200,2026-08-14T00:00:00
246,NZF,0.0041,7.82609,7.79412,0.0795,9.28,21,Morningstar US CEF Municipal,81,"Nuveen Fund Advisors, LLC.",False,12.24,0.01,12.19,2026-08-27T00:00:00,67070X101,Nuveen Municipal Credit Income,2026-08-27,XNZFX,Fixed Income - Municipal-Municipal,40.81,2411.921,-0.015000000000000001,Monthly,0.31359,0.0795,15.0,5.2593,,19.97,3.61,,2402.069,True,False,True,False,False,False,,3.23,8.36,-1.35,-1.04,1.13,1.3599999999999999,,,12.53,5276310,25.0,2.59,93.9709,,11.88,8.31,12.52157,-0.7117500000000001,0.9,0.63,0.66,2026-08-27T00:00:00,2001-09-25T00:00:00,9/25/2001,1001376000,2026-08-14T00:00:00
247,NMCO,-0.053,7.91908,8.36216,0.06849999999999999,8.5,21,Morningstar US CEF Municipal,81,"Nuveen Fund Advisors, LLC.",False,9.83,-0.52,10.38,2026-08-27T00:00:00,670663103,Nuveen Municipal Credit Opps Fund,2026-08-27,XNMCX,Fixed Income - Municipal-Municipal,42.46,560.795,-0.035,Monthly,0.35941,0.06849999999999999,15.0,5.8652,,22.21,4.5,,592.172,True,False,False,False,False,False,,2.91,4.08,-2.24,-1.87,2.05,6.75,,,12.31,1662240,30.9,0.27,86.9685,,15.53,9.8,10.66916,-0.28346000000000005,-3.68,-6.15,-7.1,2026-08-27T00:00:00,2019-09-16T00:00:00,9/16/2019,1568592000,2026-08-14T00:00:00
248,NMZ,-0.004,7.8209,7.85215,0.0655,9.47,21,Morningstar US CEF Municipal,81,"Nuveen Fund Advisors, LLC.",False,10.01,-0.03,10.05,2026-08-27T00:00:00,670682103,Nuveen Municipal High Income Opp Fd,2026-08-27,XNMZX,Fixed Income - Municipal-Municipal,40.13,2164.561,0.044000000000000004,Monthly,0.15638,0.0655,15.0,5.7108,,21.33,3.5,,2173.211,True,False,False,False,False,False,,3.9699999999999998,5.63,-1.53,-1.94,1.4,4.21,,,10.35,4791160,21.9,1.38,91.2079,,10.18,8.88,10.39586,-0.06199,-0.34,-0.34,-0.18,2026-08-27T00:00:00,2003-11-19T00:00:00,11/19/2003,1069200000,2026-08-14T00:00:00
249,NMI,0.064,4.66735,4.38672,0.038,7.14,21,Morningstar US CEF Municipal,81,"Nuveen Fund Advisors, LLC.",False,10.395,-0.02,9.77,2026-08-27T00:00:00,67062J102,Nuveen Municipal Income,2026-08-27,XNMIX,Fixed Income - Municipal-Municipal,2.99,126.821,-0.019,Monthly,0.21289,0.038,12.0,5.4726,,21.72,0.75,,119.196,True,True,True,False,False,False,,4.32,8.03,0.71,2.27,2.1,12.05,,,14.7,265670,16.7,0.66,98.5853,,,8.7,10.26877,3.9882400000000002,0.62,-1.65,-0.13,2026-08-27T00:00:00,1988-04-20T00:00:00,4/20/1988,577497600,2026-08-14T00:00:00
250,NUV,0.0,4.35268,4.35268,0.0325,5.78,21,Morningstar US CEF Municipal,81,"Nuveen Fund Advisors, LLC.",False,8.96,0.04,8.96,2026-08-27T00:00:00,670928100,Nuveen Municipal Value,2026-08-27,XNUVX,Fixed Income - Municipal-Municipal,6.15,1892.079,-0.018000000000000002,Monthly,0.19290000000000002,0.0325,10.0,5.2552,,18.27,0.66,,1892.079,True,False,True,False,False,False,,2.93,5.94,0.02,-1.03,0.62,3.54,,,11.73,4850740,11.1,0.8,96.1513,,,8.24,9.07797,-0.49816000000000005,0.49,-0.55,-0.51,2026-08-27T00:00:00,1987-06-17T00:00:00,6/17/1987,550886400,2026-08-14T00:00:00
251,QQQX,-0.041100000000000005,9.1934,9.58753,0.738,16.18,3,Morningstar US CEF Covered Call,81,"Nuveen Fund Advisors, LLC.",True,30.79,0.27,32.11,2026-08-27T00:00:00,670699107,Nuveen NASDAQ 100 Dynamic Overwrite,2026-08-27,XQQQX,Equity-Covered-Call Funds,,1503.377,0.0,Quarterly,-0.030780000000000002,0.738,20.0,,,,0.89,,1567.828,False,True,True,False,True,False,,15.78,14.88,9.36,8.22,4.66,8.36,,,20.93,1035760,,,,,,,28.66947,-7.26226,1.47,0.5700000000000001,0.92,2026-08-27T00:00:00,2007-01-30T00:00:00,1/30/2007,1170115200,2026-06-15T00:00:00
252,NRK,-0.0087,7.5942,7.66082,0.0655,9.89,23,Morningstar US CEF Municipal-NY,81,"Nuveen Fund Advisors, LLC.",False,10.26,0.1,10.35,2026-08-27T00:00:00,670656107,Nuveen NY AMT - Free Quality Muni Inc,2026-08-27,XNRKX,Fixed Income - Municipal-Municipal - NY,42.81,895.034,0.004,Monthly,0.2495,0.0655,15.0,4.6883,,19.76,3.69,,902.885,True,False,True,False,False,False,,1.79,7.04,-2.16,-0.53,0.65,7.16,,,19.58,3192400,23.3,0.11000000000000001,94.7019,,15.06,9.38,10.28973,-4.77786,1.48,0.93,1.24,2026-08-27T00:00:00,2002-11-21T00:00:00,11/21/2002,1037836800,2026-08-14T00:00:00
253,NNY,-0.060899999999999996,4.06897,4.33293,0.0295,6.91,23,Morningstar US CEF Municipal-NY,81,"Nuveen Fund Advisors, LLC.",False,8.17,0.01,8.7,2026-08-27T00:00:00,67062M105,Nuveen NY Municipal Value,2026-08-27,XNNYX,Fixed Income - Municipal-Municipal - NY,0.0,154.299,-0.037,Monthly,0.17478,0.0295,10.0,4.7875,,19.89,0.5700000000000001,,164.309,True,False,False,False,False,False,,2.91,3.35,0.22,-0.52,1.09,-1.44,,,6.98,360010,28.8,0.0,96.2731,,,9.0,8.47851,-3.94501,-1.55,-1.5,-1.96,2026-08-27T00:00:00,1987-10-07T00:00:00,10/7/1987,560563200,2026-08-14T00:00:00
254,NAN,0.0055000000000000005,7.47938,7.43847,0.06799999999999999,9.63,23,Morningstar US CEF Municipal-NY,81,"Nuveen Fund Advisors, LLC.",False,10.97,0.04,10.91,2026-08-27T00:00:00,67066X107,Nuveen NY Quality Muni Inc,2026-08-27,XNANX,Fixed Income - Municipal-Municipal - NY,40.25,365.087,0.013000000000000001,Monthly,0.25368,0.06799999999999999,15.0,4.9942,,20.82,3.77,,363.091,True,False,False,False,False,False,,2.22,8.36,-1.8,-0.4,0.99,3.64,,,9.21,717110,27.2,0.01,97.6695,,13.22,8.79,11.41602,0.69132,-0.14,-1.45,-0.9400000000000001,2026-08-27T00:00:00,1999-05-26T00:00:00,5/26/1999,927676800,2026-08-14T00:00:00
255,JPC,-0.0349,9.68992,10.04016,0.0625,6.32,18,Morningstar US CEF Preferreds,81,"Nuveen Fund Advisors, LLC.",False,7.47,-0.02,7.74,2026-08-27T00:00:00,67073B106,Nuveen Pref & Income Opps Fund,2026-08-27,XJPCX,Fixed Income - Taxable-Preferreds,37.83,2807.827,-0.042,Monthly,0.24068,0.0625,15.0,7.7023,,,4.67,,2909.315,True,False,False,False,False,False,,10.9,15.6,3.45,3.54,0.96,0.19,,,4.86,9969870,7.5,0.0,103.4105,,,3.89,7.98877,0.06158,-3.24,-3.11,-2.6,2026-08-27T00:00:00,2003-03-26T00:00:00,3/26/2003,1048636800,2026-08-14T00:00:00
256,NAD,0.0147,7.3057,7.2,0.0705,8.56,21,Morningstar US CEF Municipal,81,"Nuveen Fund Advisors, LLC.",False,11.75,0.05,11.58,2026-08-27T00:00:00,67066V101,Nuveen Quality Muni Income Fund,2026-08-27,XNADX,Fixed Income - Municipal-Municipal,42.27,2750.491,0.023,Monthly,0.27975,0.0705,15.0,5.1645,,19.94,3.74,,2710.697,True,False,True,False,False,False,,2.5700000000000003,8.37,-1.56,-0.7000000000000001,0.5700000000000001,1.52,,,12.81,6669760,24.1,1.23,95.3843,,11.17,8.09,11.87697,-1.04867,1.8900000000000001,2.0,1.87,2026-08-27T00:00:00,1999-05-26T00:00:00,5/26/1999,927676800,2026-08-14T00:00:00
257,JRI,-0.057800000000000004,12.17325,12.91935,0.1335,13.71,25,Morningstar US CEF Global Allocation,81,"Nuveen Fund Advisors, LLC.",True,12.4,-0.04,13.16,2026-08-27T00:00:00,67074Y105,Nuveen Real Asset Inc and Grwt,2026-08-27,XJRIX,Hybrid-Global Allocation,31.88,448.859,0.0,Monthly,0.26714,0.1335,20.0,6.5074000000000005,,,3.9,,476.369,True,False,False,False,True,False,,11.2,16.53,4.8,6.41,8.08,2.2800000000000002,,,11.39,1456150,26.4,0.0,99.9859,,,,13.20189,-2.48387,-0.84,-0.84,-0.3,2026-08-27T00:00:00,2012-04-25T00:00:00,4/25/2012,1335312000,2026-08-14T00:00:00
258,JRS,-0.0876,8.21622,9.00474,0.19,23.03,7,Morningstar US CEF Real Estate,81,"Nuveen Fund Advisors, LLC.",True,8.44,-0.06,9.25,2026-08-27T00:00:00,67071B108,Nuveen Real Estate Income,2026-08-27,XJRSX,Equity-Real Estate,27.51,243.852,0.0,Quarterly,0.07692,0.19,15.0,,,,3.4,,267.255,True,True,False,False,True,False,,11.03,13.0,2.85,3.03,19.97,17.81,,,22.93,763290,0.0,,,,6.49,,8.05804,-8.24132,-0.34,0.62,0.77,2026-08-27T00:00:00,2001-11-15T00:00:00,11/15/2001,1005782400,2026-06-15T00:00:00
259,SPXX,-0.0875,8.02093,8.79041,0.4215,20.86,3,Morningstar US CEF Covered Call,81,"Nuveen Fund Advisors, LLC.",True,19.18,0.08,21.02,2026-08-27T00:00:00,6706EW100,Nuveen S&P 500 Dynamic Overwrite,2026-08-27,XSSPX,Equity-Covered-Call Funds,,2643.291,0.0,Quarterly,0.02449,0.4215,20.0,,,,0.9700000000000001,,2896.871,False,True,True,False,True,False,,15.26,13.57,10.36,8.08,10.38,6.76,,,11.01,1416960,,,,,,,17.84379,-8.95987,0.09,1.02,1.4,2026-08-27T00:00:00,2005-11-22T00:00:00,11/22/2005,1132617600,2026-06-15T00:00:00
260,NIM,-0.053099999999999994,3.55465,3.75405,0.028999999999999998,3.86,21,Morningstar US CEF Municipal,81,"Nuveen Fund Advisors, LLC.",False,9.27,-0.05,9.79,2026-08-27T00:00:00,67061T101,Nuveen Select Maturity Muni,2026-08-27,XNIMX,Fixed Income - Municipal-Municipal,0.41000000000000003,115.38,-0.007,Monthly,0.16949,0.028999999999999998,12.0,4.4675,,8.49,0.5800000000000001,,121.852,True,False,True,False,False,False,,2.98,4.39,0.93,-0.19,0.11,0.52,,,4.78,189650,18.0,1.32,97.8224,,,5.21,9.37577,-5.74035,0.32,0.47000000000000003,-0.02,2026-08-27T00:00:00,1992-09-18T00:00:00,9/18/1992,716774400,2026-08-14T00:00:00
261,NXP,0.0078000000000000005,4.55642,4.52113,0.0535,6.23,21,Morningstar US CEF Municipal,81,"Nuveen Fund Advisors, LLC.",False,14.2,-0.07,14.09,2026-08-27T00:00:00,67062F100,Nuveen Select Tax Free Inc,2026-08-27,XNXPX,Fixed Income - Municipal-Municipal,3.73,899.063,0.014,Monthly,0.28791,0.0535,15.0,5.046,,17.18,0.35000000000000003,,892.098,True,False,True,False,False,False,,3.62,3.45,0.77,-0.26,1.07,2.87,,,6.62,1421130,14.4,1.31,93.9607,,9.19,8.13,14.30029,-0.07675000000000001,0.91,0.8300000000000001,0.89,2026-08-27T00:00:00,1992-03-19T00:00:00,3/19/1992,700963200,2026-08-14T00:00:00
262,NBB,-0.024700000000000003,7.33376,7.51948,0.0965,4.88,20,Morningstar US CEF Taxable Muni,81,"Nuveen Fund Advisors, LLC.",False,15.4,-0.02,15.79,2026-08-27T00:00:00,67074C103,Nuveen Taxable Municipal Income,2026-08-27,XNBBX,Fixed Income - Taxable-Taxable Muni,38.1,452.679,-0.051000000000000004,Monthly,0.47616,0.0965,20.0,6.8179,,16.71,3.24,,464.143,True,False,True,False,False,False,,5.61,7.16,-1.06,-1.51,-0.27,0.47000000000000003,,,4.18,568260,5.6,0.0,100.5308,,,7.42,15.86837,-2.68835,0.23,0.64,0.54,2026-08-27T00:00:00,2010-04-27T00:00:00,4/27/2010,1272326400,2026-08-14T00:00:00
263,NPV,-0.04,6.7152,6.99526,0.0615,8.42,24,Morningstar US CEF Municipal-Single State,81,"Nuveen Fund Advisors, LLC.",False,10.55,0.02,10.99,2026-08-27T00:00:00,67064R102,Nuveen VA Quality Muni Inc,2026-08-27,XNPVX,Fixed Income - Municipal-Municipal - Single-State,40.51,206.778,0.026000000000000002,Monthly,0.2321,0.0615,15.0,4.869,,18.2,3.54,,215.402,True,False,False,False,False,False,,2.49,6.14,-1.6,-3.2800000000000002,0.29,1.47,,,5.83,515270,32.6,1.55,95.5169,,11.51,8.16,11.33946,-0.90939,-1.8,-1.9100000000000001,-2.55,2026-08-27T00:00:00,1993-03-18T00:00:00,3/18/1993,732412800,2026-08-14T00:00:00
264,NPFD,-0.030899999999999997,9.6854,9.99468,0.1565,6.38,18,Morningstar US CEF Preferreds,81,"Nuveen Fund Advisors, LLC.",False,18.79,0.04,19.39,2026-08-27T00:00:00,67080R102,Nuveen Variable Rate Pref & Inc Fund,2026-08-27,XNPFX,Fixed Income - Taxable-Preferreds,36.93,454.044,,Monthly,0.5723900000000001,0.1565,25.0,7.4788,,,4.79,,468.543,True,False,True,False,False,False,,10.43,13.81,,,1.08,1.06,,,3.15,653410,7.4,0.0,102.0238,,5.58,3.5300000000000002,19.18268,-3.9412700000000003,0.66,1.76,1.06,2026-08-27T00:00:00,2021-12-15T00:00:00,12/15/2021,1639526400,2026-08-14T00:00:00
265,SRV,0.009300000000000001,13.26553,13.14348,0.5,25.63,6,Morningstar US CEF MLP,33,Cushing Asset Management LP,False,45.65,0.45,45.23,2026-08-27T00:00:00,231631300,NXG Cushing Midstream Energy Fund,2026-08-27,XSRVX,Equity-MLP,29.55,284.599,,Monthly,0.0352,0.5,20.0,,,,4.32,,298.521,True,True,True,False,False,False,,24.46,22.46,19.45,27.98,27.19,29.19,,,30.57,570300,,,,,4.57,,44.47667,-0.9567700000000001,0.58,0.05,0.73,2026-08-27T00:00:00,2007-08-27T00:00:00,8/27/2007,1188172800,2026-08-17T00:00:00
266,NXG,0.0055000000000000005,12.87093,12.8,0.6,27.62,8,Morningstar US CEF Sector Equity,33,Cushing Asset Management LP,False,56.25,1.11,55.94,2026-08-27T00:00:00,231647207,NXG NextGen Infrastructure Inc,2026-08-27,XNXGX,Equity-Sector Equity,34.21,412.434,,Monthly,-0.24598,0.6,25.0,,,,4.16,,453.258,True,True,True,False,False,False,,21.85,30.9,13.05,18.26,28.67,19.49,,,20.07,686750,,,,,1.07,,53.71464,-1.34029,0.51,0.13,0.63,2026-08-27T00:00:00,2012-09-26T00:00:00,9/26/2012,1348617600,2026-08-17T00:00:00
267,MEGI,-0.07919999999999999,9.21376,10.00667,0.125,17.96,8,Morningstar US CEF Sector Equity,77,New York Life Investment Management LLC,False,14.99,-0.07,16.28,2026-08-27T00:00:00,56064Q107,NYLI CBRE Glb Infra Megatrends Term Fund,2026-08-27,XMEGI,Equity-Sector Equity,21.19,780.193,,Monthly,0.39004,0.125,20.0,,,,3.73,,847.334,True,True,True,False,False,False,,10.85,14.69,,,14.78,17.89,,,18.19,1542440,,,,,,,14.71345,-9.28891,0.84,0.8,1.23,2026-08-27T00:00:00,2021-10-27T00:00:00,10/27/2021,1635292800,2026-08-24T00:00:00
268,MMD,-0.069,5.03731,5.41082,0.06749999999999999,8.49,21,Morningstar US CEF Municipal,77,New York Life Investment Management LLC,False,14.97,-0.06,16.08,2026-08-27T00:00:00,56064K100,NYLI MacKay DefinedTerm Muni Opps Fund,2026-08-27,XMMDX,Fixed Income - Municipal-Municipal,36.56,281.128,0.24000000000000002,Monthly,0.42096,0.06749999999999999,20.0,5.1948,,,2.72,,301.974,True,False,True,False,False,True,,2.66,0.56,-0.8200000000000001,-3.32,1.62,3.42,,,7.61,633850,,,104.6098,,,5.7,15.14605,-7.24584,0.28,-0.05,0.28,2026-08-27T00:00:00,2012-06-27T00:00:00,6/27/2012,1340755200,2026-08-14T00:00:00
269,OCCI,-0.18960000000000002,18.34862,22.64151,0.049999999999999996,-32.59,19,Morningstar US CEF Senior Loans,82,"OFS Capital Management, LLC",True,2.65,0.25,3.32,2026-07-31T00:00:00,67111Q107,OFS Credit Company Inc,2026-08-27,OCCI,Fixed Income - Taxable-Senior Loans,47.95,77.683,,Monthly,0.33629000000000003,0.049999999999999996,20.0,13.384,,,13.31,,95.858,True,False,False,False,True,False,,-8.46,-16.6,-8.11,-12.48,-23.43,-41.66,,,-47.59,2845420,,,,,,,3.88403,-13.76938,-0.49,0.51,0.25,2026-08-27T00:00:00,2018-10-05T00:00:00,10/5/2018,1538697600,2026-08-14T00:00:00
270,OXLC,-0.0755,22.94455,24.81903,0.19999999999999998,-33.14,19,Morningstar US CEF Senior Loans,83,Oxford Lane Management,False,9.67,0.7000000000000001,10.66,2026-07-31T00:00:00,691543847,Oxford Lane Capital Corp,2026-08-27,OXLCX,Fixed Income - Taxable-Senior Loans,43.07,944.272,,Monthly,1.29355,0.19999999999999998,20.0,10.7207,,,9.78,,1021.415,True,False,True,False,False,False,,-2.86,-10.03,-1.6,-5.79,-19.43,-23.67,,,-28.21,12353010,,,,,,,12.00142,-15.99637,0.9,1.67,0.78,2026-08-27T00:00:00,2011-01-20T00:00:00,1/20/2011,1295481600,2026-08-17T00:00:00
271,PCM,-0.0182,14.016,14.27556,0.06423999999999999,5.95,16,Morningstar US CEF Limited Duration,84,"Pacific Investment Management Company, LLC",False,5.4,-0.01,5.5,2026-08-27T00:00:00,69323T101,PCM Fund,2026-08-27,XPCMX,Fixed Income - Taxable-Limited Duration,36.01,67.114,0.037,Monthly,0.31452,0.06423999999999999,15.0,6.3667,,6.53,4.76,,68.357,True,False,False,False,False,False,,7.84,-4.78,2.32,-2.6,0.89,-1.1400000000000001,,,1.09,527580,,,84.0078,,,,5.97865,3.53107,-1.51,-2.0,-1.81,2026-08-27T00:00:00,1993-09-02T00:00:00,9/2/1993,746928000,2026-08-13T00:00:00
272,PDCC,-0.18739999999999998,14.40443,17.72606,0.13,-28.86,19,Morningstar US CEF Senior Loans,86,Pearl Diver Capital LLP,True,8.8006,-0.37,10.96,2026-07-31T00:00:00,70476Q100,Pearl Diver Credit Company Inc,2026-08-27,PDCC,Fixed Income - Taxable-Senior Loans,35.25,60.457,,Monthly,0.93322,0.13,20.0,10.3892,,,8.24,,74.398,True,False,False,False,True,False,,,,,,-14.64,-30.16,,,-35.71,58310,,,,,,,12.70331,-4.79928,-1.9100000000000001,-1.15,-1.24,2026-08-27T00:00:00,2024-07-18T00:00:00,7/18/2024,1721260800,2026-08-17T00:00:00
273,PSUS,-0.22469999999999998,,,,,10,Morningstar US CEF US Equity,87,"Pershing Square Capital Management, L.P.",False,39.4,-0.1,50.82,2026-08-25T00:00:00,71531T105,"Pershing Square USA, Ltd",2026-08-27,PSUSX,Equity-U.S. Equity,,,,Annually,,,50.0,,,,0.0,,,False,True,True,False,False,False,,,,,,,,,,,0,,,,,,,,,,-1.06,,2026-08-27T00:00:00,2026-04-29T00:00:00,4/29/2026,1777420800,
274,GHY,-0.0916,9.86688,10.86207,0.105,6.5,14,Morningstar US CEF High Yield,88,PGIM,False,11.6,-0.01,12.77,2026-08-27T00:00:00,69346J106,"PGIM Global High Yield Fund, Inc.",2026-08-27,XGHYX,Fixed Income - Taxable-High Yield,16.06,475.149,,Monthly,0.4495,0.105,20.0,6.5282,,,2.5,,523.073,True,False,False,False,False,False,,10.44,11.82,4.18,4.61,2.09,-0.46,,,-1.53,1559140,,,96.0628,,,,12.27602,-5.98664,-1.2,-1.24,-1.1,2026-08-27T00:00:00,2012-12-21T00:00:00,12/21/2012,1356048000,2026-08-13T00:00:00
275,ISD,-0.0906,9.28519,10.2107,0.105,4.8,14,Morningstar US CEF High Yield,88,PGIM,False,12.34,-0.03,13.57,2026-08-27T00:00:00,69346H100,"PGIM High Yield Bond Fund, Inc.",2026-08-27,XISDX,Fixed Income - Taxable-High Yield,20.36,410.871,,Monthly,0.55298,0.105,20.0,6.6848,,,2.15,,451.825,True,False,False,False,False,False,,8.75,10.02,4.09,4.28,1.37,-9.87,,,-4.89,946100,,,97.3498,,,,13.76835,-0.92632,-1.79,-1.8900000000000001,-1.55,2026-08-27T00:00:00,2012-04-26T00:00:00,4/26/2012,1335398400,2026-08-13T00:00:00
276,SDHY,-0.0738,7.52613,8.12539,0.108,3.7800000000000002,14,Morningstar US CEF High Yield,88,PGIM,True,15.95,-0.06,17.22,2026-08-27T00:00:00,69355J104,PGIM Short Duration High Yield Opps,2026-08-27,XSDHX,Fixed Income - Taxable-High Yield,22.15,393.535,,Monthly,0.74624,0.108,20.0,6.4186,,,2.52,,424.87,True,False,False,False,True,False,,7.55,10.51,4.49,4.44,1.19,2.12,,,4.65,698560,,,98.7564,,,,16.3595,-6.70546,-0.63,-0.89,-0.13,2026-08-27T00:00:00,2020-11-25T00:00:00,11/25/2020,1606262400,2026-08-13T00:00:00
277,PAXS,-0.0335,12.2459,12.66996,0.1494,7.46,17,Morningstar US CEF Multi-Sector,90,PIMCO,True,14.15,0.06,14.64,2026-08-27T00:00:00,72203T100,PIMCO Access Income,2026-08-27,XPAAX,Fixed Income - Taxable-Multi-Sector,39.39,667.194,,Monthly,0.7612800000000001,0.1494,20.0,7.1091,,7.51,5.85,,690.299,True,False,False,False,True,False,,12.02,10.84,,,1.9100000000000001,-0.63,,,2.63,1866650,,,87.1897,,,,15.12508,0.52139,-1.27,-0.72,-0.78,2026-08-27T00:00:00,2022-01-31T00:00:00,1/31/2022,1643587200,2026-08-13T00:00:00
278,PCQ,-0.0944,4.48133,4.94845,0.036,10.39,22,Morningstar US CEF Municipal-CA,84,"Pacific Investment Management Company, LLC",False,8.73,-0.01,9.64,2026-08-27T00:00:00,72200N106,PIMCO CA Municipal Income,2026-08-27,XPCQX,Fixed Income - Municipal-Municipal - CA,42.58,490.038,0.161,Monthly,0.16229,0.036,15.0,4.7722,,14.81,4.27,,541.119,True,False,True,False,False,False,,2.05,-1.27,-2.98,-10.54,0.08,1.23,,,9.24,1545890,,,93.2247,,16.3,9.4,8.79384,-11.20854,2.18,1.81,2.15,2026-08-27T00:00:00,2001-06-29T00:00:00,6/29/2001,993772800,2026-08-13T00:00:00
279,PTY,0.0315,12.48336,12.10187,0.11879999999999999,8.93,15,Morningstar US CEF Investment Grade,90,PIMCO,False,11.78,0.02,11.42,2026-08-27T00:00:00,72201B101,PIMCO Corporate & Income Opportunity Fd,2026-08-27,XPTYX,Fixed Income - Taxable-Investment Grade,17.23,2585.725,0.218,Monthly,0.56621,0.11879999999999999,15.0,,,7.79,1.27,,2506.704,True,False,False,False,False,False,,15.21,3.15,8.08,-0.3,2.5700000000000003,-2.59,,,-5.69,10683590,,,92.5257,,,,12.74379,9.11364,-1.02,-0.44,-0.89,2026-08-27T00:00:00,2002-12-27T00:00:00,12/27/2002,1040947200,2026-08-13T00:00:00
280,PCN,0.0315,11.82137,11.4601,0.11249999999999999,7.57,15,Morningstar US CEF Investment Grade,84,"Pacific Investment Management Company, LLC",False,11.78,0.05,11.42,2026-08-27T00:00:00,72200U100,PIMCO Corporate & Income Strgy,2026-08-27,XPCNX,Fixed Income - Taxable-Investment Grade,5.8100000000000005,895.986,0.038,Monthly,0.55593,0.11249999999999999,15.0,,,7.24,1.2,,868.604,True,False,False,False,False,False,,13.43,5.59,6.97,1.05,2.09,-2.42,,,3.22,3262670,,,92.1813,,,,12.38594,5.89331,-0.89,0.66,-0.18,2026-08-27T00:00:00,2001-12-21T00:00:00,12/21/2001,1008892800,2026-08-13T00:00:00
281,PDI,-0.013999999999999999,16.8535,17.09302,0.2205,8.58,17,Morningstar US CEF Multi-Sector,84,"Pacific Investment Management Company, LLC",False,15.48,0.07,15.7,2026-08-27T00:00:00,72201Y101,PIMCO Dynamic Income Fund,2026-08-27,XPDIX,Fixed Income - Taxable-Multi-Sector,31.69,7363.639,,Monthly,0.8963,0.2205,25.0,7.0675,,7.46,4.46,,7468.29,True,False,False,False,False,False,,13.36,9.52,6.02,3.2800000000000002,2.17,-0.88,,,-2.8,28064420,,,89.285,,,,17.68916,7.58476,-1.9500000000000002,-1.6600000000000001,-2.02,2026-08-27T00:00:00,2012-05-25T00:00:00,5/25/2012,1337904000,2026-08-13T00:00:00
282,PDO,-0.0101,11.98126,12.1041,0.12789999999999999,9.26,13,Morningstar US CEF Global Income,84,"Pacific Investment Management Company, LLC",True,12.68,0.07,12.81,2026-08-27T00:00:00,69355M107,PIMCO Dynamic Income Opportunities Fund,2026-08-27,XPDOX,Fixed Income - Taxable-Global Income,34.38,1843.414,,Monthly,0.6564,0.12789999999999999,20.0,7.2428,,7.31,5.22,,1862.313,True,False,False,False,True,False,,13.44,12.57,3.39,3.0,2.17,0.9500000000000001,,,8.6,6221400,,,87.4408,,,,13.52228,3.46561,-2.27,-2.03,-1.77,2026-08-27T00:00:00,2021-01-29T00:00:00,1/29/2021,1611878400,2026-08-13T00:00:00
283,PDX,-0.0932,6.72323,7.41454,0.1334,7.64,25,Morningstar US CEF Global Allocation,90,PIMCO,True,21.59,-0.05,23.81,2026-08-27T00:00:00,69346N107,PIMCO Dynamic Income Strategy Fund,2026-08-27,XPDX,Hybrid-Global Allocation,22.4,965.223,,Monthly,0.70899,0.1334,20.0,6.1113,,6.61,3.29,,1064.473,True,True,True,False,True,True,,17.81,22.07,21.28,24.39,16.88,18.99,,,7.57,1221490,,,89.6993,,,,21.47888,-9.62459,0.19,0.19,0.58,2026-08-27T00:00:00,2019-01-30T00:00:00,1/30/2019,1548806400,2026-08-13T00:00:00
284,PGP,-0.0582,8.92241,9.47368,0.06899999999999999,22.26,25,Morningstar US CEF Global Allocation,84,"Pacific Investment Management Company, LLC",False,8.74,0.02,9.28,2026-08-27T00:00:00,722011103,PIMCO Global StocksPLUS & Income,2026-08-27,XPGPX,Hybrid-Global Allocation,48.33,101.312,0.07,Monthly,0.38544,0.06899999999999999,25.0,6.7163,,7.5600000000000005,2.5300000000000002,,107.571,True,False,False,False,False,False,,18.92,16.04,7.75,5.01,7.43,-2.01,,,11.55,436680,,,92.7925,,,,8.75969,-1.25594,-1.6600000000000001,-0.44,-1.0,2026-08-27T00:00:00,2005-05-31T00:00:00,5/31/2005,1117497600,2026-08-13T00:00:00
285,PHK,0.0178,12.82851,12.60394,0.048,9.2,17,Morningstar US CEF Multi-Sector,84,"Pacific Investment Management Company, LLC",False,4.57,0.05,4.49,2026-08-27T00:00:00,722014107,PIMCO High Income,2026-08-27,XPHKX,Fixed Income - Taxable-Multi-Sector,19.8,868.005,-0.044000000000000004,Monthly,0.23584,0.048,15.0,,,8.09,1.44,,852.81,True,False,False,False,False,False,,13.28,10.04,6.74,3.9699999999999998,3.27,2.98,,,7.96,7601550,,,92.8093,,,,4.7645,3.90584,-1.12,-0.5,-0.54,2026-08-27T00:00:00,2003-04-30T00:00:00,4/30/2003,1051660800,2026-08-13T00:00:00
286,PFL,0.012,12.98936,12.83574,0.0814,6.47,17,Morningstar US CEF Multi-Sector,90,PIMCO,False,7.61,0.01,7.52,2026-08-27T00:00:00,72201H108,PIMCO Income Strategy,2026-08-27,XPFLX,Fixed Income - Taxable-Multi-Sector,7.82,381.759,0.077,Monthly,0.35014,0.0814,20.0,,,6.86,1.8599999999999999,,377.244,True,False,False,False,False,False,,12.22,10.24,5.06,2.18,1.82,-1.46,,,3.7800000000000002,2066300,,,89.0405,,,,8.15121,4.27133,-1.48,-0.63,-0.89,2026-08-27T00:00:00,2003-08-26T00:00:00,8/26/2003,1061856000,2026-08-13T00:00:00
287,PFN,0.016,12.52326,12.32618,0.0718,8.39,17,Morningstar US CEF Multi-Sector,84,"Pacific Investment Management Company, LLC",False,6.99,0.04,6.88,2026-08-27T00:00:00,72201J104,PIMCO Income Strategy II,2026-08-27,XPFNX,Fixed Income - Taxable-Multi-Sector,24.01,695.324,0.094,Monthly,0.36318,0.0718,20.0,,,8.1,1.71,,684.381,True,False,False,False,False,False,,13.32,12.62,5.63,2.96,2.5300000000000002,1.45,,,6.5,4366270,,,91.5001,,,,7.23218,2.6507300000000003,-0.51,-0.03,0.26,2026-08-27T00:00:00,2004-10-29T00:00:00,10/29/2004,1099008000,2026-08-13T00:00:00
288,PML,-0.0541,6.10039,6.44898,0.0395,7.98,21,Morningstar US CEF Municipal,90,PIMCO,False,7.35,0.03,7.77,2026-08-27T00:00:00,72200W106,PIMCO Municipal Income II,2026-08-27,XPMLX,Fixed Income - Municipal-Municipal,43.09,922.188,0.10300000000000001,Monthly,0.22416,0.0395,15.0,4.8605,,14.19,4.19,,974.885,True,False,True,False,False,False,,1.25,-1.58,-3.76,-8.31,-0.23,0.38,,,8.03,4369140,,,95.705,,15.68,9.07,7.60663,-5.66282,0.21,1.56,1.02,2026-08-27T00:00:00,2002-06-28T00:00:00,6/28/2002,1025222400,2026-08-13T00:00:00
289,PNI,-0.1003,4.67018,5.19062,0.0295,9.07,23,Morningstar US CEF Municipal-NY,90,PIMCO,False,6.82,-0.01,7.58,2026-08-27T00:00:00,72200Y102,PIMCO NY Municipal Income II,2026-08-27,XPNIX,Fixed Income - Municipal-Municipal - NY,42.09,162.898,0.065,Monthly,0.17601,0.0295,15.0,4.8205,,14.29,4.31,,181.051,True,False,True,False,False,False,,0.88,1.19,-4.29,-6.12,0.3,1.6400000000000001,,,10.76,573160,,,96.1901,,16.81,9.8,6.95392,-10.93383,1.29,1.09,0.99,2026-08-27T00:00:00,2002-06-28T00:00:00,6/28/2002,1025222400,2026-08-13T00:00:00
290,RCS,0.1503,10.45752,9.09091,0.04,9.97,15,Morningstar US CEF Investment Grade,90,PIMCO,False,5.28,0.01,4.59,2026-08-27T00:00:00,72200X104,PIMCO Strategic Income Fund,2026-08-27,XRCSX,Fixed Income - Taxable-Investment Grade,80.27,250.328,0.019,Monthly,0.23481000000000002,0.04,12.5,6.5454,,7.52,3.49,,217.615,True,False,False,False,False,False,,15.1,7.43,5.04,1.8900000000000001,2.88,-2.14,,,-20.71,1545610,,,99.6224,,,,6.05054,30.78764,-0.9500000000000001,-0.62,-0.98,2026-08-27T00:00:00,1994-02-24T00:00:00,2/24/1994,762048000,2026-08-13T00:00:00
291,PWRL,-0.2539,,,,,8,Morningstar US CEF Sector Equity,91,Powerlaw Fund Adviser LLC,False,10.96,-0.81,14.69,2026-07-31T00:00:00,738922103,Powerlaw Corp.,2026-08-27,XPWRX,Equity-Sector Equity,,,,,,,,,,,0.0,,,False,True,True,False,False,False,,,,,,,,,,,0,,,,,,,,,,,,2026-08-27T00:00:00,2026-05-27T00:00:00,5/27/2026,1779840000,
292,PGZ,-0.0897,11.5279,12.66332,0.105,8.96,7,Morningstar US CEF Real Estate,92,Principal Funds,True,9.95,-0.02,10.93,2026-08-27T00:00:00,74255X104,Principal Real Estate Income Fund,2026-08-27,XPGZX,Equity-Real Estate,30.31,66.606,,Monthly,0.34794,0.105,20.0,3.6927,,,4.79,,73.167,True,False,True,False,True,False,,11.67,15.03,0.67,3.27,4.62,9.71,,,11.33,257100,,,80.4473,,4.67,,10.166,-9.98834,0.7000000000000001,-0.26,0.48,2026-08-27T00:00:00,2013-06-26T00:00:00,6/26/2013,1372204800,2026-08-17T00:00:00
293,UTG,-0.0024,6.5813500000000005,6.59686,0.21,5.44,8,Morningstar US CEF Sector Equity,93,Reaves Asset Management,True,38.2,-0.36,38.29,2026-08-27T00:00:00,756158101,Reaves Utility Income,2026-08-27,XUTGX,Equity-Sector Equity,21.15,3518.57,,Monthly,0.14102,0.21,20.0,,,,2.09,,3526.86,True,False,True,False,True,False,,19.31,19.41,9.79,9.59,8.3,8.31,,,6.88,2511310,,,,,2.62,,39.43981,-0.4559,0.18,0.34,0.28,2026-08-27T00:00:00,2004-02-24T00:00:00,2/24/2004,1077580800,2026-08-18T00:00:00
294,RCG,-0.055,,,0.022371,21.29,26,Morningstar US CEF US Allocation,63,Horizon Kinetics Asset Management LLC,False,2.92,-0.02,3.09,2026-08-27T00:00:00,759720105,RENN Fund ord,2026-08-27,XXRENNX,Hybrid-U.S. Allocation,11.03,20.486,,Data Not Available,-0.00658,0.022371,10.0,,,,1.56,,21.679,True,True,True,False,False,False,,13.08,18.38,6.45,7.85,12.72,17.32,,,16.41,79580,,,,,0.15,,2.7777700000000003,-9.59925,1.0,0.71,0.64,2026-08-27T00:00:00,1994-01-20T00:00:00,1/20/1994,759024000,2024-12-16T00:00:00
295,RSF,-0.0269,11.04903,11.35404,0.1371,8.08,14,Morningstar US CEF High Yield,94,"RiverNorth Capital Management, LLC",False,14.49,-0.05,14.89,2026-08-27T00:00:00,76882B108,RiverNorth Capital and Inc Fund,2026-08-27,XRSFX,Fixed Income - Taxable-High Yield,9.65,50.2,,Monthly,1.04616,0.1371,21.42,,,,6.38,,51.585,True,False,True,False,False,False,,8.74,9.04,6.15,5.58,4.37,8.18,,,10.67,166260,,,,,2.96,,14.58333,-4.16271,1.37,1.03,0.89,2026-08-27T00:00:00,2016-09-22T00:00:00,9/22/2016,1474502400,2026-08-14T00:00:00
296,RFM,-0.0755,6.82065,7.37753,0.0881,10.95,21,Morningstar US CEF Municipal,94,"RiverNorth Capital Management, LLC",True,14.33,-0.08,15.5,2026-08-27T00:00:00,76883H104,RiverNorth Flexible Municipal Income,2026-08-27,XRFMX,Fixed Income - Municipal-Municipal,40.44,87.624,,Monthly,0.26571,0.0881,20.0,5.1339,,,4.92,,94.778,True,False,True,False,True,True,,4.1,3.86,-1.04,-1.48,3.7800000000000002,8.81,,,14.23,210330,,,101.6818,,17.23,17.45,14.39118,-8.74252,0.92,-0.33,0.43,2026-08-27T00:00:00,2020-03-26T00:00:00,3/26/2020,1585180800,2026-08-14T00:00:00
297,RFMZ,-0.075,6.82803,7.38179,0.0804,10.94,21,Morningstar US CEF Municipal,94,"RiverNorth Capital Management, LLC",True,13.07,-0.03,14.13,2026-08-27T00:00:00,76883Y107,RiverNorth Flexible Municipal Income II,2026-08-27,XRFZX,Fixed Income - Municipal-Municipal,40.88,318.277,,Monthly,0.25023,0.0804,20.0,5.1559,,,5.04,,344.09,True,True,True,False,True,True,,4.38,5.07,-0.72,-1.81,3.54,7.66,,,12.87,750830,,,101.2073,,16.29,15.96,13.04285,-9.29952,1.3,-0.1,0.76,2026-08-27T00:00:00,2021-02-24T00:00:00,2/24/2021,1614124800,2026-08-14T00:00:00
298,RMMZ,-0.04769999999999999,6.84507,7.1879,0.0891,10.36,21,Morningstar US CEF Municipal,94,"RiverNorth Capital Management, LLC",False,14.875,0.14,15.62,2026-08-27T00:00:00,76882M104,RiverNorth Manage Dur Muni Inc Fd II Inc,2026-08-27,XRMZX,Fixed Income - Municipal-Municipal,41.35,125.768,,Monthly,0.25979,0.0891,20.0,5.1833,,,4.97,,132.067,True,True,True,False,False,True,,3.86,4.64,,,3.33,5.92,,,13.83,223040,,,102.0403,,16.06,14.6,14.81276,-6.94015,2.26,3.5,3.11,2026-08-27T00:00:00,2022-02-10T00:00:00,2/10/2022,1644451200,2026-08-14T00:00:00
299,RMM,-0.0438,6.84444,7.15775,0.0847,10.76,21,Morningstar US CEF Municipal,94,"RiverNorth Capital Management, LLC",False,14.2,-0.04,14.85,2026-08-27T00:00:00,76882H105,RiverNorth Managed Duration Muni Inc Fd,2026-08-27,XRMMX,Fixed Income - Municipal-Municipal,41.1,280.303,,Monthly,0.2686,0.0847,20.0,5.105,,,4.75,,293.133,True,True,True,False,False,True,,4.11,4.09,0.4,-0.91,3.43,9.68,,,11.4,666870,,,101.5299,,9.95,16.69,14.17795,-6.298,1.04,-0.53,0.42,2026-08-27T00:00:00,2019-07-25T00:00:00,7/25/2019,1564012800,2026-08-14T00:00:00
300,RMI,-0.032,6.82534,7.05089,0.08889999999999999,11.12,21,Morningstar US CEF Municipal,94,"RiverNorth Capital Management, LLC",False,15.13,0.01,15.63,2026-08-27T00:00:00,76883F108,RiverNorth Opp Muni Income Fund Inc,2026-08-27,XRMIX,Fixed Income - Municipal-Municipal,40.15,96.447,,Monthly,0.26035,0.08889999999999999,20.0,5.14,,,4.93,,99.634,True,True,True,False,False,True,,4.1,5.51,-1.04,-0.11,3.84,13.9,,,20.63,234800,,,101.6429,,16.95,16.93,15.00128,-5.68277,0.87,0.04,0.08,2026-08-27T00:00:00,2018-10-25T00:00:00,10/25/2018,1540425600,2026-08-14T00:00:00
301,RIV,-0.09140000000000001,12.90939,14.20852,0.1306,9.59,26,Morningstar US CEF US Allocation,94,"RiverNorth Capital Management, LLC",True,11.03,0.0,12.14,2026-08-27T00:00:00,76881Y109,RiverNorth Opportunities Fund,2026-08-27,XRIVX,Hybrid-U.S. Allocation,25.72,301.905,,Monthly,0.24094000000000002,0.1306,20.0,6.1355,,7.28,2.07,,332.287,True,False,False,False,True,True,,12.6,13.68,6.64,4.01,1.9100000000000001,4.66,,,5.58,1004360,,,97.8914,,,,11.6692,-5.4768,-1.97,-2.24,-2.87,2026-08-27T00:00:00,2015-12-23T00:00:00,12/23/2015,1450828800,2026-08-14T00:00:00
302,OPP,-0.0868,13.34963,14.61847,0.091,7.68,14,Morningstar US CEF High Yield,94,"RiverNorth Capital Management, LLC",True,7.47,0.01,8.18,2026-08-27T00:00:00,76882G107,RiverNorth/DoubleLine Strategic Opp Fund,2026-08-27,XOPPX,Fixed Income - Taxable-High Yield,37.76,186.676,,Monthly,0.31625000000000003,0.091,20.0,4.9979,,,2.7800000000000002,,204.419,True,False,False,False,True,True,,9.76,10.85,2.48,0.55,1.5899999999999999,4.03,,,2.62,1032920,,,75.0367,,,,7.9020600000000005,-8.30483,-0.18,-0.33,0.0,2026-08-27T00:00:00,2016-09-27T00:00:00,9/27/2016,1474934400,2026-08-14T00:00:00
303,RVI,0.1099,,,,,5,Morningstar US CEF Global Equity,95,"Robinhood Ventures DE, LLC",True,27.77,-6.18,25.02,2026-06-30T00:00:00,770701100,Robinhood Ventures Fund I,2026-08-27,XRVIX,Equity-Global Equity,,756.655,,Annually,,,25.0,,,,2.72,,681.725,False,True,True,False,True,False,,,,,,,,,,,0,,,,,,,,,,-0.66,,2026-08-27T00:00:00,2026-03-06T00:00:00,3/6/2026,1772755200,
304,BOT,1.2951,,,,,8,Morningstar US CEF Sector Equity,52,"FP Strategies, LLC",True,26.84,-2.5700000000000003,11.32,2026-07-31T00:00:00,77106T107,RoboStrategy Inc,2026-08-27,XBOTX,Equity-Sector Equity,,,,,,,,,,,0.0,,,False,True,True,False,True,False,,,,,,,,,,,0,,,,,,,,,,,,2026-08-27T00:00:00,2026-05-11T00:00:00,5/11/2026,1778457600,
305,RGT,-0.1367,1.05614,1.22344,0.19,24.87,5,Morningstar US CEF Global Equity,96,Royce Investment Partners,False,15.53,0.04,17.99,2026-08-27T00:00:00,78081T104,"Royce Global Trust, Inc.",2026-08-27,XRGTX,Equity-Global Equity,2.11,101.921,,Annually,0.26180000000000003,0.19,8.975,,,,1.35,,118.066,True,True,True,False,False,False,,17.94,19.95,6.35,5.53,14.44,15.33,,,26.65,200990,,,,,,,13.78661,-14.71852,0.93,1.19,1.44,2026-08-27T00:00:00,2013-10-18T00:00:00,10/18/2013,1382054400,2025-12-11T00:00:00
306,RMT,-0.11539999999999999,5.26976,5.95745,0.21,51.45,10,Morningstar US CEF US Equity,96,Royce Investment Partners,True,14.1,-0.08,15.94,2026-08-27T00:00:00,780915104,Royce Micro-Cap Trust,2026-08-27,XOTCX,Equity-U.S. Equity,2.31,754.047,,Quarterly,-0.04772,0.21,10.0,,,,1.3900000000000001,,852.448,True,True,False,False,True,False,,21.63,23.15,10.4,11.65,33.46,34.78,,,54.46,1215330,,,,,,,12.02977,-11.43979,-0.14,0.01,-0.5,2026-08-27T00:00:00,1993-12-14T00:00:00,12/14/1993,755827200,2026-06-11T00:00:00
307,RVT,-0.09949999999999999,5.93018,6.58524,0.31,30.6,10,Morningstar US CEF US Equity,96,Royce Investment Partners,True,18.83,0.07,20.91,2026-08-27T00:00:00,780910105,Royce Small-Cap Trust,2026-08-27,XRVTX,Equity-U.S. Equity,1.38,2252.593,,Quarterly,0.08396,0.31,10.0,,,,1.35,,2501.418,True,True,False,False,True,False,,16.35,17.3,8.13,8.77,20.38,16.39,,,29.81,2744670,,,,,,,17.26015,-9.75389,-0.1,1.75,-0.03,2026-08-27T00:00:00,1986-11-26T00:00:00,11/26/1986,533347200,2026-06-11T00:00:00
308,BRW,-0.1197,13.87755,15.76507,0.08499999999999999,-0.42,19,Morningstar US CEF Senior Loans,97,"Saba Capital Management, LP",False,6.47,0.0,7.35,2026-08-27T00:00:00,78518H202,Saba Capital Income & Opportunities Fund,2026-08-27,XPPRX,Fixed Income - Taxable-Senior Loans,12.26,336.02,,Monthly,0.07357,0.08499999999999999,10.0,,,,5.82,,381.722,True,False,False,False,False,False,,9.06,8.6,7.26,7.29,3.13,3.06,,,-8.46,2701620,,,,,6.5,,6.9507,-10.53851,-0.64,-1.37,-0.55,2026-08-27T00:00:00,1988-05-12T00:00:00,5/12/1988,579398400,2026-08-11T00:00:00
309,SABA,-0.1412,7.28033,8.47747,0.057999999999999996,2.16,13,Morningstar US CEF Global Income,97,"Saba Capital Management, LP",False,8.21,0.02,9.56,2026-08-27T00:00:00,880198205,Saba Capital Income & Ops Fund II,2026-08-27,XSABX,Fixed Income - Taxable-Global Income,,221.582,,Monthly,0.07175000000000001,0.057999999999999996,10.0,7.8815,,7.8100000000000005,4.58,,258.018,False,False,False,False,False,False,,9.87,8.32,4.7,2.9699999999999998,5.5600000000000005,4.88,,,-2.96,725210,,,,,,,8.47539,-12.27125,-1.13,-1.01,-0.92,2026-08-27T00:00:00,1988-03-17T00:00:00,3/17/1988,574560000,2026-08-11T00:00:00
310,SPMC,-0.0074,25.50478,25.69593,0.13,-35.7,19,Morningstar US CEF Senior Loans,99,Sound Point Meridian Management Company LLC,True,9.34,-0.93,9.61,2026-07-31T00:00:00,83617A108,Sound Point Meridian Capital Inc,2026-08-27,,Fixed Income - Taxable-Senior Loans,46.91,192.673,,Monthly,1.06488,0.13,20.0,,,,10.95,,194.117,True,False,True,False,True,False,,,,,,-21.15,-12.65,,,-28.89,287870,,,,,,,12.63828,-0.8152,0.01,-0.78,-0.35000000000000003,2026-08-27T00:00:00,2024-06-14T00:00:00,6/14/2024,1718323200,2026-08-14T00:00:00
311,SOR,-0.08349999999999999,4.9214400000000005,5.3697099999999995,0.20829999999999999,15.85,26,Morningstar US CEF US Allocation,48,"First Pacific Advisors, LP",True,46.55,-0.05,50.79,2026-08-27T00:00:00,836144303,Source Capital,2026-08-27,XSORX,Hybrid-U.S. Allocation,0.0,383.152,,Monthly,1.17317,0.20829999999999999,17.5,3.0676,,,0.9800000000000001,,418.051,True,True,False,False,True,False,,13.81,15.06,9.11,9.52,6.99,5.01,,,13.95,107930,,,,,,,46.27994,-5.10115,-1.34,-0.38,-0.8300000000000001,2026-08-27T00:00:00,1968-10-24T00:00:00,10/24/1968,-37497600,2026-08-13T00:00:00
312,SPE,-0.1378,8.31888,9.64793,0.10869999999999999,1.6099999999999999,10,Morningstar US CEF US Equity,22,Bulldog Investors LLP,False,13.52,0.2,15.68,2026-08-21T00:00:00,84741T104,Special Opportunities,2026-08-27,XSPEX,Equity-U.S. Equity,25.12,143.625,,Monthly,0.02606,0.10869999999999999,15.0,5.1616,,19.11,1.8599999999999999,,166.571,True,False,False,False,False,False,,12.94,15.74,8.25,8.13,-1.74,-5.7,,,-2.27,343470,,,,,,,14.53305,-10.76653,-1.51,-0.03,-0.85,2026-08-27T00:00:00,1993-06-08T00:00:00,6/8/1993,739497600,2026-08-18T00:00:00
313,FUND,-0.1016,4.78254,5.32336,0.1424,35.81,10,Morningstar US CEF US Equity,101,Sprott Asset Management USA Inc.,True,10.7,-0.07,11.91,2026-08-27T00:00:00,85208J109,Sprott Focus Trust,2026-08-27,XFUNX,Equity-U.S. Equity,0.0,319.884,,Quarterly,0.07343,0.1424,10.0,,,,1.13,,356.058,True,True,True,False,True,False,,13.63,13.33,11.1,11.84,17.15,17.55,,,38.28,263640,,,,,,,9.33202,-10.538450000000001,0.53,-0.39,0.07,2026-08-27T00:00:00,1988-03-01T00:00:00,3/1/1988,573177600,2026-06-12T00:00:00
314,CEF,-0.022099999999999998,,,,33.08,2,Morningstar US CEF Commodity,100,Sprott Asset Management LP,False,47.39,0.53,48.46,2026-08-27T00:00:00,85208R101,Sprott Physical Gold and Silver Trust,2026-08-27,XCEFX,Equity-Commodities,,8153.796,,Data Not Available,0.0,,13.72,,,,0.46,,8337.897,False,True,True,False,False,False,,28.46,28.86,16.96,16.5,-12.05,-12.64,,,32.84,10677030,,,,,,,44.36563,-4.35405,1.54,2.37,2.35,2026-08-27T00:00:00,2018-01-16T00:00:00,1/16/2018,1516060800,
315,PHYS,-0.0174,,,,22.24,2,Morningstar US CEF Commodity,100,Sprott Asset Management LP,False,35.0,0.11,35.62,2026-08-27T00:00:00,85207H104,Sprott Physical Gold Trust Unit,2026-08-27,,Equity-Commodities,,16962.203,,Data Not Available,0.0,,10.0,,,,0.4,,17262.676,False,True,True,False,False,False,,26.4,25.98,16.7,16.33,-6.61,-7.36,,,21.53,49232290,,,,,,,33.27874,-2.24038,0.85,1.98,1.77,2026-08-27T00:00:00,2010-02-26T00:00:00,2/26/2010,1267142400,
316,SPPP,-0.037000000000000005,,,,16.36,2,Morningstar US CEF Commodity,100,Sprott Asset Management LP,False,14.85,0.2,15.42,2026-08-27T00:00:00,85207Q104,Sprott Physical Platinum & Palladium Tr,2026-08-27,,Equity-Commodities,,592.747,,Data Not Available,0.0,,10.0,,,,1.01,,615.499,False,False,True,False,False,False,,7.42,5.75,-5.38,-5.73,-20.59,-20.37,,,12.5,9132500,,,,,,,15.1754,-4.72966,0.46,2.12,2.5300000000000002,2026-08-27T00:00:00,2012-12-19T00:00:00,12/19/2012,1355875200,
317,PSLV,-0.0305,,,,55.05,2,Morningstar US CEF Commodity,100,Sprott Asset Management LP,False,22.9,0.4,23.62,2026-08-27T00:00:00,85207K107,Sprott Physical Silver Trust Unit,2026-08-27,,Equity-Commodities,,14491.651,,Data Not Available,0.0,,10.0,,,,0.56,,14947.284,False,True,True,False,False,False,,31.23,30.55,16.58,16.13,-20.05,-20.51,,,51.37,172562680,,,,,,,21.71605,-4.54262,0.92,1.97,2.16,2026-08-27T00:00:00,2010-10-29T00:00:00,10/29/2010,1288310400,
318,STEW,-0.2189,3.367,4.31034,0.19999999999999998,11.02,10,Morningstar US CEF US Equity,85,Paralel Advisors LLC,True,18.56,-0.11,23.76,2026-08-27T00:00:00,101507101,SRH Total Return Fund,2026-08-27,XSTEX,Equity-U.S. Equity,8.86,1789.954,,Quarterly,0.03245,0.19999999999999998,10.0,5.4498,,,1.42,,2291.45,True,True,False,False,True,False,,15.95,15.04,11.88,10.47,6.48,3.35,,,9.26,810420,,,,,0.4,,17.95141,-21.4631,-0.41000000000000003,1.74,0.44,2026-08-27T00:00:00,1972-12-07T00:00:00,12/7/1972,92534400,2026-07-24T00:00:00
319,TWN,-0.17370000000000002,4.99734,6.0478,6.2002,103.15,1,Morningstar US CEF Asia Equity,80,Nomura Asset Management USA Inc,False,102.52,2.17,124.07,2026-08-27T00:00:00,874036106,Taiwan Fund,2026-08-27,XXTWNXX,Equity-Asia Equity,,588.674,,Annually,0.0,6.2002,22.42,,,,1.32,,712.415,False,True,False,False,False,False,,48.55,49.24,27.9,27.3,63.26,53.82,,,100.36,304340,,,,,,,70.85774,-15.79917,-0.7000000000000001,-0.16,-0.28,2026-08-27T00:00:00,1986-12-23T00:00:00,12/23/1986,535680000,2025-12-29T00:00:00
320,TSI,-0.0909,7.01653,7.71818,0.0283,0.9500000000000001,17,Morningstar US CEF Multi-Sector,102,TCW Investment Management Co LLC,False,4.4,0.0,4.84,2026-08-27T00:00:00,872340104,TCW Strategic Income,2026-08-27,XXCVTXX,Fixed Income - Taxable-Multi-Sector,0.0,210.256,,Monthly,0.13571,0.0283,10.0,4.6909,,,1.17,,231.282,True,False,False,False,False,False,,5.94,6.03,2.92,1.75,-1.82,-6.99,,,-2.89,1222620,,,97.6881,,,,4.70526,-6.77553,-1.35,-0.76,-0.93,2026-08-27T00:00:00,1987-03-05T00:00:00,3/5/1987,541900800,2026-08-17T00:00:00
321,TDF,-0.1352,4.77327,5.51978,0.15,9.0,1,Morningstar US CEF Asia Equity,103,Templeton Asset Management Ltd.,False,10.870000000000001,0.0,12.57,2026-08-27T00:00:00,88018T101,Templeton Dragon,2026-08-27,XTDFX,Equity-Asia Equity,0.31,274.099,,Quarterly,0.02559,0.15,15.0,,,,1.21,,316.966,True,False,True,False,False,False,,4.39,4.69,-6.53,-6.95,-2.38,-2.35,,,9.5,749560,,,,,,,11.22192,-14.09805,0.63,0.64,0.87,2026-08-27T00:00:00,1994-09-20T00:00:00,9/20/1994,780019200,2026-06-23T00:00:00
322,TEI,-0.044800000000000006,9.07563,9.50147,0.054,26.37,12,Morningstar US CEF Emerging Market Income,53,"Franklin Advisers, Inc.",False,6.82,0.0,7.14,2026-08-27T00:00:00,880192109,Templeton Emerg Mkts Income,2026-08-27,XTEIX,Fixed Income - Taxable-Emerging Market Income,16.14,322.098,,Monthly,0.3607,0.054,15.0,8.0859,,,2.37,,337.211,True,True,True,False,False,False,,18.04,21.68,7.55,8.57,8.9,8.47,,,27.71,1855560,,,,,5.59,,6.48438,-5.78357,0.81,0.84,1.1400000000000001,2026-08-27T00:00:00,1993-09-23T00:00:00,9/23/1993,748742400,2026-08-24T00:00:00
323,EMF,-0.1057,3.78698,4.23467,0.24,61.36,4,Morningstar US CEF Emerging Market Equity,55,Franklin Templeton Investments,False,22.67,0.15,25.35,2026-08-27T00:00:00,880191101,Templeton Emerging Markets,2026-08-27,XEMFX,Equity-Emerging Market Equity,2.59,338.869,,Quarterly,0.05477,0.24,20.0,,,,1.34,,378.929,True,True,False,False,False,False,,28.25,30.01,12.18,13.05,30.73,27.3,,,62.32,408390,,,,,,,19.34138,-10.16479,-0.27,-0.27,-0.09,2026-08-27T00:00:00,1987-02-26T00:00:00,2/26/1987,541296000,2026-06-23T00:00:00
324,CEE,-0.1309,1.69483,1.9501300000000001,0.3871,46.04,4,Morningstar US CEF Emerging Market Equity,40,DWS,False,19.85,-0.31,22.84,2026-08-27T00:00:00,153436100,The Central and Eastern Europe Fund,2026-08-27,XCEEX,Equity-Emerging Market Equity,4.7,129.426,,Annually,0.05509,0.3871,19.0,,,,1.26,,148.921,True,True,False,False,False,False,,39.03,33.55,-4.08,-2.5300000000000002,28.47,15.88,,,37.21,275580,,,,,,,18.5822,-1.53577,-3.8200000000000003,-2.39,-3.21,2026-08-27T00:00:00,1990-03-06T00:00:00,3/6/1990,636681600,2025-12-30T00:00:00
325,TBLD,-0.054299999999999994,5.28335,5.58677,0.10417,21.59,25,Morningstar US CEF Global Allocation,105,Thornburg Investment Management Inc,False,22.375,-0.07,23.66,2026-08-27T00:00:00,885213108,Thornburg Income Builder Opp Trust,2026-08-27,XTBLX,Hybrid-Global Allocation,0.07,717.832,,Monthly,0.26058,0.10417,20.0,5.557,,,1.62,,759.057,True,True,True,False,False,True,,16.37,20.18,10.23,9.39,12.09,12.17,,,19.33,600160,,,89.9154,,,,21.13777,-5.63697,0.17,0.34,0.15,2026-08-27T00:00:00,2021-07-27T00:00:00,7/27/2021,1627344000,2026-08-13T00:00:00
326,TYG,-0.0383,12.62738,13.13062,0.475,6.26,6,Morningstar US CEF MLP,106,"Tortoise Capital Advisors, LLC",False,43.41,0.08,45.14,2026-08-27T00:00:00,89147L886,Tortoise Energy Infrastructure Corp.,2026-08-27,XTYGX,Equity-MLP,27.24,917.236,,Monthly,-0.21128,0.475,25.0,,,,3.13,,1147.021,True,False,True,False,False,False,,17.03,24.32,14.83,21.17,9.8,12.58,,,11.47,1271780,,,,,0.25,,44.58295,-4.91568,0.33,1.06,0.07,2026-08-27T00:00:00,2004-02-27T00:00:00,2/27/2004,1077840000,2026-08-24T00:00:00
327,SWZ,-0.19030000000000002,7.87099,9.72067,3.0,5.14,9,Morningstar US CEF Single Country Equity,22,Bulldog Investors LLP,False,6.0,0.03,7.41,2026-08-27T00:00:00,870875101,Total Return Securities Fund,2026-08-27,XSWZX,Equity-Single-Country Equity,0.0,77.843,,Quarterly,0.01728,3.0,8.0,5.1558,,19.63,2.21,,96.136,True,False,False,False,False,False,,1.6600000000000001,0.8,1.03,0.73,6.5,-5.14,,,-4.22,667640,,,,,,9.02,6.02491,-16.23971,-0.9500000000000001,0.9400000000000001,-0.35000000000000003,2026-08-27T00:00:00,1987-08-27T00:00:00,8/27/1987,557020800,2025-03-18T00:00:00
328,TY,-0.1047,2.86994,3.20539,0.2852,17.54,26,Morningstar US CEF US Allocation,31,"Columbia Mgmt Investment Advisers, LLC",False,35.59,-0.11,39.75,2026-08-27T00:00:00,895436103,Tri-Continental,2026-08-27,XTYCX,Hybrid-U.S. Allocation,1.74,1904.619,,Quarterly,0.5488000000000001,0.2852,10.0,6.0621,,,0.46,,2117.704,True,True,False,False,False,False,,15.17,17.54,9.49,11.0,9.24,10.29,,,19.03,357540,,,,,4.48,,33.89398,-10.2365,-0.29,-1.18,-0.3,2026-08-27T00:00:00,1929-01-14T00:00:00,1/14/1929,-1292716800,2026-06-16T00:00:00
329,AIO,-0.06849999999999999,7.62174,8.18182,0.18,31.06,8,Morningstar US CEF Sector Equity,108,"Virtus Investment Advisers, LLC",False,26.4,0.4,28.34,2026-08-27T00:00:00,92838Y100,Virtus AI & Tech Opp Fund,2026-08-27,XAIOX,Equity-Sector Equity,11.88,909.191,,Monthly,0.025490000000000002,0.18,20.0,4.6834,,,2.32,,976.002,True,True,True,False,False,False,,22.72,22.7,10.79,11.68,21.04,21.33,,,15.68,840170,,,,,,,24.22042,-8.23415,0.47000000000000003,2.0,2.35,2026-08-27T00:00:00,2019-10-31T00:00:00,10/31/2019,1572480000,2026-08-13T00:00:00
330,NCV,-0.0745,9.00662,9.73166,0.13599999999999998,28.56,11,Morningstar US CEF Convertibles,108,"Virtus Investment Advisers, LLC",False,16.77,0.19,18.12,2026-08-27T00:00:00,92838X805,Virtus Convertible & Income Fund,2026-08-27,XNCVX,Fixed Income - Taxable-Convertibles,33.92,378.891,0.012,Monthly,0.12557000000000001,0.13599999999999998,15.0,4.2431,,,2.8200000000000003,,409.392,True,True,True,False,False,False,,16.58,18.33,4.16,4.45,14.72,17.13,,,29.43,871550,,,112.1538,,6.02,,16.04651,-9.95589,1.99,1.58,1.9100000000000001,2026-08-27T00:00:00,2003-03-31T00:00:00,3/31/2003,1049068800,2026-08-13T00:00:00
331,NCZ,-0.0492,8.74848,9.20128,0.12,30.21,11,Morningstar US CEF Convertibles,108,"Virtus Investment Advisers, LLC",False,15.65,0.21,16.46,2026-08-27T00:00:00,92838U801,Virtus Convertible & Income Fund II,2026-08-27,XNCZX,Fixed Income - Taxable-Convertibles,34.64,297.803,0.0,Monthly,0.10316,0.12,15.0,4.1644,,,2.22,,313.216,True,True,True,False,False,False,,17.23,19.64,4.31,5.23,15.73,18.67,,,29.88,652420,,,111.4938,,6.05,,14.58099,-9.55751,3.04,2.06,2.77,2026-08-27T00:00:00,2003-07-31T00:00:00,7/31/2003,1059609600,2026-08-13T00:00:00
332,ACV,-0.0202,7.93826,8.10203,0.18,27.07,26,Morningstar US CEF US Allocation,108,"Virtus Investment Advisers, LLC",False,26.66,0.23,27.21,2026-08-27T00:00:00,92840N100,Virtus Diversified Inc & Conv Fund,2026-08-27,XACVX,Hybrid-U.S. Allocation,27.14,277.158,,Monthly,-0.00934,0.18,25.0,3.5932,,,3.63,,282.876,True,True,False,False,False,True,,18.67,20.58,7.73,8.85,13.66,6.66,,,30.38,299220,,,,,74.56,,26.27273,-0.44779,-0.44,0.05,-0.11,2026-08-27T00:00:00,2015-05-26T00:00:00,5/26/2015,1432598400,2026-08-13T00:00:00
333,NIE,-0.1134,7.89922,8.90937,0.58,18.55,26,Morningstar US CEF US Allocation,108,"Virtus Investment Advisers, LLC",False,26.04,0.12,29.37,2026-08-27T00:00:00,92841M101,Virtus Equity & Convertible Inc Fund,2026-08-27,XNIEX,Hybrid-U.S. Allocation,,721.541,0.0,Quarterly,0.03966,0.58,25.0,2.0791,,,1.07,,813.812,False,True,False,False,False,False,,15.76,16.3,8.25,9.54,9.76,8.61,,,19.19,587800,,,,,,,25.5254,-10.37701,-0.9400000000000001,-0.27,-0.29,2026-08-27T00:00:00,2007-02-27T00:00:00,2/27/2007,1172534400,2026-06-15T00:00:00
334,VGI,-0.06269999999999999,12.29193,13.11475,0.08,6.99,17,Morningstar US CEF Multi-Sector,108,"Virtus Investment Advisers, LLC",True,7.32,0.01,7.81,2026-08-27T00:00:00,92829B101,Virtus Global Multi-Sector Income Fund,2026-08-27,XVGIX,Fixed Income - Taxable-Multi-Sector,30.73,82.812,,Monthly,0.22072,0.08,20.0,6.035,,7.5,3.98,,88.355,True,False,False,False,True,False,,7.97,10.72,1.47,1.51,1.31,-0.62,,,4.14,372200,,,97.9305,,,,7.65953,-5.7632200000000005,-0.4,1.01,0.62,2026-08-27T00:00:00,2012-02-23T00:00:00,2/23/2012,1329955200,2026-08-13T00:00:00
335,EDF,0.038,14.4,13.87283,0.06,20.16,12,Morningstar US CEF Emerging Market Income,109,Virtus Investment Advisors (VIA),False,5.19,0.03,5.0,2026-08-27T00:00:00,86164T107,Virtus Stone Harbor Emerging Markets Inc,2026-08-27,XEDFX,Fixed Income - Taxable-Emerging Market Income,21.21,166.984,,Monthly,0.22456,0.06,25.0,6.8639,,,3.13,,160.871,True,True,True,False,False,False,,21.64,19.05,8.43,5.35,9.12,13.65,,,18.5,1563230,,,,,,3.92,5.11233,2.79199,0.28,-0.9,-0.25,2026-08-27T00:00:00,2010-12-23T00:00:00,12/23/2010,1293062400,2026-08-13T00:00:00
336,ZTR,-0.0867,8.8,9.63504,0.055,18.3,25,Morningstar US CEF Global Allocation,108,"Virtus Investment Advisers, LLC",False,6.85,-0.01,7.5,2026-08-27T00:00:00,92835W107,Virtus Total Return Fund Inc,2026-08-27,XZTRX,Hybrid-Global Allocation,29.54,342.456,,Monthly,0.10525,0.055,15.0,5.8547,,6.15,3.67,,374.952,True,True,True,False,False,False,,13.66,14.25,6.67,5.15,12.26,14.03,,,20.49,1966250,,,98.4225,,,,6.61111,-10.79777,1.79,2.61,3.23,2026-08-27T00:00:00,2005-02-24T00:00:00,2/24/2005,1109203200,2026-08-13T00:00:00
337,IAE,-0.0272,8.47826,8.71508,0.065,28.47,1,Morningstar US CEF Asia Equity,110,"Voya Investments, LLC",False,8.95,0.04,9.2,2026-08-27T00:00:00,92912J102,Voya Asia Pacific High Div Eq Inc Fd,2026-08-27,XIAEX,Equity-Asia Equity,,96.215,,Monthly,0.02682,0.065,25.0,,,,1.21,,98.903,False,True,True,False,False,False,,17.49,23.51,9.09,11.25,15.9,23.02,,,31.7,490840,,,,,,,7.92836,-5.75811,1.26,0.07,0.89,2026-08-27T00:00:00,2007-03-27T00:00:00,3/27/2007,1174953600,2026-08-03T00:00:00
338,IHD,-0.030299999999999997,8.34387,8.60495,0.055,30.54,4,Morningstar US CEF Emerging Market Equity,110,"Voya Investments, LLC",False,7.67,0.05,7.91,2026-08-27T00:00:00,92912P108,Voya Emerging Markets High Div Eq Fd,2026-08-27,XIHDX,Equity-Emerging Market Equity,,136.034,,Monthly,0.02083,0.055,20.0,,,,1.4100000000000001,,140.291,False,True,True,False,False,False,,17.71,23.52,9.01,11.34,16.5,22.26,,,37.08,794880,,,,,,,6.83085,-5.57709,1.12,-0.19,0.49,2026-08-27T00:00:00,2011-04-26T00:00:00,4/26/2011,1303776000,2026-08-03T00:00:00
339,IGA,-0.0571,9.10714,9.65909,0.08499999999999999,19.55,3,Morningstar US CEF Covered Call,110,"Voya Investments, LLC",False,10.56,-0.01,11.2,2026-08-27T00:00:00,92912R104,Voya Global Advantage and Premium Opp Fd,2026-08-27,XIGAX,Equity-Covered-Call Funds,,162.005,,Monthly,0.07357,0.08499999999999999,20.0,,,,1.01,,171.824,False,True,True,False,False,False,,14.24,18.01,9.87,11.0,12.79,10.63,,,17.41,578440,,,,,,,9.82457,-6.44512,0.6,2.37,2.39,2026-08-27T00:00:00,2005-10-26T00:00:00,10/26/2005,1130284800,2026-08-03T00:00:00
340,IGD,-0.006,9.04977,9.1047,0.049999999999999996,19.29,3,Morningstar US CEF Covered Call,110,"Voya Investments, LLC",False,6.59,0.0,6.63,2026-08-27T00:00:00,92912T100,Voya Global Equity Dividend&Prm Opp Fd,2026-08-27,XIGDX,Equity-Covered-Call Funds,,519.744,,Monthly,0.04503,0.049999999999999996,20.0,,,,0.9600000000000001,,522.898,False,True,True,False,False,False,,13.88,19.68,9.08,11.85,12.47,20.41,,,25.67,2514100,,,,,,,5.98439,-3.80323,1.33,-0.01,0.73,2026-08-27T00:00:00,2005-03-28T00:00:00,3/28/2005,1111968000,2026-08-03T00:00:00
341,IDE,-0.052300000000000006,8.60215,9.07716,0.09999999999999999,22.42,5,Morningstar US CEF Global Equity,110,"Voya Investments, LLC",True,13.22,-0.07,13.95,2026-08-27T00:00:00,92912X101,Voya Infrastructure Industrials&Matls Fd,2026-08-27,XIDEX,Equity-Global Equity,,200.367,,Monthly,0.02906,0.09999999999999999,20.0,,,,1.23,,211.431,False,True,False,False,True,False,,15.14,19.92,9.99,9.78,11.23,11.32,,,21.02,442800,,,,,,,12.93141,-3.23996,-0.84,-1.35,-1.21,2026-08-27T00:00:00,2010-01-26T00:00:00,1/26/2010,1264464000,2026-08-03T00:00:00
342,WDI,-0.0801,12.74678,13.85692,0.1485,5.42,17,Morningstar US CEF Multi-Sector,54,"Franklin Templeton Fund Adviser, LLC",True,12.86,0.0,13.98,2026-08-27T00:00:00,95790K109,Western Asset Diversified Inc Fund,2026-08-27,XWDIX,Fixed Income - Taxable-Multi-Sector,33.91,667.59,,Monthly,0.8094,0.1485,20.0,8.2493,0.0,10.01,4.25,,725.731,True,False,False,True,True,True,,8.9,11.16,3.2800000000000002,2.66,1.55,1.3,,,-0.29,1989250,,0.0,96.2501,,,,13.91257,-4.4506,-1.77,-1.6800000000000002,-1.8399999999999999,2026-08-27T00:00:00,2021-06-24T00:00:00,6/24/2021,1624492800,2026-08-24T00:00:00
343,EMD,-0.032,10.43001,10.77505,0.095,12.12,12,Morningstar US CEF Emerging Market Income,54,"Franklin Templeton Fund Adviser, LLC",True,10.58,0.09,10.93,2026-08-27T00:00:00,95766A101,Western Asset Emerging Markets Debt,2026-08-27,XEMDX,Fixed Income - Taxable-Emerging Market Income,27.31,615.02,,Monthly,0.38634,0.095,20.0,6.0408,0.0,11.38,3.13,,635.366,True,False,True,True,True,False,,12.43,17.13,3.63,4.83,2.84,4.86,,,15.36,1961780,,0.0,,,7.2,5.22,10.5854,-5.07208,1.15,1.11,1.09,2026-08-27T00:00:00,2003-12-01T00:00:00,12/1/2003,1070236800,2026-08-24T00:00:00
344,GDO,-0.0904,13.10654,14.40945,0.122,4.16,13,Morningstar US CEF Global Income,54,"Franklin Templeton Fund Adviser, LLC",False,10.16,0.0,11.17,2026-08-27T00:00:00,95790C107,Western Asset Global Corp Opp,2026-08-27,XGDOX,Fixed Income - Taxable-Global Income,33.44,76.397,,Monthly,0.40556000000000003,0.122,20.0,5.9541,0.0,8.65,4.47,,83.992,True,False,False,True,False,False,,6.12,5.22,-0.08,-1.35,-0.35000000000000003,-6.06,,,-0.51,313280,,0.0,,,,,11.23451,-5.04955,-2.07,-1.73,-2.11,2026-08-27T00:00:00,2009-11-27T00:00:00,11/27/2009,1259280000,2026-08-24T00:00:00
345,EHI,-0.105,13.16614,14.711030000000001,0.06999999999999999,6.72,14,Morningstar US CEF High Yield,55,Franklin Templeton Investments,False,5.71,-0.02,6.38,2026-08-27T00:00:00,95766B109,Western Asset Global High Income,2026-08-27,XEHIX,Fixed Income - Taxable-High Yield,31.93,173.012,,Monthly,0.29517,0.06999999999999999,15.0,7.3316,0.0,8.92,3.49,,193.312,True,False,False,True,False,False,,7.65,5.32,1.16,0.23,2.27,-2.46,,,0.46,1061080,,0.0,97.2695,,,,6.21975,-6.57857,-1.98,-2.63,-1.83,2026-08-27T00:00:00,2003-07-28T00:00:00,7/28/2003,1059350400,2026-08-24T00:00:00
346,HIX,-0.0347,14.55446,15.07692,0.048999999999999995,6.09,14,Morningstar US CEF High Yield,55,Franklin Templeton Investments,False,3.9,-0.01,4.04,2026-08-27T00:00:00,95766J102,Western Asset High Income II,2026-08-27,XHGIX,Fixed Income - Taxable-High Yield,32.18,351.272,,Monthly,0.19291,0.048999999999999995,15.0,7.3648,0.0,8.56,3.76,,363.882,True,False,True,True,False,False,,8.61,6.16,1.65,0.28,1.71,1.57,,,5.58,3408760,,0.0,97.4179,,,,4.10004,-3.57897,0.08,0.5700000000000001,0.9,2026-08-27T00:00:00,1998-05-28T00:00:00,5/28/1998,896313600,2026-08-24T00:00:00
347,HIO,-0.0964,11.09375,12.27666,0.0355,5.5,14,Morningstar US CEF High Yield,54,"Franklin Templeton Fund Adviser, LLC",False,3.47,-0.01,3.84,2026-08-27T00:00:00,95766K109,Western Asset High Income Opportunity,2026-08-27,XHIOX,Fixed Income - Taxable-High Yield,,329.994,,Monthly,0.15621000000000002,0.0355,12.5,7.5788,0.0,6.32,0.93,,365.181,False,False,False,True,False,False,,6.91,8.51,2.2,2.18,1.99,1.83,,,-0.08,4079480,,0.0,97.8285,,,,3.71768,-6.60431,-2.03,-2.13,-2.44,2026-08-27T00:00:00,1993-11-16T00:00:00,11/16/1993,753408000,2026-08-24T00:00:00
348,HYI,-0.0862,10.02639,10.97209,0.095,4.18,14,Morningstar US CEF High Yield,54,"Franklin Templeton Fund Adviser, LLC",False,10.39,0.0,11.37,2026-08-27T00:00:00,95768B107,Western Asset High Yield Opp Fund,2026-08-27,XHYIX,Fixed Income - Taxable-High Yield,,133.137,,Monthly,0.50391,0.095,20.0,7.6545000000000005,0.0,5.01,1.07,,145.695,False,False,False,True,False,True,,6.36,5.53,2.34,1.15,1.83,-0.98,,,-2.8,600510,,0.0,97.5157,,,,11.01,-6.58006,-0.9500000000000001,-0.62,-0.74,2026-08-27T00:00:00,2010-10-27T00:00:00,10/27/2010,1288137600,2026-08-24T00:00:00
349,PAI,-0.0775,4.88372,5.29412,0.0525,2.7199999999999998,15,Morningstar US CEF Investment Grade,55,Franklin Templeton Investments,False,11.9,0.01,12.9,2026-08-27T00:00:00,95766T100,Western Asset Income,2026-08-27,XPAIX,Fixed Income - Taxable-Investment Grade,8.93,113.18,,Monthly,0.32901,0.0525,12.0,6.0952,0.0,10.82,0.77,,122.691,True,False,False,True,False,False,,5.24,5.31,-0.02,-0.88,-0.59,-2.64,,,-3.05,182930,,0.0,99.0566,,,,12.36033,-6.4298,-1.08,-0.56,-0.8200000000000001,2026-08-27T00:00:00,1972-12-21T00:00:00,12/21/1972,93744000,2026-08-24T00:00:00
350,WIW,-0.105,8.03859,8.98204,0.0625,3.87,15,Morningstar US CEF Investment Grade,112,"Western Asset Management Company, LLC",True,8.35,-0.01,9.33,2026-08-27T00:00:00,95766R104,Western Asset Infl-Linked Opps & Inc Fd,2026-08-27,XWIWX,Fixed Income - Taxable-Investment Grade,25.66,510.888,,Monthly,0.23593,0.0625,15.0,2.5509,0.0,8.25,2.59,,570.848,True,False,False,True,True,False,,3.89,6.36,-0.6900000000000001,0.04,1.12,1.25,,,2.75,2379130,,0.0,93.4475,,,4.02,8.61088,-10.42808,-0.1,1.25,1.28,2026-08-27T00:00:00,2004-02-27T00:00:00,2/27/2004,1077840000,2026-08-24T00:00:00
351,WIA,-0.1016,7.04289,7.8392,0.052,3.58,15,Morningstar US CEF Investment Grade,112,"Western Asset Management Company, LLC",True,7.96,-0.01,8.86,2026-08-27T00:00:00,95766Q106,Western Asset Inflation-Linked Income Fd,2026-08-27,XWIAX,Fixed Income - Taxable-Investment Grade,26.06,185.645,,Monthly,0.21076,0.052,15.0,2.4407,0.0,8.23,2.91,,206.635,True,False,False,True,True,False,,3.75,5.87,-1.19,-1.32,0.92,0.16,,,2.58,417930,,0.0,93.5321,,,4.02,8.21331,-9.69756,-0.78,-0.48,-0.07,2026-08-27T00:00:00,2003-09-30T00:00:00,9/30/2003,1064880000,2026-08-24T00:00:00
352,SBI,-0.0741,6.12394,6.61417,0.041999999999999996,5.86,21,Morningstar US CEF Municipal,54,"Franklin Templeton Fund Adviser, LLC",False,7.62,0.0,8.23,2026-08-27T00:00:00,958435109,Western Asset Intermediate Muni,2026-08-27,XSBIX,Fixed Income - Municipal-Municipal,30.09,107.307,,Monthly,0.13919,0.041999999999999996,10.0,4.7529,0.0,7.7,2.6,,115.897,True,False,True,True,False,False,,2.8200000000000003,5.8,-0.55,0.04,0.5,2.77,,,7.26,427330,11.06,0.0041400000000000005,101.4543,,7.84,5.8100000000000005,7.79168,-8.28308,1.11,0.5700000000000001,0.8300000000000001,2026-08-27T00:00:00,1992-03-02T00:00:00,3/2/1992,699494400,2026-08-24T00:00:00
353,IGI,-0.062,4.98537,5.31503,0.071,2.75,15,Morningstar US CEF Investment Grade,54,"Franklin Templeton Fund Adviser, LLC",False,16.03,0.04,17.09,2026-08-27T00:00:00,95790A101,Western Asset Invstm Grd Opp Tr Inc,2026-08-27,XIGIX,Fixed Income - Taxable-Investment Grade,,96.078,,Monthly,0.43967,0.071,20.0,6.1913,0.0,10.87,0.93,,102.431,False,False,True,True,False,False,,4.48,3.42,-0.53,-2.02,-0.55,-2.06,,,-0.06,159460,,0.0,99.2391,,,,16.31409,-6.77142,0.76,1.92,2.1,2026-08-27T00:00:00,2009-06-26T00:00:00,6/26/2009,1245974400,2026-08-24T00:00:00
354,MMU,-0.048799999999999996,6.14085,6.45607,0.0545,7.75,21,Morningstar US CEF Municipal,55,Franklin Templeton Investments,False,10.13,-0.01,10.65,2026-08-27T00:00:00,95766M105,Western Asset Managed Municipals,2026-08-27,XMMUX,Fixed Income - Municipal-Municipal,33.72,553.289,,Monthly,0.14102,0.0545,15.0,4.8353,0.0,10.28,2.7,,581.691,True,False,True,True,False,False,,2.98,6.36,-1.02,-0.65,0.45,-0.3,,,7.64,1297910,10.27,0.00877,100.2234,,10.8,7.5,10.34172,-6.01618,1.26,1.26,1.24,2026-08-27T00:00:00,1992-06-26T00:00:00,6/26/1992,709516800,2026-08-24T00:00:00
355,DMO,-0.0782,12.94964,14.04878,0.12,6.42,14,Morningstar US CEF High Yield,54,"Franklin Templeton Fund Adviser, LLC",False,10.25,-0.04,11.12,2026-08-27T00:00:00,95790B109,Western Asset Mortgage Opp Fund Inc.,2026-08-27,XDMOX,Fixed Income - Taxable-High Yield,49.23,117.128,,Monthly,0.46738,0.12,20.0,7.2195,0.0,10.17,7.87,,127.07,True,False,False,True,False,False,,10.19,10.86,4.96,4.04,2.9699999999999998,0.97,,,-0.41000000000000003,491120,,0.0,91.3569,,,,11.1645,-3.80223,-1.43,-1.73,-1.55,2026-08-27T00:00:00,2010-02-26T00:00:00,2/26/2010,1267142400,2026-08-24T00:00:00
356,MHF,0.011899999999999999,6.04444,5.97365,0.033999999999999996,6.08,21,Morningstar US CEF Municipal,54,"Franklin Templeton Fund Adviser, LLC",False,6.83,-0.05,6.75,2026-08-27T00:00:00,95766N103,Western Asset Municipal High Income,2026-08-27,XMHFX,Fixed Income - Municipal-Municipal,1.79,151.789,,Monthly,0.11955,0.033999999999999996,10.0,4.8242,0.0,10.01,0.8400000000000001,,150.011,True,False,True,True,False,False,,3.36,7.13,0.6900000000000001,0.98,0.98,2.18,,,6.27,611640,14.87,0.0,100.1728,,7.17,7.3,6.96927,0.62439,0.3,0.41000000000000003,0.73,2026-08-27T00:00:00,1988-11-28T00:00:00,11/28/1988,596678400,2026-08-24T00:00:00
357,WEA,-0.0637,7.54039,8.05369,0.06999999999999999,5.54,15,Morningstar US CEF Investment Grade,111,Western Asset Management Company Pte Ltd. â Singapore,False,10.43,0.0,11.14,2026-08-27T00:00:00,957664105,Western Asset Premier Bond,2026-08-27,XWEAX,Fixed Income - Taxable-Investment Grade,33.07,123.758,,Monthly,0.40488,0.06999999999999999,15.0,6.2486,0.0,9.57,3.55,,132.183,True,False,False,True,False,False,,7.01,5.8,1.33,0.53,0.68,-0.9,,,4.17,286600,,0.0,96.9254,,,,10.8594,-4.91201,-0.98,-0.31,-0.21,2026-08-27T00:00:00,2002-03-28T00:00:00,3/28/2002,1017273600,2026-08-24T00:00:00
358,MCN,-0.10460000000000001,11.41046,12.74336,0.06,9.06,3,Morningstar US CEF Covered Call,113,XA Investments LLC,False,5.65,0.0,6.31,2026-08-27T00:00:00,557437100,XAI Madison Equity Premium Income Fund,2026-08-27,XMCNX,Equity-Covered-Call Funds,0.01,119.309,,Monthly,0.041210000000000004,0.06,15.0,,,,1.1,,133.247,True,False,False,False,False,False,,5.36,1.96,6.55,3.5,2.98,0.97,,,2.99,641640,,,,,,,5.91266,-7.74699,-1.51,-1.28,-1.6800000000000002,2026-08-27T00:00:00,2004-07-28T00:00:00,7/28/2004,1090972800,2026-08-17T00:00:00
359,XFLT,-0.1494,11.83173,13.91036,0.22499999999999998,-14.91,19,Morningstar US CEF Senior Loans,113,XA Investments LLC,False,19.41,0.01,22.82,2026-08-27T00:00:00,98400T304,XAI Octagon FR & Alternative Inc Trust,2026-08-27,XFLTX,Fixed Income - Taxable-Senior Loans,40.59,295.631,,Monthly,1.13446,0.22499999999999998,10.0,4.617,,,7.5600000000000005,,347.569,True,False,True,False,False,False,,1.98,-4.03,2.17,-2.93,-8.58,-13.71,,,-20.44,1070900,,,,,,,20.9358,-17.41856,0.43,1.6099999999999999,1.82,2026-08-27T00:00:00,2017-09-27T00:00:00,9/27/2017,1506470400,2026-08-17T00:00:00
