,Ticker,Premium / Discount,DistributionRateNAV,DistributionRatePrice,DistributionAmtUSD,ReturnOnNAV,CategoryId,Category,SponsorId,SponsorName,IsManagedDistribution,Share Price,PriceChange,NAV,NAVPublished,Cusip,Fund Name,Date,NavTicker,Strategy,LeverageRatioPercentage,MarketCapUSDm,UNIIPerShare,DistributionFrequency,EarningsPerShare,CurrentDistribution,InceptionPrice,AverageCoupon,AMTPercentage,AverageWeightedMaturity,ExpenseRatio,BaselineExpense,TotalAssetsUSDm,IsLeveraged,IsPriceBelow52WkAvg,IsDiscountBelow52WkAvg,IsAMTPct,IsManaged,Term,AvgWtdDurationLevAdj,Yr3RetOnNav,Yr3RetOnPrice,Yr5RetOnNav,Yr5RetOnPrice,YTDRetOnNav,YTDRetOnPrice,SinceInceptionRetOnNav,SinceInceptionRetOnPrice,ReturnOnPrice,AvgDailyVolume,CallableYr1Pct,PrerefundedPercentage,AvgBondPrice,AvgWtdDurationNonLevAdj,EffDurationLevAdj,EffDurationNonLevAdj,Price52WkAvg,Discount52WkAvg,ZScore1Yr,ZScore3M,ZScore6M,ZScoreDate,InceptionDate,InceptionDateString,InceptionDateUnixTimestamp,DistributionDate
0,MGF,-0.0567,8.0,8.48057,0.02,2.16,15,Morningstar US CEF Investment Grade,2,abrdn Inc.,True,2.83,0.02,3.0,2026-08-03T00:00:00,552939100,Aberdeen Government Markets Income,2026-08-03,XMGFX,Fixed Income - Taxable-Investment Grade,,92.23,,Monthly,0.04709,0.02,10.0,3.648,0.0,6.55,0.8,,97.771,False,False,False,True,True,False,,3.17,3.14,-0.79,-1.3900000000000001,-0.88,-2.7800000000000002,,,-1.18,722850,,0.0,93.073,,,4.95,2.98742,-4.68365,-0.68,1.1400000000000001,0.17,2026-08-03T00:00:00,1987-05-28T00:00:00,5/28/1987,549158400,2026-07-23T00:00:00
1,IFN,-0.0999,11.89931,13.22034,0.38999999999999996,-9.02,1,Morningstar US CEF Asia Equity,1,abrdn Asia Limited,True,11.8,0.09,13.11,2026-08-03T00:00:00,454089103,"Aberdeen India Fund, Inc",2026-08-03,XIFNX,Equity-Asia Equity,0.28,503.293,,Quarterly,-0.05353,0.38999999999999996,15.0,,,,1.36,,559.167,True,False,False,False,True,False,,3.87,0.15,1.99,2.06,-7.33,-8.75,,,-11.55,2084640,,,,,,,13.29314,-5.98428,-1.96,-1.48,-1.51,2026-08-03T00:00:00,1994-02-23T00:00:00,2/23/1994,761961600,2026-05-21T00:00:00
2,MIN,-0.0695,9.26641,9.95851,0.02,2.62,13,Morningstar US CEF Global Income,2,abrdn Inc.,True,2.41,0.0,2.59,2026-08-03T00:00:00,55273C107,Aberdeen Intermediate Income,2026-08-03,XMINX,Fixed Income - Taxable-Global Income,,274.254,,Monthly,0.04255,0.02,10.0,3.9175,0.0,3.24,0.73,,294.737,False,False,False,True,True,False,,4.52,4.16,1.04,0.38,0.14,-2.5700000000000003,,,-1.97,2325340,,0.0,97.8913,,,2.54,2.56683,-4.55296,-1.4,-0.98,-0.9500000000000001,2026-08-03T00:00:00,1988-03-17T00:00:00,3/17/1988,574560000,2026-07-23T00:00:00
3,MMT,-0.09380000000000001,10.0,11.03448,0.04,3.15,13,Morningstar US CEF Global Income,72,MFS,True,4.35,0.04,4.8,2026-08-03T00:00:00,552737108,Aberdeen Multi-Market Income,2026-08-03,XMMTX,Fixed Income - Taxable-Global Income,26.91,504.572,,Monthly,0.1389,0.04,10.0,5.9077,0.060000000000000005,6.94,2.86,,761.769,True,False,False,True,True,False,,7.0,6.96,2.7199999999999998,1.3,-0.43,-2.2800000000000002,,,1.49,1214830,,0.0,97.0375,,6.68,4.91,4.62592,-7.50555,-1.77,-0.73,-1.21,2026-08-03T00:00:00,1987-03-12T00:00:00,3/12/1987,542505600,2026-07-23T00:00:00
4,MFM,-0.0867,6.12245,6.7039100000000005,0.03,9.25,21,Morningstar US CEF Municipal,2,abrdn Inc.,False,5.37,0.0,5.88,2026-08-03T00:00:00,552738106,Aberdeen Municipal Income,2026-08-03,XMFMX,Fixed Income - Municipal-Municipal,37.55,533.938,,Monthly,0.13078,0.03,10.0,5.1253,17.81,21.01,2.83,,936.147,True,False,True,True,False,False,,4.36,5.16,-0.92,-1.4,1.51,2.21,,,10.66,1377080,19.0,0.13,98.0793,,12.81,8.63,5.39853,-9.44887,0.76,0.0,0.29,2026-08-03T00:00:00,1986-11-25T00:00:00,11/25/1986,533260800,2026-07-23T00:00:00
5,FAX,-0.0425,13.15615,13.74046,0.16499999999999998,2.95,13,Morningstar US CEF Global Income,1,abrdn Asia Limited,True,14.41,-0.09,15.05,2026-08-03T00:00:00,003009867,abrdn Asia-Pacific Income Fund Inc,2026-08-03,XFAPX,Fixed Income - Taxable-Global Income,39.7,629.303,,Monthly,0.50096,0.16499999999999998,10.0,6.4288,,,4.22,,1090.053,True,False,True,False,True,False,,4.08,8.64,-1.31,0.15,-1.43,2.06,,,2.39,1798230,,,,,7.68,4.66,15.33073,-5.18908,0.5,0.6900000000000001,0.7000000000000001,2026-08-03T00:00:00,1986-04-24T00:00:00,4/24/1986,514684800,2026-07-23T00:00:00
6,IAF,-0.1161,9.95162,11.2588,0.36,6.24,9,Morningstar US CEF Single Country Equity,1,abrdn Asia Limited,True,12.79,0.01,14.47,2026-08-03T00:00:00,003011111,abrdn Australia Equity Fund Inc,2026-08-03,XIAFX,Equity-Single-Country Equity,7.22,122.559,,Quarterly,0.10818,0.36,10.125,,,,1.9900000000000002,,149.441,True,False,False,False,True,False,,9.49,9.71,5.18,2.86,6.37,4.34,,,6.75,220480,,,,,,,13.11954,-9.96118,-1.17,-0.84,-0.77,2026-08-03T00:00:00,1985-12-12T00:00:00,12/12/1985,503193600,2026-05-21T00:00:00
7,AEF,-0.0956,9.3591,10.34871,0.22999999999999998,56.96,4,Morningstar US CEF Emerging Market Equity,3,abrdn Investments Limited,True,8.89,0.11,9.83,2026-08-03T00:00:00,00301W105,abrdn Emerging Markets ex-China Fund,2026-08-03,XAEFX,Equity-Emerging Market Equity,6.34,360.947,,Quarterly,0.00111,0.22999999999999998,15.0,,,,1.8599999999999999,,426.112,True,True,False,False,True,False,,23.66,28.04,7.41,9.11,29.95,32.17,,,61.34,1469590,,,,,,,7.72776,-9.49733,-0.05,-0.11,-0.21,2026-08-03T00:00:00,1989-09-25T00:00:00,9/25/1989,622684800,2026-06-23T00:00:00
8,AGD,-0.0091,11.85185,11.96013,0.12,23.85,5,Morningstar US CEF Global Equity,3,abrdn Investments Limited,True,12.04,-0.11,12.15,2026-08-03T00:00:00,00302M106,abrdn Global Dynamic Dividend,2026-08-03,XAGDX,Equity-Global Equity,0.68,315.139,,Monthly,0.29668,0.12,20.0,,,,1.29,,320.211,True,False,False,False,True,False,,13.86,20.4,7.68,10.32,11.5,11.76,,,21.4,1224450,,,,,,,12.04743,2.05077,-0.68,-1.79,-0.75,2026-08-03T00:00:00,2006-07-26T00:00:00,7/26/2006,1153872000,2026-07-23T00:00:00
9,ASGI,0.0701,12.01639,11.22926,0.22,18.23,13,Morningstar US CEF Global Income,2,abrdn Inc.,True,23.51,-0.39,21.97,2026-08-03T00:00:00,00326W106,abrdn Global Infrastructure Income Fund,2026-08-03,XAGIX,Fixed Income - Taxable-Global Income,0.98,743.594,,Monthly,0.08556,0.22,20.0,,,,2.16,,701.795,True,True,True,False,True,False,,12.73,22.75,8.65,13.33,10.45,14.65,,,26.58,1766360,,,,,,,22.48107,2.48895,1.35,0.6900000000000001,0.84,2026-08-03T00:00:00,2020-07-28T00:00:00,7/28/2020,1595894400,2026-07-23T00:00:00
10,AWP,0.011000000000000001,12.16216,12.03008,0.12,20.12,7,Morningstar US CEF Real Estate,2,abrdn Inc.,True,11.97,-0.09,11.84,2026-08-03T00:00:00,00302L207,abrdn Global Premier Properties,2026-08-03,XAWPX,Equity-Real Estate,10.52,369.342,,Monthly,0.10017000000000001,0.12,20.0,,,,2.27,,408.275,True,True,False,False,True,False,,12.68,15.88,1.4100000000000001,2.75,13.15,12.48,,,19.08,1246290,,,,,,,11.80836,1.30979,-0.18,0.93,0.64,2026-08-03T00:00:00,2007-04-26T00:00:00,4/26/2007,1177545600,2026-07-23T00:00:00
11,HQH,-0.04769999999999999,10.49462,11.02078,0.61,49.72,8,Morningstar US CEF Sector Equity,2,abrdn Inc.,True,22.14,0.3,23.25,2026-08-03T00:00:00,87911J103,abrdn Healthcare Investors,2026-08-03,XHQHX,Equity-Sector Equity,1.1,1283.805,,Quarterly,-0.06102,0.61,10.0,,,,1.11,,1348.169,True,True,True,False,True,False,,17.26,22.71,7.54,7.64,18.43,22.69,,,57.82,1816280,,,,,,,18.97249,-7.65265,1.3599999999999999,0.81,0.8300000000000001,2026-08-03T00:00:00,1987-04-23T00:00:00,4/23/1987,546134400,2026-05-21T00:00:00
12,THQ,-0.0467,10.97561,11.51386,0.18,29.94,8,Morningstar US CEF Sector Equity,2,abrdn Inc.,True,18.76,0.02,19.68,2026-08-03T00:00:00,879105104,abrdn Healthcare Opportunities Fund,2026-08-03,XTHQX,Equity-Sector Equity,21.62,777.754,,Monthly,-0.03549,0.18,20.0,4.3434,,,3.02,,1040.895,True,True,False,False,True,False,,7.21,10.29,3.76,4.05,9.31,5.08,,,29.32,1849340,,,,,7.72,,18.23251,-1.23567,-1.02,-0.84,-1.31,2026-08-03T00:00:00,2014-07-28T00:00:00,7/28/2014,1406505600,2026-07-23T00:00:00
13,ACP,-0.0652,17.31844,18.5259,0.0775,2.91,19,Morningstar US CEF Senior Loans,3,abrdn Investments Limited,True,5.02,-0.04,5.37,2026-08-03T00:00:00,003057106,abrdn Income Credit Strategies Fund,2026-08-03,XACPX,Fixed Income - Taxable-Senior Loans,32.2,629.863,,Monthly,0.22534,0.0775,20.0,8.0962,,,3.94,,993.778,True,False,False,False,True,False,,8.44,7.21,1.76,0.48,2.1,3.5,,,0.8200000000000001,5461470,,,96.8337,,4.75,3.24,5.48437,-5.05337,-0.98,-1.7000000000000002,-0.9400000000000001,2026-08-03T00:00:00,2011-01-27T00:00:00,1/27/2011,1296086400,2026-07-23T00:00:00
14,HQL,-0.1058,10.39443,11.62429,0.5599999999999999,64.77,8,Morningstar US CEF Sector Equity,2,abrdn Inc.,True,19.27,0.17,21.55,2026-08-03T00:00:00,87911K100,abrdn Life Sciences Investors,2026-08-03,XHQLX,Equity-Sector Equity,0.01,594.347,,Quarterly,-0.09057,0.5599999999999999,15.0,,,,1.24,,664.736,True,True,False,False,True,False,,23.65,27.23,10.11,9.72,22.82,21.45,,,64.69,1339070,,,,,,,16.82261,-9.8885,-0.64,-0.48,-0.7000000000000001,2026-08-03T00:00:00,1992-05-08T00:00:00,5/8/1992,705283200,2026-05-21T00:00:00
15,AOD,-0.0066,12.48817,12.57143,0.11,24.62,5,Morningstar US CEF Global Equity,3,abrdn Investments Limited,True,10.5,-0.04,10.57,2026-08-03T00:00:00,00326L100,abrdn Total Dynamic Dividend,2026-08-03,XAODX,Equity-Global Equity,2.7800000000000002,1107.188,,Monthly,0.22991,0.11,20.0,,,,1.21,,1146.489,True,True,True,False,True,False,,14.21,21.11,8.37,11.13,12.07,16.14,,,33.68,4775160,,,,,,,9.84989,-3.8048900000000003,1.54,0.76,1.0,2026-08-03T00:00:00,2007-01-26T00:00:00,1/26/2007,1169769600,2026-07-23T00:00:00
16,THW,-0.0125,10.33506,10.46637,0.1167,35.77,8,Morningstar US CEF Sector Equity,2,abrdn Inc.,True,13.38,0.09,13.55,2026-08-03T00:00:00,87911L108,abrdn World Healthcare Fund,2026-08-03,XTHWX,Equity-Sector Equity,17.99,540.289,,Monthly,-0.03887,0.1167,20.0,3.7754000000000003,,,1.46,,667.154,True,True,True,False,True,False,,14.79,11.2,8.14,6.91,11.07,11.1,,,38.55,1342990,,,,,7.37,,12.50864,-1.90884,0.33,0.14,-0.03,2026-08-03T00:00:00,2015-06-26T00:00:00,6/26/2015,1435276800,2026-07-23T00:00:00
17,ADX,-0.0054,7.66284,7.70416,0.5,19.0,10,Morningstar US CEF US Equity,4,Adams Diversified Equity Fund Inc,False,25.96,0.44,26.1,2026-08-03T00:00:00,006212104,Adams Diversified Equity Fund,2026-08-03,XADEX,Equity-U.S. Equity,0.0,3212.849,,Quarterly,0.09492,0.5,10.0,,,,0.49000000000000005,,3230.176,True,True,True,False,False,False,,18.92,26.28,12.36,17.04,10.28,16.08,,,27.86,2663590,,,,,,,23.41464,-5.69779,2.17,1.77,2.33,2026-08-03T00:00:00,1929-10-01T00:00:00,10/1/1929,-1270252800,2026-07-27T00:00:00
18,PEO,-0.0851,7.35695,8.0417,0.5399999999999999,35.34,8,Morningstar US CEF Sector Equity,5,Adams Natural Resources Fund Inc,False,26.86,-0.03,29.36,2026-08-03T00:00:00,00548F105,Adams Natural Resources Fund,2026-08-03,XPEOX,Equity-Sector Equity,0.7000000000000001,745.674,,Quarterly,0.29271,0.5399999999999999,15.0,,,,0.62,,815.078,True,True,True,False,False,False,,12.84,16.29,19.43,21.61,29.79,31.33,,,36.3,713120,,,,,,,23.94985,-10.36576,2.05,2.27,2.05,2026-08-03T00:00:00,1929-01-30T00:00:00,1/30/1929,-1291334400,2026-07-27T00:00:00
19,AVK,-0.0817,10.25821,11.17077,0.1172,17.72,11,Morningstar US CEF Convertibles,6,"Advent Capital Management, LLC",False,12.59,0.21,13.71,2026-08-03T00:00:00,00764C109,Advent Convertible & Income Fund,2026-08-03,XAVKX,Fixed Income - Taxable-Convertibles,36.64,555.833,,Monthly,0.22874,0.1172,25.0,5.5855,,,4.53,,955.304,True,True,False,False,False,False,,14.41,14.48,4.64,4.34,10.11,5.37,,,12.54,1498450,,,108.8431,,,,12.5492,-5.60593,-1.08,0.4,-0.35000000000000003,2026-08-03T00:00:00,2003-04-29T00:00:00,4/29/2003,1051574400,2026-07-15T00:00:00
20,AWF,-0.10189999999999999,6.96191,7.75148,0.0655,5.45,14,Morningstar US CEF High Yield,7,AllianceBernstein L.P.,False,10.14,0.05,11.29,2026-08-03T00:00:00,01879R106,AllianceBernstein Global High Income,2026-08-03,XAWFX,Fixed Income - Taxable-High Yield,0.8,874.369,,Monthly,0.35164,0.0655,15.0,6.6384,,,1.02,,981.417,True,False,False,False,False,False,,9.03,8.44,4.36,3.68,2.13,-1.78,,,-2.29,2970450,,,97.6698,,,,10.6031,-6.90208,-1.13,-0.3,-0.76,2026-08-03T00:00:00,1993-07-28T00:00:00,7/28/1993,743817600,2026-07-02T00:00:00
21,AFB,-0.07719999999999999,5.10738,5.53456,0.050179999999999995,10.33,21,Morningstar US CEF Municipal,7,AllianceBernstein L.P.,False,10.88,0.0,11.79,2026-08-03T00:00:00,01864U106,AllianceBernstein National Mun Inc,2026-08-03,XAFBX,Fixed Income - Municipal-Municipal,48.57,312.745,,Monthly,0.31343,0.050179999999999995,15.0,5.1411,,,3.66,,659.005,True,False,True,False,False,False,,2.41,5.06,-1.8599999999999999,-2.32,0.56,3.81,,,13.22,988150,,,98.4247,,22.53,11.69,10.8942,-9.00411,0.98,-1.11,0.37,2026-08-03T00:00:00,2002-01-28T00:00:00,1/28/2002,1012176000,2026-07-02T00:00:00
22,NFJ,-0.07490000000000001,7.3716,7.96865,0.305,27.09,3,Morningstar US CEF Covered Call,108,"Virtus Investment Advisers, LLC",True,15.31,0.09,16.55,2026-08-03T00:00:00,92840R101,AllianzGI Div Interest & Prem Common,2026-08-03,XNFJX,Equity-Covered-Call Funds,,1423.329,0.0,Quarterly,0.06142,0.305,25.0,1.9797,,,0.9600000000000001,,1538.608,False,True,True,False,True,False,,11.94,16.01,7.11,8.91,18.9,23.4,,,31.56,1885400,,,,,,,13.53954,-9.2419,1.16,-0.03,0.52,2026-08-03T00:00:00,2005-02-28T00:00:00,2/28/2005,1109548800,2026-06-15T00:00:00
23,EOD,-0.0867,7.95021,8.70505,0.14211,25.53,5,Morningstar US CEF Global Equity,8,Allspring Global Investments,False,6.53,0.04,7.15,2026-08-03T00:00:00,94987C103,Allspring Global Dividend Opp Fd,2026-08-03,XEODX,Equity-Global Equity,13.36,281.22,,Quarterly,0.1298,0.14211,20.0,7.1137,,,2.45,,355.421,True,True,False,False,False,False,,22.02,24.01,12.99,12.65,13.71,16.39,,,26.88,1264550,,,,,,,6.0396,-8.47779,-0.13,-2.22,-1.23,2026-08-03T00:00:00,2007-03-28T00:00:00,3/28/2007,1175040000,2026-06-11T00:00:00
24,EAD,-0.1069,0.01519,0.01701,8.999999999999999e-05,4.91,14,Morningstar US CEF High Yield,8,Allspring Global Investments,False,6.35,0.05,7.11,2026-08-03T00:00:00,94987B105,Allspring Income Opps,2026-08-03,XEADX,Fixed Income - Taxable-High Yield,29.88,375.236,,Monthly,0.25923,8.999999999999999e-05,15.0,7.1471,,,2.95,,599.147,True,False,False,False,False,False,,8.47,9.01,3.46,2.59,1.72,-1.69,,,-1.73,1799030,,,100.8378,,4.34,3.05,6.74133,-7.43329,-1.72,-1.09,-1.31,2026-08-03T00:00:00,2003-02-28T00:00:00,2/28/2003,1046390400,2026-07-10T00:00:00
25,ERC,-0.0683,0.0061200000000000004,0.00656,4.9999999999999996e-05,7.36,16,Morningstar US CEF Limited Duration,8,Allspring Global Investments,False,9.14,0.03,9.81,2026-08-03T00:00:00,94987D101,Allspring Multi-Sec Inc,2026-08-03,XERCX,Fixed Income - Taxable-Limited Duration,30.19,256.412,,Monthly,0.35301,4.9999999999999996e-05,20.0,6.8557,0.0,4.34,3.22,,394.208,True,False,False,True,False,False,,7.89,7.29,3.35,2.27,2.74,3.5300000000000002,,,6.74,786620,,0.0,99.8825,,,,9.2847,-6.75016,-0.07,0.9,0.72,2026-08-03T00:00:00,2003-06-25T00:00:00,6/25/2003,1056499200,2026-07-10T00:00:00
26,ERH,-0.0559,0.01888,0.02,0.00019999999999999998,3.81,26,Morningstar US CEF US Allocation,8,Allspring Global Investments,False,12.0,0.16,12.71,2026-08-03T00:00:00,94987E109,Allspring Util & High In,2026-08-03,XERHX,Hybrid-U.S. Allocation,21.09,105.986,,Monthly,0.1865,0.00019999999999999998,20.0,7.1805,,,2.43,,142.257,True,False,True,False,False,False,,11.86,13.66,7.09,4.4,3.12,5.24,,,7.85,234750,,,100.9933,,3.8,3.02,12.16402,-7.72635,1.6099999999999999,1.67,1.96,2026-08-03T00:00:00,2004-04-30T00:00:00,4/30/2004,1083283200,2026-07-10T00:00:00
27,FINS,-0.06810000000000001,10.21466,10.96108,0.11499999999999999,6.89,26,Morningstar US CEF US Allocation,10,"Angel Oak Capital Advisors, LLC",False,12.59,0.08,13.51,2026-08-03T00:00:00,03464A100,Angel Oak Financial Strats Income Term,2026-08-03,XFINX,Hybrid-U.S. Allocation,21.74,420.718,,Monthly,0.38984,0.11499999999999999,20.0,6.7377,,,2.92,,576.881,True,False,False,False,False,True,,9.77,12.38,2.92,2.26,1.9,-0.12,,,5.63,475810,,,99.9624,,3.34,2.85,12.98642,-5.88727,-0.99,-0.85,-0.54,2026-08-03T00:00:00,2019-05-29T00:00:00,5/29/2019,1559088000,2026-06-16T00:00:00
28,ARDC,-0.0695,10.08969,10.84337,0.11249999999999999,0.61,19,Morningstar US CEF Senior Loans,11,Ares Capital Management II LLC,False,12.45,0.07,13.38,2026-08-03T00:00:00,04014F102,Ares Dynamic Credit Allocation Fund,2026-08-03,XADCX,Fixed Income - Taxable-Senior Loans,41.0,298.377,,Monthly,0.59626,0.11249999999999999,20.0,8.4436,,,5.26,,543.499,True,False,False,False,False,False,,8.19,9.56,4.69,4.92,-1.46,-0.97,,,-4.67,1154810,,,,,40.42,,13.23019,-5.71383,-0.44,-0.37,0.2,2026-08-03T00:00:00,2012-11-27T00:00:00,11/27/2012,1353974400,2026-07-20T00:00:00
29,BANX,-0.0173,8.63309,8.78477,0.15,5.0,8,Morningstar US CEF Sector Equity,12,"ArrowMark Asset Management, LLC",False,20.49,0.9500000000000001,21.0,2026-06-30T00:00:00,861780104,ArrowMark Financial Corp,2026-08-03,XBANX,Equity-Sector Equity,13.4,160.034,,Monthly,1.04616,0.15,25.0,10.9594,,,6.43,,188.046,True,False,True,False,False,True,,10.35,20.01,8.92,9.56,0.22,-1.02,,,11.54,319060,,,107.4223,,,,20.57586,-5.2323,1.22,3.1,3.11,2026-08-03T00:00:00,2013-11-07T00:00:00,11/7/2013,1383782400,2026-07-24T00:00:00
30,ASA,-0.1539,0.13475,0.15927,0.04,71.71,8,Morningstar US CEF Sector Equity,13,ASA,False,50.23,1.3,59.37,2026-08-03T00:00:00,G3156P103,ASA Gold and Precious Metals Limited,2026-08-03,XASAX,Equity-Sector Equity,,968.932,,Semi-Annually,0.02585,0.04,28.0,9.086,,,1.88,,1145.242,False,False,False,False,False,False,,48.04,46.98,18.22,17.39,-11.27,-17.95,,,58.29,0,,,,,,,55.85808,-12.09546,,,,,1958-09-23T00:00:00,9/23/1958,-355795200,2026-05-01T00:00:00
31,BCV,-0.1293,5.0578,5.80913,0.35,25.49,11,Morningstar US CEF Convertibles,60,Gabelli Funds LLC,False,24.1,0.41000000000000003,27.68,2026-08-03T00:00:00,059695106,Bancroft Fund,2026-08-03,XBCVX,Fixed Income - Taxable-Convertibles,14.99,135.623,,Quarterly,0.01097,0.35,25.0,2.4446,,,1.31,,183.235,True,True,False,False,False,False,,16.43,18.33,3.99,3.21,13.06,10.36,,,27.81,186990,,,,,21.12,,23.1167,-11.75021,-1.04,-0.8200000000000001,-0.93,2026-08-03T00:00:00,1971-10-04T00:00:00,10/4/1971,55382400,2026-06-15T00:00:00
32,MCI,0.0060999999999999995,9.80993,9.75015,0.39999999999999997,4.99,14,Morningstar US CEF High Yield,14,Barings LLC,False,16.41,-1.01,16.71,2026-03-31T00:00:00,06759X107,Barings Corporate Investors,2026-08-03,XMCIX,Fixed Income - Taxable-High Yield,21.78,336.828,,Quarterly,0.67335,0.39999999999999997,25.0,7.782,,,1.65,,428.013,True,False,False,False,False,False,,8.63,11.75,8.85,10.0,0.48,-6.79,,,-14.25,326820,,,92.3472,,,,19.3558,16.71231,-1.73,-1.77,-1.15,2026-08-03T00:00:00,1971-09-01T00:00:00,9/1/1971,52531200,2026-05-29T00:00:00
33,BGH,-0.0537,9.84966,10.40851,0.12229999999999999,4.27,14,Morningstar US CEF High Yield,14,Barings LLC,False,14.1,0.07,14.9,2026-08-03T00:00:00,06760L100,Barings Global Short Duration High Yield,2026-08-03,XBGHX,Fixed Income - Taxable-High Yield,31.48,283.162,,Monthly,0.68354,0.12229999999999999,25.0,8.9323,,,3.93,,436.762,True,False,False,False,False,False,,10.61,13.27,5.91,6.59,3.18,-0.73,,,0.15,850680,,,97.8956,,,,14.81339,-2.5860700000000003,-0.8,0.19,-0.04,2026-08-03T00:00:00,2012-10-25T00:00:00,10/25/2012,1351123200,2026-07-22T00:00:00
34,MPV,0.08779999999999999,9.91957,9.11892,0.37,-2.49,14,Morningstar US CEF High Yield,14,Barings LLC,False,16.23,-0.25,15.29,2026-03-31T00:00:00,06761A103,Barings Participation Invs,2026-08-03,XMPVX,Fixed Income - Taxable-High Yield,22.63,174.567,,Quarterly,0.57714,0.37,10.0,7.7819,,,1.55,,207.412,True,False,False,False,False,False,,-0.54,16.89,0.97,11.88,0.39,4.66,,,-6.74,160140,,,92.2129,,,,18.40419,11.9313,-0.77,-0.53,-0.84,2026-08-03T00:00:00,1988-10-06T00:00:00,10/6/1988,592099200,2026-05-29T00:00:00
35,BXSY,-0.3934,3.65297,6.022,0.26,36.35,26,Morningstar US CEF US Allocation,15,Bexil Corp,True,17.27,0.16,28.47,2026-08-03T00:00:00,25538A204,Bexil Investment Trust,2026-08-03,XBXIX,Hybrid-U.S. Allocation,8.84,223.431,,Quarterly,-0.06607,0.26,15.0,,,,1.9300000000000002,,368.332,True,True,False,False,True,False,,21.14,22.21,13.39,11.85,19.85,15.47,,,33.66,122570,,,,,1.11,,15.47182,-37.25142,-2.38,-1.3900000000000001,-1.75,2026-08-03T00:00:00,1998-06-29T00:00:00,6/29/1998,899078400,2026-06-15T00:00:00
36,BMN,0.0032,4.4484,4.43437,0.09375,7.1,21,Morningstar US CEF Municipal,16,BlackRock,False,25.37,0.23,25.29,2026-08-03T00:00:00,09262G108,BlackRock 2037 Municipal Target term,2026-08-03,XBMNX,Fixed Income - Municipal-Municipal,24.91,155.966,,Monthly,0.55982,0.09375,25.0,5.0127,,14.51,2.16,,207.054,True,False,True,False,False,True,,3.91,5.14,,,0.78,-1.5,,,9.48,107100,17.53,,101.483,,,,25.59583,-0.40168000000000004,0.31,0.76,-0.3,2026-08-03T00:00:00,2022-10-28T00:00:00,10/28/2022,1666915200,2026-07-15T00:00:00
37,BCAT,0.0999,21.15645,19.23556,0.25423,13.58,26,Morningstar US CEF US Allocation,16,BlackRock,True,15.86,0.1,14.42,2026-08-03T00:00:00,09260U109,BlackRock Capital Allocation Term Trust,2026-08-03,XCATX,Hybrid-U.S. Allocation,5.18,1661.736,,Monthly,0.15272,0.25423,20.0,,,2.65,1.4,,1510.859,True,True,True,False,True,True,,11.33,21.09,5.32,7.97,5.9,25.39,,,30.49,6330250,,,,,,,14.93602,-0.9269600000000001,2.14,1.97,1.8399999999999999,2026-08-03T00:00:00,2020-09-28T00:00:00,9/28/2020,1601251200,2026-07-15T00:00:00
38,BHK,-0.0365,9.60515,9.968820000000001,0.0746,2.13,15,Morningstar US CEF Investment Grade,16,BlackRock,True,8.98,0.08,9.32,2026-08-03T00:00:00,09249E101,BlackRock Core Bond,2026-08-03,XBHKX,Fixed Income - Taxable-Investment Grade,33.92,648.574,-0.051000000000000004,Monthly,0.27405,0.0746,15.0,5.2035,,,3.34,,1018.637,True,False,True,False,True,False,,4.3,3.39,-2.46,-3.25,-1.6800000000000002,-1.78,,,2.06,2891840,,,95.0924,,7.35,7.35,9.43287,-4.51299,0.64,1.74,1.63,2026-08-03T00:00:00,2001-11-30T00:00:00,11/30/2001,1007078400,2026-07-15T00:00:00
39,HYT,-0.0812,10.26125,11.16846,0.0779,5.29,14,Morningstar US CEF High Yield,16,BlackRock,True,8.37,0.02,9.11,2026-08-03T00:00:00,09255P107,BlackRock Corporate High Yield Fund,2026-08-03,XHYTX,Fixed Income - Taxable-High Yield,20.21,1613.562,-0.113,Monthly,0.35117,0.0779,15.0,7.0359,,,2.33,,2201.139,True,False,False,False,True,False,,9.37,7.64,4.3,2.14,1.44,0.26,,,-5.02,8305610,,,99.6367,,4.4,,8.96556,-5.2804400000000005,-1.04,-1.6099999999999999,-1.33,2026-08-03T00:00:00,2003-05-30T00:00:00,5/30/2003,1054252800,2026-07-15T00:00:00
40,BTZ,-0.0741,9.32222,10.068,0.0839,4.15,15,Morningstar US CEF Investment Grade,16,BlackRock,True,10.0,0.03,10.8,2026-08-03T00:00:00,092508100,BlackRock Credit Allocation Income Trust,2026-08-03,XBTZX,Fixed Income - Taxable-Investment Grade,35.07,933.245,-0.11900000000000001,Monthly,0.5375800000000001,0.0839,25.0,5.9413,,19.89,3.37,,1552.325,True,False,False,False,True,False,,7.8,8.95,0.99,0.43,0.04,-2.55,,,-0.67,2494390,,,98.6559,,,,10.59084,-5.71389,-0.87,0.07,-0.1,2026-08-03T00:00:00,2006-12-27T00:00:00,12/27/2006,1167177600,2026-07-15T00:00:00
41,DSU,-0.0136,12.36701,12.53714,0.09873,4.12,19,Morningstar US CEF Senior Loans,16,BlackRock,True,9.45,0.03,9.58,2026-08-03T00:00:00,09255R202,BlackRock Debt Strategies,2026-08-03,XDSUX,Fixed Income - Taxable-Senior Loans,15.93,588.164,-0.17400000000000002,Monthly,0.35279,0.09873,10.0,,,6.29,1.69,,709.255,True,False,False,False,True,False,,7.58,9.45,6.02,7.04,1.27,-0.7000000000000001,,,0.37,2789170,,,,,,,10.07019,0.93659,-1.9100000000000001,-1.8399999999999999,-1.52,2026-08-03T00:00:00,1998-03-27T00:00:00,3/27/1998,890956800,2026-07-15T00:00:00
42,BGR,-0.0973,6.45439,7.15003,0.0973,41.82,8,Morningstar US CEF Sector Equity,16,BlackRock,True,16.33,-0.22,18.09,2026-08-03T00:00:00,09250U101,BlackRock Energy and Resources,2026-08-03,XBGRX,Equity-Sector Equity,0.0,415.699,,Monthly,0.1595,0.0973,25.0,,,,1.23,,460.502,True,True,False,False,True,False,,16.13,18.04,20.95,21.22,34.38,27.66,,,33.85,1068600,,,,,,,14.7622,-6.8743300000000005,-0.9400000000000001,0.24,0.01,2026-08-03T00:00:00,2004-12-23T00:00:00,12/23/2004,1103760000,2026-07-15T00:00:00
43,BDJ,-0.0711,7.04076,7.57959,0.0619,21.77,3,Morningstar US CEF Covered Call,16,BlackRock,True,9.8,0.02,10.55,2026-08-03T00:00:00,09251A104,BlackRock Enhanced Dividend Achievers,2026-08-03,XBDJX,Equity-Covered-Call Funds,0.11,1734.058,,Monthly,0.07807,0.0619,15.0,,,,0.88,,1868.893,True,True,False,False,True,False,,14.23,15.18,9.74,9.24,11.77,8.1,,,21.53,4292320,,,,,,,9.20858,-5.88439,-0.79,0.53,-0.28,2026-08-03T00:00:00,2005-08-26T00:00:00,8/26/2005,1125014400,2026-07-15T00:00:00
44,BOE,-0.08710000000000001,7.45045,8.16118,0.0827,16.0,3,Morningstar US CEF Covered Call,16,BlackRock,True,12.16,0.05,13.32,2026-08-03T00:00:00,092501105,BlackRock Enhanced Glbl Div Trust,2026-08-03,XBOEX,Equity-Covered-Call Funds,0.02,676.098,,Monthly,0.05795,0.0827,25.0,,,,1.03,,740.594,True,True,True,False,True,False,,11.59,14.68,6.94,7.52,7.24,8.63,,,16.25,1313330,,,,,,,11.68713,-9.20727,0.56,0.18,0.51,2026-08-03T00:00:00,2005-05-26T00:00:00,5/26/2005,1117065600,2026-07-15T00:00:00
45,BGY,-0.09230000000000001,8.0,8.813790000000001,0.0426,15.33,3,Morningstar US CEF Covered Call,16,BlackRock,True,5.8,0.02,6.39,2026-08-03T00:00:00,092524107,BlackRock Enhanced Intl Div Trust,2026-08-03,XBGYX,Equity-Covered-Call Funds,0.36,525.564,,Monthly,0.02491,0.0426,20.0,,,,1.2,,579.026,True,True,False,False,True,False,,8.46,10.37,5.98,6.5,5.97,3.49,,,11.33,2746250,,,,,,,5.77481,-8.21729,-0.61,1.1400000000000001,0.02,2026-08-03T00:00:00,2007-05-25T00:00:00,5/25/2007,1180051200,2026-07-15T00:00:00
46,CII,0.0103,6.9744399999999995,6.9033,0.141,22.95,3,Morningstar US CEF Covered Call,16,BlackRock,True,24.51,0.4,24.26,2026-08-03T00:00:00,09256A109,BlackRock Enhanced Large Cap Core Fund,2026-08-03,XCIIX,Equity-Covered-Call Funds,0.47000000000000003,1004.507,,Monthly,0.00537,0.141,20.0,,,,0.93,,998.906,True,True,True,False,True,False,,17.99,19.73,12.14,12.99,10.14,7.64,,,31.47,956440,,,,,,,23.4541,0.16064,0.31,-0.59,-0.08,2026-08-03T00:00:00,2004-04-27T00:00:00,4/27/2004,1083024000,2026-07-15T00:00:00
47,ECAT,-0.0092,21.09379,21.288710000000002,0.26877,13.38,25,Morningstar US CEF Global Allocation,16,BlackRock,True,15.15,0.17,15.29,2026-08-03T00:00:00,09262F100,BlackRock ESG Capital Allocation Term,2026-08-03,ECAT,Hybrid-Global Allocation,0.17,1506.945,,Monthly,0.10010000000000001,0.26877,20.0,,,2.33,1.4100000000000001,,1523.401,True,False,True,False,True,True,,12.26,17.66,,,5.73,10.66,,,14.07,4341390,,,,,,,15.56613,-2.44898,0.67,0.18,0.91,2026-08-03T00:00:00,2021-09-27T00:00:00,9/27/2021,1632700800,2026-07-15T00:00:00
48,FRA,-0.0466,13.07018,13.70923,0.12383999999999999,3.31,19,Morningstar US CEF Senior Loans,17,"BlackRock Advisors, LLC",True,10.84,0.02,11.37,2026-08-03T00:00:00,09255X100,BlackRock Floating Rate Inc Strategies,2026-08-03,XFRAX,Fixed Income - Taxable-Senior Loans,23.1,384.113,-0.184,Monthly,0.44666,0.12383999999999999,20.0,,,,2.61,,523.911,True,False,False,False,True,False,,6.97,7.59,6.02,6.54,1.21,-0.74,,,-6.93,1559590,,,,,,,11.75801,-1.23763,-0.75,-0.07,-0.05,2026-08-03T00:00:00,2003-10-31T00:00:00,10/31/2003,1067558400,2026-07-15T00:00:00
49,BGT,-0.0305,12.96819,13.37683,0.12028,3.52,19,Morningstar US CEF Senior Loans,16,BlackRock,True,10.79,-0.04,11.13,2026-08-03T00:00:00,091941104,Blackrock Floating Rate Income,2026-08-03,XBGTX,Fixed Income - Taxable-Senior Loans,0.13,321.809,-0.154,Monthly,0.42019,0.12028,20.0,,,,2.06,,332.395,True,False,False,False,True,False,,7.22,9.11,6.18,6.92,1.2,3.19,,,-2.74,1318590,,,,,,,11.34083,-2.63265,-0.15,1.52,0.88,2026-08-03T00:00:00,2004-08-30T00:00:00,8/30/2004,1093824000,2026-07-15T00:00:00
50,BME,-0.009300000000000001,7.16283,7.23034,0.2621,23.44,8,Morningstar US CEF Sector Equity,16,BlackRock,True,43.5,0.01,43.91,2026-08-03T00:00:00,09250W107,BlackRock Health Sciences,2026-08-03,XBMEX,Equity-Sector Equity,0.16,562.198,,Monthly,0.0592,0.2621,25.0,,,,1.13,,568.392,True,True,True,False,True,False,,8.35,10.62,4.74,4.58,4.78,10.61,,,32.46,455070,,,,,,,39.83601,-5.70342,2.26,3.5700000000000003,2.89,2026-08-03T00:00:00,2005-03-28T00:00:00,3/28/2005,1111968000,2026-07-15T00:00:00
51,BMEZ,-0.0931,7.68335,8.4724,0.11,23.68,8,Morningstar US CEF Sector Equity,16,BlackRock,True,15.58,0.1,17.18,2026-08-03T00:00:00,09260E105,BlackRock Health Sciences Term Trust,2026-08-03,XBMZX,Equity-Sector Equity,0.45,973.772,,Monthly,0.00466,0.11,20.0,,,,1.37,,1078.597,True,True,True,False,True,True,,6.97,9.52,-1.79,-1.67,5.44,8.4,,,20.98,2299340,,,,,,,14.73086,-10.9494,1.23,1.25,1.63,2026-08-03T00:00:00,2020-01-29T00:00:00,1/29/2020,1580256000,2026-07-15T00:00:00
52,BKT,-0.0472,9.79093,10.27573,0.0882,0.72,15,Morningstar US CEF Investment Grade,16,BlackRock,True,10.3,0.12,10.81,2026-08-03T00:00:00,09247F209,BlackRock Income,2026-08-03,XBKTX,Fixed Income - Taxable-Investment Grade,19.5,333.606,-0.055,Monthly,0.047920000000000004,0.0882,10.0,4.445,,9.15,1.9700000000000002,,434.913,True,False,False,False,True,False,,3.7,3.44,-1.92,-3.91,-1.05,-2.33,,,-3.7800000000000002,1344360,,,89.397,,4.92,,10.97191,-4.10299,-0.44,-0.06,-0.17,2026-08-03T00:00:00,1988-08-01T00:00:00,8/1/1988,586396800,2026-07-15T00:00:00
53,BLW,-0.05,10.29871,10.84118,0.1132,4.04,16,Morningstar US CEF Limited Duration,16,BlackRock,True,12.53,-0.01,13.19,2026-08-03T00:00:00,09249W101,BlackRock Limited Duration Income,2026-08-03,XBLWX,Fixed Income - Taxable-Limited Duration,36.04,489.728,-0.133,Monthly,0.52225,0.1132,20.0,,,,3.7,,806.024,True,False,False,False,True,False,,8.45,8.18,3.99,2.91,0.4,-2.98,,,-1.6800000000000002,1166950,,,,,,,13.36828,-2.2941700000000003,-0.92,0.67,-0.17,2026-08-03T00:00:00,2003-07-28T00:00:00,7/28/2003,1059350400,2026-07-15T00:00:00
54,BIT,-0.07,11.28821,12.13737,0.12369999999999999,4.6,17,Morningstar US CEF Multi-Sector,16,BlackRock,True,12.23,0.0,13.15,2026-08-03T00:00:00,09258A107,BlackRock Multi-Sector Income Trust,2026-08-03,XBITX,Fixed Income - Taxable-Multi-Sector,30.96,697.877,-0.508,Monthly,0.40641,0.12369999999999999,20.0,6.1162,,,3.26,,1086.796,True,False,False,False,True,False,,8.15,4.54,4.0,2.24,0.55,0.24,,,-5.22,3196230,7.97,,,,,3.77,13.03736,-5.22558,-0.91,-0.96,-0.96,2026-08-03T00:00:00,2013-02-25T00:00:00,2/25/2013,1361750400,2026-07-15T00:00:00
55,MUA,-0.09029999999999999,6.01083,6.60714,0.0555,9.58,21,Morningstar US CEF Municipal,16,BlackRock,False,10.08,-0.02,11.08,2026-08-03T00:00:00,09254J102,BlackRock Muniassets,2026-08-03,XMUAX,Fixed Income - Municipal-Municipal,33.13,507.577,-0.004,Monthly,0.28542,0.0555,15.0,5.4809,,,2.59,,834.328,True,False,False,False,False,False,,5.27,5.66,-0.6900000000000001,-3.46,2.14,-2.26,,,3.66,1163350,17.85,,92.4046,,12.75,,10.8045,-3.69642,-2.65,-3.09,-2.95,2026-08-03T00:00:00,1993-06-25T00:00:00,6/25/1993,740966400,2026-07-15T00:00:00
56,BTT,-0.0818,2.27637,2.47907,0.0464,3.21,21,Morningstar US CEF Municipal,16,BlackRock,False,22.46,0.06,24.46,2026-08-03T00:00:00,09257P105,BlackRock Municipal 2030 Target Term,2026-08-03,XBTTX,Fixed Income - Municipal-Municipal,34.89,1429.027,0.148,Monthly,0.34323,0.0464,25.0,4.6478,,,2.69,,2390.158,True,False,False,False,False,True,,3.66,4.89,0.38,-0.34,0.67,-0.43,,,3.6,917850,22.83,,101.5267,,3.88,,22.63299,-8.12434,-0.09,-0.9400000000000001,-0.81,2026-08-03T00:00:00,2012-08-29T00:00:00,8/29/2012,1346198400,2026-07-15T00:00:00
57,MHD,-0.0784,5.712,6.19792,0.0595,9.25,21,Morningstar US CEF Municipal,16,BlackRock,False,11.52,0.05,12.5,2026-08-03T00:00:00,09253N104,BlackRock Municipal Income,2026-08-03,XMHDX,Fixed Income - Municipal-Municipal,42.17,2012.543,0.004,Monthly,0.30405,0.0595,15.0,5.0119,,,3.08,,3775.879,True,False,True,False,False,False,,2.22,4.65,-2.14,-2.9699999999999998,0.9,1.21,,,9.63,2449830,5.52,,99.8744,,11.88,,11.661950000000001,-8.55676,0.88,0.64,0.67,2026-08-03T00:00:00,1997-05-02T00:00:00,5/2/1997,862531200,2026-07-15T00:00:00
58,MUC,-0.0774,5.58261,6.0509,0.0535,8.76,22,Morningstar US CEF Municipal-CA,16,BlackRock,False,10.61,0.03,11.5,2026-08-03T00:00:00,09254L107,BlackRock MuniHoldings CA Qty,2026-08-03,XMUCX,Fixed Income - Municipal-Municipal - CA,40.8,1326.337,0.07100000000000001,Monthly,0.26962,0.0535,15.0,5.0713,,,3.22,,2428.25,True,False,True,False,False,False,,1.73,4.82,-2.13,-3.19,0.97,3.34,,,11.65,2795700,3.71,,102.4334,,13.95,,10.721540000000001,-8.35344,0.63,-0.43,-0.04,2026-08-03T00:00:00,1998-02-27T00:00:00,2/27/1998,888537600,2026-07-15T00:00:00
59,MUJ,-0.026000000000000002,5.26829,5.40902,0.054,8.4,24,Morningstar US CEF Municipal-Single State,16,BlackRock,False,11.98,0.01,12.3,2026-08-03T00:00:00,09254X101,BlackRock MuniHoldings NJ Qty,2026-08-03,XMUJX,Fixed Income - Municipal-Municipal - Single-State,39.85,637.157,0.085,Monthly,0.2647,0.054,15.0,4.7124,,,3.37,,1087.501,True,True,True,False,False,False,,2.92,7.83,-0.86,-0.17,0.84,3.74,,,16.78,1028880,17.89,,97.7946,,13.16,,11.92143,-4.79298,0.89,-0.3,0.29,2026-08-03T00:00:00,1998-03-11T00:00:00,3/11/1998,889574400,2026-07-15T00:00:00
60,MIY,-0.0074,5.38715,5.42739,0.0545,9.12,24,Morningstar US CEF Municipal-Single State,16,BlackRock,False,12.05,-0.15,12.14,2026-08-03T00:00:00,09254V105,BlackRock MuniYield MI Quality,2026-08-03,XMIYX,Fixed Income - Municipal-Municipal - Single-State,39.76,349.025,0.07200000000000001,Monthly,0.25837,0.0545,15.0,4.9551,,,3.34,,583.725,True,True,True,False,False,False,,2.69,8.65,-1.01,-0.25,0.64,7.21,,,18.14,609890,8.23,,100.9645,,16.35,,11.84676,-4.09245,1.16,0.93,0.67,2026-08-03T00:00:00,1992-10-30T00:00:00,10/30/1992,720403200,2026-07-15T00:00:00
61,MYN,-0.08220000000000001,5.8017,6.32099,0.051199999999999996,9.57,23,Morningstar US CEF Municipal-NY,17,"BlackRock Advisors, LLC",False,9.72,0.02,10.59,2026-08-03T00:00:00,09255E102,BlackRock MuniYield NY Quality,2026-08-03,XMYNX,Fixed Income - Municipal-Municipal - NY,22.69,914.882,0.069,Monthly,0.24345,0.051199999999999996,15.0,4.855,,,3.2800000000000002,,1289.277,True,False,True,False,False,False,,1.78,4.46,-1.9100000000000001,-2.92,0.71,1.46,,,12.16,1178510,8.48,,100.2576,,12.59,,9.91654,-8.28153,0.09,-1.04,-0.17,2026-08-03T00:00:00,1992-02-28T00:00:00,2/28/1992,699235200,2026-07-15T00:00:00
62,MPA,-0.09050000000000001,4.75415,5.2274,0.0477,8.83,24,Morningstar US CEF Municipal-Single State,16,BlackRock,False,10.95,0.05,12.04,2026-08-03T00:00:00,09255G107,BlackRock MuniYield PA Quality,2026-08-03,XMPAX,Fixed Income - Municipal-Municipal - Single-State,38.39,141.798,0.039,Monthly,0.23728000000000002,0.0477,15.0,4.7722999999999995,,,3.23,,253.06,True,False,False,False,False,False,,2.5300000000000002,3.49,-1.69,-2.75,0.01,1.31,,,8.27,322010,7.16,,98.0715,,14.9,,11.24325,-8.50577,-0.68,-0.73,-0.92,2026-08-03T00:00:00,1992-10-30T00:00:00,10/30/1992,720403200,2026-07-15T00:00:00
63,MYI,-0.0717,5.75627,6.20112,0.0555,8.81,21,Morningstar US CEF Municipal,16,BlackRock,False,10.74,0.08,11.57,2026-08-03T00:00:00,09254E103,BlackRock MuniYield Qty III,2026-08-03,XMYIX,Fixed Income - Municipal-Municipal,42.19,1313.433,0.04,Monthly,0.27666,0.0555,15.0,5.0585,,,3.23,,2447.68,True,False,True,False,False,False,,2.79,4.54,-1.12,-1.6,0.81,1.5899999999999999,,,9.13,2234720,6.01,,99.7206,,11.76,,10.916360000000001,-7.58437,0.48,0.8300000000000001,0.41000000000000003,2026-08-03T00:00:00,1992-04-13T00:00:00,4/13/1992,703123200,2026-07-15T00:00:00
64,MQY,-0.0704,5.76636,6.20321,0.057999999999999996,8.5,21,Morningstar US CEF Municipal,17,"BlackRock Advisors, LLC",False,11.22,0.02,12.07,2026-08-03T00:00:00,09254F100,BlackRock Muniyield Quality,2026-08-03,XMQYX,Fixed Income - Municipal-Municipal,42.31,1687.848,0.060000000000000005,Monthly,0.28992,0.057999999999999996,15.0,5.0143,,,3.2,,3147.193,True,False,True,False,False,False,,2.31,3.93,-1.58,-2.4,0.43,2.67,,,8.56,2896090,4.96,,99.4864,,14.22,,11.43559,-7.41684,0.35000000000000003,0.47000000000000003,0.36,2026-08-03T00:00:00,1992-06-26T00:00:00,6/26/1992,709516800,2026-07-15T00:00:00
65,BCX,-0.0617,6.61709,7.05228,0.0697,33.07,8,Morningstar US CEF Sector Equity,16,BlackRock,True,11.86,-0.19,12.64,2026-08-03T00:00:00,09257A108,BlackRock Resources&Commodities Strategy,2026-08-03,XBCRX,Equity-Sector Equity,0.0,904.184,,Monthly,0.10812000000000001,0.0697,20.0,,,,1.19,,963.671,True,True,True,False,True,False,,11.73,15.35,12.37,12.91,14.36,14.27,,,36.0,2114780,,,,,,,11.26672,-6.85299,0.38,1.07,0.56,2026-08-03T00:00:00,2011-03-29T00:00:00,3/29/2011,1301356800,2026-07-15T00:00:00
66,BSTZ,-0.0736,6.238,6.73343,0.1625,46.06,8,Morningstar US CEF Sector Equity,16,BlackRock,True,28.96,0.53,31.26,2026-08-03T00:00:00,09260K101,BlackRock Science and Technology Term,2026-08-03,XBSZX,Equity-Sector Equity,0.81,1990.831,,Monthly,-0.14164000000000002,0.1625,20.0,,,,1.35,,2166.447,True,True,True,False,True,True,,22.55,28.06,3.21,4.13,27.28,31.54,,,48.05,2196680,,,,,,,24.16444,-9.59148,1.31,1.35,1.6800000000000002,2026-08-03T00:00:00,2019-06-26T00:00:00,6/26/2019,1561507200,2026-07-15T00:00:00
67,BST,-0.0434,6.02289,6.29591,0.25,28.91,8,Morningstar US CEF Sector Equity,16,BlackRock,True,47.65,1.3900000000000001,49.81,2026-08-03T00:00:00,09258G104,BlackRock Science and Technology Trust,2026-08-03,XBSTX,Equity-Sector Equity,0.1,1654.409,,Monthly,-0.17225000000000001,0.25,20.0,3.8302,,,1.11,,1731.177,True,True,True,False,True,False,,22.13,20.1,6.63,6.5600000000000005,20.04,18.88,,,31.05,998280,,,,,0.26,0.26,41.93755,-6.51252,1.25,2.34,1.34,2026-08-03T00:00:00,2014-10-29T00:00:00,10/29/2014,1414540800,2026-07-15T00:00:00
68,BBN,-0.0412,7.17091,7.47914,0.0986,3.41,20,Morningstar US CEF Taxable Muni,17,"BlackRock Advisors, LLC",True,15.82,0.0,16.5,2026-08-03T00:00:00,09248X100,BlackRock Taxable Municipal Bond Trust,2026-08-03,XBBNX,Fixed Income - Taxable-Taxable Muni,35.7,977.558,0.077,Monthly,0.48995,0.0986,20.0,5.9174,,,3.1,,1585.642,True,False,True,False,True,False,,4.29,5.93,-2.5,-3.15,-1.0,1.17,,,5.06,2050140,2.81,,99.5233,,8.35,,16.36312,-5.00178,0.58,2.2,2.04,2026-08-03T00:00:00,2010-08-27T00:00:00,8/27/2010,1282867200,2026-07-15T00:00:00
69,BTX,-0.1119,6.78149,7.63636,0.0525,27.64,10,Morningstar US CEF US Equity,16,BlackRock,True,8.25,0.2,9.29,2026-08-03T00:00:00,09260Q108,BlackRock Tech and Private Equity Term,2026-08-03,XBTPX,Equity-U.S. Equity,1.15,962.86,,Monthly,-0.044090000000000004,0.0525,20.0,,,,1.46,,1096.903,True,True,True,False,True,True,,7.59,10.77,-5.94,-6.51,20.73,28.33,,,20.93,7901720,,,,,,,7.2970500000000005,-13.447,0.75,0.99,1.4,2026-08-03T00:00:00,2021-03-26T00:00:00,3/26/2021,1616716800,2026-07-15T00:00:00
70,BUI,0.022099999999999998,6.90841,6.75933,0.154,18.85,8,Morningstar US CEF Sector Equity,16,BlackRock,True,27.34,0.03,26.75,2026-08-03T00:00:00,09248D104,"BlackRock Util, Infra & Power Opp",2026-08-03,XBUIX,Equity-Sector Equity,0.11,822.511,,Monthly,0.13116,0.154,20.0,,,,1.09,,804.761,True,True,False,False,True,False,,14.19,14.87,9.11,9.31,14.57,11.69,,,16.44,733600,,,,,,,27.15027,2.38589,-0.05,0.79,0.34,2026-08-03T00:00:00,2011-11-23T00:00:00,11/23/2011,1322006400,2026-07-15T00:00:00
71,BHV,0.1516,4.89686,4.25234,0.0455,7.12,24,Morningstar US CEF Municipal-Single State,16,BlackRock,False,12.84,0.03,11.15,2026-08-03T00:00:00,092481100,BlackRock VA Municipal Bond,2026-08-03,XBHVX,Fixed Income - Municipal-Municipal - Single-State,39.49,20.393,0.024,Monthly,0.1615,0.0455,15.0,4.857,,,4.53,,29.267,True,True,True,False,False,False,,0.8200000000000001,11.21,-2.95,-2.48,-0.4,26.13,,,29.18,56940,7.23,,99.2945,,16.77,10.27,11.07412,-3.31875,2.88,1.69,2.0,2026-08-03T00:00:00,2002-04-30T00:00:00,4/30/2002,1020124800,2026-07-15T00:00:00
72,BGX,-0.1232,8.0261,9.15349,0.08199999999999999,0.6,19,Morningstar US CEF Senior Loans,18,Blackstone Liquid Credit Strategies LLC,False,10.75,0.03,12.26,2026-08-03T00:00:00,09257D102,Blackstone Long-Short Credit Income,2026-08-03,XXBGX,Fixed Income - Taxable-Senior Loans,33.84,136.614,,Monthly,0.51573,0.08199999999999999,20.0,7.1166,,,4.65,,235.503,True,False,False,False,False,False,,6.67,7.05,3.69,3.11,-1.24,-4.02,,,-7.07,710110,,,,,17.0,,11.41698,-10.04472,-0.92,-0.72,-0.37,2026-08-03T00:00:00,2011-01-27T00:00:00,1/27/2011,1296086400,2026-07-24T00:00:00
73,BSL,-0.0298,7.86885,8.1106,0.088,-0.26,19,Morningstar US CEF Senior Loans,18,Blackstone Liquid Credit Strategies LLC,False,13.02,0.07,13.42,2026-08-03T00:00:00,09256U105,Blackstone Senior Floating Rt 2027 term,2026-08-03,XBSLX,Fixed Income - Taxable-Senior Loans,33.55,169.52,,Monthly,0.55321,0.088,20.0,7.1282,,,4.68,,262.928,True,False,True,False,False,True,,6.16,9.0,4.01,3.99,-1.3599999999999999,-0.14,,,-0.81,422540,,,,,3.73,,13.43038,-3.5647,0.5700000000000001,0.6900000000000001,0.9400000000000001,2026-08-03T00:00:00,2010-05-26T00:00:00,5/26/2010,1274832000,2026-07-24T00:00:00
74,BGB,-0.0484,7.74851,8.14286,0.076,-0.23,19,Morningstar US CEF Senior Loans,18,Blackstone Liquid Credit Strategies LLC,False,11.2,0.03,11.77,2026-08-03T00:00:00,09257R101,Blackstone Strategic Credit 2027 term,2026-08-03,XBGBX,Fixed Income - Taxable-Senior Loans,39.05,500.402,,Monthly,0.74549,0.076,20.0,6.9311,,,5.4,,862.802,True,False,False,False,False,True,,6.57,9.58,3.6,4.63,-1.85,-1.2,,,-2.41,1346620,,,,,17.78,,11.67462,-4.56414,-0.21,-1.25,-0.03,2026-08-03T00:00:00,2012-09-26T00:00:00,9/26/2012,1348617600,2026-07-24T00:00:00
75,BPRE,-0.4708,7.26678,13.73289,0.1371,-7.28,7,Morningstar US CEF Real Estate,19,"Bluerock Fund Advisors, LLC",True,11.98,-0.09,22.64,2026-08-03T00:00:00,09631P102,Bluerock Private Real Estate Fund,2026-08-03,XBPREX,Equity-Real Estate,,1713.672,,Monthly,,0.1371,14.0,,,,0.0,,3238.525,False,True,True,False,True,False,,-7.01,,-1.4100000000000001,,-3.65,-14.96,,,,0,,,75.3755,,,,,,,-1.58,-2.07,2026-08-03T00:00:00,2014-04-01T00:00:00,4/1/2014,1396310400,2026-07-17T00:00:00
76,DHF,-0.1082,7.83582,8.78661,0.017499999999999998,3.68,14,Morningstar US CEF High Yield,20,BNY Mellon,False,2.39,0.04,2.6799999999999997,2026-08-03T00:00:00,09660L105,BNY Mellon High Yield Strategies Fund,2026-08-03,XDHFX,Fixed Income - Taxable-High Yield,27.52,173.84,,Monthly,0.09917000000000001,0.017499999999999998,15.0,7.0374,,,3.18,,268.934,True,False,False,False,False,False,,9.21,9.79,3.3,0.43,0.92,-1.05,,,-0.13,3770040,5.35,,99.7468,,4.52,3.39,2.48757,-9.16251,-0.97,-0.11,-0.31,2026-08-03T00:00:00,1998-04-29T00:00:00,4/29/1998,893808000,2026-07-09T00:00:00
77,DMB,-0.08130000000000001,5.24476,5.70885,0.049999999999999996,9.14,21,Morningstar US CEF Municipal,20,BNY Mellon,False,10.51,-0.01,11.44,2026-08-03T00:00:00,09662W109,BNY Mellon Muni Bond Infrastructure Fund,2026-08-03,XDMBX,Fixed Income - Municipal-Municipal,35.82,193.447,,Monthly,0.24734,0.049999999999999996,15.0,5.0905,,,3.19,,328.059,True,False,False,False,False,False,,2.42,0.48,-1.34,-3.05,0.05,-1.9100000000000001,,,10.07,582720,0.37,,101.4874,,11.41,8.86,10.76168,-7.51423,-0.45,-2.26,-1.44,2026-08-03T00:00:00,2013-04-26T00:00:00,4/26/2013,1366934400,2026-07-17T00:00:00
78,DSM,-0.08810000000000001,5.66038,6.2069,0.03,10.33,21,Morningstar US CEF Municipal,20,BNY Mellon,False,5.8,-0.01,6.36,2026-08-03T00:00:00,09662E109,BNY Mellon Strategic Muni Bond,2026-08-03,XDSMX,Fixed Income - Municipal-Municipal,34.7,286.686,,Monthly,0.15742,0.03,10.0,5.0273,,,2.73,,481.452,True,False,False,False,False,False,,2.61,4.87,-1.96,-3.02,0.55,-2.92,,,10.44,1083690,1.79,,99.5588,,8.93,8.04,6.00172,-7.06993,-1.35,-2.42,-2.44,2026-08-03T00:00:00,1989-11-22T00:00:00,11/22/1989,627696000,2026-07-14T00:00:00
79,LEO,-0.0832,5.34918,5.83468,0.03,9.91,21,Morningstar US CEF Municipal,20,BNY Mellon,False,6.17,0.02,6.73,2026-08-03T00:00:00,05588W108,BNY Mellon Strategic Municipals,2026-08-03,XLEOX,Fixed Income - Municipal-Municipal,34.2,384.335,,Monthly,0.15752,0.03,10.0,5.135,,,2.76,,637.138,True,False,False,False,False,False,,3.05,4.32,-1.8,-3.7,0.96,-0.44,,,10.27,1938380,1.06,,99.5242,,9.37,8.23,6.29253,-7.65955,-0.61,-1.72,-1.48,2026-08-03T00:00:00,1987-09-23T00:00:00,9/23/1987,559353600,2026-07-14T00:00:00
80,BWG,-0.0968,11.20187,12.4031,0.08,4.97,13,Morningstar US CEF Global Income,54,"Franklin Templeton Fund Adviser, LLC",True,7.74,0.01,8.57,2026-08-03T00:00:00,10537L104,BrandywineGLOBAL â Global Inc Opp Fund,2026-08-03,XBWGX,Fixed Income - Taxable-Global Income,41.23,129.969,,Monthly,0.40321,0.08,20.0,7.6784,,,4.62,,244.867,True,False,False,False,True,False,,6.63,9.64,0.77,1.87,-0.05,-0.96,,,3.41,791580,,,,,,,8.27128,-8.28377,-0.9,-0.26,-0.2,2026-08-03T00:00:00,2012-03-28T00:00:00,3/28/2012,1332892800,2026-07-24T00:00:00
81,RA,-0.0816,10.13601,11.03663,0.118,6.25,14,Morningstar US CEF High Yield,21,Brookfield Public Securities Group LLC,True,12.83,0.02,13.97,2026-08-03T00:00:00,112830104,Brookfield Real Assets Income Fund Inc.,2026-08-03,XRAIX,Fixed Income - Taxable-High Yield,25.2,708.918,,Monthly,0.4166,0.118,25.0,6.5568,,,3.34,,1031.822,True,False,True,False,True,False,,8.28,1.74,3.95,1.0,2.64,5.37,,,7.86,1659740,,,95.6177,,8.9,,13.04398,-9.08019,0.79,1.33,1.03,2026-08-03T00:00:00,2016-12-02T00:00:00,12/2/2016,1480636800,2026-07-09T00:00:00
82,CFND,-0.5831000000000001,,,,,10,Morningstar US CEF US Equity,23,C1 Advisors LLC,True,3.06,-0.68,7.34,2026-03-31T00:00:00,12673Q103,C1 Fund Inc.,2026-08-03,XCFNDX,Equity-U.S. Equity,,20.4,,Semi-Annually,,,10.0,,,,5.86,,48.933,False,True,True,False,True,False,,,,,,-6.02,-38.57,,,,0,,,,,,,,,,-1.31,-1.74,2026-08-03T00:00:00,2025-08-07T00:00:00,8/7/2025,1754524800,
83,CHY,-0.0132,9.28793,9.41176,0.09999999999999999,29.64,11,Morningstar US CEF Convertibles,24,Calamos Advisors LLC,False,12.75,0.2,12.92,2026-08-03T00:00:00,12811P108,Calamos Convertible & High Income Fund,2026-08-03,XCHYX,Fixed Income - Taxable-Convertibles,31.31,1024.212,,Monthly,-0.1105,0.09999999999999999,15.0,3.4278,,,4.01,,1510.886,True,True,False,False,False,False,,16.72,14.47,6.19,5.77,18.75,16.47,,,26.77,1911240,,,110.5484,,,,11.88778,-0.80793,-0.27,0.14,0.02,2026-08-03T00:00:00,2003-05-28T00:00:00,5/28/2003,1054080000,2026-07-14T00:00:00
84,CHI,0.04769999999999999,9.38272,8.95522,0.095,29.1,11,Morningstar US CEF Convertibles,24,Calamos Advisors LLC,False,12.73,0.2,12.15,2026-08-03T00:00:00,128117108,Calamos Convertible Opp Inc,2026-08-03,XCHIX,Fixed Income - Taxable-Convertibles,30.68,1027.397,,Monthly,-0.09886,0.095,15.0,3.3973,,,3.98,,1414.637,True,True,True,False,False,False,,16.51,14.96,6.09,6.53,18.55,25.46,,,34.8,1838100,,,110.6012,,,,11.45488,1.3080500000000002,1.74,0.87,1.1,2026-08-03T00:00:00,2002-06-26T00:00:00,6/26/2002,1025049600,2026-07-14T00:00:00
85,CCD,0.042699999999999995,9.60986,9.21623,0.19499999999999998,34.54,11,Morningstar US CEF Convertibles,24,Calamos Advisors LLC,False,25.39,0.65,24.35,2026-08-03T00:00:00,12811V105,Calamos Dynamic Convertible and Income,2026-08-03,XCCDX,Fixed Income - Taxable-Convertibles,29.03,725.719,,Monthly,-0.41014,0.19499999999999998,25.0,2.4364,,,4.26,,980.751,True,True,True,False,False,True,,17.95,17.39,6.36,6.39,22.06,24.67,,,32.75,848710,,,,,,,22.62036,1.6442100000000002,1.2,1.52,1.08,2026-08-03T00:00:00,2015-03-27T00:00:00,3/27/2015,1427414400,2026-07-14T00:00:00
86,CHW,-0.0973,7.78378,8.62275,0.06,22.9,25,Morningstar US CEF Global Allocation,24,Calamos Advisors LLC,False,8.35,0.05,9.25,2026-08-03T00:00:00,12811L107,Calamos Global Dynamic Income Fund,2026-08-03,XCHWX,Hybrid-Global Allocation,29.9,533.268,,Monthly,-0.03591,0.06,15.0,4.6987,,,3.85,,842.709,True,True,True,False,False,False,,18.72,20.39,7.44,3.52,16.62,16.26,,,24.92,1915420,,,,,,,7.8849800000000005,-10.32324,0.47000000000000003,0.4,0.48,2026-08-03T00:00:00,2007-06-27T00:00:00,6/27/2007,1182902400,2026-07-14T00:00:00
87,CGO,-0.0919,7.63251,8.40467,0.09,23.06,25,Morningstar US CEF Global Allocation,24,Calamos Advisors LLC,False,12.85,0.17,14.15,2026-08-03T00:00:00,128118106,Calamos Global Total Return,2026-08-03,XCGOX,Hybrid-Global Allocation,29.82,126.281,,Monthly,-0.07175000000000001,0.09,15.0,4.6395,,,4.02,,198.133,True,True,False,False,False,False,,19.15,18.74,7.38,4.51,17.31,15.68,,,18.73,272080,,,,,,,12.25389,-8.72927,-0.24,1.11,0.79,2026-08-03T00:00:00,2005-10-27T00:00:00,10/27/2005,1130371200,2026-07-14T00:00:00
88,CPZ,-0.138,10.83172,12.56545,0.13999999999999999,-3.93,5,Morningstar US CEF Global Equity,24,Calamos Advisors LLC,False,13.37,0.18,15.51,2026-08-03T00:00:00,12812C106,Calamos L/S Equity & Dynamic Inc Trust,2026-08-03,XCPZX,Equity-Global Equity,47.52,262.482,,Monthly,0.08155,0.13999999999999999,20.0,6.5068,,,4.38,,580.186,True,False,False,False,False,False,,4.5600000000000005,5.9,2.77,2.46,-0.77,-4.07,,,-8.28,759030,,,99.4283,,,,14.61861,-9.3956,-2.0,-1.69,-1.73,2026-08-03T00:00:00,2019-11-29T00:00:00,11/29/2019,1574985600,2026-07-14T00:00:00
89,CSQ,-0.09119999999999999,7.16814,7.88705,0.13499999999999998,24.06,26,Morningstar US CEF US Allocation,24,Calamos Advisors LLC,False,20.54,0.4,22.6,2026-08-03T00:00:00,128125101,Calamos Strategic Total Return,2026-08-03,XCSQX,Hybrid-U.S. Allocation,28.04,3293.992,,Monthly,-0.08754,0.13499999999999998,15.0,3.949,,,3.69,,5036.521,True,True,False,False,False,False,,21.86,18.24,12.48,10.08,12.27,9.01,,,18.0,2274370,,,,,,,19.21418,-8.09063,-0.53,1.28,0.73,2026-08-03T00:00:00,2004-03-26T00:00:00,3/26/2004,1080259200,2026-07-14T00:00:00
90,CCIF,-0.138,22.08589,25.62278,0.06,-40.32,19,Morningstar US CEF Senior Loans,25,Carlyle Global Credit Inv Mgmt,True,2.81,0.04,3.32,2026-06-30T00:00:00,92535C104,Carlyle Credit Income Ord,2026-08-03,XCCIFX,Fixed Income - Taxable-Senior Loans,45.32,59.568,,Monthly,0.18345,0.06,8.65,11.444,,,11.36,,126.38,True,False,False,False,True,False,,-20.54,-14.2,-13.41,-10.34,-32.29,-30.71,,,-36.23,1394700,,,59.2999,,,,4.2119,-10.02222,-0.66,-0.25,-0.63,2026-08-03T00:00:00,2011-12-30T00:00:00,12/30/2011,1325203200,2026-07-21T00:00:00
91,IGR,0.0,15.41756,15.41756,0.06,13.47,7,Morningstar US CEF Real Estate,26,CBRE Investment Management Listed Real Assets LLC,True,4.67,-0.01,4.67,2026-08-03T00:00:00,12504G100,CBRE Global Real Estate Income,2026-08-03,XIGRX,Equity-Real Estate,31.61,706.756,,Monthly,0.01967,0.06,15.0,,,,3.84,,1033.486,True,False,False,False,True,False,,5.34,9.24,-2.01,0.11,13.62,16.99,,,12.84,7203280,,,,,,,4.73268,0.99109,-0.45,-0.23,-0.74,2026-08-03T00:00:00,2004-02-18T00:00:00,2/18/2004,1077062400,2026-07-20T00:00:00
92,CET,-0.154,0.96273,1.13803,0.31,15.81,10,Morningstar US CEF US Equity,27,Central Securities Corp,False,54.48,2.08,64.4,2026-07-31T00:00:00,155123102,Central Securities Corporation,2026-08-03,XCETX,Equity-U.S. Equity,0.32,1609.844,,Semi-Annually,0.37374,0.31,10.0,,,,0.46,,1902.973,True,True,True,False,False,False,,17.62,18.88,10.71,11.61,6.98,6.0,,,15.93,365940,,,,,,0.05,51.40033,-15.57835,0.21,0.03,-0.03,2026-08-03T00:00:00,1980-07-28T00:00:00,7/28/1980,333590400,2026-06-12T00:00:00
93,EMO,-0.1189,7.42523,8.42762,0.36,27.88,6,Morningstar US CEF MLP,54,"Franklin Templeton Fund Adviser, LLC",False,51.26,-0.36,58.18,2026-08-03T00:00:00,18469P209,ClearBridge Energy Midstream Opportunity,2026-08-03,XEMOX,Equity-MLP,19.22,1025.95,,Monthly,-0.08994,0.36,20.0,,,,3.12,,1441.545,True,True,False,False,False,False,,27.25,28.84,26.38,29.9,26.31,21.49,,,20.81,615200,,,,,,,48.0108,-9.12702,-1.03,0.65,-0.54,2026-08-03T00:00:00,2011-06-13T00:00:00,6/13/2011,1307923200,2026-07-24T00:00:00
94,GLV,-0.1175,9.4993,10.76387,0.0566,22.2,25,Morningstar US CEF Global Allocation,28,Clough Capital Partners L.P.,True,6.31,0.02,7.15,2026-08-03T00:00:00,18913Y103,Clough Global Dividend and Income,2026-08-03,XGLVX,Hybrid-Global Allocation,32.2,78.305,,Monthly,0.00647,0.0566,20.0,4.8166,,,3.06,,130.86,True,True,True,False,True,False,,12.45,15.75,1.16,0.03,11.55,12.24,,,24.55,397960,,,,,14.73,12.68,6.10855,-11.87645,0.12,1.12,0.4,2026-08-03T00:00:00,2004-07-28T00:00:00,7/28/2004,1090972800,2026-07-17T00:00:00
95,GLQ,-0.10710000000000001,9.46753,10.60364,0.07289999999999999,21.95,5,Morningstar US CEF Global Equity,28,Clough Capital Partners L.P.,True,8.25,0.13,9.24,2026-08-03T00:00:00,18914C100,Clough Global Equity,2026-08-03,XGLQX,Equity-Global Equity,32.18,154.589,,Monthly,-0.056870000000000004,0.07289999999999999,20.0,,,,3.41,,255.31,True,True,True,False,True,False,,17.41,21.32,0.67,-0.6,11.58,12.81,,,24.63,620390,,,,,0.06,,7.92663,-11.42587,0.68,-0.18,0.13,2026-08-03T00:00:00,2005-04-27T00:00:00,4/27/2005,1114560000,2026-07-17T00:00:00
96,GLO,-0.10880000000000001,9.73414,10.92203,0.0537,15.94,25,Morningstar US CEF Global Allocation,28,Clough Capital Partners L.P.,True,5.9,0.06,6.62,2026-08-03T00:00:00,18914E106,Clough Global Opportunities,2026-08-03,XGLOX,Hybrid-Global Allocation,32.86,252.321,,Monthly,-0.0235,0.0537,20.0,4.8208,,,3.54,,421.663,True,True,True,False,True,False,,13.07,16.99,-1.98,-2.84,7.99,9.96,,,20.07,1538530,,,,,16.96,14.55,5.78561,-11.60867,0.8,0.8200000000000001,0.49,2026-08-03T00:00:00,2006-04-25T00:00:00,4/25/2006,1145923200,2026-07-17T00:00:00
97,FOF,0.0022,7.69912,7.68212,0.087,17.32,26,Morningstar US CEF US Allocation,30,"Cohen &amp; Steers Capital Management, Inc.",False,13.59,0.0,13.56,2026-08-03T00:00:00,19248P106,Cohen & Steers Closed-End Opportunity,2026-08-03,XFOFX,Hybrid-U.S. Allocation,,377.445,,Monthly,0.19373,0.087,20.0,6.1386,,7.64,0.9500000000000001,,376.612,False,True,False,False,False,False,,16.76,16.55,8.12,7.74,6.72,7.66,,,14.04,622590,,,95.6359,,,,13.44779,1.48405,-0.6900000000000001,-0.89,-0.81,2026-08-03T00:00:00,2006-11-20T00:00:00,11/20/2006,1163980800,2026-07-14T00:00:00
98,UTF,-0.0132,7.05379,7.14801,0.16499999999999998,17.87,8,Morningstar US CEF Sector Equity,29,Cohen &amp; Steers,False,27.7,-0.09,28.07,2026-08-03T00:00:00,19248A109,Cohen & Steers Infrastructure,2026-08-03,XUTFX,Equity-Sector Equity,27.83,3097.14,,Monthly,0.20763,0.16499999999999998,20.0,5.4498,,,3.43,,4348.509,True,True,True,False,False,False,,14.33,14.58,8.81,7.52,14.52,20.26,,,12.6,3584510,,,103.041,,7.43,,25.80421,-4.82083,1.05,1.4,1.74,2026-08-03T00:00:00,2004-03-30T00:00:00,3/30/2004,1080604800,2026-07-14T00:00:00
99,LDP,-0.0727,7.09386,7.64964,0.131,6.6,18,Morningstar US CEF Preferreds,30,"Cohen &amp; Steers Capital Management, Inc.",False,20.55,-0.03,22.16,2026-08-03T00:00:00,19248C105,Cohen & Steers Ltd Duration Pref & Inc,2026-08-03,XLDPX,Fixed Income - Taxable-Preferreds,32.83,597.578,,Monthly,0.6786800000000001,0.131,25.0,,,,3.67,,959.396,True,False,False,False,False,False,,11.21,12.31,4.27,2.41,2.15,1.55,,,3.32,614390,,,,,88.99,,21.12025,-5.60099,-1.12,-0.7000000000000001,-0.55,2026-08-03T00:00:00,2012-07-27T00:00:00,7/27/2012,1343347200,2026-07-14T00:00:00
100,RQI,-0.0758,7.95287,8.60558,0.09,16.69,7,Morningstar US CEF Real Estate,29,Cohen &amp; Steers,False,12.55,-0.03,13.58,2026-08-03T00:00:00,19247L106,Cohen & Steers Qual Inc Realty,2026-08-03,XRQIX,Equity-Real Estate,28.01,1687.115,,Monthly,0.09720000000000001,0.09,15.0,4.5417000000000005,,,3.45,,2535.704,True,True,False,False,False,False,,10.57,10.57,3.92,3.43,17.69,15.77,,,12.64,4861270,,,102.1293,,7.49,,12.42136,-3.63644,-1.3900000000000001,-0.6,-1.26,2026-08-03T00:00:00,2002-02-28T00:00:00,2/28/2002,1014854400,2026-07-06T00:00:00
101,RLTY,-0.0863,7.59057,8.30711,0.11,17.7,7,Morningstar US CEF Real Estate,30,"Cohen &amp; Steers Capital Management, Inc.",True,15.89,-0.01,17.39,2026-08-03T00:00:00,19249Q103,Cohen & Steers Real Estate Opp & Inc Fd,2026-08-03,XRLTX,Equity-Real Estate,32.65,265.719,,Monthly,0.11394,0.11,20.0,5.2869,,,4.55,,431.803,True,True,False,False,True,False,,11.02,12.8,,,15.53,13.65,,,13.37,611550,,,104.0393,,,,15.30328,-6.9600100000000005,-0.98,0.08,-0.48,2026-08-03T00:00:00,2022-02-24T00:00:00,2/24/2022,1645660800,2026-07-14T00:00:00
102,RNP,-0.0753,7.35798,7.95709,0.13599999999999998,13.46,7,Morningstar US CEF Real Estate,30,"Cohen &amp; Steers Capital Management, Inc.",True,20.51,0.06,22.18,2026-08-03T00:00:00,19247X100,Cohen & Steers REIT & Preferred Inc Fd,2026-08-03,XRNPX,Equity-Real Estate,29.72,984.482,,Monthly,0.38016,0.13599999999999998,25.0,5.8091,,,3.37,,1514.767,True,False,False,False,True,False,,11.2,9.46,4.14,3.5,12.09,7.78,,,-0.73,1197630,,,106.003,,6.69,,20.91366,-2.11858,-1.3599999999999999,-0.74,-1.24,2026-08-03T00:00:00,2003-06-27T00:00:00,6/27/2003,1056672000,2026-07-14T00:00:00
103,PSF,-0.1002,6.98061,7.75782,0.126,6.09,18,Morningstar US CEF Preferreds,29,Cohen &amp; Steers,False,19.49,0.02,21.66,2026-08-03T00:00:00,19248Y107,Cohen & Steers Select Preferred & Inc,2026-08-03,XPSFX,Fixed Income - Taxable-Preferreds,33.12,234.429,,Monthly,0.6429,0.126,25.0,7.0987,,,3.76,,389.531,True,False,False,False,False,False,,10.7,8.7,3.14,-1.51,1.6,0.34,,,1.94,372670,,,101.0886,,86.4,,20.19069,-8.02738,-1.34,-0.65,-0.89,2026-08-03T00:00:00,2010-11-24T00:00:00,11/24/2010,1290556800,2026-07-14T00:00:00
104,PTA,-0.0759,7.87849,8.52598,0.13399999999999998,5.21,18,Morningstar US CEF Preferreds,30,"Cohen &amp; Steers Capital Management, Inc.",True,18.86,0.05,20.41,2026-08-03T00:00:00,19249X108,Cohen & Steers Tax-adv Prd Sec and Inc,2026-08-03,XPTAX,Fixed Income - Taxable-Preferreds,34.9,1042.457,,Monthly,0.63166,0.13399999999999998,25.0,7.3128,,,4.36,,1733.036,True,False,False,False,True,False,,9.64,9.85,2.75,2.16,1.19,2.23,,,1.45,1365510,,,103.3882,,,,19.58466,-6.12417,-0.89,-1.43,-0.9,2026-08-03T00:00:00,2020-10-28T00:00:00,10/28/2020,1603843200,2026-07-14T00:00:00
105,RFI,-0.039900000000000005,7.98669,8.31889,0.08,13.68,7,Morningstar US CEF Real Estate,30,"Cohen &amp; Steers Capital Management, Inc.",False,11.54,0.04,12.02,2026-08-03T00:00:00,19247R103,Cohen & Steers Total Return,2026-08-03,XRFIX,Equity-Real Estate,0.04,308.68,,Monthly,0.14464,0.08,15.0,6.5819,,,0.9400000000000001,,321.645,True,True,False,False,False,False,,9.19,7.55,3.5300000000000002,1.7000000000000002,13.52,9.27,,,5.18,920370,,,,,,,11.48965,-0.49408,-1.16,0.48,-0.63,2026-08-03T00:00:00,1993-09-27T00:00:00,9/27/1993,749088000,2026-07-14T00:00:00
106,STK,-0.08929999999999999,3.39824,3.73134,0.46249999999999997,79.12,3,Morningstar US CEF Covered Call,31,"Columbia Mgmt Investment Advisers, LLC",True,49.58,0.49,54.44,2026-08-03T00:00:00,19842X109,Columbia Seligman Premium Technology Gr,2026-08-03,XSTKX,Equity-Covered-Call Funds,,875.649,,Quarterly,-0.09022000000000001,0.46249999999999997,20.0,,,,1.12,,963.32,False,True,False,False,True,False,,35.09,28.66,21.32,19.24,42.82,36.28,,,69.75,548060,,,,,,,41.15706,-4.10412,-2.46,-1.33,-1.8399999999999999,2026-08-03T00:00:00,2009-11-25T00:00:00,11/25/2009,1259107200,2026-05-18T00:00:00
107,CLM,0.1746,23.14286,19.7027,0.1215,15.88,10,Morningstar US CEF US Equity,32,"Cornerstone Advisors, LLC",True,7.4,0.08,6.3,2026-07-31T00:00:00,21924B302,Cornerstone Strategic Investment Fund,2026-08-03,XCLMX,Equity-U.S. Equity,0.0,2188.665,,Monthly,0.00132,0.1215,38.52,,,,1.1,,1863.323,True,False,False,False,True,False,,18.24,14.53,12.18,11.92,6.91,-0.05,,,11.69,17647600,,,,,,,7.89107,19.98673,-0.9,0.58,-0.38,2026-08-03T00:00:00,1987-06-23T00:00:00,6/23/1987,551404800,2026-07-15T00:00:00
108,CRF,0.1656,23.13443,19.8481,0.1176,16.33,10,Morningstar US CEF US Equity,32,"Cornerstone Advisors, LLC",True,7.11,0.07,6.1,2026-07-31T00:00:00,21924U300,Cornerstone Total Return Fund,2026-08-03,XCRFX,Equity-U.S. Equity,9.5,1144.242,,Monthly,0.00372,0.1176,25.0,,,,1.13,,981.698,True,False,False,False,True,False,,18.41,12.58,12.57,10.62,6.83,-0.26,,,10.4,11706250,,,,,,,7.5767,18.94208,-0.79,1.27,-0.12,2026-08-03T00:00:00,1973-05-16T00:00:00,5/16/1973,106358400,2026-07-15T00:00:00
109,CIK,-0.09960000000000001,8.85609,9.83607,0.02,0.25,14,Morningstar US CEF High Yield,107,UBS Asset Management (Americas) LLC,False,2.44,0.0,2.71,2026-08-03T00:00:00,224916106,Credit Suisse Asset Mgmt Income,2026-08-03,XCIKX,Fixed Income - Taxable-High Yield,35.07,133.843,,Monthly,0.10128000000000001,0.02,10.0,6.9218,,,3.7,,228.936,True,False,False,False,False,False,,7.02,2.25,3.8200000000000003,2.2800000000000002,-0.53,-9.59,,,-10.71,4618440,,,99.2386,,5.73,,2.72551,-2.99474,-1.7000000000000002,-1.12,-1.2,2026-08-03T00:00:00,1987-03-23T00:00:00,3/23/1987,543456000,2026-06-15T00:00:00
110,DHY,-0.099,9.6875,10.75145,0.0155,-4.91,14,Morningstar US CEF High Yield,107,UBS Asset Management (Americas) LLC,False,1.73,-0.02,1.92,2026-08-03T00:00:00,22544F103,Credit Suisse High Yield Credit,2026-08-03,XDHYX,Fixed Income - Taxable-High Yield,30.67,179.245,,Monthly,0.08308,0.0155,10.0,6.9377,,,3.62,,286.925,True,False,False,False,False,False,,5.1,6.8,2.39,2.11,-5.7,-8.04,,,-9.94,6420670,,,99.33,,5.73,,1.94121,-6.14969,-1.21,-0.09,-0.5,2026-08-03T00:00:00,1998-07-31T00:00:00,7/31/1998,901843200,2026-06-15T00:00:00
111,DXYZ,0.1918,,,,188.58,8,Morningstar US CEF Sector Equity,34,Destiny Advisors LLC,True,23.8,-7.82,19.97,2025-12-31T00:00:00,25063F107,Destiny Tech100 Inc,2026-08-03,DXYZ,Equity-Sector Equity,,523.036,,Monthly,-0.33773000000000003,,,,,,4.53,,438.867,False,False,False,False,True,False,,,,,,0.0,-25.27,,,-22.93,19211770,,,,,,,29.93916,129.63095,-1.2,-0.91,-0.86,2026-08-03T00:00:00,2024-03-26T00:00:00,3/26/2024,1711411200,
112,DMA,-0.1582,15.15152,18.0,0.11249999999999999,-1.87,26,Morningstar US CEF US Allocation,35,Destra Capital Advisors LLC,True,7.5,-0.02,8.91,2026-08-03T00:00:00,25065A502,Destra Multi-Alternative,2026-08-03,XDMAX,Hybrid-U.S. Allocation,11.03,67.224,,Monthly,0.19305,0.11249999999999999,,,,,3.29,,89.762,True,False,False,False,True,False,,0.26,23.82,-0.8300000000000001,,-4.34,-7.43,,,0.12,282930,,,,,0.11,,8.31992,-14.5833,-0.5,0.25,-0.13,2026-08-03T00:00:00,2022-01-13T00:00:00,1/13/2022,1642032000,2026-07-21T00:00:00
113,DNP,0.10800000000000001,8.02469,7.24234,0.065,13.94,8,Morningstar US CEF Sector Equity,39,Duff &amp; Phelps Inv Mgmt Co (IL),True,10.77,0.02,9.72,2026-08-03T00:00:00,23325P104,DNP Select Income,2026-08-03,XDNPX,Equity-Sector Equity,23.08,4079.704,,Monthly,0.11032,0.065,10.0,5.6735,,,2.5300000000000002,,4786.812,True,True,True,False,True,False,,14.34,10.8,9.25,8.67,11.75,12.52,,,18.78,5829980,,,,,7.33,5.71,10.30333,6.07814,1.6099999999999999,1.71,1.6099999999999999,2026-08-03T00:00:00,1987-01-21T00:00:00,1/21/1987,538185600,2026-07-31T00:00:00
114,DSL,-0.0665,11.54856,12.37113,0.11,4.27,13,Morningstar US CEF Global Income,37,DoubleLine Capital LP,False,10.67,0.0,11.43,2026-08-03T00:00:00,258622109,DoubleLine Income Solutions Fund,2026-08-03,XDSLX,Fixed Income - Taxable-Global Income,23.62,1222.474,,Monthly,0.47242,0.11,25.0,7.5878,,7.51,2.98,,1714.548,True,False,False,False,False,False,,9.54,6.98,1.19,0.47000000000000003,2.61,1.47,,,-1.3900000000000001,5539520,,,91.5978,,,,11.39386,-3.9490100000000004,-1.27,-1.31,-1.32,2026-08-03T00:00:00,2013-04-26T00:00:00,4/26/2013,1366934400,2026-07-15T00:00:00
115,DBL,-0.0329,9.0535,9.3617,0.11,3.83,17,Morningstar US CEF Multi-Sector,36,DoubleLine,False,14.1,0.06,14.58,2026-08-03T00:00:00,258623107,Doubleline Opportunistic Cred,2026-08-03,XDBLX,Fixed Income - Taxable-Multi-Sector,7.98,278.784,,Monthly,0.46533,0.11,25.0,6.2678,,,2.02,,313.275,True,False,False,False,False,False,,9.27,8.32,2.52,1.6600000000000001,1.7000000000000002,-2.95,,,0.6,648300,,,83.0303,,,,14.93117,-0.65075,-1.5899999999999999,-1.33,-1.09,2026-08-03T00:00:00,2012-01-26T00:00:00,1/26/2012,1327536000,2026-07-15T00:00:00
116,DLY,-0.0676,9.28647,9.96017,0.1167,4.26,17,Morningstar US CEF Multi-Sector,37,DoubleLine Capital LP,True,14.06,0.0,15.08,2026-08-03T00:00:00,25862D105,DoubleLine Yield Opportunities Fund,2026-08-03,XDLYX,Fixed Income - Taxable-Multi-Sector,16.06,682.464,,Monthly,0.62071,0.1167,20.0,7.4572,,6.52,2.89,,871.974,True,False,False,False,True,False,,8.74,8.89,2.73,2.26,1.83,2.38,,,0.59,2055430,,,95.0731,,,,14.53762,-6.2289200000000005,-0.3,1.28,0.27,2026-08-03T00:00:00,2020-02-25T00:00:00,2/25/2020,1582588800,2026-07-15T00:00:00
117,DTF,-0.0409,3.25815,3.39721,0.0325,2.16,21,Morningstar US CEF Municipal,38,Duff &amp; Phelps,False,11.48,0.06,11.97,2026-08-03T00:00:00,23334J107,DTF Tax-Free Income 2028 Term,2026-08-03,XDTFX,Fixed Income - Municipal-Municipal,32.16,80.699,,Monthly,0.13742000000000001,0.0325,15.0,4.9315,,,1.08,,84.144,True,True,True,False,False,False,,2.08,4.69,-2.69,-1.63,0.64,2.0,,,5.27,75080,,,104.7125,,8.11,2.2,11.40674,-5.75097,1.85,1.25,1.63,2026-08-03T00:00:00,1991-11-29T00:00:00,11/29/1991,691372800,2026-07-15T00:00:00
118,DPG,-0.0992,5.57967,6.19408,0.075,24.39,8,Morningstar US CEF Sector Equity,39,Duff &amp; Phelps Inv Mgmt Co (IL),True,14.53,0.05,16.13,2026-08-03T00:00:00,26433C105,Duff & Phelps Utility and Infra Fund Inc,2026-08-03,XDPGX,Equity-Sector Equity,21.58,523.038,,Monthly,0.04439,0.075,20.0,,,,3.34,,740.442,True,True,True,False,True,False,,19.98,21.78,12.33,9.6,17.54,17.89,,,24.15,751250,,,,,,,13.69522,-10.52094,0.53,1.28,1.7000000000000002,2026-08-03T00:00:00,2011-07-29T00:00:00,7/29/2011,1311897600,2026-07-31T00:00:00
119,KTF,-0.0134,8.16054,8.27119,0.061,9.73,21,Morningstar US CEF Municipal,41,"DWS Investment Management Americas, Inc.",False,8.85,0.02,8.97,2026-08-03T00:00:00,233368109,DWS Municipal Income,2026-08-03,XKTFX,Fixed Income - Municipal-Municipal,36.85,346.68,,Monthly,0.20071,0.061,12.0,4.8872,,15.48,3.14,,556.38,True,False,True,False,False,False,,2.74,7.74,-1.83,-0.89,0.8200000000000001,1.83,,,11.99,1301770,,,98.2903,,14.69,9.95,9.08764,-1.85072,0.53,-0.85,-0.33,2026-08-03T00:00:00,1988-10-20T00:00:00,10/20/1988,593308800,2026-07-22T00:00:00
120,GRF,-0.149,6.8438,8.0417,0.85,8.58,10,Morningstar US CEF US Equity,98,Sims Capital Management LLC,False,10.5699,0.12,12.42,2026-07-31T00:00:00,269451100,Eagle Capital Growth,2026-08-03,XGRFX,Equity-U.S. Equity,,41.94,,Annually,0.04519,0.85,10.0,,,,1.28,,49.281,False,True,False,False,False,False,,10.64,10.75,7.95,9.55,1.8399999999999999,-5.79,,,9.62,28760,,,,,,,10.44255,-13.25289,-0.46,1.17,-0.29,2026-08-03T00:00:00,1990-07-02T00:00:00,7/2/1990,646876800,2025-11-21T00:00:00
121,ECC,-0.1374,16.21622,18.79896,0.06,-21.81,19,Morningstar US CEF Senior Loans,42,Eagle Point Credit Management,False,3.83,0.13,4.5,2026-06-30T00:00:00,269808101,Eagle Point Credit Company LLC,2026-08-03,XECCX,Fixed Income - Taxable-Senior Loans,40.03,504.832,,Monthly,0.61938,0.06,20.0,,,,9.21,,975.843,True,False,False,False,False,False,,0.58,-9.83,0.44,-3.34,-11.18,-22.04,,,-27.07,15409990,,,,,,,5.14169,-8.44119,-0.66,-0.06,-0.08,2026-08-03T00:00:00,2014-10-08T00:00:00,10/8/2014,1412726400,2026-07-13T00:00:00
122,EIC,-0.1916,10.62802,13.14741,0.11,-0.9,14,Morningstar US CEF High Yield,43,Eagle Point Income Management LLC,False,10.04,-0.06,12.53,2026-06-30T00:00:00,269817102,Eagle Point Income Co Inc,2026-08-03,XEICX,Fixed Income - Taxable-High Yield,34.18,235.273,,Monthly,,0.11,19.89,10.1647,,,6.36,,442.186,True,False,False,False,False,False,,13.93,5.03,6.74,3.33,-0.85,-5.78,,,-12.73,1601710,,,87.475,,,,11.14193,-15.61769,-0.65,-0.72,0.07,2026-08-03T00:00:00,2019-07-23T00:00:00,7/23/2019,1563840000,2026-07-13T00:00:00
123,CEV,-0.0753,5.50964,5.95829,0.049999999999999996,10.24,22,Morningstar US CEF Municipal-CA,45,Eaton Vance Management,False,10.07,0.02,10.89,2026-08-03T00:00:00,27826F101,Eaton Vance CA Muni Inc,2026-08-03,XCEVX,Fixed Income - Municipal-Municipal - CA,32.97,70.828,0.02,Monthly,0.23213,0.049999999999999996,15.0,6.6838,,,2.48,,114.263,True,False,True,False,False,False,,2.6,5.21,-1.6800000000000002,-1.48,1.16,3.5300000000000002,,,12.75,305930,3.0,,100.5517,,,9.83,10.20638,-7.55062,0.01,-0.98,-0.87,2026-08-03T00:00:00,1999-01-29T00:00:00,1/29/1999,917568000,2026-07-14T00:00:00
124,EOI,-0.0643,7.53449,8.05216,0.1338,9.22,3,Morningstar US CEF Covered Call,45,Eaton Vance Management,True,19.94,0.17,21.31,2026-08-03T00:00:00,278274105,Eaton Vance Enhanced Equity Income,2026-08-03,XEOIX,Equity-Covered-Call Funds,,817.575,,Monthly,-0.04159,0.1338,20.0,,,,1.1,,873.747,False,False,False,False,True,False,,16.51,14.47,10.75,9.71,4.48,0.75,,,2.05,787140,,,,,,,20.20046,-3.25133,-1.07,0.29,-0.71,2026-08-03T00:00:00,2004-10-26T00:00:00,10/26/2004,1098748800,2026-07-15T00:00:00
125,EOS,-0.09949999999999999,7.61183,8.45328,0.1523,5.53,3,Morningstar US CEF Covered Call,44,Eaton Vance,True,21.62,0.35000000000000003,24.01,2026-08-03T00:00:00,278277108,Eaton Vance Enhanced Equity Income II,2026-08-03,XEOSX,Equity-Covered-Call Funds,,1152.692,,Monthly,-0.07293,0.1523,20.0,,,,1.09,,1280.118,False,False,False,False,True,False,,15.86,13.76,8.35,6.41,1.02,-4.66,,,-4.54,1136850,,,,,,,22.61689,-6.24654,-1.23,-1.07,-1.3,2026-08-03T00:00:00,2005-01-26T00:00:00,1/26/2005,1106697600,2026-07-15T00:00:00
126,EFT,-0.1085,6.61102,7.41573,0.06799999999999999,1.03,19,Morningstar US CEF Senior Loans,45,Eaton Vance Management,False,10.68,0.05,11.98,2026-08-03T00:00:00,278279104,Eaton Vance Floating-Rate Income,2026-08-03,XEFTX,Fixed Income - Taxable-Senior Loans,31.59,283.854,,Monthly,0.42226,0.06799999999999999,20.0,6.8036,,,4.45,,465.405,True,False,False,False,False,False,,6.3,5.79,4.94,3.06,-0.13,-2.05,,,-6.55,1073850,,,,,,,11.24045,-8.91307,-1.02,-0.8200000000000001,-0.66,2026-08-03T00:00:00,2004-06-29T00:00:00,6/29/2004,1088467200,2026-07-15T00:00:00
127,EVV,-0.085,8.472,9.25902,0.0696,3.46,16,Morningstar US CEF Limited Duration,44,Eaton Vance,False,9.15,0.05,10.0,2026-08-03T00:00:00,27828H105,Eaton Vance Limited Duration Income,2026-08-03,XEVVX,Fixed Income - Taxable-Limited Duration,40.81,1063.262,,Monthly,0.31291,0.0696,20.0,6.6631,,0.0,4.04,,1963.186,True,False,False,False,False,False,,7.38,8.15,3.22,2.33,-0.09,-3.22,,,-1.51,3137280,,,97.9783,,,,9.75272,-5.84411,-1.3900000000000001,-0.56,-0.84,2026-08-03T00:00:00,2003-05-30T00:00:00,5/30/2003,1054252800,2026-07-14T00:00:00
128,EIM,-0.0771,5.8785,6.36991,0.0508,7.58,21,Morningstar US CEF Municipal,45,Eaton Vance Management,False,9.57,0.01,10.37,2026-08-03T00:00:00,27827X101,Eaton Vance Municipal Bond,2026-08-03,XEIMX,Fixed Income - Municipal-Municipal,30.69,491.636,0.030000000000000002,Monthly,0.24144000000000002,0.0508,15.0,6.5254,,,2.88,,768.579,True,False,False,False,False,False,,2.0,4.35,-1.6600000000000001,-2.18,0.6900000000000001,1.85,,,6.14,1551220,7.0,,103.2151,,,8.19,9.85036,-6.93182,-0.7000000000000001,-1.08,-1.15,2026-08-03T00:00:00,2002-08-30T00:00:00,8/30/2002,1030665600,2026-07-15T00:00:00
129,EVN,-0.0217,5.80755,5.93635,0.0513,8.54,21,Morningstar US CEF Municipal,44,Eaton Vance,False,10.37,0.0,10.6,2026-08-03T00:00:00,27826U108,Eaton Vance Municipal Income,2026-08-03,XEVNX,Fixed Income - Municipal-Municipal,34.02,414.0,0.045,Monthly,0.26558,0.0513,15.0,7.2433,,,2.46,,641.335,True,False,False,False,False,False,,3.29,7.19,-1.38,-1.16,1.56,-0.36,,,5.38,788070,7.0,,101.3162,,,7.73,10.81117,0.50616,-1.55,-1.51,-1.07,2026-08-03T00:00:00,1999-01-29T00:00:00,1/29/1999,917568000,2026-07-14T00:00:00
130,EOT,-0.0235,4.58389,4.69416,0.0683,8.21,21,Morningstar US CEF Municipal,45,Eaton Vance Management,False,17.46,0.17,17.88,2026-08-03T00:00:00,27829L105,Eaton Vance National Municipal Opprs Tr,2026-08-03,XEOTX,Fixed Income - Municipal-Municipal,12.61,272.811,0.099,Monthly,0.41933000000000004,0.0683,20.0,5.6536,,,1.25,,319.671,True,True,True,False,False,False,,3.77,4.59,-0.36,-1.32,1.48,5.1,,,13.17,382820,20.0,,97.1113,,,9.38,16.99056,-5.86901,2.0,2.29,1.87,2026-08-03T00:00:00,2009-05-27T00:00:00,5/27/2009,1243382400,2026-07-15T00:00:00
131,ETJ,-0.0861,8.40904,9.20141,0.06509999999999999,2.55,3,Morningstar US CEF Covered Call,45,Eaton Vance Management,True,8.49,0.06,9.29,2026-08-03T00:00:00,27829G106,Eaton Vance Risk-Mgd Divers Eq Inc,2026-08-03,XETJX,Equity-Covered-Call Funds,,571.392,,Monthly,-0.01834,0.06509999999999999,20.0,,,,1.12,,625.234,False,False,True,False,True,False,,10.88,9.95,6.35,2.98,-0.32,0.8200000000000001,,,2.83,1342200,,,,,,,8.65565,-8.723230000000001,0.13,0.29,0.25,2026-08-03T00:00:00,2007-07-31T00:00:00,7/31/2007,1185840000,2026-07-15T00:00:00
132,EFR,-0.10060000000000001,6.99915,7.78195,0.06999999999999999,1.78,19,Morningstar US CEF Senior Loans,45,Eaton Vance Management,False,10.64,0.07,11.83,2026-08-03T00:00:00,27828Q105,Eaton Vance Senior Floating Rate,2026-08-03,XEFRX,Fixed Income - Taxable-Senior Loans,31.13,314.131,,Monthly,0.42058,0.06999999999999999,20.0,6.8496,,4.83,3.26,,507.169,True,False,False,False,False,False,,6.35,5.06,5.05,3.66,0.48,-0.63,,,-3.65,1460280,,,,,,,10.96438,-9.58202,-0.27,1.77,0.8,2026-08-03T00:00:00,2003-11-24T00:00:00,11/24/2003,1069632000,2026-07-15T00:00:00
133,EVF,-0.1188,6.80851,7.72636,0.032,1.97,19,Morningstar US CEF Senior Loans,45,Eaton Vance Management,False,4.97,0.0,5.64,2026-08-03T00:00:00,27826S103,Eaton Vance Senior Income,2026-08-03,XEVFX,Fixed Income - Taxable-Senior Loans,35.99,90.306,,Monthly,0.22784000000000001,0.032,10.0,6.8782,,,2.89,,160.097,True,False,False,False,False,False,,6.53,6.21,4.95,3.44,0.64,-1.04,,,-3.7800000000000002,822230,,,,,,,5.21745,-9.61334,-1.1,0.15,-0.46,2026-08-03T00:00:00,1998-10-30T00:00:00,10/30/1998,909705600,2026-07-14T00:00:00
134,EVG,-0.0495,7.96403,8.37843,0.0732,6.59,16,Morningstar US CEF Limited Duration,45,Eaton Vance Management,True,10.57,0.06,11.12,2026-08-03T00:00:00,27828V104,Eaton Vance Short Duration Divers Inc,2026-08-03,XEVGX,Fixed Income - Taxable-Limited Duration,12.31,142.239,,Monthly,0.30311,0.0732,20.0,5.7273,,,2.77,,170.641,True,False,False,False,True,False,,9.52,10.48,4.99,4.52,2.15,0.97,,,3.01,367640,,,97.5071,,,,10.93277,-3.2130900000000002,-1.1,-1.33,-0.91,2026-08-03T00:00:00,2005-02-28T00:00:00,2/28/2005,1109548800,2026-07-15T00:00:00
135,ETG,-0.09210000000000002,5.90411,6.50293,0.1293,28.98,5,Morningstar US CEF Global Equity,45,Eaton Vance Management,False,23.86,0.25,26.28,2026-08-03T00:00:00,27828S101,Eaton Vance Tax Adv Global Dividend Inc,2026-08-03,XETGX,Equity-Global Equity,15.57,1821.041,,Monthly,0.39383,0.1293,20.0,7.0327,,,2.2800000000000002,,2375.74,True,True,False,False,False,False,,18.73,19.66,10.8,10.91,13.43,6.38,,,22.16,1094890,,,,,3.76,,22.12893,-7.04009,-1.0,0.65,-0.23,2026-08-03T00:00:00,2004-01-30T00:00:00,1/30/2004,1075420800,2026-07-15T00:00:00
136,EVT,-0.0691,6.43807,6.91597,0.1646,25.74,26,Morningstar US CEF US Allocation,45,Eaton Vance Management,True,28.56,0.42,30.68,2026-08-03T00:00:00,27828G107,Eaton Vance Tax Advantaged Dividend Inc,2026-08-03,,Hybrid-U.S. Allocation,16.35,2128.942,,Monthly,0.12479,0.1646,20.0,7.0542,,,2.27,,2733.973,True,True,True,False,True,False,,15.39,15.03,9.68,8.76,16.62,16.8,,,27.03,1036040,,,,,4.98,,25.40038,-8.59925,1.83,2.48,1.8900000000000001,2026-08-03T00:00:00,2003-09-30T00:00:00,9/30/2003,1064880000,2026-07-15T00:00:00
137,ETO,-0.1024,5.98102,6.66325,0.17329999999999998,26.77,25,Morningstar US CEF Global Allocation,45,Eaton Vance Management,True,31.21,0.3,34.77,2026-08-03T00:00:00,27828U106,Eaton Vance Tax-Advantaged Glbl Div Opp,2026-08-03,XETOX,Hybrid-Global Allocation,15.31,511.474,,Monthly,0.64905,0.17329999999999998,20.0,7.1088000000000005,,,2.26,,672.816,True,True,False,False,True,False,,17.82,18.07,9.92,8.9,12.25,6.07,,,21.19,317650,,,,,3.63,,29.02001,-8.74661,-1.16,-0.28,-0.61,2026-08-03T00:00:00,2004-04-30T00:00:00,4/30/2004,1083283200,2026-07-15T00:00:00
138,ETB,-0.0898,7.40723,8.13846,0.10579999999999999,18.28,3,Morningstar US CEF Covered Call,45,Eaton Vance Management,True,15.6,0.14,17.14,2026-08-03T00:00:00,27828X100,Eaton Vance Tax-Managed Buy-Write Income,2026-08-03,XETBX,Equity-Covered-Call Funds,,458.246,,Monthly,0.01037,0.10579999999999999,20.0,,,,1.12,,503.483,False,True,False,False,True,False,,14.57,13.31,10.0,7.55,8.43,6.28,,,15.87,522820,,,,,,,15.1618,-7.04843,-2.11,-1.5899999999999999,-1.6600000000000001,2026-08-03T00:00:00,2005-04-27T00:00:00,4/27/2005,1114560000,2026-07-15T00:00:00
139,ETV,-0.0658,7.47085,7.99732,0.0993,15.77,3,Morningstar US CEF Covered Call,45,Eaton Vance Management,True,14.9,0.24,15.95,2026-08-03T00:00:00,27828Y108,Eaton Vance Tax-Managed Buy-Write Opp,2026-08-03,XETVX,Equity-Covered-Call Funds,,1739.643,,Monthly,0.00105,0.0993,20.0,,,,1.08,,1862.235,False,True,True,False,True,False,,14.55,12.82,8.89,6.75,5.05,7.06,,,15.47,1804420,,,,,,,14.39174,-7.13343,0.53,-0.1,0.37,2026-08-03T00:00:00,2005-06-27T00:00:00,6/27/2005,1119830400,2026-07-15T00:00:00
140,ETY,-0.0842,7.47739,8.16461,0.0992,10.21,3,Morningstar US CEF Covered Call,45,Eaton Vance Management,True,14.58,0.18,15.92,2026-08-03T00:00:00,27828N102,Eaton Vance Tax-Managed Divrs Equity Inc,2026-08-03,XETYX,Equity-Covered-Call Funds,,2322.311,,Monthly,-0.02538,0.0992,20.0,,,,1.06,,2535.747,False,False,False,False,True,False,,16.46,13.8,11.11,8.78,5.11,-1.5899999999999999,,,-0.64,2253510,,,,,,,15.04895,-2.82419,-1.65,-1.37,-1.62,2026-08-03T00:00:00,2006-11-27T00:00:00,11/27/2006,1164585600,2026-07-15T00:00:00
141,EXG,-0.0837,7.33395,8.00406,0.0657,24.9,3,Morningstar US CEF Covered Call,45,Eaton Vance Management,True,9.85,0.07,10.75,2026-08-03T00:00:00,27829F108,Eaton Vance Tax-Mgd Glb Divrs Equity Inc,2026-08-03,XEXGX,Equity-Covered-Call Funds,,3013.47,,Monthly,0.03165,0.0657,20.0,,,,1.07,,3288.812,False,True,False,False,True,False,,15.26,16.59,9.33,8.45,11.2,7.73,,,21.67,4592730,,,,,,,9.28897,-6.61283,-1.4100000000000001,-0.6,-0.81,2026-08-03T00:00:00,2007-02-23T00:00:00,2/23/2007,1172188800,2026-07-15T00:00:00
142,ETW,-0.10769999999999999,7.39833,8.29136,0.0664,21.94,3,Morningstar US CEF Covered Call,44,Eaton Vance,True,9.61,0.1,10.77,2026-08-03T00:00:00,27829C105,Eaton Vance Tx-Mgd Glbl Buy-Write Opp,2026-08-03,XETWX,Equity-Covered-Call Funds,,1043.625,,Monthly,0.01102,0.0664,20.0,,,,1.1,,1169.598,False,True,False,False,True,False,,14.12,14.5,8.19,6.17,9.05,8.4,,,19.59,3112440,,,,,,,9.2005,-9.9278,-0.89,0.08,-0.48,2026-08-03T00:00:00,2005-09-28T00:00:00,9/28/2005,1127865600,2026-07-15T00:00:00
143,EARN,0.1565,25.46419,22.01835,0.08,-24.3,19,Morningstar US CEF Senior Loans,46,Ellington Credit Co Management LLC,True,4.36,-0.07,4.09,2026-03-31T00:00:00,288578107,Ellington Credit Company,2026-08-03,EARN,Fixed Income - Taxable-Senior Loans,,163.847,,Monthly,,0.08,5.5,,,,8.65,,141.675,False,False,True,False,True,False,,,-8.39,,-12.85,-17.79,-6.77,,,-9.51,3960030,,,,,,,5.05065,-3.06126,1.5,-0.11,0.86,2026-08-03T00:00:00,2025-04-01T00:00:00,4/1/2025,1743465600,2026-07-31T00:00:00
144,ECF,-0.12380000000000001,5.37482,6.13398,0.19,23.15,11,Morningstar US CEF Convertibles,60,Gabelli Funds LLC,False,12.39,0.22,14.14,2026-08-03T00:00:00,289074106,Ellsworth Growth and Income Fund,2026-08-03,XECFX,Fixed Income - Taxable-Convertibles,13.56,169.221,,Quarterly,0.01679,0.19,10.0,2.3543,,,1.22,,223.428,True,True,False,False,False,False,,18.15,19.14,5.15,4.07,12.48,7.9,,,24.87,324850,,,,,52.2,,12.02804,-10.71617,-1.03,-0.79,-0.78,2026-08-03T00:00:00,1986-06-20T00:00:00,6/20/1986,519609600,2026-06-15T00:00:00
145,EEA,-0.1391,3.41725,3.96931,0.21989999999999998,16.97,5,Morningstar US CEF Global Equity,40,DWS,False,11.08,0.06,12.87,2026-08-03T00:00:00,298768102,European Equity Fund,2026-08-03,XEEAX,Equity-Global Equity,0.32,74.521,,Semi-Annually,0.00941,0.21989999999999998,10.0,,,,1.42,,86.56,True,True,False,False,False,False,,11.39,12.43,6.04,7.15,9.95,9.21,,,19.6,296680,,,,,,,10.66555,-13.88962,-0.01,1.6400000000000001,0.91,2026-08-03T00:00:00,1986-07-23T00:00:00,7/23/1986,522460800,2026-05-26T00:00:00
146,ETX,0.0066,5.18167,5.14756,0.07819999999999999,3.12,21,Morningstar US CEF Municipal,45,Eaton Vance Management,False,18.23,0.03,18.11,2026-08-03T00:00:00,27829U105,EV Municipal Income 2028 Term Trust,2026-08-03,XETTX,Fixed Income - Municipal-Municipal,3.27,198.635,0.17300000000000001,Monthly,0.34061,0.07819999999999999,20.0,4.5589,,,0.89,,203.998,True,False,False,False,False,True,,3.52,6.11,0.76,-0.33,1.13,0.2,,,5.11,184970,2.0,,101.0677,,,2.18,18.8722,2.49458,-1.28,-1.83,-1.55,2026-08-03T00:00:00,2013-03-26T00:00:00,3/26/2013,1364256000,2026-07-15T00:00:00
147,FMN,-0.0929,4.43714,4.8913,0.045,8.94,21,Morningstar US CEF Municipal,47,Federated Advisers,False,11.04,-0.06,12.17,2026-08-03T00:00:00,31423P108,Federated Premier Municipal Income,2026-08-03,XFMNX,Fixed Income - Municipal-Municipal,37.61,86.318,,Monthly,0.27121,0.045,15.0,4.9025,,,3.7,,152.504,True,False,True,False,False,False,,3.46,5.91,-1.46,-2.55,0.59,2.77,,,10.56,269120,15.72,,101.5434,,14.59,8.56,11.10825,-10.24383,1.12,0.1,0.73,2026-08-03T00:00:00,2002-12-20T00:00:00,12/20/2002,1040342400,2026-07-23T00:00:00
148,FFA,-0.10279999999999999,6.0832,6.7804,0.38749999999999996,22.4,3,Morningstar US CEF Covered Call,49,First Trust Advisors L.P.,True,22.86,0.33,25.48,2026-08-03T00:00:00,337318109,First Trust Enhanced Equity Income,2026-08-03,XFFAX,Equity-Covered-Call Funds,,456.928,,Quarterly,0.03341,0.38749999999999996,20.0,,,,1.12,,509.296,False,True,False,False,True,False,,17.96,15.03,11.34,9.37,9.69,6.13,,,16.11,255240,,,,,,,21.77536,-8.55015,-1.13,-0.65,-0.97,2026-08-03T00:00:00,2004-08-26T00:00:00,8/26/2004,1093478400,2026-06-22T00:00:00
149,FTHY,-0.0217,10.83032,11.07011,0.125,2.64,14,Morningstar US CEF High Yield,49,First Trust Advisors L.P.,True,13.55,-0.08,13.85,2026-08-03T00:00:00,33741Q107,FIRST TRUST HY OPPORTUNITIES 2027 Term,2026-08-03,XFTHYX,Fixed Income - Taxable-High Yield,26.43,498.274,,Monthly,0.43832,0.125,20.0,6.6743,,,3.26,,692.306,True,False,True,False,True,True,,6.53,10.37,1.55,2.62,-0.84,3.22,,,3.75,1000940,,,99.5912,,,,13.95036,-4.20993,1.88,1.67,2.03,2026-08-03T00:00:00,2020-06-25T00:00:00,6/25/2020,1593043200,2026-08-03T00:00:00
150,FPF,-0.0623,8.78127,9.36436,0.13749999999999998,5.68,18,Morningstar US CEF Preferreds,49,First Trust Advisors L.P.,False,17.62,-0.01,18.79,2026-08-03T00:00:00,33718W103,First Trust Inter Dur Pref & Income Fund,2026-08-03,XFPFX,Fixed Income - Taxable-Preferreds,36.35,1072.139,,Monthly,0.64279,0.13749999999999998,25.0,7.3995,,,4.2,,1796.273,True,False,False,False,False,False,,10.91,13.58,2.22,0.7000000000000001,-0.2,-1.08,,,1.92,1207850,,,101.3111,,5.93,,18.55337,-4.99393,-0.85,-0.9,-0.77,2026-08-03T00:00:00,2013-05-23T00:00:00,5/23/2013,1369267200,2026-08-03T00:00:00
151,FMY,-0.0726,6.29032,6.7826699999999995,0.065,4.38,15,Morningstar US CEF Investment Grade,49,First Trust Advisors L.P.,False,11.4999,-0.13,12.4,2026-08-03T00:00:00,33734E103,First Trust Mortgage Income,2026-08-03,XFMYX,Fixed Income - Taxable-Investment Grade,7.11,48.45,,Monthly,0.16028,0.065,20.0,5.027,,,1.4,,52.243,True,False,False,False,False,False,,7.43,7.99,3.62,3.04,0.3,-1.11,,,1.19,64250,,,90.346,,,,11.96849,-5.99806,-0.99,-0.37,-0.6,2026-08-03T00:00:00,2005-05-25T00:00:00,5/25/2005,1116979200,2026-08-03T00:00:00
152,FCT,-0.0072,10.04737,10.12033,0.0813,2.98,19,Morningstar US CEF Senior Loans,49,First Trust Advisors L.P.,False,9.64,-0.01,9.71,2026-08-03T00:00:00,33733U108,First Trust Senior FR Inc II,2026-08-03,XFCTX,Fixed Income - Taxable-Senior Loans,13.68,250.48,,Monthly,0.35865,0.0813,20.0,6.8101,,,1.92,,292.299,True,False,True,False,False,False,,6.53,10.57,4.76,5.53,0.38,2.55,,,5.8100000000000005,1190750,,,,,,,9.79588,-2.95873,1.03,0.91,0.88,2026-08-03T00:00:00,2004-05-25T00:00:00,5/25/2004,1085443200,2026-07-01T00:00:00
153,DFP,-0.0713,6.96861,7.50362,0.1314,5.73,18,Morningstar US CEF Preferreds,51,Flaherty &amp; Crumrine Inc,False,20.71,-0.07,22.3,2026-08-03T00:00:00,33848W106,Flah & Crum Dynamic Pref & Income Fund,2026-08-03,XDFPX,Fixed Income - Taxable-Preferreds,37.63,425.345,,Monthly,0.77839,0.1314,25.0,7.3568,,,4.3,,734.3,True,False,True,False,False,False,,10.69,12.1,2.64,0.32,1.27,4.35,,,7.8100000000000005,562990,,,104.5535,,7.14,,21.04612,-7.23456,0.07,0.87,0.29,2026-08-03T00:00:00,2013-05-24T00:00:00,5/24/2013,1369353600,2026-07-24T00:00:00
154,FFC,-0.061399999999999996,7.13043,7.59728,0.1046,6.09,18,Morningstar US CEF Preferreds,51,Flaherty &amp; Crumrine Inc,False,16.19,0.06,17.25,2026-08-03T00:00:00,338478100,Flah&Crum Preferred Securities,2026-08-03,XFFCX,Fixed Income - Taxable-Preferreds,37.66,780.0,,Monthly,0.624,0.1046,25.0,7.2728,,,4.1,,1333.069,True,False,True,False,False,False,,11.02,13.4,2.58,0.18,1.44,2.1,,,6.45,1083120,,,104.0028,,7.28,,16.33607,-6.8778,0.56,1.48,1.12,2026-08-03T00:00:00,2003-01-31T00:00:00,1/31/2003,1043971200,2026-07-24T00:00:00
155,FLC,-0.0908,6.7913499999999996,7.46968,0.10669999999999999,5.71,18,Morningstar US CEF Preferreds,51,Flaherty &amp; Crumrine Inc,False,16.82,0.14,18.5,2026-08-03T00:00:00,338479108,Flah&Crum Total Return Fund,2026-08-03,XFLCX,Fixed Income - Taxable-Preferreds,37.99,175.884,,Monthly,0.629,0.10669999999999999,25.0,7.3714,,,4.5600000000000005,,311.951,True,False,False,False,False,False,,10.61,12.43,2.33,-0.07,1.17,-0.53,,,4.93,234940,,,104.6926,,7.57,,17.27642,-8.25546,-0.68,1.17,-0.19,2026-08-03T00:00:00,2003-08-29T00:00:00,8/29/2003,1062115200,2026-07-24T00:00:00
156,PFD,-0.0823,6.67312,7.27177,0.0703,5.5600000000000005,18,Morningstar US CEF Preferreds,50,Flaherty &amp; Crumrine,False,11.37,0.05,12.39,2026-08-03T00:00:00,338480106,Flaherty & Crumrine Preferred Income,2026-08-03,XPFDX,Fixed Income - Taxable-Preferreds,36.39,146.134,,Monthly,0.41405000000000003,0.0703,15.0,7.2562,,,4.31,,250.343,True,False,False,False,False,False,,10.34,11.17,2.44,-1.01,1.33,-0.62,,,6.95,276580,,,104.6316,,7.33,,11.65976,-7.41008,-0.73,-0.45,-0.4,2026-08-03T00:00:00,1991-01-31T00:00:00,1/31/1991,665280000,2026-07-24T00:00:00
157,PFO,-0.095,6.59941,7.2918,0.0567,5.65,18,Morningstar US CEF Preferreds,51,Flaherty &amp; Crumrine Inc,False,9.15,0.01,10.11,2026-08-03T00:00:00,33848E106,Flaherty & Crumrine Preferred Income Opp,2026-08-03,XPFOX,Fixed Income - Taxable-Preferreds,37.87,119.658,,Monthly,0.34372,0.0567,12.5,7.3803,,,4.62,,212.812,True,False,False,False,False,False,,10.45,12.17,2.32,0.13,1.33,0.8300000000000001,,,5.98,353480,,,104.5555,,7.54,,9.38965,-8.57914,-0.67,0.91,-0.11,2026-08-03T00:00:00,1992-02-13T00:00:00,2/13/1992,697939200,2026-07-24T00:00:00
158,FXBY,-0.39549999999999996,0.33801000000000003,0.55914,0.13,30.13,10,Morningstar US CEF US Equity,73,Midas Management Corporation,False,23.25,0.37,38.46,2026-08-03T00:00:00,351645205,FOXBY CORP,2026-08-03,,Equity-U.S. Equity,13.28,12.13,,Annually,-0.20582,0.13,10.0,,,,2.98,,23.137,True,True,False,False,False,False,,22.59,26.16,14.31,15.54,14.94,-1.5899999999999999,,,33.4,2380,,,,,,,21.55496,-35.04895,-1.02,-1.24,-1.17,2026-08-03T00:00:00,1999-10-29T00:00:00,10/29/1999,941155200,2025-12-15T00:00:00
159,FTF,-0.0949,11.67722,12.9021,0.0615,3.65,16,Morningstar US CEF Limited Duration,53,"Franklin Advisers, Inc.",True,5.72,0.01,6.32,2026-08-03T00:00:00,35472T101,Franklin Limited Duration Income Trust,2026-08-03,XFTFX,Fixed Income - Taxable-Limited Duration,28.92,231.119,,Monthly,0.28578,0.0615,15.0,6.726,,,3.66,,359.252,True,False,False,False,True,False,,6.85,8.89,3.38,2.59,1.72,-0.18,,,0.76,1853300,,,99.3848,,5.86,,6.07632,-7.73842,-1.25,-1.04,-0.9400000000000001,2026-08-03T00:00:00,2003-08-27T00:00:00,8/27/2003,1061942400,2026-07-24T00:00:00
160,PMM,-0.053399999999999996,6.0458,6.3871,0.033,9.28,21,Morningstar US CEF Municipal,53,"Franklin Advisers, Inc.",False,6.2,-0.04,6.55,2026-08-03T00:00:00,746823103,Franklin Managed Municipal Income,2026-08-03,XPMMX,Fixed Income - Municipal-Municipal,29.62,265.567,,Monthly,0.15044,0.033,10.0,5.0401,,,1.06,,398.609,True,True,True,False,False,False,,4.86,6.27,-0.34,-1.25,1.17,2.73,,,13.12,1003180,,,96.8971,,12.95,9.22,6.1924,-6.98793,1.08,0.14,0.54,2026-08-03T00:00:00,1989-02-24T00:00:00,2/24/1989,604281600,2026-07-24T00:00:00
161,PIM,-0.07139999999999999,7.85714,8.46154,0.022,4.5600000000000005,15,Morningstar US CEF Investment Grade,53,"Franklin Advisers, Inc.",False,3.12,0.0,3.36,2026-08-03T00:00:00,746909100,Franklin Master Intermediate Income,2026-08-03,XPIMX,Fixed Income - Taxable-Investment Grade,36.79,150.335,,Monthly,0.07573,0.022,10.0,5.4926,,,1.02,,256.122,True,False,False,False,False,False,,7.07,7.12,3.22,2.24,1.29,-1.99,,,1.58,1045580,,,93.9793,,,,3.28324,-4.47858,-1.56,-1.2,-1.33,2026-08-03T00:00:00,1988-04-29T00:00:00,4/29/1988,578275200,2026-07-24T00:00:00
162,PPT,-0.06810000000000001,8.50136,9.12281,0.026,4.36,13,Morningstar US CEF Global Income,53,"Franklin Advisers, Inc.",False,3.42,0.03,3.67,2026-08-03T00:00:00,746853100,Franklin Premier Income,2026-08-03,XPPTX,Fixed Income - Taxable-Global Income,30.06,326.841,,Monthly,0.08203,0.026,10.0,5.4962,,,0.9400000000000001,,501.482,True,False,False,False,False,False,,6.97,6.51,2.52,2.18,1.13,0.88,,,1.13,1641520,,,93.9795,,,,3.56727,-5.35591,-1.02,0.39,-0.56,2026-08-03T00:00:00,1988-02-29T00:00:00,2/29/1988,573091200,2026-07-24T00:00:00
163,FT,-0.09,5.88235,6.46388,0.042499999999999996,8.91,26,Morningstar US CEF US Allocation,53,"Franklin Advisers, Inc.",False,7.890000000000001,-0.03,8.67,2026-08-03T00:00:00,355145103,Franklin Universal Trust,2026-08-03,XFUTX,Hybrid-U.S. Allocation,21.59,198.291,,Monthly,0.1812,0.042499999999999996,10.0,7.2423,,,2.99,,277.894,True,False,False,False,False,False,,11.08,11.71,6.27,6.06,4.63,2.7199999999999998,,,7.91,438070,,,88.5569,,4.99,,8.04262,-7.84771,-1.03,0.13,-0.41000000000000003,2026-08-03T00:00:00,1988-09-23T00:00:00,9/23/1988,590976000,2026-07-24T00:00:00
164,FSCO,-0.30010000000000003,9.81206,14.02004,0.0583,8.26,17,Morningstar US CEF Multi-Sector,56,FS Global Advisor LLC,True,4.99,0.04,7.13,2026-08-03T00:00:00,30290Y101,FS Credit Opportunities Corp.,2026-08-03,XFSCX,Fixed Income - Taxable-Multi-Sector,32.55,989.796,,Monthly,0.31386000000000003,0.0583,,,,,7.0,,2096.828,True,False,False,False,True,False,,13.03,12.22,,,6.68,-14.78,,,-24.16,14636110,,,,,,,5.8929100000000005,-17.56418,-1.09,-0.13,-0.52,2026-08-03T00:00:00,2022-11-14T00:00:00,11/14/2022,1668384000,2026-07-24T00:00:00
165,FSSL,-0.3699,9.1922,14.58886,0.13749999999999998,,19,Morningstar US CEF Senior Loans,57,FS Specialty Lending Advisor LLC,True,11.31,0.17,17.95,2026-08-03T00:00:00,644323107,FS Specialty Lending Fund,2026-08-03,FSSL,Fixed Income - Taxable-Senior Loans,,858.63,,Monthly,,0.13749999999999998,14.12,,,,6.14,,1362.723,False,True,True,False,True,False,,,,,,3.96,-14.67,,,,0,,,92.6454,,,,,,,-0.15,-0.87,2026-08-03T00:00:00,2025-11-13T00:00:00,11/13/2025,1762992000,2026-07-24T00:00:00
166,VCX,5.903,,,,66.4,8,Morningstar US CEF Sector Equity,58,"Fundrise Advisors, LLC",False,36.4,0.0,18.97,2026-03-31T00:00:00,360852107,Fundrise Innovation Common Share,2026-08-03,XVCX,Equity-Sector Equity,,,,,,,,,,,0.0,,,False,True,True,False,False,False,,23.59,,,,,,,,,0,,,,,,,,,,,,2026-08-03T00:00:00,2022-07-25T00:00:00,7/25/2022,1658707200,
167,GCV,0.022099999999999998,10.59603,10.36717,0.12,21.37,26,Morningstar US CEF US Allocation,59,Gabelli,True,4.63,0.12,4.53,2026-08-03T00:00:00,36240B109,Gabelli Conv Inc Secs,2026-08-03,XGCVX,Hybrid-U.S. Allocation,6.24,93.283,,Quarterly,-0.0030800000000000003,0.12,11.25,2.2444,,,2.07,,97.343,True,True,True,False,True,False,,13.99,14.83,2.86,4.36,12.28,14.69,,,28.27,647010,,,,,,,4.35431,-1.57578,1.35,1.35,0.76,2026-08-03T00:00:00,1995-03-31T00:00:00,3/31/1995,796608000,2026-06-15T00:00:00
168,GDV,-0.11380000000000001,5.31915,6.002,0.15,20.54,10,Morningstar US CEF US Equity,60,Gabelli Funds LLC,True,29.99,0.23,33.84,2026-08-03T00:00:00,36242H104,Gabelli Dividend & Income,2026-08-03,XGDVX,Equity-U.S. Equity,13.97,2644.142,,Monthly,0.03689,0.15,20.0,,,,1.83,,3468.022,True,True,False,False,True,False,,15.31,18.02,8.51,9.07,12.35,11.13,,,20.25,1063520,,,,,0.19,,28.01956,-10.71805,-1.02,-0.92,-1.03,2026-08-03T00:00:00,2003-11-28T00:00:00,11/28/2003,1069977600,2026-07-17T00:00:00
169,GAB,-0.0454,10.08403,10.56338,0.15,20.61,10,Morningstar US CEF US Equity,59,Gabelli,True,5.68,0.07,5.95,2026-08-03T00:00:00,362397101,Gabelli Equity,2026-08-03,XGABX,Equity-U.S. Equity,14.57,1944.357,,Quarterly,-0.0032400000000000003,0.15,10.0,,,,1.6099999999999999,,2384.236,True,False,False,False,True,False,,15.15,11.79,9.3,7.84,12.34,-2.5700000000000003,,,8.75,7436970,,,,,0.37,,5.88858,2.37264,-1.17,-0.07,-0.5700000000000001,2026-08-03T00:00:00,1986-08-21T00:00:00,8/21/1986,524966400,2026-06-15T00:00:00
170,GGZ,-0.11599999999999999,4.55285,5.15021,0.21,20.47,5,Morningstar US CEF Global Equity,59,Gabelli,False,16.31,0.16,18.45,2026-08-03T00:00:00,36249W104,Gabelli Global Small & Mid Cap Value Tru,2026-08-03,XGGZX,Equity-Global Equity,21.95,125.711,,Quarterly,-0.02634,0.21,12.0,,,,2.31,,182.206,True,True,True,False,False,False,,12.62,15.57,5.02,6.13,12.69,10.59,,,25.24,92290,,,,,0.24,0.18,15.16657,-11.70306,0.06,-0.28,-0.77,2026-08-03T00:00:00,2014-06-23T00:00:00,6/23/2014,1403481600,2026-06-15T00:00:00
171,GLU,-0.0555,6.53789,6.92187,0.11,22.22,8,Morningstar US CEF Sector Equity,60,Gabelli Funds LLC,True,19.07,0.02,20.19,2026-08-03T00:00:00,36242L105,Gabelli Global Utility & Income,2026-08-03,XGLUX,Equity-Sector Equity,17.66,114.181,,Monthly,0.0712,0.11,20.0,,,,1.35,,146.811,True,False,False,False,True,False,,16.51,17.78,6.54,4.99,13.35,2.8200000000000003,,,17.04,96720,,,,,0.14,0.11,19.10093,-0.5430200000000001,-1.57,-1.02,-1.09,2026-08-03T00:00:00,2004-05-25T00:00:00,5/25/2004,1085443200,2026-07-17T00:00:00
172,GRX,-0.1092,6.23853,7.00309,0.16999999999999998,15.05,8,Morningstar US CEF Sector Equity,59,Gabelli,False,9.71,-0.03,10.9,2026-08-03T00:00:00,36246K103,Gabelli Healthcare & Wellness Trust,2026-08-03,XXGRX,Equity-Sector Equity,30.12,146.142,,Quarterly,-0.0454,0.16999999999999998,8.0,,,,3.17,,234.773,True,True,False,False,False,False,,2.12,6.15,-1.25,0.18,6.51,4.88,,,13.1,300450,,,,,0.22,0.15,9.37268,-10.12747,-0.93,-1.23,-1.38,2026-08-03T00:00:00,2007-06-19T00:00:00,6/19/2007,1182211200,2026-06-15T00:00:00
173,GGT,0.1024,22.64151,20.5379,0.08,25.63,8,Morningstar US CEF Sector Equity,59,Gabelli,False,4.09,0.01,3.71,2026-08-03T00:00:00,36239Q109,Gabelli Multimedia,2026-08-03,XGGTX,Equity-Sector Equity,32.78,156.965,,Monthly,-0.01985,0.08,7.5,,,,2.13,,211.807,True,False,True,False,False,False,,17.95,4.79,1.46,-0.06,10.21,10.4,,,20.89,2420860,,,,,0.27,,4.16266,10.08428,0.06,-0.35000000000000003,-0.23,2026-08-03T00:00:00,1994-11-15T00:00:00,11/15/1994,784857600,2026-07-17T00:00:00
174,GUT,1.0948,19.60784,9.36037,0.049999999999999996,17.69,8,Morningstar US CEF Sector Equity,59,Gabelli,False,6.41,0.06,3.06,2026-08-03T00:00:00,36240A101,Gabelli Utility Trust,2026-08-03,XGUTX,Equity-Sector Equity,14.75,572.963,,Monthly,0.025500000000000002,0.049999999999999996,7.5,,,,1.52,,320.845,True,True,True,False,False,False,,14.81,9.17,8.51,6.32,11.88,11.76,,,16.96,2015510,,,,,0.19,0.17,6.129,93.46253,1.8599999999999999,0.71,1.32,2026-08-03T00:00:00,1999-07-09T00:00:00,7/9/1999,931478400,2026-07-17T00:00:00
175,GGN,-0.08529999999999999,6.67904,7.30223,0.03,28.89,8,Morningstar US CEF Sector Equity,59,Gabelli,True,4.93,0.03,5.39,2026-08-03T00:00:00,36465A109,GAMCO Global Gold Natural Resources&Inc,2026-08-03,XGGNX,Equity-Sector Equity,8.38,770.188,,Monthly,0.03338,0.03,20.0,6.2544,,,1.29,,919.101,True,False,False,False,True,False,,19.59,18.17,15.73,13.96,1.6600000000000001,-1.17,,,18.39,5924200,,,,,0.58,0.53,5.11753,-5.7782,-0.81,0.35000000000000003,-0.19,2026-08-03T00:00:00,2005-03-29T00:00:00,3/29/2005,1112054400,2026-07-17T00:00:00
176,GNT,0.011200000000000002,8.9441,8.84521,0.06,25.12,3,Morningstar US CEF Covered Call,60,Gabelli Funds LLC,False,8.14,0.06,8.05,2026-08-03T00:00:00,36465E101,"GAMCO Natural Resources, Gold & Inc Tr",2026-08-03,XGNTX,Equity-Covered-Call Funds,18.06,131.754,,Monthly,0.01129,0.06,20.0,6.2672,,,1.9500000000000002,,159.021,True,True,True,False,False,False,,16.37,24.37,12.53,15.95,1.83,14.07,,,39.64,952290,,,,,0.89,0.74,7.79516,-5.26211,1.45,0.3,0.8200000000000001,2026-08-03T00:00:00,2011-01-27T00:00:00,1/27/2011,1296086400,2026-07-17T00:00:00
177,GDL,-0.2114,4.49018,5.69395,0.12,6.29,26,Morningstar US CEF US Allocation,60,Gabelli Funds LLC,True,8.43,0.05,10.69,2026-08-03T00:00:00,361570104,GDL Fund,2026-08-03,XGDLX,Hybrid-U.S. Allocation,10.11,92.389,,Quarterly,-0.042820000000000004,0.12,20.0,,,,3.27,,130.328,True,False,False,False,True,False,,6.3,8.03,4.71,4.46,4.6,3.22,,,6.57,99870,,,,,0.19,0.17,8.46242,-20.51162,-0.79,0.18,-0.24,2026-08-03T00:00:00,2007-01-25T00:00:00,1/25/2007,1169683200,2026-06-15T00:00:00
178,GAM,-0.10880000000000001,8.67914,9.73828,6.4,24.1,10,Morningstar US CEF US Equity,61,General American Investors Co Inc,False,65.72,0.72,73.74,2026-08-03T00:00:00,368802104,General American Investors,2026-08-03,XGAMX,Equity-U.S. Equity,9.76,1566.246,,Annually,0.00036,6.4,10.0,,,,1.07,,1947.419,True,True,False,False,False,False,,20.84,25.65,14.06,16.72,11.87,10.68,,,26.49,246570,,,,,0.03,,61.50458,-10.67858,-0.24,0.46,0.01,2026-08-03T00:00:00,1927-02-01T00:00:00,2/1/1927,-1354320000,2025-11-17T00:00:00
179,GUG,-0.0562,8.71027,9.22927,0.11875,6.82,25,Morningstar US CEF Global Allocation,62,Guggenheim Funds Investment Advisors LLC,False,15.44,0.07,16.36,2026-07-31T00:00:00,40170T106,Guggenheim Active Allocation Fund,2026-08-03,XGUGX,Hybrid-Global Allocation,24.45,509.212,,Monthly,0.46006,0.11875,20.0,,,,3.83,,714.167,True,False,True,False,False,False,,9.08,13.0,,,2.07,6.19,,,10.22,784350,,,96.7884,,,,15.68994,-5.9830000000000005,0.19,-1.23,-0.75,2026-08-03T00:00:00,2021-11-23T00:00:00,11/23/2021,1637625600,2026-07-15T00:00:00
180,GOF,0.0029,20.89101,20.83127,0.18209999999999998,10.31,17,Morningstar US CEF Multi-Sector,62,Guggenheim Funds Investment Advisors LLC,False,10.49,-0.02,10.46,2026-08-03T00:00:00,40167F101,Guggenheim Strategic Opp Fund,2026-08-03,XGOFX,Fixed Income - Taxable-Multi-Sector,11.74,2117.36,,Monthly,0.32942,0.18209999999999998,20.0,5.8051,,,2.4,,2392.013,True,False,False,False,False,False,,13.82,2.1,7.89,0.76,2.92,-8.46,,,-15.11,14491770,,,96.9181,,,,12.44192,11.28123,-1.09,-1.4,-1.32,2026-08-03T00:00:00,2007-07-26T00:00:00,7/26/2007,1185408000,2026-07-15T00:00:00
181,GBAB,-0.024700000000000003,10.66261,10.93304,0.12572999999999998,4.48,20,Morningstar US CEF Taxable Muni,62,Guggenheim Funds Investment Advisors LLC,False,13.8,0.01,14.15,2026-08-03T00:00:00,401664107,Guggenheim Tax Muni & Inv Grade Debt Tr,2026-08-03,XGBAX,Fixed Income - Taxable-Taxable Muni,32.27,380.2,,Monthly,0.4265,0.12572999999999998,20.0,5.7341,,,2.59,,575.61,True,False,False,False,False,False,,6.35,3.68,-0.99,-2.37,-0.05,-1.79,,,1.23,862220,12.76,,98.6359,,5.22,,14.89948,0.3477,-1.4,-0.19,-0.8200000000000001,2026-08-03T00:00:00,2010-10-26T00:00:00,10/26/2010,1288051200,2026-07-15T00:00:00
182,HERZ,-0.1723,10.71429,12.94416,0.16999999999999998,-1.74,10,Morningstar US CEF US Equity,104,Thomas J Herzfeld Advisors Inc,False,15.76,-0.8200000000000001,19.21,2026-06-30T00:00:00,42804T205,Herzfeld Credit Income Fund,2026-08-03,HERZ,Equity-U.S. Equity,,307.063,,Monthly,0.01776,0.16999999999999998,5.2,,,,3.5700000000000003,,370.969,False,False,False,False,False,False,,8.34,12.28,4.08,6.17,-7.88,-24.33,,,-5.18,93160,,,,,,,20.33558,-10.82851,-1.44,-1.51,-0.9500000000000001,2026-08-03T00:00:00,1994-05-20T00:00:00,5/20/1994,769392000,2026-07-17T00:00:00
183,PCF,-0.1525,11.17175,13.18182,0.057999999999999996,0.31,11,Morningstar US CEF Convertibles,22,Bulldog Investors LLP,False,5.28,-0.02,6.23,2026-07-31T00:00:00,42968F108,High Income Securities,2026-08-03,XPCFX,Fixed Income - Taxable-Convertibles,1.06,98.823,,Monthly,0.16873,0.057999999999999996,7.5,5.0759,,21.21,1.65,,116.603,True,False,False,False,False,False,,7.83,5.38,5.27,0.33,-3.56,-7.8100000000000005,,,-6.39,743130,,,,,,,5.95155,-12.09059,-1.6,-1.05,-1.21,2026-08-03T00:00:00,1987-07-09T00:00:00,7/9/1987,552787200,2026-07-21T00:00:00
184,HGLB,-0.3613,8.6514,13.545819999999999,0.08499999999999999,4.44,25,Morningstar US CEF Global Allocation,78,"NexPoint Asset Management, L.P.",False,7.53,0.1,11.79,2026-08-03T00:00:00,43010T104,Highland Global Allocation Fund,2026-08-03,XHGLX,Hybrid-Global Allocation,2.79,177.636,,Monthly,0.20544,0.08499999999999999,15.0,9.7703,,,1.35,,278.131,True,False,False,False,False,False,,9.1,7.61,9.64,8.46,0.91,-12.46,,,0.93,767430,,,,,0.31,,8.66178,-29.67568,-1.74,-0.56,-1.2,2026-08-03T00:00:00,1998-01-05T00:00:00,1/5/1998,883958400,2026-07-24T00:00:00
185,HFRO,-0.369,3.86611,6.12732,0.0385,8.04,19,Morningstar US CEF Senior Loans,78,"NexPoint Asset Management, L.P.",True,7.54,0.02,11.95,2026-08-03T00:00:00,43010E404,Highland Opportunities and Income Ord,2026-08-03,XHFOX,Fixed Income - Taxable-Senior Loans,17.43,417.628,,Monthly,-0.1412,0.0385,15.0,8.1017,,,2.18,,801.646,True,True,True,False,True,False,,-0.6,4.02,2.22,2.25,6.03,31.13,,,52.25,1495450,,,,,,,6.36264,-44.944,2.21,0.96,1.55,2026-08-03T00:00:00,2000-01-13T00:00:00,1/13/2000,947721600,2026-07-24T00:00:00
186,VKI,0.016,7.67506,7.55405,0.0559,9.5,21,Morningstar US CEF Municipal,65,"Invesco Advisers, Inc",False,8.88,-0.04,8.74,2026-08-03T00:00:00,46132E103,Invesco Adv Muni Inc II,2026-08-03,XVKIX,Fixed Income - Municipal-Municipal,37.29,394.381,-0.002,Monthly,0.21381,0.0559,15.0,5.368,,20.38,3.33,,618.989,True,False,True,False,False,False,,2.96,8.79,-1.34,-0.38,1.21,2.17,,,17.16,1333740,16.2,,98.6597,,10.07,8.59,8.92149,-0.5480700000000001,0.77,-0.11,0.15,2026-08-03T00:00:00,1993-08-27T00:00:00,8/27/1993,746409600,2026-07-14T00:00:00
187,VBF,-0.0764,5.0,5.41384,0.0665,2.54,15,Morningstar US CEF Investment Grade,65,"Invesco Advisers, Inc",False,14.74,0.08,15.96,2026-08-03T00:00:00,46132L107,Invesco Bond,2026-08-03,XVBFX,Fixed Income - Taxable-Investment Grade,,168.406,0.001,Monthly,0.40588,0.0665,20.0,5.6064,,,0.5700000000000001,,182.344,False,False,False,False,False,False,,4.95,4.8100000000000005,-0.52,-1.62,-0.89,-1.87,,,0.49,490430,,,98.7546,,,6.57,15.30882,-6.74739,-0.99,-0.11,-0.37,2026-08-03T00:00:00,1970-10-28T00:00:00,10/28/1970,25920000,2026-07-14T00:00:00
188,VCV,0.052199999999999996,7.78313,7.39695,0.06459999999999999,10.15,22,Morningstar US CEF Municipal-CA,65,"Invesco Advisers, Inc",False,10.48,-0.07,9.96,2026-08-03T00:00:00,46132H106,Invesco CA Value,2026-08-03,XVCVX,Fixed Income - Municipal-Municipal - CA,39.4,508.374,-0.039,Monthly,0.22155,0.06459999999999999,15.0,5.1617,,20.76,3.35,,797.245,True,False,True,False,False,False,,2.71,9.41,-1.21,-0.18,0.55,-1.0,,,13.57,1010890,15.02,,96.7686,,11.56,8.53,10.75059,4.8042,0.21,0.8,0.13,2026-08-03T00:00:00,1993-04-30T00:00:00,4/30/1993,736128000,2026-07-14T00:00:00
189,VLT,-0.0645,10.27128,10.98,0.0895,5.39,14,Morningstar US CEF High Yield,65,"Invesco Advisers, Inc",False,10.0,0.03,10.69,2026-08-03T00:00:00,46131F101,Invesco High Income II,2026-08-03,XVLTX,Fixed Income - Taxable-High Yield,30.5,65.112,-0.029,Monthly,0.36908,0.0895,60.0,6.9136,,,3.41,,100.155,True,False,False,False,False,False,,7.76,9.17,2.95,2.27,1.13,-5.15,,,-0.08,173440,,,99.6803,,,,10.8166,-2.09962,-1.96,-2.92,-1.62,2026-08-03T00:00:00,1989-04-28T00:00:00,4/28/1989,609724800,2026-07-14T00:00:00
190,VMO,-0.013300000000000001,7.68443,7.7881599999999995,0.0625,9.55,21,Morningstar US CEF Municipal,65,"Invesco Advisers, Inc",False,9.63,-0.03,9.76,2026-08-03T00:00:00,46132C107,Invesco Muni Opp,2026-08-03,XVMOX,Fixed Income - Municipal-Municipal,36.82,649.454,-0.012,Monthly,0.23512,0.0625,15.0,5.3332,,20.82,3.26,,1041.823,True,False,True,False,False,False,,2.89,7.5600000000000005,-1.46,-0.71,1.1400000000000001,5.54,,,14.94,2477840,16.2,,98.5172,,11.67,8.79,9.6482,-3.71486,1.6,1.08,1.33,2026-08-03T00:00:00,1992-04-24T00:00:00,4/24/1992,704073600,2026-07-14T00:00:00
191,VKQ,-0.011200000000000002,7.68196,7.76907,0.0628,9.31,21,Morningstar US CEF Municipal,65,"Invesco Advisers, Inc",False,9.7,-0.08,9.81,2026-08-03T00:00:00,46131J103,Invesco Municipal,2026-08-03,XVKQX,Fixed Income - Municipal-Municipal,37.96,536.754,-0.006,Monthly,0.23747000000000001,0.0628,15.0,5.4148,,20.81,3.24,,874.991,True,True,True,False,False,False,,2.95,7.97,-1.4100000000000001,-0.72,1.05,5.99,,,17.05,1993320,15.17,,98.9207,,11.78,8.76,9.66707,-4.03138,1.71,0.72,1.33,2026-08-03T00:00:00,1991-09-27T00:00:00,9/27/1991,685929600,2026-07-14T00:00:00
192,OIA,-0.0164,5.73399,5.82972,0.029099999999999997,10.74,21,Morningstar US CEF Municipal,65,"Invesco Advisers, Inc",False,5.99,-0.03,6.09,2026-08-03T00:00:00,46132X101,Invesco Municipal Inc Opp I,2026-08-03,XOIAX,Fixed Income - Municipal-Municipal,30.83,286.793,0.019,Monthly,0.16802,0.029099999999999997,10.0,6.912,,22.32,2.45,,421.566,True,False,False,False,False,False,,4.44,3.86,-0.15,-1.18,2.17,3.54,,,14.27,1345950,27.9,,89.0277,,,,6.06489,-1.38954,-0.15,-0.54,-0.9,2026-08-03T00:00:00,1988-09-19T00:00:00,9/19/1988,590630400,2026-07-14T00:00:00
193,VPV,0.026600000000000002,7.60114,7.40426,0.0667,8.27,24,Morningstar US CEF Municipal-Single State,65,"Invesco Advisers, Inc",False,10.81,-0.01,10.53,2026-08-03T00:00:00,46132K109,Invesco PA Value,2026-08-03,XVPVX,Fixed Income - Municipal-Municipal - Single-State,36.76,193.198,0.126,Monthly,0.24298,0.0667,15.0,5.2631,,19.01,3.1,,297.57,True,True,True,False,False,False,,2.87,9.89,-1.23,1.3,0.86,8.02,,,16.79,327880,25.52,,97.1621,,12.02,8.1,10.64426,-1.67391,1.34,-0.44,0.6900000000000001,2026-08-03T00:00:00,1993-04-30T00:00:00,4/30/1993,736128000,2026-07-14T00:00:00
194,IQI,-0.001,7.67173,7.6795100000000005,0.0631,8.94,21,Morningstar US CEF Municipal,65,"Invesco Advisers, Inc",False,9.86,-0.01,9.87,2026-08-03T00:00:00,46133G107,Invesco Quality Municipal Income Trust,2026-08-03,XIQIX,Fixed Income - Municipal-Municipal,34.59,521.434,0.026000000000000002,Monthly,0.24185,0.0631,15.0,5.4925,,19.06,2.91,,798.034,True,False,True,False,False,False,,2.99,8.3,-1.42,-0.77,0.96,3.54,,,14.62,1494330,14.95,,96.2303,,10.79,8.54,9.91329,-2.33006,1.5,0.65,0.9400000000000001,2026-08-03T00:00:00,1992-09-29T00:00:00,9/29/1992,717724800,2026-07-14T00:00:00
195,VVR,-0.1161,10.35714,11.71717,0.028999999999999998,1.11,19,Morningstar US CEF Senior Loans,65,"Invesco Advisers, Inc",False,2.97,0.0,3.36,2026-08-03T00:00:00,46131H107,Invesco Senior Income,2026-08-03,XVVRX,Fixed Income - Taxable-Senior Loans,35.38,457.157,-0.044000000000000004,Monthly,0.16899,0.028999999999999998,10.0,,,,4.89,,800.395,True,False,False,False,False,False,,5.76,3.84,5.22,4.78,0.29,-1.94,,,-9.81,10019440,,,,,,,3.23261,-8.77204,-1.07,-0.86,-0.91,2026-08-03T00:00:00,1998-06-24T00:00:00,6/24/1998,898646400,2026-07-14T00:00:00
196,VGM,0.001,7.66008,7.65252,0.06459999999999999,9.47,21,Morningstar US CEF Municipal,65,"Invesco Advisers, Inc",False,10.13,0.03,10.12,2026-08-03T00:00:00,46131M106,Invesco Tr Inv Gr Muni,2026-08-03,XVGMX,Fixed Income - Municipal-Municipal,36.7,549.37,-0.018000000000000002,Monthly,0.24485,0.06459999999999999,15.0,5.4347,,21.2,3.11,,867.05,True,False,True,False,False,False,,2.9699999999999998,8.14,-1.43,-0.59,1.1400000000000001,1.74,,,15.16,1839400,17.6,,99.0535,,11.28,8.73,10.19241,-1.80356,0.98,0.16,0.48,2026-08-03T00:00:00,1992-01-24T00:00:00,1/24/1992,696211200,2026-07-14T00:00:00
197,VTN,0.0436,7.79886,7.47273,0.06849999999999999,9.82,23,Morningstar US CEF Municipal-NY,65,"Invesco Advisers, Inc",False,11.0,0.14,10.54,2026-08-03T00:00:00,46131T101,Invesco Tr Inv Gr NY,2026-08-03,XVTNX,Fixed Income - Municipal-Municipal - NY,33.08,161.077,0.01,Monthly,0.25475000000000003,0.06849999999999999,15.0,5.1011,,23.11,2.69,,230.643,True,False,True,False,False,False,,2.16,8.75,-1.45,0.5700000000000001,0.96,-1.42,,,13.24,338050,24.6,,93.0401,,12.76,9.89,11.15328,2.70812,0.5700000000000001,0.78,0.31,2026-08-03T00:00:00,1992-03-27T00:00:00,3/27/1992,701654400,2026-07-14T00:00:00
198,IIM,0.0365,7.67164,7.4016,0.0771,8.35,21,Morningstar US CEF Municipal,65,"Invesco Advisers, Inc",False,12.5,0.0,12.06,2026-08-03T00:00:00,46132P108,Invesco Value Muni Income,2026-08-03,XIIMX,Fixed Income - Municipal-Municipal,34.77,588.564,-0.011000000000000001,Monthly,0.29788000000000003,0.0771,15.0,5.5595,,18.65,2.93,,870.569,True,True,True,False,False,False,,2.95,8.39,-1.21,0.05,1.01,5.98,,,18.18,1252510,16.2,,96.5231,,10.35,8.18,12.40454,0.03185,1.6400000000000001,1.01,1.08,2026-08-03T00:00:00,1993-02-26T00:00:00,2/26/1993,730684800,2026-07-14T00:00:00
199,JOF,-0.1466,8.45394,9.90674,0.09559999999999999,30.55,1,Morningstar US CEF Asia Equity,79,Nomura Asset Management Co Ltd,False,11.58,0.24,13.57,2026-08-03T00:00:00,47109U104,Japan Smaller Cap Fund,2026-08-03,XXJOFXX,Equity-Asia Equity,0.0,295.296,,Monthly,0.03946,0.09559999999999999,12.0,,,,2.09,,346.042,True,True,False,False,False,False,,20.43,22.23,10.07,10.75,15.24,8.09,,,29.03,760080,,,,,,,11.06115,-10.57073,-2.75,-3.18,-2.11,2026-08-03T00:00:00,1990-03-21T00:00:00,3/21/1990,637977600,2026-07-15T00:00:00
200,BTO,-0.0441,6.0947,6.37567,0.65,33.12,8,Morningstar US CEF Sector Equity,67,John Hancock Investment Management LLC,True,40.78,0.5,42.66,2026-08-03T00:00:00,409735206,JHancock Financial Opportunities,2026-08-03,XBTOX,Equity-Sector Equity,13.33,808.128,0.0,Quarterly,0.21649000000000002,0.65,20.0,4.6197,,,2.42,,975.384,True,True,False,False,True,False,,23.44,18.16,11.6,8.86,21.02,19.1,,,23.41,459480,,,,,38.99,,36.40649,-1.6320700000000001,-1.15,-1.3,-1.08,2026-08-03T00:00:00,1994-08-18T00:00:00,8/18/1994,777168000,2026-06-11T00:00:00
201,JHS,-0.0886,5.13378,5.63303,0.1535,2.8,15,Morningstar US CEF Investment Grade,67,John Hancock Investment Management LLC,False,10.9,-0.03,11.96,2026-08-03T00:00:00,410123103,JHancock Income Secs,2026-08-03,XJHSX,Fixed Income - Taxable-Investment Grade,39.59,126.948,0.0,Quarterly,0.29069,0.1535,15.3,5.33,,,4.41,,230.593,True,False,False,False,False,False,,4.91,4.8,-1.46,-2.39,-1.23,-4.17,,,1.77,148110,,,99.6399,,7.02,4.29,11.39691,-7.43167,-0.93,0.3,-0.19,2026-08-03T00:00:00,1973-02-14T00:00:00,2/14/1973,98496000,2026-06-11T00:00:00
202,JHI,-0.07730000000000001,8.23856,8.92897,0.297,5.44,15,Morningstar US CEF Investment Grade,66,John Hancock,False,13.305,0.09,14.42,2026-08-03T00:00:00,410142103,JHancock Investors,2026-08-03,XJHIX,Fixed Income - Taxable-Investment Grade,40.8,116.346,0.0,Quarterly,0.58459,0.297,21.06,6.8218,,,4.59,,212.996,True,False,False,False,False,False,,8.39,9.38,1.99,0.93,1.8900000000000001,0.88,,,3.08,211080,6.53,,99.369,,6.17,,13.62294,-7.19108,-0.37,1.34,0.37,2026-08-03T00:00:00,1971-01-29T00:00:00,1/29/1971,33955200,2026-06-11T00:00:00
203,HPI,0.0592,9.75642,9.21069,0.1235,3.68,18,Morningstar US CEF Preferreds,67,John Hancock Investment Management LLC,False,16.09,0.05,15.19,2026-08-03T00:00:00,41013W108,JHancock Preferred Income,2026-08-03,XHPIX,Fixed Income - Taxable-Preferreds,38.72,431.086,0.0,Monthly,0.56391,0.1235,25.0,5.4332,,,4.48,,664.073,True,False,True,False,False,False,,9.47,10.34,2.7,3.1,0.08,3.87,,,9.62,576320,,,102.8283,,91.45,,16.38104,3.18205,1.18,1.01,1.46,2026-08-03T00:00:00,2002-08-27T00:00:00,8/27/2002,1030406400,2026-07-13T00:00:00
204,HPF,0.0545,9.84718,9.33837,0.1235,3.84,18,Morningstar US CEF Preferreds,67,John Hancock Investment Management LLC,False,15.870000000000001,0.03,15.05,2026-08-03T00:00:00,41013X106,JHancock Preferred Income II,2026-08-03,XHPFX,Fixed Income - Taxable-Preferreds,38.81,343.599,0.0,Monthly,0.5652,0.1235,25.0,5.5389,,,4.51,,532.545,True,False,True,False,False,False,,9.56,9.85,2.86,2.54,0.17,4.19,,,8.49,355670,,,102.7832,,90.07,,16.13592,2.518,2.08,1.4100000000000001,1.6600000000000001,2026-08-03T00:00:00,2002-11-29T00:00:00,11/29/2002,1038528000,2026-07-13T00:00:00
205,HPS,0.0501,9.72734,9.26316,0.11,3.84,18,Morningstar US CEF Preferreds,67,John Hancock Investment Management LLC,False,14.25,0.03,13.57,2026-08-03T00:00:00,41021P103,JHancock Preferred Income III,2026-08-03,XHPSX,Fixed Income - Taxable-Preferreds,38.59,458.406,0.0,Monthly,0.50751,0.11,25.0,5.4481,,,4.47,,710.831,True,False,True,False,False,False,,9.52,9.37,2.99,2.93,0.23,4.25,,,8.52,591780,,,102.8525,,86.67,,14.70336,3.73603,0.78,0.07,0.75,2026-08-03T00:00:00,2003-06-18T00:00:00,6/18/2003,1055894400,2026-07-13T00:00:00
206,PDT,-0.09849999999999999,7.40461,8.21395,0.08829999999999999,10.36,18,Morningstar US CEF Preferreds,66,John Hancock,True,12.9,0.0,14.31,2026-08-03T00:00:00,41013T105,JHancock Premium Dividend Fund,2026-08-03,XPDTX,Fixed Income - Taxable-Preferreds,34.68,634.489,0.0,Monthly,0.34231,0.08829999999999999,12.0,5.8923000000000005,,,4.32,,1077.541,True,False,False,False,True,False,,14.25,12.86,7.54,2.98,7.08,6.22,,,4.35,1205350,,,,,76.11,,13.06274,-8.86958,-0.42,1.51,1.15,2026-08-03T00:00:00,1989-12-21T00:00:00,12/21/1989,630201600,2026-07-13T00:00:00
207,HTD,-0.025700000000000004,7.1791,7.36883,0.158,9.93,26,Morningstar US CEF US Allocation,67,John Hancock Investment Management LLC,True,25.73,-0.03,26.41,2026-08-03T00:00:00,41013V100,JHancock Tax-Advantaged Dividend Inc,2026-08-03,XHTDX,Hybrid-U.S. Allocation,31.38,911.661,0.0,Monthly,0.63149,0.158,20.0,5.9632000000000005,,,3.58,,1363.654,True,True,True,False,True,False,,14.54,15.99,8.81,8.37,8.02,13.75,,,14.52,653490,,,,,68.76,,24.86278,-6.06298,2.32,1.75,1.83,2026-08-03T00:00:00,2004-02-27T00:00:00,2/27/2004,1077840000,2026-07-13T00:00:00
208,HEQ,-0.1002,7.83085,8.70322,0.25,16.31,5,Morningstar US CEF Global Equity,67,John Hancock Investment Management LLC,True,11.49,0.1,12.77,2026-08-03T00:00:00,47804L102,John Hancock Diversified Income Fund,2026-08-03,XHEQX,Equity-Global Equity,,138.556,,Quarterly,0.27877,0.25,20.0,6.5808,,,1.31,,153.992,False,True,True,False,True,False,,11.64,11.69,8.23,6.57,8.54,10.75,,,19.1,371800,,,98.4294,,,,11.05562,-10.62099,0.42,-1.1,-0.45,2026-08-03T00:00:00,2011-05-26T00:00:00,5/26/2011,1306368000,2026-06-11T00:00:00
209,KYN,-0.11230000000000001,6.62577,7.46372,0.09,26.66,6,Morningstar US CEF MLP,69,"KA Fund Advisors, LLC",False,14.47,-0.15,16.3,2026-08-03T00:00:00,486606106,Kayne Anderson Energy Infrastructure,2026-08-03,XKYNX,Equity-MLP,25.62,2447.254,,Monthly,0.31841,0.09,25.0,7.259,,,3.3,,3706.237,True,True,True,False,False,False,,26.03,28.99,21.94,23.21,26.35,23.37,,,26.91,3941270,,,,,15.1,,13.05556,-11.98162,0.44,1.88,1.4,2026-08-03T00:00:00,2004-09-28T00:00:00,9/28/2004,1096329600,2026-07-15T00:00:00
210,KIO,-0.0764,12.24181,13.25455,0.1215,3.39,14,Morningstar US CEF High Yield,70,Kohlberg Kravis Roberts &amp; Co.,False,11.0,-0.01,11.91,2026-08-03T00:00:00,48249T106,KKR Income Opportunities Fund,2026-08-03,XKIOX,Fixed Income - Taxable-High Yield,32.84,450.837,,Monthly,0.63625,0.1215,20.0,7.7746,,,4.09,,726.77,True,False,False,False,False,False,,8.19,9.34,4.52,3.54,2.03,2.42,,,-2.21,2556350,0.09000000000000001,,97.6062,,58.49,,11.63506,-5.77998,-0.91,-1.54,-0.76,2026-08-03T00:00:00,2013-07-26T00:00:00,7/26/2013,1374796800,2026-07-10T00:00:00
211,KF,-0.17579999999999998,2.00628,2.43433,1.381724,112.94,1,Morningstar US CEF Asia Equity,68,JPMorgan Asset Management (Asia Pacific) Limited,False,56.76,1.22,68.87,2026-08-03T00:00:00,500634209,Korea Fund,2026-08-03,XKFDX,Equity-Asia Equity,5.74,236.028,,Annually,-0.06238,1.381724,40.0,,,,1.75,,286.385,True,True,False,False,False,False,,34.67,34.86,13.37,14.17,54.55,52.92,,,107.8,168650,,,,,,,46.54935,-13.07937,-2.84,-2.1,-2.02,2026-08-03T00:00:00,1984-08-29T00:00:00,8/29/1984,462585600,2025-12-23T00:00:00
212,LGI,-0.0179,9.96104,10.14215,0.15339999999999998,14.67,5,Morningstar US CEF Global Equity,71,Lazard Asset Management LLC,False,18.15,0.04,18.48,2026-08-03T00:00:00,52106W103,Lazard Global Total Return and Income,2026-08-03,XLGIX,Equity-Global Equity,8.96,236.185,,Monthly,0.0074,0.15339999999999998,20.0,7.7462,,,2.0,,264.154,True,True,True,False,False,False,,10.55,15.94,5.87,7.07,6.65,11.19,,,19.59,470620,,,,,3.13,,17.74593,-2.01883,0.07,-1.8,-0.97,2026-08-03T00:00:00,2004-04-28T00:00:00,4/28/2004,1083110400,2026-07-10T00:00:00
213,USA,-0.122,10.11905,11.52542,0.16999999999999998,6.67,10,Morningstar US CEF US Equity,9,ALPS Advisors Inc,True,5.9,0.09,6.72,2026-08-03T00:00:00,530158104,Liberty All-Star Equity,2026-08-03,XUSAX,Equity-U.S. Equity,5.05,1779.155,,Quarterly,0.01199,0.16999999999999998,10.0,,,,0.91,,2134.277,True,False,False,False,True,False,,10.94,5.88,6.34,2.99,4.03,0.56,,,-0.43,12366910,,,,,,,6.06483,-9.33299,-1.5899999999999999,-1.1400000000000001,-1.5,2026-08-03T00:00:00,1986-10-31T00:00:00,10/31/1986,531100800,2026-07-16T00:00:00
214,ASG,-0.1217,8.0,9.10816,0.12,7.39,10,Morningstar US CEF US Equity,9,ALPS Advisors Inc,True,5.27,0.13,6.0,2026-08-03T00:00:00,529900102,Liberty All-Star Growth,2026-08-03,XASGX,Equity-U.S. Equity,1.5899999999999999,331.287,,Quarterly,-0.01975,0.12,10.0,,,,1.12,,383.283,True,False,False,False,True,False,,9.34,6.71,1.18,-0.9400000000000001,6.48,3.65,,,1.98,2496340,,,,,,,5.3054,-10.07183,-1.56,-0.52,-1.11,2026-08-03T00:00:00,1986-03-14T00:00:00,3/14/1986,511142400,2026-07-16T00:00:00
215,SCD,-0.10869999999999999,8.23799,9.24262,0.12,15.36,25,Morningstar US CEF Global Allocation,54,"Franklin Templeton Fund Adviser, LLC",True,15.58,0.1,17.48,2026-08-03T00:00:00,50208A102,LMP Capital and Income,2026-08-03,XSCDX,Hybrid-Global Allocation,16.65,356.881,,Monthly,0.06042,0.12,20.0,,,,2.39,,480.403,True,True,False,False,True,False,,15.06,17.24,10.97,11.35,11.63,10.39,,,12.12,792130,13.6,,,,4.25,,15.27273,-8.8969,-1.11,-0.22,-0.89,2026-08-03T00:00:00,2004-02-24T00:00:00,2/24/2004,1077580800,2026-07-24T00:00:00
216,MXE,-0.175,1.43023,1.73367,0.2337,25.81,4,Morningstar US CEF Emerging Market Equity,89,Pichardo Asset Management SA De CV,False,13.4801,0.39,16.34,2026-08-03T00:00:00,592834105,Mexico Equity & Income,2026-08-03,XMXEX,Equity-Emerging Market Equity,,59.315,,Annually,0.07512,0.2337,12.0,7.969,,0.02,2.13,,71.899,False,True,True,False,False,False,,5.29,9.84,7.8,6.01,10.02,5.7,,,24.97,66700,,,,,,,12.61,-17.84991,0.34,0.5,0.17,2026-08-03T00:00:00,1990-08-15T00:00:00,8/15/1990,650678400,2025-12-16T00:00:00
217,MXF,-0.12050000000000001,5.70033,6.48148,0.35,27.6,4,Morningstar US CEF Emerging Market Equity,64,"Impulsora Del Fondo Mexico, SC",True,21.6,-0.16,24.56,2026-08-03T00:00:00,592835102,Mexico Fund,2026-08-03,XXMXFXX,Equity-Emerging Market Equity,,311.473,,Quarterly,0.27312000000000003,0.35,12.0,5.75,,,1.36,,354.157,False,True,True,False,True,False,,7.9,12.88,11.41,12.99,11.52,13.41,,,29.59,444650,,,,,,,20.51918,-13.35566,1.53,0.66,1.2,2026-08-03T00:00:00,1981-06-03T00:00:00,6/3/1981,360374400,2026-07-22T00:00:00
218,CAF,-0.1499,1.18713,1.3964400000000001,0.262949,37.97,1,Morningstar US CEF Asia Equity,74,Morgan Stanley,False,18.83,-0.32,22.15,2026-08-03T00:00:00,617468103,Morgan Stanley China A Share,2026-08-03,XCAFX,Equity-Asia Equity,,253.738,,Annually,0.12144,0.262949,20.0,,,,1.52,,298.476,False,True,False,False,False,False,,12.16,14.06,1.32,0.66,14.53,10.31,,,37.52,377140,,,,,,,17.66046,-13.83804,-0.59,0.2,-0.44,2026-08-03T00:00:00,2006-09-28T00:00:00,9/28/2006,1159401600,2025-12-19T00:00:00
219,MSD,-0.0784,7.58534,8.23045,0.15,11.88,12,Morningstar US CEF Emerging Market Income,75,"Morgan Stanley Investment Management, Inc.",False,7.29,0.05,7.91,2026-08-03T00:00:00,61744H105,Morgan Stanley Emerging Markets Debt,2026-08-03,XMSDX,Fixed Income - Taxable-Emerging Market Income,0.03,147.486,,Quarterly,0.21902,0.15,15.0,6.6698,,6.98,1.36,,160.029,True,False,False,False,False,False,,11.61,14.8,3.33,3.89,3.6,1.98,,,5.61,998530,,,,,,,7.41736,-6.40755,-0.6900000000000001,0.79,-0.15,2026-08-03T00:00:00,1993-07-23T00:00:00,7/23/1993,743385600,2026-06-30T00:00:00
220,EDD,-0.0068000000000000005,16.29881,16.41026,0.24,20.62,12,Morningstar US CEF Emerging Market Income,75,"Morgan Stanley Investment Management, Inc.",False,5.85,0.03,5.89,2026-08-03T00:00:00,617477104,Morgan Stanley Emrgng Mkts Domestic Debt,2026-08-03,XEDDX,Fixed Income - Taxable-Emerging Market Income,14.65,377.068,,Quarterly,0.28033,0.24,20.0,6.5045,,8.22,2.18,,444.795,True,True,True,False,False,False,,11.56,17.75,5.45,8.15,6.29,14.64,,,27.48,3659230,,,,,,,5.5629100000000005,-5.3449100000000005,1.8599999999999999,1.16,1.48,2026-08-03T00:00:00,2007-04-24T00:00:00,4/24/2007,1177372800,2026-06-30T00:00:00
221,IIF,-0.1197,7.54528,8.57152,1.985164,-7.86,1,Morningstar US CEF Asia Equity,75,"Morgan Stanley Investment Management, Inc.",False,23.16,0.21,26.31,2026-08-03T00:00:00,61745C105,Morgan Stanley India Investment,2026-08-03,XIIFX,Equity-Asia Equity,,218.704,,Annually,-0.10782,1.985164,15.0,,,,1.35,,248.45,False,False,False,False,False,False,,7.23,11.59,6.51,8.91,-7.27,-8.13,,,-9.46,310040,,,,,,,24.36174,-11.01406,-1.2,-1.05,-1.05,2026-08-03T00:00:00,1994-02-25T00:00:00,2/25/1994,762134400,2025-12-19T00:00:00
222,NML,-0.0801,7.40282,8.04746,0.07008,28.11,6,Morningstar US CEF MLP,76,Neuberger Berman,False,10.45,-0.01,11.36,2026-08-03T00:00:00,64129H104,NB Energy Infra and Income Fund Inc,2026-08-03,XNMLX,Equity-MLP,21.32,592.086,,Monthly,-0.18702,0.07008,20.0,,,,1.07,,818.088,True,True,True,False,False,False,,20.65,23.93,21.52,26.22,26.17,28.87,,,29.44,1635700,,,,,,,9.3148,-10.31743,2.09,1.53,2.14,2026-08-03T00:00:00,2013-03-26T00:00:00,3/26/2013,1364256000,2026-07-15T00:00:00
223,NBXG,-0.11599999999999999,8.3965,9.49868,0.12,11.78,10,Morningstar US CEF US Equity,76,Neuberger Berman,False,15.16,0.4,17.15,2026-08-03T00:00:00,64133Q108,Neuberger Brmn Nxt Gnrtn Cnnctvty,2026-08-03,XNBGX,Equity-U.S. Equity,,1194.024,,Monthly,-0.05846,0.12,20.0,,,,1.35,,1350.76,False,True,True,False,False,False,,16.86,21.09,4.49,3.8,6.19,7.36,,,8.31,1953730,,,,,,,14.72728,-12.7143,0.71,2.08,2.37,2026-08-03T00:00:00,2021-05-25T00:00:00,5/25/2021,1621900800,2026-07-15T00:00:00
224,NHS,-0.0837,16.52968,18.03987,0.0905,3.16,14,Morningstar US CEF High Yield,76,Neuberger Berman,False,6.02,0.02,6.57,2026-08-03T00:00:00,64128C106,Neuberger High Yield Strategies,2026-08-03,XNHSX,Fixed Income - Taxable-High Yield,32.81,251.972,,Monthly,0.18333,0.0905,15.0,7.1132,,5.93,3.39,,409.273,True,False,False,False,False,False,,8.09,6.44,1.45,-0.64,-0.67,-11.03,,,-4.9,2068920,,,100.1385,,4.83,3.27,7.00762,-2.26913,-1.51,-1.5,-0.87,2026-08-03T00:00:00,2003-07-28T00:00:00,7/28/2003,1059350400,2026-07-15T00:00:00
225,NBH,-0.07919999999999999,5.91483,6.42332,0.054169999999999996,8.92,21,Morningstar US CEF Municipal,76,Neuberger Berman,False,10.12,-0.05,10.99,2026-08-03T00:00:00,64124P101,Neuberger Municipal Fund,2026-08-03,XNBHX,Fixed Income - Municipal-Municipal,41.18,299.735,,Monthly,0.13171,0.054169999999999996,15.0,5.0582,0.24230000000000002,20.2,3.87,,553.402,True,False,True,True,False,False,,2.3,5.37,-1.88,-3.44,0.9400000000000001,4.24,,,10.54,933920,15.43,0.00914,99.8748,,14.23,8.49,10.27498,-8.71506,0.78,-0.23,0.36,2026-08-03T00:00:00,2002-09-27T00:00:00,9/27/2002,1033084800,2026-07-31T00:00:00
226,NRO,-0.0909,11.34545,12.48,0.0312,10.32,7,Morningstar US CEF Real Estate,76,Neuberger Berman,False,3.0,-0.02,3.3,2026-08-03T00:00:00,64190A103,Neuberger Real Estate Securities Income,2026-08-03,XNROX,Equity-Real Estate,25.08,190.085,,Monthly,0.06094,0.0312,15.0,,,,3.12,,279.094,True,False,False,False,False,False,,9.3,11.15,1.18,-0.16,9.52,5.71,,,4.9,2411150,,,,,,,3.06208,-6.60787,-1.12,-0.33,-0.71,2026-08-03T00:00:00,2003-10-31T00:00:00,10/31/2003,1067558400,2026-07-15T00:00:00
227,GF,-0.0935,2.44057,2.69231,0.154,-3.42,9,Morningstar US CEF Single Country Equity,40,DWS,False,11.44,0.24,12.62,2026-08-03T00:00:00,644465106,New Germany,2026-08-03,XGFNX,Equity-Single-Country Equity,11.72,185.097,,Semi-Annually,-0.05716,0.154,20.0,,,,1.31,,231.29,True,False,True,False,False,False,,5.25,8.06,-4.94,-3.9,-1.15,-0.66,,,-2.42,239260,,,,,,,11.47416,-9.99937,0.56,-0.31,0.0,2026-08-03T00:00:00,1990-01-30T00:00:00,1/30/1990,633657600,2026-05-26T00:00:00
228,NVG,0.006500000000000001,7.7451,7.69481,0.079,8.47,21,Morningstar US CEF Municipal,81,"Nuveen Fund Advisors, LLC.",False,12.32,-0.08,12.24,2026-08-03T00:00:00,67071L106,Nuveen AMT-Free Muni Credit Inc,2026-08-03,XNVGX,Fixed Income - Municipal-Municipal,42.38,2659.906,-0.02,Monthly,0.29602,0.079,15.0,4.8322,,18.56,3.64,,4586.039,True,False,True,False,False,False,,3.15,8.87,-1.73,-1.02,0.04,2.31,,,14.8,5467100,23.9,2.93,94.2236,,14.46,9.04,12.54169,-1.06822,0.89,0.79,0.24,2026-08-03T00:00:00,2002-03-25T00:00:00,3/25/2002,1017014400,2026-07-15T00:00:00
229,NUW,-0.0575,3.93775,4.17803,0.048499999999999995,5.9,21,Morningstar US CEF Municipal,81,"Nuveen Fund Advisors, LLC.",False,13.93,-0.03,14.78,2026-08-03T00:00:00,670695105,Nuveen AMT-Free Municipal Value Fund,2026-08-03,XNUWX,Fixed Income - Municipal-Municipal,7.31,250.062,-0.073,Monthly,0.30096,0.048499999999999995,15.0,5.4454,,19.29,0.75,,286.246,True,False,False,False,False,False,,2.89,4.31,-0.05,-0.15,0.45,-0.11,,,6.61,380830,9.3,0.09000000000000001,98.9732,,8.94,8.3,14.2066,-5.1418800000000005,-0.6900000000000001,-0.31,-0.74,2026-08-03T00:00:00,2009-02-25T00:00:00,2/25/2009,1235520000,2026-07-15T00:00:00
230,NEA,0.0063,7.28571,7.24046,0.06799999999999999,7.83,21,Morningstar US CEF Municipal,81,"Nuveen Fund Advisors, LLC.",False,11.27,0.0,11.2,2026-08-03T00:00:00,670657105,Nuveen AMT-Free Quality Muni Inc,2026-08-03,XNEAX,Fixed Income - Municipal-Municipal,41.35,3409.104,0.018000000000000002,Monthly,0.25491,0.06799999999999999,15.0,5.1782,,19.14,3.5300000000000002,,5776.859,True,False,True,False,False,False,,2.25,8.05,-1.9500000000000002,-0.97,0.0,0.98,,,12.72,8490940,20.8,4.12,97.8969,,11.13,7.68,11.46379,-0.9286300000000001,1.1400000000000001,0.71,0.8200000000000001,2026-08-03T00:00:00,2002-11-21T00:00:00,11/21/2002,1037836800,2026-07-15T00:00:00
231,NAZ,0.0799,6.56664,6.08092,0.062,9.62,24,Morningstar US CEF Municipal-Single State,81,"Nuveen Fund Advisors, LLC.",False,12.235,0.14,11.33,2026-08-03T00:00:00,67061W104,Nuveen AZ Quality Muni Inc,2026-08-03,XNAZX,Fixed Income - Municipal-Municipal - Single-State,39.51,157.544,0.031,Monthly,0.20512,0.062,15.0,4.7939,,17.61,3.55,,241.191,True,True,True,False,False,False,,2.8,10.7,-1.1400000000000001,-0.16,0.93,5.75,,,12.06,222790,17.4,0.9500000000000001,100.5175,,12.3,7.89,12.19111,5.11438,0.8200000000000001,-0.66,0.15,2026-08-03T00:00:00,1992-11-19T00:00:00,11/19/1992,722131200,2026-07-15T00:00:00
232,NKX,0.0358,7.37201,7.11697,0.072,9.67,22,Morningstar US CEF Municipal-CA,81,"Nuveen Fund Advisors, LLC.",False,12.14,0.05,11.72,2026-08-03T00:00:00,670651108,Nuveen CA AMT - Free Quality Muni Inc,2026-08-03,XNCMX,Fixed Income - Municipal-Municipal - CA,39.92,671.271,-0.014,Monthly,0.25181,0.072,15.0,4.7667,,18.17,3.77,,1078.633,True,False,False,False,False,False,,2.8200000000000003,8.51,-1.9100000000000001,-0.25,0.91,1.48,,,13.2,1361740,21.7,0.5800000000000001,98.6644,,12.92,7.87,12.49847,3.87664,-0.19,-0.6,-0.16,2026-08-03T00:00:00,2002-11-22T00:00:00,11/22/2002,1037923200,2026-07-15T00:00:00
233,NCA,-0.0132,3.96476,4.01786,0.03,6.99,22,Morningstar US CEF Municipal-CA,81,"Nuveen Fund Advisors, LLC.",False,8.96,-0.01,9.08,2026-08-03T00:00:00,67062C107,Nuveen CA Municipal Value,2026-08-03,XNCAX,Fixed Income - Municipal-Municipal - CA,0.0,297.849,-0.012,Monthly,0.17653,0.03,10.0,4.7234,,18.86,0.54,,301.838,True,False,False,False,False,False,,3.16,4.84,-0.14,-0.07,1.06,2.52,,,10.38,696570,22.2,1.31,99.5691,,,7.87,9.119,-0.40930000000000005,-0.35000000000000003,-1.3900000000000001,-1.6400000000000001,2026-08-03T00:00:00,1987-10-07T00:00:00,10/7/1987,560563200,2026-07-15T00:00:00
234,NAC,0.0319,7.39362,7.16495,0.06949999999999999,10.47,22,Morningstar US CEF Municipal-CA,81,"Nuveen Fund Advisors, LLC.",False,11.64,-0.08,11.28,2026-08-03T00:00:00,67066Y105,Nuveen CA Quality Muni Income,2026-08-03,XNACX,Fixed Income - Municipal-Municipal - CA,39.33,1925.481,-0.005,Monthly,0.24164,0.06949999999999999,15.0,4.739,,19.06,3.79,,3075.32,True,False,True,False,False,False,,2.75,9.89,-1.98,-0.29,0.87,3.65,,,14.78,5049550,23.1,1.04,99.0817,,12.64,8.06,11.77623,1.58698,1.11,-0.5,0.65,2026-08-03T00:00:00,1999-05-26T00:00:00,5/26/1999,927676800,2026-07-15T00:00:00
235,JCE,-0.0707,8.10239,8.71856,0.364,20.24,10,Morningstar US CEF US Equity,81,"Nuveen Fund Advisors, LLC.",True,16.7,0.29,17.97,2026-08-03T00:00:00,67090X107,Nuveen Core Equity Alpha,2026-08-03,XJCEX,Equity-U.S. Equity,1.35,283.945,0.0,Quarterly,0.00449,0.364,20.0,,,,0.9900000000000001,,305.538,True,True,False,False,True,False,,19.13,17.58,12.5,11.25,9.22,7.64,,,15.88,388160,,,,,,,15.84148,-6.16416,-0.72,0.31,-0.27,2026-08-03T00:00:00,2007-03-27T00:00:00,3/27/2007,1174953600,2026-06-15T00:00:00
236,NPCT,-0.0783,10.13208,10.99284,0.0895,4.02,15,Morningstar US CEF Investment Grade,81,"Nuveen Fund Advisors, LLC.",True,9.77,0.07,10.6,2026-08-03T00:00:00,67080D103,Nuveen Core Plus Impact Fund,2026-08-03,XNPCX,Fixed Income - Taxable-Investment Grade,37.3,280.936,,Monthly,0.23152,0.0895,20.0,4.3325,,28.25,4.43,,486.123,True,False,False,False,True,False,,7.38,10.75,-3.25,-3.47,0.26,1.77,,,0.12,1251780,23.9,0.0,89.7405,,7.44,5.43,10.40084,-6.42993,-0.8,-0.49,-0.8300000000000001,2026-08-03T00:00:00,2021-04-27T00:00:00,4/27/2021,1619481600,2026-07-15T00:00:00
237,JQC,-0.1065,11.1028,12.42678,0.049499999999999995,5.69,19,Morningstar US CEF Senior Loans,81,"Nuveen Fund Advisors, LLC.",True,4.78,0.02,5.35,2026-08-03T00:00:00,67073D102,Nuveen Credit Strategies Income Fund,2026-08-03,XJQCX,Fixed Income - Taxable-Senior Loans,38.43,706.564,-0.082,Monthly,0.23976,0.049499999999999995,15.0,,,5.03,5.09,,1284.419,True,False,False,False,True,False,,8.57,10.34,4.97,4.72,2.5300000000000002,1.97,,,-2.54,7749160,84.5,0.0,,,,,5.02134,-8.79134,-0.68,0.46,-0.1,2026-08-03T00:00:00,2003-06-25T00:00:00,6/25/2003,1056499200,2026-07-15T00:00:00
238,NDMO,-0.0217,6.92308,7.07661,0.058499999999999996,7.0,21,Morningstar US CEF Municipal,81,"Nuveen Fund Advisors, LLC.",True,9.92,-0.02,10.14,2026-08-03T00:00:00,67079X102,Nuveen Dynamic Municipal Opportunities,2026-08-03,XNDMX,Fixed Income - Municipal-Municipal,31.37,600.332,,Monthly,0.23738,0.058499999999999996,15.0,5.5666,,17.88,2.83,,894.12,True,False,False,False,True,False,,4.62,3.79,-2.52,-3.84,1.0,2.77,,,8.83,1436140,19.8,0.36000000000000004,98.3671,,10.32,7.61,10.31054,-1.07222,-0.78,-2.84,-2.5300000000000002,2026-08-03T00:00:00,2020-08-26T00:00:00,8/26/2020,1598400000,2026-07-15T00:00:00
239,JFR,-0.07200000000000001,11.23649,12.10867,0.078,5.83,19,Morningstar US CEF Senior Loans,81,"Nuveen Fund Advisors, LLC.",True,7.73,0.02,8.33,2026-08-03T00:00:00,67072T108,Nuveen Floating Rate Income,2026-08-03,XJFRX,Fixed Income - Taxable-Senior Loans,37.43,1244.278,0.015000000000000001,Monthly,0.37027,0.078,15.0,,,4.84,4.78,,2143.059,True,False,True,False,True,False,,9.14,11.41,6.18,6.47,3.02,5.96,,,2.63,7440530,88.3,0.0,,,,,7.8146,-8.6232,0.65,1.47,1.58,2026-08-03T00:00:00,2004-03-25T00:00:00,3/25/2004,1080172800,2026-07-15T00:00:00
240,JGH,-0.0799,9.10557,9.89641,0.1035,7.21,13,Morningstar US CEF Global Income,81,"Nuveen Fund Advisors, LLC.",True,12.55,0.03,13.64,2026-08-03T00:00:00,67075G103,Nuveen Global High Income Fund,2026-08-03,XJGHX,Fixed Income - Taxable-Global Income,29.11,352.979,-0.026000000000000002,Monthly,0.48098,0.1035,20.0,7.8075,,6.6,3.37,,541.136,True,False,False,False,True,False,,11.34,13.02,4.88,5.2,3.9,5.11,,,4.3,1014430,35.9,0.0,99.6217,,,,12.81945,-6.98518,-0.52,-0.61,-0.61,2026-08-03T00:00:00,2014-11-24T00:00:00,11/24/2014,1416787200,2026-07-15T00:00:00
241,NMT,0.1463,6.6362,5.78947,0.0605,9.0,24,Morningstar US CEF Municipal-Single State,81,"Nuveen Fund Advisors, LLC.",False,12.54,-0.12,10.94,2026-08-03T00:00:00,67061E104,Nuveen MA Quality Muni Inc,2026-08-03,XNMTX,Fixed Income - Municipal-Municipal - Single-State,39.52,129.812,0.026000000000000002,Monthly,0.19903,0.0605,15.0,4.8606,,19.66,3.85,,187.249,True,True,True,False,False,False,,2.32,13.29,-2.01,1.44,1.15,16.01,,,19.45,205840,24.1,1.7000000000000002,101.787,,7.76,8.13,11.97604,7.19714,1.35,-0.28,0.68,2026-08-03T00:00:00,1993-03-18T00:00:00,3/18/1993,732412800,2026-07-15T00:00:00
242,NMS,0.0009,6.61996,6.61417,0.063,7.91,24,Morningstar US CEF Municipal-Single State,81,"Nuveen Fund Advisors, LLC.",False,11.43,0.01,11.42,2026-08-03T00:00:00,670734102,Nuveen MN Quality Muni Inc,2026-08-03,XMNSX,Fixed Income - Municipal-Municipal - Single-State,40.48,73.281,-0.014,Monthly,0.0,0.063,15.0,4.6871,,17.04,4.16,,123.017,True,False,False,False,False,False,,2.66,7.73,-1.19,-0.77,-0.59,1.2,,,8.02,147750,42.2,0.0,100.4127,,11.29,6.73,11.94709,0.9369700000000001,-0.42,-2.5,-1.56,2026-08-03T00:00:00,1993-06-25T00:00:00,6/25/1993,740966400,2026-07-15T00:00:00
243,JLS,-0.0861,9.78746,10.7093,0.1535,6.0,14,Morningstar US CEF High Yield,81,"Nuveen Fund Advisors, LLC.",True,17.2,-0.05,18.82,2026-08-03T00:00:00,670735109,Nuveen Mortgage and Income Fund,2026-08-03,XJLSX,Fixed Income - Taxable-High Yield,22.93,94.198,0.009000000000000001,Monthly,0.77533,0.1535,25.0,7.6376,,17.62,3.07,,133.727,True,False,False,False,True,False,,9.55,12.85,4.35,4.97,2.9,0.58,,,0.89,187890,0.0,0.0,97.1182,,,,18.34575,-4.47176,-2.58,-1.32,-1.9,2026-08-03T00:00:00,2009-11-25T00:00:00,11/25/2009,1259107200,2026-07-15T00:00:00
244,NMAI,-0.0558,9.24303,9.78903,0.11599999999999999,20.2,25,Morningstar US CEF Global Allocation,81,"Nuveen Fund Advisors, LLC.",True,14.22,0.23,15.06,2026-08-03T00:00:00,670750108,Nuveen Multi-Asset Income,2026-08-03,XNMAX,Hybrid-Global Allocation,29.41,475.313,,Monthly,0.17114000000000001,0.11599999999999999,20.0,6.1007,,,3.38,,713.154,True,True,True,False,True,False,,13.32,18.02,,,10.39,13.83,,,23.59,1110770,28.0,,98.2273,,,,13.29207,-8.2165,2.37,1.56,1.82,2026-08-03T00:00:00,2021-11-22T00:00:00,11/22/2021,1637539200,2026-07-15T00:00:00
245,JMM,-0.09699999999999999,5.44601,6.0312,0.028999999999999998,3.01,15,Morningstar US CEF Investment Grade,81,"Nuveen Fund Advisors, LLC.",True,5.77,0.0,6.39,2026-08-03T00:00:00,67075J107,Nuveen Multi-Market Income Fund,2026-08-03,XJMMX,Fixed Income - Taxable-Investment Grade,29.72,54.598,-0.001,Monthly,0.13925,0.028999999999999998,12.0,5.5173,,4.27,3.59,,86.032,True,False,False,False,True,False,,5.38,4.91,1.07,0.49,-0.75,-1.1400000000000001,,,-2.99,89640,26.5,0.0,97.3279,,,,6.05249,-7.9444300000000005,-0.74,1.0,-0.02,2026-08-03T00:00:00,1988-12-30T00:00:00,12/30/1988,599443200,2026-07-15T00:00:00
246,NZF,-0.0057,7.7814,7.82609,0.0795,9.28,21,Morningstar US CEF Municipal,81,"Nuveen Fund Advisors, LLC.",False,12.19,-0.01,12.26,2026-08-03T00:00:00,67070X101,Nuveen Municipal Credit Income,2026-08-03,XNZFX,Fixed Income - Municipal-Municipal,40.74,2397.154,-0.015000000000000001,Monthly,0.31359,0.0795,15.0,5.3227,,20.06,3.61,,4068.119,True,False,True,False,False,False,,3.23,8.36,-1.35,-1.04,1.13,1.3599999999999999,,,12.53,5269340,25.1,2.6,95.556,,11.88,8.1,12.49226,-0.8799300000000001,0.24,-1.37,-0.64,2026-08-03T00:00:00,2001-09-25T00:00:00,9/25/2001,1001376000,2026-07-15T00:00:00
247,NMCO,0.0019,7.87356,7.85851,0.06849999999999999,8.5,21,Morningstar US CEF Municipal,81,"Nuveen Fund Advisors, LLC.",False,10.46,0.02,10.44,2026-08-03T00:00:00,670663103,Nuveen Municipal Credit Opps Fund,2026-08-03,XNMCX,Fixed Income - Municipal-Municipal,42.48,592.73,-0.035,Monthly,0.35941,0.06849999999999999,15.0,5.8775,,22.08,4.5,,1028.567,True,False,True,False,False,False,,2.91,4.08,-2.24,-1.87,2.05,6.75,,,12.31,1605420,31.7,0.27,88.147,,15.53,9.46,10.65441,-0.37052,0.42,-0.76,-0.43,2026-08-03T00:00:00,2019-09-16T00:00:00,9/16/2019,1568592000,2026-07-15T00:00:00
248,NMZ,0.006900000000000001,7.7744800000000005,7.72102,0.0655,9.47,21,Morningstar US CEF Municipal,81,"Nuveen Fund Advisors, LLC.",False,10.18,0.02,10.11,2026-08-03T00:00:00,670682103,Nuveen Municipal High Income Opp Fd,2026-08-03,XNMZX,Fixed Income - Municipal-Municipal,40.09,2193.054,0.044000000000000004,Monthly,0.15638,0.0655,15.0,5.8165,,21.09,3.5,,3635.37,True,False,True,False,False,False,,3.9699999999999998,5.63,-1.53,-1.94,1.4,4.21,,,10.35,4547610,21.6,1.36,93.5717,,10.18,8.4,10.38835,-0.04399,0.75,1.28,0.88,2026-08-03T00:00:00,2003-11-19T00:00:00,11/19/2003,1069200000,2026-07-15T00:00:00
249,NMI,0.09539999999999998,4.65306,4.24779,0.038,7.14,21,Morningstar US CEF Municipal,81,"Nuveen Fund Advisors, LLC.",False,10.735,-0.1,9.8,2026-08-03T00:00:00,67062J102,Nuveen Municipal Income,2026-08-03,XNMIX,Fixed Income - Municipal-Municipal,2.99,129.807,-0.019,Monthly,0.21289,0.038,12.0,5.4326,,21.66,0.75,,118.501,True,True,True,False,False,False,,4.32,8.03,0.71,2.27,2.1,12.05,,,14.7,268920,17.4,0.66,100.4984,,,8.41,10.21615,3.59898,1.57,0.2,0.85,2026-08-03T00:00:00,1988-04-20T00:00:00,4/20/1988,577497600,2026-07-15T00:00:00
250,NUV,0.0089,4.33815,4.2998899999999995,0.0325,5.78,21,Morningstar US CEF Municipal,81,"Nuveen Fund Advisors, LLC.",False,9.07,-0.08,8.99,2026-08-03T00:00:00,670928100,Nuveen Municipal Value,2026-08-03,XNUVX,Fixed Income - Municipal-Municipal,6.15,1906.808,-0.018000000000000002,Monthly,0.19290000000000002,0.0325,10.0,5.2885,,18.4,0.66,,1889.989,True,True,True,False,False,False,,2.93,5.94,0.02,-1.03,0.62,3.54,,,11.73,4834430,11.1,0.79,97.8694,,,8.09,9.051,-0.7097300000000001,1.3599999999999999,0.76,1.11,2026-08-03T00:00:00,1987-06-17T00:00:00,6/17/1987,550886400,2026-07-15T00:00:00
251,QQQX,-0.044500000000000005,9.38334,9.82036,0.738,16.18,3,Morningstar US CEF Covered Call,81,"Nuveen Fund Advisors, LLC.",True,30.06,0.55,31.46,2026-08-03T00:00:00,670699107,Nuveen NASDAQ 100 Dynamic Overwrite,2026-08-03,XQQQX,Equity-Covered-Call Funds,,1467.733,0.0,Quarterly,-0.030780000000000002,0.738,20.0,,,,0.89,,1536.091,False,True,True,False,True,False,,15.78,14.88,9.36,8.22,4.66,8.36,,,20.93,1042060,,,,,,,28.40869,-7.5095600000000005,1.54,0.59,0.9,2026-08-03T00:00:00,2007-01-30T00:00:00,1/30/2007,1170115200,2026-06-15T00:00:00
252,NRK,-0.0163,7.52153,7.64591,0.0655,9.89,23,Morningstar US CEF Municipal-NY,81,"Nuveen Fund Advisors, LLC.",False,10.28,-0.05,10.45,2026-08-03T00:00:00,670656107,Nuveen NY AMT - Free Quality Muni Inc,2026-08-03,XNRKX,Fixed Income - Municipal-Municipal - NY,42.63,896.779,0.004,Monthly,0.2495,0.0655,15.0,4.7063,,20.12,3.69,,1588.889,True,True,True,False,False,False,,1.79,7.04,-2.16,-0.53,0.65,7.16,,,19.58,3283790,22.3,0.11000000000000001,97.1229,,15.06,8.94,10.227360000000001,-5.27745,1.43,0.37,0.89,2026-08-03T00:00:00,2002-11-21T00:00:00,11/21/2002,1037836800,2026-07-15T00:00:00
253,NNY,-0.0584,4.05034,4.30134,0.0295,6.91,23,Morningstar US CEF Municipal-NY,81,"Nuveen Fund Advisors, LLC.",False,8.23,-0.01,8.74,2026-08-03T00:00:00,67062M105,Nuveen NY Municipal Value,2026-08-03,XNNYX,Fixed Income - Municipal-Municipal - NY,0.0,155.432,-0.037,Monthly,0.17478,0.0295,10.0,4.8241,,20.56,0.5700000000000001,,165.064,True,False,False,False,False,False,,2.91,3.35,0.22,-0.52,1.09,-1.44,,,6.98,368920,26.8,0.0,98.2305,,,8.86,8.46675,-3.92112,-1.4100000000000001,-2.51,-2.51,2026-08-03T00:00:00,1987-10-07T00:00:00,10/7/1987,560563200,2026-07-15T00:00:00
254,NAN,0.0154,7.41144,7.29875,0.06799999999999999,9.63,23,Morningstar US CEF Municipal-NY,81,"Nuveen Fund Advisors, LLC.",False,11.18,0.01,11.01,2026-08-03T00:00:00,67066X107,Nuveen NY Quality Muni Inc,2026-08-03,XNANX,Fixed Income - Municipal-Municipal - NY,40.22,369.557,0.013000000000000001,Monthly,0.25368,0.06799999999999999,15.0,5.0604,,21.25,3.77,,608.778,True,False,True,False,False,False,,2.22,8.36,-1.8,-0.4,0.99,3.64,,,9.21,704490,26.1,0.01,99.9827,,13.22,8.52,11.40636,0.6931200000000001,0.8300000000000001,-0.43,0.29,2026-08-03T00:00:00,1999-05-26T00:00:00,5/26/1999,927676800,2026-07-15T00:00:00
255,JPC,-0.0013,9.65251,9.66495,0.0625,6.32,18,Morningstar US CEF Preferreds,81,"Nuveen Fund Advisors, LLC.",False,7.76,0.07,7.77,2026-08-03T00:00:00,67073B106,Nuveen Pref & Income Opps Fund,2026-08-03,XJPCX,Fixed Income - Taxable-Preferreds,37.75,2911.857,-0.042,Monthly,0.24068,0.0625,15.0,7.673,,,4.67,,4683.463,True,False,False,False,False,False,,10.9,15.6,3.45,3.54,0.96,0.19,,,4.86,9765770,8.2,0.0,104.2944,,,,8.01862,0.18885000000000002,-0.33,0.02,-0.14,2026-08-03T00:00:00,2003-03-26T00:00:00,3/26/2003,1048636800,2026-07-15T00:00:00
256,NAD,0.0017000000000000001,7.25557,7.24315,0.0705,8.56,21,Morningstar US CEF Municipal,81,"Nuveen Fund Advisors, LLC.",False,11.68,-0.03,11.66,2026-08-03T00:00:00,67066V101,Nuveen Quality Muni Income Fund,2026-08-03,XNADX,Fixed Income - Municipal-Municipal,42.16,2730.638,0.023,Monthly,0.27975,0.0705,15.0,5.2239,,19.9,3.74,,4712.542,True,False,True,False,False,False,,2.5700000000000003,8.37,-1.56,-0.7000000000000001,0.5700000000000001,1.52,,,12.81,6790850,23.8,1.21,97.3594,,11.17,7.62,11.84272,-1.27691,1.12,1.09,0.92,2026-08-03T00:00:00,1999-05-26T00:00:00,5/26/1999,927676800,2026-07-15T00:00:00
257,JRI,-0.051100000000000007,11.85788,12.4961,0.1335,13.71,25,Morningstar US CEF Global Allocation,81,"Nuveen Fund Advisors, LLC.",True,12.82,-0.14,13.51,2026-08-03T00:00:00,67074Y105,Nuveen Real Asset Inc and Grwt,2026-08-03,XJRIX,Hybrid-Global Allocation,31.46,464.062,0.0,Monthly,0.26714,0.1335,20.0,6.5326,,,3.9,,713.484,True,False,False,False,True,False,,11.2,16.53,4.8,6.41,8.08,2.2800000000000002,,,11.39,1416650,24.2,0.0,100.7422,,,,13.25689,-2.21104,-0.76,-0.33,0.31,2026-08-03T00:00:00,2012-04-25T00:00:00,4/25/2012,1335312000,2026-07-15T00:00:00
258,JRS,-0.0876,8.01688,8.78613,0.19,23.03,7,Morningstar US CEF Real Estate,81,"Nuveen Fund Advisors, LLC.",True,8.65,0.02,9.48,2026-08-03T00:00:00,67071B108,Nuveen Real Estate Income,2026-08-03,XJRSX,Equity-Real Estate,27.21,249.92,0.0,Quarterly,0.07692,0.19,15.0,,,,3.4,,376.301,True,True,False,False,True,False,,11.03,13.0,2.85,3.03,19.97,17.81,,,22.93,787380,0.0,,,,6.49,,8.00792,-8.19137,-0.37,1.05,0.67,2026-08-03T00:00:00,2001-11-15T00:00:00,11/15/2001,1005782400,2026-06-15T00:00:00
259,SPXX,-0.09359999999999999,8.13314,8.97286,0.4215,20.86,3,Morningstar US CEF Covered Call,81,"Nuveen Fund Advisors, LLC.",True,18.79,0.34,20.73,2026-08-03T00:00:00,6706EW100,Nuveen S&P 500 Dynamic Overwrite,2026-08-03,XSSPX,Equity-Covered-Call Funds,,2589.543,0.0,Quarterly,0.02449,0.4215,20.0,,,,0.9700000000000001,,2856.904,False,True,False,False,True,False,,15.26,13.57,10.36,8.08,10.38,6.76,,,11.01,1292710,,,,,,,17.76736,-8.52565,-0.3,1.06,0.77,2026-08-03T00:00:00,2005-11-22T00:00:00,11/22/2005,1132617600,2026-06-15T00:00:00
260,NIM,-0.061200000000000004,3.5510200000000003,3.78261,0.028999999999999998,3.86,21,Morningstar US CEF Municipal,81,"Nuveen Fund Advisors, LLC.",False,9.2,0.04,9.8,2026-08-03T00:00:00,67061T101,Nuveen Select Maturity Muni,2026-08-03,XNIMX,Fixed Income - Municipal-Municipal,0.41000000000000003,114.509,-0.007,Monthly,0.16949,0.028999999999999998,12.0,4.4409,,8.43,0.5800000000000001,,121.977,True,False,False,False,False,False,,2.98,4.39,0.93,-0.19,0.11,0.52,,,4.78,195800,18.5,1.46,99.3385,,,5.0,9.36514,-5.82996,-0.22,-0.09,-0.7000000000000001,2026-08-03T00:00:00,1992-09-18T00:00:00,9/18/1992,716774400,2026-07-15T00:00:00
261,NXP,0.0021,4.54352,4.5339,0.0535,6.23,21,Morningstar US CEF Municipal,81,"Nuveen Fund Advisors, LLC.",False,14.16,0.03,14.13,2026-08-03T00:00:00,67062F100,Nuveen Select Tax Free Inc,2026-08-03,XNXPX,Fixed Income - Municipal-Municipal,3.73,892.302,0.014,Monthly,0.28791,0.0535,15.0,5.0515,,17.48,0.35000000000000003,,890.412,True,False,True,False,False,False,,3.62,3.45,0.77,-0.26,1.07,2.87,,,6.62,1387410,13.9,1.3,95.6524,,9.19,7.95,14.2822,-0.11689000000000001,0.36,0.34,0.3,2026-08-03T00:00:00,1992-03-19T00:00:00,3/19/1992,700963200,2026-07-15T00:00:00
262,NBB,-0.0311,7.34772,7.5835,0.0965,4.88,20,Morningstar US CEF Taxable Muni,81,"Nuveen Fund Advisors, LLC.",False,15.27,0.06,15.76,2026-08-03T00:00:00,67074C103,Nuveen Taxable Municipal Income,2026-08-03,XNBBX,Fixed Income - Taxable-Taxable Muni,38.84,448.858,-0.051000000000000004,Monthly,0.47616,0.0965,20.0,6.9058,,16.81,3.24,,757.476,True,False,False,False,False,False,,5.61,7.16,-1.06,-1.51,-0.27,0.47000000000000003,,,4.18,578040,5.5,0.0,103.6971,,,7.36,15.89868,-2.65405,-0.47000000000000003,-0.54,-0.14,2026-08-03T00:00:00,2010-04-27T00:00:00,4/27/2010,1272326400,2026-07-15T00:00:00
263,NPV,-0.030600000000000002,6.64865,6.85874,0.0615,8.42,24,Morningstar US CEF Municipal-Single State,81,"Nuveen Fund Advisors, LLC.",False,10.76,-0.04,11.1,2026-08-03T00:00:00,67064R102,Nuveen VA Quality Muni Inc,2026-08-03,XNPVX,Fixed Income - Municipal-Municipal - Single-State,40.33,210.8,0.026000000000000002,Monthly,0.22352,0.0615,15.0,4.8846,,18.31,3.9,,364.411,True,False,False,False,False,False,,2.49,6.14,-1.6,-3.2800000000000002,0.29,1.47,,,5.83,479030,32.1,1.52,97.6252,,11.51,7.5600000000000005,11.35826,-0.67969,-1.44,-2.7,-3.04,2026-08-03T00:00:00,1993-03-18T00:00:00,3/18/1993,732412800,2026-07-15T00:00:00
264,NPFD,-0.06280000000000001,9.66049,10.30735,0.1565,6.38,18,Morningstar US CEF Preferreds,81,"Nuveen Fund Advisors, LLC.",False,18.22,0.06,19.44,2026-08-03T00:00:00,67080R102,Nuveen Variable Rate Pref & Inc Fund,2026-08-03,XNPFX,Fixed Income - Taxable-Preferreds,36.83,440.271,,Monthly,0.5723900000000001,0.1565,25.0,7.4602,,,4.79,,743.657,True,False,False,False,False,False,,10.43,13.81,,,1.08,1.06,,,3.15,635930,7.2,0.0,103.0703,,5.58,3.54,19.24012,-3.8919300000000003,-1.87,-1.67,-1.74,2026-08-03T00:00:00,2021-12-15T00:00:00,12/15/2021,1639526400,2026-07-15T00:00:00
265,SRV,0.009899999999999999,12.92825,12.80137,0.5,25.63,6,Morningstar US CEF MLP,33,Cushing Asset Management LP,False,46.87,-0.08,46.41,2026-08-03T00:00:00,231631300,NXG Cushing Midstream Energy Fund,2026-08-03,XSRVX,Equity-MLP,15.57,218.771,,Monthly,0.00803,0.5,20.0,,,,4.32,,355.212,True,True,True,False,False,False,,24.46,22.46,19.45,27.98,27.19,29.19,,,30.57,556430,,,,,4.57,,44.24777,-0.96289,0.6,0.52,1.07,2026-08-03T00:00:00,2007-08-27T00:00:00,8/27/2007,1188172800,2026-07-15T00:00:00
266,NXG,0.011899999999999999,12.46753,12.32033,0.6,25.07,8,Morningstar US CEF Sector Equity,33,Cushing Asset Management LP,False,58.44,0.65,57.75,2026-08-03T00:00:00,231647207,NXG NextGen Infrastructure Inc,2026-08-03,XNXGX,Equity-Sector Equity,22.44,330.8,,Monthly,-0.1047,0.6,25.0,,,,4.16,,587.424,True,True,True,False,False,False,,21.04,32.08,12.59,18.9,26.1,22.76,,,23.35,664960,,,,,1.07,,52.88816,-1.75146,0.8200000000000001,0.79,0.96,2026-08-03T00:00:00,2012-09-26T00:00:00,9/26/2012,1348617600,2026-07-15T00:00:00
267,MEGI,-0.08470000000000001,9.01442,9.848980000000001,0.125,17.96,8,Morningstar US CEF Sector Equity,77,New York Life Investment Management LLC,False,15.23,-0.07,16.64,2026-08-03T00:00:00,56064Q107,NYLI CBRE Glb Infra Megatrends Term Fund,2026-08-03,XMEGI,Equity-Sector Equity,22.56,792.684,,Monthly,0.39004,0.125,20.0,,,,3.73,,1118.371,True,True,True,False,False,False,,10.85,14.69,,,14.78,17.89,,,18.19,1578700,,,,,,,14.66222,-9.28375,0.49,0.63,1.1400000000000001,2026-08-03T00:00:00,2021-10-27T00:00:00,10/27/2021,1635292800,2026-07-24T00:00:00
268,MMD,-0.0779,5.00928,5.4326,0.06749999999999999,8.49,21,Morningstar US CEF Municipal,77,New York Life Investment Management LLC,False,14.91,-0.01,16.17,2026-08-03T00:00:00,56064K100,NYLI MacKay DefinedTerm Muni Opps Fund,2026-08-03,XMMDX,Fixed Income - Municipal-Municipal,34.6,280.002,0.24000000000000002,Monthly,0.39729000000000003,0.06749999999999999,20.0,5.1948,,,2.72,,464.324,True,False,False,False,False,True,,2.66,0.56,-0.8200000000000001,-3.32,1.62,3.42,,,7.61,639910,,,104.6098,,,5.7,15.12257,-7.20248,-0.49,-1.55,-0.81,2026-08-03T00:00:00,2012-06-27T00:00:00,6/27/2012,1340755200,2026-07-15T00:00:00
269,OCCI,-0.2348,18.29268,23.90438,0.049999999999999996,-33.02,19,Morningstar US CEF Senior Loans,82,"OFS Capital Management, LLC",True,2.51,-0.08,3.33,2026-06-30T00:00:00,67111Q107,OFS Credit Company Inc,2026-08-03,OCCI,Fixed Income - Taxable-Senior Loans,47.88,73.579,,Monthly,0.33629000000000003,0.049999999999999996,20.0,13.384,,,13.31,,184.473,True,False,False,False,True,False,,-7.54,-16.6,-7.96,-12.48,-24.35,-41.66,,,-47.59,2914220,,,,,,,4.10543,-12.5545,-1.03,-0.59,-0.37,2026-08-03T00:00:00,2018-10-05T00:00:00,10/5/2018,1538697600,2026-07-15T00:00:00
270,OXLC,-0.12240000000000001,22.7704,25.94595,0.19999999999999998,-31.44,19,Morningstar US CEF Senior Loans,83,Oxford Lane Management,False,9.25,0.44,10.74,2026-06-30T00:00:00,691543847,Oxford Lane Capital Corp,2026-08-03,OXLCX,Fixed Income - Taxable-Senior Loans,42.88,903.259,,Monthly,1.29355,0.19999999999999998,20.0,10.7207,,,9.78,,1801.888,True,False,True,False,False,False,,0.21,-10.03,-1.82,-5.79,-20.34,-23.67,,,-28.21,12632620,,,,,,,12.55153,-16.32695,0.44,0.48,0.54,2026-08-03T00:00:00,2011-01-20T00:00:00,1/20/2011,1295481600,2026-07-17T00:00:00
271,PCM,0.0199,13.9148,13.64389,0.06423999999999999,5.95,16,Morningstar US CEF Limited Duration,84,"Pacific Investment Management Company, LLC",False,5.65,0.04,5.54,2026-08-03T00:00:00,69323T101,PCM Fund,2026-08-03,XPCMX,Fixed Income - Taxable-Limited Duration,35.87,70.131,0.037,Monthly,0.31452,0.06423999999999999,15.0,6.3667,,6.53,4.76,,107.226,True,False,False,False,False,False,,7.84,-4.78,2.32,-2.6,0.89,-1.1400000000000001,,,1.09,521400,,,84.0078,,,,6.03012,3.91399,-0.55,0.26,0.16,2026-08-03T00:00:00,1993-09-02T00:00:00,9/2/1993,746928000,2026-07-13T00:00:00
272,PDCC,-0.1956,14.09214,17.51825,0.13,-26.1,19,Morningstar US CEF Senior Loans,86,Pearl Diver Capital LLP,True,8.905,-1.2,11.2,2026-06-30T00:00:00,70476Q100,Pearl Diver Credit Company Inc,2026-08-03,PDCC,Fixed Income - Taxable-Senior Loans,,60.523,,Monthly,0.93322,0.13,20.0,11.0222,,,8.24,,75.237,False,False,False,False,True,False,,,,,,-13.78,-30.16,,,-35.71,57410,,,,,,,13.21648,-4.29631,-2.32,-1.3900000000000001,-1.69,2026-08-03T00:00:00,2024-07-18T00:00:00,7/18/2024,1721260800,2026-07-17T00:00:00
273,PSUS,-0.1852,,,,,10,Morningstar US CEF US Equity,87,"Pershing Square Capital Management, L.P.",False,38.31,1.56,47.02,2026-07-28T00:00:00,71531T105,"Pershing Square USA, Ltd",2026-08-03,PSUSX,Equity-U.S. Equity,,,,Annually,,,50.0,,,,0.0,,,False,True,True,False,False,False,,,,,,,,,,,0,,,,,,,,,,,,2026-08-03T00:00:00,2026-04-29T00:00:00,4/29/2026,1777420800,
274,GHY,-0.0891,9.85145,10.81545,0.105,6.5,14,Morningstar US CEF High Yield,88,PGIM,False,11.65,-0.01,12.79,2026-08-03T00:00:00,69346J106,"PGIM Global High Yield Fund, Inc.",2026-08-03,XGHYX,Fixed Income - Taxable-High Yield,16.03,477.197,,Monthly,0.4495,0.105,20.0,6.5255,,,2.5,,623.893,True,False,False,False,False,False,,10.44,11.82,4.18,4.61,2.09,-0.46,,,-1.53,1540180,,,97.2896,,,,12.38372,-5.38467,-1.19,-1.18,-0.84,2026-08-03T00:00:00,2012-12-21T00:00:00,12/21/2012,1356048000,2026-07-09T00:00:00
275,ISD,-0.08039999999999999,9.29889,10.11236,0.105,4.8,14,Morningstar US CEF High Yield,88,PGIM,False,12.46,0.02,13.55,2026-08-03T00:00:00,69346H100,"PGIM High Yield Bond Fund, Inc.",2026-08-03,XISDX,Fixed Income - Taxable-High Yield,20.36,414.866,,Monthly,0.55298,0.105,20.0,6.6495,,,2.15,,451.159,True,False,False,False,False,False,,8.75,10.02,4.09,4.28,1.37,-9.87,,,-4.89,891410,,,98.2549,,,,13.9082,-0.20476000000000003,-1.9,-1.6800000000000002,-1.25,2026-08-03T00:00:00,2012-04-26T00:00:00,4/26/2012,1335398400,2026-07-09T00:00:00
276,SDHY,-0.0621,7.52613,8.02477,0.108,3.7800000000000002,14,Morningstar US CEF High Yield,88,PGIM,True,16.15,0.01,17.22,2026-08-03T00:00:00,69355J104,PGIM Short Duration High Yield Opps,2026-08-03,XSDHX,Fixed Income - Taxable-High Yield,22.15,398.47,,Monthly,0.74624,0.108,20.0,6.3804,,,253.0,,424.87,True,False,True,False,True,False,,7.55,10.51,4.49,4.44,1.19,2.12,,,4.65,691340,,,99.4088,,,,16.40339,-6.69303,0.45,1.42,0.9,2026-08-03T00:00:00,2020-11-25T00:00:00,11/25/2020,1606262400,2026-07-09T00:00:00
277,PAXS,-0.0334,12.23754,12.66102,0.1494,7.46,17,Morningstar US CEF Multi-Sector,90,PIMCO,True,14.16,0.0,14.65,2026-08-03T00:00:00,72203T100,PIMCO Access Income,2026-08-03,XPAAX,Fixed Income - Taxable-Multi-Sector,39.36,667.666,,Monthly,0.7612800000000001,0.1494,20.0,7.1091,,7.51,5.85,,1139.162,True,False,False,False,True,False,,12.02,10.84,,,1.9100000000000001,-0.63,,,2.63,1819300,,,87.1897,,,,15.22734,0.8815500000000001,-1.45,-0.76,-0.91,2026-08-03T00:00:00,2022-01-31T00:00:00,1/31/2022,1643587200,2026-07-13T00:00:00
278,PCQ,-0.1115,4.4582,5.01742,0.036,10.39,22,Morningstar US CEF Municipal-CA,84,"Pacific Investment Management Company, LLC",False,8.61,0.02,9.69,2026-08-03T00:00:00,72200N106,PIMCO CA Municipal Income,2026-08-03,XPCQX,Fixed Income - Municipal-Municipal - CA,42.48,483.302,0.161,Monthly,0.16229,0.036,15.0,4.7722,,14.81,4.27,,945.633,True,False,True,False,False,False,,2.05,-1.27,-2.98,-10.54,0.08,1.23,,,9.24,1633950,,,93.2247,,16.3,9.4,8.75758,-11.26568,0.16,0.13,0.06,2026-08-03T00:00:00,2001-06-29T00:00:00,6/29/2001,993772800,2026-07-13T00:00:00
279,PTY,0.030699999999999998,12.4943,12.12245,0.11879999999999999,8.93,15,Morningstar US CEF Investment Grade,90,PIMCO,False,11.76,0.05,11.41,2026-08-03T00:00:00,72201B101,PIMCO Corporate & Income Opportunity Fd,2026-08-03,XPTYX,Fixed Income - Taxable-Investment Grade,17.34,2562.914,0.218,Monthly,0.56621,0.11879999999999999,15.0,,,7.79,1.27,,3008.137,True,False,False,False,False,False,,15.21,3.15,8.08,-0.3,2.5700000000000003,-2.59,,,-5.69,10184800,,,92.5257,,,,12.89831,10.18327,-1.18,-0.84,-1.05,2026-08-03T00:00:00,2002-12-27T00:00:00,12/27/2002,1040947200,2026-07-13T00:00:00
280,PCN,0.0254,11.83173,11.53846,0.11249999999999999,7.57,15,Morningstar US CEF Investment Grade,84,"Pacific Investment Management Company, LLC",False,11.7,0.06,11.41,2026-08-03T00:00:00,72200U100,PIMCO Corporate & Income Strgy,2026-08-03,XPCNX,Fixed Income - Taxable-Investment Grade,5.85,884.632,0.038,Monthly,0.55593,0.11249999999999999,15.0,,,7.24,1.2,,916.302,True,False,False,False,False,False,,13.43,5.59,6.97,1.05,2.09,-2.42,,,3.22,3200850,,,92.1813,,,,12.45372,6.19351,-1.22,-0.5700000000000001,-0.78,2026-08-03T00:00:00,2001-12-21T00:00:00,12/21/2001,1008892800,2026-07-13T00:00:00
281,PDI,0.0108,16.8,16.6206,0.2205,8.58,17,Morningstar US CEF Multi-Sector,84,"Pacific Investment Management Company, LLC",False,15.92,-0.08,15.75,2026-08-03T00:00:00,72201Y101,PIMCO Dynamic Income Fund,2026-08-03,XPDIX,Fixed Income - Taxable-Multi-Sector,31.79,7509.589,,Monthly,0.8963,0.2205,25.0,7.0675,,7.46,4.46,,10892.307,True,False,False,False,False,False,,13.36,9.52,6.02,3.2800000000000002,2.17,-0.88,,,-2.8,26673000,,,89.285,,,,17.93778,8.56345,-1.76,-1.8,-2.0,2026-08-03T00:00:00,2012-05-25T00:00:00,5/25/2012,1337904000,2026-07-13T00:00:00
282,PDO,0.0219,12.00939,11.75191,0.12789999999999999,9.26,13,Morningstar US CEF Global Income,84,"Pacific Investment Management Company, LLC",True,13.06,0.02,12.78,2026-08-03T00:00:00,69355M107,PIMCO Dynamic Income Opportunities Fund,2026-08-03,XPDOX,Fixed Income - Taxable-Global Income,34.5,1891.206,,Monthly,0.6564,0.12789999999999999,20.0,7.2428,,7.31,5.22,,2825.639,True,False,False,False,True,False,,13.44,12.57,3.39,3.0,2.17,0.9500000000000001,,,8.6,5983840,,,87.4408,,,,13.58021,3.73071,-0.89,0.07,-0.37,2026-08-03T00:00:00,2021-01-29T00:00:00,1/29/2021,1611878400,2026-07-13T00:00:00
283,PDX,-0.0949,6.78018,7.49088,0.1334,7.64,25,Morningstar US CEF Global Allocation,90,PIMCO,True,21.37,0.01,23.61,2026-08-03T00:00:00,69346N107,PIMCO Dynamic Income Strategy Fund,2026-08-03,XPDX,Hybrid-Global Allocation,22.56,955.388,,Monthly,0.70899,0.1334,20.0,6.1113,,6.61,3.29,,1363.009,True,False,False,False,True,True,,17.81,22.07,21.28,24.39,16.88,18.99,,,7.57,1168570,,,89.6993,,,,21.66501,-9.44774,-0.02,0.29,0.71,2026-08-03T00:00:00,2019-01-30T00:00:00,1/30/2019,1548806400,2026-07-13T00:00:00
284,PGP,-0.059000000000000004,9.04918,9.61672,0.06899999999999999,22.26,25,Morningstar US CEF Global Allocation,84,"Pacific Investment Management Company, LLC",False,8.61,0.14,9.15,2026-08-03T00:00:00,722011103,PIMCO Global StocksPLUS & Income,2026-08-03,XPGPX,Hybrid-Global Allocation,48.71,99.805,0.07,Monthly,0.38544,0.06899999999999999,25.0,6.7163,,7.5600000000000005,2.5300000000000002,,206.803,True,False,False,False,False,False,,18.92,16.04,7.75,5.01,7.43,-2.01,,,11.55,418920,,,92.7925,,,,8.73956,-0.7608900000000001,-2.06,-0.84,-1.37,2026-08-03T00:00:00,2005-05-31T00:00:00,5/31/2005,1117497600,2026-07-13T00:00:00
285,PHK,0.042300000000000004,12.82851,12.307690000000001,0.048,9.2,17,Morningstar US CEF Multi-Sector,84,"Pacific Investment Management Company, LLC",False,4.68,0.03,4.49,2026-08-03T00:00:00,722014107,PIMCO High Income,2026-08-03,XPHKX,Fixed Income - Taxable-Multi-Sector,20.04,875.904,-0.044000000000000004,Monthly,0.23584,0.048,15.0,,,8.09,1.44,,1050.907,True,False,True,False,False,False,,13.28,10.04,6.74,3.9699999999999998,3.27,2.98,,,7.96,7454640,,,92.8093,,,,4.78456,4.10675,0.07,1.48,0.54,2026-08-03T00:00:00,2003-04-30T00:00:00,4/30/2003,1051660800,2026-07-13T00:00:00
286,PFL,0.023799999999999998,12.92063,12.62016,0.0814,6.47,17,Morningstar US CEF Multi-Sector,90,PIMCO,False,7.74,0.02,7.56,2026-08-03T00:00:00,72201H108,PIMCO Income Strategy,2026-08-03,XPFLX,Fixed Income - Taxable-Multi-Sector,7.82,386.39,0.077,Monthly,0.35014,0.0814,20.0,,,6.86,1.8599999999999999,,409.41,True,False,False,False,False,False,,12.22,10.24,5.06,2.18,1.82,-1.46,,,3.7800000000000002,2075860,,,89.0405,,,,8.20489,4.52765,-1.07,0.38,-0.42,2026-08-03T00:00:00,2003-08-26T00:00:00,8/26/2003,1061856000,2026-07-13T00:00:00
287,PFN,0.0305,12.52326,12.15233,0.0718,8.39,17,Morningstar US CEF Multi-Sector,84,"Pacific Investment Management Company, LLC",False,7.09,0.01,6.88,2026-08-03T00:00:00,72201J104,PIMCO Income Strategy II,2026-08-03,XPFNX,Fixed Income - Taxable-Multi-Sector,24.14,700.531,0.094,Monthly,0.36318,0.0718,20.0,,,8.1,1.71,,896.056,True,False,True,False,False,False,,13.32,12.62,5.63,2.96,2.5300000000000002,1.45,,,6.5,4347630,,,91.5001,,,,7.26605,2.8560600000000003,0.09,1.03,0.97,2026-08-03T00:00:00,2004-10-29T00:00:00,10/29/2004,1099008000,2026-07-13T00:00:00
288,PML,-0.0679,6.06914,6.51099,0.0395,7.98,21,Morningstar US CEF Municipal,90,PIMCO,False,7.28,-0.02,7.81,2026-08-03T00:00:00,72200W106,PIMCO Municipal Income II,2026-08-03,XPMLX,Fixed Income - Municipal-Municipal,43.0,913.405,0.10300000000000001,Monthly,0.22416,0.0395,15.0,4.8605,,14.19,4.19,,1719.085,True,False,False,False,False,False,,1.25,-1.58,-3.76,-8.31,-0.23,0.38,,,8.03,4510840,,,95.705,,15.68,9.07,7.59398,-5.72264,-0.87,-0.52,-0.81,2026-08-03T00:00:00,2002-06-28T00:00:00,6/28/2002,1025222400,2026-07-13T00:00:00
289,PNI,-0.1099,4.63351,5.20588,0.0295,9.07,23,Morningstar US CEF Municipal-NY,90,PIMCO,False,6.8,0.0,7.64,2026-08-03T00:00:00,72200Y102,PIMCO NY Municipal Income II,2026-08-03,XPNIX,Fixed Income - Municipal-Municipal - NY,41.93,162.421,0.065,Monthly,0.17601,0.0295,15.0,4.8205,,14.29,4.31,,314.256,True,False,True,False,False,False,,0.88,1.19,-4.29,-6.12,0.3,1.6400000000000001,,,10.76,596690,,,96.1901,,16.81,9.8,6.9313400000000005,-10.99278,0.0,-0.8,-0.52,2026-08-03T00:00:00,2002-06-28T00:00:00,6/28/2002,1025222400,2026-07-13T00:00:00
290,RCS,0.1463,10.48035,9.14286,0.04,9.97,15,Morningstar US CEF Investment Grade,90,PIMCO,False,5.25,0.08,4.58,2026-08-03T00:00:00,72200X104,PIMCO Strategic Income Fund,2026-08-03,XRCSX,Fixed Income - Taxable-Investment Grade,80.32,248.565,0.019,Monthly,0.23481000000000002,0.04,12.5,6.5454,,7.52,3.49,,1101.963,True,False,False,False,False,False,,15.1,7.43,5.04,1.8900000000000001,2.88,-2.14,,,-20.71,1546040,,,99.6224,,,,6.18104,33.56309,-1.11,-1.23,-1.4100000000000001,2026-08-03T00:00:00,1994-02-24T00:00:00,2/24/1994,762048000,2026-07-13T00:00:00
291,PWRL,-0.306,,,,,8,Morningstar US CEF Sector Equity,91,Powerlaw Fund Adviser LLC,False,11.25,-2.94,16.21,2026-06-30T00:00:00,738922103,Powerlaw Corp.,2026-08-03,XPWRX,Equity-Sector Equity,,,,,,,,,,,0.0,,,False,True,True,False,False,False,,,,,,,,,,,0,,,,,,,,,,,,2026-08-03T00:00:00,2026-05-27T00:00:00,5/27/2026,1779840000,
292,PGZ,-0.084,11.38211,12.42604,0.105,8.96,7,Morningstar US CEF Real Estate,92,Principal Funds,True,10.14,-0.08,11.07,2026-08-03T00:00:00,74255X104,Principal Real Estate Income Fund,2026-08-03,XPGZX,Equity-Real Estate,30.16,67.878,,Monthly,0.34794,0.105,20.0,3.6927,,,4.79,,106.104,True,False,True,False,True,False,,11.67,15.03,0.67,3.27,4.62,9.71,,,11.33,268140,,,80.4473,,4.67,,10.18948,-10.05884,1.19,0.61,1.02,2026-08-03T00:00:00,2013-06-26T00:00:00,6/26/2013,1372204800,2026-07-17T00:00:00
293,PMO,-0.07780000000000001,5.64195,6.11765,0.052,8.54,21,Morningstar US CEF Municipal,53,"Franklin Advisers, Inc.",False,10.2,-0.03,11.06,2026-08-03T00:00:00,746922103,Putnam Muni Opportunities,2026-08-03,XPMOX,Fixed Income - Municipal-Municipal,34.55,279.475,,Monthly,0.22914,0.052,15.0,4.9501,,,1.04,,463.002,True,False,False,False,False,False,,3.89,4.34,-0.54,-2.21,0.25,-1.6,,,9.84,666490,,,98.8969,,12.91,9.16,10.40995,-7.72104,-0.05,-0.38,-0.26,2026-08-03T00:00:00,1993-05-28T00:00:00,5/28/1993,738547200,2026-07-24T00:00:00
294,UTG,-0.009300000000000001,6.48315,6.54375,0.21,5.44,8,Morningstar US CEF Sector Equity,93,Reaves Asset Management,True,38.51,0.05,38.87,2026-08-03T00:00:00,756158101,Reaves Utility Income,2026-08-03,XUTGX,Equity-Sector Equity,20.97,3547.124,,Monthly,0.14102,0.21,20.0,,,,2.09,,4530.283,True,False,False,False,True,False,,19.31,19.41,9.79,9.59,8.3,8.31,,,6.88,2508120,,,,,2.62,,39.38889,-0.40380000000000005,-0.42,0.02,-0.23,2026-08-03T00:00:00,2004-02-24T00:00:00,2/24/2004,1077580800,2026-07-17T00:00:00
295,RCG,-0.0471,,,0.022371,21.29,26,Morningstar US CEF US Allocation,63,Horizon Kinetics Asset Management LLC,False,3.0399,0.02,3.19,2026-08-03T00:00:00,759720105,RENN Fund ord,2026-08-03,XXRENNX,Hybrid-U.S. Allocation,11.03,21.327,,Data Not Available,-0.00658,0.022371,10.0,,,,1.56,,22.38,True,True,True,False,False,False,,13.08,18.38,6.45,7.85,12.72,17.32,,,16.41,81080,,,,,0.15,,2.75914,-9.40227,1.08,1.4100000000000001,1.04,2026-08-03T00:00:00,1994-01-20T00:00:00,1/20/1994,759024000,2024-12-16T00:00:00
296,RSF,-0.032,10.968,11.33058,0.1371,8.08,14,Morningstar US CEF High Yield,94,"RiverNorth Capital Management, LLC",False,14.52,-0.03,15.0,2026-08-03T00:00:00,76882B108,RiverNorth Capital and Inc Fund,2026-08-03,XRSFX,Fixed Income - Taxable-High Yield,9.65,50.303,,Monthly,1.04616,0.1371,21.42,,,,6.38,,51.966,True,False,True,False,False,False,,8.74,9.04,6.15,5.58,4.37,8.18,,,10.67,173260,,,,,2.96,,14.5944,-4.29855,1.09,0.21,0.5700000000000001,2026-08-03T00:00:00,2016-09-22T00:00:00,9/22/2016,1474502400,2026-07-15T00:00:00
297,RFM,-0.0713,6.74665,7.2649799999999995,0.0881,10.95,21,Morningstar US CEF Municipal,94,"RiverNorth Capital Management, LLC",True,14.552,-0.02,15.67,2026-08-03T00:00:00,76883H104,RiverNorth Flexible Municipal Income,2026-08-03,XRFMX,Fixed Income - Municipal-Municipal,40.17,88.981,,Monthly,0.26571,0.0881,20.0,5.1339,,,4.92,,160.157,True,True,True,False,True,True,,4.1,3.86,-1.04,-1.48,3.7800000000000002,8.81,,,14.23,221330,,,101.6818,,17.23,17.45,14.3403,-8.8747,1.53,0.75,1.1,2026-08-03T00:00:00,2020-03-26T00:00:00,3/26/2020,1585180800,2026-07-15T00:00:00
298,RFMZ,-0.0827,6.76578,7.37615,0.0804,10.94,21,Morningstar US CEF Municipal,94,"RiverNorth Capital Management, LLC",True,13.08,0.02,14.26,2026-08-03T00:00:00,76883Y107,RiverNorth Flexible Municipal Income II,2026-08-03,XRFZX,Fixed Income - Municipal-Municipal,40.66,318.521,,Monthly,0.25023,0.0804,20.0,5.1559,,,5.04,,585.186,True,True,True,False,True,True,,4.38,5.07,-0.72,-1.81,3.54,7.66,,,12.87,757040,,,101.2073,,16.29,15.96,13.00534,-9.37254,0.85,-0.5,0.5,2026-08-03T00:00:00,2021-02-24T00:00:00,2/24/2021,1614124800,2026-07-15T00:00:00
299,RMMZ,-0.059000000000000004,6.78426,7.20971,0.0891,10.36,21,Morningstar US CEF Municipal,94,"RiverNorth Capital Management, LLC",False,14.83,0.08,15.76,2026-08-03T00:00:00,76882M104,RiverNorth Manage Dur Muni Inc Fd II Inc,2026-08-03,XRMZX,Fixed Income - Municipal-Municipal,41.13,125.388,,Monthly,0.25979,0.0891,20.0,5.1833,,,4.97,,226.366,True,True,True,False,False,True,,3.86,4.64,,,3.33,5.92,,,13.83,245200,,,102.0403,,16.06,14.6,14.78691,-6.94361,0.98,2.11,1.62,2026-08-03T00:00:00,2022-02-10T00:00:00,2/10/2022,1644451200,2026-07-15T00:00:00
300,RMM,-0.042,6.776,7.07307,0.0847,10.76,21,Morningstar US CEF Municipal,94,"RiverNorth Capital Management, LLC",False,14.37,0.04,15.0,2026-08-03T00:00:00,76882H105,RiverNorth Managed Duration Muni Inc Fd,2026-08-03,XRMMX,Fixed Income - Municipal-Municipal,40.85,283.658,,Monthly,0.2686,0.0847,20.0,5.105,,,4.75,,500.604,True,True,True,False,False,True,,4.11,4.09,0.4,-0.91,3.43,9.68,,,11.4,728560,,,101.5299,,9.95,16.69,14.12498,-6.46661,1.3,0.17,0.7000000000000001,2026-08-03T00:00:00,2019-07-25T00:00:00,7/25/2019,1564012800,2026-07-15T00:00:00
301,RMI,-0.0066,6.7519,6.79707,0.08889999999999999,11.12,21,Morningstar US CEF Municipal,94,"RiverNorth Capital Management, LLC",False,15.695,0.05,15.8,2026-08-03T00:00:00,76883F108,RiverNorth Opp Muni Income Fund Inc,2026-08-03,XRMIX,Fixed Income - Municipal-Municipal,39.89,100.048,,Monthly,0.26035,0.08889999999999999,20.0,5.14,,,4.93,,167.563,True,True,True,False,False,True,,4.1,5.51,-1.04,-0.11,3.84,13.9,,,20.63,278950,,,101.6429,,16.95,16.93,14.89358,-6.16319,2.02,3.13,2.07,2026-08-03T00:00:00,2018-10-25T00:00:00,10/25/2018,1540425600,2026-07-15T00:00:00
302,RIV,-0.053399999999999996,13.07089,13.80793,0.1306,9.59,26,Morningstar US CEF US Allocation,94,"RiverNorth Capital Management, LLC",True,11.35,-0.01,11.99,2026-08-03T00:00:00,76881Y109,RiverNorth Opportunities Fund,2026-08-03,XRIVX,Hybrid-U.S. Allocation,25.89,310.664,,Monthly,0.24094000000000002,0.1306,20.0,6.1355,,7.28,2.07,,442.851,True,False,False,False,True,True,,12.6,13.68,6.64,4.01,1.9100000000000001,4.66,,,5.58,932600,,,97.8914,,,,11.74522,-5.08554,-0.13,-0.98,-0.98,2026-08-03T00:00:00,2015-12-23T00:00:00,12/23/2015,1450828800,2026-07-15T00:00:00
303,OPP,-0.08470000000000001,13.22034,14.44444,0.091,7.68,14,Morningstar US CEF High Yield,94,"RiverNorth Capital Management, LLC",True,7.5600000000000005,-0.06,8.26,2026-08-03T00:00:00,76882G107,RiverNorth/DoubleLine Strategic Opp Fund,2026-08-03,XOPPX,Fixed Income - Taxable-High Yield,37.56,188.925,,Monthly,0.31625000000000003,0.091,20.0,4.9979,,,2.7800000000000002,,330.611,True,False,False,False,True,True,,9.76,10.85,2.48,0.55,1.5899999999999999,4.03,,,2.62,1041930,,,75.0367,,,,7.97613,-7.98025,-0.21,-0.09,0.3,2026-08-03T00:00:00,2016-09-27T00:00:00,9/27/2016,1474934400,2026-07-15T00:00:00
304,RVI,0.0931,,,,,5,Morningstar US CEF Global Equity,95,"Robinhood Ventures DE, LLC",True,27.35,-6.6,25.02,2026-06-30T00:00:00,770701100,Robinhood Ventures Fund I,2026-08-03,XRVIX,Equity-Global Equity,,745.211,,Annually,,,25.0,,,,2.72,,681.725,False,True,True,False,True,False,,,,,,,,,,,0,,,,,,,,,,-1.01,,2026-08-03T00:00:00,2026-03-06T00:00:00,3/6/2026,1772755200,
305,BOT,2.7821,,,,,8,Morningstar US CEF Sector Equity,52,"FP Strategies, LLC",True,28.43,-4.86,10.51,2026-06-30T00:00:00,77106T107,RoboStrategy Inc,2026-08-03,XBOTX,Equity-Sector Equity,,,,,,,,,,,0.0,,,False,True,True,False,True,False,,,,,,,,,,,0,,,,,,,,,,,,2026-08-03T00:00:00,2026-05-11T00:00:00,5/11/2026,1778457600,
306,RGT,-0.1401,1.07345,1.24836,0.19,24.87,5,Morningstar US CEF Global Equity,96,Royce Investment Partners,False,15.22,0.1,17.7,2026-08-03T00:00:00,78081T104,"Royce Global Trust, Inc.",2026-08-03,XRGTX,Equity-Global Equity,2.11,99.887,,Annually,-0.93737,0.19,8.975,,,,1.35,,116.162,True,True,True,False,False,False,,17.94,19.95,6.35,5.53,14.44,15.33,,,26.65,192600,,,,,,,13.57902,-14.77363,0.6900000000000001,1.76,1.26,2026-08-03T00:00:00,2013-10-18T00:00:00,10/18/2013,1382054400,2025-12-11T00:00:00
307,RMT,-0.1188,5.33672,6.05624,0.21,51.45,10,Morningstar US CEF US Equity,96,Royce Investment Partners,True,13.870000000000001,0.25,15.74,2026-08-03T00:00:00,780915104,Royce Micro-Cap Trust,2026-08-03,XOTCX,Equity-U.S. Equity,2.32,741.747,,Quarterly,-0.11427,0.21,10.0,,,,1.3900000000000001,,861.752,True,True,False,False,True,False,,21.63,23.15,10.4,11.65,33.46,34.78,,,54.46,1226870,,,,,,,11.718350000000001,-11.49111,-0.54,-0.58,-0.89,2026-08-03T00:00:00,1993-12-14T00:00:00,12/14/1993,755827200,2026-06-11T00:00:00
308,RVT,-0.12359999999999999,5.89634,6.72816,0.31,30.6,10,Morningstar US CEF US Equity,96,Royce Investment Partners,True,18.43,0.34,21.03,2026-08-03T00:00:00,780910105,Royce Small-Cap Trust,2026-08-03,XRVTX,Equity-U.S. Equity,1.37,2204.741,,Quarterly,0.08396,0.31,10.0,,,,1.35,,2550.774,True,True,False,False,True,False,,16.35,17.3,8.13,8.77,20.38,16.39,,,29.81,2791070,,,,,,,17.03839,-9.73328,-1.44,-0.67,-1.29,2026-08-03T00:00:00,1986-11-26T00:00:00,11/26/1986,533347200,2026-06-11T00:00:00
309,BRW,-0.1016,13.82114,15.38462,0.08499999999999999,-0.42,19,Morningstar US CEF Senior Loans,97,"Saba Capital Management, LP",False,6.63,0.02,7.38,2026-08-03T00:00:00,78518H202,Saba Capital Income & Opportunities Fund,2026-08-03,XPPRX,Fixed Income - Taxable-Senior Loans,12.15,344.329,,Monthly,0.07357,0.08499999999999999,10.0,,,,5.82,,436.28,True,False,False,False,False,False,,9.06,8.6,7.26,7.29,3.13,3.06,,,-8.46,2649450,,,,,6.5,,7.07366,-10.07167,-0.03,0.32,0.71,2026-08-03T00:00:00,1988-05-12T00:00:00,5/12/1988,579398400,2026-07-09T00:00:00
310,SABA,-0.1376,7.25756,8.41596,0.057999999999999996,2.16,13,Morningstar US CEF Global Income,97,"Saba Capital Management, LP",False,8.27,0.03,9.59,2026-08-03T00:00:00,880198205,Saba Capital Income & Ops Fund II,2026-08-03,XSABX,Fixed Income - Taxable-Global Income,,223.202,,Monthly,0.07175000000000001,0.057999999999999996,10.0,7.9221,,7.8100000000000005,4.58,,258.828,False,False,False,False,False,False,,9.87,8.32,4.7,2.9699999999999998,5.5600000000000005,4.88,,,-2.96,733110,,,,,,,8.54729,-11.92558,-0.98,-0.8300000000000001,-0.5,2026-08-03T00:00:00,1988-03-17T00:00:00,3/17/1988,574560000,2026-07-09T00:00:00
311,SPMC,0.0816,24.79339,22.92264,0.19999999999999998,-34.24,19,Morningstar US CEF Senior Loans,99,Sound Point Meridian Management Company LLC,True,10.47,0.63,9.88,2026-06-30T00:00:00,83617A108,Sound Point Meridian Capital Inc,2026-08-03,,Fixed Income - Taxable-Senior Loans,,215.984,,Monthly,1.06488,0.19999999999999998,20.0,,,,10.95,,199.687,False,False,True,False,True,False,,,,,,-20.58,-12.65,,,-28.89,277160,,,,,,,13.23349,-1.22661,1.25,0.88,0.9500000000000001,2026-08-03T00:00:00,2024-06-14T00:00:00,6/14/2024,1718323200,2026-07-15T00:00:00
312,SOR,-0.06860000000000001,4.95461,5.31943,0.20829999999999999,15.85,26,Morningstar US CEF US Allocation,48,"First Pacific Advisors, LP",True,46.99,0.41000000000000003,50.45,2026-08-03T00:00:00,836144303,Source Capital,2026-08-03,XSORX,Hybrid-U.S. Allocation,0.0,386.773,,Monthly,1.17317,0.20829999999999999,17.5,3.0676,,,0.9800000000000001,,415.252,True,True,False,False,True,False,,13.81,15.06,9.11,9.52,6.99,5.01,,,13.95,106420,,,,,,,46.09426,-4.9032,-0.86,0.96,-0.41000000000000003,2026-08-03T00:00:00,1968-10-24T00:00:00,10/24/1968,-37497600,2026-07-15T00:00:00
313,SPE,-0.1315,8.53665,9.82969,0.10869999999999999,4.7,10,Morningstar US CEF US Equity,22,Bulldog Investors LLP,False,13.27,0.15,15.28,2026-07-31T00:00:00,84741T104,Special Opportunities,2026-08-03,XSPEX,Equity-U.S. Equity,25.61,140.969,,Monthly,0.02606,0.10869999999999999,15.0,5.1616,,19.11,1.8599999999999999,,218.216,True,False,False,False,False,False,,15.36,15.43,8.26,7.96,0.77,-6.45,,,-3.05,345450,,,,,,,14.67046,-10.42311,-1.55,-0.24,-0.93,2026-08-03T00:00:00,1993-06-08T00:00:00,6/8/1993,739497600,2026-06-16T00:00:00
314,FUND,-0.1042,5.1177,5.71314,0.1424,35.81,10,Morningstar US CEF US Equity,101,Sprott Asset Management USA Inc.,True,9.97,0.05,11.13,2026-08-03T00:00:00,85208J109,Sprott Focus Trust,2026-08-03,XFUNX,Equity-U.S. Equity,0.0,298.06,,Quarterly,0.07343,0.1424,10.0,,,,1.13,,332.74,True,True,True,False,True,False,,13.63,13.33,11.1,11.84,17.15,17.55,,,38.28,261280,,,,,,,9.14759,-10.62373,0.3,-0.56,-0.06,2026-08-03T00:00:00,1988-03-01T00:00:00,3/1/1988,573177600,2026-06-12T00:00:00
315,CEF,-0.0441,,,,35.47,2,Morningstar US CEF Commodity,100,Sprott Asset Management LP,False,40.12,0.11,41.97,2026-08-03T00:00:00,85208R101,Sprott Physical Gold and Silver Trust,2026-08-03,XCEFX,Equity-Commodities,,6890.124,,Data Not Available,0.0,,13.72,,,,0.46,,7360.118,False,False,False,False,False,False,,29.22,28.86,17.38,16.5,-10.47,-12.64,,,32.84,10540240,,,,,,,43.41088,-4.3783,-0.02,-0.06,0.66,2026-08-03T00:00:00,2018-01-16T00:00:00,1/16/2018,1516060800,
316,PHYS,-0.0242,,,,22.91,2,Morningstar US CEF Commodity,100,Sprott Asset Management LP,False,30.68,0.09,31.44,2026-08-03T00:00:00,85207H104,Sprott Physical Gold Trust Unit,2026-08-03,,Equity-Commodities,,14550.788,,Data Not Available,0.0,,10.0,,,,0.4,,14911.237,False,False,False,False,False,False,,26.62,25.98,16.82,16.33,-6.1,-7.36,,,21.53,47343890,,,,,,,32.74008,-2.20986,-0.34,0.98,0.27,2026-08-03T00:00:00,2010-02-26T00:00:00,2/26/2010,1267142400,
317,SPPP,-0.0546,,,,18.02,2,Morningstar US CEF Commodity,100,Sprott Asset Management LP,False,13.16,-0.25,13.92,2026-08-03T00:00:00,85207Q104,Sprott Physical Platinum & Palladium Tr,2026-08-03,,Equity-Commodities,,514.663,,Data Not Available,0.0,,10.0,,,,1.01,,569.704,False,False,False,False,False,False,,7.92,5.75,-5.11,-5.73,-19.46,-20.37,,,12.5,8873280,,,,,,,15.00632,-4.51756,-0.4,1.54,1.27,2026-08-03T00:00:00,2012-12-19T00:00:00,12/19/2012,1355875200,
318,PSLV,-0.0484,,,,58.75,2,Morningstar US CEF Commodity,100,Sprott Asset Management LP,False,18.89,0.09,19.85,2026-08-03T00:00:00,85207K107,Sprott Physical Silver Trust Unit,2026-08-03,,Equity-Commodities,,11935.57,,Data Not Available,0.0,,10.0,,,,0.56,,12542.146,False,False,False,False,False,False,,32.26,30.55,17.13,16.13,-18.14,-20.51,,,51.37,179674000,,,,,,,21.12418,-4.4048300000000005,-0.25,1.46,0.58,2026-08-03T00:00:00,2010-10-29T00:00:00,10/29/2010,1288310400,
319,STEW,-0.2225,3.34029,4.29646,0.19999999999999998,11.02,10,Morningstar US CEF US Equity,85,Paralel Advisors LLC,True,18.62,0.09,23.95,2026-08-03T00:00:00,101507101,SRH Total Return Fund,2026-08-03,XSTEX,Equity-U.S. Equity,8.83,1795.741,,Quarterly,-0.006500000000000001,0.19999999999999998,10.0,5.4498,,,1.42,,2533.514,True,True,False,False,True,False,,15.95,15.04,11.88,10.47,6.48,3.35,,,9.26,814650,,,,,0.4,,17.90451,-21.28981,-0.92,0.47000000000000003,-0.23,2026-08-03T00:00:00,1972-12-07T00:00:00,12/7/1972,92534400,2026-07-24T00:00:00
320,TWN,-0.2043,5.88087,7.39087,6.2002,85.44,1,Morningstar US CEF Asia Equity,80,Nomura Asset Management USA Inc,False,83.89,1.78,105.43,2026-08-03T00:00:00,874036106,Taiwan Fund,2026-08-03,XXTWNXX,Equity-Asia Equity,,481.7,,Annually,0.0,6.2002,22.42,,,,1.32,,605.383,False,True,False,False,False,False,,44.1,49.24,25.58,27.3,49.03,53.82,,,100.36,291790,,,,,,,67.59261,-15.57185,-2.3,-2.12,-1.76,2026-08-03T00:00:00,1986-12-23T00:00:00,12/23/1986,535680000,2025-12-29T00:00:00
321,TSI,-0.09480000000000001,7.00206,7.73576,0.0283,1.16,17,Morningstar US CEF Multi-Sector,102,TCW Investment Management Co LLC,False,4.39,-0.03,4.85,2026-08-03T00:00:00,872340104,TCW Strategic Income,2026-08-03,XXCVTXX,Fixed Income - Taxable-Multi-Sector,0.0,209.778,,Monthly,0.13571,0.0283,10.0,4.7379999999999995,,,1.17,,231.759,True,False,False,False,False,False,,6.01,6.03,2.9699999999999998,1.75,-1.62,-6.99,,,-2.89,1120970,,,89.1304,,,,4.74189,-6.485,-1.87,-2.08,-1.3599999999999999,2026-08-03T00:00:00,1987-03-05T00:00:00,3/5/1987,541900800,2026-07-16T00:00:00
322,TDF,-0.1398,4.79233,5.57103,0.15,9.0,1,Morningstar US CEF Asia Equity,103,Templeton Asset Management Ltd.,False,10.77,0.03,12.52,2026-08-03T00:00:00,88018T101,Templeton Dragon,2026-08-03,XTDFX,Equity-Asia Equity,0.32,271.577,,Quarterly,0.02559,0.15,15.0,,,,1.21,,316.71,True,False,True,False,False,False,,4.39,4.69,-6.53,-6.95,-2.38,-2.35,,,9.5,741890,,,,,,,11.20083,-14.04683,0.07,0.25,0.36,2026-08-03T00:00:00,1994-09-20T00:00:00,9/20/1994,780019200,2026-06-23T00:00:00
323,TEI,-0.0525,9.19149,9.7006,0.054,26.37,12,Morningstar US CEF Emerging Market Income,53,"Franklin Advisers, Inc.",False,6.68,0.04,7.05,2026-08-03T00:00:00,880192109,Templeton Emerg Mkts Income,2026-08-03,XTEIX,Fixed Income - Taxable-Emerging Market Income,16.33,315.486,,Monthly,0.3607,0.054,15.0,8.2846,,,2.37,,397.96,True,True,True,False,False,False,,18.04,21.68,7.55,8.57,8.9,8.47,,,27.71,1877360,,,,,5.59,,6.434,-5.8596,0.38,0.72,0.45,2026-08-03T00:00:00,1993-09-23T00:00:00,9/23/1993,748742400,2026-07-24T00:00:00
324,EMF,-0.1193,3.95062,4.48598,0.24,61.36,4,Morningstar US CEF Emerging Market Equity,55,Franklin Templeton Investments,False,21.4,0.21,24.3,2026-08-03T00:00:00,880191101,Templeton Emerging Markets,2026-08-03,XEMFX,Equity-Emerging Market Equity,2.68,319.885,,Quarterly,0.05477,0.24,20.0,,,,1.34,,373.234,True,True,False,False,False,False,,28.25,30.01,12.18,13.05,30.73,27.3,,,62.32,397310,,,,,,,18.87151,-10.19081,-1.12,-1.38,-1.23,2026-08-03T00:00:00,1987-02-26T00:00:00,2/26/1987,541296000,2026-06-23T00:00:00
325,CEE,-0.0782,1.73978,1.88737,0.3871,46.04,4,Morningstar US CEF Emerging Market Equity,40,DWS,False,20.51,0.0,22.25,2026-08-03T00:00:00,153436100,The Central and Eastern Europe Fund,2026-08-03,XCEEX,Equity-Emerging Market Equity,4.89,133.729,,Annually,0.05509,0.3871,19.0,,,,1.26,,152.538,True,True,False,False,False,False,,39.03,33.55,-4.08,-2.5300000000000002,28.47,15.88,,,37.21,299370,,,,,,,18.29967,-0.63443,-2.75,-2.95,-3.52,2026-08-03T00:00:00,1990-03-06T00:00:00,3/6/1990,636681600,2025-12-30T00:00:00
326,TBLD,-0.061200000000000004,5.3148,5.66141,0.10417,21.59,25,Morningstar US CEF Global Allocation,105,Thornburg Investment Management Inc,False,22.08,0.17,23.52,2026-08-03T00:00:00,885213108,Thornburg Income Builder Opp Trust,2026-08-03,XTBLX,Hybrid-Global Allocation,0.07,708.368,,Monthly,0.26058,0.10417,20.0,5.57,,,1.62,,755.083,True,True,False,False,False,True,,16.37,20.18,10.23,9.39,12.09,12.17,,,19.33,633660,,,89.3158,,,,20.97158,-5.56832,-0.44,-0.45,-0.59,2026-08-03T00:00:00,2021-07-27T00:00:00,7/27/2021,1627344000,2026-07-13T00:00:00
327,TYG,-0.050199999999999995,12.7147,13.38657,0.475,6.26,6,Morningstar US CEF MLP,106,"Tortoise Capital Advisors, LLC",False,42.58,-0.3,44.83,2026-08-03T00:00:00,89147L886,Tortoise Energy Infrastructure Corp.,2026-08-03,XTYGX,Equity-MLP,19.68,899.489,,Monthly,-0.075,0.475,25.0,,,,3.13,,1418.328,True,False,True,False,False,False,,17.03,24.32,14.83,21.17,9.8,12.58,,,11.47,1233230,,,,,0.25,,44.56452,-5.08257,0.02,0.64,-0.31,2026-08-03T00:00:00,2004-02-27T00:00:00,2/27/2004,1077840000,2026-07-24T00:00:00
328,SWZ,-0.2011,7.87099,9.85203,3.0,5.28,9,Morningstar US CEF Single Country Equity,22,Bulldog Investors LLP,False,5.92,0.02,7.41,2026-08-03T00:00:00,870875101,Total Return Securities Fund,2026-08-03,XSWZX,Equity-Single-Country Equity,0.0,76.805,,Quarterly,0.01728,3.0,8.0,5.1558,,19.63,2.21,,96.136,True,False,False,False,False,False,,1.71,0.8,1.06,0.73,6.65,-5.14,,,-4.22,721840,,,,,,9.02,6.03555,-15.73846,-1.51,-0.93,-1.46,2026-08-03T00:00:00,1987-08-27T00:00:00,8/27/1987,557020800,2025-03-18T00:00:00
329,TY,-0.0987,2.92438,3.2446,0.2852,17.14,26,Morningstar US CEF US Allocation,31,"Columbia Mgmt Investment Advisers, LLC",False,35.16,0.28,39.01,2026-08-03T00:00:00,895436103,Tri-Continental,2026-08-03,XTYCX,Hybrid-U.S. Allocation,1.77,1881.608,,Quarterly,0.5488000000000001,0.2852,10.0,6.057,,,0.46,,2120.603,True,True,True,False,False,False,,15.04,17.54,9.42,11.0,8.88,10.29,,,19.03,367230,,,,,4.48,,33.71188,-10.24489,0.48,-0.26,0.37,2026-08-03T00:00:00,1929-01-14T00:00:00,1/14/1929,-1292716800,2026-06-16T00:00:00
330,AIO,-0.0986,7.63521,8.47059,0.18,30.45,8,Morningstar US CEF Sector Equity,108,"Virtus Investment Advisers, LLC",False,25.5,0.28,28.29,2026-08-03T00:00:00,92838Y100,Virtus AI & Tech Opp Fund,2026-08-03,XAIOX,Equity-Sector Equity,11.77,878.195,,Monthly,0.025490000000000002,0.18,20.0,4.6449,,,2.32,,1104.28,True,True,False,False,False,False,,22.52,22.7,10.69,11.68,20.48,21.33,,,15.68,834210,,,,,,,24.09379,-7.46801,-0.59,-0.21,0.2,2026-08-03T00:00:00,2019-10-31T00:00:00,10/31/2019,1572480000,2026-07-13T00:00:00
331,NCV,-0.0986,8.69473,9.64539,0.13599999999999998,28.91,11,Morningstar US CEF Convertibles,108,"Virtus Investment Advisers, LLC",False,16.92,0.17,18.77,2026-08-03T00:00:00,92838X805,Virtus Convertible & Income Fund,2026-08-03,XNCVX,Fixed Income - Taxable-Convertibles,33.07,382.28,0.012,Monthly,0.12557000000000001,0.13599999999999998,15.0,4.2431,,,2.8200000000000003,,633.637,True,True,True,False,False,False,,16.68,18.33,4.22,4.45,15.03,17.13,,,29.43,894120,,,112.1538,,6.02,,15.87513,-9.9867,0.11,0.2,0.02,2026-08-03T00:00:00,2003-03-31T00:00:00,3/31/2003,1049068800,2026-07-13T00:00:00
332,NCZ,-0.0907,8.42598,9.26641,0.12,30.6,11,Morningstar US CEF Convertibles,108,"Virtus Investment Advisers, LLC",False,15.54,0.08,17.09,2026-08-03T00:00:00,92838U801,Virtus Convertible & Income Fund II,2026-08-03,XNCZX,Fixed Income - Taxable-Convertibles,33.73,295.71,0.0,Monthly,0.10316,0.12,15.0,4.1644,,,2.22,,490.727,True,True,True,False,False,False,,17.34,19.64,4.37,5.23,16.07,18.67,,,29.88,646580,,,111.4938,,6.05,,14.40567,-9.61665,0.4,1.28,0.68,2026-08-03T00:00:00,2003-07-31T00:00:00,7/31/2003,1059609600,2026-07-13T00:00:00
333,ACV,-0.0268,7.82325,8.0387,0.18,27.21,26,Morningstar US CEF US Allocation,108,"Virtus Investment Advisers, LLC",False,26.87,0.13,27.61,2026-08-03T00:00:00,92840N100,Virtus Diversified Inc & Conv Fund,2026-08-03,XACVX,Hybrid-U.S. Allocation,26.78,279.341,,Monthly,-0.00934,0.18,25.0,3.4076,,,3.63,,392.034,True,True,False,False,False,True,,18.71,20.58,7.76,8.85,13.78,6.66,,,30.38,289710,,,,,74.56,,25.97319,-0.6120000000000001,-0.56,0.03,-0.55,2026-08-03T00:00:00,2015-05-26T00:00:00,5/26/2015,1432598400,2026-07-13T00:00:00
334,NIE,-0.11109999999999999,7.9046,8.8923,0.58,18.3,26,Morningstar US CEF US Allocation,108,"Virtus Investment Advisers, LLC",False,26.09,0.14,29.35,2026-08-03T00:00:00,92841M101,Virtus Equity & Convertible Inc Fund,2026-08-03,XNIEX,Hybrid-U.S. Allocation,,722.927,0.0,Quarterly,0.03966,0.58,25.0,1.9795,,,1.07,,813.258,False,True,False,False,False,False,,15.68,16.3,8.2,9.54,9.53,8.61,,,19.19,589960,,,,,,,25.38708,-10.31071,-0.78,0.26,-0.18,2026-08-03T00:00:00,2007-02-27T00:00:00,2/27/2007,1172534400,2026-06-15T00:00:00
335,VGI,-0.0741,12.26054,13.24138,0.08,6.99,17,Morningstar US CEF Multi-Sector,108,"Virtus Investment Advisers, LLC",True,7.25,0.01,7.83,2026-08-03T00:00:00,92829B101,Virtus Global Multi-Sector Income Fund,2026-08-03,XVGIX,Fixed Income - Taxable-Multi-Sector,30.68,82.02,,Monthly,0.23106000000000002,0.08,20.0,6.0707,,7.92,3.98,,127.782,True,False,False,False,True,False,,7.97,10.72,1.47,1.51,1.31,-0.62,,,4.14,369530,,,99.4969,,,,7.70177,-5.56518,-1.33,-0.38,-0.8300000000000001,2026-08-03T00:00:00,2012-02-23T00:00:00,2/23/2012,1329955200,2026-07-13T00:00:00
336,EDF,0.039900000000000005,14.37126,13.81958,0.06,20.16,12,Morningstar US CEF Emerging Market Income,109,Virtus Investment Advisors (VIA),False,5.21,0.01,5.01,2026-08-03T00:00:00,86164T107,Virtus Stone Harbor Emerging Markets Inc,2026-08-03,XEDFX,Fixed Income - Taxable-Emerging Market Income,19.4,166.864,,Monthly,0.23614000000000002,0.06,25.0,6.8639,,,3.13,,199.078,True,True,True,False,False,False,,21.64,19.05,8.43,5.35,9.12,13.65,,,18.5,1561250,,,,,,3.92,5.10615,2.90692,0.3,-0.96,-0.05,2026-08-03T00:00:00,2010-12-23T00:00:00,12/23/2010,1293062400,2026-07-13T00:00:00
337,ZTR,-0.1073,8.74172,9.79228,0.055,18.3,25,Morningstar US CEF Global Allocation,108,"Virtus Investment Advisers, LLC",False,6.74,-0.07,7.55,2026-08-03T00:00:00,92835W107,Virtus Total Return Fund Inc,2026-08-03,XZTRX,Hybrid-Global Allocation,30.4,336.957,,Monthly,0.05651,0.055,15.0,5.8444,,6.26,3.67,,542.352,True,True,True,False,False,False,,13.66,14.25,6.67,5.15,12.26,14.03,,,20.49,2017620,,,99.9567,,,,6.57822,-10.86164,0.11,1.02,1.24,2026-08-03T00:00:00,2005-02-24T00:00:00,2/24/2005,1109203200,2026-07-13T00:00:00
338,IAE,-0.0228,8.87372,9.08033,0.065,26.57,1,Morningstar US CEF Asia Equity,110,"Voya Investments, LLC",False,8.59,0.05,8.79,2026-08-03T00:00:00,92912J102,Voya Asia Pacific High Div Eq Inc Fd,2026-08-03,XIAEX,Equity-Asia Equity,,92.345,,Monthly,0.02682,0.065,25.0,,,,1.21,,94.495,False,True,True,False,False,False,,16.91,23.51,8.76,11.25,14.19,23.02,,,31.7,483120,,,,,,,7.81378,-6.03623,1.6600000000000001,0.7000000000000001,1.3,2026-08-03T00:00:00,2007-03-27T00:00:00,3/27/2007,1174953600,2026-08-03T00:00:00
339,IHD,-0.0331,8.73016,9.02873,0.055,28.29,4,Morningstar US CEF Emerging Market Equity,110,"Voya Investments, LLC",False,7.31,-0.01,7.56,2026-08-03T00:00:00,92912P108,Voya Emerging Markets High Div Eq Fd,2026-08-03,XIHDX,Equity-Emerging Market Equity,,129.649,,Monthly,0.02083,0.055,20.0,,,,1.4100000000000001,,134.083,False,True,True,False,False,False,,17.03,23.52,8.63,11.34,14.5,22.26,,,37.08,760220,,,,,,,6.72093,-5.9266000000000005,1.19,0.13,0.54,2026-08-03T00:00:00,2011-04-26T00:00:00,4/26/2011,1303776000,2026-08-03T00:00:00
340,IGA,-0.0803,9.19748,10.0,0.08499999999999999,19.33,3,Morningstar US CEF Covered Call,110,"Voya Investments, LLC",False,10.2,-0.01,11.09,2026-08-03T00:00:00,92912R104,Voya Global Advantage and Premium Opp Fd,2026-08-03,XIGAX,Equity-Covered-Call Funds,,156.482,,Monthly,0.07357,0.08499999999999999,20.0,,,,1.01,,170.136,False,True,False,False,False,False,,14.17,18.01,9.83,11.0,12.59,10.63,,,17.41,562920,,,,,,,9.78428,-6.34206,-1.37,-0.87,-0.84,2026-08-03T00:00:00,2005-10-26T00:00:00,10/26/2005,1130284800,2026-08-03T00:00:00
341,IGD,-0.003,9.14634,9.17431,0.049999999999999996,19.11,3,Morningstar US CEF Covered Call,110,"Voya Investments, LLC",False,6.54,-0.01,6.56,2026-08-03T00:00:00,92912T100,Voya Global Equity Dividend&Prm Opp Fd,2026-08-03,XIGDX,Equity-Covered-Call Funds,,515.8,,Monthly,0.04503,0.049999999999999996,20.0,,,,0.9600000000000001,,517.377,False,True,True,False,False,False,,13.82,19.68,9.05,11.85,12.29,20.41,,,25.67,2478250,,,,,,,5.93182,-4.16029,1.76,0.73,1.17,2026-08-03T00:00:00,2005-03-28T00:00:00,3/28/2005,1111968000,2026-08-03T00:00:00
342,IDE,-0.0453,8.77193,9.18836,0.09999999999999999,22.51,5,Morningstar US CEF Global Equity,110,"Voya Investments, LLC",True,13.06,-0.04,13.68,2026-08-03T00:00:00,92912X101,Voya Infrastructure Industrials&Matls Fd,2026-08-03,XIDEX,Equity-Global Equity,,197.942,,Monthly,0.02906,0.09999999999999999,20.0,,,,1.23,,207.338,False,True,False,False,True,False,,15.16,19.92,10.01,9.78,11.31,11.32,,,21.02,463770,,,,,,,12.85917,-2.9735300000000002,-0.67,-2.39,-1.29,2026-08-03T00:00:00,2010-01-26T00:00:00,1/26/2010,1264464000,2026-08-03T00:00:00
343,WDI,-0.0672,12.74678,13.66564,0.1485,5.49,17,Morningstar US CEF Multi-Sector,54,"Franklin Templeton Fund Adviser, LLC",True,13.04,-0.06,13.98,2026-08-03T00:00:00,95790K109,Western Asset Diversified Inc Fund,2026-08-03,XWDIX,Fixed Income - Taxable-Multi-Sector,33.89,676.934,,Monthly,0.8094,0.1485,20.0,8.3268,,,4.25,,1097.805,True,False,False,False,True,True,,8.92,11.16,3.3,2.66,1.62,1.3,,,-0.29,1951340,,,96.1261,,,,14.04778,-3.97505,-1.27,-1.37,-1.32,2026-08-03T00:00:00,2021-06-24T00:00:00,6/24/2021,1624492800,2026-07-24T00:00:00
344,EMD,-0.0375,10.42048,10.82621,0.095,12.12,12,Morningstar US CEF Emerging Market Income,54,"Franklin Templeton Fund Adviser, LLC",True,10.53,0.06,10.94,2026-08-03T00:00:00,95766A101,Western Asset Emerging Markets Debt,2026-08-03,XEMDX,Fixed Income - Taxable-Emerging Market Income,27.3,612.114,,Monthly,0.42033,0.095,20.0,6.0305,,,3.13,,874.717,True,False,True,False,True,False,,12.43,17.13,3.63,4.83,2.84,4.86,,,15.36,1964930,,,,,7.2,5.26,10.56674,-5.19042,0.9,0.87,0.6,2026-08-03T00:00:00,2003-12-01T00:00:00,12/1/2003,1070236800,2026-07-24T00:00:00
345,GDO,-0.0796,13.09481,14.22741,0.122,4.16,13,Morningstar US CEF Global Income,54,"Franklin Templeton Fund Adviser, LLC",False,10.29,0.03,11.18,2026-08-03T00:00:00,95790C107,Western Asset Global Corp Opp,2026-08-03,XGDOX,Fixed Income - Taxable-Global Income,33.42,77.375,,Monthly,0.40556000000000003,0.122,20.0,5.8727,,,4.47,,126.257,True,False,False,False,False,False,,6.12,5.22,-0.08,-1.35,-0.35000000000000003,-6.06,,,-0.51,301380,,,,,,,11.3495,-4.62957,-1.87,-1.83,-1.9,2026-08-03T00:00:00,2009-11-27T00:00:00,11/27/2009,1259280000,2026-07-24T00:00:00
346,EHI,-0.0922,13.125,14.45783,0.06999999999999999,6.72,14,Morningstar US CEF High Yield,55,Franklin Templeton Investments,False,5.8100000000000005,0.04,6.4,2026-08-03T00:00:00,95766B109,Western Asset Global High Income,2026-08-03,XEHIX,Fixed Income - Taxable-High Yield,30.41,176.042,,Monthly,0.29517,0.06999999999999999,15.0,7.2848,,,3.49,,278.641,True,False,False,False,False,False,,7.65,5.32,1.16,0.23,2.27,-2.46,,,0.46,999950,,,98.1643,,,,6.27404,-6.13251,-1.55,-0.9500000000000001,-1.01,2026-08-03T00:00:00,2003-07-28T00:00:00,7/28/2003,1059350400,2026-07-24T00:00:00
347,HIX,-0.0395,14.51852,15.11568,0.048999999999999995,6.09,14,Morningstar US CEF High Yield,55,Franklin Templeton Investments,False,3.89,0.01,4.05,2026-08-03T00:00:00,95766J102,Western Asset High Income II,2026-08-03,XHGIX,Fixed Income - Taxable-High Yield,32.13,350.371,,Monthly,0.19291,0.048999999999999995,15.0,7.2719000000000005,,,3.76,,537.44,True,False,False,False,False,False,,8.61,6.16,1.65,0.28,1.71,1.57,,,5.58,3409990,,,98.1954,,,,4.1249,-3.48931,-0.3,0.55,0.28,2026-08-03T00:00:00,1998-05-28T00:00:00,5/28/1998,896313600,2026-07-24T00:00:00
348,HIO,-0.08310000000000001,11.06494,12.06799,0.0355,5.5,14,Morningstar US CEF High Yield,54,"Franklin Templeton Fund Adviser, LLC",False,3.5300000000000002,0.0,3.85,2026-08-03T00:00:00,95766K109,Western Asset High Income Opportunity,2026-08-03,XHIOX,Fixed Income - Taxable-High Yield,,335.7,,Monthly,0.15621000000000002,0.0355,12.5,7.534,,,0.93,,366.132,False,False,False,False,False,False,,6.91,8.51,2.2,2.18,1.99,1.83,,,-0.08,4045430,,,98.8137,,,,3.74607,-6.2191,-1.24,-1.06,-1.27,2026-08-03T00:00:00,1993-11-16T00:00:00,11/16/1993,753408000,2026-07-24T00:00:00
349,HYI,-0.08410000000000001,9.99124,10.90909,0.095,4.18,14,Morningstar US CEF High Yield,54,"Franklin Templeton Fund Adviser, LLC",False,10.45,0.06,11.41,2026-08-03T00:00:00,95768B107,Western Asset High Yield Opp Fund,2026-08-03,XHYIX,Fixed Income - Taxable-High Yield,,133.906,,Monthly,0.50391,0.095,20.0,7.6148,,,1.07,,146.208,False,False,False,False,False,True,,6.36,5.53,2.34,1.15,1.83,-0.98,,,-2.8,593720,,,98.3189,,,,11.11222,-6.06064,-0.92,0.08,-0.61,2026-08-03T00:00:00,2010-10-27T00:00:00,10/27/2010,1288137600,2026-07-24T00:00:00
350,PAI,-0.0776,4.88751,5.29857,0.0525,2.7199999999999998,15,Morningstar US CEF Investment Grade,55,Franklin Templeton Investments,False,11.89,0.05,12.89,2026-08-03T00:00:00,95766T100,Western Asset Income,2026-08-03,XPAIX,Fixed Income - Taxable-Investment Grade,8.93,113.085,,Monthly,0.3276,0.0525,12.0,6.0734,,,0.77,,122.596,True,False,False,False,False,False,,5.24,5.31,-0.02,-0.88,-0.59,-2.64,,,-3.05,178450,,,101.3051,,,,12.4149,-6.16848,-1.16,-0.6,-0.73,2026-08-03T00:00:00,1972-12-21T00:00:00,12/21/1972,93744000,2026-07-24T00:00:00
351,WIW,-0.1096,8.05585,9.04704,0.0625,3.87,15,Morningstar US CEF Investment Grade,112,"Western Asset Management Company, LLC",True,8.29,0.03,9.31,2026-08-03T00:00:00,95766R104,Western Asset Infl-Linked Opps & Inc Fd,2026-08-03,XWIWX,Fixed Income - Taxable-Investment Grade,29.46,507.216,,Monthly,0.23593,0.0625,15.0,2.4678,,,2.59,,807.521,True,False,False,False,True,False,,3.89,6.36,-0.6900000000000001,0.04,1.12,1.25,,,2.75,2357780,,,94.501,,,4.1,8.64441,-10.34861,-0.77,0.39,-0.29,2026-08-03T00:00:00,2004-02-27T00:00:00,2/27/2004,1077840000,2026-07-24T00:00:00
352,WIA,-0.09970000000000001,7.06682,7.84906,0.052,3.58,15,Morningstar US CEF Investment Grade,112,"Western Asset Management Company, LLC",True,7.95,0.03,8.83,2026-08-03T00:00:00,95766Q106,Western Asset Inflation-Linked Income Fd,2026-08-03,XWIAX,Fixed Income - Taxable-Investment Grade,29.9,185.412,,Monthly,0.21076,0.052,15.0,2.378,,,2.91,,293.764,True,False,False,False,True,False,,3.75,5.87,-1.19,-1.32,0.92,0.16,,,2.58,425800,,,94.6375,,,4.09,8.24046,-9.63104,-0.55,0.15,0.0,2026-08-03T00:00:00,2003-09-30T00:00:00,9/30/2003,1064880000,2026-07-24T00:00:00
353,SBI,-0.08449999999999999,6.08696,6.64908,0.041999999999999996,5.86,21,Morningstar US CEF Municipal,54,"Franklin Templeton Fund Adviser, LLC",False,7.58,-0.02,8.28,2026-08-03T00:00:00,958435109,Western Asset Intermediate Muni,2026-08-03,XSBIX,Fixed Income - Municipal-Municipal,29.96,106.744,,Monthly,0.13919,0.041999999999999996,10.0,4.743,,,2.6,,166.47,True,False,False,False,False,False,,2.8200000000000003,5.8,-0.55,0.04,0.5,2.77,,,7.26,431420,11.06,,103.1201,,7.84,5.53,7.7916,-8.31669,-0.18,-1.1400000000000001,-0.59,2026-08-03T00:00:00,1992-03-02T00:00:00,3/2/1992,699494400,2026-07-24T00:00:00
354,IGI,-0.08130000000000001,4.99414,5.43589,0.071,2.75,15,Morningstar US CEF Investment Grade,54,"Franklin Templeton Fund Adviser, LLC",False,15.6736,0.0,17.06,2026-08-03T00:00:00,95790A101,Western Asset Invstm Grd Opp Tr Inc,2026-08-03,XIGIX,Fixed Income - Taxable-Investment Grade,,93.942,,Monthly,0.43967,0.071,20.0,6.1711,,,0.93,,102.252,False,False,False,False,False,False,,4.48,3.42,-0.53,-2.02,-0.55,-2.06,,,-0.06,165310,,,101.4924,,,,16.35909,-6.668,-1.8,-1.75,-1.88,2026-08-03T00:00:00,2009-06-26T00:00:00,6/26/2009,1245974400,2026-07-24T00:00:00
355,MMU,-0.0644,6.10644,6.52695,0.0545,7.75,21,Morningstar US CEF Municipal,55,Franklin Templeton Investments,False,10.02,-0.01,10.71,2026-08-03T00:00:00,95766M105,Western Asset Managed Municipals,2026-08-03,XMMUX,Fixed Income - Municipal-Municipal,33.63,547.281,,Monthly,0.14102,0.0545,15.0,4.8344000000000005,,,2.7,,881.36,True,False,False,False,False,False,,2.98,6.36,-1.02,-0.65,0.45,-0.3,,,7.64,1334410,10.27,,102.2026,,10.8,7.24,10.32529,-6.09218,-0.4,-0.24,-0.6,2026-08-03T00:00:00,1992-06-26T00:00:00,6/26/1992,709516800,2026-07-24T00:00:00
356,DMO,-0.07150000000000001,12.86863,13.85948,0.12,6.42,14,Morningstar US CEF High Yield,54,"Franklin Templeton Fund Adviser, LLC",False,10.39,0.05,11.19,2026-08-03T00:00:00,95790B109,Western Asset Mortgage Opp Fund Inc.,2026-08-03,XDMOX,Fixed Income - Taxable-High Yield,49.07,118.728,,Monthly,0.54871,0.12,20.0,7.4137,,,7.87,,251.066,True,False,False,False,False,False,,10.19,10.86,4.96,4.04,2.9699999999999998,0.97,,,-0.41000000000000003,505200,,,91.0522,,,,11.26496,-3.38499,-1.37,-1.35,-1.43,2026-08-03T00:00:00,2010-02-26T00:00:00,2/26/2010,1267142400,2026-07-24T00:00:00
357,MHF,0.0059,6.0177,5.9824,0.033999999999999996,6.08,21,Morningstar US CEF Municipal,54,"Franklin Templeton Fund Adviser, LLC",False,6.82,0.03,6.78,2026-08-03T00:00:00,95766N103,Western Asset Municipal High Income,2026-08-03,XMHFX,Fixed Income - Municipal-Municipal,1.78,151.566,,Monthly,0.11955,0.033999999999999996,10.0,4.8354,,,0.8400000000000001,,153.408,True,False,True,False,False,False,,3.36,7.13,0.6900000000000001,0.98,0.98,2.18,,,6.27,615180,14.87,,102.1742,,7.17,7.04,6.96698,0.58664,0.0,-0.19,0.37,2026-08-03T00:00:00,1988-11-28T00:00:00,11/28/1988,596678400,2026-07-24T00:00:00
358,WEA,-0.0584,7.54717,8.01527,0.06999999999999999,5.54,15,Morningstar US CEF Investment Grade,111,Western Asset Management Company Pte Ltd. â Singapore,False,10.48,0.04,11.13,2026-08-03T00:00:00,957664105,Western Asset Premier Bond,2026-08-03,XWEAX,Fixed Income - Taxable-Investment Grade,33.07,124.351,,Monthly,0.38834,0.06999999999999999,15.0,6.1566,,,3.55,,197.308,True,False,False,False,False,False,,7.01,5.8,1.33,0.53,0.68,-0.9,,,4.17,290340,,,98.0101,,,,10.89102,-4.76281,-0.73,1.05,0.11,2026-08-03T00:00:00,2002-03-28T00:00:00,3/28/2002,1017273600,2026-07-24T00:00:00
359,MCN,-0.0947,11.55698,12.76596,0.06,9.06,3,Morningstar US CEF Covered Call,113,XA Investments LLC,False,5.64,0.0,6.23,2026-08-03T00:00:00,557437100,XAI Madison Equity Premium Income Fund,2026-08-03,XMCNX,Equity-Covered-Call Funds,0.01,119.098,,Monthly,0.041210000000000004,0.06,15.0,,,,1.1,,131.557,True,False,False,False,False,False,,5.36,1.96,6.55,3.5,2.98,0.97,,,2.99,636900,,,,,,,5.95155,-7.30429,-1.16,-0.89,-1.19,2026-08-03T00:00:00,2004-07-28T00:00:00,7/28/2004,1090972800,2026-07-15T00:00:00
360,XFLT,-0.1724,11.93634,14.42308,0.22499999999999998,-14.91,19,Morningstar US CEF Senior Loans,113,XA Investments LLC,False,18.72,-0.09,22.62,2026-08-03T00:00:00,98400T304,XAI Octagon FR & Alternative Inc Trust,2026-08-03,XFLTX,Fixed Income - Taxable-Senior Loans,40.82,285.122,,Monthly,1.13446,0.22499999999999998,10.0,5.3221,,,7.5600000000000005,,582.139,True,False,False,False,False,False,,1.98,-4.03,2.17,-2.93,-8.58,-13.71,,,-20.44,1103450,,,,,,,21.50829,-16.88869,-0.06,1.8599999999999999,1.55,2026-08-03T00:00:00,2017-09-27T00:00:00,9/27/2017,1506470400,2026-07-15T00:00:00
