,Ticker,Premium / Discount,DistributionRateNAV,DistributionRatePrice,DistributionAmtUSD,ReturnOnNAV,CategoryId,Category,SponsorId,SponsorName,IsManagedDistribution,Share Price,PriceChange,NAV,NAVPublished,Cusip,Fund Name,Date,NavTicker,Strategy,LeverageRatioPercentage,MarketCapUSDm,UNIIPerShare,DistributionFrequency,EarningsPerShare,CurrentDistribution,InceptionPrice,AverageCoupon,AMTPercentage,AverageWeightedMaturity,ExpenseRatio,BaselineExpense,TotalAssetsUSDm,IsLeveraged,IsPriceBelow52WkAvg,IsDiscountBelow52WkAvg,IsAMTPct,IsManaged,Term,AvgWtdDurationLevAdj,Yr3RetOnNav,Yr3RetOnPrice,Yr5RetOnNav,Yr5RetOnPrice,YTDRetOnNav,YTDRetOnPrice,SinceInceptionRetOnNav,SinceInceptionRetOnPrice,ReturnOnPrice,AvgDailyVolume,CallableYr1Pct,PrerefundedPercentage,AvgBondPrice,AvgWtdDurationNonLevAdj,EffDurationLevAdj,EffDurationNonLevAdj,Price52WkAvg,Discount52WkAvg,ZScore1Yr,ZScore3M,ZScore6M,ZScoreDate,InceptionDate,InceptionDateString,InceptionDateUnixTimestamp,DistributionDate
0,MGF,-0.0567,8.0,8.48057,0.02,1.82,15,Morningstar US CEF Investment Grade,2,abrdn Inc.,True,2.83,0.0,3.0,2026-08-25T00:00:00,552939100,Aberdeen Government Markets Income,2026-08-25,XMGFX,Fixed Income - Taxable-Investment Grade,,92.23,,Monthly,0.04709,0.02,10.0,3.9638,0.0,6.55,0.8,,97.771,False,False,False,True,True,False,,3.06,3.14,-0.86,-1.3900000000000001,-1.21,-2.7800000000000002,,,-1.18,701790,,0.0,91.4686,,,5.93,2.9721200000000003,-4.84963,-0.59,0.9,0.39,2026-08-25T00:00:00,1987-05-28T00:00:00,5/28/1987,549158400,2026-08-24T00:00:00
1,IFN,-0.08900000000000001,11.66273,12.80277,0.37,-9.02,1,Morningstar US CEF Asia Equity,1,abrdn Asia Limited,True,11.56,0.14,12.69,2026-08-25T00:00:00,454089103,"Aberdeen India Fund, Inc",2026-08-25,XIFNX,Equity-Asia Equity,0.28,493.057,,Quarterly,-0.05353,0.37,15.0,,,,1.36,,541.253,True,False,False,False,True,False,,3.87,0.15,1.99,2.06,-7.33,-8.75,,,-11.55,2069770,,,,,,,13.06667,-6.1802,-1.25,-0.21,-0.87,2026-08-25T00:00:00,1994-02-23T00:00:00,2/23/1994,761961600,2026-08-24T00:00:00
2,MIN,-0.0467,9.33852,9.79592,0.02,2.62,13,Morningstar US CEF Global Income,2,abrdn Inc.,True,2.45,0.01,2.57,2026-08-25T00:00:00,55273C107,Aberdeen Intermediate Income,2026-08-25,XMINX,Fixed Income - Taxable-Global Income,,278.806,,Monthly,0.04255,0.02,10.0,4.2949,0.0,3.24,0.73,,292.461,False,False,True,True,True,False,,4.52,4.16,1.04,0.38,0.14,-2.5700000000000003,,,-1.97,2321710,,0.0,97.167,,,3.34,2.55273,-4.70984,0.02,1.71,1.69,2026-08-25T00:00:00,1988-03-17T00:00:00,3/17/1988,574560000,2026-08-24T00:00:00
3,MMT,-0.07919999999999999,10.0,10.85973,0.04,2.94,13,Morningstar US CEF Global Income,72,MFS,True,4.42,0.01,4.8,2026-08-25T00:00:00,552737108,Aberdeen Multi-Market Income,2026-08-25,XMMTX,Fixed Income - Taxable-Global Income,26.91,512.691,,Monthly,0.1389,0.04,10.0,6.0294,,,2.86,,761.769,True,False,False,False,True,False,,6.93,6.96,2.68,1.3,-0.63,-2.2800000000000002,,,1.49,1337180,,,95.7664,,6.68,5.35,4.6098,-7.55313,-0.34,0.88,0.27,2026-08-25T00:00:00,1987-03-12T00:00:00,3/12/1987,542505600,2026-08-24T00:00:00
4,MFM,-0.0836,6.14334,6.7039100000000005,0.03,9.06,21,Morningstar US CEF Municipal,2,abrdn Inc.,False,5.37,0.05,5.86,2026-08-25T00:00:00,552738106,Aberdeen Municipal Income,2026-08-25,XMFMX,Fixed Income - Municipal-Municipal,37.63,533.938,,Monthly,0.13078,0.03,10.0,5.1801,,,2.83,,934.159,True,False,True,False,False,False,,4.3,5.16,-0.9500000000000001,-1.4,1.34,2.21,,,10.66,1455660,22.29,,95.5991,,12.81,8.98,5.4145900000000005,-9.36436,0.97,0.26,0.61,2026-08-25T00:00:00,1986-11-25T00:00:00,11/25/1986,533260800,2026-08-24T00:00:00
5,FAX,-0.038200000000000005,13.04348,13.56164,0.16499999999999998,2.95,13,Morningstar US CEF Global Income,1,abrdn Asia Limited,True,14.6,0.09,15.18,2026-08-25T00:00:00,003009867,abrdn Asia-Pacific Income Fund Inc,2026-08-25,XFAPX,Fixed Income - Taxable-Global Income,39.5,637.601,,Monthly,0.50096,0.16499999999999998,10.0,6.3451,,,4.22,,1095.73,True,False,True,False,True,False,,4.08,8.64,-1.31,0.15,-1.43,2.06,,,2.39,1790830,,,,,7.68,4.68,15.22362,-5.27882,0.8200000000000001,0.75,1.06,2026-08-25T00:00:00,1986-04-24T00:00:00,4/24/1986,514684800,2026-08-24T00:00:00
6,IAF,-0.1061,9.34579,10.45556,0.35,6.24,9,Morningstar US CEF Single Country Equity,1,abrdn Asia Limited,True,13.39,0.18,14.98,2026-08-25T00:00:00,003011111,abrdn Australia Equity Fund Inc,2026-08-25,XIAFX,Equity-Single-Country Equity,6.99,128.308,,Quarterly,0.10818,0.35,10.125,,,,1.9900000000000002,,154.328,True,True,False,False,True,False,,9.49,9.71,5.18,2.86,6.37,4.34,,,6.75,217510,,,,,,,13.08397,-10.03119,-0.4,0.84,0.4,2026-08-25T00:00:00,1985-12-12T00:00:00,12/12/1985,503193600,2026-08-24T00:00:00
7,AEF,-0.0658,8.9061,9.53368,0.22999999999999998,61.77,4,Morningstar US CEF Emerging Market Equity,3,abrdn Investments Limited,True,9.65,0.38,10.33,2026-08-25T00:00:00,00301W105,abrdn Emerging Markets ex-China Fund,2026-08-25,XAEFX,Equity-Emerging Market Equity,6.05,391.804,,Quarterly,0.00111,0.22999999999999998,15.0,,,,1.8599999999999999,,446.413,True,True,True,False,True,False,,24.92,28.04,8.06,9.11,33.93,32.17,,,61.34,1456710,,,,,,,7.92073,-9.40379,2.01,2.73,1.67,2026-08-25T00:00:00,1989-09-25T00:00:00,9/25/1989,622684800,2026-06-23T00:00:00
8,AGD,0.0106,11.79361,11.66937,0.12,23.85,5,Morningstar US CEF Global Equity,3,abrdn Investments Limited,True,12.34,0.13,12.21,2026-08-25T00:00:00,00302M106,abrdn Global Dynamic Dividend,2026-08-25,XAGDX,Equity-Global Equity,0.68,322.991,,Monthly,0.29668,0.12,20.0,,,,1.29,,321.782,True,True,False,False,True,False,,13.86,20.4,7.68,10.32,11.5,11.76,,,21.4,1204750,,,,,,,12.10291,1.96737,-0.21,0.48,0.41000000000000003,2026-08-25T00:00:00,2006-07-26T00:00:00,7/26/2006,1153872000,2026-08-24T00:00:00
9,ASGI,0.12869999999999998,12.08791,10.70994,0.22,18.23,13,Morningstar US CEF Global Income,2,abrdn Inc.,True,24.65,-0.25,21.84,2026-08-25T00:00:00,00326W106,abrdn Global Infrastructure Income Fund,2026-08-25,XAGIX,Fixed Income - Taxable-Global Income,0.99,779.651,,Monthly,0.08556,0.22,20.0,,,,2.16,,697.683,True,True,True,False,True,False,,12.73,22.75,8.65,13.33,10.45,14.65,,,26.58,1766170,,,,,,,22.6695,3.15862,2.44,1.45,1.9500000000000002,2026-08-25T00:00:00,2020-07-28T00:00:00,7/28/2020,1595894400,2026-08-24T00:00:00
10,AWP,0.0103,12.37113,12.2449,0.12,20.12,7,Morningstar US CEF Real Estate,2,abrdn Inc.,True,11.76,0.07,11.64,2026-08-25T00:00:00,00302L207,abrdn Global Premier Properties,2026-08-25,XAWPX,Equity-Real Estate,10.68,362.862,,Monthly,0.10017000000000001,0.12,20.0,,,,2.27,,402.104,True,False,False,False,True,False,,12.68,15.88,1.4100000000000001,2.75,13.15,12.48,,,19.08,1244570,,,,,,,11.81047,1.23328,-0.18,0.46,0.53,2026-08-25T00:00:00,2007-04-26T00:00:00,4/26/2007,1177545600,2026-08-24T00:00:00
11,HQH,-0.032,10.82411,11.1817,0.6599999999999999,49.72,8,Morningstar US CEF Sector Equity,2,abrdn Inc.,True,23.61,0.22,24.39,2026-08-25T00:00:00,87911J103,abrdn Healthcare Investors,2026-08-25,XHQHX,Equity-Sector Equity,1.1,1369.044,,Quarterly,-0.06102,0.6599999999999999,10.0,,,,1.11,,1414.273,True,True,True,False,True,False,,17.26,22.71,7.54,7.64,18.43,22.69,,,57.82,1827060,,,,,,,19.42077,-7.36297,1.85,1.3900000000000001,1.58,2026-08-25T00:00:00,1987-04-23T00:00:00,4/23/1987,546134400,2026-08-24T00:00:00
12,THQ,-0.0391,10.43983,10.86519,0.18,29.94,8,Morningstar US CEF Sector Equity,2,abrdn Inc.,True,19.88,0.32,20.69,2026-08-25T00:00:00,879105104,abrdn Healthcare Opportunities Fund,2026-08-25,XTHQX,Equity-Sector Equity,20.78,824.187,,Monthly,-0.03549,0.18,20.0,4.3206,,,3.02,,1082.768,True,True,False,False,True,False,,7.21,10.29,3.76,4.05,9.31,5.08,,,29.32,1705780,,,,,7.72,,18.42929,-1.15076,-0.85,-0.29,-0.8,2026-08-25T00:00:00,2014-07-28T00:00:00,7/28/2014,1406505600,2026-08-24T00:00:00
13,ACP,-0.052300000000000006,17.38318,18.3432,0.0775,2.76,19,Morningstar US CEF Senior Loans,3,abrdn Investments Limited,True,5.07,0.07,5.35,2026-08-25T00:00:00,003057106,abrdn Income Credit Strategies Fund,2026-08-25,XACPX,Fixed Income - Taxable-Senior Loans,32.28,636.136,,Monthly,0.22534,0.0775,20.0,8.0708,,,3.94,,991.268,True,False,False,False,True,False,,8.39,7.16,1.73,0.45,1.9500000000000002,3.35,,,0.68,5424040,,,96.1318,,4.75,3.32,5.43199,-5.22612,-0.01,0.03,0.23,2026-08-25T00:00:00,2011-01-27T00:00:00,1/27/2011,1296086400,2026-08-24T00:00:00
14,HQL,-0.056600000000000004,10.79669,11.44439,0.62,64.77,8,Morningstar US CEF Sector Equity,2,abrdn Inc.,True,21.67,0.12,22.97,2026-08-25T00:00:00,87911K100,abrdn Life Sciences Investors,2026-08-25,XHQLX,Equity-Sector Equity,0.01,668.371,,Quarterly,-0.09057,0.62,15.0,,,,1.24,,708.533,True,True,True,False,True,False,,23.65,27.23,10.11,9.72,22.82,21.45,,,64.69,1380470,,,,,,,17.28962,-9.7452,3.13,2.31,2.83,2026-08-25T00:00:00,1992-05-08T00:00:00,5/8/1992,705283200,2026-08-24T00:00:00
15,AOD,0.0038,11.28881,11.24649,0.09999999999999999,24.62,5,Morningstar US CEF Global Equity,3,abrdn Investments Limited,True,10.67,0.03,10.63,2026-08-25T00:00:00,00326L100,abrdn Total Dynamic Dividend,2026-08-25,XAODX,Equity-Global Equity,2.77,1125.114,,Monthly,0.22991,0.09999999999999999,20.0,,,,1.21,,1152.815,True,True,True,False,True,False,,14.21,21.11,8.37,11.13,12.07,16.14,,,33.68,4674570,,,,,,,9.94992,-3.39332,1.82,1.09,1.35,2026-08-25T00:00:00,2007-01-26T00:00:00,1/26/2007,1169769600,2026-08-24T00:00:00
16,THW,-0.0274,9.57866,9.8481,0.1167,35.77,8,Morningstar US CEF Sector Equity,2,abrdn Inc.,True,14.22,0.27,14.62,2026-08-25T00:00:00,87911L108,abrdn World Healthcare Fund,2026-08-25,XTHWX,Equity-Sector Equity,16.89,574.208,,Monthly,-0.03887,0.1167,20.0,3.7686,,,1.46,,710.36,True,True,False,False,True,False,,14.79,11.2,8.14,6.91,11.07,11.1,,,38.55,1335940,,,,,7.37,,12.67818,-1.89445,-0.43,-0.19,-0.75,2026-08-25T00:00:00,2015-06-26T00:00:00,6/26/2015,1435276800,2026-08-24T00:00:00
17,ADX,-0.0175,7.58725,7.72201,0.5,19.0,10,Morningstar US CEF US Equity,4,Adams Diversified Equity Fund Inc,False,25.9,0.13,26.36,2026-08-25T00:00:00,006212104,Adams Diversified Equity Fund,2026-08-25,XADEX,Equity-U.S. Equity,0.0,3235.613,,Quarterly,0.09492,0.5,10.0,,,,0.49000000000000005,,3293.079,True,True,True,False,False,False,,18.92,26.28,12.36,17.04,10.28,16.08,,,27.86,2697450,,,,,,,23.68333,-5.31221,1.44,0.53,1.1400000000000001,2026-08-25T00:00:00,1929-10-01T00:00:00,10/1/1929,-1270252800,2026-07-27T00:00:00
18,PEO,-0.0913,6.94757,7.64602,0.5399999999999999,35.34,8,Morningstar US CEF Sector Equity,5,Adams Natural Resources Fund Inc,False,28.25,-0.07,31.09,2026-08-25T00:00:00,00548F105,Adams Natural Resources Fund,2026-08-25,XPEOX,Equity-Sector Equity,0.7000000000000001,791.984,,Quarterly,0.29271,0.5399999999999999,15.0,,,,0.62,,871.603,True,True,True,False,False,False,,12.84,16.29,19.43,21.61,29.79,31.33,,,36.3,721350,,,,,,,24.35456,-10.33567,1.31,1.27,1.37,2026-08-25T00:00:00,1929-01-30T00:00:00,1/30/1929,-1291334400,2026-07-27T00:00:00
19,AVK,-0.086,10.25073,11.21531,0.1172,17.72,11,Morningstar US CEF Convertibles,6,"Advent Capital Management, LLC",False,12.54,0.01,13.72,2026-08-25T00:00:00,00764C109,Advent Convertible & Income Fund,2026-08-25,XAVKX,Fixed Income - Taxable-Convertibles,36.62,553.625,,Monthly,0.22874,0.1172,25.0,5.5855,,,4.53,,955.745,True,False,False,False,False,False,,14.41,14.48,4.64,4.34,10.11,5.37,,,12.54,1486930,,,108.8431,,,,12.57521,-5.91769,-1.1400000000000001,-0.08,-0.45,2026-08-25T00:00:00,2003-04-29T00:00:00,4/29/2003,1051574400,2026-08-14T00:00:00
20,AWF,-0.0983,6.96191,7.72102,0.0655,5.45,14,Morningstar US CEF High Yield,7,AllianceBernstein L.P.,False,10.18,0.07,11.29,2026-08-25T00:00:00,01879R106,AllianceBernstein Global High Income,2026-08-25,XAWFX,Fixed Income - Taxable-High Yield,0.8,877.818,,Monthly,0.35164,0.0655,15.0,6.7305,,4.36,1.02,,981.417,True,False,False,False,False,False,,9.03,8.44,4.36,3.68,2.13,-1.78,,,-2.29,3017650,,,96.9782,,,,10.54077,-7.37506,-0.9,0.46,-0.22,2026-08-25T00:00:00,1993-07-28T00:00:00,7/28/1993,743817600,2026-08-06T00:00:00
21,AFB,-0.065,5.14667,5.5042,0.050179999999999995,10.33,21,Morningstar US CEF Municipal,7,AllianceBernstein L.P.,False,10.94,0.01,11.7,2026-08-25T00:00:00,01864U106,AllianceBernstein National Mun Inc,2026-08-25,XAFBX,Fixed Income - Municipal-Municipal,48.76,314.47,,Monthly,0.31343,0.050179999999999995,15.0,5.1411,,,3.66,,656.418,True,True,True,False,False,False,,2.41,5.06,-1.8599999999999999,-2.32,0.56,3.81,,,13.22,984690,,,98.4247,,22.53,11.69,10.9381,-8.88341,1.69,0.99,1.08,2026-08-25T00:00:00,2002-01-28T00:00:00,1/28/2002,1012176000,2026-08-06T00:00:00
22,NFJ,-0.059500000000000004,7.33614,7.80051,0.305,27.09,3,Morningstar US CEF Covered Call,108,"Virtus Investment Advisers, LLC",True,15.64,0.13,16.63,2026-08-25T00:00:00,92840R101,AllianzGI Div Interest & Prem Common,2026-08-25,XNFJX,Equity-Covered-Call Funds,,1454.008,0.0,Quarterly,0.06142,0.305,25.0,2.0796,,,0.9600000000000001,,1546.045,False,True,True,False,True,False,,11.94,16.01,7.11,8.91,18.9,23.4,,,31.56,1883580,,,,,,,13.71575,-9.05445,1.92,2.07,1.6800000000000002,2026-08-25T00:00:00,2005-02-28T00:00:00,2/28/2005,1109548800,2026-06-15T00:00:00
23,EOD,-0.0787,7.85138,8.52234,0.14211,25.53,5,Morningstar US CEF Global Equity,8,Allspring Global Investments,False,6.67,0.0,7.24,2026-08-25T00:00:00,94987C103,Allspring Global Dividend Opp Fd,2026-08-25,XEODX,Equity-Global Equity,13.22,287.25,,Quarterly,0.1298,0.14211,20.0,7.1385,,,2.45,,359.297,True,True,True,False,False,False,,22.02,24.01,12.99,12.65,13.71,16.39,,,26.88,1234460,,,,,,,6.10128,-8.40396,0.37,-0.71,-0.76,2026-08-25T00:00:00,2007-03-28T00:00:00,3/28/2007,1175040000,2026-06-11T00:00:00
24,EAD,-0.1038,8.96381,10.00188,0.053259999999999995,4.91,14,Morningstar US CEF High Yield,8,Allspring Global Investments,False,6.39,0.04,7.13,2026-08-25T00:00:00,94987B105,Allspring Income Opps,2026-08-25,XEADX,Fixed Income - Taxable-High Yield,29.82,377.6,,Monthly,0.25923,0.053259999999999995,15.0,7.1676,,,2.95,,600.328,True,False,False,False,False,False,,8.47,9.01,3.46,2.59,1.72,-1.69,,,-1.73,1885010,,,100.1192,,4.34,3.23,6.69968,-7.80987,-1.3900000000000001,-0.35000000000000003,-0.9,2026-08-25T00:00:00,2003-02-28T00:00:00,2/28/2003,1046390400,2026-08-13T00:00:00
25,ERC,-0.056600000000000004,8.82467,9.35434,0.07273,7.36,16,Morningstar US CEF Limited Duration,8,Allspring Global Investments,False,9.33,0.05,9.89,2026-08-25T00:00:00,94987D101,Allspring Multi-Sec Inc,2026-08-25,XERCX,Fixed Income - Taxable-Limited Duration,30.02,261.742,,Monthly,0.35301,0.07273,20.0,6.936,0.0,4.35,3.22,,396.452,True,True,True,True,False,False,,7.89,7.29,3.35,2.27,2.74,3.5300000000000002,,,6.74,765900,,0.0,98.4198,,,,9.27665,-6.7414000000000005,0.99,1.46,1.87,2026-08-25T00:00:00,2003-06-25T00:00:00,6/25/2003,1056499200,2026-08-13T00:00:00
26,ERH,-0.0608,8.54891,9.10259,0.08784,3.81,26,Morningstar US CEF US Allocation,8,Allspring Global Investments,False,11.58,0.09,12.33,2026-08-25T00:00:00,94987E109,Allspring Util & High In,2026-08-25,XERHX,Hybrid-U.S. Allocation,21.6,102.276,,Monthly,0.1865,0.08784,20.0,7.1946,,,2.43,,138.901,True,False,True,False,False,False,,11.86,13.66,7.09,4.4,3.12,5.24,,,7.85,233400,,,100.2393,,3.8,3.21,12.14109,-7.6114,1.15,1.17,1.35,2026-08-25T00:00:00,2004-04-30T00:00:00,4/30/2004,1083283200,2026-08-13T00:00:00
27,FINS,-0.055099999999999996,10.28316,10.88328,0.11499999999999999,7.8,26,Morningstar US CEF US Allocation,10,"Angel Oak Capital Advisors, LLC",False,12.68,0.11,13.42,2026-08-25T00:00:00,03464A100,Angel Oak Financial Strats Income Term,2026-08-25,XFINX,Hybrid-U.S. Allocation,21.85,423.726,,Monthly,0.38984,0.11499999999999999,20.0,6.7377,,,2.92,,573.873,True,False,True,False,False,True,,10.08,12.72,3.1,2.44,2.76,0.79,,,6.59,464730,,,99.9624,,3.34,2.85,12.95232,-5.96457,0.48,1.37,1.28,2026-08-25T00:00:00,2019-05-29T00:00:00,5/29/2019,1559088000,2026-08-17T00:00:00
28,ARDC,-0.08130000000000001,10.07463,10.96669,0.11249999999999999,0.61,19,Morningstar US CEF Senior Loans,11,Ares Capital Management II LLC,False,12.31,0.03,13.4,2026-08-25T00:00:00,04014F102,Ares Dynamic Credit Allocation Fund,2026-08-25,XADCX,Fixed Income - Taxable-Senior Loans,40.96,295.021,,Monthly,0.59626,0.11249999999999999,20.0,8.4436,,,5.26,,543.978,True,False,False,False,False,False,,8.19,9.56,4.69,4.92,-1.46,-0.97,,,-4.67,1153970,,,,,40.42,,13.10203,-6.12761,-0.79,-1.32,-0.43,2026-08-25T00:00:00,2012-11-27T00:00:00,11/27/2012,1353974400,2026-08-21T00:00:00
29,BANX,-0.0137,8.63309,8.75274,0.15,5.75,8,Morningstar US CEF Sector Equity,12,"ArrowMark Asset Management, LLC",False,20.565,0.3,21.0,2026-07-31T00:00:00,861780104,ArrowMark Financial Corp,2026-08-25,XBANX,Equity-Sector Equity,13.4,160.62,,Monthly,1.04616,0.15,25.0,11.1103,,,6.43,,188.046,True,False,True,False,False,True,,10.16,20.01,8.95,9.56,0.9400000000000001,-1.02,,,11.54,331270,,,107.3588,,,,20.57091,-4.92348,1.21,1.6400000000000001,2.14,2026-08-25T00:00:00,2013-11-07T00:00:00,11/7/2013,1383782400,2026-08-24T00:00:00
30,ASA,-0.1787,0.1017,0.12384,0.04,71.71,8,Morningstar US CEF Sector Equity,13,ASA,False,64.6,1.13,78.66,2026-08-25T00:00:00,G3156P103,ASA Gold and Precious Metals Limited,2026-08-25,XASAX,Equity-Sector Equity,,1246.128,,Semi-Annually,0.02585,0.04,28.0,9.086,,,1.88,,1432.945,False,True,False,False,False,False,,48.04,46.98,18.22,17.39,-11.27,-17.95,,,58.29,0,,,,,,,57.35366,-12.59494,,,,,1958-09-23T00:00:00,9/23/1958,-355795200,2026-05-01T00:00:00
31,BCV,-0.1161,5.83838,6.60491,0.41,25.49,11,Morningstar US CEF Convertibles,60,Gabelli Funds LLC,False,24.83,0.18,28.09,2026-08-25T00:00:00,059695106,Bancroft Fund,2026-08-25,XBCVX,Fixed Income - Taxable-Convertibles,14.8,139.731,,Quarterly,0.01134,0.41,25.0,2.4446,,,1.31,,185.542,True,True,True,False,False,False,,16.43,18.33,3.99,3.21,13.06,10.36,,,27.81,188650,,,,,21.12,,23.42039,-11.74501,0.12,0.75,0.53,2026-08-25T00:00:00,1971-10-04T00:00:00,10/4/1971,55382400,2026-06-15T00:00:00
32,MCI,0.042300000000000004,9.26462,8.88889,0.39999999999999997,11.17,14,Morningstar US CEF High Yield,14,Barings LLC,False,18.0,0.38,17.27,2026-06-30T00:00:00,06759X107,Barings Corporate Investors,2026-08-25,XMCIX,Fixed Income - Taxable-High Yield,20.78,370.567,,Quarterly,0.67335,0.39999999999999997,25.0,7.782,,,1.65,,448.776,True,False,False,False,False,False,,11.6,11.75,10.11,10.0,6.4,-6.79,,,-14.25,332630,,,92.3472,,,,19.15519,14.876570000000001,-0.98,0.43,-0.22,2026-08-25T00:00:00,1971-09-01T00:00:00,9/1/1971,52531200,2026-05-29T00:00:00
33,BGH,-0.0535,9.81016,10.36441,0.12229999999999999,4.27,14,Morningstar US CEF High Yield,14,Barings LLC,False,14.16,0.18,14.96,2026-08-25T00:00:00,06760L100,Barings Global Short Duration High Yield,2026-08-25,XBGHX,Fixed Income - Taxable-High Yield,31.4,284.367,,Monthly,0.68354,0.12229999999999999,25.0,8.9323,,,3.93,,437.933,True,False,False,False,False,False,,10.61,13.27,5.91,6.59,3.18,-0.73,,,0.15,827550,,,97.8956,,,,14.70086,-2.97312,-0.7000000000000001,0.28,0.24,2026-08-25T00:00:00,2012-10-25T00:00:00,10/25/2012,1351123200,2026-08-20T00:00:00
34,MPV,-0.007000000000000001,9.36116,9.42675,0.37,,14,Morningstar US CEF High Yield,14,Barings LLC,False,15.7,-1.3,15.81,2026-06-30T00:00:00,06761A103,Barings Participation Invs,2026-08-25,XMPVX,Fixed Income - Taxable-High Yield,21.57,169.438,,Quarterly,0.57714,0.37,10.0,7.7819,,,1.55,,217.561,True,False,False,False,False,False,,,16.89,,11.88,6.38,4.66,,,-6.74,167290,,,92.2129,,,,18.22726,9.13713,-1.55,-1.16,-1.5899999999999999,2026-08-25T00:00:00,1988-10-06T00:00:00,10/6/1988,592099200,2026-05-29T00:00:00
35,BXSY,-0.3722,3.57388,5.69239,0.26,36.35,26,Morningstar US CEF US Allocation,15,Bexil Corp,True,18.27,0.16,29.1,2026-08-25T00:00:00,25538A204,Bexil Investment Trust,2026-08-25,XBXIX,Hybrid-U.S. Allocation,8.84,236.369,,Quarterly,-0.06607,0.26,15.0,,,,1.9300000000000002,,376.482,True,True,True,False,True,False,,21.14,22.21,13.39,11.85,19.85,15.47,,,33.66,125410,,,,,1.11,,15.741340000000001,-37.35398,0.15,1.79,0.56,2026-08-25T00:00:00,1998-06-29T00:00:00,6/29/1998,899078400,2026-06-15T00:00:00
36,BMN,0.006,4.46429,4.43787,0.09375,6.97,21,Morningstar US CEF Municipal,16,BlackRock,False,25.35,-0.2,25.2,2026-08-25T00:00:00,09262G108,BlackRock 2037 Municipal Target term,2026-08-25,XBMNX,Fixed Income - Municipal-Municipal,24.98,155.843,,Monthly,0.55982,0.09375,25.0,5.0127,,14.51,2.16,,206.5,True,False,True,False,False,True,,3.87,5.14,,,0.66,-1.5,,,9.48,102870,19.27,,101.483,,,,25.66393,-0.26165,0.38,0.91,-0.02,2026-08-25T00:00:00,2022-10-28T00:00:00,10/28/2022,1666915200,2026-08-14T00:00:00
37,BCAT,0.1051,21.23006,19.21134,0.25423,13.58,26,Morningstar US CEF US Allocation,16,BlackRock,True,15.88,0.11,14.37,2026-08-25T00:00:00,09260U109,BlackRock Capital Allocation Term Trust,2026-08-25,XCATX,Hybrid-U.S. Allocation,5.18,1663.831,,Monthly,0.15272,0.25423,20.0,,,2.65,1.4,,1505.621,True,True,True,False,True,True,,11.33,21.09,5.32,7.97,5.9,25.39,,,30.49,6361600,,,,,,,14.99732,-0.11808,1.88,1.56,1.65,2026-08-25T00:00:00,2020-09-28T00:00:00,9/28/2020,1601251200,2026-08-14T00:00:00
38,BHK,-0.0268,9.58458,9.84818,0.0746,2.13,15,Morningstar US CEF Investment Grade,16,BlackRock,True,9.09,0.13,9.34,2026-08-25T00:00:00,09249E101,BlackRock Core Bond,2026-08-25,XBHKX,Fixed Income - Taxable-Investment Grade,33.87,656.518,-0.051000000000000004,Monthly,0.27405,0.0746,15.0,5.2035,,,3.34,,1020.082,True,False,True,False,True,False,,4.3,3.39,-2.46,-3.25,-1.6800000000000002,-1.78,,,2.06,2905800,,,95.0924,,7.35,7.35,9.39793,-4.44922,1.25,1.29,1.8900000000000001,2026-08-25T00:00:00,2001-11-30T00:00:00,11/30/2001,1007078400,2026-08-14T00:00:00
39,HYT,-0.0889,10.26125,11.26265,0.0779,5.29,14,Morningstar US CEF High Yield,16,BlackRock,True,8.3,0.04,9.11,2026-08-25T00:00:00,09255P107,BlackRock Corporate High Yield Fund,2026-08-25,XHYTX,Fixed Income - Taxable-High Yield,20.21,1600.067,-0.113,Monthly,0.35117,0.0779,15.0,7.0359,,,2.33,,2201.139,True,False,False,False,True,False,,9.37,7.64,4.3,2.14,1.44,0.26,,,-5.02,8218340,,,99.6367,,4.4,,8.88448,-5.79282,-1.27,-1.92,-2.16,2026-08-25T00:00:00,2003-05-30T00:00:00,5/30/2003,1054252800,2026-08-14T00:00:00
40,BTZ,-0.06480000000000001,9.32222,9.96832,0.0839,4.15,15,Morningstar US CEF Investment Grade,16,BlackRock,True,10.1,0.01,10.8,2026-08-25T00:00:00,092508100,BlackRock Credit Allocation Income Trust,2026-08-25,XBTZX,Fixed Income - Taxable-Investment Grade,35.07,942.577,-0.11900000000000001,Monthly,0.5375800000000001,0.0839,25.0,5.9413,,19.89,3.37,,1552.325,True,False,False,False,True,False,,7.8,8.95,0.99,0.43,0.04,-2.55,,,-0.67,2580970,,,98.6559,,,,10.54146,-5.8557,-0.33,0.43,0.68,2026-08-25T00:00:00,2006-12-27T00:00:00,12/27/2006,1167177600,2026-08-14T00:00:00
41,DSU,-0.0136,12.40586,12.577069999999999,0.09873,4.12,19,Morningstar US CEF Senior Loans,16,BlackRock,True,9.42,0.04,9.55,2026-08-25T00:00:00,09255R202,BlackRock Debt Strategies,2026-08-25,XDSUX,Fixed Income - Taxable-Senior Loans,15.97,586.297,-0.17400000000000002,Monthly,0.35279,0.09873,10.0,,,6.29,1.69,,707.388,True,False,False,False,True,False,,7.58,9.45,6.02,7.04,1.27,-0.7000000000000001,,,0.37,2777110,,,,,,,10.0036,0.72123,-1.67,-1.1400000000000001,-1.2,2026-08-25T00:00:00,1998-03-27T00:00:00,3/27/1998,890956800,2026-08-14T00:00:00
42,BGR,-0.0981,6.19416,6.86824,0.0973,41.82,8,Morningstar US CEF Sector Equity,16,BlackRock,True,17.0,-0.25,18.85,2026-08-25T00:00:00,09250U101,BlackRock Energy and Resources,2026-08-25,XBGRX,Equity-Sector Equity,0.0,432.755,,Monthly,0.1595,0.0973,25.0,,,,1.23,,479.849,True,True,False,False,True,False,,16.13,18.04,20.95,21.22,34.38,27.66,,,33.85,1080970,,,,,,,14.9746,-7.26834,-0.85,0.28,-0.03,2026-08-25T00:00:00,2004-12-23T00:00:00,12/23/2004,1103760000,2026-08-14T00:00:00
43,BDJ,-0.0711,7.04076,7.57959,0.0619,21.77,3,Morningstar US CEF Covered Call,16,BlackRock,True,9.8,0.07,10.55,2026-08-25T00:00:00,09251A104,BlackRock Enhanced Dividend Achievers,2026-08-25,XBDJX,Equity-Covered-Call Funds,0.11,1734.058,,Monthly,0.07807,0.0619,15.0,,,,0.88,,1868.893,True,True,False,False,True,False,,14.23,15.18,9.74,9.24,11.77,8.1,,,21.53,4329350,,,,,,,9.2667,-5.9352,-0.75,0.23,-0.05,2026-08-25T00:00:00,2005-08-26T00:00:00,8/26/2005,1125014400,2026-08-14T00:00:00
44,BOE,-0.0735,7.3674800000000005,7.95192,0.0827,16.0,3,Morningstar US CEF Covered Call,16,BlackRock,True,12.48,0.07,13.47,2026-08-25T00:00:00,092501105,BlackRock Enhanced Glbl Div Trust,2026-08-25,XBOEX,Equity-Covered-Call Funds,0.02,693.89,,Monthly,0.05795,0.0827,25.0,,,,1.03,,748.934,True,True,True,False,True,False,,11.59,14.68,6.94,7.52,7.24,8.63,,,16.25,1311910,,,,,,,11.7449,-9.21153,2.08,1.11,1.6600000000000001,2026-08-25T00:00:00,2005-05-26T00:00:00,5/26/2005,1117065600,2026-08-14T00:00:00
45,BGY,-0.09820000000000001,7.84049,8.69388,0.0426,15.33,3,Morningstar US CEF Covered Call,16,BlackRock,True,5.88,0.03,6.52,2026-08-25T00:00:00,092524107,BlackRock Enhanced Intl Div Trust,2026-08-25,XBGYX,Equity-Covered-Call Funds,0.36,532.813,,Monthly,0.02491,0.0426,20.0,,,,1.2,,590.806,True,True,False,False,True,False,,8.46,10.37,5.98,6.5,5.97,3.49,,,11.33,2722160,,,,,,,5.78117,-8.43308,-0.85,0.36,-0.08,2026-08-25T00:00:00,2007-05-25T00:00:00,5/25/2007,1180051200,2026-08-14T00:00:00
46,CII,0.0083,7.00621,6.94867,0.141,22.95,3,Morningstar US CEF Covered Call,16,BlackRock,True,24.35,0.19,24.15,2026-08-25T00:00:00,09256A109,BlackRock Enhanced Large Cap Core Fund,2026-08-25,XCIIX,Equity-Covered-Call Funds,0.47000000000000003,997.949,,Monthly,0.00537,0.141,20.0,,,,0.93,,994.398,True,True,True,False,True,False,,17.99,19.73,12.14,12.99,10.14,7.64,,,31.47,962750,,,,,,,23.61287,0.5040600000000001,0.13,-0.6900000000000001,-0.14,2026-08-25T00:00:00,2004-04-27T00:00:00,4/27/2004,1083024000,2026-08-14T00:00:00
47,ECAT,0.0137,21.09379,20.808,0.26877,13.38,25,Morningstar US CEF Global Allocation,16,BlackRock,True,15.5,0.17,15.29,2026-08-25T00:00:00,09262F100,BlackRock ESG Capital Allocation Term,2026-08-25,ECAT,Hybrid-Global Allocation,0.17,1541.759,,Monthly,0.10010000000000001,0.26877,20.0,,,2.33,1.4100000000000001,,1523.401,True,True,True,False,True,True,,12.26,17.66,,,5.73,10.66,,,14.07,4402700,,,,,,,15.49973,-2.48711,1.72,1.25,1.5,2026-08-25T00:00:00,2021-09-27T00:00:00,9/27/2021,1632700800,2026-08-14T00:00:00
48,FRA,-0.0336,13.12792,13.58391,0.12383999999999999,3.31,19,Morningstar US CEF Senior Loans,17,"BlackRock Advisors, LLC",True,10.94,0.14,11.32,2026-08-25T00:00:00,09255X100,BlackRock Floating Rate Inc Strategies,2026-08-25,XFRAX,Fixed Income - Taxable-Senior Loans,23.18,387.656,-0.184,Monthly,0.44666,0.12383999999999999,20.0,,,,2.61,,522.139,True,False,False,False,True,False,,6.97,7.59,6.02,6.54,1.21,-0.74,,,-6.93,1611890,,,,,,,11.6172,-1.87816,-0.36,1.56,1.31,2026-08-25T00:00:00,2003-10-31T00:00:00,10/31/2003,1067558400,2026-08-14T00:00:00
49,BGT,-0.0126,13.01497,13.18137,0.12028,3.52,19,Morningstar US CEF Senior Loans,16,BlackRock,True,10.95,0.11,11.09,2026-08-25T00:00:00,091941104,Blackrock Floating Rate Income,2026-08-25,XBGTX,Fixed Income - Taxable-Senior Loans,0.13,326.581,-0.154,Monthly,0.42019,0.12028,20.0,,,,2.06,,331.202,True,False,True,False,True,False,,7.22,9.11,6.18,6.92,1.2,3.19,,,-2.74,1327110,,,,,,,11.24596,-2.92152,0.66,1.73,2.0,2026-08-25T00:00:00,2004-08-30T00:00:00,8/30/2004,1093824000,2026-08-14T00:00:00
50,BME,-0.0359,6.56481,6.80927,0.2621,23.44,8,Morningstar US CEF Sector Equity,16,BlackRock,True,46.19,0.38,47.91,2026-08-25T00:00:00,09250W107,BlackRock Health Sciences,2026-08-25,XBMEX,Equity-Sector Equity,0.14,596.964,,Monthly,0.0592,0.2621,25.0,,,,1.13,,620.088,True,True,True,False,True,False,,8.35,10.62,4.74,4.58,4.78,10.61,,,32.46,443560,,,,,,,40.36986,-5.39693,0.85,-0.53,0.1,2026-08-25T00:00:00,2005-03-28T00:00:00,3/28/2005,1111968000,2026-08-14T00:00:00
51,BMEZ,-0.11130000000000001,6.89655,7.76014,0.11,23.68,8,Morningstar US CEF Sector Equity,16,BlackRock,True,17.01,0.18,19.14,2026-08-25T00:00:00,09260E105,BlackRock Health Sciences Term Trust,2026-08-25,XBMZX,Equity-Sector Equity,0.4,1063.149,,Monthly,0.00466,0.11,20.0,,,,1.37,,1201.1,True,True,False,False,True,True,,6.97,9.52,-1.79,-1.67,5.44,8.4,,,20.98,2246490,,,,,,,14.87138,-10.98023,-0.11,-1.18,-0.21,2026-08-25T00:00:00,2020-01-29T00:00:00,1/29/2020,1580256000,2026-08-14T00:00:00
52,BKT,-0.030600000000000002,9.8,10.10888,0.0882,0.72,15,Morningstar US CEF Investment Grade,16,BlackRock,True,10.47,0.1,10.8,2026-08-25T00:00:00,09247F209,BlackRock Income,2026-08-25,XBKTX,Fixed Income - Taxable-Investment Grade,19.51,339.112,-0.055,Monthly,0.047920000000000004,0.0882,10.0,4.445,,9.15,1.9700000000000002,,434.589,True,False,True,False,True,False,,3.7,3.44,-1.92,-3.91,-1.05,-2.33,,,-3.7800000000000002,1372710,,,89.397,,4.92,,10.89371,-4.25303,1.04,1.19,1.71,2026-08-25T00:00:00,1988-08-01T00:00:00,8/1/1988,586396800,2026-08-14T00:00:00
53,BLW,-0.030299999999999997,10.29091,10.6125,0.1132,4.04,16,Morningstar US CEF Limited Duration,16,BlackRock,True,12.8,0.09,13.2,2026-08-25T00:00:00,09249W101,BlackRock Limited Duration Income,2026-08-25,XBLWX,Fixed Income - Taxable-Limited Duration,36.02,500.28,-0.133,Monthly,0.52225,0.1132,20.0,,,,3.7,,806.415,True,False,False,False,True,False,,8.45,8.18,3.99,2.91,0.4,-2.98,,,-1.6800000000000002,1206460,,,,,,,13.28169,-2.59298,-0.15,1.37,1.0,2026-08-25T00:00:00,2003-07-28T00:00:00,7/28/2003,1059350400,2026-08-14T00:00:00
54,BIT,-0.08449999999999999,11.30541,12.34942,0.12369999999999999,4.6,17,Morningstar US CEF Multi-Sector,16,BlackRock,True,12.02,0.13,13.13,2026-08-25T00:00:00,09258A107,BlackRock Multi-Sector Income Trust,2026-08-25,XBITX,Fixed Income - Taxable-Multi-Sector,30.99,685.894,-0.508,Monthly,0.40641,0.12369999999999999,20.0,6.1162,,,3.26,,1085.655,True,False,False,False,True,False,,8.15,4.54,4.0,2.24,0.55,0.24,,,-5.22,3144590,7.97,,,,,3.77,12.89693,-5.72829,-2.4,-2.21,-2.33,2026-08-25T00:00:00,2013-02-25T00:00:00,2/25/2013,1361750400,2026-08-14T00:00:00
55,MUA,-0.0707,6.19535,6.66667,0.0555,9.58,21,Morningstar US CEF Municipal,16,BlackRock,False,9.99,0.05,10.75,2026-08-25T00:00:00,09254J102,BlackRock Muniassets,2026-08-25,XMUAX,Fixed Income - Municipal-Municipal,27.69,670.726,-0.004,Monthly,0.28542,0.0555,15.0,5.4809,,,2.59,,998.149,True,False,False,False,False,False,,5.27,5.98,-0.6900000000000001,-3.29,2.14,-1.37,,,4.6,1314460,17.62,,92.4046,,12.75,,10.78151,-4.01902,-1.34,-0.6,-1.1400000000000001,2026-08-25T00:00:00,1993-06-25T00:00:00,6/25/1993,740966400,2026-08-14T00:00:00
56,BTT,-0.0803,2.26987,2.46809,0.0464,3.17,21,Morningstar US CEF Municipal,16,BlackRock,False,22.56,0.07,24.53,2026-08-25T00:00:00,09257P105,BlackRock Municipal 2030 Target Term,2026-08-25,XBTTX,Fixed Income - Municipal-Municipal,34.82,1435.389,0.148,Monthly,0.34323,0.0464,25.0,4.6478,,,2.69,,2394.612,True,False,True,False,False,True,,3.65,4.89,0.37,-0.34,0.62,-0.43,,,3.6,900960,22.16,,101.5267,,3.88,,22.6528,-8.07995,0.08,-0.3,-0.6,2026-08-25T00:00:00,2012-08-29T00:00:00,8/29/2012,1346198400,2026-08-14T00:00:00
57,MHD,-0.07719999999999999,5.74417,6.22493,0.0595,9.25,21,Morningstar US CEF Municipal,16,BlackRock,False,11.47,0.06,12.43,2026-08-25T00:00:00,09253N104,BlackRock Municipal Income,2026-08-25,XMHDX,Fixed Income - Municipal-Municipal,42.3,2003.808,0.004,Monthly,0.30405,0.0595,15.0,5.0119,,,3.08,,3763.65,True,False,True,False,False,False,,2.22,4.65,-2.14,-2.9699999999999998,0.9,1.21,,,9.63,2594680,5.17,,99.8744,,11.88,,11.68479,-8.52873,0.97,0.7000000000000001,0.7000000000000001,2026-08-25T00:00:00,1997-05-02T00:00:00,5/2/1997,862531200,2026-08-14T00:00:00
58,MUC,-0.0692,5.62172,6.03951,0.0535,8.76,22,Morningstar US CEF Municipal-CA,16,BlackRock,False,10.63,0.01,11.42,2026-08-25T00:00:00,09254L107,BlackRock MuniHoldings CA Qty,2026-08-25,XMUCX,Fixed Income - Municipal-Municipal - CA,40.97,1328.837,0.07100000000000001,Monthly,0.26962,0.0535,15.0,5.0713,,,3.22,,2418.25,True,False,True,False,False,False,,1.73,4.82,-2.13,-3.19,0.97,3.34,,,11.65,2876300,4.0,,102.4334,,13.95,,10.74932,-8.23746,1.32,0.99,0.99,2026-08-25T00:00:00,1998-02-27T00:00:00,2/27/1998,888537600,2026-08-14T00:00:00
59,MUJ,0.0016,5.2898,5.28117,0.054,8.4,24,Morningstar US CEF Municipal-Single State,16,BlackRock,False,12.27,0.07,12.25,2026-08-25T00:00:00,09254X101,BlackRock MuniHoldings NJ Qty,2026-08-25,XMUJX,Fixed Income - Municipal-Municipal - Single-State,39.94,652.581,0.085,Monthly,0.2647,0.054,15.0,4.7124,,,3.37,,1084.842,True,True,True,False,False,False,,2.92,7.83,-0.86,-0.17,0.84,3.74,,,16.78,1021580,20.57,,97.7946,,13.16,,11.99846,-4.3259,1.83,2.43,1.79,2026-08-25T00:00:00,1998-03-11T00:00:00,3/11/1998,889574400,2026-08-14T00:00:00
60,MIY,0.0438,5.4005,5.17405,0.0545,9.12,24,Morningstar US CEF Municipal-Single State,16,BlackRock,False,12.64,0.14,12.11,2026-08-25T00:00:00,09254V105,BlackRock MuniYield MI Quality,2026-08-25,XMIYX,Fixed Income - Municipal-Municipal - Single-State,39.82,366.114,0.07200000000000001,Monthly,0.25837,0.0545,15.0,4.9551,,,3.34,,582.856,True,True,True,False,False,False,,2.69,8.65,-1.01,-0.25,0.64,7.21,,,18.14,609210,8.27,,100.9645,,16.35,,11.92166,-3.66489,2.5,2.64,2.73,2026-08-25T00:00:00,1992-10-30T00:00:00,10/30/1992,720403200,2026-08-14T00:00:00
61,MYN,-0.0695,5.85143,6.28864,0.051199999999999996,9.57,23,Morningstar US CEF Municipal-NY,17,"BlackRock Advisors, LLC",False,9.77,0.07,10.5,2026-08-25T00:00:00,09255E102,BlackRock MuniYield NY Quality,2026-08-25,XMYNX,Fixed Income - Municipal-Municipal - NY,22.84,919.588,0.069,Monthly,0.24345,0.051199999999999996,15.0,4.855,,,3.2800000000000002,,1280.806,True,False,True,False,False,False,,1.78,4.46,-1.9100000000000001,-2.92,0.71,1.46,,,12.16,1232310,9.11,,100.2576,,12.59,,9.94267,-8.21438,1.63,1.8900000000000001,1.5899999999999999,2026-08-25T00:00:00,1992-02-28T00:00:00,2/28/1992,699235200,2026-08-14T00:00:00
62,MPA,-0.0803,4.76603,5.18244,0.0477,8.83,24,Morningstar US CEF Municipal-Single State,16,BlackRock,False,11.045,0.03,12.01,2026-08-25T00:00:00,09255G107,BlackRock MuniYield PA Quality,2026-08-25,XMPAX,Fixed Income - Municipal-Municipal - Single-State,38.45,143.029,0.039,Monthly,0.23728000000000002,0.0477,15.0,4.7722999999999995,,,3.23,,252.671,True,False,True,False,False,False,,2.5300000000000002,3.49,-1.69,-2.75,0.01,1.31,,,8.27,314140,9.12,,98.0715,,14.9,,11.262,-8.52002,0.6,1.17,0.65,2026-08-25T00:00:00,1992-10-30T00:00:00,10/30/1992,720403200,2026-08-14T00:00:00
63,MYI,-0.0634,5.78627,6.17811,0.0555,8.81,21,Morningstar US CEF Municipal,16,BlackRock,False,10.78,0.07,11.51,2026-08-25T00:00:00,09254E103,BlackRock MuniYield Qty III,2026-08-25,XMYIX,Fixed Income - Municipal-Municipal,42.32,1318.325,0.04,Monthly,0.27666,0.0555,15.0,5.0585,,,3.23,,2440.342,True,False,True,False,False,False,,2.79,4.54,-1.12,-1.6,0.81,1.5899999999999999,,,9.13,2324270,5.78,,99.7206,,11.76,,10.93437,-7.55794,1.3900000000000001,2.06,1.62,2026-08-25T00:00:00,1992-04-13T00:00:00,4/13/1992,703123200,2026-08-14T00:00:00
64,MQY,-0.0716,5.79517,6.24215,0.057999999999999996,8.5,21,Morningstar US CEF Municipal,17,"BlackRock Advisors, LLC",False,11.15,0.08,12.01,2026-08-25T00:00:00,09254F100,BlackRock Muniyield Quality,2026-08-25,XMQYX,Fixed Income - Municipal-Municipal,42.43,1677.318,0.060000000000000005,Monthly,0.28992,0.057999999999999996,15.0,5.0143,,,3.2,,3138.167,True,False,True,False,False,False,,2.31,3.93,-1.58,-2.4,0.43,2.67,,,8.56,3058520,5.01,,99.4864,,14.22,,11.44854,-7.43489,0.26,0.17,0.38,2026-08-25T00:00:00,1992-06-26T00:00:00,6/26/1992,709516800,2026-08-14T00:00:00
65,BCX,-0.0605,5.94879,6.33157,0.0697,33.07,8,Morningstar US CEF Sector Equity,16,BlackRock,True,13.21,0.08,14.06,2026-08-25T00:00:00,09257A108,BlackRock Resources&Commodities Strategy,2026-08-25,XBCRX,Equity-Sector Equity,0.0,1007.105,,Monthly,0.10812000000000001,0.0697,20.0,,,,1.19,,1071.929,True,True,True,False,True,False,,11.73,15.35,12.37,12.91,14.36,14.27,,,36.0,2125160,,,,,,,11.44998,-6.75203,0.39,0.6,0.8300000000000001,2026-08-25T00:00:00,2011-03-29T00:00:00,3/29/2011,1301356800,2026-08-14T00:00:00
66,BSTZ,-0.0732,5.9761,6.44841,0.1625,46.06,8,Morningstar US CEF Sector Equity,16,BlackRock,True,30.24,0.32,32.63,2026-08-25T00:00:00,09260K101,BlackRock Science and Technology Term,2026-08-25,XBSZX,Equity-Sector Equity,0.77,2078.823,,Monthly,-0.14164000000000002,0.1625,20.0,,,,1.35,,2260.627,True,True,True,False,True,True,,22.55,28.06,3.21,4.13,27.28,31.54,,,48.05,2150290,,,,,,,24.72249,-9.59768,1.35,0.8,1.23,2026-08-25T00:00:00,2019-06-26T00:00:00,6/26/2019,1561507200,2026-08-14T00:00:00
67,BST,-0.0322,5.85938,6.05449,0.25,28.91,8,Morningstar US CEF Sector Equity,16,BlackRock,True,49.55,0.54,51.2,2026-08-25T00:00:00,09258G104,BlackRock Science and Technology Trust,2026-08-25,XBSTX,Equity-Sector Equity,0.1,1720.377,,Monthly,-0.17225000000000001,0.25,20.0,3.9896000000000003,,,1.11,,1779.437,True,True,True,False,True,False,,22.13,20.1,6.63,6.5600000000000005,20.04,18.88,,,31.05,991100,,,,,0.26,0.26,42.55295,-6.40321,1.74,1.72,1.8399999999999999,2026-08-25T00:00:00,2014-10-29T00:00:00,10/29/2014,1414540800,2026-08-14T00:00:00
68,BBN,-0.0416,7.12771,7.43683,0.0986,3.41,20,Morningstar US CEF Taxable Muni,17,"BlackRock Advisors, LLC",True,15.91,0.16,16.6,2026-08-25T00:00:00,09248X100,BlackRock Taxable Municipal Bond Trust,2026-08-25,XBBNX,Fixed Income - Taxable-Taxable Muni,35.56,983.119,0.077,Monthly,0.48995,0.0986,20.0,5.9174,,,3.1,,1591.821,True,False,True,False,True,False,,4.29,5.93,-2.5,-3.15,-1.0,1.17,,,5.06,2034650,3.2800000000000002,,99.5233,,8.35,,16.33887,-4.92293,0.5,1.01,1.33,2026-08-25T00:00:00,2010-08-27T00:00:00,8/27/2010,1282867200,2026-08-14T00:00:00
69,BTX,-0.0931,6.44831,7.11061,0.0525,27.64,10,Morningstar US CEF US Equity,16,BlackRock,True,8.86,0.06,9.77,2026-08-25T00:00:00,09260Q108,BlackRock Tech and Private Equity Term,2026-08-25,XBTPX,Equity-U.S. Equity,1.1,1034.053,,Monthly,-0.044090000000000004,0.0525,20.0,,,,1.46,,1152.924,True,True,True,False,True,True,,7.59,10.77,-5.94,-6.51,20.73,28.33,,,20.93,7823680,,,,,,,7.39199,-13.71436,1.83,1.52,1.75,2026-08-25T00:00:00,2021-03-26T00:00:00,3/26/2021,1616716800,2026-08-14T00:00:00
70,BUI,0.0022,6.89038,6.875,0.154,18.54,8,Morningstar US CEF Sector Equity,16,BlackRock,True,26.88,0.11,26.82,2026-08-25T00:00:00,09248D104,"BlackRock Util, Infra & Power Opp",2026-08-25,XBUIX,Equity-Sector Equity,0.11,808.672,,Monthly,0.13116,0.154,20.0,,,,1.09,,806.867,True,False,False,False,True,False,,14.09,14.87,9.05,9.31,14.27,11.69,,,16.44,747880,,,,,,,27.16218,2.08486,-0.58,-0.9400000000000001,-0.03,2026-08-25T00:00:00,2011-11-23T00:00:00,11/23/2011,1322006400,2026-08-14T00:00:00
71,BHV,0.1471,4.9278,4.29583,0.0455,7.12,24,Morningstar US CEF Municipal-Single State,16,BlackRock,False,12.71,0.06,11.08,2026-08-25T00:00:00,092481100,BlackRock VA Municipal Bond,2026-08-25,XBHVX,Fixed Income - Municipal-Municipal - Single-State,39.64,20.187,0.024,Monthly,0.1615,0.0455,15.0,4.857,,,4.53,,29.156,True,True,True,False,False,False,,0.8200000000000001,11.21,-2.95,-2.48,-0.4,26.13,,,29.18,54380,8.6,,99.2945,,16.77,10.27,11.22806,-2.02975,2.25,1.22,1.49,2026-08-25T00:00:00,2002-04-30T00:00:00,4/30/2002,1020124800,2026-08-14T00:00:00
72,BGX,-0.1253,8.00651,9.15349,0.08199999999999999,0.6,19,Morningstar US CEF Senior Loans,18,Blackstone Liquid Credit Strategies LLC,False,10.75,0.02,12.29,2026-08-25T00:00:00,09257D102,Blackstone Long-Short Credit Income,2026-08-25,XXBGX,Fixed Income - Taxable-Senior Loans,33.79,136.614,,Monthly,0.51573,0.08199999999999999,20.0,7.1205,,,4.65,,235.885,True,False,False,False,False,False,,6.67,7.05,3.69,3.11,-1.24,-4.02,,,-7.07,708460,,,,,17.0,,11.31886,-10.46418,-0.96,-1.15,-0.51,2026-08-25T00:00:00,2011-01-27T00:00:00,1/27/2011,1296086400,2026-08-24T00:00:00
73,BSL,-0.0379,7.8513,8.16074,0.088,-0.26,19,Morningstar US CEF Senior Loans,18,Blackstone Liquid Credit Strategies LLC,False,12.94,0.02,13.45,2026-08-25T00:00:00,09256U105,Blackstone Senior Floating Rt 2027 term,2026-08-25,XBSLX,Fixed Income - Taxable-Senior Loans,33.5,168.478,,Monthly,0.55321,0.088,20.0,7.117,,,4.68,,263.318,True,False,False,False,False,True,,6.16,9.0,4.01,3.99,-1.3599999999999999,-0.14,,,-0.81,429680,,,,,3.73,,13.35932,-3.64406,-0.16,-0.51,0.02,2026-08-25T00:00:00,2010-05-26T00:00:00,5/26/2010,1274832000,2026-08-24T00:00:00
74,BGB,-0.05,7.72881,8.13559,0.076,-0.23,19,Morningstar US CEF Senior Loans,18,Blackstone Liquid Credit Strategies LLC,False,11.21,0.03,11.8,2026-08-25T00:00:00,09257R101,Blackstone Strategic Credit 2027 term,2026-08-25,XBGBX,Fixed Income - Taxable-Senior Loans,38.99,500.849,,Monthly,0.74549,0.076,20.0,6.918,,,5.4,,864.142,True,False,False,False,False,True,,6.57,9.58,3.6,4.63,-1.85,-1.2,,,-2.41,1333770,,,,,17.78,,11.60248,-4.73334,-0.23,-1.4,-0.15,2026-08-25T00:00:00,2012-09-26T00:00:00,9/26/2012,1348617600,2026-08-24T00:00:00
75,BPRE,-0.4653,7.27,13.59669,0.1371,-7.28,7,Morningstar US CEF Real Estate,19,"Bluerock Fund Advisors, LLC",True,12.1,0.03,22.63,2026-08-25T00:00:00,09631P102,Bluerock Private Real Estate Fund,2026-08-25,XBPREX,Equity-Real Estate,,1730.837,,Monthly,,0.1371,14.0,,,,0.0,,3237.094,False,True,True,False,True,False,,-7.01,,-1.4100000000000001,,-3.65,-14.96,,,,0,,,75.3755,,,,,,,-1.17,-1.54,2026-08-25T00:00:00,2014-04-01T00:00:00,4/1/2014,1396310400,2026-08-17T00:00:00
76,DHF,-0.1119,7.83582,8.82353,0.017499999999999998,3.68,14,Morningstar US CEF High Yield,20,BNY Mellon,False,2.38,0.04,2.6799999999999997,2026-08-25T00:00:00,09660L105,BNY Mellon High Yield Strategies Fund,2026-08-25,XDHFX,Fixed Income - Taxable-High Yield,27.52,173.113,,Monthly,0.09917000000000001,0.017499999999999998,15.0,7.0234,0.0,5.32,3.18,,268.934,True,False,False,True,False,False,,9.21,9.79,3.3,0.43,0.92,-1.05,,,-0.13,3531500,5.35,,99.6134,,4.52,3.33,2.4759,-9.38768,-1.05,-0.5,-0.47000000000000003,2026-08-25T00:00:00,1998-04-29T00:00:00,4/29/1998,893808000,2026-08-06T00:00:00
77,DMB,-0.0781,5.26316,5.70885,0.049999999999999996,9.14,21,Morningstar US CEF Municipal,20,BNY Mellon,False,10.51,0.03,11.4,2026-08-25T00:00:00,09662W109,BNY Mellon Muni Bond Infrastructure Fund,2026-08-25,XDMBX,Fixed Income - Municipal-Municipal,35.9,193.447,,Monthly,0.24734,0.049999999999999996,15.0,5.0905,13.84,19.33,3.19,,327.323,True,False,False,True,False,False,,2.42,0.48,-1.34,-3.05,0.05,-1.9100000000000001,,,10.07,578240,0.37,,101.4874,,11.41,8.86,10.7957,-7.45462,-0.26,-1.21,-0.89,2026-08-25T00:00:00,2013-04-26T00:00:00,4/26/2013,1366934400,2026-08-18T00:00:00
78,DSM,-0.08039999999999999,5.67823,6.1749600000000004,0.03,10.33,21,Morningstar US CEF Municipal,20,BNY Mellon,False,5.83,0.06,6.34,2026-08-25T00:00:00,09662E109,BNY Mellon Strategic Muni Bond,2026-08-25,XDSMX,Fixed Income - Municipal-Municipal,34.86,288.169,,Monthly,0.15742,0.03,10.0,5.0273,17.12,18.83,2.73,,481.076,True,False,False,True,False,False,,2.61,4.87,-1.96,-3.02,0.55,-2.92,,,10.44,1105800,1.79,,99.5588,,8.93,8.04,6.01704,-7.09519,-0.73,-0.9400000000000001,-1.22,2026-08-25T00:00:00,1989-11-22T00:00:00,11/22/1989,627696000,2026-08-13T00:00:00
79,LEO,-0.076,5.36513,5.80645,0.03,9.91,21,Morningstar US CEF Municipal,20,BNY Mellon,False,6.2,0.02,6.71,2026-08-25T00:00:00,05588W108,BNY Mellon Strategic Municipals,2026-08-25,XLEOX,Fixed Income - Municipal-Municipal,34.27,386.203,,Monthly,0.15752,0.03,10.0,5.135,16.24,18.69,2.76,,635.892,True,False,True,True,False,False,,3.05,4.32,-1.8,-3.7,0.96,-0.44,,,10.27,2019340,1.06,,99.5242,,9.37,8.23,6.31126,-7.63346,0.03,-0.13,-0.34,2026-08-25T00:00:00,1987-09-23T00:00:00,9/23/1987,559353600,2026-08-13T00:00:00
80,BWG,-0.102,11.2544,12.53264,0.08,4.97,13,Morningstar US CEF Global Income,54,"Franklin Templeton Fund Adviser, LLC",True,7.66,-0.02,8.53,2026-08-25T00:00:00,10537L104,BrandywineGLOBAL â Global Inc Opp Fund,2026-08-25,XBWGX,Fixed Income - Taxable-Global Income,41.34,128.625,,Monthly,0.40321,0.08,20.0,7.6784,,,4.62,,244.195,True,False,False,False,True,False,,6.63,9.64,0.77,1.87,-0.05,-0.96,,,3.41,784240,,,,,,,8.22084,-8.48175,-1.1400000000000001,-1.67,-0.55,2026-08-25T00:00:00,2012-03-28T00:00:00,3/28/2012,1332892800,2026-08-24T00:00:00
81,RA,-0.0955,10.16511,11.2381,0.118,6.25,14,Morningstar US CEF High Yield,21,Brookfield Public Securities Group LLC,True,12.6,0.07,13.93,2026-08-25T00:00:00,112830104,Brookfield Real Assets Income Fund Inc.,2026-08-25,XRAIX,Fixed Income - Taxable-High Yield,25.25,696.209,,Monthly,0.4166,0.118,25.0,6.5568,,,3.34,,1029.713,True,False,False,False,True,False,,8.28,1.74,3.95,1.0,2.64,5.37,,,7.86,1672880,,,95.6177,,8.9,,13.01264,-9.09378,-0.39,-0.42,-0.06,2026-08-25T00:00:00,2016-12-02T00:00:00,12/2/2016,1480636800,2026-08-06T00:00:00
82,CFND,-0.6281,,,,,10,Morningstar US CEF US Equity,23,C1 Advisors LLC,True,2.73,-1.01,7.34,2026-03-31T00:00:00,12673Q103,C1 Fund Inc.,2026-08-25,XCFNDX,Equity-U.S. Equity,,18.2,,Semi-Annually,,,10.0,,,,5.86,,48.933,False,False,False,False,True,False,,,,,,-6.02,-38.57,,,,394260,,,,,,,4.87025,-36.81683,-1.16,-1.26,-1.82,2026-08-25T00:00:00,2025-08-07T00:00:00,8/7/2025,1754524800,
83,CHY,0.0189,9.43396,9.25926,0.09999999999999999,29.64,11,Morningstar US CEF Convertibles,24,Calamos Advisors LLC,False,12.96,0.06,12.72,2026-08-25T00:00:00,12811P108,Calamos Convertible & High Income Fund,2026-08-25,XCHYX,Fixed Income - Taxable-Convertibles,31.64,1041.081,,Monthly,-0.10886,0.09999999999999999,15.0,3.6075,,4.49,4.01,,1494.82,True,True,True,False,False,False,,16.72,14.47,6.19,5.77,18.75,16.47,,,26.77,1898780,,,113.3553,,,,12.02849,-0.76944,1.3599999999999999,0.84,1.27,2026-08-25T00:00:00,2003-05-28T00:00:00,5/28/2003,1054080000,2026-08-14T00:00:00
84,CHI,0.0786,9.53177,8.83721,0.095,29.1,11,Morningstar US CEF Convertibles,24,Calamos Advisors LLC,False,12.9,0.09,11.96,2026-08-25T00:00:00,128117108,Calamos Convertible Opp Inc,2026-08-25,XCHIX,Fixed Income - Taxable-Convertibles,31.02,1041.118,,Monthly,-0.09886,0.095,15.0,3.5722,,4.47,3.98,,1399.303,True,True,True,False,False,False,,16.51,14.96,6.09,6.53,18.55,25.46,,,34.8,1830040,,,113.5724,,,,11.62426,1.68008,2.51,1.18,1.74,2026-08-25T00:00:00,2002-06-26T00:00:00,6/26/2002,1025049600,2026-08-14T00:00:00
85,CCD,0.049,9.8031,9.34505,0.19499999999999998,34.54,11,Morningstar US CEF Convertibles,24,Calamos Advisors LLC,False,25.04,0.19,23.87,2026-08-25T00:00:00,12811V105,Calamos Dynamic Convertible and Income,2026-08-25,XCCDX,Fixed Income - Taxable-Convertibles,29.45,715.715,,Monthly,-0.41014,0.19499999999999998,25.0,2.5787,,4.07,4.26,,967.031,True,True,True,False,False,True,,17.95,17.39,6.36,6.39,22.06,24.67,,,32.75,839460,,,,,,,22.944,1.6990500000000002,1.4100000000000001,0.97,1.1,2026-08-25T00:00:00,2015-03-27T00:00:00,3/27/2015,1427414400,2026-08-14T00:00:00
86,CHW,-0.0944,7.63521,8.43091,0.06,22.9,25,Morningstar US CEF Global Allocation,24,Calamos Advisors LLC,False,8.54,0.03,9.43,2026-08-25T00:00:00,12811L107,Calamos Global Dynamic Income Fund,2026-08-25,XCHWX,Hybrid-Global Allocation,29.5,545.402,,Monthly,-0.03591,0.06,15.0,5.1178,,4.53,3.85,,854.204,True,True,True,False,False,False,,18.72,20.39,7.44,3.52,16.62,16.26,,,24.92,1898990,,,,,,,7.96736,-10.25821,0.64,0.23,0.71,2026-08-25T00:00:00,2007-06-27T00:00:00,6/27/2007,1182902400,2026-08-14T00:00:00
87,CGO,-0.0859,7.47922,8.18182,0.09,23.06,25,Morningstar US CEF Global Allocation,24,Calamos Advisors LLC,False,13.2,0.27,14.44,2026-08-25T00:00:00,128118106,Calamos Global Total Return,2026-08-25,XCGOX,Hybrid-Global Allocation,29.39,129.72,,Monthly,-0.07175000000000001,0.09,15.0,5.0672,,4.39,4.02,,200.983,True,True,True,False,False,False,,19.15,18.74,7.38,4.51,17.31,15.68,,,18.73,274990,,,,,,,12.34355,-8.96071,0.22,1.17,1.48,2026-08-25T00:00:00,2005-10-27T00:00:00,10/27/2005,1130371200,2026-08-14T00:00:00
88,CPZ,-0.1354,10.9375,12.6506,0.13999999999999999,-3.93,5,Morningstar US CEF Global Equity,24,Calamos Advisors LLC,False,13.28,-0.05,15.36,2026-08-25T00:00:00,12812C106,Calamos L/S Equity & Dynamic Inc Trust,2026-08-25,XCPZX,Equity-Global Equity,47.76,260.716,,Monthly,0.08155,0.13999999999999999,20.0,6.5242,,13.21,4.38,,577.241,True,False,False,False,False,False,,4.5600000000000005,5.9,2.77,2.46,-0.77,-4.07,,,-8.28,764680,,,99.1682,,,,14.43288,-9.79667,-1.67,-1.19,-1.31,2026-08-25T00:00:00,2019-11-29T00:00:00,11/29/2019,1574985600,2026-08-14T00:00:00
89,CSQ,-0.0816,7.14286,7.77724,0.13499999999999998,24.06,26,Morningstar US CEF US Allocation,24,Calamos Advisors LLC,False,20.83,0.2,22.68,2026-08-25T00:00:00,128125101,Calamos Strategic Total Return,2026-08-25,XCSQX,Hybrid-U.S. Allocation,27.97,3340.499,,Monthly,-0.08754,0.13499999999999998,15.0,4.1463,,4.71,3.69,,5049.351,True,True,True,False,False,False,,21.86,18.24,12.48,10.08,12.27,9.01,,,18.0,2260660,,,,,,,19.36611,-8.35567,0.11,2.05,2.18,2026-08-25T00:00:00,2004-03-26T00:00:00,3/26/2004,1080259200,2026-08-14T00:00:00
90,CCIF,-0.1604,22.64151,26.96629,0.06,-41.73,19,Morningstar US CEF Senior Loans,25,Carlyle Global Credit Inv Mgmt,True,2.67,-0.08,3.24,2026-07-31T00:00:00,92535C104,Carlyle Credit Income Ord,2026-08-25,XCCIFX,Fixed Income - Taxable-Senior Loans,45.93,56.6,,Monthly,0.18345,0.06,8.65,8.718,,,11.36,,124.684,True,False,False,False,True,False,,-15.42,-14.2,-13.61,-10.34,-32.71,-30.71,,,-36.23,1316750,,,46.8847,,,,4.04226,-9.93705,-1.07,-0.36,-0.89,2026-08-25T00:00:00,2011-12-30T00:00:00,12/30/2011,1325203200,2026-08-19T00:00:00
91,IGR,0.024,15.68627,15.31915,0.06,13.47,7,Morningstar US CEF Real Estate,26,CBRE Investment Management Listed Real Assets LLC,True,4.7,0.05,4.59,2026-08-25T00:00:00,12504G100,CBRE Global Real Estate Income,2026-08-25,XIGRX,Equity-Real Estate,31.56,712.691,,Monthly,0.04079,0.06,15.0,,,,3.84,,1016.945,True,False,True,False,True,False,,5.34,9.24,-2.01,0.11,13.62,16.99,,,12.84,7143330,,,,,,,4.71854,1.09115,0.59,1.77,1.42,2026-08-25T00:00:00,2004-02-18T00:00:00,2/18/2004,1077062400,2026-08-20T00:00:00
92,CET,-0.1533,0.94946,1.12136,0.31,15.81,10,Morningstar US CEF US Equity,27,Central Securities Corp,False,55.29,1.08,65.3,2026-08-21T00:00:00,155123102,Central Securities Corporation,2026-08-25,XCETX,Equity-U.S. Equity,0.32,1633.779,,Semi-Annually,0.8325400000000001,0.31,10.0,,,,0.46,,1929.567,True,True,True,False,False,False,,17.62,18.88,10.71,11.61,6.98,6.0,,,15.93,371190,,,,,,0.05,51.75095,-15.58931,0.3,0.36,0.09,2026-08-25T00:00:00,1980-07-28T00:00:00,7/28/1980,333590400,2026-06-12T00:00:00
93,EMO,-0.08109999999999999,7.34569,7.99408,0.41,27.88,6,Morningstar US CEF MLP,54,"Franklin Templeton Fund Adviser, LLC",False,54.04,-0.11,58.81,2026-08-25T00:00:00,18469P209,ClearBridge Energy Midstream Opportunity,2026-08-25,XEMOX,Equity-MLP,24.19,1080.272,,Monthly,-0.08994,0.41,20.0,,,,3.12,,1550.834,True,True,True,False,False,False,,27.25,28.84,26.38,29.9,26.31,21.49,,,20.81,606200,,,,,,,48.34284,-9.46766,0.55,2.89,1.63,2026-08-25T00:00:00,2011-06-13T00:00:00,6/13/2011,1307923200,2026-08-24T00:00:00
94,GLV,-0.1216,9.71674,11.06189,0.0566,22.2,25,Morningstar US CEF Global Allocation,28,Clough Capital Partners L.P.,True,6.14,0.05,6.99,2026-08-25T00:00:00,18913Y103,Clough Global Dividend and Income,2026-08-25,XGLVX,Hybrid-Global Allocation,32.69,76.195,,Monthly,0.00647,0.0566,20.0,4.8157,,,3.06,,128.874,True,False,False,False,True,False,,12.45,15.75,1.16,0.03,11.55,12.24,,,24.55,407300,,,,,14.73,12.28,6.14222,-11.90376,-0.24,0.5700000000000001,0.23,2026-08-25T00:00:00,2004-07-28T00:00:00,7/28/2004,1090972800,2026-08-18T00:00:00
95,GLQ,-0.10060000000000001,9.7743,10.86708,0.07289999999999999,21.95,5,Morningstar US CEF Global Equity,28,Clough Capital Partners L.P.,True,8.05,0.05,8.95,2026-08-25T00:00:00,18914C100,Clough Global Equity,2026-08-25,XGLQX,Equity-Global Equity,32.88,150.842,,Monthly,-0.056870000000000004,0.07289999999999999,20.0,,,,3.41,,249.875,True,True,True,False,True,False,,17.41,21.32,0.67,-0.6,11.58,12.81,,,24.63,624370,,,,,0.06,,7.98496,-11.33085,1.17,0.34,0.72,2026-08-25T00:00:00,2005-04-27T00:00:00,4/27/2005,1114560000,2026-08-18T00:00:00
96,GLO,-0.10439999999999999,10.03738,11.20696,0.0537,15.94,25,Morningstar US CEF Global Allocation,28,Clough Capital Partners L.P.,True,5.75,-0.01,6.42,2026-08-25T00:00:00,18914E106,Clough Global Opportunities,2026-08-25,XGLOX,Hybrid-Global Allocation,33.54,245.906,,Monthly,-0.0235,0.0537,20.0,4.8199000000000005,,,3.54,,413.11,True,False,True,False,True,False,,13.07,16.99,-1.98,-2.84,7.99,9.96,,,20.07,1524000,,,,,16.96,14.09,5.81306,-11.47543,1.07,0.6900000000000001,0.88,2026-08-25T00:00:00,2006-04-25T00:00:00,4/25/2006,1145923200,2026-08-18T00:00:00
97,FOF,-0.011699999999999999,7.64275,7.7333300000000005,0.087,17.32,26,Morningstar US CEF US Allocation,30,"Cohen &amp; Steers Capital Management, Inc.",False,13.5,0.04,13.66,2026-08-25T00:00:00,19248P106,Cohen & Steers Closed-End Opportunity,2026-08-25,XFOFX,Hybrid-U.S. Allocation,,374.946,,Monthly,0.19373,0.087,20.0,6.1386,,7.64,0.9500000000000001,,379.389,False,True,False,False,False,False,,16.76,16.55,8.12,7.74,6.72,7.66,,,14.04,620080,,,95.6359,,,,13.48572,1.19218,-1.3599999999999999,-2.24,-1.74,2026-08-25T00:00:00,2006-11-20T00:00:00,11/20/2006,1163980800,2026-08-11T00:00:00
98,UTF,-0.013000000000000001,7.1506,7.24479,0.16499999999999998,17.87,8,Morningstar US CEF Sector Equity,29,Cohen &amp; Steers,False,27.33,0.21,27.69,2026-08-25T00:00:00,19248A109,Cohen & Steers Infrastructure,2026-08-25,XUTFX,Equity-Sector Equity,28.1,3055.77,,Monthly,0.20763,0.16499999999999998,20.0,5.4498,,,3.43,,4306.022,True,True,True,False,False,False,,14.33,14.58,8.81,7.52,14.52,20.26,,,12.6,3634160,,,103.041,,7.43,,25.81701,-5.11962,1.37,1.27,1.3599999999999999,2026-08-25T00:00:00,2004-03-30T00:00:00,3/30/2004,1080604800,2026-08-11T00:00:00
99,LDP,-0.0647,7.11634,7.60891,0.131,6.6,18,Morningstar US CEF Preferreds,30,"Cohen &amp; Steers Capital Management, Inc.",False,20.66,0.19,22.09,2026-08-25T00:00:00,19248C105,Cohen & Steers Ltd Duration Pref & Inc,2026-08-25,XLDPX,Fixed Income - Taxable-Preferreds,32.9,600.777,,Monthly,0.6786800000000001,0.131,25.0,,,,3.67,,957.36,True,False,False,False,False,False,,11.21,12.31,4.27,2.41,2.15,1.55,,,3.32,618190,,,,,88.99,,21.07178,-5.77838,-0.48,0.01,0.34,2026-08-25T00:00:00,2012-07-27T00:00:00,7/27/2012,1343347200,2026-08-11T00:00:00
100,RQI,-0.0766,8.03571,8.70266,0.09,19.72,7,Morningstar US CEF Real Estate,29,Cohen &amp; Steers,False,12.41,0.06,13.44,2026-08-25T00:00:00,19247L106,Cohen & Steers Qual Inc Realty,2026-08-25,XRQIX,Equity-Real Estate,26.43,1825.194,,Monthly,0.09720000000000001,0.09,15.0,4.5417000000000005,,,3.45,,2686.805,True,False,False,False,False,False,,11.52,10.66,4.46,3.48,20.75,16.05,,,12.91,4958580,,,102.1293,,7.49,,12.4299,-3.84875,-1.3,-0.32,-1.04,2026-08-25T00:00:00,2002-02-28T00:00:00,2/28/2002,1014854400,2026-08-11T00:00:00
101,RLTY,-0.08349999999999999,7.65661,8.35443,0.11,17.7,7,Morningstar US CEF Real Estate,30,"Cohen &amp; Steers Capital Management, Inc.",True,15.8,0.15,17.24,2026-08-25T00:00:00,19249Q103,Cohen & Steers Real Estate Opp & Inc Fd,2026-08-25,XRLTX,Equity-Real Estate,32.84,264.214,,Monthly,0.11394,0.11,20.0,5.2869,,,4.55,,429.294,True,True,False,False,True,False,,11.02,12.8,,,15.53,13.65,,,13.37,603950,,,104.0393,,,,15.32224,-7.23562,-0.73,0.45,0.03,2026-08-25T00:00:00,2022-02-24T00:00:00,2/24/2022,1645660800,2026-08-11T00:00:00
102,RNP,-0.0708,7.41144,7.97654,0.13599999999999998,13.46,7,Morningstar US CEF Real Estate,30,"Cohen &amp; Steers Capital Management, Inc.",True,20.46,0.21,22.02,2026-08-25T00:00:00,19247X100,Cohen & Steers REIT & Preferred Inc Fd,2026-08-25,XRNPX,Equity-Real Estate,29.87,982.082,,Monthly,0.38016,0.13599999999999998,25.0,5.8091,,,3.37,,1507.087,True,False,False,False,True,False,,11.2,9.46,4.14,3.5,12.09,7.78,,,-0.73,1192940,,,106.003,,6.69,,20.81259,-2.83153,-1.1400000000000001,-0.13,-0.84,2026-08-25T00:00:00,2003-06-27T00:00:00,6/27/2003,1056672000,2026-08-11T00:00:00
103,PSF,-0.1002,7.01299,7.79381,0.126,6.09,18,Morningstar US CEF Preferreds,29,Cohen &amp; Steers,False,19.4,0.14,21.56,2026-08-25T00:00:00,19248Y107,Cohen & Steers Select Preferred & Inc,2026-08-25,XPSFX,Fixed Income - Taxable-Preferreds,33.22,233.347,,Monthly,0.6429,0.126,25.0,7.0987,,,3.76,,388.328,True,False,False,False,False,False,,10.7,8.7,3.14,-1.51,1.6,0.34,,,1.94,376640,,,101.0886,,86.4,,20.1278,-8.25148,-1.21,-0.75,-0.72,2026-08-25T00:00:00,2010-11-24T00:00:00,11/24/2010,1290556800,2026-08-11T00:00:00
104,PTA,-0.0882,7.92509,8.69189,0.13399999999999998,5.21,18,Morningstar US CEF Preferreds,30,"Cohen &amp; Steers Capital Management, Inc.",True,18.5,0.12,20.29,2026-08-25T00:00:00,19249X108,Cohen & Steers Tax-adv Prd Sec and Inc,2026-08-25,XPTAX,Fixed Income - Taxable-Preferreds,35.04,1022.559,,Monthly,0.63166,0.13399999999999998,25.0,7.3128,,,4.36,,1726.403,True,False,False,False,True,False,,9.64,9.85,2.75,2.16,1.19,2.23,,,1.45,1388990,,,103.3882,,,,19.50234,-6.35,-1.54,-2.04,-1.8,2026-08-25T00:00:00,2020-10-28T00:00:00,10/28/2020,1603843200,2026-08-11T00:00:00
105,RFI,-0.0378,8.05369,8.36966,0.08,13.68,7,Morningstar US CEF Real Estate,30,"Cohen &amp; Steers Capital Management, Inc.",False,11.47,0.08,11.92,2026-08-25T00:00:00,19247R103,Cohen & Steers Total Return,2026-08-25,XRFIX,Equity-Real Estate,0.04,306.808,,Monthly,0.14464,0.08,15.0,6.5819,,,0.9400000000000001,,318.97,True,True,False,False,False,False,,9.19,7.55,3.5300000000000002,1.7000000000000002,13.52,9.27,,,5.18,941220,,,,,,,11.46223,-0.93498,-1.0,0.65,-0.38,2026-08-25T00:00:00,1993-09-27T00:00:00,9/27/1993,749088000,2026-08-11T00:00:00
106,STK,-0.0559,3.35875,3.55769,0.46249999999999997,79.59,3,Morningstar US CEF Covered Call,31,"Columbia Mgmt Investment Advisers, LLC",True,52.0,1.01,55.08,2026-08-25T00:00:00,19842X109,Columbia Seligman Premium Technology Gr,2026-08-25,XSTKX,Equity-Covered-Call Funds,,918.389,,Quarterly,-0.09022000000000001,0.46249999999999997,20.0,,,,1.12,,974.821,False,True,False,False,True,False,,35.21,28.66,21.39,19.24,43.2,36.28,,,69.75,566830,,,,,,,42.43136,-4.34703,-0.61,0.0,-0.41000000000000003,2026-08-25T00:00:00,2009-11-25T00:00:00,11/25/2009,1259107200,2026-08-17T00:00:00
107,CLM,0.06810000000000001,23.10618,21.63205,0.1215,15.88,10,Morningstar US CEF US Equity,32,"Cornerstone Advisors, LLC",True,6.74,-0.06,6.31,2026-08-21T00:00:00,21924B302,Cornerstone Strategic Investment Fund,2026-08-25,XCLMX,Equity-U.S. Equity,0.0,1993.46,,Monthly,0.00132,0.1215,38.52,,,,1.1,,1866.281,True,False,False,False,True,False,,18.24,14.53,12.18,11.92,6.91,-0.05,,,11.69,18349380,,,,,,,7.8359000000000005,19.54676,-3.59,-2.83,-3.13,2026-08-25T00:00:00,1987-06-23T00:00:00,6/23/1987,551404800,2026-08-14T00:00:00
108,CRF,0.0588,23.05882,21.77778,0.1176,16.33,10,Morningstar US CEF US Equity,32,"Cornerstone Advisors, LLC",True,6.48,-0.03,6.12,2026-08-21T00:00:00,21924U300,Cornerstone Total Return Fund,2026-08-25,XCRFX,Equity-U.S. Equity,9.5,1042.853,,Monthly,0.00372,0.1176,25.0,,,,1.13,,984.917,True,False,False,False,True,False,,18.41,12.58,12.57,10.62,6.83,-0.26,,,10.4,12326330,,,,,,,7.52,18.40469,-3.36,-2.66,-2.86,2026-08-25T00:00:00,1973-05-16T00:00:00,5/16/1973,106358400,2026-08-14T00:00:00
109,CIK,-0.10289999999999999,8.82353,9.83607,0.02,0.99,14,Morningstar US CEF High Yield,107,UBS Asset Management (Americas) LLC,False,2.44,0.01,2.7199999999999998,2026-08-25T00:00:00,224916106,Credit Suisse Asset Mgmt Income,2026-08-25,XCIKX,Fixed Income - Taxable-High Yield,34.98,133.843,,Monthly,0.10128000000000001,0.02,10.0,6.9712,,,3.7,,229.484,True,False,False,False,False,False,,7.28,2.5300000000000002,3.9699999999999998,2.44,0.2,-8.84,,,-9.97,4683610,,,98.7034,,5.73,,2.69208,-3.75536,-1.54,-0.96,-1.22,2026-08-25T00:00:00,1987-03-23T00:00:00,3/23/1987,543456000,2026-07-16T00:00:00
110,DHY,-0.099,9.6875,10.75145,0.0155,-4.14,14,Morningstar US CEF High Yield,107,UBS Asset Management (Americas) LLC,False,1.73,0.02,1.92,2026-08-25T00:00:00,22544F103,Credit Suisse High Yield Credit,2026-08-25,XDHYX,Fixed Income - Taxable-High Yield,30.67,179.245,,Monthly,0.08308,0.0155,10.0,6.998,,,3.62,,286.925,True,False,False,False,False,False,,5.38,7.12,2.55,2.29,-4.93,-7.21,,,-9.13,6367720,,,98.7615,,5.73,,1.9183500000000002,-6.57031,-1.07,-0.63,-0.31,2026-08-25T00:00:00,1998-07-31T00:00:00,7/31/1998,901843200,2026-07-16T00:00:00
111,DXYZ,0.7351000000000001,,,,188.58,8,Morningstar US CEF Sector Equity,34,Destiny Advisors LLC,True,34.65,3.03,19.97,2025-12-31T00:00:00,25063F107,Destiny Tech100 Inc,2026-08-25,DXYZ,Equity-Sector Equity,,761.479,,Monthly,-0.33773000000000003,,,,,,4.53,,438.867,False,True,False,False,True,False,,,,,,0.0,-25.27,,,-22.93,19820000,,,,,,,30.02552,113.14636,-0.5,0.46,0.21,2026-08-25T00:00:00,2024-03-26T00:00:00,3/26/2024,1711411200,
112,DMA,-0.1568,15.01669,17.81003,0.11249999999999999,-1.87,26,Morningstar US CEF US Allocation,35,Destra Capital Advisors LLC,True,7.58,0.01,8.99,2026-08-25T00:00:00,25065A502,Destra Multi-Alternative,2026-08-25,XDMAX,Hybrid-U.S. Allocation,10.94,67.941,,Monthly,0.19305,0.11249999999999999,,,,,3.29,,90.48,True,False,False,False,True,False,,0.26,23.82,-0.8300000000000001,,-4.34,-7.43,,,0.12,264050,,,,,0.11,,8.25381,-14.65889,-0.4,0.2,0.22,2026-08-25T00:00:00,2022-01-13T00:00:00,1/13/2022,1642032000,2026-08-21T00:00:00
113,DNP,0.1366,8.07453,7.10383,0.065,13.94,8,Morningstar US CEF Sector Equity,39,Duff &amp; Phelps Inv Mgmt Co (IL),True,10.98,0.07,9.66,2026-08-25T00:00:00,23325P104,DNP Select Income,2026-08-25,XDNPX,Equity-Sector Equity,23.19,4159.253,,Monthly,0.10944,0.065,10.0,5.6735,,,2.5300000000000002,,4764.084,True,True,True,False,True,False,,14.34,10.8,9.25,8.67,11.75,12.52,,,18.78,5859660,,,,,7.33,5.71,10.36805,6.53137,2.18,2.13,1.8,2026-08-25T00:00:00,1987-01-21T00:00:00,1/21/1987,538185600,2026-07-31T00:00:00
114,DSL,-0.0682,11.53846,12.38274,0.11,4.18,13,Morningstar US CEF Global Income,37,DoubleLine Capital LP,False,10.66,0.06,11.44,2026-08-25T00:00:00,258622109,DoubleLine Income Solutions Fund,2026-08-25,XDSLX,Fixed Income - Taxable-Global Income,23.61,1221.328,,Monthly,0.47242,0.11,25.0,7.5984,,,2.98,,1715.693,True,False,False,False,False,False,,9.51,6.98,1.17,0.47000000000000003,2.52,1.47,,,-1.3900000000000001,5651700,,,92.0647,,,,11.29934,-4.3456,-1.23,-0.97,-1.25,2026-08-25T00:00:00,2013-04-26T00:00:00,4/26/2013,1366934400,2026-08-19T00:00:00
115,DBL,-0.028200000000000003,9.07216,9.33522,0.11,3.76,17,Morningstar US CEF Multi-Sector,36,DoubleLine,False,14.14,0.08,14.55,2026-08-25T00:00:00,258623107,Doubleline Opportunistic Cred,2026-08-25,XDBLX,Fixed Income - Taxable-Multi-Sector,8.0,279.575,,Monthly,0.46533,0.11,25.0,6.3207,,,2.02,,312.682,True,False,False,False,False,False,,9.24,8.32,2.51,1.6600000000000001,1.63,-2.95,,,0.6,642960,,,84.4462,,,,14.85798,-0.8258800000000001,-1.15,-0.24,-0.49,2026-08-25T00:00:00,2012-01-26T00:00:00,1/26/2012,1327536000,2026-08-19T00:00:00
116,DLY,-0.07690000000000001,9.28032,10.05312,0.1167,4.19,17,Morningstar US CEF Multi-Sector,37,DoubleLine Capital LP,True,13.93,0.09,15.09,2026-08-25T00:00:00,25862D105,DoubleLine Yield Opportunities Fund,2026-08-25,XDLYX,Fixed Income - Taxable-Multi-Sector,16.05,676.154,,Monthly,0.62071,0.1167,20.0,7.4846,,,2.89,,872.459,True,False,False,False,True,False,,8.71,8.89,2.7199999999999998,2.26,1.76,2.38,,,0.59,2085920,,,95.3595,,,,14.45651,-6.48072,-0.77,-0.07,-0.26,2026-08-25T00:00:00,2020-02-25T00:00:00,2/25/2020,1582588800,2026-08-19T00:00:00
117,DTF,-0.0384,3.25543,3.38542,0.0325,2.16,21,Morningstar US CEF Municipal,38,Duff &amp; Phelps,False,11.52,-0.01,11.98,2026-08-25T00:00:00,23334J107,DTF Tax-Free Income 2028 Term,2026-08-25,XDTFX,Fixed Income - Municipal-Municipal,32.16,80.981,,Monthly,0.13742000000000001,0.0325,15.0,4.9315,,,1.08,,84.214,True,True,True,False,False,False,,2.08,4.69,-2.69,-1.63,0.64,2.0,,,5.27,74790,,,104.7125,,8.11,2.2,11.42178,-5.55531,1.81,1.07,1.5,2026-08-25T00:00:00,1991-11-29T00:00:00,11/29/1991,691372800,2026-08-17T00:00:00
118,DPG,-0.10060000000000001,5.55556,6.17708,0.075,24.39,8,Morningstar US CEF Sector Equity,39,Duff &amp; Phelps Inv Mgmt Co (IL),True,14.57,0.03,16.2,2026-08-25T00:00:00,26433C105,Duff & Phelps Utility and Infra Fund Inc,2026-08-25,XDPGX,Equity-Sector Equity,21.51,524.478,,Monthly,0.045200000000000004,0.075,20.0,,,,3.34,,742.962,True,True,True,False,True,False,,19.98,21.78,12.33,9.6,17.54,17.89,,,24.15,721000,,,,,,,13.81365,-10.53023,0.42,0.46,0.99,2026-08-25T00:00:00,2011-07-29T00:00:00,7/29/2011,1311897600,2026-07-31T00:00:00
119,KTF,-0.013500000000000002,8.22472,8.33713,0.061,9.73,21,Morningstar US CEF Municipal,41,"DWS Investment Management Americas, Inc.",False,8.78,0.0,8.9,2026-08-25T00:00:00,233368109,DWS Municipal Income,2026-08-25,XKTFX,Fixed Income - Municipal-Municipal,37.02,344.033,,Monthly,0.19611,0.061,12.0,4.7412,,15.48,3.14,,553.735,True,False,True,False,False,False,,2.74,7.74,-1.83,-0.89,0.8200000000000001,1.83,,,11.99,1332510,,,99.2754,,14.69,9.37,9.10484,-1.6994500000000001,0.38,-0.97,-0.77,2026-08-25T00:00:00,1988-10-20T00:00:00,10/20/1988,593308800,2026-08-19T00:00:00
120,GRF,-0.12380000000000001,6.92182,7.8997,0.85,9.26,10,Morningstar US CEF US Equity,98,Sims Capital Management LLC,False,10.7599,0.36,12.28,2026-08-21T00:00:00,269451100,Eagle Capital Growth,2026-08-25,XGRFX,Equity-U.S. Equity,,42.694,,Annually,0.02503,0.85,10.0,,,,1.28,,48.725,False,True,True,False,False,False,,9.79,10.75,8.04,9.55,3.85,-5.79,,,9.62,28540,,,,,,,10.46199,-13.13789,0.22,2.66,0.81,2026-08-25T00:00:00,1990-07-02T00:00:00,7/2/1990,646876800,2025-11-21T00:00:00
121,ECC,-0.1134,16.66667,18.79896,0.06,-26.06,19,Morningstar US CEF Senior Loans,42,Eagle Point Credit Management,False,3.83,-0.01,4.38,2026-07-31T00:00:00,269808101,Eagle Point Credit Company LLC,2026-08-25,XECCX,Fixed Income - Taxable-Senior Loans,30.45,509.431,,Monthly,0.61938,0.06,20.0,,,,9.21,,826.215,True,False,False,False,False,False,,-2.03,-9.83,-0.41000000000000003,-3.34,-12.38,-22.04,,,-27.07,14636730,,,,,,,4.96341,-8.62138,-0.34,0.85,0.19,2026-08-25T00:00:00,2014-10-08T00:00:00,10/8/2014,1412726400,2026-08-11T00:00:00
122,EIC,-0.1797,10.78431,13.14741,0.11,-4.54,14,Morningstar US CEF High Yield,43,Eagle Point Income Management LLC,False,10.04,0.08,12.35,2026-07-31T00:00:00,269817102,Eagle Point Income Co Inc,2026-08-25,XEICX,Fixed Income - Taxable-High Yield,11.84,231.359,,Monthly,,0.11,19.89,10.1647,,,6.36,,319.938,True,False,False,False,False,False,,11.99,5.03,6.41,3.33,-1.4100000000000001,-5.78,,,-12.73,1497020,,,87.475,,,,10.96656,-16.12644,-0.35000000000000003,0.22,0.27,2026-08-25T00:00:00,2019-07-23T00:00:00,7/23/2019,1563840000,2026-08-11T00:00:00
123,CEV,-0.0037,5.52486,5.54529,0.049999999999999996,10.24,22,Morningstar US CEF Municipal-CA,45,Eaton Vance Management,False,10.82,-0.02,10.86,2026-08-25T00:00:00,27826F101,Eaton Vance CA Muni Inc,2026-08-25,XCEVX,Fixed Income - Municipal-Municipal - CA,33.03,76.103,0.02,Monthly,0.23213,0.049999999999999996,15.0,6.8647,,,2.48,,114.052,True,True,True,False,False,False,,2.6,5.21,-1.6800000000000002,-1.48,1.16,3.5300000000000002,,,12.75,276180,3.0,,101.3992,,,9.77,10.26971,-7.18163,3.66,2.85,3.51,2026-08-25T00:00:00,1999-01-29T00:00:00,1/29/1999,917568000,2026-08-13T00:00:00
124,EOI,-0.0616,7.54511,8.04006,0.1338,9.22,3,Morningstar US CEF Covered Call,45,Eaton Vance Management,True,19.97,0.11,21.28,2026-08-25T00:00:00,278274105,Eaton Vance Enhanced Equity Income,2026-08-25,XEOIX,Equity-Covered-Call Funds,,818.805,,Monthly,-0.04159,0.1338,20.0,,,,1.1,,872.517,False,False,False,False,True,False,,16.51,14.47,10.75,9.71,4.48,0.75,,,2.05,799600,,,,,,,20.13483,-3.75412,-0.85,0.79,-0.35000000000000003,2026-08-25T00:00:00,2004-10-26T00:00:00,10/26/2004,1098748800,2026-08-14T00:00:00
125,EOS,-0.0984,7.68545,8.52425,0.1523,5.53,3,Morningstar US CEF Covered Call,44,Eaton Vance,True,21.44,0.04,23.78,2026-08-25T00:00:00,278277108,Eaton Vance Enhanced Equity Income II,2026-08-25,XEOSX,Equity-Covered-Call Funds,,1143.095,,Monthly,-0.07293,0.1523,20.0,,,,1.09,,1267.855,False,False,False,False,True,False,,15.86,13.76,8.35,6.41,1.02,-4.66,,,-4.54,1171560,,,,,,,22.4867,-6.82847,-1.11,-0.91,-0.99,2026-08-25T00:00:00,2005-01-26T00:00:00,1/26/2005,1106697600,2026-08-14T00:00:00
126,EFT,-0.10800000000000001,6.83417,7.66197,0.06799999999999999,1.03,19,Morningstar US CEF Senior Loans,45,Eaton Vance Management,False,10.65,-0.09,11.94,2026-08-25T00:00:00,278279104,Eaton Vance Floating-Rate Income,2026-08-25,XEFTX,Fixed Income - Taxable-Senior Loans,31.66,283.056,,Monthly,0.42226,0.06799999999999999,20.0,6.7698,,,4.45,,464.342,True,False,False,False,False,False,,6.3,5.79,4.94,3.06,-0.13,-2.05,,,-6.55,1111830,,,,,,,11.15966,-9.20671,-0.98,-0.67,-0.5700000000000001,2026-08-25T00:00:00,2004-06-29T00:00:00,6/29/2004,1088467200,2026-08-14T00:00:00
127,EVV,-0.086,8.352,9.13786,0.0696,3.46,16,Morningstar US CEF Limited Duration,44,Eaton Vance,False,9.14,0.04,10.0,2026-08-25T00:00:00,27828H105,Eaton Vance Limited Duration Income,2026-08-25,XEVVX,Fixed Income - Taxable-Limited Duration,40.81,1062.1,,Monthly,0.31291,0.0696,20.0,6.6631,,0.0,4.04,,1963.186,True,False,False,False,False,False,,7.38,8.15,3.22,2.33,-0.09,-3.22,,,-1.51,3243920,,,97.9783,,,,9.69215,-6.13891,-1.27,-0.48,-0.79,2026-08-25T00:00:00,2003-05-30T00:00:00,5/30/2003,1054252800,2026-08-13T00:00:00
128,EIM,-0.0621,5.91271,6.30403,0.0508,7.58,21,Morningstar US CEF Municipal,45,Eaton Vance Management,False,9.67,0.06,10.31,2026-08-25T00:00:00,27827X101,Eaton Vance Municipal Bond,2026-08-25,XEIMX,Fixed Income - Municipal-Municipal,30.81,496.773,0.030000000000000002,Monthly,0.24144000000000002,0.0508,15.0,6.6154,,,2.88,,765.497,True,False,True,False,False,False,,2.0,4.35,-1.6600000000000001,-2.18,0.6900000000000001,1.85,,,6.14,1547120,7.0,,104.6316,,,8.07,9.85148,-6.98606,0.71,1.31,0.92,2026-08-25T00:00:00,2002-08-30T00:00:00,8/30/2002,1030665600,2026-08-14T00:00:00
129,EVN,0.023700000000000002,5.83507,5.7,0.0513,8.54,21,Morningstar US CEF Municipal,44,Eaton Vance,False,10.8,0.09,10.55,2026-08-25T00:00:00,27826U108,Eaton Vance Municipal Income,2026-08-25,XEVNX,Fixed Income - Municipal-Municipal,34.12,431.167,0.045,Monthly,0.26558,0.0513,15.0,7.2679,,,2.46,,639.339,True,False,True,False,False,False,,3.29,7.19,-1.38,-1.16,1.56,-0.36,,,5.38,776200,7.0,,102.7977,,,7.67,10.82661,0.50866,1.06,0.9400000000000001,1.31,2026-08-25T00:00:00,1999-01-29T00:00:00,1/29/1999,917568000,2026-08-13T00:00:00
130,EOT,-0.031400000000000004,4.59933,4.74855,0.0683,8.21,21,Morningstar US CEF Municipal,45,Eaton Vance Management,False,17.26,-0.02,17.82,2026-08-25T00:00:00,27829L105,Eaton Vance National Municipal Opprs Tr,2026-08-25,XEOTX,Fixed Income - Municipal-Municipal,12.64,269.686,0.099,Monthly,0.41933000000000004,0.0683,20.0,5.6835,,,1.25,,318.733,True,True,True,False,False,False,,3.77,4.59,-0.36,-1.32,1.48,5.1,,,13.17,370720,20.0,,98.0285,,,9.17,17.06708,-5.61789,1.3,0.81,0.97,2026-08-25T00:00:00,2009-05-27T00:00:00,5/27/2009,1243382400,2026-08-14T00:00:00
131,ETJ,-0.0836,8.48208,9.25592,0.06509999999999999,2.55,3,Morningstar US CEF Covered Call,45,Eaton Vance Management,True,8.44,0.04,9.21,2026-08-25T00:00:00,27829G106,Eaton Vance Risk-Mgd Divers Eq Inc,2026-08-25,XETJX,Equity-Covered-Call Funds,,568.027,,Monthly,-0.01834,0.06509999999999999,20.0,,,,1.12,,619.849,False,False,True,False,True,False,,10.88,9.95,6.35,2.98,-0.32,0.8200000000000001,,,2.83,1342660,,,,,,,8.62554,-8.77999,0.49,0.67,0.6900000000000001,2026-08-25T00:00:00,2007-07-31T00:00:00,7/31/2007,1185840000,2026-08-14T00:00:00
132,EFR,-0.1008,7.11262,7.9096,0.06999999999999999,1.78,19,Morningstar US CEF Senior Loans,45,Eaton Vance Management,False,10.62,0.01,11.81,2026-08-25T00:00:00,27828Q105,Eaton Vance Senior Floating Rate,2026-08-25,XEFRX,Fixed Income - Taxable-Senior Loans,31.17,313.541,,Monthly,0.42058,0.06999999999999999,20.0,6.7598,,4.83,3.26,,506.579,True,False,False,False,False,False,,6.35,5.06,5.05,3.66,0.48,-0.63,,,-3.65,1450070,,,,,,,10.90207,-9.78949,-0.18,0.81,1.17,2026-08-25T00:00:00,2003-11-24T00:00:00,11/24/2003,1069632000,2026-08-14T00:00:00
133,EVF,-0.11900000000000001,6.8206,7.74194,0.032,1.97,19,Morningstar US CEF Senior Loans,45,Eaton Vance Management,False,4.96,0.01,5.63,2026-08-25T00:00:00,27826S103,Eaton Vance Senior Income,2026-08-25,XEVFX,Fixed Income - Taxable-Senior Loans,36.03,90.125,,Monthly,0.22784000000000001,0.032,10.0,6.8671,,,2.89,,159.915,True,False,False,False,False,False,,6.53,6.21,4.95,3.44,0.64,-1.04,,,-3.7800000000000002,794770,,,,,,,5.18336,-9.90695,-1.02,-0.25,-0.35000000000000003,2026-08-25T00:00:00,1998-10-30T00:00:00,10/30/1998,909705600,2026-08-13T00:00:00
134,EVG,-0.0369,7.9135100000000005,8.21703,0.0732,6.59,16,Morningstar US CEF Limited Duration,45,Eaton Vance Management,True,10.69,0.14,11.1,2026-08-25T00:00:00,27828V104,Eaton Vance Short Duration Divers Inc,2026-08-25,XEVGX,Fixed Income - Taxable-Limited Duration,12.33,143.854,,Monthly,0.30311,0.0732,20.0,5.7273,,,2.77,,170.372,True,False,False,False,True,False,,9.52,10.48,4.99,4.52,2.15,0.97,,,3.01,371240,,,97.5071,,,,10.89315,-3.46074,-0.17,0.71,0.91,2026-08-25T00:00:00,2005-02-28T00:00:00,2/28/2005,1109548800,2026-08-14T00:00:00
135,ETG,-0.0904,5.81995,6.39835,0.1293,28.98,5,Morningstar US CEF Global Equity,45,Eaton Vance Management,False,24.25,0.22,26.66,2026-08-25T00:00:00,27828S101,Eaton Vance Tax Adv Global Dividend Inc,2026-08-25,XETGX,Equity-Global Equity,15.39,1850.806,,Monthly,0.39383,0.1293,20.0,7.0383,,,2.2800000000000002,,2404.742,True,True,False,False,False,False,,18.73,19.66,10.8,10.91,13.43,6.38,,,22.16,1104740,,,,,3.76,,22.34985,-7.28971,-0.8,1.09,0.27,2026-08-25T00:00:00,2004-01-30T00:00:00,1/30/2004,1075420800,2026-08-14T00:00:00
136,EVT,-0.0644,6.36135,6.79931,0.1646,25.74,26,Morningstar US CEF US Allocation,45,Eaton Vance Management,True,29.05,0.06,31.05,2026-08-25T00:00:00,27828G107,Eaton Vance Tax Advantaged Dividend Inc,2026-08-25,,Hybrid-U.S. Allocation,16.19,2165.468,,Monthly,0.12479,0.1646,20.0,7.0577,,,2.27,,2761.553,True,True,True,False,True,False,,15.39,15.03,9.68,8.76,16.62,16.8,,,27.03,1019700,,,,,4.98,,25.71437,-8.51297,1.97,1.4100000000000001,1.71,2026-08-25T00:00:00,2003-09-30T00:00:00,9/30/2003,1064880000,2026-08-14T00:00:00
137,ETO,-0.09910000000000001,5.90628,6.55612,0.17329999999999998,26.77,25,Morningstar US CEF Global Allocation,45,Eaton Vance Management,True,31.72,0.22,35.21,2026-08-25T00:00:00,27828U106,Eaton Vance Tax-Advantaged Glbl Div Opp,2026-08-25,XETOX,Hybrid-Global Allocation,15.15,519.832,,Monthly,0.64905,0.17329999999999998,20.0,7.1114,,,2.26,,680.026,True,True,False,False,True,False,,17.82,18.07,9.92,8.9,12.25,6.07,,,21.19,319060,,,,,3.63,,29.29778,-8.93645,-0.77,0.61,0.01,2026-08-25T00:00:00,2004-04-30T00:00:00,4/30/2004,1083283200,2026-08-14T00:00:00
138,ETB,-0.08039999999999999,7.44633,8.09694,0.10579999999999999,18.28,3,Morningstar US CEF Covered Call,45,Eaton Vance Management,True,15.68,0.13,17.05,2026-08-25T00:00:00,27828X100,Eaton Vance Tax-Managed Buy-Write Income,2026-08-25,XETBX,Equity-Covered-Call Funds,,460.596,,Monthly,0.01037,0.10579999999999999,20.0,,,,1.12,,500.839,False,True,False,False,True,False,,14.57,13.31,10.0,7.55,8.43,6.28,,,15.87,524640,,,,,,,15.21636,-7.22122,-0.84,0.56,-0.14,2026-08-25T00:00:00,2005-04-27T00:00:00,4/27/2005,1114560000,2026-08-14T00:00:00
139,ETV,-0.0633,7.39206,7.89139,0.0993,15.77,3,Morningstar US CEF Covered Call,45,Eaton Vance Management,True,15.1,0.12,16.12,2026-08-25T00:00:00,27828Y108,Eaton Vance Tax-Managed Buy-Write Opp,2026-08-25,XETVX,Equity-Covered-Call Funds,,1762.994,,Monthly,0.00105,0.0993,20.0,,,,1.08,,1882.084,False,True,True,False,True,False,,14.55,12.82,8.89,6.75,5.05,7.06,,,15.47,1791930,,,,,,,14.46465,-7.14845,0.8,-0.21,0.53,2026-08-25T00:00:00,2005-06-27T00:00:00,6/27/2005,1119830400,2026-08-14T00:00:00
140,ETY,-0.091,7.5199,8.27241,0.0992,10.21,3,Morningstar US CEF Covered Call,45,Eaton Vance Management,True,14.39,0.08,15.83,2026-08-25T00:00:00,27828N102,Eaton Vance Tax-Managed Divrs Equity Inc,2026-08-25,XETYX,Equity-Covered-Call Funds,,2292.048,,Monthly,-0.02538,0.0992,20.0,,,,1.06,,2521.412,False,False,False,False,True,False,,16.46,13.8,11.11,8.78,5.11,-1.5899999999999999,,,-0.64,2289840,,,,,,,14.97753,-3.4910200000000002,-1.62,-1.31,-1.6099999999999999,2026-08-25T00:00:00,2006-11-27T00:00:00,11/27/2006,1164585600,2026-08-14T00:00:00
141,EXG,-0.08039999999999999,7.28651,7.92362,0.0657,24.9,3,Morningstar US CEF Covered Call,45,Eaton Vance Management,True,9.95,0.08,10.82,2026-08-25T00:00:00,27829F108,Eaton Vance Tax-Mgd Glb Divrs Equity Inc,2026-08-25,XEXGX,Equity-Covered-Call Funds,,3044.063,,Monthly,0.03165,0.0657,20.0,,,,1.07,,3310.228,False,True,False,False,True,False,,15.26,16.59,9.33,8.45,11.2,7.73,,,21.67,4550320,,,,,,,9.36061,-6.7652,-0.99,0.0,-0.27,2026-08-25T00:00:00,2007-02-23T00:00:00,2/23/2007,1172188800,2026-08-14T00:00:00
142,ETW,-0.09960000000000001,7.28336,8.08934,0.0664,21.94,3,Morningstar US CEF Covered Call,44,Eaton Vance,True,9.85,0.11,10.94,2026-08-25T00:00:00,27829C105,Eaton Vance Tx-Mgd Glbl Buy-Write Opp,2026-08-25,XETWX,Equity-Covered-Call Funds,,1069.688,,Monthly,0.01102,0.0664,20.0,,,,1.1,,1188.06,False,True,True,False,True,False,,14.12,14.5,8.19,6.17,9.05,8.4,,,19.59,3125150,,,,,,,9.25655,-10.04365,0.09,1.37,0.73,2026-08-25T00:00:00,2005-09-28T00:00:00,9/28/2005,1127865600,2026-08-14T00:00:00
143,EARN,0.0805,23.41463,21.67043,0.08,-17.94,19,Morningstar US CEF Senior Loans,46,Ellington Credit Co Management LLC,True,4.43,-0.15,4.18,2026-06-30T00:00:00,288578107,Ellington Credit Company,2026-08-25,EARN,Fixed Income - Taxable-Senior Loans,51.51,169.098,,Monthly,,0.08,5.5,,,,8.65,,322.776,True,False,True,False,True,False,,,-8.49,,-12.9,-10.89,-7.08,,,-9.81,3949920,,,,,,,4.97069,-3.14363,0.9500000000000001,-0.35000000000000003,0.4,2026-08-25T00:00:00,2025-04-01T00:00:00,4/1/2025,1743465600,2026-07-31T00:00:00
144,ECF,-0.1292,6.14525,7.05694,0.22,23.15,11,Morningstar US CEF Convertibles,60,Gabelli Funds LLC,False,12.47,0.05,14.32,2026-08-25T00:00:00,289074106,Ellsworth Growth and Income Fund,2026-08-25,XECFX,Fixed Income - Taxable-Convertibles,13.42,170.314,,Quarterly,0.01674,0.22,10.0,2.3543,,,1.22,,225.886,True,True,False,False,False,False,,18.15,19.14,5.15,4.07,12.48,7.9,,,24.87,316810,,,,,52.2,,12.15082,-10.74715,-1.32,-1.4,-1.4100000000000001,2026-08-25T00:00:00,1986-06-20T00:00:00,6/20/1986,519609600,2026-06-15T00:00:00
145,EEA,-0.1371,3.34449,3.87578,0.21989999999999998,16.97,5,Morningstar US CEF Global Equity,40,DWS,False,11.3474,0.14,13.15,2026-08-25T00:00:00,298768102,European Equity Fund,2026-08-25,XEEAX,Equity-Global Equity,0.32,76.319,,Semi-Annually,0.00941,0.21989999999999998,10.0,,,,1.42,,88.443,True,True,True,False,False,False,,11.39,12.43,6.04,7.15,9.95,9.21,,,19.6,287100,,,,,,,10.70952,-13.93965,0.15,1.42,1.24,2026-08-25T00:00:00,1986-07-23T00:00:00,7/23/1986,522460800,2026-05-26T00:00:00
146,ETX,0.0,5.18453,5.18453,0.07819999999999999,3.12,21,Morningstar US CEF Municipal,45,Eaton Vance Management,False,18.1,0.0,18.1,2026-08-25T00:00:00,27829U105,EV Municipal Income 2028 Term Trust,2026-08-25,XETTX,Fixed Income - Municipal-Municipal,3.27,197.219,0.17300000000000001,Monthly,0.34061,0.07819999999999999,20.0,4.4384,,,0.89,,203.889,True,False,False,False,False,True,,3.52,6.11,0.76,-0.33,1.13,0.2,,,5.11,177770,2.0,,101.174,,,2.12,18.85577,2.5385,-1.94,-1.5899999999999999,-1.8,2026-08-25T00:00:00,2013-03-26T00:00:00,3/26/2013,1364256000,2026-08-14T00:00:00
147,FMN,-0.09,4.45912,4.90018,0.045,8.67,21,Morningstar US CEF Municipal,47,Federated Advisers,False,11.02,0.03,12.11,2026-08-25T00:00:00,31423P108,Federated Premier Municipal Income,2026-08-25,XFMNX,Fixed Income - Municipal-Municipal,37.72,86.162,,Monthly,0.27121,0.045,15.0,5.0469,,,3.7,,152.034,True,False,True,False,False,False,,3.38,5.91,-1.51,-2.55,0.35000000000000003,2.77,,,10.56,268780,15.72,,103.46340000000001,,14.59,8.69,11.1331,-10.23718,1.44,0.52,0.86,2026-08-25T00:00:00,2002-12-20T00:00:00,12/20/2002,1040342400,2026-08-21T00:00:00
148,FFA,-0.0965,6.07843,6.72743,0.38749999999999996,22.4,3,Morningstar US CEF Covered Call,49,First Trust Advisors L.P.,True,23.04,0.02,25.5,2026-08-25T00:00:00,337318109,First Trust Enhanced Equity Income,2026-08-25,XFFAX,Equity-Covered-Call Funds,,460.525,,Quarterly,0.03341,0.38749999999999996,20.0,,,,1.12,,509.696,False,True,False,False,True,False,,17.96,15.03,11.34,9.37,9.69,6.13,,,16.11,264120,,,,,,,21.92004,-8.78814,-0.64,0.43,0.1,2026-08-25T00:00:00,2004-08-26T00:00:00,8/26/2004,1093478400,2026-06-22T00:00:00
149,FTHY,-0.0366,10.76813,11.17735,0.125,2.64,14,Morningstar US CEF High Yield,49,First Trust Advisors L.P.,True,13.42,0.04,13.93,2026-08-25T00:00:00,33741Q107,FIRST TRUST HY OPPORTUNITIES 2027 Term,2026-08-25,XFTHYX,Fixed Income - Taxable-High Yield,21.34,493.494,,Monthly,0.42555,0.125,20.0,6.43,,,3.5,,651.248,True,False,True,False,True,True,,6.53,10.37,1.55,2.62,-0.84,3.22,,,3.75,1006960,,,98.6569,,,,13.879480000000001,-4.24733,0.56,-0.32,0.41000000000000003,2026-08-25T00:00:00,2020-06-25T00:00:00,6/25/2020,1593043200,2026-08-03T00:00:00
150,FPF,-0.054299999999999994,8.79062,9.29577,0.13749999999999998,5.68,18,Morningstar US CEF Preferreds,49,First Trust Advisors L.P.,False,17.75,0.1,18.77,2026-08-25T00:00:00,33718W103,First Trust Inter Dur Pref & Income Fund,2026-08-25,XFPFX,Fixed Income - Taxable-Preferreds,36.37,1080.049,,Monthly,0.64279,0.13749999999999998,25.0,7.3995,,,4.2,,1795.056,True,False,False,False,False,False,,10.91,13.58,2.22,0.7000000000000001,-0.2,-1.08,,,1.92,1197030,,,101.3111,,5.93,,18.4787,-5.16767,-0.2,0.39,0.3,2026-08-25T00:00:00,2013-05-23T00:00:00,5/23/2013,1369267200,2026-08-03T00:00:00
151,FMY,-0.0695,6.23501,6.70103,0.065,4.38,15,Morningstar US CEF Investment Grade,49,First Trust Advisors L.P.,False,11.64,0.09,12.51,2026-08-25T00:00:00,33734E103,First Trust Mortgage Income,2026-08-25,XFMYX,Fixed Income - Taxable-Investment Grade,7.11,49.041,,Monthly,0.16028,0.065,20.0,5.027,,,1.4,,52.706,True,False,False,False,False,False,,7.43,7.99,3.62,3.04,0.3,-1.11,,,1.19,62880,,,90.346,,,,11.93278,-6.15458,-0.6900000000000001,-0.08,-0.26,2026-08-25T00:00:00,2005-05-25T00:00:00,5/25/2005,1116979200,2026-08-03T00:00:00
152,DFP,-0.0716,7.09631,7.6432400000000005,0.1314,5.73,18,Morningstar US CEF Preferreds,51,Flaherty &amp; Crumrine Inc,False,20.63,0.0,22.22,2026-08-25T00:00:00,33848W106,Flah & Crum Dynamic Pref & Income Fund,2026-08-25,XDFPX,Fixed Income - Taxable-Preferreds,37.71,423.702,,Monthly,0.77839,0.1314,25.0,7.3869,,,4.3,,732.657,True,False,True,False,False,False,,10.69,12.1,2.64,0.32,1.27,4.35,,,7.8100000000000005,540800,,,102.9091,,7.14,,21.04344,-7.16248,0.0,0.56,0.49,2026-08-25T00:00:00,2013-05-24T00:00:00,5/24/2013,1369353600,2026-08-24T00:00:00
153,FFC,-0.06570000000000001,7.30192,7.81569,0.1046,6.09,18,Morningstar US CEF Preferreds,51,Flaherty &amp; Crumrine Inc,False,16.06,0.15,17.19,2026-08-25T00:00:00,338478100,Flah&Crum Preferred Securities,2026-08-25,XFFCX,Fixed Income - Taxable-Preferreds,37.74,773.737,,Monthly,0.624,0.1046,25.0,7.3168,,,4.1,,1330.178,True,False,True,False,False,False,,11.02,13.4,2.58,0.18,1.44,2.1,,,6.45,1069090,,,102.3775,,7.28,,16.32979,-6.83267,0.2,0.54,0.93,2026-08-25T00:00:00,2003-01-31T00:00:00,1/31/2003,1043971200,2026-08-24T00:00:00
154,FLC,-0.0992,6.9436,7.70861,0.10669999999999999,5.71,18,Morningstar US CEF Preferreds,51,Flaherty &amp; Crumrine Inc,False,16.61,0.07,18.44,2026-08-25T00:00:00,338479108,Flah&Crum Total Return Fund,2026-08-25,XFLCX,Fixed Income - Taxable-Preferreds,38.06,173.688,,Monthly,0.629,0.10669999999999999,25.0,7.4035,,,4.5600000000000005,,311.324,True,False,False,False,False,False,,10.61,12.43,2.33,-0.07,1.17,-0.53,,,4.93,221090,,,103.068,,7.57,,17.25207,-8.30252,-1.3,-0.61,-0.8,2026-08-25T00:00:00,2003-08-29T00:00:00,8/29/2003,1062115200,2026-08-24T00:00:00
155,PFD,-0.0931,6.83077,7.53214,0.0703,5.5600000000000005,18,Morningstar US CEF Preferreds,50,Flaherty &amp; Crumrine,False,11.2,-0.02,12.35,2026-08-25T00:00:00,338480106,Flaherty & Crumrine Preferred Income,2026-08-25,XPFDX,Fixed Income - Taxable-Preferreds,36.46,143.949,,Monthly,0.41405000000000003,0.0703,15.0,7.2969,,,4.31,,249.829,True,False,False,False,False,False,,10.34,11.17,2.44,-1.01,1.33,-0.62,,,6.95,266380,,,103.0638,,7.33,,11.65257,-7.39116,-1.73,-2.25,-1.45,2026-08-25T00:00:00,1991-01-31T00:00:00,1/31/1991,665280000,2026-08-24T00:00:00
156,PFO,-0.1042,6.75,7.53488,0.0567,5.65,18,Morningstar US CEF Preferreds,51,Flaherty &amp; Crumrine Inc,False,9.03,0.05,10.08,2026-08-25T00:00:00,33848E106,Flaherty & Crumrine Preferred Income Opp,2026-08-25,XPFOX,Fixed Income - Taxable-Preferreds,37.94,118.088,,Monthly,0.34372,0.0567,12.5,7.4124,,,4.62,,212.419,True,False,False,False,False,False,,10.45,12.17,2.32,0.13,1.33,0.8300000000000001,,,5.98,329090,,,102.9109,,7.54,,9.3771,-8.62505,-1.28,-1.27,-1.0,2026-08-25T00:00:00,1992-02-13T00:00:00,2/13/1992,697939200,2026-08-24T00:00:00
157,FXBY,-0.35359999999999997,0.33757,0.5222600000000001,0.13,30.13,10,Morningstar US CEF US Equity,73,Midas Management Corporation,False,24.8916,0.0,38.51,2026-08-25T00:00:00,351645205,FOXBY CORP,2026-08-25,,Equity-U.S. Equity,13.26,12.986,,Annually,-0.20582,0.13,10.0,,,,2.98,,23.163,True,True,False,False,False,False,,22.59,26.16,14.31,15.54,14.94,-1.5899999999999999,,,33.4,2600,,,,,,,21.92399,-34.93231,-0.1,1.5899999999999999,0.17,2026-08-25T00:00:00,1999-10-29T00:00:00,10/29/1999,941155200,2025-12-15T00:00:00
158,FTF,-0.0839,11.67722,12.74611,0.0615,3.65,16,Morningstar US CEF Limited Duration,53,"Franklin Advisers, Inc.",True,5.79,0.05,6.32,2026-08-25T00:00:00,35472T101,Franklin Limited Duration Income Trust,2026-08-25,XFTFX,Fixed Income - Taxable-Limited Duration,28.92,233.947,,Monthly,0.28578,0.0615,15.0,6.7342,,,3.66,,359.252,True,False,False,False,True,False,,6.85,8.89,3.38,2.59,1.72,-0.18,,,0.76,1907030,,,98.5867,,5.86,,6.03868,-7.91134,-0.35000000000000003,1.05,0.53,2026-08-25T00:00:00,2003-08-27T00:00:00,8/27/2003,1061942400,2026-08-24T00:00:00
159,PMM,-0.0414,6.07362,6.336,0.033,9.28,21,Morningstar US CEF Municipal,53,"Franklin Advisers, Inc.",False,6.25,0.02,6.52,2026-08-25T00:00:00,746823103,Franklin Managed Municipal Income,2026-08-25,XPMMX,Fixed Income - Municipal-Municipal,29.71,267.709,,Monthly,0.15044,0.033,10.0,5.0149,11.0388,18.66,1.06,,397.324,True,True,True,True,False,False,,4.86,6.27,-0.34,-1.25,1.17,2.73,,,13.12,1009240,,,94.3248,,12.95,9.47,6.22012,-6.77372,1.58,0.48,1.01,2026-08-25T00:00:00,1989-02-24T00:00:00,2/24/1989,604281600,2026-08-24T00:00:00
160,PIM,-0.0509,7.90419,8.32808,0.022,4.5600000000000005,15,Morningstar US CEF Investment Grade,53,"Franklin Advisers, Inc.",False,3.17,0.02,3.34,2026-08-25T00:00:00,746909100,Franklin Master Intermediate Income,2026-08-25,XPIMX,Fixed Income - Taxable-Investment Grade,36.93,152.744,,Monthly,0.07573,0.022,10.0,5.6026,,5.83,1.02,,255.159,True,False,False,False,False,False,,7.07,7.12,3.22,2.24,1.29,-1.99,,,1.58,967480,,,92.1737,,,,3.27253,-4.61157,-0.28,1.53,0.7000000000000001,2026-08-25T00:00:00,1988-04-29T00:00:00,4/29/1988,578275200,2026-08-24T00:00:00
161,PMO,-0.0689,5.6573,6.07595,0.052,8.54,21,Morningstar US CEF Municipal,53,"Franklin Advisers, Inc.",False,10.27,0.02,11.03,2026-08-25T00:00:00,746922103,Franklin Municipal Opportunities,2026-08-25,XPMOX,Fixed Income - Municipal-Municipal,34.61,281.392,,Monthly,0.22914,0.052,15.0,4.9449000000000005,21.2967,17.07,1.04,,462.18,True,False,True,True,False,False,,3.89,4.34,-0.54,-2.21,0.25,-1.6,,,9.84,649570,,,96.3899,,12.91,9.36,10.44357,-7.61182,0.7000000000000001,0.17,0.58,2026-08-25T00:00:00,1993-05-28T00:00:00,5/28/1993,738547200,2026-08-24T00:00:00
162,PPT,-0.0493,8.54795,8.99135,0.026,4.36,13,Morningstar US CEF Global Income,53,"Franklin Advisers, Inc.",False,3.47,0.03,3.65,2026-08-25T00:00:00,746853100,Franklin Premier Income,2026-08-25,XPPTX,Fixed Income - Taxable-Global Income,30.18,331.619,,Monthly,0.08203,0.026,10.0,5.5877,,5.67,0.9400000000000001,,499.57,True,False,True,False,False,False,,6.97,6.51,2.52,2.18,1.13,0.88,,,1.13,1630620,,,92.1574,,,,3.5533200000000003,-5.50264,0.41000000000000003,3.08,1.51,2026-08-25T00:00:00,1988-02-29T00:00:00,2/29/1988,573091200,2026-08-24T00:00:00
163,FT,-0.1007,5.90278,6.56371,0.042499999999999996,8.91,26,Morningstar US CEF US Allocation,53,"Franklin Advisers, Inc.",False,7.77,0.02,8.64,2026-08-25T00:00:00,355145103,Franklin Universal Trust,2026-08-25,XFUTX,Hybrid-U.S. Allocation,21.65,195.275,,Monthly,0.1812,0.042499999999999996,10.0,7.2423,,,2.99,,277.14,True,False,False,False,False,False,,11.08,11.71,6.27,6.06,4.63,2.7199999999999998,,,7.91,439190,,,88.5569,,4.99,,8.03657,-8.03993,-1.83,-2.05,-1.9100000000000001,2026-08-25T00:00:00,1988-09-23T00:00:00,9/23/1988,590976000,2026-08-24T00:00:00
164,FSCO,-0.2869,10.02532,14.05917,0.059399999999999994,8.26,17,Morningstar US CEF Multi-Sector,56,FS Global Advisor LLC,True,5.07,-0.04,7.11,2026-08-25T00:00:00,30290Y101,FS Credit Opportunities Corp.,2026-08-25,XFSCX,Fixed Income - Taxable-Multi-Sector,32.61,1005.664,,Monthly,0.31886000000000003,0.059399999999999994,,,,,7.0,,2092.861,True,False,False,False,True,False,,13.03,12.22,,,6.68,-14.78,,,-24.16,14656350,,,,,,,5.74889,-19.41424,-0.87,1.05,0.21,2026-08-25T00:00:00,2022-11-14T00:00:00,11/14/2022,1668384000,2026-08-24T00:00:00
165,FSSL,-0.3507,10.03356,15.4522,0.1495,,19,Morningstar US CEF Senior Loans,57,FS Specialty Lending Advisor LLC,True,11.61,0.05,17.88,2026-08-25T00:00:00,644323107,FS Specialty Lending Fund,2026-08-25,FSSL,Fixed Income - Taxable-Senior Loans,,881.405,,Monthly,,0.1495,14.12,,,,6.14,,1357.409,False,True,True,False,True,False,,,,,,3.96,-14.67,,,,0,,,92.6454,,,,,,,1.25,-0.05,2026-08-25T00:00:00,2025-11-13T00:00:00,11/13/2025,1762992000,2026-08-24T00:00:00
166,VCX,5.903,,,,66.4,8,Morningstar US CEF Sector Equity,58,"Fundrise Advisors, LLC",False,44.44,0.0,18.97,2026-03-31T00:00:00,360852107,Fundrise Innovation Common Share,2026-08-25,XVCX,Equity-Sector Equity,,,,,,,,,,,0.0,,,False,True,True,False,False,False,,23.59,,,,,,,,,0,,,98.7494,,,,,,,,,2026-08-25T00:00:00,2022-07-25T00:00:00,7/25/2022,1658707200,
167,GCV,0.006500000000000001,10.45752,10.38961,0.12,21.37,26,Morningstar US CEF US Allocation,59,Gabelli,True,4.62,0.04,4.59,2026-08-25T00:00:00,36240B109,Gabelli Conv Inc Secs,2026-08-25,XGCVX,Hybrid-U.S. Allocation,6.16,93.081,,Quarterly,-0.0030600000000000002,0.12,11.25,2.2444,,,2.07,,98.552,True,True,True,False,True,False,,13.99,14.83,2.86,4.36,12.28,14.69,,,28.27,632460,,,,,,,4.39692,-1.33192,0.7000000000000001,0.45,0.29,2026-08-25T00:00:00,1995-03-31T00:00:00,3/31/1995,796608000,2026-06-15T00:00:00
168,GDV,-0.10400000000000001,5.27241,5.88428,0.15,20.54,10,Morningstar US CEF US Equity,60,Gabelli Funds LLC,True,30.59,0.19,34.14,2026-08-25T00:00:00,36242H104,Gabelli Dividend & Income,2026-08-25,XGDVX,Equity-U.S. Equity,13.86,2697.043,,Monthly,0.03689,0.15,20.0,,,,1.83,,3494.472,True,True,True,False,True,False,,15.31,18.02,8.51,9.07,12.35,11.13,,,20.25,1050600,,,,,0.19,,28.26577,-10.73234,0.51,1.09,0.32,2026-08-25T00:00:00,2003-11-28T00:00:00,11/28/2003,1069977600,2026-08-17T00:00:00
169,GAB,-0.0467,10.01669,10.50788,0.15,20.61,10,Morningstar US CEF US Equity,59,Gabelli,True,5.71,0.03,5.99,2026-08-25T00:00:00,362397101,Gabelli Equity,2026-08-25,XGABX,Equity-U.S. Equity,14.49,1954.626,,Quarterly,-0.0032400000000000003,0.15,10.0,,,,1.6099999999999999,,2397.929,True,False,False,False,True,False,,15.15,11.79,9.3,7.84,12.34,-2.5700000000000003,,,8.75,7678140,,,,,0.37,0.31,5.87509,1.6631,-1.05,0.01,-0.46,2026-08-25T00:00:00,1986-08-21T00:00:00,8/21/1986,524966400,2026-06-15T00:00:00
170,GGZ,-0.1065,4.51856,5.05719,0.21,20.47,5,Morningstar US CEF Global Equity,59,Gabelli,False,16.61,0.12,18.59,2026-08-25T00:00:00,36249W104,Gabelli Global Small & Mid Cap Value Tru,2026-08-25,XGGZX,Equity-Global Equity,21.82,128.024,,Quarterly,-0.02634,0.21,12.0,,,,2.31,,183.285,True,True,True,False,False,False,,12.62,15.57,5.02,6.13,12.69,10.59,,,25.24,87920,,,,,0.24,0.18,15.33582,-11.49884,0.54,0.55,0.03,2026-08-25T00:00:00,2014-06-23T00:00:00,6/23/2014,1403481600,2026-06-15T00:00:00
171,GLU,-0.0458,6.53789,6.8518,0.11,22.22,8,Morningstar US CEF Sector Equity,60,Gabelli Funds LLC,True,19.265,-0.11,20.19,2026-08-25T00:00:00,36242L105,Gabelli Global Utility & Income,2026-08-25,XGLUX,Equity-Sector Equity,17.66,115.348,,Monthly,0.0712,0.11,20.0,,,,1.35,,146.811,True,True,False,False,True,False,,16.51,17.78,6.54,4.99,13.35,2.8200000000000003,,,17.04,95890,,,,,0.14,0.11,19.20028,-0.73738,-1.15,-0.01,-0.64,2026-08-25T00:00:00,2004-05-25T00:00:00,5/25/2004,1085443200,2026-08-17T00:00:00
172,GRX,-0.1133,5.92851,6.68633,0.16999999999999998,15.05,8,Morningstar US CEF Sector Equity,59,Gabelli,False,10.17,0.02,11.47,2026-08-25T00:00:00,36246K103,Gabelli Healthcare & Wellness Trust,2026-08-25,XXGRX,Equity-Sector Equity,29.06,153.065,,Quarterly,-0.0454,0.16999999999999998,8.0,,,,3.17,,243.351,True,True,False,False,False,False,,2.12,6.15,-1.25,0.18,6.51,4.88,,,13.1,295570,,,,,0.22,0.15,9.41718,-10.15758,-1.37,-1.3599999999999999,-1.58,2026-08-25T00:00:00,2007-06-19T00:00:00,6/19/2007,1182211200,2026-06-15T00:00:00
173,GGT,0.0907,22.4,20.5379,0.08,25.63,8,Morningstar US CEF Sector Equity,59,Gabelli,False,4.09,-0.05,3.75,2026-08-25T00:00:00,36239Q109,Gabelli Multimedia,2026-08-25,XGGTX,Equity-Sector Equity,32.54,156.965,,Monthly,-0.01985,0.08,7.5,,,,2.13,,213.342,True,False,False,False,False,False,,17.95,4.79,1.46,-0.06,10.21,10.4,,,20.89,2544790,,,,,0.27,,4.1581,9.94726,-0.36,-1.25,-0.76,2026-08-25T00:00:00,1994-11-15T00:00:00,11/15/1994,784857600,2026-08-17T00:00:00
174,GUT,1.1262,19.93355,9.375,0.049999999999999996,17.69,8,Morningstar US CEF Sector Equity,59,Gabelli,False,6.4,-0.23,3.01,2026-08-25T00:00:00,36240A101,Gabelli Utility Trust,2026-08-25,XGUTX,Equity-Sector Equity,14.96,572.069,,Monthly,0.025500000000000002,0.049999999999999996,7.5,,,,1.52,,316.376,True,True,True,False,False,False,,14.81,9.17,8.51,6.32,11.88,11.76,,,16.96,2001940,,,,,0.19,0.17,6.1536,94.68376,1.87,0.76,1.25,2026-08-25T00:00:00,1999-07-09T00:00:00,7/9/1999,931478400,2026-08-17T00:00:00
175,GGN,-0.09380000000000001,5.72337,6.31579,0.034999999999999996,28.89,8,Morningstar US CEF Sector Equity,59,Gabelli,True,5.7,0.02,6.29,2026-08-25T00:00:00,36465A109,GAMCO Global Gold Natural Resources&Inc,2026-08-25,XGGNX,Equity-Sector Equity,7.27,890.481,,Monthly,0.03338,0.034999999999999996,20.0,6.2544,,,1.29,,1059.703,True,True,False,False,True,False,,19.59,18.17,15.73,13.96,1.6600000000000001,-1.17,,,18.39,6069740,,,,,0.58,0.53,5.1670300000000005,-6.27249,-0.9500000000000001,-0.44,-0.87,2026-08-25T00:00:00,2005-03-29T00:00:00,3/29/2005,1112054400,2026-08-17T00:00:00
176,GNT,0.0087,7.8346,7.76699,0.06,25.12,3,Morningstar US CEF Covered Call,60,Gabelli Funds LLC,False,9.27,0.09,9.19,2026-08-25T00:00:00,36465E101,"GAMCO Natural Resources, Gold & Inc Tr",2026-08-25,XGNTX,Equity-Covered-Call Funds,16.18,150.044,,Monthly,0.01129,0.06,20.0,6.2672,,,1.9500000000000002,,177.473,True,True,True,False,False,False,,16.37,24.37,12.53,15.95,1.83,14.07,,,39.64,989950,,,,,0.89,0.74,7.93604,-4.62234,1.22,-0.24,0.56,2026-08-25T00:00:00,2011-01-27T00:00:00,1/27/2011,1296086400,2026-08-17T00:00:00
177,GDL,-0.22010000000000002,4.4568200000000004,5.71429,0.12,6.29,26,Morningstar US CEF US Allocation,60,Gabelli Funds LLC,True,8.4,-0.02,10.77,2026-08-25T00:00:00,361570104,GDL Fund,2026-08-25,XGDLX,Hybrid-U.S. Allocation,10.04,92.06,,Quarterly,-0.042820000000000004,0.12,20.0,,,,3.27,,131.205,True,False,False,False,True,False,,6.3,8.03,4.71,4.46,4.6,3.22,,,6.57,99120,,,,,0.19,0.17,8.46554,-20.55455,-1.73,-2.06,-1.9300000000000002,2026-08-25T00:00:00,2007-01-25T00:00:00,1/25/2007,1169683200,2026-06-15T00:00:00
178,GAM,-0.1032,8.44661,9.41869,6.4,24.1,10,Morningstar US CEF US Equity,61,General American Investors Co Inc,False,67.95,0.6,75.77,2026-08-25T00:00:00,368802104,General American Investors,2026-08-25,XGAMX,Equity-U.S. Equity,9.52,1619.392,,Annually,0.00036,6.4,10.0,,,,1.07,,1995.798,True,True,True,False,False,False,,20.84,25.65,14.06,16.72,11.87,10.68,,,26.49,244160,,,,,0.03,,62.04032,-10.64651,0.41000000000000003,1.6,0.65,2026-08-25T00:00:00,1927-02-01T00:00:00,2/1/1927,-1354320000,2025-11-17T00:00:00
179,GUG,-0.0737,8.67844,9.36884,0.11875,6.82,25,Morningstar US CEF Global Allocation,62,Guggenheim Funds Investment Advisors LLC,False,15.21,0.09,16.42,2026-08-24T00:00:00,40170T106,Guggenheim Active Allocation Fund,2026-08-25,XGUGX,Hybrid-Global Allocation,24.56,501.627,,Monthly,0.54925,0.11875,20.0,5.8288,,,3.19,,717.828,True,False,False,False,False,False,,9.08,13.0,,,2.07,6.19,,,10.22,806200,,,95.2765,,,,15.67166,-6.00036,-0.7000000000000001,-1.31,-1.46,2026-08-25T00:00:00,2021-11-23T00:00:00,11/23/2021,1637625600,2026-08-14T00:00:00
180,GOF,-0.0705,21.09266,22.69159,0.18209999999999998,10.31,17,Morningstar US CEF Multi-Sector,62,Guggenheim Funds Investment Advisors LLC,False,9.63,0.05,10.36,2026-08-25T00:00:00,40167F101,Guggenheim Strategic Opp Fund,2026-08-25,XGOFX,Fixed Income - Taxable-Multi-Sector,21.02,2151.802,,Monthly,0.39406,0.18209999999999998,20.0,5.8051,,,1.9700000000000002,,2931.196,True,False,False,False,False,False,,13.82,2.1,7.89,0.76,2.92,-8.46,,,-15.11,15947820,,,96.9181,,,,12.15648,9.38881,-1.74,-3.25,-3.61,2026-08-25T00:00:00,2007-07-26T00:00:00,7/26/2007,1185408000,2026-08-14T00:00:00
181,GBAB,-0.0233,10.66261,10.91722,0.12572999999999998,4.48,20,Morningstar US CEF Taxable Muni,62,Guggenheim Funds Investment Advisors LLC,False,13.82,0.06,14.15,2026-08-25T00:00:00,401664107,Guggenheim Tax Muni & Inv Grade Debt Tr,2026-08-25,XGBAX,Fixed Income - Taxable-Taxable Muni,29.01,382.806,,Monthly,0.46633,0.12572999999999998,20.0,5.7866,,,2.83,,552.096,True,False,False,False,False,False,,6.35,3.68,-0.99,-2.37,-0.05,-1.79,,,1.23,878690,12.76,,96.3771,,5.22,,14.82093,0.18444000000000002,-1.25,-0.53,-0.67,2026-08-25T00:00:00,2010-10-26T00:00:00,10/26/2010,1288051200,2026-08-14T00:00:00
182,HERZ,-0.16519999999999999,10.69743,12.814070000000001,0.16999999999999998,0.43,10,Morningstar US CEF US Equity,104,Thomas J Herzfeld Advisors Inc,False,15.92,0.6,19.24,2026-07-31T00:00:00,42804T205,Herzfeld Credit Income Fund,2026-08-25,HERZ,Equity-U.S. Equity,,310.18,,Monthly,0.01776,0.16999999999999998,5.2,,,,3.5700000000000003,,371.554,False,False,False,False,False,False,,7.23,12.28,4.74,6.17,-6.91,-24.33,,,-5.18,109110,,,,,,,19.83089,-11.64282,-1.07,-0.85,-0.6900000000000001,2026-08-25T00:00:00,1994-05-20T00:00:00,5/20/1994,769392000,2026-08-17T00:00:00
183,PCF,-0.1491,10.92622,12.84133,0.057999999999999996,-1.12,11,Morningstar US CEF Convertibles,22,Bulldog Investors LLP,False,5.42,0.09,6.37,2026-08-21T00:00:00,42968F108,High Income Securities,2026-08-25,XPCFX,Fixed Income - Taxable-Convertibles,1.06,101.443,,Monthly,0.16873,0.057999999999999996,7.5,5.0759,,21.21,1.65,,119.224,True,False,False,False,False,False,,6.55,5.38,5.13,0.33,-4.8100000000000005,-7.8100000000000005,,,-6.39,762210,,,,,,,5.8905,-12.4906,-1.2,-0.19,-0.67,2026-08-25T00:00:00,1987-07-09T00:00:00,7/9/1987,552787200,2026-08-18T00:00:00
184,HGLB,-0.3517,8.7931,13.56383,0.08499999999999999,4.44,25,Morningstar US CEF Global Allocation,78,"NexPoint Asset Management, L.P.",False,7.52,0.0,11.6,2026-08-25T00:00:00,43010T104,Highland Global Allocation Fund,2026-08-25,XHGLX,Hybrid-Global Allocation,2.79,177.4,,Monthly,0.20544,0.08499999999999999,15.0,9.7875,,,1.35,,273.649,True,False,False,False,False,False,,9.1,7.61,9.64,8.46,0.91,-12.46,,,0.93,776110,,,,,0.31,,8.61038,-30.01702,-1.28,0.46,-0.66,2026-08-25T00:00:00,1998-01-05T00:00:00,1/5/1998,883958400,2026-08-24T00:00:00
185,HFRO,-0.4082,3.85643,6.51622,0.0385,8.04,19,Morningstar US CEF Senior Loans,78,"NexPoint Asset Management, L.P.",True,7.09,0.11,11.98,2026-08-25T00:00:00,43010E404,Highland Opportunities and Income Ord,2026-08-25,XHFOX,Fixed Income - Taxable-Senior Loans,17.4,392.703,,Monthly,-0.1412,0.0385,15.0,8.1017,,,2.18,,803.308,True,True,True,False,True,False,,-0.6,4.02,2.22,2.25,6.03,31.13,,,52.25,1395480,,,,,,,6.43989,-44.43003,0.96,-0.59,0.53,2026-08-25T00:00:00,2000-01-13T00:00:00,1/13/2000,947721600,2026-08-24T00:00:00
186,VKI,0.0276,7.71922,7.51176,0.0559,9.5,21,Morningstar US CEF Municipal,65,"Invesco Advisers, Inc",False,8.93,0.13,8.69,2026-08-25T00:00:00,46132E103,Invesco Adv Muni Inc II,2026-08-25,XVKIX,Fixed Income - Municipal-Municipal,37.42,396.602,-0.002,Monthly,0.21381,0.0559,15.0,5.368,,20.38,3.33,,616.768,True,False,True,False,False,False,,2.96,8.79,-1.34,-0.38,1.21,2.17,,,17.16,1282910,17.15,,98.6597,,10.07,8.59,8.95971,-0.18329,1.08,0.16,0.6,2026-08-25T00:00:00,1993-08-27T00:00:00,8/27/1993,746409600,2026-08-17T00:00:00
187,VBF,-0.0788,4.99062,5.41752,0.0665,2.54,15,Morningstar US CEF Investment Grade,65,"Invesco Advisers, Inc",False,14.73,0.09,15.99,2026-08-25T00:00:00,46132L107,Invesco Bond,2026-08-25,XVBFX,Fixed Income - Taxable-Investment Grade,,168.292,0.001,Monthly,0.40588,0.0665,20.0,5.6461,,16.17,0.5700000000000001,,182.687,False,False,False,False,False,False,,4.95,4.8100000000000005,-0.52,-1.62,-0.89,-1.87,,,0.49,500490,,,98.7664,,,,15.26148,-6.88184,-1.11,-0.62,-0.74,2026-08-25T00:00:00,1970-10-28T00:00:00,10/28/1970,25920000,2026-08-17T00:00:00
188,VCV,0.0636,7.8303,7.36182,0.06459999999999999,10.15,22,Morningstar US CEF Municipal-CA,65,"Invesco Advisers, Inc",False,10.53,0.04,9.9,2026-08-25T00:00:00,46132H106,Invesco CA Value,2026-08-25,XVCVX,Fixed Income - Municipal-Municipal - CA,39.54,510.799,-0.039,Monthly,0.22155,0.06459999999999999,15.0,5.1617,,20.76,3.35,,794.334,True,False,True,False,False,False,,2.71,9.41,-1.21,-0.18,0.55,-1.0,,,13.57,995230,15.53,,96.7686,,11.56,8.53,10.77354,4.91295,0.73,1.34,1.24,2026-08-25T00:00:00,1993-04-30T00:00:00,4/30/1993,736128000,2026-08-17T00:00:00
189,VLT,-0.071,10.02801,10.79397,0.0895,5.39,14,Morningstar US CEF High Yield,65,"Invesco Advisers, Inc",False,9.95,0.07,10.71,2026-08-25T00:00:00,46131F101,Invesco High Income II,2026-08-25,XVLTX,Fixed Income - Taxable-High Yield,30.46,64.787,-0.029,Monthly,0.36908,0.0895,60.0,6.9213000000000005,,7.07,3.41,,100.285,True,False,False,False,False,False,,7.76,9.17,2.95,2.27,1.13,-5.15,,,-0.08,176320,,,100.2747,,,,10.75021,-2.45773,-1.9,-1.81,-1.87,2026-08-25T00:00:00,1989-04-28T00:00:00,4/28/1989,609724800,2026-08-17T00:00:00
190,VMO,0.0072,7.73196,7.67656,0.0625,9.55,21,Morningstar US CEF Municipal,65,"Invesco Advisers, Inc",False,9.77,0.07,9.7,2026-08-25T00:00:00,46132C107,Invesco Muni Opp,2026-08-25,XVMOX,Fixed Income - Municipal-Municipal,36.96,658.895,-0.012,Monthly,0.23512,0.0625,15.0,5.3332,,20.82,3.26,,1037.777,True,True,True,False,False,False,,2.89,7.5600000000000005,-1.46,-0.71,1.1400000000000001,5.54,,,14.94,2450080,17.21,,98.5172,,11.67,8.79,9.68188,-3.44101,2.47,2.19,2.6,2026-08-25T00:00:00,1992-04-24T00:00:00,4/24/1992,704073600,2026-08-17T00:00:00
191,VKQ,-0.0051,7.72923,7.76907,0.0628,9.31,21,Morningstar US CEF Municipal,65,"Invesco Advisers, Inc",False,9.7,0.0,9.75,2026-08-25T00:00:00,46131J103,Invesco Municipal,2026-08-25,XVKQX,Fixed Income - Municipal-Municipal,38.1,536.754,-0.006,Monthly,0.23747000000000001,0.0628,15.0,5.4148,,20.81,3.24,,871.671,True,False,True,False,False,False,,2.95,7.97,-1.4100000000000001,-0.72,1.05,5.99,,,17.05,1976200,15.92,,98.9207,,11.78,8.76,9.70699,-3.68559,1.7000000000000002,0.66,1.27,2026-08-25T00:00:00,1991-09-27T00:00:00,9/27/1991,685929600,2026-08-17T00:00:00
192,OIA,-0.0049,5.75288,5.78146,0.029099999999999997,10.74,21,Morningstar US CEF Municipal,65,"Invesco Advisers, Inc",False,6.04,0.03,6.07,2026-08-25T00:00:00,46132X101,Invesco Municipal Inc Opp I,2026-08-25,XOIAX,Fixed Income - Municipal-Municipal,30.9,289.187,0.019,Monthly,0.16802,0.029099999999999997,10.0,6.912,,22.32,2.45,,420.608,True,False,True,False,False,False,,4.44,3.86,-0.15,-1.18,2.17,3.54,,,14.27,1289680,30.48,,89.0277,,,,6.09221,-1.18889,0.45,0.55,0.23,2026-08-25T00:00:00,1988-09-19T00:00:00,9/19/1988,590630400,2026-08-17T00:00:00
193,VPV,0.0771,7.6373999999999995,7.09072,0.0667,8.27,24,Morningstar US CEF Municipal-Single State,65,"Invesco Advisers, Inc",False,11.288,0.13,10.48,2026-08-25T00:00:00,46132K109,Invesco PA Value,2026-08-25,XVPVX,Fixed Income - Municipal-Municipal - Single-State,36.87,201.741,0.126,Monthly,0.24298,0.0667,15.0,5.2631,,19.01,3.1,,296.677,True,True,True,False,False,False,,2.87,9.89,-1.23,1.3,0.86,8.02,,,16.79,322790,25.47,,97.1621,,12.02,8.1,10.71446,-1.03229,2.46,2.7,2.19,2026-08-25T00:00:00,1993-04-30T00:00:00,4/30/1993,736128000,2026-08-17T00:00:00
194,IQI,0.0285,7.71865,7.50446,0.0631,8.94,21,Morningstar US CEF Municipal,65,"Invesco Advisers, Inc",False,10.09,0.12,9.81,2026-08-25T00:00:00,46133G107,Invesco Quality Municipal Income Trust,2026-08-25,XIQIX,Fixed Income - Municipal-Municipal,34.73,533.598,0.026000000000000002,Monthly,0.24185,0.0631,15.0,5.4925,,19.06,2.91,,794.861,True,True,True,False,False,False,,2.99,8.3,-1.42,-0.77,0.96,3.54,,,14.62,1494920,15.49,,96.2303,,10.79,8.54,9.95456,-1.95564,2.76,1.71,2.11,2026-08-25T00:00:00,1992-09-29T00:00:00,9/29/1992,717724800,2026-08-17T00:00:00
195,VVR,-0.12240000000000001,10.38806,11.83673,0.028999999999999998,1.11,19,Morningstar US CEF Senior Loans,65,"Invesco Advisers, Inc",False,2.94,0.01,3.35,2026-08-25T00:00:00,46131H107,Invesco Senior Income,2026-08-25,XVVRX,Fixed Income - Taxable-Senior Loans,35.45,452.54,-0.044000000000000004,Monthly,0.16899,0.028999999999999998,10.0,,,3.9,4.89,,798.856,True,False,False,False,False,False,,5.76,3.84,5.22,4.78,0.29,-1.94,,,-9.81,9984650,,,,,,,3.19034,-9.36477,-1.35,-1.45,-1.31,2026-08-25T00:00:00,1998-06-24T00:00:00,6/24/1998,898646400,2026-08-17T00:00:00
196,VGM,0.0219,7.71343,7.5482,0.06459999999999999,9.47,21,Morningstar US CEF Municipal,65,"Invesco Advisers, Inc",False,10.27,0.01,10.05,2026-08-25T00:00:00,46131M106,Invesco Tr Inv Gr Muni,2026-08-25,XVGMX,Fixed Income - Municipal-Municipal,36.86,556.962,-0.018000000000000002,Monthly,0.24485,0.06459999999999999,15.0,5.4347,,21.2,3.11,,863.254,True,True,True,False,False,False,,2.9699999999999998,8.14,-1.43,-0.59,1.1400000000000001,1.74,,,15.16,1783410,18.24,,99.0535,,11.28,8.73,10.23751,-1.4322300000000001,1.74,0.99,1.44,2026-08-25T00:00:00,1992-01-24T00:00:00,1/24/1992,696211200,2026-08-17T00:00:00
197,VTN,0.0325,7.85851,7.61111,0.06849999999999999,9.82,23,Morningstar US CEF Municipal-NY,65,"Invesco Advisers, Inc",False,10.8,0.06,10.46,2026-08-25T00:00:00,46131T101,Invesco Tr Inv Gr NY,2026-08-25,XVTNX,Fixed Income - Municipal-Municipal - NY,33.25,158.149,0.01,Monthly,0.25475000000000003,0.06849999999999999,15.0,5.1011,,23.11,2.69,,229.471,True,False,True,False,False,False,,2.16,8.75,-1.45,0.5700000000000001,0.96,-1.42,,,13.24,325890,25.38,,93.0401,,12.76,9.89,11.19786,3.02216,0.08,-0.4,-0.15,2026-08-25T00:00:00,1992-03-27T00:00:00,3/27/1992,701654400,2026-08-17T00:00:00
198,IIM,0.045,7.71643,7.3838799999999996,0.0771,8.35,21,Morningstar US CEF Municipal,65,"Invesco Advisers, Inc",False,12.53,0.09,11.99,2026-08-25T00:00:00,46132P108,Invesco Value Muni Income,2026-08-25,XIIMX,Fixed Income - Municipal-Municipal,34.91,589.977,-0.011000000000000001,Monthly,0.29788000000000003,0.0771,15.0,5.5595,,18.65,2.93,,867.273,True,True,True,False,False,False,,2.95,8.39,-1.21,0.05,1.01,5.98,,,18.18,1213890,17.03,,96.5231,,10.35,8.18,12.46753,0.5375300000000001,1.81,1.05,1.2,2026-08-25T00:00:00,1993-02-26T00:00:00,2/26/1993,730684800,2026-08-17T00:00:00
199,JOF,-0.1177,8.13617,9.22186,0.09559999999999999,30.55,1,Morningstar US CEF Asia Equity,79,Nomura Asset Management Co Ltd,False,12.44,0.18,14.1,2026-08-25T00:00:00,47109U104,Japan Smaller Cap Fund,2026-08-25,XXJOFXX,Equity-Asia Equity,0.0,317.226,,Monthly,0.03946,0.09559999999999999,12.0,,,,2.09,,359.557,True,True,False,False,False,False,,20.43,22.23,10.07,10.75,15.24,8.09,,,29.03,760290,,,,,,,11.18344,-10.61486,-0.75,-0.52,-0.28,2026-08-25T00:00:00,1990-03-21T00:00:00,3/21/1990,637977600,2026-08-14T00:00:00
200,BTO,-0.0545,6.19195,6.54912,0.65,33.12,8,Morningstar US CEF Sector Equity,67,John Hancock Investment Management LLC,True,39.7,-0.05,41.99,2026-08-25T00:00:00,409735206,JHancock Financial Opportunities,2026-08-25,XBTOX,Equity-Sector Equity,13.51,786.726,0.0,Quarterly,0.27526,0.65,20.0,4.6156,,,2.42,,962.106,True,True,False,False,True,False,,23.44,18.16,11.6,8.86,21.02,19.1,,,23.41,459160,,,,,38.99,,36.73097,-2.04826,-1.44,-1.9100000000000001,-1.54,2026-08-25T00:00:00,1994-08-18T00:00:00,8/18/1994,777168000,2026-06-11T00:00:00
201,JHS,-0.08960000000000001,5.09121,5.59204,0.1535,2.8,15,Morningstar US CEF Investment Grade,67,John Hancock Investment Management LLC,False,10.9799,0.03,12.06,2026-08-25T00:00:00,410123103,JHancock Income Secs,2026-08-25,XJHSX,Fixed Income - Taxable-Investment Grade,39.39,127.878,0.0,Quarterly,0.29069,0.1535,15.3,5.4277,,,4.41,,231.758,True,False,False,False,False,False,,4.91,4.8,-1.46,-2.39,-1.23,-4.17,,,1.77,149320,,,99.5864,,7.02,4.3,11.36373,-7.56514,-0.89,0.19,0.07,2026-08-25T00:00:00,1973-02-14T00:00:00,2/14/1973,98496000,2026-06-11T00:00:00
202,JHI,-0.0873,8.16495,8.94578,0.297,5.44,15,Morningstar US CEF Investment Grade,66,John Hancock,False,13.28,0.08,14.55,2026-08-25T00:00:00,410142103,JHancock Investors,2026-08-25,XJHIX,Fixed Income - Taxable-Investment Grade,40.58,116.128,0.0,Quarterly,0.58459,0.297,21.06,6.8662,,,4.59,,214.133,True,False,False,False,False,False,,8.39,9.38,1.99,0.93,1.8900000000000001,0.88,,,3.08,209270,6.53,,98.8489,,6.17,,13.58,-7.33643,-0.98,-0.56,-0.34,2026-08-25T00:00:00,1971-01-29T00:00:00,1/29/1971,33955200,2026-06-11T00:00:00
203,HPI,0.061200000000000004,9.85372,9.28571,0.1235,3.68,18,Morningstar US CEF Preferreds,67,John Hancock Investment Management LLC,False,15.96,0.13,15.04,2026-08-25T00:00:00,41013W108,JHancock Preferred Income,2026-08-25,XHPIX,Fixed Income - Taxable-Preferreds,38.95,427.603,0.0,Monthly,0.56391,0.1235,25.0,6.5025,,,4.48,,660.054,True,False,True,False,False,False,,9.47,10.34,2.7,3.1,0.08,3.87,,,9.62,549050,,,97.2482,,91.45,,16.38483,3.62509,1.1,0.53,1.13,2026-08-25T00:00:00,2002-08-27T00:00:00,8/27/2002,1030406400,2026-08-13T00:00:00
204,HPF,0.0536,9.93298,9.42748,0.1235,3.84,18,Morningstar US CEF Preferreds,67,John Hancock Investment Management LLC,False,15.72,0.03,14.92,2026-08-25T00:00:00,41013X106,JHancock Preferred Income II,2026-08-25,XHPFX,Fixed Income - Taxable-Preferreds,39.02,340.351,0.0,Monthly,0.5652,0.1235,25.0,6.5737,,,4.51,,529.73,True,False,True,False,False,False,,9.56,9.85,2.86,2.54,0.17,4.19,,,8.49,353010,,,97.2805,,90.07,,16.1189,2.82824,1.6099999999999999,0.56,1.12,2026-08-25T00:00:00,2002-11-29T00:00:00,11/29/2002,1038528000,2026-08-13T00:00:00
205,HPS,0.0409,9.80684,9.42184,0.11,3.84,18,Morningstar US CEF Preferreds,67,John Hancock Investment Management LLC,False,14.01,0.11,13.46,2026-08-25T00:00:00,41021P103,JHancock Preferred Income III,2026-08-25,XHPSX,Fixed Income - Taxable-Preferreds,38.78,450.686,0.0,Monthly,0.50751,0.11,25.0,6.5102,,,4.47,,707.293,True,False,True,False,False,False,,9.52,9.37,2.99,2.93,0.23,4.25,,,8.52,588410,,,97.386,,86.67,,14.674150000000001,3.94116,0.09,-1.6600000000000001,-0.36,2026-08-25T00:00:00,2003-06-18T00:00:00,6/18/2003,1055894400,2026-08-13T00:00:00
206,PDT,-0.1069,7.49894,8.3962,0.08829999999999999,10.36,18,Morningstar US CEF Preferreds,66,John Hancock,True,12.62,0.07,14.13,2026-08-25T00:00:00,41013T105,JHancock Premium Dividend Fund,2026-08-25,XPDTX,Fixed Income - Taxable-Preferreds,34.97,620.718,0.0,Monthly,0.34231,0.08829999999999999,12.0,5.9254,,,4.32,,1068.687,True,False,False,False,True,False,,14.25,12.86,7.54,2.98,7.08,6.22,,,4.35,1206430,,,,,76.11,,13.02163,-9.22774,-0.6900000000000001,0.08,0.21,2026-08-25T00:00:00,1989-12-21T00:00:00,12/21/1989,630201600,2026-08-13T00:00:00
207,HTD,-0.0336,7.23112,7.48224,0.158,9.93,26,Morningstar US CEF US Allocation,67,John Hancock Investment Management LLC,True,25.34,0.19,26.22,2026-08-25T00:00:00,41013V100,JHancock Tax-Advantaged Dividend Inc,2026-08-25,XHTDX,Hybrid-U.S. Allocation,31.53,897.842,0.0,Monthly,0.63149,0.158,20.0,5.9603,,,3.58,,1356.922,True,True,True,False,True,False,,14.54,15.99,8.81,8.37,8.02,13.75,,,14.52,647590,,,,,68.76,,24.92128,-5.91009,1.55,0.63,1.1,2026-08-25T00:00:00,2004-02-27T00:00:00,2/27/2004,1077840000,2026-08-13T00:00:00
208,HEQ,-0.086,7.6746,8.39631,0.25,16.31,5,Morningstar US CEF Global Equity,67,John Hancock Investment Management LLC,True,11.91,0.09,13.03,2026-08-25T00:00:00,47804L102,John Hancock Diversified Income Fund,2026-08-25,XHEQX,Equity-Global Equity,,143.621,,Quarterly,0.35138,0.25,20.0,6.5508,,,1.31,,157.127,False,True,True,False,True,False,,11.64,11.69,8.23,6.57,8.54,10.75,,,19.1,370740,,,98.2848,,,,11.12254,-10.46941,1.34,0.71,0.7000000000000001,2026-08-25T00:00:00,2011-05-26T00:00:00,5/26/2011,1306368000,2026-06-11T00:00:00
209,KYN,-0.1183,6.54942,7.42779,0.09,26.66,6,Morningstar US CEF MLP,69,"KA Fund Advisors, LLC",False,14.54,-0.06,16.49,2026-08-25T00:00:00,486606106,Kayne Anderson Energy Infrastructure,2026-08-25,XKYNX,Equity-MLP,25.4,2459.093,,Monthly,0.31841,0.09,25.0,7.259,,,3.3,,3738.371,True,True,True,False,False,False,,26.03,28.99,21.94,23.21,26.35,23.37,,,26.91,3925560,,,,,15.1,,13.19368,-12.10462,0.17,0.89,1.12,2026-08-25T00:00:00,2004-09-28T00:00:00,9/28/2004,1096329600,2026-08-14T00:00:00
210,KIO,-0.0704,12.21106,13.13514,0.1215,3.39,14,Morningstar US CEF High Yield,70,Kohlberg Kravis Roberts &amp; Co.,False,11.1,0.12,11.94,2026-08-25T00:00:00,48249T106,KKR Income Opportunities Fund,2026-08-25,XKIOX,Fixed Income - Taxable-High Yield,32.78,454.935,,Monthly,0.63625,0.1215,20.0,7.7746,,,4.09,,728.0,True,False,False,False,False,False,,8.19,9.34,4.52,3.54,2.03,2.42,,,-2.21,2472090,0.09000000000000001,,97.6062,,58.49,,11.54268,-6.11765,-0.51,-0.41000000000000003,-0.05,2026-08-25T00:00:00,2013-07-26T00:00:00,7/26/2013,1374796800,2026-08-14T00:00:00
211,KF,-0.1534,1.81615,2.1452,1.381724,123.28,1,Morningstar US CEF Asia Equity,68,JPMorgan Asset Management (Asia Pacific) Limited,False,64.41,2.02,76.08,2026-08-25T00:00:00,500634209,Korea Fund,2026-08-25,XKFDX,Equity-Asia Equity,5.74,267.839,,Annually,-0.06238,1.381724,40.0,,,,1.75,,316.367,True,True,False,False,False,False,,36.82,34.86,14.45,14.17,62.05,52.92,,,107.8,183420,,,,,,,48.65658,-13.27424,-1.24,-0.63,-0.6900000000000001,2026-08-25T00:00:00,1984-08-29T00:00:00,8/29/1984,462585600,2025-12-23T00:00:00
212,LGI,-0.0048,9.82284,9.87024,0.15339999999999998,14.67,5,Morningstar US CEF Global Equity,71,Lazard Asset Management LLC,False,18.65,0.07,18.74,2026-08-25T00:00:00,52106W103,Lazard Global Total Return and Income,2026-08-25,XLGIX,Equity-Global Equity,8.85,242.691,,Monthly,0.0074,0.15339999999999998,20.0,7.7462,,,2.0,,267.538,True,True,True,False,False,False,,10.55,15.94,5.87,7.07,6.65,11.19,,,19.59,446160,,,,,3.13,,17.81922,-1.83567,0.44,-0.63,-0.24,2026-08-25T00:00:00,2004-04-28T00:00:00,4/28/2004,1083110400,2026-08-10T00:00:00
213,USA,-0.1245,9.95608,11.37124,0.16999999999999998,6.67,10,Morningstar US CEF US Equity,9,ALPS Advisors Inc,True,5.98,-0.02,6.83,2026-08-25T00:00:00,530158104,Liberty All-Star Equity,2026-08-25,XUSAX,Equity-U.S. Equity,4.87,1803.279,,Quarterly,0.01199,0.16999999999999998,10.0,,,,0.91,,2212.988,True,False,False,False,True,False,,10.94,5.88,6.34,2.99,4.03,0.56,,,-0.43,12660800,,,,,,,6.03226,-9.74782,-1.69,-1.26,-1.4100000000000001,2026-08-25T00:00:00,1986-10-31T00:00:00,10/31/1986,531100800,2026-07-16T00:00:00
214,ASG,-0.124,8.0402,9.17782,0.12,7.39,10,Morningstar US CEF US Equity,9,ALPS Advisors Inc,True,5.23,0.03,5.97,2026-08-25T00:00:00,529900102,Liberty All-Star Growth,2026-08-25,XASGX,Equity-U.S. Equity,1.58,328.772,,Quarterly,-0.01975,0.12,10.0,,,,1.12,,386.5,True,False,False,False,True,False,,9.34,6.71,1.18,-0.9400000000000001,6.48,3.65,,,1.98,2527090,,,,,,,5.2993500000000004,-10.33991,-1.51,-0.44,-1.02,2026-08-25T00:00:00,1986-03-14T00:00:00,3/14/1986,511142400,2026-07-16T00:00:00
215,SCD,-0.1197,8.1679,9.27835,0.12,15.36,25,Morningstar US CEF Global Allocation,54,"Franklin Templeton Fund Adviser, LLC",True,15.52,0.01,17.63,2026-08-25T00:00:00,50208A102,LMP Capital and Income,2026-08-25,XSCDX,Hybrid-Global Allocation,20.64,355.506,,Monthly,0.06042,0.12,20.0,,,,2.39,,508.839,True,True,False,False,True,False,,15.06,17.24,10.97,11.35,11.63,10.39,,,12.12,782030,13.6,,,,4.25,,15.30261,-9.16028,-1.54,-1.54,-1.38,2026-08-25T00:00:00,2004-02-24T00:00:00,2/24/2004,1077580800,2026-08-24T00:00:00
216,MXE,-0.19920000000000002,1.3894199999999999,1.7349700000000001,0.2337,25.27,4,Morningstar US CEF Emerging Market Equity,89,Pichardo Asset Management SA De CV,False,13.47,0.08,16.82,2026-08-25T00:00:00,592834105,Mexico Equity & Income,2026-08-25,XMXEX,Equity-Emerging Market Equity,,59.271,,Annually,0.07512,0.2337,12.0,7.969,,0.02,2.13,,74.012,False,True,False,False,False,False,,5.14,9.84,7.71,6.01,9.55,5.7,,,24.97,63130,,,,,,,12.75957,-17.84318,-1.9500000000000002,-1.22,-1.6,2026-08-25T00:00:00,1990-08-15T00:00:00,8/15/1990,650678400,2025-12-16T00:00:00
217,MXF,-0.1207,5.5955200000000005,6.36364,0.35,26.98,4,Morningstar US CEF Emerging Market Equity,64,"Impulsora Del Fondo Mexico, SC",True,22.0,0.18,25.02,2026-08-25T00:00:00,592835102,Mexico Fund,2026-08-25,XXMXFXX,Equity-Emerging Market Equity,,317.241,,Quarterly,0.27312000000000003,0.35,12.0,5.75,,,1.36,,360.79,False,True,True,False,True,False,,7.72,12.88,11.3,12.99,10.98,13.41,,,29.59,459340,,,,,,,20.73982,-13.27037,1.29,0.07,0.88,2026-08-25T00:00:00,1981-06-03T00:00:00,6/3/1981,360374400,2026-07-22T00:00:00
218,CAF,-0.165,1.16659,1.39718,0.262949,37.97,1,Morningstar US CEF Asia Equity,74,Morgan Stanley,False,18.82,-0.13,22.54,2026-08-25T00:00:00,617468103,Morgan Stanley China A Share,2026-08-25,XCAFX,Equity-Asia Equity,,253.604,,Annually,0.12144,0.262949,20.0,,,,1.52,,303.731,False,True,False,False,False,False,,12.16,14.06,1.32,0.66,14.53,10.31,,,37.52,379020,,,,,,,17.95599,-13.92765,-1.26,-0.58,-0.96,2026-08-25T00:00:00,2006-09-28T00:00:00,9/28/2006,1159401600,2025-12-19T00:00:00
219,MSD,-0.0791,7.53769,8.18554,0.15,11.88,12,Morningstar US CEF Emerging Market Income,75,"Morgan Stanley Investment Management, Inc.",False,7.33,0.08,7.96,2026-08-25T00:00:00,61744H105,Morgan Stanley Emerging Markets Debt,2026-08-25,XMSDX,Fixed Income - Taxable-Emerging Market Income,0.03,148.295,,Quarterly,0.21902,0.15,15.0,6.5116,,6.76,1.36,,161.041,True,False,False,False,False,False,,11.61,14.8,3.33,3.89,3.6,1.98,,,5.61,959810,,,,,,,7.40886,-6.70759,-0.62,0.73,0.12,2026-08-25T00:00:00,1993-07-23T00:00:00,7/23/1993,743385600,2026-06-30T00:00:00
220,EDD,-0.005,15.94684,16.02671,0.24,20.62,12,Morningstar US CEF Emerging Market Income,75,"Morgan Stanley Investment Management, Inc.",False,5.99,0.03,6.02,2026-08-25T00:00:00,617477104,Morgan Stanley Emrgng Mkts Domestic Debt,2026-08-25,XEDDX,Fixed Income - Taxable-Emerging Market Income,14.38,386.092,,Quarterly,0.28033,0.24,20.0,6.6059,,7.47,2.18,,453.174,True,True,True,False,False,False,,11.56,17.75,5.45,8.15,6.29,14.64,,,27.48,3691990,,,,,,,5.60199,-5.07299,1.6600000000000001,0.75,1.33,2026-08-25T00:00:00,2007-04-24T00:00:00,4/24/2007,1177372800,2026-06-30T00:00:00
221,IIF,-0.1069,7.57696,8.48361,1.985164,-7.86,1,Morningstar US CEF Asia Equity,75,"Morgan Stanley Investment Management, Inc.",False,23.4,0.37,26.2,2026-08-25T00:00:00,61745C105,Morgan Stanley India Investment,2026-08-25,XIIFX,Equity-Asia Equity,,220.97,,Annually,-0.10782,1.985164,15.0,,,,1.35,,247.411,False,False,True,False,False,False,,7.23,11.59,6.51,8.91,-7.27,-8.13,,,-9.46,313480,,,,,,,24.12501,-11.07396,0.5,0.99,0.86,2026-08-25T00:00:00,1994-02-25T00:00:00,2/25/1994,762134400,2025-12-19T00:00:00
222,NML,-0.1074,7.22474,8.09394,0.07008,28.11,6,Morningstar US CEF MLP,76,Neuberger Berman,False,10.39,-0.02,11.64,2026-08-25T00:00:00,64129H104,NB Energy Infra and Income Fund Inc,2026-08-25,XNMLX,Equity-MLP,24.9,588.686,,Monthly,-0.18702,0.07008,20.0,,,,1.07,,878.173,True,True,False,False,False,False,,20.65,23.93,21.52,26.22,26.17,28.87,,,29.44,1624240,,,,,,,9.42985,-10.39116,-0.33,-0.72,-0.2,2026-08-25T00:00:00,2013-03-26T00:00:00,3/26/2013,1364256000,2026-08-17T00:00:00
223,NBXG,-0.1305,8.27586,9.51751,0.12,11.78,10,Morningstar US CEF US Equity,76,Neuberger Berman,False,15.13,0.13,17.4,2026-08-25T00:00:00,64133Q108,Neuberger Brmn Nxt Gnrtn Cnnctvty,2026-08-25,XNBGX,Equity-U.S. Equity,,1191.661,,Monthly,-0.05846,0.12,20.0,,,,1.35,,1370.45,False,True,False,False,False,False,,16.86,21.09,4.49,3.8,6.19,7.36,,,8.31,1962880,,,,,,,14.76628,-12.87866,-0.12,0.27,0.61,2026-08-25T00:00:00,2021-05-25T00:00:00,5/25/2021,1621900800,2026-08-17T00:00:00
224,NHS,-0.08539999999999999,16.55488,18.1,0.0905,3.16,14,Morningstar US CEF High Yield,76,Neuberger Berman,False,6.0,0.04,6.56,2026-08-25T00:00:00,64128C106,Neuberger High Yield Strategies,2026-08-25,XNHSX,Fixed Income - Taxable-High Yield,32.84,251.135,,Monthly,0.18333,0.0905,15.0,7.1662,,5.93,3.39,,408.854,True,False,False,False,False,False,,8.09,6.44,1.45,-0.64,-0.67,-11.03,,,-4.9,2061420,,,99.371,,4.83,3.38,6.92414,-2.67073,-1.37,-1.18,-0.77,2026-08-25T00:00:00,2003-07-28T00:00:00,7/28/2003,1059350400,2026-08-17T00:00:00
225,NBH,-0.071,5.91483,6.3667,0.054169999999999996,8.92,21,Morningstar US CEF Municipal,76,Neuberger Berman,False,10.21,-0.01,10.99,2026-08-25T00:00:00,64124P101,Neuberger Municipal Fund,2026-08-25,XNBHX,Fixed Income - Municipal-Municipal,41.18,302.4,,Monthly,0.13171,0.054169999999999996,15.0,4.9907,0.24230000000000002,20.2,3.87,,553.402,True,False,True,True,False,False,,2.3,5.37,-1.88,-3.44,0.9400000000000001,4.24,,,10.54,932520,15.43,0.00914,98.9472,,14.23,8.22,10.29762,-8.6587,1.44,0.81,1.12,2026-08-25T00:00:00,2002-09-27T00:00:00,9/27/2002,1033084800,2026-07-31T00:00:00
226,NRO,-0.0859,11.48466,12.56376,0.0312,10.32,7,Morningstar US CEF Real Estate,76,Neuberger Berman,False,2.98,0.03,3.26,2026-08-25T00:00:00,64190A103,Neuberger Real Estate Securities Income,2026-08-25,XNROX,Equity-Real Estate,25.31,188.818,,Monthly,0.06094,0.0312,15.0,,,,3.12,,276.56,True,False,False,False,False,False,,9.3,11.15,1.18,-0.16,9.52,5.71,,,4.9,2413660,,,,,,,3.0457,-6.9706,-0.78,0.17,0.0,2026-08-25T00:00:00,2003-10-31T00:00:00,10/31/2003,1067558400,2026-08-17T00:00:00
227,GF,-0.1027,2.41379,2.68996,0.154,-3.42,9,Morningstar US CEF Single Country Equity,40,DWS,False,11.45,0.14,12.76,2026-08-25T00:00:00,644465106,New Germany,2026-08-25,XGFNX,Equity-Single-Country Equity,11.6,185.258,,Semi-Annually,-0.05716,0.154,20.0,,,,1.31,,233.555,True,False,False,False,False,False,,5.25,8.06,-4.94,-3.9,-1.15,-0.66,,,-2.42,246230,,,,,,,11.45732,-9.89056,-0.32,-1.4100000000000001,-0.9500000000000001,2026-08-25T00:00:00,1990-01-30T00:00:00,1/30/1990,633657600,2026-05-26T00:00:00
228,NVG,0.0082,7.78965,7.72616,0.079,8.47,21,Morningstar US CEF Municipal,81,"Nuveen Fund Advisors, LLC.",False,12.27,0.12,12.17,2026-08-25T00:00:00,67071L106,Nuveen AMT-Free Muni Credit Inc,2026-08-25,XNVGX,Fixed Income - Municipal-Municipal,42.42,2660.011,-0.02,Monthly,0.29602,0.079,15.0,4.8262,,18.73,3.64,,4581.737,True,False,True,False,False,False,,3.15,8.87,-1.73,-1.02,0.04,2.31,,,14.8,5500240,23.2,3.01,91.9675,,14.46,9.41,12.58088,-0.8009000000000001,0.87,0.72,0.79,2026-08-25T00:00:00,2002-03-25T00:00:00,3/25/2002,1017014400,2026-08-14T00:00:00
229,NUW,-0.0529,3.94576,4.16607,0.048499999999999995,5.9,21,Morningstar US CEF Municipal,81,"Nuveen Fund Advisors, LLC.",False,13.97,0.06,14.75,2026-08-25T00:00:00,670695105,Nuveen AMT-Free Municipal Value Fund,2026-08-25,XNUWX,Fixed Income - Municipal-Municipal,7.32,250.78,-0.073,Monthly,0.30096,0.048499999999999995,15.0,5.412,,19.3,0.75,,285.707,True,False,False,False,False,False,,2.89,4.31,-0.05,-0.15,0.45,-0.11,,,6.61,381190,9.3,0.09000000000000001,97.0156,,8.94,8.55,14.22541,-5.12,-0.19,-0.05,-0.2,2026-08-25T00:00:00,2009-02-25T00:00:00,2/25/2009,1235520000,2026-08-14T00:00:00
230,NEA,0.0108,7.31839,7.24046,0.06799999999999999,7.83,21,Morningstar US CEF Municipal,81,"Nuveen Fund Advisors, LLC.",False,11.27,0.12,11.15,2026-08-25T00:00:00,670657105,Nuveen AMT-Free Quality Muni Inc,2026-08-25,XNEAX,Fixed Income - Municipal-Municipal,41.36,3422.602,0.018000000000000002,Monthly,0.25491,0.06799999999999999,15.0,5.0705,,18.96,3.5300000000000002,,5774.314,True,False,True,False,False,False,,2.25,8.05,-1.9500000000000002,-0.97,0.0,0.98,,,12.72,8447700,21.6,4.02,95.7853,,11.13,8.06,11.48931,-0.72333,1.34,1.31,1.19,2026-08-25T00:00:00,2002-11-21T00:00:00,11/21/2002,1037836800,2026-08-14T00:00:00
231,NAZ,0.08039999999999999,6.58407,6.09411,0.062,9.62,24,Morningstar US CEF Municipal-Single State,81,"Nuveen Fund Advisors, LLC.",False,12.2085,-0.14,11.3,2026-08-25T00:00:00,67061W104,Nuveen AZ Quality Muni Inc,2026-08-25,XNAZX,Fixed Income - Municipal-Municipal - Single-State,39.28,159.128,0.031,Monthly,0.20512,0.062,15.0,4.7745,,17.42,3.55,,242.587,True,False,True,False,False,False,,2.8,10.7,-1.1400000000000001,-0.16,0.93,5.75,,,12.06,222080,21.2,0.81,98.4756,,12.3,8.34,12.22387,5.27474,0.76,-0.44,-0.12,2026-08-25T00:00:00,1992-11-19T00:00:00,11/19/1992,722131200,2026-08-14T00:00:00
232,NKX,0.0393,7.39093,7.11111,0.072,9.67,22,Morningstar US CEF Municipal-CA,81,"Nuveen Fund Advisors, LLC.",False,12.15,0.07,11.69,2026-08-25T00:00:00,670651108,Nuveen CA AMT - Free Quality Muni Inc,2026-08-25,XNCMX,Fixed Income - Municipal-Municipal - CA,39.8,676.969,-0.014,Monthly,0.25181,0.072,15.0,4.782,,18.3,3.77,,1081.924,True,False,False,False,False,False,,2.8200000000000003,8.51,-1.9100000000000001,-0.25,0.91,1.48,,,13.2,1357970,22.9,0.6000000000000001,96.8209,,12.92,8.29,12.52375,3.98833,-0.04,-0.13,0.17,2026-08-25T00:00:00,2002-11-22T00:00:00,11/22/2002,1037923200,2026-08-14T00:00:00
233,NCA,0.0055000000000000005,3.97351,3.9516999999999998,0.03,6.99,22,Morningstar US CEF Municipal-CA,81,"Nuveen Fund Advisors, LLC.",False,9.11,0.01,9.06,2026-08-25T00:00:00,67062C107,Nuveen CA Municipal Value,2026-08-25,XNCAX,Fixed Income - Municipal-Municipal - CA,0.0,303.856,-0.012,Monthly,0.17651,0.03,10.0,4.7261,,18.79,0.54,,302.189,True,False,True,False,False,False,,3.16,4.84,-0.14,-0.07,1.06,2.52,,,10.38,686170,23.2,1.35,97.5019,,,8.27,9.15522,-0.17542000000000002,0.3,0.23,-0.38,2026-08-25T00:00:00,1987-10-07T00:00:00,10/7/1987,560563200,2026-08-14T00:00:00
234,NAC,0.044500000000000005,7.42654,7.10997,0.06949999999999999,10.47,22,Morningstar US CEF Municipal-CA,81,"Nuveen Fund Advisors, LLC.",False,11.73,0.02,11.23,2026-08-25T00:00:00,67066Y105,Nuveen CA Quality Muni Income,2026-08-25,XNACX,Fixed Income - Municipal-Municipal - CA,39.23,1956.544,-0.005,Monthly,0.24164,0.06949999999999999,15.0,4.7834,,19.2,3.79,,3082.535,True,False,True,False,False,False,,2.75,9.89,-1.98,-0.29,0.87,3.65,,,14.78,5053130,23.1,1.08,97.0662,,12.64,8.55,11.81157,1.76276,1.71,1.46,1.4,2026-08-25T00:00:00,1999-05-26T00:00:00,5/26/1999,927676800,2026-08-14T00:00:00
235,JCE,-0.057800000000000004,8.01321,8.50467,0.364,20.24,10,Morningstar US CEF US Equity,81,"Nuveen Fund Advisors, LLC.",True,17.12,0.07,18.17,2026-08-25T00:00:00,67090X107,Nuveen Core Equity Alpha,2026-08-25,XJCEX,Equity-U.S. Equity,1.35,291.086,0.0,Quarterly,0.00449,0.364,20.0,,,,0.9900000000000001,,308.939,True,True,True,False,True,False,,19.13,17.58,12.5,11.25,9.22,7.64,,,15.88,392820,,,,,,,15.93516,-6.34514,0.53,1.6,1.58,2026-08-25T00:00:00,2007-03-27T00:00:00,3/27/2007,1174953600,2026-06-15T00:00:00
236,NPCT,-0.0824,10.17045,11.08359,0.0895,4.02,15,Morningstar US CEF Investment Grade,81,"Nuveen Fund Advisors, LLC.",True,9.69,0.03,10.56,2026-08-25T00:00:00,67080D103,Nuveen Core Plus Impact Fund,2026-08-25,XNPCX,Fixed Income - Taxable-Investment Grade,37.39,278.636,,Monthly,0.23152,0.0895,20.0,4.3404,,29.1,4.43,,484.973,True,False,False,False,True,False,,7.38,10.75,-3.25,-3.47,0.26,1.77,,,0.12,1248590,19.7,0.0,88.6715,,7.44,5.44,10.327960000000001,-6.6696,-0.96,-0.8200000000000001,-0.97,2026-08-25T00:00:00,2021-04-27T00:00:00,4/27/2021,1619481600,2026-08-14T00:00:00
237,JQC,-0.1067,11.1236,12.45283,0.049499999999999995,5.69,19,Morningstar US CEF Senior Loans,81,"Nuveen Fund Advisors, LLC.",True,4.77,0.01,5.34,2026-08-25T00:00:00,67073D102,Nuveen Credit Strategies Income Fund,2026-08-25,XJQCX,Fixed Income - Taxable-Senior Loans,38.47,705.086,-0.082,Monthly,0.23976,0.049499999999999995,15.0,,,5.0,5.09,,1282.941,True,False,False,False,True,False,,8.57,10.34,4.97,4.72,2.5300000000000002,1.97,,,-2.54,7765250,84.5,0.0,,,,,4.97755,-9.27307,-0.62,0.07,0.21,2026-08-25T00:00:00,2003-06-25T00:00:00,6/25/2003,1056499200,2026-08-14T00:00:00
238,NDMO,-0.013900000000000001,6.95738,7.05528,0.058499999999999996,7.0,21,Morningstar US CEF Municipal,81,"Nuveen Fund Advisors, LLC.",True,9.95,0.02,10.09,2026-08-25T00:00:00,67079X102,Nuveen Dynamic Municipal Opportunities,2026-08-25,XNDMX,Fixed Income - Municipal-Municipal,32.08,602.442,,Monthly,0.23738,0.058499999999999996,15.0,5.5876,,18.04,2.83,,899.464,True,False,False,False,True,False,,4.62,3.79,-2.52,-3.84,1.0,2.77,,,8.83,1421000,19.8,0.37000000000000005,96.271,,10.32,7.78,10.32433,-0.91017,-0.42,-0.72,-0.9400000000000001,2026-08-25T00:00:00,2020-08-26T00:00:00,8/26/2020,1598400000,2026-08-14T00:00:00
239,JFR,-0.0866,11.26354,12.33202,0.078,5.83,19,Morningstar US CEF Senior Loans,81,"Nuveen Fund Advisors, LLC.",True,7.59,0.07,8.31,2026-08-25T00:00:00,67072T108,Nuveen Floating Rate Income,2026-08-25,XJFRX,Fixed Income - Taxable-Senior Loans,37.49,1221.743,0.015000000000000001,Monthly,0.37027,0.078,15.0,,,4.8100000000000005,4.78,,2139.839,True,False,True,False,True,False,,9.14,11.41,6.18,6.47,3.02,5.96,,,2.63,7456740,88.3,0.0,,,,,7.76682,-8.86812,0.11,-0.4,0.59,2026-08-25T00:00:00,2004-03-25T00:00:00,3/25/2004,1080172800,2026-08-14T00:00:00
240,JGH,-0.08289999999999999,9.11225,9.936,0.1035,7.21,13,Morningstar US CEF Global Income,81,"Nuveen Fund Advisors, LLC.",True,12.5,0.14,13.63,2026-08-25T00:00:00,67075G103,Nuveen Global High Income Fund,2026-08-25,XJGHX,Fixed Income - Taxable-Global Income,29.12,351.573,-0.026000000000000002,Monthly,0.48098,0.1035,20.0,7.7832,,6.15,3.37,,540.855,True,False,False,False,True,False,,11.34,13.02,4.88,5.2,3.9,5.11,,,4.3,1012400,36.3,0.0,98.8169,,,,12.7668,-7.26324,-0.59,-0.74,-0.8200000000000001,2026-08-25T00:00:00,2014-11-24T00:00:00,11/24/2014,1416787200,2026-08-14T00:00:00
241,NMT,0.17,6.67279,5.70306,0.0605,9.0,24,Morningstar US CEF Municipal-Single State,81,"Nuveen Fund Advisors, LLC.",False,12.73,0.24,10.88,2026-08-25T00:00:00,67061E104,Nuveen MA Quality Muni Inc,2026-08-25,XNMTX,Fixed Income - Municipal-Municipal - Single-State,39.11,134.782,0.026000000000000002,Monthly,0.20713,0.0605,15.0,4.8771,,20.13,3.45,,189.195,True,True,True,False,False,False,,2.32,13.29,-2.01,1.44,1.15,16.01,,,19.45,200760,21.9,1.73,99.8748,,7.76,8.93,12.05549,7.80548,1.6099999999999999,2.16,1.21,2026-08-25T00:00:00,1993-03-18T00:00:00,3/18/1993,732412800,2026-08-14T00:00:00
242,NMS,-0.0264,6.64323,6.8231,0.063,7.91,24,Morningstar US CEF Municipal-Single State,81,"Nuveen Fund Advisors, LLC.",False,11.08,0.05,11.38,2026-08-25T00:00:00,670734102,Nuveen MN Quality Muni Inc,2026-08-25,XMNSX,Fixed Income - Municipal-Municipal - Single-State,40.56,71.055,-0.014,Monthly,0.0,0.063,15.0,4.6902,,16.95,3.66,,122.779,True,False,False,False,False,False,,2.66,7.73,-1.19,-0.77,-0.59,1.2,,,8.02,156240,43.0,0.0,98.2627,,11.29,7.55,11.95137,0.9454000000000001,-1.78,-2.18,-2.67,2026-08-25T00:00:00,1993-06-25T00:00:00,6/25/1993,740966400,2026-08-14T00:00:00
243,JLS,-0.09140000000000001,9.85027,10.84167,0.1535,6.0,14,Morningstar US CEF High Yield,81,"Nuveen Fund Advisors, LLC.",True,16.99,0.16,18.7,2026-08-25T00:00:00,670735109,Nuveen Mortgage and Income Fund,2026-08-25,XJLSX,Fixed Income - Taxable-High Yield,23.04,93.048,0.009000000000000001,Monthly,0.77533,0.1535,25.0,7.5578,,17.85,3.07,,133.07,True,False,False,False,True,False,,9.55,12.85,4.35,4.97,2.9,0.58,,,0.89,198620,0.0,0.0,96.9542,,,,18.23922,-4.79284,-2.32,-1.33,-1.63,2026-08-25T00:00:00,2009-11-25T00:00:00,11/25/2009,1259107200,2026-08-14T00:00:00
244,NMAI,-0.0567,9.18206,9.73427,0.11599999999999999,20.2,25,Morningstar US CEF Global Allocation,81,"Nuveen Fund Advisors, LLC.",True,14.3,0.1,15.16,2026-08-25T00:00:00,670750108,Nuveen Multi-Asset Income,2026-08-25,XNMAX,Hybrid-Global Allocation,29.28,477.987,,Monthly,0.17114000000000001,0.11599999999999999,20.0,6.1034,,,3.38,,716.497,True,True,True,False,True,False,,13.32,18.02,,,10.39,13.83,,,23.59,1105970,28.2,0.0,96.8324,,,,13.40571,-7.96731,1.69,0.7000000000000001,1.09,2026-08-25T00:00:00,2021-11-22T00:00:00,11/22/2021,1637539200,2026-08-14T00:00:00
245,JMM,-0.1014,5.42902,6.04167,0.028999999999999998,3.01,15,Morningstar US CEF Investment Grade,81,"Nuveen Fund Advisors, LLC.",True,5.76,0.03,6.41,2026-08-25T00:00:00,67075J107,Nuveen Multi-Market Income Fund,2026-08-25,XJMMX,Fixed Income - Taxable-Investment Grade,29.66,54.503,-0.001,Monthly,0.13925,0.028999999999999998,12.0,5.5021,,4.39,3.59,,86.226,True,False,False,False,True,False,,5.38,4.91,1.07,0.49,-0.75,-1.1400000000000001,,,-2.99,91210,26.7,0.0,96.6946,,,,6.01831,-8.32219,-0.87,-0.15,-0.18,2026-08-25T00:00:00,1988-12-30T00:00:00,12/30/1988,599443200,2026-08-14T00:00:00
246,NZF,0.0074,7.81327,7.7561,0.0795,9.28,21,Morningstar US CEF Municipal,81,"Nuveen Fund Advisors, LLC.",False,12.3,0.09,12.21,2026-08-25T00:00:00,67070X101,Nuveen Municipal Credit Income,2026-08-25,XNZFX,Fixed Income - Municipal-Municipal,40.79,2423.745,-0.015000000000000001,Monthly,0.31359,0.0795,15.0,5.2593,,19.97,3.61,,4063.21,True,False,True,False,False,False,,3.23,8.36,-1.35,-1.04,1.13,1.3599999999999999,,,12.53,5285870,25.0,2.59,93.9709,,11.88,8.31,12.51923,-0.7269000000000001,1.18,1.38,1.09,2026-08-25T00:00:00,2001-09-25T00:00:00,9/25/2001,1001376000,2026-08-14T00:00:00
247,NMCO,0.0019,7.91908,7.90385,0.06849999999999999,8.5,21,Morningstar US CEF Municipal,81,"Nuveen Fund Advisors, LLC.",False,10.4,0.0,10.38,2026-08-25T00:00:00,670663103,Nuveen Municipal Credit Opps Fund,2026-08-25,XNMCX,Fixed Income - Municipal-Municipal,42.46,593.313,-0.035,Monthly,0.35941,0.06849999999999999,15.0,5.8652,,22.21,4.5,,1029.142,True,False,True,False,False,False,,2.91,4.08,-2.24,-1.87,2.05,6.75,,,12.31,1604720,30.9,0.27,86.9685,,15.53,9.8,10.67038,-0.26689,0.35000000000000003,-0.48,-0.51,2026-08-25T00:00:00,2019-09-16T00:00:00,9/16/2019,1568592000,2026-08-14T00:00:00
248,NMZ,0.001,7.81312,7.80536,0.0655,9.47,21,Morningstar US CEF Municipal,81,"Nuveen Fund Advisors, LLC.",False,10.07,0.01,10.06,2026-08-25T00:00:00,670682103,Nuveen Municipal High Income Opp Fd,2026-08-25,XNMZX,Fixed Income - Municipal-Municipal,40.11,2177.536,0.044000000000000004,Monthly,0.15638,0.0655,15.0,5.7108,,21.33,3.5,,3632.229,True,False,True,False,False,False,,3.9699999999999998,5.63,-1.53,-1.94,1.4,4.21,,,10.35,4755480,21.9,1.38,91.2079,,10.18,8.88,10.39621,-0.0524,0.15,0.25,0.34,2026-08-25T00:00:00,2003-11-19T00:00:00,11/19/2003,1069200000,2026-08-14T00:00:00
249,NMI,0.0635,4.66735,4.38884,0.038,7.14,21,Morningstar US CEF Municipal,81,"Nuveen Fund Advisors, LLC.",False,10.39,0.02,9.77,2026-08-25T00:00:00,67062J102,Nuveen Municipal Income,2026-08-25,XNMIX,Fixed Income - Municipal-Municipal,2.99,126.76,-0.019,Monthly,0.21289,0.038,12.0,5.4726,,21.72,0.75,,119.196,True,True,True,False,False,False,,4.32,8.03,0.71,2.27,2.1,12.05,,,14.7,267220,16.7,0.66,98.5853,,,8.7,10.26374,3.95101,0.61,-1.77,-0.12,2026-08-25T00:00:00,1988-04-20T00:00:00,4/20/1988,577497600,2026-08-14T00:00:00
250,NUV,0.0022,4.34783,4.33815,0.0325,5.78,21,Morningstar US CEF Municipal,81,"Nuveen Fund Advisors, LLC.",False,8.99,0.04,8.97,2026-08-25T00:00:00,670928100,Nuveen Municipal Value,2026-08-25,XNUVX,Fixed Income - Municipal-Municipal,6.15,1898.414,-0.018000000000000002,Monthly,0.19290000000000002,0.0325,10.0,5.2552,,18.27,0.66,,1894.19,True,False,True,False,False,False,,2.93,5.94,0.02,-1.03,0.62,3.54,,,11.73,4855250,11.1,0.8,96.1513,,,8.24,9.07571,-0.51631,0.71,-0.2,-0.11,2026-08-25T00:00:00,1987-06-17T00:00:00,6/17/1987,550886400,2026-08-14T00:00:00
251,QQQX,-0.0409,9.28886,9.68504,0.738,16.18,3,Morningstar US CEF Covered Call,81,"Nuveen Fund Advisors, LLC.",True,30.48,0.18,31.78,2026-08-25T00:00:00,670699107,Nuveen NASDAQ 100 Dynamic Overwrite,2026-08-25,XQQQX,Equity-Covered-Call Funds,,1488.24,0.0,Quarterly,-0.030780000000000002,0.738,20.0,,,,0.89,,1551.715,False,True,True,False,True,False,,15.78,14.88,9.36,8.22,4.66,8.36,,,20.93,1037090,,,,,,,28.64123,-7.29055,1.5,0.64,0.9500000000000001,2026-08-25T00:00:00,2007-01-30T00:00:00,1/30/2007,1170115200,2026-06-15T00:00:00
252,NRK,-0.0173,7.57225,7.7058800000000005,0.0655,9.89,23,Morningstar US CEF Municipal-NY,81,"Nuveen Fund Advisors, LLC.",False,10.2,0.04,10.38,2026-08-25T00:00:00,670656107,Nuveen NY AMT - Free Quality Muni Inc,2026-08-25,XNRKX,Fixed Income - Municipal-Municipal - NY,42.79,889.8,0.004,Monthly,0.2495,0.0655,15.0,4.6883,,19.76,3.69,,1582.782,True,False,True,False,False,False,,1.79,7.04,-2.16,-0.53,0.65,7.16,,,19.58,3198480,23.3,0.11000000000000001,94.7019,,15.06,9.38,10.28395,-4.82826,1.17,0.0,0.54,2026-08-25T00:00:00,2002-11-21T00:00:00,11/21/2002,1037836800,2026-08-14T00:00:00
253,NNY,-0.059699999999999996,4.06429,4.32234,0.0295,6.91,23,Morningstar US CEF Municipal-NY,81,"Nuveen Fund Advisors, LLC.",False,8.19,0.04,8.71,2026-08-25T00:00:00,67062M105,Nuveen NY Municipal Value,2026-08-25,XNNYX,Fixed Income - Municipal-Municipal - NY,0.0,154.677,-0.037,Monthly,0.17478,0.0295,10.0,4.7875,,19.89,0.5700000000000001,,164.498,True,False,False,False,False,False,,2.91,3.35,0.22,-0.52,1.09,-1.44,,,6.98,361160,28.8,0.0,96.2731,,,9.0,8.47752,-3.9415,-1.47,-1.53,-1.96,2026-08-25T00:00:00,1987-10-07T00:00:00,10/7/1987,560563200,2026-08-14T00:00:00
254,NAN,0.0064,7.45887,7.41144,0.06799999999999999,9.63,23,Morningstar US CEF Municipal-NY,81,"Nuveen Fund Advisors, LLC.",False,11.01,0.05,10.94,2026-08-25T00:00:00,67066X107,Nuveen NY Quality Muni Inc,2026-08-25,XNANX,Fixed Income - Municipal-Municipal - NY,40.21,366.419,0.013000000000000001,Monthly,0.25368,0.06799999999999999,15.0,4.9942,,20.82,3.77,,608.929,True,False,False,False,False,False,,2.22,8.36,-1.8,-0.4,0.99,3.64,,,9.21,715080,27.2,0.01,97.6695,,13.22,8.79,11.41582,0.6941600000000001,-0.05,-1.46,-0.8300000000000001,2026-08-25T00:00:00,1999-05-26T00:00:00,5/26/1999,927676800,2026-08-14T00:00:00
255,JPC,-0.0246,9.70246,9.94695,0.0625,6.32,18,Morningstar US CEF Preferreds,81,"Nuveen Fund Advisors, LLC.",False,7.54,0.04,7.73,2026-08-25T00:00:00,67073B106,Nuveen Pref & Income Opps Fund,2026-08-25,XJPCX,Fixed Income - Taxable-Preferreds,37.83,2834.139,-0.042,Monthly,0.24068,0.0625,15.0,7.7023,,,4.67,,4673.409,True,False,False,False,False,False,,10.9,15.6,3.45,3.54,0.96,0.19,,,4.86,9946080,7.5,0.0,103.4105,,,3.89,7.9933,0.09066,-2.41,-2.45,-1.88,2026-08-25T00:00:00,2003-03-26T00:00:00,3/26/2003,1048636800,2026-08-14T00:00:00
256,NAD,0.006900000000000001,7.28682,7.23695,0.0705,8.56,21,Morningstar US CEF Municipal,81,"Nuveen Fund Advisors, LLC.",False,11.69,0.04,11.61,2026-08-25T00:00:00,67066V101,Nuveen Quality Muni Income Fund,2026-08-25,XNADX,Fixed Income - Municipal-Municipal,42.23,2736.446,0.023,Monthly,0.27975,0.0705,15.0,5.1645,,19.94,3.74,,4704.299,True,False,True,False,False,False,,2.5700000000000003,8.37,-1.56,-0.7000000000000001,0.5700000000000001,1.52,,,12.81,6679730,24.1,1.23,95.3843,,11.17,8.09,11.87349,-1.07521,1.34,1.15,1.23,2026-08-25T00:00:00,1999-05-26T00:00:00,5/26/1999,927676800,2026-08-14T00:00:00
257,JRI,-0.059500000000000004,12.07234,12.83654,0.1335,13.71,25,Morningstar US CEF Global Allocation,81,"Nuveen Fund Advisors, LLC.",True,12.48,0.11,13.27,2026-08-25T00:00:00,67074Y105,Nuveen Real Asset Inc and Grwt,2026-08-25,XJRIX,Hybrid-Global Allocation,31.85,451.754,0.0,Monthly,0.26714,0.1335,20.0,6.5074000000000005,,,3.9,,704.796,True,False,False,False,True,False,,11.2,16.53,4.8,6.41,8.08,2.2800000000000002,,,11.39,1455820,26.4,0.0,99.9859,,,,13.20917,-2.45403,-0.9,-1.09,-0.39,2026-08-25T00:00:00,2012-04-25T00:00:00,4/25/2012,1335312000,2026-08-14T00:00:00
258,JRS,-0.0895,8.09372,8.88889,0.19,23.03,7,Morningstar US CEF Real Estate,81,"Nuveen Fund Advisors, LLC.",True,8.55,0.0,9.39,2026-08-25T00:00:00,67071B108,Nuveen Real Estate Income,2026-08-25,XJRSX,Equity-Real Estate,27.4,247.031,0.0,Quarterly,0.07692,0.19,15.0,,,,3.4,,373.7,True,True,False,False,True,False,,11.03,13.0,2.85,3.03,19.97,17.81,,,22.93,766710,0.0,,,,6.49,,8.05455,-8.23037,-0.47000000000000003,0.44,0.55,2026-08-25T00:00:00,2001-11-15T00:00:00,11/15/2001,1005782400,2026-06-15T00:00:00
259,SPXX,-0.08039999999999999,8.06699,8.77211,0.4215,20.86,3,Morningstar US CEF Covered Call,81,"Nuveen Fund Advisors, LLC.",True,19.22,0.17,20.9,2026-08-25T00:00:00,6706EW100,Nuveen S&P 500 Dynamic Overwrite,2026-08-25,XSSPX,Equity-Covered-Call Funds,,2648.804,0.0,Quarterly,0.02449,0.4215,20.0,,,,0.9700000000000001,,2880.333,False,True,True,False,True,False,,15.26,13.57,10.36,8.08,10.38,6.76,,,11.01,1407090,,,,,,,17.83556,-8.917110000000001,0.38,1.76,1.96,2026-08-25T00:00:00,2005-11-22T00:00:00,11/22/2005,1132617600,2026-06-15T00:00:00
260,NIM,-0.0489,3.5474,3.7298999999999998,0.028999999999999998,3.86,21,Morningstar US CEF Municipal,81,"Nuveen Fund Advisors, LLC.",False,9.33,0.03,9.81,2026-08-25T00:00:00,67061T101,Nuveen Select Maturity Muni,2026-08-25,XNIMX,Fixed Income - Municipal-Municipal,0.41000000000000003,116.127,-0.007,Monthly,0.16949,0.028999999999999998,12.0,4.4675,,8.49,0.5800000000000001,,122.101,True,False,True,False,False,False,,2.98,4.39,0.93,-0.19,0.11,0.52,,,4.78,189800,18.0,1.32,97.8224,,,5.21,9.37443,-5.75368,0.64,0.96,0.26,2026-08-25T00:00:00,1992-09-18T00:00:00,9/18/1992,716774400,2026-08-14T00:00:00
261,NXP,0.0085,4.5499600000000004,4.5116,0.0535,6.23,21,Morningstar US CEF Municipal,81,"Nuveen Fund Advisors, LLC.",False,14.23,0.06,14.11,2026-08-25T00:00:00,67062F100,Nuveen Select Tax Free Inc,2026-08-25,XNXPX,Fixed Income - Municipal-Municipal,3.73,900.962,0.014,Monthly,0.28791,0.0535,15.0,5.046,,17.18,0.35000000000000003,,893.365,True,False,True,False,False,False,,3.62,3.45,0.77,-0.26,1.07,2.87,,,6.62,1418560,14.4,1.31,93.9607,,9.19,8.13,14.29818,-0.08436,0.99,0.99,1.02,2026-08-25T00:00:00,1992-03-19T00:00:00,3/19/1992,700963200,2026-08-14T00:00:00
262,NBB,-0.029699999999999997,7.3059899999999995,7.52926,0.0965,4.88,20,Morningstar US CEF Taxable Muni,81,"Nuveen Fund Advisors, LLC.",False,15.38,0.11,15.85,2026-08-25T00:00:00,67074C103,Nuveen Taxable Municipal Income,2026-08-25,XNBBX,Fixed Income - Taxable-Taxable Muni,38.05,452.091,-0.051000000000000004,Monthly,0.47616,0.0965,20.0,6.8179,,16.71,3.24,,752.122,True,False,False,False,False,False,,5.61,7.16,-1.06,-1.51,-0.27,0.47000000000000003,,,4.18,565520,5.6,0.0,100.5308,,,7.42,15.87186,-2.68038,-0.29,-0.19,-0.02,2026-08-25T00:00:00,2010-04-27T00:00:00,4/27/2010,1272326400,2026-08-14T00:00:00
263,NPV,-0.039900000000000005,6.69084,6.96884,0.0615,8.42,24,Morningstar US CEF Municipal-Single State,81,"Nuveen Fund Advisors, LLC.",False,10.59,0.05,11.03,2026-08-25T00:00:00,67064R102,Nuveen VA Quality Muni Inc,2026-08-25,XNPVX,Fixed Income - Municipal-Municipal - Single-State,40.47,207.562,0.026000000000000002,Monthly,0.2321,0.0615,15.0,4.869,,18.2,3.54,,363.136,True,False,False,False,False,False,,2.49,6.14,-1.6,-3.2800000000000002,0.29,1.47,,,5.83,505910,32.6,1.55,95.5169,,11.51,8.16,11.34487,-0.8595600000000001,-1.82,-2.1,-2.74,2026-08-25T00:00:00,1993-03-18T00:00:00,3/18/1993,732412800,2026-08-14T00:00:00
264,NPFD,-0.0326,9.71044,10.03741,0.1565,6.38,18,Morningstar US CEF Preferreds,81,"Nuveen Fund Advisors, LLC.",False,18.71,-0.01,19.34,2026-08-25T00:00:00,67080R102,Nuveen Variable Rate Pref & Inc Fund,2026-08-25,XNPFX,Fixed Income - Taxable-Preferreds,36.95,452.111,,Monthly,0.5723900000000001,0.1565,25.0,7.4788,,,4.79,,741.24,True,False,True,False,False,False,,10.43,13.81,,,1.08,1.06,,,3.15,656230,7.4,0.0,102.0238,,5.58,3.5300000000000002,19.18889,-3.9373500000000003,0.53,1.67,0.92,2026-08-25T00:00:00,2021-12-15T00:00:00,12/15/2021,1639526400,2026-08-14T00:00:00
265,SRV,0.0183,13.53791,13.29493,0.5,25.63,6,Morningstar US CEF MLP,33,Cushing Asset Management LP,False,45.13,-0.51,44.32,2026-08-25T00:00:00,231631300,NXG Cushing Midstream Energy Fund,2026-08-25,XSRVX,Equity-MLP,29.98,281.357,,Monthly,0.0352,0.5,20.0,,,,4.32,,394.623,True,True,True,False,False,False,,24.46,22.46,19.45,27.98,27.19,29.19,,,30.57,568200,,,,,4.57,,44.45962,-0.95074,0.86,0.4,1.03,2026-08-25T00:00:00,2007-08-27T00:00:00,8/27/2007,1188172800,2026-08-17T00:00:00
266,NXG,0.0181,13.30377,13.06715,0.6,27.62,8,Morningstar US CEF Sector Equity,33,Cushing Asset Management LP,False,55.1,-1.01,54.12,2026-08-25T00:00:00,231647207,NXG NextGen Infrastructure Inc,2026-08-25,XNXGX,Equity-Sector Equity,34.48,404.002,,Monthly,-0.24598,0.6,25.0,,,,4.16,,605.627,True,True,True,False,False,False,,21.85,30.9,13.05,18.26,28.67,19.49,,,20.07,681850,,,,,1.07,,53.64671,-1.36663,0.85,0.48,0.9400000000000001,2026-08-25T00:00:00,2012-09-26T00:00:00,9/26/2012,1348617600,2026-08-17T00:00:00
267,MEGI,-0.0797,9.12409,9.91408,0.125,17.96,8,Morningstar US CEF Sector Equity,77,New York Life Investment Management LLC,False,15.13,0.26,16.44,2026-08-25T00:00:00,56064Q107,NYLI CBRE Glb Infra Megatrends Term Fund,2026-08-25,XMEGI,Equity-Sector Equity,21.21,787.479,,Monthly,0.39004,0.125,20.0,,,,3.73,,1085.961,True,True,True,False,False,False,,10.85,14.69,,,14.78,17.89,,,18.19,1548630,,,,,,,14.70923,-9.27985,0.8,0.79,1.23,2026-08-25T00:00:00,2021-10-27T00:00:00,10/27/2021,1635292800,2026-08-24T00:00:00
268,MMD,-0.0683,5.03106,5.4,0.06749999999999999,8.49,21,Morningstar US CEF Municipal,77,New York Life Investment Management LLC,False,15.0,0.05,16.1,2026-08-25T00:00:00,56064K100,NYLI MacKay DefinedTerm Muni Opps Fund,2026-08-25,XMMDX,Fixed Income - Municipal-Municipal,36.55,281.692,0.24000000000000002,Monthly,0.42096,0.06749999999999999,20.0,5.1948,,,2.72,,476.509,True,False,True,False,False,True,,2.66,0.56,-0.8200000000000001,-3.32,1.62,3.42,,,7.61,637690,,,104.6098,,,5.7,15.14295,-7.24718,0.34,0.03,0.34,2026-08-25T00:00:00,2012-06-27T00:00:00,6/27/2012,1340755200,2026-08-14T00:00:00
269,OCCI,-0.2018,18.34862,22.98851,0.049999999999999996,-32.59,19,Morningstar US CEF Senior Loans,82,"OFS Capital Management, LLC",True,2.6100000000000003,0.21,3.32,2026-07-31T00:00:00,67111Q107,OFS Credit Company Inc,2026-08-25,OCCI,Fixed Income - Taxable-Senior Loans,47.95,76.51,,Monthly,0.33629000000000003,0.049999999999999996,20.0,13.384,,,13.31,,184.18,True,False,False,False,True,False,,-8.46,-16.6,-8.11,-12.48,-23.43,-41.66,,,-47.59,2849210,,,,,,,3.90909,-13.63409,-0.61,0.25,0.12,2026-08-25T00:00:00,2018-10-05T00:00:00,10/5/2018,1538697600,2026-08-14T00:00:00
270,OXLC,-0.08410000000000001,22.94455,25.05219,0.19999999999999998,-33.14,19,Morningstar US CEF Senior Loans,83,Oxford Lane Management,False,9.58,0.61,10.66,2026-07-31T00:00:00,691543847,Oxford Lane Capital Corp,2026-08-25,OXLCX,Fixed Income - Taxable-Senior Loans,43.07,935.484,,Monthly,1.29355,0.19999999999999998,20.0,10.7207,,,9.78,,1794.076,True,False,True,False,False,False,,-2.86,-10.03,-1.6,-5.79,-19.43,-23.67,,,-28.21,12372480,,,,,,,12.0687,-16.01081,0.81,1.38,0.72,2026-08-25T00:00:00,2011-01-20T00:00:00,1/20/2011,1295481600,2026-08-17T00:00:00
271,PCM,-0.0164,14.016,14.24917,0.06423999999999999,5.95,16,Morningstar US CEF Limited Duration,84,"Pacific Investment Management Company, LLC",False,5.41,-0.02,5.5,2026-08-25T00:00:00,69323T101,PCM Fund,2026-08-25,XPCMX,Fixed Income - Taxable-Limited Duration,36.01,67.238,0.037,Monthly,0.31452,0.06423999999999999,15.0,6.3667,,6.53,4.76,,106.818,True,False,False,False,False,False,,7.84,-4.78,2.32,-2.6,0.89,-1.1400000000000001,,,1.09,528820,,,84.0078,,,,5.98562,3.59337,-1.49,-2.04,-1.73,2026-08-25T00:00:00,1993-09-02T00:00:00,9/2/1993,746928000,2026-08-13T00:00:00
272,PDCC,-0.1856,14.40443,17.68707,0.13,-28.86,19,Morningstar US CEF Senior Loans,86,Pearl Diver Capital LLP,True,8.82,-0.36,10.96,2026-07-31T00:00:00,70476Q100,Pearl Diver Credit Company Inc,2026-08-25,PDCC,Fixed Income - Taxable-Senior Loans,35.25,60.59,,Monthly,0.93322,0.13,20.0,10.3892,,,8.24,,114.905,True,False,False,False,True,False,,,,,,-14.64,-30.16,,,-35.71,58710,,,,,,,12.7657,-4.71036,-1.92,-1.1400000000000001,-1.25,2026-08-25T00:00:00,2024-07-18T00:00:00,7/18/2024,1721260800,2026-08-17T00:00:00
273,PSUS,-0.1978,,,,,10,Morningstar US CEF US Equity,87,"Pershing Square Capital Management, L.P.",False,39.37,-0.35000000000000003,49.08,2026-08-18T00:00:00,71531T105,"Pershing Square USA, Ltd",2026-08-25,PSUSX,Equity-U.S. Equity,,,,Annually,,,50.0,,,,0.0,,,False,True,True,False,False,False,,,,,,,,,,,0,,,,,,,,,,0.04,,2026-08-25T00:00:00,2026-04-29T00:00:00,4/29/2026,1777420800,
274,GHY,-0.0885,9.86688,10.82474,0.105,6.5,14,Morningstar US CEF High Yield,88,PGIM,False,11.64,0.11,12.77,2026-08-25T00:00:00,69346J106,"PGIM Global High Yield Fund, Inc.",2026-08-25,XGHYX,Fixed Income - Taxable-High Yield,16.05,476.787,,Monthly,0.4495,0.105,20.0,6.5282,,,2.5,,623.073,True,False,False,False,False,False,,10.44,11.82,4.18,4.61,2.09,-0.46,,,-1.53,1564820,,,96.0628,,,,12.28931,-5.9121,-1.09,-0.91,-0.76,2026-08-25T00:00:00,2012-12-21T00:00:00,12/21/2012,1356048000,2026-08-13T00:00:00
275,ISD,-0.0863,9.29204,10.16949,0.105,4.8,14,Morningstar US CEF High Yield,88,PGIM,False,12.39,0.16,13.56,2026-08-25T00:00:00,69346H100,"PGIM High Yield Bond Fund, Inc.",2026-08-25,XISDX,Fixed Income - Taxable-High Yield,20.36,412.536,,Monthly,0.55298,0.105,20.0,6.6848,,,2.15,,451.492,True,False,False,False,False,False,,8.75,10.02,4.09,4.28,1.37,-9.87,,,-4.89,944370,,,97.3498,,,,13.78502,-0.84291,-1.73,-1.65,-1.35,2026-08-25T00:00:00,2012-04-26T00:00:00,4/26/2012,1335398400,2026-08-13T00:00:00
276,SDHY,-0.0604,7.53051,8.01484,0.108,3.7800000000000002,14,Morningstar US CEF High Yield,88,PGIM,True,16.17,0.15,17.21,2026-08-25T00:00:00,69355J104,PGIM Short Duration High Yield Opps,2026-08-25,XSDHX,Fixed Income - Taxable-High Yield,22.15,398.963,,Monthly,0.74624,0.108,20.0,6.4186,,,2.52,,424.623,True,False,True,False,True,False,,7.55,10.51,4.49,4.44,1.19,2.12,,,4.65,697210,,,98.7564,,,,16.36678,-6.69282,0.61,0.89,1.19,2026-08-25T00:00:00,2020-11-25T00:00:00,11/25/2020,1606262400,2026-08-13T00:00:00
277,PAXS,-0.0362,12.2459,12.70588,0.1494,7.46,17,Morningstar US CEF Multi-Sector,90,PIMCO,True,14.11,0.09,14.64,2026-08-25T00:00:00,72203T100,PIMCO Access Income,2026-08-25,XPAAX,Fixed Income - Taxable-Multi-Sector,39.38,665.308,,Monthly,0.7612800000000001,0.1494,20.0,7.1091,,7.51,5.85,,1138.691,True,False,False,False,True,False,,12.02,10.84,,,1.9100000000000001,-0.63,,,2.63,1862990,,,87.1897,,,,15.13905,0.5756600000000001,-1.38,-0.96,-0.9500000000000001,2026-08-25T00:00:00,2022-01-31T00:00:00,1/31/2022,1643587200,2026-08-13T00:00:00
278,PCQ,-0.09939999999999999,4.47205,4.96552,0.036,10.39,22,Morningstar US CEF Municipal-CA,84,"Pacific Investment Management Company, LLC",False,8.7,-0.01,9.66,2026-08-25T00:00:00,72200N106,PIMCO CA Municipal Income,2026-08-25,XPCQX,Fixed Income - Municipal-Municipal - CA,42.56,488.354,0.161,Monthly,0.16229,0.036,15.0,4.7722,,14.81,4.27,,943.949,True,False,True,False,False,False,,2.05,-1.27,-2.98,-10.54,0.08,1.23,,,9.24,1547510,,,93.2247,,16.3,9.4,8.79009,-11.21653,1.6,1.33,1.6099999999999999,2026-08-25T00:00:00,2001-06-29T00:00:00,6/29/2001,993772800,2026-08-13T00:00:00
279,PTY,0.0341,12.47244,12.06091,0.11879999999999999,8.93,15,Morningstar US CEF Investment Grade,90,PIMCO,False,11.82,0.06,11.43,2026-08-25T00:00:00,72201B101,PIMCO Corporate & Income Opportunity Fd,2026-08-25,XPTYX,Fixed Income - Taxable-Investment Grade,17.21,2594.505,0.218,Monthly,0.56621,0.11879999999999999,15.0,,,7.79,1.27,,3030.399,True,False,False,False,False,False,,15.21,3.15,8.08,-0.3,2.5700000000000003,-2.59,,,-5.69,10653490,,,92.5257,,,,12.76169,9.23602,-0.99,-0.13,-0.74,2026-08-25T00:00:00,2002-12-27T00:00:00,12/27/2002,1040947200,2026-08-13T00:00:00
280,PCN,0.028900000000000002,11.81102,11.47959,0.11249999999999999,7.57,15,Morningstar US CEF Investment Grade,84,"Pacific Investment Management Company, LLC",False,11.76,0.04,11.43,2026-08-25T00:00:00,72200U100,PIMCO Corporate & Income Strgy,2026-08-25,XPCNX,Fixed Income - Taxable-Investment Grade,5.8100000000000005,894.464,0.038,Monthly,0.55593,0.11249999999999999,15.0,,,7.24,1.2,,922.962,True,False,False,False,False,False,,13.43,5.59,6.97,1.05,2.09,-2.42,,,3.22,3269980,,,92.1813,,,,12.39513,5.93806,-0.99,0.19,-0.43,2026-08-25T00:00:00,2001-12-21T00:00:00,12/21/2001,1008892800,2026-08-13T00:00:00
281,PDI,-0.015899999999999997,16.84278,17.11514,0.2205,8.58,17,Morningstar US CEF Multi-Sector,84,"Pacific Investment Management Company, LLC",False,15.46,0.13,15.71,2026-08-25T00:00:00,72201Y101,PIMCO Dynamic Income Fund,2026-08-25,XPDIX,Fixed Income - Taxable-Multi-Sector,31.67,7354.125,,Monthly,0.8963,0.2205,25.0,7.0675,,7.46,4.46,,10935.955,True,False,False,False,False,False,,13.36,9.52,6.02,3.2800000000000002,2.17,-0.88,,,-2.8,28024930,,,89.285,,,,17.71981,7.70976,-2.03,-1.8900000000000001,-2.18,2026-08-25T00:00:00,2012-05-25T00:00:00,5/25/2012,1337904000,2026-08-13T00:00:00
282,PDO,-0.013300000000000001,11.97192,12.13281,0.12789999999999999,9.26,13,Morningstar US CEF Global Income,84,"Pacific Investment Management Company, LLC",True,12.65,0.1,12.82,2026-08-25T00:00:00,69355M107,PIMCO Dynamic Income Opportunities Fund,2026-08-25,XPDOX,Fixed Income - Taxable-Global Income,34.35,1839.053,,Monthly,0.6564,0.12789999999999999,20.0,7.2428,,7.31,5.22,,2838.746,True,False,False,False,True,False,,13.44,12.57,3.39,3.0,2.17,0.9500000000000001,,,8.6,6187890,,,87.4408,,,,13.53109,3.51064,-2.51,-2.5300000000000002,-2.0,2026-08-25T00:00:00,2021-01-29T00:00:00,1/29/2021,1611878400,2026-08-13T00:00:00
283,PDX,-0.0857,6.75443,7.38717,0.1334,7.64,25,Morningstar US CEF Global Allocation,90,PIMCO,True,21.67,0.03,23.7,2026-08-25T00:00:00,69346N107,PIMCO Dynamic Income Strategy Fund,2026-08-25,XPDX,Hybrid-Global Allocation,22.49,968.8,,Monthly,0.70899,0.1334,20.0,6.1113,,6.61,3.29,,1367.033,True,True,True,False,True,True,,17.81,22.07,21.28,24.39,16.88,18.99,,,7.57,1220070,,,89.6993,,,,21.50053,-9.59811,0.63,0.98,1.24,2026-08-25T00:00:00,2019-01-30T00:00:00,1/30/2019,1548806400,2026-08-13T00:00:00
284,PGP,-0.0677,8.89366,9.53917,0.06899999999999999,22.26,25,Morningstar US CEF Global Allocation,84,"Pacific Investment Management Company, LLC",False,8.68,0.02,9.31,2026-08-25T00:00:00,722011103,PIMCO Global StocksPLUS & Income,2026-08-25,XPGPX,Hybrid-Global Allocation,48.28,100.616,0.07,Monthly,0.38544,0.06899999999999999,25.0,6.7163,,7.5600000000000005,2.5300000000000002,,208.658,True,False,False,False,False,False,,18.92,16.04,7.75,5.01,7.43,-2.01,,,11.55,434680,,,92.7925,,,,8.75766,-1.20144,-2.05,-1.23,-1.35,2026-08-25T00:00:00,2005-05-31T00:00:00,5/31/2005,1117497600,2026-08-13T00:00:00
285,PHK,0.015600000000000001,12.82851,12.63158,0.048,9.2,17,Morningstar US CEF Multi-Sector,84,"Pacific Investment Management Company, LLC",False,4.5600000000000005,0.01,4.49,2026-08-25T00:00:00,722014107,PIMCO High Income,2026-08-25,XPHKX,Fixed Income - Taxable-Multi-Sector,19.8,866.105,-0.044000000000000004,Monthly,0.23584,0.048,15.0,,,8.09,1.44,,1063.374,True,False,False,False,False,False,,13.28,10.04,6.74,3.9699999999999998,3.27,2.98,,,7.96,7584520,,,92.8093,,,,4.76738,3.94008,-1.26,-0.66,-0.7000000000000001,2026-08-25T00:00:00,2003-04-30T00:00:00,4/30/2003,1051660800,2026-08-13T00:00:00
286,PFL,0.009300000000000001,12.97211,12.85263,0.0814,6.47,17,Morningstar US CEF Multi-Sector,90,PIMCO,False,7.6,0.0,7.53,2026-08-25T00:00:00,72201H108,PIMCO Income Strategy,2026-08-25,XPFLX,Fixed Income - Taxable-Multi-Sector,7.8100000000000005,381.257,0.077,Monthly,0.35014,0.0814,20.0,,,6.86,1.8599999999999999,,409.752,True,False,False,False,False,False,,12.22,10.24,5.06,2.18,1.82,-1.46,,,3.7800000000000002,2067450,,,89.0405,,,,8.15788,4.3071,-1.6400000000000001,-0.91,-1.06,2026-08-25T00:00:00,2003-08-26T00:00:00,8/26/2003,1061856000,2026-08-13T00:00:00
287,PFN,0.014499999999999999,12.50508,12.32618,0.0718,8.39,17,Morningstar US CEF Multi-Sector,84,"Pacific Investment Management Company, LLC",False,6.99,0.05,6.89,2026-08-25T00:00:00,72201J104,PIMCO Income Strategy II,2026-08-25,XPFNX,Fixed Income - Taxable-Multi-Sector,23.99,695.324,0.094,Monthly,0.36318,0.0718,20.0,,,8.1,1.71,,901.65,True,False,False,False,False,False,,13.32,12.62,5.63,2.96,2.5300000000000002,1.45,,,6.5,4369410,,,91.5001,,,,7.23667,2.68129,-0.59,-0.11,0.16,2026-08-25T00:00:00,2004-10-29T00:00:00,10/29/2004,1099008000,2026-08-13T00:00:00
288,PML,-0.0591,6.08472,6.46658,0.0395,7.98,21,Morningstar US CEF Municipal,90,PIMCO,False,7.33,0.04,7.79,2026-08-25T00:00:00,72200W106,PIMCO Municipal Income II,2026-08-25,XPMLX,Fixed Income - Municipal-Municipal,43.06,919.679,0.10300000000000001,Monthly,0.22416,0.0395,15.0,4.8605,,14.19,4.19,,1716.576,True,False,False,False,False,False,,1.25,-1.58,-3.76,-8.31,-0.23,0.38,,,8.03,4373780,,,95.705,,15.68,9.07,7.60559,-5.66735,-0.2,0.85,0.38,2026-08-25T00:00:00,2002-06-28T00:00:00,6/28/2002,1025222400,2026-08-13T00:00:00
289,PNI,-0.1013,4.65789,5.18302,0.0295,9.07,23,Morningstar US CEF Municipal-NY,90,PIMCO,False,6.83,-0.01,7.6,2026-08-25T00:00:00,72200Y102,PIMCO NY Municipal Income II,2026-08-25,XPNIX,Fixed Income - Municipal-Municipal - NY,42.06,163.137,0.065,Monthly,0.17601,0.0295,15.0,4.8205,,14.29,4.31,,313.301,True,False,True,False,False,False,,0.88,1.19,-4.29,-6.12,0.3,1.6400000000000001,,,10.76,567520,,,96.1901,,16.81,9.8,6.9521,-10.93748,1.15,0.9400000000000001,0.84,2026-08-25T00:00:00,2002-06-28T00:00:00,6/28/2002,1025222400,2026-08-13T00:00:00
290,RCS,0.1413,10.43478,9.14286,0.04,9.97,15,Morningstar US CEF Investment Grade,90,PIMCO,False,5.25,-0.01,4.6,2026-08-25T00:00:00,72200X104,PIMCO Strategic Income Fund,2026-08-25,XRCSX,Fixed Income - Taxable-Investment Grade,80.23,248.906,0.019,Monthly,0.23481000000000002,0.04,12.5,6.5454,,7.52,3.49,,1103.208,True,False,False,False,False,False,,15.1,7.43,5.04,1.8900000000000001,2.88,-2.14,,,-20.71,1544710,,,99.6224,,,,6.06529,31.09863,-1.02,-0.99,-1.3,2026-08-25T00:00:00,1994-02-24T00:00:00,2/24/1994,762048000,2026-08-13T00:00:00
291,PWRL,-0.2437,,,,,8,Morningstar US CEF Sector Equity,91,Powerlaw Fund Adviser LLC,False,11.11,-0.66,14.69,2026-07-31T00:00:00,738922103,Powerlaw Corp.,2026-08-25,XPWRX,Equity-Sector Equity,,,,,,,,,,,0.0,,,False,True,True,False,False,False,,,,,,,,,,,0,,,,,,,,,,,,2026-08-25T00:00:00,2026-05-27T00:00:00,5/27/2026,1779840000,
292,PGZ,-0.0962,11.43376,12.6506,0.105,8.96,7,Morningstar US CEF Real Estate,92,Principal Funds,True,9.96,0.03,11.02,2026-08-25T00:00:00,74255X104,Principal Real Estate Income Fund,2026-08-25,XPGZX,Equity-Real Estate,30.25,66.673,,Monthly,0.34794,0.105,20.0,3.6927,,,4.79,,105.769,True,False,True,False,True,False,,11.67,15.03,0.67,3.27,4.62,9.71,,,11.33,258410,,,80.4473,,4.67,,10.16991,-9.99157,0.25,-0.6,0.14,2026-08-25T00:00:00,2013-06-26T00:00:00,6/26/2013,1372204800,2026-08-17T00:00:00
293,UTG,0.0045000000000000005,6.6159099999999995,6.58651,0.21,5.44,8,Morningstar US CEF Sector Equity,93,Reaves Asset Management,True,38.26,0.2,38.09,2026-08-25T00:00:00,756158101,Reaves Utility Income,2026-08-25,XUTGX,Equity-Sector Equity,21.31,3524.096,,Monthly,0.14102,0.21,20.0,,,,2.09,,4458.438,True,False,True,False,True,False,,19.31,19.41,9.79,9.59,8.3,8.31,,,6.88,2508580,,,,,2.62,,39.4367,-0.45306,0.74,0.8300000000000001,0.84,2026-08-25T00:00:00,2004-02-24T00:00:00,2/24/2004,1077580800,2026-08-18T00:00:00
294,RCG,-0.0518,,,0.022371,21.29,26,Morningstar US CEF US Allocation,63,Horizon Kinetics Asset Management LLC,False,2.93,-0.01,3.09,2026-08-25T00:00:00,759720105,RENN Fund ord,2026-08-25,XXRENNX,Hybrid-U.S. Allocation,11.03,20.556,,Data Not Available,-0.00658,0.022371,10.0,,,,1.56,,21.679,True,True,True,False,False,False,,13.08,18.38,6.45,7.85,12.72,17.32,,,16.41,79830,,,,,0.15,,2.77571,-9.58823,1.08,0.85,0.74,2026-08-25T00:00:00,1994-01-20T00:00:00,1/20/1994,759024000,2024-12-16T00:00:00
295,RSF,-0.0255,11.04903,11.33839,0.1371,8.08,14,Morningstar US CEF High Yield,94,"RiverNorth Capital Management, LLC",False,14.51,0.01,14.89,2026-08-25T00:00:00,76882B108,RiverNorth Capital and Inc Fund,2026-08-25,XRSFX,Fixed Income - Taxable-High Yield,9.65,50.269,,Monthly,1.04616,0.1371,21.42,,,,6.38,,51.585,True,False,True,False,False,False,,8.74,9.04,6.15,5.58,4.37,8.18,,,10.67,166460,,,,,2.96,,14.58496,-4.17688,1.53,1.46,1.08,2026-08-25T00:00:00,2016-09-22T00:00:00,9/22/2016,1474502400,2026-08-14T00:00:00
296,RFM,-0.0665,6.82065,7.30615,0.0881,10.95,21,Morningstar US CEF Municipal,94,"RiverNorth Capital Management, LLC",True,14.47,0.03,15.5,2026-08-25T00:00:00,76883H104,RiverNorth Flexible Municipal Income,2026-08-25,XRFMX,Fixed Income - Municipal-Municipal,40.44,88.48,,Monthly,0.26571,0.0881,20.0,5.1339,,,4.92,,159.118,True,True,True,False,True,True,,4.1,3.86,-1.04,-1.48,3.7800000000000002,8.81,,,14.23,210620,,,101.6818,,17.23,17.45,14.3862,-8.756920000000001,1.63,0.7000000000000001,1.17,2026-08-25T00:00:00,2020-03-26T00:00:00,3/26/2020,1585180800,2026-08-14T00:00:00
297,RFMZ,-0.0679,6.82803,7.32574,0.0804,10.94,21,Morningstar US CEF Municipal,94,"RiverNorth Capital Management, LLC",True,13.17,0.05,14.13,2026-08-25T00:00:00,76883Y107,RiverNorth Flexible Municipal Income II,2026-08-25,XRFZX,Fixed Income - Municipal-Municipal,40.88,320.713,,Monthly,0.25023,0.0804,20.0,5.1559,,,5.04,,582.02,True,True,True,False,True,True,,4.38,5.07,-0.72,-1.81,3.54,7.66,,,12.87,752870,,,101.2073,,16.29,15.96,13.03844,-9.31347,1.8399999999999999,0.9400000000000001,1.23,2026-08-25T00:00:00,2021-02-24T00:00:00,2/24/2021,1614124800,2026-08-14T00:00:00
298,RMMZ,-0.0487,6.84507,7.19515,0.0891,10.36,21,Morningstar US CEF Municipal,94,"RiverNorth Capital Management, LLC",False,14.86,0.21,15.62,2026-08-25T00:00:00,76882M104,RiverNorth Manage Dur Muni Inc Fd II Inc,2026-08-25,XRMZX,Fixed Income - Municipal-Municipal,41.35,125.641,,Monthly,0.25979,0.0891,20.0,5.1833,,,4.97,,225.182,True,True,True,False,False,True,,3.86,4.64,,,3.33,5.92,,,13.83,225240,,,102.0403,,16.06,14.6,14.81197,-6.93033,2.09,3.9699999999999998,3.17,2026-08-25T00:00:00,2022-02-10T00:00:00,2/10/2022,1644451200,2026-08-14T00:00:00
299,RMM,-0.0404,6.84444,7.13263,0.0847,10.76,21,Morningstar US CEF Municipal,94,"RiverNorth Capital Management, LLC",False,14.25,0.05,14.85,2026-08-25T00:00:00,76882H105,RiverNorth Managed Duration Muni Inc Fd,2026-08-25,XRMMX,Fixed Income - Municipal-Municipal,41.1,281.29,,Monthly,0.2686,0.0847,20.0,5.105,,,4.75,,497.643,True,True,True,False,False,True,,4.11,4.09,0.4,-0.91,3.43,9.68,,,11.4,673570,,,101.5299,,9.95,16.69,14.17157,-6.32428,1.24,0.03,0.66,2026-08-25T00:00:00,2019-07-25T00:00:00,7/25/2019,1564012800,2026-08-14T00:00:00
300,RMI,-0.0281,6.82097,7.01842,0.08889999999999999,11.12,21,Morningstar US CEF Municipal,94,"RiverNorth Capital Management, LLC",False,15.2,0.05,15.64,2026-08-25T00:00:00,76883F108,RiverNorth Opp Muni Income Fund Inc,2026-08-25,XRMIX,Fixed Income - Municipal-Municipal,40.14,96.893,,Monthly,0.26035,0.08889999999999999,20.0,5.14,,,4.93,,166.55,True,True,True,False,False,True,,4.1,5.51,-1.04,-0.11,3.84,13.9,,,20.63,237260,,,101.6429,,16.95,16.93,14.99124,-5.72944,1.02,0.32,0.31,2026-08-25T00:00:00,2018-10-25T00:00:00,10/25/2018,1540425600,2026-08-14T00:00:00
301,RIV,-0.08349999999999999,12.952069999999999,14.13165,0.1306,9.59,26,Morningstar US CEF US Allocation,94,"RiverNorth Capital Management, LLC",True,11.09,0.06,12.1,2026-08-25T00:00:00,76881Y109,RiverNorth Opportunities Fund,2026-08-25,XRIVX,Hybrid-U.S. Allocation,25.72,303.547,,Monthly,0.24094000000000002,0.1306,20.0,6.1355,,7.28,2.07,,445.862,True,False,False,False,True,True,,12.6,13.68,6.64,4.01,1.9100000000000001,4.66,,,5.58,1022410,,,97.8914,,,,11.67966,-5.42125,-1.57,-2.02,-2.49,2026-08-25T00:00:00,2015-12-23T00:00:00,12/23/2015,1450828800,2026-08-14T00:00:00
302,OPP,-0.0901,13.30085,14.61847,0.091,7.68,14,Morningstar US CEF High Yield,94,"RiverNorth Capital Management, LLC",True,7.47,0.01,8.21,2026-08-25T00:00:00,76882G107,RiverNorth/DoubleLine Strategic Opp Fund,2026-08-25,XOPPX,Fixed Income - Taxable-High Yield,37.71,186.676,,Monthly,0.31625000000000003,0.091,20.0,4.9979,,,2.7800000000000002,,329.361,True,False,False,False,True,True,,9.76,10.85,2.48,0.55,1.5899999999999999,4.03,,,2.62,1032110,,,75.0367,,,,7.91095,-8.26235,-0.36,-0.6900000000000001,-0.26,2026-08-25T00:00:00,2016-09-27T00:00:00,9/27/2016,1474934400,2026-08-14T00:00:00
303,RVI,0.0839,,,,,5,Morningstar US CEF Global Equity,95,"Robinhood Ventures DE, LLC",True,27.12,-6.83,25.02,2026-06-30T00:00:00,770701100,Robinhood Ventures Fund I,2026-08-25,XRVIX,Equity-Global Equity,,738.944,,Annually,,,25.0,,,,2.72,,681.725,False,True,True,False,True,False,,,,,,,,,,,0,,,,,,,,,,-0.77,,2026-08-25T00:00:00,2026-03-06T00:00:00,3/6/2026,1772755200,
304,BOT,1.2951,,,,,8,Morningstar US CEF Sector Equity,52,"FP Strategies, LLC",True,27.77,-1.6400000000000001,11.32,2026-07-31T00:00:00,77106T107,RoboStrategy Inc,2026-08-25,XBOTX,Equity-Sector Equity,,,,,,,,,,,0.0,,,False,True,True,False,True,False,,,,,,,,,,,0,,,,,,,,,,,,2026-08-25T00:00:00,2026-05-11T00:00:00,5/11/2026,1778457600,
305,RGT,-0.1351,1.06086,1.2266,0.19,24.87,5,Morningstar US CEF Global Equity,96,Royce Investment Partners,False,15.49,0.07,17.91,2026-08-25T00:00:00,78081T104,"Royce Global Trust, Inc.",2026-08-25,XRGTX,Equity-Global Equity,2.11,101.659,,Annually,-0.93737,0.19,8.975,,,,1.35,,117.541,True,True,True,False,False,False,,17.94,19.95,6.35,5.53,14.44,15.33,,,26.65,199190,,,,,,,13.76508,-14.72368,1.08,1.4100000000000001,1.67,2026-08-25T00:00:00,2013-10-18T00:00:00,10/18/2013,1382054400,2025-12-11T00:00:00
306,RMT,-0.1047,5.29634,5.91549,0.21,51.45,10,Morningstar US CEF US Equity,96,Royce Investment Partners,True,14.2,0.12,15.86,2026-08-25T00:00:00,780915104,Royce Micro-Cap Trust,2026-08-25,XOTCX,Equity-U.S. Equity,2.3,759.395,,Quarterly,-0.11427,0.21,10.0,,,,1.3900000000000001,,868.169,True,True,True,False,True,False,,21.63,23.15,10.4,11.65,33.46,34.78,,,54.46,1218900,,,,,,,11.99943,-11.44784,1.37,1.77,0.86,2026-08-25T00:00:00,1993-12-14T00:00:00,12/14/1993,755827200,2026-06-11T00:00:00
307,RVT,-0.1,5.96441,6.62747,0.31,30.6,10,Morningstar US CEF US Equity,96,Royce Investment Partners,True,18.71,0.12,20.79,2026-08-25T00:00:00,780910105,Royce Small-Cap Trust,2026-08-25,XRVTX,Equity-U.S. Equity,1.3900000000000001,2238.237,,Quarterly,0.08396,0.31,10.0,,,,1.35,,2522.063,True,True,False,False,True,False,,16.35,17.3,8.13,8.77,20.38,16.39,,,29.81,2753180,,,,,,,17.23939,-9.75949,-0.13,1.6,-0.08,2026-08-25T00:00:00,1986-11-26T00:00:00,11/26/1986,533347200,2026-06-11T00:00:00
308,BRW,-0.1081,13.95349,15.64417,0.08499999999999999,-0.42,19,Morningstar US CEF Senior Loans,97,"Saba Capital Management, LP",False,6.52,0.06,7.31,2026-08-25T00:00:00,78518H202,Saba Capital Income & Opportunities Fund,2026-08-25,XPPRX,Fixed Income - Taxable-Senior Loans,12.66,338.616,,Monthly,0.07357,0.08499999999999999,10.0,,,,5.82,,418.704,True,False,False,False,False,False,,9.06,8.6,7.26,7.29,3.13,3.06,,,-8.46,2698240,,,,,6.5,,6.96511,-10.47735,-0.14,-0.3,0.15,2026-08-25T00:00:00,1988-05-12T00:00:00,5/12/1988,579398400,2026-08-11T00:00:00
309,SABA,-0.1396,7.30325,8.4878,0.057999999999999996,2.16,13,Morningstar US CEF Global Income,97,"Saba Capital Management, LP",False,8.2,0.01,9.53,2026-08-25T00:00:00,880198205,Saba Capital Income & Ops Fund II,2026-08-25,XSABX,Fixed Income - Taxable-Global Income,,221.312,,Monthly,0.07175000000000001,0.057999999999999996,10.0,7.8815,,7.8100000000000005,4.58,,253.285,False,False,False,False,False,False,,9.87,8.32,4.7,2.9699999999999998,5.5600000000000005,4.88,,,-2.96,723070,,,,,,,8.483740000000001,-12.22854,-1.04,-0.85,-0.77,2026-08-25T00:00:00,1988-03-17T00:00:00,3/17/1988,574560000,2026-08-11T00:00:00
310,SPMC,-0.026600000000000002,25.50478,26.20087,0.13,-35.7,19,Morningstar US CEF Senior Loans,99,Sound Point Meridian Management Company LLC,True,9.16,-1.11,9.61,2026-07-31T00:00:00,83617A108,Sound Point Meridian Capital Inc,2026-08-25,,Fixed Income - Taxable-Senior Loans,46.91,188.96,,Monthly,1.06488,0.13,20.0,,,,10.95,,365.63,True,False,False,False,True,False,,,,,,-21.15,-12.65,,,-28.89,288020,,,,,,,12.70372,-0.82393,-0.24,-1.18,-0.55,2026-08-25T00:00:00,2024-06-14T00:00:00,6/14/2024,1718323200,2026-08-14T00:00:00
311,SOR,-0.081,4.91177,5.34445,0.20829999999999999,15.85,26,Morningstar US CEF US Allocation,48,"First Pacific Advisors, LP",True,46.77,0.1,50.89,2026-08-25T00:00:00,836144303,Source Capital,2026-08-25,XSORX,Hybrid-U.S. Allocation,0.0,384.963,,Monthly,1.17317,0.20829999999999999,17.5,3.0676,,,0.9800000000000001,,418.874,True,True,False,False,True,False,,13.81,15.06,9.11,9.52,6.99,5.01,,,13.95,107710,,,,,,,46.26224,-5.07963,-1.25,-0.02,-0.73,2026-08-25T00:00:00,1968-10-24T00:00:00,10/24/1968,-37497600,2026-08-13T00:00:00
312,SPE,-0.146,8.31888,9.7416,0.10869999999999999,0.91,10,Morningstar US CEF US Equity,22,Bulldog Investors LLP,False,13.39,0.07,15.68,2026-08-21T00:00:00,84741T104,Special Opportunities,2026-08-25,XSPEX,Equity-U.S. Equity,25.12,142.244,,Monthly,0.02606,0.10869999999999999,15.0,5.1616,,19.11,1.8599999999999999,,222.465,True,False,False,False,False,False,,12.68,15.43,8.1,7.96,-2.42,-6.45,,,-3.05,344000,,,,,,,14.54904,-10.73098,-1.96,-0.75,-1.26,2026-08-25T00:00:00,1993-06-08T00:00:00,6/8/1993,739497600,2026-06-16T00:00:00
313,FUND,-0.0928,4.7625399999999996,5.24977,0.1424,35.81,10,Morningstar US CEF US Equity,101,Sprott Asset Management USA Inc.,True,10.85,0.04,11.96,2026-08-25T00:00:00,85208J109,Sprott Focus Trust,2026-08-25,XFUNX,Equity-U.S. Equity,0.0,324.369,,Quarterly,0.07343,0.1424,10.0,,,,1.13,,357.553,True,True,True,False,True,False,,13.63,13.33,11.1,11.84,17.15,17.55,,,38.28,263910,,,,,,,9.31255,-10.54809,1.78,0.85,1.26,2026-08-25T00:00:00,1988-03-01T00:00:00,3/1/1988,573177600,2026-06-12T00:00:00
314,CEF,-0.0216,,,,33.08,2,Morningstar US CEF Commodity,100,Sprott Asset Management LP,False,47.63,0.39,48.68,2026-08-25T00:00:00,85208R101,Sprott Physical Gold and Silver Trust,2026-08-25,XCEFX,Equity-Commodities,,8195.09,,Data Not Available,0.0,,13.72,,,,0.46,,8375.75,False,True,True,False,False,False,,28.46,28.86,16.96,16.5,-12.05,-12.64,,,32.84,10704050,,,,,,,44.24582,-4.36081,1.5899999999999999,2.7,2.54,2026-08-25T00:00:00,2018-01-16T00:00:00,1/16/2018,1516060800,
315,PHYS,-0.0172,,,,22.24,2,Morningstar US CEF Commodity,100,Sprott Asset Management LP,False,35.45,0.12,36.07,2026-08-25T00:00:00,85207H104,Sprott Physical Gold Trust Unit,2026-08-25,,Equity-Commodities,,17180.288,,Data Not Available,0.0,,10.0,,,,0.4,,17480.761,False,True,True,False,False,False,,26.4,25.98,16.7,16.33,-6.61,-7.36,,,21.53,49167430,,,,,,,33.2105,-2.23923,0.88,2.2,1.81,2026-08-25T00:00:00,2010-02-26T00:00:00,2/26/2010,1267142400,
316,SPPP,-0.035,,,,16.36,2,Morningstar US CEF Commodity,100,Sprott Asset Management LP,False,14.870000000000001,-0.04,15.41,2026-08-25T00:00:00,85207Q104,Sprott Physical Platinum & Palladium Tr,2026-08-25,,Equity-Commodities,,593.545,,Data Not Available,0.0,,10.0,,,,1.01,,615.099,False,False,True,False,False,False,,7.42,5.75,-5.38,-5.73,-20.59,-20.37,,,12.5,9145090,,,,,,,15.15372,-4.70618,0.53,2.5700000000000003,2.89,2026-08-25T00:00:00,2012-12-19T00:00:00,12/19/2012,1355875200,
317,PSLV,-0.028999999999999998,,,,55.05,2,Morningstar US CEF Commodity,100,Sprott Asset Management LP,False,22.74,0.03,23.42,2026-08-25T00:00:00,85207K107,Sprott Physical Silver Trust Unit,2026-08-25,,Equity-Commodities,,14390.4,,Data Not Available,0.0,,10.0,,,,0.56,,14820.719,False,True,True,False,False,False,,31.23,30.55,16.58,16.13,-20.05,-20.51,,,51.37,173397480,,,,,,,21.64207,-4.53528,1.0,2.2800000000000002,2.33,2026-08-25T00:00:00,2010-10-29T00:00:00,10/29/2010,1288310400,
318,STEW,-0.2224,3.35711,4.31732,0.19999999999999998,11.02,10,Morningstar US CEF US Equity,85,Paralel Advisors LLC,True,18.53,0.08,23.83,2026-08-25T00:00:00,101507101,SRH Total Return Fund,2026-08-25,XSTEX,Equity-U.S. Equity,8.88,1787.061,,Quarterly,0.03245,0.19999999999999998,10.0,5.4498,,,1.42,,2522.036,True,True,False,False,True,False,,15.95,15.04,11.88,10.47,6.48,3.35,,,9.26,811510,,,,,0.4,,17.94938,-21.44643,-0.77,1.09,-0.01,2026-08-25T00:00:00,1972-12-07T00:00:00,12/7/1972,92534400,2026-07-24T00:00:00
319,TWN,-0.17329999999999998,5.18541,6.27233,6.2002,103.15,1,Morningstar US CEF Asia Equity,80,Nomura Asset Management USA Inc,False,98.85,1.58,119.57,2026-08-25T00:00:00,874036106,Taiwan Fund,2026-08-25,XXTWNXX,Equity-Asia Equity,,567.601,,Annually,0.0,6.2002,22.42,,,,1.32,,686.576,False,True,False,False,False,False,,48.55,49.24,27.9,27.3,63.26,53.82,,,100.36,302420,,,,,,,70.46502,-15.76968,-0.6900000000000001,-0.19,-0.26,2026-08-25T00:00:00,1986-12-23T00:00:00,12/23/1986,535680000,2025-12-29T00:00:00
320,TSI,-0.0928,7.00206,7.71818,0.0283,0.9500000000000001,17,Morningstar US CEF Multi-Sector,102,TCW Investment Management Co LLC,False,4.4,0.02,4.85,2026-08-25T00:00:00,872340104,TCW Strategic Income,2026-08-25,XXCVTXX,Fixed Income - Taxable-Multi-Sector,0.0,210.256,,Monthly,0.13571,0.0283,10.0,4.6909,,,1.17,,231.759,True,False,False,False,False,False,,5.94,6.03,2.92,1.75,-1.82,-6.99,,,-2.89,1213510,,,97.6881,,,,4.70934,-6.74738,-1.49,-1.05,-1.06,2026-08-25T00:00:00,1987-03-05T00:00:00,3/5/1987,541900800,2026-08-17T00:00:00
321,TDF,-0.1408,4.74684,5.52486,0.15,9.0,1,Morningstar US CEF Asia Equity,103,Templeton Asset Management Ltd.,False,10.86,0.05,12.64,2026-08-25T00:00:00,88018T101,Templeton Dragon,2026-08-25,XTDFX,Equity-Asia Equity,0.31,273.847,,Quarterly,0.02559,0.15,15.0,,,,1.21,,319.735,True,False,True,False,False,False,,4.39,4.69,-6.53,-6.95,-2.38,-2.35,,,9.5,751160,,,,,,,11.22341,-14.08275,0.0,0.19,0.33,2026-08-25T00:00:00,1994-09-20T00:00:00,9/20/1994,780019200,2026-06-23T00:00:00
322,TEI,-0.054400000000000004,9.03766,9.55752,0.054,26.37,12,Morningstar US CEF Emerging Market Income,53,"Franklin Advisers, Inc.",False,6.78,0.06,7.17,2026-08-25T00:00:00,880192109,Templeton Emerg Mkts Income,2026-08-25,XTEIX,Fixed Income - Taxable-Emerging Market Income,16.1,320.209,,Monthly,0.3607,0.054,15.0,8.0859,,,2.37,,403.628,True,True,True,False,False,False,,18.04,21.68,7.55,8.57,8.9,8.47,,,27.71,1862840,,,,,5.59,,6.47922,-5.78295,0.21,0.26,0.53,2026-08-25T00:00:00,1993-09-23T00:00:00,9/23/1993,748742400,2026-08-24T00:00:00
323,EMF,-0.1067,3.82166,4.27807,0.24,61.36,4,Morningstar US CEF Emerging Market Equity,55,Franklin Templeton Investments,False,22.44,0.43,25.12,2026-08-25T00:00:00,880191101,Templeton Emerging Markets,2026-08-25,XEMFX,Equity-Emerging Market Equity,2.59,335.431,,Quarterly,0.05477,0.24,20.0,,,,1.34,,385.491,True,True,False,False,False,False,,28.25,30.01,12.18,13.05,30.73,27.3,,,62.32,406690,,,,,,,19.2867,-10.16681,-0.33,-0.32,-0.2,2026-08-25T00:00:00,1987-02-26T00:00:00,2/26/1987,541296000,2026-06-23T00:00:00
324,CEE,-0.1255,1.66925,1.9087800000000001,0.3871,46.04,4,Morningstar US CEF Emerging Market Equity,40,DWS,False,20.28,-0.02,23.19,2026-08-25T00:00:00,153436100,The Central and Eastern Europe Fund,2026-08-25,XCEEX,Equity-Emerging Market Equity,4.7,132.23,,Annually,0.05509,0.3871,19.0,,,,1.26,,158.667,True,True,False,False,False,False,,39.03,33.55,-4.08,-2.5300000000000002,28.47,15.88,,,37.21,272770,,,,,,,18.55845,-1.38887,-3.8200000000000003,-2.56,-3.39,2026-08-25T00:00:00,1990-03-06T00:00:00,3/6/1990,636681600,2025-12-30T00:00:00
325,TBLD,-0.0643,5.25006,5.61059,0.10417,21.59,25,Morningstar US CEF Global Allocation,105,Thornburg Investment Management Inc,False,22.28,0.04,23.81,2026-08-25T00:00:00,885213108,Thornburg Income Builder Opp Trust,2026-08-25,XTBLX,Hybrid-Global Allocation,0.07,714.784,,Monthly,0.26058,0.10417,20.0,5.557,,,1.62,,764.387,True,True,False,False,False,True,,16.37,20.18,10.23,9.39,12.09,12.17,,,19.33,601650,,,89.9154,,,,21.11875,-5.63307,-0.64,-0.75,-0.78,2026-08-25T00:00:00,2021-07-27T00:00:00,7/27/2021,1627344000,2026-08-13T00:00:00
326,TYG,-0.0217,12.89301,13.17919,0.475,6.26,6,Morningstar US CEF MLP,106,"Tortoise Capital Advisors, LLC",False,43.25,-0.31,44.21,2026-08-25T00:00:00,89147L886,Tortoise Energy Infrastructure Corp.,2026-08-25,XTYGX,Equity-MLP,27.76,913.855,,Monthly,-0.21128,0.475,25.0,,,,3.13,,1293.141,True,False,True,False,False,False,,17.03,24.32,14.83,21.17,9.8,12.58,,,11.47,1267190,,,,,0.25,,44.57966,-4.92704,0.84,1.79,0.51,2026-08-25T00:00:00,2004-02-27T00:00:00,2/27/2004,1077840000,2026-08-24T00:00:00
327,SWZ,-0.20199999999999999,7.82872,9.8106,3.0,5.14,9,Morningstar US CEF Single Country Equity,22,Bulldog Investors LLP,False,5.945,0.01,7.45,2026-08-25T00:00:00,870875101,Total Return Securities Fund,2026-08-25,XSWZX,Equity-Single-Country Equity,0.0,77.13,,Quarterly,0.01728,3.0,8.0,5.1558,,19.63,2.21,,96.655,True,False,False,False,False,False,,1.6600000000000001,0.8,1.03,0.73,6.5,-5.14,,,-4.22,665410,,,,,,9.02,6.02556,-16.19668,-1.3599999999999999,-0.8,-1.27,2026-08-25T00:00:00,1987-08-27T00:00:00,8/27/1987,557020800,2025-03-18T00:00:00
328,TY,-0.1017,2.8779,3.20359,0.2852,17.54,26,Morningstar US CEF US Allocation,31,"Columbia Mgmt Investment Advisers, LLC",False,35.61,0.23,39.64,2026-08-25T00:00:00,895436103,Tri-Continental,2026-08-25,XTYCX,Hybrid-U.S. Allocation,1.75,1905.69,,Quarterly,0.5488000000000001,0.2852,10.0,6.0621,,,0.46,,2150.092,True,True,True,False,False,False,,15.17,17.54,9.49,11.0,9.24,10.29,,,19.03,357200,,,,,4.48,,33.87797,-10.23322,0.08,-0.8200000000000001,-0.01,2026-08-25T00:00:00,1929-01-14T00:00:00,1/14/1929,-1292716800,2026-06-16T00:00:00
329,AIO,-0.0697,7.76141,8.34299,0.18,31.06,8,Morningstar US CEF Sector Equity,108,"Virtus Investment Advisers, LLC",False,25.89,0.3,27.83,2026-08-25T00:00:00,92838Y100,Virtus AI & Tech Opp Fund,2026-08-25,XAIOX,Equity-Sector Equity,11.94,891.627,,Monthly,0.025490000000000002,0.18,20.0,4.6834,,,2.32,,1088.438,True,True,True,False,False,False,,22.72,22.7,10.79,11.68,21.04,21.33,,,15.68,838580,,,,,,,24.20636,-8.16777,0.39,2.02,2.37,2026-08-25T00:00:00,2019-10-31T00:00:00,10/31/2019,1572480000,2026-08-13T00:00:00
330,NCV,-0.0771,9.05158,9.807690000000001,0.13599999999999998,28.56,11,Morningstar US CEF Convertibles,108,"Virtus Investment Advisers, LLC",False,16.64,0.21,18.03,2026-08-25T00:00:00,92838X805,Virtus Convertible & Income Fund,2026-08-25,XNCVX,Fixed Income - Taxable-Convertibles,33.97,375.954,0.012,Monthly,0.12557000000000001,0.13599999999999998,15.0,4.2431,,,2.8200000000000003,,616.918,True,True,True,False,False,False,,16.58,18.33,4.16,4.45,14.72,17.13,,,29.43,878170,,,112.1538,,6.02,,16.03115,-9.96403,1.81,1.48,1.7000000000000002,2026-08-25T00:00:00,2003-03-31T00:00:00,3/31/2003,1049068800,2026-08-13T00:00:00
331,NCZ,-0.0495,8.79121,9.24855,0.12,30.21,11,Morningstar US CEF Convertibles,108,"Virtus Investment Advisers, LLC",False,15.57,0.1,16.38,2026-08-25T00:00:00,92838U801,Virtus Convertible & Income Fund II,2026-08-25,XNCZX,Fixed Income - Taxable-Convertibles,34.68,296.281,0.0,Monthly,0.10316,0.12,15.0,4.1644,,,2.22,,477.216,True,True,True,False,False,False,,17.23,19.64,4.31,5.23,15.73,18.67,,,29.88,654220,,,111.4938,,6.05,,14.56467,-9.571390000000001,3.1,2.23,2.9,2026-08-25T00:00:00,2003-07-31T00:00:00,7/31/2003,1059609600,2026-08-13T00:00:00
332,ACV,-0.0192,7.97637,8.13253,0.18,27.07,26,Morningstar US CEF US Allocation,108,"Virtus Investment Advisers, LLC",False,26.56,0.1,27.08,2026-08-25T00:00:00,92840N100,Virtus Diversified Inc & Conv Fund,2026-08-25,XACVX,Hybrid-U.S. Allocation,27.17,276.119,,Monthly,-0.00934,0.18,25.0,3.5932,,,3.63,,386.524,True,True,False,False,False,True,,18.67,20.58,7.73,8.85,13.66,6.66,,,30.38,297360,,,,,74.56,,26.24552,-0.46252000000000004,-0.41000000000000003,0.16,-0.12,2026-08-25T00:00:00,2015-05-26T00:00:00,5/26/2015,1432598400,2026-08-13T00:00:00
333,NIE,-0.109,7.98074,8.95753,0.58,18.55,26,Morningstar US CEF US Allocation,108,"Virtus Investment Advisers, LLC",False,25.9,0.05,29.07,2026-08-25T00:00:00,92841M101,Virtus Equity & Convertible Inc Fund,2026-08-25,XNIEX,Hybrid-U.S. Allocation,,717.662,0.0,Quarterly,0.03966,0.58,25.0,2.0791,,,1.07,,805.5,False,True,False,False,False,False,,15.76,16.3,8.25,9.54,9.76,8.61,,,19.19,586490,,,,,,,25.51552,-10.36249,-0.53,0.23,0.17,2026-08-25T00:00:00,2007-02-27T00:00:00,2/27/2007,1172534400,2026-06-15T00:00:00
334,VGI,-0.0666,12.29193,13.16872,0.08,6.99,17,Morningstar US CEF Multi-Sector,108,"Virtus Investment Advisers, LLC",True,7.29,0.03,7.81,2026-08-25T00:00:00,92829B101,Virtus Global Multi-Sector Income Fund,2026-08-25,XVGIX,Fixed Income - Taxable-Multi-Sector,30.73,82.472,,Monthly,0.22072,0.08,20.0,6.035,,7.5,3.98,,127.555,True,False,False,False,True,False,,7.97,10.72,1.47,1.51,1.31,-0.62,,,4.14,375200,,,97.9305,,,,7.6647,-5.73609,-0.71,0.51,0.1,2026-08-25T00:00:00,2012-02-23T00:00:00,2/23/2012,1329955200,2026-08-13T00:00:00
335,EDF,0.036000000000000004,14.4,13.89961,0.06,20.16,12,Morningstar US CEF Emerging Market Income,109,Virtus Investment Advisors (VIA),False,5.18,0.07,5.0,2026-08-25T00:00:00,86164T107,Virtus Stone Harbor Emerging Markets Inc,2026-08-25,XEDFX,Fixed Income - Taxable-Emerging Market Income,21.17,166.662,,Monthly,0.22456,0.06,25.0,6.8639,,,3.13,,204.081,True,True,True,False,False,False,,21.64,19.05,8.43,5.35,9.12,13.65,,,18.5,1565460,,,,,,3.92,5.11222,2.81843,0.22,-1.0,-0.29,2026-08-25T00:00:00,2010-12-23T00:00:00,12/23/2010,1293062400,2026-08-13T00:00:00
336,ZTR,-0.1007,8.74172,9.72018,0.055,18.3,25,Morningstar US CEF Global Allocation,108,"Virtus Investment Advisers, LLC",False,6.79,0.12,7.55,2026-08-25T00:00:00,92835W107,Virtus Total Return Fund Inc,2026-08-25,XZTRX,Hybrid-Global Allocation,29.63,339.457,,Monthly,0.10525,0.055,15.0,5.8547,,6.15,3.67,,536.352,True,True,True,False,False,False,,13.66,14.25,6.67,5.15,12.26,14.03,,,20.49,1973340,,,98.4225,,,,6.60728,-10.8042,0.63,1.17,1.62,2026-08-25T00:00:00,2005-02-24T00:00:00,2/24/2005,1109203200,2026-08-13T00:00:00
337,IAE,-0.022000000000000002,8.56202,8.75421,0.065,28.47,1,Morningstar US CEF Asia Equity,110,"Voya Investments, LLC",False,8.91,0.18,9.11,2026-08-25T00:00:00,92912J102,Voya Asia Pacific High Div Eq Inc Fd,2026-08-25,XIAEX,Equity-Asia Equity,,95.785,,Monthly,0.02682,0.065,25.0,,,,1.21,,97.936,False,True,True,False,False,False,,17.49,23.51,9.09,11.25,15.9,23.02,,,31.7,492320,,,,,,,7.91499,-5.78785,1.5,0.42,1.1,2026-08-25T00:00:00,2007-03-27T00:00:00,3/27/2007,1174953600,2026-08-03T00:00:00
338,IHD,-0.023,8.42912,8.62745,0.055,30.54,4,Morningstar US CEF Emerging Market Equity,110,"Voya Investments, LLC",False,7.65,0.16,7.83,2026-08-25T00:00:00,92912P108,Voya Emerging Markets High Div Eq Fd,2026-08-25,XIHDX,Equity-Emerging Market Equity,,135.679,,Monthly,0.02083,0.055,20.0,,,,1.4100000000000001,,138.872,False,True,True,False,False,False,,17.71,23.52,9.01,11.34,16.5,22.26,,,37.08,796680,,,,,,,6.81805,-5.61341,1.46,0.33,0.85,2026-08-25T00:00:00,2011-04-26T00:00:00,4/26/2011,1303776000,2026-08-03T00:00:00
339,IGA,-0.058899999999999994,9.10714,9.67742,0.08499999999999999,19.55,3,Morningstar US CEF Covered Call,110,"Voya Investments, LLC",False,10.54,0.03,11.2,2026-08-25T00:00:00,92912R104,Voya Global Advantage and Premium Opp Fd,2026-08-25,XIGAX,Equity-Covered-Call Funds,,161.698,,Monthly,0.07357,0.08499999999999999,20.0,,,,1.01,,171.824,False,True,True,False,False,False,,14.24,18.01,9.87,11.0,12.79,10.63,,,17.41,578030,,,,,,,9.81981,-6.44121,0.45,2.38,2.13,2026-08-25T00:00:00,2005-10-26T00:00:00,10/26/2005,1130284800,2026-08-03T00:00:00
340,IGD,-0.003,9.04977,9.07716,0.049999999999999996,19.29,3,Morningstar US CEF Covered Call,110,"Voya Investments, LLC",False,6.61,0.06,6.63,2026-08-25T00:00:00,92912T100,Voya Global Equity Dividend&Prm Opp Fd,2026-08-25,XIGDX,Equity-Covered-Call Funds,,521.321,,Monthly,0.04503,0.049999999999999996,20.0,,,,0.9600000000000001,,522.898,False,True,True,False,False,False,,13.88,19.68,9.08,11.85,12.47,20.41,,,25.67,2518280,,,,,,,5.97925,-3.83325,1.48,0.27,0.88,2026-08-25T00:00:00,2005-03-28T00:00:00,3/28/2005,1111968000,2026-08-03T00:00:00
341,IDE,-0.0473,8.608319999999999,9.03614,0.09999999999999999,22.42,5,Morningstar US CEF Global Equity,110,"Voya Investments, LLC",True,13.28,0.04,13.94,2026-08-25T00:00:00,92912X101,Voya Infrastructure Industrials&Matls Fd,2026-08-25,XIDEX,Equity-Global Equity,,201.276,,Monthly,0.02906,0.09999999999999999,20.0,,,,1.23,,211.279,False,True,False,False,True,False,,15.14,19.92,9.99,9.78,11.23,11.32,,,21.02,444500,,,,,,,12.92482,-3.20382,-0.65,-1.2,-1.01,2026-08-25T00:00:00,2010-01-26T00:00:00,1/26/2010,1264464000,2026-08-03T00:00:00
342,WDI,-0.0809,12.76504,13.88932,0.1485,5.42,17,Morningstar US CEF Multi-Sector,54,"Franklin Templeton Fund Adviser, LLC",True,12.83,0.08,13.96,2026-08-25T00:00:00,95790K109,Western Asset Diversified Inc Fund,2026-08-25,XWDIX,Fixed Income - Taxable-Multi-Sector,33.92,666.032,,Monthly,0.8094,0.1485,20.0,8.2493,0.0,10.01,4.25,,1096.767,True,False,False,True,True,True,,8.9,11.16,3.2800000000000002,2.66,1.55,1.3,,,-0.29,1984710,,0.0,96.2501,,,,13.92874,-4.39099,-1.83,-1.88,-1.98,2026-08-25T00:00:00,2021-06-24T00:00:00,6/24/2021,1624492800,2026-08-24T00:00:00
343,EMD,-0.0329,10.43001,10.78524,0.095,12.12,12,Morningstar US CEF Emerging Market Income,54,"Franklin Templeton Fund Adviser, LLC",True,10.57,0.07,10.93,2026-08-25T00:00:00,95766A101,Western Asset Emerging Markets Debt,2026-08-25,XEMDX,Fixed Income - Taxable-Emerging Market Income,27.31,614.439,,Monthly,0.38634,0.095,20.0,6.0408,0.0,11.38,3.13,,874.135,True,False,True,True,True,False,,12.43,17.13,3.63,4.83,2.84,4.86,,,15.36,1962890,,0.0,,,7.2,5.22,10.58318,-5.08712,1.1,1.07,1.03,2026-08-25T00:00:00,2003-12-01T00:00:00,12/1/2003,1070236800,2026-08-24T00:00:00
344,GDO,-0.09029999999999999,13.09481,14.39528,0.122,4.16,13,Morningstar US CEF Global Income,54,"Franklin Templeton Fund Adviser, LLC",False,10.17,0.02,11.18,2026-08-25T00:00:00,95790C107,Western Asset Global Corp Opp,2026-08-25,XGDOX,Fixed Income - Taxable-Global Income,33.42,76.472,,Monthly,0.40556000000000003,0.122,20.0,5.9541,0.0,8.65,4.47,,126.257,True,False,False,True,False,False,,6.12,5.22,-0.08,-1.35,-0.35000000000000003,-6.06,,,-0.51,314410,,0.0,,,,,11.24827,-4.99565,-2.11,-1.87,-2.21,2026-08-25T00:00:00,2009-11-27T00:00:00,11/27/2009,1259280000,2026-08-24T00:00:00
345,EHI,-0.1003,13.16614,14.63415,0.06999999999999999,6.72,14,Morningstar US CEF High Yield,55,Franklin Templeton Investments,False,5.74,0.04,6.38,2026-08-25T00:00:00,95766B109,Western Asset Global High Income,2026-08-25,XEHIX,Fixed Income - Taxable-High Yield,31.93,173.921,,Monthly,0.29517,0.06999999999999999,15.0,7.3316,0.0,8.92,3.49,,283.97,True,False,False,True,False,False,,7.65,5.32,1.16,0.23,2.27,-2.46,,,0.46,1052060,,0.0,97.2695,,,,6.2263,-6.52411,-1.77,-2.05,-1.47,2026-08-25T00:00:00,2003-07-28T00:00:00,7/28/2003,1059350400,2026-08-24T00:00:00
346,HIX,-0.029699999999999997,14.55446,15.0,0.048999999999999995,6.09,14,Morningstar US CEF High Yield,55,Franklin Templeton Investments,False,3.92,0.03,4.04,2026-08-25T00:00:00,95766J102,Western Asset High Income II,2026-08-25,XHGIX,Fixed Income - Taxable-High Yield,32.18,353.073,,Monthly,0.19291,0.048999999999999995,15.0,7.3648,0.0,8.56,3.76,,536.54,True,False,True,True,False,False,,8.61,6.16,1.65,0.28,1.71,1.57,,,5.58,3410830,,0.0,97.4179,,,,4.10303,-3.56738,0.4,1.21,1.29,2026-08-25T00:00:00,1998-05-28T00:00:00,5/28/1998,896313600,2026-08-24T00:00:00
347,HIO,-0.0911,11.09375,12.2063,0.0355,5.5,14,Morningstar US CEF High Yield,54,"Franklin Templeton Fund Adviser, LLC",False,3.49,0.01,3.84,2026-08-25T00:00:00,95766K109,Western Asset High Income Opportunity,2026-08-25,XHIOX,Fixed Income - Taxable-High Yield,,331.896,,Monthly,0.15621000000000002,0.0355,12.5,7.5788,0.0,6.32,0.93,,365.181,False,False,False,True,False,False,,6.91,8.51,2.2,2.18,1.99,1.83,,,-0.08,4077040,,0.0,97.8285,,,,3.72121,-6.55507,-1.7000000000000002,-1.74,-1.9300000000000002,2026-08-25T00:00:00,1993-11-16T00:00:00,11/16/1993,753408000,2026-08-24T00:00:00
348,HYI,-0.0836,10.03521,10.95101,0.095,4.18,14,Morningstar US CEF High Yield,54,"Franklin Templeton Fund Adviser, LLC",False,10.41,0.05,11.36,2026-08-25T00:00:00,95768B107,Western Asset High Yield Opp Fund,2026-08-25,XHYIX,Fixed Income - Taxable-High Yield,,133.394,,Monthly,0.50391,0.095,20.0,7.6545000000000005,0.0,5.01,1.07,,145.567,False,False,False,True,False,True,,6.36,5.53,2.34,1.15,1.83,-0.98,,,-2.8,603020,,0.0,97.5157,,,,11.0218,-6.52102,-0.84,0.13,-0.38,2026-08-25T00:00:00,2010-10-27T00:00:00,10/27/2010,1288137600,2026-08-24T00:00:00
349,PAI,-0.0775,4.87994,5.28967,0.0525,2.7199999999999998,15,Morningstar US CEF Investment Grade,55,Franklin Templeton Investments,False,11.91,0.04,12.91,2026-08-25T00:00:00,95766T100,Western Asset Income,2026-08-25,XPAIX,Fixed Income - Taxable-Investment Grade,8.93,113.276,,Monthly,0.32901,0.0525,12.0,6.0952,0.0,10.82,0.77,,122.787,True,False,False,True,False,False,,5.24,5.31,-0.02,-0.88,-0.59,-2.64,,,-3.05,181800,,0.0,99.0566,,,,12.36596,-6.4032,-1.09,-0.56,-0.78,2026-08-25T00:00:00,1972-12-21T00:00:00,12/21/1972,93744000,2026-08-24T00:00:00
350,WIW,-0.10490000000000001,8.02998,8.97129,0.0625,3.87,15,Morningstar US CEF Investment Grade,112,"Western Asset Management Company, LLC",True,8.36,0.03,9.34,2026-08-25T00:00:00,95766R104,Western Asset Infl-Linked Opps & Inc Fd,2026-08-25,XWIWX,Fixed Income - Taxable-Investment Grade,25.66,511.499,,Monthly,0.23593,0.0625,15.0,2.5509,0.0,8.25,2.59,,768.753,True,False,False,True,True,False,,3.89,6.36,-0.6900000000000001,0.04,1.12,1.25,,,2.75,2396710,,0.0,93.4475,,,4.02,8.61533,-10.41312,-0.11,1.3599999999999999,1.25,2026-08-25T00:00:00,2004-02-27T00:00:00,2/27/2004,1077840000,2026-08-24T00:00:00
351,WIA,-0.1015,7.03495,7.82936,0.052,3.58,15,Morningstar US CEF Investment Grade,112,"Western Asset Management Company, LLC",True,7.97,0.04,8.87,2026-08-25T00:00:00,95766Q106,Western Asset Inflation-Linked Income Fd,2026-08-25,XWIAX,Fixed Income - Taxable-Investment Grade,26.03,185.878,,Monthly,0.21076,0.052,15.0,2.4407,0.0,8.23,2.91,,279.678,True,False,False,True,True,False,,3.75,5.87,-1.19,-1.32,0.92,0.16,,,2.58,417730,,0.0,93.5321,,,4.02,8.21669,-9.68789,-0.77,-0.43,-0.06,2026-08-25T00:00:00,2003-09-30T00:00:00,9/30/2003,1064880000,2026-08-24T00:00:00
352,SBI,-0.07519999999999999,6.1165,6.61417,0.041999999999999996,5.86,21,Morningstar US CEF Municipal,54,"Franklin Templeton Fund Adviser, LLC",False,7.62,0.02,8.24,2026-08-25T00:00:00,958435109,Western Asset Intermediate Muni,2026-08-25,XSBIX,Fixed Income - Municipal-Municipal,30.06,107.307,,Monthly,0.13919,0.041999999999999996,10.0,4.7529,0.0,7.7,2.6,,165.921,True,False,True,True,False,False,,2.8200000000000003,5.8,-0.55,0.04,0.5,2.77,,,7.26,428580,11.06,0.0041400000000000005,101.4543,,7.84,5.8100000000000005,7.79179,-8.28937,0.98,0.37,0.6900000000000001,2026-08-25T00:00:00,1992-03-02T00:00:00,3/2/1992,699494400,2026-08-24T00:00:00
353,IGI,-0.0688,4.98537,5.35344,0.071,2.75,15,Morningstar US CEF Investment Grade,54,"Franklin Templeton Fund Adviser, LLC",False,15.915,0.04,17.09,2026-08-25T00:00:00,95790A101,Western Asset Invstm Grd Opp Tr Inc,2026-08-25,XIGIX,Fixed Income - Taxable-Investment Grade,,95.389,,Monthly,0.43967,0.071,20.0,6.1913,0.0,10.87,0.93,,102.431,False,False,False,True,False,False,,4.48,3.42,-0.53,-2.02,-0.55,-2.06,,,-0.06,159650,,0.0,99.2391,,,,16.31854,-6.7624200000000005,-0.15,0.7000000000000001,0.78,2026-08-25T00:00:00,2009-06-26T00:00:00,6/26/2009,1245974400,2026-08-24T00:00:00
354,MMU,-0.051500000000000004,6.1236,6.45607,0.0545,7.75,21,Morningstar US CEF Municipal,55,Franklin Templeton Investments,False,10.13,0.0,10.68,2026-08-25T00:00:00,95766M105,Western Asset Managed Municipals,2026-08-25,XMMUX,Fixed Income - Municipal-Municipal,33.69,553.289,,Monthly,0.14102,0.0545,15.0,4.8353,0.0,10.28,2.7,,879.764,True,False,True,True,False,False,,2.98,6.36,-1.02,-0.65,0.45,-0.3,,,7.64,1306370,10.27,0.00877,100.2234,,10.8,7.5,10.339690000000001,-6.03155,0.98,1.0,0.9500000000000001,2026-08-25T00:00:00,1992-06-26T00:00:00,6/26/1992,709516800,2026-08-24T00:00:00
355,DMO,-0.0719,12.94964,13.95349,0.12,6.42,14,Morningstar US CEF High Yield,54,"Franklin Templeton Fund Adviser, LLC",False,10.32,0.08,11.12,2026-08-25T00:00:00,95790B109,Western Asset Mortgage Opp Fund Inc.,2026-08-25,XDMOX,Fixed Income - Taxable-High Yield,49.23,117.928,,Monthly,0.46738,0.12,20.0,7.2195,0.0,10.17,7.87,,250.266,True,False,False,True,False,False,,10.19,10.86,4.96,4.04,2.9699999999999998,0.97,,,-0.41000000000000003,493750,,0.0,91.3569,,,,11.17636,-3.75055,-1.23,-1.1,-1.19,2026-08-25T00:00:00,2010-02-26T00:00:00,2/26/2010,1267142400,2026-08-24T00:00:00
356,MHF,0.015300000000000001,6.0355,5.94475,0.033999999999999996,6.08,21,Morningstar US CEF Municipal,54,"Franklin Templeton Fund Adviser, LLC",False,6.8632,0.0,6.76,2026-08-25T00:00:00,95766N103,Western Asset Municipal High Income,2026-08-25,XMHFX,Fixed Income - Municipal-Municipal,1.78,152.527,,Monthly,0.11955,0.033999999999999996,10.0,4.8242,0.0,10.01,0.8400000000000001,,152.963,True,False,True,True,False,False,,3.36,7.13,0.6900000000000001,0.98,0.98,2.18,,,6.27,615640,14.87,0.0,100.1728,,7.17,7.3,6.96914,0.61897,0.48,0.8200000000000001,1.08,2026-08-25T00:00:00,1988-11-28T00:00:00,11/28/1988,596678400,2026-08-24T00:00:00
357,WEA,-0.0638,7.54717,8.06142,0.06999999999999999,5.54,15,Morningstar US CEF Investment Grade,111,Western Asset Management Company Pte Ltd. â Singapore,False,10.42,0.05,11.13,2026-08-25T00:00:00,957664105,Western Asset Premier Bond,2026-08-25,XWEAX,Fixed Income - Taxable-Investment Grade,33.07,123.64,,Monthly,0.40488,0.06999999999999999,15.0,6.2486,0.0,9.57,3.55,,197.308,True,False,False,True,False,False,,7.01,5.8,1.33,0.53,0.68,-0.9,,,4.17,286520,,0.0,96.9254,,,,10.86387,-4.89012,-1.0,-0.27,-0.24,2026-08-25T00:00:00,2002-03-28T00:00:00,3/28/2002,1017273600,2026-08-24T00:00:00
358,MCN,-0.1013,11.39241,12.67606,0.06,9.06,3,Morningstar US CEF Covered Call,113,XA Investments LLC,False,5.68,0.02,6.32,2026-08-25T00:00:00,557437100,XAI Madison Equity Premium Income Fund,2026-08-25,XMCNX,Equity-Covered-Call Funds,0.01,119.943,,Monthly,0.041210000000000004,0.06,15.0,,,,1.1,,133.458,True,False,False,False,False,False,,5.36,1.96,6.55,3.5,2.98,0.97,,,2.99,641460,,,,,,,5.91741,-7.69959,-1.34,-0.97,-1.38,2026-08-25T00:00:00,2004-07-28T00:00:00,7/28/2004,1090972800,2026-08-17T00:00:00
359,XFLT,-0.1472,11.83173,13.87461,0.22499999999999998,-14.91,19,Morningstar US CEF Senior Loans,113,XA Investments LLC,False,19.46,-0.13,22.82,2026-08-25T00:00:00,98400T304,XAI Octagon FR & Alternative Inc Trust,2026-08-25,XFLTX,Fixed Income - Taxable-Senior Loans,40.61,296.393,,Monthly,1.13446,0.22499999999999998,10.0,4.617,,,7.5600000000000005,,585.185,True,False,True,False,False,False,,1.98,-4.03,2.17,-2.93,-8.58,-13.71,,,-20.44,1074200,,,,,,,20.99668,-17.36438,0.45,1.8,1.96,2026-08-25T00:00:00,2017-09-27T00:00:00,9/27/2017,1506470400,2026-08-17T00:00:00
