,Ticker,Premium / Discount,DistributionRateNAV,DistributionRatePrice,DistributionAmtUSD,ReturnOnNAV,CategoryId,Category,SponsorId,SponsorName,IsManagedDistribution,Share Price,PriceChange,NAV,NAVPublished,Cusip,Fund Name,Date,NavTicker,Strategy,LeverageRatioPercentage,MarketCapUSDm,UNIIPerShare,DistributionFrequency,EarningsPerShare,CurrentDistribution,InceptionPrice,AverageCoupon,AMTPercentage,AverageWeightedMaturity,ExpenseRatio,BaselineExpense,TotalAssetsUSDm,IsLeveraged,IsPriceBelow52WkAvg,IsDiscountBelow52WkAvg,IsAMTPct,IsManaged,Term,AvgWtdDurationLevAdj,Yr3RetOnNav,Yr3RetOnPrice,Yr5RetOnNav,Yr5RetOnPrice,YTDRetOnNav,YTDRetOnPrice,SinceInceptionRetOnNav,SinceInceptionRetOnPrice,ReturnOnPrice,AvgDailyVolume,CallableYr1Pct,PrerefundedPercentage,AvgBondPrice,AvgWtdDurationNonLevAdj,EffDurationLevAdj,EffDurationNonLevAdj,Price52WkAvg,Discount52WkAvg,ZScore1Yr,ZScore3M,ZScore6M,ZScoreDate,InceptionDate,InceptionDateString,InceptionDateUnixTimestamp,DistributionDate
0,MGF,-0.04650000000000001,7.97342,8.36237,0.02,1.82,15,Morningstar US CEF Investment Grade,2,abrdn Inc.,True,2.87,0.03,3.01,2026-08-18T00:00:00,552939100,Aberdeen Government Markets Income,2026-08-18,XMGFX,Fixed Income - Taxable-Investment Grade,,93.534,,Monthly,0.04709,0.02,10.0,3.648,0.0,6.55,0.8,,98.096,False,False,True,True,True,False,,3.06,3.14,-0.86,-1.3900000000000001,-1.21,-2.7800000000000002,,,-1.18,718990,,0.0,93.073,,,4.95,2.97637,-4.81151,0.12,2.56,1.53,2026-08-18T00:00:00,1987-05-28T00:00:00,5/28/1987,549158400,2026-07-23T00:00:00
1,IFN,-0.08960000000000001,11.42857,12.55301,0.37,-9.02,1,Morningstar US CEF Asia Equity,1,abrdn Asia Limited,True,11.79,-0.01,12.95,2026-08-18T00:00:00,454089103,"Aberdeen India Fund, Inc",2026-08-18,XIFNX,Equity-Asia Equity,0.28,502.866,,Quarterly,-0.05353,0.37,15.0,,,,1.36,,552.343,True,False,False,False,True,False,,3.87,0.15,1.99,2.06,-7.33,-8.75,,,-11.55,2067570,,,,,,,13.1423,-6.1187,-1.32,-0.39,-0.9400000000000001,2026-08-18T00:00:00,1994-02-23T00:00:00,2/23/1994,761961600,2026-05-21T00:00:00
2,MIN,-0.0463,9.26641,9.7166,0.02,2.62,13,Morningstar US CEF Global Income,2,abrdn Inc.,True,2.47,0.01,2.59,2026-08-18T00:00:00,55273C107,Aberdeen Intermediate Income,2026-08-18,XMINX,Fixed Income - Taxable-Global Income,,281.082,,Monthly,0.04255,0.02,10.0,3.9175,0.0,3.24,0.73,,294.737,False,False,True,True,True,False,,4.52,4.16,1.04,0.38,0.14,-2.5700000000000003,,,-1.97,2324910,,0.0,97.8913,,,2.54,2.55679,-4.67223,0.02,2.13,1.6600000000000001,2026-08-18T00:00:00,1988-03-17T00:00:00,3/17/1988,574560000,2026-07-23T00:00:00
3,MMT,-0.0707,9.97921,10.73826,0.04,2.94,13,Morningstar US CEF Global Income,72,MFS,True,4.47,0.0,4.81,2026-08-18T00:00:00,552737108,Aberdeen Multi-Market Income,2026-08-18,XMMTX,Fixed Income - Taxable-Global Income,26.87,518.491,,Monthly,0.1389,0.04,10.0,5.9077,0.060000000000000005,6.94,2.86,,762.929,True,False,True,True,True,False,,6.93,6.96,2.68,1.3,-0.63,-2.2800000000000002,,,1.49,1299230,,0.0,97.0375,,6.68,4.91,4.61475,-7.53747,0.44,2.02,1.1,2026-08-18T00:00:00,1987-03-12T00:00:00,3/12/1987,542505600,2026-07-23T00:00:00
4,MFM,-0.0784,6.13288,6.65434,0.03,9.06,21,Morningstar US CEF Municipal,2,abrdn Inc.,False,5.41,-0.03,5.87,2026-08-18T00:00:00,552738106,Aberdeen Municipal Income,2026-08-18,XMFMX,Fixed Income - Municipal-Municipal,37.59,537.915,,Monthly,0.13078,0.03,10.0,5.1253,17.81,21.01,2.83,,935.153,True,True,True,True,False,False,,4.3,5.16,-0.9500000000000001,-1.4,1.34,2.21,,,10.66,1449830,19.0,0.13,98.0793,,12.81,8.63,5.4093,-9.39643,1.51,0.85,1.11,2026-08-18T00:00:00,1986-11-25T00:00:00,11/25/1986,533260800,2026-07-23T00:00:00
5,FAX,-0.034300000000000004,13.05208,13.51536,0.16499999999999998,2.95,13,Morningstar US CEF Global Income,1,abrdn Asia Limited,True,14.65,0.04,15.17,2026-08-18T00:00:00,003009867,abrdn Asia-Pacific Income Fund Inc,2026-08-18,XFAPX,Fixed Income - Taxable-Global Income,39.51,639.784,,Monthly,0.50096,0.16499999999999998,10.0,6.4288,,,4.22,,1095.293,True,False,True,False,True,False,,4.08,8.64,-1.31,0.15,-1.43,2.06,,,2.39,1795000,,,,,7.68,4.66,15.25567,-5.25335,1.01,1.22,1.4,2026-08-18T00:00:00,1986-04-24T00:00:00,4/24/1986,514684800,2026-07-23T00:00:00
6,IAF,-0.10550000000000001,9.47226,10.590019999999999,0.35,6.24,9,Morningstar US CEF Single Country Equity,1,abrdn Asia Limited,True,13.22,-0.01,14.78,2026-08-18T00:00:00,003011111,abrdn Australia Equity Fund Inc,2026-08-18,XIAFX,Equity-Single-Country Equity,7.08,126.679,,Quarterly,0.10818,0.35,10.125,,,,1.9900000000000002,,152.412,True,True,False,False,True,False,,9.49,9.71,5.18,2.86,6.37,4.34,,,6.75,218290,,,,,,,13.09611,-9.99111,-0.39,0.74,0.29,2026-08-18T00:00:00,1985-12-12T00:00:00,12/12/1985,503193600,2026-05-21T00:00:00
7,AEF,-0.0932,9.21844,10.16575,0.22999999999999998,61.77,4,Morningstar US CEF Emerging Market Equity,3,abrdn Investments Limited,True,9.05,-0.37,9.98,2026-08-18T00:00:00,00301W105,abrdn Emerging Markets ex-China Fund,2026-08-18,XAEFX,Equity-Emerging Market Equity,6.25,367.443,,Quarterly,0.00111,0.22999999999999998,15.0,,,,1.8599999999999999,,432.202,True,True,True,False,True,False,,24.92,28.04,8.06,9.11,33.93,32.17,,,61.34,1465140,,,,,,,7.85789,-9.4429,0.09,0.28,-0.02,2026-08-18T00:00:00,1989-09-25T00:00:00,9/25/1989,622684800,2026-06-23T00:00:00
8,AGD,0.022099999999999998,11.78396,11.52922,0.12,23.85,5,Morningstar US CEF Global Equity,3,abrdn Investments Limited,True,12.49,0.0,12.22,2026-08-18T00:00:00,00302M106,abrdn Global Dynamic Dividend,2026-08-18,XAGDX,Equity-Global Equity,0.68,326.918,,Monthly,0.29668,0.12,20.0,,,,1.29,,322.043,True,True,True,False,True,False,,13.86,20.4,7.68,10.32,11.5,11.76,,,21.4,1212370,,,,,,,12.08889,2.00263,0.05,1.6099999999999999,0.99,2026-08-18T00:00:00,2006-07-26T00:00:00,7/26/2006,1153872000,2026-07-23T00:00:00
9,ASGI,0.1422,12.07133,10.56845,0.22,18.23,13,Morningstar US CEF Global Income,2,abrdn Inc.,True,24.98,0.32,21.87,2026-08-18T00:00:00,00326W106,abrdn Global Infrastructure Income Fund,2026-08-18,XAGIX,Fixed Income - Taxable-Global Income,0.99,790.089,,Monthly,0.08556,0.22,20.0,,,,2.16,,698.632,True,True,True,False,True,False,,12.73,22.75,8.65,13.33,10.45,14.65,,,26.58,1771890,,,,,,,22.60111,2.89465,3.05,2.11,2.62,2026-08-18T00:00:00,2020-07-28T00:00:00,7/28/2020,1595894400,2026-07-23T00:00:00
10,AWP,0.0146,12.4031,12.22411,0.12,20.12,7,Morningstar US CEF Real Estate,2,abrdn Inc.,True,11.78,-0.05,11.61,2026-08-18T00:00:00,00302L207,abrdn Global Premier Properties,2026-08-18,XAWPX,Equity-Real Estate,10.7,363.48,,Monthly,0.10017000000000001,0.12,20.0,,,,2.27,,401.178,True,False,True,False,True,False,,12.68,15.88,1.4100000000000001,2.75,13.15,12.48,,,19.08,1247010,,,,,,,11.81396,1.26964,0.17,1.15,0.99,2026-08-18T00:00:00,2007-04-26T00:00:00,4/26/2007,1177545600,2026-07-23T00:00:00
11,HQH,-0.0288,10.69259,11.00917,0.6599999999999999,49.72,8,Morningstar US CEF Sector Equity,2,abrdn Inc.,True,23.98,0.31,24.69,2026-08-18T00:00:00,87911J103,abrdn Healthcare Investors,2026-08-18,XHQHX,Equity-Sector Equity,1.1,1390.498,,Quarterly,-0.06102,0.6599999999999999,10.0,,,,1.11,,1431.668,True,True,True,False,True,False,,17.26,22.71,7.54,7.64,18.43,22.69,,,57.82,1822580,,,,,,,19.27874,-7.45313,2.12,1.69,1.79,2026-08-18T00:00:00,1987-04-23T00:00:00,4/23/1987,546134400,2026-05-21T00:00:00
12,THQ,-0.0487,10.52119,11.05991,0.18,29.94,8,Morningstar US CEF Sector Equity,2,abrdn Inc.,True,19.53,0.0,20.53,2026-08-18T00:00:00,879105104,abrdn Healthcare Opportunities Fund,2026-08-18,XTHQX,Equity-Sector Equity,20.91,809.676,,Monthly,-0.03549,0.18,20.0,4.3434,,,3.02,,1076.134,True,True,False,False,True,False,,7.21,10.29,3.76,4.05,9.31,5.08,,,29.32,1718140,,,,,7.72,,18.37504,-1.14901,-1.15,-0.63,-1.13,2026-08-18T00:00:00,2014-07-28T00:00:00,7/28/2014,1406505600,2026-07-23T00:00:00
13,ACP,-0.037000000000000005,17.22222,17.88462,0.0775,2.91,19,Morningstar US CEF Senior Loans,3,abrdn Investments Limited,True,5.2,0.06,5.4,2026-08-18T00:00:00,003057106,abrdn Income Credit Strategies Fund,2026-08-18,XACPX,Fixed Income - Taxable-Senior Loans,32.08,652.448,,Monthly,0.22534,0.0775,20.0,8.0962,,,3.94,,997.542,True,False,True,False,True,False,,8.44,7.21,1.76,0.48,2.1,3.5,,,0.8200000000000001,5480600,,,96.8337,,4.75,3.24,5.4482800000000005,-5.17591,1.04,1.67,1.37,2026-08-18T00:00:00,2011-01-27T00:00:00,1/27/2011,1296086400,2026-07-23T00:00:00
14,HQL,-0.065,10.67585,11.418050000000001,0.62,64.77,8,Morningstar US CEF Sector Equity,2,abrdn Inc.,True,21.72,0.35000000000000003,23.23,2026-08-18T00:00:00,87911K100,abrdn Life Sciences Investors,2026-08-18,XHQLX,Equity-Sector Equity,0.01,669.913,,Quarterly,-0.09057,0.62,15.0,,,,1.24,,716.552,True,True,True,False,True,False,,23.65,27.23,10.11,9.72,22.82,21.45,,,64.69,1361450,,,,,,,17.13299,-9.82456,2.95,3.04,3.12,2026-08-18T00:00:00,1992-05-08T00:00:00,5/8/1992,705283200,2026-05-21T00:00:00
15,AOD,0.0,11.2782,11.2782,0.09999999999999999,24.62,5,Morningstar US CEF Global Equity,3,abrdn Investments Limited,True,10.64,-0.14,10.64,2026-08-18T00:00:00,00326L100,abrdn Total Dynamic Dividend,2026-08-18,XAODX,Equity-Global Equity,2.77,1121.951,,Monthly,0.22991,0.09999999999999999,20.0,,,,1.21,,1153.87,True,True,True,False,True,False,,14.21,21.11,8.37,11.13,12.07,16.14,,,33.68,4720630,,,,,,,9.91962,-3.53241,1.7000000000000002,0.98,1.17,2026-08-18T00:00:00,2007-01-26T00:00:00,1/26/2007,1169769600,2026-07-23T00:00:00
16,THW,-0.0167,9.73853,9.90382,0.1167,35.77,8,Morningstar US CEF Sector Equity,2,abrdn Inc.,True,14.14,0.11,14.38,2026-08-18T00:00:00,87911L108,abrdn World Healthcare Fund,2026-08-18,XTHWX,Equity-Sector Equity,17.13,570.978,,Monthly,-0.03887,0.1167,20.0,3.7754000000000003,,,1.46,,700.669,True,True,True,False,True,False,,14.79,11.2,8.14,6.91,11.07,11.1,,,38.55,1331790,,,,,7.37,,12.62791,-1.8748900000000002,0.11,0.18,-0.26,2026-08-18T00:00:00,2015-06-26T00:00:00,6/26/2015,1435276800,2026-07-23T00:00:00
17,ADX,-0.015899999999999997,7.55572,7.6775400000000005,0.5,19.0,10,Morningstar US CEF US Equity,4,Adams Diversified Equity Fund Inc,False,26.05,-0.18,26.47,2026-08-18T00:00:00,006212104,Adams Diversified Equity Fund,2026-08-18,XADEX,Equity-U.S. Equity,0.0,3254.352,,Quarterly,0.09492,0.5,10.0,,,,0.49000000000000005,,3306.821,True,True,True,False,False,False,,18.92,26.28,12.36,17.04,10.28,16.08,,,27.86,2710610,,,,,,,23.601,-5.44421,1.56,0.75,1.33,2026-08-18T00:00:00,1929-10-01T00:00:00,10/1/1929,-1270252800,2026-07-27T00:00:00
18,PEO,-0.1039,6.8636800000000004,7.65957,0.5399999999999999,35.34,8,Morningstar US CEF Sector Equity,5,Adams Natural Resources Fund Inc,False,28.2,0.26,31.47,2026-08-18T00:00:00,00548F105,Adams Natural Resources Fund,2026-08-18,XPEOX,Equity-Sector Equity,0.7000000000000001,790.582,,Quarterly,0.29271,0.5399999999999999,15.0,,,,0.62,,882.256,True,True,False,False,False,False,,12.84,16.29,19.43,21.61,29.79,31.33,,,36.3,715750,,,,,,,24.21808,-10.34554,-0.05,0.06,0.11,2026-08-18T00:00:00,1929-01-30T00:00:00,1/30/1929,-1291334400,2026-07-27T00:00:00
19,AVK,-0.0713,10.23581,11.02194,0.1172,17.72,11,Morningstar US CEF Convertibles,6,"Advent Capital Management, LLC",False,12.76,0.0,13.74,2026-08-18T00:00:00,00764C109,Advent Convertible & Income Fund,2026-08-18,XAVKX,Fixed Income - Taxable-Convertibles,36.59,563.338,,Monthly,0.22874,0.1172,25.0,5.5855,,,4.53,,956.628,True,True,False,False,False,False,,14.41,14.48,4.64,4.34,10.11,5.37,,,12.54,1483050,,,108.8431,,,,12.57088,-5.8150200000000005,-0.56,1.3,0.46,2026-08-18T00:00:00,2003-04-29T00:00:00,4/29/2003,1051574400,2026-08-14T00:00:00
20,AWF,-0.0986,6.98046,7.7438400000000005,0.0655,5.45,14,Morningstar US CEF High Yield,7,AllianceBernstein L.P.,False,10.15,-0.01,11.26,2026-08-18T00:00:00,01879R106,AllianceBernstein Global High Income,2026-08-18,XAWFX,Fixed Income - Taxable-High Yield,0.81,875.231,,Monthly,0.35164,0.0655,15.0,6.6781,,4.36,1.02,,978.83,True,False,False,False,False,False,,9.03,8.44,4.36,3.68,2.13,-1.78,,,-2.29,3006540,,,97.5103,,,,10.56023,-7.22841,-0.9400000000000001,0.39,-0.32,2026-08-18T00:00:00,1993-07-28T00:00:00,7/28/1993,743817600,2026-08-06T00:00:00
21,AFB,-0.0599,5.15548,5.48415,0.050179999999999995,10.33,21,Morningstar US CEF Municipal,7,AllianceBernstein L.P.,False,10.98,-0.06,11.68,2026-08-18T00:00:00,01864U106,AllianceBernstein National Mun Inc,2026-08-18,XAFBX,Fixed Income - Municipal-Municipal,48.81,315.619,,Monthly,0.31343,0.050179999999999995,15.0,5.1411,,,3.66,,655.843,True,True,True,False,False,False,,2.41,5.06,-1.8599999999999999,-2.32,0.56,3.81,,,13.22,984790,,,98.4247,,22.53,11.69,10.92416,-8.93352,2.15,1.92,1.54,2026-08-18T00:00:00,2002-01-28T00:00:00,1/28/2002,1012176000,2026-08-06T00:00:00
22,NFJ,-0.0658,7.29229,7.8055,0.305,27.09,3,Morningstar US CEF Covered Call,108,"Virtus Investment Advisers, LLC",True,15.63,-0.1,16.73,2026-08-18T00:00:00,92840R101,AllianzGI Div Interest & Prem Common,2026-08-18,XNFJX,Equity-Covered-Call Funds,,1453.078,0.0,Quarterly,0.06142,0.305,25.0,2.0796,,,0.9600000000000001,,1555.342,False,True,True,False,True,False,,11.94,16.01,7.11,8.91,18.9,23.4,,,31.56,1885680,,,,,,,13.66218,-9.1259,1.63,1.3599999999999999,1.24,2026-08-18T00:00:00,2005-02-28T00:00:00,2/28/2005,1109548800,2026-06-15T00:00:00
23,EOD,-0.0705,7.86224,8.45893,0.14211,25.53,5,Morningstar US CEF Global Equity,8,Allspring Global Investments,False,6.72,-0.01,7.23,2026-08-18T00:00:00,94987C103,Allspring Global Dividend Opp Fd,2026-08-18,XEODX,Equity-Global Equity,13.24,289.403,,Quarterly,0.1298,0.14211,20.0,7.1385,,,2.45,,358.867,True,True,True,False,False,False,,22.02,24.01,12.99,12.65,13.71,16.39,,,26.88,1241300,,,,,,,6.08167,-8.43878,0.96,0.34,0.17,2026-08-18T00:00:00,2007-03-28T00:00:00,3/28/2007,1175040000,2026-06-11T00:00:00
24,EAD,-0.1042,0.01521,0.016980000000000002,8.999999999999999e-05,4.91,14,Morningstar US CEF High Yield,8,Allspring Global Investments,False,6.36,-0.03,7.1,2026-08-18T00:00:00,94987B105,Allspring Income Opps,2026-08-18,XEADX,Fixed Income - Taxable-High Yield,29.91,375.827,,Monthly,0.25923,8.999999999999999e-05,15.0,7.1676,,,2.95,,598.556,True,False,False,False,False,False,,8.47,9.01,3.46,2.59,1.72,-1.69,,,-1.73,1870280,,,100.1192,,4.34,3.23,6.7129,-7.69048,-1.47,-0.56,-1.0,2026-08-18T00:00:00,2003-02-28T00:00:00,2/28/2003,1046390400,2026-08-13T00:00:00
25,ERC,-0.0601,0.0061200000000000004,0.00651,4.9999999999999996e-05,7.36,16,Morningstar US CEF Limited Duration,8,Allspring Global Investments,False,9.22,0.01,9.81,2026-08-18T00:00:00,94987D101,Allspring Multi-Sec Inc,2026-08-18,XERCX,Fixed Income - Taxable-Limited Duration,30.19,258.656,,Monthly,0.35301,4.9999999999999996e-05,20.0,6.8621,0.0,4.34,3.22,,394.208,True,False,True,True,False,False,,7.89,7.29,3.35,2.27,2.74,3.5300000000000002,,,6.74,776850,,0.0,98.4198,,,,9.27784,-6.7537400000000005,0.6900000000000001,1.4,1.6400000000000001,2026-08-18T00:00:00,2003-06-25T00:00:00,6/25/2003,1056499200,2026-08-13T00:00:00
26,ERH,-0.0703,0.01918,0.020640000000000002,0.00019999999999999998,3.81,26,Morningstar US CEF US Allocation,8,Allspring Global Investments,False,11.63,0.04,12.51,2026-08-18T00:00:00,94987E109,Allspring Util & High In,2026-08-18,XERHX,Hybrid-U.S. Allocation,21.35,102.718,,Monthly,0.1865,0.00019999999999999998,20.0,7.1946,,,2.43,,140.49,True,False,True,False,False,False,,11.86,13.66,7.09,4.4,3.12,5.24,,,7.85,232450,,,100.2393,,3.8,3.21,12.14909,-7.65154,0.47000000000000003,0.49,0.71,2026-08-18T00:00:00,2004-04-30T00:00:00,4/30/2004,1083283200,2026-08-13T00:00:00
27,FINS,-0.061200000000000004,10.29851,10.96979,0.11499999999999999,7.8,26,Morningstar US CEF US Allocation,10,"Angel Oak Capital Advisors, LLC",False,12.58,-0.02,13.4,2026-08-18T00:00:00,03464A100,Angel Oak Financial Strats Income Term,2026-08-18,XFINX,Hybrid-U.S. Allocation,21.88,420.384,,Monthly,0.38984,0.11499999999999999,20.0,6.7377,,,2.92,,573.205,True,False,False,False,False,True,,10.08,12.72,3.1,2.44,2.76,0.79,,,6.59,460780,,,99.9624,,3.34,2.85,12.9634,-5.9431,-0.19,0.47000000000000003,0.41000000000000003,2026-08-18T00:00:00,2019-05-29T00:00:00,5/29/2019,1559088000,2026-08-17T00:00:00
28,ARDC,-0.0817,10.02227,10.913499999999999,0.11249999999999999,0.61,19,Morningstar US CEF Senior Loans,11,Ares Capital Management II LLC,False,12.37,-0.11,13.47,2026-08-18T00:00:00,04014F102,Ares Dynamic Credit Allocation Fund,2026-08-18,XADCX,Fixed Income - Taxable-Senior Loans,40.84,296.459,,Monthly,0.59626,0.11249999999999999,20.0,8.4436,,,5.26,,545.656,True,False,False,False,False,False,,8.19,9.56,4.69,4.92,-1.46,-0.97,,,-4.67,1158430,,,,,40.42,,13.14494,-5.97506,-0.8300000000000001,-1.54,-0.5,2026-08-18T00:00:00,2012-11-27T00:00:00,11/27/2012,1353974400,2026-07-20T00:00:00
29,BANX,-0.0038,8.63309,8.66635,0.15,5.0,8,Morningstar US CEF Sector Equity,12,"ArrowMark Asset Management, LLC",False,20.77,1.23,21.0,2026-06-30T00:00:00,861780104,ArrowMark Financial Corp,2026-08-18,XBANX,Equity-Sector Equity,13.4,162.221,,Monthly,1.04616,0.15,25.0,10.9594,,,6.43,,188.046,True,True,True,False,False,True,,9.9,20.01,8.8,9.56,0.22,-1.02,,,11.54,327510,,,107.4223,,,,20.57562,-4.97616,1.56,2.19,2.67,2026-08-18T00:00:00,2013-11-07T00:00:00,11/7/2013,1383782400,2026-07-24T00:00:00
30,ASA,-0.17120000000000002,0.11488,0.13861,0.04,71.71,8,Morningstar US CEF Sector Equity,13,ASA,False,57.715,-1.92,69.64,2026-08-18T00:00:00,G3156P103,ASA Gold and Precious Metals Limited,2026-08-18,XASAX,Equity-Sector Equity,,1113.317,,Semi-Annually,0.02585,0.04,28.0,9.086,,,1.88,,1343.349,False,True,False,False,False,False,,48.04,46.98,18.22,17.39,-11.27,-17.95,,,58.29,0,,,,,,,56.81676,-12.43624,,,,,1958-09-23T00:00:00,9/23/1958,-355795200,2026-05-01T00:00:00
31,BCV,-0.10869999999999999,5.74834,6.44946,0.41,25.49,11,Morningstar US CEF Convertibles,60,Gabelli Funds LLC,False,25.4285,-0.25,28.53,2026-08-18T00:00:00,059695106,Bancroft Fund,2026-08-18,XBCVX,Fixed Income - Taxable-Convertibles,14.61,143.099,,Quarterly,0.01134,0.41,25.0,2.4446,,,1.31,,188.018,True,True,True,False,False,False,,16.43,18.33,3.99,3.21,13.06,10.36,,,27.81,190360,,,,,21.12,,23.3323,-11.75779,0.78,1.8399999999999999,1.26,2026-08-18T00:00:00,1971-10-04T00:00:00,10/4/1971,55382400,2026-06-15T00:00:00
32,MCI,0.051500000000000004,9.26462,8.81057,0.39999999999999997,11.17,14,Morningstar US CEF High Yield,14,Barings LLC,False,18.16,0.54,17.27,2026-06-30T00:00:00,06759X107,Barings Corporate Investors,2026-08-18,XMCIX,Fixed Income - Taxable-High Yield,20.78,373.861,,Quarterly,0.67335,0.39999999999999997,25.0,7.782,,,1.65,,448.776,True,False,False,False,False,False,,11.6,11.75,10.11,10.0,6.4,-6.79,,,-14.25,333180,,,92.3472,,,,19.20595,15.19974,-0.93,0.66,-0.19,2026-08-18T00:00:00,1971-09-01T00:00:00,9/1/1971,52531200,2026-05-29T00:00:00
33,BGH,-0.042,9.784,10.21294,0.12229999999999999,4.27,14,Morningstar US CEF High Yield,14,Barings LLC,False,14.37,0.03,15.0,2026-08-18T00:00:00,06760L100,Barings Global Short Duration High Yield,2026-08-18,XBGHX,Fixed Income - Taxable-High Yield,31.34,288.584,,Monthly,0.68354,0.12229999999999999,25.0,8.9323,,,3.93,,438.736,True,False,False,False,False,False,,10.61,13.27,5.91,6.59,3.18,-0.73,,,0.15,835950,,,97.8956,,,,14.73638,-2.82916,-0.4,1.5899999999999999,1.17,2026-08-18T00:00:00,2012-10-25T00:00:00,10/25/2012,1351123200,2026-07-22T00:00:00
34,MPV,0.0525,9.36116,8.89423,0.37,,14,Morningstar US CEF High Yield,14,Barings LLC,False,16.64,-0.36,15.81,2026-06-30T00:00:00,06761A103,Barings Participation Invs,2026-08-18,XMPVX,Fixed Income - Taxable-High Yield,21.57,179.583,,Quarterly,0.57714,0.37,10.0,7.7819,,,1.55,,217.561,True,False,False,False,False,False,,,16.89,,11.88,6.38,4.66,,,-6.74,168560,,,92.2129,,,,18.29608,9.49468,-0.68,-0.27,-0.68,2026-08-18T00:00:00,1988-10-06T00:00:00,10/6/1988,592099200,2026-05-29T00:00:00
35,BXSY,-0.37920000000000004,3.58868,5.78099,0.26,36.35,26,Morningstar US CEF US Allocation,15,Bexil Corp,True,17.99,-0.01,28.98,2026-08-18T00:00:00,25538A204,Bexil Investment Trust,2026-08-18,XBXIX,Hybrid-U.S. Allocation,8.84,232.746,,Quarterly,-0.06607,0.26,15.0,,,,1.9300000000000002,,374.93,True,True,False,False,True,False,,21.14,22.21,13.39,11.85,19.85,15.47,,,33.66,125490,,,,,1.11,,15.658,-37.34645,-0.61,0.79,-0.13,2026-08-18T00:00:00,1998-06-29T00:00:00,6/29/1998,899078400,2026-06-15T00:00:00
36,BMN,0.0127,4.46783,4.41176,0.09375,6.97,21,Morningstar US CEF Municipal,16,BlackRock,False,25.5,-0.04,25.18,2026-08-18T00:00:00,09262G108,BlackRock 2037 Municipal Target term,2026-08-18,XBMNX,Fixed Income - Municipal-Municipal,24.99,156.765,,Monthly,0.55982,0.09375,25.0,5.0127,,14.51,2.16,,206.377,True,False,True,False,False,True,,3.87,5.14,,,0.66,-1.5,,,9.48,105020,17.53,,101.483,,,,25.64473,-0.30052,0.7000000000000001,1.65,0.25,2026-08-18T00:00:00,2022-10-28T00:00:00,10/28/2022,1666915200,2026-08-14T00:00:00
37,BCAT,0.0967,21.23006,19.35761,0.25423,13.58,26,Morningstar US CEF US Allocation,16,BlackRock,True,15.76,0.04,14.37,2026-08-18T00:00:00,09260U109,BlackRock Capital Allocation Term Trust,2026-08-18,XCATX,Hybrid-U.S. Allocation,5.18,1651.258,,Monthly,0.15272,0.25423,20.0,,,2.65,1.4,,1505.621,True,True,True,False,True,True,,11.33,21.09,5.32,7.97,5.9,25.39,,,30.49,6362570,,,,,,,14.97609,-0.39083,1.8399999999999999,1.34,1.52,2026-08-18T00:00:00,2020-09-28T00:00:00,9/28/2020,1601251200,2026-08-14T00:00:00
38,BHK,-0.0271,9.68831,9.95773,0.0746,2.13,15,Morningstar US CEF Investment Grade,16,BlackRock,True,8.99,0.02,9.24,2026-08-18T00:00:00,09249E101,BlackRock Core Bond,2026-08-18,XBHKX,Fixed Income - Taxable-Investment Grade,34.11,649.296,-0.051000000000000004,Monthly,0.27405,0.0746,15.0,5.2035,,,3.34,,1012.859,True,False,True,False,True,False,,4.3,3.39,-2.46,-3.25,-1.6800000000000002,-1.78,,,2.06,2910080,,,95.0924,,7.35,7.35,9.40943,-4.45908,1.25,1.44,2.0,2026-08-18T00:00:00,2001-11-30T00:00:00,11/30/2001,1007078400,2026-08-14T00:00:00
39,HYT,-0.08259999999999999,10.29515,11.22209,0.0779,5.29,14,Morningstar US CEF High Yield,16,BlackRock,True,8.33,-0.02,9.08,2026-08-18T00:00:00,09255P107,BlackRock Corporate High Yield Fund,2026-08-18,XHYTX,Fixed Income - Taxable-High Yield,20.27,1605.851,-0.113,Monthly,0.35117,0.0779,15.0,7.0359,,,2.33,,2195.355,True,False,False,False,True,False,,9.37,7.64,4.3,2.14,1.44,0.26,,,-5.02,8305730,,,99.6367,,4.4,,8.90705,-5.66219,-1.06,-1.3599999999999999,-1.33,2026-08-18T00:00:00,2003-05-30T00:00:00,5/30/2003,1054252800,2026-08-14T00:00:00
40,BTZ,-0.0512,9.3743,9.88027,0.0839,4.15,15,Morningstar US CEF Investment Grade,16,BlackRock,True,10.19,-0.01,10.74,2026-08-18T00:00:00,092508100,BlackRock Credit Allocation Income Trust,2026-08-18,XBTZX,Fixed Income - Taxable-Investment Grade,35.2,950.976,-0.11900000000000001,Monthly,0.5375800000000001,0.0839,25.0,5.9413,,19.89,3.37,,1546.726,True,False,True,False,True,False,,7.8,8.95,0.99,0.43,0.04,-2.55,,,-0.67,2557000,,,98.6559,,,,10.55533,-5.82601,0.37,1.94,1.8,2026-08-18T00:00:00,2006-12-27T00:00:00,12/27/2006,1167177600,2026-08-14T00:00:00
41,DSU,-0.0115,12.4319,12.577069999999999,0.09873,4.12,19,Morningstar US CEF Senior Loans,16,BlackRock,True,9.42,0.01,9.53,2026-08-18T00:00:00,09255R202,BlackRock Debt Strategies,2026-08-18,XDSUX,Fixed Income - Taxable-Senior Loans,16.0,586.297,-0.17400000000000002,Monthly,0.35279,0.09873,10.0,,,6.29,1.69,,706.143,True,False,False,False,True,False,,7.58,9.45,6.02,7.04,1.27,-0.7000000000000001,,,0.37,2791470,,,,,,,10.02479,0.7957400000000001,-1.57,-1.11,-1.11,2026-08-18T00:00:00,1998-03-27T00:00:00,3/27/1998,890956800,2026-08-14T00:00:00
42,BGR,-0.1017,6.09077,6.78049,0.0973,41.82,8,Morningstar US CEF Sector Equity,16,BlackRock,True,17.22,0.22,19.17,2026-08-18T00:00:00,09250U101,BlackRock Energy and Resources,2026-08-18,XBGRX,Equity-Sector Equity,0.0,438.355,,Monthly,0.1595,0.0973,25.0,,,,1.23,,487.995,True,True,False,False,True,False,,16.13,18.04,20.95,21.22,34.38,27.66,,,33.85,1072000,,,,,,,14.89839,-7.16229,-1.0,-0.14,-0.45,2026-08-18T00:00:00,2004-12-23T00:00:00,12/23/2004,1103760000,2026-08-14T00:00:00
43,BDJ,-0.063,7.09456,7.57187,0.0619,21.77,3,Morningstar US CEF Covered Call,16,BlackRock,True,9.81,-0.04,10.47,2026-08-18T00:00:00,09251A104,BlackRock Enhanced Dividend Achievers,2026-08-18,XBDJX,Equity-Covered-Call Funds,0.11,1735.827,,Monthly,0.07807,0.0619,15.0,,,,0.88,,1854.737,True,True,False,False,True,False,,14.23,15.18,9.74,9.24,11.77,8.1,,,21.53,4332240,,,,,,,9.25031,-5.92331,-0.24,1.29,0.44,2026-08-18T00:00:00,2005-08-26T00:00:00,8/26/2005,1125014400,2026-08-14T00:00:00
44,BOE,-0.0732,7.4115,7.99678,0.0827,16.0,3,Morningstar US CEF Covered Call,16,BlackRock,True,12.41,-0.06,13.39,2026-08-18T00:00:00,092501105,BlackRock Enhanced Glbl Div Trust,2026-08-18,XBOEX,Equity-Covered-Call Funds,0.02,689.998,,Monthly,0.05795,0.0827,25.0,,,,1.03,,744.486,True,True,True,False,True,False,,11.59,14.68,6.94,7.52,7.24,8.63,,,16.25,1316120,,,,,,,11.72716,-9.21701,2.14,1.24,1.77,2026-08-18T00:00:00,2005-05-26T00:00:00,5/26/2005,1117065600,2026-08-14T00:00:00
45,BGY,-0.09970000000000001,7.96262,8.84429,0.0426,15.33,3,Morningstar US CEF Covered Call,16,BlackRock,True,5.78,-0.06,6.42,2026-08-18T00:00:00,092524107,BlackRock Enhanced Intl Div Trust,2026-08-18,XBGYX,Equity-Covered-Call Funds,0.36,523.752,,Monthly,0.02491,0.0426,20.0,,,,1.2,,581.745,True,True,False,False,True,False,,8.46,10.37,5.98,6.5,5.97,3.49,,,11.33,2731670,,,,,,,5.77948,-8.37076,-0.97,0.26,-0.28,2026-08-18T00:00:00,2007-05-25T00:00:00,5/25/2007,1180051200,2026-08-14T00:00:00
46,CII,0.0132,6.9601,6.86967,0.141,22.95,3,Morningstar US CEF Covered Call,16,BlackRock,True,24.63,-0.05,24.31,2026-08-18T00:00:00,09256A109,BlackRock Enhanced Large Cap Core Fund,2026-08-18,XCIIX,Equity-Covered-Call Funds,0.46,1009.425,,Monthly,0.00537,0.141,20.0,,,,0.93,,1000.956,True,True,True,False,True,False,,17.99,19.73,12.14,12.99,10.14,7.64,,,31.47,963290,,,,,,,23.56877,0.39913000000000004,0.36,-0.43,0.13,2026-08-18T00:00:00,2004-04-27T00:00:00,4/27/2004,1083024000,2026-08-14T00:00:00
47,ECAT,-0.0013,21.17689,21.20473,0.26877,13.38,25,Morningstar US CEF Global Allocation,16,BlackRock,True,15.21,-0.2,15.23,2026-08-18T00:00:00,09262F100,BlackRock ESG Capital Allocation Term,2026-08-18,ECAT,Hybrid-Global Allocation,0.17,1512.913,,Monthly,0.10010000000000001,0.26877,20.0,,,2.33,1.4100000000000001,,1517.433,True,False,True,False,True,True,,12.26,17.66,,,5.73,10.66,,,14.07,4402980,,,,,,,15.52234,-2.46916,1.03,0.31,1.0,2026-08-18T00:00:00,2021-09-27T00:00:00,9/27/2021,1632700800,2026-08-14T00:00:00
48,FRA,-0.0327,13.15115,13.59634,0.12383999999999999,3.31,19,Morningstar US CEF Senior Loans,17,"BlackRock Advisors, LLC",True,10.93,0.03,11.3,2026-08-18T00:00:00,09255X100,BlackRock Floating Rate Inc Strategies,2026-08-18,XFRAX,Fixed Income - Taxable-Senior Loans,23.21,387.302,-0.184,Monthly,0.44666,0.12383999999999999,20.0,,,,2.61,,521.43,True,False,False,False,True,False,,6.97,7.59,6.02,6.54,1.21,-0.74,,,-6.93,1595890,,,,,,,11.66126,-1.67203,-0.37,1.87,1.3599999999999999,2026-08-18T00:00:00,2003-10-31T00:00:00,10/31/2003,1067558400,2026-08-14T00:00:00
49,BGT,-0.011699999999999999,13.03848,13.19342,0.12028,3.52,19,Morningstar US CEF Senior Loans,16,BlackRock,True,10.94,-0.02,11.07,2026-08-18T00:00:00,091941104,Blackrock Floating Rate Income,2026-08-18,XBGTX,Fixed Income - Taxable-Senior Loans,0.13,326.282,-0.154,Monthly,0.42019,0.12028,20.0,,,,2.06,,330.606,True,False,True,False,True,False,,7.22,9.11,6.18,6.92,1.2,3.19,,,-2.74,1321640,,,,,,,11.27531,-2.82897,0.63,2.11,2.21,2026-08-18T00:00:00,2004-08-30T00:00:00,8/30/2004,1093824000,2026-08-14T00:00:00
50,BME,-0.0269,6.82256,7.01115,0.2621,23.44,8,Morningstar US CEF Sector Equity,16,BlackRock,True,44.86,0.46,46.1,2026-08-18T00:00:00,09250W107,BlackRock Health Sciences,2026-08-18,XBMEX,Equity-Sector Equity,0.15,579.775,,Monthly,0.0592,0.2621,25.0,,,,1.13,,596.695,True,True,True,False,True,False,,8.35,10.62,4.74,4.58,4.78,10.61,,,32.46,444420,,,,,,,40.19239,-5.47789,1.31,0.76,1.0,2026-08-18T00:00:00,2005-03-28T00:00:00,3/28/2005,1111968000,2026-08-14T00:00:00
51,BMEZ,-0.09449999999999999,7.33741,8.10313,0.11,23.68,8,Morningstar US CEF Sector Equity,16,BlackRock,True,16.29,0.27,17.99,2026-08-18T00:00:00,09260E105,BlackRock Health Sciences Term Trust,2026-08-18,XBMZX,Equity-Sector Equity,0.43,1018.148,,Monthly,0.00466,0.11,20.0,,,,1.37,,1129.223,True,True,True,False,True,True,,6.97,9.52,-1.79,-1.67,5.44,8.4,,,20.98,2244420,,,,,,,14.81605,-10.97786,1.18,0.96,1.38,2026-08-18T00:00:00,2020-01-29T00:00:00,1/29/2020,1580256000,2026-08-14T00:00:00
52,BKT,-0.0288,9.84558,10.13793,0.0882,0.72,15,Morningstar US CEF Investment Grade,16,BlackRock,True,10.44,-0.01,10.75,2026-08-18T00:00:00,09247F209,BlackRock Income,2026-08-18,XBKTX,Fixed Income - Taxable-Investment Grade,19.58,338.141,-0.055,Monthly,0.047920000000000004,0.0882,10.0,4.445,,9.15,1.9700000000000002,,432.97,True,False,True,False,True,False,,3.7,3.44,-1.92,-3.91,-1.05,-2.33,,,-3.7800000000000002,1367760,,,89.397,,4.92,,10.91869,-4.20104,1.05,1.56,2.03,2026-08-18T00:00:00,1988-08-01T00:00:00,8/1/1988,586396800,2026-08-14T00:00:00
53,BLW,-0.0319,10.32219,10.66248,0.1132,4.04,16,Morningstar US CEF Limited Duration,16,BlackRock,True,12.74,-0.07,13.16,2026-08-18T00:00:00,09249W101,BlackRock Limited Duration Income,2026-08-18,XBLWX,Fixed Income - Taxable-Limited Duration,36.09,497.935,-0.133,Monthly,0.52225,0.1132,20.0,,,,3.7,,804.851,True,False,False,False,True,False,,8.45,8.18,3.99,2.91,0.4,-2.98,,,-1.6800000000000002,1200240,,,,,,,13.30732,-2.5091200000000002,-0.24,1.48,0.77,2026-08-18T00:00:00,2003-07-28T00:00:00,7/28/2003,1059350400,2026-08-14T00:00:00
54,BIT,-0.0794,11.33995,12.318670000000001,0.12369999999999999,4.6,17,Morningstar US CEF Multi-Sector,16,BlackRock,True,12.05,-0.06,13.09,2026-08-18T00:00:00,09258A107,BlackRock Multi-Sector Income Trust,2026-08-18,XBITX,Fixed Income - Taxable-Multi-Sector,31.05,687.606,-0.508,Monthly,0.40641,0.12369999999999999,20.0,6.1162,,,3.26,,1083.372,True,False,False,False,True,False,,8.15,4.54,4.0,2.24,0.55,0.24,,,-5.22,3152500,7.97,,,,,3.77,12.93192,-5.63264,-2.13,-2.48,-2.06,2026-08-18T00:00:00,2013-02-25T00:00:00,2/25/2013,1361750400,2026-08-14T00:00:00
55,MUA,-0.08380000000000001,6.06557,6.62028,0.0555,9.58,21,Morningstar US CEF Municipal,16,BlackRock,False,10.06,-0.03,10.98,2026-08-18T00:00:00,09254J102,BlackRock Muniassets,2026-08-18,XMUAX,Fixed Income - Municipal-Municipal,33.33,506.569,-0.004,Monthly,0.28542,0.0555,15.0,5.4809,,,2.59,,829.293,True,False,False,False,False,False,,5.27,5.66,-0.6900000000000001,-3.46,2.14,-2.26,,,3.66,1256450,17.85,,92.4046,,12.75,,10.79151,-3.91575,-2.01,-1.54,-2.07,2026-08-18T00:00:00,1993-06-25T00:00:00,6/25/1993,740966400,2026-08-14T00:00:00
56,BTT,-0.0776,2.27358,2.46481,0.0464,3.17,21,Morningstar US CEF Municipal,16,BlackRock,False,22.59,0.02,24.49,2026-08-18T00:00:00,09257P105,BlackRock Municipal 2030 Target Term,2026-08-18,XBTTX,Fixed Income - Municipal-Municipal,34.86,1437.298,0.148,Monthly,0.34323,0.0464,25.0,4.6478,,,2.69,,2392.067,True,False,True,False,False,True,,3.65,4.89,0.37,-0.34,0.62,-0.43,,,3.6,909210,22.83,,101.5267,,3.88,,22.64659,-8.09702,0.5700000000000001,0.39,-0.04,2026-08-18T00:00:00,2012-08-29T00:00:00,8/29/2012,1346198400,2026-08-14T00:00:00
57,MHD,-0.0702,5.76271,6.19792,0.0595,9.25,21,Morningstar US CEF Municipal,16,BlackRock,False,11.52,-0.02,12.39,2026-08-18T00:00:00,09253N104,BlackRock Municipal Income,2026-08-18,XMHDX,Fixed Income - Municipal-Municipal,42.38,2012.543,0.004,Monthly,0.30405,0.0595,15.0,5.0119,,,3.08,,3756.662,True,False,True,False,False,False,,2.22,4.65,-2.14,-2.9699999999999998,0.9,1.21,,,9.63,2558460,5.52,,99.8744,,11.88,,11.67751,-8.54159,1.8399999999999999,1.88,1.63,2026-08-18T00:00:00,1997-05-02T00:00:00,5/2/1997,862531200,2026-08-14T00:00:00
58,MUC,-0.064,5.62664,6.01124,0.0535,8.76,22,Morningstar US CEF Municipal-CA,16,BlackRock,False,10.68,-0.01,11.41,2026-08-18T00:00:00,09254L107,BlackRock MuniHoldings CA Qty,2026-08-18,XMUCX,Fixed Income - Municipal-Municipal - CA,40.99,1335.088,0.07100000000000001,Monthly,0.26962,0.0535,15.0,5.0713,,,3.22,,2417.0,True,False,True,False,False,False,,1.73,4.82,-2.13,-3.19,0.97,3.34,,,11.65,2848410,3.71,,102.4334,,13.95,,10.74039,-8.27782,1.8900000000000001,2.05,1.8,2026-08-18T00:00:00,1998-02-27T00:00:00,2/27/1998,888537600,2026-08-14T00:00:00
59,MUJ,-0.0016,5.29845,5.30713,0.054,8.4,24,Morningstar US CEF Municipal-Single State,16,BlackRock,False,12.21,-0.03,12.23,2026-08-18T00:00:00,09254X101,BlackRock MuniHoldings NJ Qty,2026-08-18,XMUJX,Fixed Income - Municipal-Municipal - Single-State,39.98,649.39,0.085,Monthly,0.2647,0.054,15.0,4.7124,,,3.37,,1083.779,True,True,True,False,False,False,,2.92,7.83,-0.86,-0.17,0.84,3.74,,,16.78,1023570,17.89,,97.7946,,13.16,,11.974260000000001,-4.47708,1.77,2.81,1.74,2026-08-18T00:00:00,1998-03-11T00:00:00,3/11/1998,889574400,2026-08-14T00:00:00
60,MIY,0.0356,5.41839,5.232,0.0545,9.12,24,Morningstar US CEF Municipal-Single State,16,BlackRock,False,12.5,0.09,12.07,2026-08-18T00:00:00,09254V105,BlackRock MuniYield MI Quality,2026-08-18,XMIYX,Fixed Income - Municipal-Municipal - Single-State,39.9,362.059,0.07200000000000001,Monthly,0.25837,0.0545,15.0,4.9551,,,3.34,,581.697,True,True,True,False,False,False,,2.69,8.65,-1.01,-0.25,0.64,7.21,,,18.14,611310,8.23,,100.9645,,16.35,,11.89441,-3.83446,2.41,3.15,2.79,2026-08-18T00:00:00,1992-10-30T00:00:00,10/30/1992,720403200,2026-08-14T00:00:00
61,MYN,-0.0668,5.8626000000000005,6.28221,0.051199999999999996,9.57,23,Morningstar US CEF Municipal-NY,17,"BlackRock Advisors, LLC",False,9.78,0.02,10.48,2026-08-18T00:00:00,09255E102,BlackRock MuniYield NY Quality,2026-08-18,XMYNX,Fixed Income - Municipal-Municipal - NY,22.87,920.529,0.069,Monthly,0.24345,0.051199999999999996,15.0,4.855,,,3.2800000000000002,,1278.923,True,False,True,False,False,False,,1.78,4.46,-1.9100000000000001,-2.92,0.71,1.46,,,12.16,1225660,8.48,,100.2576,,12.59,,9.93367,-8.24928,2.05,2.85,2.09,2026-08-18T00:00:00,1992-02-28T00:00:00,2/28/1992,699235200,2026-08-14T00:00:00
62,MPA,-0.07440000000000001,4.78195,5.16606,0.0477,8.83,24,Morningstar US CEF Municipal-Single State,16,BlackRock,False,11.08,-0.01,11.97,2026-08-18T00:00:00,09255G107,BlackRock MuniYield PA Quality,2026-08-18,XMPAX,Fixed Income - Municipal-Municipal - Single-State,38.53,143.482,0.039,Monthly,0.23728000000000002,0.0477,15.0,4.7722999999999995,,,3.23,,252.153,True,False,True,False,False,False,,2.5300000000000002,3.49,-1.69,-2.75,0.01,1.31,,,8.27,315900,7.16,,98.0715,,14.9,,11.25595,-8.51807,1.35,2.06,1.5,2026-08-18T00:00:00,1992-10-30T00:00:00,10/30/1992,720403200,2026-08-14T00:00:00
63,MYI,-0.06280000000000001,5.80645,6.19535,0.0555,8.81,21,Morningstar US CEF Municipal,16,BlackRock,False,10.75,-0.02,11.47,2026-08-18T00:00:00,09254E103,BlackRock MuniYield Qty III,2026-08-18,XMYIX,Fixed Income - Municipal-Municipal,42.4,1314.656,0.04,Monthly,0.27666,0.0555,15.0,5.0585,,,3.23,,2435.45,True,False,True,False,False,False,,2.79,4.54,-1.12,-1.6,0.81,1.5899999999999999,,,9.13,2284930,6.01,,99.7206,,11.76,,10.92874,-7.56983,1.49,2.59,1.6600000000000001,2026-08-18T00:00:00,1992-04-13T00:00:00,4/13/1992,703123200,2026-08-14T00:00:00
64,MQY,-0.06849999999999999,5.81454,6.24215,0.057999999999999996,8.5,21,Morningstar US CEF Municipal,17,"BlackRock Advisors, LLC",False,11.15,-0.09,11.97,2026-08-18T00:00:00,09254F100,BlackRock Muniyield Quality,2026-08-18,XMQYX,Fixed Income - Municipal-Municipal,42.51,1677.318,0.060000000000000005,Monthly,0.28992,0.057999999999999996,15.0,5.0143,,,3.2,,3132.15,True,False,True,False,False,False,,2.31,3.93,-1.58,-2.4,0.43,2.67,,,8.56,3008320,4.96,,99.4864,,14.22,,11.44464,-7.43129,0.54,0.71,0.66,2026-08-18T00:00:00,1992-06-26T00:00:00,6/26/1992,709516800,2026-08-14T00:00:00
65,BCX,-0.052000000000000005,6.30769,6.65394,0.0697,33.07,8,Morningstar US CEF Sector Equity,16,BlackRock,True,12.57,-0.18,13.26,2026-08-18T00:00:00,09257A108,BlackRock Resources&Commodities Strategy,2026-08-18,XBCRX,Equity-Sector Equity,0.0,958.313,,Monthly,0.10812000000000001,0.0697,20.0,,,,1.19,,1010.939,True,True,True,False,True,False,,11.73,15.35,12.37,12.91,14.36,14.27,,,36.0,2118050,,,,,,,11.38553,-6.76994,0.86,1.27,1.29,2026-08-18T00:00:00,2011-03-29T00:00:00,3/29/2011,1301356800,2026-08-14T00:00:00
66,BSTZ,-0.0593,5.90372,6.27615,0.1625,46.06,8,Morningstar US CEF Sector Equity,16,BlackRock,True,31.07,-0.64,33.03,2026-08-18T00:00:00,09260K101,BlackRock Science and Technology Term,2026-08-18,XBSZX,Equity-Sector Equity,0.77,2135.881,,Monthly,-0.14164000000000002,0.1625,20.0,,,,1.35,,2288.124,True,True,True,False,True,True,,22.55,28.06,3.21,4.13,27.28,31.54,,,48.05,2173290,,,,,,,24.54352,-9.60642,2.18,1.67,2.09,2026-08-18T00:00:00,2019-06-26T00:00:00,6/26/2019,1561507200,2026-08-14T00:00:00
67,BST,-0.034,5.86281,6.06919,0.25,28.91,8,Morningstar US CEF Sector Equity,16,BlackRock,True,49.43,-0.65,51.17,2026-08-18T00:00:00,09258G104,BlackRock Science and Technology Trust,2026-08-18,XBSTX,Equity-Sector Equity,0.1,1716.211,,Monthly,-0.17225000000000001,0.25,20.0,3.9896000000000003,,,1.11,,1778.396,True,True,True,False,True,False,,22.13,20.1,6.63,6.5600000000000005,20.04,18.88,,,31.05,996910,,,,,0.26,0.26,42.35333,-6.43623,1.6800000000000002,1.9100000000000001,1.79,2026-08-18T00:00:00,2014-10-29T00:00:00,10/29/2014,1414540800,2026-08-14T00:00:00
68,BBN,-0.0409,7.21463,7.52193,0.0986,3.41,20,Morningstar US CEF Taxable Muni,17,"BlackRock Advisors, LLC",True,15.73,0.0,16.4,2026-08-18T00:00:00,09248X100,BlackRock Taxable Municipal Bond Trust,2026-08-18,XBBNX,Fixed Income - Taxable-Taxable Muni,35.84,971.996,0.077,Monthly,0.48995,0.0986,20.0,5.9174,,,3.1,,1579.463,True,False,True,False,True,False,,4.29,5.93,-2.5,-3.15,-1.0,1.17,,,5.06,2035990,2.81,,99.5233,,8.35,,16.34485,-4.94906,0.56,1.23,1.53,2026-08-18T00:00:00,2010-08-27T00:00:00,8/27/2010,1282867200,2026-08-14T00:00:00
69,BTX,-0.08460000000000001,6.42202,7.01559,0.0525,27.64,10,Morningstar US CEF US Equity,16,BlackRock,True,8.98,-0.27,9.81,2026-08-18T00:00:00,09260Q108,BlackRock Tech and Private Equity Term,2026-08-18,XBTPX,Equity-U.S. Equity,1.09,1048.058,,Monthly,-0.044090000000000004,0.0525,20.0,,,,1.46,,1157.592,True,True,True,False,True,True,,7.59,10.77,-5.94,-6.51,20.73,28.33,,,20.93,7940080,,,,,,,7.35644,-13.66802,2.06,2.5,2.35,2026-08-18T00:00:00,2021-03-26T00:00:00,3/26/2021,1616716800,2026-08-14T00:00:00
70,BUI,0.0026,6.81667,6.79912,0.154,18.54,8,Morningstar US CEF Sector Equity,16,BlackRock,True,27.18,0.17,27.11,2026-08-18T00:00:00,09248D104,"BlackRock Util, Infra & Power Opp",2026-08-18,XBUIX,Equity-Sector Equity,0.11,817.697,,Monthly,0.13116,0.154,20.0,,,,1.09,,815.592,True,True,False,False,True,False,,14.09,14.87,9.05,9.31,14.27,11.69,,,16.44,744660,,,,,,,27.16314,2.19302,-0.59,-0.88,-0.09,2026-08-18T00:00:00,2011-11-23T00:00:00,11/23/2011,1322006400,2026-08-14T00:00:00
71,BHV,0.1348,4.94118,4.35407,0.0455,7.12,24,Morningstar US CEF Municipal-Single State,16,BlackRock,False,12.54,-0.26,11.05,2026-08-18T00:00:00,092481100,BlackRock VA Municipal Bond,2026-08-18,XBHVX,Fixed Income - Municipal-Municipal - Single-State,39.71,19.917,0.024,Monthly,0.1615,0.0455,15.0,4.857,,,4.53,,29.109,True,True,True,False,False,False,,0.8200000000000001,11.21,-2.95,-2.48,-0.4,26.13,,,29.18,54580,7.23,,99.2945,,16.77,10.27,11.17944,-2.44372,2.23,1.05,1.46,2026-08-18T00:00:00,2002-04-30T00:00:00,4/30/2002,1020124800,2026-08-14T00:00:00
72,BGX,-0.1207,7.97407,9.06912,0.08199999999999999,0.6,19,Morningstar US CEF Senior Loans,18,Blackstone Liquid Credit Strategies LLC,False,10.85,0.01,12.34,2026-08-18T00:00:00,09257D102,Blackstone Long-Short Credit Income,2026-08-18,XXBGX,Fixed Income - Taxable-Senior Loans,33.7,137.885,,Monthly,0.51573,0.08199999999999999,20.0,7.1166,,,4.65,,236.52,True,False,False,False,False,False,,6.67,7.05,3.69,3.11,-1.24,-4.02,,,-7.07,709430,,,,,17.0,,11.34978,-10.32888,-0.78,-0.16,0.05,2026-08-18T00:00:00,2011-01-27T00:00:00,1/27/2011,1296086400,2026-07-24T00:00:00
73,BSL,-0.0348,7.81065,8.09195,0.088,-0.26,19,Morningstar US CEF Senior Loans,18,Blackstone Liquid Credit Strategies LLC,False,13.05,-0.02,13.52,2026-08-18T00:00:00,09256U105,Blackstone Senior Floating Rt 2027 term,2026-08-18,XBSLX,Fixed Income - Taxable-Senior Loans,33.38,169.91,,Monthly,0.55321,0.088,20.0,7.1282,,,4.68,,264.23,True,False,True,False,False,True,,6.16,9.0,4.01,3.99,-1.3599999999999999,-0.14,,,-0.81,426460,,,,,3.73,,13.3831,-3.60537,0.13,0.01,0.34,2026-08-18T00:00:00,2010-05-26T00:00:00,5/26/2010,1274832000,2026-07-24T00:00:00
74,BGB,-0.0489,7.6962,8.09228,0.076,-0.23,19,Morningstar US CEF Senior Loans,18,Blackstone Liquid Credit Strategies LLC,False,11.27,-0.01,11.85,2026-08-18T00:00:00,09257R101,Blackstone Strategic Credit 2027 term,2026-08-18,XBGBX,Fixed Income - Taxable-Senior Loans,38.89,503.529,,Monthly,0.74549,0.076,20.0,6.9311,,,5.4,,866.376,True,False,False,False,False,True,,6.57,9.58,3.6,4.63,-1.85,-1.2,,,-2.41,1324850,,,,,17.78,,11.62546,-4.67384,-0.18,-1.32,-0.05,2026-08-18T00:00:00,2012-09-26T00:00:00,9/26/2012,1348617600,2026-07-24T00:00:00
75,BPRE,-0.469,7.27965,13.71,0.1371,-7.28,7,Morningstar US CEF Real Estate,19,"Bluerock Fund Advisors, LLC",True,12.0,-0.04,22.6,2026-08-18T00:00:00,09631P102,Bluerock Private Real Estate Fund,2026-08-18,XBPREX,Equity-Real Estate,,1716.532,,Monthly,,0.1371,14.0,,,,0.0,,3232.803,False,True,True,False,True,False,,-7.01,,-1.4100000000000001,,-3.65,-14.96,,,,0,,,75.3755,,,,,,,-1.43,-1.73,2026-08-18T00:00:00,2014-04-01T00:00:00,4/1/2014,1396310400,2026-08-17T00:00:00
76,DHF,-0.1124,7.86517,8.860759999999999,0.017499999999999998,3.68,14,Morningstar US CEF High Yield,20,BNY Mellon,False,2.37,-0.02,2.67,2026-08-18T00:00:00,09660L105,BNY Mellon High Yield Strategies Fund,2026-08-18,XDHFX,Fixed Income - Taxable-High Yield,27.59,172.386,,Monthly,0.09917000000000001,0.017499999999999998,15.0,7.0256,,,3.18,,268.207,True,False,False,False,False,False,,9.21,9.79,3.3,0.43,0.92,-1.05,,,-0.13,3601200,5.35,,99.6101,,4.52,3.33,2.47969,-9.31319,-1.13,-0.77,-0.61,2026-08-18T00:00:00,1998-04-29T00:00:00,4/29/1998,893808000,2026-08-06T00:00:00
77,DMB,-0.0677,5.27704,5.66038,0.049999999999999996,9.14,21,Morningstar US CEF Municipal,20,BNY Mellon,False,10.6,-0.09,11.37,2026-08-18T00:00:00,09662W109,BNY Mellon Muni Bond Infrastructure Fund,2026-08-18,XDMBX,Fixed Income - Municipal-Municipal,35.96,195.103,,Monthly,0.24734,0.049999999999999996,15.0,5.0905,,,3.19,,326.771,True,False,True,False,False,False,,2.42,0.48,-1.34,-3.05,0.05,-1.9100000000000001,,,10.07,584920,0.37,,101.4874,,11.41,8.86,10.784980000000001,-7.48051,0.52,0.04,0.18,2026-08-18T00:00:00,2013-04-26T00:00:00,4/26/2013,1366934400,2026-08-18T00:00:00
78,DSM,-0.0761,5.70523,6.1749600000000004,0.03,10.33,21,Morningstar US CEF Municipal,20,BNY Mellon,False,5.83,-0.02,6.31,2026-08-18T00:00:00,09662E109,BNY Mellon Strategic Muni Bond,2026-08-18,XDSMX,Fixed Income - Municipal-Municipal,34.97,288.169,,Monthly,0.15742,0.03,10.0,5.0273,,,2.73,,479.593,True,False,False,False,False,False,,2.61,4.87,-1.96,-3.02,0.55,-2.92,,,10.44,1107490,1.79,,99.5588,,8.93,8.04,6.01241,-7.09039,-0.4,-0.67,-0.89,2026-08-18T00:00:00,1989-11-22T00:00:00,11/22/1989,627696000,2026-08-13T00:00:00
79,LEO,-0.0747,5.38117,5.81583,0.03,9.91,21,Morningstar US CEF Municipal,20,BNY Mellon,False,6.19,-0.01,6.6899999999999995,2026-08-18T00:00:00,05588W108,BNY Mellon Strategic Municipals,2026-08-18,XLEOX,Fixed Income - Municipal-Municipal,34.34,385.58,,Monthly,0.15752,0.03,10.0,5.135,,,2.76,,634.646,True,False,True,False,False,False,,3.05,4.32,-1.8,-3.7,0.96,-0.44,,,10.27,2008810,1.06,,99.5242,,9.37,8.23,6.30536,-7.64775,0.16,-0.06,-0.22,2026-08-18T00:00:00,1987-09-23T00:00:00,9/23/1987,559353600,2026-08-13T00:00:00
80,BWG,-0.0926,11.2544,12.4031,0.08,4.97,13,Morningstar US CEF Global Income,54,"Franklin Templeton Fund Adviser, LLC",True,7.74,0.0,8.53,2026-08-18T00:00:00,10537L104,BrandywineGLOBAL â Global Inc Opp Fund,2026-08-18,XBWGX,Fixed Income - Taxable-Global Income,41.34,129.969,,Monthly,0.40321,0.08,20.0,7.6784,,,4.62,,244.195,True,False,False,False,True,False,,6.63,9.64,0.77,1.87,-0.05,-0.96,,,3.41,785700,,,,,,,8.2377,-8.41874,-0.55,0.65,0.48,2026-08-18T00:00:00,2012-03-28T00:00:00,3/28/2012,1332892800,2026-07-24T00:00:00
81,RA,-0.09140000000000001,10.18705,11.2114,0.118,6.25,14,Morningstar US CEF High Yield,21,Brookfield Public Securities Group LLC,True,12.63,-0.03,13.9,2026-08-18T00:00:00,112830104,Brookfield Real Assets Income Fund Inc.,2026-08-18,XRAIX,Fixed Income - Taxable-High Yield,25.29,697.867,,Monthly,0.4166,0.118,25.0,6.5568,,,3.34,,1028.056,True,False,False,False,True,False,,8.28,1.74,3.95,1.0,2.64,5.37,,,7.86,1661560,,,95.6177,,8.9,,13.02663,-9.06072,-0.06,0.02,0.24,2026-08-18T00:00:00,2016-12-02T00:00:00,12/2/2016,1480636800,2026-08-06T00:00:00
82,CFND,-0.703,,,,,10,Morningstar US CEF US Equity,23,C1 Advisors LLC,True,2.18,-1.56,7.34,2026-03-31T00:00:00,12673Q103,C1 Fund Inc.,2026-08-18,XCFNDX,Equity-U.S. Equity,,14.533,,Semi-Annually,,,10.0,,,,5.86,,48.933,False,False,False,False,True,False,,,,,,-6.02,-38.57,,,,372770,,,,,,,4.98236,-35.45907,-1.53,-3.7199999999999998,-3.92,2026-08-18T00:00:00,2025-08-07T00:00:00,8/7/2025,1754524800,
83,CHY,0.0365,9.33126,9.00225,0.09999999999999999,29.64,11,Morningstar US CEF Convertibles,24,Calamos Advisors LLC,False,13.33,-0.11,12.86,2026-08-18T00:00:00,12811P108,Calamos Convertible & High Income Fund,2026-08-18,XCHYX,Fixed Income - Taxable-Convertibles,31.41,1070.803,,Monthly,-0.10886,0.09999999999999999,15.0,3.6075,,4.49,4.01,,1506.066,True,True,True,False,False,False,,16.72,14.47,6.19,5.77,18.75,16.47,,,26.77,1908840,,,113.3553,,,,11.98674,-0.79498,2.32,1.65,2.12,2026-08-18T00:00:00,2003-05-28T00:00:00,5/28/2003,1054080000,2026-08-14T00:00:00
84,CHI,0.08349999999999999,9.42928,8.70229,0.095,29.1,11,Morningstar US CEF Convertibles,24,Calamos Advisors LLC,False,13.1,-0.16,12.09,2026-08-18T00:00:00,128117108,Calamos Convertible Opp Inc,2026-08-18,XCHIX,Fixed Income - Taxable-Convertibles,30.79,1057.259,,Monthly,-0.09886,0.095,15.0,3.5722,,4.47,3.98,,1409.795,True,True,True,False,False,False,,16.51,14.96,6.09,6.53,18.55,25.46,,,34.8,1838540,,,113.5724,,,,11.57338,1.54857,2.9699999999999998,1.52,2.13,2026-08-18T00:00:00,2002-06-26T00:00:00,6/26/2002,1025049600,2026-08-14T00:00:00
85,CCD,0.0661,9.66543,9.06625,0.19499999999999998,34.54,11,Morningstar US CEF Convertibles,24,Calamos Advisors LLC,False,25.81,-0.25,24.21,2026-08-18T00:00:00,12811V105,Calamos Dynamic Convertible and Income,2026-08-18,XCCDX,Fixed Income - Taxable-Convertibles,29.15,737.724,,Monthly,-0.41014,0.19499999999999998,25.0,2.5787,,4.07,4.26,,976.749,True,True,True,False,False,True,,17.95,17.39,6.36,6.39,22.06,24.67,,,32.75,843410,,,,,,,22.8501,1.6743800000000002,2.21,1.6400000000000001,1.75,2026-08-18T00:00:00,2015-03-27T00:00:00,3/27/2015,1427414400,2026-08-14T00:00:00
86,CHW,-0.09050000000000001,7.66773,8.43091,0.06,22.9,25,Morningstar US CEF Global Allocation,24,Calamos Advisors LLC,False,8.54,-0.15,9.39,2026-08-18T00:00:00,12811L107,Calamos Global Dynamic Income Fund,2026-08-18,XCHWX,Hybrid-Global Allocation,29.59,545.402,,Monthly,-0.03591,0.06,15.0,5.1178,,4.53,3.85,,851.65,True,True,True,False,False,False,,18.72,20.39,7.44,3.52,16.62,16.26,,,24.92,1914860,,,,,,,7.94234,-10.27828,0.96,0.56,0.9500000000000001,2026-08-18T00:00:00,2007-06-27T00:00:00,6/27/2007,1182902400,2026-08-14T00:00:00
87,CGO,-0.087,7.52089,8.23799,0.09,23.06,25,Morningstar US CEF Global Allocation,24,Calamos Advisors LLC,False,13.11,-0.17,14.36,2026-08-18T00:00:00,128118106,Calamos Global Total Return,2026-08-18,XCGOX,Hybrid-Global Allocation,29.51,128.836,,Monthly,-0.07175000000000001,0.09,15.0,5.0672,,4.39,4.02,,200.197,True,True,True,False,False,False,,19.15,18.74,7.38,4.51,17.31,15.68,,,18.73,276170,,,,,,,12.31563,-8.89314,0.11,1.25,1.3900000000000001,2026-08-18T00:00:00,2005-10-27T00:00:00,10/27/2005,1130371200,2026-08-14T00:00:00
88,CPZ,-0.1331,10.93038,12.60788,0.13999999999999999,-3.93,5,Morningstar US CEF Global Equity,24,Calamos Advisors LLC,False,13.325,-0.08,15.37,2026-08-18T00:00:00,12812C106,Calamos L/S Equity & Dynamic Inc Trust,2026-08-18,XCPZX,Equity-Global Equity,47.74,261.599,,Monthly,0.08155,0.13999999999999999,20.0,6.5242,,13.21,4.38,,577.438,True,False,False,False,False,False,,4.5600000000000005,5.9,2.77,2.46,-0.77,-4.07,,,-8.28,763540,,,99.1682,,,,14.49359,-9.67324,-1.63,-1.05,-1.23,2026-08-18T00:00:00,2019-11-29T00:00:00,11/29/2019,1574985600,2026-08-14T00:00:00
89,CSQ,-0.0874,7.1115,7.79221,0.13499999999999998,24.06,26,Morningstar US CEF US Allocation,24,Calamos Advisors LLC,False,20.79,-0.11,22.78,2026-08-18T00:00:00,128125101,Calamos Strategic Total Return,2026-08-18,XCSQX,Hybrid-U.S. Allocation,27.88,3334.085,,Monthly,-0.08754,0.13499999999999998,15.0,4.1463,,4.71,3.69,,5065.388,True,True,False,False,False,False,,21.86,18.24,12.48,10.08,12.27,9.01,,,18.0,2261700,,,,,,,19.32002,-8.28436,-0.25,1.6600000000000001,1.42,2026-08-18T00:00:00,2004-03-26T00:00:00,3/26/2004,1080259200,2026-08-14T00:00:00
90,CCIF,-0.1235,22.22222,25.35211,0.06,-41.73,19,Morningstar US CEF Senior Loans,25,Carlyle Global Credit Inv Mgmt,True,2.84,0.09,3.24,2026-07-31T00:00:00,92535C104,Carlyle Credit Income Ord,2026-08-18,XCCIFX,Fixed Income - Taxable-Senior Loans,45.47,60.204,,Monthly,0.18345,0.06,8.65,8.718,,,11.36,,125.956,True,False,False,False,True,False,,-15.42,-14.2,-13.61,-10.34,-32.71,-30.71,,,-36.23,1340440,,,46.8847,,,,4.0975,-9.89204,-0.43,0.38,-0.4,2026-08-18T00:00:00,2011-12-30T00:00:00,12/30/2011,1325203200,2026-08-19T00:00:00
91,IGR,0.0132,15.78947,15.58442,0.06,13.47,7,Morningstar US CEF Real Estate,26,CBRE Investment Management Listed Real Assets LLC,True,4.62,-0.09,4.56,2026-08-18T00:00:00,12504G100,CBRE Global Real Estate Income,2026-08-18,XIGRX,Equity-Real Estate,32.13,699.189,,Monthly,0.01967,0.06,15.0,,,,3.84,,1016.838,True,False,True,False,True,False,,5.34,9.24,-2.01,0.11,13.62,16.99,,,12.84,7173950,,,,,,,4.72391,1.05348,0.12,1.0,0.48,2026-08-18T00:00:00,2004-02-18T00:00:00,2/18/2004,1077062400,2026-07-20T00:00:00
92,CET,-0.174,0.94282,1.14138,0.31,15.81,10,Morningstar US CEF US Equity,27,Central Securities Corp,False,54.32,-0.7000000000000001,65.76,2026-08-14T00:00:00,155123102,Central Securities Corporation,2026-08-18,XCETX,Equity-U.S. Equity,0.32,1605.116,,Semi-Annually,0.8325400000000001,0.31,10.0,,,,0.46,,1943.16,True,True,False,False,False,False,,17.62,18.88,10.71,11.61,6.98,6.0,,,15.93,371450,,,,,,0.05,51.6535,-15.58297,-2.13,-2.07,-2.33,2026-08-18T00:00:00,1980-07-28T00:00:00,7/28/1980,333590400,2026-06-12T00:00:00
93,EMO,-0.10640000000000001,7.0936,7.93826,0.41,27.88,6,Morningstar US CEF MLP,54,"Franklin Templeton Fund Adviser, LLC",False,54.42,0.54,60.9,2026-08-18T00:00:00,18469P209,ClearBridge Energy Midstream Opportunity,2026-08-18,XEMOX,Equity-MLP,23.56,1087.869,,Monthly,-0.08994,0.41,20.0,,,,3.12,,1592.614,True,True,False,False,False,False,,27.25,28.84,26.38,29.9,26.31,21.49,,,20.81,609290,,,,,,,48.2128,-9.37538,-0.49,1.54,0.21,2026-08-18T00:00:00,2011-06-13T00:00:00,6/13/2011,1307923200,2026-07-24T00:00:00
94,GLV,-0.1252,9.55274,10.91961,0.0566,22.2,25,Morningstar US CEF Global Allocation,28,Clough Capital Partners L.P.,True,6.22,-0.1,7.11,2026-08-18T00:00:00,18913Y103,Clough Global Dividend and Income,2026-08-18,XGLVX,Hybrid-Global Allocation,32.32,77.188,,Monthly,0.00647,0.0566,20.0,4.8157,,,3.06,,130.363,True,True,False,False,True,False,,12.45,15.75,1.16,0.03,11.55,12.24,,,24.55,413730,,,,,14.73,12.28,6.13323,-11.89915,-0.59,0.26,-0.16,2026-08-18T00:00:00,2004-07-28T00:00:00,7/28/2004,1090972800,2026-08-18T00:00:00
95,GLQ,-0.0943,9.59211,10.5908,0.07289999999999999,21.95,5,Morningstar US CEF Global Equity,28,Clough Capital Partners L.P.,True,8.26,-0.11,9.12,2026-08-18T00:00:00,18914C100,Clough Global Equity,2026-08-18,XGLQX,Equity-Global Equity,32.47,154.777,,Monthly,-0.056870000000000004,0.07289999999999999,20.0,,,,3.41,,253.061,True,True,True,False,True,False,,17.41,21.32,0.67,-0.6,11.58,12.81,,,24.63,622990,,,,,0.06,,7.9691,-11.37508,1.82,0.9,1.4100000000000001,2026-08-18T00:00:00,2005-04-27T00:00:00,4/27/2005,1114560000,2026-08-18T00:00:00
96,GLO,-0.08900000000000001,9.88344,10.84848,0.0537,15.94,25,Morningstar US CEF Global Allocation,28,Clough Capital Partners L.P.,True,5.94,-0.09,6.52,2026-08-18T00:00:00,18914E106,Clough Global Opportunities,2026-08-18,XGLOX,Hybrid-Global Allocation,33.19,254.031,,Monthly,-0.0235,0.0537,20.0,4.8199000000000005,,,3.54,,417.386,True,True,True,False,True,False,,13.07,16.99,-1.98,-2.84,7.99,9.96,,,20.07,1523180,,,,,16.96,14.09,5.80664,-11.51929,2.73,2.15,2.51,2026-08-18T00:00:00,2006-04-25T00:00:00,4/25/2006,1145923200,2026-08-18T00:00:00
97,FOF,0.0,7.6708300000000005,7.6708300000000005,0.087,17.32,26,Morningstar US CEF US Allocation,30,"Cohen &amp; Steers Capital Management, Inc.",False,13.61,-0.09,13.61,2026-08-18T00:00:00,19248P106,Cohen & Steers Closed-End Opportunity,2026-08-18,XFOFX,Hybrid-U.S. Allocation,,378.001,,Monthly,0.19373,0.087,20.0,6.1386,,7.64,0.9500000000000001,,378.001,False,True,False,False,False,False,,16.76,16.55,8.12,7.74,6.72,7.66,,,14.04,618640,,,95.6359,,,,13.47606,1.29018,-0.73,-0.81,-0.9,2026-08-18T00:00:00,2006-11-20T00:00:00,11/20/2006,1163980800,2026-08-11T00:00:00
98,UTF,-0.0131,7.19215,7.28745,0.16499999999999998,17.87,8,Morningstar US CEF Sector Equity,29,Cohen &amp; Steers,False,27.17,0.07,27.53,2026-08-18T00:00:00,19248A109,Cohen & Steers Infrastructure,2026-08-18,XUTFX,Equity-Sector Equity,28.22,3037.88,,Monthly,0.20763,0.16499999999999998,20.0,5.4498,,,3.43,,4288.132,True,True,True,False,False,False,,14.33,14.58,8.81,7.52,14.52,20.26,,,12.6,3616450,,,103.041,,7.43,,25.81307,-5.03449,1.26,1.13,1.46,2026-08-18T00:00:00,2004-03-30T00:00:00,3/30/2004,1080604800,2026-08-11T00:00:00
99,LDP,-0.0641,7.14545,7.63477,0.131,6.6,18,Morningstar US CEF Preferreds,30,"Cohen &amp; Steers Capital Management, Inc.",False,20.59,-0.04,22.0,2026-08-18T00:00:00,19248C105,Cohen & Steers Ltd Duration Pref & Inc,2026-08-18,XLDPX,Fixed Income - Taxable-Preferreds,32.99,598.741,,Monthly,0.6786800000000001,0.131,25.0,,,,3.67,,954.743,True,False,False,False,False,False,,11.21,12.31,4.27,2.41,2.15,1.55,,,3.32,612850,,,,,88.99,,21.08775,-5.72491,-0.47000000000000003,0.17,0.35000000000000003,2026-08-18T00:00:00,2012-07-27T00:00:00,7/27/2012,1343347200,2026-08-11T00:00:00
100,RQI,-0.0702,8.1571,8.77335,0.09,19.72,7,Morningstar US CEF Real Estate,29,Cohen &amp; Steers,False,12.31,-0.04,13.24,2026-08-18T00:00:00,19247L106,Cohen & Steers Qual Inc Realty,2026-08-18,XRQIX,Equity-Real Estate,26.72,1810.486,,Monthly,0.09720000000000001,0.09,15.0,4.5417000000000005,,,3.45,,2657.39,True,False,False,False,False,False,,11.52,10.66,4.46,3.48,20.75,16.05,,,12.91,4924870,,,102.1293,,7.49,,12.43075,-3.77379,-1.12,-0.23,-0.9400000000000001,2026-08-18T00:00:00,2002-02-28T00:00:00,2/28/2002,1014854400,2026-08-11T00:00:00
101,RLTY,-0.0818,7.76928,8.46154,0.11,17.7,7,Morningstar US CEF Real Estate,30,"Cohen &amp; Steers Capital Management, Inc.",True,15.6,-0.1,16.99,2026-08-18T00:00:00,19249Q103,Cohen & Steers Real Estate Opp & Inc Fd,2026-08-18,XRLTX,Equity-Real Estate,33.17,260.87,,Monthly,0.11394,0.11,20.0,5.2869,,,4.55,,425.114,True,True,False,False,True,False,,11.02,12.8,,,15.53,13.65,,,13.37,610750,,,104.0393,,,,15.31791,-7.15424,-0.65,0.78,0.17,2026-08-18T00:00:00,2022-02-24T00:00:00,2/24/2022,1645660800,2026-08-11T00:00:00
102,RNP,-0.06480000000000001,7.5,8.01966,0.13599999999999998,13.46,7,Morningstar US CEF Real Estate,30,"Cohen &amp; Steers Capital Management, Inc.",True,20.35,-0.1,21.76,2026-08-18T00:00:00,19247X100,Cohen & Steers REIT & Preferred Inc Fd,2026-08-18,XRNPX,Equity-Real Estate,30.12,976.802,,Monthly,0.38016,0.13599999999999998,25.0,5.8091,,,3.37,,1494.607,True,False,False,False,True,False,,11.2,9.46,4.14,3.5,12.09,7.78,,,-0.73,1188570,,,106.003,,6.69,,20.84826,-2.6035500000000003,-1.02,0.29,-0.64,2026-08-18T00:00:00,2003-06-27T00:00:00,6/27/2003,1056672000,2026-08-11T00:00:00
103,PSF,-0.0998,7.04895,7.83014,0.126,6.09,18,Morningstar US CEF Preferreds,29,Cohen &amp; Steers,False,19.31,-0.17,21.45,2026-08-18T00:00:00,19248Y107,Cohen & Steers Select Preferred & Inc,2026-08-18,XPSFX,Fixed Income - Taxable-Preferreds,33.33,232.264,,Monthly,0.6429,0.126,25.0,7.0987,,,3.76,,387.005,True,False,False,False,False,False,,10.7,8.7,3.14,-1.51,1.6,0.34,,,1.94,375860,,,101.0886,,86.4,,20.14869,-8.18204,-1.24,-0.67,-0.76,2026-08-18T00:00:00,2010-11-24T00:00:00,11/24/2010,1290556800,2026-08-11T00:00:00
104,PTA,-0.0723,7.96829,8.58974,0.13399999999999998,5.21,18,Morningstar US CEF Preferreds,30,"Cohen &amp; Steers Capital Management, Inc.",True,18.72,0.01,20.18,2026-08-18T00:00:00,19249X108,Cohen & Steers Tax-adv Prd Sec and Inc,2026-08-18,XPTAX,Fixed Income - Taxable-Preferreds,35.16,1034.719,,Monthly,0.63166,0.13399999999999998,25.0,7.3128,,,4.36,,1720.323,True,False,False,False,True,False,,9.64,9.85,2.75,2.16,1.19,2.23,,,1.45,1358910,,,103.3882,,,,19.53473,-6.25494,-0.61,-0.8,-0.5,2026-08-18T00:00:00,2020-10-28T00:00:00,10/28/2020,1603843200,2026-08-11T00:00:00
105,RFI,-0.031400000000000004,8.14249,8.4063,0.08,13.68,7,Morningstar US CEF Real Estate,30,"Cohen &amp; Steers Capital Management, Inc.",False,11.42,-0.01,11.79,2026-08-18T00:00:00,19247R103,Cohen & Steers Total Return,2026-08-18,XRFIX,Equity-Real Estate,0.04,305.47,,Monthly,0.14464,0.08,15.0,6.5819,,,0.9400000000000001,,315.492,True,False,False,False,False,False,,9.19,7.55,3.5300000000000002,1.7000000000000002,13.52,9.27,,,5.18,935330,,,,,,,11.47158,-0.8030700000000001,-0.81,1.45,-0.15,2026-08-18T00:00:00,1993-09-27T00:00:00,9/27/1993,749088000,2026-08-11T00:00:00
106,STK,-0.0557,3.34599,3.54338,0.46249999999999997,79.59,3,Morningstar US CEF Covered Call,31,"Columbia Mgmt Investment Advisers, LLC",True,52.21,-1.03,55.29,2026-08-18T00:00:00,19842X109,Columbia Seligman Premium Technology Gr,2026-08-18,XSTKX,Equity-Covered-Call Funds,,922.098,,Quarterly,-0.09022000000000001,0.46249999999999997,20.0,,,,1.12,,978.36,False,True,False,False,True,False,,35.21,28.66,21.39,19.24,43.2,36.28,,,69.75,566020,,,,,,,42.04265,-4.28974,-0.63,-0.13,-0.44,2026-08-18T00:00:00,2009-11-25T00:00:00,11/25/2009,1259107200,2026-08-17T00:00:00
107,CLM,0.06709999999999999,22.74571,21.31579,0.1215,15.88,10,Morningstar US CEF US Equity,32,"Cornerstone Advisors, LLC",True,6.84,-0.66,6.41,2026-08-14T00:00:00,21924B302,Cornerstone Strategic Investment Fund,2026-08-18,XCLMX,Equity-U.S. Equity,0.0,2023.036,,Monthly,0.00132,0.1215,38.52,,,,1.1,,1895.857,True,False,False,False,True,False,,18.24,14.53,12.18,11.92,6.91,-0.05,,,11.69,18144650,,,,,,,7.85992,19.76886,-4.21,-4.88,-3.98,2026-08-18T00:00:00,1987-06-23T00:00:00,6/23/1987,551404800,2026-08-14T00:00:00
108,CRF,0.049800000000000004,22.6881,21.61103,0.1176,16.33,10,Morningstar US CEF US Equity,32,"Cornerstone Advisors, LLC",True,6.53,-0.64,6.22,2026-08-14T00:00:00,21924U300,Cornerstone Total Return Fund,2026-08-18,XCRFX,Equity-U.S. Equity,9.5,1050.9,,Monthly,0.00372,0.1176,25.0,,,,1.13,,1001.01,True,False,False,False,True,False,,18.41,12.58,12.57,10.62,6.83,-0.26,,,10.4,12156950,,,,,,,7.54402,18.65223,-4.15,-4.91,-3.88,2026-08-18T00:00:00,1973-05-16T00:00:00,5/16/1973,106358400,2026-08-14T00:00:00
109,CIK,-0.107,8.85609,9.91736,0.02,0.99,14,Morningstar US CEF High Yield,107,UBS Asset Management (Americas) LLC,False,2.42,0.0,2.71,2026-08-18T00:00:00,224916106,Credit Suisse Asset Mgmt Income,2026-08-18,XCIKX,Fixed Income - Taxable-High Yield,35.07,132.746,,Monthly,0.10128000000000001,0.02,10.0,6.9712,,,3.7,,228.936,True,False,False,False,False,False,,7.28,2.5300000000000002,3.9699999999999998,2.44,0.2,-8.84,,,-9.97,4680590,,,98.7034,,5.73,,2.7023900000000003,-3.51959,-1.71,-1.43,-1.3900000000000001,2026-08-18T00:00:00,1987-03-23T00:00:00,3/23/1987,543456000,2026-07-16T00:00:00
110,DHY,-0.1042,9.6875,10.81395,0.0155,-4.14,14,Morningstar US CEF High Yield,107,UBS Asset Management (Americas) LLC,False,1.7200000000000002,-0.02,1.92,2026-08-18T00:00:00,22544F103,Credit Suisse High Yield Credit,2026-08-18,XDHYX,Fixed Income - Taxable-High Yield,30.67,178.209,,Monthly,0.08308,0.0155,10.0,6.998,,,3.62,,286.925,True,False,False,False,False,False,,5.38,7.12,2.55,2.29,-4.93,-7.21,,,-9.13,6422390,,,98.7615,,5.73,,1.92521,-6.44757,-1.28,-1.15,-0.61,2026-08-18T00:00:00,1998-07-31T00:00:00,7/31/1998,901843200,2026-07-16T00:00:00
111,DXYZ,0.66,,,,188.58,8,Morningstar US CEF Sector Equity,34,Destiny Advisors LLC,True,33.15,1.53,19.97,2025-12-31T00:00:00,25063F107,Destiny Tech100 Inc,2026-08-18,DXYZ,Equity-Sector Equity,,728.515,,Monthly,-0.33773000000000003,,,,,,4.53,,438.867,False,True,False,False,True,False,,,,,,0.0,-25.27,,,-22.93,19658120,,,,,,,29.90678,117.59958,-0.62,0.05,0.09,2026-08-18T00:00:00,2024-03-26T00:00:00,3/26/2024,1711411200,
112,DMA,-0.172,14.78642,17.85714,0.11249999999999999,-1.87,26,Morningstar US CEF US Allocation,35,Destra Capital Advisors LLC,True,7.5600000000000005,-0.01,9.13,2026-08-18T00:00:00,25065A502,Destra Multi-Alternative,2026-08-18,XDMAX,Hybrid-U.S. Allocation,10.79,67.762,,Monthly,0.19305,0.11249999999999999,,,,,3.29,,91.734,True,False,False,False,True,False,,0.26,23.82,-0.8300000000000001,,-4.34,-7.43,,,0.12,272080,,,,,0.11,,8.27432,-14.63337,-1.01,-0.51,-0.66,2026-08-18T00:00:00,2022-01-13T00:00:00,1/13/2022,1642032000,2026-07-21T00:00:00
113,DNP,0.1109,7.93489,7.14286,0.065,13.94,8,Morningstar US CEF Sector Equity,39,Duff &amp; Phelps Inv Mgmt Co (IL),True,10.92,-0.02,9.83,2026-08-18T00:00:00,23325P104,DNP Select Income,2026-08-18,XDNPX,Equity-Sector Equity,22.88,4136.525,,Monthly,0.10944,0.065,10.0,5.6735,,,2.5300000000000002,,4828.481,True,True,True,False,True,False,,14.34,10.8,9.25,8.67,11.75,12.52,,,18.78,5867460,,,,,7.33,5.71,10.34728,6.37378,1.5,1.1,1.33,2026-08-18T00:00:00,1987-01-21T00:00:00,1/21/1987,538185600,2026-07-31T00:00:00
114,DSL,-0.0704,11.46829,12.33645,0.11,4.18,13,Morningstar US CEF Global Income,37,DoubleLine Capital LP,False,10.7,-0.08,11.51,2026-08-18T00:00:00,258622109,DoubleLine Income Solutions Fund,2026-08-18,XDSLX,Fixed Income - Taxable-Global Income,23.5,1225.911,,Monthly,0.47242,0.11,25.0,7.5984,,,2.98,,1723.713,True,False,False,False,False,False,,9.51,6.98,1.17,0.47000000000000003,2.52,1.47,,,-1.3900000000000001,5579160,,,92.0647,,,,11.33114,-4.21136,-1.3900000000000001,-1.49,-1.49,2026-08-18T00:00:00,2013-04-26T00:00:00,4/26/2013,1366934400,2026-08-19T00:00:00
115,DBL,-0.0287,9.02873,9.29577,0.11,3.76,17,Morningstar US CEF Multi-Sector,36,DoubleLine,False,14.2,0.0,14.62,2026-08-18T00:00:00,258623107,Doubleline Opportunistic Cred,2026-08-18,XDBLX,Fixed Income - Taxable-Multi-Sector,7.96,280.761,,Monthly,0.46533,0.11,25.0,6.3207,,,2.02,,314.066,True,False,False,False,False,False,,9.24,8.32,2.51,1.6600000000000001,1.63,-2.95,,,0.6,646500,,,84.4462,,,,14.88231,-0.76626,-1.23,-0.39,-0.61,2026-08-18T00:00:00,2012-01-26T00:00:00,1/26/2012,1327536000,2026-08-19T00:00:00
116,DLY,-0.0679,9.23747,9.91083,0.1167,4.19,17,Morningstar US CEF Multi-Sector,37,DoubleLine Capital LP,True,14.13,-0.02,15.16,2026-08-18T00:00:00,25862D105,DoubleLine Yield Opportunities Fund,2026-08-18,XDLYX,Fixed Income - Taxable-Multi-Sector,15.98,685.861,,Monthly,0.62071,0.1167,20.0,7.4846,,,2.89,,875.857,True,False,False,False,True,False,,8.71,8.89,2.7199999999999998,2.26,1.76,2.38,,,0.59,2060410,,,95.3595,,,,14.48471,-6.38831,-0.25,0.96,0.47000000000000003,2026-08-18T00:00:00,2020-02-25T00:00:00,2/25/2020,1582588800,2026-08-19T00:00:00
117,DTF,-0.0351,3.26087,3.37955,0.0325,2.16,21,Morningstar US CEF Municipal,38,Duff &amp; Phelps,False,11.54,0.0,11.96,2026-08-18T00:00:00,23334J107,DTF Tax-Free Income 2028 Term,2026-08-18,XDTFX,Fixed Income - Municipal-Municipal,32.16,81.121,,Monthly,0.13742000000000001,0.0325,15.0,4.9315,,,1.08,,84.074,True,True,True,False,False,False,,2.08,4.69,-2.69,-1.63,0.64,2.0,,,5.27,75510,,,104.7125,,8.11,2.2,11.41724,-5.61441,2.26,1.97,2.17,2026-08-18T00:00:00,1991-11-29T00:00:00,11/29/1991,691372800,2026-08-17T00:00:00
118,DPG,-0.0967,5.50796,6.09756,0.075,24.39,8,Morningstar US CEF Sector Equity,39,Duff &amp; Phelps Inv Mgmt Co (IL),True,14.76,-0.03,16.34,2026-08-18T00:00:00,26433C105,Duff & Phelps Utility and Infra Fund Inc,2026-08-18,XDPGX,Equity-Sector Equity,21.36,531.317,,Monthly,0.045200000000000004,0.075,20.0,,,,3.34,,748.002,True,True,True,False,True,False,,19.98,21.78,12.33,9.6,17.54,17.89,,,24.15,728040,,,,,,,13.776720000000001,-10.53087,0.77,1.08,1.54,2026-08-18T00:00:00,2011-07-29T00:00:00,7/29/2011,1311897600,2026-07-31T00:00:00
119,KTF,0.0011,8.19709,8.18792,0.061,9.73,21,Morningstar US CEF Municipal,41,"DWS Investment Management Americas, Inc.",False,8.94,0.0,8.93,2026-08-18T00:00:00,233368109,DWS Municipal Income,2026-08-18,XKTFX,Fixed Income - Municipal-Municipal,36.94,350.302,,Monthly,0.19611,0.061,12.0,4.8872,,15.48,3.14,,554.911,True,False,True,False,False,False,,2.74,7.74,-1.83,-0.89,0.8200000000000001,1.83,,,11.99,1335700,,,98.2903,,14.69,9.95,9.10143,-1.72939,1.96,1.81,1.92,2026-08-18T00:00:00,1988-10-20T00:00:00,10/20/1988,593308800,2026-08-19T00:00:00
120,GRF,-0.12960000000000002,6.88259,7.90705,0.85,9.26,10,Morningstar US CEF US Equity,98,Sims Capital Management LLC,False,10.7499,0.3,12.35,2026-08-14T00:00:00,269451100,Eagle Capital Growth,2026-08-18,XGRFX,Equity-U.S. Equity,,42.654,,Annually,0.04519,0.85,10.0,,,,1.28,,49.003,False,True,True,False,False,False,,9.79,10.75,8.04,9.55,3.85,-5.79,,,9.62,29370,,,,,,,10.45833,-13.19106,0.07,2.75,0.55,2026-08-18T00:00:00,1990-07-02T00:00:00,7/2/1990,646876800,2025-11-21T00:00:00
121,ECC,-0.125,16.66667,19.04762,0.06,-26.06,19,Morningstar US CEF Senior Loans,42,Eagle Point Credit Management,False,3.7800000000000002,-0.06,4.38,2026-07-31T00:00:00,269808101,Eagle Point Credit Company LLC,2026-08-18,XECCX,Fixed Income - Taxable-Senior Loans,30.65,502.781,,Monthly,0.61938,0.06,20.0,,,,9.21,,821.028,True,False,False,False,False,False,,-2.03,-9.83,-0.41000000000000003,-3.34,-12.38,-22.04,,,-27.07,14757230,,,,,,,5.02238,-8.5178,-0.5,0.46,0.08,2026-08-18T00:00:00,2014-10-08T00:00:00,10/8/2014,1412726400,2026-08-11T00:00:00
122,EIC,-0.1797,10.78431,13.14741,0.11,-4.54,14,Morningstar US CEF High Yield,43,Eagle Point Income Management LLC,False,10.04,0.08,12.35,2026-07-31T00:00:00,269817102,Eagle Point Income Co Inc,2026-08-18,XEICX,Fixed Income - Taxable-High Yield,12.11,231.359,,Monthly,,0.11,19.89,10.1647,,,6.36,,320.914,True,False,False,False,False,False,,11.99,5.03,6.41,3.33,-1.4100000000000001,-5.78,,,-12.73,1516830,,,87.475,,,,11.02925,-15.90852,-0.38,0.04,0.33,2026-08-18T00:00:00,2019-07-23T00:00:00,7/23/2019,1563840000,2026-08-11T00:00:00
123,CEV,-0.0148,5.54529,5.62852,0.049999999999999996,10.24,22,Morningstar US CEF Municipal-CA,45,Eaton Vance Management,False,10.66,0.03,10.82,2026-08-18T00:00:00,27826F101,Eaton Vance CA Muni Inc,2026-08-18,XCEVX,Fixed Income - Municipal-Municipal - CA,33.11,74.978,0.02,Monthly,0.23213,0.049999999999999996,15.0,6.8647,,,2.48,,113.77,True,True,True,False,False,False,,2.6,5.21,-1.6800000000000002,-1.48,1.16,3.5300000000000002,,,12.75,289460,3.0,,101.3992,,,9.77,10.24499,-7.34625,3.48,3.5300000000000002,3.61,2026-08-18T00:00:00,1999-01-29T00:00:00,1/29/1999,917568000,2026-08-13T00:00:00
124,EOI,-0.061200000000000004,7.5028,7.99204,0.1338,9.22,3,Morningstar US CEF Covered Call,45,Eaton Vance Management,True,20.09,-0.08,21.4,2026-08-18T00:00:00,278274105,Eaton Vance Enhanced Equity Income,2026-08-18,XEOIX,Equity-Covered-Call Funds,,823.725,,Monthly,-0.04159,0.1338,20.0,,,,1.1,,877.437,False,False,False,False,True,False,,16.51,14.47,10.75,9.71,4.48,0.75,,,2.05,800260,,,,,,,20.15854,-3.59446,-0.87,0.89,-0.41000000000000003,2026-08-18T00:00:00,2004-10-26T00:00:00,10/26/2004,1098748800,2026-08-14T00:00:00
125,EOS,-0.09609999999999999,7.60233,8.41049,0.1523,5.53,3,Morningstar US CEF Covered Call,44,Eaton Vance,True,21.73,-0.26,24.04,2026-08-18T00:00:00,278277108,Eaton Vance Enhanced Equity Income II,2026-08-18,XEOSX,Equity-Covered-Call Funds,,1158.557,,Monthly,-0.07293,0.1523,20.0,,,,1.09,,1281.717,False,False,False,False,True,False,,15.86,13.76,8.35,6.41,1.02,-4.66,,,-4.54,1166620,,,,,,,22.53019,-6.6488,-1.05,-0.61,-0.85,2026-08-18T00:00:00,2005-01-26T00:00:00,1/26/2005,1106697600,2026-08-14T00:00:00
126,EFT,-0.08560000000000001,6.85139,7.49311,0.06799999999999999,1.03,19,Morningstar US CEF Senior Loans,45,Eaton Vance Management,False,10.89,0.05,11.91,2026-08-18T00:00:00,278279104,Eaton Vance Floating-Rate Income,2026-08-18,XEFTX,Fixed Income - Taxable-Senior Loans,31.71,289.435,,Monthly,0.42226,0.06799999999999999,20.0,6.7698,,,4.45,,463.545,True,False,True,False,False,False,,6.3,5.79,4.94,3.06,-0.13,-2.05,,,-6.55,1094640,,,,,,,11.18595,-9.10634,0.32,2.83,1.97,2026-08-18T00:00:00,2004-06-29T00:00:00,6/29/2004,1088467200,2026-08-14T00:00:00
127,EVV,-0.0833,8.38554,9.14786,0.0696,3.46,16,Morningstar US CEF Limited Duration,44,Eaton Vance,False,9.13,0.0,9.96,2026-08-18T00:00:00,27828H105,Eaton Vance Limited Duration Income,2026-08-18,XEVVX,Fixed Income - Taxable-Limited Duration,40.91,1060.938,,Monthly,0.31291,0.0696,20.0,6.6631,,0.0,4.04,,1958.538,True,False,False,False,False,False,,7.38,8.15,3.22,2.33,-0.09,-3.22,,,-1.51,3215750,,,97.9783,,,,9.71268,-6.03426,-1.19,-0.21,-0.59,2026-08-18T00:00:00,2003-05-30T00:00:00,5/30/2003,1054252800,2026-08-13T00:00:00
128,EIM,-0.06810000000000001,5.92996,6.36326,0.0508,7.58,21,Morningstar US CEF Municipal,45,Eaton Vance Management,False,9.58,-0.05,10.28,2026-08-18T00:00:00,27827X101,Eaton Vance Municipal Bond,2026-08-18,XEIMX,Fixed Income - Municipal-Municipal,30.87,492.149,0.030000000000000002,Monthly,0.24144000000000002,0.0508,15.0,6.6154,,,2.88,,763.956,True,False,True,False,False,False,,2.0,4.35,-1.6600000000000001,-2.18,0.6900000000000001,1.85,,,6.14,1562780,7.0,,104.6316,,,8.07,9.85221,-6.9632000000000005,0.14,0.41000000000000003,0.13,2026-08-18T00:00:00,2002-08-30T00:00:00,8/30/2002,1030665600,2026-08-14T00:00:00
129,EVN,0.0199,5.84061,5.72651,0.0513,8.54,21,Morningstar US CEF Municipal,44,Eaton Vance,False,10.75,-0.01,10.54,2026-08-18T00:00:00,27826U108,Eaton Vance Municipal Income,2026-08-18,XEVNX,Fixed Income - Municipal-Municipal,34.14,429.171,0.045,Monthly,0.26558,0.0513,15.0,7.2679,,,2.46,,638.94,True,False,True,False,False,False,,3.29,7.19,-1.38,-1.16,1.56,-0.36,,,5.38,774600,7.0,,102.7977,,,7.67,10.81891,0.47547000000000006,0.88,0.8300000000000001,1.18,2026-08-18T00:00:00,1999-01-29T00:00:00,1/29/1999,917568000,2026-08-13T00:00:00
130,EOT,-0.0163,4.60967,4.68611,0.0683,8.21,21,Morningstar US CEF Municipal,45,Eaton Vance Management,False,17.49,0.05,17.78,2026-08-18T00:00:00,27829L105,Eaton Vance National Municipal Opprs Tr,2026-08-18,XEOTX,Fixed Income - Municipal-Municipal,12.67,273.28,0.099,Monthly,0.41933000000000004,0.0683,20.0,5.6835,,,1.25,,318.108,True,True,True,False,False,False,,3.77,4.59,-0.36,-1.32,1.48,5.1,,,13.17,373220,20.0,,98.0285,,,9.17,17.04373,-5.69683,2.19,2.05,2.08,2026-08-18T00:00:00,2009-05-27T00:00:00,5/27/2009,1243382400,2026-08-14T00:00:00
131,ETJ,-0.0886,8.43629,9.25592,0.06509999999999999,2.55,3,Morningstar US CEF Covered Call,45,Eaton Vance Management,True,8.44,-0.03,9.26,2026-08-18T00:00:00,27829G106,Eaton Vance Risk-Mgd Divers Eq Inc,2026-08-18,XETJX,Equity-Covered-Call Funds,,568.027,,Monthly,-0.01834,0.06509999999999999,20.0,,,,1.12,,623.215,False,False,False,False,True,False,,10.88,9.95,6.35,2.98,-0.32,0.8200000000000001,,,2.83,1343830,,,,,,,8.63515,-8.77005,-0.1,-0.04,0.07,2026-08-18T00:00:00,2007-07-31T00:00:00,7/31/2007,1185840000,2026-08-14T00:00:00
132,EFR,-0.0959,7.13073,7.88732,0.06999999999999999,1.78,19,Morningstar US CEF Senior Loans,45,Eaton Vance Management,False,10.65,0.0,11.78,2026-08-18T00:00:00,27828Q105,Eaton Vance Senior Floating Rate,2026-08-18,XEFRX,Fixed Income - Taxable-Senior Loans,31.23,314.427,,Monthly,0.42058,0.06999999999999999,20.0,6.7598,,4.83,3.26,,505.693,True,False,True,False,False,False,,6.35,5.06,5.05,3.66,0.48,-0.63,,,-3.65,1443120,,,,,,,10.9228,-9.71376,0.07,1.5899999999999999,1.6600000000000001,2026-08-18T00:00:00,2003-11-24T00:00:00,11/24/2003,1069632000,2026-08-14T00:00:00
133,EVF,-0.1121,6.83274,7.69539,0.032,1.97,19,Morningstar US CEF Senior Loans,45,Eaton Vance Management,False,4.99,0.0,5.62,2026-08-18T00:00:00,27826S103,Eaton Vance Senior Income,2026-08-18,XEVFX,Fixed Income - Taxable-Senior Loans,36.07,90.67,,Monthly,0.22784000000000001,0.032,10.0,6.8671,,,2.89,,159.734,True,False,False,False,False,False,,6.53,6.21,4.95,3.44,0.64,-1.04,,,-3.7800000000000002,799730,,,,,,,5.19424,-9.81,-0.71,1.6,0.43,2026-08-18T00:00:00,1998-10-30T00:00:00,10/30/1998,909705600,2026-08-13T00:00:00
134,EVG,-0.0397,7.93496,8.26341,0.0732,6.59,16,Morningstar US CEF Limited Duration,45,Eaton Vance Management,True,10.63,-0.08,11.07,2026-08-18T00:00:00,27828V104,Eaton Vance Short Duration Divers Inc,2026-08-18,XEVGX,Fixed Income - Taxable-Limited Duration,12.36,143.047,,Monthly,0.30311,0.0732,20.0,5.7273,,,2.77,,169.968,True,False,False,False,True,False,,9.52,10.48,4.99,4.52,2.15,0.97,,,3.01,372660,,,97.5071,,,,10.9056,-3.38554,-0.41000000000000003,0.28,0.49,2026-08-18T00:00:00,2005-02-28T00:00:00,2/28/2005,1109548800,2026-08-14T00:00:00
135,ETG,-0.09630000000000001,5.86173,6.48662,0.1293,28.98,5,Morningstar US CEF Global Equity,45,Eaton Vance Management,False,23.92,-0.36,26.47,2026-08-18T00:00:00,27828S101,Eaton Vance Tax Adv Global Dividend Inc,2026-08-18,XETGX,Equity-Global Equity,15.48,1825.62,,Monthly,0.39383,0.1293,20.0,7.0383,,,2.2800000000000002,,2390.241,True,True,False,False,False,False,,18.73,19.66,10.8,10.91,13.43,6.38,,,22.16,1107680,,,,,3.76,,22.28456,-7.21697,-1.11,-0.16,-0.38,2026-08-18T00:00:00,2004-01-30T00:00:00,1/30/2004,1075420800,2026-08-14T00:00:00
136,EVT,-0.057,6.3634,6.74821,0.1646,25.74,26,Morningstar US CEF US Allocation,45,Eaton Vance Management,True,29.27,-0.15,31.04,2026-08-18T00:00:00,27828G107,Eaton Vance Tax Advantaged Dividend Inc,2026-08-18,,Hybrid-U.S. Allocation,16.19,2181.867,,Monthly,0.12479,0.1646,20.0,7.0577,,,2.27,,2760.808,True,True,True,False,True,False,,15.39,15.03,9.68,8.76,16.62,16.8,,,27.03,1022380,,,,,4.98,,25.62031,-8.53814,2.7800000000000002,2.17,2.46,2026-08-18T00:00:00,2003-09-30T00:00:00,9/30/2003,1064880000,2026-08-14T00:00:00
137,ETO,-0.1011,5.93493,6.60243,0.17329999999999998,26.77,25,Morningstar US CEF Global Allocation,45,Eaton Vance Management,True,31.4975,-0.44,35.04,2026-08-18T00:00:00,27828U106,Eaton Vance Tax-Advantaged Glbl Div Opp,2026-08-18,XETOX,Hybrid-Global Allocation,15.21,516.185,,Monthly,0.64905,0.17329999999999998,20.0,7.1114,,,2.26,,677.24,True,True,False,False,True,False,,17.82,18.07,9.92,8.9,12.25,6.07,,,21.19,318720,,,,,3.63,,29.21548,-8.88182,-0.97,0.12,-0.32,2026-08-18T00:00:00,2004-04-30T00:00:00,4/30/2004,1083283200,2026-08-14T00:00:00
138,ETB,-0.08449999999999999,7.44633,8.13325,0.10579999999999999,18.28,3,Morningstar US CEF Covered Call,45,Eaton Vance Management,True,15.61,0.02,17.05,2026-08-18T00:00:00,27828X100,Eaton Vance Tax-Managed Buy-Write Income,2026-08-18,XETBX,Equity-Covered-Call Funds,,458.539,,Monthly,0.01037,0.10579999999999999,20.0,,,,1.12,,500.839,False,True,False,False,True,False,,14.57,13.31,10.0,7.55,8.43,6.28,,,15.87,526110,,,,,,,15.19981,-7.17171,-1.31,-0.24,-0.72,2026-08-18T00:00:00,2005-04-27T00:00:00,4/27/2005,1114560000,2026-08-14T00:00:00
139,ETV,-0.061,7.41968,7.90186,0.0993,15.77,3,Morningstar US CEF Covered Call,45,Eaton Vance Management,True,15.08,-0.02,16.06,2026-08-18T00:00:00,27828Y108,Eaton Vance Tax-Managed Buy-Write Opp,2026-08-18,XETVX,Equity-Covered-Call Funds,,1760.659,,Monthly,0.00105,0.0993,20.0,,,,1.08,,1875.078,False,True,True,False,True,False,,14.55,12.82,8.89,6.75,5.05,7.06,,,15.47,1796660,,,,,,,14.44044,-7.15333,1.03,0.24,0.76,2026-08-18T00:00:00,2005-06-27T00:00:00,6/27/2005,1119830400,2026-08-14T00:00:00
140,ETY,-0.0823,7.48209,8.15342,0.0992,10.21,3,Morningstar US CEF Covered Call,45,Eaton Vance Management,True,14.6,-0.01,15.91,2026-08-18T00:00:00,27828N102,Eaton Vance Tax-Managed Divrs Equity Inc,2026-08-18,XETYX,Equity-Covered-Call Funds,,2325.497,,Monthly,-0.02538,0.0992,20.0,,,,1.06,,2534.154,False,False,False,False,True,False,,16.46,13.8,11.11,8.78,5.11,-1.5899999999999999,,,-0.64,2279750,,,,,,,15.00167,-3.28314,-1.44,-0.79,-1.21,2026-08-18T00:00:00,2006-11-27T00:00:00,11/27/2006,1164585600,2026-08-14T00:00:00
141,EXG,-0.0837,7.33395,8.00406,0.0657,24.9,3,Morningstar US CEF Covered Call,45,Eaton Vance Management,True,9.85,-0.15,10.75,2026-08-18T00:00:00,27829F108,Eaton Vance Tax-Mgd Glb Divrs Equity Inc,2026-08-18,XEXGX,Equity-Covered-Call Funds,,3013.47,,Monthly,0.03165,0.0657,20.0,,,,1.07,,3288.812,False,True,False,False,True,False,,15.26,16.59,9.33,8.45,11.2,7.73,,,21.67,4570080,,,,,,,9.33946,-6.7218800000000005,-1.3,-0.5700000000000001,-0.71,2026-08-18T00:00:00,2007-02-23T00:00:00,2/23/2007,1172188800,2026-08-14T00:00:00
142,ETW,-0.0978,7.35055,8.14724,0.0664,21.94,3,Morningstar US CEF Covered Call,44,Eaton Vance,True,9.78,-0.06,10.84,2026-08-18T00:00:00,27829C105,Eaton Vance Tx-Mgd Glbl Buy-Write Opp,2026-08-18,XETWX,Equity-Covered-Call Funds,,1062.086,,Monthly,0.01102,0.0664,20.0,,,,1.1,,1177.2,False,True,True,False,True,False,,14.12,14.5,8.19,6.17,9.05,8.4,,,19.59,3143100,,,,,,,9.23847,-10.01896,0.27,1.85,0.9500000000000001,2026-08-18T00:00:00,2005-09-28T00:00:00,9/28/2005,1127865600,2026-08-14T00:00:00
143,EARN,0.0683,23.41463,21.91781,0.08,-17.94,19,Morningstar US CEF Senior Loans,46,Ellington Credit Co Management LLC,True,4.38,-0.2,4.18,2026-06-30T00:00:00,288578107,Ellington Credit Company,2026-08-18,EARN,Fixed Income - Taxable-Senior Loans,,167.19,,Monthly,,0.08,5.5,,,,8.65,,156.502,False,False,True,False,True,False,,,-8.49,,-12.9,-10.89,-7.08,,,-9.81,3950720,,,,,,,4.99617,-3.38941,0.87,-0.65,0.36,2026-08-18T00:00:00,2025-04-01T00:00:00,4/1/2025,1743465600,2026-07-31T00:00:00
144,ECF,-0.1185,6.06061,6.875,0.22,23.15,11,Morningstar US CEF Convertibles,60,Gabelli Funds LLC,False,12.8,-0.19,14.52,2026-08-18T00:00:00,289074106,Ellsworth Growth and Income Fund,2026-08-18,XECFX,Fixed Income - Taxable-Convertibles,13.26,174.821,,Quarterly,0.01674,0.22,10.0,2.3543,,,1.22,,228.618,True,True,False,False,False,False,,18.15,19.14,5.15,4.07,12.48,7.9,,,24.87,318520,,,,,52.2,,12.11764,-10.73506,-0.68,0.16,-0.19,2026-08-18T00:00:00,1986-06-20T00:00:00,6/20/1986,519609600,2026-06-15T00:00:00
145,EEA,-0.1421,3.37788,3.93733,0.21989999999999998,16.97,5,Morningstar US CEF Global Equity,40,DWS,False,11.17,-0.04,13.02,2026-08-18T00:00:00,298768102,European Equity Fund,2026-08-18,XEEAX,Equity-Global Equity,0.32,75.126,,Semi-Annually,0.00941,0.21989999999999998,10.0,,,,1.42,,87.569,True,True,False,False,False,False,,11.39,12.43,6.04,7.15,9.95,9.21,,,19.6,294620,,,,,,,10.69912,-13.91518,-0.19,1.12,0.78,2026-08-18T00:00:00,1986-07-23T00:00:00,7/23/1986,522460800,2026-05-26T00:00:00
146,ETX,0.0028000000000000004,5.19314,5.17884,0.07819999999999999,3.12,21,Morningstar US CEF Municipal,45,Eaton Vance Management,False,18.1199,-0.17,18.07,2026-08-18T00:00:00,27829U105,EV Municipal Income 2028 Term Trust,2026-08-18,XETTX,Fixed Income - Municipal-Municipal,3.2800000000000002,197.436,0.17300000000000001,Monthly,0.34061,0.07819999999999999,20.0,4.4384,,,0.89,,203.562,True,False,False,False,False,True,,3.52,6.11,0.76,-0.33,1.13,0.2,,,5.11,178410,2.0,,101.174,,,2.12,18.86803,2.56163,-1.79,-1.57,-1.7000000000000002,2026-08-18T00:00:00,2013-03-26T00:00:00,3/26/2013,1364256000,2026-08-14T00:00:00
147,FMN,-0.08529999999999999,4.45177,4.86706,0.045,8.67,21,Morningstar US CEF Municipal,47,Federated Advisers,False,11.095,-0.09,12.13,2026-08-18T00:00:00,31423P108,Federated Premier Municipal Income,2026-08-18,XFMNX,Fixed Income - Municipal-Municipal,37.68,86.748,,Monthly,0.27121,0.045,15.0,5.0469,,,3.7,,152.191,True,False,True,False,False,False,,3.38,5.91,-1.51,-2.55,0.35000000000000003,2.77,,,10.56,269140,15.72,,103.46340000000001,,14.59,8.69,11.12584,-10.24261,2.0,1.4,1.46,2026-08-18T00:00:00,2002-12-20T00:00:00,12/20/2002,1040342400,2026-07-23T00:00:00
148,FFA,-0.08960000000000001,6.03583,6.6296,0.38749999999999996,22.4,3,Morningstar US CEF Covered Call,49,First Trust Advisors L.P.,True,23.38,-0.16,25.68,2026-08-18T00:00:00,337318109,First Trust Enhanced Equity Income,2026-08-18,XFFAX,Equity-Covered-Call Funds,,467.321,,Quarterly,0.03341,0.38749999999999996,20.0,,,,1.12,,513.294,False,True,False,False,True,False,,17.96,15.03,11.34,9.37,9.69,6.13,,,16.11,262720,,,,,,,21.87881,-8.71869,-0.17,1.87,1.11,2026-08-18T00:00:00,2004-08-26T00:00:00,8/26/2004,1093478400,2026-06-22T00:00:00
149,FTHY,-0.035300000000000005,10.79914,11.19403,0.125,2.64,14,Morningstar US CEF High Yield,49,First Trust Advisors L.P.,True,13.4,-0.02,13.89,2026-08-18T00:00:00,33741Q107,FIRST TRUST HY OPPORTUNITIES 2027 Term,2026-08-18,XFTHYX,Fixed Income - Taxable-High Yield,21.39,492.758,,Monthly,0.42555,0.125,20.0,6.43,,,3.5,,649.777,True,False,True,False,True,True,,6.53,10.37,1.55,2.62,-0.84,3.22,,,3.75,1023000,,,98.6569,,,,13.902660000000001,-4.23308,0.67,-0.12,0.55,2026-08-18T00:00:00,2020-06-25T00:00:00,6/25/2020,1593043200,2026-08-03T00:00:00
150,FPF,-0.04769999999999999,8.84244,9.28531,0.13749999999999998,5.68,18,Morningstar US CEF Preferreds,49,First Trust Advisors L.P.,False,17.77,-0.08,18.66,2026-08-18T00:00:00,33718W103,First Trust Inter Dur Pref & Income Fund,2026-08-18,XFPFX,Fixed Income - Taxable-Preferreds,36.51,1081.266,,Monthly,0.64279,0.13749999999999998,25.0,7.3995,,,4.2,,1788.362,True,False,True,False,False,False,,10.91,13.58,2.22,0.7000000000000001,-0.2,-1.08,,,1.92,1198120,,,101.3111,,5.93,,18.5046,-5.11335,0.25,1.49,0.9400000000000001,2026-08-18T00:00:00,2013-05-23T00:00:00,5/23/2013,1369267200,2026-08-03T00:00:00
151,FMY,-0.0587,6.2701,6.66097,0.065,4.38,15,Morningstar US CEF Investment Grade,49,First Trust Advisors L.P.,False,11.71,0.01,12.44,2026-08-18T00:00:00,33734E103,First Trust Mortgage Income,2026-08-18,XFMYX,Fixed Income - Taxable-Investment Grade,7.11,49.336,,Monthly,0.16028,0.065,20.0,5.027,,,1.4,,52.411,True,False,True,False,False,False,,7.43,7.99,3.62,3.04,0.3,-1.11,,,1.19,63110,,,90.346,,,,11.94308,-6.11228,0.2,1.47,0.8,2026-08-18T00:00:00,2005-05-25T00:00:00,5/25/2005,1116979200,2026-08-03T00:00:00
152,DFP,-0.06570000000000001,6.9937000000000005,7.48555,0.1314,5.73,18,Morningstar US CEF Preferreds,51,Flaherty &amp; Crumrine Inc,False,20.76,-0.09,22.22,2026-08-18T00:00:00,33848W106,Flah & Crum Dynamic Pref & Income Fund,2026-08-18,XDFPX,Fixed Income - Taxable-Preferreds,37.71,426.372,,Monthly,0.77839,0.1314,25.0,7.3869,,,4.3,,732.657,True,False,True,False,False,False,,10.69,12.1,2.64,0.32,1.27,4.35,,,7.8100000000000005,548820,,,102.9091,,7.14,,21.04436,-7.1921,0.44,1.16,0.86,2026-08-18T00:00:00,2013-05-24T00:00:00,5/24/2013,1369353600,2026-07-24T00:00:00
153,FFC,-0.0565,7.15949,7.58791,0.1046,6.09,18,Morningstar US CEF Preferreds,51,Flaherty &amp; Crumrine Inc,False,16.21,-0.01,17.18,2026-08-18T00:00:00,338478100,Flah&Crum Preferred Securities,2026-08-18,XFFCX,Fixed Income - Taxable-Preferreds,37.75,780.964,,Monthly,0.624,0.1046,25.0,7.3168,,,4.1,,1329.696,True,False,True,False,False,False,,11.02,13.4,2.58,0.18,1.44,2.1,,,6.45,1072250,,,102.3775,,7.28,,16.33213,-6.8522,0.91,1.49,1.6600000000000001,2026-08-18T00:00:00,2003-01-31T00:00:00,1/31/2003,1043971200,2026-07-24T00:00:00
154,FLC,-0.09119999999999999,6.81715,7.5009,0.10669999999999999,5.71,18,Morningstar US CEF Preferreds,51,Flaherty &amp; Crumrine Inc,False,16.75,-0.05,18.43,2026-08-18T00:00:00,338479108,Flah&Crum Total Return Fund,2026-08-18,XFLCX,Fixed Income - Taxable-Preferreds,38.08,175.152,,Monthly,0.629,0.10669999999999999,25.0,7.4035,,,4.5600000000000005,,311.219,True,False,False,False,False,False,,10.61,12.43,2.33,-0.07,1.17,-0.53,,,4.93,223320,,,103.068,,7.57,,17.2619,-8.28306,-0.68,1.23,0.0,2026-08-18T00:00:00,2003-08-29T00:00:00,8/29/2003,1062115200,2026-07-24T00:00:00
155,PFD,-0.0843,6.70016,7.31681,0.0703,5.5600000000000005,18,Morningstar US CEF Preferreds,50,Flaherty &amp; Crumrine,False,11.3,-0.05,12.34,2026-08-18T00:00:00,338480106,Flaherty & Crumrine Preferred Income,2026-08-18,XPFDX,Fixed Income - Taxable-Preferreds,36.48,145.234,,Monthly,0.41405000000000003,0.0703,15.0,7.2969,,,4.31,,249.701,True,False,False,False,False,False,,10.34,11.17,2.44,-1.01,1.33,-0.62,,,6.95,273360,,,103.0638,,7.33,,11.65633,-7.39266,-0.93,-0.9,-0.46,2026-08-18T00:00:00,1991-01-31T00:00:00,1/31/1991,665280000,2026-07-24T00:00:00
156,PFO,-0.1033,6.62562,7.3887,0.0567,5.65,18,Morningstar US CEF Preferreds,51,Flaherty &amp; Crumrine Inc,False,9.03,-0.06,10.07,2026-08-18T00:00:00,33848E106,Flaherty & Crumrine Preferred Income Opp,2026-08-18,XPFOX,Fixed Income - Taxable-Preferreds,37.97,118.088,,Monthly,0.34372,0.0567,12.5,7.4124,,,4.62,,212.289,True,False,False,False,False,False,,10.45,12.17,2.32,0.13,1.33,0.8300000000000001,,,5.98,340110,,,102.9109,,7.54,,9.38161,-8.61159,-1.24,-0.93,-0.92,2026-08-18T00:00:00,1992-02-13T00:00:00,2/13/1992,697939200,2026-07-24T00:00:00
157,FXBY,-0.35229999999999995,0.33828,0.5222600000000001,0.13,30.13,10,Morningstar US CEF US Equity,73,Midas Management Corporation,False,24.8916,1.3900000000000001,38.43,2026-08-18T00:00:00,351645205,FOXBY CORP,2026-08-18,,Equity-U.S. Equity,13.28,12.986,,Annually,-0.20582,0.13,10.0,,,,2.98,,23.121,True,True,False,False,False,False,,22.59,26.16,14.31,15.54,14.94,-1.5899999999999999,,,33.4,2600,,,,,,,21.79197,-35.03681,-0.04,2.09,0.13,2026-08-18T00:00:00,1999-10-29T00:00:00,10/29/1999,941155200,2025-12-15T00:00:00
158,FTF,-0.08410000000000001,11.60377,12.66953,0.0615,3.65,16,Morningstar US CEF Limited Duration,53,"Franklin Advisers, Inc.",True,5.825,-0.01,6.36,2026-08-18T00:00:00,35472T101,Franklin Limited Duration Income Trust,2026-08-18,XFTFX,Fixed Income - Taxable-Limited Duration,28.79,235.361,,Monthly,0.28578,0.0615,15.0,6.726,,,3.66,,360.868,True,False,False,False,True,False,,6.85,8.89,3.38,2.59,1.72,-0.18,,,0.76,1908890,,,99.3848,,5.86,,6.05004,-7.85731,-0.4,0.93,0.31,2026-08-18T00:00:00,2003-08-27T00:00:00,8/27/2003,1061942400,2026-07-24T00:00:00
159,PMM,-0.0352,6.05505,6.27575,0.033,9.28,21,Morningstar US CEF Municipal,53,"Franklin Advisers, Inc.",False,6.31,-0.02,6.54,2026-08-18T00:00:00,746823103,Franklin Managed Municipal Income,2026-08-18,XPMMX,Fixed Income - Municipal-Municipal,29.65,270.279,,Monthly,0.15044,0.033,10.0,5.0401,10.8587,16.48,1.06,,398.181,True,True,True,True,False,False,,4.86,6.27,-0.34,-1.25,1.17,2.73,,,13.12,1017180,,,96.8971,,12.95,9.22,6.2114,-6.8454,2.05,0.9400000000000001,1.45,2026-08-18T00:00:00,1989-02-24T00:00:00,2/24/1989,604281600,2026-07-24T00:00:00
160,PIM,-0.0565,7.85714,8.32808,0.022,4.5600000000000005,15,Morningstar US CEF Investment Grade,53,"Franklin Advisers, Inc.",False,3.17,-0.01,3.36,2026-08-18T00:00:00,746909100,Franklin Master Intermediate Income,2026-08-18,XPIMX,Fixed Income - Taxable-Investment Grade,36.79,152.744,,Monthly,0.07573,0.022,10.0,5.6026,,5.83,1.02,,256.122,True,False,False,False,False,False,,7.07,7.12,3.22,2.24,1.29,-1.99,,,1.58,982520,,,92.1737,,,,3.27567,-4.57831,-0.62,0.89,0.11,2026-08-18T00:00:00,1988-04-29T00:00:00,4/29/1988,578275200,2026-07-24T00:00:00
161,PMO,-0.0552,5.64706,5.97701,0.052,8.54,21,Morningstar US CEF Municipal,53,"Franklin Advisers, Inc.",False,10.44,-0.07,11.05,2026-08-18T00:00:00,746922103,Franklin Municipal Opportunities,2026-08-18,XPMOX,Fixed Income - Municipal-Municipal,34.57,286.05,,Monthly,0.22914,0.052,15.0,4.9501,20.9965,15.63,1.04,,462.728,True,True,True,True,False,False,,3.89,4.34,-0.54,-2.21,0.25,-1.6,,,9.84,657390,,,98.8969,,12.91,9.16,10.43282,-7.65193,2.08,1.69,1.96,2026-08-18T00:00:00,1993-05-28T00:00:00,5/28/1993,738547200,2026-07-24T00:00:00
162,PPT,-0.0599,8.50136,9.04348,0.026,4.36,13,Morningstar US CEF Global Income,53,"Franklin Advisers, Inc.",False,3.45,0.0,3.67,2026-08-18T00:00:00,746853100,Franklin Premier Income,2026-08-18,XPPTX,Fixed Income - Taxable-Global Income,30.06,329.708,,Monthly,0.08203,0.026,10.0,5.5877,,5.67,0.9400000000000001,,501.482,True,False,False,False,False,False,,6.97,6.51,2.52,2.18,1.13,0.88,,,1.13,1631060,,,92.1574,,,,3.55757,-5.45914,-0.38,1.78,0.31,2026-08-18T00:00:00,1988-02-29T00:00:00,2/29/1988,573091200,2026-07-24T00:00:00
163,FT,-0.0953,5.85534,6.47208,0.042499999999999996,8.91,26,Morningstar US CEF US Allocation,53,"Franklin Advisers, Inc.",False,7.88,0.01,8.71,2026-08-18T00:00:00,355145103,Franklin Universal Trust,2026-08-18,XFUTX,Hybrid-U.S. Allocation,21.51,198.039,,Monthly,0.1812,0.042499999999999996,10.0,7.2423,,,2.99,,278.899,True,False,False,False,False,False,,11.08,11.71,6.27,6.06,4.63,2.7199999999999998,,,7.91,437730,,,88.5569,,4.99,,8.03833,-7.9820400000000005,-1.42,-1.0,-1.13,2026-08-18T00:00:00,1988-09-23T00:00:00,9/23/1988,590976000,2026-07-24T00:00:00
164,FSCO,-0.2817,9.94142,13.84078,0.059399999999999994,8.26,17,Morningstar US CEF Multi-Sector,56,FS Global Advisor LLC,True,5.15,0.05,7.17,2026-08-18T00:00:00,30290Y101,FS Credit Opportunities Corp.,2026-08-18,XFSCX,Fixed Income - Taxable-Multi-Sector,32.43,1021.533,,Monthly,0.31386000000000003,0.059399999999999994,,,,,7.0,,2104.763,True,False,False,False,True,False,,13.03,12.22,,,6.68,-14.78,,,-24.16,14676720,,,,,,,5.79287,-18.85339,-0.85,1.52,0.3,2026-08-18T00:00:00,2022-11-14T00:00:00,11/14/2022,1668384000,2026-07-24T00:00:00
165,FSSL,-0.3624,9.9556,15.61358,0.1495,,19,Morningstar US CEF Senior Loans,57,FS Specialty Lending Advisor LLC,True,11.49,-0.06,18.02,2026-08-18T00:00:00,644323107,FS Specialty Lending Fund,2026-08-18,FSSL,Fixed Income - Taxable-Senior Loans,,872.295,,Monthly,,0.1495,14.12,,,,6.14,,1368.038,False,True,True,False,True,False,,,,,,3.96,-14.67,,,,0,,,92.6454,,,,,,,0.52,-0.52,2026-08-18T00:00:00,2025-11-13T00:00:00,11/13/2025,1762992000,2026-07-24T00:00:00
166,VCX,5.903,,,,66.4,8,Morningstar US CEF Sector Equity,58,"Fundrise Advisors, LLC",False,41.25,0.0,18.97,2026-03-31T00:00:00,360852107,Fundrise Innovation Common Share,2026-08-18,XVCX,Equity-Sector Equity,,,,,,,,,,,0.0,,,False,True,True,False,False,False,,23.59,,,,,,,,,0,,,98.7494,,,,,,,,,2026-08-18T00:00:00,2022-07-25T00:00:00,7/25/2022,1658707200,
167,GCV,-0.006500000000000001,10.32258,10.38961,0.12,21.37,26,Morningstar US CEF US Allocation,59,Gabelli,True,4.62,-0.1,4.65,2026-08-18T00:00:00,36240B109,Gabelli Conv Inc Secs,2026-08-18,XGCVX,Hybrid-U.S. Allocation,6.09,93.081,,Quarterly,-0.0030600000000000002,0.12,11.25,2.2444,,,2.07,,99.761,True,True,True,False,True,False,,13.99,14.83,2.86,4.36,12.28,14.69,,,28.27,642270,,,,,,,4.38519,-1.4025400000000001,0.27,0.1,-0.18,2026-08-18T00:00:00,1995-03-31T00:00:00,3/31/1995,796608000,2026-06-15T00:00:00
168,GDV,-0.1076,5.2755,5.9113299999999995,0.15,20.54,10,Morningstar US CEF US Equity,60,Gabelli Funds LLC,True,30.45,-0.18,34.12,2026-08-18T00:00:00,36242H104,Gabelli Dividend & Income,2026-08-18,XGDVX,Equity-U.S. Equity,13.87,2684.699,,Monthly,0.03689,0.15,20.0,,,,1.83,,3492.708,True,True,False,False,True,False,,15.31,18.02,8.51,9.07,12.35,11.13,,,20.25,1059270,,,,,0.19,,28.19255,-10.73872,-0.03,0.32,-0.15,2026-08-18T00:00:00,2003-11-28T00:00:00,11/28/2003,1069977600,2026-08-17T00:00:00
169,GAB,-0.0467,10.01669,10.50788,0.15,20.61,10,Morningstar US CEF US Equity,59,Gabelli,True,5.71,-0.04,5.99,2026-08-18T00:00:00,362397101,Gabelli Equity,2026-08-18,XGABX,Equity-U.S. Equity,14.49,1954.626,,Quarterly,-0.0032400000000000003,0.15,10.0,,,,1.6099999999999999,,2397.929,True,False,False,False,True,False,,15.15,11.79,9.3,7.84,12.34,-2.5700000000000003,,,8.75,7625040,,,,,0.37,0.31,5.88107,1.87671,-1.09,-0.06,-0.49,2026-08-18T00:00:00,1986-08-21T00:00:00,8/21/1986,524966400,2026-06-15T00:00:00
170,GGZ,-0.0909,4.51856,4.97041,0.21,20.47,5,Morningstar US CEF Global Equity,59,Gabelli,False,16.9,-0.04,18.59,2026-08-18T00:00:00,36249W104,Gabelli Global Small & Mid Cap Value Tru,2026-08-18,XGGZX,Equity-Global Equity,21.82,130.259,,Quarterly,-0.02634,0.21,12.0,,,,2.31,,183.285,True,True,True,False,False,False,,12.62,15.57,5.02,6.13,12.69,10.59,,,25.24,90680,,,,,0.24,0.18,15.28843,-11.56502,1.53,2.17,1.34,2026-08-18T00:00:00,2014-06-23T00:00:00,6/23/2014,1403481600,2026-06-15T00:00:00
171,GLU,-0.0302,6.53789,6.74157,0.11,22.22,8,Morningstar US CEF Sector Equity,60,Gabelli Funds LLC,True,19.58,-0.04,20.19,2026-08-18T00:00:00,36242L105,Gabelli Global Utility & Income,2026-08-18,XGLUX,Equity-Sector Equity,17.66,117.234,,Monthly,0.0712,0.11,20.0,,,,1.35,,146.811,True,True,False,False,True,False,,16.51,17.78,6.54,4.99,13.35,2.8200000000000003,,,17.04,97080,,,,,0.14,0.11,19.17102,-0.6947700000000001,-0.7000000000000001,1.54,-0.11,2026-08-18T00:00:00,2004-05-25T00:00:00,5/25/2004,1085443200,2026-08-17T00:00:00
172,GRX,-0.11349999999999999,6.07685,6.85484,0.16999999999999998,15.05,8,Morningstar US CEF Sector Equity,59,Gabelli,False,9.92,0.04,11.19,2026-08-18T00:00:00,36246K103,Gabelli Healthcare & Wellness Trust,2026-08-18,XXGRX,Equity-Sector Equity,29.57,149.303,,Quarterly,-0.0454,0.16999999999999998,8.0,,,,3.17,,239.137,True,True,False,False,False,False,,2.12,6.15,-1.25,0.18,6.51,4.88,,,13.1,295150,,,,,0.22,0.15,9.40345,-10.16054,-1.37,-1.54,-1.72,2026-08-18T00:00:00,2007-06-19T00:00:00,6/19/2007,1182211200,2026-06-15T00:00:00
173,GGT,0.11349999999999999,22.7027,20.38835,0.08,25.63,8,Morningstar US CEF Sector Equity,59,Gabelli,False,4.12,-0.01,3.7,2026-08-18T00:00:00,36239Q109,Gabelli Multimedia,2026-08-18,XGGTX,Equity-Sector Equity,32.84,158.117,,Monthly,-0.01985,0.08,7.5,,,,2.13,,211.423,True,False,True,False,False,False,,17.95,4.79,1.46,-0.06,10.21,10.4,,,20.89,2477460,,,,,0.27,,4.16006,9.9575,0.5700000000000001,0.17,0.36,2026-08-18T00:00:00,1994-11-15T00:00:00,11/15/1994,784857600,2026-08-17T00:00:00
174,GUT,1.1148,19.67213,9.30233,0.049999999999999996,17.69,8,Morningstar US CEF Sector Equity,59,Gabelli,False,6.45,0.09,3.05,2026-08-18T00:00:00,36240A101,Gabelli Utility Trust,2026-08-18,XGUTX,Equity-Sector Equity,14.79,576.538,,Monthly,0.025500000000000002,0.049999999999999996,7.5,,,,1.52,,319.951,True,True,True,False,False,False,,14.81,9.17,8.51,6.32,11.88,11.76,,,16.96,2011960,,,,,0.19,0.17,6.14295,94.17375,1.9,0.79,1.29,2026-08-18T00:00:00,1999-07-09T00:00:00,7/9/1999,931478400,2026-08-17T00:00:00
175,GGN,-0.0852,6.13288,6.7039100000000005,0.034999999999999996,28.89,8,Morningstar US CEF Sector Equity,59,Gabelli,True,5.37,-0.03,5.87,2026-08-18T00:00:00,36465A109,GAMCO Global Gold Natural Resources&Inc,2026-08-18,XGGNX,Equity-Sector Equity,7.75,838.927,,Monthly,0.03338,0.034999999999999996,20.0,6.2544,,,1.29,,994.089,True,True,False,False,True,False,,19.59,18.17,15.73,13.96,1.6600000000000001,-1.17,,,18.39,6005920,,,,,0.58,0.53,5.14711,-6.1301,-0.72,0.53,0.03,2026-08-18T00:00:00,2005-03-29T00:00:00,3/29/2005,1112054400,2026-08-17T00:00:00
176,GNT,0.0174,8.35267,8.20981,0.06,25.12,3,Morningstar US CEF Covered Call,60,Gabelli Funds LLC,False,8.77,-0.1,8.62,2026-08-18T00:00:00,36465E101,"GAMCO Natural Resources, Gold & Inc Tr",2026-08-18,XGNTX,Equity-Covered-Call Funds,17.07,141.951,,Monthly,0.01129,0.06,20.0,6.2672,,,1.9500000000000002,,168.247,True,True,True,False,False,False,,16.37,24.37,12.53,15.95,1.83,14.07,,,39.64,976860,,,,,0.89,0.74,7.88754,-4.81522,1.46,0.26,0.88,2026-08-18T00:00:00,2011-01-27T00:00:00,1/27/2011,1296086400,2026-08-17T00:00:00
177,GDL,-0.21600000000000003,4.46927,5.70071,0.12,6.29,26,Morningstar US CEF US Allocation,60,Gabelli Funds LLC,True,8.42,0.0,10.74,2026-08-18T00:00:00,361570104,GDL Fund,2026-08-18,XGDLX,Hybrid-U.S. Allocation,10.06,92.28,,Quarterly,-0.042820000000000004,0.12,20.0,,,,3.27,,130.876,True,False,False,False,True,False,,6.3,8.03,4.71,4.46,4.6,3.22,,,6.57,99490,,,,,0.19,0.17,8.46565,-20.53493,-1.3,-1.09,-1.09,2026-08-18T00:00:00,2007-01-25T00:00:00,1/25/2007,1169683200,2026-06-15T00:00:00
178,GAM,-0.10460000000000001,8.50724,9.50119,6.4,24.1,10,Morningstar US CEF US Equity,61,General American Investors Co Inc,False,67.36,-0.35000000000000003,75.23,2026-08-18T00:00:00,368802104,General American Investors,2026-08-18,XGAMX,Equity-U.S. Equity,9.58,1605.331,,Annually,0.00036,6.4,10.0,,,,1.07,,1982.929,True,True,True,False,False,False,,20.84,25.65,14.06,16.72,11.87,10.68,,,26.49,247970,,,,,0.03,,61.8835,-10.65135,0.24,1.48,0.51,2026-08-18T00:00:00,1927-02-01T00:00:00,2/1/1927,-1354320000,2025-11-17T00:00:00
179,GUG,-0.0891,8.68373,9.54454,0.11875,6.82,25,Morningstar US CEF Global Allocation,62,Guggenheim Funds Investment Advisors LLC,False,14.93,-0.14,16.39,2026-08-18T00:00:00,40170T106,Guggenheim Active Allocation Fund,2026-08-18,XGUGX,Hybrid-Global Allocation,24.59,492.393,,Monthly,0.54925,0.11875,20.0,,,,3.19,,716.839,True,False,False,False,False,False,,9.08,13.0,,,2.07,6.19,,,10.22,795420,,,96.7884,,,,15.6827,-5.96549,-1.53,-2.6,-2.71,2026-08-18T00:00:00,2021-11-23T00:00:00,11/23/2021,1637625600,2026-08-14T00:00:00
180,GOF,-0.0155,21.19496,21.52906,0.18209999999999998,10.31,17,Morningstar US CEF Multi-Sector,62,Guggenheim Funds Investment Advisors LLC,False,10.15,-0.15,10.31,2026-08-18T00:00:00,40167F101,Guggenheim Strategic Opp Fund,2026-08-18,XGOFX,Fixed Income - Taxable-Multi-Sector,21.11,2267.995,,Monthly,0.39406,0.18209999999999998,20.0,5.8051,,,1.9700000000000002,,2920.023,True,False,False,False,False,False,,13.82,2.1,7.89,0.76,2.92,-8.46,,,-15.11,14662200,,,96.9181,,,,12.2551,10.07124,-1.21,-2.58,-2.14,2026-08-18T00:00:00,2007-07-26T00:00:00,7/26/2007,1185408000,2026-08-14T00:00:00
181,GBAB,-0.0136,10.76916,10.91722,0.12572999999999998,4.48,20,Morningstar US CEF Taxable Muni,62,Guggenheim Funds Investment Advisors LLC,False,13.82,-0.1,14.01,2026-08-18T00:00:00,401664107,Guggenheim Tax Muni & Inv Grade Debt Tr,2026-08-18,XGBAX,Fixed Income - Taxable-Taxable Muni,29.21,382.806,,Monthly,0.46633,0.12572999999999998,20.0,5.7866,,,2.83,,548.218,True,False,False,False,False,False,,6.35,3.68,-0.99,-2.37,-0.05,-1.79,,,1.23,865040,12.76,,96.3771,,5.22,,14.84718,0.25022,-0.8,0.7000000000000001,-0.13,2026-08-18T00:00:00,2010-10-26T00:00:00,10/26/2010,1288051200,2026-08-14T00:00:00
182,HERZ,-0.1563,10.81081,12.814070000000001,0.16999999999999998,-0.61,10,Morningstar US CEF US Equity,104,Thomas J Herzfeld Advisors Inc,False,15.92,-0.66,19.21,2026-06-30T00:00:00,42804T205,Herzfeld Credit Income Fund,2026-08-18,HERZ,Equity-U.S. Equity,,310.18,,Monthly,0.01776,0.16999999999999998,5.2,,,,3.5700000000000003,,367.657,False,False,False,False,False,False,,6.86,12.28,4.53,6.17,-7.88,-24.33,,,-5.18,107200,,,,,,,19.98966,-11.33943,-0.97,-0.79,-0.54,2026-08-18T00:00:00,1994-05-20T00:00:00,5/20/1994,769392000,2026-08-17T00:00:00
183,PCF,-0.1594,10.85465,12.9128,0.057999999999999996,-1.12,11,Morningstar US CEF Convertibles,22,Bulldog Investors LLP,False,5.39,-0.11,6.47,2026-08-14T00:00:00,42968F108,High Income Securities,2026-08-18,XPCFX,Fixed Income - Taxable-Convertibles,1.06,100.882,,Monthly,0.16873,0.057999999999999996,7.5,5.0759,,21.21,1.65,,120.01,True,False,False,False,False,False,,6.55,5.38,5.13,0.33,-4.8100000000000005,-7.8100000000000005,,,-6.39,758830,,,,,,,5.91008,-12.35232,-1.78,-1.35,-1.48,2026-08-18T00:00:00,1987-07-09T00:00:00,7/9/1987,552787200,2026-08-18T00:00:00
184,HGLB,-0.3586,8.68825,13.545819999999999,0.08499999999999999,4.44,25,Morningstar US CEF Global Allocation,78,"NexPoint Asset Management, L.P.",False,7.53,-0.04,11.74,2026-08-18T00:00:00,43010T104,Highland Global Allocation Fund,2026-08-18,XHGLX,Hybrid-Global Allocation,2.79,177.636,,Monthly,0.20544,0.08499999999999999,15.0,9.7875,,,1.35,,276.952,True,False,False,False,False,False,,9.1,7.61,9.64,8.46,0.91,-12.46,,,0.93,773550,,,,,0.31,,8.62672,-29.922530000000002,-1.5,-0.13,-0.92,2026-08-18T00:00:00,1998-01-05T00:00:00,1/5/1998,883958400,2026-07-24T00:00:00
185,HFRO,-0.39770000000000005,3.87584,6.43454,0.0385,8.04,19,Morningstar US CEF Senior Loans,78,"NexPoint Asset Management, L.P.",True,7.18,-0.01,11.92,2026-08-18T00:00:00,43010E404,Highland Opportunities and Income Ord,2026-08-18,XHFOX,Fixed Income - Taxable-Senior Loans,17.47,397.688,,Monthly,-0.1412,0.0385,15.0,8.1017,,,2.18,,799.984,True,True,True,False,True,False,,-0.6,4.02,2.22,2.25,6.03,31.13,,,52.25,1409370,,,,,,,6.42062,-44.55321,1.28,-0.01,0.79,2026-08-18T00:00:00,2000-01-13T00:00:00,1/13/2000,947721600,2026-07-24T00:00:00
186,VKI,0.028900000000000002,7.74596,7.52862,0.0559,9.5,21,Morningstar US CEF Municipal,65,"Invesco Advisers, Inc",False,8.91,-0.05,8.66,2026-08-18T00:00:00,46132E103,Invesco Adv Muni Inc II,2026-08-18,XVKIX,Fixed Income - Municipal-Municipal,37.51,395.714,-0.002,Monthly,0.21381,0.0559,15.0,5.368,,20.38,3.33,,615.436,True,False,True,False,False,False,,2.96,8.79,-1.34,-0.38,1.21,2.17,,,17.16,1314040,16.2,,98.6597,,10.07,8.59,8.94861,-0.29227000000000003,1.15,0.3,0.64,2026-08-18T00:00:00,1993-08-27T00:00:00,8/27/1993,746409600,2026-08-17T00:00:00
187,VBF,-0.0793,5.02519,5.45828,0.0665,2.54,15,Morningstar US CEF Investment Grade,65,"Invesco Advisers, Inc",False,14.62,-0.01,15.88,2026-08-18T00:00:00,46132L107,Invesco Bond,2026-08-18,XVBFX,Fixed Income - Taxable-Investment Grade,,167.035,0.001,Monthly,0.40588,0.0665,20.0,5.6461,,16.17,0.5700000000000001,,181.43,False,False,False,False,False,False,,4.95,4.8100000000000005,-0.52,-1.62,-0.89,-1.87,,,0.49,496490,,,98.7664,,,,15.27625,-6.84005,-1.23,-0.91,-0.98,2026-08-18T00:00:00,1970-10-28T00:00:00,10/28/1970,25920000,2026-08-17T00:00:00
188,VCV,0.0729,7.84615,7.31321,0.06459999999999999,10.15,22,Morningstar US CEF Municipal-CA,65,"Invesco Advisers, Inc",False,10.6,0.0,9.88,2026-08-18T00:00:00,46132H106,Invesco CA Value,2026-08-18,XVCVX,Fixed Income - Municipal-Municipal - CA,39.59,514.195,-0.039,Monthly,0.22155,0.06459999999999999,15.0,5.1617,,20.76,3.35,,793.364,True,False,True,False,False,False,,2.71,9.41,-1.21,-0.18,0.55,-1.0,,,13.57,1003940,15.02,,96.7686,,11.56,8.53,10.76817,4.8924900000000004,1.21,2.33,1.8,2026-08-18T00:00:00,1993-04-30T00:00:00,4/30/1993,736128000,2026-08-17T00:00:00
189,VLT,-0.0629,10.07505,10.75075,0.0895,5.39,14,Morningstar US CEF High Yield,65,"Invesco Advisers, Inc",False,9.99,-0.02,10.66,2026-08-18T00:00:00,46131F101,Invesco High Income II,2026-08-18,XVLTX,Fixed Income - Taxable-High Yield,30.56,65.047,-0.029,Monthly,0.36908,0.0895,60.0,6.9213000000000005,,7.07,3.41,,99.96,True,False,False,False,False,False,,7.76,9.17,2.95,2.27,1.13,-5.15,,,-0.08,173540,,,100.2747,,,,10.77282,-2.32829,-1.67,-1.5899999999999999,-1.3900000000000001,2026-08-18T00:00:00,1989-04-28T00:00:00,4/28/1989,609724800,2026-08-17T00:00:00
190,VMO,0.0031,7.75595,7.73196,0.0625,9.55,21,Morningstar US CEF Municipal,65,"Invesco Advisers, Inc",False,9.7,-0.04,9.67,2026-08-18T00:00:00,46132C107,Invesco Muni Opp,2026-08-18,XVMOX,Fixed Income - Municipal-Municipal,37.04,654.175,-0.012,Monthly,0.23512,0.0625,15.0,5.3332,,20.82,3.26,,1035.754,True,True,True,False,False,False,,2.89,7.5600000000000005,-1.46,-0.71,1.1400000000000001,5.54,,,14.94,2471550,16.2,,98.5172,,11.67,8.79,9.67119,-3.53315,2.38,2.19,2.54,2026-08-18T00:00:00,1992-04-24T00:00:00,4/24/1992,704073600,2026-08-17T00:00:00
191,VKQ,0.0051,7.76107,7.72131,0.0628,9.31,21,Morningstar US CEF Municipal,65,"Invesco Advisers, Inc",False,9.76,-0.02,9.71,2026-08-18T00:00:00,46131J103,Invesco Municipal,2026-08-18,XVKQX,Fixed Income - Municipal-Municipal,38.2,540.075,-0.006,Monthly,0.23747000000000001,0.0628,15.0,5.4148,,20.81,3.24,,869.457,True,True,True,False,False,False,,2.95,7.97,-1.4100000000000001,-0.72,1.05,5.99,,,17.05,2005360,15.17,,98.9207,,11.78,8.76,9.6945,-3.7998000000000003,2.34,1.72,2.16,2026-08-18T00:00:00,1991-09-27T00:00:00,9/27/1991,685929600,2026-08-17T00:00:00
192,OIA,0.0,5.7719000000000005,5.7719000000000005,0.029099999999999997,10.74,21,Morningstar US CEF Municipal,65,"Invesco Advisers, Inc",False,6.05,-0.03,6.05,2026-08-18T00:00:00,46132X101,Invesco Municipal Inc Opp I,2026-08-18,XOIAX,Fixed Income - Municipal-Municipal,30.97,289.666,0.019,Monthly,0.16802,0.029099999999999997,10.0,6.912,,22.32,2.45,,419.651,True,False,True,False,False,False,,4.44,3.86,-0.15,-1.18,2.17,3.54,,,14.27,1304410,27.9,,89.0277,,,,6.08348,-1.25799,0.79,1.02,0.56,2026-08-18T00:00:00,1988-09-19T00:00:00,9/19/1988,590630400,2026-08-17T00:00:00
193,VPV,0.06509999999999999,7.65933,7.19137,0.0667,8.27,24,Morningstar US CEF Municipal-Single State,65,"Invesco Advisers, Inc",False,11.13,-0.04,10.45,2026-08-18T00:00:00,46132K109,Invesco PA Value,2026-08-18,XVPVX,Fixed Income - Municipal-Municipal - Single-State,36.93,198.917,0.126,Monthly,0.24298,0.0667,15.0,5.2631,,19.01,3.1,,296.141,True,True,True,False,False,False,,2.87,9.89,-1.23,1.3,0.86,8.02,,,16.79,327690,25.52,,97.1621,,12.02,8.1,10.69052,-1.25594,2.26,2.4,1.9300000000000002,2026-08-18T00:00:00,1993-04-30T00:00:00,4/30/1993,736128000,2026-08-17T00:00:00
194,IQI,0.029699999999999997,7.74233,7.51936,0.0631,8.94,21,Morningstar US CEF Municipal,65,"Invesco Advisers, Inc",False,10.07,-0.05,9.78,2026-08-18T00:00:00,46133G107,Invesco Quality Municipal Income Trust,2026-08-18,XIQIX,Fixed Income - Municipal-Municipal,34.8,532.54,0.026000000000000002,Monthly,0.24185,0.0631,15.0,5.4925,,19.06,2.91,,793.274,True,True,True,False,False,False,,2.99,8.3,-1.42,-0.77,0.96,3.54,,,14.62,1499490,14.95,,96.2303,,10.79,8.54,9.94149,-2.08027,3.04,2.03,2.41,2026-08-18T00:00:00,1992-09-29T00:00:00,9/29/1992,717724800,2026-08-17T00:00:00
195,VVR,-0.12279999999999999,10.41916,11.87713,0.028999999999999998,1.11,19,Morningstar US CEF Senior Loans,65,"Invesco Advisers, Inc",False,2.93,0.0,3.34,2026-08-18T00:00:00,46131H107,Invesco Senior Income,2026-08-18,XVVRX,Fixed Income - Taxable-Senior Loans,35.52,451.0,-0.044000000000000004,Monthly,0.16899,0.028999999999999998,10.0,,,3.9,4.89,,797.316,True,False,False,False,False,False,,5.76,3.84,5.22,4.78,0.29,-1.94,,,-9.81,9972070,,,,,,,3.2033,-9.18398,-1.35,-1.6,-1.35,2026-08-18T00:00:00,1998-06-24T00:00:00,6/24/1998,898646400,2026-08-17T00:00:00
196,VGM,0.028900000000000002,7.73653,7.51891,0.06459999999999999,9.47,21,Morningstar US CEF Municipal,65,"Invesco Advisers, Inc",False,10.31,-0.06,10.02,2026-08-18T00:00:00,46131M106,Invesco Tr Inv Gr Muni,2026-08-18,XVGMX,Fixed Income - Municipal-Municipal,36.93,559.132,-0.018000000000000002,Monthly,0.24485,0.06459999999999999,15.0,5.4347,,21.2,3.11,,861.627,True,True,True,False,False,False,,2.9699999999999998,8.14,-1.43,-0.59,1.1400000000000001,1.74,,,15.16,1813610,17.6,,99.0535,,11.28,8.73,10.22345,-1.5538500000000002,2.19,1.6099999999999999,2.0,2026-08-18T00:00:00,1992-01-24T00:00:00,1/24/1992,696211200,2026-08-17T00:00:00
197,VTN,0.048,7.88868,7.52747,0.06849999999999999,9.82,23,Morningstar US CEF Municipal-NY,65,"Invesco Advisers, Inc",False,10.92,-0.07,10.42,2026-08-18T00:00:00,46131T101,Invesco Tr Inv Gr NY,2026-08-18,XVTNX,Fixed Income - Municipal-Municipal - NY,33.34,159.906,0.01,Monthly,0.25475000000000003,0.06849999999999999,15.0,5.1011,,23.11,2.69,,228.886,True,False,True,False,False,False,,2.16,8.75,-1.45,0.5700000000000001,0.96,-1.42,,,13.24,328280,24.6,,93.0401,,12.76,9.89,11.18625,2.94016,0.65,0.66,0.81,2026-08-18T00:00:00,1992-03-27T00:00:00,3/27/1992,701654400,2026-08-17T00:00:00
198,IIM,0.051,7.74226,7.36624,0.0771,8.35,21,Morningstar US CEF Municipal,65,"Invesco Advisers, Inc",False,12.56,-0.09,11.95,2026-08-18T00:00:00,46132P108,Invesco Value Muni Income,2026-08-18,XIIMX,Fixed Income - Municipal-Municipal,34.98,591.39,-0.011000000000000001,Monthly,0.29788000000000003,0.0771,15.0,5.5595,,18.65,2.93,,865.39,True,True,True,False,False,False,,2.95,8.39,-1.21,0.05,1.01,5.98,,,18.18,1229070,16.2,,96.5231,,10.35,8.18,12.45002,0.39238,2.17,1.54,1.54,2026-08-18T00:00:00,1993-02-26T00:00:00,2/26/1993,730684800,2026-08-17T00:00:00
199,JOF,-0.125,8.10169,9.25908,0.09559999999999999,30.55,1,Morningstar US CEF Asia Equity,79,Nomura Asset Management Co Ltd,False,12.39,-0.13,14.16,2026-08-18T00:00:00,47109U104,Japan Smaller Cap Fund,2026-08-18,XXJOFXX,Equity-Asia Equity,0.0,315.951,,Monthly,0.03946,0.09559999999999999,12.0,,,,2.09,,361.087,True,True,False,False,False,False,,20.43,22.23,10.07,10.75,15.24,8.09,,,29.03,757380,,,,,,,11.14678,-10.61894,-1.23,-1.03,-0.75,2026-08-18T00:00:00,1990-03-21T00:00:00,3/21/1990,637977600,2026-08-14T00:00:00
200,BTO,-0.0449,6.05496,6.33992,0.65,33.12,8,Morningstar US CEF Sector Equity,67,John Hancock Investment Management LLC,True,41.01,-0.01,42.94,2026-08-18T00:00:00,409735206,JHancock Financial Opportunities,2026-08-18,XBTOX,Equity-Sector Equity,13.25,812.686,0.0,Quarterly,0.21649000000000002,0.65,20.0,4.6156,,,2.42,,980.932,True,True,False,False,True,False,,23.44,18.16,11.6,8.86,21.02,19.1,,,23.41,460920,,,,,38.99,,36.65898,-1.91324,-1.09,-0.86,-0.96,2026-08-18T00:00:00,1994-08-18T00:00:00,8/18/1994,777168000,2026-06-11T00:00:00
201,JHS,-0.08929999999999999,5.12521,5.62786,0.1535,2.8,15,Morningstar US CEF Investment Grade,67,John Hancock Investment Management LLC,False,10.91,-0.05,11.98,2026-08-18T00:00:00,410123103,JHancock Income Secs,2026-08-18,XJHSX,Fixed Income - Taxable-Investment Grade,39.55,127.064,0.0,Quarterly,0.29069,0.1535,15.3,5.4277,,,4.41,,230.826,True,False,False,False,False,False,,4.91,4.8,-1.46,-2.39,-1.23,-4.17,,,1.77,147570,,,99.5864,,7.02,4.3,11.37451,-7.52097,-0.9,0.25,-0.03,2026-08-18T00:00:00,1973-02-14T00:00:00,2/14/1973,98496000,2026-06-11T00:00:00
202,JHI,-0.0692,8.22145,8.83271,0.297,5.44,15,Morningstar US CEF Investment Grade,66,John Hancock,False,13.45,0.02,14.45,2026-08-18T00:00:00,410142103,JHancock Investors,2026-08-18,XJHIX,Fixed Income - Taxable-Investment Grade,40.75,117.614,0.0,Quarterly,0.58459,0.297,21.06,6.8662,,,4.59,,213.259,True,False,True,False,False,False,,8.39,9.38,1.99,0.93,1.8900000000000001,0.88,,,3.08,210450,6.53,,98.8489,,6.17,,13.59506,-7.28361,0.26,1.9,1.35,2026-08-18T00:00:00,1971-01-29T00:00:00,1/29/1971,33955200,2026-06-11T00:00:00
203,HPI,0.075,9.92632,9.23364,0.1235,3.68,18,Morningstar US CEF Preferreds,67,John Hancock Investment Management LLC,False,16.05,0.02,14.93,2026-08-18T00:00:00,41013W108,JHancock Preferred Income,2026-08-18,XHPIX,Fixed Income - Taxable-Preferreds,39.13,430.014,0.0,Monthly,0.56391,0.1235,25.0,6.5025,,,4.48,,657.107,True,False,True,False,False,False,,9.47,10.34,2.7,3.1,0.08,3.87,,,9.62,554150,,,97.2482,,91.45,,16.38636,3.48351,1.73,1.79,1.8900000000000001,2026-08-18T00:00:00,2002-08-27T00:00:00,8/27/2002,1030406400,2026-08-13T00:00:00
204,HPF,0.0655,10.01351,9.39759,0.1235,3.84,18,Morningstar US CEF Preferreds,67,John Hancock Investment Management LLC,False,15.77,0.01,14.8,2026-08-18T00:00:00,41013X106,JHancock Preferred Income II,2026-08-18,XHPFX,Fixed Income - Taxable-Preferreds,39.21,341.434,0.0,Monthly,0.5652,0.1235,25.0,6.5737,,,4.51,,527.132,True,False,True,False,False,False,,9.56,9.85,2.86,2.54,0.17,4.19,,,8.49,353340,,,97.2805,,90.07,,16.12745,2.73265,2.47,1.82,1.9,2026-08-18T00:00:00,2002-11-29T00:00:00,11/29/2002,1038528000,2026-08-13T00:00:00
205,HPS,0.056299999999999996,9.90248,9.375,0.11,3.84,18,Morningstar US CEF Preferreds,67,John Hancock Investment Management LLC,False,14.08,-0.11,13.33,2026-08-18T00:00:00,41021P103,JHancock Preferred Income III,2026-08-18,XHPSX,Fixed Income - Taxable-Preferreds,39.01,452.938,0.0,Monthly,0.50751,0.11,25.0,6.5102,,,4.47,,703.111,True,False,True,False,False,False,,9.52,9.37,2.99,2.93,0.23,4.25,,,8.52,586180,,,97.386,,86.67,,14.68893,3.89875,1.07,0.88,1.08,2026-08-18T00:00:00,2003-06-18T00:00:00,6/18/2003,1055894400,2026-08-13T00:00:00
206,PDT,-0.1103,7.44624,8.36967,0.08829999999999999,10.36,18,Morningstar US CEF Preferreds,66,John Hancock,True,12.66,-0.06,14.23,2026-08-18T00:00:00,41013T105,JHancock Premium Dividend Fund,2026-08-18,XPDTX,Fixed Income - Taxable-Preferreds,34.81,622.685,0.0,Monthly,0.34231,0.08829999999999999,12.0,5.9254,,,4.32,,1073.606,True,False,False,False,True,False,,14.25,12.86,7.54,2.98,7.08,6.22,,,4.35,1209380,,,,,76.11,,13.0355,-9.12094,-0.88,-0.25,-0.28,2026-08-18T00:00:00,1989-12-21T00:00:00,12/21/1989,630201600,2026-08-13T00:00:00
207,HTD,-0.0341,7.1736699999999995,7.42656,0.158,9.93,26,Morningstar US CEF US Allocation,67,John Hancock Investment Management LLC,True,25.53,0.07,26.43,2026-08-18T00:00:00,41013V100,JHancock Tax-Advantaged Dividend Inc,2026-08-18,XHTDX,Hybrid-U.S. Allocation,31.36,904.574,0.0,Monthly,0.63149,0.158,20.0,5.9603,,,3.58,,1364.363,True,True,True,False,True,False,,14.54,15.99,8.81,8.37,8.02,13.75,,,14.52,648740,,,,,68.76,,24.90615,-5.95328,1.58,0.65,1.1400000000000001,2026-08-18T00:00:00,2004-02-27T00:00:00,2/27/2004,1077840000,2026-08-13T00:00:00
208,HEQ,-0.0858,7.73395,8.46024,0.25,16.31,5,Morningstar US CEF Global Equity,67,John Hancock Investment Management LLC,True,11.82,0.07,12.93,2026-08-18T00:00:00,47804L102,John Hancock Diversified Income Fund,2026-08-18,XHEQX,Equity-Global Equity,,142.536,,Quarterly,0.27877,0.25,20.0,6.5508,,,1.31,,155.921,False,True,True,False,True,False,,11.64,11.69,8.23,6.57,8.54,10.75,,,19.1,372320,,,98.2848,,,,11.10062,-10.53351,1.3900000000000001,0.7000000000000001,0.76,2026-08-18T00:00:00,2011-05-26T00:00:00,5/26/2011,1306368000,2026-06-11T00:00:00
209,KYN,-0.12369999999999999,6.36417,7.26295,0.09,26.66,6,Morningstar US CEF MLP,69,"KA Fund Advisors, LLC",False,14.870000000000001,0.12,16.97,2026-08-18T00:00:00,486606106,Kayne Anderson Energy Infrastructure,2026-08-18,XKYNX,Equity-MLP,24.86,2514.904,,Monthly,0.31841,0.09,25.0,7.259,,,3.3,,3819.552,True,True,False,False,False,False,,26.03,28.99,21.94,23.21,26.35,23.37,,,26.91,3940350,,,,,15.1,,13.14805,-12.06537,-0.19,0.58,0.65,2026-08-18T00:00:00,2004-09-28T00:00:00,9/28/2004,1096329600,2026-08-14T00:00:00
210,KIO,-0.0732,12.26241,13.23049,0.1215,3.39,14,Morningstar US CEF High Yield,70,Kohlberg Kravis Roberts &amp; Co.,False,11.02,-0.06,11.89,2026-08-18T00:00:00,48249T106,KKR Income Opportunities Fund,2026-08-18,XKIOX,Fixed Income - Taxable-High Yield,32.87,451.657,,Monthly,0.63625,0.1215,20.0,7.7746,,,4.09,,725.951,True,False,False,False,False,False,,8.19,9.34,4.52,3.54,2.03,2.42,,,-2.21,2517240,0.09000000000000001,,97.6062,,58.49,,11.56973,-6.02468,-0.71,-0.93,-0.38,2026-08-18T00:00:00,2013-07-26T00:00:00,7/26/2013,1374796800,2026-08-14T00:00:00
211,KF,-0.16390000000000002,1.89381,2.26512,1.381724,123.28,1,Morningstar US CEF Asia Equity,68,JPMorgan Asset Management (Asia Pacific) Limited,False,61.0,-5.45,72.96,2026-08-18T00:00:00,500634209,Korea Fund,2026-08-18,XKFDX,Equity-Asia Equity,5.74,253.659,,Annually,-0.06238,1.381724,40.0,,,,1.75,,303.393,True,True,False,False,False,False,,36.82,34.86,14.45,14.17,62.05,52.92,,,107.8,177940,,,,,,,47.96455,-13.20926,-1.94,-1.29,-1.3,2026-08-18T00:00:00,1984-08-29T00:00:00,8/29/1984,462585600,2025-12-23T00:00:00
212,LGI,0.0005,9.98265,9.97724,0.15339999999999998,14.67,5,Morningstar US CEF Global Equity,71,Lazard Asset Management LLC,False,18.45,-0.08,18.44,2026-08-18T00:00:00,52106W103,Lazard Global Total Return and Income,2026-08-18,XLGIX,Equity-Global Equity,8.98,240.089,,Monthly,0.0074,0.15339999999999998,20.0,7.7462,,,2.0,,263.634,True,True,True,False,False,False,,10.55,15.94,5.87,7.07,6.65,11.19,,,19.59,458400,,,,,3.13,,17.80102,-1.88121,0.62,-0.3,-0.08,2026-08-18T00:00:00,2004-04-28T00:00:00,4/28/2004,1083110400,2026-08-10T00:00:00
213,USA,-0.1162,10.0,11.31448,0.16999999999999998,6.67,10,Morningstar US CEF US Equity,9,ALPS Advisors Inc,True,6.01,-0.04,6.8,2026-08-18T00:00:00,530158104,Liberty All-Star Equity,2026-08-18,XUSAX,Equity-U.S. Equity,5.0,1812.325,,Quarterly,0.01199,0.16999999999999998,10.0,,,,0.91,,2158.401,True,False,False,False,True,False,,10.94,5.88,6.34,2.99,4.03,0.56,,,-0.43,12633640,,,,,,,6.0436,-9.62225,-1.21,0.08,-0.78,2026-08-18T00:00:00,1986-10-31T00:00:00,10/31/1986,531100800,2026-07-16T00:00:00
214,ASG,-0.1162,7.85597,8.88889,0.12,7.39,10,Morningstar US CEF US Equity,9,ALPS Advisors Inc,True,5.4,-0.08,6.11,2026-08-18T00:00:00,529900102,Liberty All-Star Growth,2026-08-18,XASGX,Equity-U.S. Equity,1.56,339.459,,Quarterly,-0.01975,0.12,10.0,,,,1.12,,390.198,True,True,False,False,True,False,,9.34,6.71,1.18,-0.9400000000000001,6.48,3.65,,,1.98,2528990,,,,,,,5.30287,-10.26306,-1.0,0.71,-0.38,2026-08-18T00:00:00,1986-03-14T00:00:00,3/14/1986,511142400,2026-07-16T00:00:00
215,SCD,-0.10830000000000001,8.08081,9.0623,0.12,15.36,25,Morningstar US CEF Global Allocation,54,"Franklin Templeton Fund Adviser, LLC",True,15.89,0.04,17.82,2026-08-18T00:00:00,50208A102,LMP Capital and Income,2026-08-18,XSCDX,Hybrid-Global Allocation,20.46,363.982,,Monthly,0.06042,0.12,20.0,,,,2.39,,513.191,True,True,False,False,True,False,,15.06,17.24,10.97,11.35,11.63,10.39,,,12.12,784050,13.6,,,,4.25,,15.29644,-9.06478,-0.97,0.02,-0.66,2026-08-18T00:00:00,2004-02-24T00:00:00,2/24/2004,1077580800,2026-07-24T00:00:00
216,MXE,-0.1773,1.45426,1.7677800000000001,0.2337,25.27,4,Morningstar US CEF Emerging Market Equity,89,Pichardo Asset Management SA De CV,False,13.22,-0.18,16.07,2026-08-18T00:00:00,592834105,Mexico Equity & Income,2026-08-18,XMXEX,Equity-Emerging Market Equity,,58.171,,Annually,0.07512,0.2337,12.0,7.969,,0.02,2.13,,70.711,False,True,True,False,False,False,,5.14,9.84,7.71,6.01,9.55,5.7,,,24.97,63760,,,,,,,12.7156,-17.83073,0.09,0.42,0.01,2026-08-18T00:00:00,1990-08-15T00:00:00,8/15/1990,650678400,2025-12-16T00:00:00
217,MXF,-0.1158,5.8504000000000005,6.6162600000000005,0.35,26.98,4,Morningstar US CEF Emerging Market Equity,64,"Impulsora Del Fondo Mexico, SC",True,21.16,-0.25,23.93,2026-08-18T00:00:00,592835102,Mexico Fund,2026-08-18,XXMXFXX,Equity-Emerging Market Equity,,305.129,,Quarterly,0.27312000000000003,0.35,12.0,5.75,,,1.36,,345.072,False,True,True,False,True,False,,7.72,12.88,11.3,12.99,10.98,13.41,,,29.59,453060,,,,,,,20.67165,-13.29913,1.9,1.15,1.42,2026-08-18T00:00:00,1981-06-03T00:00:00,6/3/1981,360374400,2026-07-22T00:00:00
218,CAF,-0.1711,1.11372,1.34363,0.262949,37.97,1,Morningstar US CEF Asia Equity,74,Morgan Stanley,False,19.57,-0.06,23.61,2026-08-18T00:00:00,617468103,Morgan Stanley China A Share,2026-08-18,XCAFX,Equity-Asia Equity,,263.71,,Annually,0.12144,0.262949,20.0,,,,1.52,,318.15,False,True,False,False,False,False,,12.16,14.06,1.32,0.66,14.53,10.31,,,37.52,377780,,,,,,,17.87465,-13.90758,-1.58,-1.04,-1.33,2026-08-18T00:00:00,2006-09-28T00:00:00,9/28/2006,1159401600,2025-12-19T00:00:00
219,MSD,-0.0833,7.57576,8.26446,0.15,11.88,12,Morningstar US CEF Emerging Market Income,75,"Morgan Stanley Investment Management, Inc.",False,7.26,-0.02,7.92,2026-08-18T00:00:00,61744H105,Morgan Stanley Emerging Markets Debt,2026-08-18,XMSDX,Fixed Income - Taxable-Emerging Market Income,0.03,146.879,,Quarterly,0.21902,0.15,15.0,6.5116,,6.76,1.36,,160.232,True,False,False,False,False,False,,11.61,14.8,3.33,3.89,3.6,1.98,,,5.61,973880,,,,,,,7.41218,-6.60932,-0.87,0.3,-0.28,2026-08-18T00:00:00,1993-07-23T00:00:00,7/23/1993,743385600,2026-06-30T00:00:00
220,EDD,-0.0067,16.13445,16.24365,0.24,20.62,12,Morningstar US CEF Emerging Market Income,75,"Morgan Stanley Investment Management, Inc.",False,5.91,0.02,5.95,2026-08-18T00:00:00,617477104,Morgan Stanley Emrgng Mkts Domestic Debt,2026-08-18,XEDDX,Fixed Income - Taxable-Emerging Market Income,14.52,380.935,,Quarterly,0.28033,0.24,20.0,6.6059,,7.47,2.18,,448.662,True,True,True,False,False,False,,11.56,17.75,5.45,8.15,6.29,14.64,,,27.48,3694210,,,,,,,5.58939,-5.16051,1.6800000000000002,0.84,1.37,2026-08-18T00:00:00,2007-04-24T00:00:00,4/24/2007,1177372800,2026-06-30T00:00:00
221,IIF,-0.11349999999999999,7.63525,8.61243,1.985164,-7.86,1,Morningstar US CEF Asia Equity,75,"Morgan Stanley Investment Management, Inc.",False,23.05,-0.06,26.0,2026-08-18T00:00:00,61745C105,Morgan Stanley India Investment,2026-08-18,XIIFX,Equity-Asia Equity,,217.665,,Annually,-0.10782,1.985164,15.0,,,,1.35,,245.522,False,False,False,False,False,False,,7.23,11.59,6.51,8.91,-7.27,-8.13,,,-9.46,309220,,,,,,,24.20777,-11.06442,-0.36,-0.03,-0.14,2026-08-18T00:00:00,1994-02-25T00:00:00,2/25/1994,762134400,2025-12-19T00:00:00
222,NML,-0.10869999999999999,7.03144,7.88893,0.07008,28.11,6,Morningstar US CEF MLP,76,Neuberger Berman,False,10.66,0.01,11.96,2026-08-18T00:00:00,64129H104,NB Energy Infra and Income Fund Inc,2026-08-18,XNMLX,Equity-MLP,24.4,603.984,,Monthly,-0.18702,0.07008,20.0,,,,1.07,,896.304,True,True,False,False,False,False,,20.65,23.93,21.52,26.22,26.17,28.87,,,29.44,1629040,,,,,,,9.39135,-10.36136,-0.47000000000000003,-0.76,-0.28,2026-08-18T00:00:00,2013-03-26T00:00:00,3/26/2013,1364256000,2026-08-17T00:00:00
223,NBXG,-0.12050000000000001,8.18647,9.30834,0.12,11.78,10,Morningstar US CEF US Equity,76,Neuberger Berman,False,15.47,-0.36,17.59,2026-08-18T00:00:00,64133Q108,Neuberger Brmn Nxt Gnrtn Cnnctvty,2026-08-18,XNBGX,Equity-U.S. Equity,,1218.44,,Monthly,-0.05846,0.12,20.0,,,,1.35,,1385.415,False,True,True,False,False,False,,16.86,21.09,4.49,3.8,6.19,7.36,,,8.31,1961900,,,,,,,14.75728,-12.8245,0.54,1.25,1.62,2026-08-18T00:00:00,2021-05-25T00:00:00,5/25/2021,1621900800,2026-08-17T00:00:00
224,NHS,-0.0796,16.63093,18.06988,0.0905,3.16,14,Morningstar US CEF High Yield,76,Neuberger Berman,False,6.01,0.0,6.53,2026-08-18T00:00:00,64128C106,Neuberger High Yield Strategies,2026-08-18,XNHSX,Fixed Income - Taxable-High Yield,32.94,251.553,,Monthly,0.18333,0.0905,15.0,7.1662,,5.93,3.39,,407.599,True,False,False,False,False,False,,8.09,6.44,1.45,-0.64,-0.67,-11.03,,,-4.9,2060130,,,99.371,,4.83,3.38,6.95071,-2.5398,-1.29,-0.8200000000000001,-0.66,2026-08-18T00:00:00,2003-07-28T00:00:00,7/28/2003,1059350400,2026-08-17T00:00:00
225,NBH,-0.063,5.93102,6.3295,0.054169999999999996,8.92,21,Morningstar US CEF Municipal,76,Neuberger Berman,False,10.27,-0.07,10.96,2026-08-18T00:00:00,64124P101,Neuberger Municipal Fund,2026-08-18,XNBHX,Fixed Income - Municipal-Municipal,41.25,304.177,,Monthly,0.13171,0.054169999999999996,15.0,4.9907,0.24230000000000002,20.2,3.87,,552.514,True,False,True,True,False,False,,2.3,5.37,-1.88,-3.44,0.9400000000000001,4.24,,,10.54,936550,15.43,0.00914,98.9472,,14.23,8.22,10.29015,-8.68739,2.26,2.1,2.0,2026-08-18T00:00:00,2002-09-27T00:00:00,9/27/2002,1033084800,2026-07-31T00:00:00
226,NRO,-0.0901,11.62733,12.77816,0.0312,10.32,7,Morningstar US CEF Real Estate,76,Neuberger Berman,False,2.93,-0.02,3.22,2026-08-18T00:00:00,64190A103,Neuberger Real Estate Securities Income,2026-08-18,XNROX,Equity-Real Estate,25.55,185.65,,Monthly,0.06094,0.0312,15.0,,,,3.12,,274.025,True,False,False,False,False,False,,9.3,11.15,1.18,-0.16,9.52,5.71,,,4.9,2426020,,,,,,,3.05097,-6.87296,-1.02,-0.21,-0.52,2026-08-18T00:00:00,2003-10-31T00:00:00,10/31/2003,1067558400,2026-08-17T00:00:00
227,GF,-0.0837,2.45614,2.68059,0.154,-3.42,9,Morningstar US CEF Single Country Equity,40,DWS,False,11.49,-0.13,12.54,2026-08-18T00:00:00,644465106,New Germany,2026-08-18,XGFNX,Equity-Single-Country Equity,11.78,185.906,,Semi-Annually,-0.05716,0.154,20.0,,,,1.31,,229.995,True,True,True,False,False,False,,5.25,8.06,-4.94,-3.9,-1.15,-0.66,,,-2.42,242390,,,,,,,11.46295,-9.91256,1.31,0.67,0.85,2026-08-18T00:00:00,1990-01-30T00:00:00,1/30/1990,633657600,2026-05-26T00:00:00
228,NVG,0.0206,7.81533,7.65751,0.079,8.47,21,Morningstar US CEF Municipal,81,"Nuveen Fund Advisors, LLC.",False,12.38,-0.03,12.13,2026-08-18T00:00:00,67071L106,Nuveen AMT-Free Muni Credit Inc,2026-08-18,XNVGX,Fixed Income - Municipal-Municipal,42.6,2672.86,-0.02,Monthly,0.29602,0.079,15.0,4.8322,,18.56,3.64,,4562.289,True,False,True,False,False,False,,3.15,8.87,-1.73,-1.02,0.04,2.31,,,14.8,5480070,23.9,2.93,94.2236,,14.46,9.04,12.56851,-0.8886600000000001,1.55,2.61,1.73,2026-08-18T00:00:00,2002-03-25T00:00:00,3/25/2002,1017014400,2026-08-14T00:00:00
229,NUW,-0.0509,3.95112,4.16309,0.048499999999999995,5.9,21,Morningstar US CEF Municipal,81,"Nuveen Fund Advisors, LLC.",False,13.98,-0.06,14.73,2026-08-18T00:00:00,670695105,Nuveen AMT-Free Municipal Value Fund,2026-08-18,XNUWX,Fixed Income - Municipal-Municipal,7.33,250.96,-0.073,Monthly,0.30096,0.048499999999999995,15.0,5.4454,,19.29,0.75,,285.348,True,False,True,False,False,False,,2.89,4.31,-0.05,-0.15,0.45,-0.11,,,6.61,379480,9.3,0.09000000000000001,98.9732,,8.94,8.3,14.21763,-5.14254,0.06,0.26,0.01,2026-08-18T00:00:00,2009-02-25T00:00:00,2/25/2009,1235520000,2026-08-14T00:00:00
230,NEA,0.0171,7.34473,7.22124,0.06799999999999999,7.83,21,Morningstar US CEF Municipal,81,"Nuveen Fund Advisors, LLC.",False,11.3,0.0,11.11,2026-08-18T00:00:00,670657105,Nuveen AMT-Free Quality Muni Inc,2026-08-18,XNEAX,Fixed Income - Municipal-Municipal,41.55,3418.178,0.018000000000000002,Monthly,0.25491,0.06799999999999999,15.0,5.1782,,19.14,3.5300000000000002,,5749.635,True,False,True,False,False,False,,2.25,8.05,-1.9500000000000002,-0.97,0.0,0.98,,,12.72,8438030,20.8,4.12,97.8969,,11.13,7.68,11.48226,-0.7812300000000001,1.85,2.6,1.94,2026-08-18T00:00:00,2002-11-21T00:00:00,11/21/2002,1037836800,2026-08-14T00:00:00
231,NAZ,0.0965,6.61922,6.03651,0.062,9.62,24,Morningstar US CEF Municipal-Single State,81,"Nuveen Fund Advisors, LLC.",False,12.325,-0.11,11.24,2026-08-18T00:00:00,67061W104,Nuveen AZ Quality Muni Inc,2026-08-18,XNAZX,Fixed Income - Municipal-Municipal - Single-State,39.7,158.703,0.031,Monthly,0.20512,0.062,15.0,4.7939,,17.61,3.55,,240.032,True,True,True,False,False,False,,2.8,10.7,-1.1400000000000001,-0.16,0.93,5.75,,,12.06,221450,17.4,0.9500000000000001,100.5175,,12.3,7.89,12.2135,5.22157,1.24,0.23,0.58,2026-08-18T00:00:00,1992-11-19T00:00:00,11/19/1992,722131200,2026-08-14T00:00:00
232,NKX,0.049800000000000004,7.41631,7.0646,0.072,9.67,22,Morningstar US CEF Municipal-CA,81,"Nuveen Fund Advisors, LLC.",False,12.23,-0.1,11.65,2026-08-18T00:00:00,670651108,Nuveen CA AMT - Free Quality Muni Inc,2026-08-18,XNCMX,Fixed Income - Municipal-Municipal - CA,40.06,676.248,-0.014,Monthly,0.25181,0.072,15.0,4.7667,,18.17,3.77,,1074.762,True,False,True,False,False,False,,2.8200000000000003,8.51,-1.9100000000000001,-0.25,0.91,1.48,,,13.2,1355290,21.7,0.5800000000000001,98.6644,,12.92,7.87,12.51758,3.9634,0.66,0.85,0.79,2026-08-18T00:00:00,2002-11-22T00:00:00,11/22/2002,1037923200,2026-08-14T00:00:00
233,NCA,0.0144,3.9779,3.92157,0.03,6.99,22,Morningstar US CEF Municipal-CA,81,"Nuveen Fund Advisors, LLC.",False,9.18,0.04,9.05,2026-08-18T00:00:00,67062C107,Nuveen CA Municipal Value,2026-08-18,XNCAX,Fixed Income - Municipal-Municipal - CA,0.0,305.162,-0.012,Monthly,0.17651,0.03,10.0,4.7234,,18.86,0.54,,300.84,True,True,True,False,False,False,,3.16,4.84,-0.14,-0.07,1.06,2.52,,,10.38,697080,22.2,1.31,99.5691,,,7.87,9.14198,-0.2737,0.68,0.9,0.21,2026-08-18T00:00:00,1987-10-07T00:00:00,10/7/1987,560563200,2026-08-14T00:00:00
234,NAC,0.0455,7.43979,7.11604,0.06949999999999999,10.47,22,Morningstar US CEF Municipal-CA,81,"Nuveen Fund Advisors, LLC.",False,11.72,-0.02,11.21,2026-08-18T00:00:00,67066Y105,Nuveen CA Quality Muni Income,2026-08-18,XNACX,Fixed Income - Municipal-Municipal - CA,39.47,1938.715,-0.005,Monthly,0.24164,0.06949999999999999,15.0,4.739,,19.06,3.79,,3063.741,True,False,True,False,False,False,,2.75,9.89,-1.98,-0.29,0.87,3.65,,,14.78,5045870,23.1,1.04,99.0817,,12.64,8.06,11.80034,1.70113,1.8599999999999999,1.97,1.57,2026-08-18T00:00:00,1999-05-26T00:00:00,5/26/1999,927676800,2026-08-14T00:00:00
235,JCE,-0.0641,7.97808,8.52459,0.364,20.24,10,Morningstar US CEF US Equity,81,"Nuveen Fund Advisors, LLC.",True,17.08,-0.13,18.25,2026-08-18T00:00:00,67090X107,Nuveen Core Equity Alpha,2026-08-18,XJCEX,Equity-U.S. Equity,1.35,290.406,0.0,Quarterly,0.00449,0.364,20.0,,,,0.9900000000000001,,310.299,True,True,False,False,True,False,,19.13,17.58,12.5,11.25,9.22,7.64,,,15.88,390880,,,,,,,15.90648,-6.29818,-0.1,1.0,0.7000000000000001,2026-08-18T00:00:00,2007-03-27T00:00:00,3/27/2007,1174953600,2026-06-15T00:00:00
236,NPCT,-0.07150000000000001,10.23832,11.02669,0.0895,4.02,15,Morningstar US CEF Investment Grade,81,"Nuveen Fund Advisors, LLC.",True,9.74,0.0,10.49,2026-08-18T00:00:00,67080D103,Nuveen Core Plus Impact Fund,2026-08-18,XNPCX,Fixed Income - Taxable-Investment Grade,37.54,280.074,,Monthly,0.23152,0.0895,20.0,4.3325,,28.25,4.43,,482.96,True,False,False,False,True,False,,7.38,10.75,-3.25,-3.47,0.26,1.77,,,0.12,1243290,23.9,0.0,89.7405,,7.44,5.43,10.35087,-6.59519,-0.33,0.76,-0.33,2026-08-18T00:00:00,2021-04-27T00:00:00,4/27/2021,1619481600,2026-08-14T00:00:00
237,JQC,-0.1069,11.14447,12.47899,0.049499999999999995,5.69,19,Morningstar US CEF Senior Loans,81,"Nuveen Fund Advisors, LLC.",True,4.76,-0.01,5.33,2026-08-18T00:00:00,67073D102,Nuveen Credit Strategies Income Fund,2026-08-18,XJQCX,Fixed Income - Taxable-Senior Loans,38.52,703.607,-0.082,Monthly,0.23976,0.049499999999999995,15.0,,,5.03,5.09,,1281.463,True,False,False,False,True,False,,8.57,10.34,4.97,4.72,2.5300000000000002,1.97,,,-2.54,7749130,84.5,0.0,,,,,4.99188,-9.10787,-0.65,0.11,0.08,2026-08-18T00:00:00,2003-06-25T00:00:00,6/25/2003,1056499200,2026-08-14T00:00:00
238,NDMO,-0.006,6.9712,7.01299,0.058499999999999996,7.0,21,Morningstar US CEF Municipal,81,"Nuveen Fund Advisors, LLC.",True,10.01,-0.01,10.07,2026-08-18T00:00:00,67079X102,Nuveen Dynamic Municipal Opportunities,2026-08-18,XNDMX,Fixed Income - Municipal-Municipal,31.52,605.778,,Monthly,0.23738,0.058499999999999996,15.0,5.5666,,17.88,2.83,,889.884,True,False,True,False,True,False,,4.62,3.79,-2.52,-3.84,1.0,2.77,,,8.83,1424830,19.8,0.36000000000000004,98.3671,,10.32,7.61,10.31893,-0.9774900000000001,0.3,0.18,0.0,2026-08-18T00:00:00,2020-08-26T00:00:00,8/26/2020,1598400000,2026-08-14T00:00:00
239,JFR,-0.0795,11.27711,12.25131,0.078,5.83,19,Morningstar US CEF Senior Loans,81,"Nuveen Fund Advisors, LLC.",True,7.64,0.0,8.3,2026-08-18T00:00:00,67072T108,Nuveen Floating Rate Income,2026-08-18,XJFRX,Fixed Income - Taxable-Senior Loans,37.52,1229.791,0.015000000000000001,Monthly,0.37027,0.078,15.0,,,4.84,4.78,,2138.23,True,False,True,False,True,False,,9.14,11.41,6.18,6.47,3.02,5.96,,,2.63,7453080,88.3,0.0,,,,,7.78268,-8.77583,0.42,0.46,0.99,2026-08-18T00:00:00,2004-03-25T00:00:00,3/25/2004,1080172800,2026-08-14T00:00:00
240,JGH,-0.0825,9.15254,9.9759,0.1035,7.21,13,Morningstar US CEF Global Income,81,"Nuveen Fund Advisors, LLC.",True,12.45,-0.06,13.57,2026-08-18T00:00:00,67075G103,Nuveen Global High Income Fund,2026-08-18,XJGHX,Fixed Income - Taxable-Global Income,29.21,350.167,-0.026000000000000002,Monthly,0.48098,0.1035,20.0,7.8075,,6.6,3.37,,539.168,True,False,False,False,True,False,,11.34,13.02,4.88,5.2,3.9,5.11,,,4.3,1013170,35.9,0.0,99.6217,,,,12.78623,-7.15799,-0.61,-0.87,-0.87,2026-08-18T00:00:00,2014-11-24T00:00:00,11/24/2014,1416787200,2026-08-14T00:00:00
241,NMT,0.1427,6.68508,5.85012,0.0605,9.0,24,Morningstar US CEF Municipal-Single State,81,"Nuveen Fund Advisors, LLC.",False,12.41,-0.12,10.86,2026-08-18T00:00:00,67061E104,Nuveen MA Quality Muni Inc,2026-08-18,XNMTX,Fixed Income - Municipal-Municipal - Single-State,39.7,128.467,0.026000000000000002,Monthly,0.20713,0.0605,15.0,4.8606,,19.66,3.45,,186.421,True,True,True,False,False,False,,2.32,13.29,-2.01,1.44,1.15,16.01,,,19.45,202430,24.1,1.7000000000000002,101.787,,7.76,8.13,12.02957,7.6000700000000005,1.18,-0.28,0.46,2026-08-18T00:00:00,1993-03-18T00:00:00,3/18/1993,732412800,2026-08-14T00:00:00
242,NMS,0.0009,6.66667,6.66079,0.063,7.91,24,Morningstar US CEF Municipal-Single State,81,"Nuveen Fund Advisors, LLC.",False,11.35,-0.07,11.34,2026-08-18T00:00:00,670734102,Nuveen MN Quality Muni Inc,2026-08-18,XMNSX,Fixed Income - Municipal-Municipal - Single-State,40.65,72.768,-0.014,Monthly,0.0,0.063,15.0,4.6871,,17.04,3.66,,122.492,True,False,False,False,False,False,,2.66,7.73,-1.19,-0.77,-0.59,1.2,,,8.02,150930,42.2,0.0,100.4127,,11.29,6.73,11.95411,0.97416,-0.45,-1.5,-1.47,2026-08-18T00:00:00,1993-06-25T00:00:00,6/25/1993,740966400,2026-08-14T00:00:00
243,JLS,-0.0959,9.8661,10.91232,0.1535,6.0,14,Morningstar US CEF High Yield,81,"Nuveen Fund Advisors, LLC.",True,16.88,-0.23,18.67,2026-08-18T00:00:00,670735109,Nuveen Mortgage and Income Fund,2026-08-18,XJLSX,Fixed Income - Taxable-High Yield,23.07,92.445,0.009000000000000001,Monthly,0.77533,0.1535,25.0,7.6376,,17.62,3.07,,132.906,True,False,False,False,True,False,,9.55,12.85,4.35,4.97,2.9,0.58,,,0.89,195450,0.0,0.0,97.1182,,,,18.27591,-4.67577,-2.8,-1.7000000000000002,-2.06,2026-08-18T00:00:00,2009-11-25T00:00:00,11/25/2009,1259107200,2026-08-14T00:00:00
244,NMAI,-0.0464,9.21854,9.66667,0.11599999999999999,20.2,25,Morningstar US CEF Global Allocation,81,"Nuveen Fund Advisors, LLC.",True,14.4,-0.14,15.1,2026-08-18T00:00:00,670750108,Nuveen Multi-Asset Income,2026-08-18,XNMAX,Hybrid-Global Allocation,29.36,481.329,,Monthly,0.17114000000000001,0.11599999999999999,20.0,6.1007,,,3.38,,714.491,True,True,True,False,True,False,,13.32,18.02,,,10.39,13.83,,,23.59,1108560,28.0,,98.2273,,,,13.37406,-8.03515,2.55,1.51,1.9,2026-08-18T00:00:00,2021-11-22T00:00:00,11/22/2021,1637539200,2026-08-14T00:00:00
245,JMM,-0.0973,5.46311,6.05217,0.028999999999999998,3.01,15,Morningstar US CEF Investment Grade,81,"Nuveen Fund Advisors, LLC.",True,5.75,-0.02,6.37,2026-08-18T00:00:00,67075J107,Nuveen Multi-Market Income Fund,2026-08-18,XJMMX,Fixed Income - Taxable-Investment Grade,29.78,54.409,-0.001,Monthly,0.13925,0.028999999999999998,12.0,5.5173,,4.27,3.59,,85.842,True,False,False,False,True,False,,5.38,4.91,1.07,0.49,-0.75,-1.1400000000000001,,,-2.99,90540,26.5,0.0,97.3279,,,,6.02841,-8.21253,-0.7000000000000001,0.5700000000000001,0.12,2026-08-18T00:00:00,1988-12-30T00:00:00,12/30/1988,599443200,2026-08-14T00:00:00
246,NZF,0.009000000000000001,7.83895,7.76873,0.0795,9.28,21,Morningstar US CEF Municipal,81,"Nuveen Fund Advisors, LLC.",False,12.28,-0.02,12.17,2026-08-18T00:00:00,67070X101,Nuveen Municipal Credit Income,2026-08-18,XNZFX,Fixed Income - Municipal-Municipal,40.91,2414.852,-0.015000000000000001,Monthly,0.31359,0.0795,15.0,5.3227,,20.06,3.61,,4050.421,True,False,True,False,False,False,,3.23,8.36,-1.35,-1.04,1.13,1.3599999999999999,,,12.53,5303930,25.1,2.6,95.556,,11.88,8.1,12.51065,-0.7800400000000001,1.35,1.85,1.3,2026-08-18T00:00:00,2001-09-25T00:00:00,9/25/2001,1001376000,2026-08-14T00:00:00
247,NMCO,0.0116,7.94971,7.85851,0.06849999999999999,8.5,21,Morningstar US CEF Municipal,81,"Nuveen Fund Advisors, LLC.",False,10.46,0.0,10.34,2026-08-18T00:00:00,670663103,Nuveen Municipal Credit Opps Fund,2026-08-18,XNMCX,Fixed Income - Municipal-Municipal,42.72,592.73,-0.035,Monthly,0.35941,0.06849999999999999,15.0,5.8775,,22.08,4.5,,1022.9,True,False,True,False,False,False,,2.91,4.08,-2.24,-1.87,2.05,6.75,,,12.31,1615330,31.7,0.27,88.147,,15.53,9.46,10.66609,-0.29513,1.09,1.01,1.03,2026-08-18T00:00:00,2019-09-16T00:00:00,9/16/2019,1568592000,2026-08-14T00:00:00
248,NMZ,0.013000000000000001,7.83649,7.73622,0.0655,9.47,21,Morningstar US CEF Municipal,81,"Nuveen Fund Advisors, LLC.",False,10.16,-0.03,10.03,2026-08-18T00:00:00,670682103,Nuveen Municipal High Income Opp Fd,2026-08-18,XNMZX,Fixed Income - Municipal-Municipal,40.28,2188.746,0.044000000000000004,Monthly,0.15638,0.0655,15.0,5.8165,,21.09,3.5,,3618.136,True,False,True,False,False,False,,3.9699999999999998,5.63,-1.53,-1.94,1.4,4.21,,,10.35,4677300,21.6,1.36,93.5717,,10.18,8.4,10.39471,-0.045790000000000004,1.3599999999999999,1.67,1.56,2026-08-18T00:00:00,2003-11-19T00:00:00,11/19/2003,1069200000,2026-08-14T00:00:00
249,NMI,0.0741,4.67213,4.34969,0.038,7.14,21,Morningstar US CEF Municipal,81,"Nuveen Fund Advisors, LLC.",False,10.4835,0.05,9.76,2026-08-18T00:00:00,67062J102,Nuveen Municipal Income,2026-08-18,XNMIX,Fixed Income - Municipal-Municipal,2.99,126.766,-0.019,Monthly,0.21289,0.038,12.0,5.4326,,21.66,0.75,,118.018,True,True,True,False,False,False,,4.32,8.03,0.71,2.27,2.1,12.05,,,14.7,267060,17.4,0.66,100.4984,,,8.41,10.25144,3.86423,0.91,-1.52,0.22,2026-08-18T00:00:00,1988-04-20T00:00:00,4/20/1988,577497600,2026-08-14T00:00:00
250,NUV,0.0033,4.35268,4.33815,0.0325,5.78,21,Morningstar US CEF Municipal,81,"Nuveen Fund Advisors, LLC.",False,8.99,-0.01,8.96,2026-08-18T00:00:00,670928100,Nuveen Municipal Value,2026-08-18,XNUVX,Fixed Income - Municipal-Municipal,6.15,1889.989,-0.018000000000000002,Monthly,0.19290000000000002,0.0325,10.0,5.2885,,18.4,0.66,,1883.682,True,False,True,False,False,False,,2.93,5.94,0.02,-1.03,0.62,3.54,,,11.73,4860740,11.1,0.79,97.8694,,,8.09,9.06877,-0.56991,0.84,-0.03,0.11,2026-08-18T00:00:00,1987-06-17T00:00:00,6/17/1987,550886400,2026-08-14T00:00:00
251,QQQX,-0.0395,9.26554,9.64706,0.738,16.18,3,Morningstar US CEF Covered Call,81,"Nuveen Fund Advisors, LLC.",True,30.6,-0.18,31.86,2026-08-18T00:00:00,670699107,Nuveen NASDAQ 100 Dynamic Overwrite,2026-08-18,XQQQX,Equity-Covered-Call Funds,,1494.1,0.0,Quarterly,-0.030780000000000002,0.738,20.0,,,,0.89,,1555.621,False,True,True,False,True,False,,15.78,14.88,9.36,8.22,4.66,8.36,,,20.93,1041690,,,,,,,28.56859,-7.36113,1.63,0.85,1.06,2026-08-18T00:00:00,2007-01-30T00:00:00,1/30/2007,1170115200,2026-06-15T00:00:00
252,NRK,0.001,7.60155,7.5942,0.0655,9.89,23,Morningstar US CEF Municipal-NY,81,"Nuveen Fund Advisors, LLC.",False,10.35,-0.1,10.34,2026-08-18T00:00:00,670656107,Nuveen NY AMT - Free Quality Muni Inc,2026-08-18,XNRKX,Fixed Income - Municipal-Municipal - NY,42.89,902.885,0.004,Monthly,0.2495,0.0655,15.0,4.7063,,20.12,3.69,,1579.293,True,True,True,False,False,False,,1.79,7.04,-2.16,-0.53,0.65,7.16,,,19.58,3204090,22.3,0.11000000000000001,97.1229,,15.06,8.94,10.26808,-4.95849,1.9100000000000001,2.08,1.96,2026-08-18T00:00:00,2002-11-21T00:00:00,11/21/2002,1037836800,2026-08-14T00:00:00
253,NNY,-0.0506,4.07365,4.29091,0.0295,6.91,23,Morningstar US CEF Municipal-NY,81,"Nuveen Fund Advisors, LLC.",False,8.25,-0.02,8.69,2026-08-18T00:00:00,67062M105,Nuveen NY Municipal Value,2026-08-18,XNNYX,Fixed Income - Municipal-Municipal - NY,0.0,155.81,-0.037,Monthly,0.17478,0.0295,10.0,4.8241,,20.56,0.5700000000000001,,164.12,True,False,False,False,False,False,,2.91,3.35,0.22,-0.52,1.09,-1.44,,,6.98,358660,26.8,0.0,98.2305,,,8.86,8.47457,-3.9334100000000003,-0.8300000000000001,-1.17,-1.48,2026-08-18T00:00:00,1987-10-07T00:00:00,10/7/1987,560563200,2026-08-14T00:00:00
254,NAN,0.015600000000000001,7.4862400000000004,7.37127,0.06799999999999999,9.63,23,Morningstar US CEF Municipal-NY,81,"Nuveen Fund Advisors, LLC.",False,11.07,-0.19,10.9,2026-08-18T00:00:00,67066X107,Nuveen NY Quality Muni Inc,2026-08-18,XNANX,Fixed Income - Municipal-Municipal - NY,40.46,365.921,0.013000000000000001,Monthly,0.25368,0.06799999999999999,15.0,5.0604,,21.25,3.77,,605.142,True,False,True,False,False,False,,2.22,8.36,-1.8,-0.4,0.99,3.64,,,9.21,714240,26.1,0.01,99.9827,,13.22,8.52,11.41304,0.69054,0.84,-0.39,0.22,2026-08-18T00:00:00,1999-05-26T00:00:00,5/26/1999,927676800,2026-08-14T00:00:00
255,JPC,-0.0052,9.76563,9.81675,0.0625,6.32,18,Morningstar US CEF Preferreds,81,"Nuveen Fund Advisors, LLC.",False,7.64,-0.02,7.68,2026-08-18T00:00:00,67073B106,Nuveen Pref & Income Opps Fund,2026-08-18,XJPCX,Fixed Income - Taxable-Preferreds,38.02,2866.828,-0.042,Monthly,0.24068,0.0625,15.0,7.673,,,4.67,,4649.691,True,False,False,False,False,False,,10.9,15.6,3.45,3.54,0.96,0.19,,,4.86,9878070,8.2,0.0,104.2944,,,,8.00383,0.14937,-0.68,-0.4,-0.34,2026-08-18T00:00:00,2003-03-26T00:00:00,3/26/2003,1048636800,2026-08-14T00:00:00
256,NAD,0.0121,7.31834,7.23077,0.0705,8.56,21,Morningstar US CEF Municipal,81,"Nuveen Fund Advisors, LLC.",False,11.7,-0.05,11.56,2026-08-18T00:00:00,67066V101,Nuveen Quality Muni Income Fund,2026-08-18,XNADX,Fixed Income - Municipal-Municipal,42.37,2735.313,0.023,Monthly,0.27975,0.0705,15.0,5.2239,,19.9,3.74,,4689.163,True,False,True,False,False,False,,2.5700000000000003,8.37,-1.56,-0.7000000000000001,0.5700000000000001,1.52,,,12.81,6725110,23.8,1.21,97.3594,,11.17,7.62,11.86414,-1.13874,1.8,2.08,1.8,2026-08-18T00:00:00,1999-05-26T00:00:00,5/26/1999,927676800,2026-08-14T00:00:00
257,JRI,-0.0526,12.20107,12.87781,0.1335,13.71,25,Morningstar US CEF Global Allocation,81,"Nuveen Fund Advisors, LLC.",True,12.44,-0.04,13.13,2026-08-18T00:00:00,67074Y105,Nuveen Real Asset Inc and Grwt,2026-08-18,XJRIX,Hybrid-Global Allocation,32.08,450.307,0.0,Monthly,0.26714,0.1335,20.0,6.5326,,,3.9,,699.728,True,False,False,False,True,False,,11.2,16.53,4.8,6.41,8.08,2.2800000000000002,,,11.39,1450220,24.2,0.0,100.7422,,,,13.22756,-2.36935,-0.75,-0.38,0.12,2026-08-18T00:00:00,2012-04-25T00:00:00,4/25/2012,1335312000,2026-08-14T00:00:00
258,JRS,-0.0815,8.26087,8.99408,0.19,23.03,7,Morningstar US CEF Real Estate,81,"Nuveen Fund Advisors, LLC.",True,8.45,-0.02,9.2,2026-08-18T00:00:00,67071B108,Nuveen Real Estate Income,2026-08-18,XJRSX,Equity-Real Estate,27.81,244.141,0.0,Quarterly,0.07692,0.19,15.0,,,,3.4,,368.211,True,True,True,False,True,False,,11.03,13.0,2.85,3.03,19.97,17.81,,,22.93,784880,0.0,,,,6.49,,8.04277,-8.21291,0.04,1.3900000000000001,1.42,2026-08-18T00:00:00,2001-11-15T00:00:00,11/15/2001,1005782400,2026-06-15T00:00:00
259,SPXX,-0.0883,8.05158,8.83185,0.4215,20.86,3,Morningstar US CEF Covered Call,81,"Nuveen Fund Advisors, LLC.",True,19.09,-0.1,20.94,2026-08-18T00:00:00,6706EW100,Nuveen S&P 500 Dynamic Overwrite,2026-08-18,XSSPX,Equity-Covered-Call Funds,,2630.888,0.0,Quarterly,0.02449,0.4215,20.0,,,,0.9700000000000001,,2885.846,False,True,False,False,True,False,,15.26,13.57,10.36,8.08,10.38,6.76,,,11.01,1375880,,,,,,,17.81352,-8.80567,-0.01,1.17,1.3,2026-08-18T00:00:00,2005-11-22T00:00:00,11/22/2005,1132617600,2026-06-15T00:00:00
260,NIM,-0.053099999999999994,3.55465,3.75405,0.028999999999999998,3.86,21,Morningstar US CEF Municipal,81,"Nuveen Fund Advisors, LLC.",False,9.27,-0.02,9.79,2026-08-18T00:00:00,67061T101,Nuveen Select Maturity Muni,2026-08-18,XNIMX,Fixed Income - Municipal-Municipal,0.41000000000000003,115.38,-0.007,Monthly,0.16949,0.028999999999999998,12.0,4.4409,,8.43,0.5800000000000001,,121.852,True,False,True,False,False,False,,2.98,4.39,0.93,-0.19,0.11,0.52,,,4.78,193920,18.5,1.46,99.3385,,,5.0,9.37151,-5.77981,0.35000000000000003,0.59,-0.06,2026-08-18T00:00:00,1992-09-18T00:00:00,9/18/1992,716774400,2026-08-14T00:00:00
261,NXP,0.0085,4.5629,4.52431,0.0535,6.23,21,Morningstar US CEF Municipal,81,"Nuveen Fund Advisors, LLC.",False,14.19,-0.06,14.07,2026-08-18T00:00:00,67062F100,Nuveen Select Tax Free Inc,2026-08-18,XNXPX,Fixed Income - Municipal-Municipal,3.73,894.193,0.014,Monthly,0.28791,0.0535,15.0,5.0515,,17.48,0.35000000000000003,,886.631,True,False,True,False,False,False,,3.62,3.45,0.77,-0.26,1.07,2.87,,,6.62,1412760,13.9,1.3,95.6524,,9.19,7.95,14.29293,-0.09987000000000001,1.02,1.11,1.07,2026-08-18T00:00:00,1992-03-19T00:00:00,3/19/1992,700963200,2026-08-14T00:00:00
262,NBB,-0.0217,7.39936,7.56368,0.0965,4.88,20,Morningstar US CEF Taxable Muni,81,"Nuveen Fund Advisors, LLC.",False,15.31,-0.01,15.65,2026-08-18T00:00:00,67074C103,Nuveen Taxable Municipal Income,2026-08-18,XNBBX,Fixed Income - Taxable-Taxable Muni,39.01,450.034,-0.051000000000000004,Monthly,0.47616,0.0965,20.0,6.9058,,16.81,3.24,,754.243,True,False,True,False,False,False,,5.61,7.16,-1.06,-1.51,-0.27,0.47000000000000003,,,4.18,567820,5.5,0.0,103.6971,,,7.36,15.87841,-2.67474,0.52,1.01,0.9,2026-08-18T00:00:00,2010-04-27T00:00:00,4/27/2010,1272326400,2026-08-14T00:00:00
263,NPV,-0.0218,6.70909,6.85874,0.0615,8.42,24,Morningstar US CEF Municipal-Single State,81,"Nuveen Fund Advisors, LLC.",False,10.76,-0.09,11.0,2026-08-18T00:00:00,67064R102,Nuveen VA Quality Muni Inc,2026-08-18,XNPVX,Fixed Income - Municipal-Municipal - Single-State,40.54,210.8,0.026000000000000002,Monthly,0.2321,0.0615,15.0,4.8846,,18.31,3.54,,362.452,True,False,False,False,False,False,,2.49,6.14,-1.6,-3.2800000000000002,0.29,1.47,,,5.83,486380,32.1,1.52,97.6252,,11.51,7.5600000000000005,11.35376,-0.76587,-0.84,-1.18,-1.79,2026-08-18T00:00:00,1993-03-18T00:00:00,3/18/1993,732412800,2026-08-14T00:00:00
264,NPFD,-0.0317,9.76599,10.08593,0.1565,6.38,18,Morningstar US CEF Preferreds,81,"Nuveen Fund Advisors, LLC.",False,18.62,-0.03,19.23,2026-08-18T00:00:00,67080R102,Nuveen Variable Rate Pref & Inc Fund,2026-08-18,XNPFX,Fixed Income - Taxable-Preferreds,37.09,449.936,,Monthly,0.5723900000000001,0.1565,25.0,7.4602,,,4.79,,738.582,True,False,True,False,False,False,,10.43,13.81,,,1.08,1.06,,,3.15,656130,7.2,0.0,103.0703,,5.58,3.54,19.20421,-3.93257,0.59,2.02,0.96,2026-08-18T00:00:00,2021-12-15T00:00:00,12/15/2021,1639526400,2026-08-14T00:00:00
265,SRV,0.039599999999999996,12.84247,12.3533,0.5,25.63,6,Morningstar US CEF MLP,33,Cushing Asset Management LP,False,48.57,0.2,46.72,2026-08-18T00:00:00,231631300,NXG Cushing Midstream Energy Fund,2026-08-18,XSRVX,Equity-MLP,28.89,302.804,,Monthly,0.0352,0.5,20.0,,,,4.32,,409.585,True,True,True,False,False,False,,24.46,22.46,19.45,27.98,27.19,29.19,,,30.57,563880,,,,,4.57,,44.3983,-0.9565500000000001,1.52,1.2,1.8,2026-08-18T00:00:00,2007-08-27T00:00:00,8/27/2007,1188172800,2026-08-17T00:00:00
266,NXG,0.0355,12.34145,11.91856,0.6,25.07,8,Morningstar US CEF Sector Equity,33,Cushing Asset Management LP,False,60.41,-1.52,58.34,2026-08-18T00:00:00,231647207,NXG NextGen Infrastructure Inc,2026-08-18,XNXGX,Equity-Sector Equity,30.72,442.936,,Monthly,-0.24598,0.6,25.0,,,,4.16,,679.731,True,True,True,False,False,False,,21.04,32.08,12.59,18.9,26.1,22.76,,,23.35,673390,,,,,1.07,,53.4464,-1.45778,1.35,0.98,1.4,2026-08-18T00:00:00,2012-09-26T00:00:00,9/26/2012,1348617600,2026-08-17T00:00:00
267,MEGI,-0.078,9.06892,9.83607,0.125,17.96,8,Morningstar US CEF Sector Equity,77,New York Life Investment Management LLC,False,15.25,0.06,16.54,2026-08-18T00:00:00,56064Q107,NYLI CBRE Glb Infra Megatrends Term Fund,2026-08-18,XMEGI,Equity-Sector Equity,21.11,793.725,,Monthly,0.39004,0.125,20.0,,,,3.73,,1091.166,True,True,True,False,False,False,,10.85,14.69,,,14.78,17.89,,,18.19,1564080,,,,,,,14.69513,-9.289390000000001,0.91,1.06,1.44,2026-08-18T00:00:00,2021-10-27T00:00:00,10/27/2021,1635292800,2026-07-24T00:00:00
268,MMD,-0.0666,5.04045,5.4,0.06749999999999999,8.49,21,Morningstar US CEF Municipal,77,New York Life Investment Management LLC,False,15.0,0.01,16.07,2026-08-18T00:00:00,56064K100,NYLI MacKay DefinedTerm Muni Opps Fund,2026-08-18,XMMDX,Fixed Income - Municipal-Municipal,36.59,281.692,0.24000000000000002,Monthly,0.42096,0.06749999999999999,20.0,5.1948,,,2.72,,475.946,True,False,True,False,False,True,,2.66,0.56,-0.8200000000000001,-3.32,1.62,3.42,,,7.61,643250,,,104.6098,,,5.7,15.13383,-7.25471,0.49,0.3,0.51,2026-08-18T00:00:00,2012-06-27T00:00:00,6/27/2012,1340755200,2026-08-14T00:00:00
269,OCCI,-0.23550000000000001,18.34862,24.0,0.049999999999999996,-32.59,19,Morningstar US CEF Senior Loans,82,"OFS Capital Management, LLC",True,2.5,0.1,3.32,2026-07-31T00:00:00,67111Q107,OFS Credit Company Inc,2026-08-18,OCCI,Fixed Income - Taxable-Senior Loans,47.95,73.286,,Monthly,0.33629000000000003,0.049999999999999996,20.0,13.384,,,13.31,,184.18,True,False,False,False,True,False,,-8.46,-16.6,-8.11,-12.48,-23.43,-41.66,,,-47.59,2842770,,,,,,,3.96875,-13.33407,-0.9500000000000001,-0.34,-0.28,2026-08-18T00:00:00,2018-10-05T00:00:00,10/5/2018,1538697600,2026-08-14T00:00:00
270,OXLC,-0.11380000000000001,22.94455,25.88997,0.19999999999999998,-33.14,19,Morningstar US CEF Senior Loans,83,Oxford Lane Management,False,9.27,0.3,10.66,2026-07-31T00:00:00,691543847,Oxford Lane Capital Corp,2026-08-18,OXLCX,Fixed Income - Taxable-Senior Loans,43.07,905.212,,Monthly,1.29355,0.19999999999999998,20.0,10.7207,,,9.78,,1794.076,True,False,True,False,False,False,,-2.86,-10.03,-1.6,-5.79,-19.43,-23.67,,,-28.21,12356720,,,,,,,12.22444,-16.08962,0.5,0.6900000000000001,0.49,2026-08-18T00:00:00,2011-01-20T00:00:00,1/20/2011,1295481600,2026-08-17T00:00:00
271,PCM,-0.0055000000000000005,14.04153,14.11868,0.06423999999999999,5.95,16,Morningstar US CEF Limited Duration,84,"Pacific Investment Management Company, LLC",False,5.46,-0.03,5.49,2026-08-18T00:00:00,69323T101,PCM Fund,2026-08-18,XPCMX,Fixed Income - Taxable-Limited Duration,36.05,67.86,0.037,Monthly,0.31452,0.06423999999999999,15.0,6.3667,,6.53,4.76,,106.693,True,False,False,False,False,False,,7.84,-4.78,2.32,-2.6,0.89,-1.1400000000000001,,,1.09,527450,,,84.0078,,,,6.00186,3.73422,-1.23,-1.5899999999999999,-1.2,2026-08-18T00:00:00,1993-09-02T00:00:00,9/2/1993,746928000,2026-08-13T00:00:00
272,PDCC,-0.1791,14.40443,17.54781,0.13,-28.86,19,Morningstar US CEF Senior Loans,86,Pearl Diver Capital LLP,True,8.89,-0.29,10.96,2026-07-31T00:00:00,70476Q100,Pearl Diver Credit Company Inc,2026-08-18,PDCC,Fixed Income - Taxable-Senior Loans,35.25,61.071,,Monthly,0.93322,0.13,20.0,11.0222,,,8.24,,114.905,True,False,False,False,True,False,,,,,,-14.64,-30.16,,,-35.71,58100,,,,,,,12.908,-4.56266,-1.9100000000000001,-0.9500000000000001,-1.26,2026-08-18T00:00:00,2024-07-18T00:00:00,7/18/2024,1721260800,2026-08-17T00:00:00
273,PSUS,-0.222,,,,,10,Morningstar US CEF US Equity,87,"Pershing Square Capital Management, L.P.",False,39.15,0.04,50.32,2026-08-11T00:00:00,71531T105,"Pershing Square USA, Ltd",2026-08-18,PSUSX,Equity-U.S. Equity,,,,Annually,,,50.0,,,,0.0,,,False,True,True,False,False,False,,,,,,,,,,,0,,,,,,,,,,-0.97,,2026-08-18T00:00:00,2026-04-29T00:00:00,4/29/2026,1777420800,
274,GHY,-0.0802,9.90566,10.76923,0.105,6.5,14,Morningstar US CEF High Yield,88,PGIM,False,11.7,0.01,12.72,2026-08-18T00:00:00,69346J106,"PGIM Global High Yield Fund, Inc.",2026-08-18,XGHYX,Fixed Income - Taxable-High Yield,16.1,479.245,,Monthly,0.4495,0.105,20.0,6.5388,,,2.5,,621.025,True,False,False,False,False,False,,10.44,11.82,4.18,4.61,2.09,-0.46,,,-1.53,1554290,,,96.1442,,,,12.32042,-5.7395700000000005,-0.8200000000000001,0.02,-0.19,2026-08-18T00:00:00,2012-12-21T00:00:00,12/21/2012,1356048000,2026-08-13T00:00:00
275,ISD,-0.0815,9.33333,10.16129,0.105,4.8,14,Morningstar US CEF High Yield,88,PGIM,False,12.4,-0.07,13.5,2026-08-18T00:00:00,69346H100,"PGIM High Yield Bond Fund, Inc.",2026-08-18,XISDX,Fixed Income - Taxable-High Yield,20.36,412.869,,Monthly,0.55298,0.105,20.0,6.6707,,,2.15,,449.494,True,False,False,False,False,False,,8.75,10.02,4.09,4.28,1.37,-9.87,,,-4.89,927680,,,97.3684,,,,13.82625,-0.62905,-1.72,-1.69,-1.2,2026-08-18T00:00:00,2012-04-26T00:00:00,4/26/2012,1335398400,2026-08-13T00:00:00
276,SDHY,-0.049,7.55685,7.94605,0.108,3.7800000000000002,14,Morningstar US CEF High Yield,88,PGIM,True,16.31,0.09,17.15,2026-08-18T00:00:00,69355J104,PGIM Short Duration High Yield Opps,2026-08-18,XSDHX,Fixed Income - Taxable-High Yield,22.15,402.418,,Monthly,0.74624,0.108,20.0,6.4186,,,2.52,,423.143,True,False,True,False,True,False,,7.55,10.51,4.49,4.44,1.19,2.12,,,4.65,693890,,,98.7564,,,,16.37982,-6.68613,1.6800000000000002,2.39,2.32,2026-08-18T00:00:00,2020-11-25T00:00:00,11/25/2020,1606262400,2026-08-13T00:00:00
277,PAXS,-0.0398,12.2963,12.80571,0.1494,7.46,17,Morningstar US CEF Multi-Sector,90,PIMCO,True,14.0,-0.13,14.58,2026-08-18T00:00:00,72203T100,PIMCO Access Income,2026-08-18,XPAAX,Fixed Income - Taxable-Multi-Sector,39.48,660.122,,Monthly,0.7612800000000001,0.1494,20.0,7.1091,,7.51,5.85,,1135.861,True,False,False,False,True,False,,12.02,10.84,,,1.9100000000000001,-0.63,,,2.63,1846410,,,87.1897,,,,15.16967,0.68769,-1.56,-1.29,-1.16,2026-08-18T00:00:00,2022-01-31T00:00:00,1/31/2022,1643587200,2026-08-13T00:00:00
278,PCQ,-0.09359999999999999,4.49064,4.95413,0.036,10.39,22,Morningstar US CEF Municipal-CA,84,"Pacific Investment Management Company, LLC",False,8.72,0.0,9.62,2026-08-18T00:00:00,72200N106,PIMCO CA Municipal Income,2026-08-18,XPCQX,Fixed Income - Municipal-Municipal - CA,42.66,489.477,0.161,Monthly,0.16229,0.036,15.0,4.7722,,14.81,4.27,,941.704,True,False,True,False,False,False,,2.05,-1.27,-2.98,-10.54,0.08,1.23,,,9.24,1567420,,,93.2247,,16.3,9.4,8.78039,-11.232240000000001,2.43,2.64,2.56,2026-08-18T00:00:00,2001-06-29T00:00:00,6/29/2001,993772800,2026-08-13T00:00:00
279,PTY,0.0264,12.53826,12.21594,0.11879999999999999,8.93,15,Morningstar US CEF Investment Grade,90,PIMCO,False,11.67,-0.01,11.37,2026-08-18T00:00:00,72201B101,PIMCO Corporate & Income Opportunity Fd,2026-08-18,XPTYX,Fixed Income - Taxable-Investment Grade,17.28,2561.58,0.218,Monthly,0.56621,0.11879999999999999,15.0,,,7.79,1.27,,3017.229,True,False,False,False,False,False,,15.21,3.15,8.08,-0.3,2.5700000000000003,-2.59,,,-5.69,10512540,,,92.5257,,,,12.80563,9.54085,-1.16,-1.17,-1.17,2026-08-18T00:00:00,2002-12-27T00:00:00,12/27/2002,1040947200,2026-08-13T00:00:00
280,PCN,0.0272,11.86292,11.54833,0.11249999999999999,7.57,15,Morningstar US CEF Investment Grade,84,"Pacific Investment Management Company, LLC",False,11.69,-0.06,11.38,2026-08-18T00:00:00,72200U100,PIMCO Corporate & Income Strgy,2026-08-18,XPCNX,Fixed Income - Taxable-Investment Grade,5.83,889.14,0.038,Monthly,0.55593,0.11249999999999999,15.0,,,7.24,1.2,,919.159,True,False,False,False,False,False,,13.43,5.59,6.97,1.05,2.09,-2.42,,,3.22,3260960,,,92.1813,,,,12.41648,6.04278,-1.09,-0.15,-0.6,2026-08-18T00:00:00,2001-12-21T00:00:00,12/21/2001,1008892800,2026-08-13T00:00:00
281,PDI,-0.0326,16.90735,17.47688,0.2205,8.58,17,Morningstar US CEF Multi-Sector,84,"Pacific Investment Management Company, LLC",False,15.14,-0.29,15.65,2026-08-18T00:00:00,72201Y101,PIMCO Dynamic Income Fund,2026-08-18,XPDIX,Fixed Income - Taxable-Multi-Sector,31.75,7201.905,,Monthly,0.8963,0.2205,25.0,7.0675,,7.46,4.46,,10907.414,True,False,False,False,False,False,,13.36,9.52,6.02,3.2800000000000002,2.17,-0.88,,,-2.8,27436010,,,89.285,,,,17.79755,8.03642,-2.56,-3.85,-3.14,2026-08-18T00:00:00,2012-05-25T00:00:00,5/25/2012,1337904000,2026-08-13T00:00:00
282,PDO,0.0047,12.02821,11.97192,0.12789999999999999,9.26,13,Morningstar US CEF Global Income,84,"Pacific Investment Management Company, LLC",True,12.82,0.1,12.76,2026-08-18T00:00:00,69355M107,PIMCO Dynamic Income Opportunities Fund,2026-08-18,XPDOX,Fixed Income - Taxable-Global Income,34.45,1863.767,,Monthly,0.6564,0.12789999999999999,20.0,7.2428,,7.31,5.22,,2830.023,True,False,False,False,True,False,,13.44,12.57,3.39,3.0,2.17,0.9500000000000001,,,8.6,6087640,,,87.4408,,,,13.5519,3.61988,-1.74,-1.6600000000000001,-1.12,2026-08-18T00:00:00,2021-01-29T00:00:00,1/29/2021,1611878400,2026-08-13T00:00:00
283,PDX,-0.0885,6.71477,7.36677,0.1334,7.64,25,Morningstar US CEF Global Allocation,90,PIMCO,True,21.73,-0.05,23.84,2026-08-18T00:00:00,69346N107,PIMCO Dynamic Income Strategy Fund,2026-08-18,XPDX,Hybrid-Global Allocation,22.39,971.482,,Monthly,0.70899,0.1334,20.0,6.1113,,6.61,3.29,,1373.292,True,True,True,False,True,True,,17.81,22.07,21.28,24.39,16.88,18.99,,,7.57,1215790,,,89.6993,,,,21.54938,-9.55197,0.41000000000000003,0.78,1.1,2026-08-18T00:00:00,2019-01-30T00:00:00,1/30/2019,1548806400,2026-08-13T00:00:00
284,PGP,-0.060700000000000004,8.97075,9.55017,0.06899999999999999,22.26,25,Morningstar US CEF Global Allocation,84,"Pacific Investment Management Company, LLC",False,8.67,-0.16,9.23,2026-08-18T00:00:00,722011103,PIMCO Global StocksPLUS & Income,2026-08-18,XPGPX,Hybrid-Global Allocation,48.5,100.5,0.07,Monthly,0.38544,0.06899999999999999,25.0,6.7163,,7.5600000000000005,2.5300000000000002,,207.73,True,False,False,False,False,False,,18.92,16.04,7.75,5.01,7.43,-2.01,,,11.55,436920,,,92.7925,,,,8.75329,-1.06501,-1.9,-0.84,-1.22,2026-08-18T00:00:00,2005-05-31T00:00:00,5/31/2005,1117497600,2026-08-13T00:00:00
285,PHK,0.0179,12.885909999999999,12.65934,0.048,9.2,17,Morningstar US CEF Multi-Sector,84,"Pacific Investment Management Company, LLC",False,4.55,0.0,4.47,2026-08-18T00:00:00,722014107,PIMCO High Income,2026-08-18,XPHKX,Fixed Income - Taxable-Multi-Sector,19.87,864.206,-0.044000000000000004,Monthly,0.23584,0.048,15.0,,,8.09,1.44,,1059.575,True,False,False,False,False,False,,13.28,10.04,6.74,3.9699999999999998,3.27,2.98,,,7.96,7522000,,,92.8093,,,,4.7741,4.02235,-1.2,-0.49,-0.63,2026-08-18T00:00:00,2003-04-30T00:00:00,4/30/2003,1051660800,2026-08-13T00:00:00
286,PFL,0.016,13.00666,12.8021,0.0814,6.47,17,Morningstar US CEF Multi-Sector,90,PIMCO,False,7.63,-0.04,7.51,2026-08-18T00:00:00,72201H108,PIMCO Income Strategy,2026-08-18,XPFLX,Fixed Income - Taxable-Multi-Sector,7.83,382.762,0.077,Monthly,0.35014,0.0814,20.0,,,6.86,1.8599999999999999,,408.749,True,False,False,False,False,False,,12.22,10.24,5.06,2.18,1.82,-1.46,,,3.7800000000000002,2068990,,,89.0405,,,,8.17405,4.39474,-1.38,-0.28,-0.74,2026-08-18T00:00:00,2003-08-26T00:00:00,8/26/2003,1061856000,2026-08-13T00:00:00
287,PFN,0.0262,12.55977,12.23864,0.0718,8.39,17,Morningstar US CEF Multi-Sector,84,"Pacific Investment Management Company, LLC",False,7.04,0.01,6.86,2026-08-18T00:00:00,72201J104,PIMCO Income Strategy II,2026-08-18,XPFNX,Fixed Income - Taxable-Multi-Sector,24.07,700.297,0.094,Monthly,0.36318,0.0718,20.0,,,8.1,1.71,,898.666,True,False,False,False,False,False,,13.32,12.62,5.63,2.96,2.5300000000000002,1.45,,,6.5,4345640,,,91.5001,,,,7.24747,2.75791,-0.06,0.64,0.8,2026-08-18T00:00:00,2004-10-29T00:00:00,10/29/2004,1099008000,2026-08-13T00:00:00
288,PML,-0.049100000000000005,6.12403,6.44022,0.0395,7.98,21,Morningstar US CEF Municipal,90,PIMCO,False,7.36,-0.03,7.74,2026-08-18T00:00:00,72200W106,PIMCO Municipal Income II,2026-08-18,XPMLX,Fixed Income - Municipal-Municipal,43.22,923.443,0.10300000000000001,Monthly,0.22416,0.0395,15.0,4.8605,,14.19,4.19,,1710.303,True,False,True,False,False,False,,1.25,-1.58,-3.76,-8.31,-0.23,0.38,,,8.03,4419340,,,95.705,,15.68,9.07,7.60234,-5.68255,0.64,2.5300000000000002,1.5899999999999999,2026-08-18T00:00:00,2002-06-28T00:00:00,6/28/2002,1025222400,2026-08-13T00:00:00
289,PNI,-0.0964,4.67635,5.17544,0.0295,9.07,23,Morningstar US CEF Municipal-NY,90,PIMCO,False,6.84,-0.01,7.57,2026-08-18T00:00:00,72200Y102,PIMCO NY Municipal Income II,2026-08-18,XPNIX,Fixed Income - Municipal-Municipal - NY,42.16,163.376,0.065,Monthly,0.17601,0.0295,15.0,4.8205,,14.29,4.31,,312.585,True,False,True,False,False,False,,0.88,1.19,-4.29,-6.12,0.3,1.6400000000000001,,,10.76,560930,,,96.1901,,16.81,9.8,6.94712,-10.94053,1.8599999999999999,1.51,1.6800000000000002,2026-08-18T00:00:00,2002-06-28T00:00:00,6/28/2002,1025222400,2026-08-13T00:00:00
290,RCS,0.14880000000000002,10.50328,9.14286,0.04,9.97,15,Morningstar US CEF Investment Grade,90,PIMCO,False,5.25,-0.04,4.57,2026-08-18T00:00:00,72200X104,PIMCO Strategic Income Fund,2026-08-18,XRCSX,Fixed Income - Taxable-Investment Grade,80.33,248.906,0.019,Monthly,0.23481000000000002,0.04,12.5,6.5454,,7.52,3.49,,1101.786,True,False,False,False,False,False,,15.1,7.43,5.04,1.8900000000000001,2.88,-2.14,,,-20.71,1543780,,,99.6224,,,,6.10127,31.86308,-1.01,-0.8300000000000001,-1.1400000000000001,2026-08-18T00:00:00,1994-02-24T00:00:00,2/24/1994,762048000,2026-08-13T00:00:00
291,PWRL,-0.20559999999999998,,,,,8,Morningstar US CEF Sector Equity,91,Powerlaw Fund Adviser LLC,False,11.67,-0.1,14.69,2026-07-31T00:00:00,738922103,Powerlaw Corp.,2026-08-18,XPWRX,Equity-Sector Equity,,,,,,,,,,,0.0,,,False,True,True,False,False,False,,,,,,,,,,,0,,,,,,,,,,,,2026-08-18T00:00:00,2026-05-27T00:00:00,5/27/2026,1779840000,
292,PGZ,-0.07780000000000001,11.53846,12.51241,0.105,8.96,7,Morningstar US CEF Real Estate,92,Principal Funds,True,10.07,0.0,10.92,2026-08-18T00:00:00,74255X104,Principal Real Estate Income Fund,2026-08-18,XPGZX,Equity-Real Estate,30.45,67.41,,Monthly,0.34794,0.105,20.0,3.6927,,,4.79,,105.1,True,False,True,False,True,False,,11.67,15.03,0.67,3.27,4.62,9.71,,,11.33,259890,,,80.4473,,4.67,,10.17878,-9.9988,1.52,0.65,1.17,2026-08-18T00:00:00,2013-06-26T00:00:00,6/26/2013,1372204800,2026-08-17T00:00:00
293,UTG,0.0054,6.4335,6.39919,0.21,5.44,8,Morningstar US CEF Sector Equity,93,Reaves Asset Management,True,39.38,-1.1400000000000001,39.17,2026-08-18T00:00:00,756158101,Reaves Utility Income,2026-08-18,XUTGX,Equity-Sector Equity,20.84,3627.259,,Monthly,0.14102,0.21,20.0,,,,2.09,,4557.916,True,False,True,False,True,False,,19.31,19.41,9.79,9.59,8.3,8.31,,,6.88,2501100,,,,,2.62,,39.42391,-0.44615000000000005,0.8,1.0,0.96,2026-08-18T00:00:00,2004-02-24T00:00:00,2/24/2004,1077580800,2026-08-18T00:00:00
294,RCG,-0.053,,,0.022371,21.29,26,Morningstar US CEF US Allocation,63,Horizon Kinetics Asset Management LLC,False,2.8600000000000003,0.06,3.02,2026-08-18T00:00:00,759720105,RENN Fund ord,2026-08-18,XXRENNX,Hybrid-U.S. Allocation,11.03,20.065,,Data Not Available,-0.00658,0.022371,10.0,,,,1.56,,21.188,True,True,True,False,False,False,,13.08,18.38,6.45,7.85,12.72,17.32,,,16.41,79530,,,,,0.15,,2.77047,-9.53272,1.02,0.9,0.76,2026-08-18T00:00:00,1994-01-20T00:00:00,1/20/1994,759024000,2024-12-16T00:00:00
295,RSF,-0.0248,11.05645,11.338,0.1371,8.08,14,Morningstar US CEF High Yield,94,"RiverNorth Capital Management, LLC",False,14.5105,-0.05,14.88,2026-08-18T00:00:00,76882B108,RiverNorth Capital and Inc Fund,2026-08-18,XRSFX,Fixed Income - Taxable-High Yield,9.65,50.271,,Monthly,1.04616,0.1371,21.42,,,,6.38,,51.551,True,False,True,False,False,False,,8.74,9.04,6.15,5.58,4.37,8.18,,,10.67,168660,,,,,2.96,,14.58852,-4.21292,1.6600000000000001,1.9,1.21,2026-08-18T00:00:00,2016-09-22T00:00:00,9/22/2016,1474502400,2026-08-14T00:00:00
296,RFM,-0.058499999999999996,6.79434,7.21638,0.0881,10.95,21,Morningstar US CEF Municipal,94,"RiverNorth Capital Management, LLC",True,14.65,-0.17,15.56,2026-08-18T00:00:00,76883H104,RiverNorth Flexible Municipal Income,2026-08-18,XRFMX,Fixed Income - Municipal-Municipal,40.34,89.58,,Monthly,0.26571,0.0881,20.0,5.1339,,,4.92,,159.485,True,True,True,False,True,True,,4.1,3.86,-1.04,-1.48,3.7800000000000002,8.81,,,14.23,216100,,,101.6818,,17.23,17.45,14.3724,-8.79761,2.34,1.71,1.9100000000000001,2026-08-18T00:00:00,2020-03-26T00:00:00,3/26/2020,1585180800,2026-08-14T00:00:00
297,RFMZ,-0.060599999999999994,6.79915,7.23781,0.0804,10.94,21,Morningstar US CEF Municipal,94,"RiverNorth Capital Management, LLC",True,13.33,-0.01,14.19,2026-08-18T00:00:00,76883Y107,RiverNorth Flexible Municipal Income II,2026-08-18,XRFZX,Fixed Income - Municipal-Municipal,40.78,324.609,,Monthly,0.25023,0.0804,20.0,5.1559,,,5.04,,583.481,True,True,True,False,True,True,,4.38,5.07,-0.72,-1.81,3.54,7.66,,,12.87,759330,,,101.2073,,16.29,15.96,13.02617,-9.35161,2.47,1.99,1.8,2026-08-18T00:00:00,2021-02-24T00:00:00,2/24/2021,1614124800,2026-08-14T00:00:00
298,RMMZ,-0.0613,6.82323,7.26852,0.0891,10.36,21,Morningstar US CEF Municipal,94,"RiverNorth Capital Management, LLC",False,14.71,-0.05,15.67,2026-08-18T00:00:00,76882M104,RiverNorth Manage Dur Muni Inc Fd II Inc,2026-08-18,XRMZX,Fixed Income - Municipal-Municipal,41.27,124.373,,Monthly,0.25979,0.0891,20.0,5.1833,,,4.97,,225.605,True,False,True,False,False,True,,3.86,4.64,,,3.33,5.92,,,13.83,232840,,,102.0403,,16.06,14.6,14.8113,-6.8933800000000005,0.73,1.88,1.34,2026-08-18T00:00:00,2022-02-10T00:00:00,2/10/2022,1644451200,2026-08-14T00:00:00
299,RMM,-0.030899999999999997,6.82606,7.04366,0.0847,10.76,21,Morningstar US CEF Municipal,94,"RiverNorth Capital Management, LLC",False,14.43,-0.01,14.89,2026-08-18T00:00:00,76882H105,RiverNorth Managed Duration Muni Inc Fd,2026-08-18,XRMMX,Fixed Income - Municipal-Municipal,41.03,284.843,,Monthly,0.2686,0.0847,20.0,5.105,,,4.75,,498.433,True,True,True,False,False,True,,4.11,4.09,0.4,-0.91,3.43,9.68,,,11.4,697590,,,101.5299,,9.95,16.69,14.15529,-6.38788,1.82,1.62,1.35,2026-08-18T00:00:00,2019-07-25T00:00:00,7/25/2019,1564012800,2026-08-14T00:00:00
300,RMI,-0.0137,6.7949,6.88925,0.08889999999999999,11.12,21,Morningstar US CEF Municipal,94,"RiverNorth Capital Management, LLC",False,15.485,-0.24,15.7,2026-08-18T00:00:00,76883F108,RiverNorth Opp Muni Income Fund Inc,2026-08-18,XRMIX,Fixed Income - Municipal-Municipal,40.04,98.71,,Monthly,0.26035,0.08889999999999999,20.0,5.14,,,4.93,,166.925,True,True,True,False,False,True,,4.1,5.51,-1.04,-0.11,3.84,13.9,,,20.63,250410,,,101.6429,,16.95,16.93,14.9645,-5.84821,1.56,1.38,1.27,2026-08-18T00:00:00,2018-10-25T00:00:00,10/25/2018,1540425600,2026-08-14T00:00:00
301,RIV,-0.0942,12.952069999999999,14.29927,0.1306,9.59,26,Morningstar US CEF US Allocation,94,"RiverNorth Capital Management, LLC",True,10.96,-0.18,12.1,2026-08-18T00:00:00,76881Y109,RiverNorth Opportunities Fund,2026-08-18,XRIVX,Hybrid-U.S. Allocation,25.72,299.989,,Monthly,0.24094000000000002,0.1306,20.0,6.1355,,7.28,2.07,,445.862,True,False,False,False,True,True,,12.6,13.68,6.64,4.01,1.9100000000000001,4.66,,,5.58,986590,,,97.8914,,,,11.70514,-5.28133,-2.2,-3.6,-3.93,2026-08-18T00:00:00,2015-12-23T00:00:00,12/23/2015,1450828800,2026-08-14T00:00:00
302,OPP,-0.0771,13.36597,14.48276,0.091,7.68,14,Morningstar US CEF High Yield,94,"RiverNorth Capital Management, LLC",True,7.54,-0.02,8.17,2026-08-18T00:00:00,76882G107,RiverNorth/DoubleLine Strategic Opp Fund,2026-08-18,XOPPX,Fixed Income - Taxable-High Yield,37.82,188.426,,Monthly,0.31625000000000003,0.091,20.0,4.9979,,,2.7800000000000002,,328.361,True,False,True,False,True,True,,9.76,10.85,2.48,0.55,1.5899999999999999,4.03,,,2.62,1028830,,,75.0367,,,,7.9318,-8.16684,0.21,0.72,0.8200000000000001,2026-08-18T00:00:00,2016-09-27T00:00:00,9/27/2016,1474934400,2026-08-14T00:00:00
303,RVI,0.1155,,,,,5,Morningstar US CEF Global Equity,95,"Robinhood Ventures DE, LLC",True,27.91,-6.04,25.02,2026-06-30T00:00:00,770701100,Robinhood Ventures Fund I,2026-08-18,XRVIX,Equity-Global Equity,,760.47,,Annually,,,25.0,,,,2.72,,681.725,False,True,True,False,True,False,,,,,,,,,,,0,,,,,,,,,,-0.77,,2026-08-18T00:00:00,2026-03-06T00:00:00,3/6/2026,1772755200,
304,BOT,1.2951,,,,,8,Morningstar US CEF Sector Equity,52,"FP Strategies, LLC",True,28.41,-1.0,11.32,2026-07-31T00:00:00,77106T107,RoboStrategy Inc,2026-08-18,XBOTX,Equity-Sector Equity,,,,,,,,,,,0.0,,,False,True,True,False,True,False,,,,,,,,,,,0,,,,,,,,,,,,2026-08-18T00:00:00,2026-05-11T00:00:00,5/11/2026,1778457600,
305,RGT,-0.1364,1.07527,1.24509,0.19,24.87,5,Morningstar US CEF Global Equity,96,Royce Investment Partners,False,15.26,-0.01,17.67,2026-08-18T00:00:00,78081T104,"Royce Global Trust, Inc.",2026-08-18,XRGTX,Equity-Global Equity,2.11,100.149,,Annually,-0.93737,0.19,8.975,,,,1.35,,115.966,True,True,True,False,False,False,,17.94,19.95,6.35,5.53,14.44,15.33,,,26.65,200870,,,,,,,13.70945,-14.74041,0.98,1.48,1.5899999999999999,2026-08-18T00:00:00,2013-10-18T00:00:00,10/18/2013,1382054400,2025-12-11T00:00:00
306,RMT,-0.1099,5.24345,5.8906,0.21,51.45,10,Morningstar US CEF US Equity,96,Royce Investment Partners,True,14.26,-0.35000000000000003,16.02,2026-08-18T00:00:00,780915104,Royce Micro-Cap Trust,2026-08-18,XOTCX,Equity-U.S. Equity,2.2800000000000002,762.604,,Quarterly,-0.11427,0.21,10.0,,,,1.3900000000000001,,876.726,True,True,True,False,True,False,,21.63,23.15,10.4,11.65,33.46,34.78,,,54.46,1226280,,,,,,,11.91736,-11.46778,0.67,0.99,0.21,2026-08-18T00:00:00,1993-12-14T00:00:00,12/14/1993,755827200,2026-06-11T00:00:00
307,RVT,-0.11109999999999999,5.88794,6.62393,0.31,30.6,10,Morningstar US CEF US Equity,96,Royce Investment Partners,True,18.72,-0.31,21.06,2026-08-18T00:00:00,780910105,Royce Small-Cap Trust,2026-08-18,XRVTX,Equity-U.S. Equity,1.37,2239.433,,Quarterly,0.08396,0.31,10.0,,,,1.35,,2554.363,True,True,False,False,True,False,,16.35,17.3,8.13,8.77,20.38,16.39,,,29.81,2779640,,,,,,,17.18203,-9.77106,-0.72,0.47000000000000003,-0.61,2026-08-18T00:00:00,1986-11-26T00:00:00,11/26/1986,533347200,2026-06-11T00:00:00
308,BRW,-0.10099999999999999,14.10788,15.692309999999999,0.08499999999999999,-0.42,19,Morningstar US CEF Senior Loans,97,"Saba Capital Management, LP",False,6.5,-0.05,7.23,2026-08-18T00:00:00,78518H202,Saba Capital Income & Opportunities Fund,2026-08-18,XPPRX,Fixed Income - Taxable-Senior Loans,12.37,337.578,,Monthly,0.07357,0.08499999999999999,10.0,,,,5.82,,428.49,True,False,True,False,False,False,,9.06,8.6,7.26,7.29,3.13,3.06,,,-8.46,2690510,,,,,6.5,,7.00074,-10.32686,0.09,0.32,0.59,2026-08-18T00:00:00,1988-05-12T00:00:00,5/12/1988,579398400,2026-08-11T00:00:00
309,SABA,-0.12710000000000002,7.37288,8.4466,0.057999999999999996,2.16,13,Morningstar US CEF Global Income,97,"Saba Capital Management, LP",False,8.24,0.0,9.44,2026-08-18T00:00:00,880198205,Saba Capital Income & Ops Fund II,2026-08-18,XSABX,Fixed Income - Taxable-Global Income,,222.392,,Monthly,0.07175000000000001,0.057999999999999996,10.0,7.8815,,7.8100000000000005,4.58,,254.779,False,False,False,False,False,False,,9.87,8.32,4.7,2.9699999999999998,5.5600000000000005,4.88,,,-2.96,721680,,,,,,,8.50365,-12.1347,-0.34,0.53,0.3,2026-08-18T00:00:00,1988-03-17T00:00:00,3/17/1988,574560000,2026-08-11T00:00:00
310,SPMC,-0.023399999999999997,25.50478,26.11534,0.13,-35.7,19,Morningstar US CEF Senior Loans,99,Sound Point Meridian Management Company LLC,True,9.19,-1.08,9.61,2026-07-31T00:00:00,83617A108,Sound Point Meridian Capital Inc,2026-08-18,,Fixed Income - Taxable-Senior Loans,,189.579,,Monthly,1.06488,0.13,20.0,,,,10.95,,194.117,False,False,False,False,True,False,,,,,,-21.15,-12.65,,,-28.89,286940,,,,,,,12.90372,-0.8150400000000001,-0.2,-1.28,-0.31,2026-08-18T00:00:00,2024-06-14T00:00:00,6/14/2024,1718323200,2026-08-14T00:00:00
311,SOR,-0.0737,4.96544,5.36044,0.20829999999999999,15.85,26,Morningstar US CEF US Allocation,48,"First Pacific Advisors, LP",True,46.6305,0.14,50.34,2026-08-18T00:00:00,836144303,Source Capital,2026-08-18,XSORX,Hybrid-U.S. Allocation,0.0,383.814,,Monthly,1.17317,0.20829999999999999,17.5,3.0676,,,0.9800000000000001,,414.347,True,True,False,False,True,False,,13.81,15.06,9.11,9.52,6.99,5.01,,,13.95,107490,,,,,,,46.21159,-5.03145,-0.98,0.98,-0.45,2026-08-18T00:00:00,1968-10-24T00:00:00,10/24/1968,-37497600,2026-08-13T00:00:00
312,SPE,-0.1594,8.21928,9.77811,0.10869999999999999,0.91,10,Morningstar US CEF US Equity,22,Bulldog Investors LLP,False,13.34,-0.3,15.87,2026-08-14T00:00:00,84741T104,Special Opportunities,2026-08-18,XSPEX,Equity-U.S. Equity,24.9,141.713,,Monthly,0.02606,0.10869999999999999,15.0,5.1616,,19.11,1.8599999999999999,,224.484,True,False,False,False,False,False,,12.68,15.43,8.1,7.96,-2.42,-6.45,,,-3.05,343410,,,,,,,14.58943,-10.62032,-2.83,-1.99,-2.03,2026-08-18T00:00:00,1993-06-08T00:00:00,6/8/1993,739497600,2026-06-16T00:00:00
313,FUND,-0.0904,4.86007,5.34334,0.1424,35.81,10,Morningstar US CEF US Equity,101,Sprott Asset Management USA Inc.,True,10.66,-0.06,11.72,2026-08-18T00:00:00,85208J109,Sprott Focus Trust,2026-08-18,XFUNX,Equity-U.S. Equity,0.0,318.689,,Quarterly,0.07343,0.1424,10.0,,,,1.13,,350.378,True,True,True,False,True,False,,13.63,13.33,11.1,11.84,17.15,17.55,,,38.28,266420,,,,,,,9.25922,-10.58293,2.21,1.3,1.67,2026-08-18T00:00:00,1988-03-01T00:00:00,3/1/1988,573177600,2026-06-12T00:00:00
314,CEF,-0.0308,,,,33.08,2,Morningstar US CEF Commodity,100,Sprott Asset Management LP,False,43.78,-1.29,45.17,2026-08-18T00:00:00,85208R101,Sprott Physical Gold and Silver Trust,2026-08-18,XCEFX,Equity-Commodities,,7524.913,,Data Not Available,0.0,,13.72,,,,0.46,,7763.827,False,False,True,False,False,False,,28.46,28.86,16.96,16.5,-12.05,-12.64,,,32.84,10637820,,,,,,,43.94418,-4.37196,0.9400000000000001,1.88,1.83,2026-08-18T00:00:00,2018-01-16T00:00:00,1/16/2018,1516060800,
315,PHYS,-0.017,,,,22.24,2,Morningstar US CEF Commodity,100,Sprott Asset Management LP,False,33.02,-0.59,33.59,2026-08-18T00:00:00,85207H104,Sprott Physical Gold Trust Unit,2026-08-18,,Equity-Commodities,,15829.655,,Data Not Available,0.0,,10.0,,,,0.4,,16102.911,False,False,True,False,False,False,,26.4,25.98,16.7,16.33,-6.61,-7.36,,,21.53,48387920,,,,,,,33.03529,-2.23209,0.9,2.66,1.85,2026-08-18T00:00:00,2010-02-26T00:00:00,2/26/2010,1267142400,
316,SPPP,-0.0401,,,,16.36,2,Morningstar US CEF Commodity,100,Sprott Asset Management LP,False,13.870000000000001,-0.38,14.45,2026-08-18T00:00:00,85207Q104,Sprott Physical Platinum & Palladium Tr,2026-08-18,,Equity-Commodities,,552.785,,Data Not Available,0.0,,10.0,,,,1.01,,575.9,False,False,True,False,False,False,,7.42,5.75,-5.38,-5.73,-20.59,-20.37,,,12.5,9085700,,,,,,,15.09789,-4.65414,0.28,2.56,2.69,2026-08-18T00:00:00,2012-12-19T00:00:00,12/19/2012,1355875200,
317,PSLV,-0.0426,,,,55.05,2,Morningstar US CEF Commodity,100,Sprott Asset Management LP,False,20.7,-0.8,21.62,2026-08-18T00:00:00,85207K107,Sprott Physical Silver Trust Unit,2026-08-18,,Equity-Commodities,,13093.816,,Data Not Available,0.0,,10.0,,,,0.56,,13675.763,False,False,True,False,False,False,,31.23,30.55,16.58,16.13,-20.05,-20.51,,,51.37,175657810,,,,,,,21.45908,-4.50591,0.15,1.56,1.09,2026-08-18T00:00:00,2010-10-29T00:00:00,10/29/2010,1288310400,
318,STEW,-0.2224,3.36276,4.32432,0.19999999999999998,11.02,10,Morningstar US CEF US Equity,85,Paralel Advisors LLC,True,18.5,0.09,23.79,2026-08-18T00:00:00,101507101,SRH Total Return Fund,2026-08-18,XSTEX,Equity-U.S. Equity,8.89,1784.168,,Quarterly,0.03245,0.19999999999999998,10.0,5.4498,,,1.42,,2518.178,True,True,False,False,True,False,,15.95,15.04,11.88,10.47,6.48,3.35,,,9.26,811300,,,,,0.4,,17.94401,-21.40027,-0.8,1.1,-0.06,2026-08-18T00:00:00,1972-12-07T00:00:00,12/7/1972,92534400,2026-07-24T00:00:00
319,TWN,-0.209,5.12244,6.47608,6.2002,103.15,1,Morningstar US CEF Asia Equity,80,Nomura Asset Management USA Inc,False,95.74,-2.43,121.04,2026-08-18T00:00:00,874036106,Taiwan Fund,2026-08-18,XXTWNXX,Equity-Asia Equity,,549.743,,Annually,0.0,6.2002,22.42,,,,1.32,,695.016,False,True,False,False,False,False,,48.55,49.24,27.9,27.3,63.26,53.82,,,100.36,299060,,,,,,,69.53629,-15.68172,-2.33,-1.83,-1.75,2026-08-18T00:00:00,1986-12-23T00:00:00,12/23/1986,535680000,2025-12-29T00:00:00
320,TSI,-0.0909,7.01653,7.71818,0.0283,0.9500000000000001,17,Morningstar US CEF Multi-Sector,102,TCW Investment Management Co LLC,False,4.4,0.01,4.84,2026-08-18T00:00:00,872340104,TCW Strategic Income,2026-08-18,XXCVTXX,Fixed Income - Taxable-Multi-Sector,0.0,210.256,,Monthly,0.13571,0.0283,10.0,4.6909,,,1.17,,231.282,True,False,False,False,False,False,,5.94,6.03,2.92,1.75,-1.82,-6.99,,,-2.89,1191100,,,97.6881,,,,4.71978,-6.66592,-1.45,-1.03,-0.9,2026-08-18T00:00:00,1987-03-05T00:00:00,3/5/1987,541900800,2026-08-17T00:00:00
321,TDF,-0.1439,4.71698,5.50964,0.15,9.0,1,Morningstar US CEF Asia Equity,103,Templeton Asset Management Ltd.,False,10.89,0.0,12.72,2026-08-18T00:00:00,88018T101,Templeton Dragon,2026-08-18,XTDFX,Equity-Asia Equity,0.31,274.603,,Quarterly,0.02559,0.15,15.0,,,,1.21,,321.753,True,False,False,False,False,False,,4.39,4.69,-6.53,-6.95,-2.38,-2.35,,,9.5,751380,,,,,,,11.22284,-14.06167,-0.34,-0.05,0.06,2026-08-18T00:00:00,1994-09-20T00:00:00,9/20/1994,780019200,2026-06-23T00:00:00
322,TEI,-0.0519,9.08836,9.5858,0.054,26.37,12,Morningstar US CEF Emerging Market Income,53,"Franklin Advisers, Inc.",False,6.76,0.02,7.13,2026-08-18T00:00:00,880192109,Templeton Emerg Mkts Income,2026-08-18,XTEIX,Fixed Income - Taxable-Emerging Market Income,16.18,319.264,,Monthly,0.3607,0.054,15.0,8.2846,,,2.37,,401.739,True,True,True,False,False,False,,18.04,21.68,7.55,8.57,8.9,8.47,,,27.71,1864510,,,,,5.59,,6.46459,-5.8035,0.38,0.53,0.63,2026-08-18T00:00:00,1993-09-23T00:00:00,9/23/1993,748742400,2026-07-24T00:00:00
323,EMF,-0.11019999999999999,3.93281,4.41989,0.24,61.36,4,Morningstar US CEF Emerging Market Equity,55,Franklin Templeton Investments,False,21.72,-0.8,24.41,2026-08-18T00:00:00,880191101,Templeton Emerging Markets,2026-08-18,XEMFX,Equity-Emerging Market Equity,2.67,324.668,,Quarterly,0.05477,0.24,20.0,,,,1.34,,374.878,True,True,False,False,False,False,,28.25,30.01,12.18,13.05,30.73,27.3,,,62.32,402690,,,,,,,19.15793,-10.1591,-0.56,-0.59,-0.54,2026-08-18T00:00:00,1987-02-26T00:00:00,2/26/1987,541296000,2026-06-23T00:00:00
324,CEE,-0.0801,1.71359,1.86285,0.3871,46.04,4,Morningstar US CEF Emerging Market Equity,40,DWS,False,20.78,-0.3,22.59,2026-08-18T00:00:00,153436100,The Central and Eastern Europe Fund,2026-08-18,XCEEX,Equity-Emerging Market Equity,4.82,135.49,,Annually,0.05509,0.3871,19.0,,,,1.26,,154.755,True,True,False,False,False,False,,39.03,33.55,-4.08,-2.5300000000000002,28.47,15.88,,,37.21,272070,,,,,,,18.495,-1.08104,-2.52,-1.83,-2.47,2026-08-18T00:00:00,1990-03-06T00:00:00,3/6/1990,636681600,2025-12-30T00:00:00
325,TBLD,-0.063,5.31932,5.67684,0.10417,21.59,25,Morningstar US CEF Global Allocation,105,Thornburg Investment Management Inc,False,22.02,-0.28,23.5,2026-08-18T00:00:00,885213108,Thornburg Income Builder Opp Trust,2026-08-18,XTBLX,Hybrid-Global Allocation,0.07,706.443,,Monthly,0.26058,0.10417,20.0,5.557,,,1.62,,754.441,True,True,False,False,False,True,,16.37,20.18,10.23,9.39,12.09,12.17,,,19.33,607180,,,89.9154,,,,21.07438,-5.6123,-0.55,-0.6900000000000001,-0.7000000000000001,2026-08-18T00:00:00,2021-07-27T00:00:00,7/27/2021,1627344000,2026-08-13T00:00:00
326,TYG,-0.0455,12.22651,12.80899,0.475,6.26,6,Morningstar US CEF MLP,106,"Tortoise Capital Advisors, LLC",False,44.5,0.19,46.62,2026-08-18T00:00:00,89147L886,Tortoise Energy Infrastructure Corp.,2026-08-18,XTYGX,Equity-MLP,26.71,940.267,,Monthly,-0.21128,0.475,25.0,,,,3.13,,1344.064,True,False,True,False,False,False,,17.03,24.32,14.83,21.17,9.8,12.58,,,11.47,1257980,,,,,0.25,,44.55586,-4.99754,0.14,1.15,-0.14,2026-08-18T00:00:00,2004-02-27T00:00:00,2/27/2004,1077840000,2026-07-24T00:00:00
327,SWZ,-0.1989,7.89229,9.85203,3.0,5.14,9,Morningstar US CEF Single Country Equity,22,Bulldog Investors LLP,False,5.92,-0.01,7.39,2026-08-18T00:00:00,870875101,Total Return Securities Fund,2026-08-18,XSWZX,Equity-Single-Country Equity,0.0,76.805,,Quarterly,0.01728,3.0,8.0,5.1558,,19.63,2.21,,95.877,True,False,False,False,False,False,,1.6600000000000001,0.8,1.03,0.73,6.5,-5.14,,,-4.22,701330,,,,,,9.02,6.02845,-16.0668,-1.31,-0.48,-1.12,2026-08-18T00:00:00,1987-08-27T00:00:00,8/27/1987,557020800,2025-03-18T00:00:00
328,TY,-0.109,2.88518,3.23815,0.2852,17.54,26,Morningstar US CEF US Allocation,31,"Columbia Mgmt Investment Advisers, LLC",False,35.23,-0.77,39.54,2026-08-18T00:00:00,895436103,Tri-Continental,2026-08-18,XTYCX,Hybrid-U.S. Allocation,1.75,1885.354,,Quarterly,0.5488000000000001,0.2852,10.0,6.057,,,0.46,,2153.643,True,True,False,False,False,False,,15.17,17.54,9.49,11.0,9.24,10.29,,,19.03,361680,,,,,4.48,,33.83337,-10.23039,-0.84,-1.53,-0.68,2026-08-18T00:00:00,1929-01-14T00:00:00,1/14/1929,-1292716800,2026-06-16T00:00:00
329,AIO,-0.0745,7.55245,8.16018,0.18,31.06,8,Morningstar US CEF Sector Equity,108,"Virtus Investment Advisers, LLC",False,26.47,-0.48,28.6,2026-08-18T00:00:00,92838Y100,Virtus AI & Tech Opp Fund,2026-08-18,XAIOX,Equity-Sector Equity,11.66,911.601,,Monthly,0.025490000000000002,0.18,20.0,4.6834,,,2.32,,1114.957,True,True,True,False,False,False,,22.72,22.7,10.79,11.68,21.04,21.33,,,15.68,839290,,,,,,,24.17207,-7.99159,0.16,1.9,2.26,2026-08-18T00:00:00,2019-10-31T00:00:00,10/31/2019,1572480000,2026-08-13T00:00:00
330,NCV,-0.0805,8.937570000000001,9.72007,0.13599999999999998,28.56,11,Morningstar US CEF Convertibles,108,"Virtus Investment Advisers, LLC",False,16.79,-0.43,18.26,2026-08-18T00:00:00,92838X805,Virtus Convertible & Income Fund,2026-08-18,XNCVX,Fixed Income - Taxable-Convertibles,33.68,379.343,0.012,Monthly,0.12557000000000001,0.13599999999999998,15.0,4.2431,,,2.8200000000000003,,622.114,True,True,True,False,False,False,,16.58,18.33,4.16,4.45,14.72,17.13,,,29.43,883500,,,112.1538,,6.02,,15.99046,-9.975530000000001,1.56,1.45,1.45,2026-08-18T00:00:00,2003-03-31T00:00:00,3/31/2003,1049068800,2026-08-13T00:00:00
331,NCZ,-0.0608,8.66948,9.23077,0.12,30.21,11,Morningstar US CEF Convertibles,108,"Virtus Investment Advisers, LLC",False,15.6,-0.47000000000000003,16.61,2026-08-18T00:00:00,92838U801,Virtus Convertible & Income Fund II,2026-08-18,XNCZX,Fixed Income - Taxable-Convertibles,34.37,296.851,0.0,Monthly,0.10316,0.12,15.0,4.1644,,,2.22,,481.593,True,True,True,False,False,False,,17.23,19.64,4.31,5.23,15.73,18.67,,,29.88,652850,,,111.4938,,6.05,,14.52084,-9.6017,2.47,2.19,2.5700000000000003,2026-08-18T00:00:00,2003-07-31T00:00:00,7/31/2003,1059609600,2026-08-13T00:00:00
332,ACV,-0.0146,7.73639,8.01484,0.18,27.07,26,Morningstar US CEF US Allocation,108,"Virtus Investment Advisers, LLC",False,26.95,-0.49,27.35,2026-08-18T00:00:00,92840N100,Virtus Diversified Inc & Conv Fund,2026-08-18,XACVX,Hybrid-U.S. Allocation,26.97,280.173,,Monthly,-0.00934,0.18,25.0,3.5932,,,3.63,,389.331,True,True,False,False,False,True,,18.67,20.58,7.73,8.85,13.66,6.66,,,30.38,296710,,,,,74.56,,26.16828,-0.5151,-0.26,0.61,-0.03,2026-08-18T00:00:00,2015-05-26T00:00:00,5/26/2015,1432598400,2026-08-13T00:00:00
333,NIE,-0.0956,7.7617899999999995,8.72837,0.58,18.55,26,Morningstar US CEF US Allocation,108,"Virtus Investment Advisers, LLC",False,26.58,-0.2,29.39,2026-08-18T00:00:00,92841M101,Virtus Equity & Convertible Inc Fund,2026-08-18,XNIEX,Hybrid-U.S. Allocation,,736.504,0.0,Quarterly,0.03966,0.58,25.0,2.0791,,,1.07,,814.366,False,True,True,False,False,False,,15.76,16.3,8.25,9.54,9.76,8.61,,,19.19,584520,,,,,,,25.48175,-10.34807,0.76,1.78,1.55,2026-08-18T00:00:00,2007-02-27T00:00:00,2/27/2007,1172534400,2026-06-15T00:00:00
334,VGI,-0.061900000000000004,12.37113,13.18681,0.08,6.99,17,Morningstar US CEF Multi-Sector,108,"Virtus Investment Advisers, LLC",True,7.28,-0.02,7.76,2026-08-18T00:00:00,92829B101,Virtus Global Multi-Sector Income Fund,2026-08-18,XVGIX,Fixed Income - Taxable-Multi-Sector,30.87,82.359,,Monthly,0.22072,0.08,20.0,6.035,,7.5,3.98,,126.99,True,False,False,False,True,False,,7.97,10.72,1.47,1.51,1.31,-0.62,,,4.14,374920,,,97.9305,,,,7.67725,-5.67731,-0.38,1.34,0.58,2026-08-18T00:00:00,2012-02-23T00:00:00,2/23/2012,1329955200,2026-08-13T00:00:00
335,EDF,0.0444,14.51613,13.89961,0.06,20.16,12,Morningstar US CEF Emerging Market Income,109,Virtus Investment Advisors (VIA),False,5.18,-0.01,4.96,2026-08-18T00:00:00,86164T107,Virtus Stone Harbor Emerging Markets Inc,2026-08-18,XEDFX,Fixed Income - Taxable-Emerging Market Income,21.31,166.662,,Monthly,0.22456,0.06,25.0,6.8639,,,3.13,,202.794,True,True,True,False,False,False,,21.64,19.05,8.43,5.35,9.12,13.65,,,18.5,1564720,,,,,,3.92,5.11204,2.8715900000000003,0.43,-0.84,-0.03,2026-08-18T00:00:00,2010-12-23T00:00:00,12/23/2010,1293062400,2026-08-13T00:00:00
336,ZTR,-0.0999,8.78828,9.76331,0.055,18.3,25,Morningstar US CEF Global Allocation,108,"Virtus Investment Advisers, LLC",False,6.76,0.06,7.51,2026-08-18T00:00:00,92835W107,Virtus Total Return Fund Inc,2026-08-18,XZTRX,Hybrid-Global Allocation,29.74,337.957,,Monthly,0.10525,0.055,15.0,5.8547,,6.15,3.67,,534.352,True,True,True,False,False,False,,13.66,14.25,6.67,5.15,12.26,14.03,,,20.49,1990960,,,98.4225,,,,6.5990400000000005,-10.81748,0.71,1.42,1.8900000000000001,2026-08-18T00:00:00,2005-02-24T00:00:00,2/24/2005,1109203200,2026-08-13T00:00:00
337,IAE,-0.0302,8.54326,9.00693,0.065,28.47,1,Morningstar US CEF Asia Equity,110,"Voya Investments, LLC",False,8.66,-0.21,8.93,2026-08-18T00:00:00,92912J102,Voya Asia Pacific High Div Eq Inc Fd,2026-08-18,XIAEX,Equity-Asia Equity,,93.098,,Monthly,0.02682,0.065,25.0,,,,1.21,,96.0,False,True,True,False,False,False,,17.49,23.51,9.09,11.25,15.9,23.02,,,31.7,492940,,,,,,,7.88196,-5.87971,1.21,0.16,0.9,2026-08-18T00:00:00,2007-03-27T00:00:00,3/27/2007,1174953600,2026-08-03T00:00:00
338,IHD,-0.0209,8.40764,8.8,0.055,30.54,4,Morningstar US CEF Emerging Market Equity,110,"Voya Investments, LLC",False,7.5,-0.17,7.66,2026-08-18T00:00:00,92912P108,Voya Emerging Markets High Div Eq Fd,2026-08-18,XIHDX,Equity-Emerging Market Equity,,133.019,,Monthly,0.02083,0.055,20.0,,,,1.4100000000000001,,135.857,False,True,True,False,False,False,,17.71,23.52,9.01,11.34,16.5,22.26,,,37.08,763360,,,,,,,6.78748,-5.7094000000000005,1.6,0.52,0.99,2026-08-18T00:00:00,2011-04-26T00:00:00,4/26/2011,1303776000,2026-08-03T00:00:00
339,IGA,-0.0655,9.14798,9.78887,0.08499999999999999,19.55,3,Morningstar US CEF Covered Call,110,"Voya Investments, LLC",False,10.42,-0.09,11.15,2026-08-18T00:00:00,92912R104,Voya Global Advantage and Premium Opp Fd,2026-08-18,XIGAX,Equity-Covered-Call Funds,,159.857,,Monthly,0.07357,0.08499999999999999,20.0,,,,1.01,,171.057,False,True,False,False,False,False,,14.24,18.01,9.87,11.0,12.79,10.63,,,17.41,571180,,,,,,,9.80811,-6.43536,-0.09,1.98,1.11,2026-08-18T00:00:00,2005-10-26T00:00:00,10/26/2005,1130284800,2026-08-03T00:00:00
340,IGD,0.0060999999999999995,9.09091,9.03614,0.049999999999999996,19.29,3,Morningstar US CEF Covered Call,110,"Voya Investments, LLC",False,6.64,-0.06,6.6,2026-08-18T00:00:00,92912T100,Voya Global Equity Dividend&Prm Opp Fd,2026-08-18,XIGDX,Equity-Covered-Call Funds,,523.687,,Monthly,0.04503,0.049999999999999996,20.0,,,,0.9600000000000001,,520.532,False,True,True,False,False,False,,13.88,19.68,9.08,11.85,12.47,20.41,,,25.67,2513270,,,,,,,5.96534,-3.9365200000000002,1.9300000000000002,1.29,1.34,2026-08-18T00:00:00,2005-03-28T00:00:00,3/28/2005,1111968000,2026-08-03T00:00:00
341,IDE,-0.049,8.51064,9.08403,0.09999999999999999,22.42,5,Morningstar US CEF Global Equity,110,"Voya Investments, LLC",True,13.21,-0.15,13.89,2026-08-18T00:00:00,92912X101,Voya Infrastructure Industrials&Matls Fd,2026-08-18,XIDEX,Equity-Global Equity,,200.215,,Monthly,0.02906,0.09999999999999999,20.0,,,,1.23,,210.521,False,True,False,False,True,False,,15.14,19.92,9.99,9.78,11.23,11.32,,,21.02,446310,,,,,,,12.90516,-3.1412,-0.74,-1.45,-1.16,2026-08-18T00:00:00,2010-01-26T00:00:00,1/26/2010,1264464000,2026-08-03T00:00:00
342,WDI,-0.06480000000000001,12.66525,13.56164,0.1485,5.42,17,Morningstar US CEF Multi-Sector,54,"Franklin Templeton Fund Adviser, LLC",True,13.14,-0.08,14.05,2026-08-18T00:00:00,95790K109,Western Asset Diversified Inc Fund,2026-08-18,XWDIX,Fixed Income - Taxable-Multi-Sector,33.78,682.125,,Monthly,0.8094,0.1485,20.0,8.2668,0.0,10.01,4.25,,1101.439,True,False,False,True,True,True,,8.9,11.16,3.2800000000000002,2.66,1.55,1.3,,,-0.29,1971130,,0.0,96.2566,,,,13.96946,-4.23945,-1.08,-0.91,-0.98,2026-08-18T00:00:00,2021-06-24T00:00:00,6/24/2021,1624492800,2026-07-24T00:00:00
343,EMD,-0.0328,10.38251,10.73446,0.095,12.12,12,Morningstar US CEF Emerging Market Income,54,"Franklin Templeton Fund Adviser, LLC",True,10.62,0.05,10.98,2026-08-18T00:00:00,95766A101,Western Asset Emerging Markets Debt,2026-08-18,XEMDX,Fixed Income - Taxable-Emerging Market Income,27.22,617.345,,Monthly,0.42033,0.095,20.0,6.0305,0.0,11.44,3.13,,877.042,True,True,True,True,True,False,,12.43,17.13,3.63,4.83,2.84,4.86,,,15.36,1973900,,0.0,,,7.2,5.26,10.57854,-5.12249,1.1400000000000001,1.22,1.0,2026-08-18T00:00:00,2003-12-01T00:00:00,12/1/2003,1070236800,2026-07-24T00:00:00
344,GDO,-0.08380000000000001,13.04813,14.24125,0.122,4.16,13,Morningstar US CEF Global Income,54,"Franklin Templeton Fund Adviser, LLC",False,10.28,0.0,11.22,2026-08-18T00:00:00,95790C107,Western Asset Global Corp Opp,2026-08-18,XGDOX,Fixed Income - Taxable-Global Income,33.34,77.299,,Monthly,0.40556000000000003,0.122,20.0,5.9541,0.0,8.65,4.47,,126.558,True,False,False,True,False,False,,6.12,5.22,-0.08,-1.35,-0.35000000000000003,-6.06,,,-0.51,313830,,0.0,,,,,11.28216,-4.86045,-1.8599999999999999,-1.52,-1.83,2026-08-18T00:00:00,2009-11-27T00:00:00,11/27/2009,1259280000,2026-07-24T00:00:00
345,EHI,-0.0919,13.08411,14.40823,0.06999999999999999,6.72,14,Morningstar US CEF High Yield,55,Franklin Templeton Investments,False,5.83,-0.01,6.42,2026-08-18T00:00:00,95766B109,Western Asset Global High Income,2026-08-18,XEHIX,Fixed Income - Taxable-High Yield,31.79,176.647,,Monthly,0.29517,0.06999999999999999,15.0,7.348,0.0,8.92,3.49,,285.182,True,False,False,True,False,False,,7.65,5.32,1.16,0.23,2.27,-2.46,,,0.46,1017630,,0.0,97.2695,,,,6.24228,-6.3884,-1.42,-0.76,-0.92,2026-08-18T00:00:00,2003-07-28T00:00:00,7/28/2003,1059350400,2026-07-24T00:00:00
346,HIX,-0.027000000000000003,14.44717,14.84848,0.048999999999999995,6.09,14,Morningstar US CEF High Yield,55,Franklin Templeton Investments,False,3.96,0.0,4.07,2026-08-18T00:00:00,95766J102,Western Asset High Income II,2026-08-18,XHGIX,Fixed Income - Taxable-High Yield,32.02,356.676,,Monthly,0.19291,0.048999999999999995,15.0,7.2719000000000005,0.0,8.21,3.76,,539.242,True,False,True,True,False,False,,8.61,6.16,1.65,0.28,1.71,1.57,,,5.58,3389850,,0.0,98.1954,,,,4.11042,-3.53419,0.55,1.75,1.3599999999999999,2026-08-18T00:00:00,1998-05-28T00:00:00,5/28/1998,896313600,2026-07-24T00:00:00
347,HIO,-0.0827,11.00775,12.0,0.0355,5.5,14,Morningstar US CEF High Yield,54,"Franklin Templeton Fund Adviser, LLC",False,3.55,-0.02,3.87,2026-08-18T00:00:00,95766K109,Western Asset High Income Opportunity,2026-08-18,XHIOX,Fixed Income - Taxable-High Yield,,337.602,,Monthly,0.15621000000000002,0.0355,12.5,7.534,0.0,6.2,0.93,,368.034,False,False,False,True,False,False,,6.91,8.51,2.2,2.18,1.99,1.83,,,-0.08,4075930,,0.0,98.8137,,,,3.72914,-6.44748,-1.19,-0.9500000000000001,-1.1,2026-08-18T00:00:00,1993-11-16T00:00:00,11/16/1993,753408000,2026-07-24T00:00:00
348,HYI,-0.0796,9.97375,10.836500000000001,0.095,4.18,14,Morningstar US CEF High Yield,54,"Franklin Templeton Fund Adviser, LLC",False,10.52,0.0,11.43,2026-08-18T00:00:00,95768B107,Western Asset High Yield Opp Fund,2026-08-18,XHYIX,Fixed Income - Taxable-High Yield,,134.803,,Monthly,0.50391,0.095,20.0,7.6148,0.0,4.99,1.07,,146.464,False,False,False,True,False,True,,6.36,5.53,2.34,1.15,1.83,-0.98,,,-2.8,600490,,0.0,98.3189,,,,11.05077,-6.37315,-0.68,1.26,0.04,2026-08-18T00:00:00,2010-10-27T00:00:00,10/27/2010,1288137600,2026-07-24T00:00:00
349,PAI,-0.0739,4.89891,5.28967,0.0525,2.7199999999999998,15,Morningstar US CEF Investment Grade,55,Franklin Templeton Investments,False,11.91,-0.03,12.86,2026-08-18T00:00:00,95766T100,Western Asset Income,2026-08-18,XPAIX,Fixed Income - Taxable-Investment Grade,8.93,113.276,,Monthly,0.3276,0.0525,12.0,6.0734,0.0,10.97,0.77,,122.311,True,False,False,True,False,False,,5.24,5.31,-0.02,-0.88,-0.59,-2.64,,,-3.05,180110,,0.0,101.3051,,,,12.38025,-6.33861,-0.8300000000000001,0.6,-0.18,2026-08-18T00:00:00,1972-12-21T00:00:00,12/21/1972,93744000,2026-07-24T00:00:00
350,WIW,-0.106,8.02998,8.98204,0.0625,3.87,15,Morningstar US CEF Investment Grade,112,"Western Asset Management Company, LLC",True,8.35,-0.02,9.34,2026-08-18T00:00:00,95766R104,Western Asset Infl-Linked Opps & Inc Fd,2026-08-18,XWIWX,Fixed Income - Taxable-Investment Grade,25.66,510.888,,Monthly,0.23593,0.0625,15.0,2.5526,0.0,8.25,2.59,,768.753,True,False,False,True,True,False,,3.89,6.36,-0.6900000000000001,0.04,1.12,1.25,,,2.75,2425480,,0.0,93.4475,,,4.02,8.62529,-10.37793,-0.28,1.12,0.76,2026-08-18T00:00:00,2004-02-27T00:00:00,2/27/2004,1077840000,2026-07-24T00:00:00
351,WIA,-0.0993,7.04289,7.81955,0.052,3.58,15,Morningstar US CEF Investment Grade,112,"Western Asset Management Company, LLC",True,7.98,0.02,8.86,2026-08-18T00:00:00,95766Q106,Western Asset Inflation-Linked Income Fd,2026-08-18,XWIAX,Fixed Income - Taxable-Investment Grade,26.06,186.112,,Monthly,0.21076,0.052,15.0,2.378,0.0,8.3,2.91,,279.445,True,False,False,True,True,False,,3.75,5.87,-1.19,-1.32,0.92,0.16,,,2.58,416360,,0.0,94.6375,,,4.09,8.2241,-9.66409,-0.45,0.16,0.35000000000000003,2026-08-18T00:00:00,2003-09-30T00:00:00,9/30/2003,1064880000,2026-07-24T00:00:00
352,SBI,-0.0738,6.09432,6.57963,0.041999999999999996,5.86,21,Morningstar US CEF Municipal,54,"Franklin Templeton Fund Adviser, LLC",False,7.66,0.0,8.27,2026-08-18T00:00:00,958435109,Western Asset Intermediate Muni,2026-08-18,XSBIX,Fixed Income - Municipal-Municipal,29.99,107.871,,Monthly,0.13919,0.041999999999999996,10.0,4.7529,0.0,7.7,2.6,,166.343,True,False,True,True,False,False,,2.8200000000000003,5.8,-0.55,0.04,0.5,2.77,,,7.26,430610,11.06,0.0041400000000000005,101.4543,,7.84,5.8100000000000005,7.79183,-8.30251,1.19,0.6,0.93,2026-08-18T00:00:00,1992-03-02T00:00:00,3/2/1992,699494400,2026-07-24T00:00:00
353,IGI,-0.0637,5.00294,5.34337,0.071,2.75,15,Morningstar US CEF Investment Grade,54,"Franklin Templeton Fund Adviser, LLC",False,15.945,0.04,17.03,2026-08-18T00:00:00,95790A101,Western Asset Invstm Grd Opp Tr Inc,2026-08-18,XIGIX,Fixed Income - Taxable-Investment Grade,,95.569,,Monthly,0.43967,0.071,20.0,6.1913,0.0,10.87,0.93,,102.072,False,False,True,True,False,False,,4.48,3.42,-0.53,-2.02,-0.55,-2.06,,,-0.06,162130,,0.0,99.2391,,,,16.32936,-6.74454,0.48,1.85,1.9300000000000002,2026-08-18T00:00:00,2009-06-26T00:00:00,6/26/2009,1245974400,2026-07-24T00:00:00
354,MMU,-0.04769999999999999,6.11215,6.41806,0.0545,7.75,21,Morningstar US CEF Municipal,55,Franklin Templeton Investments,False,10.19,-0.03,10.7,2026-08-18T00:00:00,95766M105,Western Asset Managed Municipals,2026-08-18,XMMUX,Fixed Income - Municipal-Municipal,33.65,556.566,,Monthly,0.14102,0.0545,15.0,4.8353,0.0,10.28,2.7,,880.856,True,False,True,True,False,False,,2.98,6.36,-1.02,-0.65,0.45,-0.3,,,7.64,1315240,10.27,0.00877,100.2234,,10.8,7.5,10.33395,-6.06721,1.46,1.72,1.4100000000000001,2026-08-18T00:00:00,1992-06-26T00:00:00,6/26/1992,709516800,2026-07-24T00:00:00
355,DMO,-0.066,12.83422,13.74046,0.12,6.42,14,Morningstar US CEF High Yield,54,"Franklin Templeton Fund Adviser, LLC",False,10.48,0.0,11.22,2026-08-18T00:00:00,95790B109,Western Asset Mortgage Opp Fund Inc.,2026-08-18,XDMOX,Fixed Income - Taxable-High Yield,49.0,119.756,,Monthly,0.54871,0.12,20.0,7.4137,0.0,10.09,7.87,,251.408,True,False,False,True,False,False,,10.19,10.86,4.96,4.04,2.9699999999999998,0.97,,,-0.41000000000000003,497650,,0.0,91.0522,,,,11.20441,-3.63359,-1.07,-0.68,-0.89,2026-08-18T00:00:00,2010-02-26T00:00:00,2/26/2010,1267142400,2026-07-24T00:00:00
356,MHF,0.0088,6.0177,5.96491,0.033999999999999996,6.08,21,Morningstar US CEF Municipal,54,"Franklin Templeton Fund Adviser, LLC",False,6.84,0.02,6.78,2026-08-18T00:00:00,95766N103,Western Asset Municipal High Income,2026-08-18,XMHFX,Fixed Income - Municipal-Municipal,1.78,152.011,,Monthly,0.11955,0.033999999999999996,10.0,4.8242,0.0,10.01,0.8400000000000001,,153.408,True,False,True,True,False,False,,3.36,7.13,0.6900000000000001,0.98,0.98,2.18,,,6.27,614250,14.87,0.0,100.1728,,7.17,7.3,6.96804,0.59869,0.15,0.11,0.55,2026-08-18T00:00:00,1988-11-28T00:00:00,11/28/1988,596678400,2026-07-24T00:00:00
357,WEA,-0.0583,7.5336300000000005,8.00008,0.06999999999999999,5.54,15,Morningstar US CEF Investment Grade,111,Western Asset Management Company Pte Ltd. â Singapore,False,10.4999,0.02,11.15,2026-08-18T00:00:00,957664105,Western Asset Premier Bond,2026-08-18,XWEAX,Fixed Income - Taxable-Investment Grade,33.03,124.588,,Monthly,0.38834,0.06999999999999999,15.0,6.1566,0.0,9.02,3.55,,197.545,True,False,False,True,False,False,,7.01,5.8,1.33,0.53,0.68,-0.9,,,4.17,288970,,0.0,98.0101,,,,10.87391,-4.83975,-0.66,0.89,0.43,2026-08-18T00:00:00,2002-03-28T00:00:00,3/28/2002,1017273600,2026-07-24T00:00:00
358,MCN,-0.1051,11.46497,12.81139,0.06,9.06,3,Morningstar US CEF Covered Call,113,XA Investments LLC,False,5.62,0.0,6.28,2026-08-18T00:00:00,557437100,XAI Madison Equity Premium Income Fund,2026-08-18,XMCNX,Equity-Covered-Call Funds,0.01,118.676,,Monthly,0.041210000000000004,0.06,15.0,,,,1.1,,132.613,True,False,False,False,False,False,,5.36,1.96,6.55,3.5,2.98,0.97,,,2.99,649530,,,,,,,5.92819,-7.5823,-1.6099999999999999,-1.72,-1.9100000000000001,2026-08-18T00:00:00,2004-07-28T00:00:00,7/28/2004,1090972800,2026-08-17T00:00:00
359,XFLT,-0.1525,11.82654,13.9607,0.22499999999999998,-14.91,19,Morningstar US CEF Senior Loans,113,XA Investments LLC,False,19.34,0.03,22.82,2026-08-18T00:00:00,98400T304,XAI Octagon FR & Alternative Inc Trust,2026-08-18,XFLTX,Fixed Income - Taxable-Senior Loans,40.61,294.565,,Monthly,1.13446,0.22499999999999998,10.0,4.617,,,7.5600000000000005,,585.185,True,False,True,False,False,False,,1.98,-4.03,2.17,-2.93,-8.58,-13.71,,,-20.44,1080080,,,,,,,21.14848,-17.23006,0.33,2.0,2.02,2026-08-18T00:00:00,2017-09-27T00:00:00,9/27/2017,1506470400,2026-08-17T00:00:00
