,Ticker,Premium / Discount,DistributionRateNAV,DistributionRatePrice,DistributionAmtUSD,ReturnOnNAV,CategoryId,Category,SponsorId,SponsorName,IsManagedDistribution,Share Price,PriceChange,NAV,NAVPublished,Cusip,Fund Name,Date,NavTicker,Strategy,LeverageRatioPercentage,MarketCapUSDm,UNIIPerShare,DistributionFrequency,EarningsPerShare,CurrentDistribution,InceptionPrice,AverageCoupon,AMTPercentage,AverageWeightedMaturity,ExpenseRatio,BaselineExpense,TotalAssetsUSDm,IsLeveraged,IsPriceBelow52WkAvg,IsDiscountBelow52WkAvg,IsAMTPct,IsManaged,Term,AvgWtdDurationLevAdj,Yr3RetOnNav,Yr3RetOnPrice,Yr5RetOnNav,Yr5RetOnPrice,YTDRetOnNav,YTDRetOnPrice,SinceInceptionRetOnNav,SinceInceptionRetOnPrice,ReturnOnPrice,AvgDailyVolume,CallableYr1Pct,PrerefundedPercentage,AvgBondPrice,AvgWtdDurationNonLevAdj,EffDurationLevAdj,EffDurationNonLevAdj,Price52WkAvg,Discount52WkAvg,ZScore1Yr,ZScore3M,ZScore6M,ZScoreDate,InceptionDate,InceptionDateString,InceptionDateUnixTimestamp,DistributionDate
0,MGF,-0.04650000000000001,7.97342,8.36237,0.02,1.82,15,Morningstar US CEF Investment Grade,2,abrdn Inc.,True,2.87,0.0,3.01,2026-08-19T00:00:00,552939100,Aberdeen Government Markets Income,2026-08-19,XMGFX,Fixed Income - Taxable-Investment Grade,,93.534,,Monthly,0.04709,0.02,10.0,3.648,0.0,6.55,0.8,,98.096,False,False,True,True,True,False,,3.06,3.14,-0.86,-1.3900000000000001,-1.21,-2.7800000000000002,,,-1.18,715380,,0.0,93.073,,,4.95,2.97556,-4.81845,0.12,2.42,1.56,2026-08-19T00:00:00,1987-05-28T00:00:00,5/28/1987,549158400,2026-07-23T00:00:00
1,IFN,-0.0842,11.4374,12.48945,0.37,-9.02,1,Morningstar US CEF Asia Equity,1,abrdn Asia Limited,True,11.85,0.06,12.94,2026-08-19T00:00:00,454089103,"Aberdeen India Fund, Inc",2026-08-19,XIFNX,Equity-Asia Equity,0.28,505.426,,Quarterly,-0.05353,0.37,15.0,,,,1.36,,551.916,True,False,False,False,True,False,,3.87,0.15,1.99,2.06,-7.33,-8.75,,,-11.55,2065810,,,,,,,13.12736,-6.12902,-1.06,0.13,-0.6900000000000001,2026-08-19T00:00:00,1994-02-23T00:00:00,2/23/1994,761961600,2026-05-21T00:00:00
2,MIN,-0.0463,9.26641,9.7166,0.02,2.62,13,Morningstar US CEF Global Income,2,abrdn Inc.,True,2.47,0.0,2.59,2026-08-19T00:00:00,55273C107,Aberdeen Intermediate Income,2026-08-19,XMINX,Fixed Income - Taxable-Global Income,,281.082,,Monthly,0.04255,0.02,10.0,3.9175,0.0,3.24,0.73,,294.737,False,False,True,True,True,False,,4.52,4.16,1.04,0.38,0.14,-2.5700000000000003,,,-1.97,2316620,,0.0,97.8913,,,2.54,2.55599,-4.68159,0.03,2.05,1.67,2026-08-19T00:00:00,1988-03-17T00:00:00,3/17/1988,574560000,2026-07-23T00:00:00
3,MMT,-0.0766,9.93789,10.76233,0.04,2.94,13,Morningstar US CEF Global Income,72,MFS,True,4.46,-0.01,4.83,2026-08-19T00:00:00,552737108,Aberdeen Multi-Market Income,2026-08-19,XMMTX,Fixed Income - Taxable-Global Income,26.79,517.331,,Monthly,0.1389,0.04,10.0,5.9077,0.060000000000000005,6.94,2.86,,765.248,True,False,False,True,True,False,,6.93,6.96,2.68,1.3,-0.63,-2.2800000000000002,,,1.49,1301990,,0.0,97.0375,,6.68,4.91,4.61387,-7.54022,-0.11,1.26,0.51,2026-08-19T00:00:00,1987-03-12T00:00:00,3/12/1987,542505600,2026-07-23T00:00:00
4,MFM,-0.07629999999999999,6.10169,6.6055,0.03,9.06,21,Morningstar US CEF Municipal,2,abrdn Inc.,False,5.45,0.04,5.9,2026-08-19T00:00:00,552738106,Aberdeen Municipal Income,2026-08-19,XMFMX,Fixed Income - Municipal-Municipal,37.47,541.892,,Monthly,0.13078,0.03,10.0,5.1253,17.81,21.01,2.83,,938.136,True,True,True,True,False,False,,4.3,5.16,-0.9500000000000001,-1.4,1.34,2.21,,,10.66,1447290,19.0,0.13,98.0793,,12.81,8.63,5.4108,-9.38383,1.69,1.03,1.3,2026-08-19T00:00:00,1986-11-25T00:00:00,11/25/1986,533260800,2026-07-23T00:00:00
5,FAX,-0.0302,12.98361,13.38742,0.16499999999999998,2.95,13,Morningstar US CEF Global Income,1,abrdn Asia Limited,True,14.79,0.14,15.25,2026-08-19T00:00:00,003009867,abrdn Asia-Pacific Income Fund Inc,2026-08-19,XFAPX,Fixed Income - Taxable-Global Income,39.39,645.898,,Monthly,0.50096,0.16499999999999998,10.0,6.4288,,,4.22,,1098.787,True,False,True,False,True,False,,4.08,8.64,-1.31,0.15,-1.43,2.06,,,2.39,1795000,,,,,7.68,4.66,15.249,-5.25898,1.24,1.52,1.74,2026-08-19T00:00:00,1986-04-24T00:00:00,4/24/1986,514684800,2026-07-23T00:00:00
6,IAF,-0.1148,9.3147,10.52236,0.35,6.24,9,Morningstar US CEF Single Country Equity,1,abrdn Asia Limited,True,13.305,0.09,15.03,2026-08-19T00:00:00,003011111,abrdn Australia Equity Fund Inc,2026-08-19,XIAFX,Equity-Single-Country Equity,6.97,127.493,,Quarterly,0.10818,0.35,10.125,,,,1.9900000000000002,,154.807,True,True,False,False,True,False,,9.49,9.71,5.18,2.86,6.37,4.34,,,6.75,218060,,,,,,,13.0937,-9.99886,-1.03,-0.45,-0.58,2026-08-19T00:00:00,1985-12-12T00:00:00,12/12/1985,503193600,2026-05-21T00:00:00
7,AEF,-0.0799,9.19081,9.98914,0.22999999999999998,61.77,4,Morningstar US CEF Emerging Market Equity,3,abrdn Investments Limited,True,9.21,0.16,10.01,2026-08-19T00:00:00,00301W105,abrdn Emerging Markets ex-China Fund,2026-08-19,XAEFX,Equity-Emerging Market Equity,6.23,373.939,,Quarterly,0.00111,0.22999999999999998,15.0,,,,1.8599999999999999,,433.42,True,True,True,False,True,False,,24.92,28.04,8.06,9.11,33.93,32.17,,,61.34,1463120,,,,,,,7.86966,-9.43684,1.04,1.52,0.78,2026-08-19T00:00:00,1989-09-25T00:00:00,9/25/1989,622684800,2026-06-23T00:00:00
8,AGD,0.0171,11.73594,11.53846,0.12,23.85,5,Morningstar US CEF Global Equity,3,abrdn Investments Limited,True,12.48,-0.01,12.27,2026-08-19T00:00:00,00302M106,abrdn Global Dynamic Dividend,2026-08-19,XAGDX,Equity-Global Equity,0.68,326.656,,Monthly,0.29668,0.12,20.0,,,,1.29,,323.352,True,True,False,False,True,False,,13.86,20.4,7.68,10.32,11.5,11.76,,,21.4,1210180,,,,,,,12.09245,2.00105,-0.07,1.09,0.73,2026-08-19T00:00:00,2006-07-26T00:00:00,7/26/2006,1153872000,2026-07-23T00:00:00
9,ASGI,0.1405,12.0438,10.56,0.22,18.23,13,Morningstar US CEF Global Income,2,abrdn Inc.,True,25.0,0.02,21.92,2026-08-19T00:00:00,00326W106,abrdn Global Infrastructure Income Fund,2026-08-19,XAGIX,Fixed Income - Taxable-Global Income,0.99,790.721,,Monthly,0.08556,0.22,20.0,,,,2.16,,700.213,True,True,True,False,True,False,,12.73,22.75,8.65,13.33,10.45,14.65,,,26.58,1771580,,,,,,,22.61479,2.94651,2.94,1.98,2.49,2026-08-19T00:00:00,2020-07-28T00:00:00,7/28/2020,1595894400,2026-07-23T00:00:00
10,AWP,0.0094,12.32877,12.21374,0.12,20.12,7,Morningstar US CEF Real Estate,2,abrdn Inc.,True,11.79,0.01,11.68,2026-08-19T00:00:00,00302L207,abrdn Global Premier Properties,2026-08-19,XAWPX,Equity-Real Estate,10.65,363.788,,Monthly,0.10017000000000001,0.12,20.0,,,,2.27,,403.338,True,False,False,False,True,False,,12.68,15.88,1.4100000000000001,2.75,13.15,12.48,,,19.08,1249100,,,,,,,11.81373,1.26431,-0.27,0.42,0.42,2026-08-19T00:00:00,2007-04-26T00:00:00,4/26/2007,1177545600,2026-07-23T00:00:00
11,HQH,-0.0203,10.48868,10.7056,0.6599999999999999,49.72,8,Morningstar US CEF Sector Equity,2,abrdn Inc.,True,24.66,0.68,25.17,2026-08-19T00:00:00,87911J103,abrdn Healthcare Investors,2026-08-19,XHQHX,Equity-Sector Equity,1.1,1429.929,,Quarterly,-0.06102,0.6599999999999999,10.0,,,,1.11,,1459.501,True,True,True,False,True,False,,17.26,22.71,7.54,7.64,18.43,22.69,,,57.82,1826400,,,,,,,19.30916,-7.43444,2.47,2.04,2.19,2026-08-19T00:00:00,1987-04-23T00:00:00,4/23/1987,546134400,2026-05-21T00:00:00
12,THQ,-0.0429,10.30043,10.76233,0.18,29.94,8,Morningstar US CEF Sector Equity,2,abrdn Inc.,True,20.07,0.54,20.97,2026-08-19T00:00:00,879105104,abrdn Healthcare Opportunities Fund,2026-08-19,XTHQX,Equity-Sector Equity,20.56,832.064,,Monthly,-0.03549,0.18,20.0,4.3434,,,3.02,,1094.376,True,True,False,False,True,False,,7.21,10.29,3.76,4.05,9.31,5.08,,,29.32,1717920,,,,,7.72,,18.38703,-1.14942,-0.97,-0.47000000000000003,-0.96,2026-08-19T00:00:00,2014-07-28T00:00:00,7/28/2014,1406505600,2026-07-23T00:00:00
13,ACP,-0.038900000000000004,17.22222,17.91908,0.0775,2.91,19,Morningstar US CEF Senior Loans,3,abrdn Investments Limited,True,5.19,-0.01,5.4,2026-08-19T00:00:00,003057106,abrdn Income Credit Strategies Fund,2026-08-19,XACPX,Fixed Income - Taxable-Senior Loans,32.08,651.193,,Monthly,0.22534,0.0775,20.0,8.0962,,,3.94,,997.542,True,False,True,False,True,False,,8.44,7.21,1.76,0.48,2.1,3.5,,,0.8200000000000001,5472410,,,96.8337,,4.75,3.24,5.44529,-5.1802,0.91,1.42,1.26,2026-08-19T00:00:00,2011-01-27T00:00:00,1/27/2011,1296086400,2026-07-23T00:00:00
14,HQL,-0.0463,10.43332,10.93957,0.62,64.77,8,Morningstar US CEF Sector Equity,2,abrdn Inc.,True,22.67,0.9500000000000001,23.77,2026-08-19T00:00:00,87911K100,abrdn Life Sciences Investors,2026-08-19,XHQLX,Equity-Sector Equity,0.01,699.214,,Quarterly,-0.09057,0.62,15.0,,,,1.24,,733.207,True,True,True,False,True,False,,23.65,27.23,10.11,9.72,22.82,21.45,,,64.69,1369220,,,,,,,17.16625,-9.809940000000001,4.43,4.15,4.44,2026-08-19T00:00:00,1992-05-08T00:00:00,5/8/1992,705283200,2026-05-21T00:00:00
15,AOD,-0.005600000000000001,11.23596,11.29944,0.09999999999999999,24.62,5,Morningstar US CEF Global Equity,3,abrdn Investments Limited,True,10.62,-0.02,10.68,2026-08-19T00:00:00,00326L100,abrdn Total Dynamic Dividend,2026-08-19,XAODX,Equity-Global Equity,2.76,1119.842,,Monthly,0.22991,0.09999999999999999,20.0,,,,1.21,,1158.088,True,True,True,False,True,False,,14.21,21.11,8.37,11.13,12.07,16.14,,,33.68,4712090,,,,,,,9.92548,-3.50716,1.42,0.55,0.9,2026-08-19T00:00:00,2007-01-26T00:00:00,1/26/2007,1169769600,2026-07-23T00:00:00
16,THW,-0.019,9.52653,9.71151,0.1167,35.77,8,Morningstar US CEF Sector Equity,2,abrdn Inc.,True,14.42,0.28,14.7,2026-08-19T00:00:00,87911L108,abrdn World Healthcare Fund,2026-08-19,XTHWX,Equity-Sector Equity,16.82,582.284,,Monthly,-0.03887,0.1167,20.0,3.7754000000000003,,,1.46,,713.591,True,True,False,False,True,False,,14.79,11.2,8.14,6.91,11.07,11.1,,,38.55,1336660,,,,,7.37,,12.63933,-1.87626,-0.01,0.11,-0.38,2026-08-19T00:00:00,2015-06-26T00:00:00,6/26/2015,1435276800,2026-07-23T00:00:00
17,ADX,-0.0189,7.55858,7.70416,0.5,19.0,10,Morningstar US CEF US Equity,4,Adams Diversified Equity Fund Inc,False,25.96,-0.09,26.46,2026-08-19T00:00:00,006212104,Adams Diversified Equity Fund,2026-08-19,XADEX,Equity-U.S. Equity,0.0,3243.108,,Quarterly,0.09492,0.5,10.0,,,,0.49000000000000005,,3305.572,True,True,True,False,False,False,,18.92,26.28,12.36,17.04,10.28,16.08,,,27.86,2709680,,,,,,,23.61762,-5.41946,1.42,0.51,1.09,2026-08-19T00:00:00,1929-10-01T00:00:00,10/1/1929,-1270252800,2026-07-27T00:00:00
18,PEO,-0.1032,6.85714,7.64602,0.5399999999999999,35.34,8,Morningstar US CEF Sector Equity,5,Adams Natural Resources Fund Inc,False,28.25,0.05,31.5,2026-08-19T00:00:00,00548F105,Adams Natural Resources Fund,2026-08-19,XPEOX,Equity-Sector Equity,0.7000000000000001,791.984,,Quarterly,0.29271,0.5399999999999999,15.0,,,,0.62,,883.097,True,True,True,False,False,False,,12.84,16.29,19.43,21.61,29.79,31.33,,,36.3,717320,,,,,,,24.24605,-10.34628,0.03,0.11,0.19,2026-08-19T00:00:00,1929-01-30T00:00:00,1/30/1929,-1291334400,2026-07-27T00:00:00
19,AVK,-0.0808,10.24326,11.14422,0.1172,17.72,11,Morningstar US CEF Convertibles,6,"Advent Capital Management, LLC",False,12.62,-0.14,13.73,2026-08-19T00:00:00,00764C109,Advent Convertible & Income Fund,2026-08-19,XAVKX,Fixed Income - Taxable-Convertibles,36.61,557.157,,Monthly,0.22874,0.1172,25.0,5.5855,,,4.53,,956.187,True,True,False,False,False,False,,14.41,14.48,4.64,4.34,10.11,5.37,,,12.54,1488690,,,108.8431,,,,12.57199,-5.83571,-0.9500000000000001,0.43,-0.14,2026-08-19T00:00:00,2003-04-29T00:00:00,4/29/2003,1051574400,2026-08-14T00:00:00
20,AWF,-0.09570000000000001,6.96809,7.7058800000000005,0.0655,5.45,14,Morningstar US CEF High Yield,7,AllianceBernstein L.P.,False,10.2,0.05,11.28,2026-08-19T00:00:00,01879R106,AllianceBernstein Global High Income,2026-08-19,XAWFX,Fixed Income - Taxable-High Yield,0.8,879.543,,Monthly,0.35164,0.0655,15.0,6.6781,,4.36,1.02,,980.554,True,False,False,False,False,False,,9.03,8.44,4.36,3.68,2.13,-1.78,,,-2.29,3005190,,,97.5103,,,,10.55644,-7.25749,-0.8300000000000001,1.1,0.0,2026-08-19T00:00:00,1993-07-28T00:00:00,7/28/1993,743817600,2026-08-06T00:00:00
21,AFB,-0.0672,5.12041,5.48915,0.050179999999999995,10.33,21,Morningstar US CEF Municipal,7,AllianceBernstein L.P.,False,10.97,-0.01,11.76,2026-08-19T00:00:00,01864U106,AllianceBernstein National Mun Inc,2026-08-19,XAFBX,Fixed Income - Municipal-Municipal,48.64,315.332,,Monthly,0.31343,0.050179999999999995,15.0,5.1411,,,3.66,,658.142,True,True,True,False,False,False,,2.41,5.06,-1.8599999999999999,-2.32,0.56,3.81,,,13.22,985600,,,98.4247,,22.53,11.69,10.92703,-8.9248,1.6,0.7000000000000001,0.99,2026-08-19T00:00:00,2002-01-28T00:00:00,1/28/2002,1012176000,2026-08-06T00:00:00
22,NFJ,-0.06269999999999999,7.28793,7.77565,0.305,27.09,3,Morningstar US CEF Covered Call,108,"Virtus Investment Advisers, LLC",True,15.69,0.06,16.74,2026-08-19T00:00:00,92840R101,AllianzGI Div Interest & Prem Common,2026-08-19,XNFJX,Equity-Covered-Call Funds,,1458.656,0.0,Quarterly,0.06142,0.305,25.0,2.0796,,,0.9600000000000001,,1556.272,False,True,True,False,True,False,,11.94,16.01,7.11,8.91,18.9,23.4,,,31.56,1883440,,,,,,,13.67322,-9.11341,1.8,1.81,1.49,2026-08-19T00:00:00,2005-02-28T00:00:00,2/28/2005,1109548800,2026-06-15T00:00:00
23,EOD,-0.0679,7.87313,8.44636,0.14211,25.53,5,Morningstar US CEF Global Equity,8,Allspring Global Investments,False,6.73,0.01,7.22,2026-08-19T00:00:00,94987C103,Allspring Global Dividend Opp Fd,2026-08-19,XEODX,Equity-Global Equity,13.25,289.834,,Quarterly,0.1298,0.14211,20.0,7.1385,,,2.45,,358.436,True,True,True,False,False,False,,22.02,24.01,12.99,12.65,13.71,16.39,,,26.88,1241690,,,,,,,6.08569,-8.43096,1.1400000000000001,0.67,0.45,2026-08-19T00:00:00,2007-03-28T00:00:00,3/28/2007,1175040000,2026-06-11T00:00:00
24,EAD,-0.1039,0.01517,0.01693,8.999999999999999e-05,4.91,14,Morningstar US CEF High Yield,8,Allspring Global Investments,False,6.38,0.02,7.12,2026-08-19T00:00:00,94987B105,Allspring Income Opps,2026-08-19,XEADX,Fixed Income - Taxable-High Yield,29.85,377.009,,Monthly,0.25923,8.999999999999999e-05,15.0,7.1676,,,2.95,,599.737,True,False,False,False,False,False,,8.47,9.01,3.46,2.59,1.72,-1.69,,,-1.73,1872060,,,100.1192,,4.34,3.23,6.71033,-7.71416,-1.45,-0.51,-0.97,2026-08-19T00:00:00,2003-02-28T00:00:00,2/28/2003,1046390400,2026-08-13T00:00:00
25,ERC,-0.0537,0.00608,0.00642,4.9999999999999996e-05,7.36,16,Morningstar US CEF Limited Duration,8,Allspring Global Investments,False,9.34,0.12,9.87,2026-08-19T00:00:00,94987D101,Allspring Multi-Sec Inc,2026-08-19,XERCX,Fixed Income - Taxable-Limited Duration,30.06,262.023,,Monthly,0.35301,4.9999999999999996e-05,20.0,6.8621,0.0,4.34,3.22,,395.891,True,True,True,True,False,False,,7.89,7.29,3.35,2.27,2.74,3.5300000000000002,,,6.74,774780,,0.0,98.4198,,,,9.27772,-6.75054,1.28,1.97,2.34,2026-08-19T00:00:00,2003-06-25T00:00:00,6/25/2003,1056499200,2026-08-13T00:00:00
26,ERH,-0.0695,0.01917,0.0206,0.00019999999999999998,3.81,26,Morningstar US CEF US Allocation,8,Allspring Global Investments,False,11.65,0.02,12.52,2026-08-19T00:00:00,94987E109,Allspring Util & High In,2026-08-19,XERHX,Hybrid-U.S. Allocation,21.34,102.895,,Monthly,0.1865,0.00019999999999999998,20.0,7.1946,,,2.43,,140.579,True,False,True,False,False,False,,11.86,13.66,7.09,4.4,3.12,5.24,,,7.85,232540,,,100.2393,,3.8,3.21,12.14801,-7.64343,0.53,0.55,0.77,2026-08-19T00:00:00,2004-04-30T00:00:00,4/30/2004,1083283200,2026-08-13T00:00:00
27,FINS,-0.0604,10.28316,10.9437,0.11499999999999999,7.8,26,Morningstar US CEF US Allocation,10,"Angel Oak Capital Advisors, LLC",False,12.61,0.03,13.42,2026-08-19T00:00:00,03464A100,Angel Oak Financial Strats Income Term,2026-08-19,XFINX,Hybrid-U.S. Allocation,21.85,421.386,,Monthly,0.38984,0.11499999999999999,20.0,6.7377,,,2.92,,573.873,True,False,False,False,False,True,,10.08,12.72,3.1,2.44,2.76,0.79,,,6.59,462100,,,99.9624,,3.34,2.85,12.96133,-5.94686,-0.09,0.59,0.53,2026-08-19T00:00:00,2019-05-29T00:00:00,5/29/2019,1559088000,2026-08-17T00:00:00
28,ARDC,-0.0793,10.00741,10.86957,0.11249999999999999,0.61,19,Morningstar US CEF Senior Loans,11,Ares Capital Management II LLC,False,12.42,0.05,13.49,2026-08-19T00:00:00,04014F102,Ares Dynamic Credit Allocation Fund,2026-08-19,XADCX,Fixed Income - Taxable-Senior Loans,40.8,297.658,,Monthly,0.59626,0.11249999999999999,20.0,8.4436,,,5.26,,546.135,True,False,False,False,False,False,,8.19,9.56,4.69,4.92,-1.46,-0.97,,,-4.67,1155730,,,,,40.42,,13.13648,-6.00545,-0.73,-1.26,-0.32,2026-08-19T00:00:00,2012-11-27T00:00:00,11/27/2012,1353974400,2026-07-20T00:00:00
29,BANX,-0.0163,8.63309,8.77621,0.15,5.0,8,Morningstar US CEF Sector Equity,12,"ArrowMark Asset Management, LLC",False,20.51,0.97,21.0,2026-06-30T00:00:00,861780104,ArrowMark Financial Corp,2026-08-19,XBANX,Equity-Sector Equity,13.4,160.191,,Monthly,1.04616,0.15,25.0,10.9594,,,6.43,,188.046,True,False,True,False,False,True,,9.9,20.01,8.8,9.56,0.22,-1.02,,,11.54,328280,,,107.4223,,,,20.57382,-4.96097,1.13,1.56,2.08,2026-08-19T00:00:00,2013-11-07T00:00:00,11/7/2013,1383782400,2026-07-24T00:00:00
30,ASA,-0.14730000000000001,0.10959,0.12851,0.04,71.71,8,Morningstar US CEF Sector Equity,13,ASA,False,62.25,4.54,73.0,2026-08-19T00:00:00,G3156P103,ASA Gold and Precious Metals Limited,2026-08-19,XASAX,Equity-Sector Equity,,1200.797,,Semi-Annually,0.02585,0.04,28.0,9.086,,,1.88,,1329.837,False,True,False,False,False,False,,48.04,46.98,18.22,17.39,-11.27,-17.95,,,58.29,0,,,,,,,56.92485,-12.4646,,,,,1958-09-23T00:00:00,9/23/1958,-355795200,2026-05-01T00:00:00
31,BCV,-0.11220000000000001,5.78687,6.51828,0.41,25.49,11,Morningstar US CEF Convertibles,60,Gabelli Funds LLC,False,25.16,-0.27,28.34,2026-08-19T00:00:00,059695106,Bancroft Fund,2026-08-19,XBCVX,Fixed Income - Taxable-Convertibles,14.69,141.588,,Quarterly,0.01134,0.41,25.0,2.4446,,,1.31,,186.949,True,True,True,False,False,False,,16.43,18.33,3.99,3.21,13.06,10.36,,,27.81,190230,,,,,21.12,,23.35115,-11.75732,0.47000000000000003,1.34,0.9,2026-08-19T00:00:00,1971-10-04T00:00:00,10/4/1971,55382400,2026-06-15T00:00:00
32,MCI,0.0643,9.26462,8.70511,0.39999999999999997,11.17,14,Morningstar US CEF High Yield,14,Barings LLC,False,18.38,0.76,17.27,2026-06-30T00:00:00,06759X107,Barings Corporate Investors,2026-08-19,XMCIX,Fixed Income - Taxable-High Yield,20.78,378.39,,Quarterly,0.67335,0.39999999999999997,25.0,7.782,,,1.65,,448.776,True,False,False,False,False,False,,11.6,11.75,10.11,10.0,6.4,-6.79,,,-14.25,334840,,,92.3472,,,,19.19687,15.14147,-0.8,0.91,-0.02,2026-08-19T00:00:00,1971-09-01T00:00:00,9/1/1971,52531200,2026-05-29T00:00:00
33,BGH,-0.04650000000000001,9.75798,10.23431,0.12229999999999999,4.27,14,Morningstar US CEF High Yield,14,Barings LLC,False,14.34,-0.03,15.04,2026-08-19T00:00:00,06760L100,Barings Global Short Duration High Yield,2026-08-19,XBGHX,Fixed Income - Taxable-High Yield,31.28,287.982,,Monthly,0.68354,0.12229999999999999,25.0,8.9323,,,3.93,,439.539,True,False,False,False,False,False,,10.61,13.27,5.91,6.59,3.18,-0.73,,,0.15,830870,,,97.8956,,,,14.72845,-2.85804,-0.53,1.04,0.79,2026-08-19T00:00:00,2012-10-25T00:00:00,10/25/2012,1351123200,2026-08-20T00:00:00
34,MPV,0.0373,9.36116,9.02439,0.37,,14,Morningstar US CEF High Yield,14,Barings LLC,False,16.4,-0.6,15.81,2026-06-30T00:00:00,06761A103,Barings Participation Invs,2026-08-19,XMPVX,Fixed Income - Taxable-High Yield,21.57,176.993,,Quarterly,0.57714,0.37,10.0,7.7819,,,1.55,,217.561,True,False,False,False,False,False,,,16.89,,11.88,6.38,4.66,,,-6.74,168940,,,92.2129,,,,18.28512,9.43762,-0.91,-0.52,-0.93,2026-08-19T00:00:00,1988-10-06T00:00:00,10/6/1988,592099200,2026-05-29T00:00:00
35,BXSY,-0.37520000000000003,3.60986,5.77778,0.26,36.35,26,Morningstar US CEF US Allocation,15,Bexil Corp,True,18.0,0.01,28.81,2026-08-19T00:00:00,25538A204,Bexil Investment Trust,2026-08-19,XBXIX,Hybrid-U.S. Allocation,8.84,232.876,,Quarterly,-0.06607,0.26,15.0,,,,1.9300000000000002,,372.731,True,True,False,False,True,False,,21.14,22.21,13.39,11.85,19.85,15.47,,,33.66,125970,,,,,1.11,,15.67479,-37.34828,-0.18,1.44,0.27,2026-08-19T00:00:00,1998-06-29T00:00:00,6/29/1998,899078400,2026-06-15T00:00:00
36,BMN,0.0186,4.45016,4.36893,0.09375,6.97,21,Morningstar US CEF Municipal,16,BlackRock,False,25.75,0.25,25.28,2026-08-19T00:00:00,09262G108,BlackRock 2037 Municipal Target term,2026-08-19,XBMNX,Fixed Income - Municipal-Municipal,24.92,158.302,,Monthly,0.55982,0.09375,25.0,5.0127,,14.51,2.16,,206.992,True,True,True,False,False,True,,3.87,5.14,,,0.66,-1.5,,,9.48,104020,17.53,,101.483,,,,25.6504,-0.28657000000000005,0.9500000000000001,2.16,0.56,2026-08-19T00:00:00,2022-10-28T00:00:00,10/28/2022,1666915200,2026-08-14T00:00:00
37,BCAT,0.1065,21.23006,19.18717,0.25423,13.58,26,Morningstar US CEF US Allocation,16,BlackRock,True,15.9,0.14,14.37,2026-08-19T00:00:00,09260U109,BlackRock Capital Allocation Term Trust,2026-08-19,XCATX,Hybrid-U.S. Allocation,5.18,1665.927,,Monthly,0.15272,0.25423,20.0,,,2.65,1.4,,1505.621,True,True,True,False,True,True,,11.33,21.09,5.32,7.97,5.9,25.39,,,30.49,6362220,,,,,,,14.98031,-0.338,1.99,1.85,1.78,2026-08-19T00:00:00,2020-09-28T00:00:00,9/28/2020,1601251200,2026-08-14T00:00:00
38,BHK,-0.0236,9.61547,9.84818,0.0746,2.13,15,Morningstar US CEF Investment Grade,16,BlackRock,True,9.09,0.1,9.31,2026-08-19T00:00:00,09249E101,BlackRock Core Bond,2026-08-19,XBHKX,Fixed Income - Taxable-Investment Grade,33.94,656.518,-0.051000000000000004,Monthly,0.27405,0.0746,15.0,5.2035,,,3.34,,1017.915,True,False,True,False,True,False,,4.3,3.39,-2.46,-3.25,-1.6800000000000002,-1.78,,,2.06,2908290,,,95.0924,,7.35,7.35,9.40747,-4.4546600000000005,1.48,1.5899999999999999,2.22,2026-08-19T00:00:00,2001-11-30T00:00:00,11/30/2001,1007078400,2026-08-14T00:00:00
39,HYT,-0.0836,10.28383,11.22209,0.0779,5.29,14,Morningstar US CEF High Yield,16,BlackRock,True,8.33,0.0,9.09,2026-08-19T00:00:00,09255P107,BlackRock Corporate High Yield Fund,2026-08-19,XHYTX,Fixed Income - Taxable-High Yield,20.25,1605.851,-0.113,Monthly,0.35117,0.0779,15.0,7.0359,,,2.33,,2197.283,True,False,False,False,True,False,,9.37,7.64,4.3,2.14,1.44,0.26,,,-5.02,8267680,,,99.6367,,4.4,,8.90264,-5.68748,-1.1,-1.52,-1.5,2026-08-19T00:00:00,2003-05-30T00:00:00,5/30/2003,1054252800,2026-08-14T00:00:00
40,BTZ,-0.042699999999999995,9.33952,9.75581,0.0839,4.15,15,Morningstar US CEF Investment Grade,16,BlackRock,True,10.32,0.13,10.78,2026-08-19T00:00:00,092508100,BlackRock Credit Allocation Income Trust,2026-08-19,XBTZX,Fixed Income - Taxable-Investment Grade,35.11,963.108,-0.11900000000000001,Monthly,0.5375800000000001,0.0839,25.0,5.9413,,19.89,3.37,,1550.459,True,False,True,False,True,False,,7.8,8.95,0.99,0.43,0.04,-2.55,,,-0.67,2562550,,,98.6559,,,,10.55307,-5.8278300000000005,0.8300000000000001,2.62,2.46,2026-08-19T00:00:00,2006-12-27T00:00:00,12/27/2006,1167177600,2026-08-14T00:00:00
41,DSU,-0.0094,12.41887,12.53714,0.09873,4.12,19,Morningstar US CEF Senior Loans,16,BlackRock,True,9.45,0.03,9.54,2026-08-19T00:00:00,09255R202,BlackRock Debt Strategies,2026-08-19,XDSUX,Fixed Income - Taxable-Senior Loans,15.99,588.164,-0.17400000000000002,Monthly,0.35279,0.09873,10.0,,,6.29,1.69,,706.765,True,False,False,False,True,False,,7.58,9.45,6.02,7.04,1.27,-0.7000000000000001,,,0.37,2788970,,,,,,,10.02084,0.7835300000000001,-1.38,-0.87,-0.9,2026-08-19T00:00:00,1998-03-27T00:00:00,3/27/1998,890956800,2026-08-14T00:00:00
42,BGR,-0.09820000000000001,6.09713,6.76086,0.0973,41.82,8,Morningstar US CEF Sector Equity,16,BlackRock,True,17.27,0.05,19.15,2026-08-19T00:00:00,09250U101,BlackRock Energy and Resources,2026-08-19,XBGRX,Equity-Sector Equity,0.0,439.628,,Monthly,0.1595,0.0973,25.0,,,,1.23,,487.486,True,True,False,False,True,False,,16.13,18.04,20.95,21.22,34.38,27.66,,,33.85,1074920,,,,,,,14.91375,-7.18868,-0.88,0.3,-0.05,2026-08-19T00:00:00,2004-12-23T00:00:00,12/23/2004,1103760000,2026-08-14T00:00:00
43,BDJ,-0.0695,7.06755,7.59509,0.0619,21.77,3,Morningstar US CEF Covered Call,16,BlackRock,True,9.78,-0.03,10.51,2026-08-19T00:00:00,09251A104,BlackRock Enhanced Dividend Achievers,2026-08-19,XBDJX,Equity-Covered-Call Funds,0.11,1730.519,,Monthly,0.07807,0.0619,15.0,,,,0.88,,1861.815,True,True,False,False,True,False,,14.23,15.18,9.74,9.24,11.77,8.1,,,21.53,4332470,,,,,,,9.25375,-5.92605,-0.65,0.5,0.0,2026-08-19T00:00:00,2005-08-26T00:00:00,8/26/2005,1125014400,2026-08-14T00:00:00
44,BOE,-0.07919999999999999,7.4115,8.04866,0.0827,16.0,3,Morningstar US CEF Covered Call,16,BlackRock,True,12.33,-0.08,13.39,2026-08-19T00:00:00,092501105,BlackRock Enhanced Glbl Div Trust,2026-08-19,XBOEX,Equity-Covered-Call Funds,0.02,685.55,,Monthly,0.05795,0.0827,25.0,,,,1.03,,744.486,True,True,True,False,True,False,,11.59,14.68,6.94,7.52,7.24,8.63,,,16.25,1316100,,,,,,,11.73046,-9.21746,1.47,0.65,1.2,2026-08-19T00:00:00,2005-05-26T00:00:00,5/26/2005,1117065600,2026-08-14T00:00:00
45,BGY,-0.09949999999999999,7.95023,8.82902,0.0426,15.33,3,Morningstar US CEF Covered Call,16,BlackRock,True,5.79,0.01,6.43,2026-08-19T00:00:00,092524107,BlackRock Enhanced Intl Div Trust,2026-08-19,XBGYX,Equity-Covered-Call Funds,0.36,524.658,,Monthly,0.02491,0.0426,20.0,,,,1.2,,582.651,True,True,False,False,True,False,,8.46,10.37,5.98,6.5,5.97,3.49,,,11.33,2734640,,,,,,,5.77967,-8.38452,-0.96,0.26,-0.25,2026-08-19T00:00:00,2007-05-25T00:00:00,5/25/2007,1180051200,2026-08-14T00:00:00
46,CII,0.009500000000000001,6.99463,6.92875,0.141,22.95,3,Morningstar US CEF Covered Call,16,BlackRock,True,24.42,-0.21,24.19,2026-08-19T00:00:00,09256A109,BlackRock Enhanced Large Cap Core Fund,2026-08-19,XCIIX,Equity-Covered-Call Funds,0.47000000000000003,1000.818,,Monthly,0.00537,0.141,20.0,,,,0.93,,996.037,True,True,True,False,True,False,,17.99,19.73,12.14,12.99,10.14,7.64,,,31.47,963750,,,,,,,23.5782,0.42026,0.21,-0.63,-0.06,2026-08-19T00:00:00,2004-04-27T00:00:00,4/27/2004,1083024000,2026-08-14T00:00:00
47,ECAT,-0.002,21.13526,21.17689,0.26877,13.38,25,Morningstar US CEF Global Allocation,16,BlackRock,True,15.23,0.02,15.26,2026-08-19T00:00:00,09262F100,BlackRock ESG Capital Allocation Term,2026-08-19,ECAT,Hybrid-Global Allocation,0.17,1514.902,,Monthly,0.10010000000000001,0.26877,20.0,,,2.33,1.4100000000000001,,1520.417,True,False,True,False,True,True,,12.26,17.66,,,5.73,10.66,,,14.07,4405810,,,,,,,15.51759,-2.4751,1.01,0.25,0.96,2026-08-19T00:00:00,2021-09-27T00:00:00,9/27/2021,1632700800,2026-08-14T00:00:00
48,FRA,-0.028300000000000002,13.13952,13.52211,0.12383999999999999,3.31,19,Morningstar US CEF Senior Loans,17,"BlackRock Advisors, LLC",True,10.99,0.06,11.31,2026-08-19T00:00:00,09255X100,BlackRock Floating Rate Inc Strategies,2026-08-19,XFRAX,Fixed Income - Taxable-Senior Loans,23.19,389.428,-0.184,Monthly,0.44666,0.12383999999999999,20.0,,,,2.61,,521.785,True,False,False,False,True,False,,6.97,7.59,6.02,6.54,1.21,-0.74,,,-6.93,1600070,,,,,,,11.65291,-1.70931,-0.26,2.39,1.76,2026-08-19T00:00:00,2003-10-31T00:00:00,10/31/2003,1067558400,2026-08-14T00:00:00
49,BGT,-0.0108,13.02671,13.16934,0.12028,3.52,19,Morningstar US CEF Senior Loans,16,BlackRock,True,10.96,0.02,11.08,2026-08-19T00:00:00,091941104,Blackrock Floating Rate Income,2026-08-19,XBGTX,Fixed Income - Taxable-Senior Loans,0.13,326.879,-0.154,Monthly,0.42019,0.12028,20.0,,,,2.06,,330.904,True,False,True,False,True,False,,7.22,9.11,6.18,6.92,1.2,3.19,,,-2.74,1319970,,,,,,,11.26979,-2.84458,0.67,2.08,2.23,2026-08-19T00:00:00,2004-08-30T00:00:00,8/30/2004,1093824000,2026-08-14T00:00:00
50,BME,-0.05,6.5484100000000005,6.89283,0.2621,23.44,8,Morningstar US CEF Sector Equity,16,BlackRock,True,45.63,0.77,48.03,2026-08-19T00:00:00,09250W107,BlackRock Health Sciences,2026-08-19,XBMEX,Equity-Sector Equity,0.14,589.727,,Monthly,0.0592,0.2621,25.0,,,,1.13,,621.639,True,True,True,False,True,False,,8.35,10.62,4.74,4.58,4.78,10.61,,,32.46,444510,,,,,,,40.22729,-5.46714,0.22,-2.38,-1.22,2026-08-19T00:00:00,2005-03-28T00:00:00,3/28/2005,1111968000,2026-08-14T00:00:00
51,BMEZ,-0.0987,6.89655,7.65217,0.11,23.68,8,Morningstar US CEF Sector Equity,16,BlackRock,True,17.25,0.96,19.14,2026-08-19T00:00:00,09260E105,BlackRock Health Sciences Term Trust,2026-08-19,XBMZX,Equity-Sector Equity,0.4,1078.149,,Monthly,0.00466,0.11,20.0,,,,1.37,,1201.1,True,True,True,False,True,True,,6.97,9.52,-1.79,-1.67,5.44,8.4,,,20.98,2250410,,,,,,,14.82831,-10.97696,0.85,0.41000000000000003,0.99,2026-08-19T00:00:00,2020-01-29T00:00:00,1/29/2020,1580256000,2026-08-14T00:00:00
52,BKT,-0.0315,9.81818,10.13793,0.0882,0.72,15,Morningstar US CEF Investment Grade,16,BlackRock,True,10.44,0.0,10.78,2026-08-19T00:00:00,09247F209,BlackRock Income,2026-08-19,XBKTX,Fixed Income - Taxable-Investment Grade,19.54,338.141,-0.055,Monthly,0.047920000000000004,0.0882,10.0,4.445,,9.15,1.9700000000000002,,433.941,True,False,True,False,True,False,,3.7,3.44,-1.92,-3.91,-1.05,-2.33,,,-3.7800000000000002,1367160,,,89.397,,4.92,,10.91379,-4.21182,0.86,1.24,1.6800000000000002,2026-08-19T00:00:00,1988-08-01T00:00:00,8/1/1988,586396800,2026-08-14T00:00:00
53,BLW,-0.0311,10.31435,10.64577,0.1132,4.04,16,Morningstar US CEF Limited Duration,16,BlackRock,True,12.76,0.02,13.17,2026-08-19T00:00:00,09249W101,BlackRock Limited Duration Income,2026-08-19,XBLWX,Fixed Income - Taxable-Limited Duration,36.08,498.717,-0.133,Monthly,0.52225,0.1132,20.0,,,,3.7,,805.242,True,False,False,False,True,False,,8.45,8.18,3.99,2.91,0.4,-2.98,,,-1.6800000000000002,1203220,,,,,,,13.30249,-2.52408,-0.2,1.48,0.8300000000000001,2026-08-19T00:00:00,2003-07-28T00:00:00,7/28/2003,1059350400,2026-08-14T00:00:00
54,BIT,-0.0809,11.3313,12.3289,0.12369999999999999,4.6,17,Morningstar US CEF Multi-Sector,16,BlackRock,True,12.04,-0.01,13.1,2026-08-19T00:00:00,09258A107,BlackRock Multi-Sector Income Trust,2026-08-19,XBITX,Fixed Income - Taxable-Multi-Sector,31.04,687.035,-0.508,Monthly,0.40641,0.12369999999999999,20.0,6.1162,,,3.26,,1083.943,True,False,False,False,True,False,,8.15,4.54,4.0,2.24,0.55,0.24,,,-5.22,3129730,7.97,,,,,3.77,12.92502,-5.6513100000000005,-2.24,-2.71,-2.23,2026-08-19T00:00:00,2013-02-25T00:00:00,2/25/2013,1361750400,2026-08-14T00:00:00
55,MUA,-0.08789999999999999,6.03261,6.6137,0.0555,9.58,21,Morningstar US CEF Municipal,16,BlackRock,False,10.07,0.01,11.04,2026-08-19T00:00:00,09254J102,BlackRock Muniassets,2026-08-19,XMUAX,Fixed Income - Municipal-Municipal,33.21,507.073,-0.004,Monthly,0.28542,0.0555,15.0,5.4809,,,2.59,,832.314,True,False,False,False,False,False,,5.27,5.66,-0.6900000000000001,-3.46,2.14,-2.26,,,3.66,1281650,17.85,,92.4046,,12.75,,10.789860000000001,-3.93946,-2.17,-1.7000000000000002,-2.27,2026-08-19T00:00:00,1993-06-25T00:00:00,6/25/1993,740966400,2026-08-14T00:00:00
56,BTT,-0.07629999999999999,2.27173,2.45936,0.0464,3.17,21,Morningstar US CEF Municipal,16,BlackRock,False,22.64,0.05,24.51,2026-08-19T00:00:00,09257P105,BlackRock Municipal 2030 Target Term,2026-08-19,XBTTX,Fixed Income - Municipal-Municipal,34.84,1440.479,0.148,Monthly,0.34323,0.0464,25.0,4.6478,,,2.69,,2393.339,True,False,True,False,False,True,,3.65,4.89,0.37,-0.34,0.62,-0.43,,,3.6,905900,22.83,,101.5267,,3.88,,22.64816,-8.09232,0.78,0.75,0.22,2026-08-19T00:00:00,2012-08-29T00:00:00,8/29/2012,1346198400,2026-08-14T00:00:00
57,MHD,-0.073,5.73034,6.18182,0.0595,9.25,21,Morningstar US CEF Municipal,16,BlackRock,False,11.55,0.03,12.46,2026-08-19T00:00:00,09253N104,BlackRock Municipal Income,2026-08-19,XMHDX,Fixed Income - Municipal-Municipal,42.24,2017.784,0.004,Monthly,0.30405,0.0595,15.0,5.0119,,,3.08,,3768.891,True,False,True,False,False,False,,2.22,4.65,-2.14,-2.9699999999999998,0.9,1.21,,,9.63,2561840,5.52,,99.8744,,11.88,,11.67927,-8.53789,1.49,1.42,1.26,2026-08-19T00:00:00,1997-05-02T00:00:00,5/2/1997,862531200,2026-08-14T00:00:00
58,MUC,-0.0689,5.5972100000000005,6.01124,0.0535,8.76,22,Morningstar US CEF Municipal-CA,16,BlackRock,False,10.68,0.0,11.47,2026-08-19T00:00:00,09254L107,BlackRock MuniHoldings CA Qty,2026-08-19,XMUCX,Fixed Income - Municipal-Municipal - CA,40.86,1335.088,0.07100000000000001,Monthly,0.26962,0.0535,15.0,5.0713,,,3.22,,2424.5,True,False,True,False,False,False,,1.73,4.82,-2.13,-3.19,0.97,3.34,,,11.65,2852640,3.71,,102.4334,,13.95,,10.74231,-8.27025,1.38,1.11,1.08,2026-08-19T00:00:00,1998-02-27T00:00:00,2/27/1998,888537600,2026-08-14T00:00:00
59,MUJ,0.0057,5.27687,5.24696,0.054,8.4,24,Morningstar US CEF Municipal-Single State,16,BlackRock,False,12.35,0.14,12.28,2026-08-19T00:00:00,09254X101,BlackRock MuniHoldings NJ Qty,2026-08-19,XMUJX,Fixed Income - Municipal-Municipal - Single-State,39.88,656.836,0.085,Monthly,0.2647,0.054,15.0,4.7124,,,3.37,,1086.438,True,True,True,False,False,False,,2.92,7.83,-0.86,-0.17,0.84,3.74,,,16.78,1023420,17.89,,97.7946,,13.16,,11.97955,-4.44436,2.05,3.38,2.16,2026-08-19T00:00:00,1998-03-11T00:00:00,3/11/1998,889574400,2026-08-14T00:00:00
60,MIY,0.0387,5.39159,5.19048,0.0545,9.12,24,Morningstar US CEF Municipal-Single State,16,BlackRock,False,12.6,0.1,12.13,2026-08-19T00:00:00,09254V105,BlackRock MuniYield MI Quality,2026-08-19,XMIYX,Fixed Income - Municipal-Municipal - Single-State,39.78,364.956,0.07200000000000001,Monthly,0.25837,0.0545,15.0,4.9551,,,3.34,,583.435,True,True,True,False,False,False,,2.69,8.65,-1.01,-0.25,0.64,7.21,,,18.14,610970,8.23,,100.9645,,16.35,,11.90035,-3.79771,2.48,3.06,2.84,2026-08-19T00:00:00,1992-10-30T00:00:00,10/30/1992,720403200,2026-08-14T00:00:00
61,MYN,-0.0674,5.82922,6.25025,0.051199999999999996,9.57,23,Morningstar US CEF Municipal-NY,17,"BlackRock Advisors, LLC",False,9.83,0.05,10.54,2026-08-19T00:00:00,09255E102,BlackRock MuniYield NY Quality,2026-08-19,XMYNX,Fixed Income - Municipal-Municipal - NY,22.77,925.235,0.069,Monthly,0.24345,0.051199999999999996,15.0,4.855,,,3.2800000000000002,,1284.57,True,False,True,False,False,False,,1.78,4.46,-1.9100000000000001,-2.92,0.71,1.46,,,12.16,1226790,8.48,,100.2576,,12.59,,9.93558,-8.24241,1.9500000000000002,2.5300000000000002,1.96,2026-08-19T00:00:00,1992-02-28T00:00:00,2/28/1992,699235200,2026-08-14T00:00:00
62,MPA,-0.07719999999999999,4.75415,5.15212,0.0477,8.83,24,Morningstar US CEF Municipal-Single State,16,BlackRock,False,11.11,0.03,12.04,2026-08-19T00:00:00,09255G107,BlackRock MuniYield PA Quality,2026-08-19,XMPAX,Fixed Income - Municipal-Municipal - Single-State,38.39,143.87,0.039,Monthly,0.23728000000000002,0.0477,15.0,4.7722999999999995,,,3.23,,253.06,True,False,True,False,False,False,,2.5300000000000002,3.49,-1.69,-2.75,0.01,1.31,,,8.27,315880,7.16,,98.0715,,14.9,,11.25735,-8.51819,0.99,1.5899999999999999,1.07,2026-08-19T00:00:00,1992-10-30T00:00:00,10/30/1992,720403200,2026-08-14T00:00:00
63,MYI,-0.062400000000000004,5.77123,6.15527,0.0555,8.81,21,Morningstar US CEF Municipal,16,BlackRock,False,10.82,0.07,11.54,2026-08-19T00:00:00,09254E103,BlackRock MuniYield Qty III,2026-08-19,XMYIX,Fixed Income - Municipal-Municipal,42.26,1323.217,0.04,Monthly,0.27666,0.0555,15.0,5.0585,,,3.23,,2444.011,True,False,True,False,False,False,,2.79,4.54,-1.12,-1.6,0.81,1.5899999999999999,,,9.13,2303190,6.01,,99.7206,,11.76,,10.93011,-7.56651,1.53,2.5,1.7000000000000002,2026-08-19T00:00:00,1992-04-13T00:00:00,4/13/1992,703123200,2026-08-14T00:00:00
64,MQY,-0.0698,5.78073,6.21429,0.057999999999999996,8.5,21,Morningstar US CEF Municipal,17,"BlackRock Advisors, LLC",False,11.2,0.05,12.04,2026-08-19T00:00:00,09254F100,BlackRock Muniyield Quality,2026-08-19,XMQYX,Fixed Income - Municipal-Municipal,42.37,1684.84,0.060000000000000005,Monthly,0.28992,0.057999999999999996,15.0,5.0143,,,3.2,,3142.68,True,False,True,False,False,False,,2.31,3.93,-1.58,-2.4,0.43,2.67,,,8.56,3027910,4.96,,99.4864,,14.22,,11.44559,-7.43193,0.42,0.49,0.53,2026-08-19T00:00:00,1992-06-26T00:00:00,6/26/1992,709516800,2026-08-14T00:00:00
65,BCX,-0.0536,6.14548,6.49379,0.0697,33.07,8,Morningstar US CEF Sector Equity,16,BlackRock,True,12.88,0.31,13.61,2026-08-19T00:00:00,09257A108,BlackRock Resources&Commodities Strategy,2026-08-19,XBCRX,Equity-Sector Equity,0.0,981.947,,Monthly,0.10812000000000001,0.0697,20.0,,,,1.19,,1037.622,True,True,True,False,True,False,,11.73,15.35,12.37,12.91,14.36,14.27,,,36.0,2121890,,,,,,,11.3981,-6.7655,0.76,1.13,1.19,2026-08-19T00:00:00,2011-03-29T00:00:00,3/29/2011,1301356800,2026-08-14T00:00:00
66,BSTZ,-0.07200000000000001,5.92165,6.38089,0.1625,46.06,8,Morningstar US CEF Sector Equity,16,BlackRock,True,30.56,-0.51,32.93,2026-08-19T00:00:00,09260K101,BlackRock Science and Technology Term,2026-08-19,XBSZX,Equity-Sector Equity,0.77,2100.821,,Monthly,-0.14164000000000002,0.1625,20.0,,,,1.35,,2281.25,True,True,True,False,True,True,,22.55,28.06,3.21,4.13,27.28,31.54,,,48.05,2168940,,,,,,,24.5795,-9.61103,1.44,0.97,1.3599999999999999,2026-08-19T00:00:00,2019-06-26T00:00:00,6/26/2019,1561507200,2026-08-14T00:00:00
67,BST,-0.0483,5.83998,6.13622,0.25,28.91,8,Morningstar US CEF Sector Equity,16,BlackRock,True,48.89,-0.54,51.37,2026-08-19T00:00:00,09258G104,BlackRock Science and Technology Trust,2026-08-19,XBSTX,Equity-Sector Equity,0.1,1697.462,,Monthly,-0.17225000000000001,0.25,20.0,3.9896000000000003,,,1.11,,1785.34,True,True,True,False,True,False,,22.13,20.1,6.63,6.5600000000000005,20.04,18.88,,,31.05,995260,,,,,0.26,0.26,42.39119,-6.4348,0.89,1.19,1.1,2026-08-19T00:00:00,2014-10-29T00:00:00,10/29/2014,1414540800,2026-08-14T00:00:00
68,BBN,-0.042300000000000004,7.1449300000000004,7.46028,0.0986,3.41,20,Morningstar US CEF Taxable Muni,17,"BlackRock Advisors, LLC",True,15.86,0.13,16.56,2026-08-19T00:00:00,09248X100,BlackRock Taxable Municipal Bond Trust,2026-08-19,XBBNX,Fixed Income - Taxable-Taxable Muni,35.62,980.029,0.077,Monthly,0.48995,0.0986,20.0,5.9174,,,3.1,,1589.35,True,False,True,False,True,False,,4.29,5.93,-2.5,-3.15,-1.0,1.17,,,5.06,2037670,2.81,,99.5233,,8.35,,16.34423,-4.9421100000000004,0.47000000000000003,1.03,1.35,2026-08-19T00:00:00,2010-08-27T00:00:00,8/27/2010,1282867200,2026-08-14T00:00:00
69,BTX,-0.09939999999999999,6.38945,7.09459,0.0525,27.64,10,Morningstar US CEF US Equity,16,BlackRock,True,8.88,-0.1,9.86,2026-08-19T00:00:00,09260Q108,BlackRock Tech and Private Equity Term,2026-08-19,XBTPX,Equity-U.S. Equity,1.09,1036.387,,Monthly,-0.044090000000000004,0.0525,20.0,,,,1.46,,1163.428,True,True,True,False,True,True,,7.59,10.77,-5.94,-6.51,20.73,28.33,,,20.93,7947320,,,,,,,7.36276,-13.68889,1.52,1.3900000000000001,1.6400000000000001,2026-08-19T00:00:00,2021-03-26T00:00:00,3/26/2021,1616716800,2026-08-14T00:00:00
70,BUI,0.013300000000000001,6.84191,6.75192,0.154,18.54,8,Morningstar US CEF Sector Equity,16,BlackRock,True,27.37,0.19,27.01,2026-08-19T00:00:00,09248D104,"BlackRock Util, Infra & Power Opp",2026-08-19,XBUIX,Equity-Sector Equity,0.11,823.414,,Monthly,0.13116,0.154,20.0,,,,1.09,,812.583,True,True,False,False,True,False,,14.09,14.87,9.05,9.31,14.27,11.69,,,16.44,745230,,,,,,,27.16437,2.17579,-0.26,-0.02,0.26,2026-08-19T00:00:00,2011-11-23T00:00:00,11/23/2011,1322006400,2026-08-14T00:00:00
71,BHV,0.1341,4.91449,4.33333,0.0455,7.12,24,Morningstar US CEF Municipal-Single State,16,BlackRock,False,12.6,0.06,11.11,2026-08-19T00:00:00,092481100,BlackRock VA Municipal Bond,2026-08-19,XBHVX,Fixed Income - Municipal-Municipal - Single-State,39.58,20.012,0.024,Monthly,0.1615,0.0455,15.0,4.857,,,4.53,,29.204,True,True,True,False,False,False,,0.8200000000000001,11.21,-2.95,-2.48,-0.4,26.13,,,29.18,54400,7.23,,99.2945,,16.77,10.27,11.18921,-2.36214,2.19,1.01,1.43,2026-08-19T00:00:00,2002-04-30T00:00:00,4/30/2002,1020124800,2026-08-14T00:00:00
72,BGX,-0.11900000000000001,7.96761,9.04412,0.08199999999999999,0.6,19,Morningstar US CEF Senior Loans,18,Blackstone Liquid Credit Strategies LLC,False,10.88,0.03,12.35,2026-08-19T00:00:00,09257D102,Blackstone Long-Short Credit Income,2026-08-19,XXBGX,Fixed Income - Taxable-Senior Loans,33.68,138.266,,Monthly,0.51573,0.08199999999999999,20.0,7.1166,,,4.65,,236.647,True,False,False,False,False,False,,6.67,7.05,3.69,3.11,-1.24,-4.02,,,-7.07,709380,,,,,17.0,,11.34384,-10.35406,-0.6900000000000001,0.23,0.29,2026-08-19T00:00:00,2011-01-27T00:00:00,1/27/2011,1296086400,2026-07-24T00:00:00
73,BSL,-0.0347,7.80488,8.08576,0.088,-0.26,19,Morningstar US CEF Senior Loans,18,Blackstone Liquid Credit Strategies LLC,False,13.06,0.01,13.53,2026-08-19T00:00:00,09256U105,Blackstone Senior Floating Rt 2027 term,2026-08-19,XBSLX,Fixed Income - Taxable-Senior Loans,33.36,170.04,,Monthly,0.55321,0.088,20.0,7.1282,,,4.68,,264.36,True,False,True,False,False,True,,6.16,9.0,4.01,3.99,-1.3599999999999999,-0.14,,,-0.81,426960,,,,,3.73,,13.37831,-3.6134,0.14,0.02,0.34,2026-08-19T00:00:00,2010-05-26T00:00:00,5/26/2010,1274832000,2026-07-24T00:00:00
74,BGB,-0.0455,7.68971,8.05654,0.076,-0.23,19,Morningstar US CEF Senior Loans,18,Blackstone Liquid Credit Strategies LLC,False,11.32,0.05,11.86,2026-08-19T00:00:00,09257R101,Blackstone Strategic Credit 2027 term,2026-08-19,XBGBX,Fixed Income - Taxable-Senior Loans,38.87,505.763,,Monthly,0.74549,0.076,20.0,6.9311,,,5.4,,866.823,True,False,True,False,False,True,,6.57,9.58,3.6,4.63,-1.85,-1.2,,,-2.41,1323080,,,,,17.78,,11.620940000000001,-4.68526,0.11,-0.37,0.37,2026-08-19T00:00:00,2012-09-26T00:00:00,9/26/2012,1348617600,2026-07-24T00:00:00
75,BPRE,-0.4664,7.27965,13.64179,0.1371,-7.28,7,Morningstar US CEF Real Estate,19,"Bluerock Fund Advisors, LLC",True,12.06,0.06,22.6,2026-08-19T00:00:00,09631P102,Bluerock Private Real Estate Fund,2026-08-19,XBPREX,Equity-Real Estate,,1725.115,,Monthly,,0.1371,14.0,,,,0.0,,3232.803,False,True,True,False,True,False,,-7.01,,-1.4100000000000001,,-3.65,-14.96,,,,0,,,75.3755,,,,,,,-1.33,-1.6600000000000001,2026-08-19T00:00:00,2014-04-01T00:00:00,4/1/2014,1396310400,2026-08-17T00:00:00
76,DHF,-0.1119,7.83582,8.82353,0.017499999999999998,3.68,14,Morningstar US CEF High Yield,20,BNY Mellon,False,2.38,0.01,2.6799999999999997,2026-08-19T00:00:00,09660L105,BNY Mellon High Yield Strategies Fund,2026-08-19,XDHFX,Fixed Income - Taxable-High Yield,27.52,173.113,,Monthly,0.09917000000000001,0.017499999999999998,15.0,7.0256,,,3.18,,268.934,True,False,False,False,False,False,,9.21,9.79,3.3,0.43,0.92,-1.05,,,-0.13,3587230,5.35,,99.6101,,4.52,3.33,2.47897,-9.32842,-1.1,-0.68,-0.55,2026-08-19T00:00:00,1998-04-29T00:00:00,4/29/1998,893808000,2026-08-06T00:00:00
77,DMB,-0.07,5.24934,5.6444,0.049999999999999996,9.14,21,Morningstar US CEF Municipal,20,BNY Mellon,False,10.63,0.03,11.43,2026-08-19T00:00:00,09662W109,BNY Mellon Muni Bond Infrastructure Fund,2026-08-19,XDMBX,Fixed Income - Municipal-Municipal,35.84,195.655,,Monthly,0.24734,0.049999999999999996,15.0,5.0905,,,3.19,,327.875,True,False,True,False,False,False,,2.42,0.48,-1.34,-3.05,0.05,-1.9100000000000001,,,10.07,583150,0.37,,101.4874,,11.41,8.86,10.7875,-7.47335,0.35000000000000003,-0.25,-0.06,2026-08-19T00:00:00,2013-04-26T00:00:00,4/26/2013,1366934400,2026-08-18T00:00:00
78,DSM,-0.0756,5.66929,6.13288,0.03,10.33,21,Morningstar US CEF Municipal,20,BNY Mellon,False,5.87,0.04,6.35,2026-08-19T00:00:00,09662E109,BNY Mellon Strategic Muni Bond,2026-08-19,XDSMX,Fixed Income - Municipal-Municipal,34.82,290.146,,Monthly,0.15742,0.03,10.0,5.0273,,,2.73,,481.57,True,False,False,False,False,False,,2.61,4.87,-1.96,-3.02,0.55,-2.92,,,10.44,1106410,1.79,,99.5588,,8.93,8.04,6.01359,-7.08832,-0.36,-0.6,-0.8300000000000001,2026-08-19T00:00:00,1989-11-22T00:00:00,11/22/1989,627696000,2026-08-13T00:00:00
79,LEO,-0.0759,5.35714,5.7971,0.03,9.91,21,Morningstar US CEF Municipal,20,BNY Mellon,False,6.21,0.02,6.72,2026-08-19T00:00:00,05588W108,BNY Mellon Strategic Municipals,2026-08-19,XLEOX,Fixed Income - Municipal-Municipal,34.24,386.826,,Monthly,0.15752,0.03,10.0,5.135,,,2.76,,636.515,True,False,True,False,False,False,,3.05,4.32,-1.8,-3.7,0.96,-0.44,,,10.27,2010520,1.06,,99.5242,,9.37,8.23,6.3067,-7.64341,0.05,-0.2,-0.35000000000000003,2026-08-19T00:00:00,1987-09-23T00:00:00,9/23/1987,559353600,2026-08-13T00:00:00
80,BWG,-0.091,11.20187,12.32349,0.08,4.97,13,Morningstar US CEF Global Income,54,"Franklin Templeton Fund Adviser, LLC",True,7.79,0.05,8.57,2026-08-19T00:00:00,10537L104,BrandywineGLOBAL â Global Inc Opp Fund,2026-08-19,XBWGX,Fixed Income - Taxable-Global Income,41.23,130.808,,Monthly,0.40321,0.08,20.0,7.6784,,,4.62,,244.867,True,False,False,False,True,False,,6.63,9.64,0.77,1.87,-0.05,-0.96,,,3.41,787340,,,,,,,8.23433,-8.43272,-0.44,0.97,0.7000000000000001,2026-08-19T00:00:00,2012-03-28T00:00:00,3/28/2012,1332892800,2026-07-24T00:00:00
81,RA,-0.09269999999999999,10.17973,11.22029,0.118,6.25,14,Morningstar US CEF High Yield,21,Brookfield Public Securities Group LLC,True,12.62,-0.01,13.91,2026-08-19T00:00:00,112830104,Brookfield Real Assets Income Fund Inc.,2026-08-19,XRAIX,Fixed Income - Taxable-High Yield,25.28,697.314,,Monthly,0.4166,0.118,25.0,6.5568,,,3.34,,1028.608,True,False,False,False,True,False,,8.28,1.74,3.95,1.0,2.64,5.37,,,7.86,1668950,,,95.6177,,8.9,,13.02456,-9.06254,-0.18,-0.14,0.13,2026-08-19T00:00:00,2016-12-02T00:00:00,12/2/2016,1480636800,2026-08-06T00:00:00
82,CFND,-0.6798000000000001,,,,,10,Morningstar US CEF US Equity,23,C1 Advisors LLC,True,2.35,-1.3900000000000001,7.34,2026-03-31T00:00:00,12673Q103,C1 Fund Inc.,2026-08-19,XCFNDX,Equity-U.S. Equity,,15.667,,Semi-Annually,,,10.0,,,,5.86,,48.933,False,False,False,False,True,False,,,,,,-6.02,-38.57,,,,378060,,,,,,,4.95929,-35.73934,-1.42,-2.86,-3.22,2026-08-19T00:00:00,2025-08-07T00:00:00,8/7/2025,1754524800,
83,CHY,0.0294,9.39702,9.12895,0.09999999999999999,29.64,11,Morningstar US CEF Convertibles,24,Calamos Advisors LLC,False,13.145,-0.19,12.77,2026-08-19T00:00:00,12811P108,Calamos Convertible & High Income Fund,2026-08-19,XCHYX,Fixed Income - Taxable-Convertibles,31.56,1055.942,,Monthly,-0.10886,0.09999999999999999,15.0,3.6075,,4.49,4.01,,1498.836,True,True,True,False,False,False,,16.72,14.47,6.19,5.77,18.75,16.47,,,26.77,1904030,,,113.3553,,,,11.99569,-0.78876,1.9300000000000002,1.35,1.78,2026-08-19T00:00:00,2003-05-28T00:00:00,5/28/2003,1054080000,2026-08-14T00:00:00
84,CHI,0.08410000000000001,9.49209,8.75576,0.095,29.1,11,Morningstar US CEF Convertibles,24,Calamos Advisors LLC,False,13.02,-0.08,12.01,2026-08-19T00:00:00,128117108,Calamos Convertible Opp Inc,2026-08-19,XCHIX,Fixed Income - Taxable-Convertibles,30.93,1050.802,,Monthly,-0.09886,0.095,15.0,3.5722,,4.47,3.98,,1403.338,True,True,True,False,False,False,,16.51,14.96,6.09,6.53,18.55,25.46,,,34.8,1831810,,,113.5724,,,,11.58403,1.57509,2.93,1.5,2.09,2026-08-19T00:00:00,2002-06-26T00:00:00,6/26/2002,1025049600,2026-08-14T00:00:00
85,CCD,0.0562,9.745940000000001,9.22713,0.19499999999999998,34.54,11,Morningstar US CEF Convertibles,24,Calamos Advisors LLC,False,25.36,-0.45,24.01,2026-08-19T00:00:00,12811V105,Calamos Dynamic Convertible and Income,2026-08-19,XCCDX,Fixed Income - Taxable-Convertibles,29.33,724.861,,Monthly,-0.41014,0.19499999999999998,25.0,2.5787,,4.07,4.26,,971.032,True,True,True,False,False,True,,17.95,17.39,6.36,6.39,22.06,24.67,,,32.75,840470,,,,,,,22.86944,1.67691,1.76,1.31,1.3900000000000001,2026-08-19T00:00:00,2015-03-27T00:00:00,3/27/2015,1427414400,2026-08-14T00:00:00
86,CHW,-0.09609999999999999,7.6841,8.50059,0.06,22.9,25,Morningstar US CEF Global Allocation,24,Calamos Advisors LLC,False,8.47,-0.07,9.37,2026-08-19T00:00:00,12811L107,Calamos Global Dynamic Income Fund,2026-08-19,XCHWX,Hybrid-Global Allocation,29.63,540.931,,Monthly,-0.03591,0.06,15.0,5.1178,,4.53,3.85,,850.373,True,True,True,False,False,False,,18.72,20.39,7.44,3.52,16.62,16.26,,,24.92,1911550,,,,,,,7.94716,-10.27724,0.53,0.24,0.61,2026-08-19T00:00:00,2007-06-27T00:00:00,6/27/2007,1182902400,2026-08-14T00:00:00
87,CGO,-0.08439999999999999,7.53138,8.22544,0.09,23.06,25,Morningstar US CEF Global Allocation,24,Calamos Advisors LLC,False,13.13,0.02,14.34,2026-08-19T00:00:00,128118106,Calamos Global Total Return,2026-08-19,XCGOX,Hybrid-Global Allocation,29.54,129.032,,Monthly,-0.07175000000000001,0.09,15.0,5.0672,,4.39,4.02,,200.0,True,True,True,False,False,False,,19.15,18.74,7.38,4.51,17.31,15.68,,,18.73,276280,,,,,,,12.32107,-8.90888,0.27,1.43,1.6400000000000001,2026-08-19T00:00:00,2005-10-27T00:00:00,10/27/2005,1130371200,2026-08-14T00:00:00
88,CPZ,-0.1326,10.94463,12.61735,0.13999999999999999,-3.93,5,Morningstar US CEF Global Equity,24,Calamos Advisors LLC,False,13.315,-0.01,15.35,2026-08-19T00:00:00,12812C106,Calamos L/S Equity & Dynamic Inc Trust,2026-08-19,XCPZX,Equity-Global Equity,47.78,261.403,,Monthly,0.08155,0.13999999999999999,20.0,6.5242,,13.21,4.38,,577.045,True,False,False,False,False,False,,4.5600000000000005,5.9,2.77,2.46,-0.77,-4.07,,,-8.28,762780,,,99.1682,,,,14.4815,-9.69842,-1.5899999999999999,-0.97,-1.19,2026-08-19T00:00:00,2019-11-29T00:00:00,11/29/2019,1574985600,2026-08-14T00:00:00
89,CSQ,-0.08560000000000001,7.11462,7.78098,0.13499999999999998,24.06,26,Morningstar US CEF US Allocation,24,Calamos Advisors LLC,False,20.82,0.03,22.77,2026-08-19T00:00:00,128125101,Calamos Strategic Total Return,2026-08-19,XCSQX,Hybrid-U.S. Allocation,27.89,3338.896,,Monthly,-0.08754,0.13499999999999998,15.0,4.1463,,4.71,3.69,,5063.784,True,True,False,False,False,False,,21.86,18.24,12.48,10.08,12.27,9.01,,,18.0,2255770,,,,,,,19.32933,-8.30082,-0.15,1.8399999999999999,1.65,2026-08-19T00:00:00,2004-03-26T00:00:00,3/26/2004,1080259200,2026-08-14T00:00:00
90,CCIF,-0.1352,22.64151,26.18182,0.06,-41.73,19,Morningstar US CEF Senior Loans,25,Carlyle Global Credit Inv Mgmt,True,2.75,0.0,3.24,2026-07-31T00:00:00,92535C104,Carlyle Credit Income Ord,2026-08-19,XCCIFX,Fixed Income - Taxable-Senior Loans,45.93,58.296,,Monthly,0.18345,0.06,8.65,8.718,,,11.36,,124.684,True,False,False,False,True,False,,-15.42,-14.2,-13.61,-10.34,-32.71,-30.71,,,-36.23,1330490,,,46.8847,,,,4.0867,-9.8938,-0.64,0.15,-0.56,2026-08-19T00:00:00,2011-12-30T00:00:00,12/30/2011,1325203200,2026-08-19T00:00:00
91,IGR,0.0305,15.68627,15.22199,0.06,13.47,7,Morningstar US CEF Real Estate,26,CBRE Investment Management Listed Real Assets LLC,True,4.73,0.11,4.59,2026-08-19T00:00:00,12504G100,CBRE Global Real Estate Income,2026-08-19,XIGRX,Equity-Real Estate,31.99,715.837,,Monthly,0.01967,0.06,15.0,,,,3.84,,1021.378,True,True,True,False,True,False,,5.34,9.24,-2.01,0.11,13.62,16.99,,,12.84,7163180,,,,,,,4.72295,1.06206,0.9,2.44,2.04,2026-08-19T00:00:00,2004-02-18T00:00:00,2/18/2004,1077062400,2026-08-20T00:00:00
92,CET,-0.16820000000000002,0.94282,1.13346,0.31,15.81,10,Morningstar US CEF US Equity,27,Central Securities Corp,False,54.7,-0.32,65.76,2026-08-14T00:00:00,155123102,Central Securities Corporation,2026-08-19,XCETX,Equity-U.S. Equity,0.32,1616.345,,Semi-Annually,0.8325400000000001,0.31,10.0,,,,0.46,,1943.16,True,True,False,False,False,False,,17.62,18.88,10.71,11.61,6.98,6.0,,,15.93,371240,,,,,,0.05,51.67288,-15.58715,-1.44,-1.37,-1.63,2026-08-19T00:00:00,1980-07-28T00:00:00,7/28/1980,333590400,2026-06-12T00:00:00
93,EMO,-0.0958,7.18443,7.94556,0.41,27.88,6,Morningstar US CEF MLP,54,"Franklin Templeton Fund Adviser, LLC",False,54.37,-0.05,60.13,2026-08-19T00:00:00,18469P209,ClearBridge Energy Midstream Opportunity,2026-08-19,XEMOX,Equity-MLP,23.79,1086.869,,Monthly,-0.08994,0.41,20.0,,,,3.12,,1577.221,True,True,False,False,False,False,,27.25,28.84,26.38,29.9,26.31,21.49,,,20.81,608980,,,,,,,48.23969,-9.39625,-0.07,2.45,0.8,2026-08-19T00:00:00,2011-06-13T00:00:00,6/13/2011,1307923200,2026-07-24T00:00:00
94,GLV,-0.1176,9.6204,10.90209,0.0566,22.2,25,Morningstar US CEF Global Allocation,28,Clough Capital Partners L.P.,True,6.23,0.01,7.06,2026-08-19T00:00:00,18913Y103,Clough Global Dividend and Income,2026-08-19,XGLVX,Hybrid-Global Allocation,32.47,77.312,,Monthly,0.00647,0.0566,20.0,4.8157,,,3.06,,129.743,True,True,True,False,True,False,,12.45,15.75,1.16,0.03,11.55,12.24,,,24.55,414490,,,,,14.73,12.28,6.13542,-11.89726,0.13,1.03,0.59,2026-08-19T00:00:00,2004-07-28T00:00:00,7/28/2004,1090972800,2026-08-18T00:00:00
95,GLQ,-0.0892,9.634360000000001,10.57799,0.07289999999999999,21.95,5,Morningstar US CEF Global Equity,28,Clough Capital Partners L.P.,True,8.27,0.01,9.08,2026-08-19T00:00:00,18914C100,Clough Global Equity,2026-08-19,XGLQX,Equity-Global Equity,32.57,154.964,,Monthly,-0.056870000000000004,0.07289999999999999,20.0,,,,3.41,,252.311,True,True,True,False,True,False,,17.41,21.32,0.67,-0.6,11.58,12.81,,,24.63,622760,,,,,0.06,,7.9728200000000005,-11.36472,2.26,1.38,1.88,2026-08-19T00:00:00,2005-04-27T00:00:00,4/27/2005,1114560000,2026-08-18T00:00:00
96,GLO,-0.09380000000000001,9.91385,10.94058,0.0537,15.94,25,Morningstar US CEF Global Allocation,28,Clough Capital Partners L.P.,True,5.890000000000001,-0.05,6.5,2026-08-19T00:00:00,18914E106,Clough Global Opportunities,2026-08-19,XGLOX,Hybrid-Global Allocation,33.26,251.893,,Monthly,-0.0235,0.0537,20.0,4.8199000000000005,,,3.54,,416.531,True,True,True,False,True,False,,13.07,16.99,-1.98,-2.84,7.99,9.96,,,20.07,1521670,,,,,16.96,14.09,5.80833,-11.50781,2.19,1.6600000000000001,1.98,2026-08-19T00:00:00,2006-04-25T00:00:00,4/25/2006,1145923200,2026-08-18T00:00:00
97,FOF,-0.0044,7.64275,7.67647,0.087,17.32,26,Morningstar US CEF US Allocation,30,"Cohen &amp; Steers Capital Management, Inc.",False,13.6,-0.01,13.66,2026-08-19T00:00:00,19248P106,Cohen & Steers Closed-End Opportunity,2026-08-19,XFOFX,Hybrid-U.S. Allocation,,377.723,,Monthly,0.19373,0.087,20.0,6.1386,,7.64,0.9500000000000001,,379.389,False,True,False,False,False,False,,16.76,16.55,8.12,7.74,6.72,7.66,,,14.04,618390,,,95.6359,,,,13.47832,1.2703,-0.97,-1.45,-1.23,2026-08-19T00:00:00,2006-11-20T00:00:00,11/20/2006,1163980800,2026-08-11T00:00:00
98,UTF,-0.0167,7.19215,7.31437,0.16499999999999998,17.87,8,Morningstar US CEF Sector Equity,29,Cohen &amp; Steers,False,27.07,-0.1,27.53,2026-08-19T00:00:00,19248A109,Cohen & Steers Infrastructure,2026-08-19,XUTFX,Equity-Sector Equity,28.22,3026.699,,Monthly,0.20763,0.16499999999999998,20.0,5.4498,,,3.43,,4288.132,True,True,True,False,False,False,,14.33,14.58,8.81,7.52,14.52,20.26,,,12.6,3618400,,,103.041,,7.43,,25.81425,-5.05058,1.16,0.87,1.3,2026-08-19T00:00:00,2004-03-30T00:00:00,3/30/2004,1080604800,2026-08-11T00:00:00
99,LDP,-0.068,7.12925,7.64964,0.131,6.6,18,Morningstar US CEF Preferreds,30,"Cohen &amp; Steers Capital Management, Inc.",False,20.55,-0.04,22.05,2026-08-19T00:00:00,19248C105,Cohen & Steers Ltd Duration Pref & Inc,2026-08-19,XLDPX,Fixed Income - Taxable-Preferreds,32.94,597.578,,Monthly,0.6786800000000001,0.131,25.0,,,,3.67,,956.197,True,False,False,False,False,False,,11.21,12.31,4.27,2.41,2.15,1.55,,,3.32,613850,,,,,88.99,,21.08477,-5.73431,-0.73,-0.27,-0.01,2026-08-19T00:00:00,2012-07-27T00:00:00,7/27/2012,1343347200,2026-08-11T00:00:00
100,RQI,-0.0683,8.10811,8.70266,0.09,19.72,7,Morningstar US CEF Real Estate,29,Cohen &amp; Steers,False,12.41,0.1,13.32,2026-08-19T00:00:00,19247L106,Cohen & Steers Qual Inc Realty,2026-08-19,XRQIX,Equity-Real Estate,26.6,1825.194,,Monthly,0.09720000000000001,0.09,15.0,4.5417000000000005,,,3.45,,2669.156,True,False,False,False,False,False,,11.52,10.66,4.46,3.48,20.75,16.05,,,12.91,4931630,,,102.1293,,7.49,,12.43121,-3.78585,-1.05,-0.15,-0.87,2026-08-19T00:00:00,2002-02-28T00:00:00,2/28/2002,1014854400,2026-08-11T00:00:00
101,RLTY,-0.0843,7.72834,8.4399,0.11,17.7,7,Morningstar US CEF Real Estate,30,"Cohen &amp; Steers Capital Management, Inc.",True,15.64,0.04,17.08,2026-08-19T00:00:00,19249Q103,Cohen & Steers Real Estate Opp & Inc Fd,2026-08-19,XRLTX,Equity-Real Estate,33.05,261.538,,Monthly,0.11394,0.11,20.0,5.2869,,,4.55,,426.619,True,True,False,False,True,False,,11.02,12.8,,,15.53,13.65,,,13.37,609710,,,104.0393,,,,15.31906,-7.16959,-0.81,0.35000000000000003,-0.13,2026-08-19T00:00:00,2022-02-24T00:00:00,2/24/2022,1645660800,2026-08-11T00:00:00
102,RNP,-0.0617,7.46228,7.95322,0.13599999999999998,13.46,7,Morningstar US CEF Real Estate,30,"Cohen &amp; Steers Capital Management, Inc.",True,20.52,0.17,21.87,2026-08-19T00:00:00,19247X100,Cohen & Steers REIT & Preferred Inc Fd,2026-08-19,XRNPX,Equity-Real Estate,30.01,984.962,,Monthly,0.38016,0.13599999999999998,25.0,5.8091,,,3.37,,1499.887,True,False,False,False,True,False,,11.2,9.46,4.14,3.5,12.09,7.78,,,-0.73,1187440,,,106.003,,6.69,,20.84232,-2.6446300000000003,-0.93,0.56,-0.49,2026-08-19T00:00:00,2003-06-27T00:00:00,6/27/2003,1056672000,2026-08-11T00:00:00
103,PSF,-0.1036,7.02276,7.8342,0.126,6.09,18,Morningstar US CEF Preferreds,29,Cohen &amp; Steers,False,19.3,-0.01,21.53,2026-08-19T00:00:00,19248Y107,Cohen & Steers Select Preferred & Inc,2026-08-19,XPSFX,Fixed Income - Taxable-Preferreds,33.25,232.144,,Monthly,0.6429,0.126,25.0,7.0987,,,3.76,,387.967,True,False,False,False,False,False,,10.7,8.7,3.14,-1.51,1.6,0.34,,,1.94,376680,,,101.0886,,86.4,,20.14439,-8.19632,-1.49,-1.16,-1.22,2026-08-19T00:00:00,2010-11-24T00:00:00,11/24/2010,1290556800,2026-08-11T00:00:00
104,PTA,-0.0825,7.94074,8.65447,0.13399999999999998,5.21,18,Morningstar US CEF Preferreds,30,"Cohen &amp; Steers Capital Management, Inc.",True,18.58,-0.14,20.25,2026-08-19T00:00:00,19249X108,Cohen & Steers Tax-adv Prd Sec and Inc,2026-08-19,XPTAX,Fixed Income - Taxable-Preferreds,35.08,1026.981,,Monthly,0.63166,0.13399999999999998,25.0,7.3128,,,4.36,,1724.192,True,False,False,False,True,False,,9.64,9.85,2.75,2.16,1.19,2.23,,,1.45,1360470,,,103.3882,,,,19.5286,-6.2721,-1.24,-1.92,-1.45,2026-08-19T00:00:00,2020-10-28T00:00:00,10/28/2020,1603843200,2026-08-11T00:00:00
105,RFI,-0.027000000000000003,8.10811,8.33333,0.08,13.68,7,Morningstar US CEF Real Estate,30,"Cohen &amp; Steers Capital Management, Inc.",False,11.52,0.1,11.84,2026-08-19T00:00:00,19247R103,Cohen & Steers Total Return,2026-08-19,XRFIX,Equity-Real Estate,0.04,308.145,,Monthly,0.14464,0.08,15.0,6.5819,,,0.9400000000000001,,316.83,True,True,False,False,False,False,,9.19,7.55,3.5300000000000002,1.7000000000000002,13.52,9.27,,,5.18,936920,,,,,,,11.47013,-0.8274400000000001,-0.65,1.81,0.05,2026-08-19T00:00:00,1993-09-27T00:00:00,9/27/1993,749088000,2026-08-11T00:00:00
106,STK,-0.0646,3.3753,3.60835,0.46249999999999997,79.59,3,Morningstar US CEF Covered Call,31,"Columbia Mgmt Investment Advisers, LLC",True,51.27,-0.9400000000000001,54.81,2026-08-19T00:00:00,19842X109,Columbia Seligman Premium Technology Gr,2026-08-19,XSTKX,Equity-Covered-Call Funds,,905.496,,Quarterly,-0.09022000000000001,0.46249999999999997,20.0,,,,1.12,,969.867,False,True,False,False,True,False,,35.21,28.66,21.39,19.24,43.2,36.28,,,69.75,565960,,,,,,,42.12054,-4.30365,-1.06,-0.37,-0.75,2026-08-19T00:00:00,2009-11-25T00:00:00,11/25/2009,1259107200,2026-08-17T00:00:00
107,CLM,0.078,22.74571,21.09986,0.1215,15.88,10,Morningstar US CEF US Equity,32,"Cornerstone Advisors, LLC",True,6.91,-0.59,6.41,2026-08-14T00:00:00,21924B302,Cornerstone Strategic Investment Fund,2026-08-19,XCLMX,Equity-U.S. Equity,0.0,2043.74,,Monthly,0.00132,0.1215,38.52,,,,1.1,,1895.857,True,False,False,False,True,False,,18.24,14.53,12.18,11.92,6.91,-0.05,,,11.69,18177290,,,,,,,7.8557500000000005,19.72965,-3.74,-3.7800000000000002,-3.43,2026-08-19T00:00:00,1987-06-23T00:00:00,6/23/1987,551404800,2026-08-14T00:00:00
108,CRF,0.06269999999999999,22.6881,21.34947,0.1176,16.33,10,Morningstar US CEF US Equity,32,"Cornerstone Advisors, LLC",True,6.61,-0.56,6.22,2026-08-14T00:00:00,21924U300,Cornerstone Total Return Fund,2026-08-19,XCRFX,Equity-U.S. Equity,9.5,1063.774,,Monthly,0.00372,0.1176,25.0,,,,1.13,,1001.01,True,False,False,False,True,False,,18.41,12.58,12.57,10.62,6.83,-0.26,,,10.4,12196230,,,,,,,7.53962,18.60459,-3.65,-3.73,-3.3,2026-08-19T00:00:00,1973-05-16T00:00:00,5/16/1973,106358400,2026-08-14T00:00:00
109,CIK,-0.09960000000000001,8.85609,9.83607,0.02,0.99,14,Morningstar US CEF High Yield,107,UBS Asset Management (Americas) LLC,False,2.44,0.02,2.71,2026-08-19T00:00:00,224916106,Credit Suisse Asset Mgmt Income,2026-08-19,XCIKX,Fixed Income - Taxable-High Yield,35.07,133.843,,Monthly,0.10128000000000001,0.02,10.0,6.9712,,,3.7,,228.936,True,False,False,False,False,False,,7.28,2.5300000000000002,3.9699999999999998,2.44,0.2,-8.84,,,-9.97,4653350,,,98.7034,,5.73,,2.70032,-3.56698,-1.52,-0.71,-1.09,2026-08-19T00:00:00,1987-03-23T00:00:00,3/23/1987,543456000,2026-07-16T00:00:00
110,DHY,-0.09380000000000001,9.6875,10.68966,0.0155,-4.14,14,Morningstar US CEF High Yield,107,UBS Asset Management (Americas) LLC,False,1.7400000000000002,0.02,1.92,2026-08-19T00:00:00,22544F103,Credit Suisse High Yield Credit,2026-08-19,XDHYX,Fixed Income - Taxable-High Yield,30.67,180.281,,Monthly,0.08308,0.0155,10.0,6.998,,,3.62,,286.925,True,False,False,False,False,False,,5.38,7.12,2.55,2.29,-4.93,-7.21,,,-9.13,6406550,,,98.7615,,5.73,,1.9239100000000002,-6.4693000000000005,-0.9400000000000001,-0.22,-0.12,2026-08-19T00:00:00,1998-07-31T00:00:00,7/31/1998,901843200,2026-07-16T00:00:00
111,DXYZ,0.674,,,,188.58,8,Morningstar US CEF Sector Equity,34,Destiny Advisors LLC,True,33.43,1.81,19.97,2025-12-31T00:00:00,25063F107,Destiny Tech100 Inc,2026-08-19,DXYZ,Equity-Sector Equity,,734.668,,Monthly,-0.33773000000000003,,,,,,4.53,,438.867,False,True,False,False,True,False,,,,,,0.0,-25.27,,,-22.93,19696080,,,,,,,29.9313,116.73778,-0.6,0.1,0.11,2026-08-19T00:00:00,2024-03-26T00:00:00,3/26/2024,1711411200,
112,DMA,-0.1654,14.78642,17.71654,0.11249999999999999,-1.87,26,Morningstar US CEF US Allocation,35,Destra Capital Advisors LLC,True,7.62,0.06,9.13,2026-08-19T00:00:00,25065A502,Destra Multi-Alternative,2026-08-19,XDMAX,Hybrid-U.S. Allocation,10.79,68.3,,Monthly,0.19305,0.11249999999999999,,,,,3.29,,91.734,True,False,False,False,True,False,,0.26,23.82,-0.8300000000000001,,-4.34,-7.43,,,0.12,268090,,,,,0.11,,8.27019,-14.64233,-0.75,-0.2,-0.29,2026-08-19T00:00:00,2022-01-13T00:00:00,1/13/2022,1642032000,2026-07-21T00:00:00
113,DNP,0.11939999999999999,7.95918,7.1103,0.065,13.94,8,Morningstar US CEF Sector Equity,39,Duff &amp; Phelps Inv Mgmt Co (IL),True,10.97,0.05,9.8,2026-08-19T00:00:00,23325P104,DNP Select Income,2026-08-19,XDNPX,Equity-Sector Equity,22.94,4155.465,,Monthly,0.10944,0.065,10.0,5.6735,,,2.5300000000000002,,4817.117,True,True,True,False,True,False,,14.34,10.8,9.25,8.67,11.75,12.52,,,18.78,5869320,,,,,7.33,5.71,10.35161,6.40074,1.75,1.52,1.52,2026-08-19T00:00:00,1987-01-21T00:00:00,1/21/1987,538185600,2026-07-31T00:00:00
114,DSL,-0.0701,11.55867,12.42938,0.11,4.18,13,Morningstar US CEF Global Income,37,DoubleLine Capital LP,False,10.62,-0.08,11.42,2026-08-19T00:00:00,258622109,DoubleLine Income Solutions Fund,2026-08-19,XDSLX,Fixed Income - Taxable-Global Income,23.64,1216.745,,Monthly,0.47242,0.11,25.0,7.5984,,,2.98,,1713.402,True,False,False,False,False,False,,9.51,6.98,1.17,0.47000000000000003,2.52,1.47,,,-1.3900000000000001,5613650,,,92.0647,,,,11.32501,-4.23663,-1.3599999999999999,-1.4100000000000001,-1.46,2026-08-19T00:00:00,2013-04-26T00:00:00,4/26/2013,1366934400,2026-08-19T00:00:00
115,DBL,-0.0254,9.0784,9.31546,0.11,3.76,17,Morningstar US CEF Multi-Sector,36,DoubleLine,False,14.17,-0.03,14.54,2026-08-19T00:00:00,258623107,Doubleline Opportunistic Cred,2026-08-19,XDBLX,Fixed Income - Taxable-Multi-Sector,8.0,280.168,,Monthly,0.46533,0.11,25.0,6.3207,,,2.02,,312.484,True,False,False,False,False,False,,9.24,8.32,2.51,1.6600000000000001,1.63,-2.95,,,0.6,645360,,,84.4462,,,,14.8779,-0.7757600000000001,-1.03,0.19,-0.2,2026-08-19T00:00:00,2012-01-26T00:00:00,1/26/2012,1327536000,2026-08-19T00:00:00
116,DLY,-0.0703,9.29263,9.99572,0.1167,4.19,17,Morningstar US CEF Multi-Sector,37,DoubleLine Capital LP,True,14.01,-0.12,15.07,2026-08-19T00:00:00,25862D105,DoubleLine Yield Opportunities Fund,2026-08-19,XDLYX,Fixed Income - Taxable-Multi-Sector,16.06,680.037,,Monthly,0.62071,0.1167,20.0,7.4846,,,2.89,,871.488,True,False,False,False,True,False,,8.71,8.89,2.7199999999999998,2.26,1.76,2.38,,,0.59,2063890,,,95.3595,,,,14.47973,-6.40291,-0.39,0.66,0.28,2026-08-19T00:00:00,2020-02-25T00:00:00,2/25/2020,1582588800,2026-08-19T00:00:00
117,DTF,-0.0351,3.25815,3.37662,0.0325,2.16,21,Morningstar US CEF Municipal,38,Duff &amp; Phelps,False,11.55,0.01,11.97,2026-08-19T00:00:00,23334J107,DTF Tax-Free Income 2028 Term,2026-08-19,XDTFX,Fixed Income - Municipal-Municipal,32.16,81.191,,Monthly,0.13742000000000001,0.0325,15.0,4.9315,,,1.08,,84.144,True,True,True,False,False,False,,2.08,4.69,-2.69,-1.63,0.64,2.0,,,5.27,75320,,,104.7125,,8.11,2.2,11.41835,-5.60096,2.24,1.8900000000000001,2.13,2026-08-19T00:00:00,1991-11-29T00:00:00,11/29/1991,691372800,2026-08-17T00:00:00
118,DPG,-0.0866,5.52486,6.04839,0.075,24.39,8,Morningstar US CEF Sector Equity,39,Duff &amp; Phelps Inv Mgmt Co (IL),True,14.88,0.12,16.29,2026-08-19T00:00:00,26433C105,Duff & Phelps Utility and Infra Fund Inc,2026-08-19,XDPGX,Equity-Sector Equity,21.42,535.637,,Monthly,0.045200000000000004,0.075,20.0,,,,3.34,,746.202,True,True,True,False,True,False,,19.98,21.78,12.33,9.6,17.54,17.89,,,24.15,727180,,,,,,,13.785260000000001,-10.52585,1.65,2.15,2.5300000000000002,2026-08-19T00:00:00,2011-07-29T00:00:00,7/29/2011,1311897600,2026-07-31T00:00:00
119,KTF,-0.0045000000000000005,8.20628,8.24324,0.061,9.73,21,Morningstar US CEF Municipal,41,"DWS Investment Management Americas, Inc.",False,8.88,-0.06,8.92,2026-08-19T00:00:00,233368109,DWS Municipal Income,2026-08-19,XKTFX,Fixed Income - Municipal-Municipal,36.97,347.951,,Monthly,0.19611,0.061,12.0,4.7412,,15.48,3.14,,554.519,True,False,True,False,False,False,,2.74,7.74,-1.83,-0.89,0.8200000000000001,1.83,,,11.99,1333790,,,99.2754,,14.69,9.37,9.10258,-1.71942,1.3599999999999999,0.71,0.96,2026-08-19T00:00:00,1988-10-20T00:00:00,10/20/1988,593308800,2026-08-19T00:00:00
120,GRF,-0.15789999999999998,6.88259,8.17308,0.85,9.26,10,Morningstar US CEF US Equity,98,Sims Capital Management LLC,False,10.4,-0.05,12.35,2026-08-14T00:00:00,269451100,Eagle Capital Growth,2026-08-19,XGRFX,Equity-U.S. Equity,,41.265,,Annually,0.04519,0.85,10.0,,,,1.28,,49.003,False,False,False,False,False,False,,9.79,10.75,8.04,9.55,3.85,-5.79,,,9.62,29260,,,,,,,10.45945,-13.18055,-0.74,0.45,-0.44,2026-08-19T00:00:00,1990-07-02T00:00:00,7/2/1990,646876800,2025-11-21T00:00:00
121,ECC,-0.1157,16.66667,18.84817,0.06,-26.06,19,Morningstar US CEF Senior Loans,42,Eagle Point Credit Management,False,3.8200000000000003,-0.02,4.38,2026-07-31T00:00:00,269808101,Eagle Point Credit Company LLC,2026-08-19,XECCX,Fixed Income - Taxable-Senior Loans,30.45,508.101,,Monthly,0.61938,0.06,20.0,,,,9.21,,826.215,True,False,False,False,False,False,,-2.03,-9.83,-0.41000000000000003,-3.34,-12.38,-22.04,,,-27.07,14749400,,,,,,,5.01096,-8.53353,-0.38,0.73,0.21,2026-08-19T00:00:00,2014-10-08T00:00:00,10/8/2014,1412726400,2026-08-11T00:00:00
122,EIC,-0.1814,10.78431,13.17365,0.11,-4.54,14,Morningstar US CEF High Yield,43,Eagle Point Income Management LLC,False,10.02,0.06,12.35,2026-07-31T00:00:00,269817102,Eagle Point Income Co Inc,2026-08-19,XEICX,Fixed Income - Taxable-High Yield,12.11,230.898,,Monthly,,0.11,19.89,10.1647,,,6.36,,320.914,True,False,False,False,False,False,,11.99,5.03,6.41,3.33,-1.4100000000000001,-5.78,,,-12.73,1509580,,,87.475,,,,11.01713,-15.94914,-0.41000000000000003,-0.02,0.27,2026-08-19T00:00:00,2019-07-23T00:00:00,7/23/2019,1563840000,2026-08-11T00:00:00
123,CEV,-0.021099999999999997,5.51471,5.6338,0.049999999999999996,10.24,22,Morningstar US CEF Municipal-CA,45,Eaton Vance Management,False,10.65,-0.01,10.88,2026-08-19T00:00:00,27826F101,Eaton Vance CA Muni Inc,2026-08-19,XCEVX,Fixed Income - Municipal-Municipal - CA,32.99,74.908,0.02,Monthly,0.23213,0.049999999999999996,15.0,6.8647,,,2.48,,114.192,True,True,True,False,False,False,,2.6,5.21,-1.6800000000000002,-1.48,1.16,3.5300000000000002,,,12.75,286430,3.0,,101.3992,,,9.77,10.24967,-7.31695,3.04,2.83,3.03,2026-08-19T00:00:00,1999-01-29T00:00:00,1/29/1999,917568000,2026-08-13T00:00:00
124,EOI,-0.062400000000000004,7.52743,8.028,0.1338,9.22,3,Morningstar US CEF Covered Call,45,Eaton Vance Management,True,20.0,-0.09,21.33,2026-08-19T00:00:00,278274105,Eaton Vance Enhanced Equity Income,2026-08-19,XEOIX,Equity-Covered-Call Funds,,820.035,,Monthly,-0.04159,0.1338,20.0,,,,1.1,,874.567,False,False,False,False,True,False,,16.51,14.47,10.75,9.71,4.48,0.75,,,2.05,800840,,,,,,,20.15433,-3.62481,-0.91,0.71,-0.45,2026-08-19T00:00:00,2004-10-26T00:00:00,10/26/2004,1098748800,2026-08-14T00:00:00
125,EOS,-0.09949999999999999,7.64366,8.48862,0.1523,5.53,3,Morningstar US CEF Covered Call,44,Eaton Vance,True,21.53,-0.2,23.91,2026-08-19T00:00:00,278277108,Eaton Vance Enhanced Equity Income II,2026-08-19,XEOSX,Equity-Covered-Call Funds,,1147.894,,Monthly,-0.07293,0.1523,20.0,,,,1.09,,1274.786,False,False,False,False,True,False,,15.86,13.76,8.35,6.41,1.02,-4.66,,,-4.54,1168160,,,,,,,22.52149,-6.6863,-1.17,-1.08,-1.15,2026-08-19T00:00:00,2005-01-26T00:00:00,1/26/2005,1106697600,2026-08-14T00:00:00
126,EFT,-0.099,6.84564,7.59777,0.06799999999999999,1.03,19,Morningstar US CEF Senior Loans,45,Eaton Vance Management,False,10.74,-0.15,11.92,2026-08-19T00:00:00,278279104,Eaton Vance Floating-Rate Income,2026-08-19,XEFTX,Fixed Income - Taxable-Senior Loans,31.69,285.448,,Monthly,0.42226,0.06799999999999999,20.0,6.7698,,,4.45,,463.81,True,False,False,False,False,False,,6.3,5.79,4.94,3.06,-0.13,-2.05,,,-6.55,1100390,,,,,,,11.18081,-9.12527,-0.46,0.73,0.46,2026-08-19T00:00:00,2004-06-29T00:00:00,6/29/2004,1088467200,2026-08-14T00:00:00
127,EVV,-0.0891,8.36036,9.17802,0.0696,3.46,16,Morningstar US CEF Limited Duration,44,Eaton Vance,False,9.1,-0.03,9.99,2026-08-19T00:00:00,27828H105,Eaton Vance Limited Duration Income,2026-08-19,XEVVX,Fixed Income - Taxable-Limited Duration,40.83,1057.451,,Monthly,0.31291,0.0696,20.0,6.6631,,0.0,4.04,,1962.024,True,False,False,False,False,False,,7.38,8.15,3.22,2.33,-0.09,-3.22,,,-1.51,3228220,,,97.9783,,,,9.70874,-6.05454,-1.48,-1.02,-1.13,2026-08-19T00:00:00,2003-05-30T00:00:00,5/30/2003,1054252800,2026-08-13T00:00:00
128,EIM,-0.0697,5.90126,6.34339,0.0508,7.58,21,Morningstar US CEF Municipal,45,Eaton Vance Management,False,9.61,0.03,10.33,2026-08-19T00:00:00,27827X101,Eaton Vance Municipal Bond,2026-08-19,XEIMX,Fixed Income - Municipal-Municipal,30.77,493.691,0.030000000000000002,Monthly,0.24144000000000002,0.0508,15.0,6.6154,,,2.88,,766.524,True,False,False,False,False,False,,2.0,4.35,-1.6600000000000001,-2.18,0.6900000000000001,1.85,,,6.14,1566170,7.0,,104.6316,,,8.07,9.85244,-6.96513,0.0,0.17,-0.08,2026-08-19T00:00:00,2002-08-30T00:00:00,8/30/2002,1030665600,2026-08-14T00:00:00
129,EVN,0.028399999999999998,5.81853,5.65809,0.0513,8.54,21,Morningstar US CEF Municipal,44,Eaton Vance,False,10.88,0.13,10.58,2026-08-19T00:00:00,27826U108,Eaton Vance Municipal Income,2026-08-19,XEVNX,Fixed Income - Municipal-Municipal,34.06,434.361,0.045,Monthly,0.26558,0.0513,15.0,7.2679,,,2.46,,640.537,True,True,True,False,False,False,,3.29,7.19,-1.38,-1.16,1.56,-0.36,,,5.38,775610,7.0,,102.7977,,,7.67,10.82102,0.48597,1.35,1.3599999999999999,1.6099999999999999,2026-08-19T00:00:00,1999-01-29T00:00:00,1/29/1999,917568000,2026-08-13T00:00:00
130,EOT,-0.030299999999999997,4.5916,4.73484,0.0683,8.21,21,Morningstar US CEF Municipal,45,Eaton Vance Management,False,17.31,-0.18,17.85,2026-08-19T00:00:00,27829L105,Eaton Vance National Municipal Opprs Tr,2026-08-19,XEOTX,Fixed Income - Municipal-Municipal,12.62,270.467,0.099,Monthly,0.41933000000000004,0.0683,20.0,5.6835,,,1.25,,319.202,True,True,True,False,False,False,,3.77,4.59,-0.36,-1.32,1.48,5.1,,,13.17,374300,20.0,,98.0285,,,9.17,17.04848,-5.68139,1.42,1.06,1.1400000000000001,2026-08-19T00:00:00,2009-05-27T00:00:00,5/27/2009,1243382400,2026-08-14T00:00:00
131,ETJ,-0.08349999999999999,8.47289,9.24497,0.06509999999999999,2.55,3,Morningstar US CEF Covered Call,45,Eaton Vance Management,True,8.45,0.01,9.22,2026-08-19T00:00:00,27829G106,Eaton Vance Risk-Mgd Divers Eq Inc,2026-08-19,XETJX,Equity-Covered-Call Funds,,568.7,,Monthly,-0.01834,0.06509999999999999,20.0,,,,1.12,,620.522,False,False,True,False,True,False,,10.88,9.95,6.35,2.98,-0.32,0.8200000000000001,,,2.83,1344030,,,,,,,8.63343,-8.77045,0.49,0.72,0.67,2026-08-19T00:00:00,2007-07-31T00:00:00,7/31/2007,1185840000,2026-08-14T00:00:00
132,EFR,-0.0958,7.12468,7.87992,0.06999999999999999,1.78,19,Morningstar US CEF Senior Loans,45,Eaton Vance Management,False,10.66,0.01,11.79,2026-08-19T00:00:00,27828Q105,Eaton Vance Senior Floating Rate,2026-08-19,XEFRX,Fixed Income - Taxable-Senior Loans,31.21,314.722,,Monthly,0.42058,0.06999999999999999,20.0,6.7598,,4.83,3.26,,505.989,True,False,True,False,False,False,,6.35,5.06,5.05,3.66,0.48,-0.63,,,-3.65,1446680,,,,,,,10.91896,-9.72617,0.09,1.56,1.69,2026-08-19T00:00:00,2003-11-24T00:00:00,11/24/2003,1069632000,2026-08-14T00:00:00
133,EVF,-0.1157,6.83274,7.72636,0.032,1.97,19,Morningstar US CEF Senior Loans,45,Eaton Vance Management,False,4.97,-0.02,5.62,2026-08-19T00:00:00,27826S103,Eaton Vance Senior Income,2026-08-19,XEVFX,Fixed Income - Taxable-Senior Loans,36.07,90.306,,Monthly,0.22784000000000001,0.032,10.0,6.8671,,,2.89,,159.734,True,False,False,False,False,False,,6.53,6.21,4.95,3.44,0.64,-1.04,,,-3.7800000000000002,799090,,,,,,,5.19213,-9.82783,-0.88,0.61,0.03,2026-08-19T00:00:00,1998-10-30T00:00:00,10/30/1998,909705600,2026-08-13T00:00:00
134,EVG,-0.0415,7.92065,8.26341,0.0732,6.59,16,Morningstar US CEF Limited Duration,45,Eaton Vance Management,True,10.63,0.0,11.09,2026-08-19T00:00:00,27828V104,Eaton Vance Short Duration Divers Inc,2026-08-19,XEVGX,Fixed Income - Taxable-Limited Duration,12.34,143.047,,Monthly,0.30311,0.0732,20.0,5.7273,,,2.77,,170.237,True,False,False,False,True,False,,9.52,10.48,4.99,4.52,2.15,0.97,,,3.01,373580,,,97.5071,,,,10.90315,-3.40041,-0.52,0.0,0.26,2026-08-19T00:00:00,2005-02-28T00:00:00,2/28/2005,1109548800,2026-08-14T00:00:00
135,ETG,-0.0967,5.83967,6.465,0.1293,28.98,5,Morningstar US CEF Global Equity,45,Eaton Vance Management,False,24.0,0.08,26.57,2026-08-19T00:00:00,27828S101,Eaton Vance Tax Adv Global Dividend Inc,2026-08-19,XETGX,Equity-Global Equity,15.43,1831.726,,Monthly,0.39383,0.1293,20.0,7.0383,,,2.2800000000000002,,2397.873,True,True,False,False,False,False,,18.73,19.66,10.8,10.91,13.43,6.38,,,22.16,1107900,,,,,3.76,,22.29759,-7.23194,-1.12,-0.23,-0.4,2026-08-19T00:00:00,2004-01-30T00:00:00,1/30/2004,1075420800,2026-08-14T00:00:00
136,EVT,-0.0633,6.34908,6.77831,0.1646,25.74,26,Morningstar US CEF US Allocation,45,Eaton Vance Management,True,29.14,-0.13,31.11,2026-08-19T00:00:00,27828G107,Eaton Vance Tax Advantaged Dividend Inc,2026-08-19,,Hybrid-U.S. Allocation,16.16,2172.177,,Monthly,0.12479,0.1646,20.0,7.0577,,,2.27,,2766.026,True,True,True,False,True,False,,15.39,15.03,9.68,8.76,16.62,16.8,,,27.03,1022200,,,,,4.98,,25.63958,-8.53319,2.14,1.69,1.9,2026-08-19T00:00:00,2003-09-30T00:00:00,9/30/2003,1064880000,2026-08-14T00:00:00
137,ETO,-0.1033,5.91636,6.59772,0.17329999999999998,26.77,25,Morningstar US CEF Global Allocation,45,Eaton Vance Management,True,31.52,0.02,35.15,2026-08-19T00:00:00,27828U106,Eaton Vance Tax-Advantaged Glbl Div Opp,2026-08-19,XETOX,Hybrid-Global Allocation,15.17,516.554,,Monthly,0.64905,0.17329999999999998,20.0,7.1114,,,2.26,,679.043,True,True,False,False,True,False,,17.82,18.07,9.92,8.9,12.25,6.07,,,21.19,318220,,,,,3.63,,29.23196,-8.89322,-1.13,-0.35000000000000003,-0.56,2026-08-19T00:00:00,2004-04-30T00:00:00,4/30/2004,1083283200,2026-08-14T00:00:00
138,ETB,-0.08310000000000001,7.43326,8.10728,0.10579999999999999,18.28,3,Morningstar US CEF Covered Call,45,Eaton Vance Management,True,15.66,0.05,17.08,2026-08-19T00:00:00,27828X100,Eaton Vance Tax-Managed Buy-Write Income,2026-08-19,XETBX,Equity-Covered-Call Funds,,460.008,,Monthly,0.01037,0.10579999999999999,20.0,,,,1.12,,501.72,False,True,False,False,True,False,,14.57,13.31,10.0,7.55,8.43,6.28,,,15.87,525450,,,,,,,15.2033,-7.18222,-1.16,0.0,-0.54,2026-08-19T00:00:00,2005-04-27T00:00:00,4/27/2005,1114560000,2026-08-14T00:00:00
139,ETV,-0.054000000000000006,7.39665,7.8189,0.0993,15.77,3,Morningstar US CEF Covered Call,45,Eaton Vance Management,True,15.24,0.16,16.11,2026-08-19T00:00:00,27828Y108,Eaton Vance Tax-Managed Buy-Write Opp,2026-08-19,XETVX,Equity-Covered-Call Funds,,1779.34,,Monthly,0.00105,0.0993,20.0,,,,1.08,,1880.916,False,True,True,False,True,False,,14.55,12.82,8.89,6.75,5.05,7.06,,,15.47,1797360,,,,,,,14.44565,-7.15069,1.71,1.02,1.35,2026-08-19T00:00:00,2005-06-27T00:00:00,6/27/2005,1119830400,2026-08-14T00:00:00
140,ETY,-0.087,7.50567,8.22099,0.0992,10.21,3,Morningstar US CEF Covered Call,45,Eaton Vance Management,True,14.48,-0.12,15.86,2026-08-19T00:00:00,27828N102,Eaton Vance Tax-Managed Divrs Equity Inc,2026-08-19,XETYX,Equity-Covered-Call Funds,,2306.383,,Monthly,-0.02538,0.0992,20.0,,,,1.06,,2526.19,False,False,False,False,True,False,,16.46,13.8,11.11,8.78,5.11,-1.5899999999999999,,,-0.64,2279160,,,,,,,14.99718,-3.32371,-1.56,-1.15,-1.47,2026-08-19T00:00:00,2006-11-27T00:00:00,11/27/2006,1164585600,2026-08-14T00:00:00
141,EXG,-0.0816,7.31354,7.96364,0.0657,24.9,3,Morningstar US CEF Covered Call,45,Eaton Vance Management,True,9.9,0.05,10.78,2026-08-19T00:00:00,27829F108,Eaton Vance Tax-Mgd Glb Divrs Equity Inc,2026-08-19,XEXGX,Equity-Covered-Call Funds,,3028.767,,Monthly,0.03165,0.0657,20.0,,,,1.07,,3297.99,False,True,False,False,True,False,,15.26,16.59,9.33,8.45,11.2,7.73,,,21.67,4563620,,,,,,,9.34368,-6.73101,-1.13,-0.19,-0.47000000000000003,2026-08-19T00:00:00,2007-02-23T00:00:00,2/23/2007,1172188800,2026-08-14T00:00:00
142,ETW,-0.1016,7.2967,8.12232,0.0664,21.94,3,Morningstar US CEF Covered Call,44,Eaton Vance,True,9.81,0.03,10.92,2026-08-19T00:00:00,27829C105,Eaton Vance Tx-Mgd Glbl Buy-Write Opp,2026-08-19,XETWX,Equity-Covered-Call Funds,,1065.344,,Monthly,0.01102,0.0664,20.0,,,,1.1,,1185.888,False,True,False,False,True,False,,14.12,14.5,8.19,6.17,9.05,8.4,,,19.59,3138840,,,,,,,9.24211,-10.02472,-0.16,1.16,0.43,2026-08-19T00:00:00,2005-09-28T00:00:00,9/28/2005,1127865600,2026-08-14T00:00:00
143,EARN,0.0756,23.41463,21.76871,0.08,-17.94,19,Morningstar US CEF Senior Loans,46,Ellington Credit Co Management LLC,True,4.41,-0.17,4.18,2026-06-30T00:00:00,288578107,Ellington Credit Company,2026-08-19,EARN,Fixed Income - Taxable-Senior Loans,,168.335,,Monthly,,0.08,5.5,,,,8.65,,156.502,False,False,True,False,True,False,,,-8.49,,-12.9,-10.89,-7.08,,,-9.81,3955940,,,,,,,4.99157,-3.33273,0.93,-0.51,0.41000000000000003,2026-08-19T00:00:00,2025-04-01T00:00:00,4/1/2025,1743465600,2026-07-31T00:00:00
144,ECF,-0.1173,6.10687,6.91824,0.22,23.15,11,Morningstar US CEF Convertibles,60,Gabelli Funds LLC,False,12.72,-0.08,14.41,2026-08-19T00:00:00,289074106,Ellsworth Growth and Income Fund,2026-08-19,XECFX,Fixed Income - Taxable-Convertibles,13.34,173.729,,Quarterly,0.01674,0.22,10.0,2.3543,,,1.22,,227.115,True,True,False,False,False,False,,18.15,19.14,5.15,4.07,12.48,7.9,,,24.87,317630,,,,,52.2,,12.12542,-10.73424,-0.61,0.33,-0.04,2026-08-19T00:00:00,1986-06-20T00:00:00,6/20/1986,519609600,2026-06-15T00:00:00
145,EEA,-0.1408,3.36753,3.91926,0.21989999999999998,16.97,5,Morningstar US CEF Global Equity,40,DWS,False,11.2215,0.05,13.06,2026-08-19T00:00:00,298768102,European Equity Fund,2026-08-19,XEEAX,Equity-Global Equity,0.32,75.473,,Semi-Annually,0.00941,0.21989999999999998,10.0,,,,1.42,,87.838,True,True,False,False,False,False,,11.39,12.43,6.04,7.15,9.95,9.21,,,19.6,293430,,,,,,,10.70135,-13.91714,-0.1,1.21,0.91,2026-08-19T00:00:00,1986-07-23T00:00:00,7/23/1986,522460800,2026-05-26T00:00:00
146,ETX,0.0060999999999999995,5.19027,5.15888,0.07819999999999999,3.12,21,Morningstar US CEF Municipal,45,Eaton Vance Management,False,18.19,0.07,18.08,2026-08-19T00:00:00,27829U105,EV Municipal Income 2028 Term Trust,2026-08-19,XETTX,Fixed Income - Municipal-Municipal,3.27,198.199,0.17300000000000001,Monthly,0.34061,0.07819999999999999,20.0,4.4384,,,0.89,,203.671,True,False,False,False,False,True,,3.52,6.11,0.76,-0.33,1.13,0.2,,,5.11,178280,2.0,,101.174,,,2.12,18.865850000000002,2.55837,-1.52,-1.3,-1.42,2026-08-19T00:00:00,2013-03-26T00:00:00,3/26/2013,1364256000,2026-08-14T00:00:00
147,FMN,-0.0886,4.42986,4.86049,0.045,8.67,21,Morningstar US CEF Municipal,47,Federated Advisers,False,11.11,0.02,12.19,2026-08-19T00:00:00,31423P108,Federated Premier Municipal Income,2026-08-19,XFMNX,Fixed Income - Municipal-Municipal,37.57,86.866,,Monthly,0.27121,0.045,15.0,5.0469,,,3.7,,152.66,True,False,True,False,False,False,,3.38,5.91,-1.51,-2.55,0.35000000000000003,2.77,,,10.56,269460,15.72,,103.46340000000001,,14.59,8.69,11.12743,-10.24186,1.62,0.78,1.07,2026-08-19T00:00:00,2002-12-20T00:00:00,12/20/2002,1040342400,2026-07-23T00:00:00
148,FFA,-0.0891,6.03113,6.6211,0.38749999999999996,22.4,3,Morningstar US CEF Covered Call,49,First Trust Advisors L.P.,True,23.41,0.03,25.7,2026-08-19T00:00:00,337318109,First Trust Enhanced Equity Income,2026-08-19,XFFAX,Equity-Covered-Call Funds,,467.921,,Quarterly,0.03341,0.38749999999999996,20.0,,,,1.12,,513.694,False,True,False,False,True,False,,17.96,15.03,11.34,9.37,9.69,6.13,,,16.11,262720,,,,,,,21.88793,-8.73149,-0.13,1.87,1.2,2026-08-19T00:00:00,2004-08-26T00:00:00,8/26/2004,1093478400,2026-06-22T00:00:00
149,FTHY,-0.0366,10.77586,11.18568,0.125,2.64,14,Morningstar US CEF High Yield,49,First Trust Advisors L.P.,True,13.41,0.01,13.92,2026-08-19T00:00:00,33741Q107,FIRST TRUST HY OPPORTUNITIES 2027 Term,2026-08-19,XFTHYX,Fixed Income - Taxable-High Yield,21.36,493.126,,Monthly,0.42555,0.125,20.0,6.43,,,3.5,,650.88,True,False,True,False,True,True,,6.53,10.37,1.55,2.62,-0.84,3.22,,,3.75,1021980,,,98.6569,,,,13.89772,-4.23845,0.55,-0.3,0.42,2026-08-19T00:00:00,2020-06-25T00:00:00,6/25/2020,1593043200,2026-08-03T00:00:00
150,FPF,-0.0555,8.8,9.31677,0.13749999999999998,5.68,18,Morningstar US CEF Preferreds,49,First Trust Advisors L.P.,False,17.71,-0.06,18.75,2026-08-19T00:00:00,33718W103,First Trust Inter Dur Pref & Income Fund,2026-08-19,XFPFX,Fixed Income - Taxable-Preferreds,36.4,1077.615,,Monthly,0.64279,0.13749999999999998,25.0,7.3995,,,4.2,,1793.839,True,False,False,False,False,False,,10.91,13.58,2.22,0.7000000000000001,-0.2,-1.08,,,1.92,1198510,,,101.3111,,5.93,,18.49985,-5.12247,-0.31,0.26,0.09,2026-08-19T00:00:00,2013-05-23T00:00:00,5/23/2013,1369267200,2026-08-03T00:00:00
151,FMY,-0.0601,6.25,6.64962,0.065,4.38,15,Morningstar US CEF Investment Grade,49,First Trust Advisors L.P.,False,11.73,0.02,12.48,2026-08-19T00:00:00,33734E103,First Trust Mortgage Income,2026-08-19,XFMYX,Fixed Income - Taxable-Investment Grade,7.11,49.42,,Monthly,0.16028,0.065,20.0,5.027,,,1.4,,52.58,True,False,True,False,False,False,,7.43,7.99,3.62,3.04,0.3,-1.11,,,1.19,63290,,,90.346,,,,11.94125,-6.11993,0.09,1.24,0.67,2026-08-19T00:00:00,2005-05-25T00:00:00,5/25/2005,1116979200,2026-08-03T00:00:00
152,DFP,-0.0632,6.96549,7.43541,0.1314,5.73,18,Morningstar US CEF Preferreds,51,Flaherty &amp; Crumrine Inc,False,20.9,0.14,22.31,2026-08-19T00:00:00,33848W106,Flah & Crum Dynamic Pref & Income Fund,2026-08-19,XDFPX,Fixed Income - Taxable-Preferreds,37.62,429.247,,Monthly,0.77839,0.1314,25.0,7.3869,,,4.3,,734.506,True,False,True,False,False,False,,10.69,12.1,2.64,0.32,1.27,4.35,,,7.8100000000000005,548110,,,102.9091,,7.14,,21.04463,-7.18413,0.61,1.31,1.07,2026-08-19T00:00:00,2013-05-24T00:00:00,5/24/2013,1369353600,2026-07-24T00:00:00
153,FFC,-0.060899999999999996,7.13043,7.59259,0.1046,6.09,18,Morningstar US CEF Preferreds,51,Flaherty &amp; Crumrine Inc,False,16.2,-0.01,17.25,2026-08-19T00:00:00,338478100,Flah&Crum Preferred Securities,2026-08-19,XFFCX,Fixed Income - Taxable-Preferreds,37.66,780.482,,Monthly,0.624,0.1046,25.0,7.3168,,,4.1,,1333.069,True,False,True,False,False,False,,11.02,13.4,2.58,0.18,1.44,2.1,,,6.45,1070090,,,102.3775,,7.28,,16.3319,-6.84696,0.5700000000000001,1.07,1.31,2026-08-19T00:00:00,2003-01-31T00:00:00,1/31/2003,1043971200,2026-07-24T00:00:00
154,FLC,-0.0897,6.78768,7.45638,0.10669999999999999,5.71,18,Morningstar US CEF Preferreds,51,Flaherty &amp; Crumrine Inc,False,16.85,0.1,18.51,2026-08-19T00:00:00,338479108,Flah&Crum Total Return Fund,2026-08-19,XFLCX,Fixed Income - Taxable-Preferreds,37.97,176.197,,Monthly,0.629,0.10669999999999999,25.0,7.4035,,,4.5600000000000005,,312.056,True,False,False,False,False,False,,10.61,12.43,2.33,-0.07,1.17,-0.53,,,4.93,223320,,,103.068,,7.57,,17.26052,-8.28391,-0.56,1.51,0.17,2026-08-19T00:00:00,2003-08-29T00:00:00,8/29/2003,1062115200,2026-07-24T00:00:00
155,PFD,-0.0864,6.67312,7.30389,0.0703,5.5600000000000005,18,Morningstar US CEF Preferreds,50,Flaherty &amp; Crumrine,False,11.32,0.02,12.39,2026-08-19T00:00:00,338480106,Flaherty & Crumrine Preferred Income,2026-08-19,XPFDX,Fixed Income - Taxable-Preferreds,36.39,145.491,,Monthly,0.41405000000000003,0.0703,15.0,7.2969,,,4.31,,250.343,True,False,False,False,False,False,,10.34,11.17,2.44,-1.01,1.33,-0.62,,,6.95,273170,,,103.0638,,7.33,,11.65575,-7.39083,-1.12,-1.28,-0.68,2026-08-19T00:00:00,1991-01-31T00:00:00,1/31/1991,665280000,2026-07-24T00:00:00
156,PFO,-0.10289999999999999,6.59941,7.35612,0.0567,5.65,18,Morningstar US CEF Preferreds,51,Flaherty &amp; Crumrine Inc,False,9.07,0.04,10.11,2026-08-19T00:00:00,33848E106,Flaherty & Crumrine Preferred Income Opp,2026-08-19,XPFOX,Fixed Income - Taxable-Preferreds,37.87,118.611,,Monthly,0.34372,0.0567,12.5,7.4124,,,4.62,,212.812,True,False,False,False,False,False,,10.45,12.17,2.32,0.13,1.33,0.8300000000000001,,,5.98,338100,,,102.9109,,7.54,,9.3808,-8.6134,-1.21,-0.9,-0.86,2026-08-19T00:00:00,1992-02-13T00:00:00,2/13/1992,697939200,2026-07-24T00:00:00
157,FXBY,-0.3553,0.3367,0.5222600000000001,0.13,30.13,10,Morningstar US CEF US Equity,73,Midas Management Corporation,False,24.8916,0.0,38.61,2026-08-19T00:00:00,351645205,FOXBY CORP,2026-08-19,,Equity-U.S. Equity,13.23,12.986,,Annually,-0.20582,0.13,10.0,,,,2.98,,23.215,True,True,False,False,False,False,,22.59,26.16,14.31,15.54,14.94,-1.5899999999999999,,,33.4,2600,,,,,,,21.81837,-35.01923,-0.12,1.82,0.06,2026-08-19T00:00:00,1999-10-29T00:00:00,10/29/1999,941155200,2025-12-15T00:00:00
158,FTF,-0.0816,11.58556,12.61538,0.0615,3.65,16,Morningstar US CEF Limited Duration,53,"Franklin Advisers, Inc.",True,5.85,0.03,6.37,2026-08-19T00:00:00,35472T101,Franklin Limited Duration Income Trust,2026-08-19,XFTFX,Fixed Income - Taxable-Limited Duration,28.76,236.371,,Monthly,0.28578,0.0615,15.0,6.726,,,3.66,,361.272,True,False,False,False,True,False,,6.85,8.89,3.38,2.59,1.72,-0.18,,,0.76,1907340,,,99.3848,,5.86,,6.04801,-7.86598,-0.22,1.32,0.64,2026-08-19T00:00:00,2003-08-27T00:00:00,8/27/2003,1061942400,2026-07-24T00:00:00
159,PMM,-0.0335,6.0274,6.23622,0.033,9.28,21,Morningstar US CEF Municipal,53,"Franklin Advisers, Inc.",False,6.35,0.04,6.57,2026-08-19T00:00:00,746823103,Franklin Managed Municipal Income,2026-08-19,XPMMX,Fixed Income - Municipal-Municipal,29.55,271.992,,Monthly,0.15044,0.033,10.0,5.0401,10.8587,16.48,1.06,,399.466,True,True,True,True,False,False,,4.86,6.27,-0.34,-1.25,1.17,2.73,,,13.12,1014790,,,96.8971,,12.95,9.22,6.21343,-6.82848,2.12,1.01,1.52,2026-08-19T00:00:00,1989-02-24T00:00:00,2/24/1989,604281600,2026-07-24T00:00:00
160,PIM,-0.0506,7.85714,8.27586,0.022,4.5600000000000005,15,Morningstar US CEF Investment Grade,53,"Franklin Advisers, Inc.",False,3.19,0.02,3.36,2026-08-19T00:00:00,746909100,Franklin Master Intermediate Income,2026-08-19,XPIMX,Fixed Income - Taxable-Investment Grade,36.79,153.708,,Monthly,0.07573,0.022,10.0,5.6026,,5.83,1.02,,256.122,True,False,False,False,False,False,,7.07,7.12,3.22,2.24,1.29,-1.99,,,1.58,980970,,,92.1737,,,,3.27514,-4.5833,-0.27,1.67,0.66,2026-08-19T00:00:00,1988-04-29T00:00:00,4/29/1988,578275200,2026-07-24T00:00:00
161,PMO,-0.0541,5.62162,5.94286,0.052,8.54,21,Morningstar US CEF Municipal,53,"Franklin Advisers, Inc.",False,10.5,0.06,11.1,2026-08-19T00:00:00,746922103,Franklin Municipal Opportunities,2026-08-19,XPMOX,Fixed Income - Municipal-Municipal,34.47,287.694,,Monthly,0.22914,0.052,15.0,4.9501,20.9965,15.63,1.04,,464.098,True,True,True,True,False,False,,3.89,4.34,-0.54,-2.21,0.25,-1.6,,,9.84,654380,,,98.8969,,12.91,9.16,10.43558,-7.64003,2.16,1.73,2.03,2026-08-19T00:00:00,1993-05-28T00:00:00,5/28/1993,738547200,2026-07-24T00:00:00
162,PPT,-0.0652,8.47826,9.06977,0.026,4.36,13,Morningstar US CEF Global Income,53,"Franklin Advisers, Inc.",False,3.44,-0.01,3.6799999999999997,2026-08-19T00:00:00,746853100,Franklin Premier Income,2026-08-19,XPPTX,Fixed Income - Taxable-Global Income,30.0,328.752,,Monthly,0.08203,0.026,10.0,5.5877,,5.67,0.9400000000000001,,502.437,True,False,False,False,False,False,,6.97,6.51,2.52,2.18,1.13,0.88,,,1.13,1628870,,,92.1574,,,,3.5566500000000003,-5.47203,-0.75,0.79,-0.19,2026-08-19T00:00:00,1988-02-29T00:00:00,2/29/1988,573091200,2026-07-24T00:00:00
163,FT,-0.09630000000000001,5.84862,6.47208,0.042499999999999996,8.91,26,Morningstar US CEF US Allocation,53,"Franklin Advisers, Inc.",False,7.88,0.0,8.72,2026-08-19T00:00:00,355145103,Franklin Universal Trust,2026-08-19,XFUTX,Hybrid-U.S. Allocation,21.49,198.039,,Monthly,0.1812,0.042499999999999996,10.0,7.2423,,,2.99,,279.15,True,False,False,False,False,False,,11.08,11.71,6.27,6.06,4.63,2.7199999999999998,,,7.91,435420,,,88.5569,,4.99,,8.03837,-7.99181,-1.5,-1.27,-1.29,2026-08-19T00:00:00,1988-09-23T00:00:00,9/23/1988,590976000,2026-07-24T00:00:00
164,FSCO,-0.2789,9.94142,13.78723,0.059399999999999994,8.26,17,Morningstar US CEF Multi-Sector,56,FS Global Advisor LLC,True,5.17,0.02,7.17,2026-08-19T00:00:00,30290Y101,FS Credit Opportunities Corp.,2026-08-19,XFSCX,Fixed Income - Taxable-Multi-Sector,32.43,1025.5,,Monthly,0.31386000000000003,0.059399999999999994,,,,,7.0,,2104.763,True,False,False,False,True,False,,13.03,12.22,,,6.68,-14.78,,,-24.16,14660510,,,,,,,5.78433,-18.96266,-0.8200000000000001,1.71,0.48,2026-08-19T00:00:00,2022-11-14T00:00:00,11/14/2022,1668384000,2026-07-24T00:00:00
165,FSSL,-0.34630000000000005,9.9556,15.2292,0.1495,,19,Morningstar US CEF Senior Loans,57,FS Specialty Lending Advisor LLC,True,11.78,0.29,18.02,2026-08-19T00:00:00,644323107,FS Specialty Lending Fund,2026-08-19,FSSL,Fixed Income - Taxable-Senior Loans,,894.311,,Monthly,,0.1495,14.12,,,,6.14,,1368.038,False,True,True,False,True,False,,,,,,3.96,-14.67,,,,0,,,92.6454,,,,,,,1.52,0.05,2026-08-19T00:00:00,2025-11-13T00:00:00,11/13/2025,1762992000,2026-07-24T00:00:00
166,VCX,5.903,,,,66.4,8,Morningstar US CEF Sector Equity,58,"Fundrise Advisors, LLC",False,40.65,0.0,18.97,2026-03-31T00:00:00,360852107,Fundrise Innovation Common Share,2026-08-19,XVCX,Equity-Sector Equity,,,,,,,,,,,0.0,,,False,True,True,False,False,False,,23.59,,,,,,,,,0,,,98.7494,,,,,,,,,2026-08-19T00:00:00,2022-07-25T00:00:00,7/25/2022,1658707200,
167,GCV,0.0,10.36717,10.36717,0.12,21.37,26,Morningstar US CEF US Allocation,59,Gabelli,True,4.63,0.01,4.63,2026-08-19T00:00:00,36240B109,Gabelli Conv Inc Secs,2026-08-19,XGCVX,Hybrid-U.S. Allocation,6.11,93.283,,Quarterly,-0.0030600000000000002,0.12,11.25,2.2444,,,2.07,,99.358,True,True,True,False,True,False,,13.99,14.83,2.86,4.36,12.28,14.69,,,28.27,641520,,,,,,,4.38772,-1.39039,0.49,0.3,0.05,2026-08-19T00:00:00,1995-03-31T00:00:00,3/31/1995,796608000,2026-06-15T00:00:00
168,GDV,-0.1092,5.26778,5.91327,0.15,20.54,10,Morningstar US CEF US Equity,60,Gabelli Funds LLC,True,30.44,-0.01,34.17,2026-08-19T00:00:00,36242H104,Gabelli Dividend & Income,2026-08-19,XGDVX,Equity-U.S. Equity,13.85,2683.818,,Monthly,0.03689,0.15,20.0,,,,1.83,,3497.117,True,True,False,False,True,False,,15.31,18.02,8.51,9.07,12.35,11.13,,,20.25,1057840,,,,,0.19,,28.20764,-10.73891,-0.27,0.09,-0.34,2026-08-19T00:00:00,2003-11-28T00:00:00,11/28/2003,1069977600,2026-08-17T00:00:00
169,GAB,-0.0451,10.01669,10.48951,0.15,20.61,10,Morningstar US CEF US Equity,59,Gabelli,True,5.72,0.01,5.99,2026-08-19T00:00:00,362397101,Gabelli Equity,2026-08-19,XGABX,Equity-U.S. Equity,14.49,1958.05,,Quarterly,-0.0032400000000000003,0.15,10.0,,,,1.6099999999999999,,2397.929,True,False,False,False,True,False,,15.15,11.79,9.3,7.84,12.34,-2.5700000000000003,,,8.75,7629890,,,,,0.37,0.31,5.87999,1.83281,-1.06,0.15,-0.39,2026-08-19T00:00:00,1986-08-21T00:00:00,8/21/1986,524966400,2026-06-15T00:00:00
170,GGZ,-0.091,4.52099,4.97336,0.21,20.47,5,Morningstar US CEF Global Equity,59,Gabelli,False,16.89,-0.01,18.58,2026-08-19T00:00:00,36249W104,Gabelli Global Small & Mid Cap Value Tru,2026-08-19,XGGZX,Equity-Global Equity,21.83,130.182,,Quarterly,-0.02634,0.21,12.0,,,,2.31,,183.208,True,True,True,False,False,False,,12.62,15.57,5.02,6.13,12.69,10.59,,,25.24,90510,,,,,0.24,0.18,15.29946,-11.54544,1.52,2.06,1.32,2026-08-19T00:00:00,2014-06-23T00:00:00,6/23/2014,1403481600,2026-06-15T00:00:00
171,GLU,-0.0317,6.53789,6.75192,0.11,22.22,8,Morningstar US CEF Sector Equity,60,Gabelli Funds LLC,True,19.55,-0.03,20.19,2026-08-19T00:00:00,36242L105,Gabelli Global Utility & Income,2026-08-19,XGLUX,Equity-Sector Equity,17.66,117.055,,Monthly,0.0712,0.11,20.0,,,,1.35,,146.811,True,True,False,False,True,False,,16.51,17.78,6.54,4.99,13.35,2.8200000000000003,,,17.04,96970,,,,,0.14,0.11,19.17807,-0.6999000000000001,-0.74,1.3599999999999999,-0.15,2026-08-19T00:00:00,2004-05-25T00:00:00,5/25/2004,1085443200,2026-08-17T00:00:00
172,GRX,-0.1096,5.96491,6.69951,0.16999999999999998,15.05,8,Morningstar US CEF Sector Equity,59,Gabelli,False,10.15,0.23,11.4,2026-08-19T00:00:00,36246K103,Gabelli Healthcare & Wellness Trust,2026-08-19,XXGRX,Equity-Sector Equity,29.19,152.764,,Quarterly,-0.0454,0.16999999999999998,8.0,,,,3.17,,242.298,True,True,False,False,False,False,,2.12,6.15,-1.25,0.18,6.51,4.88,,,13.1,297490,,,,,0.22,0.15,9.40649,-10.1595,-0.93,-0.8200000000000001,-1.21,2026-08-19T00:00:00,2007-06-19T00:00:00,6/19/2007,1182211200,2026-06-15T00:00:00
173,GGT,0.10460000000000001,22.52011,20.38835,0.08,25.63,8,Morningstar US CEF Sector Equity,59,Gabelli,False,4.12,0.0,3.73,2026-08-19T00:00:00,36239Q109,Gabelli Multimedia,2026-08-19,XGGTX,Equity-Sector Equity,32.66,158.117,,Monthly,-0.01985,0.08,7.5,,,,2.13,,212.575,True,False,True,False,False,False,,17.95,4.79,1.46,-0.06,10.21,10.4,,,20.89,2488070,,,,,0.27,,4.15987,9.95803,0.2,-0.37,-0.06,2026-08-19T00:00:00,1994-11-15T00:00:00,11/15/1994,784857600,2026-08-17T00:00:00
174,GUT,1.1381999999999999,19.73684,9.23077,0.049999999999999996,17.69,8,Morningstar US CEF Sector Equity,59,Gabelli,False,6.5,0.05,3.04,2026-08-19T00:00:00,36240A101,Gabelli Utility Trust,2026-08-19,XGUTX,Equity-Sector Equity,14.83,581.007,,Monthly,0.025500000000000002,0.049999999999999996,7.5,,,,1.52,,319.057,True,True,True,False,False,False,,14.81,9.17,8.51,6.32,11.88,11.76,,,16.96,2008130,,,,,0.19,0.17,6.14502,94.26573,2.13,1.12,1.46,2026-08-19T00:00:00,1999-07-09T00:00:00,7/9/1999,931478400,2026-08-17T00:00:00
175,GGN,-0.09570000000000001,5.94059,6.56934,0.034999999999999996,28.89,8,Morningstar US CEF Sector Equity,59,Gabelli,True,5.48,0.11,6.06,2026-08-19T00:00:00,36465A109,GAMCO Global Gold Natural Resources&Inc,2026-08-19,XGGNX,Equity-Sector Equity,7.53,856.112,,Monthly,0.03338,0.034999999999999996,20.0,6.2544,,,1.29,,1023.771,True,True,False,False,True,False,,19.59,18.17,15.73,13.96,1.6600000000000001,-1.17,,,18.39,6019110,,,,,0.58,0.53,5.15075,-6.16094,-1.03,-0.73,-1.13,2026-08-19T00:00:00,2005-03-29T00:00:00,3/29/2005,1112054400,2026-08-17T00:00:00
176,GNT,-0.0068000000000000005,8.11725,8.17253,0.06,25.12,3,Morningstar US CEF Covered Call,60,Gabelli Funds LLC,False,8.81,0.04,8.87,2026-08-19T00:00:00,36465E101,"GAMCO Natural Resources, Gold & Inc Tr",2026-08-19,XGNTX,Equity-Covered-Call Funds,16.67,142.598,,Monthly,0.01129,0.06,20.0,6.2672,,,1.9500000000000002,,172.293,True,True,True,False,False,False,,16.37,24.37,12.53,15.95,1.83,14.07,,,39.64,980200,,,,,0.89,0.74,7.89654,-4.77987,0.91,-0.78,0.1,2026-08-19T00:00:00,2011-01-27T00:00:00,1/27/2011,1296086400,2026-08-17T00:00:00
177,GDL,-0.2182,4.46097,5.70613,0.12,6.29,26,Morningstar US CEF US Allocation,60,Gabelli Funds LLC,True,8.412,-0.01,10.76,2026-08-19T00:00:00,361570104,GDL Fund,2026-08-19,XGDLX,Hybrid-U.S. Allocation,10.05,92.192,,Quarterly,-0.042820000000000004,0.12,20.0,,,,3.27,,131.095,True,False,False,False,True,False,,6.3,8.03,4.71,4.46,4.6,3.22,,,6.57,99490,,,,,0.19,0.17,8.46583,-20.53775,-1.56,-1.7000000000000002,-1.57,2026-08-19T00:00:00,2007-01-25T00:00:00,1/25/2007,1169683200,2026-06-15T00:00:00
178,GAM,-0.1039,8.45778,9.43814,6.4,24.1,10,Morningstar US CEF US Equity,61,General American Investors Co Inc,False,67.81,0.45,75.67,2026-08-19T00:00:00,368802104,General American Investors,2026-08-19,XGAMX,Equity-U.S. Equity,9.53,1616.056,,Annually,0.00036,6.4,10.0,,,,1.07,,1993.415,True,True,True,False,False,False,,20.84,25.65,14.06,16.72,11.87,10.68,,,26.49,246940,,,,,0.03,,61.916760000000004,-10.65033,0.33,1.58,0.58,2026-08-19T00:00:00,1927-02-01T00:00:00,2/1/1927,-1354320000,2025-11-17T00:00:00
179,GUG,-0.08929999999999999,8.65735,9.50634,0.11875,6.82,25,Morningstar US CEF Global Allocation,62,Guggenheim Funds Investment Advisors LLC,False,14.99,0.06,16.46,2026-08-19T00:00:00,40170T106,Guggenheim Active Allocation Fund,2026-08-19,XGUGX,Hybrid-Global Allocation,24.51,494.371,,Monthly,0.54925,0.11875,20.0,5.8288,,,3.19,,719.147,True,False,False,False,False,False,,9.08,13.0,,,2.07,6.19,,,10.22,795830,,,95.2765,,,,15.68028,-5.9749300000000005,-1.53,-2.45,-2.63,2026-08-19T00:00:00,2021-11-23T00:00:00,11/23/2021,1637625600,2026-08-14T00:00:00
180,GOF,-0.025099999999999997,21.11304,21.65709,0.18209999999999998,10.31,17,Morningstar US CEF Multi-Sector,62,Guggenheim Funds Investment Advisors LLC,False,10.09,-0.06,10.35,2026-08-19T00:00:00,40167F101,Guggenheim Strategic Opp Fund,2026-08-19,XGOFX,Fixed Income - Taxable-Multi-Sector,21.04,2254.588,,Monthly,0.39406,0.18209999999999998,20.0,5.8051,,,1.9700000000000002,,2928.961,True,False,False,False,False,False,,13.82,2.1,7.89,0.76,2.92,-8.46,,,-15.11,14724180,,,96.9181,,,,12.23697,9.94885,-1.31,-3.03,-2.55,2026-08-19T00:00:00,2007-07-26T00:00:00,7/26/2007,1185408000,2026-08-14T00:00:00
181,GBAB,-0.0078000000000000005,10.69284,10.77686,0.12572999999999998,4.48,20,Morningstar US CEF Taxable Muni,62,Guggenheim Funds Investment Advisors LLC,False,14.0,0.18,14.11,2026-08-19T00:00:00,401664107,Guggenheim Tax Muni & Inv Grade Debt Tr,2026-08-19,XGBAX,Fixed Income - Taxable-Taxable Muni,29.07,387.792,,Monthly,0.46633,0.12572999999999998,20.0,5.7866,,,2.83,,550.988,True,False,False,False,False,False,,6.35,3.68,-0.99,-2.37,-0.05,-1.79,,,1.23,872640,12.76,,96.3771,,5.22,,14.84277,0.24133000000000002,-0.51,1.28,0.23,2026-08-19T00:00:00,2010-10-26T00:00:00,10/26/2010,1288051200,2026-08-14T00:00:00
182,HERZ,-0.161,10.69743,12.75,0.16999999999999998,0.43,10,Morningstar US CEF US Equity,104,Thomas J Herzfeld Advisors Inc,False,16.0,0.68,19.24,2026-07-31T00:00:00,42804T205,Herzfeld Credit Income Fund,2026-08-19,HERZ,Equity-U.S. Equity,,311.739,,Monthly,0.01776,0.16999999999999998,5.2,,,,3.5700000000000003,,371.554,False,False,False,False,False,False,,7.23,12.28,4.74,6.17,-6.91,-24.33,,,-5.18,107970,,,,,,,19.95722,-11.45632,-1.03,-0.81,-0.62,2026-08-19T00:00:00,1994-05-20T00:00:00,5/20/1994,769392000,2026-08-17T00:00:00
183,PCF,-0.1641,10.85465,12.98507,0.057999999999999996,-1.12,11,Morningstar US CEF Convertibles,22,Bulldog Investors LLP,False,5.36,-0.14,6.47,2026-08-14T00:00:00,42968F108,High Income Securities,2026-08-19,XPCFX,Fixed Income - Taxable-Convertibles,1.06,100.32,,Monthly,0.16873,0.057999999999999996,7.5,5.0759,,21.21,1.65,,120.01,True,False,False,False,False,False,,6.55,5.38,5.13,0.33,-4.8100000000000005,-7.8100000000000005,,,-6.39,759840,,,,,,,5.90626,-12.38013,-1.99,-1.72,-1.77,2026-08-19T00:00:00,1987-07-09T00:00:00,7/9/1987,552787200,2026-08-18T00:00:00
184,HGLB,-0.3619,8.64407,13.545819999999999,0.08499999999999999,4.44,25,Morningstar US CEF Global Allocation,78,"NexPoint Asset Management, L.P.",False,7.53,0.0,11.8,2026-08-19T00:00:00,43010T104,Highland Global Allocation Fund,2026-08-19,XHGLX,Hybrid-Global Allocation,2.79,177.636,,Monthly,0.20544,0.08499999999999999,15.0,9.7875,,,1.35,,278.367,True,False,False,False,False,False,,9.1,7.61,9.64,8.46,0.91,-12.46,,,0.93,774100,,,,,0.31,,8.62331,-29.94465,-1.57,-0.26,-1.0,2026-08-19T00:00:00,1998-01-05T00:00:00,1/5/1998,883958400,2026-07-24T00:00:00
185,HFRO,-0.3985,3.8596500000000002,6.41667,0.0385,8.04,19,Morningstar US CEF Senior Loans,78,"NexPoint Asset Management, L.P.",True,7.2,0.02,11.97,2026-08-19T00:00:00,43010E404,Highland Opportunities and Income Ord,2026-08-19,XHFOX,Fixed Income - Taxable-Senior Loans,17.41,398.796,,Monthly,-0.1412,0.0385,15.0,8.1017,,,2.18,,802.754,True,True,True,False,True,False,,-0.6,4.02,2.22,2.25,6.03,31.13,,,52.25,1409010,,,,,,,6.42518,-44.52316,1.25,-0.08,0.77,2026-08-19T00:00:00,2000-01-13T00:00:00,1/13/2000,947721600,2026-07-24T00:00:00
186,VKI,0.0264,7.70149,7.50336,0.0559,9.5,21,Morningstar US CEF Municipal,65,"Invesco Advisers, Inc",False,8.94,0.03,8.71,2026-08-19T00:00:00,46132E103,Invesco Adv Muni Inc II,2026-08-19,XVKIX,Fixed Income - Municipal-Municipal,37.37,397.046,-0.002,Monthly,0.21381,0.0559,15.0,5.368,,20.38,3.33,,617.657,True,False,True,False,False,False,,2.96,8.79,-1.34,-0.38,1.21,2.17,,,17.16,1313850,16.2,,98.6597,,10.07,8.59,8.95107,-0.26921,1.06,0.16,0.54,2026-08-19T00:00:00,1993-08-27T00:00:00,8/27/1993,746409600,2026-08-17T00:00:00
187,VBF,-0.0821,5.0,5.4471,0.0665,2.54,15,Morningstar US CEF Investment Grade,65,"Invesco Advisers, Inc",False,14.65,0.03,15.96,2026-08-19T00:00:00,46132L107,Invesco Bond,2026-08-19,XVBFX,Fixed Income - Taxable-Investment Grade,,167.378,0.001,Monthly,0.40588,0.0665,20.0,5.6461,,16.17,0.5700000000000001,,182.344,False,False,False,False,False,False,,4.95,4.8100000000000005,-0.52,-1.62,-0.89,-1.87,,,0.49,498520,,,98.7664,,,,15.27311,-6.85044,-1.52,-1.5899999999999999,-1.65,2026-08-19T00:00:00,1970-10-28T00:00:00,10/28/1970,25920000,2026-08-17T00:00:00
188,VCV,0.0594,7.79879,7.36182,0.06459999999999999,10.15,22,Morningstar US CEF Municipal-CA,65,"Invesco Advisers, Inc",False,10.53,-0.07,9.94,2026-08-19T00:00:00,46132H106,Invesco CA Value,2026-08-19,XVCVX,Fixed Income - Municipal-Municipal - CA,39.45,510.799,-0.039,Monthly,0.22155,0.06459999999999999,15.0,5.1617,,20.76,3.35,,796.275,True,False,True,False,False,False,,2.71,9.41,-1.21,-0.18,0.55,-1.0,,,13.57,1001110,15.02,,96.7686,,11.56,8.53,10.76955,4.8979,0.53,1.08,0.81,2026-08-19T00:00:00,1993-04-30T00:00:00,4/30/1993,736128000,2026-08-17T00:00:00
189,VLT,-0.0674,10.04677,10.77232,0.0895,5.39,14,Morningstar US CEF High Yield,65,"Invesco Advisers, Inc",False,9.97,-0.02,10.69,2026-08-19T00:00:00,46131F101,Invesco High Income II,2026-08-19,XVLTX,Fixed Income - Taxable-High Yield,30.5,64.917,-0.029,Monthly,0.36908,0.0895,60.0,6.9213000000000005,,7.07,3.41,,100.155,True,False,False,False,False,False,,7.76,9.17,2.95,2.27,1.13,-5.15,,,-0.08,173710,,,100.2747,,,,10.76845,-2.3534100000000002,-1.85,-1.92,-1.72,2026-08-19T00:00:00,1989-04-28T00:00:00,4/28/1989,609724800,2026-08-17T00:00:00
190,VMO,0.0021,7.71605,7.70021,0.0625,9.55,21,Morningstar US CEF Municipal,65,"Invesco Advisers, Inc",False,9.74,0.04,9.72,2026-08-19T00:00:00,46132C107,Invesco Muni Opp,2026-08-19,XVMOX,Fixed Income - Municipal-Municipal,36.92,656.872,-0.012,Monthly,0.23512,0.0625,15.0,5.3332,,20.82,3.26,,1039.126,True,True,True,False,False,False,,2.89,7.5600000000000005,-1.46,-0.71,1.1400000000000001,5.54,,,14.94,2472750,16.2,,98.5172,,11.67,8.79,9.67341,-3.5148,2.2800000000000002,2.01,2.37,2026-08-19T00:00:00,1992-04-24T00:00:00,4/24/1992,704073600,2026-08-17T00:00:00
191,VKQ,-0.002,7.71341,7.72923,0.0628,9.31,21,Morningstar US CEF Municipal,65,"Invesco Advisers, Inc",False,9.75,-0.01,9.77,2026-08-19T00:00:00,46131J103,Invesco Municipal,2026-08-19,XVKQX,Fixed Income - Municipal-Municipal,38.06,539.521,-0.006,Monthly,0.23747000000000001,0.0628,15.0,5.4148,,20.81,3.24,,872.778,True,True,True,False,False,False,,2.95,7.97,-1.4100000000000001,-0.72,1.05,5.99,,,17.05,2003620,15.17,,98.9207,,11.78,8.76,9.69703,-3.77797,1.9300000000000002,1.05,1.6,2026-08-19T00:00:00,1991-09-27T00:00:00,9/27/1991,685929600,2026-08-17T00:00:00
192,OIA,-0.0066,5.74342,5.78146,0.029099999999999997,10.74,21,Morningstar US CEF Municipal,65,"Invesco Advisers, Inc",False,6.04,-0.01,6.08,2026-08-19T00:00:00,46132X101,Invesco Municipal Inc Opp I,2026-08-19,XOIAX,Fixed Income - Municipal-Municipal,30.87,289.187,0.019,Monthly,0.16802,0.029099999999999997,10.0,6.912,,22.32,2.45,,421.087,True,False,True,False,False,False,,4.44,3.86,-0.15,-1.18,2.17,3.54,,,14.27,1302820,27.9,,89.0277,,,,6.08539,-1.2427000000000001,0.37,0.42,0.03,2026-08-19T00:00:00,1988-09-19T00:00:00,9/19/1988,590630400,2026-08-17T00:00:00
193,VPV,0.061,7.62286,7.18492,0.0667,8.27,24,Morningstar US CEF Municipal-Single State,65,"Invesco Advisers, Inc",False,11.14,0.01,10.5,2026-08-19T00:00:00,46132K109,Invesco PA Value,2026-08-19,XVPVX,Fixed Income - Municipal-Municipal - Single-State,36.82,199.096,0.126,Monthly,0.24298,0.0667,15.0,5.2631,,19.01,3.1,,297.034,True,True,True,False,False,False,,2.87,9.89,-1.23,1.3,0.86,8.02,,,16.79,327880,25.52,,97.1621,,12.02,8.1,10.69523,-1.21314,2.12,1.99,1.74,2026-08-19T00:00:00,1993-04-30T00:00:00,4/30/1993,736128000,2026-08-17T00:00:00
194,IQI,0.0254,7.7029499999999995,7.5119,0.0631,8.94,21,Morningstar US CEF Municipal,65,"Invesco Advisers, Inc",False,10.08,0.01,9.83,2026-08-19T00:00:00,46133G107,Invesco Quality Municipal Income Trust,2026-08-19,XIQIX,Fixed Income - Municipal-Municipal,34.69,533.069,0.026000000000000002,Monthly,0.24185,0.0631,15.0,5.4925,,19.06,2.91,,795.918,True,True,True,False,False,False,,2.99,8.3,-1.42,-0.77,0.96,3.54,,,14.62,1502290,14.95,,96.2303,,10.79,8.54,9.94425,-2.0552,2.74,1.72,2.12,2026-08-19T00:00:00,1992-09-29T00:00:00,9/29/1992,717724800,2026-08-17T00:00:00
195,VVR,-0.12240000000000001,10.38806,11.83673,0.028999999999999998,1.11,19,Morningstar US CEF Senior Loans,65,"Invesco Advisers, Inc",False,2.94,0.01,3.35,2026-08-19T00:00:00,46131H107,Invesco Senior Income,2026-08-19,XVVRX,Fixed Income - Taxable-Senior Loans,35.45,452.54,-0.044000000000000004,Monthly,0.16899,0.028999999999999998,10.0,,,3.9,4.89,,798.856,True,False,False,False,False,False,,5.76,3.84,5.22,4.78,0.29,-1.94,,,-9.81,9980760,,,,,,,3.20065,-9.22363,-1.34,-1.52,-1.33,2026-08-19T00:00:00,1998-06-24T00:00:00,6/24/1998,898646400,2026-08-17T00:00:00
196,VGM,0.0258,7.69811,7.50436,0.06459999999999999,9.47,21,Morningstar US CEF Municipal,65,"Invesco Advisers, Inc",False,10.33,0.02,10.07,2026-08-19T00:00:00,46131M106,Invesco Tr Inv Gr Muni,2026-08-19,XVGMX,Fixed Income - Municipal-Municipal,36.82,560.216,-0.018000000000000002,Monthly,0.24485,0.06459999999999999,15.0,5.4347,,21.2,3.11,,864.338,True,True,True,False,False,False,,2.9699999999999998,8.14,-1.43,-0.59,1.1400000000000001,1.74,,,15.16,1813770,17.6,,99.0535,,11.28,8.73,10.22632,-1.5300799999999999,2.02,1.38,1.78,2026-08-19T00:00:00,1992-01-24T00:00:00,1/24/1992,696211200,2026-08-17T00:00:00
197,VTN,0.0381,7.83603,7.54821,0.06849999999999999,9.82,23,Morningstar US CEF Municipal-NY,65,"Invesco Advisers, Inc",False,10.89,-0.03,10.49,2026-08-19T00:00:00,46131T101,Invesco Tr Inv Gr NY,2026-08-19,XVTNX,Fixed Income - Municipal-Municipal - NY,33.19,159.466,0.01,Monthly,0.25475000000000003,0.06849999999999999,15.0,5.1011,,23.11,2.69,,229.911,True,False,True,False,False,False,,2.16,8.75,-1.45,0.5700000000000001,0.96,-1.42,,,13.24,327980,24.6,,93.0401,,12.76,9.89,11.18855,2.95514,0.3,0.01,0.18,2026-08-19T00:00:00,1992-03-27T00:00:00,3/27/1992,701654400,2026-08-17T00:00:00
198,IIM,0.0508,7.70358,7.33122,0.0771,8.35,21,Morningstar US CEF Municipal,65,"Invesco Advisers, Inc",False,12.62,0.06,12.01,2026-08-19T00:00:00,46132P108,Invesco Value Muni Income,2026-08-19,XIIMX,Fixed Income - Municipal-Municipal,34.87,594.215,-0.011000000000000001,Monthly,0.29788000000000003,0.0771,15.0,5.5595,,18.65,2.93,,868.215,True,True,True,False,False,False,,2.95,8.39,-1.21,0.05,1.01,5.98,,,18.18,1231480,16.2,,96.5231,,10.35,8.18,12.45385,0.42304,2.13,1.48,1.5,2026-08-19T00:00:00,1993-02-26T00:00:00,2/26/1993,730684800,2026-08-17T00:00:00
199,JOF,-0.10220000000000001,8.31907,9.26656,0.09559999999999999,30.55,1,Morningstar US CEF Asia Equity,79,Nomura Asset Management Co Ltd,False,12.38,-0.01,13.79,2026-08-19T00:00:00,47109U104,Japan Smaller Cap Fund,2026-08-19,XXJOFXX,Equity-Asia Equity,0.0,315.696,,Monthly,0.03946,0.09559999999999999,12.0,,,,2.09,,351.652,True,True,True,False,False,False,,20.43,22.23,10.07,10.75,15.24,8.09,,,29.03,757140,,,,,,,11.1544,-10.6129,0.25,0.44,0.54,2026-08-19T00:00:00,1990-03-21T00:00:00,3/21/1990,637977600,2026-08-14T00:00:00
200,BTO,-0.0558,6.17577,6.54088,0.65,33.12,8,Morningstar US CEF Sector Equity,67,John Hancock Investment Management LLC,True,39.75,-1.26,42.1,2026-08-19T00:00:00,409735206,JHancock Financial Opportunities,2026-08-19,XBTOX,Equity-Sector Equity,13.48,787.717,0.0,Quarterly,0.21649000000000002,0.65,20.0,4.6156,,,2.42,,964.286,True,True,False,False,True,False,,23.44,18.16,11.6,8.86,21.02,19.1,,,23.41,461500,,,,,38.99,,36.6761,-1.9390200000000002,-1.53,-2.51,-1.76,2026-08-19T00:00:00,1994-08-18T00:00:00,8/18/1994,777168000,2026-06-11T00:00:00
201,JHS,-0.09140000000000001,5.09967,5.61243,0.1535,2.8,15,Morningstar US CEF Investment Grade,67,John Hancock Investment Management LLC,False,10.94,0.03,12.04,2026-08-19T00:00:00,410123103,JHancock Income Secs,2026-08-19,XJHSX,Fixed Income - Taxable-Investment Grade,39.43,127.414,0.0,Quarterly,0.29069,0.1535,15.3,5.4277,,,4.41,,231.525,True,False,False,False,False,False,,4.91,4.8,-1.46,-2.39,-1.23,-4.17,,,1.77,147650,,,99.5864,,7.02,4.3,11.37245,-7.53043,-1.03,-0.36,-0.37,2026-08-19T00:00:00,1973-02-14T00:00:00,2/14/1973,98496000,2026-06-11T00:00:00
202,JHI,-0.0793,8.1931,8.89888,0.297,5.44,15,Morningstar US CEF Investment Grade,66,John Hancock,False,13.35,-0.1,14.5,2026-08-19T00:00:00,410142103,JHancock Investors,2026-08-19,XJHIX,Fixed Income - Taxable-Investment Grade,40.67,116.74,0.0,Quarterly,0.58459,0.297,21.06,6.8662,,,4.59,,213.696,True,False,False,False,False,False,,8.39,9.38,1.99,0.93,1.8900000000000001,0.88,,,3.08,209150,6.53,,98.8489,,6.17,,13.592410000000001,-7.29214,-0.45,0.61,0.39,2026-08-19T00:00:00,1971-01-29T00:00:00,1/29/1971,33955200,2026-06-11T00:00:00
203,HPI,0.0727,9.88,9.21069,0.1235,3.68,18,Morningstar US CEF Preferreds,67,John Hancock Investment Management LLC,False,16.09,0.04,15.0,2026-08-19T00:00:00,41013W108,JHancock Preferred Income,2026-08-19,XHPIX,Fixed Income - Taxable-Preferreds,39.01,431.086,0.0,Monthly,0.56391,0.1235,25.0,6.5025,,,4.48,,658.982,True,False,True,False,False,False,,9.47,10.34,2.7,3.1,0.08,3.87,,,9.62,553500,,,97.2482,,91.45,,16.38686,3.5161,1.62,1.57,1.74,2026-08-19T00:00:00,2002-08-27T00:00:00,8/27/2002,1030406400,2026-08-13T00:00:00
204,HPF,0.0605,9.966380000000001,9.39759,0.1235,3.84,18,Morningstar US CEF Preferreds,67,John Hancock Investment Management LLC,False,15.77,0.0,14.87,2026-08-19T00:00:00,41013X106,JHancock Preferred Income II,2026-08-19,XHPFX,Fixed Income - Taxable-Preferreds,39.1,341.434,0.0,Monthly,0.5652,0.1235,25.0,6.5737,,,4.51,,528.648,True,False,True,False,False,False,,9.56,9.85,2.86,2.54,0.17,4.19,,,8.49,353800,,,97.2805,,90.07,,16.12619,2.75416,2.12,1.33,1.5899999999999999,2026-08-19T00:00:00,2002-11-29T00:00:00,11/29/2002,1038528000,2026-08-13T00:00:00
205,HPS,0.05,9.85075,9.38166,0.11,3.84,18,Morningstar US CEF Preferreds,67,John Hancock Investment Management LLC,False,14.07,-0.01,13.4,2026-08-19T00:00:00,41021P103,JHancock Preferred Income III,2026-08-19,XHPSX,Fixed Income - Taxable-Preferreds,38.89,452.616,0.0,Monthly,0.50751,0.11,25.0,6.5102,,,4.47,,705.363,True,False,True,False,False,False,,9.52,9.37,2.99,2.93,0.23,4.25,,,8.52,586920,,,97.386,,86.67,,14.68664,3.9118,0.67,-0.16,0.52,2026-08-19T00:00:00,2003-06-18T00:00:00,6/18/2003,1055894400,2026-08-13T00:00:00
206,PDT,-0.10529999999999999,7.43579,8.31059,0.08829999999999999,10.36,18,Morningstar US CEF Preferreds,66,John Hancock,True,12.75,0.09,14.25,2026-08-19T00:00:00,41013T105,JHancock Premium Dividend Fund,2026-08-19,XPDTX,Fixed Income - Taxable-Preferreds,34.78,627.112,0.0,Monthly,0.34231,0.08829999999999999,12.0,5.9254,,,4.32,,1074.589,True,False,False,False,True,False,,14.25,12.86,7.54,2.98,7.08,6.22,,,4.35,1209990,,,,,76.11,,13.03324,-9.14217,-0.64,0.39,0.44,2026-08-19T00:00:00,1989-12-21T00:00:00,12/21/1989,630201600,2026-08-13T00:00:00
207,HTD,-0.0355,7.16553,7.42947,0.158,9.93,26,Morningstar US CEF US Allocation,67,John Hancock Investment Management LLC,True,25.52,-0.01,26.46,2026-08-19T00:00:00,41013V100,JHancock Tax-Advantaged Dividend Inc,2026-08-19,XHTDX,Hybrid-U.S. Allocation,31.34,904.22,0.0,Monthly,0.63149,0.158,20.0,5.9603,,,3.58,,1365.426,True,True,True,False,True,False,,14.54,15.99,8.81,8.37,8.02,13.75,,,14.52,648770,,,,,68.76,,24.90994,-5.9456500000000005,1.48,0.49,1.06,2026-08-19T00:00:00,2004-02-27T00:00:00,2/27/2004,1077840000,2026-08-13T00:00:00
208,HEQ,-0.0886,7.70416,8.45309,0.25,16.31,5,Morningstar US CEF Global Equity,67,John Hancock Investment Management LLC,True,11.83,0.01,12.98,2026-08-19T00:00:00,47804L102,John Hancock Diversified Income Fund,2026-08-19,XHEQX,Equity-Global Equity,,142.656,,Quarterly,0.27877,0.25,20.0,6.5508,,,1.31,,156.524,False,True,True,False,True,False,,11.64,11.69,8.23,6.57,8.54,10.75,,,19.1,371890,,,98.2848,,,,11.10518,-10.52067,1.19,0.37,0.5,2026-08-19T00:00:00,2011-05-26T00:00:00,5/26/2011,1306368000,2026-06-11T00:00:00
209,KYN,-0.1208,6.45933,7.34694,0.09,26.66,6,Morningstar US CEF MLP,69,"KA Fund Advisors, LLC",False,14.7,-0.17,16.72,2026-08-19T00:00:00,486606106,Kayne Anderson Energy Infrastructure,2026-08-19,XKYNX,Equity-MLP,25.14,2486.153,,Monthly,0.31841,0.09,25.0,7.259,,,3.3,,3777.27,True,True,False,False,False,False,,26.03,28.99,21.94,23.21,26.35,23.37,,,26.91,3938870,,,,,15.1,,13.15797,-12.07269,-0.01,0.77,0.88,2026-08-19T00:00:00,2004-09-28T00:00:00,9/28/2004,1096329600,2026-08-14T00:00:00
210,KIO,-0.0731,12.2521,13.2185,0.1215,3.39,14,Morningstar US CEF High Yield,70,Kohlberg Kravis Roberts &amp; Co.,False,11.03,0.01,11.9,2026-08-19T00:00:00,48249T106,KKR Income Opportunities Fund,2026-08-19,XKIOX,Fixed Income - Taxable-High Yield,32.85,452.066,,Monthly,0.63625,0.1215,20.0,7.7746,,,4.09,,726.36,True,False,False,False,False,False,,8.19,9.34,4.52,3.54,2.03,2.42,,,-2.21,2503470,0.09000000000000001,,97.6062,,58.49,,11.56441,-6.04161,-0.7000000000000001,-0.93,-0.37,2026-08-19T00:00:00,2013-07-26T00:00:00,7/26/2013,1374796800,2026-08-14T00:00:00
211,KF,-0.15,1.87913,2.21076,1.381724,123.28,1,Morningstar US CEF Asia Equity,68,JPMorgan Asset Management (Asia Pacific) Limited,False,62.5,1.5,73.53,2026-08-19T00:00:00,500634209,Korea Fund,2026-08-19,XKFDX,Equity-Asia Equity,5.74,259.897,,Annually,-0.06238,1.381724,40.0,,,,1.75,,305.763,True,True,False,False,False,False,,36.82,34.86,14.45,14.17,62.05,52.92,,,107.8,179000,,,,,,,48.09949,-13.22075,-1.08,-0.47000000000000003,-0.56,2026-08-19T00:00:00,1984-08-29T00:00:00,8/29/1984,462585600,2025-12-23T00:00:00
212,LGI,-0.0091,9.89146,9.98265,0.15339999999999998,14.67,5,Morningstar US CEF Global Equity,71,Lazard Asset Management LLC,False,18.44,-0.01,18.61,2026-08-19T00:00:00,52106W103,Lazard Global Total Return and Income,2026-08-19,XLGIX,Equity-Global Equity,8.91,239.959,,Monthly,0.0074,0.15339999999999998,20.0,7.7462,,,2.0,,265.846,True,True,True,False,False,False,,10.55,15.94,5.87,7.07,6.65,11.19,,,19.59,455200,,,,,3.13,,17.80428,-1.87391,0.31,-0.96,-0.48,2026-08-19T00:00:00,2004-04-28T00:00:00,4/28/2004,1083110400,2026-08-10T00:00:00
213,USA,-0.1199,9.94152,11.29568,0.16999999999999998,6.67,10,Morningstar US CEF US Equity,9,ALPS Advisors Inc,True,6.02,0.01,6.84,2026-08-19T00:00:00,530158104,Liberty All-Star Equity,2026-08-19,XUSAX,Equity-U.S. Equity,4.97,1815.341,,Quarterly,0.01199,0.16999999999999998,10.0,,,,0.91,,2170.463,True,False,False,False,True,False,,10.94,5.88,6.34,2.99,4.03,0.56,,,-0.43,12636730,,,,,,,6.04161,-9.64506,-1.43,-0.56,-1.09,2026-08-19T00:00:00,1986-10-31T00:00:00,10/31/1986,531100800,2026-07-16T00:00:00
214,ASG,-0.12029999999999999,7.90774,8.98876,0.12,7.39,10,Morningstar US CEF US Equity,9,ALPS Advisors Inc,True,5.34,-0.06,6.07,2026-08-19T00:00:00,529900102,Liberty All-Star Growth,2026-08-19,XASGX,Equity-U.S. Equity,1.57,335.687,,Quarterly,-0.01975,0.12,10.0,,,,1.12,,387.683,True,True,False,False,True,False,,9.34,6.71,1.18,-0.9400000000000001,6.48,3.65,,,1.98,2531180,,,,,,,5.30253,-10.27743,-1.29,0.07,-0.74,2026-08-19T00:00:00,1986-03-14T00:00:00,3/14/1986,511142400,2026-07-16T00:00:00
215,SCD,-0.11380000000000001,8.07175,9.10816,0.12,15.36,25,Morningstar US CEF Global Allocation,54,"Franklin Templeton Fund Adviser, LLC",True,15.81,-0.08,17.84,2026-08-19T00:00:00,50208A102,LMP Capital and Income,2026-08-19,XSCDX,Hybrid-Global Allocation,20.44,362.149,,Monthly,0.06042,0.12,20.0,,,,2.39,,513.649,True,True,False,False,True,False,,15.06,17.24,10.97,11.35,11.63,10.39,,,12.12,783560,13.6,,,,4.25,,15.2984,-9.08246,-1.27,-0.8,-1.03,2026-08-19T00:00:00,2004-02-24T00:00:00,2/24/2004,1077580800,2026-07-24T00:00:00
216,MXE,-0.1793,1.44348,1.75891,0.2337,25.27,4,Morningstar US CEF Emerging Market Equity,89,Pichardo Asset Management SA De CV,False,13.2866,0.07,16.19,2026-08-19T00:00:00,592834105,Mexico Equity & Income,2026-08-19,XMXEX,Equity-Emerging Market Equity,,58.464,,Annually,0.07512,0.2337,12.0,7.969,,0.02,2.13,,71.239,False,True,False,False,False,False,,5.14,9.84,7.71,6.01,9.55,5.7,,,24.97,63500,,,,,,,12.72482,-17.82577,-0.1,0.28,-0.14,2026-08-19T00:00:00,1990-08-15T00:00:00,8/15/1990,650678400,2025-12-16T00:00:00
217,MXF,-0.11359999999999999,5.80191,6.54511,0.35,26.98,4,Morningstar US CEF Emerging Market Equity,64,"Impulsora Del Fondo Mexico, SC",True,21.39,0.23,24.13,2026-08-19T00:00:00,592835102,Mexico Fund,2026-08-19,XXMXFXX,Equity-Emerging Market Equity,,308.445,,Quarterly,0.27312000000000003,0.35,12.0,5.75,,,1.36,,347.956,False,True,True,False,True,False,,7.72,12.88,11.3,12.99,10.98,13.41,,,29.59,454320,,,,,,,20.68453,-13.29145,2.12,1.5,1.58,2026-08-19T00:00:00,1981-06-03T00:00:00,6/3/1981,360374400,2026-07-22T00:00:00
218,CAF,-0.1533,1.15177,1.36032,0.262949,37.97,1,Morningstar US CEF Asia Equity,74,Morgan Stanley,False,19.33,-0.24,22.83,2026-08-19T00:00:00,617468103,Morgan Stanley China A Share,2026-08-19,XCAFX,Equity-Asia Equity,,260.476,,Annually,0.12144,0.262949,20.0,,,,1.52,,307.639,False,True,False,False,False,False,,12.16,14.06,1.32,0.66,14.53,10.31,,,37.52,377850,,,,,,,17.89273,-13.91226,-0.7000000000000001,0.23,-0.4,2026-08-19T00:00:00,2006-09-28T00:00:00,9/28/2006,1159401600,2025-12-19T00:00:00
219,MSD,-0.0843,7.54717,8.24176,0.15,11.88,12,Morningstar US CEF Emerging Market Income,75,"Morgan Stanley Investment Management, Inc.",False,7.28,0.02,7.95,2026-08-19T00:00:00,61744H105,Morgan Stanley Emerging Markets Debt,2026-08-19,XMSDX,Fixed Income - Taxable-Emerging Market Income,0.03,147.284,,Quarterly,0.21902,0.15,15.0,6.5116,,6.76,1.36,,160.839,True,False,False,False,False,False,,11.61,14.8,3.33,3.89,3.6,1.98,,,5.61,971470,,,,,,,7.41149,-6.62967,-0.91,0.2,-0.33,2026-08-19T00:00:00,1993-07-23T00:00:00,7/23/1993,743385600,2026-06-30T00:00:00
220,EDD,0.0,16.05351,16.05351,0.24,20.62,12,Morningstar US CEF Emerging Market Income,75,"Morgan Stanley Investment Management, Inc.",False,5.98,0.07,5.98,2026-08-19T00:00:00,617477104,Morgan Stanley Emrgng Mkts Domestic Debt,2026-08-19,XEDDX,Fixed Income - Taxable-Emerging Market Income,14.46,385.447,,Quarterly,0.28033,0.24,20.0,6.6059,,7.47,2.18,,450.596,True,True,True,False,False,False,,11.56,17.75,5.45,8.15,6.29,14.64,,,27.48,3688090,,,,,,,5.59169,-5.14744,1.9100000000000001,0.99,1.55,2026-08-19T00:00:00,2007-04-24T00:00:00,4/24/2007,1177372800,2026-06-30T00:00:00
221,IIF,-0.1117,7.64701,8.60869,1.985164,-7.86,1,Morningstar US CEF Asia Equity,75,"Morgan Stanley Investment Management, Inc.",False,23.06,0.01,25.96,2026-08-19T00:00:00,61745C105,Morgan Stanley India Investment,2026-08-19,XIIFX,Equity-Asia Equity,,217.759,,Annually,-0.10782,1.985164,15.0,,,,1.35,,245.145,False,False,False,False,False,False,,7.23,11.59,6.51,8.91,-7.27,-8.13,,,-9.46,310640,,,,,,,24.19118,-11.06513,-0.14,0.24,0.1,2026-08-19T00:00:00,1994-02-25T00:00:00,2/25/1994,762134400,2025-12-19T00:00:00
222,NML,-0.1104,7.08475,7.96364,0.07008,28.11,6,Morningstar US CEF MLP,76,Neuberger Berman,False,10.56,-0.1,11.87,2026-08-19T00:00:00,64129H104,NB Energy Infra and Income Fund Inc,2026-08-19,XNMLX,Equity-MLP,24.54,598.318,,Monthly,-0.18702,0.07008,20.0,,,,1.07,,891.205,True,True,False,False,False,False,,20.65,23.93,21.52,26.22,26.17,28.87,,,29.44,1630740,,,,,,,9.39959,-10.36812,-0.62,-0.9,-0.42,2026-08-19T00:00:00,2013-03-26T00:00:00,3/26/2013,1364256000,2026-08-17T00:00:00
223,NBXG,-0.1244,8.29493,9.47368,0.12,11.78,10,Morningstar US CEF US Equity,76,Neuberger Berman,False,15.2,-0.27,17.36,2026-08-19T00:00:00,64133Q108,Neuberger Brmn Nxt Gnrtn Cnnctvty,2026-08-19,XNBGX,Equity-U.S. Equity,,1197.175,,Monthly,-0.05846,0.12,20.0,,,,1.35,,1367.3,False,True,True,False,False,False,,16.86,21.09,4.49,3.8,6.19,7.36,,,8.31,1963490,,,,,,,14.75916,-12.83565,0.28,0.87,1.22,2026-08-19T00:00:00,2021-05-25T00:00:00,5/25/2021,1621900800,2026-08-17T00:00:00
224,NHS,-0.0855,16.58015,18.13022,0.0905,3.16,14,Morningstar US CEF High Yield,76,Neuberger Berman,False,5.99,-0.02,6.55,2026-08-19T00:00:00,64128C106,Neuberger High Yield Strategies,2026-08-19,XNHSX,Fixed Income - Taxable-High Yield,32.88,250.716,,Monthly,0.18333,0.0905,15.0,7.1662,,5.93,3.39,,408.436,True,False,False,False,False,False,,8.09,6.44,1.45,-0.64,-0.67,-11.03,,,-4.9,2054070,,,99.371,,4.83,3.38,6.9455,-2.56539,-1.42,-1.4,-0.79,2026-08-19T00:00:00,2003-07-28T00:00:00,7/28/2003,1059350400,2026-08-17T00:00:00
225,NBH,-0.0662,5.8987300000000005,6.3172,0.054169999999999996,8.92,21,Morningstar US CEF Municipal,76,Neuberger Berman,False,10.29,0.02,11.02,2026-08-19T00:00:00,64124P101,Neuberger Municipal Fund,2026-08-19,XNBHX,Fixed Income - Municipal-Municipal,41.12,304.77,,Monthly,0.13171,0.054169999999999996,15.0,4.9907,0.24230000000000002,20.2,3.87,,554.291,True,False,True,True,False,False,,2.3,5.37,-1.88,-3.44,0.9400000000000001,4.24,,,10.54,936690,15.43,0.00914,98.9472,,14.23,8.22,10.29192,-8.68064,1.9300000000000002,1.56,1.65,2026-08-19T00:00:00,2002-09-27T00:00:00,9/27/2002,1033084800,2026-07-31T00:00:00
226,NRO,-0.09539999999999998,11.52,12.73469,0.0312,10.32,7,Morningstar US CEF Real Estate,76,Neuberger Berman,False,2.94,0.01,3.25,2026-08-19T00:00:00,64190A103,Neuberger Real Estate Securities Income,2026-08-19,XNROX,Equity-Real Estate,25.37,186.284,,Monthly,0.06094,0.0312,15.0,,,,3.12,,275.926,True,False,False,False,False,False,,9.3,11.15,1.18,-0.16,9.52,5.71,,,4.9,2421310,,,,,,,3.04993,-6.89459,-1.26,-0.72,-1.12,2026-08-19T00:00:00,2003-10-31T00:00:00,10/31/2003,1067558400,2026-08-17T00:00:00
227,GF,-0.0931,2.4502800000000002,2.70175,0.154,-3.42,9,Morningstar US CEF Single Country Equity,40,DWS,False,11.4,-0.09,12.57,2026-08-19T00:00:00,644465106,New Germany,2026-08-19,XGFNX,Equity-Single-Country Equity,11.76,184.449,,Semi-Annually,-0.05716,0.154,20.0,,,,1.31,,230.481,True,False,True,False,False,False,,5.25,8.06,-4.94,-3.9,-1.15,-0.66,,,-2.42,244230,,,,,,,11.46142,-9.90785,0.51,-0.34,-0.06,2026-08-19T00:00:00,1990-01-30T00:00:00,1/30/1990,633657600,2026-05-26T00:00:00
228,NVG,0.0131,7.76413,7.6637,0.079,8.47,21,Morningstar US CEF Municipal,81,"Nuveen Fund Advisors, LLC.",False,12.37,-0.01,12.21,2026-08-19T00:00:00,67071L106,Nuveen AMT-Free Muni Credit Inc,2026-08-19,XNVGX,Fixed Income - Municipal-Municipal,42.34,2681.69,-0.02,Monthly,0.29602,0.079,15.0,4.8476,,,3.64,,4590.408,True,False,True,False,False,False,,3.15,8.87,-1.73,-1.02,0.04,2.31,,,14.8,5486660,23.2,2.93,94.2236,,14.46,9.04,12.57134,-0.8699800000000001,1.15,1.5,1.09,2026-08-19T00:00:00,2002-03-25T00:00:00,3/25/2002,1017014400,2026-08-14T00:00:00
229,NUW,-0.042,3.94042,4.1130700000000004,0.048499999999999995,5.9,21,Morningstar US CEF Municipal,81,"Nuveen Fund Advisors, LLC.",False,14.15,0.17,14.77,2026-08-19T00:00:00,670695105,Nuveen AMT-Free Municipal Value Fund,2026-08-19,XNUWX,Fixed Income - Municipal-Municipal,7.31,254.011,-0.073,Monthly,0.30096,0.048499999999999995,15.0,5.4455,,,0.75,,286.066,True,False,True,False,False,False,,2.89,4.31,-0.05,-0.15,0.45,-0.11,,,6.61,378500,9.3,0.09000000000000001,98.9732,,8.94,8.3,14.21991,-5.13366,1.05,1.28,0.86,2026-08-19T00:00:00,2009-02-25T00:00:00,2/25/2009,1235520000,2026-08-14T00:00:00
230,NEA,0.0152,7.31183,7.20212,0.06799999999999999,7.83,21,Morningstar US CEF Municipal,81,"Nuveen Fund Advisors, LLC.",False,11.33,0.03,11.16,2026-08-19T00:00:00,670657105,Nuveen AMT-Free Quality Muni Inc,2026-08-19,XNEAX,Fixed Income - Municipal-Municipal,41.34,3440.824,0.018000000000000002,Monthly,0.25491,0.06799999999999999,15.0,5.1785,,,3.5300000000000002,,5777.351,True,False,True,False,False,False,,2.25,8.05,-1.9500000000000002,-0.97,0.0,0.98,,,12.72,8443460,21.6,4.12,97.8969,,11.13,7.68,11.48425,-0.7653800000000001,1.7000000000000002,2.22,1.7000000000000002,2026-08-19T00:00:00,2002-11-21T00:00:00,11/21/2002,1037836800,2026-08-14T00:00:00
231,NAZ,0.0947,6.58407,6.01455,0.062,9.62,24,Morningstar US CEF Municipal-Single State,81,"Nuveen Fund Advisors, LLC.",False,12.37,0.05,11.3,2026-08-19T00:00:00,67061W104,Nuveen AZ Quality Muni Inc,2026-08-19,XNAZX,Fixed Income - Municipal-Municipal - Single-State,39.28,161.233,0.031,Monthly,0.20512,0.062,15.0,4.7935,,,3.55,,242.587,True,True,True,False,False,False,,2.8,10.7,-1.1400000000000001,-0.16,0.93,5.75,,,12.06,220690,21.2,0.9500000000000001,100.5175,,12.3,7.89,12.21575,5.23273,1.18,0.16,0.5,2026-08-19T00:00:00,1992-11-19T00:00:00,11/19/1992,722131200,2026-08-14T00:00:00
232,NKX,0.0393,7.37831,7.09942,0.072,9.67,22,Morningstar US CEF Municipal-CA,81,"Nuveen Fund Advisors, LLC.",False,12.17,-0.06,11.71,2026-08-19T00:00:00,670651108,Nuveen CA AMT - Free Quality Muni Inc,2026-08-19,XNCMX,Fixed Income - Municipal-Municipal - CA,39.76,678.084,-0.014,Monthly,0.25181,0.072,15.0,4.7801,,,3.77,,1083.038,True,False,False,False,False,False,,2.8200000000000003,8.51,-1.9100000000000001,-0.25,0.91,1.48,,,13.2,1358530,22.9,0.5800000000000001,98.6644,,12.92,7.87,12.51877,3.96646,-0.02,-0.26,0.15,2026-08-19T00:00:00,2002-11-22T00:00:00,11/22/2002,1037923200,2026-08-14T00:00:00
233,NCA,0.0143,3.96476,3.9087899999999998,0.03,6.99,22,Morningstar US CEF Municipal-CA,81,"Nuveen Fund Advisors, LLC.",False,9.21,0.03,9.08,2026-08-19T00:00:00,67062C107,Nuveen CA Municipal Value,2026-08-19,XNCAX,Fixed Income - Municipal-Municipal - CA,0.0,307.192,-0.012,Monthly,0.17651,0.03,10.0,4.7248,,,0.54,,302.856,True,True,True,False,False,False,,3.16,4.84,-0.14,-0.07,1.06,2.52,,,10.38,694690,23.2,1.31,99.5691,,,7.87,9.14478,-0.25345,0.67,0.96,0.2,2026-08-19T00:00:00,1987-10-07T00:00:00,10/7/1987,560563200,2026-08-14T00:00:00
234,NAC,0.048799999999999996,7.40675,7.06181,0.06949999999999999,10.47,22,Morningstar US CEF Municipal-CA,81,"Nuveen Fund Advisors, LLC.",False,11.81,0.09,11.26,2026-08-19T00:00:00,67066Y105,Nuveen CA Quality Muni Income,2026-08-19,XNACX,Fixed Income - Municipal-Municipal - CA,39.17,1969.888,-0.005,Monthly,0.24164,0.06949999999999999,15.0,4.7442,,,3.79,,3087.539,True,True,True,False,False,False,,2.75,9.89,-1.98,-0.29,0.87,3.65,,,14.78,5045790,23.1,1.04,99.0817,,12.64,8.06,11.80291,1.71461,2.05,2.49,1.83,2026-08-19T00:00:00,1999-05-26T00:00:00,5/26/1999,927676800,2026-08-14T00:00:00
235,JCE,-0.0699,7.98246,8.58238,0.364,20.24,10,Morningstar US CEF US Equity,81,"Nuveen Fund Advisors, LLC.",True,16.965,-0.12,18.24,2026-08-19T00:00:00,67090X107,Nuveen Core Equity Alpha,2026-08-19,XJCEX,Equity-U.S. Equity,1.35,288.45,0.0,Quarterly,0.00449,0.364,20.0,,,,0.9900000000000001,,310.129,True,True,False,False,True,False,,19.13,17.58,12.5,11.25,9.22,7.64,,,15.88,392330,,,,,,,15.91186,-6.31165,-0.61,0.21,-0.08,2026-08-19T00:00:00,2007-03-27T00:00:00,3/27/2007,1174953600,2026-06-15T00:00:00
236,NPCT,-0.0683,10.18975,10.93686,0.0895,4.02,15,Morningstar US CEF Investment Grade,81,"Nuveen Fund Advisors, LLC.",True,9.82,0.08,10.54,2026-08-19T00:00:00,67080D103,Nuveen Core Plus Impact Fund,2026-08-19,XNPCX,Fixed Income - Taxable-Investment Grade,37.43,282.374,,Monthly,0.23152,0.0895,20.0,4.3442,,,4.43,,484.398,True,False,False,False,True,False,,7.38,10.75,-3.25,-3.47,0.26,1.77,,,0.12,1244870,19.7,0.0,89.7405,,7.44,5.43,10.3467,-6.60716,-0.13,1.23,-0.13,2026-08-19T00:00:00,2021-04-27T00:00:00,4/27/2021,1619481600,2026-08-14T00:00:00
237,JQC,-0.1013,11.14447,12.40084,0.049499999999999995,5.69,19,Morningstar US CEF Senior Loans,81,"Nuveen Fund Advisors, LLC.",True,4.79,0.03,5.33,2026-08-19T00:00:00,67073D102,Nuveen Credit Strategies Income Fund,2026-08-19,XJQCX,Fixed Income - Taxable-Senior Loans,38.52,708.042,-0.082,Monthly,0.23976,0.049499999999999995,15.0,,,,5.09,,1281.463,True,False,False,False,True,False,,8.57,10.34,4.97,4.72,2.5300000000000002,1.97,,,-2.54,7738270,84.5,0.0,,,,,4.98912,-9.13852,-0.41000000000000003,1.26,0.8300000000000001,2026-08-19T00:00:00,2003-06-25T00:00:00,6/25/2003,1056499200,2026-08-14T00:00:00
238,NDMO,-0.006900000000000001,6.94362,6.99203,0.058499999999999996,7.0,21,Morningstar US CEF Municipal,81,"Nuveen Fund Advisors, LLC.",True,10.04,0.03,10.11,2026-08-19T00:00:00,67079X102,Nuveen Dynamic Municipal Opportunities,2026-08-19,XNDMX,Fixed Income - Municipal-Municipal,32.04,607.891,,Monthly,0.23738,0.058499999999999996,15.0,5.5354,,,2.83,,900.675,True,False,True,False,True,False,,4.62,3.79,-2.52,-3.84,1.0,2.77,,,8.83,1424250,19.8,0.36000000000000004,98.4171,,10.32,7.61,10.32023,-0.9631600000000001,0.22,0.06,-0.12,2026-08-19T00:00:00,2020-08-26T00:00:00,8/26/2020,1598400000,2026-08-14T00:00:00
239,JFR,-0.0842,11.26354,12.29961,0.078,5.83,19,Morningstar US CEF Senior Loans,81,"Nuveen Fund Advisors, LLC.",True,7.61,-0.03,8.31,2026-08-19T00:00:00,67072T108,Nuveen Floating Rate Income,2026-08-19,XJFRX,Fixed Income - Taxable-Senior Loans,37.49,1224.962,0.015000000000000001,Monthly,0.37027,0.078,15.0,,,,4.78,,2139.839,True,False,True,False,True,False,,9.14,11.41,6.18,6.47,3.02,5.96,,,2.63,7455270,88.3,0.0,,,,,7.77962,-8.79322,0.19,-0.06,0.72,2026-08-19T00:00:00,2004-03-25T00:00:00,3/25/2004,1080172800,2026-08-14T00:00:00
240,JGH,-0.08460000000000001,9.13235,9.9759,0.1035,7.21,13,Morningstar US CEF Global Income,81,"Nuveen Fund Advisors, LLC.",True,12.45,0.0,13.6,2026-08-19T00:00:00,67075G103,Nuveen Global High Income Fund,2026-08-19,XJGHX,Fixed Income - Taxable-Global Income,29.17,350.167,-0.026000000000000002,Monthly,0.48098,0.1035,20.0,7.8662,,,3.37,,540.011,True,False,False,False,True,False,,11.34,13.02,4.88,5.2,3.9,5.11,,,4.3,1012530,36.3,0.0,99.6217,,,,12.78244,-7.17851,-0.71,-1.16,-1.13,2026-08-19T00:00:00,2014-11-24T00:00:00,11/24/2014,1416787200,2026-08-14T00:00:00
241,NMT,0.14300000000000002,6.65445,5.82197,0.0605,9.0,24,Morningstar US CEF Municipal-Single State,81,"Nuveen Fund Advisors, LLC.",False,12.47,0.06,10.91,2026-08-19T00:00:00,67061E104,Nuveen MA Quality Muni Inc,2026-08-19,XNMTX,Fixed Income - Municipal-Municipal - Single-State,39.05,132.03,0.026000000000000002,Monthly,0.20713,0.0605,15.0,4.8607,,,3.45,,189.513,True,True,True,False,False,False,,2.32,13.29,-2.01,1.44,1.15,16.01,,,19.45,202820,21.9,1.7000000000000002,101.787,,7.76,8.13,12.03458,7.63839,1.18,-0.25,0.46,2026-08-19T00:00:00,1993-03-18T00:00:00,3/18/1993,732412800,2026-08-14T00:00:00
242,NMS,-0.0105,6.63158,6.70213,0.063,7.91,24,Morningstar US CEF Municipal-Single State,81,"Nuveen Fund Advisors, LLC.",False,11.28,-0.07,11.4,2026-08-19T00:00:00,670734102,Nuveen MN Quality Muni Inc,2026-08-19,XMNSX,Fixed Income - Municipal-Municipal - Single-State,40.52,72.338,-0.014,Monthly,0.0,0.063,15.0,4.6873000000000005,,,3.66,,122.907,True,False,False,False,False,False,,2.66,7.73,-1.19,-0.77,-0.59,1.2,,,8.02,151300,43.0,0.0,100.4127,,11.29,6.73,11.9543,0.97384,-1.03,-2.02,-2.13,2026-08-19T00:00:00,1993-06-25T00:00:00,6/25/1993,740966400,2026-08-14T00:00:00
243,JLS,-0.0969,9.86081,10.91879,0.1535,6.0,14,Morningstar US CEF High Yield,81,"Nuveen Fund Advisors, LLC.",True,16.87,-0.01,18.68,2026-08-19T00:00:00,670735109,Nuveen Mortgage and Income Fund,2026-08-19,XJLSX,Fixed Income - Taxable-High Yield,23.06,92.391,0.009000000000000001,Monthly,0.77533,0.1535,25.0,7.6232,,,3.07,,132.96,True,False,False,False,True,False,,9.55,12.85,4.35,4.97,2.9,0.58,,,0.89,196530,0.0,0.0,97.1182,,,,18.26836,-4.7005,-2.81,-1.73,-2.06,2026-08-19T00:00:00,2009-11-25T00:00:00,11/25/2009,1259107200,2026-08-14T00:00:00
244,NMAI,-0.054900000000000004,9.20026,9.73427,0.11599999999999999,20.2,25,Morningstar US CEF Global Allocation,81,"Nuveen Fund Advisors, LLC.",True,14.3,-0.1,15.13,2026-08-19T00:00:00,670750108,Nuveen Multi-Asset Income,2026-08-19,XNMAX,Hybrid-Global Allocation,29.32,477.987,,Monthly,0.17114000000000001,0.11599999999999999,20.0,6.1295,,,3.38,,715.494,True,True,True,False,True,False,,13.32,18.02,,,10.39,13.83,,,23.59,1108970,28.2,0.0,98.2273,,,,13.38061,-8.02106,1.8900000000000001,0.89,1.28,2026-08-19T00:00:00,2021-11-22T00:00:00,11/22/2021,1637539200,2026-08-14T00:00:00
245,JMM,-0.0953,5.4375,6.01036,0.028999999999999998,3.01,15,Morningstar US CEF Investment Grade,81,"Nuveen Fund Advisors, LLC.",True,5.79,0.04,6.4,2026-08-19T00:00:00,67075J107,Nuveen Multi-Market Income Fund,2026-08-19,XJMMX,Fixed Income - Taxable-Investment Grade,29.69,54.787,-0.001,Monthly,0.13925,0.028999999999999998,12.0,5.5161,,,3.59,,86.131,True,False,False,False,True,False,,5.38,4.91,1.07,0.49,-0.75,-1.1400000000000001,,,-2.99,90490,26.7,0.0,97.3185,,,,6.02649,-8.23384,-0.6,0.8300000000000001,0.34,2026-08-19T00:00:00,1988-12-30T00:00:00,12/30/1988,599443200,2026-08-14T00:00:00
246,NZF,0.009000000000000001,7.80049,7.73096,0.0795,9.28,21,Morningstar US CEF Municipal,81,"Nuveen Fund Advisors, LLC.",False,12.34,0.06,12.23,2026-08-19T00:00:00,67070X101,Nuveen Municipal Credit Income,2026-08-19,XNZFX,Fixed Income - Municipal-Municipal,40.75,2431.627,-0.015000000000000001,Monthly,0.31359,0.0795,15.0,5.3357,,,3.61,,4067.151,True,False,True,False,False,False,,3.23,8.36,-1.35,-1.04,1.13,1.3599999999999999,,,12.53,5307280,25.0,2.6,95.556,,11.88,8.1,12.51276,-0.7674000000000001,1.34,1.8399999999999999,1.29,2026-08-19T00:00:00,2001-09-25T00:00:00,9/25/2001,1001376000,2026-08-14T00:00:00
247,NMCO,0.0019,7.90385,7.88868,0.06849999999999999,8.5,21,Morningstar US CEF Municipal,81,"Nuveen Fund Advisors, LLC.",False,10.42,-0.04,10.4,2026-08-19T00:00:00,670663103,Nuveen Municipal Credit Opps Fund,2026-08-19,XNMCX,Fixed Income - Municipal-Municipal,42.41,594.454,-0.035,Monthly,0.35941,0.06849999999999999,15.0,5.8472,,,4.5,,1030.283,True,False,True,False,False,False,,2.91,4.08,-2.24,-1.87,2.05,6.75,,,12.31,1618010,30.9,0.27,88.1219,,15.53,9.46,10.66693,-0.28957000000000005,0.36,-0.54,-0.49,2026-08-19T00:00:00,2019-09-16T00:00:00,9/16/2019,1568592000,2026-08-14T00:00:00
248,NMZ,0.005,7.78989,7.75148,0.0655,9.47,21,Morningstar US CEF Municipal,81,"Nuveen Fund Advisors, LLC.",False,10.14,-0.02,10.09,2026-08-19T00:00:00,670682103,Nuveen Municipal High Income Opp Fd,2026-08-19,XNMZX,Fixed Income - Municipal-Municipal,40.04,2192.672,0.044000000000000004,Monthly,0.15638,0.0655,15.0,5.812,,,3.5,,3638.716,True,False,True,False,False,False,,3.9699999999999998,5.63,-1.53,-1.94,1.4,4.21,,,10.35,4689440,21.9,1.36,93.4813,,10.18,8.4,10.39529,-0.04582000000000001,0.55,0.77,0.73,2026-08-19T00:00:00,2003-11-19T00:00:00,11/19/2003,1069200000,2026-08-14T00:00:00
249,NMI,0.04190000000000001,4.65781,4.47059,0.038,7.14,21,Morningstar US CEF Municipal,81,"Nuveen Fund Advisors, LLC.",False,10.2,-0.28,9.79,2026-08-19T00:00:00,67062J102,Nuveen Municipal Income,2026-08-19,XNMIX,Fixed Income - Municipal-Municipal,2.99,124.442,-0.019,Monthly,0.21289,0.038,12.0,5.4363,,,0.75,,119.44,True,False,True,False,False,False,,4.32,8.03,0.71,2.27,2.1,12.05,,,14.7,267360,16.7,0.66,100.4984,,,8.41,10.25316,3.8730700000000002,0.08,-3.48,-0.6,2026-08-19T00:00:00,1988-04-20T00:00:00,4/20/1988,577497600,2026-08-14T00:00:00
250,NUV,0.005600000000000001,4.34298,4.31894,0.0325,5.78,21,Morningstar US CEF Municipal,81,"Nuveen Fund Advisors, LLC.",False,9.03,0.04,8.98,2026-08-19T00:00:00,670928100,Nuveen Municipal Value,2026-08-19,XNUVX,Fixed Income - Municipal-Municipal,6.15,1906.861,-0.018000000000000002,Monthly,0.19290000000000002,0.0325,10.0,5.2821,,,0.66,,1896.302,True,False,True,False,False,False,,2.93,5.94,0.02,-1.03,0.62,3.54,,,11.73,4867140,11.1,0.79,97.8543,,,8.09,9.0705,-0.5560900000000001,1.04,0.33,0.48,2026-08-19T00:00:00,1987-06-17T00:00:00,6/17/1987,550886400,2026-08-14T00:00:00
251,QQQX,-0.042699999999999995,9.26554,9.67869,0.738,16.18,3,Morningstar US CEF Covered Call,81,"Nuveen Fund Advisors, LLC.",True,30.5,-0.1,31.86,2026-08-19T00:00:00,670699107,Nuveen NASDAQ 100 Dynamic Overwrite,2026-08-19,XQQQX,Equity-Covered-Call Funds,,1489.217,0.0,Quarterly,-0.030780000000000002,0.738,20.0,,,,0.89,,1555.621,False,True,True,False,True,False,,15.78,14.88,9.36,8.22,4.66,8.36,,,20.93,1040860,,,,,,,28.58307,-7.34798,1.47,0.5700000000000001,0.87,2026-08-19T00:00:00,2007-01-30T00:00:00,1/30/2007,1170115200,2026-06-15T00:00:00
252,NRK,-0.0048,7.55769,7.5942,0.0655,9.89,23,Morningstar US CEF Municipal-NY,81,"Nuveen Fund Advisors, LLC.",False,10.35,0.0,10.4,2026-08-19T00:00:00,670656107,Nuveen NY AMT - Free Quality Muni Inc,2026-08-19,XNRKX,Fixed Income - Municipal-Municipal - NY,42.74,902.885,0.004,Monthly,0.2495,0.0655,15.0,4.7101,,,3.69,,1584.527,True,True,True,False,False,False,,1.79,7.04,-2.16,-0.53,0.65,7.16,,,19.58,3202700,23.3,0.11000000000000001,97.1229,,15.06,8.94,10.27188,-4.92775,1.6800000000000002,1.4,1.51,2026-08-19T00:00:00,2002-11-21T00:00:00,11/21/2002,1037836800,2026-08-14T00:00:00
253,NNY,-0.0528,4.05963,4.28571,0.0295,6.91,23,Morningstar US CEF Municipal-NY,81,"Nuveen Fund Advisors, LLC.",False,8.26,0.01,8.72,2026-08-19T00:00:00,67062M105,Nuveen NY Municipal Value,2026-08-19,XNNYX,Fixed Income - Municipal-Municipal - NY,0.0,155.999,-0.037,Monthly,0.17478,0.0295,10.0,4.8244,,,0.5700000000000001,,164.686,True,False,False,False,False,False,,2.91,3.35,0.22,-0.52,1.09,-1.44,,,6.98,359610,28.8,0.0,98.2305,,,8.86,8.47537,-3.9333400000000003,-0.98,-1.29,-1.63,2026-08-19T00:00:00,1987-10-07T00:00:00,10/7/1987,560563200,2026-08-14T00:00:00
254,NAN,0.0146,7.44526,7.33813,0.06799999999999999,9.63,23,Morningstar US CEF Municipal-NY,81,"Nuveen Fund Advisors, LLC.",False,11.12,0.05,10.96,2026-08-19T00:00:00,67066X107,Nuveen NY Quality Muni Inc,2026-08-19,XNANX,Fixed Income - Municipal-Municipal - NY,40.16,370.08,0.013000000000000001,Monthly,0.25368,0.06799999999999999,15.0,5.0528,,,3.77,,609.595,True,False,True,False,False,False,,2.22,8.36,-1.8,-0.4,0.99,3.64,,,9.21,715520,27.2,0.01,99.9827,,13.22,8.52,11.4138,0.69188,0.75,-0.51,0.11,2026-08-19T00:00:00,1999-05-26T00:00:00,5/26/1999,927676800,2026-08-14T00:00:00
255,JPC,-0.015600000000000001,9.72763,9.88142,0.0625,6.32,18,Morningstar US CEF Preferreds,81,"Nuveen Fund Advisors, LLC.",False,7.59,-0.05,7.71,2026-08-19T00:00:00,67073B106,Nuveen Pref & Income Opps Fund,2026-08-19,XJPCX,Fixed Income - Taxable-Preferreds,37.89,2852.933,-0.042,Monthly,0.24068,0.0625,15.0,7.6739,,,4.67,,4665.892,True,False,False,False,False,False,,10.9,15.6,3.45,3.54,0.96,0.19,,,4.86,9902870,7.5,0.0,104.2944,,,,8.00211,0.14293,-1.71,-2.27,-1.28,2026-08-19T00:00:00,2003-03-26T00:00:00,3/26/2003,1048636800,2026-08-14T00:00:00
256,NAD,0.0164,7.28055,7.16342,0.0705,8.56,21,Morningstar US CEF Municipal,81,"Nuveen Fund Advisors, LLC.",False,11.81,0.11,11.62,2026-08-19T00:00:00,67066V101,Nuveen Quality Muni Income Fund,2026-08-19,XNADX,Fixed Income - Municipal-Municipal,42.21,2764.536,0.023,Monthly,0.27975,0.0705,15.0,5.2199,,,3.74,,4706.64,True,False,True,False,False,False,,2.5700000000000003,8.37,-1.56,-0.7000000000000001,0.5700000000000001,1.52,,,12.81,6718380,24.1,1.21,97.3577,,11.17,7.62,11.86663,-1.12179,2.1,2.51,2.13,2026-08-19T00:00:00,1999-05-26T00:00:00,5/26/1999,927676800,2026-08-14T00:00:00
257,JRI,-0.0642,12.10884,12.94023,0.1335,13.71,25,Morningstar US CEF Global Allocation,81,"Nuveen Fund Advisors, LLC.",True,12.38,-0.06,13.23,2026-08-19T00:00:00,67074Y105,Nuveen Real Asset Inc and Grwt,2026-08-19,XJRIX,Hybrid-Global Allocation,31.91,448.135,0.0,Monthly,0.26714,0.1335,20.0,6.5656,,,3.9,,703.348,True,False,False,False,True,False,,11.2,16.53,4.8,6.41,8.08,2.2800000000000002,,,11.39,1452100,26.4,0.0,100.7963,,,,13.22411,-2.38634,-1.04,-1.72,-0.67,2026-08-19T00:00:00,2012-04-25T00:00:00,4/25/2012,1335312000,2026-08-14T00:00:00
258,JRS,-0.0889,8.18966,8.98876,0.19,23.03,7,Morningstar US CEF Real Estate,81,"Nuveen Fund Advisors, LLC.",True,8.455,0.01,9.28,2026-08-19T00:00:00,67071B108,Nuveen Real Estate Income,2026-08-19,XJRSX,Equity-Real Estate,27.64,244.286,0.0,Quarterly,0.07692,0.19,15.0,,,,3.4,,370.522,True,True,False,False,True,False,,11.03,13.0,2.85,3.03,19.97,17.81,,,22.93,785180,0.0,,,,6.49,,8.04536,-8.21369,-0.44,0.61,0.61,2026-08-19T00:00:00,2001-11-15T00:00:00,11/15/2001,1005782400,2026-06-15T00:00:00
259,SPXX,-0.0863,8.04006,8.79958,0.4215,20.86,3,Morningstar US CEF Covered Call,81,"Nuveen Fund Advisors, LLC.",True,19.16,0.07,20.97,2026-08-19T00:00:00,6706EW100,Nuveen S&P 500 Dynamic Overwrite,2026-08-19,XSSPX,Equity-Covered-Call Funds,,2640.535,0.0,Quarterly,0.02449,0.4215,20.0,,,,0.9700000000000001,,2889.98,False,True,True,False,True,False,,15.26,13.57,10.36,8.08,10.38,6.76,,,11.01,1380650,,,,,,,17.81808,-8.82898,0.08,1.31,1.46,2026-08-19T00:00:00,2005-11-22T00:00:00,11/22/2005,1132617600,2026-06-15T00:00:00
260,NIM,-0.054000000000000006,3.5474,3.75,0.028999999999999998,3.86,21,Morningstar US CEF Municipal,81,"Nuveen Fund Advisors, LLC.",False,9.28,0.01,9.81,2026-08-19T00:00:00,67061T101,Nuveen Select Maturity Muni,2026-08-19,XNIMX,Fixed Income - Municipal-Municipal,0.41000000000000003,115.504,-0.007,Monthly,0.16949,0.028999999999999998,12.0,4.4456,,,0.5800000000000001,,122.101,True,False,True,False,False,False,,2.98,4.39,0.93,-0.19,0.11,0.52,,,4.78,193230,18.0,1.46,99.3385,,,5.0,9.37212,-5.77465,0.28,0.47000000000000003,-0.12,2026-08-19T00:00:00,1992-09-18T00:00:00,9/18/1992,716774400,2026-08-14T00:00:00
261,NXP,0.0078000000000000005,4.5499600000000004,4.51477,0.0535,6.23,21,Morningstar US CEF Municipal,81,"Nuveen Fund Advisors, LLC.",False,14.22,0.03,14.11,2026-08-19T00:00:00,67062F100,Nuveen Select Tax Free Inc,2026-08-19,XNXPX,Fixed Income - Municipal-Municipal,3.73,900.329,0.014,Monthly,0.28791,0.0535,15.0,5.0462,,,0.35000000000000003,,893.365,True,False,True,False,False,False,,3.62,3.45,0.77,-0.26,1.07,2.87,,,6.62,1414420,14.4,1.3,95.6524,,9.19,7.95,14.29412,-0.09633000000000001,0.9400000000000001,0.97,0.97,2026-08-19T00:00:00,1992-03-19T00:00:00,3/19/1992,700963200,2026-08-14T00:00:00
262,NBB,-0.023399999999999997,7.32911,7.50486,0.0965,4.88,20,Morningstar US CEF Taxable Muni,81,"Nuveen Fund Advisors, LLC.",False,15.43,0.12,15.8,2026-08-19T00:00:00,67074C103,Nuveen Taxable Municipal Income,2026-08-19,XNBBX,Fixed Income - Taxable-Taxable Muni,38.13,453.561,-0.051000000000000004,Monthly,0.47616,0.0965,20.0,6.906,,,3.24,,750.652,True,False,True,False,False,False,,5.61,7.16,-1.06,-1.51,-0.27,0.47000000000000003,,,4.18,566400,5.6,0.0,103.6971,,,7.36,15.87745,-2.6753400000000003,0.34,0.75,0.7000000000000001,2026-08-19T00:00:00,2010-04-27T00:00:00,4/27/2010,1272326400,2026-08-14T00:00:00
263,NPV,-0.0271,6.67269,6.85874,0.0615,8.42,24,Morningstar US CEF Municipal-Single State,81,"Nuveen Fund Advisors, LLC.",False,10.76,0.0,11.06,2026-08-19T00:00:00,67064R102,Nuveen VA Quality Muni Inc,2026-08-19,XNPVX,Fixed Income - Municipal-Municipal - Single-State,40.4,210.894,0.026000000000000002,Monthly,0.2321,0.0615,15.0,4.8848,,,3.54,,363.724,True,False,False,False,False,False,,2.49,6.14,-1.6,-3.2800000000000002,0.29,1.47,,,5.83,491110,32.6,1.52,97.6252,,11.51,7.5600000000000005,11.35277,-0.7790600000000001,-1.15,-1.58,-2.19,2026-08-19T00:00:00,1993-03-18T00:00:00,3/18/1993,732412800,2026-08-14T00:00:00
264,NPFD,-0.0368,9.72553,10.09677,0.1565,6.38,18,Morningstar US CEF Preferreds,81,"Nuveen Fund Advisors, LLC.",False,18.6,-0.02,19.31,2026-08-19T00:00:00,67080R102,Nuveen Variable Rate Pref & Inc Fund,2026-08-19,XNPFX,Fixed Income - Taxable-Preferreds,36.99,449.453,,Monthly,0.5723900000000001,0.1565,25.0,7.4808,,,4.79,,740.516,True,False,True,False,False,False,,10.43,13.81,,,1.08,1.06,,,3.15,656340,7.4,0.0,103.0703,,5.58,3.54,19.20123,-3.9333,0.2,1.37,0.55,2026-08-19T00:00:00,2021-12-15T00:00:00,12/15/2021,1639526400,2026-08-14T00:00:00
265,SRV,0.0316,13.05767,12.65823,0.5,25.63,6,Morningstar US CEF MLP,33,Cushing Asset Management LP,False,47.4,-1.17,45.95,2026-08-19T00:00:00,231631300,NXG Cushing Midstream Energy Fund,2026-08-19,XSRVX,Equity-MLP,29.23,295.509,,Monthly,0.0352,0.5,20.0,,,,4.32,,404.785,True,True,True,False,False,False,,24.46,22.46,19.45,27.98,27.19,29.19,,,30.57,564410,,,,,4.57,,44.41635,-0.9535600000000001,1.27,0.92,1.52,2026-08-19T00:00:00,2007-08-27T00:00:00,8/27/2007,1188172800,2026-08-17T00:00:00
266,NXG,0.0175,12.58961,12.37326,0.6,27.62,8,Morningstar US CEF Sector Equity,33,Cushing Asset Management LP,False,58.19,-2.22,57.19,2026-08-19T00:00:00,231647207,NXG NextGen Infrastructure Inc,2026-08-19,XNXGX,Equity-Sector Equity,33.24,426.659,,Monthly,-0.24598,0.6,25.0,,,,4.16,,628.137,True,True,True,False,False,False,,21.85,30.9,13.05,18.26,28.67,19.49,,,20.07,677290,,,,,1.07,,53.49245,-1.44216,0.86,0.56,0.96,2026-08-19T00:00:00,2012-09-26T00:00:00,9/26/2012,1348617600,2026-08-17T00:00:00
267,MEGI,-0.0736,9.04704,9.76563,0.125,17.96,8,Morningstar US CEF Sector Equity,77,New York Life Investment Management LLC,False,15.36,0.11,16.58,2026-08-19T00:00:00,56064Q107,NYLI CBRE Glb Infra Megatrends Term Fund,2026-08-19,XMEGI,Equity-Sector Equity,21.07,799.45,,Monthly,0.39004,0.125,20.0,,,,3.73,,1093.248,True,True,True,False,False,False,,10.85,14.69,,,14.78,17.89,,,18.19,1564900,,,,,,,14.69885,-9.28517,1.17,1.47,1.74,2026-08-19T00:00:00,2021-10-27T00:00:00,10/27/2021,1635292800,2026-07-24T00:00:00
268,MMD,-0.0608,5.02481,5.35007,0.06749999999999999,8.49,21,Morningstar US CEF Municipal,77,New York Life Investment Management LLC,False,15.14,0.14,16.12,2026-08-19T00:00:00,56064K100,NYLI MacKay DefinedTerm Muni Opps Fund,2026-08-19,XMMDX,Fixed Income - Municipal-Municipal,36.52,284.321,0.24000000000000002,Monthly,0.42096,0.06749999999999999,20.0,5.1948,,,2.72,,476.885,True,True,True,False,False,True,,2.66,0.56,-0.8200000000000001,-3.32,1.62,3.42,,,7.61,644060,,,104.6098,,,5.7,15.136050000000001,-7.25154,0.97,1.12,1.13,2026-08-19T00:00:00,2012-06-27T00:00:00,6/27/2012,1340755200,2026-08-14T00:00:00
269,OCCI,-0.21100000000000002,18.34862,23.25581,0.049999999999999996,-32.59,19,Morningstar US CEF Senior Loans,82,"OFS Capital Management, LLC",True,2.58,0.18,3.32,2026-07-31T00:00:00,67111Q107,OFS Credit Company Inc,2026-08-19,OCCI,Fixed Income - Taxable-Senior Loans,47.95,75.631,,Monthly,0.33629000000000003,0.049999999999999996,20.0,13.384,,,13.31,,184.18,True,False,False,False,True,False,,-8.46,-16.6,-8.11,-12.48,-23.43,-41.66,,,-47.59,2845760,,,,,,,3.95714,-13.38955,-0.72,0.01,0.02,2026-08-19T00:00:00,2018-10-05T00:00:00,10/5/2018,1538697600,2026-08-14T00:00:00
270,OXLC,-0.1109,22.94455,25.80645,0.19999999999999998,-33.14,19,Morningstar US CEF Senior Loans,83,Oxford Lane Management,False,9.3,0.33,10.66,2026-07-31T00:00:00,691543847,Oxford Lane Capital Corp,2026-08-19,OXLCX,Fixed Income - Taxable-Senior Loans,43.07,908.142,,Monthly,1.29355,0.19999999999999998,20.0,10.7207,,,9.78,,1794.076,True,False,True,False,False,False,,-2.86,-10.03,-1.6,-5.79,-19.43,-23.67,,,-28.21,12387340,,,,,,,12.19437,-16.0702,0.53,0.77,0.51,2026-08-19T00:00:00,2011-01-20T00:00:00,1/20/2011,1295481600,2026-08-17T00:00:00
271,PCM,0.0,14.04153,14.04153,0.06423999999999999,5.95,16,Morningstar US CEF Limited Duration,84,"Pacific Investment Management Company, LLC",False,5.49,0.03,5.49,2026-08-19T00:00:00,69323T101,PCM Fund,2026-08-19,XPCMX,Fixed Income - Taxable-Limited Duration,36.05,68.232,0.037,Monthly,0.31452,0.06423999999999999,15.0,6.3667,,6.53,4.76,,106.693,True,False,False,False,False,False,,7.84,-4.78,2.32,-2.6,0.89,-1.1400000000000001,,,1.09,528070,,,84.0078,,,,5.99884,3.70955,-1.07,-1.16,-0.88,2026-08-19T00:00:00,1993-09-02T00:00:00,9/2/1993,746928000,2026-08-13T00:00:00
272,PDCC,-0.1902,14.40443,17.78791,0.13,-28.86,19,Morningstar US CEF Senior Loans,86,Pearl Diver Capital LLP,True,8.77,-0.41000000000000003,10.96,2026-07-31T00:00:00,70476Q100,Pearl Diver Credit Company Inc,2026-08-19,PDCC,Fixed Income - Taxable-Senior Loans,35.25,60.246,,Monthly,0.93322,0.13,20.0,10.3892,,,8.24,,114.905,True,False,False,False,True,False,,,,,,-14.64,-30.16,,,-35.71,58490,,,,,,,12.87946,-4.59306,-2.05,-1.17,-1.37,2026-08-19T00:00:00,2024-07-18T00:00:00,7/18/2024,1721260800,2026-08-17T00:00:00
273,PSUS,-0.1917,,,,,10,Morningstar US CEF US Equity,87,"Pershing Square Capital Management, L.P.",False,39.67,-0.05,49.08,2026-08-18T00:00:00,71531T105,"Pershing Square USA, Ltd",2026-08-19,PSUSX,Equity-U.S. Equity,,,,Annually,,,50.0,,,,0.0,,,False,True,True,False,False,False,,,,,,,,,,,0,,,,,,,,,,0.31,,2026-08-19T00:00:00,2026-04-29T00:00:00,4/29/2026,1777420800,
274,GHY,-0.0832,9.89011,10.78767,0.105,6.5,14,Morningstar US CEF High Yield,88,PGIM,False,11.68,-0.02,12.74,2026-08-19T00:00:00,69346J106,"PGIM Global High Yield Fund, Inc.",2026-08-19,XGHYX,Fixed Income - Taxable-High Yield,16.08,478.426,,Monthly,0.4495,0.105,20.0,6.5388,,,2.5,,621.845,True,False,False,False,False,False,,10.44,11.82,4.18,4.61,2.09,-0.46,,,-1.53,1554630,,,96.1442,,,,12.31471,-5.77,-0.92,-0.37,-0.39,2026-08-19T00:00:00,2012-12-21T00:00:00,12/21/2012,1356048000,2026-08-13T00:00:00
275,ISD,-0.0842,9.30576,10.16129,0.105,4.8,14,Morningstar US CEF High Yield,88,PGIM,False,12.4,0.0,13.54,2026-08-19T00:00:00,69346H100,"PGIM High Yield Bond Fund, Inc.",2026-08-19,XISDX,Fixed Income - Taxable-High Yield,20.36,412.869,,Monthly,0.55298,0.105,20.0,6.6707,,,2.15,,450.826,True,False,False,False,False,False,,8.75,10.02,4.09,4.28,1.37,-9.87,,,-4.89,928790,,,97.3684,,,,13.81854,-0.6686200000000001,-1.77,-1.88,-1.28,2026-08-19T00:00:00,2012-04-26T00:00:00,4/26/2012,1335398400,2026-08-13T00:00:00
276,SDHY,-0.0518,7.54366,7.9558,0.108,3.7800000000000002,14,Morningstar US CEF High Yield,88,PGIM,True,16.29,-0.02,17.18,2026-08-19T00:00:00,69355J104,PGIM Short Duration High Yield Opps,2026-08-19,XSDHX,Fixed Income - Taxable-High Yield,22.15,401.924,,Monthly,0.74624,0.108,20.0,6.4186,,,2.52,,423.883,True,False,True,False,True,False,,7.55,10.51,4.49,4.44,1.19,2.12,,,4.65,692950,,,98.7564,,,,16.37779,-6.68447,1.4100000000000001,1.98,2.01,2026-08-19T00:00:00,2020-11-25T00:00:00,11/25/2020,1606262400,2026-08-13T00:00:00
277,PAXS,-0.0349,12.27945,12.72392,0.1494,7.46,17,Morningstar US CEF Multi-Sector,90,PIMCO,True,14.09,0.09,14.6,2026-08-19T00:00:00,72203T100,PIMCO Access Income,2026-08-19,XPAAX,Fixed Income - Taxable-Multi-Sector,39.44,664.365,,Monthly,0.7612800000000001,0.1494,20.0,7.1091,,7.51,5.85,,1136.805,True,False,False,False,True,False,,12.02,10.84,,,1.9100000000000001,-0.63,,,2.63,1852890,,,87.1897,,,,15.16419,0.6693100000000001,-1.3900000000000001,-0.91,-0.92,2026-08-19T00:00:00,2022-01-31T00:00:00,1/31/2022,1643587200,2026-08-13T00:00:00
278,PCQ,-0.094,4.46281,4.92588,0.036,10.39,22,Morningstar US CEF Municipal-CA,84,"Pacific Investment Management Company, LLC",False,8.77,0.05,9.68,2026-08-19T00:00:00,72200N106,PIMCO CA Municipal Income,2026-08-19,XPCQX,Fixed Income - Municipal-Municipal - CA,42.51,492.283,0.161,Monthly,0.16229,0.036,15.0,4.7722,,14.81,4.27,,945.072,True,False,True,False,False,False,,2.05,-1.27,-2.98,-10.54,0.08,1.23,,,9.24,1562750,,,93.2247,,16.3,9.4,8.78246,-11.22899,2.35,2.43,2.46,2026-08-19T00:00:00,2001-06-29T00:00:00,6/29/2001,993772800,2026-08-13T00:00:00
279,PTY,0.0298,12.50526,12.1431,0.11879999999999999,8.93,15,Morningstar US CEF Investment Grade,90,PIMCO,False,11.74,0.07,11.4,2026-08-19T00:00:00,72201B101,PIMCO Corporate & Income Opportunity Fd,2026-08-19,XPTYX,Fixed Income - Taxable-Investment Grade,17.25,2576.945,0.218,Monthly,0.56621,0.11879999999999999,15.0,,,7.79,1.27,,3023.814,True,False,False,False,False,False,,15.21,3.15,8.08,-0.3,2.5700000000000003,-2.59,,,-5.69,10529050,,,92.5257,,,,12.79697,9.48084,-1.09,-0.74,-0.99,2026-08-19T00:00:00,2002-12-27T00:00:00,12/27/2002,1040947200,2026-08-13T00:00:00
280,PCN,0.028900000000000002,11.83173,11.49915,0.11249999999999999,7.57,15,Morningstar US CEF Investment Grade,84,"Pacific Investment Management Company, LLC",False,11.74,0.05,11.41,2026-08-19T00:00:00,72200U100,PIMCO Corporate & Income Strgy,2026-08-19,XPCNX,Fixed Income - Taxable-Investment Grade,5.82,892.943,0.038,Monthly,0.55593,0.11249999999999999,15.0,,,7.24,1.2,,921.44,True,False,False,False,False,False,,13.43,5.59,6.97,1.05,2.09,-2.42,,,3.22,3269260,,,92.1813,,,,12.41268,6.02575,-1.02,0.15,-0.48,2026-08-19T00:00:00,2001-12-21T00:00:00,12/21/2001,1008892800,2026-08-13T00:00:00
281,PDI,-0.0313,16.875,17.41935,0.2205,8.58,17,Morningstar US CEF Multi-Sector,84,"Pacific Investment Management Company, LLC",False,15.19,0.05,15.68,2026-08-19T00:00:00,72201Y101,PIMCO Dynamic Income Fund,2026-08-19,XPDIX,Fixed Income - Taxable-Multi-Sector,31.71,7225.689,,Monthly,0.8963,0.2205,25.0,7.0675,,7.46,4.46,,10921.684,True,False,False,False,False,False,,13.36,9.52,6.02,3.2800000000000002,2.17,-0.88,,,-2.8,27625900,,,89.285,,,,17.78215,7.97156,-2.49,-3.37,-3.0,2026-08-19T00:00:00,2012-05-25T00:00:00,5/25/2012,1337904000,2026-08-13T00:00:00
282,PDO,-0.0055000000000000005,12.00939,12.07553,0.12789999999999999,9.26,13,Morningstar US CEF Global Income,84,"Pacific Investment Management Company, LLC",True,12.71,-0.11,12.78,2026-08-19T00:00:00,69355M107,PIMCO Dynamic Income Opportunities Fund,2026-08-19,XPDOX,Fixed Income - Taxable-Global Income,34.42,1847.775,,Monthly,0.6564,0.12789999999999999,20.0,7.2428,,7.31,5.22,,2832.931,True,False,False,False,True,False,,13.44,12.57,3.39,3.0,2.17,0.9500000000000001,,,8.6,6105580,,,87.4408,,,,13.54833,3.60229,-2.27,-2.66,-1.67,2026-08-19T00:00:00,2021-01-29T00:00:00,1/29/2021,1611878400,2026-08-13T00:00:00
283,PDX,-0.0812,6.73737,7.33303,0.1334,7.64,25,Morningstar US CEF Global Allocation,90,PIMCO,True,21.83,0.1,23.76,2026-08-19T00:00:00,69346N107,PIMCO Dynamic Income Strategy Fund,2026-08-19,XPDX,Hybrid-Global Allocation,22.45,975.953,,Monthly,0.70899,0.1334,20.0,6.1113,,6.61,3.29,,1369.715,True,True,True,False,True,True,,17.81,22.07,21.28,24.39,16.88,18.99,,,7.57,1217800,,,89.6993,,,,21.54034,-9.56213,0.86,1.54,1.7000000000000002,2026-08-19T00:00:00,2019-01-30T00:00:00,1/30/2019,1548806400,2026-08-13T00:00:00
284,PGP,-0.0541,8.96104,9.47368,0.06899999999999999,22.26,25,Morningstar US CEF Global Allocation,84,"Pacific Investment Management Company, LLC",False,8.74,0.07,9.24,2026-08-19T00:00:00,722011103,PIMCO Global StocksPLUS & Income,2026-08-19,XPGPX,Hybrid-Global Allocation,48.47,101.312,0.07,Monthly,0.38544,0.06899999999999999,25.0,6.7163,,7.5600000000000005,2.5300000000000002,,207.846,True,False,False,False,False,False,,18.92,16.04,7.75,5.01,7.43,-2.01,,,11.55,436280,,,92.7925,,,,8.7544,-1.08987,-1.6400000000000001,-0.34,-0.99,2026-08-19T00:00:00,2005-05-31T00:00:00,5/31/2005,1117497600,2026-08-13T00:00:00
285,PHK,0.0179,12.85714,12.63158,0.048,9.2,17,Morningstar US CEF Multi-Sector,84,"Pacific Investment Management Company, LLC",False,4.5600000000000005,0.01,4.48,2026-08-19T00:00:00,722014107,PIMCO High Income,2026-08-19,XPHKX,Fixed Income - Taxable-Multi-Sector,19.84,866.105,-0.044000000000000004,Monthly,0.23584,0.048,15.0,,,8.09,1.44,,1061.475,True,False,False,False,False,False,,13.28,10.04,6.74,3.9699999999999998,3.27,2.98,,,7.96,7534850,,,92.8093,,,,4.77287,4.0085,-1.19,-0.5,-0.62,2026-08-19T00:00:00,2003-04-30T00:00:00,4/30/2003,1051660800,2026-08-13T00:00:00
286,PFL,0.0186,12.97211,12.73533,0.0814,6.47,17,Morningstar US CEF Multi-Sector,90,PIMCO,False,7.67,0.04,7.53,2026-08-19T00:00:00,72201H108,PIMCO Income Strategy,2026-08-19,XPFLX,Fixed Income - Taxable-Multi-Sector,7.8100000000000005,384.769,0.077,Monthly,0.35014,0.0814,20.0,,,6.86,1.8599999999999999,,409.752,True,False,False,False,False,False,,12.22,10.24,5.06,2.18,1.82,-1.46,,,3.7800000000000002,2068460,,,89.0405,,,,8.17102,4.37942,-1.24,-0.06,-0.59,2026-08-19T00:00:00,2003-08-26T00:00:00,8/26/2003,1061856000,2026-08-13T00:00:00
287,PFN,0.0262,12.52326,12.20397,0.0718,8.39,17,Morningstar US CEF Multi-Sector,84,"Pacific Investment Management Company, LLC",False,7.06,0.02,6.88,2026-08-19T00:00:00,72201J104,PIMCO Income Strategy II,2026-08-19,XPFNX,Fixed Income - Taxable-Multi-Sector,24.01,702.287,0.094,Monthly,0.36318,0.0718,20.0,,,8.1,1.71,,900.655,True,False,False,False,False,False,,13.32,12.62,5.63,2.96,2.5300000000000002,1.45,,,6.5,4348450,,,91.5001,,,,7.24556,2.7454,-0.06,0.61,0.81,2026-08-19T00:00:00,2004-10-29T00:00:00,10/29/2004,1099008000,2026-08-13T00:00:00
288,PML,-0.053899999999999997,6.08472,6.43148,0.0395,7.98,21,Morningstar US CEF Municipal,90,PIMCO,False,7.37,0.01,7.79,2026-08-19T00:00:00,72200W106,PIMCO Municipal Income II,2026-08-19,XPMLX,Fixed Income - Municipal-Municipal,43.06,924.698,0.10300000000000001,Monthly,0.22416,0.0395,15.0,4.8605,,14.19,4.19,,1716.576,True,False,True,False,False,False,,1.25,-1.58,-3.76,-8.31,-0.23,0.38,,,8.03,4403330,,,95.705,,15.68,9.07,7.60333,-5.6757,0.23,1.6800000000000002,1.0,2026-08-19T00:00:00,2002-06-28T00:00:00,6/28/2002,1025222400,2026-08-13T00:00:00
289,PNI,-0.09970000000000001,4.64567,5.16035,0.0295,9.07,23,Morningstar US CEF Municipal-NY,90,PIMCO,False,6.86,0.02,7.62,2026-08-19T00:00:00,72200Y102,PIMCO NY Municipal Income II,2026-08-19,XPNIX,Fixed Income - Municipal-Municipal - NY,42.0,163.854,0.065,Monthly,0.17601,0.0295,15.0,4.8205,,14.29,4.31,,313.779,True,False,True,False,False,False,,0.88,1.19,-4.29,-6.12,0.3,1.6400000000000001,,,10.76,559720,,,96.1901,,16.81,9.8,6.94819,-10.94048,1.3900000000000001,0.99,1.13,2026-08-19T00:00:00,2002-06-28T00:00:00,6/28/2002,1025222400,2026-08-13T00:00:00
290,RCS,0.1503,10.45752,9.09091,0.04,9.97,15,Morningstar US CEF Investment Grade,90,PIMCO,False,5.28,0.03,4.59,2026-08-19T00:00:00,72200X104,PIMCO Strategic Income Fund,2026-08-19,XRCSX,Fixed Income - Taxable-Investment Grade,80.27,250.328,0.019,Monthly,0.23481000000000002,0.04,12.5,6.5454,,7.52,3.49,,1102.734,True,False,False,False,False,False,,15.1,7.43,5.04,1.8900000000000001,2.88,-2.14,,,-20.71,1545540,,,99.6224,,,,6.09418,31.71124,-0.99,-0.75,-1.07,2026-08-19T00:00:00,1994-02-24T00:00:00,2/24/1994,762048000,2026-08-13T00:00:00
291,PWRL,-0.2158,,,,,8,Morningstar US CEF Sector Equity,91,Powerlaw Fund Adviser LLC,False,11.52,-0.25,14.69,2026-07-31T00:00:00,738922103,Powerlaw Corp.,2026-08-19,XPWRX,Equity-Sector Equity,,,,,,,,,,,0.0,,,False,True,True,False,False,False,,,,,,,,,,,0,,,,,,,,,,,,2026-08-19T00:00:00,2026-05-27T00:00:00,5/27/2026,1779840000,
292,PGZ,-0.0867,11.49635,12.58741,0.105,8.96,7,Morningstar US CEF Real Estate,92,Principal Funds,True,10.01,-0.06,10.96,2026-08-19T00:00:00,74255X104,Principal Real Estate Income Fund,2026-08-19,XPGZX,Equity-Real Estate,30.37,67.008,,Monthly,0.34794,0.105,20.0,3.6927,,,4.79,,105.367,True,False,True,False,True,False,,11.67,15.03,0.67,3.27,4.62,9.71,,,11.33,259480,,,80.4473,,4.67,,10.17744,-9.99493,0.91,0.12,0.68,2026-08-19T00:00:00,2013-06-26T00:00:00,6/26/2013,1372204800,2026-08-17T00:00:00
293,UTG,0.0033,6.4632,6.44172,0.21,5.44,8,Morningstar US CEF Sector Equity,93,Reaves Asset Management,True,39.12,-0.26,38.99,2026-08-19T00:00:00,756158101,Reaves Utility Income,2026-08-19,XUTGX,Equity-Sector Equity,20.92,3603.31,,Monthly,0.14102,0.21,20.0,,,,2.09,,4541.336,True,False,True,False,True,False,,19.31,19.41,9.79,9.59,8.3,8.31,,,6.88,2502310,,,,,2.62,,39.42774,-0.45007,0.64,0.84,0.79,2026-08-19T00:00:00,2004-02-24T00:00:00,2/24/2004,1077580800,2026-08-18T00:00:00
294,RCG,-0.0635,,,0.022371,21.29,26,Morningstar US CEF US Allocation,63,Horizon Kinetics Asset Management LLC,False,2.875,0.02,3.07,2026-08-19T00:00:00,759720105,RENN Fund ord,2026-08-19,XXRENNX,Hybrid-U.S. Allocation,11.03,20.17,,Data Not Available,-0.00658,0.022371,10.0,,,,1.56,,21.538,True,True,True,False,False,False,,13.08,18.38,6.45,7.85,12.72,17.32,,,16.41,79390,,,,,0.15,,2.77129,-9.55138,0.77,0.59,0.52,2026-08-19T00:00:00,1994-01-20T00:00:00,1/20/1994,759024000,2024-12-16T00:00:00
295,RSF,-0.0242,11.05645,11.3305,0.1371,8.08,14,Morningstar US CEF High Yield,94,"RiverNorth Capital Management, LLC",False,14.5201,0.01,14.88,2026-08-19T00:00:00,76882B108,RiverNorth Capital and Inc Fund,2026-08-19,XRSFX,Fixed Income - Taxable-High Yield,9.65,50.304,,Monthly,1.04616,0.1371,21.42,,,,6.38,,51.551,True,False,True,False,False,False,,8.74,9.04,6.15,5.58,4.37,8.18,,,10.67,168320,,,,,2.96,,14.58795,-4.20498,1.7000000000000002,1.97,1.27,2026-08-19T00:00:00,2016-09-22T00:00:00,9/22/2016,1474502400,2026-08-14T00:00:00
296,RFM,-0.059800000000000006,6.78562,7.21747,0.0881,10.95,21,Morningstar US CEF Municipal,94,"RiverNorth Capital Management, LLC",True,14.6478,0.0,15.58,2026-08-19T00:00:00,76883H104,RiverNorth Flexible Municipal Income,2026-08-19,XRFMX,Fixed Income - Municipal-Municipal,40.31,89.567,,Monthly,0.26571,0.0881,20.0,5.1339,,,4.92,,159.607,True,True,True,False,True,True,,4.1,3.86,-1.04,-1.48,3.7800000000000002,8.81,,,14.23,216030,,,101.6818,,17.23,17.45,14.37523,-8.79011,2.21,1.5,1.77,2026-08-19T00:00:00,2020-03-26T00:00:00,3/26/2020,1585180800,2026-08-14T00:00:00
297,RFMZ,-0.0641,6.79437,7.25959,0.0804,10.94,21,Morningstar US CEF Municipal,94,"RiverNorth Capital Management, LLC",True,13.29,-0.04,14.2,2026-08-19T00:00:00,76883Y107,RiverNorth Flexible Municipal Income II,2026-08-19,XRFZX,Fixed Income - Municipal-Municipal,40.76,323.635,,Monthly,0.25023,0.0804,20.0,5.1559,,,5.04,,583.725,True,True,True,False,True,True,,4.38,5.07,-0.72,-1.81,3.54,7.66,,,12.87,757030,,,101.2073,,16.29,15.96,13.02887,-9.34319,2.19,1.5,1.55,2026-08-19T00:00:00,2021-02-24T00:00:00,2/24/2021,1614124800,2026-08-14T00:00:00
298,RMMZ,-0.0644,6.8145299999999995,7.28338,0.0891,10.36,21,Morningstar US CEF Municipal,94,"RiverNorth Capital Management, LLC",False,14.68,-0.03,15.69,2026-08-19T00:00:00,76882M104,RiverNorth Manage Dur Muni Inc Fd II Inc,2026-08-19,XRMZX,Fixed Income - Municipal-Municipal,41.24,124.119,,Monthly,0.25979,0.0891,20.0,5.1833,,,4.97,,225.774,True,False,True,False,False,True,,3.86,4.64,,,3.33,5.92,,,13.83,230940,,,102.0403,,16.06,14.6,14.81226,-6.89626,0.44,1.15,0.85,2026-08-19T00:00:00,2022-02-10T00:00:00,2/10/2022,1644451200,2026-08-14T00:00:00
299,RMM,-0.0362,6.80777,7.06324,0.0847,10.76,21,Morningstar US CEF Municipal,94,"RiverNorth Capital Management, LLC",False,14.39,-0.04,14.93,2026-08-19T00:00:00,76882H105,RiverNorth Managed Duration Muni Inc Fd,2026-08-19,XRMMX,Fixed Income - Municipal-Municipal,40.97,284.053,,Monthly,0.2686,0.0847,20.0,5.105,,,4.75,,499.223,True,True,True,False,False,True,,4.11,4.09,0.4,-0.91,3.43,9.68,,,11.4,695180,,,101.5299,,9.95,16.69,14.15858,-6.3761,1.51,0.79,0.99,2026-08-19T00:00:00,2019-07-25T00:00:00,7/25/2019,1564012800,2026-08-14T00:00:00
300,RMI,-0.019100000000000002,6.78626,6.91829,0.08889999999999999,11.12,21,Morningstar US CEF Municipal,94,"RiverNorth Capital Management, LLC",False,15.42,-0.07,15.72,2026-08-19T00:00:00,76883F108,RiverNorth Opp Muni Income Fund Inc,2026-08-19,XRMIX,Fixed Income - Municipal-Municipal,40.01,98.295,,Monthly,0.26035,0.08889999999999999,20.0,5.14,,,4.93,,167.053,True,True,True,False,False,True,,4.1,5.51,-1.04,-0.11,3.84,13.9,,,20.63,247930,,,101.6429,,16.95,16.93,14.97036,-5.82227,1.3599999999999999,0.99,0.9,2026-08-19T00:00:00,2018-10-25T00:00:00,10/25/2018,1540425600,2026-08-14T00:00:00
301,RIV,-0.09230000000000001,12.90939,14.22142,0.1306,9.59,26,Morningstar US CEF US Allocation,94,"RiverNorth Capital Management, LLC",True,11.02,0.06,12.14,2026-08-19T00:00:00,76881Y109,RiverNorth Opportunities Fund,2026-08-19,XRIVX,Hybrid-U.S. Allocation,25.66,301.631,,Monthly,0.24094000000000002,0.1306,20.0,6.1355,,7.28,2.07,,446.957,True,False,False,False,True,True,,12.6,13.68,6.64,4.01,1.9100000000000001,4.66,,,5.58,1001660,,,97.8914,,,,11.70016,-5.31055,-2.08,-3.17,-3.56,2026-08-19T00:00:00,2015-12-23T00:00:00,12/23/2015,1450828800,2026-08-14T00:00:00
302,OPP,-0.0756,13.31707,14.40633,0.091,7.68,14,Morningstar US CEF High Yield,94,"RiverNorth Capital Management, LLC",True,7.58,0.04,8.2,2026-08-19T00:00:00,76882G107,RiverNorth/DoubleLine Strategic Opp Fund,2026-08-19,XOPPX,Fixed Income - Taxable-High Yield,37.74,189.425,,Monthly,0.31625000000000003,0.091,20.0,4.9979,,,2.7800000000000002,,329.111,True,False,True,False,True,True,,9.76,10.85,2.48,0.55,1.5899999999999999,4.03,,,2.62,1026720,,,75.0367,,,,7.92804,-8.18159,0.29,0.86,0.92,2026-08-19T00:00:00,2016-09-27T00:00:00,9/27/2016,1474934400,2026-08-14T00:00:00
303,RVI,0.09910000000000001,,,,,5,Morningstar US CEF Global Equity,95,"Robinhood Ventures DE, LLC",True,27.5,-6.45,25.02,2026-06-30T00:00:00,770701100,Robinhood Ventures Fund I,2026-08-19,XRVIX,Equity-Global Equity,,749.298,,Annually,,,25.0,,,,2.72,,681.725,False,True,True,False,True,False,,,,,,,,,,,0,,,,,,,,,,-0.78,,2026-08-19T00:00:00,2026-03-06T00:00:00,3/6/2026,1772755200,
304,BOT,1.2951,,,,,8,Morningstar US CEF Sector Equity,52,"FP Strategies, LLC",True,29.05,-0.36,11.32,2026-07-31T00:00:00,77106T107,RoboStrategy Inc,2026-08-19,XBOTX,Equity-Sector Equity,,,,,,,,,,,0.0,,,False,True,True,False,True,False,,,,,,,,,,,0,,,,,,,,,,,,2026-08-19T00:00:00,2026-05-11T00:00:00,5/11/2026,1778457600,
305,RGT,-0.13849999999999998,1.06562,1.23698,0.19,24.87,5,Morningstar US CEF Global Equity,96,Royce Investment Partners,False,15.36,0.1,17.83,2026-08-19T00:00:00,78081T104,"Royce Global Trust, Inc.",2026-08-19,XRGTX,Equity-Global Equity,2.11,100.805,,Annually,-0.93737,0.19,8.975,,,,1.35,,117.016,True,True,True,False,False,False,,17.94,19.95,6.35,5.53,14.44,15.33,,,26.65,200560,,,,,,,13.72084,-14.73828,0.79,1.25,1.33,2026-08-19T00:00:00,2013-10-18T00:00:00,10/18/2013,1382054400,2025-12-11T00:00:00
306,RMT,-0.1106,5.24672,5.89888,0.21,51.45,10,Morningstar US CEF US Equity,96,Royce Investment Partners,True,14.24,-0.02,16.01,2026-08-19T00:00:00,780915104,Royce Micro-Cap Trust,2026-08-19,XOTCX,Equity-U.S. Equity,2.2800000000000002,761.534,,Quarterly,-0.11427,0.21,10.0,,,,1.3900000000000001,,876.191,True,True,True,False,True,False,,21.63,23.15,10.4,11.65,33.46,34.78,,,54.46,1228530,,,,,,,11.9346,-11.46594,0.5700000000000001,0.92,0.12,2026-08-19T00:00:00,1993-12-14T00:00:00,12/14/1993,755827200,2026-06-11T00:00:00
307,RVT,-0.1047,5.89914,6.58874,0.31,30.6,10,Morningstar US CEF US Equity,96,Royce Investment Partners,True,18.82,0.1,21.02,2026-08-19T00:00:00,780910105,Royce Small-Cap Trust,2026-08-19,XRVTX,Equity-U.S. Equity,1.37,2251.396,,Quarterly,0.08396,0.31,10.0,,,,1.35,,2549.578,True,True,False,False,True,False,,16.35,17.3,8.13,8.77,20.38,16.39,,,29.81,2781340,,,,,,,17.19456,-9.76964,-0.38,1.02,-0.32,2026-08-19T00:00:00,1986-11-26T00:00:00,11/26/1986,533347200,2026-06-11T00:00:00
308,BRW,-0.1155,14.03026,15.86314,0.08499999999999999,-0.42,19,Morningstar US CEF Senior Loans,97,"Saba Capital Management, LP",False,6.43,-0.07,7.27,2026-08-19T00:00:00,78518H202,Saba Capital Income & Opportunities Fund,2026-08-19,XPPRX,Fixed Income - Taxable-Senior Loans,12.31,333.942,,Monthly,0.07357,0.08499999999999999,10.0,,,,5.82,,430.568,True,False,False,False,False,False,,9.06,8.6,7.26,7.29,3.13,3.06,,,-8.46,2694760,,,,,6.5,,6.99354,-10.35865,-0.49,-1.17,-0.23,2026-08-19T00:00:00,1988-05-12T00:00:00,5/12/1988,579398400,2026-08-11T00:00:00
309,SABA,-0.1308,7.34177,8.4466,0.057999999999999996,2.16,13,Morningstar US CEF Global Income,97,"Saba Capital Management, LP",False,8.24,0.0,9.48,2026-08-19T00:00:00,880198205,Saba Capital Income & Ops Fund II,2026-08-19,XSABX,Fixed Income - Taxable-Global Income,,222.392,,Monthly,0.07175000000000001,0.057999999999999996,10.0,7.8815,,7.8100000000000005,4.58,,255.859,False,False,False,False,False,False,,9.87,8.32,4.7,2.9699999999999998,5.5600000000000005,4.88,,,-2.96,721360,,,,,,,8.49978,-12.15188,-0.55,0.07,-0.02,2026-08-19T00:00:00,1988-03-17T00:00:00,3/17/1988,574560000,2026-08-11T00:00:00
310,SPMC,-0.023399999999999997,25.50478,26.11534,0.13,-35.7,19,Morningstar US CEF Senior Loans,99,Sound Point Meridian Management Company LLC,True,9.19,-1.08,9.61,2026-07-31T00:00:00,83617A108,Sound Point Meridian Capital Inc,2026-08-19,,Fixed Income - Taxable-Senior Loans,,189.579,,Monthly,1.06488,0.13,20.0,,,,10.95,,194.117,False,False,False,False,True,False,,,,,,-21.15,-12.65,,,-28.89,287030,,,,,,,12.83667,-0.8187200000000001,-0.2,-1.27,-0.33,2026-08-19T00:00:00,2024-06-14T00:00:00,6/14/2024,1718323200,2026-08-14T00:00:00
311,SOR,-0.0765,4.9409,5.35017,0.20829999999999999,15.85,26,Morningstar US CEF US Allocation,48,"First Pacific Advisors, LP",True,46.72,0.09,50.59,2026-08-19T00:00:00,836144303,Source Capital,2026-08-19,XSORX,Hybrid-U.S. Allocation,0.0,384.551,,Monthly,1.17317,0.20829999999999999,17.5,3.0676,,,0.9800000000000001,,416.405,True,True,False,False,True,False,,13.81,15.06,9.11,9.52,6.99,5.01,,,13.95,107420,,,,,,,46.2219,-5.04071,-1.09,0.58,-0.5700000000000001,2026-08-19T00:00:00,1968-10-24T00:00:00,10/24/1968,-37497600,2026-08-13T00:00:00
312,SPE,-0.1588,8.21928,9.77079,0.10869999999999999,0.91,10,Morningstar US CEF US Equity,22,Bulldog Investors LLP,False,13.35,-0.29,15.87,2026-08-14T00:00:00,84741T104,Special Opportunities,2026-08-19,XSPEX,Equity-U.S. Equity,24.9,141.819,,Monthly,0.02606,0.10869999999999999,15.0,5.1616,,19.11,1.8599999999999999,,224.484,True,False,False,False,False,False,,12.68,15.43,8.1,7.96,-2.42,-6.45,,,-3.05,344150,,,,,,,14.58153,-10.64512,-2.74,-1.8599999999999999,-1.96,2026-08-19T00:00:00,1993-06-08T00:00:00,6/8/1993,739497600,2026-06-16T00:00:00
313,FUND,-0.0981,4.81895,5.34334,0.1424,35.81,10,Morningstar US CEF US Equity,101,Sprott Asset Management USA Inc.,True,10.66,0.0,11.82,2026-08-19T00:00:00,85208J109,Sprott Focus Trust,2026-08-19,XFUNX,Equity-U.S. Equity,0.0,318.689,,Quarterly,0.07343,0.1424,10.0,,,,1.13,,353.368,True,True,True,False,True,False,,13.63,13.33,11.1,11.84,17.15,17.55,,,38.28,266420,,,,,,,9.2698,-10.578240000000001,1.1,0.23,0.62,2026-08-19T00:00:00,1988-03-01T00:00:00,3/1/1988,573177600,2026-06-12T00:00:00
314,CEF,-0.037599999999999995,,,,33.08,2,Morningstar US CEF Commodity,100,Sprott Asset Management LP,False,45.54,1.76,47.32,2026-08-19T00:00:00,85208R101,Sprott Physical Gold and Silver Trust,2026-08-19,XCEFX,Equity-Commodities,,7835.49,,Data Not Available,0.0,,13.72,,,,0.46,,8133.369,False,True,True,False,False,False,,28.46,28.86,16.96,16.5,-12.05,-12.64,,,32.84,10664200,,,,,,,44.00146,-4.37273,0.45,0.74,1.07,2026-08-19T00:00:00,2018-01-16T00:00:00,1/16/2018,1516060800,
315,PHYS,-0.0254,,,,22.24,2,Morningstar US CEF Commodity,100,Sprott Asset Management LP,False,34.09,1.07,34.98,2026-08-19T00:00:00,85207H104,Sprott Physical Gold Trust Unit,2026-08-19,,Equity-Commodities,,16493.033,,Data Not Available,0.0,,10.0,,,,0.4,,16769.271,False,True,False,False,False,False,,26.4,25.98,16.7,16.33,-6.61,-7.36,,,21.53,48747080,,,,,,,33.06847,-2.2354600000000002,-0.52,0.27,-0.13,2026-08-19T00:00:00,2010-02-26T00:00:00,2/26/2010,1267142400,
316,SPPP,-0.0441,,,,16.36,2,Morningstar US CEF Commodity,100,Sprott Asset Management LP,False,14.53,0.66,15.2,2026-08-19T00:00:00,85207Q104,Sprott Physical Platinum & Palladium Tr,2026-08-19,,Equity-Commodities,,579.974,,Data Not Available,0.0,,10.0,,,,1.01,,605.791,False,False,True,False,False,False,,7.42,5.75,-5.38,-5.73,-20.59,-20.37,,,12.5,9097470,,,,,,,15.10904,-4.66296,0.11,1.98,2.18,2026-08-19T00:00:00,2012-12-19T00:00:00,12/19/2012,1355875200,
317,PSLV,-0.0538,,,,55.05,2,Morningstar US CEF Commodity,100,Sprott Asset Management LP,False,21.62,0.92,22.85,2026-08-19T00:00:00,85207K107,Sprott Physical Silver Trust Unit,2026-08-19,,Equity-Commodities,,13681.638,,Data Not Available,0.0,,10.0,,,,0.56,,14453.801,False,True,False,False,False,False,,31.23,30.55,16.58,16.13,-20.05,-20.51,,,51.37,175100940,,,,,,,21.49356,-4.51793,-0.53,0.52,0.1,2026-08-19T00:00:00,2010-10-29T00:00:00,10/29/2010,1288310400,
318,STEW,-0.2191,3.37695,4.32432,0.19999999999999998,11.02,10,Morningstar US CEF US Equity,85,Paralel Advisors LLC,True,18.5,0.0,23.69,2026-08-19T00:00:00,101507101,SRH Total Return Fund,2026-08-19,XSTEX,Equity-U.S. Equity,8.92,1784.168,,Quarterly,0.03245,0.19999999999999998,10.0,5.4498,,,1.42,,2508.534,True,True,False,False,True,False,,15.95,15.04,11.88,10.47,6.48,3.35,,,9.26,811190,,,,,0.4,,17.94558,-21.40884,-0.48,1.74,0.34,2026-08-19T00:00:00,1972-12-07T00:00:00,12/7/1972,92534400,2026-07-24T00:00:00
319,TWN,-0.1873,5.20544,6.40517,6.2002,103.15,1,Morningstar US CEF Asia Equity,80,Nomura Asset Management USA Inc,False,96.8,1.06,119.11,2026-08-19T00:00:00,874036106,Taiwan Fund,2026-08-19,XXTWNXX,Equity-Asia Equity,,555.829,,Annually,0.0,6.2002,22.42,,,,1.32,,683.934,False,True,False,False,False,False,,48.55,49.24,27.9,27.3,63.26,53.82,,,100.36,300210,,,,,,,69.71935,-15.69239,-1.35,-0.86,-0.85,2026-08-19T00:00:00,1986-12-23T00:00:00,12/23/1986,535680000,2025-12-29T00:00:00
320,TSI,-0.09300000000000001,7.01653,7.73576,0.0283,0.9500000000000001,17,Morningstar US CEF Multi-Sector,102,TCW Investment Management Co LLC,False,4.39,-0.01,4.84,2026-08-19T00:00:00,872340104,TCW Strategic Income,2026-08-19,XXCVTXX,Fixed Income - Taxable-Multi-Sector,0.0,209.778,,Monthly,0.13571,0.0283,10.0,4.6909,,,1.17,,231.282,True,False,False,False,False,False,,5.94,6.03,2.92,1.75,-1.82,-6.99,,,-2.89,1192660,,,97.6881,,,,4.71771,-6.68235,-1.56,-1.25,-1.06,2026-08-19T00:00:00,1987-03-05T00:00:00,3/5/1987,541900800,2026-08-17T00:00:00
321,TDF,-0.1377,4.74684,5.50459,0.15,9.0,1,Morningstar US CEF Asia Equity,103,Templeton Asset Management Ltd.,False,10.9,0.01,12.64,2026-08-19T00:00:00,88018T101,Templeton Dragon,2026-08-19,XTDFX,Equity-Asia Equity,0.31,274.856,,Quarterly,0.02559,0.15,15.0,,,,1.21,,319.735,True,False,True,False,False,False,,4.39,4.69,-6.53,-6.95,-2.38,-2.35,,,9.5,752090,,,,,,,11.22395,-14.06204,0.31,0.49,0.67,2026-08-19T00:00:00,1994-09-20T00:00:00,9/20/1994,780019200,2026-06-23T00:00:00
322,TEI,-0.051500000000000004,9.01252,9.50147,0.054,26.37,12,Morningstar US CEF Emerging Market Income,53,"Franklin Advisers, Inc.",False,6.82,0.06,7.19,2026-08-19T00:00:00,880192109,Templeton Emerg Mkts Income,2026-08-19,XTEIX,Fixed Income - Taxable-Emerging Market Income,16.07,322.098,,Monthly,0.3607,0.054,15.0,8.2846,,,2.37,,404.572,True,True,True,False,False,False,,18.04,21.68,7.55,8.57,8.9,8.47,,,27.71,1864010,,,,,5.59,,6.46754,-5.8017,0.41000000000000003,0.53,0.67,2026-08-19T00:00:00,1993-09-23T00:00:00,9/23/1993,748742400,2026-07-24T00:00:00
323,EMF,-0.09970000000000001,3.92317,4.35769,0.24,61.36,4,Morningstar US CEF Emerging Market Equity,55,Franklin Templeton Investments,False,22.03,0.31,24.47,2026-08-19T00:00:00,880191101,Templeton Emerging Markets,2026-08-19,XEMFX,Equity-Emerging Market Equity,2.66,329.302,,Quarterly,0.05477,0.24,20.0,,,,1.34,,375.775,True,True,True,False,False,False,,28.25,30.01,12.18,13.05,30.73,27.3,,,62.32,403610,,,,,,,19.18321,-10.15788,0.12,0.23,0.26,2026-08-19T00:00:00,1987-02-26T00:00:00,2/26/1987,541296000,2026-06-23T00:00:00
324,CEE,-0.0953,1.68378,1.8610600000000002,0.3871,46.04,4,Morningstar US CEF Emerging Market Equity,40,DWS,False,20.8,0.02,22.99,2026-08-19T00:00:00,153436100,The Central and Eastern Europe Fund,2026-08-19,XCEEX,Equity-Emerging Market Equity,4.74,135.62,,Annually,0.05509,0.3871,19.0,,,,1.26,,157.363,True,True,False,False,False,False,,39.03,33.55,-4.08,-2.5300000000000002,28.47,15.88,,,37.21,271700,,,,,,,18.50772,-1.14029,-3.03,-2.23,-2.94,2026-08-19T00:00:00,1990-03-06T00:00:00,3/6/1990,636681600,2025-12-30T00:00:00
325,TBLD,-0.0541,5.28782,5.59052,0.10417,21.59,25,Morningstar US CEF Global Allocation,105,Thornburg Investment Management Inc,False,22.36,0.34,23.64,2026-08-19T00:00:00,885213108,Thornburg Income Builder Opp Trust,2026-08-19,XTBLX,Hybrid-Global Allocation,0.07,717.351,,Monthly,0.26058,0.10417,20.0,5.557,,,1.62,,758.933,True,True,True,False,False,True,,16.37,20.18,10.23,9.39,12.09,12.17,,,19.33,604060,,,89.9154,,,,21.08327,-5.61676,0.16,0.11,0.1,2026-08-19T00:00:00,2021-07-27T00:00:00,7/27/2021,1627344000,2026-08-13T00:00:00
326,TYG,-0.033,12.35906,12.78027,0.475,6.26,6,Morningstar US CEF MLP,106,"Tortoise Capital Advisors, LLC",False,44.6,0.1,46.12,2026-08-19T00:00:00,89147L886,Tortoise Energy Infrastructure Corp.,2026-08-19,XTYGX,Equity-MLP,26.92,942.38,,Monthly,-0.21128,0.475,25.0,,,,3.13,,1333.499,True,True,True,False,False,False,,17.03,24.32,14.83,21.17,9.8,12.58,,,11.47,1258060,,,,,0.25,,44.56188,-4.9892900000000004,0.52,1.72,0.2,2026-08-19T00:00:00,2004-02-27T00:00:00,2/27/2004,1077840000,2026-07-24T00:00:00
327,SWZ,-0.1986,7.88162,9.83541,3.0,5.14,9,Morningstar US CEF Single Country Equity,22,Bulldog Investors LLP,False,5.93,0.01,7.4,2026-08-19T00:00:00,870875101,Total Return Securities Fund,2026-08-19,XSWZX,Equity-Single-Country Equity,0.0,76.935,,Quarterly,0.01728,3.0,8.0,5.1558,,19.63,2.21,,96.007,True,False,False,False,False,False,,1.6600000000000001,0.8,1.03,0.73,6.5,-5.14,,,-4.22,701340,,,,,,9.02,6.0278,-16.09413,-1.29,-0.42,-1.09,2026-08-19T00:00:00,1987-08-27T00:00:00,8/27/1987,557020800,2025-03-18T00:00:00
328,TY,-0.1001,2.87718,3.19731,0.2852,17.54,26,Morningstar US CEF US Allocation,31,"Columbia Mgmt Investment Advisers, LLC",False,35.68,0.45,39.65,2026-08-19T00:00:00,895436103,Tri-Continental,2026-08-19,XTYCX,Hybrid-U.S. Allocation,1.75,1909.436,,Quarterly,0.5488000000000001,0.2852,10.0,6.057,,,0.46,,2151.407,True,True,True,False,False,False,,15.17,17.54,9.49,11.0,9.24,10.29,,,19.03,359400,,,,,4.48,,33.84326,-10.23032,0.27,-0.59,0.15,2026-08-19T00:00:00,1929-01-14T00:00:00,1/14/1929,-1292716800,2026-06-16T00:00:00
329,AIO,-0.0669,7.6841,8.23485,0.18,31.06,8,Morningstar US CEF Sector Equity,108,"Virtus Investment Advisers, LLC",False,26.23,-0.24,28.11,2026-08-19T00:00:00,92838Y100,Virtus AI & Tech Opp Fund,2026-08-19,XAIOX,Equity-Sector Equity,11.84,903.336,,Monthly,0.025490000000000002,0.18,20.0,4.6834,,,2.32,,1098.081,True,True,True,False,False,False,,22.72,22.7,10.79,11.68,21.04,21.33,,,15.68,839480,,,,,,,24.18004,-8.02747,0.4,2.47,2.83,2026-08-19T00:00:00,2019-10-31T00:00:00,10/31/2019,1572480000,2026-08-13T00:00:00
330,NCV,-0.0759,8.9769,9.71429,0.13599999999999998,28.56,11,Morningstar US CEF Convertibles,108,"Virtus Investment Advisers, LLC",False,16.8,0.01,18.18,2026-08-19T00:00:00,92838X805,Virtus Convertible & Income Fund,2026-08-19,XNCVX,Fixed Income - Taxable-Convertibles,33.78,379.569,0.012,Monthly,0.12557000000000001,0.13599999999999998,15.0,4.2431,,,2.8200000000000003,,620.307,True,True,True,False,False,False,,16.58,18.33,4.16,4.45,14.72,17.13,,,29.43,882300,,,112.1538,,6.02,,15.99939,-9.97325,1.9300000000000002,1.75,1.79,2026-08-19T00:00:00,2003-03-31T00:00:00,3/31/2003,1049068800,2026-08-13T00:00:00
331,NCZ,-0.0599,8.70617,9.26045,0.12,30.21,11,Morningstar US CEF Convertibles,108,"Virtus Investment Advisers, LLC",False,15.55,-0.05,16.54,2026-08-19T00:00:00,92838U801,Virtus Convertible & Income Fund II,2026-08-19,XNCZX,Fixed Income - Taxable-Convertibles,34.47,295.9,0.0,Monthly,0.10316,0.12,15.0,4.1644,,,2.22,,480.261,True,True,True,False,False,False,,17.23,19.64,4.31,5.23,15.73,18.67,,,29.88,653220,,,111.4938,,6.05,,14.52992,-9.59862,2.52,2.13,2.5700000000000003,2026-08-19T00:00:00,2003-07-31T00:00:00,7/31/2003,1059609600,2026-08-13T00:00:00
332,ACV,-0.0173,7.93534,8.074770000000001,0.18,27.07,26,Morningstar US CEF US Allocation,108,"Virtus Investment Advisers, LLC",False,26.75,-0.2,27.22,2026-08-19T00:00:00,92840N100,Virtus Diversified Inc & Conv Fund,2026-08-19,XACVX,Hybrid-U.S. Allocation,27.06,278.094,,Monthly,-0.00934,0.18,25.0,3.5932,,,3.63,,387.98,True,True,False,False,False,True,,18.67,20.58,7.73,8.85,13.66,6.66,,,30.38,296640,,,,,74.56,,26.18418,-0.50704,-0.34,0.4,-0.11,2026-08-19T00:00:00,2015-05-26T00:00:00,5/26/2015,1432598400,2026-08-13T00:00:00
333,NIE,-0.0993,7.91809,8.79121,0.58,18.55,26,Morningstar US CEF US Allocation,108,"Virtus Investment Advisers, LLC",False,26.39,-0.19,29.3,2026-08-19T00:00:00,92841M101,Virtus Equity & Convertible Inc Fund,2026-08-19,XNIEX,Hybrid-U.S. Allocation,,731.24,0.0,Quarterly,0.03966,0.58,25.0,2.0791,,,1.07,,811.873,False,True,True,False,False,False,,15.76,16.3,8.25,9.54,9.76,8.61,,,19.19,585310,,,,,,,25.48999,-10.34901,0.41000000000000003,1.34,1.16,2026-08-19T00:00:00,2007-02-27T00:00:00,2/27/2007,1172534400,2026-06-15T00:00:00
334,VGI,-0.0616,12.32349,13.13269,0.08,6.99,17,Morningstar US CEF Multi-Sector,108,"Virtus Investment Advisers, LLC",True,7.31,0.03,7.79,2026-08-19T00:00:00,92829B101,Virtus Global Multi-Sector Income Fund,2026-08-19,XVGIX,Fixed Income - Taxable-Multi-Sector,30.79,82.699,,Monthly,0.22072,0.08,20.0,6.035,,7.5,3.98,,127.329,True,False,False,False,True,False,,7.97,10.72,1.47,1.51,1.31,-0.62,,,4.14,375180,,,97.9305,,,,7.67483,-5.68787,-0.35000000000000003,1.33,0.63,2026-08-19T00:00:00,2012-02-23T00:00:00,2/23/2012,1329955200,2026-08-13T00:00:00
335,EDF,0.0285,14.45783,14.05701,0.06,20.16,12,Morningstar US CEF Emerging Market Income,109,Virtus Investment Advisors (VIA),False,5.122,-0.06,4.98,2026-08-19T00:00:00,86164T107,Virtus Stone Harbor Emerging Markets Inc,2026-08-19,XEDFX,Fixed Income - Taxable-Emerging Market Income,21.24,164.796,,Monthly,0.22456,0.06,25.0,6.8639,,,3.13,,203.437,True,True,False,False,False,False,,21.64,19.05,8.43,5.35,9.12,13.65,,,18.5,1563420,,,,,,3.92,5.11208,2.8619700000000003,0.0,-1.38,-0.5,2026-08-19T00:00:00,2010-12-23T00:00:00,12/23/2010,1293062400,2026-08-13T00:00:00
336,ZTR,-0.0983,8.76494,9.72018,0.055,18.3,25,Morningstar US CEF Global Allocation,108,"Virtus Investment Advisers, LLC",False,6.79,0.03,7.53,2026-08-19T00:00:00,92835W107,Virtus Total Return Fund Inc,2026-08-19,XZTRX,Hybrid-Global Allocation,29.68,339.457,,Monthly,0.10525,0.055,15.0,5.8547,,6.15,3.67,,535.352,True,True,True,False,False,False,,13.66,14.25,6.67,5.15,12.26,14.03,,,20.49,1984800,,,98.4225,,,,6.60088,-10.81346,0.84,1.58,2.06,2026-08-19T00:00:00,2005-02-24T00:00:00,2/24/2005,1109203200,2026-08-13T00:00:00
337,IAE,-0.019,8.70536,8.87372,0.065,28.47,1,Morningstar US CEF Asia Equity,110,"Voya Investments, LLC",False,8.79,0.13,8.96,2026-08-19T00:00:00,92912J102,Voya Asia Pacific High Div Eq Inc Fd,2026-08-19,XIAEX,Equity-Asia Equity,,94.495,,Monthly,0.02682,0.065,25.0,,,,1.21,,96.323,False,True,True,False,False,False,,17.49,23.51,9.09,11.25,15.9,23.02,,,31.7,494290,,,,,,,7.8883600000000005,-5.86174,1.6800000000000002,0.64,1.26,2026-08-19T00:00:00,2007-03-27T00:00:00,3/27/2007,1174953600,2026-08-03T00:00:00
338,IHD,-0.0313,8.59375,8.87097,0.055,30.54,4,Morningstar US CEF Emerging Market Equity,110,"Voya Investments, LLC",False,7.44,-0.06,7.68,2026-08-19T00:00:00,92912P108,Voya Emerging Markets High Div Eq Fd,2026-08-19,XIHDX,Equity-Emerging Market Equity,,131.955,,Monthly,0.02083,0.055,20.0,,,,1.4100000000000001,,136.211,False,True,True,False,False,False,,17.71,23.52,9.01,11.34,16.5,22.26,,,37.08,770990,,,,,,,6.7933,-5.69098,1.13,-0.08,0.51,2026-08-19T00:00:00,2011-04-26T00:00:00,4/26/2011,1303776000,2026-08-03T00:00:00
339,IGA,-0.0592,9.15619,9.73282,0.08499999999999999,19.55,3,Morningstar US CEF Covered Call,110,"Voya Investments, LLC",False,10.48,0.06,11.14,2026-08-19T00:00:00,92912R104,Voya Global Advantage and Premium Opp Fd,2026-08-19,XIGAX,Equity-Covered-Call Funds,,160.778,,Monthly,0.07357,0.08499999999999999,20.0,,,,1.01,,170.903,False,True,True,False,False,False,,14.24,18.01,9.87,11.0,12.79,10.63,,,17.41,572450,,,,,,,9.81064,-6.436,0.42,2.9699999999999998,1.9,2026-08-19T00:00:00,2005-10-26T00:00:00,10/26/2005,1130284800,2026-08-03T00:00:00
340,IGD,0.0015,9.09091,9.07716,0.049999999999999996,19.29,3,Morningstar US CEF Covered Call,110,"Voya Investments, LLC",False,6.61,-0.03,6.6,2026-08-19T00:00:00,92912T100,Voya Global Equity Dividend&Prm Opp Fd,2026-08-19,XIGDX,Equity-Covered-Call Funds,,521.321,,Monthly,0.04503,0.049999999999999996,20.0,,,,0.9600000000000001,,520.532,False,True,True,False,False,False,,13.88,19.68,9.08,11.85,12.47,20.41,,,25.67,2518070,,,,,,,5.9682200000000005,-3.9155100000000003,1.72,0.79,1.13,2026-08-19T00:00:00,2005-03-28T00:00:00,3/28/2005,1111968000,2026-08-03T00:00:00
341,IDE,-0.0433,8.651769999999999,9.04295,0.09999999999999999,22.42,5,Morningstar US CEF Global Equity,110,"Voya Investments, LLC",True,13.27,0.06,13.87,2026-08-19T00:00:00,92912X101,Voya Infrastructure Industrials&Matls Fd,2026-08-19,XIDEX,Equity-Global Equity,,201.124,,Monthly,0.02906,0.09999999999999999,20.0,,,,1.23,,210.218,False,True,False,False,True,False,,15.14,19.92,9.99,9.78,11.23,11.32,,,21.02,445650,,,,,,,12.90926,-3.15281,-0.49,-1.15,-0.88,2026-08-19T00:00:00,2010-01-26T00:00:00,1/26/2010,1264464000,2026-08-03T00:00:00
342,WDI,-0.0668,12.66525,13.57197,0.1485,5.42,17,Morningstar US CEF Multi-Sector,54,"Franklin Templeton Fund Adviser, LLC",True,13.13,-0.01,14.07,2026-08-19T00:00:00,95790K109,Western Asset Diversified Inc Fund,2026-08-19,XWDIX,Fixed Income - Taxable-Multi-Sector,33.75,681.606,,Monthly,0.8094,0.1485,20.0,8.2493,0.0,10.01,4.25,,1102.477,True,False,False,True,True,True,,8.9,11.16,3.2800000000000002,2.66,1.55,1.3,,,-0.29,1970360,,0.0,96.2501,,,,13.96192,-4.26581,-1.18,-1.07,-1.11,2026-08-19T00:00:00,2021-06-24T00:00:00,6/24/2021,1624492800,2026-07-24T00:00:00
343,EMD,-0.0336,10.35422,10.71429,0.095,12.12,12,Morningstar US CEF Emerging Market Income,54,"Franklin Templeton Fund Adviser, LLC",True,10.64,0.02,11.01,2026-08-19T00:00:00,95766A101,Western Asset Emerging Markets Debt,2026-08-19,XEMDX,Fixed Income - Taxable-Emerging Market Income,27.17,618.508,,Monthly,0.42033,0.095,20.0,6.0408,0.0,11.38,3.13,,878.786,True,True,True,True,True,False,,12.43,17.13,3.63,4.83,2.84,4.86,,,15.36,1967470,,0.0,,,7.2,5.22,10.5795,-5.11511,1.09,1.12,0.98,2026-08-19T00:00:00,2003-12-01T00:00:00,12/1/2003,1070236800,2026-07-24T00:00:00
344,GDO,-0.0859,12.96723,14.18605,0.122,4.16,13,Morningstar US CEF Global Income,54,"Franklin Templeton Fund Adviser, LLC",False,10.32,0.04,11.29,2026-08-19T00:00:00,95790C107,Western Asset Global Corp Opp,2026-08-19,XGDOX,Fixed Income - Taxable-Global Income,33.2,77.6,,Monthly,0.40556000000000003,0.122,20.0,5.9541,0.0,8.65,4.47,,127.084,True,False,False,True,False,False,,6.12,5.22,-0.08,-1.35,-0.35000000000000003,-6.06,,,-0.51,314740,,0.0,,,,,11.27564,-4.88556,-1.9500000000000002,-1.71,-2.0,2026-08-19T00:00:00,2009-11-27T00:00:00,11/27/2009,1259280000,2026-07-24T00:00:00
345,EHI,-0.0978,13.04348,14.45783,0.06999999999999999,6.72,14,Morningstar US CEF High Yield,55,Franklin Templeton Investments,False,5.8100000000000005,-0.02,6.44,2026-08-19T00:00:00,95766B109,Western Asset Global High Income,2026-08-19,XEHIX,Fixed Income - Taxable-High Yield,31.72,176.042,,Monthly,0.29517,0.06999999999999999,15.0,7.3316,0.0,8.92,3.49,,285.788,True,False,False,True,False,False,,7.65,5.32,1.16,0.23,2.27,-2.46,,,0.46,1020580,,0.0,97.2695,,,,6.23914,-6.41466,-1.71,-2.16,-1.33,2026-08-19T00:00:00,2003-07-28T00:00:00,7/28/2003,1059350400,2026-07-24T00:00:00
346,HIX,-0.022099999999999998,14.41176,14.73684,0.048999999999999995,6.09,14,Morningstar US CEF High Yield,55,Franklin Templeton Investments,False,3.99,0.03,4.08,2026-08-19T00:00:00,95766J102,Western Asset High Income II,2026-08-19,XHGIX,Fixed Income - Taxable-High Yield,31.97,359.378,,Monthly,0.19291,0.048999999999999995,15.0,7.3648,0.0,8.56,3.76,,540.143,True,False,True,True,False,False,,8.61,6.16,1.65,0.28,1.71,1.57,,,5.58,3385680,,0.0,97.4179,,,,4.10912,-3.53654,0.88,2.26,1.82,2026-08-19T00:00:00,1998-05-28T00:00:00,5/28/1998,896313600,2026-07-24T00:00:00
347,HIO,-0.0825,10.97938,11.96629,0.0355,5.5,14,Morningstar US CEF High Yield,54,"Franklin Templeton Fund Adviser, LLC",False,3.56,0.01,3.88,2026-08-19T00:00:00,95766K109,Western Asset High Income Opportunity,2026-08-19,XHIOX,Fixed Income - Taxable-High Yield,,338.553,,Monthly,0.15621000000000002,0.0355,12.5,7.5788,0.0,6.32,0.93,,368.985,False,False,False,True,False,False,,6.91,8.51,2.2,2.18,1.99,1.83,,,-0.08,4070840,,0.0,97.8285,,,,3.72764,-6.46778,-1.17,-0.93,-1.07,2026-08-19T00:00:00,1993-11-16T00:00:00,11/16/1993,753408000,2026-07-24T00:00:00
348,HYI,-0.0821,9.95633,10.84681,0.095,4.18,14,Morningstar US CEF High Yield,54,"Franklin Templeton Fund Adviser, LLC",False,10.51,-0.01,11.45,2026-08-19T00:00:00,95768B107,Western Asset High Yield Opp Fund,2026-08-19,XHYIX,Fixed Income - Taxable-High Yield,,134.675,,Monthly,0.50391,0.095,20.0,7.6545000000000005,0.0,5.01,1.07,,146.72,False,False,False,True,False,True,,6.36,5.53,2.34,1.15,1.83,-0.98,,,-2.8,601150,,0.0,97.5157,,,,11.04494,-6.40302,-0.79,0.6,-0.25,2026-08-19T00:00:00,2010-10-27T00:00:00,10/27/2010,1288137600,2026-07-24T00:00:00
349,PAI,-0.07339999999999999,4.86862,5.25438,0.0525,2.7199999999999998,15,Morningstar US CEF Investment Grade,55,Franklin Templeton Investments,False,11.99,0.08,12.94,2026-08-19T00:00:00,95766T100,Western Asset Income,2026-08-19,XPAIX,Fixed Income - Taxable-Investment Grade,8.93,114.036,,Monthly,0.3276,0.0525,12.0,6.0952,0.0,10.82,0.77,,123.072,True,False,False,True,False,False,,5.24,5.31,-0.02,-0.88,-0.59,-2.64,,,-3.05,181010,,0.0,99.0566,,,,12.37753,-6.35111,-0.79,0.73,-0.1,2026-08-19T00:00:00,1972-12-21T00:00:00,12/21/1972,93744000,2026-07-24T00:00:00
350,WIW,-0.1076,7.98722,8.94988,0.0625,3.87,15,Morningstar US CEF Investment Grade,112,"Western Asset Management Company, LLC",True,8.38,0.03,9.39,2026-08-19T00:00:00,95766R104,Western Asset Infl-Linked Opps & Inc Fd,2026-08-19,XWIWX,Fixed Income - Taxable-Investment Grade,25.56,512.723,,Monthly,0.23593,0.0625,15.0,2.5509,0.0,8.25,2.59,,771.813,True,False,False,True,True,False,,3.89,6.36,-0.6900000000000001,0.04,1.12,1.25,,,2.75,2429070,,0.0,93.4475,,,4.02,8.62352,-10.38374,-0.48,0.6,0.36,2026-08-19T00:00:00,2004-02-27T00:00:00,2/27/2004,1077840000,2026-07-24T00:00:00
351,WIA,-0.10210000000000001,7.00337,7.8,0.052,3.58,15,Morningstar US CEF Investment Grade,112,"Western Asset Management Company, LLC",True,8.0,0.02,8.91,2026-08-19T00:00:00,95766Q106,Western Asset Inflation-Linked Income Fd,2026-08-19,XWIAX,Fixed Income - Taxable-Investment Grade,25.95,186.578,,Monthly,0.21076,0.052,15.0,2.4407,0.0,8.23,2.91,,280.611,True,False,False,True,True,False,,3.75,5.87,-1.19,-1.32,0.92,0.16,,,2.58,417190,,0.0,93.5321,,,4.02,8.22266,-9.66963,-0.91,-0.67,-0.29,2026-08-19T00:00:00,2003-09-30T00:00:00,9/30/2003,1064880000,2026-07-24T00:00:00
352,SBI,-0.0724,6.07961,6.55397,0.041999999999999996,5.86,21,Morningstar US CEF Municipal,54,"Franklin Templeton Fund Adviser, LLC",False,7.69,0.03,8.29,2026-08-19T00:00:00,958435109,Western Asset Intermediate Muni,2026-08-19,XSBIX,Fixed Income - Municipal-Municipal,29.94,108.293,,Monthly,0.13919,0.041999999999999996,10.0,4.7529,0.0,7.7,2.6,,166.625,True,False,True,True,False,False,,2.8200000000000003,5.8,-0.55,0.04,0.5,2.77,,,7.26,429540,11.06,0.0041400000000000005,101.4543,,7.84,5.8100000000000005,7.79191,-8.29946,1.3599999999999999,0.8300000000000001,1.1,2026-08-19T00:00:00,1992-03-02T00:00:00,3/2/1992,699494400,2026-07-24T00:00:00
353,IGI,-0.061900000000000004,4.97373,5.3018,0.071,2.75,15,Morningstar US CEF Investment Grade,54,"Franklin Templeton Fund Adviser, LLC",False,16.07,0.13,17.13,2026-08-19T00:00:00,95790A101,Western Asset Invstm Grd Opp Tr Inc,2026-08-19,XIGIX,Fixed Income - Taxable-Investment Grade,,96.318,,Monthly,0.43967,0.071,20.0,6.1913,0.0,10.87,0.93,,102.671,False,False,True,True,False,False,,4.48,3.42,-0.53,-2.02,-0.55,-2.06,,,-0.06,160980,,0.0,99.2391,,,,16.32768,-6.74596,0.72,2.11,2.2800000000000002,2026-08-19T00:00:00,2009-06-26T00:00:00,6/26/2009,1245974400,2026-07-24T00:00:00
354,MMU,-0.04650000000000001,6.08372,6.38049,0.0545,7.75,21,Morningstar US CEF Municipal,55,Franklin Templeton Investments,False,10.25,0.06,10.75,2026-08-19T00:00:00,95766M105,Western Asset Managed Municipals,2026-08-19,XMMUX,Fixed Income - Municipal-Municipal,33.55,559.843,,Monthly,0.14102,0.0545,15.0,4.8353,0.0,10.28,2.7,,883.587,True,False,True,True,False,False,,2.98,6.36,-1.02,-0.65,0.45,-0.3,,,7.64,1312330,10.27,0.00877,100.2234,,10.8,7.5,10.33529,-6.05939,1.58,1.79,1.52,2026-08-19T00:00:00,1992-06-26T00:00:00,6/26/1992,709516800,2026-07-24T00:00:00
355,DMO,-0.0632,12.8228,13.68821,0.12,6.42,14,Morningstar US CEF High Yield,54,"Franklin Templeton Fund Adviser, LLC",False,10.52,0.04,11.23,2026-08-19T00:00:00,95790B109,Western Asset Mortgage Opp Fund Inc.,2026-08-19,XDMOX,Fixed Income - Taxable-High Yield,48.98,120.213,,Monthly,0.54871,0.12,20.0,7.2195,0.0,10.17,7.87,,251.523,True,False,False,True,False,False,,10.19,10.86,4.96,4.04,2.9699999999999998,0.97,,,-0.41000000000000003,496960,,0.0,91.3569,,,,11.19939,-3.65207,-0.96,-0.46,-0.7000000000000001,2026-08-19T00:00:00,2010-02-26T00:00:00,2/26/2010,1267142400,2026-07-24T00:00:00
356,MHF,0.0103,6.0,5.93886,0.033999999999999996,6.08,21,Morningstar US CEF Municipal,54,"Franklin Templeton Fund Adviser, LLC",False,6.87,0.03,6.8,2026-08-19T00:00:00,95766N103,Western Asset Municipal High Income,2026-08-19,XMHFX,Fixed Income - Municipal-Municipal,1.77,152.678,,Monthly,0.11955,0.033999999999999996,10.0,4.8242,0.0,10.01,0.8400000000000001,,153.852,True,False,True,True,False,False,,3.36,7.13,0.6900000000000001,0.98,0.98,2.18,,,6.27,620510,14.87,0.0,100.1728,,7.17,7.3,6.96823,0.6015100000000001,0.23,0.28,0.67,2026-08-19T00:00:00,1988-11-28T00:00:00,11/28/1988,596678400,2026-07-24T00:00:00
357,WEA,-0.0599,7.5067,7.98479,0.06999999999999999,5.54,15,Morningstar US CEF Investment Grade,111,Western Asset Management Company Pte Ltd. â Singapore,False,10.52,0.02,11.19,2026-08-19T00:00:00,957664105,Western Asset Premier Bond,2026-08-19,XWEAX,Fixed Income - Taxable-Investment Grade,32.95,124.826,,Monthly,0.38834,0.06999999999999999,15.0,6.2486,0.0,9.57,3.55,,198.02,True,False,False,True,False,False,,7.01,5.8,1.33,0.53,0.68,-0.9,,,4.17,288250,,0.0,96.9254,,,,10.87232,-4.8467400000000005,-0.76,0.58,0.24,2026-08-19T00:00:00,2002-03-28T00:00:00,3/28/2002,1017273600,2026-07-24T00:00:00
358,MCN,-0.10619999999999999,11.41046,12.76596,0.06,9.06,3,Morningstar US CEF Covered Call,113,XA Investments LLC,False,5.64,0.02,6.31,2026-08-19T00:00:00,557437100,XAI Madison Equity Premium Income Fund,2026-08-19,XMCNX,Equity-Covered-Call Funds,0.01,119.098,,Monthly,0.041210000000000004,0.06,15.0,,,,1.1,,133.247,True,False,False,False,False,False,,5.36,1.96,6.55,3.5,2.98,0.97,,,2.99,649320,,,,,,,5.92603,-7.60672,-1.6600000000000001,-1.8,-1.99,2026-08-19T00:00:00,2004-07-28T00:00:00,7/28/2004,1090972800,2026-08-17T00:00:00
359,XFLT,-0.1536,11.78525,13.9247,0.22499999999999998,-14.91,19,Morningstar US CEF Senior Loans,113,XA Investments LLC,False,19.39,0.05,22.91,2026-08-19T00:00:00,98400T304,XAI Octagon FR & Alternative Inc Trust,2026-08-19,XFLTX,Fixed Income - Taxable-Senior Loans,40.51,295.327,,Monthly,1.13446,0.22499999999999998,10.0,4.617,,,7.5600000000000005,,586.556,True,False,True,False,False,False,,1.98,-4.03,2.17,-2.93,-8.58,-13.71,,,-20.44,1078110,,,,,,,21.11779,-17.25807,0.32,1.8900000000000001,1.96,2026-08-19T00:00:00,2017-09-27T00:00:00,9/27/2017,1506470400,2026-08-17T00:00:00
