,Ticker,Premium / Discount,DistributionRateNAV,DistributionRatePrice,DistributionAmtUSD,ReturnOnNAV,CategoryId,Category,SponsorId,SponsorName,IsManagedDistribution,Share Price,PriceChange,NAV,NAVPublished,Cusip,Fund Name,Date,NavTicker,Strategy,LeverageRatioPercentage,MarketCapUSDm,UNIIPerShare,DistributionFrequency,EarningsPerShare,CurrentDistribution,InceptionPrice,AverageCoupon,AMTPercentage,AverageWeightedMaturity,ExpenseRatio,BaselineExpense,TotalAssetsUSDm,IsLeveraged,IsPriceBelow52WkAvg,IsDiscountBelow52WkAvg,IsAMTPct,IsManaged,Term,AvgWtdDurationLevAdj,Yr3RetOnNav,Yr3RetOnPrice,Yr5RetOnNav,Yr5RetOnPrice,YTDRetOnNav,YTDRetOnPrice,SinceInceptionRetOnNav,SinceInceptionRetOnPrice,ReturnOnPrice,AvgDailyVolume,CallableYr1Pct,PrerefundedPercentage,AvgBondPrice,AvgWtdDurationNonLevAdj,EffDurationLevAdj,EffDurationNonLevAdj,Price52WkAvg,Discount52WkAvg,ZScore1Yr,ZScore3M,ZScore6M,ZScoreDate,InceptionDate,InceptionDateString,InceptionDateUnixTimestamp,DistributionDate
0,MGF,-0.0369,8.05369,8.36237,0.02,0.91,15,Morningstar US CEF Investment Grade,2,abrdn Inc.,True,2.87,-0.01,2.98,2026-08-31T00:00:00,552939100,Aberdeen Government Markets Income,2026-08-31,XMGFX,Fixed Income - Taxable-Investment Grade,,93.534,,Monthly,0.04709,0.02,10.0,3.9638,0.0,6.55,0.8,,97.119,False,False,True,True,True,False,,3.37,3.99,-0.73,-0.9500000000000001,-0.88,-0.01,,,0.37,711270,,0.0,91.4686,,,5.93,2.9689300000000003,-4.85948,0.85,2.5700000000000003,2.5,2026-08-31T00:00:00,1987-05-28T00:00:00,5/28/1987,549158400,2026-08-24T00:00:00
1,IFN,-0.08929999999999999,11.6996,12.84722,0.37,-6.55,1,Morningstar US CEF Asia Equity,1,abrdn Asia Limited,True,11.52,0.05,12.65,2026-08-31T00:00:00,454089103,"Aberdeen India Fund, Inc",2026-08-31,XIFNX,Equity-Asia Equity,0.28,491.35,,Quarterly,-0.05353,0.37,15.0,,,,1.36,,539.547,True,False,False,False,True,False,,4.79,1.1400000000000001,0.03,0.76,-6.53,-7.32,,,-10.28,2060350,,,,,,,13.01077,-6.24488,-1.22,-0.15,-0.85,2026-08-31T00:00:00,1994-02-23T00:00:00,2/23/1994,761961600,2026-08-24T00:00:00
2,MIN,-0.0508,9.375,9.87654,0.02,1.52,13,Morningstar US CEF Global Income,2,abrdn Inc.,True,2.43,-0.02,2.56,2026-08-31T00:00:00,55273C107,Aberdeen Intermediate Income,2026-08-31,XMINX,Fixed Income - Taxable-Global Income,,276.53,,Monthly,0.04255,0.02,10.0,4.2949,0.0,3.24,0.73,,291.323,False,False,False,True,True,False,,4.51,4.98,1.06,0.73,0.14,-0.96,,,-1.06,2323270,,0.0,97.167,,,3.34,2.54896,-4.74889,-0.2,1.01,1.22,2026-08-31T00:00:00,1988-03-17T00:00:00,3/17/1988,574560000,2026-08-24T00:00:00
3,MMT,-0.060700000000000004,10.04184,10.69042,0.04,2.92,13,Morningstar US CEF Global Income,72,MFS,True,4.49,0.05,4.78,2026-08-31T00:00:00,552737108,Aberdeen Multi-Market Income,2026-08-31,XMMTX,Fixed Income - Taxable-Global Income,26.99,520.811,,Monthly,0.1389,0.04,10.0,6.0294,,,2.86,,759.449,True,False,True,False,True,False,,7.57,9.29,2.79,1.16,0.41000000000000003,2.73,,,3.26,1369000,,,95.7664,,6.68,5.35,4.60558,-7.56041,1.4100000000000001,2.66,2.12,2026-08-31T00:00:00,1987-03-12T00:00:00,3/12/1987,542505600,2026-08-24T00:00:00
4,MFM,-0.0755,6.1749600000000004,6.67904,0.03,7.85,21,Morningstar US CEF Municipal,2,abrdn Inc.,False,5.39,0.02,5.83,2026-08-31T00:00:00,552738106,Aberdeen Municipal Income,2026-08-31,XMFMX,Fixed Income - Municipal-Municipal,37.75,535.927,,Monthly,0.13078,0.03,10.0,5.1801,,,2.83,,931.176,True,False,True,False,False,False,,4.97,8.2,-0.9,-1.09,1.16,3.17,,,9.88,1472950,22.29,,95.5991,,12.81,8.98,5.41789,-9.34364,1.71,1.02,1.37,2026-08-31T00:00:00,1986-11-25T00:00:00,11/25/1986,533260800,2026-08-24T00:00:00
5,FAX,-0.028399999999999998,13.08658,13.46939,0.16499999999999998,2.55,13,Morningstar US CEF Global Income,1,abrdn Asia Limited,True,14.7,0.02,15.13,2026-08-31T00:00:00,003009867,abrdn Asia-Pacific Income Fund Inc,2026-08-31,XFAPX,Fixed Income - Taxable-Global Income,39.58,641.968,,Monthly,0.50096,0.16499999999999998,10.0,6.3451,,,4.22,,1093.547,True,False,True,False,True,False,,5.85,10.95,-1.3,0.9400000000000001,0.3,4.65,,,2.34,1776500,,,,,7.68,4.68,15.19784,-5.29718,1.4,1.46,1.78,2026-08-31T00:00:00,1986-04-24T00:00:00,4/24/1986,514684800,2026-08-24T00:00:00
6,IAF,-0.0877,9.58904,10.51051,0.35,6.03,9,Morningstar US CEF Single Country Equity,1,abrdn Asia Limited,True,13.32,-0.15,14.6,2026-08-31T00:00:00,003011111,abrdn Australia Equity Fund Inc,2026-08-31,XIAFX,Equity-Single-Country Equity,7.16,127.637,,Quarterly,0.10818,0.35,10.125,,,,1.9900000000000002,,150.687,True,True,True,False,True,False,,12.29,14.26,5.23,4.51,9.95,11.63,,,7.01,219140,,,,,,,13.07807,-10.02016,0.86,2.52,2.19,2026-08-31T00:00:00,1985-12-12T00:00:00,12/12/1985,503193600,2026-08-24T00:00:00
7,AEF,-0.0683,8.97561,9.63351,0.22999999999999998,67.28,4,Morningstar US CEF Emerging Market Equity,3,abrdn Investments Limited,True,9.55,0.06,10.25,2026-08-31T00:00:00,00301W105,abrdn Emerging Markets ex-China Fund,2026-08-31,XAEFX,Equity-Emerging Market Equity,6.09,387.744,,Quarterly,0.00111,0.22999999999999998,15.0,,,,1.8599999999999999,,443.165,True,True,True,False,True,False,,29.65,34.6,8.77,10.88,40.8,43.76,,,73.48,1452630,,,,,,,7.97195,-9.38362,1.79,2.25,1.51,2026-08-31T00:00:00,1989-09-25T00:00:00,9/25/1989,622684800,2026-06-23T00:00:00
8,AGD,0.0322,11.891,11.52,0.12,21.53,5,Morningstar US CEF Global Equity,3,abrdn Investments Limited,True,12.5,-0.1,12.11,2026-08-31T00:00:00,00302M106,abrdn Global Dynamic Dividend,2026-08-31,XAGDX,Equity-Global Equity,0.6900000000000001,327.179,,Monthly,0.29668,0.12,20.0,,,,1.29,,319.164,True,True,True,False,True,False,,15.6,23.74,7.67,10.42,12.78,16.12,,,17.32,1200630,,,,,,,12.11253,1.9271,0.3,2.2800000000000002,1.54,2026-08-31T00:00:00,2006-07-26T00:00:00,7/26/2006,1153872000,2026-08-24T00:00:00
9,ASGI,0.0326,12.13235,11.749,0.22,17.64,13,Morningstar US CEF Global Income,2,abrdn Inc.,True,22.47,-1.34,21.76,2026-08-31T00:00:00,00326W106,abrdn Global Infrastructure Income Fund,2026-08-31,XAGIX,Fixed Income - Taxable-Global Income,0.99,710.7,,Monthly,0.08556,0.22,20.0,,,,2.16,,695.153,True,False,False,False,True,False,,14.21,22.61,8.09,12.34,10.5,8.88,,,23.02,1790220,,,,,,,22.71954,3.32532,-0.02,-0.64,-0.43,2026-08-31T00:00:00,2020-07-28T00:00:00,7/28/2020,1595894400,2026-08-24T00:00:00
10,AWP,0.022099999999999998,12.75465,12.47834,0.12,9.75,7,Morningstar US CEF Real Estate,2,abrdn Inc.,True,11.54,-0.02,11.29,2026-08-31T00:00:00,00302L207,abrdn Global Premier Properties,2026-08-31,XAWPX,Equity-Real Estate,10.97,356.074,,Monthly,0.10017000000000001,0.12,20.0,,,,2.27,,391.304,True,False,True,False,True,False,,12.66,15.05,0.19,1.8399999999999999,8.64,8.74,,,8.83,1250500,,,,,,,11.80541,1.21259,0.89,1.97,1.8,2026-08-31T00:00:00,2007-04-26T00:00:00,4/26/2007,1177545600,2026-08-24T00:00:00
11,HQH,-0.034,11.22449,11.619720000000001,0.6599999999999999,49.61,8,Morningstar US CEF Sector Equity,2,abrdn Inc.,True,22.72,0.05,23.52,2026-08-31T00:00:00,87911J103,abrdn Healthcare Investors,2026-08-31,XHQHX,Equity-Sector Equity,1.1,1317.436,,Quarterly,-0.06102,0.6599999999999999,10.0,,,,1.11,,1363.825,True,True,True,False,True,False,,18.97,25.74,7.8100000000000005,8.03,23.83,31.24,,,54.91,1821420,,,,,,,19.52207,-7.30658,1.7000000000000002,1.2,1.4100000000000001,2026-08-31T00:00:00,1987-04-23T00:00:00,4/23/1987,546134400,2026-08-24T00:00:00
12,THQ,-0.0228,10.70897,10.9589,0.18,28.01,8,Morningstar US CEF Sector Equity,2,abrdn Inc.,True,19.71,0.09,20.17,2026-08-31T00:00:00,879105104,abrdn Healthcare Opportunities Fund,2026-08-31,XTHQX,Equity-Sector Equity,21.2,817.139,,Monthly,-0.03549,0.18,20.0,4.3206,,,3.02,,1061.21,True,True,False,False,True,False,,9.18,13.61,4.48,4.77,14.06,11.54,,,30.55,1693470,,,,,7.72,,18.47224,-1.14078,-0.35000000000000003,0.23,-0.33,2026-08-31T00:00:00,2014-07-28T00:00:00,7/28/2014,1406505600,2026-08-24T00:00:00
13,ACP,-0.0506,17.41573,18.3432,0.0775,3.06,19,Morningstar US CEF Senior Loans,3,abrdn Investments Limited,True,5.07,-0.05,5.34,2026-08-31T00:00:00,003057106,abrdn Income Credit Strategies Fund,2026-08-31,XACPX,Fixed Income - Taxable-Senior Loans,32.32,636.136,,Monthly,0.22534,0.0775,20.0,8.0708,,,3.94,,990.013,True,False,True,False,True,False,,8.42,6.69,1.6600000000000001,0.21,3.39,5.31,,,1.43,5392680,,,96.1318,,4.75,3.32,5.41866,-5.26821,0.16,0.36,0.41000000000000003,2026-08-31T00:00:00,2011-01-27T00:00:00,1/27/2011,1296086400,2026-08-24T00:00:00
14,HQL,-0.05,11.26249,11.85468,0.62,63.49,8,Morningstar US CEF Sector Equity,2,abrdn Inc.,True,20.92,-0.04,22.02,2026-08-31T00:00:00,87911K100,abrdn Life Sciences Investors,2026-08-31,XHQLX,Equity-Sector Equity,0.01,645.238,,Quarterly,-0.09057,0.62,15.0,,,,1.24,,679.232,True,True,True,False,True,False,,25.61,32.79,10.32,10.84,29.42,36.85,,,69.51,1385270,,,,,,,17.40234,-9.69964,3.36,2.18,2.86,2026-08-31T00:00:00,1992-05-08T00:00:00,5/8/1992,705283200,2026-08-24T00:00:00
15,AOD,0.0275,11.3852,11.08033,0.09999999999999999,22.33,5,Morningstar US CEF Global Equity,3,abrdn Investments Limited,True,10.83,0.05,10.54,2026-08-31T00:00:00,00326L100,abrdn Total Dynamic Dividend,2026-08-31,XAODX,Equity-Global Equity,2.79,1141.986,,Monthly,0.22991,0.09999999999999999,20.0,,,,1.21,,1143.325,True,True,True,False,True,False,,15.99,24.0,8.35,11.58,13.34,20.46,,,34.14,4691750,,,,,,,9.97437,-3.27724,2.84,2.47,2.42,2026-08-31T00:00:00,2007-01-26T00:00:00,1/26/2007,1169769600,2026-08-24T00:00:00
16,THW,-0.0028000000000000004,9.93191,9.96017,0.1167,32.91,8,Morningstar US CEF Sector Equity,2,abrdn Inc.,True,14.06,0.11,14.1,2026-08-31T00:00:00,87911L108,abrdn World Healthcare Fund,2026-08-31,XTHWX,Equity-Sector Equity,17.41,567.747,,Monthly,-0.03887,0.1167,20.0,3.7686,,,1.46,,689.363,True,True,True,False,True,False,,17.08,14.66,8.87,7.6,16.6,18.52,,,33.53,1327580,,,,,7.37,,12.71393,-1.91228,0.8300000000000001,1.22,0.43,2026-08-31T00:00:00,2015-06-26T00:00:00,6/26/2015,1435276800,2026-08-24T00:00:00
17,ADX,-0.0189,7.57863,7.72499,0.5,19.55,10,Morningstar US CEF US Equity,4,Adams Diversified Equity Fund Inc,False,25.89,-0.07,26.39,2026-08-31T00:00:00,006212104,Adams Diversified Equity Fund,2026-08-31,XADEX,Equity-U.S. Equity,0.0,3234.363,,Quarterly,0.09492,0.5,10.0,,,,0.49000000000000005,,3296.827,True,True,True,False,False,False,,20.46,26.93,12.26,16.51,13.06,17.77,,,29.17,2705620,,,,,,,23.74716,-5.20651,1.34,0.34,0.99,2026-08-31T00:00:00,1929-10-01T00:00:00,10/1/1929,-1270252800,2026-07-27T00:00:00
18,PEO,-0.0913,6.82033,7.50521,0.5399999999999999,39.31,8,Morningstar US CEF Sector Equity,5,Adams Natural Resources Fund Inc,False,28.78,0.47000000000000003,31.67,2026-08-31T00:00:00,00548F105,Adams Natural Resources Fund,2026-08-31,XPEOX,Equity-Sector Equity,0.7000000000000001,806.843,,Quarterly,0.29271,0.5399999999999999,15.0,,,,0.62,,887.863,True,True,True,False,False,False,,14.92,18.28,21.3,23.68,38.86,40.56,,,41.46,722610,,,,,,,24.45579,-10.31727,1.28,1.11,1.3,2026-08-31T00:00:00,1929-01-30T00:00:00,1/30/1929,-1291334400,2026-07-27T00:00:00
19,AVK,-0.07730000000000001,10.35641,11.22426,0.1172,17.0,11,Morningstar US CEF Convertibles,6,"Advent Capital Management, LLC",False,12.53,-0.11,13.58,2026-08-31T00:00:00,00764C109,Advent Convertible & Income Fund,2026-08-31,XAVKX,Fixed Income - Taxable-Convertibles,36.86,553.184,,Monthly,0.22874,0.1172,25.0,5.5855,,,4.53,,949.564,True,False,False,False,False,False,,16.39,16.83,4.93,4.82,12.1,7.61,,,12.49,1482220,,,108.8431,,,,12.57732,-5.98955,-0.74,0.64,0.21,2026-08-31T00:00:00,2003-04-29T00:00:00,4/29/2003,1051574400,2026-08-14T00:00:00
20,AWF,-0.1036,6.96191,7.7668,0.0655,5.19,14,Morningstar US CEF High Yield,7,AllianceBernstein L.P.,False,10.12,-0.04,11.29,2026-08-31T00:00:00,01879R106,AllianceBernstein Global High Income,2026-08-31,XAWFX,Fixed Income - Taxable-High Yield,0.8,872.644,,Monthly,0.35164,0.0655,15.0,6.7305,,4.36,1.02,,981.417,True,False,False,False,False,False,,9.25,8.47,4.37,3.71,3.0,-0.85,,,-3.33,3021110,,,96.9782,,,,10.52345,-7.50288,-1.07,-0.9500000000000001,-0.8,2026-08-31T00:00:00,1993-07-28T00:00:00,7/28/1993,743817600,2026-08-06T00:00:00
21,AFB,-0.061200000000000004,5.18656,5.5244,0.050179999999999995,7.87,21,Morningstar US CEF Municipal,7,AllianceBernstein L.P.,False,10.9,0.0,11.61,2026-08-31T00:00:00,01864U106,AllianceBernstein National Mun Inc,2026-08-31,XAFBX,Fixed Income - Municipal-Municipal,48.96,313.32,,Monthly,0.31343,0.050179999999999995,15.0,5.1411,,,3.66,,653.83,True,False,True,False,False,False,,2.7800000000000002,6.21,-1.98,-2.15,-0.64,4.48,,,10.89,967850,,,98.4247,,22.53,11.69,10.94636,-8.85755,1.9100000000000001,1.51,1.31,2026-08-31T00:00:00,2002-01-28T00:00:00,1/28/2002,1012176000,2026-08-06T00:00:00
22,NFJ,-0.0564,7.39394,7.83558,0.305,24.49,3,Morningstar US CEF Covered Call,108,"Virtus Investment Advisers, LLC",True,15.57,0.0,16.5,2026-08-31T00:00:00,92840R101,AllianzGI Div Interest & Prem Common,2026-08-31,XNFJX,Equity-Covered-Call Funds,,1447.5,0.0,Quarterly,0.06142,0.305,25.0,2.0796,,,0.9600000000000001,,1533.96,False,True,True,False,True,False,,13.45,18.0,6.84,8.79,19.62,26.24,,,30.37,1879590,,,,,,,13.75471,-9.00253,2.04,2.33,1.8599999999999999,2026-08-31T00:00:00,2005-02-28T00:00:00,2/28/2005,1109548800,2026-06-15T00:00:00
23,EOD,-0.0828,7.84055,8.54797,0.14211,26.3,5,Morningstar US CEF Global Equity,8,Allspring Global Investments,False,6.65,-0.03,7.25,2026-08-31T00:00:00,94987C103,Allspring Global Dividend Opp Fd,2026-08-31,XEODX,Equity-Global Equity,13.2,286.388,,Quarterly,0.1298,0.14211,20.0,7.1385,,,2.45,,359.728,True,True,True,False,False,False,,24.01,25.39,12.97,12.62,16.28,19.26,,,27.06,1217280,,,,,,,6.11596,-8.3959,0.08,-1.12,-1.16,2026-08-31T00:00:00,2007-03-28T00:00:00,3/28/2007,1175040000,2026-06-11T00:00:00
24,EAD,-0.1011,8.9764,9.98625,0.053259999999999995,4.95,14,Morningstar US CEF High Yield,8,Allspring Global Investments,False,6.4,0.01,7.12,2026-08-31T00:00:00,94987B105,Allspring Income Opps,2026-08-31,XEADX,Fixed Income - Taxable-High Yield,29.85,378.191,,Monthly,0.25923,0.053259999999999995,15.0,7.1676,,,2.95,,599.737,True,False,False,False,False,False,,8.8,10.25,3.5300000000000002,2.37,2.92,0.71,,,-0.9400000000000001,1889380,,,100.1192,,4.34,3.23,6.68876,-7.90486,-1.22,0.27,-0.64,2026-08-31T00:00:00,2003-02-28T00:00:00,2/28/2003,1046390400,2026-08-13T00:00:00
25,ERC,-0.0509,8.87854,9.35434,0.07273,6.74,16,Morningstar US CEF Limited Duration,8,Allspring Global Investments,False,9.33,0.06,9.83,2026-08-31T00:00:00,94987D101,Allspring Multi-Sec Inc,2026-08-31,XERCX,Fixed Income - Taxable-Limited Duration,30.14,261.742,,Monthly,0.35301,0.07273,20.0,6.936,0.0,4.35,3.22,,394.769,True,True,True,True,False,False,,8.57,8.75,3.42,2.36,3.92,6.86,,,7.5,760240,,0.0,98.4198,,,,9.27328,-6.7479700000000005,1.54,1.8399999999999999,2.37,2026-08-31T00:00:00,2003-06-25T00:00:00,6/25/2003,1056499200,2026-08-13T00:00:00
26,ERH,-0.0716,8.67556,9.34468,0.08784,1.9500000000000002,26,Morningstar US CEF US Allocation,8,Allspring Global Investments,False,11.28,-0.06,12.15,2026-08-31T00:00:00,94987E109,Allspring Util & High In,2026-08-31,XERHX,Hybrid-U.S. Allocation,21.85,99.627,,Monthly,0.1865,0.08784,20.0,7.1946,,,2.43,,137.311,True,False,True,False,False,False,,12.59,14.31,5.67,2.65,-0.34,1.02,,,2.05,234060,,,100.2393,,3.8,3.21,12.13109,-7.61076,0.34,0.17,0.51,2026-08-31T00:00:00,2004-04-30T00:00:00,4/30/2004,1083283200,2026-08-13T00:00:00
27,FINS,-0.05,10.29083,10.83203,0.11499999999999999,6.88,26,Morningstar US CEF US Allocation,10,"Angel Oak Capital Advisors, LLC",False,12.74,0.04,13.41,2026-08-31T00:00:00,03464A100,Angel Oak Financial Strats Income Term,2026-08-31,XFINX,Hybrid-U.S. Allocation,21.87,425.731,,Monthly,0.38984,0.11499999999999999,20.0,6.7377,,,2.92,,573.539,True,False,True,False,False,True,,10.08,13.55,3.1,2.76,3.11,3.58,,,6.31,464220,,,99.9624,,3.34,2.85,12.94328,-5.98145,1.08,2.1,1.9500000000000002,2026-08-31T00:00:00,2019-05-29T00:00:00,5/29/2019,1559088000,2026-08-17T00:00:00
28,ARDC,-0.0753,10.06711,10.8871,0.11249999999999999,1.28,19,Morningstar US CEF Senior Loans,11,Ares Capital Management II LLC,False,12.4,0.03,13.41,2026-08-31T00:00:00,04014F102,Ares Dynamic Credit Allocation Fund,2026-08-31,XADCX,Fixed Income - Taxable-Senior Loans,40.95,297.178,,Monthly,0.59626,0.11249999999999999,20.0,7.4979,,,5.26,,544.218,True,False,False,False,False,False,,8.16,9.54,4.87,4.46,-0.11,0.1,,,-6.46,1157040,,,,,40.42,,13.06713,-6.25411,-0.53,-0.59,0.02,2026-08-31T00:00:00,2012-11-27T00:00:00,11/27/2012,1353974400,2026-08-21T00:00:00
29,BANX,0.0019,8.63309,8.61656,0.15,3.61,8,Morningstar US CEF Sector Equity,12,"ArrowMark Asset Management, LLC",False,20.89,0.62,21.0,2026-07-31T00:00:00,861780104,ArrowMark Financial Corp,2026-08-31,XBANX,Equity-Sector Equity,13.4,163.158,,Monthly,1.12924,0.15,25.0,11.1103,,,6.43,,188.046,True,True,True,False,False,True,,9.66,20.94,8.82,9.69,0.9400000000000001,2.1,,,15.0,332340,,,107.3588,,,,20.57163,-4.81886,1.69,2.03,2.54,2026-08-31T00:00:00,2013-11-07T00:00:00,11/7/2013,1383782400,2026-08-24T00:00:00
30,ASA,-0.16260000000000002,0.105,0.12539,0.04,81.82,8,Morningstar US CEF Sector Equity,13,ASA,False,63.8,0.29,76.19,2026-08-31T00:00:00,G3156P103,ASA Gold and Precious Metals Limited,2026-08-31,XASAX,Equity-Sector Equity,,1230.696,,Semi-Annually,0.02585,0.04,28.0,9.086,,,1.88,,1469.698,False,True,False,False,False,False,,63.29,62.74,26.1,25.07,14.31,6.99,,,69.75,0,,,,,,,57.76925,-12.72168,,,,,1958-09-23T00:00:00,9/23/1958,-355795200,2026-05-01T00:00:00
31,BCV,-0.1217,5.9398800000000005,6.7628900000000005,0.41,23.54,11,Morningstar US CEF Convertibles,60,Gabelli Funds LLC,False,24.25,-0.59,27.61,2026-08-31T00:00:00,059695106,Bancroft Fund,2026-08-31,XBCVX,Fixed Income - Taxable-Convertibles,15.02,136.467,,Quarterly,0.01134,0.41,25.0,2.4446,,,1.31,,182.841,True,True,False,False,False,False,,19.11,21.08,4.22,3.67,16.09,12.97,,,22.32,187690,,,,,21.12,,23.47955,-11.74755,-0.37,-0.07,-0.08,2026-08-31T00:00:00,1971-10-04T00:00:00,10/4/1971,55382400,2026-06-15T00:00:00
32,MCI,0.17370000000000002,9.48429,8.08081,0.39999999999999997,11.17,14,Morningstar US CEF High Yield,14,Barings LLC,False,19.8,2.18,17.27,2026-06-30T00:00:00,06759X107,Barings Corporate Investors,2026-08-31,XMCIX,Fixed Income - Taxable-High Yield,21.16,407.623,,Quarterly,0.67335,0.39999999999999997,25.0,7.782,,,1.65,,440.541,True,True,True,False,False,False,,10.72,19.96,10.11,14.64,6.4,14.02,,,-1.1400000000000001,346110,,,92.3472,,,,19.11411,14.62384,0.25,2.75,1.69,2026-08-31T00:00:00,1971-09-01T00:00:00,9/1/1971,52531200,2026-08-28T00:00:00
33,BGH,-0.0475,9.81672,10.30618,0.12229999999999999,5.21,14,Morningstar US CEF High Yield,14,Barings LLC,False,14.24,0.08,14.95,2026-08-31T00:00:00,06760L100,Barings Global Short Duration High Yield,2026-08-31,XBGHX,Fixed Income - Taxable-High Yield,31.41,285.974,,Monthly,0.68354,0.12229999999999999,25.0,8.9029,,,3.93,,437.732,True,False,False,False,False,False,,11.08,13.93,6.11,6.65,4.79,1.63,,,-3.79,819630,,,99.958,,,,14.6701,-3.10466,-0.5,0.9400000000000001,0.8,2026-08-31T00:00:00,2012-10-25T00:00:00,10/25/2012,1351123200,2026-08-20T00:00:00
34,MPV,0.1017,9.58549,8.70076,0.37,,14,Morningstar US CEF High Yield,14,Barings LLC,False,17.01,0.01,15.81,2026-06-30T00:00:00,06761A103,Barings Participation Invs,2026-08-31,XMPVX,Fixed Income - Taxable-High Yield,21.98,183.576,,Quarterly,0.57714,0.37,10.0,7.7819,,,1.55,,213.567,True,False,True,False,False,False,,,17.81,,13.18,6.38,12.1,,,-6.9,169380,,,92.2129,,,,18.167,8.96307,0.19,0.76,0.22,2026-08-31T00:00:00,1988-10-06T00:00:00,10/6/1988,592099200,2026-08-28T00:00:00
35,BXSY,-0.36979999999999996,3.60485,5.72057,0.26,32.39,26,Morningstar US CEF US Allocation,15,Bexil Corp,True,18.18,-0.07,28.85,2026-08-31T00:00:00,25538A204,Bexil Investment Trust,2026-08-31,XBXIX,Hybrid-U.S. Allocation,8.84,235.204,,Quarterly,-0.02759,0.26,15.0,,,,1.9300000000000002,,373.248,True,True,True,False,True,False,,24.36,26.59,13.66,12.3,24.42,22.69,,,35.29,125840,,,,,1.11,,15.80687,-37.35625,0.4,1.8900000000000001,0.79,2026-08-31T00:00:00,1998-06-29T00:00:00,6/29/1998,899078400,2026-06-15T00:00:00
36,BMN,0.0356,4.4964,4.34195,0.09375,5.5600000000000005,21,Morningstar US CEF Municipal,16,BlackRock,False,25.91,-0.19,25.02,2026-08-31T00:00:00,09262G108,BlackRock 2037 Municipal Target term,2026-08-31,XBMNX,Fixed Income - Municipal-Municipal,25.11,159.286,,Monthly,0.55982,0.09375,25.0,5.0193,,14.37,2.16,,205.394,True,True,True,False,False,True,,4.17,7.5,,,0.27,1.8900000000000001,,,11.79,102090,19.27,,103.2043,,,,25.68815,-0.18368,1.62,2.5300000000000002,1.48,2026-08-31T00:00:00,2022-10-28T00:00:00,10/28/2022,1666915200,2026-08-14T00:00:00
37,BCAT,0.1222,21.42388,19.09111,0.25423,13.69,26,Morningstar US CEF US Allocation,16,BlackRock,True,15.98,-0.02,14.24,2026-08-31T00:00:00,09260U109,BlackRock Capital Allocation Term Trust,2026-08-31,XCATX,Hybrid-U.S. Allocation,5.18,1674.309,,Monthly,0.15272,0.25423,20.0,,,2.65,1.4,,1492.0,True,True,True,False,True,True,,12.48,23.2,5.39,8.44,7.45,29.18,,,30.87,6360280,,,,,,,15.01307,0.10852,2.08,2.23,2.03,2026-08-31T00:00:00,2020-09-28T00:00:00,9/28/2020,1601251200,2026-08-14T00:00:00
38,BHK,-0.0248,9.65696,9.90265,0.0746,1.56,15,Morningstar US CEF Investment Grade,16,BlackRock,True,9.04,-0.03,9.27,2026-08-31T00:00:00,09249E101,BlackRock Core Bond,2026-08-31,XBHKX,Fixed Income - Taxable-Investment Grade,34.04,652.907,-0.051000000000000004,Monthly,0.27405,0.0746,15.0,5.2035,,,3.34,,1015.026,True,False,True,False,True,False,,4.9,5.42,-2.39,-2.67,-1.1,0.59,,,2.65,2891510,,,95.0924,,7.35,7.35,9.389,-4.43412,1.3599999999999999,1.23,1.87,2026-08-31T00:00:00,2001-11-30T00:00:00,11/30/2001,1007078400,2026-08-14T00:00:00
39,HYT,-0.0911,10.26125,11.289860000000001,0.0779,5.14,14,Morningstar US CEF High Yield,16,BlackRock,True,8.28,-0.01,9.11,2026-08-31T00:00:00,09255P107,BlackRock Corporate High Yield Fund,2026-08-31,XHYTX,Fixed Income - Taxable-High Yield,20.21,1596.212,-0.113,Monthly,0.35117,0.0779,15.0,7.0115,,,2.33,,2201.139,True,False,False,False,True,False,,9.73,6.7,4.41,1.77,2.65,0.35000000000000003,,,-3.02,8093450,,,100.4042,,4.4,,8.86678,-5.88785,-1.32,-1.8900000000000001,-2.3,2026-08-31T00:00:00,2003-05-30T00:00:00,5/30/2003,1054252800,2026-08-14T00:00:00
40,BTZ,-0.0659,9.34819,10.00795,0.0839,3.37,15,Morningstar US CEF Investment Grade,16,BlackRock,True,10.06,-0.08,10.77,2026-08-31T00:00:00,092508100,BlackRock Credit Allocation Income Trust,2026-08-31,XBTZX,Fixed Income - Taxable-Investment Grade,35.13,938.844,-0.11900000000000001,Monthly,0.5375800000000001,0.0839,25.0,5.9688,,18.6,3.37,,1549.525,True,False,False,False,True,False,,8.13,9.63,1.12,0.8,0.8200000000000001,-0.86,,,0.64,2593100,,,99.1292,,,,10.52808,-5.89503,-0.38,0.23,0.5700000000000001,2026-08-31T00:00:00,2006-12-27T00:00:00,12/27/2006,1167177600,2026-08-14T00:00:00
41,DSU,-0.0073,12.39289,12.4843,0.09873,4.7,19,Morningstar US CEF Senior Loans,16,BlackRock,True,9.49,0.04,9.56,2026-08-31T00:00:00,09255R202,BlackRock Debt Strategies,2026-08-31,XDSUX,Fixed Income - Taxable-Senior Loans,15.96,590.653,-0.17400000000000002,Monthly,0.35279,0.09873,10.0,,,6.38,1.69,,708.01,True,False,False,False,True,False,,7.54,9.38,6.09,6.48,2.21,1.09,,,0.72,2771690,,,,,,,9.98563,0.65356,-1.12,-0.39,-0.6,2026-08-31T00:00:00,1998-03-27T00:00:00,3/27/1998,890956800,2026-08-14T00:00:00
42,BGR,-0.1012,6.09077,6.77655,0.0973,44.67,8,Morningstar US CEF Sector Equity,16,BlackRock,True,17.23,0.27,19.17,2026-08-31T00:00:00,09250U101,BlackRock Energy and Resources,2026-08-31,XBGRX,Equity-Sector Equity,0.0,438.61,,Monthly,0.1595,0.0973,25.0,,,,1.23,,487.995,True,True,False,False,True,False,,17.32,18.81,22.18,22.15,41.43,33.68,,,36.69,1080950,,,,,,,15.02816,-7.35416,-0.93,-0.15,-0.35000000000000003,2026-08-31T00:00:00,2004-12-23T00:00:00,12/23/2004,1103760000,2026-08-14T00:00:00
43,BDJ,-0.058899999999999994,7.05413,7.49546,0.0619,20.02,3,Morningstar US CEF Covered Call,16,BlackRock,True,9.91,0.04,10.53,2026-08-31T00:00:00,09251A104,BlackRock Enhanced Dividend Achievers,2026-08-31,XBDJX,Equity-Covered-Call Funds,0.11,1753.522,,Monthly,0.07807,0.0619,15.0,,,,0.88,,1865.354,True,True,True,False,True,False,,15.96,18.42,9.84,9.63,13.61,10.23,,,20.07,4332000,,,,,,,9.27897,-5.95312,0.04,1.63,1.1,2026-08-31T00:00:00,2005-08-26T00:00:00,8/26/2005,1125014400,2026-08-14T00:00:00
44,BOE,-0.0716,7.40597,7.9774899999999995,0.0827,15.82,3,Morningstar US CEF Covered Call,16,BlackRock,True,12.44,-0.03,13.4,2026-08-31T00:00:00,092501105,BlackRock Enhanced Glbl Div Trust,2026-08-31,XBOEX,Equity-Covered-Call Funds,0.02,691.666,,Monthly,0.05795,0.0827,25.0,,,,1.03,,745.042,True,True,True,False,True,False,,13.31,16.73,7.18,7.92,9.37,12.33,,,17.18,1315360,,,,,,,11.75912,-9.20618,2.26,1.19,1.74,2026-08-31T00:00:00,2005-05-26T00:00:00,5/26/2005,1117065600,2026-08-14T00:00:00
45,BGY,-0.0863,7.87673,8.62057,0.0426,14.97,3,Morningstar US CEF Covered Call,16,BlackRock,True,5.93,-0.01,6.49,2026-08-31T00:00:00,092524107,BlackRock Enhanced Intl Div Trust,2026-08-31,XBGYX,Equity-Covered-Call Funds,0.36,537.344,,Monthly,0.02491,0.0426,20.0,,,,1.2,,588.088,True,True,False,False,True,False,,10.43,12.87,6.32,6.68,8.67,6.94,,,12.42,2731790,,,,,,,5.78354,-8.47899,-0.09,1.6,0.98,2026-08-31T00:00:00,2007-05-25T00:00:00,5/25/2007,1180051200,2026-08-14T00:00:00
46,CII,0.0128,7.00331,6.9145900000000005,0.141,22.64,3,Morningstar US CEF Covered Call,16,BlackRock,True,24.47,-0.29,24.16,2026-08-31T00:00:00,09256A109,BlackRock Enhanced Large Cap Core Fund,2026-08-31,XCIIX,Equity-Covered-Call Funds,0.47000000000000003,1002.868,,Monthly,0.00537,0.141,20.0,,,,0.93,,994.808,True,True,True,False,True,False,,19.18,20.34,12.26,12.99,12.07,9.88,,,29.35,959170,,,,,,,23.64904,0.5977100000000001,0.29,-0.44,0.08,2026-08-31T00:00:00,2004-04-27T00:00:00,4/27/2004,1083024000,2026-08-14T00:00:00
47,ECAT,0.014499999999999999,21.30277,20.99766,0.26877,14.4,25,Morningstar US CEF Global Allocation,16,BlackRock,True,15.36,-0.03,15.14,2026-08-31T00:00:00,09262F100,BlackRock ESG Capital Allocation Term,2026-08-31,ECAT,Hybrid-Global Allocation,0.17,1527.833,,Monthly,0.10010000000000001,0.26877,20.0,,,2.02,1.4100000000000001,,1508.481,True,False,True,False,True,True,,13.5,20.36,,,7.72,15.54,,,15.67,4403990,,,95.981,,,,15.4818,-2.48866,1.76,1.16,1.44,2026-08-31T00:00:00,2021-09-27T00:00:00,9/27/2021,1632700800,2026-08-14T00:00:00
48,FRA,-0.016800000000000002,13.10476,13.32807,0.12383999999999999,4.14,19,Morningstar US CEF Senior Loans,17,"BlackRock Advisors, LLC",True,11.15,0.08,11.34,2026-08-31T00:00:00,09255X100,BlackRock Floating Rate Inc Strategies,2026-08-31,XFRAX,Fixed Income - Taxable-Senior Loans,23.15,395.098,-0.184,Monthly,0.44666,0.12383999999999999,20.0,,,6.29,2.61,,522.848,True,False,True,False,True,False,,6.9,8.49,6.11,6.99,2.14,3.45,,,-4.48,1619620,,,,,,,11.58195,-2.04147,0.09,3.37,2.67,2026-08-31T00:00:00,2003-10-31T00:00:00,10/31/2003,1067558400,2026-08-14T00:00:00
49,BGT,0.0045000000000000005,12.99154,12.93333,0.12028,4.2,19,Morningstar US CEF Senior Loans,16,BlackRock,True,11.16,0.05,11.11,2026-08-31T00:00:00,091941104,Blackrock Floating Rate Income,2026-08-31,XBGTX,Fixed Income - Taxable-Senior Loans,0.13,332.844,-0.154,Monthly,0.42019,0.12028,20.0,,,,2.06,,331.799,True,False,True,False,True,False,,7.15,9.89,6.27,7.5,2.11,7.51,,,1.46,1333450,,,,,,,11.22435,-2.97725,1.43,2.37,2.83,2026-08-31T00:00:00,2004-08-30T00:00:00,8/30/2004,1093824000,2026-08-14T00:00:00
50,BME,-0.016800000000000002,6.78283,6.89888,0.2621,25.08,8,Morningstar US CEF Sector Equity,16,BlackRock,True,45.59,-0.29,46.37,2026-08-31T00:00:00,09250W107,BlackRock Health Sciences,2026-08-31,XBMEX,Equity-Sector Equity,0.15,589.21,,Monthly,0.0592,0.2621,25.0,,,,1.13,,600.185,True,True,True,False,True,False,,10.56,12.45,5.73,5.71,10.76,16.64,,,34.19,442260,,,,,,,40.5125,-5.30553,1.69,1.85,1.83,2026-08-31T00:00:00,2005-03-28T00:00:00,3/28/2005,1111968000,2026-08-14T00:00:00
51,BMEZ,-0.09609999999999999,7.12743,7.8853,0.11,27.16,8,Morningstar US CEF Sector Equity,16,BlackRock,True,16.74,-0.04,18.52,2026-08-31T00:00:00,09260E105,BlackRock Health Sciences Term Trust,2026-08-31,XBMZX,Equity-Sector Equity,0.41000000000000003,1046.274,,Monthly,0.00466,0.11,20.0,,,,1.37,,1162.349,True,True,True,False,True,True,,10.9,14.45,-0.42,-0.35000000000000003,14.17,18.03,,,28.02,2245750,,,,,,,14.91111,-10.9909,1.07,0.74,1.15,2026-08-31T00:00:00,2020-01-29T00:00:00,1/29/2020,1580256000,2026-08-14T00:00:00
52,BKT,-0.0373,9.88235,10.26576,0.0882,-0.88,15,Morningstar US CEF Investment Grade,16,BlackRock,True,10.31,-0.07,10.71,2026-08-31T00:00:00,09247F209,BlackRock Income,2026-08-31,XBKTX,Fixed Income - Taxable-Investment Grade,19.64,333.93,-0.055,Monthly,0.047920000000000004,0.0882,10.0,4.445,,9.15,1.9700000000000002,,431.674,True,False,True,False,True,False,,4.03,4.37,-1.77,-3.5300000000000002,-0.89,-0.25,,,-3.37,1369120,,,89.397,,4.92,,10.87195,-4.29922,0.53,0.4,0.91,2026-08-31T00:00:00,1988-08-01T00:00:00,8/1/1988,586396800,2026-08-14T00:00:00
53,BLW,-0.0341,10.30653,10.67086,0.1132,4.02,16,Morningstar US CEF Limited Duration,16,BlackRock,True,12.73,0.0,13.18,2026-08-31T00:00:00,09249W101,BlackRock Limited Duration Income,2026-08-31,XBLWX,Fixed Income - Taxable-Limited Duration,36.06,497.544,-0.133,Monthly,0.52225,0.1132,20.0,,,,3.7,,805.633,True,False,False,False,True,False,,8.61,9.05,4.03,3.14,1.42,-0.65,,,-0.47000000000000003,1211330,,,,,,,13.25958,-2.66595,-0.27,1.03,0.87,2026-08-31T00:00:00,2003-07-28T00:00:00,7/28/2003,1059350400,2026-08-14T00:00:00
54,BIT,-0.08710000000000001,11.33995,12.42176,0.12369999999999999,3.93,17,Morningstar US CEF Multi-Sector,16,BlackRock,True,11.95,-0.01,13.09,2026-08-31T00:00:00,09258A107,BlackRock Multi-Sector Income Trust,2026-08-31,XBITX,Fixed Income - Taxable-Multi-Sector,31.05,681.899,-0.508,Monthly,0.40641,0.12369999999999999,20.0,6.1162,,,3.26,,1083.372,True,False,False,False,True,False,,8.39,4.05,3.96,1.67,1.26,-1.06,,,-2.1,3138180,7.97,,,,,3.77,12.86981,-5.79266,-2.46,-2.02,-2.36,2026-08-31T00:00:00,2013-02-25T00:00:00,2/25/2013,1361750400,2026-08-14T00:00:00
55,MUA,-0.0711,6.23012,6.70695,0.0555,7.32,21,Morningstar US CEF Municipal,16,BlackRock,False,9.93,-0.01,10.69,2026-08-31T00:00:00,09254J102,BlackRock Muniassets,2026-08-31,XMUAX,Fixed Income - Municipal-Municipal,27.8,666.698,-0.004,Monthly,0.28542,0.0555,15.0,5.4809,,,2.59,,994.121,True,False,False,False,False,False,,5.92,7.27,-0.73,-3.54,1.48,-2.51,,,-0.6900000000000001,1351260,17.62,,92.4046,,12.75,,10.77112,-4.10214,-1.32,-0.54,-1.11,2026-08-31T00:00:00,1993-06-25T00:00:00,6/25/1993,740966400,2026-08-14T00:00:00
56,BTT,-0.0748,2.2745100000000003,2.4582800000000002,0.0464,2.49,21,Morningstar US CEF Municipal,16,BlackRock,False,22.65,0.08,24.48,2026-08-31T00:00:00,09257P105,BlackRock Municipal 2030 Target Term,2026-08-31,XBTTX,Fixed Income - Municipal-Municipal,34.87,1441.116,0.148,Monthly,0.34323,0.0464,25.0,4.6478,,,2.69,,2391.43,True,False,True,False,False,True,,4.26,6.35,0.5,-0.15,1.02,0.89,,,3.77,898910,22.16,,101.5267,,3.88,,22.65751,-8.065,1.02,1.5899999999999999,0.52,2026-08-31T00:00:00,2012-08-29T00:00:00,8/29/2012,1346198400,2026-08-14T00:00:00
57,MHD,-0.0673,5.79075,6.2087,0.0595,6.96,21,Morningstar US CEF Municipal,16,BlackRock,False,11.5,0.1,12.33,2026-08-31T00:00:00,09253N104,BlackRock Municipal Income,2026-08-31,XMHDX,Fixed Income - Municipal-Municipal,42.5,2009.049,0.004,Monthly,0.30405,0.0595,15.0,5.0119,,,3.08,,3746.18,True,False,True,False,False,False,,2.95,6.58,-2.14,-2.75,0.0,2.0,,,9.3,2621580,5.17,,99.8744,,11.88,,11.69034,-8.50753,2.11,2.12,1.8900000000000001,2026-08-31T00:00:00,1997-05-02T00:00:00,5/2/1997,862531200,2026-08-14T00:00:00
58,MUC,-0.0696,5.65639,6.07955,0.0535,6.28,22,Morningstar US CEF Municipal-CA,16,BlackRock,False,10.56,-0.07,11.35,2026-08-31T00:00:00,09254L107,BlackRock MuniHoldings CA Qty,2026-08-31,XMUCX,Fixed Income - Municipal-Municipal - CA,41.11,1320.087,0.07100000000000001,Monthly,0.26962,0.0535,15.0,5.0713,,,3.22,,2409.499,True,False,True,False,False,False,,2.33,6.38,-2.19,-2.88,0.12,3.65,,,8.82,2881160,4.0,,102.4334,,13.95,,10.75534,-8.20238,1.23,0.81,0.88,2026-08-31T00:00:00,1998-02-27T00:00:00,2/27/1998,888537600,2026-08-14T00:00:00
59,MUJ,-0.0058,5.32895,5.3598,0.054,6.7,24,Morningstar US CEF Municipal-Single State,16,BlackRock,False,12.09,0.07,12.16,2026-08-31T00:00:00,09254X101,BlackRock MuniHoldings NJ Qty,2026-08-31,XMUJX,Fixed Income - Municipal-Municipal - Single-State,40.12,643.008,0.085,Monthly,0.2647,0.054,15.0,4.7124,,,3.37,,1080.056,True,True,True,False,False,False,,3.38,9.37,-0.89,-0.33,0.21,5.24,,,15.33,1017890,20.57,,97.7946,,13.16,,12.01439,-4.22112,1.48,1.46,1.28,2026-08-31T00:00:00,1998-03-11T00:00:00,3/11/1998,889574400,2026-08-14T00:00:00
60,MIY,0.06,5.45,5.14151,0.0545,7.3,24,Morningstar US CEF Municipal-Single State,16,BlackRock,False,12.72,0.05,12.0,2026-08-31T00:00:00,09254V105,BlackRock MuniYield MI Quality,2026-08-31,XMIYX,Fixed Income - Municipal-Municipal - Single-State,40.04,368.432,0.07200000000000001,Monthly,0.25837,0.0545,15.0,4.9551,,,3.34,,579.67,True,True,True,False,False,False,,3.21,11.64,-1.06,0.91,-0.07,12.28,,,20.26,604810,8.27,,100.9645,,16.35,,11.9451,-3.5037000000000003,2.8,2.66,3.02,2026-08-31T00:00:00,1992-10-30T00:00:00,10/30/1992,720403200,2026-08-14T00:00:00
61,MYN,-0.0702,5.90769,6.35367,0.051199999999999996,7.38,23,Morningstar US CEF Municipal-NY,17,"BlackRock Advisors, LLC",False,9.67,-0.01,10.4,2026-08-31T00:00:00,09255E102,BlackRock MuniYield NY Quality,2026-08-31,XMYNX,Fixed Income - Municipal-Municipal - NY,23.01,910.175,0.069,Monthly,0.24345,0.051199999999999996,15.0,4.855,,,3.2800000000000002,,1271.393,True,False,True,False,False,False,,2.44,6.21,-2.01,-2.66,-0.62,1.6800000000000002,,,10.35,1238040,9.11,,100.2576,,12.59,,9.94922,-8.18027,1.51,1.6400000000000001,1.42,2026-08-31T00:00:00,1992-02-28T00:00:00,2/28/1992,699235200,2026-08-14T00:00:00
62,MPA,-0.07730000000000001,4.81008,5.21311,0.0477,7.01,24,Morningstar US CEF Municipal-Single State,16,BlackRock,False,10.98,-0.01,11.9,2026-08-31T00:00:00,09255G107,BlackRock MuniYield PA Quality,2026-08-31,XMPAX,Fixed Income - Municipal-Municipal - Single-State,38.67,142.187,0.039,Monthly,0.23728000000000002,0.0477,15.0,4.7722999999999995,,,3.23,,251.247,True,False,True,False,False,False,,3.4,6.01,-1.7000000000000002,-2.29,-0.77,2.49,,,7.26,316160,9.12,,98.0715,,14.9,,11.26576,-8.520199999999999,0.98,1.8399999999999999,1.08,2026-08-31T00:00:00,1992-10-30T00:00:00,10/30/1992,720403200,2026-08-14T00:00:00
63,MYI,-0.0622,5.83187,6.21849,0.0555,6.53,21,Morningstar US CEF Municipal,16,BlackRock,False,10.71,-0.03,11.42,2026-08-31T00:00:00,09254E103,BlackRock MuniYield Qty III,2026-08-31,XMYIX,Fixed Income - Municipal-Municipal,42.51,1309.765,0.04,Monthly,0.27666,0.0555,15.0,5.0585,,,3.23,,2429.336,True,False,True,False,False,False,,3.54,6.9,-1.1400000000000001,-1.32,-0.02,2.59,,,7.35,2328970,5.78,,99.7206,,11.76,,10.9372,-7.55159,1.52,1.98,1.69,2026-08-31T00:00:00,1992-04-13T00:00:00,4/13/1992,703123200,2026-08-14T00:00:00
64,MQY,-0.07139999999999999,5.84383,6.29295,0.057999999999999996,6.41,21,Morningstar US CEF Municipal,17,"BlackRock Advisors, LLC",False,11.06,-0.01,11.91,2026-08-31T00:00:00,09254F100,BlackRock Muniyield Quality,2026-08-31,XMQYX,Fixed Income - Municipal-Municipal,42.63,1663.779,0.060000000000000005,Monthly,0.28992,0.057999999999999996,15.0,5.0143,,,3.2,,3123.124,True,False,True,False,False,False,,3.01,5.89,-1.58,-2.84,-0.35000000000000003,1.9100000000000001,,,6.13,3078950,5.01,,99.4864,,14.22,,11.45031,-7.4368,0.28,0.21,0.42,2026-08-31T00:00:00,1992-06-26T00:00:00,6/26/1992,709516800,2026-08-14T00:00:00
65,BCX,-0.039599999999999996,6.01727,6.26517,0.0697,38.4,8,Morningstar US CEF Sector Equity,16,BlackRock,True,13.35,0.34,13.9,2026-08-31T00:00:00,09257A108,BlackRock Resources&Commodities Strategy,2026-08-31,XBCRX,Equity-Sector Equity,0.0,1017.779,,Monthly,0.10812000000000001,0.0697,20.0,,,,1.19,,1059.731,True,True,True,False,True,False,,16.47,20.94,14.7,15.18,25.83,27.29,,,42.07,2118340,,,,,,,11.49775,-6.7392900000000004,1.51,1.8599999999999999,2.14,2026-08-31T00:00:00,2011-03-29T00:00:00,3/29/2011,1301356800,2026-08-14T00:00:00
66,BSTZ,-0.0541,5.88946,6.22605,0.1625,54.4,8,Morningstar US CEF Sector Equity,16,BlackRock,True,31.32,0.03,33.11,2026-08-31T00:00:00,09260K101,BlackRock Science and Technology Term,2026-08-31,XBSZX,Equity-Sector Equity,0.76,2153.067,,Monthly,-0.14164000000000002,0.1625,20.0,,,,1.35,,2293.624,True,True,True,False,True,True,,27.32,34.46,4.32,5.7,39.2,45.66,,,56.55,2131580,,,,,,,24.86165,-9.59436,2.47,1.72,2.15,2026-08-31T00:00:00,2019-06-26T00:00:00,6/26/2019,1561507200,2026-08-14T00:00:00
67,BST,-0.023799999999999998,5.75816,5.89855,0.25,37.68,8,Morningstar US CEF Sector Equity,16,BlackRock,True,50.86,0.05,52.1,2026-08-31T00:00:00,09258G104,BlackRock Science and Technology Trust,2026-08-31,XBSTX,Equity-Sector Equity,0.1,1765.86,,Monthly,-0.17225000000000001,0.25,20.0,3.9896000000000003,,,1.11,,1810.685,True,True,True,False,True,False,,25.93,25.42,7.47,8.15,28.17,31.36,,,41.49,991070,,,,,0.26,0.26,42.71808,-6.37461,2.13,1.85,2.15,2026-08-31T00:00:00,2014-10-29T00:00:00,10/29/2014,1414540800,2026-08-14T00:00:00
68,BBN,-0.0383,7.19708,7.48387,0.0986,2.5300000000000002,20,Morningstar US CEF Taxable Muni,17,"BlackRock Advisors, LLC",True,15.81,-0.07,16.44,2026-08-31T00:00:00,09248X100,BlackRock Taxable Municipal Bond Trust,2026-08-31,XBBNX,Fixed Income - Taxable-Taxable Muni,35.78,976.94,0.077,Monthly,0.48995,0.0986,20.0,5.9206,,,3.1,,1581.934,True,False,True,False,True,False,,4.8100000000000005,6.75,-2.36,-3.22,-0.34,1.74,,,3.47,2021200,3.2800000000000002,,99.4279,,8.35,8.12,16.33109,-4.91418,0.71,1.28,1.57,2026-08-31T00:00:00,2010-08-27T00:00:00,8/27/2010,1282867200,2026-08-14T00:00:00
69,BTX,-0.09789999999999999,6.35721,7.04698,0.0525,40.3,10,Morningstar US CEF US Equity,16,BlackRock,True,8.94,-0.02,9.91,2026-08-31T00:00:00,09260Q108,BlackRock Tech and Private Equity Term,2026-08-31,XBTPX,Equity-U.S. Equity,1.08,1043.39,,Monthly,-0.044090000000000004,0.0525,20.0,,,,1.46,,1169.263,True,True,True,False,True,True,,12.99,17.02,-4.75,-5.11,33.18,43.34,,,38.14,7768350,,,,,,,7.42061,-13.75041,1.7000000000000002,1.11,1.45,2026-08-31T00:00:00,2021-03-26T00:00:00,3/26/2021,1616716800,2026-08-14T00:00:00
70,BUI,0.0053,6.97095,6.93433,0.154,18.4,8,Morningstar US CEF Sector Equity,16,BlackRock,True,26.65,-0.23,26.51,2026-08-31T00:00:00,09248D104,"BlackRock Util, Infra & Power Opp",2026-08-31,XBUIX,Equity-Sector Equity,0.11,801.753,,Monthly,0.13116,0.154,20.0,,,,1.09,,797.541,True,False,False,False,True,False,,15.98,17.32,8.39,7.83,14.02,9.61,,,9.67,749910,,,,,,,27.15686,1.97815,-0.46,-0.71,0.12,2026-08-31T00:00:00,2011-11-23T00:00:00,11/23/2011,1322006400,2026-08-14T00:00:00
71,BHV,0.1505,4.98175,4.3299,0.0455,4.65,24,Morningstar US CEF Municipal-Single State,16,BlackRock,False,12.61,-0.11,10.96,2026-08-31T00:00:00,092481100,BlackRock VA Municipal Bond,2026-08-31,XBHVX,Fixed Income - Municipal-Municipal - Single-State,39.9,20.028,0.024,Monthly,0.1615,0.0455,15.0,4.857,,,4.53,,28.966,True,True,True,False,False,False,,1.74,13.03,-3.1,-3.58,-1.7000000000000002,24.63,,,31.86,54680,8.6,,99.2945,,16.77,10.27,11.2668,-1.68307,2.18,1.28,1.46,2026-08-31T00:00:00,2002-04-30T00:00:00,4/30/2002,1020124800,2026-08-14T00:00:00
72,BGX,-0.1267,7.9935,9.15349,0.08199999999999999,1.51,19,Morningstar US CEF Senior Loans,18,Blackstone Liquid Credit Strategies LLC,False,10.75,-0.02,12.31,2026-08-31T00:00:00,09257D102,Blackstone Long-Short Credit Income,2026-08-31,XXBGX,Fixed Income - Taxable-Senior Loans,33.75,136.614,,Monthly,0.51573,0.08199999999999999,20.0,7.1353,,,4.65,,236.139,True,False,False,False,False,False,,6.67,7.22,3.8,2.9699999999999998,0.07,-3.02,,,-6.21,702730,,,,,17.0,,11.29181,-10.58999,-1.02,-1.31,-0.67,2026-08-31T00:00:00,2011-01-27T00:00:00,1/27/2011,1296086400,2026-08-24T00:00:00
73,BSL,-0.0341,7.83383,8.1106,0.088,0.73,19,Morningstar US CEF Senior Loans,18,Blackstone Liquid Credit Strategies LLC,False,13.02,-0.04,13.48,2026-08-31T00:00:00,09256U105,Blackstone Senior Floating Rt 2027 term,2026-08-31,XBSLX,Fixed Income - Taxable-Senior Loans,33.45,169.52,,Monthly,0.55321,0.088,20.0,7.1345,,,4.68,,263.709,True,False,True,False,False,True,,6.04,9.09,4.12,4.24,-0.19,1.08,,,-1.18,431360,,,,,3.73,,13.34047,-3.6745900000000002,0.29,0.08,0.4,2026-08-31T00:00:00,2010-05-26T00:00:00,5/26/2010,1274832000,2026-08-24T00:00:00
74,BGB,-0.0499,7.71574,8.1211,0.076,0.71,19,Morningstar US CEF Senior Loans,18,Blackstone Liquid Credit Strategies LLC,False,11.23,0.03,11.82,2026-08-31T00:00:00,09257R101,Blackstone Strategic Credit 2027 term,2026-08-31,XBGBX,Fixed Income - Taxable-Senior Loans,38.95,501.742,,Monthly,0.74549,0.076,20.0,6.9282,,,5.4,,865.036,True,False,False,False,False,True,,6.57,10.02,3.73,4.53,-0.55,0.0,,,-3.4,1340880,,,,,17.78,,11.58202,-4.79712,-0.18,-1.11,-0.13,2026-08-31T00:00:00,2012-09-26T00:00:00,9/26/2012,1348617600,2026-08-24T00:00:00
75,BPRE,-0.4631,7.27,13.54074,0.1371,-6.5,7,Morningstar US CEF Real Estate,19,"Bluerock Fund Advisors, LLC",True,12.15,-0.43,22.63,2026-08-31T00:00:00,09631P102,Bluerock Private Real Estate Fund,2026-08-31,XBPREX,Equity-Real Estate,,1737.989,,Monthly,,0.1371,14.0,,,,0.0,,3237.094,False,True,True,False,True,False,,-6.54,,-1.62,,-3.07,-13.42,,,,0,,,75.3751,,,,,,,-1.03,-1.43,2026-08-31T00:00:00,2014-04-01T00:00:00,4/1/2014,1396310400,2026-08-17T00:00:00
76,DHF,-0.1157,7.83582,8.860759999999999,0.017499999999999998,3.35,14,Morningstar US CEF High Yield,20,BNY Mellon,False,2.37,0.02,2.6799999999999997,2026-08-31T00:00:00,09660L105,BNY Mellon High Yield Strategies Fund,2026-08-31,XDHFX,Fixed Income - Taxable-High Yield,27.52,172.386,,Monthly,0.09917000000000001,0.017499999999999998,15.0,7.0234,0.0,5.32,3.18,,268.934,True,False,False,True,False,False,,9.23,10.94,3.38,1.44,1.96,0.53,,,-0.77,3501020,4.2,,99.6134,,4.52,3.33,2.47249,-9.45421,-1.22,-0.88,-0.9,2026-08-31T00:00:00,1998-04-29T00:00:00,4/29/1998,893808000,2026-08-06T00:00:00
77,DMB,-0.061799999999999994,5.30035,5.64972,0.049999999999999996,7.02,21,Morningstar US CEF Municipal,20,BNY Mellon,False,10.62,0.02,11.32,2026-08-31T00:00:00,09662W109,BNY Mellon Muni Bond Infrastructure Fund,2026-08-31,XDMBX,Fixed Income - Municipal-Municipal,36.06,195.471,,Monthly,0.24734,0.049999999999999996,15.0,5.0905,13.84,19.33,3.19,,325.851,True,False,True,True,False,False,,3.06,4.24,-1.35,-3.34,-0.5700000000000001,-0.51,,,10.77,569800,0.13,,101.4874,,11.41,8.86,10.80488,-7.4182500000000005,0.93,1.16,0.85,2026-08-31T00:00:00,2013-04-26T00:00:00,4/26/2013,1366934400,2026-08-18T00:00:00
78,DSM,-0.0747,5.72337,6.18557,0.03,8.14,21,Morningstar US CEF Municipal,20,BNY Mellon,False,5.82,-0.01,6.29,2026-08-31T00:00:00,09662E109,BNY Mellon Strategic Muni Bond,2026-08-31,XDSMX,Fixed Income - Municipal-Municipal,35.04,287.675,,Monthly,0.15742,0.03,10.0,5.0273,17.12,18.83,2.73,,478.604,True,False,False,True,False,False,,3.41,6.9,-1.92,-2.94,-0.1,-2.26,,,7.82,1102380,1.0,,99.5588,,8.93,8.04,6.01972,-7.10337,-0.28,-0.24,-0.63,2026-08-31T00:00:00,1989-11-22T00:00:00,11/22/1989,627696000,2026-08-13T00:00:00
79,LEO,-0.0735,5.3972999999999995,5.82524,0.03,8.01,21,Morningstar US CEF Municipal,20,BNY Mellon,False,6.18,-0.02,6.67,2026-08-31T00:00:00,05588W108,BNY Mellon Strategic Municipals,2026-08-31,XLEOX,Fixed Income - Municipal-Municipal,34.4,384.957,,Monthly,0.15752,0.03,10.0,5.135,16.24,18.69,2.76,,633.4,True,False,True,True,False,False,,3.81,7.04,-1.7000000000000002,-4.03,0.5,0.53,,,9.05,2002490,1.18,,99.5242,,9.37,8.23,6.31559,-7.61855,0.25,0.35000000000000003,-0.02,2026-08-31T00:00:00,1987-09-23T00:00:00,9/23/1987,559353600,2026-08-13T00:00:00
80,BWG,-0.096,11.37441,12.58191,0.08,1.38,13,Morningstar US CEF Global Income,54,"Franklin Templeton Fund Adviser, LLC",True,7.63,-0.02,8.44,2026-08-31T00:00:00,10537L104,BrandywineGLOBAL â Global Inc Opp Fund,2026-08-31,XBWGX,Fixed Income - Taxable-Global Income,41.6,128.122,,Monthly,0.40321,0.08,20.0,7.6784,,,4.62,,242.684,True,False,False,False,True,False,,7.84,10.25,0.6900000000000001,1.4,0.18,-1.22,,,-0.43,774290,,,,,,,8.20617,-8.52596,-0.72,-0.3,0.2,2026-08-31T00:00:00,2012-03-28T00:00:00,3/28/2012,1332892800,2026-08-24T00:00:00
81,RA,-0.0965,10.19438,11.28287,0.118,5.61,14,Morningstar US CEF High Yield,21,Brookfield Public Securities Group LLC,True,12.55,-0.07,13.89,2026-08-31T00:00:00,112830104,Brookfield Real Assets Income Fund Inc.,2026-08-31,XRAIX,Fixed Income - Taxable-High Yield,25.31,693.446,,Monthly,0.4166,0.118,25.0,6.5269,,,3.34,,1027.503,True,False,False,False,True,False,,8.38,10.71,3.9,0.68,3.14,4.19,,,3.51,1674010,,,96.6205,,8.9,,12.99912,-9.13055,-0.45,-0.55,-0.13,2026-08-31T00:00:00,2016-12-02T00:00:00,12/2/2016,1480636800,2026-08-06T00:00:00
82,CFND,-0.5578,,,,-8.02,10,Morningstar US CEF US Equity,23,C1 Advisors LLC,True,2.87,-0.04,6.49,2026-06-30T00:00:00,12673Q103,C1 Fund Inc.,2026-08-31,XCFNDX,Equity-U.S. Equity,,18.851,,Semi-Annually,,,10.0,,,,5.86,,42.629,False,False,False,False,True,False,,,,,,-6.02,-41.43,,,-66.27,401010,,,,,,,4.78078,-36.95709,-0.89,-0.33,-0.87,2026-08-31T00:00:00,2025-08-07T00:00:00,8/7/2025,1754524800,
83,CHY,0.0246,9.53895,9.30954,0.09999999999999999,27.21,11,Morningstar US CEF Convertibles,24,Calamos Advisors LLC,False,12.89,-0.14,12.58,2026-08-31T00:00:00,12811P108,Calamos Convertible & High Income Fund,2026-08-31,XCHYX,Fixed Income - Taxable-Convertibles,31.88,1035.458,,Monthly,-0.10886,0.09999999999999999,15.0,3.6075,,4.49,4.01,,1483.574,True,True,True,False,False,False,,18.14,15.73,5.75,6.02,18.8,20.53,,,29.99,1887580,,,113.3553,,,,12.06075,-0.73194,1.6099999999999999,0.93,1.45,2026-08-31T00:00:00,2003-05-28T00:00:00,5/28/2003,1054080000,2026-08-14T00:00:00
84,CHI,0.07440000000000001,9.63652,8.96932,0.095,26.68,11,Morningstar US CEF Convertibles,24,Calamos Advisors LLC,False,12.71,-0.15,11.83,2026-08-31T00:00:00,128117108,Calamos Convertible Opp Inc,2026-08-31,XCHIX,Fixed Income - Taxable-Convertibles,31.25,1025.783,,Monthly,-0.09886,0.095,15.0,3.5722,,4.47,3.98,,1388.811,True,True,True,False,False,False,,17.89,17.7,5.64,6.53,18.56,28.22,,,34.65,1820360,,,113.5724,,,,11.662230000000001,1.78682,2.2,0.93,1.49,2026-08-31T00:00:00,2002-06-26T00:00:00,6/26/2002,1025049600,2026-08-14T00:00:00
85,CCD,0.0447,9.92366,9.49868,0.19499999999999998,31.68,11,Morningstar US CEF Convertibles,24,Calamos Advisors LLC,False,24.635,-0.28,23.58,2026-08-31T00:00:00,12811V105,Calamos Dynamic Convertible and Income,2026-08-31,XCCDX,Fixed Income - Taxable-Convertibles,29.7,704.139,,Monthly,-0.41014,0.19499999999999998,25.0,2.5787,,4.07,4.26,,958.742,True,True,True,False,False,True,,19.73,18.95,5.79,5.98,21.88,24.83,,,32.83,836160,,,,,,,23.01184,1.71928,1.2,0.74,0.9500000000000001,2026-08-31T00:00:00,2015-03-27T00:00:00,3/27/2015,1427414400,2026-08-14T00:00:00
86,CHW,-0.0964,7.70878,8.53081,0.06,23.96,25,Morningstar US CEF Global Allocation,24,Calamos Advisors LLC,False,8.44,-0.1,9.34,2026-08-31T00:00:00,12811L107,Calamos Global Dynamic Income Fund,2026-08-31,XCHWX,Hybrid-Global Allocation,29.7,539.015,,Monthly,-0.03591,0.06,15.0,5.1178,,4.53,3.85,,848.457,True,True,True,False,False,False,,20.87,22.27,7.13,4.85,19.53,19.04,,,24.77,1878260,,,,,,,7.98613,-10.24774,0.47000000000000003,0.02,0.58,2026-08-31T00:00:00,2007-06-27T00:00:00,6/27/2007,1182902400,2026-08-14T00:00:00
87,CGO,-0.0783,7.55245,8.19423,0.09,24.28,25,Morningstar US CEF Global Allocation,24,Calamos Advisors LLC,False,13.18,0.11,14.3,2026-08-31T00:00:00,128118106,Calamos Global Total Return,2026-08-31,XCGOX,Hybrid-Global Allocation,29.6,129.524,,Monthly,-0.07175000000000001,0.09,15.0,5.0672,,4.39,4.02,,199.607,True,True,True,False,False,False,,21.43,22.24,7.04,4.22,20.31,20.96,,,21.21,273080,,,,,,,12.36573,-9.00439,0.71,1.72,2.15,2026-08-31T00:00:00,2005-10-27T00:00:00,10/27/2005,1130371200,2026-08-14T00:00:00
88,CPZ,-0.12560000000000002,11.04536,12.63158,0.13999999999999999,-4.7,5,Morningstar US CEF Global Equity,24,Calamos Advisors LLC,False,13.3,-0.06,15.21,2026-08-31T00:00:00,12812C106,Calamos L/S Equity & Dynamic Inc Trust,2026-08-31,XCPZX,Equity-Global Equity,48.0,261.108,,Monthly,0.08155,0.13999999999999999,20.0,6.5242,,13.21,4.38,,574.297,True,False,False,False,False,False,,5.6,7.23,2.69,2.5700000000000003,-0.27,-2.49,,,-10.75,767050,,,99.1682,,,,14.38246,-9.89944,-1.19,-0.03,-0.68,2026-08-31T00:00:00,2019-11-29T00:00:00,11/29/2019,1574985600,2026-08-14T00:00:00
89,CSQ,-0.0751,7.15548,7.73639,0.13499999999999998,24.42,26,Morningstar US CEF US Allocation,24,Calamos Advisors LLC,False,20.94,-0.02,22.64,2026-08-31T00:00:00,128125101,Calamos Strategic Total Return,2026-08-31,XCSQX,Hybrid-U.S. Allocation,28.0,3358.14,,Monthly,-0.08754,0.13499999999999998,15.0,4.1463,,4.71,3.69,,5042.936,True,True,True,False,False,False,,23.72,20.74,12.42,10.35,14.96,14.07,,,20.95,2254760,,,,,,,19.40186,-8.40464,0.53,2.44,2.9,2026-08-31T00:00:00,2004-03-26T00:00:00,3/26/2004,1080259200,2026-08-14T00:00:00
90,CCIF,-0.15410000000000001,22.64151,26.7658,0.06,-40.38,19,Morningstar US CEF Senior Loans,25,Carlyle Global Credit Inv Mgmt,True,2.69,-0.06,3.24,2026-07-31T00:00:00,92535C104,Carlyle Credit Income Ord,2026-08-31,XCCIFX,Fixed Income - Taxable-Senior Loans,45.93,57.024,,Monthly,0.18345,0.06,8.65,8.718,,,11.36,,124.684,True,False,False,False,True,False,,-16.46,-15.07,-13.62,-11.34,-32.71,-31.98,,,-39.74,1306560,,,46.8847,,,,3.99532,-10.05118,-0.93,-0.07,-0.77,2026-08-31T00:00:00,2011-12-30T00:00:00,12/30/2011,1325203200,2026-08-19T00:00:00
91,IGR,0.0317,16.28959,15.78947,0.06,3.61,7,Morningstar US CEF Real Estate,26,CBRE Investment Management Listed Real Assets LLC,True,4.5600000000000005,-0.01,4.42,2026-08-31T00:00:00,12504G100,CBRE Global Real Estate Income,2026-08-31,XIGRX,Equity-Real Estate,32.38,691.462,,Monthly,0.04079,0.06,15.0,,,,3.84,,991.167,True,False,True,False,True,False,,6.0,10.87,-3.26,-0.63,8.96,15.49,,,5.05,7175410,,,,,,,4.71238,1.1133,0.93,2.18,2.02,2026-08-31T00:00:00,2004-02-18T00:00:00,2/18/2004,1077062400,2026-08-20T00:00:00
92,CET,-0.1634,0.95385,1.14013,0.31,14.2,10,Morningstar US CEF US Equity,27,Central Securities Corp,False,54.38,-0.42,65.0,2026-08-31T00:00:00,155123102,Central Securities Corporation,2026-08-31,XCETX,Equity-U.S. Equity,0.32,1606.889,,Semi-Annually,0.8325400000000001,0.31,10.0,,,,0.46,,1920.702,True,True,False,False,False,False,,18.97,20.77,10.54,11.52,7.98,7.86,,,14.9,371420,,,,,,0.05,51.82336,-15.5901,-0.87,-0.66,-0.99,2026-08-31T00:00:00,1980-07-28T00:00:00,7/28/1980,333590400,2026-06-12T00:00:00
93,EMO,-0.0935,7.14877,7.88609,0.41,33.89,6,Morningstar US CEF MLP,54,"Franklin Templeton Fund Adviser, LLC",False,54.78,-0.46,60.43,2026-08-31T00:00:00,18469P209,ClearBridge Energy Midstream Opportunity,2026-08-31,XEMOX,Equity-MLP,23.7,1095.065,,Monthly,-0.08994,0.41,20.0,,,,3.12,,1583.218,True,True,True,False,False,False,,28.97,31.82,27.77,31.61,30.87,29.78,,,25.9,607050,,,,,,,48.44927,-9.54484,0.08,1.52,0.92,2026-08-31T00:00:00,2011-06-13T00:00:00,6/13/2011,1307923200,2026-08-24T00:00:00
94,GLV,-0.1183,9.80087,11.1162,0.0566,16.91,25,Morningstar US CEF Global Allocation,28,Clough Capital Partners L.P.,True,6.11,-0.01,6.93,2026-08-31T00:00:00,18913Y103,Clough Global Dividend and Income,2026-08-31,XGLVX,Hybrid-Global Allocation,32.88,75.823,,Monthly,0.00647,0.0566,20.0,4.8157,,,3.06,,128.13,True,False,True,False,True,False,,12.74,16.77,0.87,-1.1400000000000001,9.44,10.02,,,16.92,402010,,,,,14.73,12.28,6.14754,-11.91674,0.08,0.86,0.58,2026-08-31T00:00:00,2004-07-28T00:00:00,7/28/2004,1090972800,2026-08-18T00:00:00
95,GLQ,-0.0916,9.89593,10.89415,0.07289999999999999,15.47,5,Morningstar US CEF Global Equity,28,Clough Capital Partners L.P.,True,8.03,-0.06,8.84,2026-08-31T00:00:00,18914C100,Clough Global Equity,2026-08-31,XGLQX,Equity-Global Equity,33.16,150.467,,Monthly,-0.056870000000000004,0.07289999999999999,20.0,,,,3.41,,247.814,True,True,True,False,True,False,,17.75,23.11,-0.41000000000000003,-0.9,8.54,12.55,,,20.42,622370,,,,,0.06,,7.99515,-11.29003,1.94,1.22,1.54,2026-08-31T00:00:00,2005-04-27T00:00:00,4/27/2005,1114560000,2026-08-18T00:00:00
96,GLO,-0.09449999999999999,10.14803,11.20696,0.0537,10.64,25,Morningstar US CEF Global Allocation,28,Clough Capital Partners L.P.,True,5.75,-0.03,6.35,2026-08-31T00:00:00,18914E106,Clough Global Opportunities,2026-08-31,XGLOX,Hybrid-Global Allocation,33.78,245.906,,Monthly,-0.0235,0.0537,20.0,4.8199000000000005,,,3.54,,410.116,True,False,True,False,True,False,,13.53,18.46,-2.89,-3.9,5.72,9.24,,,15.23,1513500,,,,,16.96,14.09,5.81628,-11.44088,2.03,1.4,1.81,2026-08-31T00:00:00,2006-04-25T00:00:00,4/25/2006,1145923200,2026-08-18T00:00:00
97,FOF,0.0037,7.69912,7.6708300000000005,0.087,15.88,26,Morningstar US CEF US Allocation,30,"Cohen &amp; Steers Capital Management, Inc.",False,13.61,0.08,13.56,2026-08-31T00:00:00,19248P106,Cohen & Steers Closed-End Opportunity,2026-08-31,XFOFX,Hybrid-U.S. Allocation,,378.001,,Monthly,0.19373,0.087,20.0,6.1386,,7.64,0.9500000000000001,,376.612,False,True,False,False,False,False,,18.07,17.37,7.97,7.11,8.11,8.51,,,12.57,619750,,,95.6359,,,,13.49311,1.1283,-0.44,0.04,-0.44,2026-08-31T00:00:00,2006-11-20T00:00:00,11/20/2006,1163980800,2026-08-11T00:00:00
98,UTF,-0.0102,7.22628,7.30088,0.16499999999999998,13.81,8,Morningstar US CEF Sector Equity,29,Cohen &amp; Steers,False,27.12,-0.02,27.4,2026-08-31T00:00:00,19248A109,Cohen & Steers Infrastructure,2026-08-31,XUTFX,Equity-Sector Equity,28.31,3032.29,,Monthly,0.20763,0.16499999999999998,20.0,5.4498,,,3.43,,4273.597,True,True,True,False,False,False,,16.2,16.59,7.74,6.43,12.1,18.08,,,9.53,3633070,,,103.041,,7.43,,25.82548,-5.18527,1.58,1.6400000000000001,1.3900000000000001,2026-08-31T00:00:00,2004-03-30T00:00:00,3/30/2004,1080604800,2026-08-11T00:00:00
99,LDP,-0.0592,7.10991,7.55769,0.131,6.41,18,Morningstar US CEF Preferreds,30,"Cohen &amp; Steers Capital Management, Inc.",False,20.8,0.12,22.11,2026-08-31T00:00:00,19248C105,Cohen & Steers Ltd Duration Pref & Inc,2026-08-31,XLDPX,Fixed Income - Taxable-Preferreds,32.88,604.848,,Monthly,0.6786800000000001,0.131,25.0,,,,3.67,,957.942,True,False,False,False,False,False,,11.76,13.8,4.3,2.9699999999999998,2.85,3.29,,,4.74,619120,,,,,88.99,,21.06172,-5.8127200000000006,-0.08,0.6,0.88,2026-08-31T00:00:00,2012-07-27T00:00:00,7/27/2012,1343347200,2026-08-11T00:00:00
100,RQI,-0.0697,8.26953,8.88889,0.09,13.23,7,Morningstar US CEF Real Estate,29,Cohen &amp; Steers,False,12.15,-0.15,13.06,2026-08-31T00:00:00,19247L106,Cohen & Steers Qual Inc Realty,2026-08-31,XRQIX,Equity-Real Estate,26.99,1786.954,,Monthly,0.09720000000000001,0.09,15.0,4.5417000000000005,,,3.45,,2630.917,True,False,False,False,False,False,,12.01,11.12,3.3,2.52,17.1,12.9,,,6.78,4989800,,,102.1293,,7.49,,12.4268,-3.9039800000000002,-1.03,0.05,-0.81,2026-08-31T00:00:00,2002-02-28T00:00:00,2/28/2002,1014854400,2026-08-11T00:00:00
101,RLTY,-0.0785,7.85247,8.52163,0.11,12.04,7,Morningstar US CEF Real Estate,30,"Cohen &amp; Steers Capital Management, Inc.",True,15.49,-0.09,16.81,2026-08-31T00:00:00,19249Q103,Cohen & Steers Real Estate Opp & Inc Fd,2026-08-31,XRLTX,Equity-Real Estate,33.4,259.03,,Monthly,0.11394,0.11,20.0,5.2869,,,4.55,,422.104,True,True,False,False,True,False,,11.32,13.9,,,12.6,11.5,,,8.1,601510,,,104.0393,,,,15.32393,-7.29282,-0.37,1.24,0.75,2026-08-31T00:00:00,2022-02-24T00:00:00,2/24/2022,1645660800,2026-08-11T00:00:00
102,RNP,-0.06849999999999999,7.55206,8.1073,0.13599999999999998,9.42,7,Morningstar US CEF Real Estate,30,"Cohen &amp; Steers Capital Management, Inc.",True,20.13,-0.23,21.61,2026-08-31T00:00:00,19247X100,Cohen & Steers REIT & Preferred Inc Fd,2026-08-31,XRNPX,Equity-Real Estate,30.26,966.242,,Monthly,0.38016,0.13599999999999998,25.0,5.8091,,,3.37,,1487.407,True,False,False,False,True,False,,11.69,10.75,3.41,2.44,10.14,6.8100000000000005,,,-2.66,1200810,,,106.003,,6.69,,20.78128,-3.01288,-1.06,0.17,-0.71,2026-08-31T00:00:00,2003-06-27T00:00:00,6/27/2003,1056672000,2026-08-11T00:00:00
103,PSF,-0.0956,7.01624,7.75782,0.126,5.66,18,Morningstar US CEF Preferreds,29,Cohen &amp; Steers,False,19.49,0.05,21.55,2026-08-31T00:00:00,19248Y107,Cohen & Steers Select Preferred & Inc,2026-08-31,XPSFX,Fixed Income - Taxable-Preferreds,33.23,234.429,,Monthly,0.6429,0.126,25.0,7.0987,,,3.76,,388.207,True,False,False,False,False,False,,11.29,10.71,3.13,-1.5,2.06,1.09,,,2.94,377310,,,101.0886,,86.4,,20.11259,-8.30339,-0.86,-0.2,-0.1,2026-08-31T00:00:00,2010-11-24T00:00:00,11/24/2010,1290556800,2026-08-11T00:00:00
104,PTA,-0.08929999999999999,7.92899,8.70601,0.13399999999999998,4.62,18,Morningstar US CEF Preferreds,30,"Cohen &amp; Steers Capital Management, Inc.",True,18.47,-0.06,20.28,2026-08-31T00:00:00,19249X108,Cohen & Steers Tax-adv Prd Sec and Inc,2026-08-31,XPTAX,Fixed Income - Taxable-Preferreds,35.05,1020.901,,Monthly,0.63166,0.13399999999999998,25.0,7.3128,,,4.36,,1725.85,True,False,False,False,True,False,,10.01,9.61,2.74,1.8599999999999999,1.5,1.1,,,-0.63,1395710,,,103.3882,,,,19.47655,-6.42856,-1.56,-1.8599999999999999,-1.76,2026-08-31T00:00:00,2020-10-28T00:00:00,10/28/2020,1603843200,2026-08-11T00:00:00
105,RFI,-0.0291,8.22622,8.47308,0.08,9.1,7,Morningstar US CEF Real Estate,30,"Cohen &amp; Steers Capital Management, Inc.",False,11.33,-0.1,11.67,2026-08-31T00:00:00,19247R103,Cohen & Steers Total Return,2026-08-31,XRFIX,Equity-Real Estate,0.04,303.063,,Monthly,0.14464,0.08,15.0,6.5819,,,0.9400000000000001,,312.282,True,False,False,False,False,False,,9.52,8.93,2.7,0.68,11.15,8.41,,,1.78,945190,,,,,,,11.45292,-1.03732,-0.67,1.34,0.07,2026-08-31T00:00:00,1993-09-27T00:00:00,9/27/1993,749088000,2026-08-11T00:00:00
106,STK,-0.0512,3.35692,3.53796,0.46249999999999997,80.27,3,Morningstar US CEF Covered Call,31,"Columbia Mgmt Investment Advisers, LLC",True,52.29,-0.24,55.11,2026-08-31T00:00:00,19842X109,Columbia Seligman Premium Technology Gr,2026-08-31,XSTKX,Equity-Covered-Call Funds,,923.511,,Quarterly,-0.09022000000000001,0.46249999999999997,20.0,,,,1.12,,975.352,False,True,False,False,True,False,,38.4,32.09,21.86,20.22,50.2,46.43,,,76.17,564190,,,,,,,42.7466,-4.37838,-0.36,0.46,-0.22,2026-08-31T00:00:00,2009-11-25T00:00:00,11/25/2009,1259107200,2026-08-17T00:00:00
107,CLM,0.050499999999999996,22.99685,21.89189,0.1215,16.72,10,Morningstar US CEF US Equity,32,"Cornerstone Advisors, LLC",True,6.66,0.04,6.34,2026-08-31T00:00:00,21924B302,Cornerstone Strategic Investment Fund,2026-08-31,XCLMX,Equity-U.S. Equity,0.0,1969.799,,Monthly,-0.00202,0.1215,38.52,,,,1.1,,1875.154,True,False,False,False,True,False,,19.73,12.29,12.1,7.86,9.63,-8.97,,,-0.37,18624400,,,,,,,7.81326,19.32364,-3.6,-2.48,-3.02,2026-08-31T00:00:00,1987-06-23T00:00:00,6/23/1987,551404800,2026-08-14T00:00:00
108,CRF,0.042300000000000004,22.94634,22.0156,0.1176,17.04,10,Morningstar US CEF US Equity,32,"Cornerstone Advisors, LLC",True,6.41,-0.03,6.15,2026-08-31T00:00:00,21924U300,Cornerstone Total Return Fund,2026-08-31,XCRFX,Equity-U.S. Equity,9.5,1031.588,,Monthly,-0.00521,0.1176,25.0,,,,1.13,,989.745,True,False,False,False,True,False,,20.08,9.97,12.54,6.75,9.74,-8.96,,,-1.6099999999999999,12566840,,,,,,,7.4979700000000005,18.17057,-3.4,-2.42,-2.84,2026-08-31T00:00:00,1973-05-16T00:00:00,5/16/1973,106358400,2026-08-14T00:00:00
109,CIK,-0.1066,8.82353,9.87654,0.02,1.7000000000000002,14,Morningstar US CEF High Yield,107,UBS Asset Management (Americas) LLC,False,2.43,0.0,2.7199999999999998,2026-08-31T00:00:00,224916106,Credit Suisse Asset Mgmt Income,2026-08-31,XCIKX,Fixed Income - Taxable-High Yield,34.98,133.295,,Monthly,0.10128000000000001,0.02,10.0,6.9733,,,3.7,,229.484,True,False,False,False,False,False,,7.53,5.67,4.22,2.0,1.69,-8.47,,,-9.38,4688360,,,98.7034,,5.73,,2.68404,-3.93439,-1.57,-1.38,-1.35,2026-08-31T00:00:00,1987-03-23T00:00:00,3/23/1987,543456000,2026-08-17T00:00:00
110,DHY,-0.11460000000000001,9.6875,10.94118,0.0155,-3.11,14,Morningstar US CEF High Yield,107,UBS Asset Management (Americas) LLC,False,1.7000000000000002,-0.01,1.92,2026-08-31T00:00:00,22544F103,Credit Suisse High Yield Credit,2026-08-31,XDHYX,Fixed Income - Taxable-High Yield,30.67,176.136,,Monthly,0.08308,0.0155,10.0,7.0134,,,3.62,,286.925,True,False,False,False,False,False,,5.59,6.12,2.8,1.52,-3.66,-9.06,,,-10.32,6362950,,,98.7615,,5.73,,1.91249,-6.68497,-1.52,-1.88,-1.02,2026-08-31T00:00:00,1998-07-31T00:00:00,7/31/1998,901843200,2026-08-17T00:00:00
111,DXYZ,-0.0633,,,,395.66,8,Morningstar US CEF Sector Equity,34,Destiny Advisors LLC,True,32.13,5.4,34.3,2026-03-31T00:00:00,25063F107,Destiny Tech100 Inc,2026-08-31,DXYZ,Equity-Sector Equity,,706.099,,Monthly,-0.28507,,,,,,4.53,,753.787,False,True,False,False,True,False,,,,,,71.76,4.9,,,17.43,19926680,,,,,,,30.12019,79.63328,-0.93,0.44,-0.31,2026-08-31T00:00:00,2024-03-26T00:00:00,3/26/2024,1711411200,
112,DMA,-0.1535,15.01669,17.73982,0.11249999999999999,0.62,26,Morningstar US CEF US Allocation,35,Destra Capital Advisors LLC,True,7.61,0.0,8.99,2026-08-31T00:00:00,25065A502,Destra Multi-Alternative,2026-08-31,XDMAX,Hybrid-U.S. Allocation,10.94,68.21,,Monthly,0.19305,0.11249999999999999,,,,,3.29,,90.48,True,False,False,False,True,False,,1.4,17.43,-0.24,,-1.5,-4.93,,,2.32,261480,,,,,0.11,,8.23672,-14.67668,-0.26,0.32,0.43,2026-08-31T00:00:00,2022-01-13T00:00:00,1/13/2022,1642032000,2026-08-21T00:00:00
113,DNP,0.1331,8.1761,7.21554,0.065,11.22,8,Morningstar US CEF Sector Equity,39,Duff &amp; Phelps Inv Mgmt Co (IL),True,10.81,-0.12,9.54,2026-08-31T00:00:00,23325P104,DNP Select Income,2026-08-31,XDNPX,Equity-Sector Equity,23.41,4094.856,,Monthly,0.10944,0.065,10.0,5.6735,,,2.5300000000000002,,4718.628,True,True,True,False,True,False,,16.02,11.42,8.53,8.38,10.08,13.83,,,18.37,5891860,,,,,7.33,5.71,10.38364,6.64302,1.98,1.67,1.6099999999999999,2026-08-31T00:00:00,1987-01-21T00:00:00,1/21/1987,538185600,2026-08-31T00:00:00
114,DSL,-0.0683,11.55867,12.40602,0.11,3.27,13,Morningstar US CEF Global Income,37,DoubleLine Capital LP,False,10.64,-0.04,11.42,2026-08-31T00:00:00,258622109,DoubleLine Income Solutions Fund,2026-08-31,XDSLX,Fixed Income - Taxable-Global Income,23.64,1219.036,,Monthly,0.47242,0.11,25.0,7.5984,,,2.98,,1713.402,True,False,False,False,False,False,,9.93,7.13,1.03,0.56,3.88,2.24,,,-4.06,5682320,,,92.0647,,,,11.27198,-4.46138,-1.23,-0.87,-1.22,2026-08-31T00:00:00,2013-04-26T00:00:00,4/26/2013,1366934400,2026-08-19T00:00:00
115,DBL,-0.0275,9.08465,9.34183,0.11,2.85,17,Morningstar US CEF Multi-Sector,36,DoubleLine,False,14.13,-0.05,14.53,2026-08-31T00:00:00,258623107,Doubleline Opportunistic Cred,2026-08-31,XDBLX,Fixed Income - Taxable-Multi-Sector,8.01,279.377,,Monthly,0.46533,0.11,25.0,6.3207,,,2.02,,312.286,True,False,False,False,False,False,,9.07,8.81,2.62,1.8599999999999999,2.19,-1.57,,,-0.84,635390,,,84.4462,,,,14.83656,-0.88068,-1.08,-0.08,-0.37,2026-08-31T00:00:00,2012-01-26T00:00:00,1/26/2012,1327536000,2026-08-19T00:00:00
116,DLY,-0.0796,9.29263,10.09661,0.1167,3.7800000000000002,17,Morningstar US CEF Multi-Sector,37,DoubleLine Capital LP,True,13.870000000000001,-0.01,15.07,2026-08-31T00:00:00,25862D105,DoubleLine Yield Opportunities Fund,2026-08-31,XDLYX,Fixed Income - Taxable-Multi-Sector,16.06,673.241,,Monthly,0.62071,0.1167,20.0,7.4846,,,2.89,,871.488,True,False,False,False,True,False,,8.76,8.22,2.7800000000000002,2.08,2.76,1.8399999999999999,,,-1.4,2093230,,,95.3595,,,,14.43199,-6.56365,-0.92,-0.35000000000000003,-0.49,2026-08-31T00:00:00,2020-02-25T00:00:00,2/25/2020,1582588800,2026-08-19T00:00:00
117,DTF,-0.0334,3.25815,3.37079,0.0325,1.9100000000000001,21,Morningstar US CEF Municipal,38,Duff &amp; Phelps,False,11.57,-0.01,11.97,2026-08-31T00:00:00,23334J107,DTF Tax-Free Income 2028 Term,2026-08-31,XDTFX,Fixed Income - Municipal-Municipal,32.16,81.332,,Monthly,0.13742000000000001,0.0325,15.0,4.9315,,,1.08,,84.144,True,True,True,False,False,False,,2.38,5.65,-2.5,-1.48,0.91,3.63,,,5.84,74750,,,104.7125,,8.11,2.2,11.42567,-5.50401,2.23,1.9,2.1,2026-08-31T00:00:00,1991-11-29T00:00:00,11/29/1991,691372800,2026-08-17T00:00:00
118,DPG,-0.0931,5.66038,6.24133,0.075,21.33,8,Morningstar US CEF Sector Equity,39,Duff &amp; Phelps Inv Mgmt Co (IL),True,14.42,-0.16,15.9,2026-08-31T00:00:00,26433C105,Duff & Phelps Utility and Infra Fund Inc,2026-08-31,XDPGX,Equity-Sector Equity,21.83,519.078,,Monthly,0.045200000000000004,0.075,20.0,,,,3.34,,732.163,True,True,True,False,True,False,,22.17,24.56,11.42,8.97,15.97,18.01,,,20.11,720320,,,,,,,13.84101,-10.55286,1.1400000000000001,1.21,1.69,2026-08-31T00:00:00,2011-07-29T00:00:00,7/29/2011,1311897600,2026-08-31T00:00:00
119,KTF,-0.0102,8.28054,8.36571,0.061,7.77,21,Morningstar US CEF Municipal,41,"DWS Investment Management Americas, Inc.",False,8.75,-0.05,8.84,2026-08-31T00:00:00,233368109,DWS Municipal Income,2026-08-31,XKTFX,Fixed Income - Municipal-Municipal,37.18,342.857,,Monthly,0.19611,0.061,12.0,4.7412,,15.48,3.14,,551.384,True,False,True,False,False,False,,3.31,9.15,-1.83,-0.77,0.04,1.6,,,7.57,1330760,,,99.2754,,14.69,9.37,9.10532,-1.69021,0.72,-0.33,-0.18,2026-08-31T00:00:00,1988-10-20T00:00:00,10/20/1988,593308800,2026-08-19T00:00:00
120,GRF,-0.1862,6.88259,8.4578,0.85,4.35,10,Morningstar US CEF US Equity,98,Sims Capital Management LLC,False,10.0499,-0.5,12.35,2026-08-28T00:00:00,269451100,Eagle Capital Growth,2026-08-31,XGRFX,Equity-U.S. Equity,,39.876,,Annually,0.02503,0.85,10.0,,,,1.28,,49.003,False,False,False,False,False,False,,10.56,10.12,7.57,8.24,2.68,-6.08,,,3.31,29430,,,,,,,10.45775,-13.14183,-1.56,-1.71,-1.42,2026-08-31T00:00:00,1990-07-02T00:00:00,7/2/1990,646876800,2025-11-21T00:00:00
121,ECC,-0.0787,16.66667,18.09045,0.06,-23.56,19,Morningstar US CEF Senior Loans,42,Eagle Point Credit Management,False,3.98,0.14,4.38,2026-07-31T00:00:00,269808101,Eagle Point Credit Company LLC,2026-08-31,XECCX,Fixed Income - Taxable-Senior Loans,30.45,529.383,,Monthly,0.61938,0.06,20.0,,,,9.21,,826.215,True,False,True,False,False,False,,-3.1,-9.06,-0.92,-3.43,-12.38,-18.55,,,-32.09,14507860,,,,,,,4.91061,-8.78471,0.12,2.0,0.73,2026-08-31T00:00:00,2014-10-08T00:00:00,10/8/2014,1412726400,2026-08-11T00:00:00
122,EIC,-0.183,10.78431,13.2,0.11,-4.74,14,Morningstar US CEF High Yield,43,Eagle Point Income Management LLC,False,10.0,0.04,12.35,2026-07-31T00:00:00,269817102,Eagle Point Income Co Inc,2026-08-31,XEICX,Fixed Income - Taxable-High Yield,11.84,230.438,,Monthly,,0.11,19.89,10.1647,,,6.36,,319.938,True,False,False,False,False,False,,10.51,2.61,6.21,2.3,-1.4100000000000001,-4.45,,,-18.04,1484520,,,87.475,,,,10.90886,-16.35309,-0.39,0.22,0.15,2026-08-31T00:00:00,2019-07-23T00:00:00,7/23/2019,1563840000,2026-08-11T00:00:00
123,CEV,-0.0102,5.5607,5.61798,0.049999999999999996,8.37,22,Morningstar US CEF Municipal-CA,45,Eaton Vance Management,False,10.68,-0.04,10.79,2026-08-31T00:00:00,27826F101,Eaton Vance CA Muni Inc,2026-08-31,XCEVX,Fixed Income - Municipal-Municipal - CA,33.17,75.119,0.02,Monthly,0.23213,0.049999999999999996,15.0,6.8647,,,2.48,,113.559,True,True,True,False,False,False,,3.02,8.97,-1.65,-0.37,0.78,10.54,,,19.2,271550,3.0,,101.3992,,,9.77,10.28874,-7.0477,3.04,2.0,2.67,2026-08-31T00:00:00,1999-01-29T00:00:00,1/29/1999,917568000,2026-08-13T00:00:00
124,EOI,-0.051699999999999996,7.55221,7.96429,0.1338,9.92,3,Morningstar US CEF Covered Call,45,Eaton Vance Management,True,20.16,-0.05,21.26,2026-08-31T00:00:00,278274105,Eaton Vance Enhanced Equity Income,2026-08-31,XEOIX,Equity-Covered-Call Funds,,826.595,,Monthly,-0.04159,0.1338,20.0,,,,1.1,,871.697,False,True,False,False,True,False,,17.35,15.16,10.5,9.23,6.07,3.42,,,2.0,799930,,,,,,,20.11579,-3.87184,-0.48,1.96,0.22,2026-08-31T00:00:00,2004-10-26T00:00:00,10/26/2004,1098748800,2026-08-14T00:00:00
125,EOS,-0.09570000000000001,7.64047,8.44938,0.1523,7.66,3,Morningstar US CEF Covered Call,44,Eaton Vance,True,21.63,-0.03,23.92,2026-08-31T00:00:00,278277108,Eaton Vance Enhanced Equity Income II,2026-08-31,XEOSX,Equity-Covered-Call Funds,,1153.225,,Monthly,-0.06004,0.1523,20.0,,,,1.09,,1275.319,False,False,False,False,True,False,,16.82,15.04,8.13,5.6,2.89,-2.38,,,-2.22,1181590,,,,,,,22.45019,-6.97269,-0.99,-0.54,-0.7000000000000001,2026-08-31T00:00:00,2005-01-26T00:00:00,1/26/2005,1106697600,2026-08-14T00:00:00
126,EFT,-0.10779999999999999,6.81704,7.6404499999999995,0.06799999999999999,1.3,19,Morningstar US CEF Senior Loans,45,Eaton Vance Management,False,10.68,0.03,11.97,2026-08-31T00:00:00,278279104,Eaton Vance Floating-Rate Income,2026-08-31,XEFTX,Fixed Income - Taxable-Senior Loans,31.6,283.854,,Monthly,0.42226,0.06799999999999999,20.0,6.7698,,,4.45,,465.139,True,False,False,False,False,False,,6.06,5.75,4.83,2.33,0.53,-0.97,,,-4.2,1125040,,,,,,,11.13706,-9.30122,-0.96,-0.51,-0.5,2026-08-31T00:00:00,2004-06-29T00:00:00,6/29/2004,1088467200,2026-08-14T00:00:00
127,EVV,-0.0873,8.38554,9.18812,0.0696,2.27,16,Morningstar US CEF Limited Duration,44,Eaton Vance,False,9.09,-0.03,9.96,2026-08-31T00:00:00,27828H105,Eaton Vance Limited Duration Income,2026-08-31,XEVVX,Fixed Income - Taxable-Limited Duration,40.91,1056.289,,Monthly,0.31291,0.0696,20.0,6.6631,,0.0,4.04,,1958.538,True,False,False,False,False,False,,7.35,9.05,3.16,2.17,0.4,-2.59,,,-3.69,3241480,,,97.9783,,,,9.67326,-6.23855,-1.31,-0.58,-0.92,2026-08-31T00:00:00,2003-05-30T00:00:00,5/30/2003,1054252800,2026-08-13T00:00:00
128,EIM,-0.0645,5.95312,6.36326,0.0508,5.71,21,Morningstar US CEF Municipal,45,Eaton Vance Management,False,9.58,-0.02,10.24,2026-08-31T00:00:00,27827X101,Eaton Vance Municipal Bond,2026-08-31,XEIMX,Fixed Income - Municipal-Municipal,30.95,492.149,0.030000000000000002,Monthly,0.24144000000000002,0.0508,15.0,6.6154,,,2.88,,761.901,True,False,True,False,False,False,,2.5700000000000003,5.88,-1.67,-2.05,0.02,2.6,,,3.76,1532010,7.0,,104.6316,,,8.07,9.848980000000001,-7.01362,0.54,0.91,0.58,2026-08-31T00:00:00,2002-08-30T00:00:00,8/30/2002,1030665600,2026-08-14T00:00:00
129,EVN,0.026699999999999998,5.86845,5.71588,0.0513,6.99,21,Morningstar US CEF Municipal,44,Eaton Vance,False,10.77,0.09,10.49,2026-08-31T00:00:00,27826U108,Eaton Vance Municipal Income,2026-08-31,XEVNX,Fixed Income - Municipal-Municipal,34.25,429.969,0.045,Monthly,0.26558,0.0513,15.0,7.2679,,,2.46,,636.944,True,False,True,False,False,False,,3.7199999999999998,10.08,-1.3599999999999999,-0.41000000000000003,0.99,3.98,,,9.12,773820,7.0,,102.7977,,,7.67,10.83132,0.5303800000000001,1.21,1.06,1.42,2026-08-31T00:00:00,1999-01-29T00:00:00,1/29/1999,917568000,2026-08-13T00:00:00
130,EOT,-0.0265,4.62528,4.7513,0.0683,6.8,21,Morningstar US CEF Municipal,45,Eaton Vance Management,False,17.25,0.05,17.72,2026-08-31T00:00:00,27829L105,Eaton Vance National Municipal Opprs Tr,2026-08-31,XEOTX,Fixed Income - Municipal-Municipal,12.71,269.53,0.099,Monthly,0.41933000000000004,0.0683,20.0,5.6835,,,1.25,,317.171,True,True,True,False,False,False,,4.21,6.47,-0.36,-0.97,0.9500000000000001,5.27,,,9.0,369660,20.0,,98.0285,,,9.17,17.07917,-5.5842,1.52,1.06,1.24,2026-08-31T00:00:00,2009-05-27T00:00:00,5/27/2009,1243382400,2026-08-14T00:00:00
131,ETJ,-0.0731,8.51908,9.19059,0.06509999999999999,2.25,3,Morningstar US CEF Covered Call,45,Eaton Vance Management,True,8.5,-0.01,9.17,2026-08-31T00:00:00,27829G106,Eaton Vance Risk-Mgd Divers Eq Inc,2026-08-31,XETJX,Equity-Covered-Call Funds,,572.065,,Monthly,-0.01498,0.06509999999999999,20.0,,,,1.12,,617.157,False,False,True,False,True,False,,11.15,11.22,6.05,3.9,0.05,2.44,,,3.5,1340680,,,,,,,8.61768,-8.78125,1.73,2.16,1.94,2026-08-31T00:00:00,2007-07-31T00:00:00,7/31/2007,1185840000,2026-08-14T00:00:00
132,EFR,-0.1099,7.10059,7.97721,0.06999999999999999,2.09,19,Morningstar US CEF Senior Loans,45,Eaton Vance Management,False,10.53,-0.04,11.83,2026-08-31T00:00:00,27828Q105,Eaton Vance Senior Floating Rate,2026-08-31,XEFRX,Fixed Income - Taxable-Senior Loans,31.13,310.884,,Monthly,0.42058,0.06999999999999999,20.0,6.7598,,4.83,3.26,,507.169,True,False,False,False,False,False,,6.16,5.27,5.0,3.04,1.16,-0.36,,,-2.04,1455210,,,,,,,10.88456,-9.85857,-0.75,-0.5,0.09,2026-08-31T00:00:00,2003-11-24T00:00:00,11/24/2003,1069632000,2026-08-14T00:00:00
133,EVF,-0.1188,6.80851,7.72636,0.032,2.39,19,Morningstar US CEF Senior Loans,45,Eaton Vance Management,False,4.97,0.0,5.64,2026-08-31T00:00:00,27826S103,Eaton Vance Senior Income,2026-08-31,XEVFX,Fixed Income - Taxable-Senior Loans,35.99,90.306,,Monthly,0.22106,0.032,10.0,6.8671,,,2.76,,160.097,True,False,False,False,False,False,,6.42,5.09,4.7,2.83,1.4,-0.41000000000000003,,,-2.83,782560,,,,,,,5.17441,-9.98885,-0.98,-0.15,-0.28,2026-08-31T00:00:00,1998-10-30T00:00:00,10/30/1998,909705600,2026-08-13T00:00:00
134,EVG,-0.0325,7.9278,8.19403,0.0732,5.75,16,Morningstar US CEF Limited Duration,45,Eaton Vance Management,True,10.72,-0.03,11.08,2026-08-31T00:00:00,27828V104,Eaton Vance Short Duration Divers Inc,2026-08-31,XEVGX,Fixed Income - Taxable-Limited Duration,12.35,144.258,,Monthly,0.30311,0.0732,20.0,5.7273,,,2.77,,170.103,True,False,True,False,True,False,,9.47,11.14,4.85,4.35,2.63,3.7,,,3.13,372280,,,97.5071,,,,10.88411,-3.50924,0.19,1.37,1.48,2026-08-31T00:00:00,2005-02-28T00:00:00,2/28/2005,1109548800,2026-08-14T00:00:00
135,ETG,-0.0859,5.84847,6.39835,0.1293,29.1,5,Morningstar US CEF Global Equity,45,Eaton Vance Management,False,24.25,-0.15,26.53,2026-08-31T00:00:00,27828S101,Eaton Vance Tax Adv Global Dividend Inc,2026-08-31,XETGX,Equity-Global Equity,15.45,1850.806,,Monthly,0.39383,0.1293,20.0,7.0383,,,2.2800000000000002,,2394.82,True,True,False,False,False,False,,20.94,22.15,10.79,9.9,16.39,9.84,,,24.52,1104340,,,,,3.76,,22.40307,-7.34157,-0.5700000000000001,1.76,0.8,2026-08-31T00:00:00,2004-01-30T00:00:00,1/30/2004,1075420800,2026-08-14T00:00:00
136,EVT,-0.0636,6.41299,6.84882,0.1646,25.63,26,Morningstar US CEF US Allocation,45,Eaton Vance Management,True,28.84,-0.11,30.8,2026-08-31T00:00:00,27828G107,Eaton Vance Tax Advantaged Dividend Inc,2026-08-31,,Hybrid-U.S. Allocation,16.3,2149.814,,Monthly,0.12479,0.1646,20.0,7.0577,,,2.27,,2742.918,True,True,True,False,True,False,,17.19,17.97,9.47,8.47,18.42,20.38,,,27.78,1018600,,,,,4.98,,25.7851,-8.49639,1.98,1.29,1.67,2026-08-31T00:00:00,2003-09-30T00:00:00,9/30/2003,1064880000,2026-08-14T00:00:00
137,ETO,-0.0941,5.92816,6.54374,0.17329999999999998,27.08,25,Morningstar US CEF Global Allocation,45,Eaton Vance Management,True,31.78,-0.07,35.08,2026-08-31T00:00:00,27828U106,Eaton Vance Tax-Advantaged Glbl Div Opp,2026-08-31,XETOX,Hybrid-Global Allocation,15.19,520.815,,Monthly,0.64905,0.17329999999999998,20.0,7.1114,,,2.26,,677.896,True,True,False,False,True,False,,19.91,20.38,9.81,7.75,15.06,9.64,,,24.39,317690,,,,,3.63,,29.36429,-8.97409,-0.35000000000000003,1.67,0.75,2026-08-31T00:00:00,2004-04-30T00:00:00,4/30/2004,1083283200,2026-08-14T00:00:00
138,ETB,-0.0785,7.44197,8.07634,0.10579999999999999,16.8,3,Morningstar US CEF Covered Call,45,Eaton Vance Management,True,15.72,-0.1,17.06,2026-08-31T00:00:00,27828X100,Eaton Vance Tax-Managed Buy-Write Income,2026-08-31,XETBX,Equity-Covered-Call Funds,,461.771,,Monthly,0.00844,0.10579999999999999,20.0,,,,1.12,,501.133,False,True,False,False,True,False,,15.2,15.0,9.82,7.74,9.74,8.8,,,14.46,520390,,,,,,,15.22828,-7.26116,-0.63,0.99,0.12,2026-08-31T00:00:00,2005-04-27T00:00:00,4/27/2005,1114560000,2026-08-14T00:00:00
139,ETV,-0.0506,7.3601,7.75277,0.0993,17.26,3,Morningstar US CEF Covered Call,45,Eaton Vance Management,True,15.37,-0.12,16.19,2026-08-31T00:00:00,27828Y108,Eaton Vance Tax-Managed Buy-Write Opp,2026-08-31,XETVX,Equity-Covered-Call Funds,,1794.518,,Monthly,-0.00319,0.0993,20.0,,,,1.08,,1890.256,False,True,True,False,True,False,,16.4,16.15,9.1,7.66,8.71,12.99,,,19.26,1796260,,,,,,,14.4848,-7.13621,1.98,1.4,1.53,2026-08-31T00:00:00,2005-06-27T00:00:00,6/27/2005,1119830400,2026-08-14T00:00:00
140,ETY,-0.0824,7.54373,8.22099,0.0992,10.32,3,Morningstar US CEF Covered Call,45,Eaton Vance Management,True,14.48,-0.12,15.78,2026-08-31T00:00:00,27828N102,Eaton Vance Tax-Managed Divrs Equity Inc,2026-08-31,XETYX,Equity-Covered-Call Funds,,2306.383,,Monthly,-0.02538,0.0992,20.0,,,,1.06,,2513.448,False,False,False,False,True,False,,16.94,14.88,10.79,8.45,6.09,-0.37,,,-0.99,2298830,,,,,,,14.95753,-3.65314,-1.34,-0.48,-1.05,2026-08-31T00:00:00,2006-11-27T00:00:00,11/27/2006,1164585600,2026-08-14T00:00:00
141,EXG,-0.0716,7.32714,7.89189,0.0657,24.05,3,Morningstar US CEF Covered Call,45,Eaton Vance Management,True,9.99,-0.05,10.76,2026-08-31T00:00:00,27829F108,Eaton Vance Tax-Mgd Glb Divrs Equity Inc,2026-08-31,XEXGX,Equity-Covered-Call Funds,,3056.301,,Monthly,0.03165,0.0657,20.0,,,,1.07,,3291.872,False,True,False,False,True,False,,16.7,18.64,9.15,7.75,13.02,10.77,,,21.67,4526510,,,,,,,9.37732,-6.79847,-0.28,1.55,0.87,2026-08-31T00:00:00,2007-02-23T00:00:00,2/23/2007,1172188800,2026-08-14T00:00:00
142,ETW,-0.09179999999999999,7.3168,8.05662,0.0664,20.65,3,Morningstar US CEF Covered Call,44,Eaton Vance,True,9.89,-0.03,10.89,2026-08-31T00:00:00,27829C105,Eaton Vance Tx-Mgd Glbl Buy-Write Opp,2026-08-31,XETWX,Equity-Covered-Call Funds,,1074.032,,Monthly,0.06057,0.0664,20.0,,,,1.1,,1182.63,False,True,True,False,True,False,,16.02,17.6,8.39,6.97,12.08,13.49,,,19.72,3133210,,,,,,,9.27115,-10.05762,1.01,2.22,1.74,2026-08-31T00:00:00,2005-09-28T00:00:00,9/28/2005,1127865600,2026-08-14T00:00:00
143,EARN,0.08710000000000001,23.8806,21.96796,0.08,-17.94,19,Morningstar US CEF Senior Loans,46,Ellington Credit Co Management LLC,True,4.37,-0.21,4.18,2026-06-30T00:00:00,288578107,Ellington Credit Company,2026-08-31,EARN,Fixed Income - Taxable-Senior Loans,52.01,166.808,,Monthly,,0.08,5.5,,,,8.65,,319.722,True,False,True,False,True,False,,,-4.51,,-12.97,-10.89,-4.28,,,-6.13,3980100,,,,,,,4.9492,-2.96328,0.98,-0.12,0.42,2026-08-31T00:00:00,2025-04-01T00:00:00,4/1/2025,1743465600,2026-08-31T00:00:00
144,ECF,-0.1282,6.23229,7.14866,0.22,21.73,11,Morningstar US CEF Convertibles,60,Gabelli Funds LLC,False,12.31,-0.12,14.12,2026-08-31T00:00:00,289074106,Ellsworth Growth and Income Fund,2026-08-31,XECFX,Fixed Income - Taxable-Convertibles,13.58,168.129,,Quarterly,0.01674,0.22,10.0,2.3543,,,1.22,,223.155,True,True,False,False,False,False,,20.66,20.37,5.3,4.35,15.25,9.14,,,20.81,316990,,,,,52.2,,12.17205,-10.77151,-1.23,-1.16,-1.23,2026-08-31T00:00:00,1986-06-20T00:00:00,6/20/1986,519609600,2026-06-15T00:00:00
145,EEA,-0.13970000000000002,3.39352,3.9443900000000003,0.21989999999999998,16.29,5,Morningstar US CEF Global Equity,40,DWS,False,11.15,-0.07,12.96,2026-08-31T00:00:00,298768102,European Equity Fund,2026-08-31,XEEAX,Equity-Global Equity,0.32,74.992,,Semi-Annually,0.11995,0.21989999999999998,10.0,,,,1.42,,87.165,True,True,False,False,False,False,,13.15,15.18,5.87,6.77,11.15,10.49,,,15.3,284200,,,,,,,10.71891,-13.96903,0.0,1.07,1.01,2026-08-31T00:00:00,1986-07-23T00:00:00,7/23/1986,522460800,2026-05-26T00:00:00
146,ETX,0.0055000000000000005,5.19314,5.16456,0.07819999999999999,2.62,21,Morningstar US CEF Municipal,45,Eaton Vance Management,False,18.17,0.02,18.07,2026-08-31T00:00:00,27829U105,EV Municipal Income 2028 Term Trust,2026-08-31,XETTX,Fixed Income - Municipal-Municipal,3.2800000000000002,197.981,0.17300000000000001,Monthly,0.34061,0.07819999999999999,20.0,4.4384,,,0.89,,203.562,True,False,False,False,False,True,,3.73,7.32,0.86,-0.27,1.4,0.47000000000000003,,,0.61,177470,2.0,,101.174,,,2.12,18.8465,2.5252,-1.49,-1.04,-1.29,2026-08-31T00:00:00,2013-03-26T00:00:00,3/26/2013,1364256000,2026-08-14T00:00:00
147,FMN,-0.07719999999999999,4.48505,4.86049,0.045,7.03,21,Morningstar US CEF Municipal,47,Federated Advisers,False,11.11,0.03,12.04,2026-08-31T00:00:00,31423P108,Federated Premier Municipal Income,2026-08-31,XFMNX,Fixed Income - Municipal-Municipal,37.86,86.866,,Monthly,0.27121,0.045,15.0,5.0469,,,3.7,,151.487,True,False,True,False,False,False,,4.03,7.15,-1.43,-2.66,-0.03,3.2800000000000002,,,9.4,266370,15.72,,103.46340000000001,,14.59,8.69,11.13992,-10.21557,2.79,2.51,2.17,2026-08-31T00:00:00,2002-12-20T00:00:00,12/20/2002,1040342400,2026-08-21T00:00:00
148,FFA,-0.0891,6.05705,6.64951,0.38749999999999996,21.63,3,Morningstar US CEF Covered Call,49,First Trust Advisors L.P.,True,23.31,0.04,25.59,2026-08-31T00:00:00,337318109,First Trust Enhanced Equity Income,2026-08-31,XFFAX,Equity-Covered-Call Funds,,465.922,,Quarterly,0.03341,0.38749999999999996,20.0,,,,1.12,,511.495,False,True,False,False,True,False,,19.3,16.95,11.13,9.27,11.48,9.8,,,18.03,264360,,,,,,,21.9505,-8.84493,-0.05,1.72,1.37,2026-08-31T00:00:00,2004-08-26T00:00:00,8/26/2004,1093478400,2026-06-22T00:00:00
149,FTHY,-0.0381,10.77586,11.20239,0.125,2.09,14,Morningstar US CEF High Yield,49,First Trust Advisors L.P.,True,13.39,0.01,13.92,2026-08-31T00:00:00,33741Q107,FIRST TRUST HY OPPORTUNITIES 2027 Term,2026-08-31,XFTHYX,Fixed Income - Taxable-High Yield,21.36,492.39,,Monthly,0.42555,0.125,20.0,6.43,,,3.5,,650.88,True,False,True,False,True,True,,6.64,10.37,1.65,1.74,-0.02,2.34,,,1.78,1005980,,,98.6569,,,,13.86033,-4.25866,0.44,-0.46,0.25,2026-08-31T00:00:00,2020-06-25T00:00:00,6/25/2020,1593043200,2026-09-01T00:00:00
150,FPF,-0.048,8.79531,9.23852,0.13749999999999998,4.33,18,Morningstar US CEF Preferreds,49,First Trust Advisors L.P.,False,17.86,0.06,18.76,2026-08-31T00:00:00,33718W103,First Trust Inter Dur Pref & Income Fund,2026-08-31,XFPFX,Fixed Income - Taxable-Preferreds,36.39,1086.742,,Monthly,0.64279,0.13749999999999998,25.0,7.3995,,,4.2,,1794.447,True,False,True,False,False,False,,11.18,15.27,2.13,0.85,-0.1,0.99,,,1.06,1191670,,,101.3111,,5.93,,18.45682,-5.21886,0.33,1.35,1.16,2026-08-31T00:00:00,2013-05-23T00:00:00,5/23/2013,1369267200,2026-09-01T00:00:00
151,FMY,-0.059500000000000004,6.28019,6.6778,0.065,3.13,15,Morningstar US CEF Investment Grade,49,First Trust Advisors L.P.,False,11.6805,0.05,12.42,2026-08-31T00:00:00,33734E103,First Trust Mortgage Income,2026-08-31,XFMYX,Fixed Income - Taxable-Investment Grade,7.11,49.211,,Monthly,0.16028,0.065,20.0,5.027,,,1.4,,52.327,True,False,True,False,False,False,,7.49,8.6,3.71,3.26,0.8200000000000001,-0.1,,,1.33,61460,,,90.346,,,,11.92372,-6.18751,0.21,1.15,0.75,2026-08-31T00:00:00,2005-05-25T00:00:00,5/25/2005,1116979200,2026-09-01T00:00:00
152,DFP,-0.07780000000000001,7.09312,7.6917100000000005,0.1314,5.48,18,Morningstar US CEF Preferreds,51,Flaherty &amp; Crumrine Inc,False,20.5,-0.05,22.23,2026-08-31T00:00:00,33848W106,Flah & Crum Dynamic Pref & Income Fund,2026-08-31,XDFPX,Fixed Income - Taxable-Preferreds,37.7,421.032,,Monthly,0.77839,0.1314,25.0,7.3869,,,4.3,,732.863,True,False,False,False,False,False,,11.18,12.91,2.64,0.42,1.87,3.59,,,5.46,536030,,,102.9091,,7.14,,21.03834,-7.16246,-0.44,0.01,0.01,2026-08-31T00:00:00,2013-05-24T00:00:00,5/24/2013,1369353600,2026-08-24T00:00:00
153,FFC,-0.0739,7.30192,7.88442,0.1046,5.73,18,Morningstar US CEF Preferreds,51,Flaherty &amp; Crumrine Inc,False,15.92,-0.01,17.19,2026-08-31T00:00:00,338478100,Flah&Crum Preferred Securities,2026-08-31,XFFCX,Fixed Income - Taxable-Preferreds,37.74,766.992,,Monthly,0.624,0.1046,25.0,7.3168,,,4.1,,1330.178,True,False,False,False,False,False,,11.55,13.71,2.62,0.16,2.06,1.43,,,5.65,1065830,,,102.3775,,7.28,,16.32542,-6.83611,-0.42,-0.31,0.28,2026-08-31T00:00:00,2003-01-31T00:00:00,1/31/2003,1043971200,2026-08-24T00:00:00
154,FLC,-0.1036,6.9436,7.74592,0.10669999999999999,5.33,18,Morningstar US CEF Preferreds,51,Flaherty &amp; Crumrine Inc,False,16.53,-0.06,18.44,2026-08-31T00:00:00,338479108,Flah&Crum Total Return Fund,2026-08-31,XFLCX,Fixed Income - Taxable-Preferreds,38.06,172.851,,Monthly,0.629,0.10669999999999999,25.0,7.4035,,,4.5600000000000005,,311.324,True,False,False,False,False,False,,11.08,12.79,2.37,-0.09,1.71,-0.79,,,3.47,218690,,,103.068,,7.57,,17.24265,-8.33112,-1.6,-1.45,-1.33,2026-08-31T00:00:00,2003-08-29T00:00:00,8/29/2003,1062115200,2026-08-24T00:00:00
155,PFD,-0.0745,6.83077,7.38058,0.0703,5.21,18,Morningstar US CEF Preferreds,50,Flaherty &amp; Crumrine,False,11.43,0.15,12.35,2026-08-31T00:00:00,338480106,Flaherty & Crumrine Preferred Income,2026-08-31,XPFDX,Fixed Income - Taxable-Preferreds,36.46,146.905,,Monthly,0.41405000000000003,0.0703,15.0,7.2969,,,4.31,,249.829,True,False,False,False,False,False,,10.86,12.86,2.5,0.06,1.9,0.97,,,6.76,265300,,,103.0638,,7.33,,11.65039,-7.38787,-0.06,1.0,0.9400000000000001,2026-08-31T00:00:00,1991-01-31T00:00:00,1/31/1991,665280000,2026-08-24T00:00:00
156,PFO,-0.1003,6.7567,7.50993,0.0567,5.2,18,Morningstar US CEF Preferreds,51,Flaherty &amp; Crumrine Inc,False,9.06,0.0,10.07,2026-08-31T00:00:00,33848E106,Flaherty & Crumrine Preferred Income Opp,2026-08-31,XPFOX,Fixed Income - Taxable-Preferreds,37.97,118.481,,Monthly,0.34372,0.0567,12.5,7.4124,,,4.62,,212.289,True,False,False,False,False,False,,11.0,13.14,2.38,0.02,1.9,0.58,,,4.68,313390,,,102.9109,,7.54,,9.37362,-8.63861,-0.99,-0.38,-0.4,2026-08-31T00:00:00,1992-02-13T00:00:00,2/13/1992,697939200,2026-08-24T00:00:00
157,FXBY,-0.3429,0.34319,0.5222600000000001,0.13,22.6,10,Morningstar US CEF US Equity,73,Midas Management Corporation,False,24.8916,0.0,37.88,2026-08-31T00:00:00,351645205,FOXBY CORP,2026-08-31,,Equity-U.S. Equity,13.45,12.986,,Annually,-0.10635,0.13,10.0,,,,2.98,,22.834,True,True,True,False,False,False,,24.72,31.79,13.92,16.52,16.2,7.06,,,35.4,2600,,,,,,,22.02585,-34.83226,0.13,1.92,0.5,2026-08-31T00:00:00,1999-10-29T00:00:00,10/29/1999,941155200,2025-12-15T00:00:00
158,FTF,-0.087,11.67722,12.79029,0.0615,3.9,16,Morningstar US CEF Limited Duration,53,"Franklin Advisers, Inc.",True,5.77,-0.03,6.32,2026-08-31T00:00:00,35472T101,Franklin Limited Duration Income Trust,2026-08-31,XFTFX,Fixed Income - Taxable-Limited Duration,28.92,233.139,,Monthly,0.27933,0.0615,15.0,6.7342,,,3.66,,359.252,True,False,False,False,True,False,,7.06,9.78,3.56,2.69,3.04,1.9500000000000002,,,1.6099999999999999,1896100,,,98.5867,,5.86,,6.02875,-7.95729,-0.56,0.53,0.15,2026-08-31T00:00:00,2003-08-27T00:00:00,8/27/2003,1061942400,2026-08-24T00:00:00
159,PMM,-0.0401,6.11111,6.36656,0.033,7.69,21,Morningstar US CEF Municipal,53,"Franklin Advisers, Inc.",False,6.22,-0.02,6.48,2026-08-31T00:00:00,746823103,Franklin Managed Municipal Income,2026-08-31,XPMMX,Fixed Income - Municipal-Municipal,29.84,266.424,,Monthly,0.15044,0.033,10.0,5.017,,,1.06,,395.611,True,False,True,False,False,False,,5.4,7.83,-0.34,-1.28,0.59,2.94,,,12.07,995140,,,94.3248,,12.95,9.47,6.22643,-6.7152,1.6,0.47000000000000003,1.05,2026-08-31T00:00:00,1989-02-24T00:00:00,2/24/1989,604281600,2026-08-24T00:00:00
160,PIM,-0.042,7.92793,8.27586,0.022,3.37,15,Morningstar US CEF Investment Grade,53,"Franklin Advisers, Inc.",False,3.19,0.01,3.33,2026-08-31T00:00:00,746909100,Franklin Master Intermediate Income,2026-08-31,XPIMX,Fixed Income - Taxable-Investment Grade,37.0,153.708,,Monthly,0.07573,0.022,10.0,5.6026,,,1.02,,254.677,True,False,True,False,False,False,,7.18,9.17,3.33,3.18,1.65,0.91,,,3.27,957200,,,92.1741,,,,3.26993,-4.62669,0.24,2.4,1.56,2026-08-31T00:00:00,1988-04-29T00:00:00,4/29/1988,578275200,2026-08-24T00:00:00
161,PMO,-0.06309999999999999,5.70384,6.0878,0.052,6.67,21,Morningstar US CEF Municipal,53,"Franklin Advisers, Inc.",False,10.25,0.02,10.94,2026-08-31T00:00:00,746922103,Franklin Municipal Opportunities,2026-08-31,XPMOX,Fixed Income - Municipal-Municipal,34.8,280.844,,Monthly,0.22914,0.052,15.0,4.9449000000000005,21.2967,17.07,1.04,,459.715,True,False,True,True,False,False,,4.48,5.71,-0.53,-2.39,-0.37,-0.91,,,8.62,646890,,,96.3899,,12.91,9.36,10.44951,-7.59143,1.23,0.7000000000000001,1.12,2026-08-31T00:00:00,1993-05-28T00:00:00,5/28/1993,738547200,2026-08-24T00:00:00
162,PPT,-0.054900000000000004,8.57143,9.06977,0.026,3.29,13,Morningstar US CEF Global Income,53,"Franklin Advisers, Inc.",False,3.44,-0.02,3.64,2026-08-31T00:00:00,746853100,Franklin Premier Income,2026-08-31,XPPTX,Fixed Income - Taxable-Global Income,30.23,328.752,,Monthly,0.08203,0.026,10.0,5.5877,,,0.9400000000000001,,498.615,True,False,True,False,False,False,,7.16,8.44,3.42,2.9699999999999998,1.57,3.14,,,1.83,1602380,,,92.1578,,,,3.54949,-5.53362,0.03,1.8,0.98,2026-08-31T00:00:00,1988-02-29T00:00:00,2/29/1988,573091200,2026-08-24T00:00:00
163,FT,-0.10039999999999999,5.95099,6.61479,0.042499999999999996,7.39,26,Morningstar US CEF US Allocation,53,"Franklin Advisers, Inc.",False,7.71,-0.02,8.57,2026-08-31T00:00:00,355145103,Franklin Universal Trust,2026-08-31,XFUTX,Hybrid-U.S. Allocation,21.79,193.767,,Monthly,0.1812,0.042499999999999996,10.0,7.2423,,,2.99,,275.38,True,False,False,False,False,False,,12.0,11.98,5.91,5.16,4.06,0.54,,,3.61,445540,,,88.5569,,4.99,,8.03406,-8.0923,-1.73,-1.6,-1.69,2026-08-31T00:00:00,1988-09-23T00:00:00,9/23/1988,590976000,2026-08-24T00:00:00
164,FSCO,-0.27140000000000003,10.02532,13.76062,0.059399999999999994,7.86,17,Morningstar US CEF Multi-Sector,56,FS Global Advisor LLC,True,5.18,0.0,7.11,2026-08-31T00:00:00,30290Y101,FS Credit Opportunities Corp.,2026-08-31,XFSCX,Fixed Income - Taxable-Multi-Sector,32.61,1027.483,,Monthly,0.31886000000000003,0.059399999999999994,,,,,7.0,,2092.861,True,False,False,False,True,False,,12.0,11.86,,,7.27,-9.78,,,-20.98,14680910,,,,,,,5.71379,-19.86529,-0.7000000000000001,2.06,0.93,2026-08-31T00:00:00,2022-11-14T00:00:00,11/14/2022,1668384000,2026-08-24T00:00:00
165,FSSL,-0.34130000000000005,10.02235,15.21628,0.1495,,19,Morningstar US CEF Senior Loans,57,FS Specialty Lending Advisor LLC,True,11.79,0.08,17.9,2026-08-31T00:00:00,644323107,FS Specialty Lending Fund,2026-08-31,FSSL,Fixed Income - Taxable-Senior Loans,,895.07,,Monthly,,0.1495,14.12,,,,6.14,,1358.927,False,True,True,False,True,False,,,,,,4.6,-8.53,,,,0,,,92.6454,,,,,,,1.9,0.31,2026-08-31T00:00:00,2025-11-13T00:00:00,11/13/2025,1762992000,2026-08-24T00:00:00
166,VCX,5.903,,,,66.4,8,Morningstar US CEF Sector Equity,58,"Fundrise Advisors, LLC",False,34.97,0.0,18.97,2026-03-31T00:00:00,360852107,Fundrise Innovation Common Share,2026-08-31,XVCX,Equity-Sector Equity,,,,,,,,,,,0.0,,,False,True,True,False,False,False,,23.59,,,,,,,,,0,,,98.7494,,,,,,,,,2026-08-31T00:00:00,2022-07-25T00:00:00,7/25/2022,1658707200,
167,GCV,0.0088,10.61947,10.52632,0.12,19.72,26,Morningstar US CEF US Allocation,59,Gabelli,True,4.5600000000000005,-0.03,4.52,2026-08-31T00:00:00,36240B109,Gabelli Conv Inc Secs,2026-08-31,XGCVX,Hybrid-U.S. Allocation,6.25,91.873,,Quarterly,-0.0030600000000000002,0.12,11.25,2.2444,,,2.07,,97.142,True,True,True,False,True,False,,16.23,17.83,2.9699999999999998,4.39,14.56,15.96,,,25.24,625070,,,,,,,4.40498,-1.27346,0.76,0.45,0.38,2026-08-31T00:00:00,1995-03-31T00:00:00,3/31/1995,796608000,2026-06-15T00:00:00
168,GDV,-0.10769999999999999,5.32544,5.96817,0.15,18.05,10,Morningstar US CEF US Equity,60,Gabelli Funds LLC,True,30.16,-0.14,33.8,2026-08-31T00:00:00,36242H104,Gabelli Dividend & Income,2026-08-31,XGDVX,Equity-U.S. Equity,13.98,2659.131,,Monthly,0.03689,0.15,20.0,,,,1.83,,3464.495,True,True,False,False,True,False,,17.11,20.26,8.35,8.77,14.02,13.18,,,19.1,1050630,,,,,0.19,,28.31841,-10.725950000000001,-0.07,0.5700000000000001,-0.14,2026-08-31T00:00:00,2003-11-28T00:00:00,11/28/2003,1069977600,2026-08-17T00:00:00
169,GAB,-0.0374,10.18676,10.58201,0.15,16.36,10,Morningstar US CEF US Equity,59,Gabelli,True,5.67,0.01,5.89,2026-08-31T00:00:00,362397101,Gabelli Equity,2026-08-31,XGABX,Equity-U.S. Equity,14.7,1940.934,,Quarterly,-0.0032400000000000003,0.15,10.0,,,,1.6099999999999999,,2363.697,True,False,False,False,True,False,,16.29,13.61,9.17,7.37,12.53,-1.52,,,4.7,7702510,,,,,0.37,0.31,5.86938,1.5042,-0.86,1.06,0.03,2026-08-31T00:00:00,1986-08-21T00:00:00,8/21/1986,524966400,2026-06-15T00:00:00
170,GGZ,-0.1008,4.60022,5.11571,0.21,15.32,5,Morningstar US CEF Global Equity,59,Gabelli,False,16.42,-0.02,18.26,2026-08-31T00:00:00,36249W104,Gabelli Global Small & Mid Cap Value Tru,2026-08-31,XGGZX,Equity-Global Equity,22.13,126.559,,Quarterly,-0.02634,0.21,12.0,,,,2.31,,180.741,True,True,True,False,False,False,,14.23,18.34,4.71,5.96,13.06,12.44,,,20.26,88030,,,,,0.24,0.18,15.3683,-11.45283,0.87,1.0,0.51,2026-08-31T00:00:00,2014-06-23T00:00:00,6/23/2014,1403481600,2026-06-15T00:00:00
171,GLU,-0.044500000000000005,6.6,6.90738,0.11,18.06,8,Morningstar US CEF Sector Equity,60,Gabelli Funds LLC,True,19.11,-0.04,20.0,2026-08-31T00:00:00,36242L105,Gabelli Global Utility & Income,2026-08-31,XGLUX,Equity-Sector Equity,17.8,114.42,,Monthly,0.0712,0.11,20.0,,,,1.35,,145.674,True,False,False,False,True,False,,18.34,19.43,6.16,6.05,13.63,3.73,,,13.88,94590,,,,,0.14,0.11,19.21976,-0.788,-1.09,0.15,-0.56,2026-08-31T00:00:00,2004-05-25T00:00:00,5/25/2004,1085443200,2026-08-17T00:00:00
172,GRX,-0.10859999999999999,6.05521,6.79321,0.16999999999999998,12.82,8,Morningstar US CEF Sector Equity,59,Gabelli,False,10.01,-0.05,11.23,2026-08-31T00:00:00,36246K103,Gabelli Healthcare & Wellness Trust,2026-08-31,XXGRX,Equity-Sector Equity,29.5,150.657,,Quarterly,-0.0454,0.16999999999999998,8.0,,,,3.17,,239.739,True,True,False,False,False,False,,4.82,8.36,-0.9400000000000001,0.11,10.04,7.84,,,13.72,293220,,,,,0.22,0.15,9.42619,-10.16714,-0.81,-0.44,-0.93,2026-08-31T00:00:00,2007-06-19T00:00:00,6/19/2007,1182211200,2026-06-15T00:00:00
173,GGT,0.1093,22.95082,20.68966,0.08,19.48,8,Morningstar US CEF Sector Equity,59,Gabelli,False,4.06,-0.01,3.66,2026-08-31T00:00:00,36239Q109,Gabelli Multimedia,2026-08-31,XGGTX,Equity-Sector Equity,33.08,155.814,,Monthly,-0.01985,0.08,7.5,,,,2.13,,209.888,True,False,True,False,False,False,,20.99,5.95,1.92,0.34,12.27,11.82,,,18.65,2584510,,,,,0.27,,4.15569,9.95959,0.4,-0.18,0.1,2026-08-31T00:00:00,1994-11-15T00:00:00,11/15/1994,784857600,2026-08-17T00:00:00
174,GUT,1.151,20.13423,9.36037,0.049999999999999996,14.67,8,Morningstar US CEF Sector Equity,59,Gabelli,False,6.41,0.02,2.98,2026-08-31T00:00:00,36240A101,Gabelli Utility Trust,2026-08-31,XGUTX,Equity-Sector Equity,15.09,572.963,,Monthly,0.025500000000000002,0.049999999999999996,7.5,,,,1.52,,313.694,True,True,True,False,False,False,,16.83,10.01,7.82,6.17,11.1,13.75,,,20.01,1983200,,,,,0.19,0.17,6.16084,95.06731,2.04,1.08,1.3900000000000001,2026-08-31T00:00:00,1999-07-09T00:00:00,7/9/1999,931478400,2026-08-17T00:00:00
175,GGN,-0.08900000000000001,5.82524,6.3943200000000004,0.034999999999999996,36.52,8,Morningstar US CEF Sector Equity,59,Gabelli,True,5.63,-0.01,6.18,2026-08-31T00:00:00,36465A109,GAMCO Global Gold Natural Resources&Inc,2026-08-31,XGGNX,Equity-Sector Equity,7.39,879.545,,Monthly,0.03338,0.034999999999999996,20.0,6.2544,,,1.29,,1042.518,True,True,False,False,True,False,,26.08,23.99,19.53,17.65,17.36,14.18,,,27.56,6073320,,,,,0.58,0.53,5.18155,-6.38809,-0.77,0.17,-0.3,2026-08-31T00:00:00,2005-03-29T00:00:00,3/29/2005,1112054400,2026-08-17T00:00:00
176,GNT,0.018799999999999997,7.94702,7.80065,0.06,31.53,3,Morningstar US CEF Covered Call,60,Gabelli Funds LLC,False,9.23,0.04,9.06,2026-08-31T00:00:00,36465E101,"GAMCO Natural Resources, Gold & Inc Tr",2026-08-31,XGNTX,Equity-Covered-Call Funds,16.38,149.396,,Monthly,0.01129,0.06,20.0,6.2672,,,1.9500000000000002,,175.369,True,True,True,False,False,False,,22.28,31.48,15.79,19.63,15.54,31.2,,,47.02,988450,,,,,0.89,0.74,7.97474,-4.45634,1.4,0.13,0.86,2026-08-31T00:00:00,2011-01-27T00:00:00,1/27/2011,1296086400,2026-08-17T00:00:00
177,GDL,-0.21710000000000002,4.46097,5.69801,0.12,5.88,26,Morningstar US CEF US Allocation,60,Gabelli Funds LLC,True,8.424,0.01,10.76,2026-08-31T00:00:00,361570104,GDL Fund,2026-08-31,XGDLX,Hybrid-U.S. Allocation,10.05,92.323,,Quarterly,-0.042820000000000004,0.12,20.0,,,,3.27,,131.095,True,False,False,False,True,False,,6.46,8.24,4.93,4.49,5.48,3.77,,,4.5,99660,,,,,0.19,0.17,8.46415,-20.58341,-1.32,-0.99,-1.1400000000000001,2026-08-31T00:00:00,2007-01-25T00:00:00,1/25/2007,1169683200,2026-06-15T00:00:00
178,GAM,-0.10769999999999999,8.57105,9.60528,6.4,22.26,10,Morningstar US CEF US Equity,61,General American Investors Co Inc,False,66.63,-0.53,74.67,2026-08-31T00:00:00,368802104,General American Investors,2026-08-31,XGAMX,Equity-U.S. Equity,9.65,1587.934,,Annually,0.00036,6.4,10.0,,,,1.07,,1969.583,True,True,False,False,False,False,,22.33,27.53,13.77,16.46,14.7,13.45,,,23.34,243290,,,,,0.03,,62.15427,-10.6404,-0.16,0.8200000000000001,0.14,2026-08-31T00:00:00,1927-02-01T00:00:00,2/1/1927,-1354320000,2025-11-17T00:00:00
179,GUG,-0.081,8.68373,9.4496,0.11875,6.52,25,Morningstar US CEF Global Allocation,62,Guggenheim Funds Investment Advisors LLC,False,15.08,-0.13,16.41,2026-08-31T00:00:00,40170T106,Guggenheim Active Allocation Fund,2026-08-31,XGUGX,Hybrid-Global Allocation,24.57,497.34,,Monthly,0.54925,0.11875,20.0,5.8288,,,3.19,,717.498,True,False,False,False,False,False,,9.65,12.57,,,3.31,4.46,,,4.6,812120,,,95.2765,,,,15.66304,-6.02226,-1.06,-1.47,-1.78,2026-08-31T00:00:00,2021-11-23T00:00:00,11/23/2021,1637625600,2026-08-14T00:00:00
180,GOF,-0.0949,21.15392,23.37112,0.18209999999999998,9.06,17,Morningstar US CEF Multi-Sector,62,Guggenheim Funds Investment Advisors LLC,False,9.35,-0.26,10.33,2026-08-31T00:00:00,40167F101,Guggenheim Strategic Opp Fund,2026-08-31,XGOFX,Fixed Income - Taxable-Multi-Sector,21.07,2089.236,,Monthly,0.35596,0.18209999999999998,20.0,5.7615,,,1.9700000000000002,,2924.492,True,False,False,False,False,False,,13.89,-0.68,7.89,-1.02,3.7199999999999998,-17.13,,,-24.38,16341190,,,98.0989,,,,12.07444,8.82314,-1.96,-3.13,-3.7800000000000002,2026-08-31T00:00:00,2007-07-26T00:00:00,7/26/2007,1185408000,2026-08-14T00:00:00
181,GBAB,-0.0277,10.72324,11.02895,0.12572999999999998,3.8200000000000003,20,Morningstar US CEF Taxable Muni,62,Guggenheim Funds Investment Advisors LLC,False,13.68,-0.12,14.07,2026-08-31T00:00:00,401664107,Guggenheim Tax Muni & Inv Grade Debt Tr,2026-08-31,XGBAX,Fixed Income - Taxable-Taxable Muni,29.12,378.929,,Monthly,0.46383,0.12572999999999998,20.0,5.7718,,,2.83,,549.88,True,False,False,False,False,False,,6.78,5.99,-0.9,-2.5700000000000003,0.63,-1.7000000000000002,,,-2.63,875830,12.76,,96.372,,5.22,,14.79469,0.09912000000000001,-1.44,-1.13,-0.9400000000000001,2026-08-31T00:00:00,2010-10-26T00:00:00,10/26/2010,1288051200,2026-08-14T00:00:00
182,HERZ,-0.1623,10.69743,12.76995,0.16999999999999998,-1.08,10,Morningstar US CEF US Equity,104,Thomas J Herzfeld Advisors Inc,False,15.975,0.66,19.24,2026-07-31T00:00:00,42804T205,Herzfeld Credit Income Fund,2026-08-31,HERZ,Equity-U.S. Equity,,311.252,,Monthly,0.01776,0.16999999999999998,5.2,,,,3.5700000000000003,,371.554,False,False,False,False,False,False,,9.38,15.57,4.4,6.31,-6.91,-24.32,,,-9.02,109660,,,,,,,19.69525,-11.86166,-0.97,-0.72,-0.66,2026-08-31T00:00:00,1994-05-20T00:00:00,5/20/1994,769392000,2026-08-17T00:00:00
183,PCF,-0.1377,10.89202,12.63158,0.057999999999999996,0.04,11,Morningstar US CEF Convertibles,22,Bulldog Investors LLP,False,5.51,0.09,6.39,2026-08-28T00:00:00,42968F108,High Income Securities,2026-08-31,XPCFX,Fixed Income - Taxable-Convertibles,1.06,103.128,,Monthly,0.16873,0.057999999999999996,7.5,5.0759,,21.21,1.65,,119.598,True,False,False,False,False,False,,8.11,5.66,5.5,1.13,-1.48,-2.75,,,-4.28,757430,,,,,,,5.8753400000000005,-12.57922,-0.61,0.91,0.17,2026-08-31T00:00:00,1987-07-09T00:00:00,7/9/1987,552787200,2026-08-18T00:00:00
184,HGLB,-0.34380000000000005,8.92388,13.6,0.08499999999999999,2.67,25,Morningstar US CEF Global Allocation,78,"NexPoint Asset Management, L.P.",False,7.5,-0.03,11.43,2026-08-31T00:00:00,43010T104,Highland Global Allocation Fund,2026-08-31,XHGLX,Hybrid-Global Allocation,2.79,176.928,,Monthly,0.20544,0.08499999999999999,15.0,9.7875,,,1.35,,269.639,True,False,False,False,False,False,,8.85,11.18,9.12,7.99,0.25,-10.63,,,-1.71,779910,,,,,0.31,,8.59528,-30.09669,-1.05,1.1400000000000001,-0.39,2026-08-31T00:00:00,1998-01-05T00:00:00,1/5/1998,883958400,2026-08-24T00:00:00
185,HFRO,-0.38049999999999995,3.88889,6.27717,0.0385,7.06,19,Morningstar US CEF Senior Loans,78,"NexPoint Asset Management, L.P.",True,7.36,-0.03,11.88,2026-08-31T00:00:00,43010E404,Highland Opportunities and Income Ord,2026-08-31,XHFOX,Fixed Income - Taxable-Senior Loans,17.52,407.658,,Monthly,-0.1412,0.0385,15.0,8.0186,,,2.18,,797.769,True,True,True,False,True,False,,-0.5,4.47,1.8599999999999999,0.31,7.09,29.05,,,27.83,1398130,,,,,,,6.45675,-44.31849,1.65,0.37,1.07,2026-08-31T00:00:00,2000-01-13T00:00:00,1/13/2000,947721600,2026-08-24T00:00:00
186,VKI,0.0394,7.77289,7.47826,0.0559,7.61,21,Morningstar US CEF Municipal,65,"Invesco Advisers, Inc",False,8.97,0.06,8.63,2026-08-31T00:00:00,46132E103,Invesco Adv Muni Inc II,2026-08-31,XVKIX,Fixed Income - Municipal-Municipal,37.59,398.378,-0.002,Monthly,0.21381,0.0559,15.0,5.368,,20.38,3.33,,614.104,True,True,True,False,False,False,,3.63,10.85,-1.34,-0.79,0.58,3.4,,,16.65,1251900,17.15,,98.6597,,10.07,8.59,8.96967,-0.07294,1.48,0.72,1.06,2026-08-31T00:00:00,1993-08-27T00:00:00,8/27/1993,746409600,2026-08-17T00:00:00
187,VBF,-0.0786,5.01571,5.44338,0.0665,1.9,15,Morningstar US CEF Investment Grade,65,"Invesco Advisers, Inc",False,14.66,-0.03,15.91,2026-08-31T00:00:00,46132L107,Invesco Bond,2026-08-31,XVBFX,Fixed Income - Taxable-Investment Grade,,167.492,0.001,Monthly,0.40588,0.0665,20.0,5.6461,,16.17,0.5700000000000001,,181.773,False,False,False,False,False,False,,5.4,5.29,-0.41000000000000003,-0.97,-0.47000000000000003,-1.43,,,-0.03,502220,,,98.7664,,,,15.25033,-6.90887,-1.06,-0.53,-0.66,2026-08-31T00:00:00,1970-10-28T00:00:00,10/28/1970,25920000,2026-08-17T00:00:00
188,VCV,0.0672,7.89409,7.39695,0.06459999999999999,8.25,22,Morningstar US CEF Municipal-CA,65,"Invesco Advisers, Inc",False,10.48,-0.02,9.82,2026-08-31T00:00:00,46132H106,Invesco CA Value,2026-08-31,XVCVX,Fixed Income - Municipal-Municipal - CA,39.74,508.374,-0.039,Monthly,0.22155,0.06459999999999999,15.0,5.1617,,20.76,3.35,,790.454,True,False,True,False,False,False,,3.35,11.35,-1.23,0.03,-0.12,-1.02,,,10.59,992780,15.53,,96.7686,,11.56,8.53,10.77771,4.94025,0.9,1.47,1.54,2026-08-31T00:00:00,1993-04-30T00:00:00,4/30/1993,736128000,2026-08-17T00:00:00
189,VLT,-0.0766,10.03738,10.87045,0.0895,5.39,14,Morningstar US CEF High Yield,65,"Invesco Advisers, Inc",False,9.88,-0.02,10.7,2026-08-31T00:00:00,46131F101,Invesco High Income II,2026-08-31,XVLTX,Fixed Income - Taxable-High Yield,30.48,64.331,-0.029,Monthly,0.36908,0.0895,60.0,6.9213000000000005,,7.07,3.41,,100.22,True,False,False,False,False,False,,8.24,9.39,3.13,1.96,2.45,-5.16,,,-1.75,176840,,,100.2747,,,,10.73146,-2.5601000000000003,-2.03,-1.87,-2.17,2026-08-31T00:00:00,1989-04-28T00:00:00,4/28/1989,609724800,2026-08-17T00:00:00
190,VMO,0.0062,7.7881599999999995,7.73994,0.0625,7.52,21,Morningstar US CEF Municipal,65,"Invesco Advisers, Inc",False,9.69,-0.05,9.63,2026-08-31T00:00:00,46132C107,Invesco Muni Opp,2026-08-31,XVMOX,Fixed Income - Municipal-Municipal,37.13,653.5,-0.012,Monthly,0.23512,0.0625,15.0,5.3332,,20.82,3.26,,1033.056,True,True,True,False,False,False,,3.56,9.72,-1.46,-1.22,0.43,6.55,,,13.38,2423540,17.21,,98.5172,,11.67,8.79,9.68912,-3.37108,2.2800000000000002,1.79,2.27,2026-08-31T00:00:00,1992-04-24T00:00:00,4/24/1992,704073600,2026-08-17T00:00:00
191,VKQ,0.0031,7.78512,7.76107,0.0628,7.29,21,Morningstar US CEF Municipal,65,"Invesco Advisers, Inc",False,9.71,-0.07,9.68,2026-08-31T00:00:00,46131J103,Invesco Municipal,2026-08-31,XVKQX,Fixed Income - Municipal-Municipal,38.28,537.308,-0.006,Monthly,0.23747000000000001,0.0628,15.0,5.4148,,20.81,3.24,,867.797,True,False,True,False,False,False,,3.59,9.71,-1.3900000000000001,-1.24,0.45,5.91,,,14.76,1941480,15.92,,98.9207,,11.78,8.76,9.71657,-3.5885100000000003,2.03,1.24,1.71,2026-08-31T00:00:00,1991-09-27T00:00:00,9/27/1991,685929600,2026-08-17T00:00:00
192,OIA,0.0066,5.79104,5.75288,0.029099999999999997,9.25,21,Morningstar US CEF Municipal,65,"Invesco Advisers, Inc",False,6.07,0.02,6.03,2026-08-31T00:00:00,46132X101,Invesco Municipal Inc Opp I,2026-08-31,XOIAX,Fixed Income - Municipal-Municipal,31.05,290.623,0.019,Monthly,0.16802,0.029099999999999997,10.0,6.912,,22.32,2.45,,418.693,True,False,True,False,False,False,,5.06,4.27,-0.18,-1.21,1.6400000000000001,4.9,,,12.16,1243750,30.48,,89.0277,,,,6.09731,-1.15807,1.19,1.56,1.32,2026-08-31T00:00:00,1988-09-19T00:00:00,9/19/1988,590630400,2026-08-17T00:00:00
193,VPV,0.0808,7.69615,7.121,0.0667,6.72,24,Morningstar US CEF Municipal-Single State,65,"Invesco Advisers, Inc",False,11.24,-0.05,10.4,2026-08-31T00:00:00,46132K109,Invesco PA Value,2026-08-31,XVPVX,Fixed Income - Municipal-Municipal - Single-State,37.05,200.883,0.126,Monthly,0.24298,0.0667,15.0,5.2631,,19.01,3.1,,295.247,True,True,True,False,False,False,,3.5,12.68,-1.24,2.07,0.24,12.91,,,21.64,322980,25.47,,97.1621,,12.02,8.1,10.73546,-0.82571,2.41,2.25,2.12,2026-08-31T00:00:00,1993-04-30T00:00:00,4/30/1993,736128000,2026-08-17T00:00:00
194,IQI,0.039,7.7741299999999995,7.48221,0.0631,6.95,21,Morningstar US CEF Municipal,65,"Invesco Advisers, Inc",False,10.12,-0.05,9.74,2026-08-31T00:00:00,46133G107,Invesco Quality Municipal Income Trust,2026-08-31,XIQIX,Fixed Income - Municipal-Municipal,34.89,535.184,0.026000000000000002,Monthly,0.24185,0.0631,15.0,5.4925,,19.06,2.91,,791.159,True,True,True,False,False,False,,3.66,10.95,-1.3900000000000001,0.2,0.37,6.85,,,15.86,1472410,15.49,,96.2303,,10.79,8.54,9.96597,-1.8358500000000002,3.1,1.99,2.37,2026-08-31T00:00:00,1992-09-29T00:00:00,9/29/1992,717724800,2026-08-17T00:00:00
195,VVR,-0.11939999999999999,10.38806,11.79661,0.028999999999999998,1.19,19,Morningstar US CEF Senior Loans,65,"Invesco Advisers, Inc",False,2.95,0.02,3.35,2026-08-31T00:00:00,46131H107,Invesco Senior Income,2026-08-31,XVVRX,Fixed Income - Taxable-Senior Loans,35.45,454.079,-0.044000000000000004,Monthly,0.16899,0.028999999999999998,10.0,,,3.9,4.89,,798.856,True,False,False,False,False,False,,5.54,3.34,4.88,4.21,0.86,-1.6400000000000001,,,-7.77,9993550,,,,,,,3.17962,-9.5147,-1.22,-0.8300000000000001,-0.97,2026-08-31T00:00:00,1998-06-24T00:00:00,6/24/1998,898646400,2026-08-17T00:00:00
196,VGM,0.0391,7.76754,7.47541,0.06459999999999999,7.51,21,Morningstar US CEF Municipal,65,"Invesco Advisers, Inc",False,10.37,-0.02,9.98,2026-08-31T00:00:00,46131M106,Invesco Tr Inv Gr Muni,2026-08-31,XVGMX,Fixed Income - Municipal-Municipal,37.03,562.386,-0.018000000000000002,Monthly,0.24485,0.06459999999999999,15.0,5.4347,,21.2,3.11,,859.457,True,True,True,False,False,False,,3.6,11.04,-1.4100000000000001,-0.26,0.48,5.12,,,17.21,1740930,18.24,,99.0535,,11.28,8.73,10.25015,-1.31081,2.45,1.73,2.21,2026-08-31T00:00:00,1992-01-24T00:00:00,1/24/1992,696211200,2026-08-17T00:00:00
197,VTN,0.0348,7.94203,7.67507,0.06849999999999999,7.72,23,Morningstar US CEF Municipal-NY,65,"Invesco Advisers, Inc",False,10.71,-0.04,10.35,2026-08-31T00:00:00,46131T101,Invesco Tr Inv Gr NY,2026-08-31,XVTNX,Fixed Income - Municipal-Municipal - NY,33.49,156.831,0.01,Monthly,0.25475000000000003,0.06849999999999999,15.0,5.1011,,23.11,2.69,,227.861,True,False,True,False,False,False,,2.68,10.1,-1.54,0.8,-0.22,-2.15,,,14.09,321350,25.38,,93.0401,,12.76,9.89,11.20778,3.10809,0.13,-0.32,0.03,2026-08-31T00:00:00,1992-03-27T00:00:00,3/27/1992,701654400,2026-08-17T00:00:00
198,IIM,0.0696,7.76174,7.25647,0.0771,6.65,21,Morningstar US CEF Municipal,65,"Invesco Advisers, Inc",False,12.75,0.0,11.92,2026-08-31T00:00:00,46132P108,Invesco Value Muni Income,2026-08-31,XIIMX,Fixed Income - Municipal-Municipal,35.04,600.336,-0.011000000000000001,Monthly,0.29788000000000003,0.0771,15.0,5.5595,,18.65,2.93,,863.977,True,True,True,False,False,False,,3.64,10.78,-1.18,0.33,0.56,8.79,,,16.52,1205290,17.03,,96.5231,,10.35,8.18,12.4828,0.67393,2.79,2.47,2.15,2026-08-31T00:00:00,1993-02-26T00:00:00,2/26/1993,730684800,2026-08-17T00:00:00
199,JOF,-0.1211,7.9833,9.08314,0.09559999999999999,31.63,1,Morningstar US CEF Asia Equity,79,Nomura Asset Management Co Ltd,False,12.63,0.0,14.37,2026-08-31T00:00:00,47109U104,Japan Smaller Cap Fund,2026-08-31,XXJOFXX,Equity-Asia Equity,0.0,322.071,,Monthly,0.03946,0.09559999999999999,12.0,,,,2.09,,366.442,True,True,False,False,False,False,,23.81,27.36,11.52,12.59,25.62,21.31,,,29.77,757980,,,,,,,11.20923,-10.62763,-0.96,-0.6900000000000001,-0.47000000000000003,2026-08-31T00:00:00,1990-03-21T00:00:00,3/21/1990,637977600,2026-08-14T00:00:00
200,BTO,-0.056100000000000004,6.23501,6.60569,0.65,22.04,8,Morningstar US CEF Sector Equity,67,John Hancock Investment Management LLC,True,39.36,-0.32,41.7,2026-08-31T00:00:00,409735206,JHancock Financial Opportunities,2026-08-31,XBTOX,Equity-Sector Equity,13.58,780.629,0.0,Quarterly,0.27503,0.65,20.0,4.6156,,,2.42,,957.039,True,True,False,False,True,False,,26.24,22.91,10.31,5.48,19.84,16.38,,,12.24,460430,,,,,38.99,,36.76369,-2.16846,-1.47,-1.82,-1.56,2026-08-31T00:00:00,1994-08-18T00:00:00,8/18/1994,777168000,2026-06-11T00:00:00
201,JHS,-0.09029999999999999,5.13378,5.6433800000000005,0.1535,1.48,15,Morningstar US CEF Investment Grade,67,John Hancock Investment Management LLC,False,10.88,-0.02,11.96,2026-08-31T00:00:00,410123103,JHancock Income Secs,2026-08-31,XJHSX,Fixed Income - Taxable-Investment Grade,39.59,126.715,0.0,Quarterly,0.29069,0.1535,15.3,5.424,,,4.41,,230.593,True,False,False,False,False,False,,5.33,5.35,-1.38,-2.55,-0.9,-4.61,,,-0.79,149770,,,99.5863,,7.02,4.3,11.35381,-7.60227,-0.91,0.02,-0.06,2026-08-31T00:00:00,1973-02-14T00:00:00,2/14/1973,98496000,2026-06-11T00:00:00
202,JHI,-0.0806,8.18182,8.89888,0.297,5.2,15,Morningstar US CEF Investment Grade,66,John Hancock,False,13.35,0.12,14.52,2026-08-31T00:00:00,410142103,JHancock Investors,2026-08-31,XJHIX,Fixed Income - Taxable-Investment Grade,40.63,116.74,0.0,Quarterly,0.58459,0.297,21.06,6.8106,,,4.59,,213.871,True,False,False,False,False,False,,8.84,10.08,2.14,1.0,3.09,1.87,,,3.06,207340,6.53,,98.8487,,6.17,,13.5662,-7.38476,-0.48,0.36,0.47000000000000003,2026-08-31T00:00:00,1971-01-29T00:00:00,1/29/1971,33955200,2026-06-11T00:00:00
203,HPI,0.055999999999999994,9.87342,9.35016,0.1235,2.27,18,Morningstar US CEF Preferreds,67,John Hancock Investment Management LLC,False,15.85,0.0,15.01,2026-08-31T00:00:00,41013W108,JHancock Preferred Income,2026-08-31,XHPIX,Fixed Income - Taxable-Preferreds,39.0,424.656,0.0,Monthly,0.56391,0.1235,25.0,6.5025,,,4.48,,659.25,True,False,True,False,False,False,,9.71,11.13,2.67,2.59,0.1,3.46,,,8.4,547990,,,97.2482,,91.45,,16.38156,3.7187900000000003,0.84,-0.05,0.8300000000000001,2026-08-31T00:00:00,2002-08-27T00:00:00,8/27/2002,1030406400,2026-08-13T00:00:00
204,HPF,0.045,9.94631,9.5183,0.1235,2.42,18,Morningstar US CEF Preferreds,67,John Hancock Investment Management LLC,False,15.57,-0.07,14.9,2026-08-31T00:00:00,41013X106,JHancock Preferred Income II,2026-08-31,XHPFX,Fixed Income - Taxable-Preferreds,39.05,337.103,0.0,Monthly,0.5652,0.1235,25.0,6.5737,,,4.51,,529.297,True,False,True,False,False,False,,9.82,10.76,2.85,1.56,0.32,3.25,,,5.89,353420,,,97.2805,,90.07,,16.10998,2.8852200000000003,1.02,-0.37,0.58,2026-08-31T00:00:00,2002-11-29T00:00:00,11/29/2002,1038528000,2026-08-13T00:00:00
205,HPS,0.0327,9.82143,9.51009,0.11,2.48,18,Morningstar US CEF Preferreds,67,John Hancock Investment Management LLC,False,13.88,-0.06,13.44,2026-08-31T00:00:00,41021P103,JHancock Preferred Income III,2026-08-31,XHPSX,Fixed Income - Taxable-Preferreds,38.82,446.504,0.0,Monthly,0.50751,0.11,25.0,6.5102,,,4.47,,706.649,True,False,False,False,False,False,,9.82,9.0,2.94,2.24,0.46,2.58,,,3.1,583300,,,97.386,,86.67,,14.66077,3.95735,-0.43,-2.41,-1.13,2026-08-31T00:00:00,2003-06-18T00:00:00,6/18/2003,1055894400,2026-08-13T00:00:00
206,PDT,-0.10310000000000001,7.53627,8.40285,0.08829999999999999,7.76,18,Morningstar US CEF Preferreds,66,John Hancock,True,12.61,-0.04,14.06,2026-08-31T00:00:00,41013T105,JHancock Premium Dividend Fund,2026-08-31,XPDTX,Fixed Income - Taxable-Preferreds,35.08,620.226,0.0,Monthly,0.34231,0.08829999999999999,12.0,5.9254,,,4.32,,1065.244,True,False,False,False,True,False,,15.46,16.64,7.01,2.54,5.87,4.55,,,1.62,1201770,,,,,76.11,,13.00941,-9.32381,-0.49,0.55,0.76,2026-08-31T00:00:00,1989-12-21T00:00:00,12/21/1989,630201600,2026-08-13T00:00:00
207,HTD,-0.0322,7.27831,7.52083,0.158,7.91,26,Morningstar US CEF US Allocation,67,John Hancock Investment Management LLC,True,25.21,-0.1,26.05,2026-08-31T00:00:00,41013V100,JHancock Tax-Advantaged Dividend Inc,2026-08-31,XHTDX,Hybrid-U.S. Allocation,31.68,893.236,0.0,Monthly,0.63149,0.158,20.0,5.9603,,,3.58,,1350.899,True,True,True,False,True,False,,16.36,18.4,8.19,8.52,7.27,12.01,,,10.63,646970,,,,,68.76,,24.93235,-5.87814,1.5899999999999999,0.72,1.11,2026-08-31T00:00:00,2004-02-27T00:00:00,2/27/2004,1077840000,2026-08-13T00:00:00
208,HEQ,-0.0941,7.7101,8.51064,0.25,15.29,5,Morningstar US CEF Global Equity,67,John Hancock Investment Management LLC,True,11.75,-0.01,12.97,2026-08-31T00:00:00,47804L102,John Hancock Diversified Income Fund,2026-08-31,XHEQX,Equity-Global Equity,10.16,140.161,,Quarterly,0.35522,0.25,20.0,6.5508,,,1.31,,172.214,True,True,True,False,True,False,,12.95,13.74,8.42,7.33,10.68,14.25,,,19.33,371250,,,98.2848,,,,11.13863,-10.42805,0.73,-0.21,-0.09,2026-08-31T00:00:00,2011-05-26T00:00:00,5/26/2011,1306368000,2026-06-11T00:00:00
209,KYN,-0.1184,6.36417,7.21925,0.09,31.32,6,Morningstar US CEF MLP,69,"KA Fund Advisors, LLC",False,14.96,0.13,16.97,2026-08-31T00:00:00,486606106,Kayne Anderson Energy Infrastructure,2026-08-31,XKYNX,Equity-MLP,24.86,2530.126,,Monthly,0.31841,0.09,25.0,7.259,,,3.3,,3819.552,True,True,True,False,False,False,,27.56,30.3,22.88,24.05,30.73,27.01,,,28.86,3903740,,,,,15.1,,13.23054,-12.15463,0.19,0.79,1.16,2026-08-31T00:00:00,2004-09-28T00:00:00,9/28/2004,1096329600,2026-08-14T00:00:00
210,KIO,-0.0737,12.21106,13.18264,0.1215,4.89,14,Morningstar US CEF High Yield,70,Kohlberg Kravis Roberts &amp; Co.,False,11.06,0.06,11.94,2026-08-31T00:00:00,48249T106,KKR Income Opportunities Fund,2026-08-31,XKIOX,Fixed Income - Taxable-High Yield,32.78,453.296,,Monthly,0.63625,0.1215,20.0,7.7655,,,4.09,,727.999,True,False,False,False,False,False,,8.55,8.17,4.74,3.35,3.76,4.01,,,0.49,2464200,0.09000000000000001,,100.3092,,58.49,,11.52042,-6.19503,-0.68,-0.7000000000000001,-0.33,2026-08-31T00:00:00,2013-07-26T00:00:00,7/26/2013,1374796800,2026-08-14T00:00:00
211,KF,-0.1629,1.79515,2.14454,1.381724,154.98,1,Morningstar US CEF Asia Equity,68,JPMorgan Asset Management (Asia Pacific) Limited,False,64.43,0.2,76.97,2026-08-31T00:00:00,500634209,Korea Fund,2026-08-31,XKFDX,Equity-Asia Equity,5.74,267.922,,Annually,0.0077,1.381724,40.0,,,,1.21,,320.068,True,True,False,False,False,False,,45.82,46.16,17.56,18.23,82.09,77.4,,,144.86,188030,,,,,,,49.21982,-13.33695,-1.74,-1.06,-1.1400000000000001,2026-08-31T00:00:00,1984-08-29T00:00:00,8/29/1984,462585600,2025-12-23T00:00:00
212,LGI,-0.0124,9.92345,10.04803,0.15339999999999998,14.3,5,Morningstar US CEF Global Equity,71,Lazard Asset Management LLC,False,18.32,-0.13,18.55,2026-08-31T00:00:00,52106W103,Lazard Global Total Return and Income,2026-08-31,XLGIX,Equity-Global Equity,8.93,238.397,,Monthly,0.02808,0.15339999999999998,20.0,7.7462,,,2.0,,265.065,True,True,True,False,False,False,,12.72,18.36,5.87,6.5600000000000005,8.81,13.42,,,14.96,440020,,,,,3.13,,17.82984,-1.8181100000000001,0.19,-1.03,-0.56,2026-08-31T00:00:00,2004-04-28T00:00:00,4/28/2004,1083110400,2026-08-10T00:00:00
213,USA,-0.12300000000000001,9.95608,11.35225,0.16999999999999998,7.71,10,Morningstar US CEF US Equity,9,ALPS Advisors Inc,True,5.99,-0.01,6.83,2026-08-31T00:00:00,530158104,Liberty All-Star Equity,2026-08-31,XUSAX,Equity-U.S. Equity,4.98,1806.294,,Quarterly,0.01199,0.16999999999999998,10.0,,,,0.91,,2167.448,True,False,False,False,True,False,,13.03,9.47,6.41,3.45,7.65,3.68,,,1.4100000000000001,12707910,,,,,,,6.0231,-9.84434,-1.58,-0.87,-1.22,2026-08-31T00:00:00,1986-10-31T00:00:00,10/31/1986,531100800,2026-07-16T00:00:00
214,ASG,-0.1216,8.10811,9.23077,0.12,6.32,10,Morningstar US CEF US Equity,9,ALPS Advisors Inc,True,5.2,-0.04,5.92,2026-08-31T00:00:00,529900102,Liberty All-Star Growth,2026-08-31,XASGX,Equity-U.S. Equity,1.6099999999999999,326.886,,Quarterly,-0.01975,0.12,10.0,,,,1.12,,378.254,True,False,False,False,True,False,,10.43,8.32,0.44,-1.3,7.2,4.86,,,2.43,2531780,,,,,,,5.2946,-10.40063,-1.3,0.03,-0.76,2026-08-31T00:00:00,1986-03-14T00:00:00,3/14/1986,511142400,2026-07-16T00:00:00
215,SCD,-0.11109999999999999,8.20513,9.23077,0.12,16.77,25,Morningstar US CEF Global Allocation,54,"Franklin Templeton Fund Adviser, LLC",True,15.6,-0.08,17.55,2026-08-31T00:00:00,50208A102,LMP Capital and Income,2026-08-31,XSCDX,Hybrid-Global Allocation,20.71,357.339,,Monthly,0.06042,0.12,20.0,,,,2.39,,507.006,True,True,False,False,True,False,,16.3,16.62,11.07,11.2,13.68,12.11,,,10.21,780170,13.6,,,,4.25,,15.30487,-9.24471,-1.04,-0.23,-0.72,2026-08-31T00:00:00,2004-02-24T00:00:00,2/24/2004,1077580800,2026-08-24T00:00:00
216,MXE,-0.18960000000000002,1.40698,1.7362600000000001,0.2337,24.54,4,Morningstar US CEF Emerging Market Equity,89,Pichardo Asset Management SA De CV,False,13.46,0.06,16.61,2026-08-31T00:00:00,592834105,Mexico Equity & Income,2026-08-31,XMXEX,Equity-Emerging Market Equity,,59.227,,Annually,0.07512,0.2337,12.0,7.969,,0.02,2.13,,73.087,False,True,False,False,False,False,,7.69,12.81,7.79,2.89,11.63,8.72,,,23.23,62370,,,,,,,12.79472,-17.87012,-1.01,-0.34,-0.8200000000000001,2026-08-31T00:00:00,1990-08-15T00:00:00,8/15/1990,650678400,2025-12-16T00:00:00
217,MXF,-0.1192,5.67491,6.44271,0.35,24.31,4,Morningstar US CEF Emerging Market Equity,64,"Impulsora Del Fondo Mexico, SC",True,21.73,0.09,24.67,2026-08-31T00:00:00,592835102,Mexico Fund,2026-08-31,XXMXFXX,Equity-Emerging Market Equity,,313.348,,Quarterly,0.27312000000000003,0.35,12.0,5.75,,,1.36,,355.743,False,True,True,False,True,False,,9.37,13.93,10.54,12.07,10.98,13.26,,,27.07,462090,,,,,,,20.7961,-13.25294,1.4,0.26,0.97,2026-08-31T00:00:00,1981-06-03T00:00:00,6/3/1981,360374400,2026-07-22T00:00:00
218,CAF,-0.17120000000000002,1.14825,1.3854,0.262949,26.83,1,Morningstar US CEF Asia Equity,74,Morgan Stanley,False,18.98,-0.03,22.9,2026-08-31T00:00:00,617468103,Morgan Stanley China A Share,2026-08-31,XCAFX,Equity-Asia Equity,,255.76,,Annually,0.12144,0.262949,20.0,,,,1.52,,308.582,False,True,False,False,False,False,,15.17,16.17,2.06,0.65,15.8,9.33,,,24.74,377070,,,,,,,18.01384,-13.95388,-1.52,-0.98,-1.23,2026-08-31T00:00:00,2006-09-28T00:00:00,9/28/2006,1159401600,2025-12-19T00:00:00
219,MSD,-0.083,7.54717,8.23045,0.15,11.54,12,Morningstar US CEF Emerging Market Income,75,"Morgan Stanley Investment Management, Inc.",False,7.29,0.0,7.95,2026-08-31T00:00:00,61744H105,Morgan Stanley Emerging Markets Debt,2026-08-31,XMSDX,Fixed Income - Taxable-Emerging Market Income,0.03,147.486,,Quarterly,0.21902,0.15,15.0,6.5116,,6.76,1.36,,160.839,True,False,False,False,False,False,,12.82,14.6,3.41,4.21,5.04,2.68,,,5.35,950600,,,,,,,7.40541,-6.79852,-0.8,0.34,-0.14,2026-08-31T00:00:00,1993-07-23T00:00:00,7/23/1993,743385600,2026-06-30T00:00:00
220,EDD,-0.0134,16.10738,16.326529999999998,0.24,18.93,12,Morningstar US CEF Emerging Market Income,75,"Morgan Stanley Investment Management, Inc.",False,5.88,0.0,5.96,2026-08-31T00:00:00,617477104,Morgan Stanley Emrgng Mkts Domestic Debt,2026-08-31,XEDDX,Fixed Income - Taxable-Emerging Market Income,14.5,379.002,,Quarterly,0.28033,0.24,20.0,6.6059,,7.47,2.18,,449.307,True,True,True,False,False,False,,13.47,19.8,5.59,8.51,8.28,15.82,,,23.71,3691280,,,,,,,5.61107,-5.01517,1.32,0.43,1.06,2026-08-31T00:00:00,2007-04-24T00:00:00,4/24/2007,1177372800,2026-06-30T00:00:00
221,IIF,-0.1139,7.56541,8.53834,1.985164,-5.78,1,Morningstar US CEF Asia Equity,75,"Morgan Stanley Investment Management, Inc.",False,23.25,0.13,26.24,2026-08-31T00:00:00,61745C105,Morgan Stanley India Investment,2026-08-31,XIIFX,Equity-Asia Equity,,219.554,,Annually,-0.10782,1.985164,15.0,,,,1.35,,247.789,False,False,False,False,False,False,,7.41,12.46,5.0,7.46,-6.63,-6.93,,,-4.54,312740,,,,,,,24.07156,-11.07107,-0.41000000000000003,-0.18,-0.16,2026-08-31T00:00:00,1994-02-25T00:00:00,2/25/1994,762134400,2025-12-19T00:00:00
222,NML,-0.0951,7.07879,7.82288,0.07008,33.27,6,Morningstar US CEF MLP,76,Neuberger Berman,False,10.75,0.24,11.88,2026-08-31T00:00:00,64129H104,NB Energy Infra and Income Fund Inc,2026-08-31,XNMLX,Equity-MLP,24.52,609.083,,Monthly,-0.18702,0.07008,20.0,,,,1.07,,891.772,True,True,True,False,False,False,,22.27,25.23,22.52,26.94,31.8,33.32,,,33.45,1631550,,,,,,,9.45878,-10.42001,0.87,0.23,0.8300000000000001,2026-08-31T00:00:00,2013-03-26T00:00:00,3/26/2013,1364256000,2026-08-17T00:00:00
223,NBXG,-0.1259,8.23799,9.42408,0.12,14.76,10,Morningstar US CEF US Equity,76,Neuberger Berman,False,15.28,-0.05,17.48,2026-08-31T00:00:00,64133Q108,Neuberger Brmn Nxt Gnrtn Cnnctvty,2026-08-31,XNBGX,Equity-U.S. Equity,,1203.476,,Monthly,-0.05846,0.12,20.0,,,,1.35,,1376.751,False,True,True,False,False,False,,19.45,23.56,5.0,4.52,10.56,11.98,,,12.6,1968710,,,,,,,14.77257,-12.92422,0.25,0.68,1.02,2026-08-31T00:00:00,2021-05-25T00:00:00,5/25/2021,1621900800,2026-08-17T00:00:00
224,NHS,-0.0916,16.58015,18.2521,0.0905,2.95,14,Morningstar US CEF High Yield,76,Neuberger Berman,False,5.95,-0.02,6.55,2026-08-31T00:00:00,64128C106,Neuberger High Yield Strategies,2026-08-31,XNHSX,Fixed Income - Taxable-High Yield,32.88,249.042,,Monthly,0.18333,0.0905,15.0,7.1575,,,3.39,,408.436,True,False,False,False,False,False,,8.54,5.99,1.6600000000000001,-0.23,0.86,-10.44,,,-7.11,2055250,,,99.371,,4.83,3.38,6.90033,-2.80218,-1.46,-1.5899999999999999,-0.9400000000000001,2026-08-31T00:00:00,2003-07-28T00:00:00,7/28/2003,1059350400,2026-08-17T00:00:00
225,NBH,-0.068,5.97463,6.41065,0.054169999999999996,6.69,21,Morningstar US CEF Municipal,76,Neuberger Berman,False,10.14,-0.12,10.88,2026-08-31T00:00:00,64124P101,Neuberger Municipal Fund,2026-08-31,XNBHX,Fixed Income - Municipal-Municipal,41.43,300.327,,Monthly,0.13171,0.054169999999999996,15.0,4.9704,,,3.87,,550.144,True,False,True,False,False,False,,2.7199999999999998,6.6,-1.96,-4.64,0.02,3.93,,,8.72,931210,15.43,,98.9472,,14.23,8.22,10.30272,-8.63528,1.65,1.07,1.32,2026-08-31T00:00:00,2002-09-27T00:00:00,9/27/2002,1033084800,2026-07-31T00:00:00
226,NRO,-0.08779999999999999,11.73668,12.86598,0.0312,4.77,7,Morningstar US CEF Real Estate,76,Neuberger Berman,False,2.91,-0.04,3.19,2026-08-31T00:00:00,64190A103,Neuberger Real Estate Securities Income,2026-08-31,XNROX,Equity-Real Estate,25.72,184.383,,Monthly,0.06094,0.0312,15.0,,,,3.12,,272.124,True,False,False,False,False,False,,9.78,10.9,0.43,-0.81,7.22,2.94,,,-0.38,2404320,,,,,,,3.04108,-7.0409,-0.84,-0.04,-0.2,2026-08-31T00:00:00,2003-10-31T00:00:00,10/31/2003,1067558400,2026-08-17T00:00:00
227,GF,-0.0998,2.3839,2.6481,0.154,2.43,9,Morningstar US CEF Single Country Equity,40,DWS,False,11.631,-0.13,12.92,2026-08-31T00:00:00,644465106,New Germany,2026-08-31,XGFNX,Equity-Single-Country Equity,11.48,188.187,,Semi-Annually,0.10621,0.154,20.0,,,,1.31,,236.144,True,True,False,False,False,False,,7.96,11.35,-4.65,-3.6,2.91,3.17,,,2.12,246060,,,,,,,11.45634,-9.9034,-0.06,-1.11,-0.65,2026-08-31T00:00:00,1990-01-30T00:00:00,1/30/1990,633657600,2026-05-26T00:00:00
228,NVG,0.0066,7.85418,7.80247,0.079,7.12,21,Morningstar US CEF Municipal,81,"Nuveen Fund Advisors, LLC.",False,12.15,-0.05,12.07,2026-08-31T00:00:00,67071L106,Nuveen AMT-Free Muni Credit Inc,2026-08-31,XNVGX,Fixed Income - Municipal-Municipal,42.62,2633.996,-0.02,Monthly,0.29602,0.079,15.0,4.8262,,18.73,3.64,,4560.058,True,False,True,False,False,False,,3.81,10.39,-1.75,-1.82,-0.64,0.89,,,10.45,5489660,23.2,3.01,91.9675,,14.46,9.41,12.58747,-0.74624,0.76,0.4,0.66,2026-08-31T00:00:00,2002-03-25T00:00:00,3/25/2002,1017014400,2026-08-14T00:00:00
229,NUW,-0.049,3.96188,4.16607,0.048499999999999995,4.95,21,Morningstar US CEF Municipal,81,"Nuveen Fund Advisors, LLC.",False,13.97,0.01,14.69,2026-08-31T00:00:00,670695105,Nuveen AMT-Free Municipal Value Fund,2026-08-31,XNUWX,Fixed Income - Municipal-Municipal,7.35,250.78,-0.073,Monthly,0.30096,0.048499999999999995,15.0,5.412,,19.3,0.75,,284.63,True,False,True,False,False,False,,3.2,4.96,0.0,-0.31,0.23,0.31,,,6.13,381310,9.3,0.09000000000000001,97.0156,,8.94,8.55,14.22924,-5.11187,0.24,0.39,0.18,2026-08-31T00:00:00,2009-02-25T00:00:00,2/25/2009,1235520000,2026-08-14T00:00:00
230,NEA,0.0172,7.37794,7.25333,0.06799999999999999,6.14,21,Morningstar US CEF Municipal,81,"Nuveen Fund Advisors, LLC.",False,11.25,0.02,11.06,2026-08-31T00:00:00,670657105,Nuveen AMT-Free Quality Muni Inc,2026-08-31,XNEAX,Fixed Income - Municipal-Municipal,41.55,3416.528,0.018000000000000002,Monthly,0.25491,0.06799999999999999,15.0,5.0705,,18.96,3.5300000000000002,,5746.982,True,False,True,False,False,False,,2.92,9.75,-1.9300000000000002,-0.97,-0.56,1.4100000000000001,,,9.78,8442840,21.6,4.02,95.7853,,11.13,8.06,11.49375,-0.67449,1.76,2.21,1.8,2026-08-31T00:00:00,2002-11-21T00:00:00,11/21/2002,1037836800,2026-08-14T00:00:00
231,NAZ,0.1011,6.65474,6.04387,0.062,7.47,24,Morningstar US CEF Municipal-Single State,81,"Nuveen Fund Advisors, LLC.",False,12.31,-0.04,11.18,2026-08-31T00:00:00,67061W104,Nuveen AZ Quality Muni Inc,2026-08-31,XNAZX,Fixed Income - Municipal-Municipal - Single-State,39.54,160.451,0.031,Monthly,0.20512,0.062,15.0,4.7745,,17.42,3.55,,241.022,True,True,True,False,False,False,,3.31,12.91,-1.22,0.13,0.13,8.16,,,10.79,222250,21.2,0.81,98.4756,,12.3,8.34,12.23128,5.32293,1.31,0.63,0.6900000000000001,2026-08-31T00:00:00,1992-11-19T00:00:00,11/19/1992,722131200,2026-08-14T00:00:00
232,NKX,0.0379,7.44186,7.17012,0.072,8.21,22,Morningstar US CEF Municipal-CA,81,"Nuveen Fund Advisors, LLC.",False,12.05,0.0,11.61,2026-08-31T00:00:00,670651108,Nuveen CA AMT - Free Quality Muni Inc,2026-08-31,XNCMX,Fixed Income - Municipal-Municipal - CA,39.96,671.397,-0.014,Monthly,0.25181,0.072,15.0,4.782,,18.3,3.77,,1077.467,True,False,False,False,False,False,,3.42,10.09,-1.81,-0.49,0.58,1.77,,,9.81,1366810,22.9,0.6000000000000001,96.8209,,12.92,8.29,12.52816,4.01271,-0.15,-0.18,0.09,2026-08-31T00:00:00,2002-11-22T00:00:00,11/22/2002,1037923200,2026-08-14T00:00:00
233,NCA,0.0022,3.98671,3.9779,0.03,6.04,22,Morningstar US CEF Municipal-CA,81,"Nuveen Fund Advisors, LLC.",False,9.05,-0.02,9.03,2026-08-31T00:00:00,67062C107,Nuveen CA Municipal Value,2026-08-31,XNCAX,Fixed Income - Municipal-Municipal - CA,0.0,301.855,-0.012,Monthly,0.17651,0.03,10.0,4.7261,,18.79,0.54,,301.188,True,False,True,False,False,False,,3.5,4.98,-0.08,0.52,0.84,3.77,,,10.44,690480,23.2,1.35,97.5019,,,8.27,9.16413,-0.10946000000000002,0.14,-0.08,-0.5700000000000001,2026-08-31T00:00:00,1987-10-07T00:00:00,10/7/1987,560563200,2026-08-14T00:00:00
234,NAC,0.043899999999999995,7.47312,7.1588,0.06949999999999999,8.74,22,Morningstar US CEF Municipal-CA,81,"Nuveen Fund Advisors, LLC.",False,11.65,-0.03,11.16,2026-08-31T00:00:00,67066Y105,Nuveen CA Quality Muni Income,2026-08-31,XNACX,Fixed Income - Municipal-Municipal - CA,39.38,1943.201,-0.005,Monthly,0.24164,0.06949999999999999,15.0,4.7834,,19.2,3.79,,3070.859,True,False,True,False,False,False,,3.37,11.33,-1.9300000000000002,-0.38,0.41000000000000003,3.67,,,11.8,5068000,23.1,1.08,97.0662,,12.64,8.55,11.819,1.80868,1.6099999999999999,1.23,1.29,2026-08-31T00:00:00,1999-05-26T00:00:00,5/26/1999,927676800,2026-08-14T00:00:00
235,JCE,-0.0634,7.98683,8.52709,0.364,21.58,10,Morningstar US CEF US Equity,81,"Nuveen Fund Advisors, LLC.",True,17.075,0.07,18.23,2026-08-31T00:00:00,67090X107,Nuveen Core Equity Alpha,2026-08-31,XJCEX,Equity-U.S. Equity,1.35,290.321,0.0,Quarterly,0.00449,0.364,20.0,,,,0.9900000000000001,,309.959,True,True,True,False,True,False,,20.8,19.78,12.51,11.7,12.3,12.01,,,18.2,393040,,,,,,,15.95591,-6.39061,0.05,0.8200000000000001,0.84,2026-08-31T00:00:00,2007-03-27T00:00:00,3/27/2007,1174953600,2026-06-15T00:00:00
236,NPCT,-0.07719999999999999,10.23832,11.09504,0.0895,2.68,15,Morningstar US CEF Investment Grade,81,"Nuveen Fund Advisors, LLC.",True,9.68,-0.02,10.49,2026-08-31T00:00:00,67080D103,Nuveen Core Plus Impact Fund,2026-08-31,XNPCX,Fixed Income - Taxable-Investment Grade,37.54,278.348,,Monthly,0.23152,0.0895,20.0,4.3404,,29.1,4.43,,482.96,True,False,False,False,True,False,,7.92,11.93,-3.26,-3.13,0.45,2.49,,,-0.52,1244380,19.7,0.0,88.6715,,7.44,5.44,10.30948,-6.72613,-0.62,0.06,-0.62,2026-08-31T00:00:00,2021-04-27T00:00:00,4/27/2021,1619481600,2026-08-14T00:00:00
237,JQC,-0.1067,11.1236,12.45283,0.049499999999999995,5.84,19,Morningstar US CEF Senior Loans,81,"Nuveen Fund Advisors, LLC.",True,4.77,0.0,5.34,2026-08-31T00:00:00,67073D102,Nuveen Credit Strategies Income Fund,2026-08-31,XJQCX,Fixed Income - Taxable-Senior Loans,38.47,705.086,-0.082,Monthly,0.23976,0.049499999999999995,15.0,,,5.0,5.09,,1282.941,True,False,False,False,True,False,,8.48,10.38,4.93,4.93,3.49,3.24,,,-1.9300000000000002,7771620,84.5,0.0,,,,,4.96582,-9.40633,-0.61,0.07,0.27,2026-08-31T00:00:00,2003-06-25T00:00:00,6/25/2003,1056499200,2026-08-14T00:00:00
238,NDMO,-0.008,7.00599,7.06237,0.058499999999999996,5.39,21,Morningstar US CEF Municipal,81,"Nuveen Fund Advisors, LLC.",True,9.94,0.03,10.02,2026-08-31T00:00:00,67079X102,Nuveen Dynamic Municipal Opportunities,2026-08-31,XNDMX,Fixed Income - Municipal-Municipal,32.23,601.837,,Monthly,0.23738,0.058499999999999996,15.0,5.5876,,18.04,2.83,,895.225,True,False,True,False,True,False,,5.05,5.51,-2.48,-2.95,0.38,3.37,,,6.92,1420080,19.8,0.37000000000000005,96.271,,10.32,7.78,10.32529,-0.88109,0.07,0.08,-0.16,2026-08-31T00:00:00,2020-08-26T00:00:00,8/26/2020,1598400000,2026-08-14T00:00:00
239,JFR,-0.0768,11.23649,12.17165,0.078,6.29,19,Morningstar US CEF Senior Loans,81,"Nuveen Fund Advisors, LLC.",True,7.69,0.03,8.33,2026-08-31T00:00:00,67072T108,Nuveen Floating Rate Income,2026-08-31,XJFRX,Fixed Income - Taxable-Senior Loans,37.43,1237.839,0.015000000000000001,Monthly,0.37027,0.078,15.0,,,4.8100000000000005,4.78,,2143.059,True,False,True,False,True,False,,8.94,11.25,6.02,5.99,4.11,6.76,,,3.22,7462830,88.3,0.0,,,,,7.75448,-8.93457,0.72,0.68,1.15,2026-08-31T00:00:00,2004-03-25T00:00:00,3/25/2004,1080172800,2026-08-14T00:00:00
240,JGH,-0.0874,9.12564,10.0,0.1035,6.84,13,Morningstar US CEF Global Income,81,"Nuveen Fund Advisors, LLC.",True,12.42,0.0,13.61,2026-08-31T00:00:00,67075G103,Nuveen Global High Income Fund,2026-08-31,XJGHX,Fixed Income - Taxable-Global Income,29.15,349.323,-0.026000000000000002,Monthly,0.48098,0.1035,20.0,7.7832,,6.15,3.37,,540.293,True,False,False,False,True,False,,11.78,12.92,4.88,4.86,4.92,5.13,,,0.78,1006030,36.3,0.0,98.8169,,,,12.74956,-7.35721,-0.84,-1.15,-1.32,2026-08-31T00:00:00,2014-11-24T00:00:00,11/24/2014,1416787200,2026-08-14T00:00:00
241,NMT,0.16469999999999999,6.716,5.76648,0.0605,7.49,24,Morningstar US CEF Municipal-Single State,81,"Nuveen Fund Advisors, LLC.",False,12.59,0.03,10.81,2026-08-31T00:00:00,67061E104,Nuveen MA Quality Muni Inc,2026-08-31,XNMTX,Fixed Income - Municipal-Municipal - Single-State,39.27,133.3,0.026000000000000002,Monthly,0.20713,0.0605,15.0,4.8771,,20.13,3.45,,188.454,True,True,True,False,False,False,,2.8200000000000003,14.51,-1.97,1.35,0.59,15.95,,,18.61,200250,21.9,1.73,99.8748,,7.76,8.93,12.07639,7.98381,1.46,1.54,1.04,2026-08-31T00:00:00,1993-03-18T00:00:00,3/18/1993,732412800,2026-08-14T00:00:00
242,NMS,-0.0329,6.72,6.94853,0.063,5.46,24,Morningstar US CEF Municipal-Single State,81,"Nuveen Fund Advisors, LLC.",False,10.88,-0.07,11.25,2026-08-31T00:00:00,670734102,Nuveen MN Quality Muni Inc,2026-08-31,XMNSX,Fixed Income - Municipal-Municipal - Single-State,40.84,69.772,-0.014,Monthly,0.0,0.063,15.0,4.6902,,16.95,3.66,,121.945,True,False,False,False,False,False,,3.16,7.49,-1.3,-2.32,-1.53,-3.05,,,2.27,159820,43.0,0.0,98.2627,,11.29,7.55,11.946110000000001,0.9099,-2.03,-2.01,-2.66,2026-08-31T00:00:00,1993-06-25T00:00:00,6/25/1993,740966400,2026-08-14T00:00:00
243,JLS,-0.0959,9.8661,10.91232,0.1535,5.41,14,Morningstar US CEF High Yield,81,"Nuveen Fund Advisors, LLC.",True,16.88,-0.02,18.67,2026-08-31T00:00:00,670735109,Nuveen Mortgage and Income Fund,2026-08-31,XJLSX,Fixed Income - Taxable-High Yield,23.07,92.445,0.009000000000000001,Monthly,0.77533,0.1535,25.0,7.5578,,17.85,3.07,,132.906,True,False,False,False,True,False,,9.45,11.96,4.34,4.63,2.98,-0.7000000000000001,,,-0.73,199080,0.0,0.0,96.9542,,,,18.21048,-4.88327,-2.4,-1.62,-1.7000000000000002,2026-08-31T00:00:00,2009-11-25T00:00:00,11/25/2009,1259107200,2026-08-14T00:00:00
244,NMAI,-0.0252,9.23077,9.46939,0.11599999999999999,19.32,25,Morningstar US CEF Global Allocation,81,"Nuveen Fund Advisors, LLC.",True,14.7,0.3,15.08,2026-08-31T00:00:00,670750108,Nuveen Multi-Asset Income,2026-08-31,XNMAX,Hybrid-Global Allocation,29.39,491.357,,Monthly,0.17114000000000001,0.11599999999999999,20.0,6.1034,,,3.38,,713.823,True,True,True,False,True,False,,15.15,21.22,,,12.19,20.55,,,29.08,1098310,28.2,0.0,96.8324,,,,13.43245,-7.9,3.79,2.59,3.06,2026-08-31T00:00:00,2021-11-22T00:00:00,11/22/2021,1637539200,2026-08-14T00:00:00
245,JMM,-0.0832,5.46311,5.9589,0.028999999999999998,1.92,15,Morningstar US CEF Investment Grade,81,"Nuveen Fund Advisors, LLC.",True,5.84,0.03,6.37,2026-08-31T00:00:00,67075J107,Nuveen Multi-Market Income Fund,2026-08-31,XJMMX,Fixed Income - Taxable-Investment Grade,29.79,55.26,-0.001,Monthly,0.13925,0.028999999999999998,12.0,5.5021,,4.39,3.59,,85.847,True,False,True,False,True,False,,5.72,5.88,1.11,0.73,-0.29,0.56,,,-2.71,92680,26.7,0.0,96.6946,,,,6.01042,-8.39964,0.04,2.46,2.05,2026-08-31T00:00:00,1988-12-30T00:00:00,12/30/1988,599443200,2026-08-14T00:00:00
246,NZF,0.0033,7.85832,7.83251,0.0795,7.75,21,Morningstar US CEF Municipal,81,"Nuveen Fund Advisors, LLC.",False,12.18,-0.01,12.14,2026-08-31T00:00:00,67070X101,Nuveen Municipal Credit Income,2026-08-31,XNZFX,Fixed Income - Municipal-Municipal,40.92,2400.098,-0.015000000000000001,Monthly,0.31359,0.0795,15.0,5.2593,,19.97,3.61,,4049.416,True,False,True,False,False,False,,3.8200000000000003,10.0,-1.3,-0.91,0.79,1.85,,,9.78,5267270,25.0,2.59,93.9709,,11.88,8.31,12.52349,-0.6966100000000001,0.8300000000000001,0.44,0.55,2026-08-31T00:00:00,2001-09-25T00:00:00,9/25/2001,1001376000,2026-08-14T00:00:00
247,NMCO,-0.0542,7.95741,8.41351,0.06849999999999999,7.66,21,Morningstar US CEF Municipal,81,"Nuveen Fund Advisors, LLC.",False,9.77,-0.07,10.33,2026-08-31T00:00:00,670663103,Nuveen Municipal Credit Opps Fund,2026-08-31,XNMCX,Fixed Income - Municipal-Municipal,42.58,557.372,-0.035,Monthly,0.35941,0.06849999999999999,15.0,5.8652,,22.21,4.5,,1026.29,True,False,False,False,False,False,,3.61,3.16,-2.21,-2.95,1.6400000000000001,0.56,,,2.04,1709820,30.9,0.27,86.9685,,15.53,9.8,10.66525,-0.32159000000000004,-3.5700000000000003,-4.21,-5.42,2026-08-31T00:00:00,2019-09-16T00:00:00,9/16/2019,1568592000,2026-08-14T00:00:00
248,NMZ,0.001,7.86787,7.86,0.0655,7.83,21,Morningstar US CEF Municipal,81,"Nuveen Fund Advisors, LLC.",False,10.0,0.03,9.99,2026-08-31T00:00:00,670682103,Nuveen Municipal High Income Opp Fd,2026-08-31,XNMZX,Fixed Income - Municipal-Municipal,40.28,2162.399,0.044000000000000004,Monthly,0.15638,0.0655,15.0,5.7108,,21.33,3.5,,3617.092,True,False,True,False,False,False,,4.76,6.85,-1.62,-2.15,0.85,3.23,,,6.46,4810440,21.9,1.38,91.2079,,10.18,8.88,10.39513,-0.0708,0.18,0.21,0.36,2026-08-31T00:00:00,2003-11-19T00:00:00,11/19/2003,1069200000,2026-08-14T00:00:00
249,NMI,0.0729,4.68172,4.36364,0.038,6.25,21,Morningstar US CEF Municipal,81,"Nuveen Fund Advisors, LLC.",False,10.45,0.05,9.74,2026-08-31T00:00:00,67062J102,Nuveen Municipal Income,2026-08-31,XNMIX,Fixed Income - Municipal-Municipal,2.99,127.492,-0.019,Monthly,0.21289,0.038,12.0,5.4726,,21.72,0.75,,118.83,True,True,True,False,False,False,,4.66,9.12,0.79,1.6,1.87,8.45,,,13.33,265750,16.7,0.66,98.5853,,,8.7,10.27456,4.0357,0.8300000000000001,-1.08,0.11,2026-08-31T00:00:00,1988-04-20T00:00:00,4/20/1988,577497600,2026-08-14T00:00:00
250,NUV,0.0067,4.36242,4.33333,0.0325,4.95,21,Morningstar US CEF Municipal,81,"Nuveen Fund Advisors, LLC.",False,9.0,0.01,8.94,2026-08-31T00:00:00,670928100,Nuveen Municipal Value,2026-08-31,XNUVX,Fixed Income - Municipal-Municipal,6.15,1900.526,-0.018000000000000002,Monthly,0.19290000000000002,0.0325,10.0,5.2552,,18.27,0.66,,1887.855,True,False,True,False,False,False,,3.32,6.47,0.08,-1.35,0.53,2.21,,,8.24,4851180,11.1,0.8,96.1513,,,8.24,9.08038,-0.47578000000000004,1.13,0.53,0.67,2026-08-31T00:00:00,1987-06-17T00:00:00,6/17/1987,550886400,2026-08-14T00:00:00
251,QQQX,-0.0316,9.24812,9.55031,0.738,18.68,3,Morningstar US CEF Covered Call,81,"Nuveen Fund Advisors, LLC.",True,30.91,0.04,31.92,2026-08-31T00:00:00,670699107,Nuveen NASDAQ 100 Dynamic Overwrite,2026-08-31,XQQQX,Equity-Covered-Call Funds,,1509.236,0.0,Quarterly,-0.030780000000000002,0.738,20.0,,,,0.89,,1558.551,False,True,True,False,True,False,,17.61,18.64,9.22,8.66,7.84,13.37,,,25.11,1036670,,,,,,,28.69936,-7.22765,1.87,1.35,1.53,2026-08-31T00:00:00,2007-01-30T00:00:00,1/30/2007,1170115200,2026-06-15T00:00:00
252,NRK,-0.001,7.63848,7.64591,0.0655,7.74,23,Morningstar US CEF Municipal-NY,81,"Nuveen Fund Advisors, LLC.",False,10.28,0.06,10.29,2026-08-31T00:00:00,670656107,Nuveen NY AMT - Free Quality Muni Inc,2026-08-31,XNRKX,Fixed Income - Municipal-Municipal - NY,43.0,896.779,0.004,Monthly,0.2495,0.0655,15.0,4.6883,,19.76,3.69,,1574.931,True,False,True,False,False,False,,2.47,8.41,-2.22,-0.38,-0.28,7.3,,,17.0,3194570,23.3,0.11000000000000001,94.7019,,15.06,9.38,10.29559,-4.72204,1.75,1.7000000000000002,1.85,2026-08-31T00:00:00,2002-11-21T00:00:00,11/21/2002,1037836800,2026-08-14T00:00:00
253,NNY,-0.0588,4.0830400000000004,4.33824,0.0295,5.67,23,Morningstar US CEF Municipal-NY,81,"Nuveen Fund Advisors, LLC.",False,8.16,-0.01,8.67,2026-08-31T00:00:00,67062M105,Nuveen NY Municipal Value,2026-08-31,XNNYX,Fixed Income - Municipal-Municipal - NY,0.0,154.11,-0.037,Monthly,0.17478,0.0295,10.0,4.7875,,19.89,0.5700000000000001,,163.742,True,False,False,False,False,False,,3.22,3.43,0.26,-0.67,0.73,-2.05,,,5.15,359200,28.8,0.0,96.2731,,,9.0,8.47935,-3.94695,-1.4,-1.29,-1.74,2026-08-31T00:00:00,1987-10-07T00:00:00,10/7/1987,560563200,2026-08-14T00:00:00
254,NAN,0.0037,7.52074,7.49311,0.06799999999999999,7.49,23,Morningstar US CEF Municipal-NY,81,"Nuveen Fund Advisors, LLC.",False,10.89,-0.04,10.85,2026-08-31T00:00:00,67066X107,Nuveen NY Quality Muni Inc,2026-08-31,XNANX,Fixed Income - Municipal-Municipal - NY,40.41,362.425,0.013000000000000001,Monthly,0.25368,0.06799999999999999,15.0,4.9942,,20.82,3.77,,605.934,True,False,False,False,False,False,,2.86,8.98,-1.83,-0.77,0.13,1.6600000000000001,,,7.01,720590,27.2,0.01,97.6695,,13.22,8.79,11.41571,0.6892100000000001,-0.31,-1.57,-1.13,2026-08-31T00:00:00,1999-05-26T00:00:00,5/26/1999,927676800,2026-08-14T00:00:00
255,JPC,-0.0492,9.71503,10.21798,0.0625,5.76,18,Morningstar US CEF Preferreds,81,"Nuveen Fund Advisors, LLC.",False,7.34,-0.04,7.72,2026-08-31T00:00:00,67073B106,Nuveen Pref & Income Opps Fund,2026-08-31,XJPCX,Fixed Income - Taxable-Preferreds,37.86,2758.963,-0.042,Monthly,0.24068,0.0625,15.0,7.7023,,,4.67,,4669.65,True,False,False,False,False,False,,11.13,14.33,3.43,2.5700000000000003,1.51,-3.59,,,-0.05,10051440,7.5,0.0,103.4105,,,3.89,7.9833,0.021560000000000003,-4.21,-3.65,-3.43,2026-08-31T00:00:00,2003-03-26T00:00:00,3/26/2003,1048636800,2026-08-14T00:00:00
256,NAD,0.02,7.35013,7.20613,0.0705,6.82,21,Morningstar US CEF Municipal,81,"Nuveen Fund Advisors, LLC.",False,11.74,0.04,11.51,2026-08-31T00:00:00,67066V101,Nuveen Quality Muni Income Fund,2026-08-31,XNADX,Fixed Income - Municipal-Municipal,42.44,2748.15,0.023,Monthly,0.27975,0.0705,15.0,5.1645,,19.94,3.74,,4680.891,True,False,True,False,False,False,,3.14,9.84,-1.57,-0.55,-0.04,2.4,,,11.22,6659100,24.1,1.23,95.3843,,11.17,8.09,11.88011,-1.0198,2.24,2.41,2.25,2026-08-31T00:00:00,1999-05-26T00:00:00,5/26/1999,927676800,2026-08-14T00:00:00
257,JRI,-0.066,12.28528,13.15271,0.1335,7.37,25,Morningstar US CEF Global Allocation,81,"Nuveen Fund Advisors, LLC.",True,12.18,-0.17,13.04,2026-08-31T00:00:00,67074Y105,Nuveen Real Asset Inc and Grwt,2026-08-31,XJRIX,Hybrid-Global Allocation,32.23,440.895,0.0,Monthly,0.26714,0.1335,20.0,6.5074000000000005,,,3.9,,696.471,True,False,False,False,True,False,,11.49,15.8,4.12,5.04,5.45,-2.86,,,1.13,1461720,26.4,0.0,99.9859,,,,13.19224,-2.52295,-1.04,-1.62,-0.87,2026-08-31T00:00:00,2012-04-25T00:00:00,4/25/2012,1335312000,2026-08-14T00:00:00
258,JRS,-0.091,8.33333,9.16767,0.19,13.3,7,Morningstar US CEF Real Estate,81,"Nuveen Fund Advisors, LLC.",True,8.29,-0.11,9.12,2026-08-31T00:00:00,67071B108,Nuveen Real Estate Income,2026-08-31,XJRSX,Equity-Real Estate,27.99,239.519,0.0,Quarterly,0.07692,0.19,15.0,,,,3.4,,365.899,True,True,False,False,True,False,,10.97,13.64,1.7000000000000002,1.98,15.66,13.17,,,11.46,761670,0.0,,,,6.49,,8.06009,-8.2535,-0.56,0.19,0.37,2026-08-31T00:00:00,2001-11-15T00:00:00,11/15/2001,1005782400,2026-06-15T00:00:00
259,SPXX,-0.0803,8.05542,8.75844,0.4215,21.15,3,Morningstar US CEF Covered Call,81,"Nuveen Fund Advisors, LLC.",True,19.25,-0.01,20.93,2026-08-31T00:00:00,6706EW100,Nuveen S&P 500 Dynamic Overwrite,2026-08-31,XSSPX,Equity-Covered-Call Funds,,2652.938,0.0,Quarterly,0.02449,0.4215,20.0,,,,0.9700000000000001,,2884.467,False,True,True,False,True,False,,16.58,16.28,10.26,8.97,12.59,11.39,,,15.25,1430880,,,,,,,17.85261,-8.99982,0.44,1.62,1.9,2026-08-31T00:00:00,2005-11-22T00:00:00,11/22/2005,1132617600,2026-06-15T00:00:00
260,NIM,-0.043,3.5619199999999998,3.72193,0.028999999999999998,3.24,21,Morningstar US CEF Municipal,81,"Nuveen Fund Advisors, LLC.",False,9.35,0.04,9.77,2026-08-31T00:00:00,67061T101,Nuveen Select Maturity Muni,2026-08-31,XNIMX,Fixed Income - Municipal-Municipal,0.41000000000000003,116.376,-0.007,Monthly,0.16949,0.028999999999999998,12.0,4.4675,,8.49,0.5800000000000001,,121.603,True,False,True,False,False,False,,3.37,6.06,0.98,0.42,0.31,2.93,,,6.15,189780,18.0,1.32,97.8224,,,5.21,9.37738,-5.72207,1.07,1.51,0.6900000000000001,2026-08-31T00:00:00,1992-09-18T00:00:00,9/18/1992,716774400,2026-08-14T00:00:00
261,NXP,0.0121,4.5694,4.51477,0.0535,5.11,21,Morningstar US CEF Municipal,81,"Nuveen Fund Advisors, LLC.",False,14.22,0.01,14.05,2026-08-31T00:00:00,67062F100,Nuveen Select Tax Free Inc,2026-08-31,XNXPX,Fixed Income - Municipal-Municipal,3.73,900.329,0.014,Monthly,0.28791,0.0535,15.0,5.046,,17.18,0.35000000000000003,,889.566,True,False,True,False,False,False,,3.9699999999999998,4.6,0.84,0.14,0.9500000000000001,3.92,,,6.08,1426070,14.4,1.31,93.9607,,9.19,8.13,14.30209,-0.06858,1.34,1.34,1.43,2026-08-31T00:00:00,1992-03-19T00:00:00,3/19/1992,700963200,2026-08-14T00:00:00
262,NBB,-0.0204,7.3711,7.52437,0.0965,4.51,20,Morningstar US CEF Taxable Muni,81,"Nuveen Fund Advisors, LLC.",False,15.39,-0.04,15.71,2026-08-31T00:00:00,67074C103,Nuveen Taxable Municipal Income,2026-08-31,XNBBX,Fixed Income - Taxable-Taxable Muni,38.26,452.385,-0.051000000000000004,Monthly,0.47616,0.0965,20.0,6.8179,,16.71,3.24,,748.007,True,False,True,False,False,False,,5.59,8.56,-0.89,-1.13,0.41000000000000003,2.29,,,3.77,568190,5.6,0.0,100.5308,,,7.42,15.86462,-2.69114,0.6900000000000001,1.32,1.02,2026-08-31T00:00:00,2010-04-27T00:00:00,4/27/2010,1272326400,2026-08-14T00:00:00
263,NPV,-0.0421,6.75206,7.04871,0.0615,6.26,24,Morningstar US CEF Municipal-Single State,81,"Nuveen Fund Advisors, LLC.",False,10.47,-0.02,10.93,2026-08-31T00:00:00,67064R102,Nuveen VA Quality Muni Inc,2026-08-31,XNPVX,Fixed Income - Municipal-Municipal - Single-State,40.69,205.21,0.026000000000000002,Monthly,0.2321,0.0615,15.0,4.869,,18.2,3.54,,361.176,True,False,False,False,False,False,,3.06,6.61,-1.69,-4.66,-0.71,-1.08,,,-1.2,517950,32.6,1.55,95.5169,,11.51,8.16,11.33295,-0.9656000000000001,-1.9,-1.8599999999999999,-2.5300000000000002,2026-08-31T00:00:00,1993-03-18T00:00:00,3/18/1993,732412800,2026-08-14T00:00:00
264,NPFD,-0.0279,9.70543,9.98405,0.1565,5.93,18,Morningstar US CEF Preferreds,81,"Nuveen Fund Advisors, LLC.",False,18.81,0.03,19.35,2026-08-31T00:00:00,67080R102,Nuveen Variable Rate Pref & Inc Fund,2026-08-31,XNPFX,Fixed Income - Taxable-Preferreds,36.94,454.527,,Monthly,0.5723900000000001,0.1565,25.0,7.4788,,,4.79,,741.482,True,False,True,False,False,False,,10.78,16.0,,,1.69,5.5600000000000005,,,5.77,651490,7.4,0.0,102.0238,,5.58,3.5300000000000002,19.17636,-3.94515,0.9,2.01,1.3,2026-08-31T00:00:00,2021-12-15T00:00:00,12/15/2021,1639526400,2026-08-14T00:00:00
265,SRV,0.0074,13.47709,13.37793,0.5,23.29,6,Morningstar US CEF MLP,33,Cushing Asset Management LP,False,44.85,-0.65,44.52,2026-08-31T00:00:00,231631300,NXG Cushing Midstream Energy Fund,2026-08-31,XSRVX,Equity-MLP,29.89,279.612,,Monthly,0.0352,0.5,20.0,,,,4.32,,395.869,True,True,True,False,False,False,,23.56,20.46,19.3,27.04,23.91,24.71,,,23.17,572950,,,,,4.57,,44.48962,-0.9453,0.52,-0.09,0.66,2026-08-31T00:00:00,2007-08-27T00:00:00,8/27/2007,1188172800,2026-08-17T00:00:00
266,NXG,0.024900000000000002,13.18198,12.86174,0.6,30.24,8,Morningstar US CEF Sector Equity,33,Cushing Asset Management LP,False,55.98,-0.31,54.62,2026-08-31T00:00:00,231647207,NXG NextGen Infrastructure Inc,2026-08-31,XNXGX,Equity-Sector Equity,34.27,410.455,,Monthly,-0.24598,0.6,25.0,,,,4.16,,609.293,True,True,True,False,False,False,,24.38,33.85,12.25,16.6,25.56,16.9,,,31.07,690160,,,,,1.07,,53.78291,-1.29176,1.01,0.56,1.05,2026-08-31T00:00:00,2012-09-26T00:00:00,9/26/2012,1348617600,2026-08-17T00:00:00
267,MEGI,-0.0929,9.29368,10.2459,0.125,13.71,8,Morningstar US CEF Sector Equity,77,New York Life Investment Management LLC,False,14.64,-0.18,16.14,2026-08-31T00:00:00,56064Q107,NYLIM CBRE Glb Infra Megatrends Term Fd,2026-08-31,XMEGI,Equity-Sector Equity,21.52,761.976,,Monthly,0.39004,0.125,20.0,,,,3.73,,1070.347,True,False,True,False,False,False,,12.5,15.79,,,12.25,13.76,,,11.36,1543110,,,,,,,14.71471,-9.3066,0.01,-0.67,0.23,2026-08-31T00:00:00,2021-10-27T00:00:00,10/27/2021,1635292800,2026-08-24T00:00:00
268,MMD,-0.0643,5.05303,5.4,0.06749999999999999,6.97,21,Morningstar US CEF Municipal,77,New York Life Investment Management LLC,False,15.0,0.07,16.03,2026-08-31T00:00:00,56064K100,NYLIM MacKay DefinedTerm Muni Opps Fund,2026-08-31,XMMDX,Fixed Income - Municipal-Municipal,36.65,281.692,0.24000000000000002,Monthly,0.42096,0.06749999999999999,20.0,5.1948,,,2.72,,475.195,True,False,True,False,False,True,,3.26,0.81,-0.78,-3.15,1.23,4.45,,,7.64,631680,,,104.6098,,,5.7,15.14866,-7.24495,0.68,0.67,0.8,2026-08-31T00:00:00,2012-06-27T00:00:00,6/27/2012,1340755200,2026-08-14T00:00:00
269,OCCI,-0.2141,18.34862,23.3463,0.049999999999999996,-30.8,19,Morningstar US CEF Senior Loans,82,"OFS Capital Management, LLC",True,2.5700000000000003,0.17,3.32,2026-07-31T00:00:00,67111Q107,OFS Credit Company Inc,2026-08-31,OCCI,Fixed Income - Taxable-Senior Loans,47.95,75.338,,Monthly,0.33629000000000003,0.049999999999999996,20.0,13.384,,,13.31,,184.18,True,False,False,False,True,False,,-8.88,-13.82,-8.21,-11.54,-23.43,-36.75,,,-43.83,2861370,,,,,,,3.85882,-13.91738,-0.7000000000000001,0.18,-0.06,2026-08-31T00:00:00,2018-10-05T00:00:00,10/5/2018,1538697600,2026-08-14T00:00:00
270,OXLC,-0.0717,22.94455,24.71679,0.19999999999999998,-33.14,19,Morningstar US CEF Senior Loans,83,Oxford Lane Management,False,9.71,0.74,10.66,2026-07-31T00:00:00,691543847,Oxford Lane Capital Corp,2026-08-31,OXLCX,Fixed Income - Taxable-Senior Loans,43.07,948.178,,Monthly,1.29355,0.19999999999999998,20.0,10.7207,,,9.78,,1794.076,True,False,True,False,False,False,,-3.81,-6.22,-1.6,-4.31,-19.43,-17.36,,,-28.11,12358860,,,,,,,11.93215,-15.98758,0.9400000000000001,1.76,0.81,2026-08-31T00:00:00,2011-01-20T00:00:00,1/20/2011,1295481600,2026-08-17T00:00:00
271,PCM,-0.0219,14.09287,14.40897,0.06423999999999999,5.25,16,Morningstar US CEF Limited Duration,84,"Pacific Investment Management Company, LLC",False,5.35,-0.05,5.47,2026-08-31T00:00:00,69323T101,PCM Fund,2026-08-31,XPCMX,Fixed Income - Taxable-Limited Duration,36.13,66.493,0.037,Monthly,0.31452,0.06423999999999999,15.0,5.6094,,6.53,4.76,,106.445,True,False,False,False,False,False,,8.21,-4.89,2.14,-3.88,1.1400000000000001,-4.62,,,-3.81,530420,,,83.6639,,,,5.97114,3.46353,-1.5899999999999999,-2.07,-1.97,2026-08-31T00:00:00,1993-09-02T00:00:00,9/2/1993,746928000,2026-08-13T00:00:00
272,PDCC,-0.1884,14.40443,17.74744,0.13,-25.38,19,Morningstar US CEF Senior Loans,86,Pearl Diver Capital LLP,True,8.79,-0.39,10.96,2026-07-31T00:00:00,70476Q100,Pearl Diver Credit Company Inc,2026-08-31,PDCC,Fixed Income - Taxable-Senior Loans,35.25,60.384,,Monthly,0.9322,0.13,20.0,10.3892,,,8.24,,114.905,True,False,False,False,True,False,,,,,,-14.64,-27.62,,,-39.07,58360,,,,,,,12.63722,-4.92689,-1.88,-1.13,-1.23,2026-08-31T00:00:00,2024-07-18T00:00:00,7/18/2024,1721260800,2026-08-17T00:00:00
273,PSUS,-0.22469999999999998,,,,,10,Morningstar US CEF US Equity,87,"Pershing Square Capital Management, L.P.",False,39.4,-0.1,50.82,2026-08-25T00:00:00,71531T105,"Pershing Square USA, Ltd",2026-08-31,PSUSX,Equity-U.S. Equity,,,,Annually,,,50.0,,,,0.0,,,False,True,True,False,False,False,,,,,,,,,,,0,,,,,,,,,,-1.0,,2026-08-31T00:00:00,2026-04-29T00:00:00,4/29/2026,1777420800,
274,GHY,-0.0902,9.88235,10.86207,0.105,5.73,14,Morningstar US CEF High Yield,88,PGIM,False,11.6,-0.01,12.75,2026-08-31T00:00:00,69346J106,"PGIM Global High Yield Fund, Inc.",2026-08-31,XGHYX,Fixed Income - Taxable-High Yield,16.07,475.149,,Monthly,0.4495,0.105,20.0,6.5398,,,2.5,,622.254,True,False,False,False,False,False,,10.93,12.14,4.19,4.38,2.93,-0.09,,,-3.71,1556780,,,96.1442,,,,12.26261,-6.06033,-1.1400000000000001,-1.0,-0.9400000000000001,2026-08-31T00:00:00,2012-12-21T00:00:00,12/21/2012,1356048000,2026-08-13T00:00:00
275,ISD,-0.0909,9.31264,10.2439,0.105,3.81,14,Morningstar US CEF High Yield,88,PGIM,False,12.3,-0.06,13.53,2026-08-31T00:00:00,69346H100,"PGIM High Yield Bond Fund, Inc.",2026-08-31,XISDX,Fixed Income - Taxable-High Yield,20.36,409.539,,Monthly,0.55298,0.105,20.0,6.6848,,,2.15,,450.493,True,False,False,False,False,False,,9.2,10.01,4.14,3.95,2.38,-10.13,,,-7.61,946240,,,97.3498,,,,13.75111,-1.01145,-1.76,-1.8,-1.52,2026-08-31T00:00:00,2012-04-26T00:00:00,4/26/2012,1335398400,2026-08-13T00:00:00
276,SDHY,-0.06810000000000001,7.54366,8.09494,0.108,3.16,14,Morningstar US CEF High Yield,88,PGIM,True,16.01,0.04,17.18,2026-08-31T00:00:00,69355J104,PGIM Short Duration High Yield Opps,2026-08-31,XSDHX,Fixed Income - Taxable-High Yield,22.15,395.016,,Monthly,0.74624,0.108,20.0,6.4186,,,2.52,,423.883,True,False,False,False,True,False,,7.69,10.0,4.51,4.85,1.8900000000000001,1.98,,,1.7000000000000002,697700,,,98.7564,,,,16.35157,-6.71987,-0.09,-0.17,0.47000000000000003,2026-08-31T00:00:00,2020-11-25T00:00:00,11/25/2020,1606262400,2026-08-13T00:00:00
277,PAXS,-0.0358,12.33012,12.78745,0.1494,5.95,17,Morningstar US CEF Multi-Sector,90,PIMCO,True,14.02,-0.02,14.54,2026-08-31T00:00:00,72203T100,PIMCO Access Income,2026-08-31,XPAAX,Fixed Income - Taxable-Multi-Sector,39.54,661.065,,Monthly,0.7612800000000001,0.1494,20.0,,,7.51,5.85,,1133.975,True,False,False,False,True,False,,12.3,10.41,,,2.46,-0.59,,,-1.6800000000000002,1871930,,,86.3465,,,,15.10975,0.46447000000000005,-1.32,-0.86,-0.9,2026-08-31T00:00:00,2022-01-31T00:00:00,1/31/2022,1643587200,2026-08-13T00:00:00
278,PCQ,-0.09609999999999999,4.51411,4.99422,0.036,8.41,22,Morningstar US CEF Municipal-CA,84,"Pacific Investment Management Company, LLC",False,8.65,-0.07,9.57,2026-08-31T00:00:00,72200N106,PIMCO CA Municipal Income,2026-08-31,XPCQX,Fixed Income - Municipal-Municipal - CA,42.79,485.547,0.161,Monthly,0.16229,0.036,15.0,4.7008,,14.81,4.27,,938.898,True,False,True,False,False,False,,2.7,2.11,-3.0,-10.13,-0.8,2.35,,,9.7,1543680,,,95.5316,,16.3,8.47,8.79695,-11.20309,1.94,1.47,1.8599999999999999,2026-08-31T00:00:00,2001-06-29T00:00:00,6/29/2001,993772800,2026-08-13T00:00:00
279,PTY,0.0379,12.57143,12.11215,0.11879999999999999,7.94,15,Morningstar US CEF Investment Grade,90,PIMCO,False,11.77,-0.03,11.34,2026-08-31T00:00:00,72201B101,PIMCO Corporate & Income Opportunity Fd,2026-08-31,XPTYX,Fixed Income - Taxable-Investment Grade,17.32,2583.53,0.218,Monthly,0.56621,0.11879999999999999,15.0,,,7.79,1.27,,3010.644,True,False,False,False,False,False,,15.59,5.01,7.93,-0.01,3.2800000000000002,-1.07,,,-6.48,10724760,,,93.1302,,,,12.72575,8.99647,-0.9,0.35000000000000003,-0.47000000000000003,2026-08-31T00:00:00,2002-12-27T00:00:00,12/27/2002,1040947200,2026-08-13T00:00:00
280,PCN,0.035300000000000005,11.90476,11.49915,0.11249999999999999,6.77,15,Morningstar US CEF Investment Grade,84,"Pacific Investment Management Company, LLC",False,11.74,-0.04,11.34,2026-08-31T00:00:00,72200U100,PIMCO Corporate & Income Strgy,2026-08-31,XPCNX,Fixed Income - Taxable-Investment Grade,5.85,892.943,0.038,Monthly,0.55593,0.11249999999999999,15.0,,,7.24,1.2,,916.116,True,False,False,False,False,False,,13.62,5.67,6.78,1.79,2.64,-0.61,,,0.65,3255540,,,92.9017,,,,12.37609,5.84902,-0.76,1.28,0.13,2026-08-31T00:00:00,2001-12-21T00:00:00,12/21/2001,1008892800,2026-08-13T00:00:00
281,PDI,-0.0263,16.96154,17.41935,0.2205,7.8,17,Morningstar US CEF Multi-Sector,84,"Pacific Investment Management Company, LLC",False,15.19,-0.14,15.6,2026-08-31T00:00:00,72201Y101,PIMCO Dynamic Income Fund,2026-08-31,XPDIX,Fixed Income - Taxable-Multi-Sector,31.82,7225.689,,Monthly,0.8963,0.2205,25.0,,,7.46,4.46,,10883.629,True,False,False,False,False,False,,13.93,9.74,5.96,2.3,2.94,-4.58,,,-9.66,28152780,,,89.3482,,,,17.65617,7.45168,-2.17,-1.99,-2.29,2026-08-31T00:00:00,2012-05-25T00:00:00,5/25/2012,1337904000,2026-08-13T00:00:00
282,PDO,-0.0181,12.06604,12.28823,0.12789999999999999,7.96,13,Morningstar US CEF Global Income,84,"Pacific Investment Management Company, LLC",True,12.49,-0.06,12.72,2026-08-31T00:00:00,69355M107,PIMCO Dynamic Income Opportunities Fund,2026-08-31,XPDOX,Fixed Income - Taxable-Global Income,34.52,1815.792,,Monthly,0.6564,0.12789999999999999,20.0,,,7.31,5.22,,2824.208,True,False,False,False,True,False,,13.95,12.55,3.34,2.03,3.03,-2.34,,,1.34,6265580,,,89.3018,,,,13.51205,3.41677,-2.59,-2.34,-2.13,2026-08-31T00:00:00,2021-01-29T00:00:00,1/29/2021,1611878400,2026-08-13T00:00:00
283,PDX,-0.0824,6.73171,7.33639,0.1334,11.24,25,Morningstar US CEF Global Allocation,90,PIMCO,True,21.82,0.16,23.78,2026-08-31T00:00:00,69346N107,PIMCO Dynamic Income Strategy Fund,2026-08-31,XPDX,Hybrid-Global Allocation,22.43,975.506,,Monthly,0.70899,0.1334,20.0,5.9686,,6.61,3.29,,1370.609,True,True,True,False,True,True,,17.5,22.29,21.83,25.18,18.43,22.3,,,10.53,1225410,,,91.6489,,,,21.457,-9.64707,0.9,1.42,1.47,2026-08-31T00:00:00,2019-01-30T00:00:00,1/30/2019,1548806400,2026-08-13T00:00:00
284,PGP,-0.041299999999999996,9.00979,9.39841,0.06899999999999999,20.24,25,Morningstar US CEF Global Allocation,84,"Pacific Investment Management Company, LLC",False,8.81,0.03,9.19,2026-08-31T00:00:00,722011103,PIMCO Global StocksPLUS & Income,2026-08-31,XPGPX,Hybrid-Global Allocation,48.6,102.123,0.07,Monthly,0.38544,0.06899999999999999,25.0,,,7.5600000000000005,2.5300000000000002,,207.267,True,True,False,False,False,False,,21.49,19.34,7.58,5.79,9.54,2.71,,,13.91,440230,,,92.4107,,,,8.76205,-1.29884,-1.03,1.17,-0.44,2026-08-31T00:00:00,2005-05-31T00:00:00,5/31/2005,1117497600,2026-08-13T00:00:00
285,PHK,0.011200000000000002,12.9148,12.77162,0.048,8.51,17,Morningstar US CEF Multi-Sector,84,"Pacific Investment Management Company, LLC",False,4.51,-0.03,4.46,2026-08-31T00:00:00,722014107,PIMCO High Income,2026-08-31,XPHKX,Fixed Income - Taxable-Multi-Sector,19.91,856.609,-0.044000000000000004,Monthly,0.23584,0.048,15.0,,,8.09,1.44,,1057.676,True,False,False,False,False,False,,13.7,10.12,6.5600000000000005,3.8,3.91,0.9500000000000001,,,3.06,7605580,,,93.0293,,,,4.76128,3.86927,-1.45,-0.97,-0.9400000000000001,2026-08-31T00:00:00,2003-04-30T00:00:00,4/30/2003,1051660800,2026-08-13T00:00:00
286,PFL,0.0174,13.05882,12.83574,0.0814,5.55,17,Morningstar US CEF Multi-Sector,90,PIMCO,False,7.61,-0.01,7.48,2026-08-31T00:00:00,72201H108,PIMCO Income Strategy,2026-08-31,XPFLX,Fixed Income - Taxable-Multi-Sector,7.86,381.759,0.077,Monthly,0.35014,0.0814,20.0,,,6.86,1.8599999999999999,,407.244,True,False,False,False,False,False,,12.51,11.91,4.84,0.87,1.97,-1.81,,,1.4,2067870,,,89.1355,,,,8.14447,4.23936,-1.2,-0.12,-0.55,2026-08-31T00:00:00,2003-08-26T00:00:00,8/26/2003,1061856000,2026-08-13T00:00:00
287,PFN,0.019,12.61493,12.37931,0.0718,7.5,17,Morningstar US CEF Multi-Sector,84,"Pacific Investment Management Company, LLC",False,6.96,-0.03,6.83,2026-08-31T00:00:00,72201J104,PIMCO Income Strategy II,2026-08-31,XPFNX,Fixed Income - Taxable-Multi-Sector,24.15,692.339,0.094,Monthly,0.36318,0.0718,20.0,,,8.1,1.71,,895.682,True,False,False,False,False,False,,13.71,13.58,5.5,1.99,3.0,0.77,,,3.49,4366470,,,92.4062,,,,7.22747,2.62323,-0.35000000000000003,0.14,0.43,2026-08-31T00:00:00,2004-10-29T00:00:00,10/29/2004,1099008000,2026-08-13T00:00:00
288,PML,-0.0493,6.14786,6.46658,0.0395,6.31,21,Morningstar US CEF Municipal,90,PIMCO,False,7.33,0.0,7.71,2026-08-31T00:00:00,72200W106,PIMCO Municipal Income II,2026-08-31,XPMLX,Fixed Income - Municipal-Municipal,43.31,919.679,0.10300000000000001,Monthly,0.22416,0.0395,15.0,5.0076,,14.19,4.19,,1706.539,True,False,True,False,False,False,,2.06,0.3,-3.76,-8.11,-1.01,1.33,,,7.26,4360710,,,97.8729,,15.68,8.36,7.60728,-5.65813,0.61,2.12,1.6099999999999999,2026-08-31T00:00:00,2002-06-28T00:00:00,6/28/2002,1025222400,2026-08-13T00:00:00
289,PNI,-0.0956,4.7012,5.19824,0.0295,7.04,23,Morningstar US CEF Municipal-NY,90,PIMCO,False,6.8100000000000005,-0.02,7.53,2026-08-31T00:00:00,72200Y102,PIMCO NY Municipal Income II,2026-08-31,XPNIX,Fixed Income - Municipal-Municipal - NY,42.28,162.66,0.065,Monthly,0.17601,0.0295,15.0,4.8384,,14.29,4.31,,311.629,True,False,True,False,False,False,,1.58,2.65,-4.31,-5.9,-0.76,2.22,,,8.54,572390,,,98.1725,,16.81,9.17,6.95562,-10.92807,1.9300000000000002,1.87,1.69,2026-08-31T00:00:00,2002-06-28T00:00:00,6/28/2002,1025222400,2026-08-13T00:00:00
290,RCS,0.163,10.57269,9.09091,0.04,8.78,15,Morningstar US CEF Investment Grade,90,PIMCO,False,5.28,0.02,4.54,2026-08-31T00:00:00,72200X104,PIMCO Strategic Income Fund,2026-08-31,XRCSX,Fixed Income - Taxable-Investment Grade,80.44,250.328,0.019,Monthly,0.23481000000000002,0.04,12.5,6.5775,,7.52,3.49,,1100.363,True,False,False,False,False,False,,15.35,8.18,5.0,1.67,3.33,0.75,,,-20.54,1546840,,,98.262,,,,6.03556,30.48169,-0.86,-0.11,-0.56,2026-08-31T00:00:00,1994-02-24T00:00:00,2/24/1994,762048000,2026-08-13T00:00:00
291,PWRL,-0.2852,,,,,8,Morningstar US CEF Sector Equity,91,Powerlaw Fund Adviser LLC,False,10.5,-1.27,14.69,2026-07-31T00:00:00,738922103,Powerlaw Corp.,2026-08-31,XPWRX,Equity-Sector Equity,,,,,,,,,,,0.0,,,False,True,True,False,False,False,,,,,,,,,,,0,,,,,,,,,,-1.0,,2026-08-31T00:00:00,2026-05-27T00:00:00,5/27/2026,1779840000,
292,PGZ,-0.08869999999999999,11.6451,12.7789,0.105,4.15,7,Morningstar US CEF Real Estate,92,Principal Funds,True,9.86,-0.06,10.82,2026-08-31T00:00:00,74255X104,Principal Real Estate Income Fund,2026-08-31,XPGZX,Equity-Real Estate,30.64,66.004,,Monthly,0.34794,0.105,20.0,3.6927,,,4.79,,104.43,True,False,True,False,True,False,,11.8,14.66,0.03,2.29,3.34,6.95,,,6.1,257250,,,80.4473,,4.67,,10.16129,-9.98286,0.76,-0.29,0.53,2026-08-31T00:00:00,2013-06-26T00:00:00,6/26/2013,1372204800,2026-08-17T00:00:00
293,UTG,0.0096,6.74338,6.67904,0.21,5.73,8,Morningstar US CEF Sector Equity,93,Reaves Asset Management,True,37.73,0.01,37.37,2026-08-31T00:00:00,756158101,Reaves Utility Income,2026-08-31,XUTGX,Equity-Sector Equity,21.63,3475.279,,Monthly,0.14102,0.21,20.0,,,,2.09,,4392.119,True,False,True,False,True,False,,20.96,21.12,8.82,8.72,6.96,6.82,,,5.79,2517530,,,,,2.62,,39.43682,-0.45562,1.17,1.11,1.23,2026-08-31T00:00:00,2004-02-24T00:00:00,2/24/2004,1077580800,2026-08-18T00:00:00
294,RCG,-0.0482,,,0.022371,11.15,26,Morningstar US CEF US Allocation,63,Horizon Kinetics Asset Management LLC,False,2.941,-0.01,3.09,2026-08-31T00:00:00,759720105,RENN Fund ord,2026-08-31,XXRENNX,Hybrid-U.S. Allocation,11.03,20.633,,Data Not Available,-0.00658,0.022371,10.0,,,,1.56,,21.679,True,True,True,False,False,False,,12.22,18.38,3.73,5.71,9.19,14.44,,,8.52,78880,,,,,0.15,,2.77969,-9.60807,1.17,0.88,0.79,2026-08-31T00:00:00,1994-01-20T00:00:00,1/20/1994,759024000,2024-12-16T00:00:00
295,RSF,-0.0265,11.03421,11.33448,0.1371,7.69,14,Morningstar US CEF High Yield,94,"RiverNorth Capital Management, LLC",False,14.515,0.01,14.91,2026-08-31T00:00:00,76882B108,RiverNorth Capital and Inc Fund,2026-08-31,XRSFX,Fixed Income - Taxable-High Yield,9.65,50.286,,Monthly,1.04616,0.1371,21.42,,,,6.38,,51.655,True,False,True,False,False,False,,8.74,10.51,6.06,5.47,4.77,8.94,,,9.5,165290,,,,,2.96,,14.58105,-4.15282,1.3900000000000001,1.05,0.92,2026-08-31T00:00:00,2016-09-22T00:00:00,9/22/2016,1474502400,2026-08-14T00:00:00
296,RFM,-0.0694,6.82065,7.32894,0.0881,9.47,21,Morningstar US CEF Municipal,94,"RiverNorth Capital Management, LLC",True,14.425,0.06,15.5,2026-08-31T00:00:00,76883H104,RiverNorth Flexible Municipal Income,2026-08-31,XRFMX,Fixed Income - Municipal-Municipal,40.44,88.205,,Monthly,0.26571,0.0881,20.0,5.1339,,,4.92,,159.118,True,True,True,False,True,True,,4.97,5.28,-1.08,-1.4,2.96,8.37,,,12.68,208540,,,101.6818,,17.23,17.45,14.39615,-8.72713,1.37,0.33,0.91,2026-08-31T00:00:00,2020-03-26T00:00:00,3/26/2020,1585180800,2026-08-14T00:00:00
297,RFMZ,-0.0751,6.83286,7.38744,0.0804,9.32,21,Morningstar US CEF Municipal,94,"RiverNorth Capital Management, LLC",True,13.06,-0.09,14.12,2026-08-31T00:00:00,76883Y107,RiverNorth Flexible Municipal Income II,2026-08-31,XRFZX,Fixed Income - Municipal-Municipal,40.9,318.034,,Monthly,0.25023,0.0804,20.0,5.1559,,,5.04,,581.777,True,True,True,False,True,True,,5.18,6.07,-0.71,-2.46,2.81,8.31,,,12.26,747640,,,101.2073,,16.29,15.96,13.04733,-9.28352,1.28,-0.17,0.74,2026-08-31T00:00:00,2021-02-24T00:00:00,2/24/2021,1614124800,2026-08-14T00:00:00
298,RMMZ,-0.0461,6.84507,7.17584,0.0891,8.97,21,Morningstar US CEF Municipal,94,"RiverNorth Capital Management, LLC",False,14.9,-0.2,15.62,2026-08-31T00:00:00,76882M104,RiverNorth Manage Dur Muni Inc Fd II Inc,2026-08-31,XRMZX,Fixed Income - Municipal-Municipal,41.35,125.98,,Monthly,0.25979,0.0891,20.0,5.1833,,,4.97,,225.182,True,True,True,False,False,True,,4.79,6.27,,,2.73,7.64,,,9.61,222150,,,102.0403,,16.06,14.6,14.81554,-6.93643,2.39,2.75,2.9,2026-08-31T00:00:00,2022-02-10T00:00:00,2/10/2022,1644451200,2026-08-14T00:00:00
299,RMM,-0.035,6.84906,7.09777,0.0847,9.15,21,Morningstar US CEF Municipal,94,"RiverNorth Capital Management, LLC",False,14.32,0.06,14.84,2026-08-31T00:00:00,76882H105,RiverNorth Managed Duration Muni Inc Fd,2026-08-31,XRMMX,Fixed Income - Municipal-Municipal,41.11,282.671,,Monthly,0.2686,0.0847,20.0,5.105,,,4.75,,497.446,True,True,True,False,False,True,,5.01,4.85,0.37,-0.9,2.7,10.25,,,14.37,665450,,,101.5299,,9.95,16.69,14.18461,-6.26811,1.49,0.91,1.0,2026-08-31T00:00:00,2019-07-25T00:00:00,7/25/2019,1564012800,2026-08-14T00:00:00
300,RMI,-0.028200000000000003,6.82534,7.02304,0.08889999999999999,9.45,21,Morningstar US CEF Municipal,94,"RiverNorth Capital Management, LLC",False,15.19,0.03,15.63,2026-08-31T00:00:00,76883F108,RiverNorth Opp Muni Income Fund Inc,2026-08-31,XRMIX,Fixed Income - Municipal-Municipal,40.15,96.829,,Monthly,0.26035,0.08889999999999999,20.0,5.14,,,4.93,,166.479,True,True,True,False,False,True,,4.93,5.85,-1.08,-0.53,3.04,11.17,,,17.37,229650,,,101.6429,,16.95,16.93,15.01105,-5.63702,0.99,0.29,0.35000000000000003,2026-08-31T00:00:00,2018-10-25T00:00:00,10/25/2018,1540425600,2026-08-14T00:00:00
301,RIV,-0.09880000000000001,12.90939,14.32541,0.1306,10.73,26,Morningstar US CEF US Allocation,94,"RiverNorth Capital Management, LLC",True,10.94,-0.14,12.14,2026-08-31T00:00:00,76881Y109,RiverNorth Opportunities Fund,2026-08-31,XRIVX,Hybrid-U.S. Allocation,25.66,299.442,,Monthly,0.24094000000000002,0.1306,20.0,6.1355,,7.28,2.07,,446.957,True,False,False,False,True,True,,14.23,12.61,7.27,3.14,5.43,1.98,,,0.35000000000000003,1011620,,,97.8914,,,,11.65801,-5.53574,-2.34,-2.39,-3.15,2026-08-31T00:00:00,2015-12-23T00:00:00,12/23/2015,1450828800,2026-08-14T00:00:00
302,OPP,-0.0868,13.34963,14.61847,0.091,6.71,14,Morningstar US CEF High Yield,94,"RiverNorth Capital Management, LLC",True,7.47,0.0,8.18,2026-08-31T00:00:00,76882G107,RiverNorth/DoubleLine Strategic Opp Fund,2026-08-31,XOPPX,Fixed Income - Taxable-High Yield,37.79,186.676,,Monthly,0.31625000000000003,0.091,20.0,4.9979,,,2.7800000000000002,,328.611,True,False,False,False,True,True,,10.09,10.81,2.74,0.41000000000000003,2.22,3.2,,,-0.59,1032750,,,75.0367,,,,7.89279,-8.34906,-0.17,-0.34,0.0,2026-08-31T00:00:00,2016-09-27T00:00:00,9/27/2016,1474934400,2026-08-14T00:00:00
303,RVI,0.06509999999999999,,,,,5,Morningstar US CEF Global Equity,95,"Robinhood Ventures DE, LLC",True,26.65,-7.3,25.02,2026-06-30T00:00:00,770701100,Robinhood Ventures Fund I,2026-08-31,XRVIX,Equity-Global Equity,,726.138,,Annually,,,25.0,,,,2.72,,681.725,False,True,True,False,True,False,,,,,,,,,,,0,,,,,,,,,,-0.79,,2026-08-31T00:00:00,2026-03-06T00:00:00,3/6/2026,1772755200,
304,BOT,1.2951,,,,,8,Morningstar US CEF Sector Equity,52,"FP Strategies, LLC",True,26.07,-3.34,11.32,2026-07-31T00:00:00,77106T107,RoboStrategy Inc,2026-08-31,XBOTX,Equity-Sector Equity,,,,,,,,,,,0.0,,,False,True,True,False,True,False,,,,,,,,,,,0,,,,,,,,,,,,2026-08-31T00:00:00,2026-05-11T00:00:00,5/11/2026,1778457600,
305,RGT,-0.1388,1.06802,1.24021,0.19,21.45,5,Morningstar US CEF Global Equity,96,Royce Investment Partners,False,15.32,-0.02,17.79,2026-08-31T00:00:00,78081T104,"Royce Global Trust, Inc.",2026-08-31,XRGTX,Equity-Global Equity,2.11,100.543,,Annually,0.26180000000000003,0.19,8.975,,,,1.35,,116.753,True,True,True,False,False,False,,19.33,21.56,6.01,4.54,16.73,16.86,,,22.08,205000,,,,,,,13.80641,-14.71745,0.74,0.9500000000000001,1.19,2026-08-31T00:00:00,2013-10-18T00:00:00,10/18/2013,1382054400,2025-12-11T00:00:00
306,RMT,-0.09970000000000001,5.40193,6.0,0.21,43.52,10,Morningstar US CEF US Equity,96,Royce Investment Partners,True,14.0,0.01,15.55,2026-08-31T00:00:00,780915104,Royce Micro-Cap Trust,2026-08-31,XOTCX,Equity-U.S. Equity,2.35,748.699,,Quarterly,-0.04772,0.21,10.0,,,,1.3900000000000001,,851.591,True,True,True,False,True,False,,23.07,25.43,10.61,12.24,35.64,38.55,,,47.84,1214860,,,,,,,12.05881,-11.42669,2.01,2.29,1.44,2026-08-31T00:00:00,1993-12-14T00:00:00,12/14/1993,755827200,2026-06-11T00:00:00
307,RVT,-0.0928,6.05765,6.67744,0.31,22.96,10,Morningstar US CEF US Equity,96,Royce Investment Partners,True,18.57,-0.03,20.47,2026-08-31T00:00:00,780910105,Royce Small-Cap Trust,2026-08-31,XRVTX,Equity-U.S. Equity,1.4100000000000001,2221.489,,Quarterly,0.08396,0.31,10.0,,,,1.35,,2483.782,True,True,True,False,True,False,,17.08,19.67,7.75,8.62,19.44,19.48,,,25.96,2741030,,,,,,,17.27931,-9.74434,0.25,2.52,0.27,2026-08-31T00:00:00,1986-11-26T00:00:00,11/26/1986,533347200,2026-06-11T00:00:00
308,BRW,-0.10869999999999999,13.8587,15.54878,0.08499999999999999,0.2,19,Morningstar US CEF Senior Loans,97,"Saba Capital Management, LP",False,6.5600000000000005,0.04,7.36,2026-08-31T00:00:00,78518H202,Saba Capital Income & Opportunities Fund,2026-08-31,XPPRX,Fixed Income - Taxable-Senior Loans,12.18,340.694,,Monthly,0.07357,0.08499999999999999,10.0,,,,5.82,,435.242,True,False,False,False,False,False,,9.28,8.76,7.52,7.25,4.19,3.6,,,-7.6,2711850,,,,,6.5,,6.93707,-10.59415,-0.13,-0.3,0.1,2026-08-31T00:00:00,1988-05-12T00:00:00,5/12/1988,579398400,2026-08-11T00:00:00
309,SABA,-0.1358,7.27273,8.41596,0.057999999999999996,2.4,13,Morningstar US CEF Global Income,97,"Saba Capital Management, LP",False,8.27,0.0,9.57,2026-08-31T00:00:00,880198205,Saba Capital Income & Ops Fund II,2026-08-31,XSABX,Fixed Income - Taxable-Global Income,,223.202,,Monthly,0.07175000000000001,0.057999999999999996,10.0,7.8815,,7.8100000000000005,4.58,,258.288,False,False,False,False,False,False,,11.34,9.9,4.64,3.42,6.1,6.0,,,-1.5899999999999999,723630,,,,,,,8.46784,-12.30777,-0.79,-0.29,-0.46,2026-08-31T00:00:00,1988-03-17T00:00:00,3/17/1988,574560000,2026-08-11T00:00:00
310,SPMC,0.051,25.50478,24.26694,0.13,-33.74,19,Morningstar US CEF Senior Loans,99,Sound Point Meridian Management Company LLC,True,9.89,-0.38,9.61,2026-07-31T00:00:00,83617A108,Sound Point Meridian Capital Inc,2026-08-31,,Fixed Income - Taxable-Senior Loans,46.36,208.544,,Monthly,1.06488,0.13,20.0,,,,10.95,,369.936,True,False,True,False,True,False,,,,,,-21.15,-14.84,,,-30.25,286630,,,,,,,12.5759,-0.78422,0.77,0.32,0.5,2026-08-31T00:00:00,2024-06-14T00:00:00,6/14/2024,1718323200,2026-08-14T00:00:00
311,SOR,-0.0731,4.92823,5.31717,0.20829999999999999,14.9,26,Morningstar US CEF US Allocation,48,"First Pacific Advisors, LP",True,47.01,0.01,50.72,2026-08-31T00:00:00,836144303,Source Capital,2026-08-31,XSORX,Hybrid-U.S. Allocation,0.0,386.938,,Monthly,1.17317,0.20829999999999999,17.5,3.0676,,,0.9800000000000001,,417.475,True,True,False,False,True,False,,14.83,15.72,9.21,9.2,8.68,6.45,,,12.72,108250,,,,,,,46.29921,-5.11784,-0.9,1.01,-0.31,2026-08-31T00:00:00,1968-10-24T00:00:00,10/24/1968,-37497600,2026-08-13T00:00:00
312,SPE,-0.1355,8.29771,9.598230000000001,0.10869999999999999,3.02,10,Morningstar US CEF US Equity,22,Bulldog Investors LLP,False,13.59,0.04,15.72,2026-08-31T00:00:00,84741T104,Special Opportunities,2026-08-31,XSPEX,Equity-U.S. Equity,25.08,144.369,,Monthly,0.02606,0.10869999999999999,15.0,5.1616,,19.11,1.8599999999999999,,222.89,True,False,False,False,False,False,,14.68,17.57,8.68,8.64,1.98,-1.6,,,-0.56,344180,,,,,,,14.51711,-10.8017,-1.37,0.24,-0.74,2026-08-31T00:00:00,1993-06-08T00:00:00,6/8/1993,739497600,2026-08-18T00:00:00
313,FUND,-0.10529999999999999,4.79865,5.36347,0.1424,35.29,10,Morningstar US CEF US Equity,101,Sprott Asset Management USA Inc.,True,10.62,-0.08,11.87,2026-08-31T00:00:00,85208J109,Sprott Focus Trust,2026-08-31,XFUNX,Equity-U.S. Equity,0.0,317.493,,Quarterly,0.07343,0.1424,10.0,,,,1.13,,354.862,True,True,False,False,True,False,,17.85,17.45,12.6,12.69,26.65,25.84,,,37.95,262250,,,,,,,9.35077,-10.52973,0.0,-0.91,-0.42,2026-08-31T00:00:00,1988-03-01T00:00:00,3/1/1988,573177600,2026-06-12T00:00:00
314,CEF,-0.0242,,,,33.08,2,Morningstar US CEF Commodity,100,Sprott Asset Management LP,False,45.56,0.02,46.69,2026-08-31T00:00:00,85208R101,Sprott Physical Gold and Silver Trust,2026-08-31,XCEFX,Equity-Commodities,,7838.931,,Data Not Available,0.0,,13.72,,,,0.46,,8033.356,False,True,True,False,False,False,,28.46,34.97,16.96,20.48,-12.05,-0.52,,,41.36,10644700,,,,,,,44.46946,-4.34964,1.38,1.92,2.07,2026-08-31T00:00:00,2018-01-16T00:00:00,1/16/2018,1516060800,
315,PHYS,-0.0163,,,,22.24,2,Morningstar US CEF Commodity,100,Sprott Asset Management LP,False,33.81,0.01,34.37,2026-08-31T00:00:00,85207H104,Sprott Physical Gold Trust Unit,2026-08-31,,Equity-Commodities,,16385.488,,Data Not Available,0.0,,10.0,,,,0.4,,16656.883,False,True,True,False,False,False,,26.4,30.68,16.7,18.7,-6.61,2.39,,,27.49,49415910,,,,,,,33.33556,-2.24363,1.05,2.11,1.99,2026-08-31T00:00:00,2010-02-26T00:00:00,2/26/2010,1267142400,
316,SPPP,-0.0316,,,,16.36,2,Morningstar US CEF Commodity,100,Sprott Asset Management LP,False,14.69,-0.26,15.17,2026-08-31T00:00:00,85207Q104,Sprott Physical Platinum & Palladium Tr,2026-08-31,,Equity-Commodities,,587.245,,Data Not Available,0.0,,10.0,,,,1.01,,606.434,False,False,True,False,False,False,,7.42,9.4,-5.38,-3.14,-20.59,-12.77,,,21.1,9205320,,,,,,,15.19659,-4.75332,0.72,2.4,2.88,2026-08-31T00:00:00,2012-12-19T00:00:00,12/19/2012,1355875200,
317,PSLV,-0.0365,,,,55.05,2,Morningstar US CEF Commodity,100,Sprott Asset Management LP,False,21.88,0.04,22.71,2026-08-31T00:00:00,85207K107,Sprott Physical Silver Trust Unit,2026-08-31,,Equity-Commodities,,13846.172,,Data Not Available,0.0,,10.0,,,,0.56,,14371.415,False,True,True,False,False,False,,31.23,37.81,16.58,21.1,-20.05,-7.48,,,62.31,170618240,,,,,,,21.78115,-4.5572,0.56,1.4100000000000001,1.58,2026-08-31T00:00:00,2010-10-29T00:00:00,10/29/2010,1288310400,
318,STEW,-0.2208,3.37695,4.33369,0.19999999999999998,6.51,10,Morningstar US CEF US Equity,85,Paralel Advisors LLC,True,18.46,-0.05,23.69,2026-08-31T00:00:00,101507101,SRH Total Return Fund,2026-08-31,XSTEX,Equity-U.S. Equity,8.92,1780.31,,Quarterly,0.03245,0.19999999999999998,10.0,5.4498,,,1.42,,2508.534,True,True,False,False,True,False,,15.94,15.43,11.02,9.97,5.46,2.96,,,4.08,810760,,,,,0.4,,17.95148,-21.48236,-0.59,1.4,0.2,2026-08-31T00:00:00,1972-12-07T00:00:00,12/7/1972,92534400,2026-07-24T00:00:00
319,TWN,-0.17079999999999998,5.03754,6.07505,6.2002,132.17,1,Morningstar US CEF Asia Equity,80,Nomura Asset Management USA Inc,False,102.06,-0.27,123.08,2026-08-31T00:00:00,874036106,Taiwan Fund,2026-08-31,XXTWNXX,Equity-Asia Equity,,586.033,,Annually,0.0,6.2002,22.42,,,,1.32,,706.73,False,True,False,False,False,False,,59.19,64.19,31.92,32.9,98.79,91.2,,,126.91,306020,,,,,,,71.25564,-15.82344,-0.56,0.02,-0.16,2026-08-31T00:00:00,1986-12-23T00:00:00,12/23/1986,535680000,2025-12-29T00:00:00
320,TSI,-0.095,7.01653,7.75342,0.0283,0.38,17,Morningstar US CEF Multi-Sector,102,TCW Investment Management Co LLC,False,4.38,-0.03,4.84,2026-08-31T00:00:00,872340104,TCW Strategic Income,2026-08-31,XXCVTXX,Fixed Income - Taxable-Multi-Sector,0.0,209.3,,Monthly,0.13571,0.0283,10.0,4.6909,,,1.17,,231.282,True,False,False,False,False,False,,6.15,5.86,3.01,2.09,-1.25,-7.24,,,-3.93,1222760,,,97.6881,,,,4.70095,-6.80745,-1.57,-1.24,-1.24,2026-08-31T00:00:00,1987-03-05T00:00:00,3/5/1987,541900800,2026-08-17T00:00:00
321,TDF,-0.1322,4.80769,5.54017,0.15,0.75,1,Morningstar US CEF Asia Equity,103,Templeton Asset Management Ltd.,False,10.83,-0.06,12.48,2026-08-31T00:00:00,88018T101,Templeton Dragon,2026-08-31,XTDFX,Equity-Asia Equity,0.32,273.09,,Quarterly,0.07038,0.15,15.0,,,,1.21,,315.701,True,False,True,False,False,False,,7.88,8.7,-5.98,-7.15,-2.22,-1.53,,,0.85,748140,,,,,,,11.220040000000001,-14.10368,0.97,0.87,1.16,2026-08-31T00:00:00,1994-09-20T00:00:00,9/20/1994,780019200,2026-06-23T00:00:00
322,TEI,-0.0479,9.12676,9.5858,0.054,25.07,12,Morningstar US CEF Emerging Market Income,53,"Franklin Advisers, Inc.",False,6.76,-0.01,7.1,2026-08-31T00:00:00,880192109,Templeton Emerg Mkts Income,2026-08-31,XTEIX,Fixed Income - Taxable-Emerging Market Income,16.24,319.264,,Monthly,0.37173,0.054,15.0,8.0859,,,2.37,,400.322,True,True,True,False,False,False,,20.17,23.76,7.43,8.8,10.97,11.32,,,25.82,1854320,,,,,5.59,,6.48905,-5.78355,0.62,0.59,0.9400000000000001,2026-08-31T00:00:00,1993-09-23T00:00:00,9/23/1993,748742400,2026-08-24T00:00:00
323,EMF,-0.107,3.81862,4.2761700000000005,0.24,64.97,4,Morningstar US CEF Emerging Market Equity,55,Franklin Templeton Investments,False,22.45,-0.27,25.14,2026-08-31T00:00:00,880191101,Templeton Emerging Markets,2026-08-31,XEMFX,Equity-Emerging Market Equity,2.59,335.58,,Quarterly,0.05477,0.24,20.0,,,,1.34,,385.79,True,True,False,False,False,False,,32.89,35.99,13.05,14.2,36.26,34.87,,,68.6,409570,,,,,,,19.39711,-10.15419,-0.36,-0.39,-0.2,2026-08-31T00:00:00,1987-02-26T00:00:00,2/26/1987,541296000,2026-06-23T00:00:00
324,CEE,-0.128,1.69706,1.9462000000000002,0.3871,48.74,4,Morningstar US CEF Emerging Market Equity,40,DWS,False,19.89,0.16,22.81,2026-08-31T00:00:00,153436100,The Central and Eastern Europe Fund,2026-08-31,XCEEX,Equity-Emerging Market Equity,4.78,129.687,,Annually,0.05509,0.3871,19.0,,,,1.26,,156.189,True,True,False,False,False,False,,42.68,34.77,-4.18,-3.46,32.54,12.37,,,24.42,275260,,,,,,,18.60749,-1.67569,-3.55,-2.06,-2.87,2026-08-31T00:00:00,1990-03-06T00:00:00,3/6/1990,636681600,2025-12-30T00:00:00
325,TBLD,-0.056299999999999996,5.28782,5.60305,0.10417,19.27,25,Morningstar US CEF Global Allocation,105,Thornburg Investment Management Inc,False,22.31,-0.02,23.64,2026-08-31T00:00:00,885213108,Thornburg Income Builder Opp Trust,2026-08-31,XTBLX,Hybrid-Global Allocation,0.07,715.747,,Monthly,0.26058,0.10417,20.0,5.557,,,1.62,,758.933,True,True,True,False,False,True,,17.64,21.58,10.09,9.54,13.25,14.75,,,18.25,595720,,,89.9154,,,,21.15551,-5.64449,0.01,0.19,-0.04,2026-08-31T00:00:00,2021-07-27T00:00:00,7/27/2021,1627344000,2026-08-13T00:00:00
326,TYG,-0.026699999999999998,12.70337,13.05244,0.475,10.18,6,Morningstar US CEF MLP,106,"Tortoise Capital Advisors, LLC",False,43.67,0.19,44.87,2026-08-31T00:00:00,89147L886,Tortoise Energy Infrastructure Corp.,2026-08-31,XTYGX,Equity-MLP,27.47,922.729,,Monthly,-0.21128,0.475,25.0,,,,3.13,,1307.087,True,False,True,False,False,False,,18.49,25.37,15.27,21.36,10.93,15.91,,,15.69,1277130,,,,,0.25,,44.58958,-4.88323,0.67,1.42,0.38,2026-08-31T00:00:00,2004-02-27T00:00:00,2/27/2004,1077840000,2026-08-24T00:00:00
327,SWZ,-0.1916,7.87099,9.73689,3.0,5.24,9,Morningstar US CEF Single Country Equity,22,Bulldog Investors LLP,False,5.99,-0.01,7.41,2026-08-31T00:00:00,870875101,Total Return Securities Fund,2026-08-31,XSWZX,Equity-Single-Country Equity,0.0,77.713,,Quarterly,0.01728,3.0,8.0,5.1558,,19.63,2.21,,96.136,True,False,False,False,False,False,,3.25,2.99,1.06,0.54,7.37,-3.7,,,-0.8300000000000001,663870,,,,,,9.02,6.02453,-16.2767,-0.98,0.8200000000000001,-0.45,2026-08-31T00:00:00,1987-08-27T00:00:00,8/27/1987,557020800,2025-03-18T00:00:00
328,TY,-0.0977,2.89396,3.2072,0.2852,17.28,26,Morningstar US CEF US Allocation,31,"Columbia Mgmt Investment Advisers, LLC",False,35.57,-0.02,39.42,2026-08-31T00:00:00,895436103,Tri-Continental,2026-08-31,XTYCX,Hybrid-U.S. Allocation,1.75,1903.549,,Quarterly,0.5488000000000001,0.2852,10.0,6.0621,,,0.46,,2147.221,True,True,True,False,False,False,,16.89,19.29,9.48,10.9,12.1,12.47,,,18.27,357400,,,,,4.48,,33.90973,-10.23564,0.59,-0.42,0.36,2026-08-31T00:00:00,1929-01-14T00:00:00,1/14/1929,-1292716800,2026-06-16T00:00:00
329,AIO,-0.0516,7.80065,8.22544,0.18,30.72,8,Morningstar US CEF Sector Equity,108,"Virtus Investment Advisers, LLC",False,26.26,0.03,27.69,2026-08-31T00:00:00,92838Y100,Virtus AI & Tech Opp Fund,2026-08-31,XAIOX,Equity-Sector Equity,12.0,904.369,,Monthly,0.025490000000000002,0.18,20.0,4.6834,,,2.32,,1083.617,True,True,True,False,False,False,,23.72,25.07,10.41,11.76,21.39,27.18,,,22.02,841960,,,,,,,24.23333,-8.29083,1.1,2.95,3.34,2026-08-31T00:00:00,2019-10-31T00:00:00,10/31/2019,1572480000,2026-08-13T00:00:00
330,NCV,-0.061200000000000004,9.16854,9.76661,0.13599999999999998,20.85,11,Morningstar US CEF Convertibles,108,"Virtus Investment Advisers, LLC",False,16.71,-0.12,17.8,2026-08-31T00:00:00,92838X805,Virtus Convertible & Income Fund,2026-08-31,XNCVX,Fixed Income - Taxable-Convertibles,34.26,377.536,0.012,Monthly,0.12557000000000001,0.13599999999999998,15.0,4.2431,,,2.8200000000000003,,611.721,True,True,True,False,False,False,,16.79,20.34,3.34,3.74,11.68,17.77,,,24.92,869150,,,112.1538,,6.02,,16.06199,-9.93113,2.92,2.26,2.7199999999999998,2026-08-31T00:00:00,2003-03-31T00:00:00,3/31/2003,1049068800,2026-08-13T00:00:00
331,NCZ,-0.0464,8.91089,9.34458,0.12,21.93,11,Morningstar US CEF Convertibles,108,"Virtus Investment Advisers, LLC",False,15.41,-0.09,16.16,2026-08-31T00:00:00,92838U801,Virtus Convertible & Income Fund II,2026-08-31,XNCZX,Fixed Income - Taxable-Convertibles,34.99,293.236,0.0,Monthly,0.10316,0.12,15.0,4.1644,,,2.22,,473.03,True,True,True,False,False,False,,17.43,21.23,3.46,4.86,12.38,19.16,,,25.52,649680,,,111.4938,,6.05,,14.59594,-9.53553,3.11,1.98,2.73,2026-08-31T00:00:00,2003-07-31T00:00:00,7/31/2003,1059609600,2026-08-13T00:00:00
332,ACV,-0.019799999999999998,8.08081,8.24427,0.18,22.81,26,Morningstar US CEF US Allocation,108,"Virtus Investment Advisers, LLC",False,26.2,-0.25,26.73,2026-08-31T00:00:00,92840N100,Virtus Diversified Inc & Conv Fund,2026-08-31,XACVX,Hybrid-U.S. Allocation,27.42,272.376,,Monthly,-0.00934,0.18,25.0,3.5932,,,3.63,,382.886,True,False,False,False,False,True,,19.76,22.09,7.24,7.35,13.04,5.19,,,25.35,297900,,,,,74.56,,26.29732,-0.42733000000000004,-0.44,0.06,-0.1,2026-08-31T00:00:00,2015-05-26T00:00:00,5/26/2015,1432598400,2026-08-13T00:00:00
333,NIE,-0.1027,8.02213,8.94027,0.58,17.38,26,Morningstar US CEF US Allocation,108,"Virtus Investment Advisers, LLC",False,25.95,-0.11,28.92,2026-08-31T00:00:00,92841M101,Virtus Equity & Convertible Inc Fund,2026-08-31,XNIEX,Hybrid-U.S. Allocation,,719.048,0.0,Quarterly,0.03966,0.58,25.0,2.0791,,,1.07,,801.343,False,True,True,False,False,False,,16.61,17.16,7.85,9.1,10.1,8.61,,,15.79,589280,,,,,,,25.53456,-10.38703,0.12,0.8300000000000001,0.93,2026-08-31T00:00:00,2007-02-27T00:00:00,2/27/2007,1172534400,2026-06-15T00:00:00
334,VGI,-0.0565,12.32349,13.06122,0.08,6.38,17,Morningstar US CEF Multi-Sector,108,"Virtus Investment Advisers, LLC",True,7.35,0.01,7.79,2026-08-31T00:00:00,92829B101,Virtus Global Multi-Sector Income Fund,2026-08-31,XVGIX,Fixed Income - Taxable-Multi-Sector,30.79,83.151,,Monthly,0.22072,0.08,20.0,6.035,,7.5,3.98,,127.329,True,False,True,False,True,False,,8.67,11.68,1.6400000000000001,2.09,2.22,1.99,,,4.08,373040,,,97.9305,,,,7.65459,-5.7842,0.11,1.75,1.4,2026-08-31T00:00:00,2012-02-23T00:00:00,2/23/2012,1329955200,2026-08-13T00:00:00
335,EDF,0.0501,14.42886,13.74046,0.06,18.87,12,Morningstar US CEF Emerging Market Income,109,Virtus Investment Advisors (VIA),False,5.24,-0.01,4.99,2026-08-31T00:00:00,86164T107,Virtus Stone Harbor Emerging Markets Inc,2026-08-31,XEDFX,Fixed Income - Taxable-Emerging Market Income,21.21,168.593,,Monthly,0.22456,0.06,25.0,6.8639,,,3.13,,203.759,True,True,True,False,False,False,,23.15,20.66,8.05,5.62,10.65,15.89,,,16.83,1558000,,,,,,3.92,5.11287,2.77896,0.62,-0.49,0.11,2026-08-31T00:00:00,2010-12-23T00:00:00,12/23/2010,1293062400,2026-08-13T00:00:00
336,ZTR,-0.0864,8.90688,9.74889,0.055,14.5,25,Morningstar US CEF Global Allocation,108,"Virtus Investment Advisers, LLC",False,6.77,-0.07,7.41,2026-08-31T00:00:00,92835W107,Virtus Total Return Fund Inc,2026-08-31,XZTRX,Hybrid-Global Allocation,30.02,338.457,,Monthly,0.10525,0.055,15.0,5.8547,,6.15,3.67,,529.353,True,True,True,False,False,False,,15.83,17.81,6.01,4.86,10.69,14.28,,,16.42,1951100,,,98.4225,,,,6.61437,-10.79043,1.79,2.26,2.94,2026-08-31T00:00:00,2005-02-24T00:00:00,2/24/2005,1109203200,2026-08-13T00:00:00
337,IAE,-0.0273,8.51528,8.75421,0.065,31.49,1,Morningstar US CEF Asia Equity,110,"Voya Investments, LLC",False,8.91,-0.03,9.16,2026-08-31T00:00:00,92912J102,Voya Asia Pacific High Div Eq Inc Fd,2026-08-31,XIAEX,Equity-Asia Equity,,95.785,,Monthly,0.02682,0.065,25.0,,,,1.21,,98.473,False,True,True,False,False,False,,21.7,28.56,10.01,12.7,21.26,29.33,,,35.65,488980,,,,,,,7.94113,-5.73778,1.24,-0.04,0.88,2026-08-31T00:00:00,2007-03-27T00:00:00,3/27/2007,1174953600,2026-09-01T00:00:00
338,IHD,-0.0216,8.38628,8.57143,0.055,34.03,4,Morningstar US CEF Emerging Market Equity,110,"Voya Investments, LLC",False,7.7,0.04,7.87,2026-08-31T00:00:00,92912P108,Voya Emerging Markets High Div Eq Fd,2026-08-31,XIHDX,Equity-Emerging Market Equity,,136.566,,Monthly,0.02083,0.055,20.0,,,,1.4100000000000001,,139.581,False,True,True,False,False,False,,21.92,28.6,9.73,12.08,22.01,29.57,,,42.23,793290,,,,,,,6.84407,-5.53686,1.48,0.33,0.89,2026-08-31T00:00:00,2011-04-26T00:00:00,4/26/2011,1303776000,2026-09-01T00:00:00
339,IGA,-0.042199999999999994,9.14798,9.55056,0.08499999999999999,18.0,3,Morningstar US CEF Covered Call,110,"Voya Investments, LLC",False,10.68,0.07,11.15,2026-08-31T00:00:00,92912R104,Voya Global Advantage and Premium Opp Fd,2026-08-31,XIGAX,Equity-Covered-Call Funds,,163.846,,Monthly,0.07357,0.08499999999999999,20.0,,,,1.01,,171.057,False,True,True,False,False,False,,15.03,19.84,9.89,11.39,14.68,16.69,,,18.44,584420,,,,,,,9.82978,-6.44519,1.82,3.69,4.02,2026-08-31T00:00:00,2005-10-26T00:00:00,10/26/2005,1130284800,2026-09-01T00:00:00
340,IGD,0.0015,9.09091,9.07716,0.049999999999999996,17.39,3,Morningstar US CEF Covered Call,110,"Voya Investments, LLC",False,6.61,0.07,6.6,2026-08-31T00:00:00,92912T100,Voya Global Equity Dividend&Prm Opp Fd,2026-08-31,XIGDX,Equity-Covered-Call Funds,,521.321,,Monthly,0.04503,0.049999999999999996,20.0,,,,0.9600000000000001,,520.532,False,True,True,False,False,False,,14.78,21.05,9.11,11.34,14.36,22.44,,,22.03,2520690,,,,,,,5.98902,-3.77765,1.62,0.88,1.05,2026-08-31T00:00:00,2005-03-28T00:00:00,3/28/2005,1111968000,2026-09-01T00:00:00
341,IDE,-0.043,8.74636,9.13938,0.09999999999999999,21.69,5,Morningstar US CEF Global Equity,110,"Voya Investments, LLC",True,13.13,-0.09,13.72,2026-08-31T00:00:00,92912X101,Voya Infrastructure Industrials&Matls Fd,2026-08-31,XIDEX,Equity-Global Equity,,199.002,,Monthly,0.02906,0.09999999999999999,20.0,,,,1.23,,207.945,False,True,False,False,True,False,,17.07,21.59,10.19,10.62,13.77,12.43,,,15.1,442030,,,,,,,12.93681,-3.2737,-0.44,-0.88,-0.76,2026-08-31T00:00:00,2010-01-26T00:00:00,1/26/2010,1264464000,2026-09-01T00:00:00
342,WDI,-0.0774,12.77419,13.84615,0.1485,5.1,17,Morningstar US CEF Multi-Sector,54,"Franklin Templeton Fund Adviser, LLC",True,12.870000000000001,0.0,13.95,2026-08-31T00:00:00,95790K109,Western Asset Diversified Inc Fund,2026-08-31,XWDIX,Fixed Income - Taxable-Multi-Sector,33.94,668.109,,Monthly,0.82675,0.1485,20.0,8.2493,0.0,10.01,4.25,,1096.248,True,False,False,True,True,True,,9.28,11.14,3.55,2.67,3.0,0.68,,,-2.7199999999999998,1996850,,0.0,96.2501,,,,13.896090000000001,-4.50967,-1.62,-1.4100000000000001,-1.6,2026-08-31T00:00:00,2021-06-24T00:00:00,6/24/2021,1624492800,2026-08-24T00:00:00
343,EMD,-0.026600000000000002,10.44913,10.73446,0.095,10.88,12,Morningstar US CEF Emerging Market Income,54,"Franklin Templeton Fund Adviser, LLC",True,10.62,0.07,10.91,2026-08-31T00:00:00,95766A101,Western Asset Emerging Markets Debt,2026-08-31,XEMDX,Fixed Income - Taxable-Emerging Market Income,27.35,617.345,,Monthly,0.38634,0.095,20.0,6.0739,,,3.13,,872.973,True,True,True,False,True,False,,13.56,18.35,3.5300000000000002,5.26,3.93,7.33,,,14.83,1959320,,,,,7.2,5.22,10.5877,-5.05302,1.46,1.52,1.38,2026-08-31T00:00:00,2003-12-01T00:00:00,12/1/2003,1070236800,2026-08-24T00:00:00
344,GDO,-0.08810000000000001,13.15364,14.42365,0.122,2.9699999999999998,13,Morningstar US CEF Global Income,54,"Franklin Templeton Fund Adviser, LLC",False,10.15,0.0,11.13,2026-08-31T00:00:00,95790C107,Western Asset Global Corp Opp,2026-08-31,XGDOX,Fixed Income - Taxable-Global Income,33.52,76.322,,Monthly,0.40556000000000003,0.122,20.0,5.9578,,,4.47,,125.881,True,False,False,False,False,False,,7.1,6.05,0.01,-0.99,0.65,-5.95,,,-3.46,313640,,,,,,,11.22061,-5.0998,-1.9100000000000001,-1.4,-1.83,2026-08-31T00:00:00,2009-11-27T00:00:00,11/27/2009,1259280000,2026-08-24T00:00:00
345,EHI,-0.1052,13.18681,14.73684,0.06999999999999999,6.01,14,Morningstar US CEF High Yield,55,Franklin Templeton Investments,False,5.7,0.0,6.37,2026-08-31T00:00:00,95766B109,Western Asset Global High Income,2026-08-31,XEHIX,Fixed Income - Taxable-High Yield,31.96,172.709,,Monthly,0.29517,0.06999999999999999,15.0,7.3478,,,3.49,,283.667,True,False,False,False,False,False,,8.68,5.42,1.2,0.1,3.4,-2.46,,,-1.35,1064560,,,97.2695,,,,6.21283,-6.63527,-1.9500000000000002,-2.33,-1.78,2026-08-31T00:00:00,2003-07-28T00:00:00,7/28/2003,1059350400,2026-08-24T00:00:00
346,HIX,-0.0223,14.59057,14.92386,0.048999999999999995,5.46,14,Morningstar US CEF High Yield,55,Franklin Templeton Investments,False,3.94,0.03,4.03,2026-08-31T00:00:00,95766J102,Western Asset High Income II,2026-08-31,XHGIX,Fixed Income - Taxable-High Yield,32.23,354.875,,Monthly,0.19291,0.048999999999999995,15.0,7.3734,,,3.76,,535.639,True,False,True,False,False,False,,9.28,7.44,1.7000000000000002,0.33,2.95,4.44,,,5.36,3414540,,,97.4179,,,,4.09713,-3.58502,0.91,1.97,1.9,2026-08-31T00:00:00,1998-05-28T00:00:00,5/28/1998,896313600,2026-08-24T00:00:00
347,HIO,-0.0911,11.09375,12.2063,0.0355,5.03,14,Morningstar US CEF High Yield,54,"Franklin Templeton Fund Adviser, LLC",False,3.49,0.01,3.84,2026-08-31T00:00:00,95766K109,Western Asset High Income Opportunity,2026-08-31,XHIOX,Fixed Income - Taxable-High Yield,,331.896,,Monthly,0.15621000000000002,0.0355,12.5,7.5884,,,0.93,,365.181,False,False,False,False,False,False,,7.49,8.27,2.24,2.0,2.94,1.71,,,-1.6,4089990,,,97.8285,,,,3.71404,-6.65444,-1.67,-1.44,-1.79,2026-08-31T00:00:00,1993-11-16T00:00:00,11/16/1993,753408000,2026-08-24T00:00:00
348,HYI,-0.0863,10.03521,10.98266,0.095,3.79,14,Morningstar US CEF High Yield,54,"Franklin Templeton Fund Adviser, LLC",False,10.38,0.01,11.36,2026-08-31T00:00:00,95768B107,Western Asset High Yield Opp Fund,2026-08-31,XHYIX,Fixed Income - Taxable-High Yield,,133.009,,Monthly,0.50391,0.095,20.0,7.6643,,,1.07,,145.567,False,False,False,False,False,True,,6.72,6.47,2.36,1.2,2.5,-0.16,,,-3.67,601930,,,97.5157,,,,10.99812,-6.63792,-0.9500000000000001,-0.62,-0.74,2026-08-31T00:00:00,2010-10-27T00:00:00,10/27/2010,1288137600,2026-08-24T00:00:00
349,PAI,-0.0762,4.89891,5.30303,0.0525,2.19,15,Morningstar US CEF Investment Grade,55,Franklin Templeton Investments,False,11.88,-0.06,12.86,2026-08-31T00:00:00,95766T100,Western Asset Income,2026-08-31,XPAIX,Fixed Income - Taxable-Investment Grade,8.93,112.99,,Monthly,0.32901,0.0525,12.0,6.095,,,0.77,,122.311,True,False,False,False,False,False,,5.72,5.9,0.09,-1.0,-0.1,-1.88,,,-0.52,179510,,,99.0566,,,,12.35523,-6.44985,-0.96,-0.19,-0.51,2026-08-31T00:00:00,1972-12-21T00:00:00,12/21/1972,93744000,2026-08-24T00:00:00
350,WIW,-0.1056,8.0819,9.03614,0.0625,2.51,15,Morningstar US CEF Investment Grade,112,"Western Asset Management Company, LLC",True,8.3,-0.02,9.28,2026-08-31T00:00:00,95766R104,Western Asset Infl-Linked Opps & Inc Fd,2026-08-31,XWIWX,Fixed Income - Taxable-Investment Grade,25.79,507.828,,Monthly,0.23593,0.0625,15.0,2.5526,,,2.59,,765.082,True,False,False,False,True,False,,4.72,7.4,-0.59,0.37,1.58,2.5,,,1.33,2375920,,,93.4475,,,4.02,8.6059,-10.44321,-0.16,1.0,1.07,2026-08-31T00:00:00,2004-02-27T00:00:00,2/27/2004,1077840000,2026-08-24T00:00:00
351,WIA,-0.1033,7.08286,7.8987300000000005,0.052,2.14,15,Morningstar US CEF Investment Grade,112,"Western Asset Management Company, LLC",True,7.9,-0.04,8.81,2026-08-31T00:00:00,95766Q106,Western Asset Inflation-Linked Income Fd,2026-08-31,XWIAX,Fixed Income - Taxable-Investment Grade,26.16,184.246,,Monthly,0.21076,0.052,15.0,2.4424,,,2.91,,278.279,True,False,False,False,True,False,,4.6,6.6,-1.09,-1.04,1.29,0.56,,,1.26,414130,,,93.5321,,,4.02,8.20923,-9.71006,-1.06,-1.0,-0.55,2026-08-31T00:00:00,2003-09-30T00:00:00,9/30/2003,1064880000,2026-08-24T00:00:00
352,SBI,-0.07200000000000001,6.14634,6.62286,0.041999999999999996,4.47,21,Morningstar US CEF Municipal,54,"Franklin Templeton Fund Adviser, LLC",False,7.61,-0.04,8.2,2026-08-31T00:00:00,958435109,Western Asset Intermediate Muni,2026-08-31,XSBIX,Fixed Income - Municipal-Municipal,30.17,107.166,,Monthly,0.13919,0.041999999999999996,10.0,4.7529,,,2.6,,165.357,True,False,True,False,False,False,,3.19,7.01,-0.51,0.15,0.16,3.48,,,6.28,428090,11.06,,101.4543,,7.84,5.8100000000000005,7.79164,-8.27328,1.3599999999999999,0.93,1.1,2026-08-31T00:00:00,1992-03-02T00:00:00,3/2/1992,699494400,2026-08-24T00:00:00
353,IGI,-0.056600000000000004,5.0,5.30016,0.071,2.35,15,Morningstar US CEF Investment Grade,54,"Franklin Templeton Fund Adviser, LLC",False,16.075,-0.05,17.04,2026-08-31T00:00:00,95790A101,Western Asset Invstm Grd Opp Tr Inc,2026-08-31,XIGIX,Fixed Income - Taxable-Investment Grade,,96.348,,Monthly,0.43967,0.071,20.0,6.1913,,,0.93,,102.132,False,False,True,False,False,False,,5.02,5.02,-0.38,-1.1,0.04,0.92,,,2.04,159530,,,99.2391,,,,16.31009,-6.77549,1.5,2.54,2.93,2026-08-31T00:00:00,2009-06-26T00:00:00,6/26/2009,1245974400,2026-08-24T00:00:00
354,MMU,-0.048100000000000004,6.164,6.47525,0.0545,6.04,21,Morningstar US CEF Municipal,55,Franklin Templeton Investments,False,10.1,0.01,10.61,2026-08-31T00:00:00,95766M105,Western Asset Managed Municipals,2026-08-31,XMMUX,Fixed Income - Municipal-Municipal,33.84,551.65,,Monthly,0.14102,0.0545,15.0,4.8353,,,2.7,,875.94,True,False,True,False,False,False,,3.48,8.16,-0.97,-0.48,0.02,0.9400000000000001,,,8.81,1288600,10.27,,100.2234,,10.8,7.5,10.34341,-6.00064,1.33,1.29,1.3,2026-08-31T00:00:00,1992-06-26T00:00:00,6/26/1992,709516800,2026-08-24T00:00:00
355,DMO,-0.0801,12.9613,14.09002,0.12,5.5600000000000005,14,Morningstar US CEF High Yield,54,"Franklin Templeton Fund Adviser, LLC",False,10.22,-0.01,11.11,2026-08-31T00:00:00,95790B109,Western Asset Mortgage Opp Fund Inc.,2026-08-31,XDMOX,Fixed Income - Taxable-High Yield,46.3,116.785,,Monthly,0.46738,0.12,20.0,7.4224,,,7.87,,236.426,True,False,False,False,False,False,,10.19,11.34,4.49,2.94,3.44,0.97,,,-1.96,494100,,,91.3564,,,,11.15186,-3.8587800000000003,-1.48,-2.0,-1.63,2026-08-31T00:00:00,2010-02-26T00:00:00,2/26/2010,1267142400,2026-08-24T00:00:00
356,MHF,0.0104,6.06241,6.0,0.033999999999999996,5.14,21,Morningstar US CEF Municipal,54,"Franklin Templeton Fund Adviser, LLC",False,6.8,-0.05,6.73,2026-08-31T00:00:00,95766N103,Western Asset Municipal High Income,2026-08-31,XMHFX,Fixed Income - Municipal-Municipal,1.79,151.122,,Monthly,0.11955,0.033999999999999996,10.0,4.7957,,,0.8400000000000001,,152.296,True,False,True,False,False,False,,3.62,8.6,0.71,1.13,0.74,2.85,,,3.8200000000000003,610350,14.87,,100.1728,,7.17,7.3,6.9685500000000005,0.61938,0.22,0.24,0.58,2026-08-31T00:00:00,1988-11-28T00:00:00,11/28/1988,596678400,2026-08-24T00:00:00
357,WEA,-0.0559,7.56757,8.01527,0.06999999999999999,4.54,15,Morningstar US CEF Investment Grade,111,Western Asset Management Company Pte Ltd. â Singapore,False,10.48,0.05,11.1,2026-08-31T00:00:00,957664105,Western Asset Premier Bond,2026-08-31,XWEAX,Fixed Income - Taxable-Investment Grade,32.56,124.351,,Monthly,0.40488,0.06999999999999999,15.0,6.2566,,,3.55,,195.309,True,False,False,False,False,False,,7.63,7.09,1.4,0.92,1.5,0.15,,,2.7,287640,,,96.9254,,,,10.85501,-4.92955,-0.44,1.32,0.9500000000000001,2026-08-31T00:00:00,2002-03-28T00:00:00,3/28/2002,1017273600,2026-08-24T00:00:00
358,MCN,-0.09029999999999999,11.41046,12.54355,0.06,7.46,3,Morningstar US CEF Covered Call,113,XA Investments LLC,False,5.74,0.09,6.31,2026-08-31T00:00:00,557437100,XAI Madison Equity Premium Income Fund,2026-08-31,XMCNX,Equity-Covered-Call Funds,0.01,121.21,,Monthly,0.041210000000000004,0.06,15.0,,,,1.1,,133.247,True,False,False,False,False,False,,7.01,3.5,6.88,3.75,5.14,3.85,,,2.6,641590,,,,,,,5.90807,-7.79052,-0.7000000000000001,0.46,-0.18,2026-08-31T00:00:00,2004-07-28T00:00:00,7/28/2004,1090972800,2026-08-17T00:00:00
359,XFLT,-0.1721,11.8525,14.31601,0.22499999999999998,-12.27,19,Morningstar US CEF Senior Loans,113,XA Investments LLC,False,18.86,-0.41000000000000003,22.78,2026-08-31T00:00:00,98400T304,XAI Octagon FR & Alternative Inc Trust,2026-08-31,XFLTX,Fixed Income - Taxable-Senior Loans,40.65,287.254,,Monthly,1.13446,0.22499999999999998,10.0,4.617,,,7.5600000000000005,,584.576,True,False,True,False,False,False,,1.47,-4.55,2.29,-2.67,-6.98,-12.47,,,-20.03,1070720,,,,,,,20.87039,-17.48889,0.05,0.9,1.18,2026-08-31T00:00:00,2017-09-27T00:00:00,9/27/2017,1506470400,2026-08-17T00:00:00
