,Ticker,Premium / Discount,DistributionRateNAV,DistributionRatePrice,DistributionAmtUSD,ReturnOnNAV,CategoryId,Category,SponsorId,SponsorName,IsManagedDistribution,Share Price,PriceChange,NAV,NAVPublished,Cusip,Fund Name,Date,NavTicker,Strategy,LeverageRatioPercentage,MarketCapUSDm,UNIIPerShare,DistributionFrequency,EarningsPerShare,CurrentDistribution,InceptionPrice,AverageCoupon,AMTPercentage,AverageWeightedMaturity,ExpenseRatio,BaselineExpense,TotalAssetsUSDm,IsLeveraged,IsPriceBelow52WkAvg,IsDiscountBelow52WkAvg,IsAMTPct,IsManaged,Term,AvgWtdDurationLevAdj,Yr3RetOnNav,Yr3RetOnPrice,Yr5RetOnNav,Yr5RetOnPrice,YTDRetOnNav,YTDRetOnPrice,SinceInceptionRetOnNav,SinceInceptionRetOnPrice,ReturnOnPrice,AvgDailyVolume,CallableYr1Pct,PrerefundedPercentage,AvgBondPrice,AvgWtdDurationNonLevAdj,EffDurationLevAdj,EffDurationNonLevAdj,Price52WkAvg,Discount52WkAvg,ZScore1Yr,ZScore3M,ZScore6M,ZScoreDate,InceptionDate,InceptionDateString,InceptionDateUnixTimestamp,DistributionDate
0,MGF,-0.0565,7.97342,8.4507,0.02,1.82,15,Morningstar US CEF Investment Grade,2,abrdn Inc.,True,2.84,0.0,3.01,2026-08-17T00:00:00,552939100,Aberdeen Government Markets Income,2026-08-17,XMGFX,Fixed Income - Taxable-Investment Grade,,92.556,,Monthly,0.04709,0.02,10.0,3.648,0.0,6.55,0.8,,98.096,False,False,False,True,True,False,,3.06,3.14,-0.86,-1.3900000000000001,-1.21,-2.7800000000000002,,,-1.18,722420,,0.0,93.073,,,4.95,2.9772100000000004,-4.80453,-0.6,1.18,0.36,2026-08-17T00:00:00,1987-05-28T00:00:00,5/28/1987,549158400,2026-07-23T00:00:00
1,IFN,-0.0888,11.42857,12.54237,0.37,-9.02,1,Morningstar US CEF Asia Equity,1,abrdn Asia Limited,True,11.8,-0.08,12.95,2026-08-17T00:00:00,454089103,"Aberdeen India Fund, Inc",2026-08-17,XIFNX,Equity-Asia Equity,0.28,503.293,,Quarterly,-0.05353,0.37,15.0,,,,1.36,,552.343,True,False,False,False,True,False,,3.87,0.15,1.99,2.06,-7.33,-8.75,,,-11.55,2068090,,,,,,,13.15724,-6.10613,-1.29,-0.35000000000000003,-0.92,2026-08-17T00:00:00,1994-02-23T00:00:00,2/23/1994,761961600,2026-05-21T00:00:00
2,MIN,-0.050199999999999995,9.26641,9.7561,0.02,2.62,13,Morningstar US CEF Global Income,2,abrdn Inc.,True,2.46,-0.02,2.59,2026-08-17T00:00:00,55273C107,Aberdeen Intermediate Income,2026-08-17,XMINX,Fixed Income - Taxable-Global Income,,279.944,,Monthly,0.04255,0.02,10.0,3.9175,0.0,3.24,0.73,,294.737,False,False,False,True,True,False,,4.52,4.16,1.04,0.38,0.14,-2.5700000000000003,,,-1.97,2332860,,0.0,97.8913,,,2.54,2.55764,-4.6642,-0.21,1.6800000000000002,1.19,2026-08-17T00:00:00,1988-03-17T00:00:00,3/17/1988,574560000,2026-07-23T00:00:00
3,MMT,-0.0726,4.97925,5.36913,0.02,2.94,13,Morningstar US CEF Global Income,72,MFS,True,4.47,0.03,4.82,2026-08-17T00:00:00,552737108,Aberdeen Multi-Market Income,2026-08-17,XMMTX,Fixed Income - Taxable-Global Income,26.83,518.491,,Monthly,0.1389,0.02,10.0,5.9077,0.060000000000000005,6.94,2.86,,764.089,True,False,True,True,True,False,,6.93,6.96,2.68,1.3,-0.63,-2.2800000000000002,,,1.49,1293840,,0.0,97.0375,,6.68,4.91,4.61563,-7.53835,0.26,1.88,0.91,2026-08-17T00:00:00,1987-03-12T00:00:00,3/12/1987,542505600,2026-07-23T00:00:00
4,MFM,-0.0795,6.09137,6.61765,0.03,9.06,21,Morningstar US CEF Municipal,2,abrdn Inc.,False,5.44,-0.04,5.91,2026-08-17T00:00:00,552738106,Aberdeen Municipal Income,2026-08-17,XMFMX,Fixed Income - Municipal-Municipal,37.43,540.898,,Monthly,0.13078,0.03,10.0,5.1253,17.81,21.01,2.83,,939.13,True,True,True,True,False,False,,4.3,5.16,-0.9500000000000001,-1.4,1.34,2.21,,,10.66,1440650,19.0,0.13,98.0793,,12.81,8.63,5.40815,-9.40607,1.4100000000000001,0.76,1.0,2026-08-17T00:00:00,1986-11-25T00:00:00,11/25/1986,533260800,2026-07-23T00:00:00
5,FAX,-0.0394,13.01775,13.55236,0.16499999999999998,2.95,13,Morningstar US CEF Global Income,1,abrdn Asia Limited,True,14.61,0.11,15.21,2026-08-17T00:00:00,003009867,abrdn Asia-Pacific Income Fund Inc,2026-08-17,XFAPX,Fixed Income - Taxable-Global Income,39.45,638.038,,Monthly,0.50096,0.16499999999999998,10.0,6.4288,,,4.22,,1097.04,True,False,True,False,True,False,,4.08,8.64,-1.31,0.15,-1.43,2.06,,,2.39,1801770,,,,,7.68,4.66,15.26268,-5.24796,0.72,0.8,0.96,2026-08-17T00:00:00,1986-04-24T00:00:00,4/24/1986,514684800,2026-07-23T00:00:00
6,IAF,-0.10550000000000001,9.46586,10.58201,0.35,6.24,9,Morningstar US CEF Single Country Equity,1,abrdn Asia Limited,True,13.23,0.04,14.79,2026-08-17T00:00:00,003011111,abrdn Australia Equity Fund Inc,2026-08-17,XIAFX,Equity-Single-Country Equity,7.07,126.775,,Quarterly,0.10818,0.35,10.125,,,,1.9900000000000002,,152.508,True,True,False,False,True,False,,9.49,9.71,5.18,2.86,6.37,4.34,,,6.75,218800,,,,,,,13.09903,-9.98914,-0.39,0.74,0.27,2026-08-17T00:00:00,1985-12-12T00:00:00,12/12/1985,503193600,2026-05-21T00:00:00
7,AEF,-0.0925,8.863199999999999,9.76645,0.22999999999999998,61.77,4,Morningstar US CEF Emerging Market Equity,3,abrdn Investments Limited,True,9.42,-0.1,10.38,2026-08-17T00:00:00,00301W105,abrdn Emerging Markets ex-China Fund,2026-08-17,XAEFX,Equity-Emerging Market Equity,6.02,382.465,,Quarterly,0.00111,0.22999999999999998,15.0,,,,1.8599999999999999,,448.443,True,True,True,False,True,False,,24.92,28.04,8.06,9.11,33.93,32.17,,,61.34,1465520,,,,,,,7.84705,-9.44395,0.14,0.34,0.02,2026-08-17T00:00:00,1989-09-25T00:00:00,9/25/1989,622684800,2026-06-23T00:00:00
8,AGD,0.0146,11.69781,11.52922,0.12,23.85,5,Morningstar US CEF Global Equity,3,abrdn Investments Limited,True,12.49,0.02,12.31,2026-08-17T00:00:00,00302M106,abrdn Global Dynamic Dividend,2026-08-17,XAGDX,Equity-Global Equity,0.68,326.918,,Monthly,0.29668,0.12,20.0,,,,1.29,,324.399,True,True,False,False,True,False,,13.86,20.4,7.68,10.32,11.5,11.76,,,21.4,1212920,,,,,,,12.08521,2.00127,-0.12,0.89,0.58,2026-08-17T00:00:00,2006-07-26T00:00:00,7/26/2006,1153872000,2026-07-23T00:00:00
9,ASGI,0.1245,12.0383,10.7056,0.22,18.23,13,Morningstar US CEF Global Income,2,abrdn Inc.,True,24.66,-0.31,21.93,2026-08-17T00:00:00,00326W106,abrdn Global Infrastructure Income Fund,2026-08-17,XAGIX,Fixed Income - Taxable-Global Income,0.99,779.967,,Monthly,0.08556,0.22,20.0,,,,2.16,,700.53,True,True,True,False,True,False,,12.73,22.75,8.65,13.33,10.45,14.65,,,26.58,1771230,,,,,,,22.58774,2.84431,2.63,1.78,2.21,2026-08-17T00:00:00,2020-07-28T00:00:00,7/28/2020,1595894400,2026-07-23T00:00:00
10,AWP,0.0128,12.32877,12.17244,0.12,20.12,7,Morningstar US CEF Real Estate,2,abrdn Inc.,True,11.83,-0.02,11.68,2026-08-17T00:00:00,00302L207,abrdn Global Premier Properties,2026-08-17,XAWPX,Equity-Real Estate,10.65,365.022,,Monthly,0.10017000000000001,0.12,20.0,,,,2.27,,403.338,True,True,True,False,True,False,,12.68,15.88,1.4100000000000001,2.75,13.15,12.48,,,19.08,1247070,,,,,,,11.814,1.27609,0.01,0.9400000000000001,0.77,2026-08-17T00:00:00,2007-04-26T00:00:00,4/26/2007,1177545600,2026-07-23T00:00:00
11,HQH,-0.0378,10.73171,11.15336,0.6599999999999999,49.72,8,Morningstar US CEF Sector Equity,2,abrdn Inc.,True,23.67,0.35000000000000003,24.6,2026-08-17T00:00:00,87911J103,abrdn Healthcare Investors,2026-08-17,XHQHX,Equity-Sector Equity,1.1,1372.523,,Quarterly,-0.06102,0.6599999999999999,10.0,,,,1.11,,1426.45,True,True,True,False,True,False,,17.26,22.71,7.54,7.64,18.43,22.69,,,57.82,1826720,,,,,,,19.25027,-7.47589,1.72,1.27,1.34,2026-08-17T00:00:00,1987-04-23T00:00:00,4/23/1987,546134400,2026-05-21T00:00:00
12,THQ,-0.0464,10.54688,11.05991,0.18,29.94,8,Morningstar US CEF Sector Equity,2,abrdn Inc.,True,19.53,0.06,20.48,2026-08-17T00:00:00,879105104,abrdn Healthcare Opportunities Fund,2026-08-17,XTHQX,Equity-Sector Equity,20.95,809.676,,Monthly,-0.03549,0.18,20.0,4.3434,,,3.02,,1074.062,True,True,False,False,True,False,,7.21,10.29,3.76,4.05,9.31,5.08,,,29.32,1726430,,,,,7.72,,18.36477,-1.1473,-1.08,-0.6,-1.09,2026-08-17T00:00:00,2014-07-28T00:00:00,7/28/2014,1406505600,2026-07-23T00:00:00
13,ACP,-0.0499,17.19039,18.09339,0.0775,2.91,19,Morningstar US CEF Senior Loans,3,abrdn Investments Limited,True,5.14,0.0,5.41,2026-08-17T00:00:00,003057106,abrdn Income Credit Strategies Fund,2026-08-17,XACPX,Fixed Income - Taxable-Senior Loans,32.04,644.919,,Monthly,0.22534,0.0775,20.0,8.0962,,,3.94,,998.796,True,False,True,False,True,False,,8.44,7.21,1.76,0.48,2.1,3.5,,,0.8200000000000001,5468260,,,96.8337,,4.75,3.24,5.45126,-5.17171,0.13,0.22,0.31,2026-08-17T00:00:00,2011-01-27T00:00:00,1/27/2011,1296086400,2026-07-23T00:00:00
14,HQL,-0.0757,10.72664,11.60505,0.62,64.77,8,Morningstar US CEF Sector Equity,2,abrdn Inc.,True,21.37,0.27,23.12,2026-08-17T00:00:00,87911K100,abrdn Life Sciences Investors,2026-08-17,XHQLX,Equity-Sector Equity,0.01,659.118,,Quarterly,-0.09057,0.62,15.0,,,,1.24,,713.159,True,True,True,False,True,False,,23.65,27.23,10.11,9.72,22.82,21.45,,,64.69,1363560,,,,,,,17.10333,-9.83723,2.05,2.1,2.18,2026-08-17T00:00:00,1992-05-08T00:00:00,5/8/1992,705283200,2026-05-21T00:00:00
15,AOD,0.005600000000000001,11.19403,11.13173,0.09999999999999999,24.62,5,Morningstar US CEF Global Equity,3,abrdn Investments Limited,True,10.78,-0.02,10.72,2026-08-17T00:00:00,00326L100,abrdn Total Dynamic Dividend,2026-08-17,XAODX,Equity-Global Equity,2.75,1136.713,,Monthly,0.22991,0.09999999999999999,20.0,,,,1.21,,1162.306,True,True,True,False,True,False,,14.21,21.11,8.37,11.13,12.07,16.14,,,33.68,4720780,,,,,,,9.91391,-3.5574500000000002,1.99,1.4100000000000001,1.46,2026-08-17T00:00:00,2007-01-26T00:00:00,1/26/2007,1169769600,2026-07-23T00:00:00
16,THW,-0.014100000000000001,9.84118,9.98147,0.1167,35.77,8,Morningstar US CEF Sector Equity,2,abrdn Inc.,True,14.03,0.04,14.23,2026-08-17T00:00:00,87911L108,abrdn World Healthcare Fund,2026-08-17,XTHWX,Equity-Sector Equity,17.28,566.536,,Monthly,-0.03887,0.1167,20.0,3.7754000000000003,,,1.46,,694.612,True,True,True,False,True,False,,14.79,11.2,8.14,6.91,11.07,11.1,,,38.55,1335840,,,,,7.37,,12.61776,-1.8740800000000002,0.24,0.27,-0.13,2026-08-17T00:00:00,2015-06-26T00:00:00,6/26/2015,1435276800,2026-07-23T00:00:00
17,ADX,-0.0165,7.49906,7.62486,0.5,19.0,10,Morningstar US CEF US Equity,4,Adams Diversified Equity Fund Inc,False,26.23,-0.06,26.67,2026-08-17T00:00:00,006212104,Adams Diversified Equity Fund,2026-08-17,XADEX,Equity-U.S. Equity,0.0,3276.839,,Quarterly,0.09492,0.5,10.0,,,,0.49000000000000005,,3331.807,True,True,True,False,False,False,,18.92,26.28,12.36,17.04,10.28,16.08,,,27.86,2712320,,,,,,,23.58483,-5.46911,1.55,0.73,1.3,2026-08-17T00:00:00,1929-10-01T00:00:00,10/1/1929,-1270252800,2026-07-27T00:00:00
18,PEO,-0.1002,6.95652,7.73085,0.5399999999999999,35.34,8,Morningstar US CEF Sector Equity,5,Adams Natural Resources Fund Inc,False,27.94,0.15,31.05,2026-08-17T00:00:00,00548F105,Adams Natural Resources Fund,2026-08-17,XPEOX,Equity-Sector Equity,0.7000000000000001,783.293,,Quarterly,0.29271,0.5399999999999999,15.0,,,,0.62,,870.482,True,True,True,False,False,False,,12.84,16.29,19.43,21.61,29.79,31.33,,,36.3,714500,,,,,,,24.19011,-10.34489,0.36,0.46,0.48,2026-08-17T00:00:00,1929-01-30T00:00:00,1/30/1929,-1291334400,2026-07-27T00:00:00
19,AVK,-0.09050000000000001,10.02423,11.02194,0.1172,17.72,11,Morningstar US CEF Convertibles,6,"Advent Capital Management, LLC",False,12.76,-0.21,14.03,2026-08-17T00:00:00,00764C109,Advent Convertible & Income Fund,2026-08-17,XAVKX,Fixed Income - Taxable-Convertibles,36.11,563.338,,Monthly,0.22874,0.1172,25.0,5.5855,,,4.53,,969.431,True,True,False,False,False,False,,14.41,14.48,4.64,4.34,10.11,5.37,,,12.54,1480570,,,108.8431,,,,12.56954,-5.79761,-1.37,-0.4,-0.79,2026-08-17T00:00:00,2003-04-29T00:00:00,4/29/2003,1051574400,2026-08-14T00:00:00
20,AWF,-0.09849999999999999,6.97427,7.73622,0.0655,5.45,14,Morningstar US CEF High Yield,7,AllianceBernstein L.P.,False,10.16,0.01,11.27,2026-08-17T00:00:00,01879R106,AllianceBernstein Global High Income,2026-08-17,XAWFX,Fixed Income - Taxable-High Yield,0.8,876.094,,Monthly,0.35164,0.0655,15.0,6.6781,,4.36,1.02,,979.692,True,False,False,False,False,False,,9.03,8.44,4.36,3.68,2.13,-1.78,,,-2.29,3003900,,,97.5103,,,,10.56418,-7.19891,-0.9400000000000001,0.44,-0.33,2026-08-17T00:00:00,1993-07-28T00:00:00,7/28/1993,743817600,2026-08-06T00:00:00
21,AFB,-0.0636,5.10738,5.45435,0.050179999999999995,10.33,21,Morningstar US CEF Municipal,7,AllianceBernstein L.P.,False,11.04,-0.07,11.79,2026-08-17T00:00:00,01864U106,AllianceBernstein National Mun Inc,2026-08-17,XAFBX,Fixed Income - Municipal-Municipal,48.57,317.344,,Monthly,0.31343,0.050179999999999995,15.0,5.1411,,,3.66,,659.005,True,True,True,False,False,False,,2.41,5.06,-1.8599999999999999,-2.32,0.56,3.81,,,13.22,982670,,,98.4247,,22.53,11.69,10.92125,-8.94532,1.9,1.38,1.29,2026-08-17T00:00:00,2002-01-28T00:00:00,1/28/2002,1012176000,2026-08-06T00:00:00
22,NFJ,-0.0665,7.24036,7.75588,0.305,27.09,3,Morningstar US CEF Covered Call,108,"Virtus Investment Advisers, LLC",True,15.73,0.03,16.85,2026-08-17T00:00:00,92840R101,AllianzGI Div Interest & Prem Common,2026-08-17,XNFJX,Equity-Covered-Call Funds,,1462.375,0.0,Quarterly,0.06142,0.305,25.0,2.0796,,,0.9600000000000001,,1566.498,False,True,True,False,True,False,,11.94,16.01,7.11,8.91,18.9,23.4,,,31.56,1884490,,,,,,,13.65142,-9.13722,1.6,1.27,1.18,2026-08-17T00:00:00,2005-02-28T00:00:00,2/28/2005,1109548800,2026-06-15T00:00:00
23,EOD,-0.0781,7.78685,8.44636,0.14211,25.53,5,Morningstar US CEF Global Equity,8,Allspring Global Investments,False,6.73,0.01,7.3,2026-08-17T00:00:00,94987C103,Allspring Global Dividend Opp Fd,2026-08-17,XEODX,Equity-Global Equity,13.13,289.834,,Quarterly,0.1298,0.14211,20.0,7.1385,,,2.45,,361.881,True,True,True,False,False,False,,22.02,24.01,12.99,12.65,13.71,16.39,,,26.88,1242890,,,,,,,6.07768,-8.4467,0.44,-0.65,-0.62,2026-08-17T00:00:00,2007-03-28T00:00:00,3/28/2007,1175040000,2026-06-11T00:00:00
24,EAD,-0.1013,0.01519,0.016900000000000002,8.999999999999999e-05,4.91,14,Morningstar US CEF High Yield,8,Allspring Global Investments,False,6.39,0.01,7.11,2026-08-17T00:00:00,94987B105,Allspring Income Opps,2026-08-17,XEADX,Fixed Income - Taxable-High Yield,29.88,377.6,,Monthly,0.25923,8.999999999999999e-05,15.0,7.1676,,,2.95,,599.147,True,False,False,False,False,False,,8.47,9.01,3.46,2.59,1.72,-1.69,,,-1.73,1867200,,,100.1192,,4.34,3.23,6.71558,-7.66616,-1.32,-0.14,-0.78,2026-08-17T00:00:00,2003-02-28T00:00:00,2/28/2003,1046390400,2026-08-13T00:00:00
25,ERC,-0.06309999999999999,0.0061,0.00651,4.9999999999999996e-05,7.36,16,Morningstar US CEF Limited Duration,8,Allspring Global Investments,False,9.21,-0.05,9.83,2026-08-17T00:00:00,94987D101,Allspring Multi-Sec Inc,2026-08-17,XERCX,Fixed Income - Taxable-Limited Duration,30.14,258.376,,Monthly,0.35301,4.9999999999999996e-05,20.0,6.8621,0.0,4.34,3.22,,394.769,True,False,True,True,False,False,,7.89,7.29,3.35,2.27,2.74,3.5300000000000002,,,6.74,778260,,0.0,98.4198,,,,9.27838,-6.7552200000000004,0.42,1.1400000000000001,1.3,2026-08-17T00:00:00,2003-06-25T00:00:00,6/25/2003,1056499200,2026-08-13T00:00:00
26,ERH,-0.078,0.01909,0.02071,0.00019999999999999998,3.81,26,Morningstar US CEF US Allocation,8,Allspring Global Investments,False,11.59,-0.05,12.57,2026-08-17T00:00:00,94987E109,Allspring Util & High In,2026-08-17,XERHX,Hybrid-U.S. Allocation,21.27,102.365,,Monthly,0.1865,0.00019999999999999998,20.0,7.1946,,,2.43,,141.02,True,False,False,False,False,False,,11.86,13.66,7.09,4.4,3.12,5.24,,,7.85,232160,,,100.2393,,3.8,3.21,12.15051,-7.65433,-0.11,-0.14,0.13,2026-08-17T00:00:00,2004-04-30T00:00:00,4/30/2004,1083283200,2026-08-13T00:00:00
27,FINS,-0.0604,10.29083,10.95238,0.11499999999999999,7.8,26,Morningstar US CEF US Allocation,10,"Angel Oak Capital Advisors, LLC",False,12.6,-0.07,13.41,2026-08-17T00:00:00,03464A100,Angel Oak Financial Strats Income Term,2026-08-17,XFINX,Hybrid-U.S. Allocation,21.87,421.052,,Monthly,0.38984,0.11499999999999999,20.0,6.7377,,,2.92,,573.539,True,False,False,False,False,True,,10.08,12.72,3.1,2.44,2.76,0.79,,,6.59,463980,,,99.9624,,3.34,2.85,12.96566,-5.9382,-0.11,0.62,0.49,2026-08-17T00:00:00,2019-05-29T00:00:00,5/29/2019,1559088000,2026-08-17T00:00:00
28,ARDC,-0.0721,10.03717,10.817309999999999,0.11249999999999999,0.61,19,Morningstar US CEF Senior Loans,11,Ares Capital Management II LLC,False,12.48,0.0,13.45,2026-08-17T00:00:00,04014F102,Ares Dynamic Credit Allocation Fund,2026-08-17,XADCX,Fixed Income - Taxable-Senior Loans,40.87,299.096,,Monthly,0.59626,0.11249999999999999,20.0,8.4436,,,5.26,,545.177,True,False,False,False,False,False,,8.19,9.56,4.69,4.92,-1.46,-0.97,,,-4.67,1159200,,,,,40.42,,13.15356,-5.9445500000000004,-0.47000000000000003,-0.52,0.15,2026-08-17T00:00:00,2012-11-27T00:00:00,11/27/2012,1353974400,2026-07-20T00:00:00
29,BANX,-0.0058,8.63309,8.68307,0.15,5.0,8,Morningstar US CEF Sector Equity,12,"ArrowMark Asset Management, LLC",False,20.73,1.19,21.0,2026-06-30T00:00:00,861780104,ArrowMark Financial Corp,2026-08-17,XBANX,Equity-Sector Equity,13.4,161.909,,Monthly,1.04616,0.15,25.0,10.9594,,,6.43,,188.046,True,True,True,False,False,True,,9.9,20.01,8.8,9.56,0.22,-1.02,,,11.54,325780,,,107.4223,,,,20.57497,-5.00273,1.51,2.22,2.68,2026-08-17T00:00:00,2013-11-07T00:00:00,11/7/2013,1383782400,2026-07-24T00:00:00
30,ASA,-0.16210000000000002,0.11241,0.13416,0.04,71.71,8,Morningstar US CEF Sector Equity,13,ASA,False,59.63,1.03,71.17,2026-08-17T00:00:00,G3156P103,ASA Gold and Precious Metals Limited,2026-08-17,XASAX,Equity-Sector Equity,,1150.257,,Semi-Annually,0.02585,0.04,28.0,9.086,,,1.88,,1296.5,False,True,False,False,False,False,,48.04,46.98,18.22,17.39,-11.27,-17.95,,,58.29,0,,,,,,,56.72839,-12.40487,,,,,1958-09-23T00:00:00,9/23/1958,-355795200,2026-05-01T00:00:00
31,BCV,-0.12179999999999999,5.60876,6.38629,0.41,25.49,11,Morningstar US CEF Convertibles,60,Gabelli Funds LLC,False,25.68,0.15,29.24,2026-08-17T00:00:00,059695106,Bancroft Fund,2026-08-17,XBCVX,Fixed Income - Taxable-Convertibles,14.3,144.515,,Quarterly,0.01134,0.41,25.0,2.4446,,,1.31,,192.014,True,True,False,False,False,False,,16.43,18.33,3.99,3.21,13.06,10.36,,,27.81,190410,,,,,21.12,,23.31226,-11.7647,-0.36,0.17,-0.12,2026-08-17T00:00:00,1971-10-04T00:00:00,10/4/1971,55382400,2026-06-15T00:00:00
32,MCI,0.055,9.26462,8.78156,0.39999999999999997,11.17,14,Morningstar US CEF High Yield,14,Barings LLC,False,18.22,0.6,17.27,2026-06-30T00:00:00,06759X107,Barings Corporate Investors,2026-08-17,XMCIX,Fixed Income - Taxable-High Yield,20.78,375.096,,Quarterly,0.67335,0.39999999999999997,25.0,7.782,,,1.65,,448.776,True,False,False,False,False,False,,11.6,11.75,10.11,10.0,6.4,-6.79,,,-14.25,331950,,,92.3472,,,,19.21477,15.25637,-0.9,0.74,-0.17,2026-08-17T00:00:00,1971-09-01T00:00:00,9/1/1971,52531200,2026-05-29T00:00:00
33,BGH,-0.04650000000000001,9.75798,10.23431,0.12229999999999999,4.27,14,Morningstar US CEF High Yield,14,Barings LLC,False,14.34,0.05,15.04,2026-08-17T00:00:00,06760L100,Barings Global Short Duration High Yield,2026-08-17,XBGHX,Fixed Income - Taxable-High Yield,31.28,287.982,,Monthly,0.68354,0.12229999999999999,25.0,8.9323,,,3.93,,439.518,True,False,False,False,False,False,,10.61,13.27,5.91,6.59,3.18,-0.73,,,0.15,838640,,,97.8956,,,,14.74427,-2.80178,-0.54,1.11,0.75,2026-08-17T00:00:00,2012-10-25T00:00:00,10/25/2012,1351123200,2026-07-22T00:00:00
34,MPV,0.059500000000000004,9.36116,8.83582,0.37,,14,Morningstar US CEF High Yield,14,Barings LLC,False,16.75,-0.25,15.81,2026-06-30T00:00:00,06761A103,Barings Participation Invs,2026-08-17,XMPVX,Fixed Income - Taxable-High Yield,21.57,180.77,,Quarterly,0.57714,0.37,10.0,7.7819,,,1.55,,217.561,True,False,False,False,False,False,,,16.89,,11.88,6.38,4.66,,,-6.74,169330,,,92.2129,,,,18.30542,9.53756,-0.5700000000000001,-0.16,-0.5700000000000001,2026-08-17T00:00:00,1988-10-06T00:00:00,10/6/1988,592099200,2026-05-29T00:00:00
35,BXSY,-0.38670000000000004,3.54344,5.77778,0.26,36.35,26,Morningstar US CEF US Allocation,15,Bexil Corp,True,18.0,-0.08,29.35,2026-08-17T00:00:00,25538A204,Bexil Investment Trust,2026-08-17,XBXIX,Hybrid-U.S. Allocation,8.84,232.876,,Quarterly,-0.06607,0.26,15.0,,,,1.9300000000000002,,379.717,True,True,False,False,True,False,,21.14,22.21,13.39,11.85,19.85,15.47,,,33.66,125370,,,,,1.11,,15.64166,-37.34062,-1.4100000000000001,-0.23,-0.87,2026-08-17T00:00:00,1998-06-29T00:00:00,6/29/1998,899078400,2026-06-15T00:00:00
36,BMN,0.0091,4.44488,4.40486,0.09375,6.97,21,Morningstar US CEF Municipal,16,BlackRock,False,25.54,0.09,25.31,2026-08-17T00:00:00,09262G108,BlackRock 2037 Municipal Target term,2026-08-17,XBMNX,Fixed Income - Municipal-Municipal,24.9,157.011,,Monthly,0.55982,0.09375,25.0,5.0127,,14.51,2.16,,207.177,True,False,True,False,False,True,,3.87,5.14,,,0.66,-1.5,,,9.48,105070,17.53,,101.483,,,,25.63982,-0.31314000000000003,0.54,1.33,0.07,2026-08-17T00:00:00,2022-10-28T00:00:00,10/28/2022,1666915200,2026-08-14T00:00:00
37,BCAT,0.0849,21.05424,19.40687,0.25423,13.58,26,Morningstar US CEF US Allocation,16,BlackRock,True,15.72,-0.14,14.49,2026-08-17T00:00:00,09260U109,BlackRock Capital Allocation Term Trust,2026-08-17,XCATX,Hybrid-U.S. Allocation,5.18,1647.067,,Monthly,0.15272,0.25423,20.0,,,2.65,1.4,,1518.194,True,True,True,False,True,True,,11.33,21.09,5.32,7.97,5.9,25.39,,,30.49,6365720,,,,,,,14.97241,-0.44114000000000003,1.6400000000000001,0.7000000000000001,1.2,2026-08-17T00:00:00,2020-09-28T00:00:00,9/28/2020,1601251200,2026-08-14T00:00:00
38,BHK,-0.026099999999999998,9.71987,9.97993,0.0746,2.13,15,Morningstar US CEF Investment Grade,16,BlackRock,True,8.97,-0.04,9.21,2026-08-17T00:00:00,09249E101,BlackRock Core Bond,2026-08-17,XBHKX,Fixed Income - Taxable-Investment Grade,34.19,647.851,-0.051000000000000004,Monthly,0.27405,0.0746,15.0,5.2035,,,3.34,,1010.693,True,False,True,False,True,False,,4.3,3.39,-2.46,-3.25,-1.6800000000000002,-1.78,,,2.06,2911280,,,95.0924,,7.35,7.35,9.41157,-4.46301,1.32,1.54,2.11,2026-08-17T00:00:00,2001-11-30T00:00:00,11/30/2001,1007078400,2026-08-14T00:00:00
39,HYT,-0.0824,10.27253,11.19521,0.0779,5.29,14,Morningstar US CEF High Yield,16,BlackRock,True,8.35,0.03,9.1,2026-08-17T00:00:00,09255P107,BlackRock Corporate High Yield Fund,2026-08-17,XHYTX,Fixed Income - Taxable-High Yield,20.23,1609.706,-0.113,Monthly,0.35117,0.0779,15.0,7.0359,,,2.33,,2199.211,True,False,False,False,True,False,,9.37,7.64,4.3,2.14,1.44,0.26,,,-5.02,8330870,,,99.6367,,4.4,,8.91192,-5.63253,-1.06,-1.3599999999999999,-1.32,2026-08-17T00:00:00,2003-05-30T00:00:00,5/30/2003,1054252800,2026-08-14T00:00:00
40,BTZ,-0.050300000000000004,9.3743,9.87059,0.0839,4.15,15,Morningstar US CEF Investment Grade,16,BlackRock,True,10.2,-0.02,10.74,2026-08-17T00:00:00,092508100,BlackRock Credit Allocation Income Trust,2026-08-17,XBTZX,Fixed Income - Taxable-Investment Grade,35.2,951.909,-0.11900000000000001,Monthly,0.5375800000000001,0.0839,25.0,5.9413,,19.89,3.37,,1546.726,True,False,True,False,True,False,,7.8,8.95,0.99,0.43,0.04,-2.55,,,-0.67,2556760,,,98.6559,,,,10.55805,-5.8212600000000005,0.42,2.08,1.88,2026-08-17T00:00:00,2006-12-27T00:00:00,12/27/2006,1167177600,2026-08-14T00:00:00
41,DSU,-0.0126,12.4319,12.59044,0.09873,4.12,19,Morningstar US CEF Senior Loans,16,BlackRock,True,9.41,-0.04,9.53,2026-08-17T00:00:00,09255R202,BlackRock Debt Strategies,2026-08-17,XDSUX,Fixed Income - Taxable-Senior Loans,16.0,585.674,-0.17400000000000002,Monthly,0.35279,0.09873,10.0,,,6.29,1.69,,706.143,True,False,False,False,True,False,,7.58,9.45,6.02,7.04,1.27,-0.7000000000000001,,,0.37,2792670,,,,,,,10.02897,0.8095000000000001,-1.6600000000000001,-1.24,-1.22,2026-08-17T00:00:00,1998-03-27T00:00:00,3/27/1998,890956800,2026-08-14T00:00:00
42,BGR,-0.09960000000000001,6.18432,6.86824,0.0973,41.82,8,Morningstar US CEF Sector Equity,16,BlackRock,True,17.0,0.11,18.88,2026-08-17T00:00:00,09250U101,BlackRock Energy and Resources,2026-08-17,XBGRX,Equity-Sector Equity,0.0,432.755,,Monthly,0.1595,0.0973,25.0,,,,1.23,,480.613,True,True,False,False,True,False,,16.13,18.04,20.95,21.22,34.38,27.66,,,33.85,1073000,,,,,,,14.88326,-7.13453,-0.9400000000000001,0.13,-0.21,2026-08-17T00:00:00,2004-12-23T00:00:00,12/23/2004,1103760000,2026-08-14T00:00:00
43,BDJ,-0.0637,7.06084,7.54112,0.0619,21.77,3,Morningstar US CEF Covered Call,16,BlackRock,True,9.85,-0.01,10.52,2026-08-17T00:00:00,09251A104,BlackRock Enhanced Dividend Achievers,2026-08-17,XBDJX,Equity-Covered-Call Funds,0.11,1742.905,,Monthly,0.07807,0.0619,15.0,,,,0.88,,1863.584,True,True,False,False,True,False,,14.23,15.18,9.74,9.24,11.77,8.1,,,21.53,4336570,,,,,,,9.2467,-5.92305,-0.28,1.24,0.37,2026-08-17T00:00:00,2005-08-26T00:00:00,8/26/2005,1125014400,2026-08-14T00:00:00
44,BOE,-0.07629999999999999,7.35111,7.9583,0.0827,16.0,3,Morningstar US CEF Covered Call,16,BlackRock,True,12.47,0.02,13.5,2026-08-17T00:00:00,092501105,BlackRock Enhanced Glbl Div Trust,2026-08-17,XBOEX,Equity-Covered-Call Funds,0.02,693.334,,Monthly,0.05795,0.0827,25.0,,,,1.03,,750.602,True,True,True,False,True,False,,11.59,14.68,6.94,7.52,7.24,8.63,,,16.25,1313580,,,,,,,11.72368,-9.21877,1.8,0.98,1.5,2026-08-17T00:00:00,2005-05-26T00:00:00,5/26/2005,1117065600,2026-08-14T00:00:00
45,BGY,-0.10289999999999999,7.85253,8.75342,0.0426,15.33,3,Morningstar US CEF Covered Call,16,BlackRock,True,5.84,-0.04,6.51,2026-08-17T00:00:00,092524107,BlackRock Enhanced Intl Div Trust,2026-08-17,XBGYX,Equity-Covered-Call Funds,0.36,529.188,,Monthly,0.02491,0.0426,20.0,,,,1.2,,589.9,True,True,False,False,True,False,,8.46,10.37,5.98,6.5,5.97,3.49,,,11.33,2733420,,,,,,,5.77933,-8.35753,-1.18,-0.08,-0.51,2026-08-17T00:00:00,2007-05-25T00:00:00,5/25/2007,1180051200,2026-08-14T00:00:00
46,CII,0.0008,6.86131,6.8557500000000005,0.141,22.95,3,Morningstar US CEF Covered Call,16,BlackRock,True,24.68,0.12,24.66,2026-08-17T00:00:00,09256A109,BlackRock Enhanced Large Cap Core Fund,2026-08-17,XCIIX,Equity-Covered-Call Funds,0.46,1011.474,,Monthly,0.00537,0.141,20.0,,,,0.93,,1015.3,True,True,False,False,True,False,,17.99,19.73,12.14,12.99,10.14,7.64,,,31.47,962070,,,,,,,23.55893,0.37495,-0.11,-1.06,-0.51,2026-08-17T00:00:00,2004-04-27T00:00:00,4/27/2004,1083024000,2026-08-14T00:00:00
47,ECAT,0.0,20.92953,20.92953,0.26877,13.38,25,Morningstar US CEF Global Allocation,16,BlackRock,True,15.41,-0.07,15.41,2026-08-17T00:00:00,09262F100,BlackRock ESG Capital Allocation Term,2026-08-17,ECAT,Hybrid-Global Allocation,0.16,1532.807,,Monthly,0.10010000000000001,0.26877,20.0,,,2.33,1.4100000000000001,,1535.338,True,False,True,False,True,True,,12.26,17.66,,,5.73,10.66,,,14.07,4392960,,,,,,,15.52732,-2.46396,1.08,0.42,1.07,2026-08-17T00:00:00,2021-09-27T00:00:00,9/27/2021,1632700800,2026-08-14T00:00:00
48,FRA,-0.0354,13.15115,13.63376,0.12383999999999999,3.31,19,Morningstar US CEF Senior Loans,17,"BlackRock Advisors, LLC",True,10.9,-0.05,11.3,2026-08-17T00:00:00,09255X100,BlackRock Floating Rate Inc Strategies,2026-08-17,XFRAX,Fixed Income - Taxable-Senior Loans,23.21,386.239,-0.184,Monthly,0.44666,0.12383999999999999,20.0,,,,2.61,,521.43,True,False,False,False,True,False,,6.97,7.59,6.02,6.54,1.21,-0.74,,,-6.93,1593030,,,,,,,11.66985,-1.63305,-0.44,1.54,1.1,2026-08-17T00:00:00,2003-10-31T00:00:00,10/31/2003,1067558400,2026-08-14T00:00:00
49,BGT,-0.009899999999999999,13.03848,13.16934,0.12028,3.52,19,Morningstar US CEF Senior Loans,16,BlackRock,True,10.96,0.1,11.07,2026-08-17T00:00:00,091941104,Blackrock Floating Rate Income,2026-08-17,XBGTX,Fixed Income - Taxable-Senior Loans,0.13,326.879,-0.154,Monthly,0.42019,0.12028,20.0,,,,2.06,,330.606,True,False,True,False,True,False,,7.22,9.11,6.18,6.92,1.2,3.19,,,-2.74,1323510,,,,,,,11.2811,-2.81175,0.68,2.37,2.38,2026-08-17T00:00:00,2004-08-30T00:00:00,8/30/2004,1093824000,2026-08-14T00:00:00
50,BME,-0.025,6.90646,7.08378,0.2621,23.44,8,Morningstar US CEF Sector Equity,16,BlackRock,True,44.4,0.26,45.54,2026-08-17T00:00:00,09250W107,BlackRock Health Sciences,2026-08-17,XBMEX,Equity-Sector Equity,0.15,573.83,,Monthly,0.0592,0.2621,25.0,,,,1.13,,589.458,True,True,True,False,True,False,,8.35,10.62,4.74,4.58,4.78,10.61,,,32.46,445950,,,,,,,40.15986,-5.49776,1.4100000000000001,1.05,1.19,2026-08-17T00:00:00,2005-03-28T00:00:00,3/28/2005,1111968000,2026-08-14T00:00:00
51,BMEZ,-0.10550000000000001,7.37018,8.2397,0.11,23.68,8,Morningstar US CEF Sector Equity,16,BlackRock,True,16.02,-0.03,17.91,2026-08-17T00:00:00,09260E105,BlackRock Health Sciences Term Trust,2026-08-17,XBMZX,Equity-Sector Equity,0.43,1001.272,,Monthly,0.00466,0.11,20.0,,,,1.37,,1124.223,True,True,True,False,True,True,,6.97,9.52,-1.79,-1.67,5.44,8.4,,,20.98,2252740,,,,,,,14.8072,-10.9821,0.33,-0.41000000000000003,0.42,2026-08-17T00:00:00,2020-01-29T00:00:00,1/29/2020,1580256000,2026-08-14T00:00:00
52,BKT,-0.027000000000000003,9.85475,10.12823,0.0882,0.72,15,Morningstar US CEF Investment Grade,16,BlackRock,True,10.45,0.03,10.74,2026-08-17T00:00:00,09247F209,BlackRock Income,2026-08-17,XBKTX,Fixed Income - Taxable-Investment Grade,19.6,338.465,-0.055,Monthly,0.047920000000000004,0.0882,10.0,4.445,,9.15,1.9700000000000002,,432.646,True,False,True,False,True,False,,3.7,3.44,-1.92,-3.91,-1.05,-2.33,,,-3.7800000000000002,1366220,,,89.397,,4.92,,10.92348,-4.1913,1.17,1.8,2.27,2026-08-17T00:00:00,1988-08-01T00:00:00,8/1/1988,586396800,2026-08-14T00:00:00
53,BLW,-0.0273,10.31435,10.60422,0.1132,4.04,16,Morningstar US CEF Limited Duration,16,BlackRock,True,12.81,-0.06,13.17,2026-08-17T00:00:00,09249W101,BlackRock Limited Duration Income,2026-08-17,XBLWX,Fixed Income - Taxable-Limited Duration,36.08,500.671,-0.133,Monthly,0.52225,0.1132,20.0,,,,3.7,,805.242,True,False,False,False,True,False,,8.45,8.18,3.99,2.91,0.4,-2.98,,,-1.6800000000000002,1200680,,,,,,,13.3123,-2.49331,-0.08,1.81,0.9400000000000001,2026-08-17T00:00:00,2003-07-28T00:00:00,7/28/2003,1059350400,2026-08-14T00:00:00
54,BIT,-0.07629999999999999,11.32265,12.25764,0.12369999999999999,4.6,17,Morningstar US CEF Multi-Sector,16,BlackRock,True,12.11,-0.06,13.11,2026-08-17T00:00:00,09258A107,BlackRock Multi-Sector Income Trust,2026-08-17,XBITX,Fixed Income - Taxable-Multi-Sector,31.02,691.029,-0.508,Monthly,0.40641,0.12369999999999999,20.0,6.1162,,,3.26,,1084.513,True,False,False,False,True,False,,8.15,4.54,4.0,2.24,0.55,0.24,,,-5.22,3159730,7.97,,,,,3.77,12.94119,-5.59791,-1.76,-1.92,-1.67,2026-08-17T00:00:00,2013-02-25T00:00:00,2/25/2013,1361750400,2026-08-14T00:00:00
55,MUA,-0.0877,6.0217,6.60059,0.0555,9.58,21,Morningstar US CEF Municipal,16,BlackRock,False,10.09,-0.14,11.06,2026-08-17T00:00:00,09254J102,BlackRock Muniassets,2026-08-17,XMUAX,Fixed Income - Municipal-Municipal,33.17,508.08,-0.004,Monthly,0.28542,0.0555,15.0,5.4809,,,2.59,,833.321,True,False,False,False,False,False,,5.27,5.66,-0.6900000000000001,-3.46,2.14,-2.26,,,3.66,1244630,17.85,,92.4046,,12.75,,10.79319,-3.89325,-2.21,-1.82,-2.35,2026-08-17T00:00:00,1993-06-25T00:00:00,6/25/1993,740966400,2026-08-14T00:00:00
56,BTT,-0.07919999999999999,2.27173,2.46699,0.0464,3.17,21,Morningstar US CEF Municipal,16,BlackRock,False,22.57,-0.08,24.51,2026-08-17T00:00:00,09257P105,BlackRock Municipal 2030 Target Term,2026-08-17,XBTTX,Fixed Income - Municipal-Municipal,34.84,1436.026,0.148,Monthly,0.34323,0.0464,25.0,4.6478,,,2.69,,2393.339,True,False,True,False,False,True,,3.65,4.89,0.37,-0.34,0.62,-0.43,,,3.6,908900,22.83,,101.5267,,3.88,,22.64502,-8.10172,0.31,-0.04,-0.36,2026-08-17T00:00:00,2012-08-29T00:00:00,8/29/2012,1346198400,2026-08-14T00:00:00
57,MHD,-0.0761,5.71657,6.18718,0.0595,9.25,21,Morningstar US CEF Municipal,16,BlackRock,False,11.54,-0.11,12.49,2026-08-17T00:00:00,09253N104,BlackRock Municipal Income,2026-08-17,XMHDX,Fixed Income - Municipal-Municipal,42.19,2016.037,0.004,Monthly,0.30405,0.0595,15.0,5.0119,,,3.08,,3774.132,True,False,True,False,False,False,,2.22,4.65,-2.14,-2.9699999999999998,0.9,1.21,,,9.63,2550380,5.52,,99.8744,,11.88,,11.67609,-8.54506,1.1400000000000001,1.04,0.92,2026-08-17T00:00:00,1997-05-02T00:00:00,5/2/1997,862531200,2026-08-14T00:00:00
58,MUC,-0.0696,5.58747,6.00561,0.0535,8.76,22,Morningstar US CEF Municipal-CA,16,BlackRock,False,10.69,-0.07,11.49,2026-08-17T00:00:00,09254L107,BlackRock MuniHoldings CA Qty,2026-08-17,XMUCX,Fixed Income - Municipal-Municipal - CA,40.82,1336.338,0.07100000000000001,Monthly,0.26962,0.0535,15.0,5.0713,,,3.22,,2427.0,True,False,True,False,False,False,,1.73,4.82,-2.13,-3.19,0.97,3.34,,,11.65,2840790,3.71,,102.4334,,13.95,,10.73856,-8.28751,1.34,1.08,1.02,2026-08-17T00:00:00,1998-02-27T00:00:00,2/27/1998,888537600,2026-08-14T00:00:00
59,MUJ,-0.0057,5.26401,5.29412,0.054,8.4,24,Morningstar US CEF Municipal-Single State,16,BlackRock,False,12.24,-0.08,12.31,2026-08-17T00:00:00,09254X101,BlackRock MuniHoldings NJ Qty,2026-08-17,XMUJX,Fixed Income - Municipal-Municipal - Single-State,39.83,650.986,0.085,Monthly,0.2647,0.054,15.0,4.7124,,,3.37,,1088.033,True,True,True,False,False,False,,2.92,7.83,-0.86,-0.17,0.84,3.74,,,16.78,1023420,17.89,,97.7946,,13.16,,11.96947,-4.50761,1.62,2.47,1.5,2026-08-17T00:00:00,1998-03-11T00:00:00,3/11/1998,889574400,2026-08-14T00:00:00
60,MIY,0.0206,5.37829,5.26994,0.0545,9.12,24,Morningstar US CEF Municipal-Single State,16,BlackRock,False,12.41,-0.05,12.16,2026-08-17T00:00:00,09254V105,BlackRock MuniYield MI Quality,2026-08-17,XMIYX,Fixed Income - Municipal-Municipal - Single-State,39.72,359.453,0.07200000000000001,Monthly,0.25837,0.0545,15.0,4.9551,,,3.34,,584.304,True,True,True,False,False,False,,2.69,8.65,-1.01,-0.25,0.64,7.21,,,18.14,610210,8.23,,100.9645,,16.35,,11.88913,-3.8677200000000003,1.96,2.39,2.07,2026-08-17T00:00:00,1992-10-30T00:00:00,10/30/1992,720403200,2026-08-14T00:00:00
61,MYN,-0.0775,5.80718,6.2950800000000005,0.051199999999999996,9.57,23,Morningstar US CEF Municipal-NY,17,"BlackRock Advisors, LLC",False,9.76,-0.08,10.58,2026-08-17T00:00:00,09255E102,BlackRock MuniYield NY Quality,2026-08-17,XMYNX,Fixed Income - Municipal-Municipal - NY,22.7,918.647,0.069,Monthly,0.24345,0.051199999999999996,15.0,4.855,,,3.2800000000000002,,1288.335,True,False,True,False,False,False,,1.78,4.46,-1.9100000000000001,-2.92,0.71,1.46,,,12.16,1220590,8.48,,100.2576,,12.59,,9.93198,-8.25633,0.67,0.35000000000000003,0.54,2026-08-17T00:00:00,1992-02-28T00:00:00,2/28/1992,699235200,2026-08-14T00:00:00
62,MPA,-0.08039999999999999,4.74627,5.16141,0.0477,8.83,24,Morningstar US CEF Municipal-Single State,16,BlackRock,False,11.09,-0.03,12.06,2026-08-17T00:00:00,09255G107,BlackRock MuniYield PA Quality,2026-08-17,XMPAX,Fixed Income - Municipal-Municipal - Single-State,38.35,143.611,0.039,Monthly,0.23728000000000002,0.0477,15.0,4.7722999999999995,,,3.23,,253.319,True,False,True,False,False,False,,2.5300000000000002,3.49,-1.69,-2.75,0.01,1.31,,,8.27,316090,7.16,,98.0715,,14.9,,11.25457,-8.52047,0.6,1.09,0.62,2026-08-17T00:00:00,1992-10-30T00:00:00,10/30/1992,720403200,2026-08-14T00:00:00
63,MYI,-0.0683,5.76125,6.18384,0.0555,8.81,21,Morningstar US CEF Municipal,16,BlackRock,False,10.77,-0.06,11.56,2026-08-17T00:00:00,09254E103,BlackRock MuniYield Qty III,2026-08-17,XMYIX,Fixed Income - Municipal-Municipal,42.21,1317.102,0.04,Monthly,0.27666,0.0555,15.0,5.0585,,,3.23,,2446.457,True,False,True,False,False,False,,2.79,4.54,-1.12,-1.6,0.81,1.5899999999999999,,,9.13,2275820,6.01,,99.7206,,11.76,,10.92774,-7.5723,0.86,1.6099999999999999,0.97,2026-08-17T00:00:00,1992-04-13T00:00:00,4/13/1992,703123200,2026-08-14T00:00:00
64,MQY,-0.068,5.77114,6.19217,0.057999999999999996,8.5,21,Morningstar US CEF Municipal,17,"BlackRock Advisors, LLC",False,11.24,-0.07,12.06,2026-08-17T00:00:00,09254F100,BlackRock Muniyield Quality,2026-08-17,XMQYX,Fixed Income - Municipal-Municipal,42.33,1690.857,0.060000000000000005,Monthly,0.28992,0.057999999999999996,15.0,5.0143,,,3.2,,3145.688,True,False,True,False,False,False,,2.31,3.93,-1.58,-2.4,0.43,2.67,,,8.56,2988690,4.96,,99.4864,,14.22,,11.44406,-7.4298,0.59,0.8200000000000001,0.72,2026-08-17T00:00:00,1992-06-26T00:00:00,6/26/1992,709516800,2026-08-14T00:00:00
65,BCX,-0.0406,6.29345,6.5600000000000005,0.0697,33.07,8,Morningstar US CEF Sector Equity,16,BlackRock,True,12.75,0.1,13.29,2026-08-17T00:00:00,09257A108,BlackRock Resources&Commodities Strategy,2026-08-17,XBCRX,Equity-Sector Equity,0.0,972.036,,Monthly,0.10812000000000001,0.0697,20.0,,,,1.19,,1013.226,True,True,True,False,True,False,,11.73,15.35,12.37,12.91,14.36,14.27,,,36.0,2118970,,,,,,,11.37404,-6.77716,1.48,2.06,1.9500000000000002,2026-08-17T00:00:00,2011-03-29T00:00:00,3/29/2011,1301356800,2026-08-14T00:00:00
66,BSTZ,-0.0747,5.69011,6.14948,0.1625,46.06,8,Morningstar US CEF Sector Equity,16,BlackRock,True,31.71,0.23,34.27,2026-08-17T00:00:00,09260K101,BlackRock Science and Technology Term,2026-08-17,XBSZX,Equity-Sector Equity,0.74,2179.877,,Monthly,-0.14164000000000002,0.1625,20.0,,,,1.35,,2373.367,True,True,True,False,True,True,,22.55,28.06,3.21,4.13,27.28,31.54,,,48.05,2177110,,,,,,,24.5064,-9.61067,1.28,0.9,1.26,2026-08-17T00:00:00,2019-06-26T00:00:00,6/26/2019,1561507200,2026-08-14T00:00:00
67,BST,-0.0463,5.7132000000000005,5.99042,0.25,28.91,8,Morningstar US CEF Sector Equity,16,BlackRock,True,50.08,0.26,52.51,2026-08-17T00:00:00,09258G104,BlackRock Science and Technology Trust,2026-08-17,XBSTX,Equity-Sector Equity,0.1,1738.779,,Monthly,-0.17225000000000001,0.25,20.0,3.9896000000000003,,,1.11,,1824.921,True,True,True,False,True,False,,22.13,20.1,6.63,6.5600000000000005,20.04,18.88,,,31.05,996670,,,,,0.26,0.26,42.31444,-6.44716,1.01,1.3900000000000001,1.21,2026-08-17T00:00:00,2014-10-29T00:00:00,10/29/2014,1414540800,2026-08-14T00:00:00
68,BBN,-0.0391,7.22786,7.52193,0.0986,3.41,20,Morningstar US CEF Taxable Muni,17,"BlackRock Advisors, LLC",True,15.73,-0.12,16.37,2026-08-17T00:00:00,09248X100,BlackRock Taxable Municipal Bond Trust,2026-08-17,XBBNX,Fixed Income - Taxable-Taxable Muni,35.88,971.996,0.077,Monthly,0.48995,0.0986,20.0,5.9174,,,3.1,,1577.609,True,False,True,False,True,False,,4.29,5.93,-2.5,-3.15,-1.0,1.17,,,5.06,2039910,2.81,,99.5233,,8.35,,16.34577,-4.9562,0.68,1.48,1.74,2026-08-17T00:00:00,2010-08-27T00:00:00,8/27/2010,1282867200,2026-08-14T00:00:00
69,BTX,-0.0931,6.17647,6.81081,0.0525,27.64,10,Morningstar US CEF US Equity,16,BlackRock,True,9.25,0.14,10.2,2026-08-17T00:00:00,09260Q108,BlackRock Tech and Private Equity Term,2026-08-17,XBTPX,Equity-U.S. Equity,1.05,1079.57,,Monthly,-0.044090000000000004,0.0525,20.0,,,,1.46,,1203.109,True,True,True,False,True,True,,7.59,10.77,-5.94,-6.51,20.73,28.33,,,20.93,7938870,,,,,,,7.34985,-13.65936,1.71,2.03,2.02,2026-08-17T00:00:00,2021-03-26T00:00:00,3/26/2021,1616716800,2026-08-14T00:00:00
70,BUI,-0.0018,6.82927,6.84191,0.154,18.54,8,Morningstar US CEF Sector Equity,16,BlackRock,True,27.01,-0.33,27.06,2026-08-17T00:00:00,09248D104,"BlackRock Util, Infra & Power Opp",2026-08-17,XBUIX,Equity-Sector Equity,0.11,812.583,,Monthly,0.13116,0.154,20.0,,,,1.09,,814.087,True,False,False,False,True,False,,14.09,14.87,9.05,9.31,14.27,11.69,,,16.44,743550,,,,,,,27.16195,2.21229,-0.73,-1.22,-0.24,2026-08-17T00:00:00,2011-11-23T00:00:00,11/23/2011,1322006400,2026-08-14T00:00:00
71,BHV,0.14800000000000002,4.89686,4.26563,0.0455,7.12,24,Morningstar US CEF Municipal-Single State,16,BlackRock,False,12.8,0.1,11.15,2026-08-17T00:00:00,092481100,BlackRock VA Municipal Bond,2026-08-17,XBHVX,Fixed Income - Municipal-Municipal - Single-State,39.49,20.329,0.024,Monthly,0.1615,0.0455,15.0,4.857,,,4.53,,29.267,True,True,True,False,False,False,,0.8200000000000001,11.21,-2.95,-2.48,-0.4,26.13,,,29.18,54940,7.23,,99.2945,,16.77,10.27,11.16987,-2.52651,2.44,1.3599999999999999,1.65,2026-08-17T00:00:00,2002-04-30T00:00:00,4/30/2002,1020124800,2026-08-14T00:00:00
72,BGX,-0.1216,7.97407,9.07749,0.08199999999999999,0.6,19,Morningstar US CEF Senior Loans,18,Blackstone Liquid Credit Strategies LLC,False,10.84,-0.07,12.34,2026-08-17T00:00:00,09257D102,Blackstone Long-Short Credit Income,2026-08-17,XXBGX,Fixed Income - Taxable-Senior Loans,33.7,137.758,,Monthly,0.51573,0.08199999999999999,20.0,7.1166,,,4.65,,236.52,True,False,False,False,False,False,,6.67,7.05,3.69,3.11,-1.24,-4.02,,,-7.07,706220,,,,,17.0,,11.35575,-10.30363,-0.8200000000000001,-0.35000000000000003,-0.08,2026-08-17T00:00:00,2011-01-27T00:00:00,1/27/2011,1296086400,2026-07-24T00:00:00
73,BSL,-0.0333,7.81065,8.07957,0.088,-0.26,19,Morningstar US CEF Senior Loans,18,Blackstone Liquid Credit Strategies LLC,False,13.07,0.0,13.52,2026-08-17T00:00:00,09256U105,Blackstone Senior Floating Rt 2027 term,2026-08-17,XBSLX,Fixed Income - Taxable-Senior Loans,33.38,170.171,,Monthly,0.55321,0.088,20.0,7.1282,,,4.68,,264.23,True,False,True,False,False,True,,6.16,9.0,4.01,3.99,-1.3599999999999999,-0.14,,,-0.81,426520,,,,,3.73,,13.38777,-3.5981300000000003,0.27,0.26,0.5,2026-08-17T00:00:00,2010-05-26T00:00:00,5/26/2010,1274832000,2026-07-24T00:00:00
74,BGB,-0.048100000000000004,7.6962,8.08511,0.076,-0.23,19,Morningstar US CEF Senior Loans,18,Blackstone Liquid Credit Strategies LLC,False,11.28,-0.01,11.85,2026-08-17T00:00:00,09257R101,Blackstone Strategic Credit 2027 term,2026-08-17,XBGBX,Fixed Income - Taxable-Senior Loans,38.89,503.976,,Monthly,0.74549,0.076,20.0,6.9311,,,5.4,,866.376,True,False,False,False,False,True,,6.57,9.58,3.6,4.63,-1.85,-1.2,,,-2.41,1326230,,,,,17.78,,11.63021,-4.66082,-0.12,-1.12,0.05,2026-08-17T00:00:00,2012-09-26T00:00:00,9/26/2012,1348617600,2026-07-24T00:00:00
75,BPRE,-0.467,7.28287,13.66445,0.1371,-7.28,7,Morningstar US CEF Real Estate,19,"Bluerock Fund Advisors, LLC",True,12.04,-0.31,22.59,2026-08-17T00:00:00,09631P102,Bluerock Private Real Estate Fund,2026-08-17,XBPREX,Equity-Real Estate,,1722.254,,Monthly,,0.1371,14.0,,,,0.0,,3231.372,False,True,True,False,True,False,,-7.01,,-1.4100000000000001,,-3.65,-14.96,,,,0,,,75.3755,,,,,,,-1.4100000000000001,-1.74,2026-08-17T00:00:00,2014-04-01T00:00:00,4/1/2014,1396310400,2026-08-17T00:00:00
76,DHF,-0.1082,7.83582,8.78661,0.017499999999999998,3.68,14,Morningstar US CEF High Yield,20,BNY Mellon,False,2.39,0.0,2.6799999999999997,2026-08-17T00:00:00,09660L105,BNY Mellon High Yield Strategies Fund,2026-08-17,XDHFX,Fixed Income - Taxable-High Yield,27.52,173.84,,Monthly,0.09917000000000001,0.017499999999999998,15.0,7.0256,,,3.18,,268.934,True,False,False,False,False,False,,9.21,9.79,3.3,0.43,0.92,-1.05,,,-0.13,3605270,5.35,,99.6101,,4.52,3.33,2.4805,-9.29771,-0.9,-0.08,-0.14,2026-08-17T00:00:00,1998-04-29T00:00:00,4/29/1998,893808000,2026-08-06T00:00:00
77,DMB,-0.0704,5.21739,5.61272,0.049999999999999996,9.14,21,Morningstar US CEF Municipal,20,BNY Mellon,False,10.69,-0.05,11.5,2026-08-17T00:00:00,09662W109,BNY Mellon Muni Bond Infrastructure Fund,2026-08-17,XDMBX,Fixed Income - Municipal-Municipal,35.7,196.76,,Monthly,0.24734,0.049999999999999996,15.0,5.0905,,,3.19,,329.164,True,False,True,False,False,False,,2.42,0.48,-1.34,-3.05,0.05,-1.9100000000000001,,,10.07,586050,0.37,,101.4874,,11.41,8.86,10.78287,-7.48605,0.33,-0.34,-0.12,2026-08-17T00:00:00,2013-04-26T00:00:00,4/26/2013,1366934400,2026-08-18T00:00:00
78,DSM,-0.0802,5.66038,6.15385,0.03,10.33,21,Morningstar US CEF Municipal,20,BNY Mellon,False,5.85,-0.01,6.36,2026-08-17T00:00:00,09662E109,BNY Mellon Strategic Muni Bond,2026-08-17,XDSMX,Fixed Income - Municipal-Municipal,34.7,289.158,,Monthly,0.15742,0.03,10.0,5.0273,,,2.73,,481.452,True,False,False,False,False,False,,2.61,4.87,-1.96,-3.02,0.55,-2.92,,,10.44,1106450,1.79,,99.5588,,8.93,8.04,6.01153,-7.08974,-0.72,-1.1,-1.32,2026-08-17T00:00:00,1989-11-22T00:00:00,11/22/1989,627696000,2026-08-13T00:00:00
79,LEO,-0.0788,5.34918,5.80645,0.03,9.91,21,Morningstar US CEF Municipal,20,BNY Mellon,False,6.2,-0.06,6.73,2026-08-17T00:00:00,05588W108,BNY Mellon Strategic Municipals,2026-08-17,XLEOX,Fixed Income - Municipal-Municipal,34.2,386.203,,Monthly,0.15752,0.03,10.0,5.135,,,2.76,,637.138,True,False,False,False,False,False,,3.05,4.32,-1.8,-3.7,0.96,-0.44,,,10.27,2008550,1.06,,99.5242,,9.37,8.23,6.30414,-7.65194,-0.21,-0.62,-0.71,2026-08-17T00:00:00,1987-09-23T00:00:00,9/23/1987,559353600,2026-08-13T00:00:00
80,BWG,-0.09789999999999999,11.18881,12.4031,0.08,4.97,13,Morningstar US CEF Global Income,54,"Franklin Templeton Fund Adviser, LLC",True,7.74,-0.02,8.58,2026-08-17T00:00:00,10537L104,BrandywineGLOBAL â Global Inc Opp Fund,2026-08-17,XBWGX,Fixed Income - Taxable-Global Income,41.2,129.969,,Monthly,0.40321,0.08,20.0,7.6784,,,4.62,,245.035,True,False,False,False,True,False,,6.63,9.64,0.77,1.87,-0.05,-0.96,,,3.41,788150,,,,,,,8.24123,-8.40457,-0.9,-0.49,-0.12,2026-08-17T00:00:00,2012-03-28T00:00:00,3/28/2012,1332892800,2026-07-24T00:00:00
81,RA,-0.0892,10.18705,11.18483,0.118,6.25,14,Morningstar US CEF High Yield,21,Brookfield Public Securities Group LLC,True,12.66,-0.11,13.9,2026-08-17T00:00:00,112830104,Brookfield Real Assets Income Fund Inc.,2026-08-17,XRAIX,Fixed Income - Taxable-High Yield,25.29,699.524,,Monthly,0.4166,0.118,25.0,6.5568,,,3.34,,1028.116,True,False,True,False,True,False,,8.28,1.74,3.95,1.0,2.64,5.37,,,7.86,1657250,,,95.6177,,8.9,,13.02862,-9.05922,0.12,0.25,0.4,2026-08-17T00:00:00,2016-12-02T00:00:00,12/2/2016,1480636800,2026-08-06T00:00:00
82,CFND,-0.6308,,,,,10,Morningstar US CEF US Equity,23,C1 Advisors LLC,True,2.71,-1.03,7.34,2026-03-31T00:00:00,12673Q103,C1 Fund Inc.,2026-08-17,XCFNDX,Equity-U.S. Equity,,18.067,,Semi-Annually,,,10.0,,,,5.86,,48.933,False,False,False,False,True,False,,,,,,-6.02,-38.57,,,,360210,,,,,,,5.00649,-35.16459,-1.23,-2.11,-2.46,2026-08-17T00:00:00,2025-08-07T00:00:00,8/7/2025,1754524800,
83,CHY,0.0182,9.09091,8.92857,0.09999999999999999,29.64,11,Morningstar US CEF Convertibles,24,Calamos Advisors LLC,False,13.44,-0.07,13.2,2026-08-17T00:00:00,12811P108,Calamos Convertible & High Income Fund,2026-08-17,XCHYX,Fixed Income - Taxable-Convertibles,30.85,1079.639,,Monthly,-0.10886,0.09999999999999999,15.0,3.6075,,4.49,4.01,,1533.379,True,True,True,False,False,False,,16.72,14.47,6.19,5.77,18.75,16.47,,,26.77,1909130,,,113.3553,,,,11.97747,-0.804,1.38,1.03,1.3599999999999999,2026-08-17T00:00:00,2003-05-28T00:00:00,5/28/2003,1054080000,2026-08-14T00:00:00
84,CHI,0.0676,9.17874,8.59729,0.095,29.1,11,Morningstar US CEF Convertibles,24,Calamos Advisors LLC,False,13.26,-0.04,12.42,2026-08-17T00:00:00,128117108,Calamos Convertible Opp Inc,2026-08-17,XCHIX,Fixed Income - Taxable-Convertibles,30.22,1070.172,,Monthly,-0.09886,0.095,15.0,3.5722,,4.47,3.98,,1436.428,True,True,True,False,False,False,,16.51,14.96,6.09,6.53,18.55,25.46,,,34.8,1838460,,,113.5724,,,,11.56269,1.52107,2.33,1.09,1.5899999999999999,2026-08-17T00:00:00,2002-06-26T00:00:00,6/26/2002,1025049600,2026-08-14T00:00:00
85,CCD,0.0437,9.37125,8.97928,0.19499999999999998,34.54,11,Morningstar US CEF Convertibles,24,Calamos Advisors LLC,False,26.06,-0.13,24.97,2026-08-17T00:00:00,12811V105,Calamos Dynamic Convertible and Income,2026-08-17,XCCDX,Fixed Income - Taxable-Convertibles,28.52,744.869,,Monthly,-0.41014,0.19499999999999998,25.0,2.5787,,4.07,4.26,,998.472,True,True,True,False,False,True,,17.95,17.39,6.36,6.39,22.06,24.67,,,32.75,845720,,,,,,,22.82956,1.66588,1.22,1.04,0.99,2026-08-17T00:00:00,2015-03-27T00:00:00,3/27/2015,1427414400,2026-08-14T00:00:00
86,CHW,-0.09380000000000001,7.50782,8.28539,0.06,22.9,25,Morningstar US CEF Global Allocation,24,Calamos Advisors LLC,False,8.69,0.02,9.59,2026-08-17T00:00:00,12811L107,Calamos Global Dynamic Income Fund,2026-08-17,XCHWX,Hybrid-Global Allocation,29.15,554.982,,Monthly,-0.03591,0.06,15.0,5.1178,,4.53,3.85,,864.423,True,True,True,False,False,False,,18.72,20.39,7.44,3.52,16.62,16.26,,,24.92,1911960,,,,,,,7.93755,-10.28276,0.7000000000000001,0.4,0.74,2026-08-17T00:00:00,2007-06-27T00:00:00,6/27/2007,1182902400,2026-08-14T00:00:00
87,CGO,-0.09539999999999998,7.35695,8.13253,0.09,23.06,25,Morningstar US CEF Global Allocation,24,Calamos Advisors LLC,False,13.28,-0.09,14.68,2026-08-17T00:00:00,128118106,Calamos Global Total Return,2026-08-17,XCGOX,Hybrid-Global Allocation,29.05,130.506,,Monthly,-0.07175000000000001,0.09,15.0,5.0672,,4.39,4.02,,203.341,True,True,False,False,False,False,,19.15,18.74,7.38,4.51,17.31,15.68,,,18.73,275460,,,,,,,12.31046,-8.88073,-0.37,0.55,0.58,2026-08-17T00:00:00,2005-10-27T00:00:00,10/27/2005,1130371200,2026-08-14T00:00:00
88,CPZ,-0.1293,10.91618,12.53731,0.13999999999999999,-3.93,5,Morningstar US CEF Global Equity,24,Calamos Advisors LLC,False,13.4,-0.08,15.39,2026-08-17T00:00:00,12812C106,Calamos L/S Equity & Dynamic Inc Trust,2026-08-17,XCPZX,Equity-Global Equity,47.71,263.071,,Monthly,0.08155,0.13999999999999999,20.0,6.5242,,13.21,4.38,,577.83,True,False,False,False,False,False,,4.5600000000000005,5.9,2.77,2.46,-0.77,-4.07,,,-8.28,764160,,,99.1682,,,,14.50629,-9.64296,-1.47,-0.68,-1.04,2026-08-17T00:00:00,2019-11-29T00:00:00,11/29/2019,1574985600,2026-08-14T00:00:00
89,CSQ,-0.0933,7.0282,7.7512,0.13499999999999998,24.06,26,Morningstar US CEF US Allocation,24,Calamos Advisors LLC,False,20.9,-0.03,23.05,2026-08-17T00:00:00,128125101,Calamos Strategic Total Return,2026-08-17,XCSQX,Hybrid-U.S. Allocation,27.64,3351.725,,Monthly,-0.08754,0.13499999999999998,15.0,4.1463,,4.71,3.69,,5108.688,True,True,False,False,False,False,,21.86,18.24,12.48,10.08,12.27,9.01,,,18.0,2267330,,,,,,,19.31132,-8.26846,-0.58,0.79,0.59,2026-08-17T00:00:00,2004-03-26T00:00:00,3/26/2004,1080259200,2026-08-14T00:00:00
90,CCIF,-0.10800000000000001,22.22222,24.91349,0.06,-41.73,19,Morningstar US CEF Senior Loans,25,Carlyle Global Credit Inv Mgmt,True,2.89,0.14,3.24,2026-07-31T00:00:00,92535C104,Carlyle Credit Income Ord,2026-08-17,XCCIFX,Fixed Income - Taxable-Senior Loans,45.47,61.264,,Monthly,0.18345,0.06,8.65,8.718,,,11.36,,125.956,True,False,False,False,True,False,,-15.42,-14.2,-13.61,-10.34,-32.71,-30.71,,,-36.23,1345070,,,46.8847,,,,4.10865,-9.88935,-0.16,0.64,-0.19,2026-08-17T00:00:00,2011-12-30T00:00:00,12/30/2011,1325203200,2026-07-21T00:00:00
91,IGR,0.026099999999999998,15.68627,15.28662,0.06,13.47,7,Morningstar US CEF Real Estate,26,CBRE Investment Management Listed Real Assets LLC,True,4.71,-0.01,4.59,2026-08-17T00:00:00,12504G100,CBRE Global Real Estate Income,2026-08-17,XIGRX,Equity-Real Estate,31.99,712.81,,Monthly,0.01967,0.06,15.0,,,,3.84,,1021.378,True,False,True,False,True,False,,5.34,9.24,-2.01,0.11,13.62,16.99,,,12.84,7177030,,,,,,,4.72494,1.0508,0.71,2.19,1.6800000000000002,2026-08-17T00:00:00,2004-02-18T00:00:00,2/18/2004,1077062400,2026-07-20T00:00:00
92,CET,-0.16510000000000002,0.94282,1.12933,0.31,15.81,10,Morningstar US CEF US Equity,27,Central Securities Corp,False,54.9,-0.12,65.76,2026-08-14T00:00:00,155123102,Central Securities Corporation,2026-08-17,XCETX,Equity-U.S. Equity,0.32,1622.255,,Semi-Annually,0.8325400000000001,0.31,10.0,,,,0.46,,1943.16,True,True,False,False,False,False,,17.62,18.88,10.71,11.61,6.98,6.0,,,15.93,370650,,,,,,0.05,51.63557,-15.57655,-1.11,-1.16,-1.37,2026-08-17T00:00:00,1980-07-28T00:00:00,7/28/1980,333590400,2026-06-12T00:00:00
93,EMO,-0.0951,7.25563,8.01782,0.41,27.88,6,Morningstar US CEF MLP,54,"Franklin Templeton Fund Adviser, LLC",False,53.88,0.52,59.54,2026-08-17T00:00:00,18469P209,ClearBridge Energy Midstream Opportunity,2026-08-17,XEMOX,Equity-MLP,18.88,1077.074,,Monthly,-0.08994,0.41,20.0,,,,3.12,,1467.312,True,True,False,False,False,False,,27.25,28.84,26.38,29.9,26.31,21.49,,,20.81,610010,,,,,,,48.18686,-9.34781,-0.06,2.76,0.8200000000000001,2026-08-17T00:00:00,2011-06-13T00:00:00,6/13/2011,1307923200,2026-07-24T00:00:00
94,GLV,-0.121,9.44645,10.74684,0.0566,22.2,25,Morningstar US CEF Global Allocation,28,Clough Capital Partners L.P.,True,6.32,0.02,7.19,2026-08-17T00:00:00,18913Y103,Clough Global Dividend and Income,2026-08-17,XGLVX,Hybrid-Global Allocation,32.07,78.429,,Monthly,0.00647,0.0566,20.0,4.8157,,,3.06,,131.356,True,True,False,False,True,False,,12.45,15.75,1.16,0.03,11.55,12.24,,,24.55,410310,,,,,14.73,12.28,6.13128,-11.89514,-0.2,0.7000000000000001,0.22,2026-08-17T00:00:00,2004-07-28T00:00:00,7/28/2004,1090972800,2026-08-18T00:00:00
95,GLQ,-0.10099999999999999,9.39635,10.45161,0.07289999999999999,21.95,5,Morningstar US CEF Global Equity,28,Clough Capital Partners L.P.,True,8.37,0.02,9.31,2026-08-17T00:00:00,18914C100,Clough Global Equity,2026-08-17,XGLQX,Equity-Global Equity,32.02,156.838,,Monthly,-0.056870000000000004,0.07289999999999999,20.0,,,,3.41,,256.621,True,True,True,False,True,False,,17.41,21.32,0.67,-0.6,11.58,12.81,,,24.63,623160,,,,,0.06,,7.96565,-11.38315,1.21,0.26,0.75,2026-08-17T00:00:00,2005-04-27T00:00:00,4/27/2005,1114560000,2026-08-18T00:00:00
96,GLO,-0.0919,9.70482,10.68657,0.0537,15.94,25,Morningstar US CEF Global Allocation,28,Clough Capital Partners L.P.,True,6.03,0.01,6.64,2026-08-17T00:00:00,18914E106,Clough Global Opportunities,2026-08-17,XGLOX,Hybrid-Global Allocation,32.79,257.88,,Monthly,-0.0235,0.0537,20.0,4.8199000000000005,,,3.54,,422.518,True,True,True,False,True,False,,13.07,16.99,-1.98,-2.84,7.99,9.96,,,20.07,1523660,,,,,16.96,14.09,5.80488,-11.53187,2.47,2.0,2.23,2026-08-17T00:00:00,2006-04-25T00:00:00,4/25/2006,1145923200,2026-08-18T00:00:00
97,FOF,-0.0015,7.60933,7.62044,0.087,17.32,26,Morningstar US CEF US Allocation,30,"Cohen &amp; Steers Capital Management, Inc.",False,13.7,-0.05,13.72,2026-08-17T00:00:00,19248P106,Cohen & Steers Closed-End Opportunity,2026-08-17,XFOFX,Hybrid-U.S. Allocation,,380.5,,Monthly,0.19373,0.087,20.0,6.1386,,7.64,0.9500000000000001,,381.056,False,True,False,False,False,False,,16.76,16.55,8.12,7.74,6.72,7.66,,,14.04,620220,,,95.6359,,,,13.47395,1.30863,-0.8200000000000001,-1.06,-1.01,2026-08-17T00:00:00,2006-11-20T00:00:00,11/20/2006,1163980800,2026-08-11T00:00:00
98,UTF,-0.014499999999999999,7.2,7.30627,0.16499999999999998,17.87,8,Morningstar US CEF Sector Equity,29,Cohen &amp; Steers,False,27.1,0.08,27.5,2026-08-17T00:00:00,19248A109,Cohen & Steers Infrastructure,2026-08-17,XUTFX,Equity-Sector Equity,28.24,3030.054,,Monthly,0.20763,0.16499999999999998,20.0,5.4498,,,3.43,,4284.778,True,True,True,False,False,False,,14.33,14.58,8.81,7.52,14.52,20.26,,,12.6,3617480,,,103.041,,7.43,,25.8113,-5.0175,1.19,1.05,1.43,2026-08-17T00:00:00,2004-03-30T00:00:00,3/30/2004,1080604800,2026-08-11T00:00:00
99,LDP,-0.0644,7.12925,7.61997,0.131,6.6,18,Morningstar US CEF Preferreds,30,"Cohen &amp; Steers Capital Management, Inc.",False,20.63,0.0,22.05,2026-08-17T00:00:00,19248C105,Cohen & Steers Ltd Duration Pref & Inc,2026-08-17,XLDPX,Fixed Income - Taxable-Preferreds,32.94,599.904,,Monthly,0.6786800000000001,0.131,25.0,,,,3.67,,956.197,True,False,False,False,False,False,,11.21,12.31,4.27,2.41,2.15,1.55,,,3.32,612950,,,,,88.99,,21.09044,-5.71755,-0.49,0.17,0.32,2026-08-17T00:00:00,2012-07-27T00:00:00,7/27/2012,1343347200,2026-08-11T00:00:00
100,RQI,-0.0728,8.10811,8.74494,0.09,19.72,7,Morningstar US CEF Real Estate,29,Cohen &amp; Steers,False,12.35,-0.15,13.32,2026-08-17T00:00:00,19247L106,Cohen & Steers Qual Inc Realty,2026-08-17,XRQIX,Equity-Real Estate,26.6,1816.369,,Monthly,0.09720000000000001,0.09,15.0,4.5417000000000005,,,3.45,,2669.156,True,False,False,False,False,False,,11.52,10.66,4.46,3.48,20.75,16.05,,,12.91,4917400,,,102.1293,,7.49,,12.4299,-3.75974,-1.22,-0.33,-1.03,2026-08-17T00:00:00,2002-02-28T00:00:00,2/28/2002,1014854400,2026-08-11T00:00:00
101,RLTY,-0.08130000000000001,7.72382,8.40764,0.11,17.7,7,Morningstar US CEF Real Estate,30,"Cohen &amp; Steers Capital Management, Inc.",True,15.7,-0.11,17.09,2026-08-17T00:00:00,19249Q103,Cohen & Steers Real Estate Opp & Inc Fd,2026-08-17,XRLTX,Equity-Real Estate,33.04,262.542,,Monthly,0.11394,0.11,20.0,5.2869,,,4.55,,426.786,True,True,False,False,True,False,,11.02,12.8,,,15.53,13.65,,,13.37,612200,,,104.0393,,,,15.31684,-7.13453,-0.63,0.88,0.22,2026-08-17T00:00:00,2022-02-24T00:00:00,2/24/2022,1645660800,2026-08-11T00:00:00
102,RNP,-0.0645,7.46569,7.98044,0.13599999999999998,13.46,7,Morningstar US CEF Real Estate,30,"Cohen &amp; Steers Capital Management, Inc.",True,20.45,-0.09,21.86,2026-08-17T00:00:00,19247X100,Cohen & Steers REIT & Preferred Inc Fd,2026-08-17,XRNPX,Equity-Real Estate,30.02,981.602,,Monthly,0.38016,0.13599999999999998,25.0,5.8091,,,3.37,,1499.407,True,False,False,False,True,False,,11.2,9.46,4.14,3.5,12.09,7.78,,,-0.73,1188850,,,106.003,,6.69,,20.85404,-2.5601599999999998,-1.01,0.29,-0.64,2026-08-17T00:00:00,2003-06-27T00:00:00,6/27/2003,1056672000,2026-08-11T00:00:00
103,PSF,-0.0944,7.02929,7.76181,0.126,6.09,18,Morningstar US CEF Preferreds,29,Cohen &amp; Steers,False,19.48,-0.03,21.51,2026-08-17T00:00:00,19248Y107,Cohen & Steers Select Preferred & Inc,2026-08-17,XPSFX,Fixed Income - Taxable-Preferreds,33.27,234.309,,Monthly,0.6429,0.126,25.0,7.0987,,,3.76,,387.726,True,False,False,False,False,False,,10.7,8.7,3.14,-1.51,1.6,0.34,,,1.94,374570,,,101.0886,,86.4,,20.15309,-8.16819,-0.87,0.0,-0.11,2026-08-17T00:00:00,2010-11-24T00:00:00,11/24/2010,1290556800,2026-08-11T00:00:00
104,PTA,-0.0756,7.94466,8.59433,0.13399999999999998,5.21,18,Morningstar US CEF Preferreds,30,"Cohen &amp; Steers Capital Management, Inc.",True,18.71,-0.15,20.24,2026-08-17T00:00:00,19249X108,Cohen & Steers Tax-adv Prd Sec and Inc,2026-08-17,XPTAX,Fixed Income - Taxable-Preferreds,35.09,1034.166,,Monthly,0.63166,0.13399999999999998,25.0,7.3128,,,4.36,,1723.64,True,False,False,False,True,False,,9.64,9.85,2.75,2.16,1.19,2.23,,,1.45,1357960,,,103.3882,,,,19.53994,-6.24295,-0.8200000000000001,-1.21,-0.8200000000000001,2026-08-17T00:00:00,2020-10-28T00:00:00,10/28/2020,1603843200,2026-08-11T00:00:00
105,RFI,-0.0338,8.11496,8.39895,0.08,13.68,7,Morningstar US CEF Real Estate,30,"Cohen &amp; Steers Capital Management, Inc.",False,11.43,-0.08,11.83,2026-08-17T00:00:00,19247R103,Cohen & Steers Total Return,2026-08-17,XRFIX,Equity-Real Estate,0.04,305.738,,Monthly,0.14464,0.08,15.0,6.5819,,,0.9400000000000001,,316.562,True,False,False,False,False,False,,9.19,7.55,3.5300000000000002,1.7000000000000002,13.52,9.27,,,5.18,934340,,,,,,,11.47319,-0.77344,-0.9,1.25,-0.28,2026-08-17T00:00:00,1993-09-27T00:00:00,9/27/1993,749088000,2026-08-11T00:00:00
106,STK,-0.062,3.25934,3.47483,0.46249999999999997,79.59,3,Morningstar US CEF Covered Call,31,"Columbia Mgmt Investment Advisers, LLC",True,53.24,0.13,56.76,2026-08-17T00:00:00,19842X109,Columbia Seligman Premium Technology Gr,2026-08-17,XSTKX,Equity-Covered-Call Funds,,940.289,,Quarterly,-0.09022000000000001,0.46249999999999997,20.0,,,,1.12,,1002.457,False,True,False,False,True,False,,35.21,28.66,21.39,19.24,43.2,36.28,,,69.75,564550,,,,,,,41.96296,-4.27998,-0.9400000000000001,-0.32,-0.67,2026-08-17T00:00:00,2009-11-25T00:00:00,11/25/2009,1259107200,2026-08-17T00:00:00
107,CLM,0.0827,22.74571,21.00865,0.1215,15.88,10,Morningstar US CEF US Equity,32,"Cornerstone Advisors, LLC",True,6.94,-0.56,6.41,2026-08-14T00:00:00,21924B302,Cornerstone Strategic Investment Fund,2026-08-17,XCLMX,Equity-U.S. Equity,0.0,2052.613,,Monthly,0.00132,0.1215,38.52,,,,1.1,,1895.857,True,False,False,False,True,False,,18.24,14.53,12.18,11.92,6.91,-0.05,,,11.69,18029440,,,,,,,7.8646,19.81567,-3.85,-5.19,-3.68,2026-08-17T00:00:00,1987-06-23T00:00:00,6/23/1987,551404800,2026-08-14T00:00:00
108,CRF,0.0707,22.6881,21.18919,0.1176,16.33,10,Morningstar US CEF US Equity,32,"Cornerstone Advisors, LLC",True,6.66,-0.51,6.22,2026-08-14T00:00:00,21924U300,Cornerstone Total Return Fund,2026-08-17,XCRFX,Equity-U.S. Equity,9.5,1071.821,,Monthly,0.00372,0.1176,25.0,,,,1.13,,1001.01,True,False,False,False,True,False,,18.41,12.58,12.57,10.62,6.83,-0.26,,,10.4,12058650,,,,,,,7.54885,18.70657,-3.66,-4.9,-3.38,2026-08-17T00:00:00,1973-05-16T00:00:00,5/16/1973,106358400,2026-08-14T00:00:00
109,CIK,-0.107,8.85609,9.91736,0.02,0.99,14,Morningstar US CEF High Yield,107,UBS Asset Management (Americas) LLC,False,2.42,-0.02,2.71,2026-08-17T00:00:00,224916106,Credit Suisse Asset Mgmt Income,2026-08-17,XCIKX,Fixed Income - Taxable-High Yield,35.07,132.746,,Monthly,0.10128000000000001,0.02,10.0,6.9712,,,3.7,,228.936,True,False,False,False,False,False,,7.28,2.5300000000000002,3.9699999999999998,2.44,0.2,-8.84,,,-9.97,4686580,,,98.7034,,5.73,,2.70454,-3.46937,-1.72,-1.48,-1.4,2026-08-17T00:00:00,1987-03-23T00:00:00,3/23/1987,543456000,2026-07-16T00:00:00
110,DHY,-0.09380000000000001,9.6875,10.68966,0.0155,-4.14,14,Morningstar US CEF High Yield,107,UBS Asset Management (Americas) LLC,False,1.7400000000000002,0.01,1.92,2026-08-17T00:00:00,22544F103,Credit Suisse High Yield Credit,2026-08-17,XDHYX,Fixed Income - Taxable-High Yield,30.67,180.281,,Monthly,0.08308,0.0155,10.0,6.998,,,3.62,,286.925,True,False,False,False,False,False,,5.38,7.12,2.55,2.29,-4.93,-7.21,,,-9.13,6411840,,,98.7615,,5.73,,1.92667,-6.4183,-0.9500000000000001,-0.12,-0.15,2026-08-17T00:00:00,1998-07-31T00:00:00,7/31/1998,901843200,2026-07-16T00:00:00
111,DXYZ,0.7026,,,,188.58,8,Morningstar US CEF Sector Equity,34,Destiny Advisors LLC,True,34.0,2.38,19.97,2025-12-31T00:00:00,25063F107,Destiny Tech100 Inc,2026-08-17,DXYZ,Equity-Sector Equity,,747.194,,Monthly,-0.33773000000000003,,,,,,4.53,,438.867,False,True,False,False,True,False,,,,,,0.0,-25.27,,,-22.93,19610620,,,,,,,29.89119,118.58117,-0.58,0.1,0.17,2026-08-17T00:00:00,2024-03-26T00:00:00,3/26/2024,1711411200,
112,DMA,-0.1736,14.73799,17.83355,0.11249999999999999,-1.87,26,Morningstar US CEF US Allocation,35,Destra Capital Advisors LLC,True,7.57,-0.07,9.16,2026-08-17T00:00:00,25065A502,Destra Multi-Alternative,2026-08-17,XDMAX,Hybrid-U.S. Allocation,10.76,67.852,,Monthly,0.19305,0.11249999999999999,,,,,3.29,,92.003,True,False,False,False,True,False,,0.26,23.82,-0.8300000000000001,,-4.34,-7.43,,,0.12,273790,,,,,0.11,,8.27842,-14.62836,-1.08,-0.5700000000000001,-0.75,2026-08-17T00:00:00,2022-01-13T00:00:00,1/13/2022,1642032000,2026-07-21T00:00:00
113,DNP,0.1186,7.97546,7.1298,0.065,13.94,8,Morningstar US CEF Sector Equity,39,Duff &amp; Phelps Inv Mgmt Co (IL),True,10.94,-0.04,9.78,2026-08-17T00:00:00,23325P104,DNP Select Income,2026-08-17,XDNPX,Equity-Sector Equity,22.97,4144.101,,Monthly,0.10944,0.065,10.0,5.6735,,,2.5300000000000002,,4809.541,True,True,True,False,True,False,,14.34,10.8,9.25,8.67,11.75,12.52,,,18.78,5865160,,,,,7.33,5.71,10.3431,6.35444,1.76,1.54,1.55,2026-08-17T00:00:00,1987-01-21T00:00:00,1/21/1987,538185600,2026-07-31T00:00:00
114,DSL,-0.0634,11.46829,12.2449,0.11,4.18,13,Morningstar US CEF Global Income,37,DoubleLine Capital LP,False,10.78,-0.06,11.51,2026-08-17T00:00:00,258622109,DoubleLine Income Solutions Fund,2026-08-17,XDSLX,Fixed Income - Taxable-Global Income,23.5,1235.076,,Monthly,0.47242,0.11,25.0,7.5984,,,2.98,,1723.713,True,False,False,False,False,False,,9.51,6.98,1.17,0.47000000000000003,2.52,1.47,,,-1.3900000000000001,5556860,,,92.0647,,,,11.337,-4.18533,-1.05,-0.68,-0.9500000000000001,2026-08-17T00:00:00,2013-04-26T00:00:00,4/26/2013,1366934400,2026-07-15T00:00:00
115,DBL,-0.0287,9.02873,9.29577,0.11,3.76,17,Morningstar US CEF Multi-Sector,36,DoubleLine,False,14.2,0.01,14.62,2026-08-17T00:00:00,258623107,Doubleline Opportunistic Cred,2026-08-17,XDBLX,Fixed Income - Taxable-Multi-Sector,7.96,280.761,,Monthly,0.46533,0.11,25.0,6.3207,,,2.02,,314.066,True,False,False,False,False,False,,9.24,8.32,2.51,1.6600000000000001,1.63,-2.95,,,0.6,647490,,,84.4462,,,,14.88645,-0.7560100000000001,-1.24,-0.39,-0.62,2026-08-17T00:00:00,2012-01-26T00:00:00,1/26/2012,1327536000,2026-07-15T00:00:00
116,DLY,-0.0672,9.23138,9.89682,0.1167,4.19,17,Morningstar US CEF Multi-Sector,37,DoubleLine Capital LP,True,14.15,-0.09,15.17,2026-08-17T00:00:00,25862D105,DoubleLine Yield Opportunities Fund,2026-08-17,XDLYX,Fixed Income - Taxable-Multi-Sector,15.98,686.832,,Monthly,0.62071,0.1167,20.0,7.4846,,,2.89,,876.342,True,False,False,False,True,False,,8.71,8.89,2.7199999999999998,2.26,1.76,2.38,,,0.59,2055110,,,95.3595,,,,14.48939,-6.37343,-0.21,1.07,0.5,2026-08-17T00:00:00,2020-02-25T00:00:00,2/25/2020,1582588800,2026-07-15T00:00:00
117,DTF,-0.0359,3.25815,3.37955,0.0325,2.16,21,Morningstar US CEF Municipal,38,Duff &amp; Phelps,False,11.54,0.03,11.97,2026-08-17T00:00:00,23334J107,DTF Tax-Free Income 2028 Term,2026-08-17,XDTFX,Fixed Income - Municipal-Municipal,32.16,81.121,,Monthly,0.13742000000000001,0.0325,15.0,4.9315,,,1.08,,84.144,True,True,True,False,False,False,,2.08,4.69,-2.69,-1.63,0.64,2.0,,,5.27,75510,,,104.7125,,8.11,2.2,11.41617,-5.62814,2.2,1.88,2.1,2026-08-17T00:00:00,1991-11-29T00:00:00,11/29/1991,691372800,2026-08-17T00:00:00
118,DPG,-0.08929999999999999,5.54187,6.08519,0.075,24.39,8,Morningstar US CEF Sector Equity,39,Duff &amp; Phelps Inv Mgmt Co (IL),True,14.79,0.04,16.24,2026-08-17T00:00:00,26433C105,Duff & Phelps Utility and Infra Fund Inc,2026-08-17,XDPGX,Equity-Sector Equity,21.47,532.397,,Monthly,0.045200000000000004,0.075,20.0,,,,3.34,,744.402,True,True,True,False,True,False,,19.98,21.78,12.33,9.6,17.54,17.89,,,24.15,729410,,,,,,,13.76848,-10.528880000000001,1.42,1.9500000000000002,2.36,2026-08-17T00:00:00,2011-07-29T00:00:00,7/29/2011,1311897600,2026-07-31T00:00:00
119,KTF,-0.005600000000000001,8.14238,8.18792,0.061,9.73,21,Morningstar US CEF Municipal,41,"DWS Investment Management Americas, Inc.",False,8.94,-0.05,8.99,2026-08-17T00:00:00,233368109,DWS Municipal Income,2026-08-17,XKTFX,Fixed Income - Municipal-Municipal,36.79,350.302,,Monthly,0.19611,0.061,12.0,4.8872,,15.48,3.14,,557.262,True,False,True,False,False,False,,2.74,7.74,-1.83,-0.89,0.8200000000000001,1.83,,,11.99,1333600,,,98.2903,,14.69,9.95,9.1002,-1.7422900000000001,1.27,0.5700000000000001,0.81,2026-08-17T00:00:00,1988-10-20T00:00:00,10/20/1988,593308800,2026-07-22T00:00:00
120,GRF,-0.166,6.88259,8.25243,0.85,9.26,10,Morningstar US CEF US Equity,98,Sims Capital Management LLC,False,10.3,-0.15,12.35,2026-08-14T00:00:00,269451100,Eagle Capital Growth,2026-08-17,XGRFX,Equity-U.S. Equity,,40.869,,Annually,0.04519,0.85,10.0,,,,1.28,,49.003,False,False,False,False,False,False,,9.79,10.75,8.04,9.55,3.85,-5.79,,,9.62,29340,,,,,,,10.45577,-13.21336,-0.9500000000000001,-0.2,-0.74,2026-08-17T00:00:00,1990-07-02T00:00:00,7/2/1990,646876800,2025-11-21T00:00:00
121,ECC,-0.12269999999999999,16.66667,18.99736,0.06,-26.06,19,Morningstar US CEF Senior Loans,42,Eagle Point Credit Management,False,3.79,-0.05,4.38,2026-07-31T00:00:00,269808101,Eagle Point Credit Company LLC,2026-08-17,XECCX,Fixed Income - Taxable-Senior Loans,40.69,499.56,,Monthly,0.61938,0.06,20.0,,,,9.21,,960.026,True,False,False,False,False,False,,-2.03,-9.83,-0.41000000000000003,-3.34,-12.38,-22.04,,,-27.07,14756760,,,,,,,5.03379,-8.50059,-0.47000000000000003,0.51,0.13,2026-08-17T00:00:00,2014-10-08T00:00:00,10/8/2014,1412726400,2026-08-11T00:00:00
122,EIC,-0.1822,10.78431,13.18681,0.11,-4.54,14,Morningstar US CEF High Yield,43,Eagle Point Income Management LLC,False,10.01,0.05,12.35,2026-07-31T00:00:00,269817102,Eagle Point Income Co Inc,2026-08-17,XEICX,Fixed Income - Taxable-High Yield,12.11,230.668,,Monthly,,0.11,19.89,10.1647,,,6.36,,320.914,True,False,False,False,False,False,,11.99,5.03,6.41,3.33,-1.4100000000000001,-5.78,,,-12.73,1519920,,,87.475,,,,11.04082,-15.87186,-0.43,-0.11,0.26,2026-08-17T00:00:00,2019-07-23T00:00:00,7/23/2019,1563840000,2026-08-11T00:00:00
123,CEV,-0.023,5.51471,5.6444,0.049999999999999996,10.24,22,Morningstar US CEF Municipal-CA,45,Eaton Vance Management,False,10.63,0.15,10.88,2026-08-17T00:00:00,27826F101,Eaton Vance CA Muni Inc,2026-08-17,XCEVX,Fixed Income - Municipal-Municipal - CA,32.99,74.767,0.02,Monthly,0.23213,0.049999999999999996,15.0,6.8647,,,2.48,,114.192,True,True,True,False,False,False,,2.6,5.21,-1.6800000000000002,-1.48,1.16,3.5300000000000002,,,12.75,290780,3.0,,101.3992,,,9.77,10.24046,-7.3763,3.07,3.32,3.18,2026-08-17T00:00:00,1999-01-29T00:00:00,1/29/1999,917568000,2026-08-13T00:00:00
124,EOI,-0.0662,7.43333,7.96034,0.1338,9.22,3,Morningstar US CEF Covered Call,45,Eaton Vance Management,True,20.17,0.07,21.6,2026-08-17T00:00:00,278274105,Eaton Vance Enhanced Equity Income,2026-08-17,XEOIX,Equity-Covered-Call Funds,,827.005,,Monthly,-0.04159,0.1338,20.0,,,,1.1,,885.638,False,True,False,False,True,False,,16.51,14.47,10.75,9.71,4.48,0.75,,,2.05,799300,,,,,,,20.16283,-3.56421,-1.05,0.23,-0.66,2026-08-17T00:00:00,2004-10-26T00:00:00,10/26/2004,1098748800,2026-08-14T00:00:00
125,EOS,-0.0958,7.5148,8.31105,0.1523,5.53,3,Morningstar US CEF Covered Call,44,Eaton Vance,True,21.99,0.03,24.32,2026-08-17T00:00:00,278277108,Eaton Vance Enhanced Equity Income II,2026-08-17,XEOSX,Equity-Covered-Call Funds,,1172.419,,Monthly,-0.07293,0.1523,20.0,,,,1.09,,1296.645,False,False,False,False,True,False,,15.86,13.76,8.35,6.41,1.02,-4.66,,,-4.54,1163550,,,,,,,22.53888,-6.61389,-1.04,-0.51,-0.8300000000000001,2026-08-17T00:00:00,2005-01-26T00:00:00,1/26/2005,1106697600,2026-08-14T00:00:00
126,EFT,-0.0929,6.82845,7.52768,0.06799999999999999,1.03,19,Morningstar US CEF Senior Loans,45,Eaton Vance Management,False,10.84,-0.05,11.95,2026-08-17T00:00:00,278279104,Eaton Vance Floating-Rate Income,2026-08-17,XEFTX,Fixed Income - Taxable-Senior Loans,31.64,288.106,,Monthly,0.42226,0.06799999999999999,20.0,6.7698,,,4.45,,464.608,True,False,False,False,False,False,,6.3,5.79,4.94,3.06,-0.13,-2.05,,,-6.55,1090480,,,,,,,11.19047,-9.09253,-0.11,1.78,1.12,2026-08-17T00:00:00,2004-06-29T00:00:00,6/29/2004,1088467200,2026-08-14T00:00:00
127,EVV,-0.0852,8.36874,9.14786,0.0696,3.46,16,Morningstar US CEF Limited Duration,44,Eaton Vance,False,9.13,-0.02,9.98,2026-08-17T00:00:00,27828H105,Eaton Vance Limited Duration Income,2026-08-17,XEVVX,Fixed Income - Taxable-Limited Duration,40.86,1060.938,,Monthly,0.31291,0.0696,20.0,6.6631,,0.0,4.04,,1960.862,True,False,False,False,False,False,,7.38,8.15,3.22,2.33,-0.09,-3.22,,,-1.51,3210170,,,97.9783,,,,9.71655,-6.01582,-1.3,-0.47000000000000003,-0.77,2026-08-17T00:00:00,2003-05-30T00:00:00,5/30/2003,1054252800,2026-08-13T00:00:00
128,EIM,-0.0696,5.88986,6.33022,0.0508,7.58,21,Morningstar US CEF Municipal,45,Eaton Vance Management,False,9.63,-0.1,10.35,2026-08-17T00:00:00,27827X101,Eaton Vance Municipal Bond,2026-08-17,XEIMX,Fixed Income - Municipal-Municipal,30.73,494.718,0.030000000000000002,Monthly,0.24144000000000002,0.0508,15.0,6.6154,,,2.88,,767.552,True,False,True,False,False,False,,2.0,4.35,-1.6600000000000001,-2.18,0.6900000000000001,1.85,,,6.14,1560970,7.0,,104.6316,,,8.07,9.8519,-6.96375,0.01,0.2,-0.07,2026-08-17T00:00:00,2002-08-30T00:00:00,8/30/2002,1030665600,2026-08-14T00:00:00
129,EVN,0.0161,5.81303,5.72119,0.0513,8.54,21,Morningstar US CEF Municipal,44,Eaton Vance,False,10.76,-0.14,10.59,2026-08-17T00:00:00,27826U108,Eaton Vance Municipal Income,2026-08-17,XEVNX,Fixed Income - Municipal-Municipal,34.04,429.57,0.045,Monthly,0.26558,0.0513,15.0,7.2679,,,2.46,,640.936,True,False,True,False,False,False,,3.29,7.19,-1.38,-1.16,1.56,-0.36,,,5.38,775980,7.0,,102.7977,,,7.67,10.817450000000001,0.46969000000000005,0.66,0.59,0.98,2026-08-17T00:00:00,1999-01-29T00:00:00,1/29/1999,917568000,2026-08-13T00:00:00
130,EOT,-0.0241,4.58646,4.69954,0.0683,8.21,21,Morningstar US CEF Municipal,45,Eaton Vance Management,False,17.44,0.04,17.87,2026-08-17T00:00:00,27829L105,Eaton Vance National Municipal Opprs Tr,2026-08-17,XEOTX,Fixed Income - Municipal-Municipal,12.61,272.499,0.099,Monthly,0.41933000000000004,0.0683,20.0,5.6835,,,1.25,,319.515,True,True,True,False,False,False,,3.77,4.59,-0.36,-1.32,1.48,5.1,,,13.17,372840,20.0,,98.0285,,,9.17,17.03863,-5.71562,1.8,1.6,1.6099999999999999,2026-08-17T00:00:00,2009-05-27T00:00:00,5/27/2009,1243382400,2026-08-14T00:00:00
131,ETJ,-0.09119999999999999,8.38197,9.22314,0.06509999999999999,2.55,3,Morningstar US CEF Covered Call,45,Eaton Vance Management,True,8.47,0.02,9.32,2026-08-17T00:00:00,27829G106,Eaton Vance Risk-Mgd Divers Eq Inc,2026-08-17,XETJX,Equity-Covered-Call Funds,,570.046,,Monthly,-0.01834,0.06509999999999999,20.0,,,,1.12,,627.253,False,False,False,False,True,False,,10.88,9.95,6.35,2.98,-0.32,0.8200000000000001,,,2.83,1342510,,,,,,,8.63711,-8.76647,-0.41000000000000003,-0.38,-0.25,2026-08-17T00:00:00,2007-07-31T00:00:00,7/31/2007,1185840000,2026-08-14T00:00:00
132,EFR,-0.09820000000000001,7.11262,7.88732,0.06999999999999999,1.78,19,Morningstar US CEF Senior Loans,45,Eaton Vance Management,False,10.65,-0.08,11.81,2026-08-17T00:00:00,27828Q105,Eaton Vance Senior Floating Rate,2026-08-17,XEFRX,Fixed Income - Taxable-Senior Loans,31.17,314.427,,Monthly,0.42058,0.06999999999999999,20.0,6.7598,,4.83,3.26,,506.579,True,False,False,False,False,False,,6.35,5.06,5.05,3.66,0.48,-0.63,,,-3.65,1442250,,,,,,,10.92663,-9.70163,-0.07,1.33,1.35,2026-08-17T00:00:00,2003-11-24T00:00:00,11/24/2003,1069632000,2026-08-14T00:00:00
133,EVF,-0.1121,6.83274,7.69539,0.032,1.97,19,Morningstar US CEF Senior Loans,45,Eaton Vance Management,False,4.99,0.0,5.62,2026-08-17T00:00:00,27826S103,Eaton Vance Senior Income,2026-08-17,XEVFX,Fixed Income - Taxable-Senior Loans,36.07,90.67,,Monthly,0.22784000000000001,0.032,10.0,6.8671,,,2.89,,159.734,True,False,False,False,False,False,,6.53,6.21,4.95,3.44,0.64,-1.04,,,-3.7800000000000002,802120,,,,,,,5.19623,-9.79359,-0.71,1.67,0.38,2026-08-17T00:00:00,1998-10-30T00:00:00,10/30/1998,909705600,2026-08-13T00:00:00
134,EVG,-0.034300000000000004,7.92065,8.20168,0.0732,6.59,16,Morningstar US CEF Limited Duration,45,Eaton Vance Management,True,10.71,0.0,11.09,2026-08-17T00:00:00,27828V104,Eaton Vance Short Duration Divers Inc,2026-08-17,XEVGX,Fixed Income - Taxable-Limited Duration,12.34,144.123,,Monthly,0.30311,0.0732,20.0,5.7273,,,2.77,,170.237,True,False,False,False,True,False,,9.52,10.48,4.99,4.52,2.15,0.97,,,3.01,372290,,,97.5071,,,,10.90794,-3.37201,-0.04,1.13,1.22,2026-08-17T00:00:00,2005-02-28T00:00:00,2/28/2005,1109548800,2026-08-14T00:00:00
135,ETG,-0.09300000000000001,5.79604,6.39044,0.1293,28.98,5,Morningstar US CEF Global Equity,45,Eaton Vance Management,False,24.28,-0.15,26.77,2026-08-17T00:00:00,27828S101,Eaton Vance Tax Adv Global Dividend Inc,2026-08-17,XETGX,Equity-Global Equity,15.33,1853.096,,Monthly,0.39383,0.1293,20.0,7.0383,,,2.2800000000000002,,2413.137,True,True,False,False,False,False,,18.73,19.66,10.8,10.91,13.43,6.38,,,22.16,1104470,,,,,3.76,,22.27222,-7.20188,-0.96,0.54,-0.12,2026-08-17T00:00:00,2004-01-30T00:00:00,1/30/2004,1075420800,2026-08-14T00:00:00
136,EVT,-0.057699999999999994,6.32671,6.7138,0.1646,25.74,26,Morningstar US CEF US Allocation,45,Eaton Vance Management,True,29.42,0.01,31.22,2026-08-17T00:00:00,27828G107,Eaton Vance Tax Advantaged Dividend Inc,2026-08-17,,Hybrid-U.S. Allocation,16.11,2193.049,,Monthly,0.12479,0.1646,20.0,7.0577,,,2.27,,2774.226,True,True,True,False,True,False,,15.39,15.03,9.68,8.76,16.62,16.8,,,27.03,1022980,,,,,4.98,,25.60019,-8.54547,2.77,2.25,2.48,2026-08-17T00:00:00,2003-09-30T00:00:00,9/30/2003,1064880000,2026-08-14T00:00:00
137,ETO,-0.09820000000000001,5.87126,6.51096,0.17329999999999998,26.77,25,Morningstar US CEF Global Allocation,45,Eaton Vance Management,True,31.94,-0.16,35.42,2026-08-17T00:00:00,27828U106,Eaton Vance Tax-Advantaged Glbl Div Opp,2026-08-17,XETOX,Hybrid-Global Allocation,15.07,523.437,,Monthly,0.64905,0.17329999999999998,20.0,7.1114,,,2.26,,683.468,True,True,False,False,True,False,,17.82,18.07,9.92,8.9,12.25,6.07,,,21.19,319440,,,,,3.63,,29.19932,-8.87192,-0.75,0.75,-0.01,2026-08-17T00:00:00,2004-04-30T00:00:00,4/30/2004,1083283200,2026-08-14T00:00:00
138,ETB,-0.08779999999999999,7.42891,8.14368,0.10579999999999999,18.28,3,Morningstar US CEF Covered Call,45,Eaton Vance Management,True,15.59,0.09,17.09,2026-08-17T00:00:00,27828X100,Eaton Vance Tax-Managed Buy-Write Income,2026-08-17,XETBX,Equity-Covered-Call Funds,,457.952,,Monthly,0.01037,0.10579999999999999,20.0,,,,1.12,,502.014,False,True,False,False,True,False,,14.57,13.31,10.0,7.55,8.43,6.28,,,15.87,525340,,,,,,,15.1967,-7.16085,-1.6600000000000001,-0.81,-1.13,2026-08-17T00:00:00,2005-04-27T00:00:00,4/27/2005,1114560000,2026-08-14T00:00:00
139,ETV,-0.0633,7.39206,7.89139,0.0993,15.77,3,Morningstar US CEF Covered Call,45,Eaton Vance Management,True,15.1,0.06,16.12,2026-08-17T00:00:00,27828Y108,Eaton Vance Tax-Managed Buy-Write Opp,2026-08-17,XETVX,Equity-Covered-Call Funds,,1762.994,,Monthly,0.00105,0.0993,20.0,,,,1.08,,1882.084,False,True,True,False,True,False,,14.55,12.82,8.89,6.75,5.05,7.06,,,15.47,1792640,,,,,,,14.43611,-7.15342,0.81,0.05,0.5700000000000001,2026-08-17T00:00:00,2005-06-27T00:00:00,6/27/2005,1119830400,2026-08-14T00:00:00
140,ETY,-0.0892,7.42145,8.14784,0.0992,10.21,3,Morningstar US CEF Covered Call,45,Eaton Vance Management,True,14.61,-0.01,16.04,2026-08-17T00:00:00,27828N102,Eaton Vance Tax-Managed Divrs Equity Inc,2026-08-17,XETYX,Equity-Covered-Call Funds,,2327.09,,Monthly,-0.02538,0.0992,20.0,,,,1.06,,2554.861,False,False,False,False,True,False,,16.46,13.8,11.11,8.78,5.11,-1.5899999999999999,,,-0.64,2278760,,,,,,,15.00592,-3.24439,-1.65,-1.3900000000000001,-1.62,2026-08-17T00:00:00,2006-11-27T00:00:00,11/27/2006,1164585600,2026-08-14T00:00:00
141,EXG,-0.0775,7.27306,7.884,0.0657,24.9,3,Morningstar US CEF Covered Call,45,Eaton Vance Management,True,10.0,0.02,10.84,2026-08-17T00:00:00,27829F108,Eaton Vance Tax-Mgd Glb Divrs Equity Inc,2026-08-17,XEXGX,Equity-Covered-Call Funds,,3059.36,,Monthly,0.03165,0.0657,20.0,,,,1.07,,3316.347,False,True,False,False,True,False,,15.26,16.59,9.33,8.45,11.2,7.73,,,21.67,4556420,,,,,,,9.33556,-6.71189,-0.8200000000000001,0.59,-0.06,2026-08-17T00:00:00,2007-02-23T00:00:00,2/23/2007,1172188800,2026-08-14T00:00:00
142,ETW,-0.0989,7.2967,8.09756,0.0664,21.94,3,Morningstar US CEF Covered Call,44,Eaton Vance,True,9.84,0.05,10.92,2026-08-17T00:00:00,27829C105,Eaton Vance Tx-Mgd Glbl Buy-Write Opp,2026-08-17,XETWX,Equity-Covered-Call Funds,,1068.602,,Monthly,0.01102,0.0664,20.0,,,,1.1,,1185.888,False,True,True,False,True,False,,14.12,14.5,8.19,6.17,9.05,8.4,,,19.59,3139090,,,,,,,9.2351,-10.01417,0.14,1.71,0.79,2026-08-17T00:00:00,2005-09-28T00:00:00,9/28/2005,1127865600,2026-08-14T00:00:00
143,EARN,0.0756,23.41463,21.76871,0.08,-17.94,19,Morningstar US CEF Senior Loans,46,Ellington Credit Co Management LLC,True,4.41,-0.17,4.18,2026-06-30T00:00:00,288578107,Ellington Credit Company,2026-08-17,EARN,Fixed Income - Taxable-Senior Loans,,168.335,,Monthly,,0.08,5.5,,,,8.65,,156.502,False,False,True,False,True,False,,,-8.49,,-12.9,-10.89,-7.08,,,-9.81,3946980,,,,,,,5.0008,-3.44454,0.9400000000000001,-0.56,0.42,2026-08-17T00:00:00,2025-04-01T00:00:00,4/1/2025,1743465600,2026-07-31T00:00:00
144,ECF,-0.1253,5.92593,6.77444,0.22,23.15,11,Morningstar US CEF Convertibles,60,Gabelli Funds LLC,False,12.99,0.01,14.85,2026-08-17T00:00:00,289074106,Ellsworth Growth and Income Fund,2026-08-17,XECFX,Fixed Income - Taxable-Convertibles,13.0,177.416,,Quarterly,0.01674,0.22,10.0,2.3543,,,1.22,,233.125,True,True,False,False,False,False,,18.15,19.14,5.15,4.07,12.48,7.9,,,24.87,318700,,,,,52.2,,12.11013,-10.73461,-1.1,-0.81,-0.96,2026-08-17T00:00:00,1986-06-20T00:00:00,6/20/1986,519609600,2026-06-15T00:00:00
145,EEA,-0.1508,3.33182,3.92328,0.21989999999999998,16.97,5,Morningstar US CEF Global Equity,40,DWS,False,11.21,-0.04,13.2,2026-08-17T00:00:00,298768102,European Equity Fund,2026-08-17,XEEAX,Equity-Global Equity,0.32,75.395,,Semi-Annually,0.00941,0.21989999999999998,10.0,,,,1.42,,88.78,True,True,False,False,False,False,,11.39,12.43,6.04,7.15,9.95,9.21,,,19.6,294610,,,,,,,10.69713,-13.91132,-0.74,0.37,0.06,2026-08-17T00:00:00,1986-07-23T00:00:00,7/23/1986,522460800,2026-05-26T00:00:00
146,ETX,0.0116,5.19027,5.13067,0.07819999999999999,3.12,21,Morningstar US CEF Municipal,45,Eaton Vance Management,False,18.29,0.0,18.08,2026-08-17T00:00:00,27829U105,EV Municipal Income 2028 Term Trust,2026-08-17,XETTX,Fixed Income - Municipal-Municipal,3.27,199.289,0.17300000000000001,Monthly,0.34061,0.07819999999999999,20.0,4.4384,,,0.89,,203.671,True,False,False,False,False,True,,3.52,6.11,0.76,-0.33,1.13,0.2,,,5.11,178020,2.0,,101.174,,,2.12,18.87048,2.56617,-1.1,-0.99,-1.0,2026-08-17T00:00:00,2013-03-26T00:00:00,3/26/2013,1364256000,2026-08-14T00:00:00
147,FMN,-0.0851,4.41899,4.83005,0.045,8.67,21,Morningstar US CEF Municipal,47,Federated Advisers,False,11.18,-0.01,12.22,2026-08-17T00:00:00,31423P108,Federated Premier Municipal Income,2026-08-17,XFMNX,Fixed Income - Municipal-Municipal,37.51,87.413,,Monthly,0.27121,0.045,15.0,5.0469,,,3.7,,152.895,True,True,True,False,False,False,,3.38,5.91,-1.51,-2.55,0.35000000000000003,2.77,,,10.56,269760,15.72,,103.46340000000001,,14.59,8.69,11.1244,-10.24411,2.04,1.48,1.51,2026-08-17T00:00:00,2002-12-20T00:00:00,12/20/2002,1040342400,2026-07-23T00:00:00
148,FFA,-0.08689999999999999,6.01241,6.5845400000000005,0.38749999999999996,22.4,3,Morningstar US CEF Covered Call,49,First Trust Advisors L.P.,True,23.54,-0.07,25.78,2026-08-17T00:00:00,337318109,First Trust Enhanced Equity Income,2026-08-17,XFFAX,Equity-Covered-Call Funds,,470.52,,Quarterly,0.03341,0.38749999999999996,20.0,,,,1.12,,515.293,False,True,True,False,True,False,,17.96,15.03,11.34,9.37,9.69,6.13,,,16.11,262330,,,,,,,21.86992,-8.70713,0.01,2.47,1.51,2026-08-17T00:00:00,2004-08-26T00:00:00,8/26/2004,1093478400,2026-06-22T00:00:00
149,FTHY,-0.0352,10.78361,11.17735,0.125,2.64,14,Morningstar US CEF High Yield,49,First Trust Advisors L.P.,True,13.42,-0.05,13.91,2026-08-17T00:00:00,33741Q107,FIRST TRUST HY OPPORTUNITIES 2027 Term,2026-08-17,XFTHYX,Fixed Income - Taxable-High Yield,26.35,493.494,,Monthly,0.42555,0.125,20.0,6.43,,,3.5,,694.512,True,False,True,False,True,True,,6.53,10.37,1.55,2.62,-0.84,3.22,,,3.75,1018590,,,98.6569,,,,13.90753,-4.22874,0.67,-0.1,0.56,2026-08-17T00:00:00,2020-06-25T00:00:00,6/25/2020,1593043200,2026-08-03T00:00:00
150,FPF,-0.04650000000000001,8.8141,9.2437,0.13749999999999998,5.68,18,Morningstar US CEF Preferreds,49,First Trust Advisors L.P.,False,17.85,-0.01,18.72,2026-08-17T00:00:00,33718W103,First Trust Inter Dur Pref & Income Fund,2026-08-17,XFPFX,Fixed Income - Taxable-Preferreds,36.44,1086.134,,Monthly,0.64279,0.13749999999999998,25.0,7.3995,,,4.2,,1792.013,True,False,True,False,False,False,,10.91,13.58,2.22,0.7000000000000001,-0.2,-1.08,,,1.92,1198920,,,101.3111,,5.93,,18.5092,-5.10607,0.33,1.73,1.05,2026-08-17T00:00:00,2013-05-23T00:00:00,5/23/2013,1369267200,2026-08-03T00:00:00
151,FMY,-0.057999999999999996,6.28019,6.66667,0.065,4.38,15,Morningstar US CEF Investment Grade,49,First Trust Advisors L.P.,False,11.7,0.01,12.42,2026-08-17T00:00:00,33734E103,First Trust Mortgage Income,2026-08-17,XFMYX,Fixed Income - Taxable-Investment Grade,7.11,49.293,,Monthly,0.16028,0.065,20.0,5.027,,,1.4,,52.327,True,False,True,False,False,False,,7.43,7.99,3.62,3.04,0.3,-1.11,,,1.19,63020,,,90.346,,,,11.94462,-6.1073,0.26,1.62,0.87,2026-08-17T00:00:00,2005-05-25T00:00:00,5/25/2005,1116979200,2026-08-03T00:00:00
152,DFP,-0.0638,6.978,7.45324,0.1314,5.73,18,Morningstar US CEF Preferreds,51,Flaherty &amp; Crumrine Inc,False,20.85,-0.03,22.27,2026-08-17T00:00:00,33848W106,Flah & Crum Dynamic Pref & Income Fund,2026-08-17,XDFPX,Fixed Income - Taxable-Preferreds,37.66,428.22,,Monthly,0.77839,0.1314,25.0,7.3869,,,4.3,,733.684,True,False,True,False,False,False,,10.69,12.1,2.64,0.32,1.27,4.35,,,7.8100000000000005,551320,,,102.9091,,7.14,,21.04451,-7.19899,0.58,1.34,0.98,2026-08-17T00:00:00,2013-05-24T00:00:00,5/24/2013,1369353600,2026-07-24T00:00:00
153,FFC,-0.058100000000000006,7.14286,7.58323,0.1046,6.09,18,Morningstar US CEF Preferreds,51,Flaherty &amp; Crumrine Inc,False,16.22,0.0,17.22,2026-08-17T00:00:00,338478100,Flah&Crum Preferred Securities,2026-08-17,XFFCX,Fixed Income - Taxable-Preferreds,37.7,781.445,,Monthly,0.624,0.1046,25.0,7.3168,,,4.1,,1331.623,True,False,True,False,False,False,,11.02,13.4,2.58,0.18,1.44,2.1,,,6.45,1070950,,,102.3775,,7.28,,16.33224,-6.85917,0.79,1.38,1.53,2026-08-17T00:00:00,2003-01-31T00:00:00,1/31/2003,1043971200,2026-07-24T00:00:00
154,FLC,-0.0904,6.80238,7.47857,0.10669999999999999,5.71,18,Morningstar US CEF Preferreds,51,Flaherty &amp; Crumrine Inc,False,16.8,-0.01,18.47,2026-08-17T00:00:00,338479108,Flah&Crum Total Return Fund,2026-08-17,XFLCX,Fixed Income - Taxable-Preferreds,38.02,175.675,,Monthly,0.629,0.10669999999999999,25.0,7.4035,,,4.5600000000000005,,311.637,True,False,False,False,False,False,,10.61,12.43,2.33,-0.07,1.17,-0.53,,,4.93,224360,,,103.068,,7.57,,17.26351,-8.2821,-0.62,1.43,0.05,2026-08-17T00:00:00,2003-08-29T00:00:00,8/29/2003,1062115200,2026-07-24T00:00:00
155,PFD,-0.0825,6.68391,7.28458,0.0703,5.5600000000000005,18,Morningstar US CEF Preferreds,50,Flaherty &amp; Crumrine,False,11.35,0.01,12.37,2026-08-17T00:00:00,338480106,Flaherty & Crumrine Preferred Income,2026-08-17,XPFDX,Fixed Income - Taxable-Preferreds,36.43,145.877,,Monthly,0.41405000000000003,0.0703,15.0,7.2969,,,4.31,,250.086,True,False,False,False,False,False,,10.34,11.17,2.44,-1.01,1.33,-0.62,,,6.95,273410,,,103.0638,,7.33,,11.65694,-7.39503,-0.76,-0.51,-0.26,2026-08-17T00:00:00,1991-01-31T00:00:00,1/31/1991,665280000,2026-07-24T00:00:00
156,PFO,-0.09910000000000001,6.61249,7.33993,0.0567,5.65,18,Morningstar US CEF Preferreds,51,Flaherty &amp; Crumrine Inc,False,9.09,-0.05,10.09,2026-08-17T00:00:00,33848E106,Flaherty & Crumrine Preferred Income Opp,2026-08-17,XPFOX,Fixed Income - Taxable-Preferreds,37.92,118.873,,Monthly,0.34372,0.0567,12.5,7.4124,,,4.62,,212.55,True,False,False,False,False,False,,10.45,12.17,2.32,0.13,1.33,0.8300000000000001,,,5.98,338720,,,102.9109,,7.54,,9.38255,-8.60948,-0.9400000000000001,0.01,-0.39,2026-08-17T00:00:00,1992-02-13T00:00:00,2/13/1992,697939200,2026-07-24T00:00:00
157,FXBY,-0.3909,0.33696,0.55319,0.13,30.13,10,Morningstar US CEF US Equity,73,Midas Management Corporation,False,23.5,0.0,38.58,2026-08-17T00:00:00,351645205,FOXBY CORP,2026-08-17,,Equity-U.S. Equity,13.24,12.26,,Annually,-0.20582,0.13,10.0,,,,2.98,,23.199,True,True,False,False,False,False,,22.59,26.16,14.31,15.54,14.94,-1.5899999999999999,,,33.4,2600,,,,,,,21.76748,-35.0502,-0.92,-0.45,-0.88,2026-08-17T00:00:00,1999-10-29T00:00:00,10/29/1999,941155200,2025-12-15T00:00:00
158,FTF,-0.0848,11.58556,12.65866,0.0615,3.65,16,Morningstar US CEF Limited Duration,53,"Franklin Advisers, Inc.",True,5.83,-0.01,6.37,2026-08-17T00:00:00,35472T101,Franklin Limited Duration Income Trust,2026-08-17,XFTFX,Fixed Income - Taxable-Limited Duration,28.76,235.563,,Monthly,0.28578,0.0615,15.0,6.726,,,3.66,,361.272,True,False,False,False,True,False,,6.85,8.89,3.38,2.59,1.72,-0.18,,,0.76,1909720,,,99.3848,,5.86,,6.05215,-7.8479600000000005,-0.46,0.84,0.22,2026-08-17T00:00:00,2003-08-27T00:00:00,8/27/2003,1061942400,2026-07-24T00:00:00
159,PMM,-0.038,6.01824,6.25592,0.033,9.28,21,Morningstar US CEF Municipal,53,"Franklin Advisers, Inc.",False,6.33,0.01,6.58,2026-08-17T00:00:00,746823103,Franklin Managed Municipal Income,2026-08-17,XPMMX,Fixed Income - Municipal-Municipal,29.52,271.135,,Monthly,0.15044,0.033,10.0,5.0401,,,1.06,,399.894,True,True,True,False,False,False,,4.86,6.27,-0.34,-1.25,1.17,2.73,,,13.12,1018020,,,96.8971,,12.95,9.22,6.20956,-6.86107,1.9,0.81,1.31,2026-08-17T00:00:00,1989-02-24T00:00:00,2/24/1989,604281600,2026-07-24T00:00:00
160,PIM,-0.0536,7.85714,8.30189,0.022,4.5600000000000005,15,Morningstar US CEF Investment Grade,53,"Franklin Advisers, Inc.",False,3.18,0.01,3.36,2026-08-17T00:00:00,746909100,Franklin Master Intermediate Income,2026-08-17,XPIMX,Fixed Income - Taxable-Investment Grade,36.79,153.226,,Monthly,0.07573,0.022,10.0,5.6374,,,1.02,,256.122,True,False,False,False,False,False,,7.07,7.12,3.22,2.24,1.29,-1.99,,,1.58,985540,,,92.4367,,,,3.27625,-4.57108,-0.45,1.34,0.38,2026-08-17T00:00:00,1988-04-29T00:00:00,4/29/1988,578275200,2026-07-24T00:00:00
161,PMO,-0.054900000000000004,5.61151,5.9372,0.052,8.54,21,Morningstar US CEF Municipal,53,"Franklin Advisers, Inc.",False,10.51,-0.08,11.12,2026-08-17T00:00:00,746922103,Franklin Municipal Opportunities,2026-08-17,XPMOX,Fixed Income - Municipal-Municipal,34.43,287.968,,Monthly,0.22914,0.052,15.0,4.9501,,,1.04,,464.646,True,True,True,False,False,False,,3.89,4.34,-0.54,-2.21,0.25,-1.6,,,9.84,657050,,,98.8969,,12.91,9.16,10.43054,-7.66142,2.14,1.79,2.03,2026-08-17T00:00:00,1993-05-28T00:00:00,5/28/1993,738547200,2026-07-24T00:00:00
162,PPT,-0.0599,8.50136,9.04348,0.026,4.36,13,Morningstar US CEF Global Income,53,"Franklin Advisers, Inc.",False,3.45,-0.01,3.67,2026-08-17T00:00:00,746853100,Franklin Premier Income,2026-08-17,XPPTX,Fixed Income - Taxable-Global Income,30.06,329.708,,Monthly,0.08203,0.026,10.0,5.6135,,,0.9400000000000001,,501.482,True,False,False,False,False,False,,6.97,6.51,2.52,2.18,1.13,0.88,,,1.13,1635270,,,92.4225,,,,3.55846,-5.44827,-0.39,1.8599999999999999,0.3,2026-08-17T00:00:00,1988-02-29T00:00:00,2/29/1988,573091200,2026-07-24T00:00:00
163,FT,-0.0975,5.84862,6.4803,0.042499999999999996,8.91,26,Morningstar US CEF US Allocation,53,"Franklin Advisers, Inc.",False,7.87,-0.02,8.72,2026-08-17T00:00:00,355145103,Franklin Universal Trust,2026-08-17,XFUTX,Hybrid-U.S. Allocation,21.49,197.788,,Monthly,0.1812,0.042499999999999996,10.0,7.2423,,,2.99,,279.15,True,False,False,False,False,False,,11.08,11.71,6.27,6.06,4.63,2.7199999999999998,,,7.91,435660,,,88.5569,,4.99,,8.03864,-7.96646,-1.62,-1.54,-1.51,2026-08-17T00:00:00,1988-09-23T00:00:00,9/23/1988,590976000,2026-07-24T00:00:00
164,FSCO,-0.2887,9.94142,13.97647,0.059399999999999994,8.26,17,Morningstar US CEF Multi-Sector,56,FS Global Advisor LLC,True,5.1,-0.01,7.17,2026-08-17T00:00:00,30290Y101,FS Credit Opportunities Corp.,2026-08-17,XFSCX,Fixed Income - Taxable-Multi-Sector,32.43,1011.615,,Monthly,0.31386000000000003,0.059399999999999994,,,,,7.0,,2104.763,True,False,False,False,True,False,,13.03,12.22,,,6.68,-14.78,,,-24.16,14682240,,,,,,,5.80138,-18.74409,-0.92,0.99,-0.01,2026-08-17T00:00:00,2022-11-14T00:00:00,11/14/2022,1668384000,2026-07-24T00:00:00
165,FSSL,-0.35869999999999996,9.96113,15.53247,0.1495,,19,Morningstar US CEF Senior Loans,57,FS Specialty Lending Advisor LLC,True,11.55,-0.02,18.01,2026-08-17T00:00:00,644323107,FS Specialty Lending Fund,2026-08-17,FSSL,Fixed Income - Taxable-Senior Loans,,876.85,,Monthly,,0.1495,14.12,,,,6.14,,1367.278,False,True,True,False,True,False,,,,,,3.96,-14.67,,,,0,,,92.6454,,,,,,,0.74,-0.41000000000000003,2026-08-17T00:00:00,2025-11-13T00:00:00,11/13/2025,1762992000,2026-07-24T00:00:00
166,VCX,5.903,,,,66.4,8,Morningstar US CEF Sector Equity,58,"Fundrise Advisors, LLC",False,41.0,0.0,18.97,2026-03-31T00:00:00,360852107,Fundrise Innovation Common Share,2026-08-17,XVCX,Equity-Sector Equity,,,,,,,,,,,0.0,,,False,True,True,False,False,False,,23.59,,,,,,,,,0,,,98.7494,,,,,,,,,2026-08-17T00:00:00,2022-07-25T00:00:00,7/25/2022,1658707200,
167,GCV,-0.0042,10.12658,10.16949,0.12,21.37,26,Morningstar US CEF US Allocation,59,Gabelli,True,4.72,-0.04,4.74,2026-08-17T00:00:00,36240B109,Gabelli Conv Inc Secs,2026-08-17,XGCVX,Hybrid-U.S. Allocation,5.98,95.096,,Quarterly,-0.0030600000000000002,0.12,11.25,2.2444,,,2.07,,101.574,True,True,True,False,True,False,,13.99,14.83,2.86,4.36,12.28,14.69,,,28.27,641000,,,,,,,4.38286,-1.41299,0.35000000000000003,0.18,-0.11,2026-08-17T00:00:00,1995-03-31T00:00:00,3/31/1995,796608000,2026-06-15T00:00:00
168,GDV,-0.10830000000000001,5.24017,5.87659,0.15,20.54,10,Morningstar US CEF US Equity,60,Gabelli Funds LLC,True,30.63,-0.13,34.35,2026-08-17T00:00:00,36242H104,Gabelli Dividend & Income,2026-08-17,XGDVX,Equity-U.S. Equity,13.79,2700.57,,Monthly,0.03689,0.15,20.0,,,,1.83,,3512.987,True,True,False,False,True,False,,15.31,18.02,8.51,9.07,12.35,11.13,,,20.25,1060780,,,,,0.19,,28.17726,-10.73942,-0.14,0.18,-0.25,2026-08-17T00:00:00,2003-11-28T00:00:00,11/28/2003,1069977600,2026-08-17T00:00:00
169,GAB,-0.0512,9.90099,10.43478,0.15,20.61,10,Morningstar US CEF US Equity,59,Gabelli,True,5.75,-0.05,6.06,2026-08-17T00:00:00,362397101,Gabelli Equity,2026-08-17,XGABX,Equity-U.S. Equity,14.35,1968.319,,Quarterly,-0.0032400000000000003,0.15,10.0,,,,1.6099999999999999,,2421.891,True,False,False,False,True,False,,15.15,11.79,9.3,7.84,12.34,-2.5700000000000003,,,8.75,7615120,,,,,0.37,0.31,5.8821,1.9213500000000001,-1.17,-0.5700000000000001,-0.72,2026-08-17T00:00:00,1986-08-21T00:00:00,8/21/1986,524966400,2026-06-15T00:00:00
170,GGZ,-0.10369999999999999,4.44444,4.95868,0.21,20.47,5,Morningstar US CEF Global Equity,59,Gabelli,False,16.94,0.24,18.9,2026-08-17T00:00:00,36249W104,Gabelli Global Small & Mid Cap Value Tru,2026-08-17,XGGZX,Equity-Global Equity,21.54,130.567,,Quarterly,-0.02634,0.21,12.0,,,,2.31,,185.674,True,True,True,False,False,False,,12.62,15.57,5.02,6.13,12.69,10.59,,,25.24,90380,,,,,0.24,0.18,15.27758,-11.58281,0.75,1.01,0.27,2026-08-17T00:00:00,2014-06-23T00:00:00,6/23/2014,1403481600,2026-06-15T00:00:00
171,GLU,-0.033,6.50567,6.72783,0.11,22.22,8,Morningstar US CEF Sector Equity,60,Gabelli Funds LLC,True,19.62,0.15,20.29,2026-08-17T00:00:00,36242L105,Gabelli Global Utility & Income,2026-08-17,XGLUX,Equity-Sector Equity,17.59,117.474,,Monthly,0.0712,0.11,20.0,,,,1.35,,147.41,True,True,False,False,True,False,,16.51,17.78,6.54,4.99,13.35,2.8200000000000003,,,17.04,96470,,,,,0.14,0.11,19.16378,-0.6889500000000001,-0.79,1.31,-0.23,2026-08-17T00:00:00,2004-05-25T00:00:00,5/25/2004,1085443200,2026-08-17T00:00:00
172,GRX,-0.1103,6.12061,6.87911,0.16999999999999998,15.05,8,Morningstar US CEF Sector Equity,59,Gabelli,False,9.885,-0.04,11.11,2026-08-17T00:00:00,36246K103,Gabelli Healthcare & Wellness Trust,2026-08-17,XXGRX,Equity-Sector Equity,29.72,148.776,,Quarterly,-0.0454,0.16999999999999998,8.0,,,,3.17,,237.933,True,True,False,False,False,False,,2.12,6.15,-1.25,0.18,6.51,4.88,,,13.1,295330,,,,,0.22,0.15,9.40115,-10.15717,-1.01,-0.99,-1.34,2026-08-17T00:00:00,2007-06-19T00:00:00,6/19/2007,1182211200,2026-06-15T00:00:00
173,GGT,0.1013,22.4,20.33898,0.08,25.63,8,Morningstar US CEF Sector Equity,59,Gabelli,False,4.13,-0.06,3.75,2026-08-17T00:00:00,36239Q109,Gabelli Multimedia,2026-08-17,XGGTX,Equity-Sector Equity,32.54,158.501,,Monthly,-0.01985,0.08,7.5,,,,2.13,,213.342,True,False,True,False,False,False,,17.95,4.79,1.46,-0.06,10.21,10.4,,,20.89,2469000,,,,,0.27,,4.16036,9.95434,0.07,-0.5,-0.19,2026-08-17T00:00:00,1994-11-15T00:00:00,11/15/1994,784857600,2026-08-17T00:00:00
174,GUT,1.0852,19.67213,9.43396,0.049999999999999996,17.69,8,Morningstar US CEF Sector Equity,59,Gabelli,False,6.36,-0.13,3.05,2026-08-17T00:00:00,36240A101,Gabelli Utility Trust,2026-08-17,XGUTX,Equity-Sector Equity,14.79,568.493,,Monthly,0.025500000000000002,0.049999999999999996,7.5,,,,1.52,,319.951,True,True,True,False,False,False,,14.81,9.17,8.51,6.32,11.88,11.76,,,16.96,2020050,,,,,0.19,0.17,6.14115,94.10022,1.5899999999999999,0.38,1.06,2026-08-17T00:00:00,1999-07-09T00:00:00,7/9/1999,931478400,2026-08-17T00:00:00
175,GGN,-0.0909,6.06061,6.66667,0.034999999999999996,28.89,8,Morningstar US CEF Sector Equity,59,Gabelli,True,5.4,0.08,5.9399999999999995,2026-08-17T00:00:00,36465A109,GAMCO Global Gold Natural Resources&Inc,2026-08-17,XGGNX,Equity-Sector Equity,7.67,843.614,,Monthly,0.03338,0.034999999999999996,20.0,6.2544,,,1.29,,1005.024,True,True,False,False,True,False,,19.59,18.17,15.73,13.96,1.6600000000000001,-1.17,,,18.39,6004490,,,,,0.58,0.53,5.14408,-6.10242,-0.9,-0.15,-0.61,2026-08-17T00:00:00,2005-03-29T00:00:00,3/29/2005,1112054400,2026-08-17T00:00:00
176,GNT,0.0184,8.26636,8.11725,0.06,25.12,3,Morningstar US CEF Covered Call,60,Gabelli Funds LLC,False,8.870000000000001,0.07,8.71,2026-08-17T00:00:00,36465E101,"GAMCO Natural Resources, Gold & Inc Tr",2026-08-17,XGNTX,Equity-Covered-Call Funds,16.93,143.569,,Monthly,0.01129,0.06,20.0,6.2672,,,1.9500000000000002,,169.704,True,True,True,False,False,False,,16.37,24.37,12.53,15.95,1.83,14.07,,,39.64,978820,,,,,0.89,0.74,7.87884,-4.85961,1.49,0.32,0.93,2026-08-17T00:00:00,2011-01-27T00:00:00,1/27/2011,1296086400,2026-08-17T00:00:00
177,GDL,-0.2175,4.46097,5.70071,0.12,6.29,26,Morningstar US CEF US Allocation,60,Gabelli Funds LLC,True,8.42,0.02,10.76,2026-08-17T00:00:00,361570104,GDL Fund,2026-08-17,XGDLX,Hybrid-U.S. Allocation,10.05,92.28,,Quarterly,-0.042820000000000004,0.12,20.0,,,,3.27,,131.095,True,False,False,False,True,False,,6.3,8.03,4.71,4.46,4.6,3.22,,,6.57,99500,,,,,0.19,0.17,8.46554,-20.53169,-1.49,-1.56,-1.44,2026-08-17T00:00:00,2007-01-25T00:00:00,1/25/2007,1169683200,2026-06-15T00:00:00
178,GAM,-0.1073,8.43771,9.45208,6.4,24.1,10,Morningstar US CEF US Equity,61,General American Investors Co Inc,False,67.71,-0.18,75.85,2026-08-17T00:00:00,368802104,General American Investors,2026-08-17,XGAMX,Equity-U.S. Equity,9.51,1613.672,,Annually,0.00036,6.4,10.0,,,,1.07,,1997.705,True,True,False,False,False,False,,20.84,25.65,14.06,16.72,11.87,10.68,,,26.49,248960,,,,,0.03,,61.85113,-10.655100000000001,-0.1,1.03,0.21,2026-08-17T00:00:00,1927-02-01T00:00:00,2/1/1927,-1354320000,2025-11-17T00:00:00
179,GUG,-0.0817,8.66261,9.45587,0.11875,6.82,25,Morningstar US CEF Global Allocation,62,Guggenheim Funds Investment Advisors LLC,False,15.07,-0.31,16.45,2026-08-14T00:00:00,40170T106,Guggenheim Active Allocation Fund,2026-08-17,XGUGX,Hybrid-Global Allocation,24.57,497.01,,Monthly,0.54925,0.11875,20.0,,,,3.19,,717.498,True,False,False,False,False,False,,9.08,13.0,,,2.07,6.19,,,10.22,789560,,,96.7884,,,,15.68511,-5.95752,-1.15,-2.31,-2.3,2026-08-17T00:00:00,2021-11-23T00:00:00,11/23/2021,1637625600,2026-08-14T00:00:00
180,GOF,-0.0029,21.15392,21.21553,0.18209999999999998,10.31,17,Morningstar US CEF Multi-Sector,62,Guggenheim Funds Investment Advisors LLC,False,10.3,-0.16,10.33,2026-08-17T00:00:00,40167F101,Guggenheim Strategic Opp Fund,2026-08-17,XGOFX,Fixed Income - Taxable-Multi-Sector,21.07,2301.512,,Monthly,0.39406,0.18209999999999998,20.0,5.8051,,,1.9700000000000002,,2924.492,True,False,False,False,False,False,,13.82,2.1,7.89,0.76,2.92,-8.46,,,-15.11,14585240,,,96.9181,,,,12.27303,10.19029,-1.09,-1.76,-1.5899999999999999,2026-08-17T00:00:00,2007-07-26T00:00:00,7/26/2007,1185408000,2026-08-14T00:00:00
181,GBAB,-0.005,10.78456,10.83879,0.12572999999999998,4.48,20,Morningstar US CEF Taxable Muni,62,Guggenheim Funds Investment Advisors LLC,False,13.92,-0.16,13.99,2026-08-17T00:00:00,401664107,Guggenheim Tax Muni & Inv Grade Debt Tr,2026-08-17,XGBAX,Fixed Income - Taxable-Taxable Muni,32.4,385.576,,Monthly,0.46633,0.12572999999999998,20.0,5.7866,,,2.83,,573.283,True,False,False,False,False,False,,6.35,3.68,-0.99,-2.37,-0.05,-1.79,,,1.23,866360,12.76,,96.3771,,5.22,,14.85178,0.25902000000000003,-0.38,1.57,0.35000000000000003,2026-08-17T00:00:00,2010-10-26T00:00:00,10/26/2010,1288051200,2026-08-14T00:00:00
182,HERZ,-0.1388,10.81081,12.55385,0.16999999999999998,-0.61,10,Morningstar US CEF US Equity,104,Thomas J Herzfeld Advisors Inc,False,16.25,-0.33,19.21,2026-06-30T00:00:00,42804T205,Herzfeld Credit Income Fund,2026-08-17,HERZ,Equity-U.S. Equity,,316.61,,Monthly,0.01776,0.16999999999999998,5.2,,,,3.5700000000000003,,367.657,False,False,False,False,False,False,,6.86,12.28,4.53,6.17,-7.88,-24.33,,,-5.18,106580,,,,,,,20.02543,-11.27314,-0.59,-0.31,-0.12,2026-08-17T00:00:00,1994-05-20T00:00:00,5/20/1994,769392000,2026-08-17T00:00:00
183,PCF,-0.1515,10.75734,12.6776,0.057999999999999996,-1.12,11,Morningstar US CEF Convertibles,22,Bulldog Investors LLP,False,5.49,-0.01,6.47,2026-08-14T00:00:00,42968F108,High Income Securities,2026-08-17,XPCFX,Fixed Income - Taxable-Convertibles,1.06,102.753,,Monthly,0.16873,0.057999999999999996,7.5,5.0759,,21.21,1.65,,121.095,True,False,False,False,False,False,,6.55,5.38,5.13,0.33,-4.8100000000000005,-7.8100000000000005,,,-6.39,756260,,,,,,,5.91404,-12.32549,-1.4,-0.63,-0.96,2026-08-17T00:00:00,1987-07-09T00:00:00,7/9/1987,552787200,2026-08-18T00:00:00
184,HGLB,-0.3617,8.60034,13.47424,0.08499999999999999,4.44,25,Morningstar US CEF Global Allocation,78,"NexPoint Asset Management, L.P.",False,7.57,-0.01,11.86,2026-08-17T00:00:00,43010T104,Highland Global Allocation Fund,2026-08-17,XHGLX,Hybrid-Global Allocation,2.79,178.58,,Monthly,0.20544,0.08499999999999999,15.0,9.7875,,,1.35,,279.783,True,False,False,False,False,False,,9.1,7.61,9.64,8.46,0.91,-12.46,,,0.93,773090,,,,,0.31,,8.63017,-29.90112,-1.5899999999999999,-0.31,-1.02,2026-08-17T00:00:00,1998-01-05T00:00:00,1/5/1998,883958400,2026-07-24T00:00:00
185,HFRO,-0.3973,3.8725899999999998,6.42559,0.0385,8.04,19,Morningstar US CEF Senior Loans,78,"NexPoint Asset Management, L.P.",True,7.19,-0.03,11.93,2026-08-17T00:00:00,43010E404,Highland Opportunities and Income Ord,2026-08-17,XHFOX,Fixed Income - Taxable-Senior Loans,17.46,398.242,,Monthly,-0.1412,0.0385,15.0,8.1017,,,2.18,,800.538,True,True,True,False,True,False,,-0.6,4.02,2.22,2.25,6.03,31.13,,,52.25,1415950,,,,,,,6.4161,-44.58357,1.3,0.03,0.81,2026-08-17T00:00:00,2000-01-13T00:00:00,1/13/2000,947721600,2026-07-24T00:00:00
186,VKI,0.0275,7.69266,7.48661,0.0559,9.5,21,Morningstar US CEF Municipal,65,"Invesco Advisers, Inc",False,8.96,-0.16,8.72,2026-08-17T00:00:00,46132E103,Invesco Adv Muni Inc II,2026-08-17,XVKIX,Fixed Income - Municipal-Municipal,37.34,397.934,-0.002,Monthly,0.21381,0.0559,15.0,5.368,,20.38,3.33,,618.101,True,True,True,False,False,False,,2.96,8.79,-1.34,-0.38,1.21,2.17,,,17.16,1316380,16.2,,98.6597,,10.07,8.59,8.94624,-0.31714000000000003,1.11,0.26,0.59,2026-08-17T00:00:00,1993-08-27T00:00:00,8/27/1993,746409600,2026-08-17T00:00:00
187,VBF,-0.0787,5.02519,5.45455,0.0665,2.54,15,Morningstar US CEF Investment Grade,65,"Invesco Advisers, Inc",False,14.63,-0.11,15.88,2026-08-17T00:00:00,46132L107,Invesco Bond,2026-08-17,XVBFX,Fixed Income - Taxable-Investment Grade,,167.149,0.001,Monthly,0.40588,0.0665,20.0,5.6461,,16.17,0.5700000000000001,,181.43,False,False,False,False,False,False,,4.95,4.8100000000000005,-0.52,-1.62,-0.89,-1.87,,,0.49,496440,,,98.7664,,,,15.2792,-6.83215,-1.17,-0.75,-0.8300000000000001,2026-08-17T00:00:00,1970-10-28T00:00:00,10/28/1970,25920000,2026-08-17T00:00:00
188,VCV,0.0643,7.78313,7.31321,0.06459999999999999,10.15,22,Morningstar US CEF Municipal-CA,65,"Invesco Advisers, Inc",False,10.6,-0.16,9.96,2026-08-17T00:00:00,46132H106,Invesco CA Value,2026-08-17,XVCVX,Fixed Income - Municipal-Municipal - CA,39.4,514.195,-0.039,Monthly,0.22155,0.06459999999999999,15.0,5.1617,,20.76,3.35,,797.245,True,False,True,False,False,False,,2.71,9.41,-1.21,-0.18,0.55,-1.0,,,13.57,1003960,15.02,,96.7686,,11.56,8.53,10.76652,4.88148,0.78,1.6400000000000001,1.15,2026-08-17T00:00:00,1993-04-30T00:00:00,4/30/1993,736128000,2026-08-17T00:00:00
189,VLT,-0.0636,10.04677,10.72927,0.0895,5.39,14,Morningstar US CEF High Yield,65,"Invesco Advisers, Inc",False,10.01,-0.12,10.69,2026-08-17T00:00:00,46131F101,Invesco High Income II,2026-08-17,XVLTX,Fixed Income - Taxable-High Yield,30.5,65.178,-0.029,Monthly,0.36908,0.0895,60.0,6.9213000000000005,,7.07,3.41,,100.155,True,False,False,False,False,False,,7.76,9.17,2.95,2.27,1.13,-5.15,,,-0.08,173790,,,100.2747,,,,10.77712,-2.30483,-1.72,-1.69,-1.45,2026-08-17T00:00:00,1989-04-28T00:00:00,4/28/1989,609724800,2026-08-17T00:00:00
190,VMO,0.0,7.70021,7.70021,0.0625,9.55,21,Morningstar US CEF Municipal,65,"Invesco Advisers, Inc",False,9.74,-0.11,9.74,2026-08-17T00:00:00,46132C107,Invesco Muni Opp,2026-08-17,XVMOX,Fixed Income - Municipal-Municipal,36.87,656.872,-0.012,Monthly,0.23512,0.0625,15.0,5.3332,,20.82,3.26,,1040.475,True,True,True,False,False,False,,2.89,7.5600000000000005,-1.46,-0.71,1.1400000000000001,5.54,,,14.94,2474240,16.2,,98.5172,,11.67,8.79,9.66935,-3.54951,2.22,1.97,2.31,2026-08-17T00:00:00,1992-04-24T00:00:00,4/24/1992,704073600,2026-08-17T00:00:00
191,VKQ,0.0,7.70552,7.70552,0.0628,9.31,21,Morningstar US CEF Municipal,65,"Invesco Advisers, Inc",False,9.78,-0.12,9.78,2026-08-17T00:00:00,46131J103,Invesco Municipal,2026-08-17,XVKQX,Fixed Income - Municipal-Municipal,38.03,541.181,-0.006,Monthly,0.23747000000000001,0.0628,15.0,5.4148,,20.81,3.24,,873.331,True,True,True,False,False,False,,2.95,7.97,-1.4100000000000001,-0.72,1.05,5.99,,,17.05,2003510,15.17,,98.9207,,11.78,8.76,9.69205,-3.8231900000000003,2.09,1.3,1.83,2026-08-17T00:00:00,1991-09-27T00:00:00,9/27/1991,685929600,2026-08-17T00:00:00
192,OIA,-0.0016,5.73399,5.74342,0.029099999999999997,10.74,21,Morningstar US CEF Municipal,65,"Invesco Advisers, Inc",False,6.08,-0.06,6.09,2026-08-17T00:00:00,46132X101,Invesco Municipal Inc Opp I,2026-08-17,XOIAX,Fixed Income - Municipal-Municipal,30.83,291.102,0.019,Monthly,0.16802,0.029099999999999997,10.0,6.912,,22.32,2.45,,421.566,True,False,True,False,False,False,,4.44,3.86,-0.15,-1.18,2.17,3.54,,,14.27,1309240,27.9,,89.0277,,,,6.08171,-1.27249,0.7000000000000001,0.89,0.41000000000000003,2026-08-17T00:00:00,1988-09-19T00:00:00,9/19/1988,590630400,2026-08-17T00:00:00
193,VPV,0.061799999999999994,7.60837,7.16562,0.0667,8.27,24,Morningstar US CEF Municipal-Single State,65,"Invesco Advisers, Inc",False,11.17,-0.1,10.52,2026-08-17T00:00:00,46132K109,Invesco PA Value,2026-08-17,XVPVX,Fixed Income - Municipal-Municipal - Single-State,36.78,199.632,0.126,Monthly,0.24298,0.0667,15.0,5.2631,,19.01,3.1,,297.392,True,True,True,False,False,False,,2.87,9.89,-1.23,1.3,0.86,8.02,,,16.79,328090,25.52,,97.1621,,12.02,8.1,10.68596,-1.29922,2.2,2.2800000000000002,1.85,2026-08-17T00:00:00,1993-04-30T00:00:00,4/30/1993,736128000,2026-08-17T00:00:00
194,IQI,0.0285,7.69512,7.48221,0.0631,8.94,21,Morningstar US CEF Municipal,65,"Invesco Advisers, Inc",False,10.12,-0.15,9.84,2026-08-17T00:00:00,46133G107,Invesco Quality Municipal Income Trust,2026-08-17,XIQIX,Fixed Income - Municipal-Municipal,34.66,535.184,0.026000000000000002,Monthly,0.24185,0.0631,15.0,5.4925,,19.06,2.91,,796.447,True,True,True,False,False,False,,2.99,8.3,-1.42,-0.77,0.96,3.54,,,14.62,1496270,14.95,,96.2303,,10.79,8.54,9.93889,-2.10615,3.04,2.04,2.41,2026-08-17T00:00:00,1992-09-29T00:00:00,9/29/1992,717724800,2026-08-17T00:00:00
195,VVR,-0.12279999999999999,10.41916,11.87713,0.028999999999999998,1.11,19,Morningstar US CEF Senior Loans,65,"Invesco Advisers, Inc",False,2.93,-0.05,3.34,2026-08-17T00:00:00,46131H107,Invesco Senior Income,2026-08-17,XVVRX,Fixed Income - Taxable-Senior Loans,35.52,451.0,-0.044000000000000004,Monthly,0.16899,0.028999999999999998,10.0,,,3.9,4.89,,797.316,True,False,False,False,False,False,,5.76,3.84,5.22,4.78,0.29,-1.94,,,-9.81,9974330,,,,,,,3.20598,-9.1442,-1.34,-1.6099999999999999,-1.34,2026-08-17T00:00:00,1998-06-24T00:00:00,6/24/1998,898646400,2026-08-17T00:00:00
196,VGM,0.027800000000000002,7.68285,7.47541,0.06459999999999999,9.47,21,Morningstar US CEF Municipal,65,"Invesco Advisers, Inc",False,10.37,-0.14,10.09,2026-08-17T00:00:00,46131M106,Invesco Tr Inv Gr Muni,2026-08-17,XVGMX,Fixed Income - Municipal-Municipal,36.77,562.386,-0.018000000000000002,Monthly,0.24485,0.06459999999999999,15.0,5.4347,,21.2,3.11,,865.423,True,True,True,False,False,False,,2.9699999999999998,8.14,-1.43,-0.59,1.1400000000000001,1.74,,,15.16,1811730,17.6,,99.0535,,11.28,8.73,10.22065,-1.57918,2.16,1.6,1.97,2026-08-17T00:00:00,1992-01-24T00:00:00,1/24/1992,696211200,2026-08-17T00:00:00
197,VTN,0.0447,7.81369,7.4795300000000005,0.06849999999999999,9.82,23,Morningstar US CEF Municipal-NY,65,"Invesco Advisers, Inc",False,10.99,-0.24,10.52,2026-08-17T00:00:00,46131T101,Invesco Tr Inv Gr NY,2026-08-17,XVTNX,Fixed Income - Municipal-Municipal - NY,33.12,160.931,0.01,Monthly,0.25475000000000003,0.06849999999999999,15.0,5.1011,,23.11,2.69,,230.35,True,False,True,False,False,False,,2.16,8.75,-1.45,0.5700000000000001,0.96,-1.42,,,13.24,327920,24.6,,93.0401,,12.76,9.89,11.18399,2.92289,0.54,0.47000000000000003,0.5700000000000001,2026-08-17T00:00:00,1992-03-27T00:00:00,3/27/1992,701654400,2026-08-17T00:00:00
198,IIM,0.051500000000000004,7.69077,7.31383,0.0771,8.35,21,Morningstar US CEF Municipal,65,"Invesco Advisers, Inc",False,12.65,-0.14,12.03,2026-08-17T00:00:00,46132P108,Invesco Value Muni Income,2026-08-17,XIIMX,Fixed Income - Municipal-Municipal,34.83,595.627,-0.011000000000000001,Monthly,0.29788000000000003,0.0771,15.0,5.5595,,18.65,2.93,,869.157,True,True,True,False,False,False,,2.95,8.39,-1.21,0.05,1.01,5.98,,,18.18,1226540,16.2,,96.5231,,10.35,8.18,12.44634,0.36067000000000005,2.21,1.6,1.5899999999999999,2026-08-17T00:00:00,1993-02-26T00:00:00,2/26/1993,730684800,2026-08-17T00:00:00
199,JOF,-0.12689999999999999,8.0,9.16294,0.09559999999999999,30.55,1,Morningstar US CEF Asia Equity,79,Nomura Asset Management Co Ltd,False,12.52,0.0,14.34,2026-08-17T00:00:00,47109U104,Japan Smaller Cap Fund,2026-08-17,XXJOFXX,Equity-Asia Equity,0.0,319.266,,Monthly,0.03946,0.09559999999999999,12.0,,,,2.09,,365.677,True,True,False,False,False,False,,20.43,22.23,10.07,10.75,15.24,8.09,,,29.03,755230,,,,,,,11.13423,-10.611509999999999,-1.3599999999999999,-1.17,-0.87,2026-08-17T00:00:00,1990-03-21T00:00:00,3/21/1990,637977600,2026-08-14T00:00:00
200,BTO,-0.0496,6.0241,6.33837,0.65,33.12,8,Morningstar US CEF Sector Equity,67,John Hancock Investment Management LLC,True,41.02,-0.32,43.16,2026-08-17T00:00:00,409735206,JHancock Financial Opportunities,2026-08-17,XBTOX,Equity-Sector Equity,13.19,812.884,0.0,Quarterly,0.21649000000000002,0.65,20.0,4.6156,,,2.42,,985.292,True,True,False,False,True,False,,23.44,18.16,11.6,8.86,21.02,19.1,,,23.41,460520,,,,,38.99,,36.6371,-1.89118,-1.29,-1.67,-1.33,2026-08-17T00:00:00,1994-08-18T00:00:00,8/18/1994,777168000,2026-06-11T00:00:00
201,JHS,-0.0851,5.12521,5.60219,0.1535,2.8,15,Morningstar US CEF Investment Grade,67,John Hancock Investment Management LLC,False,10.96,-0.01,11.98,2026-08-17T00:00:00,410123103,JHancock Income Secs,2026-08-17,XJHSX,Fixed Income - Taxable-Investment Grade,39.55,127.647,0.0,Quarterly,0.29069,0.1535,15.3,5.4277,,,4.41,,230.826,True,False,False,False,False,False,,4.91,4.8,-1.46,-2.39,-1.23,-4.17,,,1.77,147690,,,99.5864,,7.02,4.3,11.37655,-7.51296,-0.64,1.51,0.6,2026-08-17T00:00:00,1973-02-14T00:00:00,2/14/1973,98496000,2026-06-11T00:00:00
202,JHI,-0.0738,8.1931,8.84587,0.297,5.44,15,Morningstar US CEF Investment Grade,66,John Hancock,False,13.43,-0.03,14.5,2026-08-17T00:00:00,410142103,JHancock Investors,2026-08-17,XJHIX,Fixed Income - Taxable-Investment Grade,40.67,117.439,0.0,Quarterly,0.58459,0.297,21.06,6.8662,,,4.59,,213.696,True,False,False,False,False,False,,8.39,9.38,1.99,0.93,1.8900000000000001,0.88,,,3.08,210260,6.53,,98.8489,,6.17,,13.59743,-7.27844,-0.07,1.3599999999999999,0.89,2026-08-17T00:00:00,1971-01-29T00:00:00,1/29/1971,33955200,2026-06-11T00:00:00
203,HPI,0.0694,9.88659,9.24517,0.1235,3.68,18,Morningstar US CEF Preferreds,67,John Hancock Investment Management LLC,False,16.03,-0.06,14.99,2026-08-17T00:00:00,41013W108,JHancock Preferred Income,2026-08-17,XHPIX,Fixed Income - Taxable-Preferreds,39.03,429.478,0.0,Monthly,0.56391,0.1235,25.0,6.5025,,,4.48,,658.714,True,False,True,False,False,False,,9.47,10.34,2.7,3.1,0.08,3.87,,,9.62,554410,,,97.2482,,91.45,,16.38598,3.4512,1.5,1.38,1.65,2026-08-17T00:00:00,2002-08-27T00:00:00,8/27/2002,1030406400,2026-08-13T00:00:00
204,HPF,0.0613,9.979800000000001,9.40349,0.1235,3.84,18,Morningstar US CEF Preferreds,67,John Hancock Investment Management LLC,False,15.7601,-0.1,14.85,2026-08-17T00:00:00,41013X106,JHancock Preferred Income II,2026-08-17,XHPFX,Fixed Income - Taxable-Preferreds,39.13,341.219,0.0,Monthly,0.5652,0.1235,25.0,6.5737,,,4.51,,528.215,True,False,True,False,False,False,,9.56,9.85,2.86,2.54,0.17,4.19,,,8.49,353670,,,97.2805,,90.07,,16.12868,2.71066,2.23,1.46,1.69,2026-08-17T00:00:00,2002-11-29T00:00:00,11/29/2002,1038528000,2026-08-13T00:00:00
205,HPS,0.0605,9.86547,9.30233,0.11,3.84,18,Morningstar US CEF Preferreds,67,John Hancock Investment Management LLC,False,14.19,-0.02,13.38,2026-08-17T00:00:00,41021P103,JHancock Preferred Income III,2026-08-17,XHPSX,Fixed Income - Taxable-Preferreds,38.92,456.476,0.0,Monthly,0.50751,0.11,25.0,6.5102,,,4.47,,704.719,True,False,True,False,False,False,,9.52,9.37,2.99,2.93,0.23,4.25,,,8.52,585950,,,97.386,,86.67,,14.69121,3.88532,1.34,1.5899999999999999,1.46,2026-08-17T00:00:00,2003-06-18T00:00:00,6/18/2003,1055894400,2026-08-13T00:00:00
206,PDT,-0.1042,7.46197,8.33019,0.08829999999999999,10.36,18,Morningstar US CEF Preferreds,66,John Hancock,True,12.72,-0.05,14.2,2026-08-17T00:00:00,41013T105,JHancock Premium Dividend Fund,2026-08-17,XPDTX,Fixed Income - Taxable-Preferreds,34.86,625.636,0.0,Monthly,0.34231,0.08829999999999999,12.0,5.9254,,,4.32,,1072.13,True,False,False,False,True,False,,14.25,12.86,7.54,2.98,7.08,6.22,,,4.35,1209260,,,,,76.11,,13.03787,-9.09681,-0.61,0.56,0.59,2026-08-17T00:00:00,1989-12-21T00:00:00,12/21/1989,630201600,2026-08-13T00:00:00
207,HTD,-0.0345,7.18999,7.44698,0.158,9.93,26,Morningstar US CEF US Allocation,67,John Hancock Investment Management LLC,True,25.46,-0.04,26.37,2026-08-17T00:00:00,41013V100,JHancock Tax-Advantaged Dividend Inc,2026-08-17,XHTDX,Hybrid-U.S. Allocation,31.41,902.094,0.0,Monthly,0.63149,0.158,20.0,5.9603,,,3.58,,1362.237,True,True,True,False,True,False,,14.54,15.99,8.81,8.37,8.02,13.75,,,14.52,649220,,,,,68.76,,24.90186,-5.96017,1.56,0.63,1.1400000000000001,2026-08-17T00:00:00,2004-02-27T00:00:00,2/27/2004,1077840000,2026-08-13T00:00:00
208,HEQ,-0.0955,7.69823,8.51064,0.25,16.31,5,Morningstar US CEF Global Equity,67,John Hancock Investment Management LLC,True,11.75,0.07,12.99,2026-08-17T00:00:00,47804L102,John Hancock Diversified Income Fund,2026-08-17,XHEQX,Equity-Global Equity,,141.692,,Quarterly,0.27877,0.25,20.0,6.5508,,,1.31,,156.644,False,True,True,False,True,False,,11.64,11.69,8.23,6.57,8.54,10.75,,,19.1,370680,,,98.2848,,,,11.09622,-10.54646,0.72,-0.39,-0.11,2026-08-17T00:00:00,2011-05-26T00:00:00,5/26/2011,1306368000,2026-06-11T00:00:00
209,KYN,-0.11359999999999999,6.49038,7.32203,0.09,26.66,6,Morningstar US CEF MLP,69,"KA Fund Advisors, LLC",False,14.75,-0.07,16.64,2026-08-17T00:00:00,486606106,Kayne Anderson Energy Infrastructure,2026-08-17,XKYNX,Equity-MLP,25.23,2494.609,,Monthly,0.31841,0.09,25.0,7.259,,,3.3,,3763.74,True,True,True,False,False,False,,26.03,28.99,21.94,23.21,26.35,23.37,,,26.91,3935380,,,,,15.1,,13.13755,-12.05482,0.42,1.34,1.45,2026-08-17T00:00:00,2004-09-28T00:00:00,9/28/2004,1096329600,2026-08-14T00:00:00
210,KIO,-0.0689,12.2521,13.15884,0.1215,3.39,14,Morningstar US CEF High Yield,70,Kohlberg Kravis Roberts &amp; Co.,False,11.08,-0.04,11.9,2026-08-17T00:00:00,48249T106,KKR Income Opportunities Fund,2026-08-17,XKIOX,Fixed Income - Taxable-High Yield,32.85,454.116,,Monthly,0.63625,0.1215,20.0,7.7746,,,4.09,,726.36,True,False,False,False,False,False,,8.19,9.34,4.52,3.54,2.03,2.42,,,-2.21,2521600,0.09000000000000001,,97.6062,,58.49,,11.57544,-6.00503,-0.48,-0.36,0.01,2026-08-17T00:00:00,2013-07-26T00:00:00,7/26/2013,1374796800,2026-08-14T00:00:00
211,KF,-0.1522,1.76285,2.07934,1.381724,123.28,1,Morningstar US CEF Asia Equity,68,JPMorgan Asset Management (Asia Pacific) Limited,False,66.45,2.2800000000000002,78.38,2026-08-17T00:00:00,500634209,Korea Fund,2026-08-17,XKFDX,Equity-Asia Equity,5.74,276.322,,Annually,-0.06238,1.381724,40.0,,,,1.75,,325.931,True,True,False,False,False,False,,36.82,34.86,14.45,14.17,62.05,52.92,,,107.8,176680,,,,,,,47.83773,-13.18905,-1.24,-0.64,-0.7000000000000001,2026-08-17T00:00:00,1984-08-29T00:00:00,8/29/1984,462585600,2025-12-23T00:00:00
212,LGI,-0.0027,9.90743,9.93416,0.15339999999999998,14.67,5,Morningstar US CEF Global Equity,71,Lazard Asset Management LLC,False,18.53,-0.02,18.58,2026-08-17T00:00:00,52106W103,Lazard Global Total Return and Income,2026-08-17,XLGIX,Equity-Global Equity,8.92,241.13,,Monthly,0.0074,0.15339999999999998,20.0,7.7462,,,2.0,,265.455,True,True,True,False,False,False,,10.55,15.94,5.87,7.07,6.65,11.19,,,19.59,461600,,,,,3.13,,17.79758,-1.8938800000000002,0.52,-0.52,-0.23,2026-08-17T00:00:00,2004-04-28T00:00:00,4/28/2004,1083110400,2026-08-10T00:00:00
213,USA,-0.11289999999999999,9.97067,11.23967,0.16999999999999998,6.67,10,Morningstar US CEF US Equity,9,ALPS Advisors Inc,True,6.05,-0.02,6.82,2026-08-17T00:00:00,530158104,Liberty All-Star Equity,2026-08-17,XUSAX,Equity-U.S. Equity,4.88,1824.387,,Quarterly,0.01199,0.16999999999999998,10.0,,,,0.91,,2209.906,True,True,False,False,True,False,,10.94,5.88,6.34,2.99,4.03,0.56,,,-0.43,12626940,,,,,,,6.04579,-9.59918,-1.02,0.68,-0.52,2026-08-17T00:00:00,1986-10-31T00:00:00,10/31/1986,531100800,2026-07-16T00:00:00
214,ASG,-0.12179999999999999,7.69231,8.75912,0.12,7.39,10,Morningstar US CEF US Equity,9,ALPS Advisors Inc,True,5.48,0.01,6.24,2026-08-17T00:00:00,529900102,Liberty All-Star Growth,2026-08-17,XASGX,Equity-U.S. Equity,1.51,344.488,,Quarterly,-0.01975,0.12,10.0,,,,1.12,,403.704,True,True,False,False,True,False,,9.34,6.71,1.18,-0.9400000000000001,6.48,3.65,,,1.98,2528460,,,,,,,5.30326,-10.24929,-1.42,-0.21,-0.9,2026-08-17T00:00:00,1986-03-14T00:00:00,3/14/1986,511142400,2026-07-16T00:00:00
215,SCD,-0.1105,8.08081,9.08517,0.12,15.36,25,Morningstar US CEF Global Allocation,54,"Franklin Templeton Fund Adviser, LLC",True,15.85,0.0,17.82,2026-08-17T00:00:00,50208A102,LMP Capital and Income,2026-08-17,XSCDX,Hybrid-Global Allocation,16.39,363.065,,Monthly,0.06042,0.12,20.0,,,,2.39,,488.191,True,True,False,False,True,False,,15.06,17.24,10.97,11.35,11.63,10.39,,,12.12,785830,13.6,,,,4.25,,15.29403,-9.05143,-1.1,-0.31,-0.8300000000000001,2026-08-17T00:00:00,2004-02-24T00:00:00,2/24/2004,1077580800,2026-07-24T00:00:00
216,MXE,-0.1718,1.44438,1.74403,0.2337,25.27,4,Morningstar US CEF Emerging Market Equity,89,Pichardo Asset Management SA De CV,False,13.4,0.0,16.18,2026-08-17T00:00:00,592834105,Mexico Equity & Income,2026-08-17,XMXEX,Equity-Emerging Market Equity,,58.963,,Annually,0.07512,0.2337,12.0,7.969,,0.02,2.13,,71.195,False,True,True,False,False,False,,5.14,9.84,7.71,6.01,9.55,5.7,,,24.97,64610,,,,,,,12.70671,-17.83542,0.62,0.81,0.44,2026-08-17T00:00:00,1990-08-15T00:00:00,8/15/1990,650678400,2025-12-16T00:00:00
217,MXF,-0.1112,5.81154,6.539,0.35,26.98,4,Morningstar US CEF Emerging Market Equity,64,"Impulsora Del Fondo Mexico, SC",True,21.41,-0.09,24.09,2026-08-17T00:00:00,592835102,Mexico Fund,2026-08-17,XXMXFXX,Equity-Emerging Market Equity,,308.734,,Quarterly,0.27312000000000003,0.35,12.0,5.75,,,1.36,,347.379,False,True,True,False,True,False,,7.72,12.88,11.3,12.99,10.98,13.41,,,29.59,453150,,,,,,,20.65989,-13.30422,2.42,1.92,1.85,2026-08-17T00:00:00,1981-06-03T00:00:00,6/3/1981,360374400,2026-07-22T00:00:00
218,CAF,-0.1726,1.10855,1.33987,0.262949,37.97,1,Morningstar US CEF Asia Equity,74,Morgan Stanley,False,19.625,0.16,23.72,2026-08-17T00:00:00,617468103,Morgan Stanley China A Share,2026-08-17,XCAFX,Equity-Asia Equity,,264.451,,Annually,0.12144,0.262949,20.0,,,,1.52,,319.632,False,True,False,False,False,False,,12.16,14.06,1.32,0.66,14.53,10.31,,,37.52,377410,,,,,,,17.85572,-13.89851,-1.6600000000000001,-1.19,-1.43,2026-08-17T00:00:00,2006-09-28T00:00:00,9/28/2006,1159401600,2025-12-19T00:00:00
219,MSD,-0.0808,7.57576,8.24176,0.15,11.88,12,Morningstar US CEF Emerging Market Income,75,"Morgan Stanley Investment Management, Inc.",False,7.28,-0.04,7.92,2026-08-17T00:00:00,61744H105,Morgan Stanley Emerging Markets Debt,2026-08-17,XMSDX,Fixed Income - Taxable-Emerging Market Income,0.03,147.284,,Quarterly,0.21902,0.15,15.0,6.5116,,6.76,1.36,,160.232,True,False,False,False,False,False,,11.61,14.8,3.33,3.89,3.6,1.98,,,5.61,975820,,,,,,,7.41287,-6.58985,-0.75,0.56,-0.13,2026-08-17T00:00:00,1993-07-23T00:00:00,7/23/1993,743385600,2026-06-30T00:00:00
220,EDD,-0.0134,16.0804,16.29881,0.24,20.62,12,Morningstar US CEF Emerging Market Income,75,"Morgan Stanley Investment Management, Inc.",False,5.890000000000001,0.12,5.97,2026-08-17T00:00:00,617477104,Morgan Stanley Emrgng Mkts Domestic Debt,2026-08-17,XEDDX,Fixed Income - Taxable-Emerging Market Income,14.48,379.646,,Quarterly,0.28033,0.24,20.0,6.6059,,7.47,2.18,,449.952,True,True,True,False,False,False,,11.56,17.75,5.45,8.15,6.29,14.64,,,27.48,3692670,,,,,,,5.58739,-5.17164,1.44,0.68,1.18,2026-08-17T00:00:00,2007-04-24T00:00:00,4/24/2007,1177372800,2026-06-30T00:00:00
221,IIF,-0.1118,7.62938,8.59006,1.985164,-7.86,1,Morningstar US CEF Asia Equity,75,"Morgan Stanley Investment Management, Inc.",False,23.11,-0.04,26.02,2026-08-17T00:00:00,61745C105,Morgan Stanley India Investment,2026-08-17,XIIFX,Equity-Asia Equity,,218.232,,Annually,-0.10782,1.985164,15.0,,,,1.35,,245.711,False,False,False,False,False,False,,7.23,11.59,6.51,8.91,-7.27,-8.13,,,-9.46,308700,,,,,,,24.22451,-11.05975,-0.16,0.23,0.07,2026-08-17T00:00:00,1994-02-25T00:00:00,2/25/1994,762134400,2025-12-19T00:00:00
222,NML,-0.09359999999999999,7.15711,7.89634,0.07008,28.11,6,Morningstar US CEF MLP,76,Neuberger Berman,False,10.65,-0.11,11.75,2026-08-17T00:00:00,64129H104,NB Energy Infra and Income Fund Inc,2026-08-17,XNMLX,Equity-MLP,24.72,603.418,,Monthly,-0.18702,0.07008,20.0,,,,1.07,,884.406,True,True,True,False,False,False,,20.65,23.93,21.52,26.22,26.17,28.87,,,29.44,1624520,,,,,,,9.3828,-10.35515,0.92,0.4,0.9400000000000001,2026-08-17T00:00:00,2013-03-26T00:00:00,3/26/2013,1364256000,2026-08-17T00:00:00
223,NBXG,-0.1273,7.93826,9.09665,0.12,11.78,10,Morningstar US CEF US Equity,76,Neuberger Berman,False,15.83,-0.04,18.14,2026-08-17T00:00:00,64133Q108,Neuberger Brmn Nxt Gnrtn Cnnctvty,2026-08-17,XNBGX,Equity-U.S. Equity,,1246.794,,Monthly,-0.05846,0.12,20.0,,,,1.35,,1428.734,False,True,True,False,False,False,,16.86,21.09,4.49,3.8,6.19,7.36,,,8.31,1959440,,,,,,,14.75494,-12.81619,0.06,0.66,0.99,2026-08-17T00:00:00,2021-05-25T00:00:00,5/25/2021,1621900800,2026-08-17T00:00:00
224,NHS,-0.081,16.6055,18.06988,0.0905,3.16,14,Morningstar US CEF High Yield,76,Neuberger Berman,False,6.01,-0.08,6.54,2026-08-17T00:00:00,64128C106,Neuberger High Yield Strategies,2026-08-17,XNHSX,Fixed Income - Taxable-High Yield,32.91,251.553,,Monthly,0.18333,0.0905,15.0,7.1662,,5.93,3.39,,408.017,True,False,False,False,False,False,,8.09,6.44,1.45,-0.64,-0.67,-11.03,,,-4.9,2066870,,,99.371,,4.83,3.38,6.95603,-2.51389,-1.33,-0.99,-0.7000000000000001,2026-08-17T00:00:00,2003-07-28T00:00:00,7/28/2003,1059350400,2026-08-17T00:00:00
225,NBH,-0.0634,5.88804,6.28665,0.054169999999999996,8.92,21,Morningstar US CEF Municipal,76,Neuberger Berman,False,10.34,0.01,11.04,2026-08-17T00:00:00,64124P101,Neuberger Municipal Fund,2026-08-17,XNBHX,Fixed Income - Municipal-Municipal,41.07,306.251,,Monthly,0.13171,0.054169999999999996,15.0,4.9907,0.24230000000000002,20.2,3.87,,554.883,True,True,True,True,False,False,,2.3,5.37,-1.88,-3.44,0.9400000000000001,4.24,,,10.54,935960,15.43,0.00914,98.9472,,14.23,8.22,10.28858,-8.69401,2.25,2.14,1.99,2026-08-17T00:00:00,2002-09-27T00:00:00,9/27/2002,1033084800,2026-07-31T00:00:00
226,NRO,-0.0895,11.55556,12.69153,0.0312,10.32,7,Morningstar US CEF Real Estate,76,Neuberger Berman,False,2.95,-0.05,3.24,2026-08-17T00:00:00,64190A103,Neuberger Real Estate Securities Income,2026-08-17,XNROX,Equity-Real Estate,25.43,186.917,,Monthly,0.06094,0.0312,15.0,,,,3.12,,275.292,True,False,False,False,False,False,,9.3,11.15,1.18,-0.16,9.52,5.71,,,4.9,2424040,,,,,,,3.05212,-6.84544,-1.0,-0.16,-0.46,2026-08-17T00:00:00,2003-10-31T00:00:00,10/31/2003,1067558400,2026-08-17T00:00:00
227,GF,-0.0922,2.40625,2.6506,0.154,-3.42,9,Morningstar US CEF Single Country Equity,40,DWS,False,11.62,0.0,12.8,2026-08-17T00:00:00,644465106,New Germany,2026-08-17,XGFNX,Equity-Single-Country Equity,11.57,188.009,,Semi-Annually,-0.05716,0.154,20.0,,,,1.31,,234.202,True,True,True,False,False,False,,5.25,8.06,-4.94,-3.9,-1.15,-0.66,,,-2.42,241570,,,,,,,11.46406,-9.92324,0.6,-0.25,0.04,2026-08-17T00:00:00,1990-01-30T00:00:00,1/30/1990,633657600,2026-05-26T00:00:00
228,NVG,0.0147,7.75143,7.639,0.079,8.47,21,Morningstar US CEF Municipal,81,"Nuveen Fund Advisors, LLC.",False,12.41,-0.07,12.23,2026-08-17T00:00:00,67071L106,Nuveen AMT-Free Muni Credit Inc,2026-08-17,XNVGX,Fixed Income - Municipal-Municipal,42.4,2679.337,-0.02,Monthly,0.29602,0.079,15.0,4.8322,,18.56,3.64,,4583.88,True,False,True,False,False,False,,3.15,8.87,-1.73,-1.02,0.04,2.31,,,14.8,5472090,23.9,2.93,94.2236,,14.46,9.04,12.56567,-0.9102000000000001,1.25,1.88,1.16,2026-08-17T00:00:00,2002-03-25T00:00:00,3/25/2002,1017014400,2026-08-14T00:00:00
229,NUW,-0.0501,3.93775,4.1453,0.048499999999999995,5.9,21,Morningstar US CEF Municipal,81,"Nuveen Fund Advisors, LLC.",False,14.04,-0.03,14.78,2026-08-17T00:00:00,670695105,Nuveen AMT-Free Municipal Value Fund,2026-08-17,XNUWX,Fixed Income - Municipal-Municipal,7.31,252.037,-0.073,Monthly,0.30096,0.048499999999999995,15.0,5.4454,,19.29,0.75,,286.246,True,False,True,False,False,False,,2.89,4.31,-0.05,-0.15,0.45,-0.11,,,6.61,380050,9.3,0.09000000000000001,98.9732,,8.94,8.3,14.21648,-5.1447,0.15,0.38,0.09,2026-08-17T00:00:00,2009-02-25T00:00:00,2/25/2009,1235520000,2026-08-14T00:00:00
230,NEA,0.0098,7.29223,7.22124,0.06799999999999999,7.83,21,Morningstar US CEF Municipal,81,"Nuveen Fund Advisors, LLC.",False,11.3,-0.07,11.19,2026-08-17T00:00:00,670657105,Nuveen AMT-Free Quality Muni Inc,2026-08-17,XNEAX,Fixed Income - Municipal-Municipal,41.38,3418.178,0.018000000000000002,Monthly,0.25491,0.06799999999999999,15.0,5.1782,,19.14,3.5300000000000002,,5773.834,True,False,True,False,False,False,,2.25,8.05,-1.9500000000000002,-0.97,0.0,0.98,,,12.72,8424380,20.8,4.12,97.8969,,11.13,7.68,11.48038,-0.79812,1.33,1.33,1.16,2026-08-17T00:00:00,2002-11-21T00:00:00,11/21/2002,1037836800,2026-08-14T00:00:00
231,NAZ,0.09849999999999999,6.57244,5.98311,0.062,9.62,24,Morningstar US CEF Municipal-Single State,81,"Nuveen Fund Advisors, LLC.",False,12.435,0.02,11.32,2026-08-17T00:00:00,67061W104,Nuveen AZ Quality Muni Inc,2026-08-17,XNAZX,Fixed Income - Municipal-Municipal - Single-State,39.53,160.12,0.031,Monthly,0.20512,0.062,15.0,4.7939,,17.61,3.55,,241.062,True,True,True,False,False,False,,2.8,10.7,-1.1400000000000001,-0.16,0.93,5.75,,,12.06,221900,17.4,0.9500000000000001,100.5175,,12.3,7.89,12.21186,5.21314,1.3,0.3,0.66,2026-08-17T00:00:00,1992-11-19T00:00:00,11/19/1992,722131200,2026-08-14T00:00:00
232,NKX,0.0512,7.36573,7.0073,0.072,9.67,22,Morningstar US CEF Municipal-CA,81,"Nuveen Fund Advisors, LLC.",False,12.33,-0.11,11.73,2026-08-17T00:00:00,670651108,Nuveen CA AMT - Free Quality Muni Inc,2026-08-17,XNCMX,Fixed Income - Municipal-Municipal - CA,39.9,681.777,-0.014,Monthly,0.25181,0.072,15.0,4.7667,,18.17,3.77,,1079.186,True,False,True,False,False,False,,2.8200000000000003,8.51,-1.9100000000000001,-0.25,0.91,1.48,,,13.2,1361440,21.7,0.5800000000000001,98.6644,,12.92,7.87,12.5164,3.95798,0.76,1.0,0.86,2026-08-17T00:00:00,2002-11-22T00:00:00,11/22/2002,1037923200,2026-08-14T00:00:00
233,NCA,0.0055000000000000005,3.9604,3.93873,0.03,6.99,22,Morningstar US CEF Municipal-CA,81,"Nuveen Fund Advisors, LLC.",False,9.14,-0.02,9.09,2026-08-17T00:00:00,67062C107,Nuveen CA Municipal Value,2026-08-17,XNCAX,Fixed Income - Municipal-Municipal - CA,0.0,303.832,-0.012,Monthly,0.17651,0.03,10.0,4.7234,,18.86,0.54,,302.17,True,True,True,False,False,False,,3.16,4.84,-0.14,-0.07,1.06,2.52,,,10.38,696770,22.2,1.31,99.5691,,,7.87,9.13942,-0.29267000000000004,0.33,0.04,-0.37,2026-08-17T00:00:00,1987-10-07T00:00:00,10/7/1987,560563200,2026-08-14T00:00:00
234,NAC,0.039900000000000005,7.38707,7.10392,0.06949999999999999,10.47,22,Morningstar US CEF Municipal-CA,81,"Nuveen Fund Advisors, LLC.",False,11.74,-0.14,11.29,2026-08-17T00:00:00,67066Y105,Nuveen CA Quality Muni Income,2026-08-17,XNACX,Fixed Income - Municipal-Municipal - CA,39.3,1942.023,-0.005,Monthly,0.24164,0.06949999999999999,15.0,4.739,,19.06,3.79,,3076.974,True,False,True,False,False,False,,2.75,9.89,-1.98,-0.29,0.87,3.65,,,14.78,5045840,23.1,1.04,99.0817,,12.64,8.06,11.79824,1.6896200000000001,1.51,0.89,1.12,2026-08-17T00:00:00,1999-05-26T00:00:00,5/26/1999,927676800,2026-08-14T00:00:00
235,JCE,-0.0611,7.94326,8.4602,0.364,20.24,10,Morningstar US CEF US Equity,81,"Nuveen Fund Advisors, LLC.",True,17.21,-0.06,18.33,2026-08-17T00:00:00,67090X107,Nuveen Core Equity Alpha,2026-08-17,XJCEX,Equity-U.S. Equity,1.35,292.616,0.0,Quarterly,0.00449,0.364,20.0,,,,0.9900000000000001,,311.659,True,True,True,False,True,False,,19.13,17.58,12.5,11.25,9.22,7.64,,,15.88,391210,,,,,,,15.90089,-6.28733,0.16,1.43,1.1,2026-08-17T00:00:00,2007-03-27T00:00:00,3/27/2007,1174953600,2026-06-15T00:00:00
236,NPCT,-0.07150000000000001,10.23832,11.02669,0.0895,4.02,15,Morningstar US CEF Investment Grade,81,"Nuveen Fund Advisors, LLC.",True,9.74,-0.01,10.49,2026-08-17T00:00:00,67080D103,Nuveen Core Plus Impact Fund,2026-08-17,XNPCX,Fixed Income - Taxable-Investment Grade,37.54,280.074,,Monthly,0.23152,0.0895,20.0,4.3325,,28.25,4.43,,482.96,True,False,False,False,True,False,,7.38,10.75,-3.25,-3.47,0.26,1.77,,,0.12,1243260,23.9,0.0,89.7405,,7.44,5.43,10.35528,-6.58169,-0.34,0.68,-0.34,2026-08-17T00:00:00,2021-04-27T00:00:00,4/27/2021,1619481600,2026-08-14T00:00:00
237,JQC,-0.1051,11.14447,12.45283,0.049499999999999995,5.69,19,Morningstar US CEF Senior Loans,81,"Nuveen Fund Advisors, LLC.",True,4.77,-0.02,5.33,2026-08-17T00:00:00,67073D102,Nuveen Credit Strategies Income Fund,2026-08-17,XJQCX,Fixed Income - Taxable-Senior Loans,38.52,705.086,-0.082,Monthly,0.23976,0.049499999999999995,15.0,,,5.03,5.09,,1281.463,True,False,False,False,True,False,,8.57,10.34,4.97,4.72,2.5300000000000002,1.97,,,-2.54,7744400,84.5,0.0,,,,,4.99471,-9.07575,-0.58,0.52,0.29,2026-08-17T00:00:00,2003-06-25T00:00:00,6/25/2003,1056499200,2026-08-14T00:00:00
238,NDMO,-0.009899999999999999,6.93676,7.00599,0.058499999999999996,7.0,21,Morningstar US CEF Municipal,81,"Nuveen Fund Advisors, LLC.",True,10.02,-0.04,10.12,2026-08-17T00:00:00,67079X102,Nuveen Dynamic Municipal Opportunities,2026-08-17,XNDMX,Fixed Income - Municipal-Municipal,31.41,606.383,,Monthly,0.23738,0.058499999999999996,15.0,5.5666,,17.88,2.83,,892.91,True,False,True,False,True,False,,4.62,3.79,-2.52,-3.84,1.0,2.77,,,8.83,1426190,19.8,0.36000000000000004,98.3671,,10.32,7.61,10.31774,-0.9921900000000001,0.0,-0.27,-0.5,2026-08-17T00:00:00,2020-08-26T00:00:00,8/26/2020,1598400000,2026-08-14T00:00:00
239,JFR,-0.0795,11.27711,12.25131,0.078,5.83,19,Morningstar US CEF Senior Loans,81,"Nuveen Fund Advisors, LLC.",True,7.64,-0.03,8.3,2026-08-17T00:00:00,67072T108,Nuveen Floating Rate Income,2026-08-17,XJFRX,Fixed Income - Taxable-Senior Loans,37.52,1229.791,0.015000000000000001,Monthly,0.37027,0.078,15.0,,,4.84,4.78,,2138.23,True,False,True,False,True,False,,9.14,11.41,6.18,6.47,3.02,5.96,,,2.63,7461120,88.3,0.0,,,,,7.78559,-8.76069,0.41000000000000003,0.48,1.0,2026-08-17T00:00:00,2004-03-25T00:00:00,3/25/2004,1080172800,2026-08-14T00:00:00
240,JGH,-0.0801,9.13235,9.92806,0.1035,7.21,13,Morningstar US CEF Global Income,81,"Nuveen Fund Advisors, LLC.",True,12.51,-0.02,13.6,2026-08-17T00:00:00,67075G103,Nuveen Global High Income Fund,2026-08-17,XJGHX,Fixed Income - Taxable-Global Income,29.17,351.854,-0.026000000000000002,Monthly,0.48098,0.1035,20.0,7.8075,,6.6,3.37,,540.011,True,False,False,False,True,False,,11.34,13.02,4.88,5.2,3.9,5.11,,,4.3,1012650,35.9,0.0,99.6217,,,,12.79021,-7.13713,-0.48,-0.5700000000000001,-0.56,2026-08-17T00:00:00,2014-11-24T00:00:00,11/24/2014,1416787200,2026-08-14T00:00:00
241,NMT,0.1449,6.6362,5.79641,0.0605,9.0,24,Morningstar US CEF Municipal-Single State,81,"Nuveen Fund Advisors, LLC.",False,12.525,-0.13,10.94,2026-08-17T00:00:00,67061E104,Nuveen MA Quality Muni Inc,2026-08-17,XNMTX,Fixed Income - Municipal-Municipal - Single-State,39.52,129.657,0.026000000000000002,Monthly,0.20713,0.0605,15.0,4.8606,,19.66,3.45,,187.249,True,True,True,False,False,False,,2.32,13.29,-2.01,1.44,1.15,16.01,,,19.45,202930,24.1,1.7000000000000002,101.787,,7.76,8.13,12.02493,7.56292,1.23,-0.12,0.53,2026-08-17T00:00:00,1993-03-18T00:00:00,3/18/1993,732412800,2026-08-14T00:00:00
242,NMS,-0.0009,6.61417,6.61996,0.063,7.91,24,Morningstar US CEF Municipal-Single State,81,"Nuveen Fund Advisors, LLC.",False,11.42,-0.05,11.43,2026-08-17T00:00:00,670734102,Nuveen MN Quality Muni Inc,2026-08-17,XMNSX,Fixed Income - Municipal-Municipal - Single-State,40.46,73.217,-0.014,Monthly,0.0,0.063,15.0,4.6871,,17.04,3.66,,123.081,True,False,False,False,False,False,,2.66,7.73,-1.19,-0.77,-0.59,1.2,,,8.02,150300,42.2,0.0,100.4127,,11.29,6.73,11.95381,0.9711200000000001,-0.54,-1.65,-1.5899999999999999,2026-08-17T00:00:00,1993-06-25T00:00:00,6/25/1993,740966400,2026-08-14T00:00:00
243,JLS,-0.0836,9.8661,10.76563,0.1535,6.0,14,Morningstar US CEF High Yield,81,"Nuveen Fund Advisors, LLC.",True,17.11,-0.07,18.67,2026-08-17T00:00:00,670735109,Nuveen Mortgage and Income Fund,2026-08-17,XJLSX,Fixed Income - Taxable-High Yield,23.07,93.705,0.009000000000000001,Monthly,0.77533,0.1535,25.0,7.6376,,17.62,3.07,,132.906,True,False,False,False,True,False,,9.55,12.85,4.35,4.97,2.9,0.58,,,0.89,190110,0.0,0.0,97.1182,,,,18.28342,-4.65124,-2.14,-0.99,-1.5,2026-08-17T00:00:00,2009-11-25T00:00:00,11/25/2009,1259107200,2026-08-14T00:00:00
244,NMAI,-0.0484,9.10995,9.57359,0.11599999999999999,20.2,25,Morningstar US CEF Global Allocation,81,"Nuveen Fund Advisors, LLC.",True,14.54,-0.23,15.28,2026-08-17T00:00:00,670750108,Nuveen Multi-Asset Income,2026-08-17,XNMAX,Hybrid-Global Allocation,29.11,486.009,,Monthly,0.17114000000000001,0.11599999999999999,20.0,6.1007,,,3.38,,720.508,True,True,True,False,True,False,,13.32,18.02,,,10.39,13.83,,,23.59,1111910,28.0,,98.2273,,,,13.36705,-8.0538,2.43,1.3900000000000001,1.79,2026-08-17T00:00:00,2021-11-22T00:00:00,11/22/2021,1637539200,2026-08-14T00:00:00
245,JMM,-0.0942,5.46311,6.0312,0.028999999999999998,3.01,15,Morningstar US CEF Investment Grade,81,"Nuveen Fund Advisors, LLC.",True,5.77,-0.01,6.37,2026-08-17T00:00:00,67075J107,Nuveen Multi-Market Income Fund,2026-08-17,XJMMX,Fixed Income - Taxable-Investment Grade,29.78,54.598,-0.001,Monthly,0.13925,0.028999999999999998,12.0,5.5173,,4.27,3.59,,85.842,True,False,False,False,True,False,,5.38,4.91,1.07,0.49,-0.75,-1.1400000000000001,,,-2.99,90060,26.5,0.0,97.3279,,,,6.03051,-8.1893,-0.56,1.04,0.37,2026-08-17T00:00:00,1988-12-30T00:00:00,12/30/1988,599443200,2026-08-14T00:00:00
246,NZF,0.0033,7.7814,7.7561,0.0795,9.28,21,Morningstar US CEF Municipal,81,"Nuveen Fund Advisors, LLC.",False,12.3,-0.12,12.26,2026-08-17T00:00:00,67070X101,Nuveen Municipal Credit Income,2026-08-17,XNZFX,Fixed Income - Municipal-Municipal,40.74,2418.785,-0.015000000000000001,Monthly,0.31359,0.0795,15.0,5.3227,,20.06,3.61,,4068.119,True,False,True,False,False,False,,3.23,8.36,-1.35,-1.04,1.13,1.3599999999999999,,,12.53,5297630,25.1,2.6,95.556,,11.88,8.1,12.50893,-0.79144,0.9,0.64,0.54,2026-08-17T00:00:00,2001-09-25T00:00:00,9/25/2001,1001376000,2026-08-14T00:00:00
247,NMCO,0.0048,7.89625,7.85851,0.06849999999999999,8.5,21,Morningstar US CEF Municipal,81,"Nuveen Fund Advisors, LLC.",False,10.46,-0.15,10.41,2026-08-17T00:00:00,670663103,Nuveen Municipal Credit Opps Fund,2026-08-17,XNMCX,Fixed Income - Municipal-Municipal,42.55,592.73,-0.035,Monthly,0.35941,0.06849999999999999,15.0,5.8775,,22.08,4.5,,1026.867,True,False,True,False,False,False,,2.91,4.08,-2.24,-1.87,2.05,6.75,,,12.31,1615900,31.7,0.27,88.147,,15.53,9.46,10.66533,-0.30106000000000005,0.59,-0.09,-0.03,2026-08-17T00:00:00,2019-09-16T00:00:00,9/16/2019,1568592000,2026-08-14T00:00:00
248,NMZ,0.0089,7.78218,7.71344,0.0655,9.47,21,Morningstar US CEF Municipal,81,"Nuveen Fund Advisors, LLC.",False,10.19,-0.06,10.1,2026-08-17T00:00:00,670682103,Nuveen Municipal High Income Opp Fd,2026-08-17,XNMZX,Fixed Income - Municipal-Municipal,40.11,2195.208,0.044000000000000004,Monthly,0.15638,0.0655,15.0,5.8165,,21.09,3.5,,3633.216,True,False,True,False,False,False,,3.9699999999999998,5.63,-1.53,-1.94,1.4,4.21,,,10.35,4671970,21.6,1.36,93.5717,,10.18,8.4,10.39429,-0.04612,0.9500000000000001,1.29,1.15,2026-08-17T00:00:00,2003-11-19T00:00:00,11/19/2003,1069200000,2026-08-14T00:00:00
249,NMI,0.0643,4.65306,4.372,0.038,7.14,21,Morningstar US CEF Municipal,81,"Nuveen Fund Advisors, LLC.",False,10.43,-0.03,9.8,2026-08-17T00:00:00,67062J102,Nuveen Municipal Income,2026-08-17,XNMIX,Fixed Income - Municipal-Municipal,2.99,126.119,-0.019,Monthly,0.21289,0.038,12.0,5.4326,,21.66,0.75,,118.501,True,True,True,False,False,False,,4.32,8.03,0.71,2.27,2.1,12.05,,,14.7,267530,17.4,0.66,100.4984,,,8.41,10.24863,3.8430400000000002,0.66,-2.32,-0.02,2026-08-17T00:00:00,1988-04-20T00:00:00,4/20/1988,577497600,2026-08-14T00:00:00
250,NUV,0.0011,4.33815,4.33333,0.0325,5.78,21,Morningstar US CEF Municipal,81,"Nuveen Fund Advisors, LLC.",False,9.0,-0.06,8.99,2026-08-17T00:00:00,670928100,Nuveen Municipal Value,2026-08-17,XNUVX,Fixed Income - Municipal-Municipal,6.15,1892.092,-0.018000000000000002,Monthly,0.19290000000000002,0.0325,10.0,5.2885,,18.4,0.66,,1889.989,True,False,True,False,False,False,,2.93,5.94,0.02,-1.03,0.62,3.54,,,11.73,4852410,11.1,0.79,97.8694,,,8.09,9.06724,-0.58287,0.64,-0.38,-0.27,2026-08-17T00:00:00,1987-06-17T00:00:00,6/17/1987,550886400,2026-08-14T00:00:00
251,QQQX,-0.042300000000000004,9.18482,9.59064,0.738,16.18,3,Morningstar US CEF Covered Call,81,"Nuveen Fund Advisors, LLC.",True,30.78,0.14,32.14,2026-08-17T00:00:00,670699107,Nuveen NASDAQ 100 Dynamic Overwrite,2026-08-17,XQQQX,Equity-Covered-Call Funds,,1502.888,0.0,Quarterly,-0.030780000000000002,0.738,20.0,,,,0.89,,1569.293,False,True,True,False,True,False,,15.78,14.88,9.36,8.22,4.66,8.36,,,20.93,1041660,,,,,,,28.55445,-7.37699,1.51,0.65,0.91,2026-08-17T00:00:00,2007-01-30T00:00:00,1/30/2007,1170115200,2026-06-15T00:00:00
252,NRK,0.001,7.52874,7.52153,0.0655,9.89,23,Morningstar US CEF Municipal-NY,81,"Nuveen Fund Advisors, LLC.",False,10.45,-0.16,10.44,2026-08-17T00:00:00,670656107,Nuveen NY AMT - Free Quality Muni Inc,2026-08-17,XNRKX,Fixed Income - Municipal-Municipal - NY,42.65,911.609,0.004,Monthly,0.2495,0.0655,15.0,4.7063,,20.12,3.69,,1588.017,True,True,True,False,False,False,,1.79,7.04,-2.16,-0.53,0.65,7.16,,,19.58,3197090,22.3,0.11000000000000001,97.1229,,15.06,8.94,10.26448,-4.98992,1.9300000000000002,2.19,2.0,2026-08-17T00:00:00,2002-11-21T00:00:00,11/21/2002,1037836800,2026-08-14T00:00:00
253,NNY,-0.0527,4.05498,4.28053,0.0295,6.91,23,Morningstar US CEF Municipal-NY,81,"Nuveen Fund Advisors, LLC.",False,8.27,-0.03,8.73,2026-08-17T00:00:00,67062M105,Nuveen NY Municipal Value,2026-08-17,XNNYX,Fixed Income - Municipal-Municipal - NY,0.0,156.188,-0.037,Monthly,0.17478,0.0295,10.0,4.8241,,20.56,0.5700000000000001,,164.875,True,False,False,False,False,False,,2.91,3.35,0.22,-0.52,1.09,-1.44,,,6.98,358570,26.8,0.0,98.2305,,,8.86,8.47403,-3.93159,-0.98,-1.34,-1.67,2026-08-17T00:00:00,1987-10-07T00:00:00,10/7/1987,560563200,2026-08-14T00:00:00
254,NAN,0.0236,7.4181799999999996,7.24689,0.06799999999999999,9.63,23,Morningstar US CEF Municipal-NY,81,"Nuveen Fund Advisors, LLC.",False,11.26,-0.09,11.0,2026-08-17T00:00:00,67066X107,Nuveen NY Quality Muni Inc,2026-08-17,XNANX,Fixed Income - Municipal-Municipal - NY,40.24,372.202,0.013000000000000001,Monthly,0.25368,0.06799999999999999,15.0,5.0604,,21.25,3.77,,608.447,True,False,True,False,False,False,,2.22,8.36,-1.8,-0.4,0.99,3.64,,,9.21,709230,26.1,0.01,99.9827,,13.22,8.52,11.41265,0.6902400000000001,1.63,0.6900000000000001,1.12,2026-08-17T00:00:00,1999-05-26T00:00:00,5/26/1999,927676800,2026-08-14T00:00:00
255,JPC,-0.0052,9.74026,9.79112,0.0625,6.32,18,Morningstar US CEF Preferreds,81,"Nuveen Fund Advisors, LLC.",False,7.66,-0.01,7.7,2026-08-17T00:00:00,67073B106,Nuveen Pref & Income Opps Fund,2026-08-17,XJPCX,Fixed Income - Taxable-Preferreds,37.96,2874.333,-0.042,Monthly,0.24068,0.0625,15.0,7.673,,,4.67,,4657.196,True,False,False,False,False,False,,10.9,15.6,3.45,3.54,0.96,0.19,,,4.86,9897100,8.2,0.0,104.2944,,,,8.00533,0.15184,-0.68,-0.35000000000000003,-0.35000000000000003,2026-08-17T00:00:00,2003-03-26T00:00:00,3/26/2003,1048636800,2026-08-14T00:00:00
256,NAD,0.0086,7.2618,7.2,0.0705,8.56,21,Morningstar US CEF Municipal,81,"Nuveen Fund Advisors, LLC.",False,11.75,-0.12,11.65,2026-08-17T00:00:00,67066V101,Nuveen Quality Muni Income Fund,2026-08-17,XNADX,Fixed Income - Municipal-Municipal,42.18,2747.003,0.023,Monthly,0.27975,0.0705,15.0,5.2239,,19.9,3.74,,4710.204,True,False,True,False,False,False,,2.5700000000000003,8.37,-1.56,-0.7000000000000001,0.5700000000000001,1.52,,,12.81,6727880,23.8,1.21,97.3594,,11.17,7.62,11.86215,-1.15339,1.55,1.6800000000000002,1.5,2026-08-17T00:00:00,1999-05-26T00:00:00,5/26/1999,927676800,2026-08-14T00:00:00
257,JRI,-0.051699999999999996,12.17325,12.83654,0.1335,13.71,25,Morningstar US CEF Global Allocation,81,"Nuveen Fund Advisors, LLC.",True,12.48,-0.13,13.16,2026-08-17T00:00:00,67074Y105,Nuveen Real Asset Inc and Grwt,2026-08-17,XJRIX,Hybrid-Global Allocation,32.03,451.754,0.0,Monthly,0.26714,0.1335,20.0,6.5326,,,3.9,,700.814,True,False,False,False,True,False,,11.2,16.53,4.8,6.41,8.08,2.2800000000000002,,,11.39,1446160,24.2,0.0,100.7422,,,,13.2309,-2.35321,-0.73,-0.28,0.18,2026-08-17T00:00:00,2012-04-25T00:00:00,4/25/2012,1335312000,2026-08-14T00:00:00
258,JRS,-0.0849,8.21622,8.97815,0.19,23.03,7,Morningstar US CEF Real Estate,81,"Nuveen Fund Advisors, LLC.",True,8.465,-0.05,9.25,2026-08-17T00:00:00,67071B108,Nuveen Real Estate Income,2026-08-17,XJRSX,Equity-Real Estate,27.7,244.575,0.0,Quarterly,0.07692,0.19,15.0,,,,3.4,,369.655,True,True,False,False,True,False,,11.03,13.0,2.85,3.03,19.97,17.81,,,22.93,785990,0.0,,,,6.49,,8.039860000000001,-8.21111,-0.18,1.09,1.06,2026-08-17T00:00:00,2001-11-15T00:00:00,11/15/2001,1005782400,2026-06-15T00:00:00
259,SPXX,-0.08710000000000001,8.02093,8.78583,0.4215,20.86,3,Morningstar US CEF Covered Call,81,"Nuveen Fund Advisors, LLC.",True,19.19,0.04,21.02,2026-08-17T00:00:00,6706EW100,Nuveen S&P 500 Dynamic Overwrite,2026-08-17,XSSPX,Equity-Covered-Call Funds,,2644.669,0.0,Quarterly,0.02449,0.4215,20.0,,,,0.9700000000000001,,2896.871,False,True,True,False,True,False,,15.26,13.57,10.36,8.08,10.38,6.76,,,11.01,1369340,,,,,,,17.80939,-8.78298,0.03,1.3,1.3900000000000001,2026-08-17T00:00:00,2005-11-22T00:00:00,11/22/2005,1132617600,2026-06-15T00:00:00
260,NIM,-0.053,3.5474,3.74612,0.028999999999999998,3.86,21,Morningstar US CEF Municipal,81,"Nuveen Fund Advisors, LLC.",False,9.2896,-0.01,9.81,2026-08-17T00:00:00,67061T101,Nuveen Select Maturity Muni,2026-08-17,XNIMX,Fixed Income - Municipal-Municipal,0.41000000000000003,115.624,-0.007,Monthly,0.16949,0.028999999999999998,12.0,4.4409,,8.43,0.5800000000000001,,122.101,True,False,True,False,False,False,,2.98,4.39,0.93,-0.19,0.11,0.52,,,4.78,194010,18.5,1.46,99.3385,,,5.0,9.37111,-5.78355,0.36,0.62,-0.07,2026-08-17T00:00:00,1992-09-18T00:00:00,9/18/1992,716774400,2026-08-14T00:00:00
261,NXP,0.0092,4.54674,4.50526,0.0535,6.23,21,Morningstar US CEF Municipal,81,"Nuveen Fund Advisors, LLC.",False,14.25,-0.06,14.12,2026-08-17T00:00:00,67062F100,Nuveen Select Tax Free Inc,2026-08-17,XNXPX,Fixed Income - Municipal-Municipal,3.73,897.974,0.014,Monthly,0.28791,0.0535,15.0,5.0515,,17.48,0.35000000000000003,,889.782,True,False,True,False,False,False,,3.62,3.45,0.77,-0.26,1.07,2.87,,,6.62,1405460,13.9,1.3,95.6524,,9.19,7.95,14.29201,-0.10259000000000001,1.1,1.24,1.18,2026-08-17T00:00:00,1992-03-19T00:00:00,3/19/1992,700963200,2026-08-14T00:00:00
262,NBB,-0.019799999999999998,7.40883,7.55875,0.0965,4.88,20,Morningstar US CEF Taxable Muni,81,"Nuveen Fund Advisors, LLC.",False,15.32,-0.13,15.63,2026-08-17T00:00:00,67074C103,Nuveen Taxable Municipal Income,2026-08-17,XNBBX,Fixed Income - Taxable-Taxable Muni,39.04,450.328,-0.051000000000000004,Monthly,0.47616,0.0965,20.0,6.9058,,16.81,3.24,,753.655,True,False,True,False,False,False,,5.61,7.16,-1.06,-1.51,-0.27,0.47000000000000003,,,4.18,565890,5.5,0.0,103.6971,,,7.36,15.8796,-2.67504,0.72,1.31,1.11,2026-08-17T00:00:00,2010-04-27T00:00:00,4/27/2010,1272326400,2026-08-14T00:00:00
263,NPV,-0.0216,6.65464,6.80184,0.0615,8.42,24,Morningstar US CEF Municipal-Single State,81,"Nuveen Fund Advisors, LLC.",False,10.85,-0.09,11.09,2026-08-17T00:00:00,67064R102,Nuveen VA Quality Muni Inc,2026-08-17,XNPVX,Fixed Income - Municipal-Municipal - Single-State,40.35,212.563,0.026000000000000002,Monthly,0.2321,0.0615,15.0,4.8846,,18.31,3.54,,364.215,True,False,False,False,False,False,,2.49,6.14,-1.6,-3.2800000000000002,0.29,1.47,,,5.83,481520,32.1,1.52,97.6252,,11.51,7.5600000000000005,11.354800000000001,-0.7547100000000001,-0.84,-1.2,-1.81,2026-08-17T00:00:00,1993-03-18T00:00:00,3/18/1993,732412800,2026-08-14T00:00:00
264,NPFD,-0.0322,9.74572,10.06971,0.1565,6.38,18,Morningstar US CEF Preferreds,81,"Nuveen Fund Advisors, LLC.",False,18.65,0.04,19.27,2026-08-17T00:00:00,67080R102,Nuveen Variable Rate Pref & Inc Fund,2026-08-17,XNPFX,Fixed Income - Taxable-Preferreds,37.04,450.661,,Monthly,0.5723900000000001,0.1565,25.0,7.4602,,,4.79,,739.549,True,False,True,False,False,False,,10.43,13.81,,,1.08,1.06,,,3.15,656340,7.2,0.0,103.0703,,5.58,3.54,19.20644,-3.93684,0.56,2.04,0.92,2026-08-17T00:00:00,2021-12-15T00:00:00,12/15/2021,1639526400,2026-08-14T00:00:00
265,SRV,0.016,12.60239,12.40438,0.5,25.63,6,Morningstar US CEF MLP,33,Cushing Asset Management LP,False,48.37,0.0,47.61,2026-08-17T00:00:00,231631300,NXG Cushing Midstream Energy Fund,2026-08-17,XSRVX,Equity-MLP,27.49,301.557,,Monthly,0.0352,0.5,20.0,,,,4.32,,430.457,True,True,True,False,False,False,,24.46,22.46,19.45,27.98,27.19,29.19,,,30.57,562760,,,,,4.57,,44.37807,-0.96042,0.79,0.49,1.09,2026-08-17T00:00:00,2007-08-27T00:00:00,8/27/2007,1188172800,2026-08-17T00:00:00
266,NXG,0.027000000000000003,11.9403,11.62603,0.6,25.07,8,Morningstar US CEF Sector Equity,33,Cushing Asset Management LP,False,61.93,-0.93,60.3,2026-08-17T00:00:00,231647207,NXG NextGen Infrastructure Inc,2026-08-17,XNXGX,Equity-Sector Equity,21.33,454.081,,Monthly,-0.31863,0.6,25.0,,,,4.16,,618.072,True,True,True,False,False,False,,21.04,32.08,12.59,18.9,26.1,22.76,,,23.35,672130,,,,,1.07,,53.39257,-1.4826000000000001,1.1400000000000001,0.8200000000000001,1.22,2026-08-17T00:00:00,2012-09-26T00:00:00,9/26/2012,1348617600,2026-08-17T00:00:00
267,MEGI,-0.08109999999999999,9.07441,9.87492,0.125,17.96,8,Morningstar US CEF Sector Equity,77,New York Life Investment Management LLC,False,15.19,-0.09,16.53,2026-08-17T00:00:00,56064Q107,NYLI CBRE Glb Infra Megatrends Term Fund,2026-08-17,XMEGI,Equity-Sector Equity,22.68,790.602,,Monthly,0.39004,0.125,20.0,,,,3.73,,1112.646,True,True,True,False,False,False,,10.85,14.69,,,14.78,17.89,,,18.19,1566100,,,,,,,14.69184,-9.289,0.72,0.78,1.24,2026-08-17T00:00:00,2021-10-27T00:00:00,10/27/2021,1635292800,2026-07-24T00:00:00
268,MMD,-0.0718,5.01548,5.4036,0.06749999999999999,8.49,21,Morningstar US CEF Municipal,77,New York Life Investment Management LLC,False,14.99,-0.04,16.15,2026-08-17T00:00:00,56064K100,NYLI MacKay DefinedTerm Muni Opps Fund,2026-08-17,XMMDX,Fixed Income - Municipal-Municipal,34.63,281.504,0.24000000000000002,Monthly,0.42096,0.06749999999999999,20.0,5.1948,,,2.72,,463.948,True,False,True,False,False,True,,2.66,0.56,-0.8200000000000001,-3.32,1.62,3.42,,,7.61,639800,,,104.6098,,,5.7,15.13245,-7.25392,0.06,-0.46,-0.06,2026-08-17T00:00:00,2012-06-27T00:00:00,6/27/2012,1340755200,2026-08-14T00:00:00
269,OCCI,-0.2446,18.34862,24.2915,0.049999999999999996,-32.59,19,Morningstar US CEF Senior Loans,82,"OFS Capital Management, LLC",True,2.47,0.07,3.32,2026-07-31T00:00:00,67111Q107,OFS Credit Company Inc,2026-08-17,OCCI,Fixed Income - Taxable-Senior Loans,47.95,72.406,,Monthly,0.33629000000000003,0.049999999999999996,20.0,13.384,,,13.31,,184.18,True,False,False,False,True,False,,-8.46,-16.6,-8.11,-12.48,-23.43,-41.66,,,-47.59,2846430,,,,,,,3.9807,-13.26851,-1.04,-0.48,-0.39,2026-08-17T00:00:00,2018-10-05T00:00:00,10/5/2018,1538697600,2026-08-14T00:00:00
270,OXLC,-0.0909,23.21083,25.53191,0.19999999999999998,-33.9,19,Morningstar US CEF Senior Loans,83,Oxford Lane Management,False,9.4,0.59,10.74,2026-06-30T00:00:00,691543847,Oxford Lane Capital Corp,2026-08-17,OXLCX,Fixed Income - Taxable-Senior Loans,43.35,917.907,,Monthly,1.29355,0.19999999999999998,20.0,10.7207,,,9.78,,1782.358,True,False,True,False,False,False,,-3.22,-10.03,-1.82,-5.79,-20.34,-23.67,,,-28.21,12364600,,,,,,,12.25444,-16.0665,0.74,1.01,0.7000000000000001,2026-08-17T00:00:00,2011-01-20T00:00:00,1/20/2011,1295481600,2026-08-17T00:00:00
271,PCM,0.0018,14.06715,14.04153,0.06423999999999999,5.95,16,Morningstar US CEF Limited Duration,84,"Pacific Investment Management Company, LLC",False,5.49,-0.12,5.48,2026-08-17T00:00:00,69323T101,PCM Fund,2026-08-17,XPCMX,Fixed Income - Taxable-Limited Duration,36.09,68.232,0.037,Monthly,0.31452,0.06423999999999999,15.0,6.3667,,6.53,4.76,,106.569,True,False,False,False,False,False,,7.84,-4.78,2.32,-2.6,0.89,-1.1400000000000001,,,1.09,523050,,,84.0078,,,,6.00504,3.76164,-1.03,-1.06,-0.81,2026-08-17T00:00:00,1993-09-02T00:00:00,9/2/1993,746928000,2026-08-13T00:00:00
272,PDCC,-0.1718,14.40443,17.3915,0.13,-28.86,19,Morningstar US CEF Senior Loans,86,Pearl Diver Capital LLP,True,8.9699,-0.21,10.96,2026-07-31T00:00:00,70476Q100,Pearl Diver Credit Company Inc,2026-08-17,PDCC,Fixed Income - Taxable-Senior Loans,34.67,61.62,,Monthly,0.93322,0.13,20.0,11.0222,,,8.24,,113.88,True,False,False,False,True,False,,,,,,-14.64,-30.16,,,-35.71,58190,,,,,,,12.93632,-4.53526,-1.82,-0.79,-1.19,2026-08-17T00:00:00,2024-07-18T00:00:00,7/18/2024,1721260800,2026-08-17T00:00:00
273,PSUS,-0.2107,,,,,10,Morningstar US CEF US Equity,87,"Pershing Square Capital Management, L.P.",False,39.72,0.61,50.32,2026-08-11T00:00:00,71531T105,"Pershing Square USA, Ltd",2026-08-17,PSUSX,Equity-U.S. Equity,,,,Annually,,,50.0,,,,0.0,,,False,True,True,False,False,False,,,,,,,,,,,0,,,,,,,,,,-0.51,,2026-08-17T00:00:00,2026-04-29T00:00:00,4/29/2026,1777420800,
274,GHY,-0.08310000000000001,9.88235,10.77844,0.105,6.5,14,Morningstar US CEF High Yield,88,PGIM,False,11.69,0.01,12.75,2026-08-17T00:00:00,69346J106,"PGIM Global High Yield Fund, Inc.",2026-08-17,XGHYX,Fixed Income - Taxable-High Yield,16.07,478.835,,Monthly,0.4495,0.105,20.0,6.5388,,,2.5,,622.254,True,False,False,False,False,False,,10.44,11.82,4.18,4.61,2.09,-0.46,,,-1.53,1548250,,,96.1442,,,,12.32598,-5.7103,-0.93,-0.37,-0.41000000000000003,2026-08-17T00:00:00,2012-12-21T00:00:00,12/21/2012,1356048000,2026-08-13T00:00:00
275,ISD,-0.07769999999999999,9.31953,10.10425,0.105,4.8,14,Morningstar US CEF High Yield,88,PGIM,False,12.47,0.06,13.52,2026-08-17T00:00:00,69346H100,"PGIM High Yield Bond Fund, Inc.",2026-08-17,XISDX,Fixed Income - Taxable-High Yield,20.36,415.199,,Monthly,0.55298,0.105,20.0,6.6707,,,2.15,,450.16,True,False,False,False,False,False,,8.75,10.02,4.09,4.28,1.37,-9.87,,,-4.89,923380,,,97.3684,,,,13.834060000000001,-0.58831,-1.65,-1.3599999999999999,-1.09,2026-08-17T00:00:00,2012-04-26T00:00:00,4/26/2012,1335398400,2026-08-13T00:00:00
276,SDHY,-0.0553,7.54805,7.99014,0.108,3.7800000000000002,14,Morningstar US CEF High Yield,88,PGIM,True,16.22,0.12,17.17,2026-08-17T00:00:00,69355J104,PGIM Short Duration High Yield Opps,2026-08-17,XSDHX,Fixed Income - Taxable-High Yield,22.15,400.197,,Monthly,0.74624,0.108,20.0,6.4186,,,2.52,,423.636,True,False,True,False,True,False,,7.55,10.51,4.49,4.44,1.19,2.12,,,4.65,691830,,,98.7564,,,,16.38185,-6.68802,1.09,1.74,1.72,2026-08-17T00:00:00,2020-11-25T00:00:00,11/25/2020,1606262400,2026-08-13T00:00:00
277,PAXS,-0.0315,12.28787,12.6879,0.1494,7.46,17,Morningstar US CEF Multi-Sector,90,PIMCO,True,14.13,-0.14,14.59,2026-08-17T00:00:00,72203T100,PIMCO Access Income,2026-08-17,XPAAX,Fixed Income - Taxable-Multi-Sector,39.46,666.251,,Monthly,0.7612800000000001,0.1494,20.0,7.1091,,7.51,5.85,,1136.333,True,False,False,False,True,False,,12.02,10.84,,,1.9100000000000001,-0.63,,,2.63,1839520,,,87.1897,,,,15.17572,0.70969,-1.3,-0.59,-0.76,2026-08-17T00:00:00,2022-01-31T00:00:00,1/31/2022,1643587200,2026-08-13T00:00:00
278,PCQ,-0.10099999999999999,4.45361,4.95413,0.036,10.39,22,Morningstar US CEF Municipal-CA,84,"Pacific Investment Management Company, LLC",False,8.72,-0.07,9.7,2026-08-17T00:00:00,72200N106,PIMCO CA Municipal Income,2026-08-17,XPCQX,Fixed Income - Municipal-Municipal - CA,42.46,489.477,0.161,Monthly,0.16229,0.036,15.0,4.7722,,14.81,4.27,,946.195,True,False,True,False,False,False,,2.05,-1.27,-2.98,-10.54,0.08,1.23,,,9.24,1563490,,,93.2247,,16.3,9.4,8.77848,-11.23646,1.48,1.6099999999999999,1.57,2026-08-17T00:00:00,2001-06-29T00:00:00,6/29/2001,993772800,2026-08-13T00:00:00
279,PTY,0.0264,12.52724,12.20548,0.11879999999999999,8.93,15,Morningstar US CEF Investment Grade,90,PIMCO,False,11.68,-0.05,11.38,2026-08-17T00:00:00,72201B101,PIMCO Corporate & Income Opportunity Fd,2026-08-17,XPTYX,Fixed Income - Taxable-Investment Grade,17.27,2563.775,0.218,Monthly,0.56621,0.11879999999999999,15.0,,,7.79,1.27,,3019.424,True,False,False,False,False,False,,15.21,3.15,8.08,-0.3,2.5700000000000003,-2.59,,,-5.69,10451330,,,92.5257,,,,12.81448,9.60191,-1.17,-1.21,-1.17,2026-08-17T00:00:00,2002-12-27T00:00:00,12/27/2002,1040947200,2026-08-13T00:00:00
280,PCN,0.0316,11.8525,11.48936,0.11249999999999999,7.57,15,Morningstar US CEF Investment Grade,84,"Pacific Investment Management Company, LLC",False,11.75,-0.02,11.39,2026-08-17T00:00:00,72200U100,PIMCO Corporate & Income Strgy,2026-08-17,XPCNX,Fixed Income - Taxable-Investment Grade,5.83,893.704,0.038,Monthly,0.55593,0.11249999999999999,15.0,,,7.24,1.2,,919.919,True,False,False,False,False,False,,13.43,5.59,6.97,1.05,2.09,-2.42,,,3.22,3253690,,,92.1813,,,,12.42042,6.06047,-0.9500000000000001,0.66,-0.33,2026-08-17T00:00:00,2001-12-21T00:00:00,12/21/2001,1008892800,2026-08-13T00:00:00
281,PDI,-0.014100000000000001,16.90735,17.14841,0.2205,8.58,17,Morningstar US CEF Multi-Sector,84,"Pacific Investment Management Company, LLC",False,15.43,-0.32,15.65,2026-08-17T00:00:00,72201Y101,PIMCO Dynamic Income Fund,2026-08-17,XPDIX,Fixed Income - Taxable-Multi-Sector,31.75,7339.854,,Monthly,0.8963,0.2205,25.0,7.0675,,7.46,4.46,,10907.414,True,False,False,False,False,False,,13.36,9.52,6.02,3.2800000000000002,2.17,-0.88,,,-2.8,27140010,,,89.285,,,,17.81322,8.10225,-2.17,-3.24,-2.59,2026-08-17T00:00:00,2012-05-25T00:00:00,5/25/2012,1337904000,2026-08-13T00:00:00
282,PDO,-0.0039000000000000003,12.01879,12.06604,0.12789999999999999,9.26,13,Morningstar US CEF Global Income,84,"Pacific Investment Management Company, LLC",True,12.72,-0.07,12.77,2026-08-17T00:00:00,69355M107,PIMCO Dynamic Income Opportunities Fund,2026-08-17,XPDOX,Fixed Income - Taxable-Global Income,34.43,1849.229,,Monthly,0.6564,0.12789999999999999,20.0,7.2428,,7.31,5.22,,2831.477,True,False,False,False,True,False,,13.44,12.57,3.39,3.0,2.17,0.9500000000000001,,,8.6,6063290,,,87.4408,,,,13.555109999999999,3.63446,-2.24,-2.66,-1.5899999999999999,2026-08-17T00:00:00,2021-01-29T00:00:00,1/29/2021,1611878400,2026-08-13T00:00:00
283,PDX,-0.0818,6.74874,7.34986,0.1334,7.64,25,Morningstar US CEF Global Allocation,90,PIMCO,True,21.78,-0.11,23.72,2026-08-17T00:00:00,69346N107,PIMCO Dynamic Income Strategy Fund,2026-08-17,XPDX,Hybrid-Global Allocation,22.48,973.717,,Monthly,0.70899,0.1334,20.0,6.1113,,6.61,3.29,,1367.927,True,True,True,False,True,True,,17.81,22.07,21.28,24.39,16.88,18.99,,,7.57,1213990,,,89.6993,,,,21.55903,-9.53812,0.79,1.55,1.71,2026-08-17T00:00:00,2019-01-30T00:00:00,1/30/2019,1548806400,2026-08-13T00:00:00
284,PGP,-0.0464,8.94168,9.37712,0.06899999999999999,22.26,25,Morningstar US CEF Global Allocation,84,"Pacific Investment Management Company, LLC",False,8.83,-0.04,9.26,2026-08-17T00:00:00,722011103,PIMCO Global StocksPLUS & Income,2026-08-17,XPGPX,Hybrid-Global Allocation,48.41,102.355,0.07,Monthly,0.38544,0.06899999999999999,25.0,6.7163,,7.5600000000000005,2.5300000000000002,,208.078,True,True,False,False,False,False,,18.92,16.04,7.75,5.01,7.43,-2.01,,,11.55,436570,,,92.7925,,,,8.75245,-1.03718,-1.38,0.13,-0.76,2026-08-17T00:00:00,2005-05-31T00:00:00,5/31/2005,1117497600,2026-08-13T00:00:00
285,PHK,0.0179,12.885909999999999,12.65934,0.048,9.2,17,Morningstar US CEF Multi-Sector,84,"Pacific Investment Management Company, LLC",False,4.55,-0.05,4.47,2026-08-17T00:00:00,722014107,PIMCO High Income,2026-08-17,XPHKX,Fixed Income - Taxable-Multi-Sector,19.87,864.206,-0.044000000000000004,Monthly,0.23584,0.048,15.0,,,8.09,1.44,,1059.575,True,False,False,False,False,False,,13.28,10.04,6.74,3.9699999999999998,3.27,2.98,,,7.96,7491570,,,92.8093,,,,4.77533,4.03535,-1.21,-0.48,-0.64,2026-08-17T00:00:00,2003-04-30T00:00:00,4/30/2003,1051660800,2026-08-13T00:00:00
286,PFL,0.0199,12.98936,12.73533,0.0814,6.47,17,Morningstar US CEF Multi-Sector,90,PIMCO,False,7.67,-0.08,7.52,2026-08-17T00:00:00,72201H108,PIMCO Income Strategy,2026-08-17,XPFLX,Fixed Income - Taxable-Multi-Sector,7.82,384.769,0.077,Monthly,0.35014,0.0814,20.0,,,6.86,1.8599999999999999,,409.25,True,False,False,False,False,False,,12.22,10.24,5.06,2.18,1.82,-1.46,,,3.7800000000000002,2065770,,,89.0405,,,,8.17723,4.41108,-1.2,0.1,-0.54,2026-08-17T00:00:00,2003-08-26T00:00:00,8/26/2003,1061856000,2026-08-13T00:00:00
287,PFN,0.0233,12.54148,12.25605,0.0718,8.39,17,Morningstar US CEF Multi-Sector,84,"Pacific Investment Management Company, LLC",False,7.03,-0.05,6.87,2026-08-17T00:00:00,72201J104,PIMCO Income Strategy II,2026-08-17,XPFNX,Fixed Income - Taxable-Multi-Sector,24.04,699.303,0.094,Monthly,0.36318,0.0718,20.0,,,8.1,1.71,,899.661,True,False,False,False,False,False,,13.32,12.62,5.63,2.96,2.5300000000000002,1.45,,,6.5,4345980,,,91.5001,,,,7.24935,2.76879,-0.21,0.49,0.63,2026-08-17T00:00:00,2004-10-29T00:00:00,10/29/2004,1099008000,2026-08-13T00:00:00
288,PML,-0.0526,6.07692,6.41407,0.0395,7.98,21,Morningstar US CEF Municipal,90,PIMCO,False,7.39,-0.03,7.8,2026-08-17T00:00:00,72200W106,PIMCO Municipal Income II,2026-08-17,XPMLX,Fixed Income - Municipal-Municipal,43.03,927.207,0.10300000000000001,Monthly,0.22416,0.0395,15.0,4.8605,,14.19,4.19,,1717.831,True,False,True,False,False,False,,1.25,-1.58,-3.76,-8.31,-0.23,0.38,,,8.03,4428980,,,95.705,,15.68,9.07,7.60153,-5.68972,0.36,2.1,1.1400000000000001,2026-08-17T00:00:00,2002-06-28T00:00:00,6/28/2002,1025222400,2026-08-13T00:00:00
289,PNI,-0.10339999999999999,4.63351,5.16788,0.0295,9.07,23,Morningstar US CEF Municipal-NY,90,PIMCO,False,6.85,-0.11,7.64,2026-08-17T00:00:00,72200Y102,PIMCO NY Municipal Income II,2026-08-17,XPNIX,Fixed Income - Municipal-Municipal - NY,41.93,163.615,0.065,Monthly,0.17601,0.0295,15.0,4.8205,,14.29,4.31,,314.256,True,False,True,False,False,False,,0.88,1.19,-4.29,-6.12,0.3,1.6400000000000001,,,10.76,566160,,,96.1901,,16.81,9.8,6.94586,-10.94598,0.88,0.34,0.56,2026-08-17T00:00:00,2002-06-28T00:00:00,6/28/2002,1025222400,2026-08-13T00:00:00
290,RCS,0.1575,10.50328,9.07372,0.04,9.97,15,Morningstar US CEF Investment Grade,90,PIMCO,False,5.29,-0.01,4.57,2026-08-17T00:00:00,72200X104,PIMCO Strategic Income Fund,2026-08-17,XRCSX,Fixed Income - Taxable-Investment Grade,80.33,250.802,0.019,Monthly,0.23481000000000002,0.04,12.5,6.5454,,7.52,3.49,,1101.786,True,False,False,False,False,False,,15.1,7.43,5.04,1.8900000000000001,2.88,-2.14,,,-20.71,1546480,,,99.6224,,,,6.10847,32.01551,-0.96,-0.52,-0.88,2026-08-17T00:00:00,1994-02-24T00:00:00,2/24/1994,762048000,2026-08-13T00:00:00
291,PWRL,-0.2708,,,,,8,Morningstar US CEF Sector Equity,91,Powerlaw Fund Adviser LLC,False,11.82,-2.37,16.21,2026-06-30T00:00:00,738922103,Powerlaw Corp.,2026-08-17,XPWRX,Equity-Sector Equity,,,,,,,,,,,0.0,,,False,True,True,False,False,False,,,,,,,,,,,0,,,,,,,,,,,,2026-08-17T00:00:00,2026-05-27T00:00:00,5/27/2026,1779840000,
292,PGZ,-0.0795,11.51737,12.51241,0.105,8.96,7,Morningstar US CEF Real Estate,92,Principal Funds,True,10.07,-0.14,10.94,2026-08-17T00:00:00,74255X104,Principal Real Estate Income Fund,2026-08-17,XPGZX,Equity-Real Estate,30.41,67.41,,Monthly,0.34794,0.105,20.0,3.6927,,,4.79,,105.234,True,False,True,False,True,False,,11.67,15.03,0.67,3.27,4.62,9.71,,,11.33,259520,,,80.4473,,4.67,,10.17982,-10.0046,1.4100000000000001,0.58,1.09,2026-08-17T00:00:00,2013-06-26T00:00:00,6/26/2013,1372204800,2026-08-17T00:00:00
293,UTG,-0.003,6.20079,6.21915,0.21,5.44,8,Morningstar US CEF Sector Equity,93,Reaves Asset Management,True,40.52,0.18,40.64,2026-08-17T00:00:00,756158101,Reaves Utility Income,2026-08-17,XUTGX,Equity-Sector Equity,20.24,3732.263,,Monthly,0.14102,0.21,20.0,,,,2.09,,4693.316,True,True,True,False,True,False,,19.31,19.41,9.79,9.59,8.3,8.31,,,6.88,2500570,,,,,2.62,,39.419200000000004,-0.44312,0.12,0.43,0.28,2026-08-17T00:00:00,2004-02-24T00:00:00,2/24/2004,1077580800,2026-08-18T00:00:00
294,RCG,-0.0698,,,0.022371,21.29,26,Morningstar US CEF US Allocation,63,Horizon Kinetics Asset Management LLC,False,2.8,0.04,3.01,2026-08-17T00:00:00,759720105,RENN Fund ord,2026-08-17,XXRENNX,Hybrid-U.S. Allocation,11.03,19.644,,Data Not Available,-0.00658,0.022371,10.0,,,,1.56,,21.118,True,True,True,False,False,False,,13.08,18.38,6.45,7.85,12.72,17.32,,,16.41,79900,,,,,0.15,,2.76966,-9.51951,0.61,0.47000000000000003,0.41000000000000003,2026-08-17T00:00:00,1994-01-20T00:00:00,1/20/1994,759024000,2024-12-16T00:00:00
295,RSF,-0.0222,11.04903,11.29945,0.1371,8.08,14,Morningstar US CEF High Yield,94,"RiverNorth Capital Management, LLC",False,14.56,0.02,14.89,2026-08-17T00:00:00,76882B108,RiverNorth Capital and Inc Fund,2026-08-17,XRSFX,Fixed Income - Taxable-High Yield,9.65,50.442,,Monthly,1.04616,0.1371,21.42,,,,6.38,,51.585,True,False,True,False,False,False,,8.74,9.04,6.15,5.58,4.37,8.18,,,10.67,168750,,,,,2.96,,14.58921,-4.22012,1.9300000000000002,2.74,1.53,2026-08-17T00:00:00,2016-09-22T00:00:00,9/22/2016,1474502400,2026-08-14T00:00:00
296,RFM,-0.0548,6.74235,7.1336,0.0881,10.95,21,Morningstar US CEF Municipal,94,"RiverNorth Capital Management, LLC",True,14.82,0.06,15.68,2026-08-17T00:00:00,76883H104,RiverNorth Flexible Municipal Income,2026-08-17,XRFMX,Fixed Income - Municipal-Municipal,40.16,90.62,,Monthly,0.26571,0.0881,20.0,5.1339,,,4.92,,160.218,True,True,True,False,True,True,,4.1,3.86,-1.04,-1.48,3.7800000000000002,8.81,,,14.23,217070,,,101.6818,,17.23,17.45,14.36979,-8.80551,2.66,2.18,2.26,2026-08-17T00:00:00,2020-03-26T00:00:00,3/26/2020,1585180800,2026-08-14T00:00:00
297,RFMZ,-0.0658,6.7562999999999995,7.23238,0.0804,10.94,21,Morningstar US CEF Municipal,94,"RiverNorth Capital Management, LLC",True,13.34,-0.06,14.28,2026-08-17T00:00:00,76883Y107,RiverNorth Flexible Municipal Income II,2026-08-17,XRFZX,Fixed Income - Municipal-Municipal,40.63,324.852,,Monthly,0.25023,0.0804,20.0,5.1559,,,5.04,,585.673,True,True,True,False,True,True,,4.38,5.07,-0.72,-1.81,3.54,7.66,,,12.87,760220,,,101.2073,,16.29,15.96,13.02389,-9.35872,2.11,1.4,1.5,2026-08-17T00:00:00,2021-02-24T00:00:00,2/24/2021,1614124800,2026-08-14T00:00:00
298,RMMZ,-0.0649,6.77567,7.24587,0.0891,10.36,21,Morningstar US CEF Municipal,94,"RiverNorth Capital Management, LLC",False,14.756,0.02,15.78,2026-08-17T00:00:00,76882M104,RiverNorth Manage Dur Muni Inc Fd II Inc,2026-08-17,XRMZX,Fixed Income - Municipal-Municipal,41.1,124.762,,Monthly,0.25979,0.0891,20.0,5.1833,,,4.97,,226.535,True,False,True,False,False,True,,3.86,4.64,,,3.33,5.92,,,13.83,236070,,,102.0403,,16.06,14.6,14.81042,-6.89186,0.38,1.09,0.8,2026-08-17T00:00:00,2022-02-10T00:00:00,2/10/2022,1644451200,2026-08-14T00:00:00
299,RMM,-0.038,6.77149,7.03878,0.0847,10.76,21,Morningstar US CEF Municipal,94,"RiverNorth Capital Management, LLC",False,14.44,-0.02,15.01,2026-08-17T00:00:00,76882H105,RiverNorth Managed Duration Muni Inc Fd,2026-08-17,XRMMX,Fixed Income - Municipal-Municipal,40.84,285.04,,Monthly,0.2686,0.0847,20.0,5.105,,,4.75,,500.802,True,True,True,False,False,True,,4.11,4.09,0.4,-0.91,3.43,9.68,,,11.4,701390,,,101.5299,,9.95,16.69,14.15214,-6.40104,1.44,0.5700000000000001,0.9,2026-08-17T00:00:00,2019-07-25T00:00:00,7/25/2019,1564012800,2026-08-14T00:00:00
300,RMI,-0.0058,6.74336,6.78264,0.08889999999999999,11.12,21,Morningstar US CEF Municipal,94,"RiverNorth Capital Management, LLC",False,15.7284,0.02,15.82,2026-08-17T00:00:00,76883F108,RiverNorth Opp Muni Income Fund Inc,2026-08-17,XRMIX,Fixed Income - Municipal-Municipal,39.86,100.261,,Monthly,0.26035,0.08889999999999999,20.0,5.14,,,4.93,,167.697,True,True,True,False,False,True,,4.1,5.51,-1.04,-0.11,3.84,13.9,,,20.63,252240,,,101.6429,,16.95,16.93,14.95846,-5.87709,1.85,1.97,1.81,2026-08-17T00:00:00,2018-10-25T00:00:00,10/25/2018,1540425600,2026-08-14T00:00:00
301,RIV,-0.0824,12.90939,14.06822,0.1306,9.59,26,Morningstar US CEF US Allocation,94,"RiverNorth Capital Management, LLC",True,11.14,0.03,12.14,2026-08-17T00:00:00,76881Y109,RiverNorth Opportunities Fund,2026-08-17,XRIVX,Hybrid-U.S. Allocation,25.66,304.916,,Monthly,0.24094000000000002,0.1306,20.0,6.1355,,7.28,2.07,,446.957,True,False,False,False,True,True,,12.6,13.68,6.64,4.01,1.9100000000000001,4.66,,,5.58,981790,,,97.8914,,,,11.71035,-5.25165,-1.5899999999999999,-3.06,-3.2,2026-08-17T00:00:00,2015-12-23T00:00:00,12/23/2015,1450828800,2026-08-14T00:00:00
302,OPP,-0.0758,13.34963,14.44444,0.091,7.68,14,Morningstar US CEF High Yield,94,"RiverNorth Capital Management, LLC",True,7.5600000000000005,-0.05,8.18,2026-08-17T00:00:00,76882G107,RiverNorth/DoubleLine Strategic Opp Fund,2026-08-17,XOPPX,Fixed Income - Taxable-High Yield,37.79,188.925,,Monthly,0.31625000000000003,0.091,20.0,4.9979,,,2.7800000000000002,,328.611,True,False,True,False,True,True,,9.76,10.85,2.48,0.55,1.5899999999999999,4.03,,,2.62,1032190,,,75.0367,,,,7.93567,-8.15112,0.26,0.87,0.93,2026-08-17T00:00:00,2016-09-27T00:00:00,9/27/2016,1474934400,2026-08-14T00:00:00
303,RVI,0.1411,,,,,5,Morningstar US CEF Global Equity,95,"Robinhood Ventures DE, LLC",True,28.55,-5.4,25.02,2026-06-30T00:00:00,770701100,Robinhood Ventures Fund I,2026-08-17,XRVIX,Equity-Global Equity,,777.908,,Annually,,,25.0,,,,2.72,,681.725,False,True,True,False,True,False,,,,,,,,,,,0,,,,,,,,,,-0.74,,2026-08-17T00:00:00,2026-03-06T00:00:00,3/6/2026,1772755200,
304,BOT,2.7821,,,,,8,Morningstar US CEF Sector Equity,52,"FP Strategies, LLC",True,32.49,-0.8,10.51,2026-06-30T00:00:00,77106T107,RoboStrategy Inc,2026-08-17,XBOTX,Equity-Sector Equity,,,,,,,,,,,0.0,,,False,True,True,False,True,False,,,,,,,,,,,0,,,,,,,,,,,,2026-08-17T00:00:00,2026-05-11T00:00:00,5/11/2026,1778457600,
305,RGT,-0.146,1.06264,1.24427,0.19,24.87,5,Morningstar US CEF Global Equity,96,Royce Investment Partners,False,15.27,-0.08,17.88,2026-08-17T00:00:00,78081T104,"Royce Global Trust, Inc.",2026-08-17,XRGTX,Equity-Global Equity,2.11,100.215,,Annually,-0.93737,0.19,8.975,,,,1.35,,117.344,True,True,True,False,False,False,,17.94,19.95,6.35,5.53,14.44,15.33,,,26.65,200350,,,,,,,13.69856,-14.74429,0.13,0.62,0.5,2026-08-17T00:00:00,2013-10-18T00:00:00,10/18/2013,1382054400,2025-12-11T00:00:00
306,RMT,-0.1081,5.12821,5.74949,0.21,51.45,10,Morningstar US CEF US Equity,96,Royce Investment Partners,True,14.61,0.0,16.38,2026-08-17T00:00:00,780915104,Royce Micro-Cap Trust,2026-08-17,XOTCX,Equity-U.S. Equity,2.23,781.321,,Quarterly,-0.11427,0.21,10.0,,,,1.3900000000000001,,895.978,True,True,True,False,True,False,,21.63,23.15,10.4,11.65,33.46,34.78,,,54.46,1230270,,,,,,,11.90019,-11.47276,0.93,1.29,0.43,2026-08-17T00:00:00,1993-12-14T00:00:00,12/14/1993,755827200,2026-06-11T00:00:00
307,RVT,-0.1128,5.78089,6.51603,0.31,30.6,10,Morningstar US CEF US Equity,96,Royce Investment Partners,True,19.03,0.04,21.45,2026-08-17T00:00:00,780910105,Royce Small-Cap Trust,2026-08-17,XRVTX,Equity-U.S. Equity,1.35,2276.518,,Quarterly,0.08396,0.31,10.0,,,,1.35,,2601.017,True,True,False,False,True,False,,16.35,17.3,8.13,8.77,20.38,16.39,,,29.81,2778960,,,,,,,17.17,-9.77052,-0.81,0.32,-0.6900000000000001,2026-08-17T00:00:00,1986-11-26T00:00:00,11/26/1986,533347200,2026-06-11T00:00:00
308,BRW,-0.0978,14.04959,15.57252,0.08499999999999999,-0.42,19,Morningstar US CEF Senior Loans,97,"Saba Capital Management, LP",False,6.55,-0.02,7.26,2026-08-17T00:00:00,78518H202,Saba Capital Income & Opportunities Fund,2026-08-17,XPPRX,Fixed Income - Taxable-Senior Loans,12.72,340.174,,Monthly,0.07357,0.08499999999999999,10.0,,,,5.82,,416.527,True,False,True,False,False,False,,9.06,8.6,7.26,7.29,3.13,3.06,,,-8.46,2690770,,,,,6.5,,7.00752,-10.30288,0.21,0.66,0.77,2026-08-17T00:00:00,1988-05-12T00:00:00,5/12/1988,579398400,2026-08-11T00:00:00
309,SABA,-0.1317,7.33404,8.4466,0.057999999999999996,2.16,13,Morningstar US CEF Global Income,97,"Saba Capital Management, LP",False,8.24,0.0,9.49,2026-08-17T00:00:00,880198205,Saba Capital Income & Ops Fund II,2026-08-17,XSABX,Fixed Income - Taxable-Global Income,,222.392,,Monthly,0.07175000000000001,0.057999999999999996,10.0,7.8815,,7.8100000000000005,4.58,,252.281,False,False,False,False,False,False,,9.87,8.32,4.7,2.9699999999999998,5.5600000000000005,4.88,,,-2.96,722230,,,,,,,8.50763,-12.11745,-0.61,-0.03,-0.07,2026-08-17T00:00:00,1988-03-17T00:00:00,3/17/1988,574560000,2026-08-11T00:00:00
310,SPMC,0.0074,25.50478,25.31646,0.13,-35.7,19,Morningstar US CEF Senior Loans,99,Sound Point Meridian Management Company LLC,True,9.48,-0.79,9.61,2026-07-31T00:00:00,83617A108,Sound Point Meridian Capital Inc,2026-08-17,,Fixed Income - Taxable-Senior Loans,,195.561,,Monthly,1.06488,0.13,20.0,,,,10.95,,194.117,False,False,True,False,True,False,,,,,,-21.15,-12.65,,,-28.89,285560,,,,,,,12.90372,-0.8150400000000001,0.2,-0.7000000000000001,0.04,2026-08-17T00:00:00,2024-06-14T00:00:00,6/14/2024,1718323200,2026-08-14T00:00:00
311,SOR,-0.08070000000000001,4.94285,5.37664,0.20829999999999999,15.85,26,Morningstar US CEF US Allocation,48,"First Pacific Advisors, LP",True,46.49,0.07,50.57,2026-08-17T00:00:00,836144303,Source Capital,2026-08-17,XSORX,Hybrid-U.S. Allocation,0.0,382.658,,Monthly,1.17317,0.20829999999999999,17.5,3.0676,,,0.9800000000000001,,416.24,True,True,False,False,True,False,,13.81,15.06,9.11,9.52,6.99,5.01,,,13.95,107360,,,,,,,46.20094,-5.0245,-1.28,0.04,-0.77,2026-08-17T00:00:00,1968-10-24T00:00:00,10/24/1968,-37497600,2026-08-13T00:00:00
312,SPE,-0.1449,8.21928,9.61238,0.10869999999999999,0.91,10,Morningstar US CEF US Equity,22,Bulldog Investors LLP,False,13.57,-0.07,15.87,2026-08-14T00:00:00,84741T104,Special Opportunities,2026-08-17,XSPEX,Equity-U.S. Equity,24.9,144.156,,Monthly,0.02606,0.10869999999999999,15.0,5.1616,,19.11,1.8599999999999999,,224.484,True,False,False,False,False,False,,12.68,15.43,8.1,7.96,-2.42,-6.45,,,-3.05,344270,,,,,,,14.59751,-10.59661,-2.1,-0.93,-1.3900000000000001,2026-08-17T00:00:00,1993-06-08T00:00:00,6/8/1993,739497600,2026-06-16T00:00:00
313,FUND,-0.0931,4.81895,5.31343,0.1424,35.81,10,Morningstar US CEF US Equity,101,Sprott Asset Management USA Inc.,True,10.72,0.04,11.82,2026-08-17T00:00:00,85208J109,Sprott Focus Trust,2026-08-17,XFUNX,Equity-U.S. Equity,0.0,320.482,,Quarterly,0.07343,0.1424,10.0,,,,1.13,,353.368,True,True,True,False,True,False,,13.63,13.33,11.1,11.84,17.15,17.55,,,38.28,265960,,,,,,,9.2487,-10.58991,1.8599999999999999,0.98,1.34,2026-08-17T00:00:00,1988-03-01T00:00:00,3/1/1988,573177600,2026-06-12T00:00:00
314,CEF,-0.0276,,,,33.08,2,Morningstar US CEF Commodity,100,Sprott Asset Management LP,False,45.07,0.54,46.35,2026-08-17T00:00:00,85208R101,Sprott Physical Gold and Silver Trust,2026-08-17,XCEFX,Equity-Commodities,,7746.639,,Data Not Available,0.0,,13.72,,,,0.46,,7966.645,False,True,True,False,False,False,,28.46,28.86,16.96,16.5,-12.05,-12.64,,,32.84,10642310,,,,,,,43.89475,-4.3735800000000005,1.18,2.49,2.21,2026-08-17T00:00:00,2018-01-16T00:00:00,1/16/2018,1516060800,
315,PHYS,-0.0178,,,,22.24,2,Morningstar US CEF Commodity,100,Sprott Asset Management LP,False,33.61,0.38,34.22,2026-08-17T00:00:00,85207H104,Sprott Physical Gold Trust Unit,2026-08-17,,Equity-Commodities,,16112.499,,Data Not Available,0.0,,10.0,,,,0.4,,16404.93,False,True,True,False,False,False,,26.4,25.98,16.7,16.33,-6.61,-7.36,,,21.53,48373980,,,,,,,33.0069,-2.23119,0.75,2.61,1.69,2026-08-17T00:00:00,2010-02-26T00:00:00,2/26/2010,1267142400,
316,SPPP,-0.0443,,,,16.36,2,Morningstar US CEF Commodity,100,Sprott Asset Management LP,False,14.25,0.14,14.91,2026-08-17T00:00:00,85207Q104,Sprott Physical Platinum & Palladium Tr,2026-08-17,,Equity-Commodities,,567.929,,Data Not Available,0.0,,10.0,,,,1.01,,594.234,False,False,True,False,False,False,,7.42,5.75,-5.38,-5.73,-20.59,-20.37,,,12.5,9071100,,,,,,,15.09004,-4.64293,0.09,2.17,2.3,2026-08-17T00:00:00,2012-12-19T00:00:00,12/19/2012,1355875200,
317,PSLV,-0.04190000000000001,,,,55.05,2,Morningstar US CEF Commodity,100,Sprott Asset Management LP,False,21.5,0.42,22.44,2026-08-17T00:00:00,85207K107,Sprott Physical Silver Trust Unit,2026-08-17,,Equity-Commodities,,13599.857,,Data Not Available,0.0,,10.0,,,,0.56,,14194.455,False,True,True,False,False,False,,31.23,30.55,16.58,16.13,-20.05,-20.51,,,51.37,175976810,,,,,,,21.42916,-4.49661,0.19,1.6800000000000002,1.1400000000000001,2026-08-17T00:00:00,2010-10-29T00:00:00,10/29/2010,1288310400,
318,STEW,-0.2245,3.36984,4.34546,0.19999999999999998,11.02,10,Morningstar US CEF US Equity,85,Paralel Advisors LLC,True,18.41,-0.13,23.74,2026-08-17T00:00:00,101507101,SRH Total Return Fund,2026-08-17,XSTEX,Equity-U.S. Equity,8.9,1775.488,,Quarterly,0.03245,0.19999999999999998,10.0,5.4498,,,1.42,,2513.261,True,True,False,False,True,False,,15.95,15.04,11.88,10.47,6.48,3.35,,,9.26,810880,,,,,0.4,,17.9421,-21.3902,-1.01,0.6900000000000001,-0.33,2026-08-17T00:00:00,1972-12-07T00:00:00,12/7/1972,92534400,2026-07-24T00:00:00
319,TWN,-0.1998,5.05396,6.31578,6.2002,103.15,1,Morningstar US CEF Asia Equity,80,Nomura Asset Management USA Inc,False,98.17,0.75,122.68,2026-08-17T00:00:00,874036106,Taiwan Fund,2026-08-17,XXTWNXX,Equity-Asia Equity,,563.696,,Annually,0.0,6.2002,22.42,,,,1.32,,704.433,False,True,False,False,False,False,,48.55,49.24,27.9,27.3,63.26,53.82,,,100.36,298950,,,,,,,69.35736,-15.66621,-1.9500000000000002,-1.5,-1.4,2026-08-17T00:00:00,1986-12-23T00:00:00,12/23/1986,535680000,2025-12-29T00:00:00
320,TSI,-0.09300000000000001,7.01653,7.73576,0.0283,0.9500000000000001,17,Morningstar US CEF Multi-Sector,102,TCW Investment Management Co LLC,False,4.39,-0.03,4.84,2026-08-17T00:00:00,872340104,TCW Strategic Income,2026-08-17,XXCVTXX,Fixed Income - Taxable-Multi-Sector,0.0,209.778,,Monthly,0.13571,0.0283,10.0,4.6909,,,1.17,,231.282,True,False,False,False,False,False,,5.94,6.03,2.92,1.75,-1.82,-6.99,,,-2.89,1181790,,,97.6881,,,,4.72178,-6.65102,-1.5899999999999999,-1.3,-1.07,2026-08-17T00:00:00,1987-03-05T00:00:00,3/5/1987,541900800,2026-08-17T00:00:00
321,TDF,-0.1492,4.6875,5.50964,0.15,9.0,1,Morningstar US CEF Asia Equity,103,Templeton Asset Management Ltd.,False,10.89,0.07,12.8,2026-08-17T00:00:00,88018T101,Templeton Dragon,2026-08-17,XTDFX,Equity-Asia Equity,0.31,274.603,,Quarterly,0.02559,0.15,15.0,,,,1.21,,323.77,True,False,False,False,False,False,,4.39,4.69,-6.53,-6.95,-2.38,-2.35,,,9.5,751250,,,,,,,11.222,-14.0592,-0.91,-0.52,-0.48,2026-08-17T00:00:00,1994-09-20T00:00:00,9/20/1994,780019200,2026-06-23T00:00:00
322,TEI,-0.055999999999999994,9.07563,9.61424,0.054,26.37,12,Morningstar US CEF Emerging Market Income,53,"Franklin Advisers, Inc.",False,6.74,-0.04,7.14,2026-08-17T00:00:00,880192109,Templeton Emerg Mkts Income,2026-08-17,XTEIX,Fixed Income - Taxable-Emerging Market Income,16.16,318.32,,Monthly,0.3607,0.054,15.0,8.2846,,,2.37,,402.211,True,True,True,False,False,False,,18.04,21.68,7.55,8.57,8.9,8.47,,,27.71,1863710,,,,,5.59,,6.46183,-5.80741,0.13,0.3,0.37,2026-08-17T00:00:00,1993-09-23T00:00:00,9/23/1993,748742400,2026-07-24T00:00:00
323,EMF,-0.1039,3.82014,4.26288,0.24,61.36,4,Morningstar US CEF Emerging Market Equity,55,Franklin Templeton Investments,False,22.52,0.29,25.13,2026-08-17T00:00:00,880191101,Templeton Emerging Markets,2026-08-17,XEMFX,Equity-Emerging Market Equity,2.59,336.627,,Quarterly,0.05477,0.24,20.0,,,,1.34,,385.641,True,True,False,False,False,False,,28.25,30.01,12.18,13.05,30.73,27.3,,,62.32,400630,,,,,,,19.13444,-10.15575,-0.15,-0.11,-0.09,2026-08-17T00:00:00,1987-02-26T00:00:00,2/26/1987,541296000,2026-06-23T00:00:00
324,CEE,-0.0791,1.69113,1.8363399999999999,0.3871,46.04,4,Morningstar US CEF Emerging Market Equity,40,DWS,False,21.08,-0.38,22.89,2026-08-17T00:00:00,153436100,The Central and Eastern Europe Fund,2026-08-17,XCEEX,Equity-Emerging Market Equity,4.76,137.446,,Annually,0.05509,0.3871,19.0,,,,1.26,,156.711,True,True,False,False,False,False,,39.03,33.55,-4.08,-2.5300000000000002,28.47,15.88,,,37.21,272860,,,,,,,18.48182,-1.02464,-2.5,-1.8599999999999999,-2.51,2026-08-17T00:00:00,1990-03-06T00:00:00,3/6/1990,636681600,2025-12-30T00:00:00
325,TBLD,-0.0529,5.31028,5.60682,0.10417,21.59,25,Morningstar US CEF Global Allocation,105,Thornburg Investment Management Inc,False,22.295,-0.15,23.54,2026-08-17T00:00:00,885213108,Thornburg Income Builder Opp Trust,2026-08-17,XTBLX,Hybrid-Global Allocation,0.07,715.266,,Monthly,0.26058,0.10417,20.0,5.557,,,1.62,,755.725,True,True,True,False,False,True,,16.37,20.18,10.23,9.39,12.09,12.17,,,19.33,607830,,,89.9154,,,,21.06626,-5.60685,0.26,0.24,0.15,2026-08-17T00:00:00,2021-07-27T00:00:00,7/27/2021,1627344000,2026-08-13T00:00:00
326,TYG,-0.0409,12.33766,12.86391,0.475,6.26,6,Morningstar US CEF MLP,106,"Tortoise Capital Advisors, LLC",False,44.31,0.02,46.2,2026-08-17T00:00:00,89147L886,Tortoise Energy Infrastructure Corp.,2026-08-17,XTYGX,Equity-MLP,23.42,936.252,,Monthly,-0.21128,0.475,25.0,,,,3.13,,1532.865,True,False,True,False,False,False,,17.03,24.32,14.83,21.17,9.8,12.58,,,11.47,1256170,,,,,0.25,,44.5505,-4.99848,0.28,1.3599999999999999,-0.03,2026-08-17T00:00:00,2004-02-27T00:00:00,2/27/2004,1077840000,2026-07-24T00:00:00
327,SWZ,-0.19649999999999998,7.90298,9.83541,3.0,5.14,9,Morningstar US CEF Single Country Equity,22,Bulldog Investors LLP,False,5.93,-0.02,7.38,2026-08-17T00:00:00,870875101,Total Return Securities Fund,2026-08-17,XSWZX,Equity-Single-Country Equity,0.0,76.935,,Quarterly,0.01728,3.0,8.0,5.1558,,19.63,2.21,,95.747,True,False,False,False,False,False,,1.6600000000000001,0.8,1.03,0.73,6.5,-5.14,,,-4.22,702000,,,,,,9.02,6.02907,-16.03855,-1.24,-0.16,-0.9500000000000001,2026-08-17T00:00:00,1987-08-27T00:00:00,8/27/1987,557020800,2025-03-18T00:00:00
328,TY,-0.0941,2.87066,3.16889,0.2852,17.54,26,Morningstar US CEF US Allocation,31,"Columbia Mgmt Investment Advisers, LLC",False,36.0,0.06,39.74,2026-08-17T00:00:00,895436103,Tri-Continental,2026-08-17,XTYCX,Hybrid-U.S. Allocation,1.74,1926.561,,Quarterly,0.5488000000000001,0.2852,10.0,6.057,,,0.46,,2164.346,True,True,True,False,False,False,,15.17,17.54,9.49,11.0,9.24,10.29,,,19.03,362980,,,,,4.48,,33.82567,-10.22674,1.03,0.06,0.73,2026-08-17T00:00:00,1929-01-14T00:00:00,1/14/1929,-1292716800,2026-06-16T00:00:00
329,AIO,-0.0864,7.32203,8.01484,0.18,31.06,8,Morningstar US CEF Sector Equity,108,"Virtus Investment Advisers, LLC",False,26.95,0.38,29.5,2026-08-17T00:00:00,92838Y100,Virtus AI & Tech Opp Fund,2026-08-17,XAIOX,Equity-Sector Equity,11.34,928.132,,Monthly,0.025490000000000002,0.18,20.0,4.6834,,,2.32,,1145.952,True,True,False,False,False,False,,22.72,22.7,10.79,11.68,21.04,21.33,,,15.68,838400,,,,,,,24.16352,-7.95564,-0.2,0.81,1.23,2026-08-17T00:00:00,2019-10-31T00:00:00,10/31/2019,1572480000,2026-08-13T00:00:00
330,NCV,-0.0762,8.75536,9.47735,0.13599999999999998,28.56,11,Morningstar US CEF Convertibles,108,"Virtus Investment Advisers, LLC",False,17.22,-0.11,18.64,2026-08-17T00:00:00,92838X805,Virtus Convertible & Income Fund,2026-08-17,XNCVX,Fixed Income - Taxable-Convertibles,33.23,389.058,0.012,Monthly,0.12557000000000001,0.13599999999999998,15.0,4.2431,,,2.8200000000000003,,630.7,True,True,True,False,False,False,,16.58,18.33,4.16,4.45,14.72,17.13,,,29.43,882990,,,112.1538,,6.02,,15.98176,-9.97904,1.92,1.85,1.76,2026-08-17T00:00:00,2003-03-31T00:00:00,3/31/2003,1049068800,2026-08-13T00:00:00
331,NCZ,-0.0525,8.49057,8.9608,0.12,30.21,11,Morningstar US CEF Convertibles,108,"Virtus Investment Advisers, LLC",False,16.07,-0.09,16.96,2026-08-17T00:00:00,92838U801,Virtus Convertible & Income Fund II,2026-08-17,XNCZX,Fixed Income - Taxable-Convertibles,33.9,305.795,0.0,Monthly,0.10316,0.12,15.0,4.1644,,,2.22,,488.253,True,True,True,False,False,False,,17.23,19.64,4.31,5.23,15.73,18.67,,,29.88,652530,,,111.4938,,6.05,,14.511800000000001,-9.60729,3.08,2.83,3.2,2026-08-17T00:00:00,2003-07-31T00:00:00,7/31/2003,1059609600,2026-08-13T00:00:00
332,ACV,-0.0172,7.71704,7.87172,0.18,27.07,26,Morningstar US CEF US Allocation,108,"Virtus Investment Advisers, LLC",False,27.44,-0.11,27.92,2026-08-17T00:00:00,92840N100,Virtus Diversified Inc & Conv Fund,2026-08-17,XACVX,Hybrid-U.S. Allocation,26.56,285.267,,Monthly,-0.00934,0.18,25.0,3.5932,,,3.63,,395.257,True,True,False,False,False,True,,18.67,20.58,7.73,8.85,13.66,6.66,,,30.38,296130,,,,,74.56,,26.15227,-0.52639,-0.33,0.46,-0.13,2026-08-17T00:00:00,2015-05-26T00:00:00,5/26/2015,1432598400,2026-08-13T00:00:00
333,NIE,-0.10400000000000001,7.74624,8.66318,0.58,18.55,26,Morningstar US CEF US Allocation,108,"Virtus Investment Advisers, LLC",False,26.78,-0.02,29.89,2026-08-17T00:00:00,92841M101,Virtus Equity & Convertible Inc Fund,2026-08-17,XNIEX,Hybrid-U.S. Allocation,,742.046,0.0,Quarterly,0.03966,0.58,25.0,2.0791,,,1.07,,828.221,False,True,False,False,False,False,,15.76,16.3,8.25,9.54,9.76,8.61,,,19.19,584600,,,,,,,25.47344,-10.34947,-0.05,0.93,0.65,2026-08-17T00:00:00,2007-02-27T00:00:00,2/27/2007,1172534400,2026-06-15T00:00:00
334,VGI,-0.0629,12.32349,13.15068,0.08,6.99,17,Morningstar US CEF Multi-Sector,108,"Virtus Investment Advisers, LLC",True,7.3,-0.03,7.79,2026-08-17T00:00:00,92829B101,Virtus Global Multi-Sector Income Fund,2026-08-17,XVGIX,Fixed Income - Taxable-Multi-Sector,30.79,82.586,,Monthly,0.22072,0.08,20.0,6.035,,7.5,3.98,,127.329,True,False,False,False,True,False,,7.97,10.72,1.47,1.51,1.31,-0.62,,,4.14,374730,,,97.9305,,,,7.67979,-5.66598,-0.46,1.23,0.43,2026-08-17T00:00:00,2012-02-23T00:00:00,2/23/2012,1329955200,2026-08-13T00:00:00
335,EDF,0.042199999999999994,14.45783,13.87283,0.06,20.16,12,Morningstar US CEF Emerging Market Income,109,Virtus Investment Advisors (VIA),False,5.19,-0.02,4.98,2026-08-17T00:00:00,86164T107,Virtus Stone Harbor Emerging Markets Inc,2026-08-17,XEDFX,Fixed Income - Taxable-Emerging Market Income,19.42,166.984,,Monthly,0.22559,0.06,25.0,6.8639,,,3.13,,198.846,True,True,True,False,False,False,,21.64,19.05,8.43,5.35,9.12,13.65,,,18.5,1566240,,,,,,3.92,5.11169,2.87272,0.37,-0.92,-0.09,2026-08-17T00:00:00,2010-12-23T00:00:00,12/23/2010,1293062400,2026-08-13T00:00:00
336,ZTR,-0.1043,8.82353,9.85075,0.055,18.3,25,Morningstar US CEF Global Allocation,108,"Virtus Investment Advisers, LLC",False,6.7,-0.06,7.48,2026-08-17T00:00:00,92835W107,Virtus Total Return Fund Inc,2026-08-17,XZTRX,Hybrid-Global Allocation,30.6,334.957,,Monthly,0.10525,0.055,15.0,5.8547,,6.15,3.67,,538.852,True,True,True,False,False,False,,13.66,14.25,6.67,5.15,12.26,14.03,,,20.49,1994050,,,98.4225,,,,6.59718,-10.81988,0.33,0.9400000000000001,1.31,2026-08-17T00:00:00,2005-02-24T00:00:00,2/24/2005,1109203200,2026-08-13T00:00:00
337,IAE,-0.0285,8.61878,8.79369,0.065,28.47,1,Morningstar US CEF Asia Equity,110,"Voya Investments, LLC",False,8.870000000000001,0.03,9.13,2026-08-17T00:00:00,92912J102,Voya Asia Pacific High Div Eq Inc Fd,2026-08-17,XIAEX,Equity-Asia Equity,,95.355,,Monthly,0.02682,0.065,25.0,,,,1.21,,98.151,False,True,True,False,False,False,,17.49,23.51,9.09,11.25,15.9,23.02,,,31.7,493180,,,,,,,7.8761,-5.89464,1.3,0.27,0.97,2026-08-17T00:00:00,2007-03-27T00:00:00,3/27/2007,1174953600,2026-08-03T00:00:00
338,IHD,-0.0229,8.49421,8.60495,0.055,30.54,4,Morningstar US CEF Emerging Market Equity,110,"Voya Investments, LLC",False,7.67,0.03,7.85,2026-08-17T00:00:00,92912P108,Voya Emerging Markets High Div Eq Fd,2026-08-17,XIHDX,Equity-Emerging Market Equity,,136.034,,Monthly,0.02083,0.055,20.0,,,,1.4100000000000001,,139.227,False,True,True,False,False,False,,17.71,23.52,9.01,11.34,16.5,22.26,,,37.08,761090,,,,,,,6.78158,-5.7316,1.53,0.43,0.91,2026-08-17T00:00:00,2011-04-26T00:00:00,4/26/2011,1303776000,2026-08-03T00:00:00
339,IGA,-0.0574,9.09091,9.70504,0.08499999999999999,19.55,3,Morningstar US CEF Covered Call,110,"Voya Investments, LLC",False,10.51,0.13,11.15,2026-08-17T00:00:00,92912R104,Voya Global Advantage and Premium Opp Fd,2026-08-17,XIGAX,Equity-Covered-Call Funds,,161.238,,Monthly,0.07357,0.08499999999999999,20.0,,,,1.01,,171.057,False,True,True,False,False,False,,14.24,18.01,9.87,11.0,12.79,10.63,,,17.41,570570,,,,,,,9.80585,-6.43093,0.56,3.6,2.1,2026-08-17T00:00:00,2005-10-26T00:00:00,10/26/2005,1130284800,2026-08-03T00:00:00
340,IGD,0.0152,9.03614,8.95522,0.049999999999999996,19.29,3,Morningstar US CEF Covered Call,110,"Voya Investments, LLC",False,6.7,0.01,6.6,2026-08-17T00:00:00,92912T100,Voya Global Equity Dividend&Prm Opp Fd,2026-08-17,XIGDX,Equity-Covered-Call Funds,,528.419,,Monthly,0.04503,0.049999999999999996,20.0,,,,0.9600000000000001,,520.532,False,True,True,False,False,False,,13.88,19.68,9.08,11.85,12.47,20.41,,,25.67,2515900,,,,,,,5.96236,-3.9575,2.34,2.25,1.75,2026-08-17T00:00:00,2005-03-28T00:00:00,3/28/2005,1111968000,2026-08-03T00:00:00
341,IDE,-0.0525,8.53485,8.98204,0.09999999999999999,22.42,5,Morningstar US CEF Global Equity,110,"Voya Investments, LLC",True,13.36,0.01,14.1,2026-08-17T00:00:00,92912X101,Voya Infrastructure Industrials&Matls Fd,2026-08-17,XIDEX,Equity-Global Equity,,202.488,,Monthly,0.02906,0.09999999999999999,20.0,,,,1.23,,213.704,False,True,False,False,True,False,,15.14,19.92,9.99,9.78,11.23,11.32,,,21.02,448990,,,,,,,12.90102,-3.13018,-0.89,-1.67,-1.35,2026-08-17T00:00:00,2010-01-26T00:00:00,1/26/2010,1264464000,2026-08-03T00:00:00
342,WDI,-0.0604,12.64727,13.47958,0.1485,5.42,17,Morningstar US CEF Multi-Sector,54,"Franklin Templeton Fund Adviser, LLC",True,13.22,-0.01,14.07,2026-08-17T00:00:00,95790K109,Western Asset Diversified Inc Fund,2026-08-17,XWDIX,Fixed Income - Taxable-Multi-Sector,33.75,686.278,,Monthly,0.8094,0.1485,20.0,8.2668,0.0,10.01,4.25,,1102.477,True,False,False,True,True,True,,8.9,11.16,3.2800000000000002,2.66,1.55,1.3,,,-0.29,1969560,,0.0,96.2566,,,,13.97682,-4.2148900000000005,-0.88,-0.55,-0.67,2026-08-17T00:00:00,2021-06-24T00:00:00,6/24/2021,1624492800,2026-07-24T00:00:00
343,EMD,-0.0391,10.36364,10.78524,0.095,12.12,12,Morningstar US CEF Emerging Market Income,54,"Franklin Templeton Fund Adviser, LLC",True,10.57,0.12,11.0,2026-08-17T00:00:00,95766A101,Western Asset Emerging Markets Debt,2026-08-17,XEMDX,Fixed Income - Taxable-Emerging Market Income,27.19,614.439,,Monthly,0.42033,0.095,20.0,6.0305,,,3.13,,878.204,True,False,True,False,True,False,,12.43,17.13,3.63,4.83,2.84,4.86,,,15.36,1965630,,,,,7.2,5.26,10.57759,-5.13055,0.76,0.73,0.64,2026-08-17T00:00:00,2003-12-01T00:00:00,12/1/2003,1070236800,2026-07-24T00:00:00
344,GDO,-0.08539999999999999,13.02491,14.24125,0.122,4.16,13,Morningstar US CEF Global Income,54,"Franklin Templeton Fund Adviser, LLC",False,10.28,-0.01,11.24,2026-08-17T00:00:00,95790C107,Western Asset Global Corp Opp,2026-08-17,XGDOX,Fixed Income - Taxable-Global Income,33.3,77.299,,Monthly,0.40556000000000003,0.122,20.0,5.8727,,,4.47,,126.708,True,False,False,False,False,False,,6.12,5.22,-0.08,-1.35,-0.35000000000000003,-6.06,,,-0.51,315480,,,,,,,11.28886,-4.83584,-1.96,-1.76,-2.02,2026-08-17T00:00:00,2009-11-27T00:00:00,11/27/2009,1259280000,2026-07-24T00:00:00
345,EHI,-0.0932,13.04348,14.38356,0.06999999999999999,6.72,14,Morningstar US CEF High Yield,55,Franklin Templeton Investments,False,5.84,-0.01,6.44,2026-08-17T00:00:00,95766B109,Western Asset Global High Income,2026-08-17,XEHIX,Fixed Income - Taxable-High Yield,31.72,176.95,,Monthly,0.29517,0.06999999999999999,15.0,7.348,0.0,8.92,3.49,,285.788,True,False,False,True,False,False,,7.65,5.32,1.16,0.23,2.27,-2.46,,,0.46,1015350,,0.0,97.2695,,,,6.24527,-6.36553,-1.5,-1.1,-1.01,2026-08-17T00:00:00,2003-07-28T00:00:00,7/28/2003,1059350400,2026-07-24T00:00:00
346,HIX,-0.0294,14.41176,14.84848,0.048999999999999995,6.09,14,Morningstar US CEF High Yield,55,Franklin Templeton Investments,False,3.96,0.03,4.08,2026-08-17T00:00:00,95766J102,Western Asset High Income II,2026-08-17,XHGIX,Fixed Income - Taxable-High Yield,31.97,356.676,,Monthly,0.19291,0.048999999999999995,15.0,7.2719000000000005,,,3.76,,540.143,True,False,True,False,False,False,,8.61,6.16,1.65,0.28,1.71,1.57,,,5.58,3386710,,,98.1954,,,,4.11184,-3.52907,0.38,1.51,1.13,2026-08-17T00:00:00,1998-05-28T00:00:00,5/28/1998,896313600,2026-07-24T00:00:00
347,HIO,-0.0775,11.00775,11.93277,0.0355,5.5,14,Morningstar US CEF High Yield,54,"Franklin Templeton Fund Adviser, LLC",False,3.5700000000000003,0.01,3.87,2026-08-17T00:00:00,95766K109,Western Asset High Income Opportunity,2026-08-17,XHIOX,Fixed Income - Taxable-High Yield,,339.504,,Monthly,0.15621000000000002,0.0355,12.5,7.534,,,0.93,,368.034,False,False,False,False,False,False,,6.91,8.51,2.2,2.18,1.99,1.83,,,-0.08,4071560,,,98.8137,,,,3.73063,-6.42804,-0.86,-0.3,-0.56,2026-08-17T00:00:00,1993-11-16T00:00:00,11/16/1993,753408000,2026-07-24T00:00:00
348,HYI,-0.0812,9.95633,10.836500000000001,0.095,4.18,14,Morningstar US CEF High Yield,54,"Franklin Templeton Fund Adviser, LLC",False,10.52,-0.01,11.45,2026-08-17T00:00:00,95768B107,Western Asset High Yield Opp Fund,2026-08-17,XHYIX,Fixed Income - Taxable-High Yield,,134.803,,Monthly,0.50391,0.095,20.0,7.6148,,,1.07,,146.72,False,False,False,False,False,True,,6.36,5.53,2.34,1.15,1.83,-0.98,,,-2.8,599280,,,98.3189,,,,11.05644,-6.34518,-0.76,0.89,-0.17,2026-08-17T00:00:00,2010-10-27T00:00:00,10/27/2010,1288137600,2026-07-24T00:00:00
349,PAI,-0.0723,4.8951,5.27638,0.0525,2.7199999999999998,15,Morningstar US CEF Investment Grade,55,Franklin Templeton Investments,False,11.94,-0.02,12.87,2026-08-17T00:00:00,95766T100,Western Asset Income,2026-08-17,XPAIX,Fixed Income - Taxable-Investment Grade,8.93,113.561,,Monthly,0.3276,0.0525,12.0,6.0734,,,0.77,,122.406,True,False,False,False,False,False,,5.24,5.31,-0.02,-0.88,-0.59,-2.64,,,-3.05,179480,,,101.3051,,,,12.38316,-6.32624,-0.71,1.07,0.01,2026-08-17T00:00:00,1972-12-21T00:00:00,12/21/1972,93744000,2026-07-24T00:00:00
350,WIW,-0.10189999999999999,8.04721,8.96057,0.0625,3.87,15,Morningstar US CEF Investment Grade,112,"Western Asset Management Company, LLC",True,8.37,0.0,9.32,2026-08-17T00:00:00,95766R104,Western Asset Infl-Linked Opps & Inc Fd,2026-08-17,XWIWX,Fixed Income - Taxable-Investment Grade,29.44,512.111,,Monthly,0.23593,0.0625,15.0,2.5526,0.0,8.25,2.59,,808.132,True,False,True,True,True,False,,3.89,6.36,-0.6900000000000001,0.04,1.12,1.25,,,2.75,2424180,,0.0,93.4475,,,4.02,8.62686,-10.37551,0.23,2.47,1.77,2026-08-17T00:00:00,2004-02-27T00:00:00,2/27/2004,1077840000,2026-07-24T00:00:00
351,WIA,-0.099,7.05882,7.83427,0.052,3.58,15,Morningstar US CEF Investment Grade,112,"Western Asset Management Company, LLC",True,7.965,-0.04,8.84,2026-08-17T00:00:00,95766Q106,Western Asset Inflation-Linked Income Fd,2026-08-17,XWIAX,Fixed Income - Taxable-Investment Grade,26.1,185.762,,Monthly,0.21076,0.052,15.0,2.378,,,2.91,,278.979,True,False,False,False,True,False,,3.75,5.87,-1.19,-1.32,0.92,0.16,,,2.58,416050,,,94.6375,,,4.09,8.22554,-9.66047,-0.39,0.27,0.37,2026-08-17T00:00:00,2003-09-30T00:00:00,9/30/2003,1064880000,2026-07-24T00:00:00
352,SBI,-0.0771,6.07229,6.57963,0.041999999999999996,5.86,21,Morningstar US CEF Municipal,54,"Franklin Templeton Fund Adviser, LLC",False,7.66,-0.03,8.3,2026-08-17T00:00:00,958435109,Western Asset Intermediate Muni,2026-08-17,XSBIX,Fixed Income - Municipal-Municipal,29.91,107.871,,Monthly,0.13919,0.041999999999999996,10.0,4.743,,,2.6,,166.752,True,False,True,False,False,False,,2.8200000000000003,5.8,-0.55,0.04,0.5,2.77,,,7.26,430340,11.06,,103.1201,,7.84,5.53,7.79175,-8.3064,0.77,-0.01,0.47000000000000003,2026-08-17T00:00:00,1992-03-02T00:00:00,3/2/1992,699494400,2026-07-24T00:00:00
353,IGI,-0.0658,5.00294,5.35512,0.071,2.75,15,Morningstar US CEF Investment Grade,54,"Franklin Templeton Fund Adviser, LLC",False,15.91,-0.01,17.03,2026-08-17T00:00:00,95790A101,Western Asset Invstm Grd Opp Tr Inc,2026-08-17,XIGIX,Fixed Income - Taxable-Investment Grade,,95.359,,Monthly,0.43967,0.071,20.0,6.1913,0.0,10.87,0.93,,102.072,False,False,True,True,False,False,,4.48,3.42,-0.53,-2.02,-0.55,-2.06,,,-0.06,163120,,0.0,99.2391,,,,16.33149,-6.74203,0.21,1.52,1.49,2026-08-17T00:00:00,2009-06-26T00:00:00,6/26/2009,1245974400,2026-07-24T00:00:00
354,MMU,-0.050199999999999995,6.07807,6.39922,0.0545,7.75,21,Morningstar US CEF Municipal,55,Franklin Templeton Investments,False,10.22,0.0,10.76,2026-08-17T00:00:00,95766M105,Western Asset Managed Municipals,2026-08-17,XMMUX,Fixed Income - Municipal-Municipal,33.53,558.205,,Monthly,0.14102,0.0545,15.0,4.8344000000000005,,,2.7,,884.133,True,False,True,False,False,False,,2.98,6.36,-1.02,-0.65,0.45,-0.3,,,7.64,1315390,10.27,,102.2026,,10.8,7.24,10.33295,-6.07351,1.19,1.45,1.12,2026-08-17T00:00:00,1992-06-26T00:00:00,6/26/1992,709516800,2026-07-24T00:00:00
355,DMO,-0.066,12.83422,13.74046,0.12,6.42,14,Morningstar US CEF High Yield,54,"Franklin Templeton Fund Adviser, LLC",False,10.48,-0.01,11.22,2026-08-17T00:00:00,95790B109,Western Asset Mortgage Opp Fund Inc.,2026-08-17,XDMOX,Fixed Income - Taxable-High Yield,49.0,119.756,,Monthly,0.54871,0.12,20.0,7.4137,,,7.87,,251.408,True,False,False,False,False,False,,10.19,10.86,4.96,4.04,2.9699999999999998,0.97,,,-0.41000000000000003,498890,,,91.0522,,,,11.2096,-3.61358,-1.07,-0.71,-0.91,2026-08-17T00:00:00,2010-02-26T00:00:00,2/26/2010,1267142400,2026-07-24T00:00:00
356,MHF,0.0029,6.0,5.9824,0.033999999999999996,6.08,21,Morningstar US CEF Municipal,54,"Franklin Templeton Fund Adviser, LLC",False,6.82,-0.05,6.8,2026-08-17T00:00:00,95766N103,Western Asset Municipal High Income,2026-08-17,XMHFX,Fixed Income - Municipal-Municipal,1.77,151.566,,Monthly,0.11955,0.033999999999999996,10.0,4.7957,0.0,10.01,0.8400000000000001,,153.852,True,False,False,True,False,False,,3.36,7.13,0.6900000000000001,0.98,0.98,2.18,,,6.27,613700,14.87,0.0,100.1728,,7.17,7.3,6.96813,0.59896,-0.16,-0.55,0.01,2026-08-17T00:00:00,1988-11-28T00:00:00,11/28/1988,596678400,2026-07-24T00:00:00
357,WEA,-0.060899999999999996,7.52688,8.01527,0.06999999999999999,5.54,15,Morningstar US CEF Investment Grade,111,Western Asset Management Company Pte Ltd. â Singapore,False,10.48,-0.04,11.16,2026-08-17T00:00:00,957664105,Western Asset Premier Bond,2026-08-17,XWEAX,Fixed Income - Taxable-Investment Grade,33.01,124.351,,Monthly,0.38834,0.06999999999999999,15.0,6.1566,,,3.55,,197.664,True,False,False,False,False,False,,7.01,5.8,1.33,0.53,0.68,-0.9,,,4.17,289120,,,98.0101,,,,10.87556,-4.8332,-0.85,0.44,0.06,2026-08-17T00:00:00,2002-03-28T00:00:00,3/28/2002,1017273600,2026-07-24T00:00:00
358,MCN,-0.10369999999999999,11.48325,12.81139,0.06,9.06,3,Morningstar US CEF Covered Call,113,XA Investments LLC,False,5.62,-0.07,6.27,2026-08-17T00:00:00,557437100,XAI Madison Equity Premium Income Fund,2026-08-17,XMCNX,Equity-Covered-Call Funds,0.01,118.676,,Monthly,0.041210000000000004,0.06,15.0,,,,1.1,,132.402,True,False,False,False,False,False,,5.36,1.96,6.55,3.5,2.98,0.97,,,2.99,648630,,,,,,,5.93042,-7.55801,-1.54,-1.57,-1.8,2026-08-17T00:00:00,2004-07-28T00:00:00,7/28/2004,1090972800,2026-08-17T00:00:00
359,XFLT,-0.1542,11.86552,13.98239,0.22499999999999998,-14.91,19,Morningstar US CEF Senior Loans,113,XA Investments LLC,False,19.31,0.03,22.83,2026-08-17T00:00:00,98400T304,XAI Octagon FR & Alternative Inc Trust,2026-08-17,XFLTX,Fixed Income - Taxable-Senior Loans,40.59,294.108,,Monthly,1.13446,0.22499999999999998,10.0,5.3221,,,7.5600000000000005,,585.337,True,False,True,False,False,False,,1.98,-4.03,2.17,-2.93,-8.58,-13.71,,,-20.44,1082080,,,,,,,21.17898,-17.20377,0.3,2.02,2.0,2026-08-17T00:00:00,2017-09-27T00:00:00,9/27/2017,1506470400,2026-08-17T00:00:00
