,Ticker,Premium / Discount,DistributionRateNAV,DistributionRatePrice,DistributionAmtUSD,ReturnOnNAV,CategoryId,Category,SponsorId,SponsorName,IsManagedDistribution,Share Price,PriceChange,NAV,NAVPublished,Cusip,Fund Name,Date,NavTicker,Strategy,LeverageRatioPercentage,MarketCapUSDm,UNIIPerShare,DistributionFrequency,EarningsPerShare,CurrentDistribution,InceptionPrice,AverageCoupon,AMTPercentage,AverageWeightedMaturity,ExpenseRatio,BaselineExpense,TotalAssetsUSDm,IsLeveraged,IsPriceBelow52WkAvg,IsDiscountBelow52WkAvg,IsAMTPct,IsManaged,Term,AvgWtdDurationLevAdj,Yr3RetOnNav,Yr3RetOnPrice,Yr5RetOnNav,Yr5RetOnPrice,YTDRetOnNav,YTDRetOnPrice,SinceInceptionRetOnNav,SinceInceptionRetOnPrice,ReturnOnPrice,AvgDailyVolume,CallableYr1Pct,PrerefundedPercentage,AvgBondPrice,AvgWtdDurationNonLevAdj,EffDurationLevAdj,EffDurationNonLevAdj,Price52WkAvg,Discount52WkAvg,ZScore1Yr,ZScore3M,ZScore6M,ZScoreDate,InceptionDate,InceptionDateString,InceptionDateUnixTimestamp,DistributionDate
0,MGF,-0.0799,8.33333,9.0566,0.02,-2.7,15,Morningstar US CEF Investment Grade,2,abrdn Inc.,True,2.65,-0.03,2.88,2026-10-07T00:00:00,552939100,Aberdeen Government Markets Income,2026-10-07,XMGFX,Fixed Income - Taxable-Investment Grade,,86.364,,Monthly,0.04709,0.02,10.0,4.1325,0.0,6.55,0.8,,93.86,False,False,False,True,True,False,,3.26,3.69,-1.13,-1.6099999999999999,-3.55,-4.89,,,-6.04,731240,,0.0,92.9611,,,5.83,2.9339,-5.1338799999999996,-2.16,-2.13,-2.1,2026-10-07T00:00:00,1987-05-28T00:00:00,5/28/1987,549158400,2026-09-22T00:00:00
1,IFN,-0.1192,12.51057,14.20345,0.37,-11.43,1,Morningstar US CEF Asia Equity,1,abrdn Asia Limited,True,10.42,-0.15,11.83,2026-10-07T00:00:00,454089103,"Aberdeen India Fund, Inc",2026-10-07,XIFNX,Equity-Asia Equity,0.28,451.282,,Quarterly,-0.02798,0.37,15.0,,,,1.36,,512.348,True,False,False,False,True,False,,2.56,-3.33,-1.23,-1.18,-12.14,-14.4,,,-14.81,2049980,,,,,,,12.60402,-6.66084,-2.06,-2.46,-1.98,2026-10-07T00:00:00,1994-02-23T00:00:00,2/23/1994,761961600,2026-08-24T00:00:00
2,MIN,-0.076,9.6,10.38961,0.02,-0.81,13,Morningstar US CEF Global Income,2,abrdn Inc.,True,2.31,0.0,2.5,2026-10-07T00:00:00,55273C107,Aberdeen Intermediate Income,2026-10-07,XMINX,Fixed Income - Taxable-Global Income,,262.874,,Monthly,0.04255,0.02,10.0,4.759,0.0,3.24,0.73,,284.496,False,False,False,True,True,False,,4.18,4.29,0.79,0.16,-1.83,-4.65,,,-5.08,2346290,,0.0,98.2604,,,3.56,2.5144,-5.21056,-1.54,-1.28,-1.48,2026-10-07T00:00:00,1988-03-17T00:00:00,3/17/1988,574560000,2026-09-22T00:00:00
3,MMT,-0.0742,10.48035,11.32075,0.04,-1.98,13,Morningstar US CEF Global Income,71,MFS,True,4.24,0.0,4.58,2026-10-07T00:00:00,552737108,Aberdeen Multi-Market Income,2026-10-07,XMMTX,Fixed Income - Taxable-Global Income,27.84,491.812,,Monthly,0.1389,0.04,10.0,6.1666,,,2.86,,736.25,True,False,True,False,True,False,,7.06,9.44,2.14,0.25,-3.18,-1.17,,,-1.76,1597270,,,95.7411,,,,4.56043,-7.65944,0.24,0.44,0.63,2026-10-07T00:00:00,1987-03-12T00:00:00,3/12/1987,542505600,2026-09-22T00:00:00
4,MFM,-0.09699999999999999,6.71642,7.43802,0.03,-3.84,21,Morningstar US CEF Municipal,2,abrdn Inc.,False,4.84,-0.1,5.36,2026-10-07T00:00:00,552738106,Aberdeen Municipal Income,2026-10-07,XMFMX,Fixed Income - Municipal-Municipal,39.74,481.24,,Monthly,0.13078,0.03,10.0,5.1369,,,2.83,,884.444,True,False,False,False,False,False,,4.37,7.52,-2.05,-2.48,-5.79,-6.63,,,-4.67,1920390,22.29,,95.4956,,14.44,8.99,5.39402,-9.27496,-0.4,-1.06,-0.8200000000000001,2026-10-07T00:00:00,1986-11-25T00:00:00,11/25/1986,533260800,2026-09-22T00:00:00
5,FAX,-0.1173,12.42236,14.07349,0.15,-1.82,13,Morningstar US CEF Global Income,1,abrdn Asia Limited,True,12.79,-0.07,14.49,2026-10-07T00:00:00,003009867,abrdn Asia-Pacific Income Fund Inc,2026-10-07,XFAPX,Fixed Income - Taxable-Global Income,40.62,558.556,,Monthly,0.50096,0.15,10.0,6.3298,,,4.22,,1065.597,True,False,False,False,True,False,,5.4,9.13,-1.3900000000000001,-0.79,-3.03,-5.88,,,-8.48,1800790,,,,,7.85,4.74,14.92768,-5.76331,-3.5,-2.77,-3.48,2026-10-07T00:00:00,1986-04-24T00:00:00,4/24/1986,514684800,2026-09-22T00:00:00
6,IAF,-0.08199999999999999,10.33973,11.26307,0.35,-1.28,9,Morningstar US CEF Single Country Equity,1,abrdn Asia Limited,True,12.43,-0.03,13.54,2026-10-07T00:00:00,003011111,abrdn Australia Equity Fund Inc,2026-10-07,XIAFX,Equity-Single-Country Equity,7.67,119.109,,Quarterly,0.10818,0.35,10.12,,,,1.9900000000000002,,140.53,True,False,True,False,True,False,,11.27,13.69,4.59,4.15,2.5700000000000003,4.93,,,1.45,225250,,,,,,,12.98001,-9.9017,1.1,1.08,1.6,2026-10-07T00:00:00,1985-12-12T00:00:00,12/12/1985,503193600,2026-08-24T00:00:00
7,AEF,-0.0707,10.20608,10.98205,0.26,54.72,4,Morningstar US CEF Emerging Market Equity,3,abrdn Investments Limited,True,9.47,-0.18,10.19,2026-10-07T00:00:00,00301W105,abrdn Emerging Markets ex-China Fund,2026-10-07,XAEFX,Equity-Emerging Market Equity,6.13,384.495,,Quarterly,0.0453,0.26,15.0,,,,1.8599999999999999,,440.729,True,True,True,False,True,False,,31.44,37.77,9.73,11.88,40.06,46.02,,,61.8,1445640,,,,,,,8.3141,-9.02699,1.16,0.52,0.77,2026-10-07T00:00:00,1989-09-25T00:00:00,9/25/1989,622684800,2026-09-22T00:00:00
8,AGD,-0.044500000000000005,12.32877,12.90323,0.12,12.76,5,Morningstar US CEF Global Equity,3,abrdn Investments Limited,True,11.16,-0.2,11.68,2026-10-07T00:00:00,00302M106,abrdn Global Dynamic Dividend,2026-10-07,XAGDX,Equity-Global Equity,0.71,292.106,,Monthly,0.29668,0.12,20.0,,,,1.29,,307.909,True,False,False,False,True,False,,15.98,23.78,8.06,10.58,8.85,9.97,,,-0.78,1138910,,,,,,,12.00234,0.63882,-2.16,-3.15,-3.34,2026-10-07T00:00:00,2006-07-26T00:00:00,7/26/2006,1153872000,2026-09-22T00:00:00
9,ASGI,-0.0733,12.82176,13.83648,0.22,10.14,13,Morningstar US CEF Global Income,2,abrdn Inc.,True,19.08,-0.44,20.59,2026-10-07T00:00:00,00326W106,abrdn Global Infrastructure Income Fund,2026-10-07,XAGIX,Fixed Income - Taxable-Global Income,1.05,603.478,,Monthly,0.08556,0.22,20.0,,,,2.16,,658.147,True,False,False,False,True,False,,14.68,19.69,8.13,10.05,5.6,-5.34,,,3.21,1911310,,,,,,,22.69525,3.07468,-2.2800000000000002,-1.58,-2.07,2026-10-07T00:00:00,2020-07-28T00:00:00,7/28/2020,1595894400,2026-10-06T00:00:00
10,AWP,-0.0206,14.10382,14.4,0.12,0.85,7,Morningstar US CEF Real Estate,2,abrdn Inc.,True,10.0,-0.12,10.21,2026-10-07T00:00:00,00302L207,abrdn Global Premier Properties,2026-10-07,XAWPX,Equity-Real Estate,12.0,308.556,,Monthly,0.10017000000000001,0.12,20.0,,,,2.27,,357.98,True,False,False,False,True,False,,12.73,14.2,0.35000000000000003,1.9300000000000002,1.38,-1.19,,,-1.3900000000000001,1276940,,,,,,,11.6912,0.9451400000000001,-2.76,-2.87,-2.88,2026-10-07T00:00:00,2007-04-26T00:00:00,4/26/2007,1177545600,2026-09-22T00:00:00
11,HQH,-0.0867,12.51185,13.700050000000001,0.6599999999999999,25.0,8,Morningstar US CEF Sector Equity,2,abrdn Inc.,True,19.27,-0.06,21.1,2026-10-07T00:00:00,87911J103,abrdn Healthcare Investors,2026-10-07,XHQHX,Equity-Sector Equity,1.1,1132.841,,Quarterly,-0.06102,0.6599999999999999,10.0,,,,1.11,,1240.423,True,False,False,False,True,False,,17.89,24.86,7.39,7.19,15.61,20.67,,,27.62,1801550,,,,,,,19.95471,-7.09421,-0.64,-1.19,-1.52,2026-10-07T00:00:00,1987-04-23T00:00:00,4/23/1987,546134400,2026-08-24T00:00:00
12,THQ,-0.0691,10.83953,11.64384,0.16999999999999998,20.91,8,Morningstar US CEF Sector Equity,2,abrdn Inc.,True,17.52,-0.01,18.82,2026-10-07T00:00:00,879105104,abrdn Healthcare Opportunities Fund,2026-10-07,XTHQX,Equity-Sector Equity,22.38,726.346,,Monthly,-0.03549,0.16999999999999998,20.0,4.3198,,,3.02,,1005.241,True,False,False,False,True,False,,9.47,14.68,4.77,5.27,10.08,5.04,,,19.71,1571620,,,,,7.83,,18.6381,-1.21635,-1.72,-1.87,-1.32,2026-10-07T00:00:00,2014-07-28T00:00:00,7/28/2014,1406505600,2026-09-22T00:00:00
13,ACP,-0.1329,13.09524,15.10297,0.055,-1.6800000000000002,19,Morningstar US CEF Senior Loans,3,abrdn Investments Limited,True,4.37,0.0,5.04,2026-10-07T00:00:00,003057106,abrdn Income Credit Strategies Fund,2026-10-07,XACPX,Fixed Income - Taxable-Senior Loans,33.6,548.307,,Monthly,0.22534,0.055,20.0,7.9739,,,3.94,,952.372,True,False,False,False,True,False,,7.12,3.07,0.98,-1.7000000000000002,-0.61,-6.45,,,-8.94,5919440,,,96.5194,,4.86,3.29,5.29471,-5.94952,-3.27,-1.75,-2.59,2026-10-07T00:00:00,2011-01-27T00:00:00,1/27/2011,1296086400,2026-09-22T00:00:00
14,HQL,-0.065,13.20554,14.12301,0.62,28.08,8,Morningstar US CEF Sector Equity,2,abrdn Inc.,True,17.56,0.0,18.78,2026-10-07T00:00:00,87911K100,abrdn Life Sciences Investors,2026-10-07,XHQLX,Equity-Sector Equity,0.01,549.79,,Quarterly,-0.09057,0.62,15.0,,,,1.24,,588.053,True,False,True,False,True,False,,22.86,29.73,9.07,9.45,16.67,22.33,,,36.28,1341410,,,,,,,17.90444,-9.29794,1.54,0.47000000000000003,1.01,2026-10-07T00:00:00,1992-05-08T00:00:00,5/8/1992,705283200,2026-08-24T00:00:00
15,AOD,-0.009899999999999999,13.00493,13.13433,0.11,13.33,5,Morningstar US CEF Global Equity,3,abrdn Investments Limited,True,10.05,-0.15,10.15,2026-10-07T00:00:00,00326L100,abrdn Total Dynamic Dividend,2026-10-07,XAODX,Equity-Global Equity,2.9,1059.737,,Monthly,0.22991,0.11,20.0,,,,1.21,,1102.201,True,False,True,False,True,False,,16.45,24.03,8.75,11.75,9.22,14.22,,,21.46,4595550,,,,,,,10.08341,-2.57551,0.6900000000000001,-1.55,0.08,2026-10-07T00:00:00,2007-01-26T00:00:00,1/26/2007,1169769600,2026-09-22T00:00:00
16,THW,-0.0317,11.42857,11.80328,0.12,14.71,8,Morningstar US CEF Sector Equity,2,abrdn Inc.,True,12.2,-0.08,12.6,2026-10-07T00:00:00,87911L108,abrdn World Healthcare Fund,2026-10-07,XTHWX,Equity-Sector Equity,19.07,493.02,,Monthly,-0.03887,0.12,20.0,3.7691,,,1.46,,629.185,True,False,False,False,True,False,,16.38,16.63,8.46,6.88,9.2,10.93,,,15.64,1280590,,,,,13.34,,12.84151,-1.8813,-0.64,-0.73,-0.9500000000000001,2026-10-07T00:00:00,2015-06-26T00:00:00,6/26/2015,1435276800,2026-09-22T00:00:00
17,ADX,-0.0323,7.43218,7.68049,0.5,15.5,10,Morningstar US CEF US Equity,4,Adams Diversified Equity Fund Inc,False,26.04,-0.25,26.91,2026-10-07T00:00:00,006212104,Adams Diversified Equity Fund,2026-10-07,XADEX,Equity-U.S. Equity,0.0,3253.102,,Quarterly,0.09492,0.5,10.0,,,,0.49000000000000005,,3361.789,True,True,True,False,False,False,,22.38,29.03,13.4,17.46,12.8,16.77,,,24.57,2728830,,,,,,,24.1346,-4.4857,0.5700000000000001,-2.07,-0.36,2026-10-07T00:00:00,1929-10-01T00:00:00,10/1/1929,-1270252800,2026-07-27T00:00:00
18,PEO,-0.1033,6.88556,7.67863,0.5399999999999999,35.3,8,Morningstar US CEF Sector Equity,5,Adams Natural Resources Fund Inc,False,28.13,-0.1,31.37,2026-10-07T00:00:00,00548F105,Adams Natural Resources Fund,2026-10-07,XPEOX,Equity-Sector Equity,0.7000000000000001,788.62,,Quarterly,0.29271,0.5399999999999999,15.0,,,,0.62,,879.453,True,True,False,False,False,False,,13.02,16.3,19.21,21.26,34.04,34.46,,,38.96,727470,,,,,,,25.16387,-10.17759,-0.15,-1.22,-0.11,2026-10-07T00:00:00,1929-01-30T00:00:00,1/30/1929,-1291334400,2026-07-27T00:00:00
19,AVK,-0.1204,10.64648,12.10327,0.1172,10.13,11,Morningstar US CEF Convertibles,6,"Advent Capital Management, LLC",False,11.62,-0.07,13.21,2026-10-07T00:00:00,00764C109,Advent Convertible & Income Fund,2026-10-07,XAVKX,Fixed Income - Taxable-Convertibles,37.51,513.008,,Monthly,0.22874,0.1172,25.0,5.5855,,,4.53,,933.229,True,False,False,False,False,False,,17.06,16.5,4.7,4.25,9.36,-0.6,,,0.21,1510680,,,108.8431,,,,12.50333,-6.7138100000000005,-2.0,-1.6,-2.07,2026-10-07T00:00:00,2003-04-29T00:00:00,4/29/2003,1051574400,2026-09-15T00:00:00
20,AWF,-0.1264,7.1978,8.23899,0.0655,1.9500000000000002,14,Morningstar US CEF High Yield,7,AllianceBernstein L.P.,False,9.54,-0.09,10.92,2026-10-07T00:00:00,01879R106,AllianceBernstein Global High Income,2026-10-07,XAWFX,Fixed Income - Taxable-High Yield,0.8300000000000001,822.631,,Monthly,0.35164,0.0655,15.0,6.7145,,,1.02,,949.512,True,False,False,False,False,False,,8.81,7.96,3.96,3.18,0.58,-4.05,,,-6.41,3096720,,,97.3286,,,,10.37927,-8.42642,-1.94,-2.9,-2.55,2026-10-07T00:00:00,1993-07-28T00:00:00,7/28/1993,743817600,2026-10-01T00:00:00
21,AFB,-0.0926,5.86901,6.46788,0.050179999999999995,-7.87,21,Morningstar US CEF Municipal,7,AllianceBernstein L.P.,False,9.31,-0.24,10.26,2026-10-07T00:00:00,01864U106,AllianceBernstein National Mun Inc,2026-10-07,XAFBX,Fixed Income - Municipal-Municipal,52.05,267.615,,Monthly,0.31343,0.050179999999999995,15.0,5.1411,,,3.66,,615.025,True,False,False,False,False,False,,1.63,5.35,-3.63,-4.54,-9.74,-8.22,,,-7.23,1019950,,,98.4247,,22.53,11.69,10.87402,-8.75544,-0.34,-1.56,-1.67,2026-10-07T00:00:00,2002-01-28T00:00:00,1/28/2002,1012176000,2026-10-01T00:00:00
22,NFJ,-0.1042,7.56355,8.44291,0.305,19.48,3,Morningstar US CEF Covered Call,107,"Virtus Investment Advisers, LLC",True,14.45,-0.28,16.13,2026-10-07T00:00:00,92840R101,AllianzGI Div Interest & Prem Common,2026-10-07,XNFJX,Equity-Covered-Call Funds,,1343.377,0.0,Quarterly,0.06142,0.305,25.0,2.0197,,,0.9600000000000001,,1499.562,False,True,False,False,True,False,,14.7,20.45,7.33,9.33,16.86,24.46,,,26.23,1966480,,,,,,,13.98927,-8.6155,-0.9400000000000001,-3.79,-3.18,2026-10-07T00:00:00,2005-02-28T00:00:00,2/28/2005,1109548800,2026-09-14T00:00:00
23,EOD,-0.09480000000000001,8.38529,9.26313,0.14820999999999998,20.63,5,Morningstar US CEF Global Equity,8,Allspring Global Investments,False,6.4,-0.01,7.07,2026-10-07T00:00:00,94987C103,Allspring Global Dividend Opp Fd,2026-10-07,XEODX,Equity-Global Equity,13.5,275.622,,Quarterly,0.1298,0.14820999999999998,20.0,7.2101,,,2.45,,351.976,True,True,False,False,False,False,,24.82,28.07,13.61,13.45,14.78,17.42,,,22.8,1200520,,,,,,,6.1963,-8.4041,-0.74,-1.02,-1.55,2026-10-07T00:00:00,2007-03-28T00:00:00,3/28/2007,1175040000,2026-09-11T00:00:00
24,EAD,-0.1266,9.24716,10.588,0.05294,0.44,14,Morningstar US CEF High Yield,8,Allspring Global Investments,False,6.0,-0.03,6.87,2026-10-07T00:00:00,94987B105,Allspring Income Opps,2026-10-07,XEADX,Fixed Income - Taxable-High Yield,30.6,354.554,,Monthly,0.25923,0.05294,15.0,7.2474,,,2.95,,584.964,True,False,False,False,False,False,,8.35,9.33,2.76,1.79,-0.53,-4.63,,,-5.57,1985810,,,97.5694,,4.49,3.52,6.59711,-8.57283,-2.22,-1.98,-2.09,2026-10-07T00:00:00,2003-02-28T00:00:00,2/28/2003,1046390400,2026-09-11T00:00:00
25,ERC,-0.1058,9.10995,10.18735,0.0725,2.5700000000000003,16,Morningstar US CEF Limited Duration,8,Allspring Global Investments,False,8.54,-0.06,9.55,2026-10-07T00:00:00,94987D101,Allspring Multi-Sec Inc,2026-10-07,XERCX,Fixed Income - Taxable-Limited Duration,30.76,239.579,,Monthly,0.35301,0.0725,20.0,6.8867,0.0,4.24,3.22,,386.914,True,False,False,True,False,False,,8.36,7.11,2.9699999999999998,0.02,1.08,-1.63,,,-2.29,741160,,0.0,96.3617,,,,9.19409,-7.13455,-3.04,-2.06,-2.52,2026-10-07T00:00:00,2003-06-25T00:00:00,6/25/2003,1056499200,2026-09-11T00:00:00
26,ERH,-0.1066,8.89036,9.95114,0.08757,-8.01,26,Morningstar US CEF US Allocation,8,Allspring Global Investments,False,10.56,0.11,11.82,2026-10-07T00:00:00,94987E109,Allspring Util & High In,2026-10-07,XERHX,Hybrid-U.S. Allocation,22.32,93.268,,Monthly,0.1865,0.08757,20.0,7.2485,,,2.43,,134.396,True,False,False,False,False,False,,12.38,14.95,5.45,2.75,-6.55,-6.49,,,-8.9,239150,,,97.6322,,4.01,3.51,11.98447,-7.8339,-2.05,-2.07,-2.2800000000000002,2026-10-07T00:00:00,2004-04-30T00:00:00,4/30/2004,1083283200,2026-09-11T00:00:00
27,FINS,-0.0883,10.59094,11.61616,0.11499999999999999,3.67,26,Morningstar US CEF US Allocation,10,"Angel Oak Capital Advisors, LLC",False,11.88,-0.08,13.03,2026-10-07T00:00:00,03464A100,Angel Oak Financial Strats Income Term,2026-10-07,XFINX,Hybrid-U.S. Allocation,22.36,396.992,,Monthly,0.38984,0.11499999999999999,20.0,6.7186,,,2.92,,560.841,True,False,False,False,False,True,,9.27,10.44,2.77,2.59,0.98,-2.1,,,1.29,464340,,,99.9625,,3.34,2.85,12.84209,-6.21608,-2.63,-1.9100000000000001,-2.6,2026-10-07T00:00:00,2019-05-29T00:00:00,5/29/2019,1559088000,2026-09-16T00:00:00
28,ARDC,-0.1288,10.35276,11.8838,0.11249999999999999,-1.07,19,Morningstar US CEF Senior Loans,11,Ares Capital Management II LLC,False,11.36,-0.06,13.04,2026-10-07T00:00:00,04014F102,Ares Dynamic Credit Allocation Fund,2026-10-07,XADCX,Fixed Income - Taxable-Senior Loans,40.97,272.254,,Monthly,0.55616,0.11249999999999999,20.0,7.4979,,,5.26,,529.388,True,False,False,False,False,False,,7.47,6.45,4.39,3.09,-1.82,-6.29,,,-9.15,1140760,,,,,,,12.79973,-7.23017,-3.03,-2.06,-2.81,2026-10-07T00:00:00,2012-11-27T00:00:00,11/27/2012,1353974400,2026-09-21T00:00:00
29,BANX,-0.059500000000000004,8.63309,9.17899,0.09999999999999999,3.56,8,Morningstar US CEF Sector Equity,12,"ArrowMark Asset Management, LLC",False,19.61,-1.04,21.0,2026-08-31T00:00:00,861780104,ArrowMark Financial Corp,2026-10-07,XBANX,Equity-Sector Equity,16.8,190.001,,Monthly,0.91029,0.09999999999999999,25.0,11.1103,,,6.43,,242.815,True,False,False,False,False,True,,9.6,16.51,8.79,8.46,1.6600000000000001,-2.24,,,1.17,352590,,,107.3588,,,,20.4613,-4.6731,-0.41000000000000003,-1.77,-0.48,2026-10-07T00:00:00,2013-11-07T00:00:00,11/7/2013,1383782400,2026-09-23T00:00:00
30,ASA,-0.20309999999999997,0.11638,0.14604,0.04,41.37,8,Morningstar US CEF Sector Equity,13,ASA,False,54.78,-2.2800000000000002,68.74,2026-10-07T00:00:00,G3156P103,ASA Gold and Precious Metals Limited,2026-10-07,XASAX,Equity-Sector Equity,,1056.701,,Semi-Annually,0.02585,0.04,28.0,9.086,,,1.88,,1325.988,False,False,False,False,False,False,,65.1,61.39,26.97,24.35,6.46,-6.51,,,21.87,0,,,,,,,59.47243,-13.78802,,,,,1958-09-23T00:00:00,9/23/1958,-355795200,2026-05-01T00:00:00
31,BCV,-0.1362,6.03607,6.98764,0.41,13.02,11,Morningstar US CEF Convertibles,59,Gabelli Funds LLC,False,23.47,-0.09,27.17,2026-10-07T00:00:00,059695106,Bancroft Fund,2026-10-07,XBCVX,Fixed Income - Taxable-Convertibles,15.23,132.078,,Quarterly,0.01134,0.41,25.0,2.3737,,,1.31,,180.365,True,False,False,False,False,False,,20.66,21.82,4.6,3.86,14.53,9.36,,,12.24,158750,,,,,,,23.70963,-11.82778,-1.5,-1.23,-1.3599999999999999,2026-10-07T00:00:00,1971-10-04T00:00:00,10/4/1971,55382400,2026-09-16T00:00:00
32,MCI,0.1073,9.48429,8.56531,0.39999999999999997,8.88,14,Morningstar US CEF High Yield,14,Barings LLC,False,18.68,1.06,17.27,2026-06-30T00:00:00,06759X107,Barings Corporate Investors,2026-10-07,XMCIX,Fixed Income - Taxable-High Yield,17.71,384.566,,Quarterly,0.60289,0.39999999999999997,25.0,7.782,,,1.65,,422.052,True,False,False,False,False,False,,9.65,12.97,8.73,11.43,6.4,1.75,,,-7.19,348540,,,92.3472,,,,18.83459,12.90069,-0.22,0.92,1.11,2026-10-07T00:00:00,1971-09-01T00:00:00,9/1/1971,52531200,2026-08-28T00:00:00
33,BGH,-0.0915,10.2486,11.28055,0.12229999999999999,0.91,14,Morningstar US CEF High Yield,14,Barings LLC,False,13.01,0.04,14.32,2026-10-07T00:00:00,06760L100,Barings Global Short Duration High Yield,2026-10-07,XBGHX,Fixed Income - Taxable-High Yield,32.35,261.272,,Monthly,0.67131,0.12229999999999999,25.0,8.9029,,,3.93,,425.08,True,False,False,False,False,False,,10.07,12.16,5.1,4.94,1.43,-5.89,,,-6.38,773730,,,99.958,,,,14.40013,-4.17906,-1.99,-2.04,-2.51,2026-10-07T00:00:00,2012-10-25T00:00:00,10/25/2012,1351123200,2026-09-21T00:00:00
34,MPV,0.0434,9.58549,9.18684,0.37,3.66,14,Morningstar US CEF High Yield,14,Barings LLC,False,16.11,-0.89,15.81,2026-06-30T00:00:00,06761A103,Barings Participation Invs,2026-10-07,XMPVX,Fixed Income - Taxable-High Yield,21.98,173.863,,Quarterly,0.54452,0.37,10.0,7.7819,,,1.55,,213.585,True,False,False,False,False,False,,1.1,14.49,1.13,10.99,6.38,1.49,,,-16.59,172700,,,92.2129,,,,17.82132,8.47198,-0.72,0.04,-0.6900000000000001,2026-10-07T00:00:00,1988-10-06T00:00:00,10/6/1988,592099200,2026-08-28T00:00:00
35,BXSY,-0.3821,3.6918699999999998,5.97529,0.26,21.17,26,Morningstar US CEF US Allocation,15,Bexil Corp,True,17.405,-0.1,28.17,2026-10-07T00:00:00,25538A204,Bexil Investment Trust,2026-10-07,XBXIX,Hybrid-U.S. Allocation,8.22,225.279,,Quarterly,-0.02758,0.26,15.0,,,,1.9300000000000002,,397.27,True,True,False,False,True,False,,24.03,25.94,13.71,12.35,19.71,18.21,,,24.22,118400,,,,,1.11,,16.14465,-37.3807,-0.86,-0.34,-0.31,2026-10-07T00:00:00,1998-06-29T00:00:00,6/29/1998,899078400,2026-09-16T00:00:00
36,BMN,-0.057300000000000004,4.91911,5.218,0.09924999999999999,-5.36,21,Morningstar US CEF Municipal,16,BlackRock,False,21.56,-1.21,22.87,2026-10-07T00:00:00,09262G108,BlackRock 2037 Municipal Target term,2026-10-07,XBMNX,Fixed Income - Municipal-Municipal,26.68,132.543,,Monthly,0.609,0.09924999999999999,25.0,5.0193,,14.37,2.16,,191.751,True,False,False,False,False,True,,2.37,3.48,,,-7.44,-13.15,,,-8.32,117510,18.94,,103.2043,,,,25.57273,-0.04281,-2.32,-2.36,-2.91,2026-10-07T00:00:00,2022-10-28T00:00:00,10/28/2022,1666915200,2026-09-15T00:00:00
37,BCAT,-0.0094,21.94791,22.15512,0.25012,8.98,26,Morningstar US CEF US Allocation,16,BlackRock,True,13.77,0.06,13.9,2026-10-07T00:00:00,09260U109,BlackRock Capital Allocation Term Trust,2026-10-07,XCATX,Hybrid-U.S. Allocation,5.18,1442.755,,Monthly,0.12959,0.25012,20.0,,,2.48,1.4,,1456.376,True,False,False,False,True,True,,12.71,18.51,5.5600000000000005,7.25,5.75,12.73,,,14.02,7013110,,,95.7637,,,,14.97678,0.9511200000000001,-0.31,-1.81,-1.8,2026-10-07T00:00:00,2020-09-28T00:00:00,9/28/2020,1601251200,2026-09-15T00:00:00
38,BHK,-0.0808,10.1843,11.07921,0.0746,-4.76,15,Morningstar US CEF Investment Grade,16,BlackRock,True,8.08,-0.06,8.79,2026-10-07T00:00:00,09249E101,BlackRock Core Bond,2026-10-07,XBHKX,Fixed Income - Taxable-Investment Grade,35.48,583.572,-0.051000000000000004,Monthly,0.27784000000000003,0.0746,15.0,5.2301,,20.03,3.34,,984.014,True,False,False,False,True,False,,4.86,3.55,-2.9699999999999998,-4.75,-5.45,-7.96,,,-9.13,2976480,,,95.2552,,7.17,7.16,9.24989,-4.74419,-2.4,-2.21,-1.9,2026-10-07T00:00:00,2001-11-30T00:00:00,11/30/2001,1007078400,2026-09-15T00:00:00
39,HYT,-0.1117,10.65906,12.0,0.0779,1.03,14,Morningstar US CEF High Yield,16,BlackRock,True,7.79,-0.02,8.77,2026-10-07T00:00:00,09255P107,BlackRock Corporate High Yield Fund,2026-10-07,XHYTX,Fixed Income - Taxable-High Yield,20.83,1501.75,-0.113,Monthly,0.33087,0.0779,15.0,7.0114,,,2.33,,2135.594,True,False,False,False,True,False,,9.09,7.27,3.69,1.38,-0.77,-4.06,,,-7.83,8577390,,,100.4042,,4.19,,8.7092,-6.73549,-1.81,-1.5899999999999999,-2.21,2026-10-07T00:00:00,2003-05-30T00:00:00,5/30/2003,1054252800,2026-09-15T00:00:00
40,BTZ,-0.1,9.68077,10.75641,0.0839,-0.92,15,Morningstar US CEF Investment Grade,16,BlackRock,True,9.36,-0.07,10.4,2026-10-07T00:00:00,092508100,BlackRock Credit Allocation Income Trust,2026-10-07,XBTZX,Fixed Income - Taxable-Investment Grade,32.27,873.517,-0.11900000000000001,Monthly,0.34357,0.0839,25.0,5.969,,18.6,3.37,,1432.946,True,False,False,False,True,False,,7.83,8.58,0.7000000000000001,-0.45,-2.15,-7.45,,,-7.18,2789710,,,99.1292,,,,10.38023,-6.43822,-1.8399999999999999,-1.57,-1.96,2026-10-07T00:00:00,2006-12-27T00:00:00,12/27/2006,1167177600,2026-09-15T00:00:00
41,DSU,-0.0553,12.60383,13.34189,0.09873,3.22,19,Morningstar US CEF Senior Loans,16,BlackRock,True,8.88,-0.04,9.4,2026-10-07T00:00:00,09255R202,BlackRock Debt Strategies,2026-10-07,XDSUX,Fixed Income - Taxable-Senior Loans,16.19,552.687,-0.17400000000000002,Monthly,0.32235,0.09873,10.0,,,6.38,1.69,,698.052,True,False,False,False,True,False,,7.14,7.32,5.79,5.47,1.55,-3.09,,,-4.36,2774000,,,,,,,9.83667,-0.026730000000000004,-3.25,-1.88,-2.45,2026-10-07T00:00:00,1998-03-27T00:00:00,3/27/1998,890956800,2026-09-15T00:00:00
42,BGR,-0.1015,6.10989,6.80023,0.0973,42.24,8,Morningstar US CEF Sector Equity,16,BlackRock,True,17.17,-0.13,19.11,2026-10-07T00:00:00,09250U101,BlackRock Energy and Resources,2026-10-07,XBGRX,Equity-Sector Equity,0.0,437.082,,Monthly,0.16738,0.0973,25.0,,,,1.23,,486.467,True,True,False,False,True,False,,15.72,17.25,19.65,19.94,38.94,31.83,,,34.42,1106700,,,,,,,15.42146,-7.92192,-0.77,-0.66,-0.34,2026-10-07T00:00:00,2004-12-23T00:00:00,12/23/2004,1103760000,2026-09-15T00:00:00
43,BDJ,-0.0934,7.15607,7.89373,0.0819,17.1,3,Morningstar US CEF Covered Call,16,BlackRock,True,9.41,-0.04,10.38,2026-10-07T00:00:00,09251A104,BlackRock Enhanced Dividend Achievers,2026-10-07,XBDJX,Equity-Covered-Call Funds,0.12,1665.05,,Monthly,0.059750000000000004,0.0819,15.0,,,,0.88,,1838.812,True,True,False,False,True,False,,16.19,17.27,9.83,9.36,11.57,5.22,,,13.09,4427940,,,,,,,9.33793,-6.22203,-1.88,-2.5300000000000002,-2.2800000000000002,2026-10-07T00:00:00,2005-08-26T00:00:00,8/26/2005,1125014400,2026-09-15T00:00:00
44,BOE,-0.1211,7.46727,8.49658,0.0827,10.71,3,Morningstar US CEF Covered Call,16,BlackRock,True,11.68,-0.1,13.29,2026-10-07T00:00:00,092501105,BlackRock Enhanced Glbl Div Trust,2026-10-07,XBOEX,Equity-Covered-Call Funds,0.02,649.409,,Monthly,0.091,0.0827,25.0,,,,1.03,,738.926,True,False,False,False,True,False,,14.26,16.45,7.78,8.04,8.33,6.18,,,9.8,1310080,,,,,,,11.81172,-9.22283,-2.7800000000000002,-2.56,-2.47,2026-10-07T00:00:00,2005-05-26T00:00:00,5/26/2005,1117065600,2026-09-15T00:00:00
45,BGY,-0.1104,8.06309,9.06383,0.0426,10.12,3,Morningstar US CEF Covered Call,16,BlackRock,True,5.64,-0.03,6.34,2026-10-07T00:00:00,092524107,BlackRock Enhanced Intl Div Trust,2026-10-07,XBGYX,Equity-Covered-Call Funds,0.36,511.066,,Monthly,0.06786,0.0426,20.0,,,,1.2,,574.496,True,False,False,False,True,False,,11.72,13.21,6.78,6.47,7.38,2.29,,,6.93,2794300,,,,,,,5.78224,-8.83718,-1.33,-1.29,-1.04,2026-10-07T00:00:00,2007-05-25T00:00:00,5/25/2007,1180051200,2026-09-15T00:00:00
46,CII,-0.0171,6.88925,7.00911,0.141,18.57,3,Morningstar US CEF Covered Call,16,BlackRock,True,24.14,-0.14,24.56,2026-10-07T00:00:00,09256A109,BlackRock Enhanced Large Cap Core Fund,2026-10-07,XCIIX,Equity-Covered-Call Funds,0.41000000000000003,1055.017,,Monthly,0.01133,0.141,20.0,,,,0.93,,1077.838,True,True,False,False,True,False,,20.38,20.52,12.96,14.08,11.85,8.41,,,23.19,930500,,,,,,,23.79126,0.9907100000000001,-1.44,-1.6800000000000002,-1.76,2026-10-07T00:00:00,2004-04-27T00:00:00,4/27/2004,1083024000,2026-09-15T00:00:00
47,ECAT,-0.0518,21.70417,22.89028,0.26442,9.44,25,Morningstar US CEF Global Allocation,16,BlackRock,True,14.09,-0.05,14.86,2026-10-07T00:00:00,09262F100,BlackRock ESG Capital Allocation Term,2026-10-07,ECAT,Hybrid-Global Allocation,0.17,1401.508,,Monthly,0.08926,0.26442,20.0,,,2.02,1.4100000000000001,,1480.63,True,False,False,False,True,True,,14.53,18.55,7.8100000000000005,7.52,6.45,6.28,,,5.06,4640430,,,95.981,,,,15.2718,-2.76974,-1.07,-1.71,-1.46,2026-10-07T00:00:00,2021-09-27T00:00:00,9/27/2021,1632700800,2026-09-15T00:00:00
48,FRA,-0.0786,13.28043,14.41397,0.12383999999999999,3.45,19,Morningstar US CEF Senior Loans,17,"BlackRock Advisors, LLC",True,10.31,-0.06,11.19,2026-10-07T00:00:00,09255X100,BlackRock Floating Rate Inc Strategies,2026-10-07,XFRAX,Fixed Income - Taxable-Senior Loans,23.38,365.332,-0.184,Monthly,0.37426,0.12383999999999999,20.0,,,6.29,2.61,,517.533,True,False,False,False,True,False,,6.59,6.33,5.9,6.0,1.99,-1.08,,,-7.41,1666580,,,,,,,11.32621,-3.29412,-1.6600000000000001,-2.36,-3.22,2026-10-07T00:00:00,2003-10-31T00:00:00,10/31/2003,1067558400,2026-09-15T00:00:00
49,BGT,-0.052000000000000005,13.16934,13.89182,0.12028,3.49,19,Morningstar US CEF Senior Loans,16,BlackRock,True,10.39,-0.04,10.96,2026-10-07T00:00:00,091941104,Blackrock Floating Rate Income,2026-10-07,XBGTX,Fixed Income - Taxable-Senior Loans,0.14,309.879,-0.154,Monthly,0.36013,0.12028,20.0,,,,2.06,,327.325,True,False,False,False,True,False,,6.82,7.72,6.06,6.01,1.9300000000000002,2.39,,,-1.51,1346680,,,,,,,11.06437,-3.46915,-0.9500000000000001,-1.54,-1.15,2026-10-07T00:00:00,2004-08-30T00:00:00,8/30/2004,1093824000,2026-09-15T00:00:00
50,BME,-0.0501,6.93845,7.3042300000000004,0.2621,22.31,8,Morningstar US CEF Sector Equity,16,BlackRock,True,43.06,0.49,45.33,2026-10-07T00:00:00,09250W107,BlackRock Health Sciences,2026-10-07,XBMEX,Equity-Sector Equity,0.15,556.512,,Monthly,0.07492,0.2621,25.0,,,,1.13,,586.744,True,True,False,False,True,False,,11.3,12.02,6.63,5.44,9.96,13.58,,,27.99,425140,,,,,,,41.29867,-4.77179,-0.11,-2.48,-1.92,2026-10-07T00:00:00,2005-03-28T00:00:00,3/28/2005,1111968000,2026-09-15T00:00:00
51,BMEZ,-0.0913,7.25673,7.98548,0.11,25.07,8,Morningstar US CEF Sector Equity,16,BlackRock,True,16.53,0.15,18.19,2026-10-07T00:00:00,09260E105,BlackRock Health Sciences Term Trust,2026-10-07,XBMZX,Equity-Sector Equity,0.38,1033.148,,Monthly,0.11368,0.11,20.0,,,,1.37,,1141.182,True,True,True,False,True,True,,13.35,16.93,0.53,0.91,15.18,18.55,,,26.49,2024890,,,,,,,15.14651,-10.95916,1.38,1.17,1.29,2026-10-07T00:00:00,2020-01-29T00:00:00,1/29/2020,1580256000,2026-09-15T00:00:00
52,BKT,-0.0781,10.33594,11.21186,0.0882,-5.38,15,Morningstar US CEF Investment Grade,16,BlackRock,True,9.44,-0.06,10.24,2026-10-07T00:00:00,09247F209,BlackRock Income,2026-10-07,XBKTX,Fixed Income - Taxable-Investment Grade,20.36,305.752,-0.055,Monthly,0.22314,0.0882,10.0,4.4525,,,1.9700000000000002,,416.451,True,False,False,False,True,False,,3.91,3.49,-2.35,-4.1,-4.53,-6.77,,,-6.23,1363140,,,88.239,,4.8100000000000005,4.8100000000000005,10.69862,-4.55539,-3.16,-2.05,-2.63,2026-10-07T00:00:00,1988-08-01T00:00:00,8/1/1988,586396800,2026-09-15T00:00:00
53,BLW,-0.0805,10.6125,11.54121,0.1132,0.92,16,Morningstar US CEF Limited Duration,16,BlackRock,True,11.77,-0.04,12.8,2026-10-07T00:00:00,09249W101,BlackRock Limited Duration Income,2026-10-07,XBLWX,Fixed Income - Taxable-Limited Duration,36.74,460.023,-0.133,Monthly,0.49739,0.1132,20.0,6.6807,,,3.7,,790.781,True,False,False,False,True,False,,8.1,6.26,3.5700000000000003,1.43,-0.88,-9.49,,,-8.96,1324500,,,99.8125,,,,13.04594,-3.47471,-1.56,-1.33,-1.31,2026-10-07T00:00:00,2003-07-28T00:00:00,7/28/2003,1059350400,2026-09-15T00:00:00
54,BIT,-0.1119,11.78095,13.26542,0.12369999999999999,-0.18,17,Morningstar US CEF Multi-Sector,16,BlackRock,True,11.19,-0.05,12.6,2026-10-07T00:00:00,09258A107,BlackRock Multi-Sector Income Trust,2026-10-07,XBITX,Fixed Income - Taxable-Multi-Sector,38.13,638.532,-0.508,Monthly,0.44911,0.12369999999999999,20.0,6.0329,,13.4,3.26,,1162.067,True,False,False,False,True,False,,7.72,2.88,3.25,0.45,-1.8900000000000001,-5.93,,,-5.63,3086830,7.97,,97.3328,,,3.7199999999999998,12.6623,-6.37379,-2.96,-1.6800000000000002,-2.35,2026-10-07T00:00:00,2013-02-25T00:00:00,2/25/2013,1361750400,2026-09-15T00:00:00
55,MUA,-0.0679,6.74772,7.23913,0.0555,-3.59,21,Morningstar US CEF Municipal,16,BlackRock,False,9.2,-0.21,9.87,2026-10-07T00:00:00,09254J102,BlackRock Muniassets,2026-10-07,XMUAX,Fixed Income - Municipal-Municipal,29.43,617.686,-0.004,Monthly,0.29111,0.0555,15.0,5.5652,,,2.59,,939.066,True,False,False,False,False,False,,5.58,8.69,-1.85,-3.03,-4.75,-5.7,,,-7.6,1738270,14.68,,91.3963,,,,10.60983,-4.74561,-1.15,-0.14,-0.71,2026-10-07T00:00:00,1993-06-25T00:00:00,6/25/1993,740966400,2026-09-15T00:00:00
56,BTT,-0.087,2.3503600000000002,2.5742000000000003,0.0464,-1.58,21,Morningstar US CEF Municipal,16,BlackRock,False,21.63,-0.22,23.69,2026-10-07T00:00:00,09257P105,BlackRock Municipal 2030 Target Term,2026-10-07,XBTTX,Fixed Income - Municipal-Municipal,35.62,1376.218,0.148,Monthly,0.36038000000000003,0.0464,25.0,4.6304,,,2.47,,2341.166,True,False,False,False,False,True,,4.16,6.73,0.04,-0.28,-2.22,-2.51,,,-0.34,911970,24.25,,100.9811,,4.08,,22.61609,-8.00427,-1.25,-1.8599999999999999,-1.79,2026-10-07T00:00:00,2012-08-29T00:00:00,8/29/2012,1346198400,2026-09-15T00:00:00
57,MHD,-0.09789999999999999,6.41509,7.11155,0.0595,-6.41,21,Morningstar US CEF Municipal,16,BlackRock,False,10.04,-0.19,11.13,2026-10-07T00:00:00,09253N104,BlackRock Municipal Income,2026-10-07,XMHDX,Fixed Income - Municipal-Municipal,45.02,1753.987,0.004,Monthly,0.30451,0.0595,15.0,5.0119,,,3.3,,3536.54,True,False,False,False,False,False,,2.04,5.75,-3.52,-3.99,-8.06,-8.5,,,-7.18,3413130,5.06,,99.8744,,11.88,,11.6041,-8.47444,-1.5,-2.31,-2.32,2026-10-07T00:00:00,1997-05-02T00:00:00,5/2/1997,862531200,2026-09-15T00:00:00
58,MUC,-0.059699999999999996,6.18497,6.57787,0.0535,-5.53,22,Morningstar US CEF Municipal-CA,16,BlackRock,False,9.76,0.0,10.38,2026-10-07T00:00:00,09254L107,BlackRock MuniHoldings CA Qty,2026-10-07,XMUCX,Fixed Income - Municipal-Municipal - CA,43.29,1220.08,0.07100000000000001,Monthly,0.26864,0.0535,15.0,5.1148,,,3.19,,2288.241,True,False,True,False,False,False,,2.38,6.54,-3.29,-4.19,-6.57,-3.79,,,-4.59,3367580,3.68,,101.3774,,13.95,,10.69239,-8.05392,2.0,2.46,2.77,2026-10-07T00:00:00,1998-02-27T00:00:00,2/27/1998,888537600,2026-09-15T00:00:00
59,MUJ,0.0036,5.81688,5.79606,0.054,-5.22,24,Morningstar US CEF Municipal-Single State,16,BlackRock,False,11.18,-0.13,11.14,2026-10-07T00:00:00,09254X101,BlackRock MuniHoldings NJ Qty,2026-10-07,XMUJX,Fixed Income - Municipal-Municipal - Single-State,42.24,594.609,0.085,Monthly,0.26706,0.054,15.0,4.6505,,,3.13,,1025.807,True,False,True,False,False,False,,2.48,9.42,-2.16,-1.34,-7.03,-1.35,,,2.68,1027310,20.11,,96.999,,13.29,,12.03926,-3.36659,1.6,1.09,1.5,2026-10-07T00:00:00,1998-03-11T00:00:00,3/11/1998,889574400,2026-09-15T00:00:00
60,MIY,0.0341,6.02765,5.82888,0.0545,-5.53,24,Morningstar US CEF Municipal-Single State,16,BlackRock,False,11.22,0.02,10.85,2026-10-07T00:00:00,09254V105,BlackRock MuniYield MI Quality,2026-10-07,XMIYX,Fixed Income - Municipal-Municipal - Single-State,42.48,324.984,0.07200000000000001,Monthly,0.27359,0.0545,15.0,4.9513,,,3.16,,546.36,True,False,True,False,False,False,,2.48,10.05,-2.46,-1.33,-7.88,0.13,,,5.7,625410,8.35,,99.8139,,16.52,,12.00652,-2.30711,1.5,0.45,1.15,2026-10-07T00:00:00,1992-10-30T00:00:00,10/30/1992,720403200,2026-09-15T00:00:00
61,MYN,-0.0622,6.59227,7.02975,0.051199999999999996,-7.53,23,Morningstar US CEF Municipal-NY,17,"BlackRock Advisors, LLC",False,8.74,-0.18,9.32,2026-10-07T00:00:00,09255E102,BlackRock MuniYield NY Quality,2026-10-07,XMYNX,Fixed Income - Municipal-Municipal - NY,25.01,822.64,0.069,Monthly,0.25193,0.051199999999999996,15.0,4.8619,,,3.23,,1169.74,True,False,True,False,False,False,,1.4100000000000001,5.5600000000000005,-3.54,-3.77,-9.24,-7.37,,,-6.13,1525720,9.11,,98.839,,12.5,,9.87872,-8.0466,2.31,1.92,2.42,2026-10-07T00:00:00,1992-02-28T00:00:00,2/28/1992,699235200,2026-09-15T00:00:00
62,MPA,-0.10890000000000001,5.32961,5.98119,0.0477,-6.73,24,Morningstar US CEF Municipal-Single State,16,BlackRock,False,9.57,-0.18,10.74,2026-10-07T00:00:00,09255G107,BlackRock MuniYield PA Quality,2026-10-07,XMPAX,Fixed Income - Municipal-Municipal - Single-State,41.12,123.928,0.039,Monthly,0.31209000000000003,0.0477,15.0,4.7566,,,3.14,,236.225,True,False,False,False,False,False,,2.42,3.52,-3.1,-4.85,-8.81,-9.5,,,-10.4,324560,9.22,,97.3448,,14.6,,11.15405,-8.758140000000001,-2.26,-1.52,-2.06,2026-10-07T00:00:00,1992-10-30T00:00:00,10/30/1992,720403200,2026-09-15T00:00:00
63,MYI,-0.0824,6.45349,7.03273,0.0555,-6.27,21,Morningstar US CEF Municipal,16,BlackRock,False,9.47,-0.17,10.32,2026-10-07T00:00:00,09254E103,BlackRock MuniYield Qty III,2026-10-07,XMYIX,Fixed Income - Municipal-Municipal,45.0,1158.12,0.04,Monthly,0.27768,0.0555,15.0,5.0812,,,3.21,,2294.813,True,False,False,False,False,False,,2.63,6.45,-2.56,-2.94,-7.96,-7.24,,,-7.61,2889630,5.82,,98.2051,,11.76,,10.84659,-7.60561,-0.71,-1.31,-1.11,2026-10-07T00:00:00,1992-04-13T00:00:00,4/13/1992,703123200,2026-09-15T00:00:00
64,MQY,-0.0868,6.49254,7.1093,0.057999999999999996,-7.08,21,Morningstar US CEF Municipal,17,"BlackRock Advisors, LLC",False,9.79,-0.15,10.72,2026-10-07T00:00:00,09254F100,BlackRock Muniyield Quality,2026-10-07,XMQYX,Fixed Income - Municipal-Municipal,45.23,1472.73,0.060000000000000005,Monthly,0.28775,0.057999999999999996,15.0,5.0143,,,3.27,,2944.109,True,False,False,False,False,False,,2.03,4.99,-3.06,-4.2,-8.59,-7.99,,,-9.39,4034770,5.4,,99.4864,,14.22,,11.32644,-7.67546,-1.0,-1.2,-1.43,2026-10-07T00:00:00,1992-06-26T00:00:00,6/26/1992,709516800,2026-09-15T00:00:00
65,BCX,-0.098,6.40429,7.10017,0.0697,26.23,8,Morningstar US CEF Sector Equity,16,BlackRock,True,11.78,-0.22,13.06,2026-10-07T00:00:00,09257A108,BlackRock Resources&Commodities Strategy,2026-10-07,XBCRX,Equity-Sector Equity,0.0,898.085,,Monthly,0.09832,0.0697,20.0,,,,1.19,,995.691,True,True,False,False,True,False,,14.23,17.38,13.18,13.42,18.18,13.8,,,25.39,2070790,,,,,,,11.74123,-6.8587,-1.53,-1.9500000000000002,-1.6099999999999999,2026-10-07T00:00:00,2011-03-29T00:00:00,3/29/2011,1301356800,2026-09-15T00:00:00
66,BSTZ,-0.0812,5.8209,6.33528,0.1625,52.79,8,Morningstar US CEF Sector Equity,16,BlackRock,True,30.78,-0.46,33.5,2026-10-07T00:00:00,09260K101,BlackRock Science and Technology Term,2026-10-07,XBSZX,Equity-Sector Equity,1.05,2115.945,,Monthly,-0.15007,0.1625,20.0,,,,1.35,,2327.425,True,True,True,False,True,True,,30.33,36.93,5.72,6.82,43.68,44.78,,,53.32,2057900,,,,,,,25.68176,-9.56682,0.8300000000000001,-0.09,0.38,2026-10-07T00:00:00,2019-06-26T00:00:00,6/26/2019,1561507200,2026-09-15T00:00:00
67,BST,-0.049400000000000006,5.60957,5.90087,0.25,36.63,8,Morningstar US CEF Sector Equity,16,BlackRock,True,50.84,-0.2,53.48,2026-10-07T00:00:00,09258G104,BlackRock Science and Technology Trust,2026-10-07,XBSTX,Equity-Sector Equity,0.1,1765.166,,Monthly,-0.29713,0.25,20.0,,,,1.11,,1858.599,True,True,True,False,True,False,,30.17,29.61,9.3,9.93,34.29,36.02,,,39.84,1011780,,,,,,,43.64966,-6.16362,0.59,-0.05,0.65,2026-10-07T00:00:00,2014-10-29T00:00:00,10/29/2014,1414540800,2026-09-15T00:00:00
68,BBN,-0.0762,7.64341,8.27413,0.0986,-4.44,20,Morningstar US CEF Taxable Muni,17,"BlackRock Advisors, LLC",True,14.3,-0.04,15.48,2026-10-07T00:00:00,09248X100,BlackRock Taxable Municipal Bond Trust,2026-10-07,XBBNX,Fixed Income - Taxable-Taxable Muni,37.83,883.633,0.077,Monthly,0.52117,0.0986,20.0,5.9206,,,3.1,,1538.588,True,False,False,False,True,False,,4.48,5.45,-3.06,-4.47,-5.4,-6.72,,,-6.67,2176060,3.39,,99.4279,,8.12,8.12,16.16646,-5.05671,-1.54,-1.6,-2.02,2026-10-07T00:00:00,2010-08-27T00:00:00,8/27/2010,1282867200,2026-09-15T00:00:00
69,BTX,-0.1174,5.91549,6.70213,0.0525,40.05,10,Morningstar US CEF US Equity,16,BlackRock,True,9.4,-0.09,10.65,2026-10-07T00:00:00,09260Q108,BlackRock Tech and Private Equity Term,2026-10-07,XBTPX,Equity-U.S. Equity,1.0,1097.077,,Monthly,-0.048940000000000004,0.0525,20.0,,,,1.46,,1255.577,True,True,True,False,True,True,,16.77,21.11,-3.31,-3.35,37.97,44.88,,,45.88,7274230,,,,,,,7.63004,-13.76702,0.92,-0.24,0.27,2026-10-07T00:00:00,2021-03-26T00:00:00,3/26/2021,1616716800,2026-09-15T00:00:00
70,BUI,-0.0024,7.34791,7.28994,0.154,7.89,8,Morningstar US CEF Sector Equity,16,BlackRock,True,25.35,0.1,25.15,2026-10-07T00:00:00,09248D104,"BlackRock Util, Infra & Power Opp",2026-10-07,XBUIX,Equity-Sector Equity,0.11,762.643,,Monthly,0.19198,0.154,20.0,,,,1.09,,756.626,True,False,False,False,True,False,,15.82,17.39,8.21,7.73,6.9,3.15,,,7.14,762770,,,,,,,27.07161,1.55359,-0.26,0.08,0.25,2026-10-07T00:00:00,2011-11-23T00:00:00,11/23/2011,1322006400,2026-09-15T00:00:00
71,BHV,0.15039999999999998,5.53191,4.80854,0.0455,-8.77,24,Morningstar US CEF Municipal-Single State,16,BlackRock,False,11.354800000000001,-0.25,9.87,2026-10-07T00:00:00,092481100,BlackRock VA Municipal Bond,2026-10-07,XBHVX,Fixed Income - Municipal-Municipal - Single-State,42.44,18.034,0.024,Monthly,0.20605,0.0455,15.0,4.8843,,,4.36,,27.234,True,False,True,False,False,False,,0.9400000000000001,13.35,-4.55,-4.03,-10.01,15.82,,,13.38,52360,8.69,,99.5776,,16.97,10.27,11.43985,0.92732,1.5,0.07,0.8300000000000001,2026-10-07T00:00:00,2002-04-30T00:00:00,4/30/2002,1020124800,2026-09-15T00:00:00
72,BGX,-0.1358,7.85597,9.09091,0.08,1.03,19,Morningstar US CEF Senior Loans,18,Blackstone Liquid Credit Strategies LLC,False,10.56,-0.06,12.22,2026-10-07T00:00:00,09257D102,Blackstone Long-Short Credit Income,2026-10-07,XXBGX,Fixed Income - Taxable-Senior Loans,33.92,134.199,,Monthly,0.47335,0.08,20.0,7.073,,,4.65,,234.995,True,False,False,False,False,False,,6.47,6.21,3.6,1.96,-0.02,-4.01,,,-3.93,690580,,,,,,,11.12154,-11.33403,-1.4100000000000001,-0.96,-1.55,2026-10-07T00:00:00,2011-01-27T00:00:00,1/27/2011,1296086400,2026-09-23T00:00:00
73,BSL,-0.0387,7.5,7.80186,0.08399999999999999,0.9400000000000001,19,Morningstar US CEF Senior Loans,18,Blackstone Liquid Credit Strategies LLC,False,12.92,-0.04,13.44,2026-10-07T00:00:00,09256U105,Blackstone Senior Floating Rt 2027 term,2026-10-07,XBSLX,Fixed Income - Taxable-Senior Loans,33.51,168.218,,Monthly,0.49904,0.08399999999999999,20.0,7.0672,,,4.68,,263.188,True,False,False,False,False,True,,5.85,8.42,4.02,3.88,0.2,1.19,,,-0.22,439650,,,,,,,13.22252,-3.84089,-0.04,-0.61,-0.46,2026-10-07T00:00:00,2010-05-26T00:00:00,5/26/2010,1274832000,2026-09-23T00:00:00
74,BGB,-0.055600000000000004,7.58974,8.0362,0.074,0.02,19,Morningstar US CEF Senior Loans,18,Blackstone Liquid Credit Strategies LLC,False,11.05,-0.07,11.7,2026-10-07T00:00:00,09257R101,Blackstone Strategic Credit 2027 term,2026-10-07,XBGBX,Fixed Income - Taxable-Senior Loans,39.19,493.7,,Monthly,0.40459,0.074,20.0,6.9282,,,5.4,,859.675,True,False,False,False,False,True,,6.32,10.16,3.49,4.59,-0.9400000000000001,0.75,,,0.13,1398750,,,,,,,11.4642,-5.03159,-0.67,-1.5,-1.26,2026-10-07T00:00:00,2012-09-26T00:00:00,9/26/2012,1348617600,2026-09-23T00:00:00
75,BPRE,-0.43310000000000004,7.28609,12.85312,0.1371,-5.97,7,Morningstar US CEF Real Estate,19,"Bluerock Fund Advisors, LLC",True,12.8,-0.29,22.58,2026-10-07T00:00:00,09631P102,Bluerock Private Real Estate Fund,2026-10-07,XBPREX,Equity-Real Estate,,1830.968,,Monthly,,0.1371,14.0,11.1334,,,0.0,,3229.942,False,True,True,False,True,False,,-6.18,,-1.72,,-2.74,-9.63,,,,0,,,,,,,,,,1.08,-0.51,2026-10-07T00:00:00,2014-04-01T00:00:00,4/1/2014,1396310400,2026-09-16T00:00:00
76,DHF,-0.14400000000000002,8.17121,9.54545,0.017499999999999998,-0.5,14,Morningstar US CEF High Yield,20,BNY Mellon,False,2.2,-0.02,2.57,2026-10-07T00:00:00,09660L105,BNY Mellon High Yield Strategies Fund,2026-10-07,XDHFX,Fixed Income - Taxable-High Yield,28.36,160.02,,Monthly,0.09917000000000001,0.017499999999999998,15.0,7.1213,,,3.18,,260.933,True,False,False,False,False,False,,8.3,10.08,2.58,0.9400000000000001,-1.58,-5.11,,,-6.61,3538010,7.1,,98.7995,,4.58,,2.43875,-10.10547,-2.3,-1.8,-2.49,2026-10-07T00:00:00,1998-04-29T00:00:00,4/29/1998,893808000,2026-10-08T00:00:00
77,DMB,-0.09949999999999999,5.85366,6.50054,0.049999999999999996,-6.39,21,Morningstar US CEF Municipal,20,BNY Mellon,False,9.23,-0.23,10.25,2026-10-07T00:00:00,09662W109,BNY Mellon Muni Bond Infrastructure Fund,2026-10-07,XDMBX,Fixed Income - Municipal-Municipal,38.38,169.887,,Monthly,0.24734,0.049999999999999996,15.0,5.1207,,,3.19,,306.156,True,False,False,False,False,False,,2.16,2.27,-2.7,-5.65,-8.23,-11.4,,,-7.95,607310,0.21000000000000002,,98.0971,,12.2,9.39,10.74281,-7.39379,-1.8900000000000001,-1.9100000000000001,-2.5,2026-10-07T00:00:00,2013-04-26T00:00:00,4/26/2013,1366934400,2026-09-17T00:00:00
78,DSM,-0.1005,6.34921,7.05882,0.03,-6.38,21,Morningstar US CEF Municipal,20,BNY Mellon,False,5.1,-0.11,5.67,2026-10-07T00:00:00,09662E109,BNY Mellon Strategic Muni Bond,2026-10-07,XDSMX,Fixed Income - Municipal-Municipal,37.44,252.086,,Monthly,0.15742,0.03,10.0,5.0126,,,2.73,,447.959,True,False,False,False,False,False,,2.67,6.12,-3.32,-3.96,-8.22,-12.02,,,-7.25,1211110,0.6900000000000001,,95.9354,,9.57,8.59,5.97325,-7.23843,-1.9300000000000002,-1.6099999999999999,-1.94,2026-10-07T00:00:00,1989-11-22T00:00:00,11/22/1989,627696000,2026-09-14T00:00:00
79,LEO,-0.0993,5.96026,6.61765,0.03,-5.57,21,Morningstar US CEF Municipal,20,BNY Mellon,False,5.44,-0.1,6.04,2026-10-07T00:00:00,05588W108,BNY Mellon Strategic Municipals,2026-10-07,XLEOX,Fixed Income - Municipal-Municipal,36.68,338.862,,Monthly,0.15752,0.03,10.0,5.133,,,2.76,,594.157,True,False,False,False,False,False,,2.98,5.86,-3.0,-4.46,-7.2,-9.09,,,-6.47,2049010,0.64,,96.1942,,10.02,8.78,6.27732,-7.65743,-2.0,-1.87,-2.26,2026-10-07T00:00:00,1987-09-23T00:00:00,9/23/1987,559353600,2026-09-14T00:00:00
80,BWG,-0.1471,11.764710000000001,13.7931,0.08,-4.05,13,Morningstar US CEF Global Income,53,"Franklin Templeton Fund Adviser, LLC",True,6.96,-0.02,8.16,2026-10-07T00:00:00,10537L104,BrandywineGLOBAL â Global Inc Opp Fund,2026-10-07,XBWGX,Fixed Income - Taxable-Global Income,42.42,116.871,,Monthly,0.40321,0.08,20.0,7.585,,,4.62,,237.982,True,False,False,False,True,False,,8.0,9.39,0.29,-0.18,-3.75,-9.4,,,-10.12,775730,,,,,,,8.05293,-9.07984,-3.13,-2.37,-3.38,2026-10-07T00:00:00,2012-03-28T00:00:00,3/28/2012,1332892800,2026-09-23T00:00:00
81,RA,-0.1417,10.55928,12.30235,0.118,1.42,14,Morningstar US CEF High Yield,21,Brookfield Public Securities Group LLC,True,11.51,-0.09,13.41,2026-10-07T00:00:00,112830104,Brookfield Real Assets Income Fund Inc.,2026-10-07,XRAIX,Fixed Income - Taxable-High Yield,25.15,635.982,,Monthly,0.43376000000000003,0.118,25.0,6.5269,,,3.34,,989.877,True,False,False,False,True,False,,7.51,9.35,3.5700000000000003,0.12,0.06,-3.19,,,-3.51,1782880,,,96.6205,,8.9,,12.84828,-9.59017,-3.37,-2.1,-2.8200000000000003,2026-10-07T00:00:00,2016-12-02T00:00:00,12/2/2016,1480636800,2026-09-10T00:00:00
82,CFND,-0.5547,,,,-17.43,10,Morningstar US CEF US Equity,23,C1 Advisors LLC,True,2.89,-0.02,6.49,2026-06-30T00:00:00,12673Q103,C1 Fund Inc.,2026-10-07,XCFNDX,Equity-U.S. Equity,,18.983,,Semi-Annually,-0.24685,,10.0,,,,5.86,,42.629,False,False,False,False,True,False,,,,,,-16.9,-38.78,,,-63.19,438490,,,,,,,4.23479,-42.95049,-0.79,-0.5,-0.65,2026-10-07T00:00:00,2025-08-07T00:00:00,8/7/2025,1754524800,
83,CHY,-0.0288,9.74026,10.02925,0.09999999999999999,19.08,11,Morningstar US CEF Convertibles,24,Calamos Advisors LLC,False,11.965,0.01,12.32,2026-10-07T00:00:00,12811P108,Calamos Convertible & High Income Fund,2026-10-07,XCHYX,Fixed Income - Taxable-Convertibles,32.34,961.152,,Monthly,-0.10886,0.09999999999999999,15.0,3.6347,,,4.01,,1462.688,True,False,False,False,False,False,,18.67,13.08,5.58,4.75,16.63,10.39,,,15.26,1864240,,,110.455,,,,12.17414,-0.7658,-0.99,-1.3599999999999999,-0.66,2026-10-07T00:00:00,2003-05-28T00:00:00,5/28/2003,1054080000,2026-09-14T00:00:00
84,CHI,0.0086,9.83607,9.75192,0.095,18.66,11,Morningstar US CEF Convertibles,24,Calamos Advisors LLC,False,11.69,-0.08,11.59,2026-10-07T00:00:00,128117108,Calamos Convertible Opp Inc,2026-10-07,XCHIX,Fixed Income - Taxable-Convertibles,31.7,943.462,,Monthly,-0.09886,0.095,15.0,3.5968,,,3.98,,1369.442,True,False,False,False,False,False,,18.47,14.22,5.5,5.06,16.5,16.25,,,16.96,1787460,,,110.6368,,,,11.80233,2.07107,-0.45,-1.65,-0.65,2026-10-07T00:00:00,2002-06-26T00:00:00,6/26/2002,1025049600,2026-09-14T00:00:00
85,CCD,0.018799999999999997,10.10363,9.91736,0.19499999999999998,22.44,11,Morningstar US CEF Convertibles,24,Calamos Advisors LLC,False,23.595,-0.05,23.16,2026-10-07T00:00:00,12811V105,Calamos Dynamic Convertible and Income,2026-10-07,XCCDX,Fixed Income - Taxable-Convertibles,30.08,674.413,,Monthly,-0.41014,0.19499999999999998,25.0,2.6269,,,4.26,,946.737,True,True,True,False,False,True,,20.52,18.97,5.75,4.85,19.99,15.85,,,19.21,791710,,,,,,,23.26366,1.60039,0.12,-0.47000000000000003,0.22,2026-10-07T00:00:00,2015-03-27T00:00:00,3/27/2015,1427414400,2026-09-14T00:00:00
86,CHW,-0.1192,7.80065,8.85609,0.06,16.56,25,Morningstar US CEF Global Allocation,24,Calamos Advisors LLC,False,8.13,-0.04,9.23,2026-10-07T00:00:00,12811L107,Calamos Global Dynamic Income Fund,2026-10-07,XCHWX,Hybrid-Global Allocation,29.94,519.217,,Monthly,-0.03591,0.06,15.0,4.8766,,,3.85,,841.432,True,True,False,False,False,False,,22.62,23.65,7.93,6.07,18.38,14.65,,,15.73,1854760,,,,,,,8.06948,-10.28422,-1.18,-1.33,-0.78,2026-10-07T00:00:00,2007-06-27T00:00:00,6/27/2007,1182902400,2026-09-14T00:00:00
87,CGO,-0.0919,7.63791,8.41121,0.09,16.73,25,Morningstar US CEF Global Allocation,24,Calamos Advisors LLC,False,12.84,0.04,14.14,2026-10-07T00:00:00,128118106,Calamos Global Total Return,2026-10-07,XCGOX,Hybrid-Global Allocation,29.83,126.182,,Monthly,-0.07175000000000001,0.09,15.0,4.7922,,,4.02,,198.035,True,True,True,False,False,False,,23.38,24.09,7.84,5.03,19.22,19.31,,,16.02,259430,,,,,,,12.45227,-9.3779,0.15,0.05,0.66,2026-10-07T00:00:00,2005-10-27T00:00:00,10/27/2005,1130371200,2026-09-14T00:00:00
88,CPZ,-0.1578,11.28274,13.39713,0.13999999999999999,-5.3,5,Morningstar US CEF Global Equity,24,Calamos Advisors LLC,False,12.54,0.04,14.89,2026-10-07T00:00:00,12812C106,Calamos L/S Equity & Dynamic Inc Trust,2026-10-07,XCPZX,Equity-Global Equity,48.54,246.188,,Monthly,0.08155,0.13999999999999999,20.0,5.7136,,,4.38,,568.014,True,False,False,False,False,False,,5.5600000000000005,6.47,2.0,1.35,-2.31,-6.7,,,-12.4,782440,,,99.3359,,,,14.00629,-10.75863,-2.31,-2.08,-2.2,2026-10-07T00:00:00,2019-11-29T00:00:00,11/29/2019,1574985600,2026-09-14T00:00:00
89,CSQ,-0.0989,7.11775,7.89859,0.13499999999999998,17.29,26,Morningstar US CEF US Allocation,24,Calamos Advisors LLC,False,20.51,-0.09,22.76,2026-10-07T00:00:00,128125101,Calamos Strategic Total Return,2026-10-07,XCSQX,Hybrid-U.S. Allocation,27.9,3289.181,,Monthly,-0.08754,0.13499999999999998,15.0,4.2309,,,3.69,,5062.181,True,True,False,False,False,False,,25.57,21.89,13.3,11.15,14.02,11.81,,,13.82,2231260,,,,,,,19.56397,-8.73791,-0.9,-1.44,-0.53,2026-10-07T00:00:00,2004-03-26T00:00:00,3/26/2004,1080259200,2026-09-14T00:00:00
90,CCIF,-0.2776,22.71293,31.44105,0.06,-39.1,19,Morningstar US CEF Senior Loans,25,Carlyle Global Credit Inv Mgmt,True,2.29,-0.4,3.23,2026-08-31T00:00:00,92535C104,Carlyle Credit Income Ord,2026-10-07,XCCIFX,Fixed Income - Taxable-Senior Loans,46.01,48.545,,Monthly,0.18345,0.06,8.65,8.718,,,11.36,,124.472,True,False,False,False,True,False,,-15.7,-18.45,-13.36,-12.53,-31.65,-37.08,,,-46.02,1302390,,,46.8847,,,,3.66312,-11.94259,-2.25,-2.23,-1.8599999999999999,2026-10-07T00:00:00,2011-12-30T00:00:00,12/30/2011,1325203200,2026-09-18T00:00:00
91,IGR,-0.0546,18.41432,19.47701,0.18,-4.8100000000000005,7,Morningstar US CEF Real Estate,26,CBRE Investment Management Listed Real Assets LLC,True,11.09,-0.38,11.73,2026-10-07T00:00:00,12504G878,CBRE Global Real Estate Income,2026-10-07,XIGRX,Equity-Real Estate,35.12,560.549,,Monthly,0.12236,0.18,15.0,,,,3.84,,913.832,True,False,False,False,True,False,,6.36,10.56,-1.58,0.45,0.11,0.75,,,-10.7,2608820,,,,,,,13.83188,0.6079600000000001,-2.76,-2.76,-3.54,2026-10-07T00:00:00,2004-02-18T00:00:00,2/18/2004,1077062400,2026-09-21T00:00:00
92,CET,-0.1685,0.9252400000000001,1.11271,0.31,13.42,10,Morningstar US CEF US Equity,27,Central Securities Corp,False,55.72,0.23,67.01,2026-10-02T00:00:00,155123102,Central Securities Corporation,2026-10-07,XCETX,Equity-U.S. Equity,0.32,1646.485,,Semi-Annually,0.8325400000000001,0.31,10.0,,,,0.46,,1980.096,True,True,False,False,False,False,,20.11,22.23,11.37,12.33,10.4,10.1,,,14.14,369700,,,,,,0.05,52.31199,-15.64835,-1.31,-0.65,-1.13,2026-10-07T00:00:00,1980-07-28T00:00:00,7/28/1980,333590400,2026-06-12T00:00:00
93,EMO,-0.10949999999999999,8.70334,9.77354,0.41,23.21,6,Morningstar US CEF MLP,53,"Franklin Templeton Fund Adviser, LLC",False,50.34,-0.71,56.53,2026-10-07T00:00:00,18469P209,ClearBridge Energy Midstream Opportunity,2026-10-07,XEMOX,Equity-MLP,24.93,1006.308,,Monthly,-0.08994,0.41,20.0,,,,3.12,,1505.257,True,True,False,False,False,False,,24.86,27.87,24.04,28.43,19.59,19.66,,,21.91,516720,,,,,,,49.17183,-9.777,-0.59,-0.55,0.09,2026-10-07T00:00:00,2011-06-13T00:00:00,6/13/2011,1307923200,2026-09-23T00:00:00
94,GLV,-0.1414,10.10714,11.77123,0.0566,8.75,25,Morningstar US CEF Global Allocation,28,Clough Capital Partners L.P.,True,5.77,-0.05,6.72,2026-10-07T00:00:00,18913Y103,Clough Global Dividend and Income,2026-10-07,XGLVX,Hybrid-Global Allocation,33.56,71.604,,Monthly,0.00647,0.0566,20.0,4.8566,,,3.06,,125.524,True,False,False,False,True,False,,14.11,17.9,1.3900000000000001,-1.04,7.17,5.25,,,8.44,404750,,,,,14.12,12.58,6.15049,-12.03076,-1.87,-1.82,-1.51,2026-10-07T00:00:00,2004-07-28T00:00:00,7/28/2004,1090972800,2026-09-17T00:00:00
95,GLQ,-0.12369999999999999,10.02062,11.43529,0.07289999999999999,8.33,5,Morningstar US CEF Global Equity,28,Clough Capital Partners L.P.,True,7.65,-0.01,8.73,2026-10-07T00:00:00,18914C100,Clough Global Equity,2026-10-07,XGLQX,Equity-Global Equity,33.44,143.347,,Monthly,-0.056870000000000004,0.07289999999999999,20.0,,,,3.41,,245.753,True,False,False,False,True,False,,19.66,23.88,0.76,-1.31,6.99,5.68,,,9.17,625400,,,,,0.06,,8.01548,-11.10255,-1.16,-1.62,-1.48,2026-10-07T00:00:00,2005-04-27T00:00:00,4/27/2005,1114560000,2026-09-17T00:00:00
96,GLO,-0.128,10.3104,11.82385,0.0537,4.48,25,Morningstar US CEF Global Allocation,28,Clough Capital Partners L.P.,True,5.45,0.02,6.25,2026-10-07T00:00:00,18914E106,Clough Global Opportunities,2026-10-07,XGLOX,Hybrid-Global Allocation,34.14,233.076,,Monthly,-0.0235,0.0537,20.0,4.8811,,,3.54,,405.84,True,False,False,False,True,False,,15.34,19.17,-1.82,-4.13,3.95,2.45,,,4.49,1488340,,,,,16.22,13.75,5.79908,-11.37672,-1.38,-1.35,-1.15,2026-10-07T00:00:00,2006-04-25T00:00:00,4/25/2006,1145923200,2026-09-17T00:00:00
97,FOF,-0.025099999999999997,8.18182,8.39228,0.087,5.66,26,Morningstar US CEF US Allocation,30,"Cohen &amp; Steers Capital Management, Inc.",False,12.44,0.0,12.76,2026-10-07T00:00:00,19248P106,Cohen & Steers Closed-End Opportunity,2026-10-07,XFOFX,Hybrid-U.S. Allocation,,346.15,,Monthly,0.17839,0.087,20.0,6.1386,,7.64,0.9500000000000001,,355.054,False,False,False,False,False,False,,17.29,16.06,7.46,7.3,2.07,0.07,,,3.35,632910,,,95.6359,,,,13.46152,0.7329300000000001,-1.57,-0.89,-1.52,2026-10-07T00:00:00,2006-11-20T00:00:00,11/20/2006,1163980800,2026-09-08T00:00:00
98,UTF,-0.0174,7.67442,7.81065,0.16499999999999998,3.16,8,Morningstar US CEF Sector Equity,29,Cohen &amp; Steers,False,25.35,-0.25,25.8,2026-10-07T00:00:00,19248A109,Cohen & Steers Infrastructure,2026-10-07,XUTFX,Equity-Sector Equity,29.55,2834.386,,Monthly,0.38602000000000003,0.16499999999999998,20.0,5.4498,,,3.43,,4094.701,True,False,True,False,False,False,,15.75,16.69,7.18,5.92,4.21,7.99,,,7.03,3440280,,,103.041,,,,25.85107,-5.2979,1.54,0.58,0.98,2026-10-07T00:00:00,2004-03-30T00:00:00,3/30/2004,1080604800,2026-09-08T00:00:00
99,LDP,-0.1008,7.40462,8.23468,0.131,1.34,18,Morningstar US CEF Preferreds,30,"Cohen &amp; Steers Capital Management, Inc.",False,19.09,-0.01,21.23,2026-10-07T00:00:00,19248C105,Cohen & Steers Ltd Duration Pref & Inc,2026-10-07,XLDPX,Fixed Income - Taxable-Preferreds,33.79,555.122,,Monthly,0.7218,0.131,25.0,,,,3.67,,932.352,True,False,False,False,False,False,,10.88,12.64,3.5700000000000003,1.29,-0.28,-3.35,,,-3.84,654920,,,,,,,20.85687,-6.37935,-2.39,-1.56,-2.17,2026-10-07T00:00:00,2012-07-27T00:00:00,7/27/2012,1343347200,2026-09-08T00:00:00
100,RQI,-0.08130000000000001,9.05281,9.85401,0.09,4.14,7,Morningstar US CEF Real Estate,29,Cohen &amp; Steers,False,10.96,-0.12,11.93,2026-10-07T00:00:00,19247L106,Cohen & Steers Qual Inc Realty,2026-10-07,XRQIX,Equity-Real Estate,28.81,1611.936,,Monthly,0.13026000000000001,0.09,15.0,4.5417000000000005,,,3.45,,2464.723,True,False,False,False,False,False,,12.7,11.68,3.15,2.2,8.7,2.05,,,-3.56,5374590,,,102.1293,,,,12.32492,-4.41251,-1.16,-0.13,-0.75,2026-10-07T00:00:00,2002-02-28T00:00:00,2/28/2002,1014854400,2026-09-08T00:00:00
101,RLTY,-0.1193,8.56031,9.72018,0.11,3.11,7,Morningstar US CEF Real Estate,30,"Cohen &amp; Steers Capital Management, Inc.",True,13.58,-0.2,15.42,2026-10-07T00:00:00,19249Q103,Cohen & Steers Real Estate Opp & Inc Fd,2026-10-07,XRLTX,Equity-Real Estate,35.35,227.09,,Monthly,0.17708000000000002,0.11,20.0,5.2869,,,4.55,,398.86,True,False,False,False,True,False,,11.64,11.44,,,4.85,0.42,,,-1.24,601040,,,104.0393,,,,15.23086,-7.8404300000000005,-3.08,-2.7,-3.51,2026-10-07T00:00:00,2022-02-24T00:00:00,2/24/2022,1645660800,2026-09-08T00:00:00
102,RNP,-0.09570000000000001,8.13559,8.996690000000001,0.13599999999999998,1.7000000000000002,7,Morningstar US CEF Real Estate,30,"Cohen &amp; Steers Capital Management, Inc.",True,18.14,-0.21,20.06,2026-10-07T00:00:00,19247X100,Cohen & Steers REIT & Preferred Inc Fd,2026-10-07,XRNPX,Equity-Real Estate,31.86,870.721,,Monthly,0.40266,0.13599999999999998,25.0,5.8091,,,3.37,,1413.007,True,False,False,False,True,False,,11.74,11.3,3.01,2.33,3.66,-0.37,,,-10.22,1251290,,,106.003,,,,20.47477,-4.2432,-1.9100000000000001,-3.22,-2.11,2026-10-07T00:00:00,2003-06-27T00:00:00,6/27/2003,1056672000,2026-09-08T00:00:00
103,PSF,-0.125,7.35409,8.40467,0.126,-0.2,18,Morningstar US CEF Preferreds,29,Cohen &amp; Steers,False,17.99,-0.09,20.56,2026-10-07T00:00:00,19248Y107,Cohen & Steers Select Preferred & Inc,2026-10-07,XPSFX,Fixed Income - Taxable-Preferreds,34.28,216.387,,Monthly,0.69831,0.126,25.0,7.0987,,,3.76,,376.3,True,False,False,False,False,False,,10.36,8.04,2.33,-0.87,-1.63,-5.29,,,-5.86,395790,,,101.0886,,,,19.89454,-8.8518,-2.34,-1.71,-2.33,2026-10-07T00:00:00,2010-11-24T00:00:00,11/24/2010,1290556800,2026-09-08T00:00:00
104,PTA,-0.1144,8.32729,9.40351,0.13399999999999998,-1.01,18,Morningstar US CEF Preferreds,30,"Cohen &amp; Steers Capital Management, Inc.",True,17.1,-0.08,19.31,2026-10-07T00:00:00,19249X108,Cohen & Steers Tax-adv Prd Sec and Inc,2026-10-07,XPTAX,Fixed Income - Taxable-Preferreds,36.17,945.176,,Monthly,0.63166,0.13399999999999998,25.0,7.3128,,,4.36,,1672.235,True,False,False,False,True,False,,9.03,8.52,1.9300000000000002,1.09,-2.1,-4.11,,,-7.42,1566940,,,103.3882,,,,19.18845,-7.18296,-2.79,-1.67,-2.21,2026-10-07T00:00:00,2020-10-28T00:00:00,10/28/2020,1603843200,2026-09-08T00:00:00
105,RFI,-0.0559,8.79927,9.32039,0.08,2.56,7,Morningstar US CEF Real Estate,30,"Cohen &amp; Steers Capital Management, Inc.",False,10.3,-0.18,10.91,2026-10-07T00:00:00,19247R103,Cohen & Steers Total Return,2026-10-07,XRFIX,Equity-Real Estate,0.04,275.645,,Monthly,0.15775,0.08,15.0,6.5819,,,0.9400000000000001,,292.094,True,False,False,False,False,False,,9.91,8.56,2.67,-0.34,5.3,1.09,,,-5.73,977910,,,,,,,11.33047,-1.85873,-1.54,-2.11,-1.28,2026-10-07T00:00:00,1993-09-27T00:00:00,9/27/1993,749088000,2026-09-08T00:00:00
106,STK,-0.0695,3.11553,3.32913,0.46249999999999997,64.18,3,Morningstar US CEF Covered Call,31,"Columbia Mgmt Investment Advisers, LLC",True,55.57,-0.6900000000000001,59.38,2026-10-07T00:00:00,19842X109,Columbia Seligman Premium Technology Gr,2026-10-07,XSTKX,Equity-Covered-Call Funds,,983.315,,Quarterly,-0.11919,0.46249999999999997,20.0,,,,1.12,,1050.924,False,True,False,False,True,False,,42.15,38.19,23.85,21.88,55.16,50.57,,,62.75,569410,,,,,,,44.69565,-4.60242,-0.84,0.37,-0.51,2026-10-07T00:00:00,2009-11-25T00:00:00,11/25/2009,1259107200,2026-08-17T00:00:00
107,CLM,0.0351,23.25359,22.46533,0.1215,12.88,10,Morningstar US CEF US Equity,32,"Cornerstone Advisors, LLC",True,6.49,0.17,6.27,2026-10-02T00:00:00,21924B302,Cornerstone Strategic Investment Fund,2026-10-07,XCLMX,Equity-U.S. Equity,0.0,2009.799,,Monthly,-0.00193,0.1215,38.52,,,,1.1,,1941.671,True,False,False,False,True,False,,21.72,12.18,13.2,7.26,9.49,-10.8,,,-5.64,19228510,,,,,,,7.63307,17.60604,-2.23,-0.92,-1.58,2026-10-07T00:00:00,1987-06-23T00:00:00,6/23/1987,551404800,2026-09-15T00:00:00
108,CRF,0.0148,23.17241,22.83495,0.1176,13.1,10,Morningstar US CEF US Equity,32,"Cornerstone Advisors, LLC",True,6.18,0.12,6.09,2026-10-02T00:00:00,21924U300,Cornerstone Total Return Fund,2026-10-07,XCRFX,Equity-U.S. Equity,9.5,1043.743,,Monthly,-0.00496,0.1176,25.0,,,,1.13,,1028.543,True,False,False,False,True,False,,22.18,9.63,13.67,6.08,9.71,-10.84,,,-7.17,13097410,,,,,,,7.31847,16.33358,-2.37,-1.11,-1.76,2026-10-07T00:00:00,1973-05-16T00:00:00,5/16/1973,106358400,2026-09-15T00:00:00
109,DXYZ,-0.0915,,,,201.67,8,Morningstar US CEF Sector Equity,34,Destiny Advisors LLC,True,31.16,4.96,34.3,2026-06-30T00:00:00,25063F107,Destiny Tech100 Inc,2026-10-07,DXYZ,Equity-Sector Equity,,1485.003,,Monthly,-0.28507,,,,,,4.53,,1634.647,False,True,False,False,True,False,,,,,,71.76,0.72,,,44.84,19985980,,,,,,,30.63678,53.85467,-0.85,0.44,-0.23,2026-10-07T00:00:00,2024-03-26T00:00:00,3/26/2024,1711411200,
110,DMA,-0.15130000000000002,15.35836,18.09651,0.11249999999999999,-1.88,26,Morningstar US CEF US Allocation,35,Destra Capital Advisors LLC,True,7.46,-0.04,8.79,2026-10-07T00:00:00,25065A502,Destra Multi-Alternative,2026-10-07,XDMAX,Hybrid-U.S. Allocation,11.16,66.866,,Monthly,0.19305,0.11249999999999999,,,,,3.29,,88.687,True,False,False,False,True,False,,1.18,17.91,-0.46,,-2.8,-4.39,,,2.65,235340,,,,,0.11,,8.12367,-14.5996,-0.21,-0.18,0.37,2026-10-07T00:00:00,2022-01-13T00:00:00,1/13/2022,1642032000,2026-09-18T00:00:00
111,DNP,0.0757,8.68597,8.07453,0.065,-0.18,8,Morningstar US CEF Sector Equity,39,Duff &amp; Phelps Inv Mgmt Co (IL),True,9.66,-0.08,8.98,2026-10-07T00:00:00,23325P104,DNP Select Income,2026-10-07,XDNPX,Equity-Sector Equity,24.52,3659.233,,Monthly,0.10944,0.065,10.0,5.7021,,,2.5300000000000002,,4506.498,True,False,True,False,True,False,,15.11,9.02,8.2,6.1,1.83,1.52,,,3.39,6317110,,,,,7.5600000000000005,5.85,10.40506,7.01032,0.16,-1.82,-0.35000000000000003,2026-10-07T00:00:00,1987-01-21T00:00:00,1/21/1987,538185600,2026-09-30T00:00:00
112,DSL,-0.1107,12.01092,13.46939,0.11,-1.27,13,Morningstar US CEF Global Income,37,DoubleLine Capital LP,False,9.8,-0.1,10.99,2026-10-07T00:00:00,258622109,DoubleLine Income Solutions Fund,2026-10-07,XDSLX,Fixed Income - Taxable-Global Income,24.34,1122.797,,Monthly,0.47242,0.11,25.0,7.674,,,2.98,,1664.136,True,False,False,False,False,False,,9.47,5.97,0.53,-0.44,0.67,-2.87,,,-8.26,5990070,,,92.7756,,,,11.04271,-5.35028,-3.0,-2.12,-2.64,2026-10-07T00:00:00,2013-04-26T00:00:00,4/26/2013,1366934400,2026-09-16T00:00:00
113,DBL,-0.0707,9.2437,9.94725,0.11,0.97,17,Morningstar US CEF Multi-Sector,36,DoubleLine,False,13.27,-0.05,14.28,2026-10-07T00:00:00,258623107,Doubleline Opportunistic Cred,2026-10-07,XDBLX,Fixed Income - Taxable-Multi-Sector,8.13,262.373,,Monthly,0.46533,0.11,25.0,6.3687000000000005,,,2.02,,307.343,True,False,False,False,False,False,,8.91,6.57,2.38,1.16,0.84,-4.86,,,-4.83,673100,,,84.2858,,,,14.65599,-1.3585500000000001,-2.9699999999999998,-3.2800000000000002,-4.22,2026-10-07T00:00:00,2012-01-26T00:00:00,1/26/2012,1327536000,2026-09-16T00:00:00
114,DLY,-0.09949999999999999,9.54601,10.60106,0.1167,0.6900000000000001,17,Morningstar US CEF Multi-Sector,37,DoubleLine Capital LP,True,13.21,-0.1,14.67,2026-10-07T00:00:00,25862D105,DoubleLine Yield Opportunities Fund,2026-10-07,XDLYX,Fixed Income - Taxable-Multi-Sector,16.43,641.205,,Monthly,0.62071,0.1167,20.0,7.672,,,2.89,,852.073,True,False,False,False,True,False,,8.44,6.36,2.42,2.2,0.68,-0.97,,,-2.2,2135980,,,95.6102,,,,14.23483,-7.15387,-1.98,-1.27,-1.73,2026-10-07T00:00:00,2020-02-25T00:00:00,2/25/2020,1582588800,2026-09-16T00:00:00
115,DTF,-0.0508,3.3050800000000002,3.4821400000000002,0.0325,0.14,21,Morningstar US CEF Municipal,38,Duff &amp; Phelps,False,11.2,-0.12,11.8,2026-10-07T00:00:00,23334J107,DTF Tax-Free Income 2028 Term,2026-10-07,XDTFX,Fixed Income - Municipal-Municipal,32.16,78.731,,Monthly,0.13742000000000001,0.0325,15.0,4.9276,,,1.08,,82.949,True,False,True,False,False,False,,2.46,5.41,-2.5,-1.35,-0.33,1.15,,,1.92,77060,,,103.9925,,8.11,1.63,11.42697,-5.2443,0.17,-2.36,-1.11,2026-10-07T00:00:00,1991-11-29T00:00:00,11/29/1991,691372800,2026-09-15T00:00:00
116,DPG,-0.11560000000000001,6.11829,6.91776,0.075,7.63,8,Morningstar US CEF Sector Equity,39,Duff &amp; Phelps Inv Mgmt Co (IL),True,13.01,-0.04,14.71,2026-10-07T00:00:00,26433C105,Duff & Phelps Utility and Infra Fund Inc,2026-10-07,XDPGX,Equity-Sector Equity,23.18,468.322,,Monthly,0.045200000000000004,0.075,20.0,,,,3.34,,689.326,True,False,False,False,True,False,,21.05,22.63,11.28,7.84,6.46,5.53,,,5.59,729380,,,,,,,13.92392,-10.79447,-0.76,-0.88,-0.75,2026-10-07T00:00:00,2011-07-29T00:00:00,7/29/2011,1311897600,2026-09-30T00:00:00
117,KTF,-0.0087,9.05941,9.13858,0.061,-4.9,21,Morningstar US CEF Municipal,41,"DWS Investment Management Americas, Inc.",False,8.01,-0.08,8.08,2026-10-07T00:00:00,233368109,DWS Municipal Income,2026-10-07,XKTFX,Fixed Income - Municipal-Municipal,39.3,313.862,,Monthly,0.19611,0.061,12.0,4.4738,,15.48,3.14,,521.604,True,False,True,False,False,False,,2.85,9.54,-2.93,-1.6,-6.76,-5.26,,,-3.83,1543290,,,97.3387,,13.42,8.84,9.02764,-1.63434,0.8200000000000001,0.32,0.22,2026-10-07T00:00:00,1988-10-20T00:00:00,10/20/1988,593308800,2026-09-23T00:00:00
118,GRF,-0.1661,7.20339,8.63821,0.85,0.9,10,Morningstar US CEF US Equity,97,Sims Capital Management LLC,False,9.84,-0.32,11.8,2026-10-02T00:00:00,269451100,Eagle Capital Growth,2026-10-07,XGRFX,Equity-U.S. Equity,,39.044,,Annually,0.02503,0.85,10.0,,,,1.28,,46.82,False,False,False,False,False,False,,9.73,11.74,7.43,8.08,-1.5899999999999999,-6.45,,,3.24,31200,,,,,,,10.41685,-13.07661,-1.02,-0.64,-0.59,2026-10-07T00:00:00,1990-07-02T00:00:00,7/2/1990,646876800,2025-11-21T00:00:00
119,ECC,-0.278,16.82243,23.30097,0.06,-23.53,19,Morningstar US CEF Senior Loans,42,Eagle Point Credit Management,False,3.09,-0.81,4.34,2026-08-31T00:00:00,269808101,Eagle Point Credit Company LLC,2026-10-07,XECCX,Fixed Income - Taxable-Senior Loans,30.65,411.003,,Monthly,0.61938,0.06,20.0,,,,9.21,,820.895,True,False,False,False,False,False,,-3.7199999999999998,-12.56,-1.6800000000000002,-5.62,-11.98,-28.05,,,-32.83,13741000,,,,,,,4.56383,-10.33568,-2.3,-3.66,-2.95,2026-10-07T00:00:00,2014-10-08T00:00:00,10/8/2014,1412726400,2026-09-10T00:00:00
120,EIC,-0.26789999999999997,10.71429,14.63415,0.11,-3.5300000000000002,14,Morningstar US CEF High Yield,43,Eagle Point Income Management LLC,False,9.02,-1.01,12.43,2026-08-31T00:00:00,269817102,Eagle Point Income Co Inc,2026-10-07,XEICX,Fixed Income - Taxable-High Yield,11.77,207.855,,Monthly,,0.11,19.89,10.1647,,,6.36,,321.781,True,False,False,False,False,False,,9.94,0.25,6.24,0.68,0.12,-10.73,,,-21.81,1470520,,,87.475,,,,10.52165,-18.0034,-2.24,-2.7199999999999998,-2.95,2026-10-07T00:00:00,2019-07-23T00:00:00,7/23/2019,1563840000,2026-09-10T00:00:00
121,CEV,0.0294,6.07903,5.90551,0.049999999999999996,-4.72,22,Morningstar US CEF Municipal-CA,45,Eaton Vance Management,False,10.16,-0.08,9.87,2026-10-07T00:00:00,27826F101,Eaton Vance CA Muni Inc,2026-10-07,XCEVX,Fixed Income - Municipal-Municipal - CA,35.17,71.461,0.02,Monthly,0.23213,0.049999999999999996,15.0,6.4748,,,2.48,,107.088,True,False,True,False,False,False,,2.1,9.36,-2.88,-0.76,-6.25,5.46,,,6.58,257410,3.0,,96.9743,,,9.93,10.31904,-6.16443,3.51,2.05,2.77,2026-10-07T00:00:00,1999-01-29T00:00:00,1/29/1999,917568000,2026-09-14T00:00:00
122,EOI,-0.0821,7.36514,8.02399,0.1338,9.19,3,Morningstar US CEF Covered Call,45,Eaton Vance Management,True,20.01,0.04,21.8,2026-10-07T00:00:00,278274105,Eaton Vance Enhanced Equity Income,2026-10-07,XEOIX,Equity-Covered-Call Funds,,820.445,,Monthly,-0.04159,0.1338,20.0,,,,1.1,,893.838,False,True,False,False,True,False,,19.45,16.88,11.72,10.68,6.96,2.64,,,2.5,798120,,,,,,,19.97172,-4.68005,-1.52,-2.26,-1.72,2026-10-07T00:00:00,2004-10-26T00:00:00,10/26/2004,1098748800,2026-09-15T00:00:00
123,EOS,-0.1332,7.3545300000000005,8.48468,0.1523,6.51,3,Morningstar US CEF Covered Call,44,Eaton Vance,True,21.54,-0.02,24.85,2026-10-07T00:00:00,278277108,Eaton Vance Enhanced Equity Income II,2026-10-07,XEOSX,Equity-Covered-Call Funds,,1148.427,,Monthly,-0.06004,0.1523,20.0,,,,1.09,,1324.903,False,False,False,False,True,False,,19.49,16.46,9.8,6.71,4.6,-3.17,,,-3.38,1245910,,,,,,,22.16811,-7.9887500000000005,-2.56,-2.45,-3.04,2026-10-07T00:00:00,2005-01-26T00:00:00,1/26/2005,1106697600,2026-09-15T00:00:00
124,EFT,-0.1061,7.07071,7.9096,0.06999999999999999,0.68,19,Morningstar US CEF Senior Loans,45,Eaton Vance Management,False,10.62,-0.04,11.88,2026-10-07T00:00:00,278279104,Eaton Vance Floating-Rate Income,2026-10-07,XEFTX,Fixed Income - Taxable-Senior Loans,31.77,282.259,,Monthly,0.42226,0.06999999999999999,20.0,6.9218,,,4.45,,462.747,True,False,False,False,False,False,,5.78,4.88,4.68,3.02,0.53,-0.3,,,-1.5,1147490,,,,,,,10.99757,-9.83033,-0.59,0.23,-0.14,2026-10-07T00:00:00,2004-06-29T00:00:00,6/29/2004,1088467200,2026-09-15T00:00:00
125,EVV,-0.1283,8.35871,9.58852,0.0668,-1.44,16,Morningstar US CEF Limited Duration,44,Eaton Vance,False,8.36,-0.07,9.59,2026-10-07T00:00:00,27828H105,Eaton Vance Limited Duration Income,2026-10-07,XEVVX,Fixed Income - Taxable-Limited Duration,41.82,971.461,,Monthly,0.31291,0.0668,20.0,6.6631,,0.0,4.04,,1915.543,True,False,False,False,False,False,,6.71,7.22,2.46,0.93,-2.85,-8.72,,,-8.9,3684870,,,97.9783,,,,9.51291,-7.0258,-2.67,-1.99,-2.69,2026-10-07T00:00:00,2003-05-30T00:00:00,5/30/2003,1054252800,2026-09-14T00:00:00
126,EIM,-0.0764,6.47134,7.0069,0.0508,-5.19,21,Morningstar US CEF Municipal,45,Eaton Vance Management,False,8.7,-0.14,9.42,2026-10-07T00:00:00,27827X101,Eaton Vance Municipal Bond,2026-10-07,XEIMX,Fixed Income - Municipal-Municipal,32.77,446.942,0.030000000000000002,Monthly,0.24144000000000002,0.0508,15.0,6.2702,,,2.88,,719.775,True,False,False,False,False,False,,2.05,6.46,-2.73,-2.45,-6.44,-2.32,,,-2.9,1615510,7.0,,101.3854,,,8.66,9.75843,-7.18825,-0.54,-0.65,-0.84,2026-10-07T00:00:00,2002-08-30T00:00:00,8/30/2002,1030665600,2026-09-15T00:00:00
127,EVN,-0.053,6.39252,6.75,0.0513,-4.23,21,Morningstar US CEF Municipal,44,Eaton Vance,False,9.12,-0.05,9.63,2026-10-07T00:00:00,27826U108,Eaton Vance Municipal Income,2026-10-07,XEVNX,Fixed Income - Municipal-Municipal,36.2,364.097,0.045,Monthly,0.26558,0.0513,15.0,6.7307,,,2.46,,602.61,True,False,False,False,False,False,,2.85,7.12,-2.48,-2.7199999999999998,-5.76,-10.34,,,-11.6,826700,7.0,,98.2914,,,7.99,10.73272,0.20388,-2.87,-2.22,-2.34,2026-10-07T00:00:00,1999-01-29T00:00:00,1/29/1999,917568000,2026-09-14T00:00:00
128,EOT,-0.0759,4.97934,5.38856,0.0683,-3.22,21,Morningstar US CEF Municipal,45,Eaton Vance Management,False,15.21,-0.19,16.46,2026-10-07T00:00:00,27829L105,Eaton Vance National Municipal Opprs Tr,2026-10-07,XEOTX,Fixed Income - Municipal-Municipal,13.55,237.655,0.099,Monthly,0.41933000000000004,0.0683,20.0,5.4145,,,1.25,,297.483,True,False,False,False,False,False,,3.65,3.01,-1.33,-4.02,-4.94,-5.86,,,-3.16,376810,20.0,,95.2727,,,9.4,17.01208,-5.5518,-1.04,-1.4,-1.45,2026-10-07T00:00:00,2009-05-27T00:00:00,5/27/2009,1243382400,2026-09-15T00:00:00
129,ETJ,-0.1297,8.37299,9.62069,0.06509999999999999,1.97,3,Morningstar US CEF Covered Call,45,Eaton Vance Management,True,8.12,-0.06,9.33,2026-10-07T00:00:00,27829G106,Eaton Vance Risk-Mgd Divers Eq Inc,2026-10-07,XETJX,Equity-Covered-Call Funds,,546.491,,Monthly,-0.01498,0.06509999999999999,20.0,,,,1.12,,627.926,False,False,False,False,True,False,,12.41,11.55,6.91,3.76,0.44,-0.75,,,-0.44,1347350,,,,,,,8.54372,-8.96271,-4.26,-3.44,-3.9699999999999998,2026-10-07T00:00:00,2007-07-31T00:00:00,7/31/2007,1185840000,2026-09-15T00:00:00
130,EFR,-0.1209,6.84255,7.78316,0.06699999999999999,1.55,19,Morningstar US CEF Senior Loans,45,Eaton Vance Management,False,10.33,-0.04,11.75,2026-10-07T00:00:00,27828Q105,Eaton Vance Senior Floating Rate,2026-10-07,XEFRX,Fixed Income - Taxable-Senior Loans,31.28,304.979,,Monthly,0.42058,0.06699999999999999,20.0,6.8964,,4.83,3.26,,504.808,True,False,False,False,False,False,,5.89,4.5,4.84,2.43,1.24,-0.93,,,-1.38,1400620,,,,,,,10.76276,-10.35171,-1.25,-0.98,-1.09,2026-10-07T00:00:00,2003-11-24T00:00:00,11/24/2003,1069632000,2026-09-15T00:00:00
131,EVF,-0.13390000000000002,6.85714,7.91753,0.032,1.75,19,Morningstar US CEF Senior Loans,45,Eaton Vance Management,False,4.85,-0.02,5.6,2026-10-07T00:00:00,27826S103,Eaton Vance Senior Income,2026-10-07,XEVFX,Fixed Income - Taxable-Senior Loans,28.72,88.126,,Monthly,0.22106,0.032,10.0,6.9985,,,2.76,,142.759,True,False,False,False,False,False,,6.12,3.18,4.53,1.9100000000000001,1.45,-2.15,,,-3.83,739620,,,,,,,5.10773,-10.64628,-1.49,-1.18,-1.71,2026-10-07T00:00:00,1998-10-30T00:00:00,10/30/1998,909705600,2026-09-14T00:00:00
132,EVG,-0.0675,7.89269,8.46429,0.0711,2.8,16,Morningstar US CEF Limited Duration,45,Eaton Vance Management,True,10.08,-0.01,10.81,2026-10-07T00:00:00,27828V104,Eaton Vance Short Duration Divers Inc,2026-10-07,XEVGX,Fixed Income - Taxable-Limited Duration,12.61,135.646,,Monthly,0.30311,0.0711,20.0,5.7273,,,2.77,,166.469,True,False,False,False,True,False,,8.93,7.17,4.43,3.19,0.52,-3.36,,,-4.85,372890,,,97.5071,,,,10.77611,-4.08581,-2.1,-1.15,-1.79,2026-10-07T00:00:00,2005-02-28T00:00:00,2/28/2005,1109548800,2026-09-15T00:00:00
133,ETG,-0.11470000000000001,5.95395,6.72562,0.1293,21.51,5,Morningstar US CEF Global Equity,45,Eaton Vance Management,False,23.07,-0.09,26.06,2026-10-07T00:00:00,27828S101,Eaton Vance Tax Adv Global Dividend Inc,2026-10-07,XETGX,Equity-Global Equity,15.68,1760.746,,Monthly,0.39383,0.1293,20.0,7.0368,,,2.2800000000000002,,2358.949,True,True,False,False,False,False,,21.98,23.54,11.47,9.83,13.45,5.31,,,17.19,1100060,,,,,3.76,,22.63805,-7.81142,-1.5899999999999999,-2.27,-2.45,2026-10-07T00:00:00,2004-01-30T00:00:00,1/30/2004,1075420800,2026-09-15T00:00:00
134,EVT,-0.09050000000000001,6.47819,7.12297,0.1646,21.45,26,Morningstar US CEF US Allocation,45,Eaton Vance Management,True,27.73,-0.05,30.49,2026-10-07T00:00:00,27828G107,Eaton Vance Tax Advantaged Dividend Inc,2026-10-07,,Hybrid-U.S. Allocation,16.43,2067.071,,Monthly,0.12479,0.1646,20.0,7.0619,,,2.27,,2719.809,True,True,False,False,True,False,,18.09,18.85,9.86,8.61,16.17,17.18,,,23.14,1004080,,,,,4.98,,26.19441,-8.44316,-0.53,-1.12,-0.47000000000000003,2026-10-07T00:00:00,2003-09-30T00:00:00,9/30/2003,1064880000,2026-09-15T00:00:00
135,ETO,-0.1173,6.04008,6.84304,0.17329999999999998,20.06,25,Morningstar US CEF Global Allocation,45,Eaton Vance Management,True,30.39,-0.15,34.43,2026-10-07T00:00:00,27828U106,Eaton Vance Tax-Advantaged Glbl Div Opp,2026-10-07,XETOX,Hybrid-Global Allocation,15.44,498.036,,Monthly,0.64905,0.17329999999999998,20.0,7.1104,,,2.26,,667.244,True,True,False,False,True,False,,21.22,21.22,10.38,8.12,12.15,5.17,,,17.96,309990,,,,,3.63,,29.69192,-9.2535,-1.8599999999999999,-1.96,-2.38,2026-10-07T00:00:00,2004-04-30T00:00:00,4/30/2004,1083283200,2026-09-15T00:00:00
136,ETB,-0.1042,7.34722,8.20155,0.10579999999999999,14.33,3,Morningstar US CEF Covered Call,45,Eaton Vance Management,True,15.48,0.0,17.28,2026-10-07T00:00:00,27828X100,Eaton Vance Tax-Managed Buy-Write Income,2026-10-07,XETBX,Equity-Covered-Call Funds,,454.721,,Monthly,0.00844,0.10579999999999999,20.0,,,,1.12,,507.595,False,True,False,False,True,False,,16.58,16.39,10.48,8.03,9.98,6.83,,,11.08,514620,,,,,,,15.28042,-7.58003,-2.71,-2.37,-2.41,2026-10-07T00:00:00,2005-04-27T00:00:00,4/27/2005,1114560000,2026-09-15T00:00:00
137,ETV,-0.1024,7.17831,7.99732,0.0993,15.52,3,Morningstar US CEF Covered Call,45,Eaton Vance Management,True,14.9,-0.03,16.6,2026-10-07T00:00:00,27828Y108,Eaton Vance Tax-Managed Buy-Write Opp,2026-10-07,XETVX,Equity-Covered-Call Funds,,1739.643,,Monthly,-0.00319,0.0993,20.0,,,,1.08,,1938.126,False,True,False,False,True,False,,18.23,17.31,10.18,7.74,10.2,10.41,,,13.61,1781920,,,,,,,14.58927,-7.18736,-2.69,-3.15,-2.96,2026-10-07T00:00:00,2005-06-27T00:00:00,6/27/2005,1119830400,2026-09-15T00:00:00
138,ETY,-0.1211,7.35723,8.37131,0.0992,9.89,3,Morningstar US CEF Covered Call,45,Eaton Vance Management,True,14.22,-0.05,16.18,2026-10-07T00:00:00,27828N102,Eaton Vance Tax-Managed Divrs Equity Inc,2026-10-07,XETYX,Equity-Covered-Call Funds,,2264.97,,Monthly,-0.02538,0.0992,20.0,,,,1.06,,2577.16,False,False,False,False,True,False,,18.9,15.8,11.92,8.8,7.04,-2.64,,,-4.22,2445780,,,,,,,14.78397,-4.93074,-2.12,-2.34,-2.26,2026-10-07T00:00:00,2006-11-27T00:00:00,11/27/2006,1164585600,2026-09-15T00:00:00
139,EXG,-0.11470000000000001,7.47299,8.44111,0.0657,18.34,3,Morningstar US CEF Covered Call,45,Eaton Vance Management,True,9.34,-0.08,10.55,2026-10-07T00:00:00,27829F108,Eaton Vance Tax-Mgd Glb Divrs Equity Inc,2026-10-07,XEXGX,Equity-Covered-Call Funds,,2857.442,,Monthly,0.03165,0.0657,20.0,,,,1.07,,3227.625,False,False,False,False,True,False,,17.74,18.59,9.82,8.04,10.88,5.06,,,12.42,4507920,,,,,,,9.44046,-7.1922,-3.16,-2.87,-3.71,2026-10-07T00:00:00,2007-02-23T00:00:00,2/23/2007,1172188800,2026-09-15T00:00:00
140,ETW,-0.12369999999999999,7.35734,8.39621,0.0664,16.3,3,Morningstar US CEF Covered Call,44,Eaton Vance,True,9.49,-0.04,10.83,2026-10-07T00:00:00,27829C105,Eaton Vance Tx-Mgd Glbl Buy-Write Opp,2026-10-07,XETWX,Equity-Covered-Call Funds,,1030.593,,Monthly,0.06057,0.0664,20.0,,,,1.1,,1176.114,False,True,False,False,True,False,,17.06,17.76,9.0,6.68,11.23,9.78,,,14.33,3111110,,,,,,,9.33245,-10.3043,-2.74,-2.37,-2.23,2026-10-07T00:00:00,2005-09-28T00:00:00,9/28/2005,1127865600,2026-09-15T00:00:00
141,EARN,-0.1168,24.36548,27.58621,0.08,-19.43,19,Morningstar US CEF Senior Loans,46,Ellington Credit Co Management LLC,True,3.48,-1.1,4.18,2026-06-30T00:00:00,288578107,Ellington Credit Company,2026-10-07,EARN,Fixed Income - Taxable-Senior Loans,53.83,132.836,,Monthly,,0.08,5.5,,,,8.65,,325.727,True,False,False,False,True,False,,,-4.37,,-13.41,-10.89,-9.52,,,-8.38,4111390,,,,,,,4.80123,-1.9346800000000002,-0.8,-4.57,-1.72,2026-10-07T00:00:00,2025-04-01T00:00:00,4/1/2025,1743465600,2026-09-30T00:00:00
142,ECF,-0.1393,6.28571,7.3029,0.22,13.32,11,Morningstar US CEF Convertibles,59,Gabelli Funds LLC,False,12.05,0.14,14.0,2026-10-07T00:00:00,289074106,Ellsworth Growth and Income Fund,2026-10-07,XECFX,Fixed Income - Taxable-Convertibles,13.68,164.578,,Quarterly,0.01674,0.22,10.0,2.2873,,,1.22,,221.516,True,False,False,False,False,False,,22.36,21.38,5.92,5.34,14.12,5.8,,,9.93,321630,,,,,,,12.24077,-11.00585,-1.57,-1.21,-1.73,2026-10-07T00:00:00,1986-06-20T00:00:00,6/20/1986,519609600,2026-09-16T00:00:00
143,EEA,-0.16190000000000002,3.60492,4.30122,0.21989999999999998,8.03,5,Morningstar US CEF Global Equity,40,DWS,False,10.225,-0.14,12.2,2026-10-07T00:00:00,298768102,European Equity Fund,2026-10-07,XEEAX,Equity-Global Equity,1.31,70.063,,Semi-Annually,0.11774,0.21989999999999998,10.0,,,,1.42,,84.708,True,False,False,False,False,False,,13.36,14.37,6.29,6.52,6.95,3.36,,,5.37,297920,,,,,,,10.71639,-14.24736,-1.27,-1.9,-0.8,2026-10-07T00:00:00,1986-07-23T00:00:00,7/23/1986,522460800,2026-05-26T00:00:00
144,ETX,-0.0136,5.30769,5.38073,0.07819999999999999,0.15,21,Morningstar US CEF Municipal,45,Eaton Vance Management,False,17.44,0.1,17.68,2026-10-07T00:00:00,27829U105,EV Municipal Income 2028 Term Trust,2026-10-07,XETTX,Fixed Income - Municipal-Municipal,3.34,190.139,0.17300000000000001,Monthly,0.32818,0.07819999999999999,20.0,4.517,,,0.89,,199.425,True,False,False,False,False,True,,3.69,6.32,0.64,-0.18,-0.41000000000000003,-2.54,,,-4.41,176080,2.0,,100.5052,,,2.15,18.70112,2.15854,-2.19,-1.34,-1.72,2026-10-07T00:00:00,2013-03-26T00:00:00,3/26/2013,1364256000,2026-09-15T00:00:00
145,FMN,-0.1051,4.8913,5.46559,0.045,-5.2,21,Morningstar US CEF Municipal,47,Federated Advisers,False,9.88,-0.13,11.04,2026-10-07T00:00:00,31423P108,Federated Premier Municipal Income,2026-10-07,XFMNX,Fixed Income - Municipal-Municipal,39.92,77.249,,Monthly,0.27121,0.045,15.0,5.0469,,,3.7,,143.668,True,False,False,False,False,False,,3.47,5.52,-2.6,-4.24,-7.2,-8.03,,,-6.31,288520,15.72,,103.46340000000001,,13.75,8.69,11.08302,-10.1792,-0.35000000000000003,-1.16,-1.2,2026-10-07T00:00:00,2002-12-20T00:00:00,12/20/2002,1040342400,2026-09-23T00:00:00
146,FFA,-0.1167,6.70083,7.5859,0.425,15.61,3,Morningstar US CEF Covered Call,49,First Trust Advisors L.P.,True,22.41,0.16,25.37,2026-10-07T00:00:00,337318109,First Trust Enhanced Equity Income,2026-10-07,XFFAX,Equity-Covered-Call Funds,,447.933,,Quarterly,0.04003,0.425,20.0,,,,1.12,,507.098,False,True,False,False,True,False,,20.27,16.78,11.93,10.07,10.3,6.72,,,11.17,261560,,,,,,,22.08334,-9.27443,-2.3,-2.06,-2.47,2026-10-07T00:00:00,2004-08-26T00:00:00,8/26/2004,1093478400,2026-09-22T00:00:00
147,FTHY,-0.0473,11.25281,11.81102,0.125,-1.47,14,Morningstar US CEF High Yield,49,First Trust Advisors L.P.,True,12.7,-0.03,13.33,2026-10-07T00:00:00,33741Q107,FIRST TRUST HY OPPORTUNITIES 2027 Term,2026-10-07,XFTHYX,Fixed Income - Taxable-High Yield,22.09,467.017,,Monthly,0.42555,0.125,20.0,6.3751,,,3.5,,629.184,True,False,False,False,True,True,,6.04,10.03,0.99,1.19,-2.95,-0.86,,,-1.16,1036710,,,96.3585,,,,13.69607,-4.38498,-0.36,-1.3,-0.9,2026-10-07T00:00:00,2020-06-25T00:00:00,6/25/2020,1593043200,2026-10-01T00:00:00
148,FPF,-0.1101,9.36436,10.52296,0.13749999999999998,-2.16,18,Morningstar US CEF Preferreds,49,First Trust Advisors L.P.,False,15.68,-0.09,17.62,2026-10-07T00:00:00,33718W103,First Trust Inter Dur Pref & Income Fund,2026-10-07,XFPFX,Fixed Income - Taxable-Preferreds,37.85,954.094,,Monthly,0.64279,0.13749999999999998,25.0,7.3995,,,4.2,,1725.081,True,False,False,False,False,False,,9.88,12.13,1.22,-0.37,-4.35,-8.76,,,-8.55,1263010,,,101.3111,,5.93,,18.18299,-5.85644,-3.81,-2.07,-2.99,2026-10-07T00:00:00,2013-05-23T00:00:00,5/23/2013,1369267200,2026-10-01T00:00:00
149,FMY,-0.0812,6.5272,7.10383,0.065,-0.77,15,Morningstar US CEF Investment Grade,49,First Trust Advisors L.P.,False,10.98,0.13,11.95,2026-10-07T00:00:00,33734E103,First Trust Mortgage Income,2026-10-07,XFMYX,Fixed Income - Taxable-Investment Grade,7.11,46.26,,Monthly,0.16028,0.065,20.0,5.027,,,1.4,,50.347,True,False,False,False,False,False,,7.18,7.44,3.11,2.38,-2.07,-4.32,,,-3.02,53750,,,90.346,,,,11.83005,-6.41126,-1.57,-1.45,-1.48,2026-10-07T00:00:00,2005-05-25T00:00:00,5/25/2005,1116979200,2026-10-01T00:00:00
150,DFP,-0.1161,7.40977,8.38278,0.1314,0.26,18,Morningstar US CEF Preferreds,51,Flaherty &amp; Crumrine Inc,False,18.81,-0.09,21.28,2026-10-07T00:00:00,33848W106,Flah & Crum Dynamic Pref & Income Fund,2026-10-07,XDFPX,Fixed Income - Taxable-Preferreds,38.73,386.322,,Monthly,0.77839,0.1314,25.0,7.3869,,,4.3,,713.352,True,False,False,False,False,False,,10.49,11.75,1.97,-0.89,-1.24,-3.93,,,-5.92,553870,,,102.9091,,7.14,,20.82252,-7.67127,-2.27,-1.47,-1.8900000000000001,2026-10-07T00:00:00,2013-05-24T00:00:00,5/24/2013,1369353600,2026-09-23T00:00:00
151,FFC,-0.1069,7.62576,8.53878,0.1046,0.5,18,Morningstar US CEF Preferreds,51,Flaherty &amp; Crumrine Inc,False,14.7,-0.15,16.46,2026-10-07T00:00:00,338478100,Flah&Crum Preferred Securities,2026-10-07,XFFCX,Fixed Income - Taxable-Preferreds,38.76,708.215,,Monthly,0.624,0.1046,25.0,7.3168,,,4.1,,1295.008,True,False,False,False,False,False,,10.89,12.81,1.92,-0.49,-1.01,-4.16,,,-4.44,1074610,,,102.3775,,7.28,,16.18994,-7.16225,-2.41,-2.12,-2.41,2026-10-07T00:00:00,2003-01-31T00:00:00,1/31/2003,1043971200,2026-09-23T00:00:00
152,FLC,-0.1258,7.25439,8.29812,0.10669999999999999,0.03,18,Morningstar US CEF Preferreds,51,Flaherty &amp; Crumrine Inc,False,15.43,-0.1,17.65,2026-10-07T00:00:00,338479108,Flah&Crum Total Return Fund,2026-10-07,XFLCX,Fixed Income - Taxable-Preferreds,39.1,161.349,,Monthly,0.629,0.10669999999999999,25.0,7.4035,,,4.5600000000000005,,303.063,True,False,False,False,False,False,,10.43,12.5,1.67,-1.12,-1.4100000000000001,-4.83,,,-4.73,236690,,,103.068,,7.57,,17.07298,-8.79042,-2.46,-1.85,-2.45,2026-10-07T00:00:00,2003-08-29T00:00:00,8/29/2003,1062115200,2026-09-23T00:00:00
153,PFD,-0.11410000000000001,7.13102,8.04962,0.0703,0.12,18,Morningstar US CEF Preferreds,50,Flaherty &amp; Crumrine,False,10.48,-0.12,11.83,2026-10-07T00:00:00,338480106,Flaherty & Crumrine Preferred Income,2026-10-07,XPFDX,Fixed Income - Taxable-Preferreds,37.47,134.695,,Monthly,0.41405000000000003,0.0703,15.0,7.2969,,,4.31,,243.146,True,False,False,False,False,False,,10.17,13.16,1.8,-0.74,-1.16,-4.25,,,-3.73,257810,,,103.0638,,7.33,,11.55725,-7.6944,-2.99,-2.6,-3.31,2026-10-07T00:00:00,1991-01-31T00:00:00,1/31/1991,665280000,2026-09-23T00:00:00
154,PFO,-0.1192,7.05078,8.00471,0.0567,0.16,18,Morningstar US CEF Preferreds,51,Flaherty &amp; Crumrine Inc,False,8.5,-0.03,9.65,2026-10-07T00:00:00,33848E106,Flaherty & Crumrine Preferred Income Opp,2026-10-07,XPFOX,Fixed Income - Taxable-Preferreds,38.98,111.157,,Monthly,0.34372,0.0567,12.5,7.4124,,,4.62,,206.796,True,False,False,False,False,False,,10.3,12.77,1.71,-0.72,-1.08,-3.58,,,-4.67,281780,,,102.9109,,7.54,,9.28747,-9.04564,-1.99,-2.08,-2.38,2026-10-07T00:00:00,1992-02-13T00:00:00,2/13/1992,697939200,2026-09-23T00:00:00
155,FXBY,-0.3331,0.35413,0.531,0.13,10.49,10,Morningstar US CEF US Equity,72,Midas Management Corporation,False,24.482,0.0,36.71,2026-10-07T00:00:00,351645205,FOXBY CORP,2026-10-07,,Equity-U.S. Equity,12.65,12.773,,Annually,-0.10635,0.13,10.0,,,,2.98,,21.926,True,True,True,False,False,False,,23.5,31.89,13.92,16.23,10.49,5.3,,,25.5,2420,,,,,,,22.58408,-34.08667,0.2,0.96,1.4100000000000001,2026-10-07T00:00:00,1999-10-29T00:00:00,10/29/1999,941155200,2025-12-15T00:00:00
156,FTF,-0.124,12.03915,13.74302,0.0615,1.6099999999999999,16,Morningstar US CEF Limited Duration,52,"Franklin Advisers, Inc.",True,5.37,0.02,6.13,2026-10-07T00:00:00,35472T101,Franklin Limited Duration Income Trust,2026-10-07,XFTFX,Fixed Income - Taxable-Limited Duration,29.55,216.977,,Monthly,0.27933,0.0615,15.0,6.7299,,,3.66,,351.575,True,False,False,False,True,False,,6.43,7.82,3.03,1.78,0.93,-4.22,,,-4.7,1983630,,,98.9897,,5.86,,5.9399,-8.49969,-2.66,-1.75,-2.52,2026-10-07T00:00:00,2003-08-27T00:00:00,8/27/2003,1061942400,2026-09-23T00:00:00
157,PMM,-0.0542,6.71186,7.09677,0.033,-4.57,21,Morningstar US CEF Municipal,52,"Franklin Advisers, Inc.",False,5.58,-0.02,5.9,2026-10-07T00:00:00,746823103,Franklin Managed Municipal Income,2026-10-07,XPMMX,Fixed Income - Municipal-Municipal,31.84,239.01,,Monthly,0.15044,0.033,10.0,5.025,,,1.06,,370.767,True,False,True,False,False,False,,4.62,5.03,-1.62,-3.26,-6.83,-9.44,,,-4.76,1086580,,,93.6717,,13.79,9.67,6.19961,-6.60286,0.68,-0.34,0.22,2026-10-07T00:00:00,1989-02-24T00:00:00,2/24/1989,604281600,2026-09-23T00:00:00
158,PIM,-0.08,8.12308,8.82943,0.022,0.91,15,Morningstar US CEF Investment Grade,52,"Franklin Advisers, Inc.",False,2.99,-0.01,3.25,2026-10-07T00:00:00,746909100,Franklin Master Intermediate Income,2026-10-07,XPIMX,Fixed Income - Taxable-Investment Grade,37.57,144.071,,Monthly,0.07573,0.022,10.0,5.64,,,1.02,,250.822,True,False,False,False,False,False,,7.15,8.48,3.0,2.1,-0.43,-3.77,,,-4.7,848700,,,92.0353,,,,3.23188,-5.17375,-1.8599999999999999,-1.42,-1.75,2026-10-07T00:00:00,1988-04-29T00:00:00,4/29/1988,578275200,2026-09-23T00:00:00
159,PMO,-0.0861,6.24625,6.83461,0.052,-5.34,21,Morningstar US CEF Municipal,52,"Franklin Advisers, Inc.",False,9.13,-0.17,9.99,2026-10-07T00:00:00,746922103,Franklin Municipal Opportunities,2026-10-07,XPMOX,Fixed Income - Municipal-Municipal,36.88,250.157,,Monthly,0.22914,0.052,15.0,4.9179,,,1.04,,433.685,True,False,False,False,False,False,,3.74,4.4,-1.74,-3.2800000000000002,-7.5600000000000005,-11.15,,,-6.92,720090,,,95.6731,,13.71,9.59,10.38395,-7.63562,-0.87,-0.98,-0.92,2026-10-07T00:00:00,1993-05-28T00:00:00,5/28/1993,738547200,2026-09-23T00:00:00
160,PPT,-0.08449999999999999,8.78873,9.6,0.026,1.03,13,Morningstar US CEF Global Income,52,"Franklin Advisers, Inc.",False,3.25,-0.03,3.55,2026-10-07T00:00:00,746853100,Franklin Premier Income,2026-10-07,XPPTX,Fixed Income - Taxable-Global Income,16.91,310.594,,Monthly,0.0811,0.026,10.0,5.6251999999999995,,,1.01,,408.323,True,False,False,False,False,False,,7.13,8.41,3.05,1.9500000000000002,-0.5,-0.88,,,-2.81,1490100,,,92.1673,,,,3.50949,-5.96982,-1.9500000000000002,-1.58,-1.98,2026-10-07T00:00:00,1988-02-29T00:00:00,2/29/1988,573091200,2026-09-23T00:00:00
161,FT,-0.1387,6.2043800000000005,7.20339,0.042499999999999996,-0.37,26,Morningstar US CEF US Allocation,52,"Franklin Advisers, Inc.",False,7.08,-0.03,8.22,2026-10-07T00:00:00,355145103,Franklin Universal Trust,2026-10-07,XFUTX,Hybrid-U.S. Allocation,22.51,177.934,,Monthly,0.1812,0.042499999999999996,10.0,7.2423,,,2.99,,266.584,True,False,False,False,False,False,,11.38,10.91,5.3,4.47,-1.1400000000000001,-7.65,,,-6.64,459210,,,88.5569,,4.99,,7.9714100000000006,-8.64925,-3.21,-2.02,-2.81,2026-10-07T00:00:00,1988-09-23T00:00:00,9/23/1988,590976000,2026-09-23T00:00:00
162,FSCO,-0.2945,10.24138,14.51731,0.059399999999999994,7.73,17,Morningstar US CEF Multi-Sector,55,FS Global Advisor LLC,True,4.91,-0.13,6.96,2026-10-07T00:00:00,30290Y101,FS Credit Opportunities Corp.,2026-10-07,XFSCX,Fixed Income - Taxable-Multi-Sector,33.08,973.927,,Monthly,0.31886000000000003,0.059399999999999994,,,,,7.0,,2063.108,True,False,False,False,True,False,,11.16,11.1,,,6.51,-9.12,,,-14.4,14187780,,,,,,,5.50701,-22.428350000000002,-0.84,-0.41000000000000003,-0.43,2026-10-07T00:00:00,2022-11-14T00:00:00,11/14/2022,1668384000,2026-09-23T00:00:00
163,FSSL,-0.3531,10.13559,15.66812,0.1495,,19,Morningstar US CEF Senior Loans,56,FS Specialty Lending Advisor LLC,True,11.45,-0.24,17.7,2026-10-07T00:00:00,644323107,FS Specialty Lending Fund,2026-10-07,FSSL,Fixed Income - Taxable-Senior Loans,27.72,869.258,,Monthly,,0.1495,14.12,,,,6.14,,1858.959,True,True,True,False,True,False,,,,,,4.24,-8.61,,,,0,,,92.6454,,,,,,,0.33,0.03,2026-10-07T00:00:00,2025-11-13T00:00:00,11/13/2025,1762992000,2026-09-23T00:00:00
164,VCX,0.5314,,,,27.4,8,Morningstar US CEF Sector Equity,57,"Fundrise Advisors, LLC",False,29.05,0.0,18.97,2026-03-31T00:00:00,360852107,Fundrise Innovation Common Share,2026-10-07,XVCX,Equity-Sector Equity,,1039.907,,,,,,,,,0.0,,679.072,False,True,True,False,False,False,,22.98,,,,,,,,,0,,,118.3867,,,,,,,-0.89,-0.89,2026-10-07T00:00:00,2022-07-25T00:00:00,7/25/2022,1658707200,
165,GCV,-0.057300000000000004,11.00917,11.67883,0.12,10.39,26,Morningstar US CEF US Allocation,58,Gabelli,True,4.11,-0.02,4.36,2026-10-07T00:00:00,36240B109,Gabelli Conv Inc Secs,2026-10-07,XGCVX,Hybrid-U.S. Allocation,6.47,82.806,,Quarterly,-0.0030600000000000002,0.12,11.25,2.2015000000000002,,,2.07,,93.918,True,False,False,False,True,False,,16.91,16.56,3.3,3.79,12.25,8.19,,,11.87,545630,,,,,,,4.42969,-1.03086,-1.67,-2.59,-1.83,2026-10-07T00:00:00,1995-03-31T00:00:00,3/31/1995,796608000,2026-09-16T00:00:00
166,GDV,-0.12869999999999998,5.54358,6.36267,0.15,11.25,10,Morningstar US CEF US Equity,59,Gabelli Funds LLC,True,28.29,-0.18,32.47,2026-10-07T00:00:00,36242H104,Gabelli Dividend & Income,2026-10-07,XGDVX,Equity-U.S. Equity,16.01,2452.631,,Monthly,-0.00451,0.15,20.0,,,,1.83,,3351.691,True,False,False,False,True,False,,17.31,20.55,8.24,8.42,9.15,6.71,,,10.94,1041320,,,,,0.19,,28.52741,-10.83191,-2.62,-2.04,-2.0,2026-10-07T00:00:00,2003-11-28T00:00:00,11/28/2003,1069977600,2026-09-16T00:00:00
167,GAB,-0.051100000000000007,10.94891,11.53846,0.15,9.78,10,Morningstar US CEF US Equity,58,Gabelli,True,5.2,-0.07,5.48,2026-10-07T00:00:00,362397101,Gabelli Equity,2026-10-07,XGABX,Equity-U.S. Equity,15.83,1785.573,,Quarterly,0.00637,0.15,10.0,,,,1.6099999999999999,,2235.672,True,False,False,False,True,False,,17.1,12.94,9.19,6.55,7.31,-6.41,,,-2.7,8255140,,,,,0.21,0.18,5.79507,0.12172000000000001,-0.92,-0.88,-0.7000000000000001,2026-10-07T00:00:00,1986-08-21T00:00:00,8/21/1986,524966400,2026-09-16T00:00:00
168,GGZ,-0.09,4.94118,5.42986,0.21,8.52,5,Morningstar US CEF Global Equity,58,Gabelli,False,15.47,0.18,17.0,2026-10-07T00:00:00,36249W104,Gabelli Global Small & Mid Cap Value Tru,2026-10-07,XGGZX,Equity-Global Equity,17.66,116.493,,Quarterly,0.06981,0.21,12.0,,,,2.31,,155.479,True,False,True,False,False,False,,15.38,20.39,4.06,5.11,6.9,7.09,,,12.8,80800,,,,,0.14,0.12,15.50229,-11.27962,1.5,2.31,1.82,2026-10-07T00:00:00,2014-06-23T00:00:00,6/23/2014,1403481600,2026-09-16T00:00:00
169,GLU,-0.0673,7.01754,7.52351,0.11,9.13,8,Morningstar US CEF Sector Equity,59,Gabelli Funds LLC,True,17.545,-0.17,18.81,2026-10-07T00:00:00,36242L105,Gabelli Global Utility & Income,2026-10-07,XGLUX,Equity-Sector Equity,18.7,105.127,,Monthly,0.2284,0.11,20.0,,,,1.35,,138.631,True,False,False,False,True,False,,19.45,18.12,6.25,5.78,7.01,-3.16,,,4.78,94310,,,,,0.27,0.22,19.26097,-1.27511,-1.5,-1.99,-1.78,2026-10-07T00:00:00,2004-05-25T00:00:00,5/25/2004,1085443200,2026-09-16T00:00:00
170,GRX,-0.11720000000000001,6.37301,7.21868,0.16999999999999998,10.02,8,Morningstar US CEF Sector Equity,58,Gabelli,False,9.42,0.0,10.67,2026-10-07T00:00:00,36246K103,Gabelli Healthcare & Wellness Trust,2026-10-07,XXGRX,Equity-Sector Equity,31.04,137.011,,Quarterly,-0.04899,0.16999999999999998,8.0,,,,3.17,,225.032,True,False,False,False,False,False,,5.65,10.56,-1.1,0.19,5.6,4.26,,,12.7,273970,,,,,0.36,0.25,9.47271,-10.14203,-1.8,-1.5,-1.8900000000000001,2026-10-07T00:00:00,2007-06-19T00:00:00,6/19/2007,1182211200,2026-09-16T00:00:00
171,GGT,0.16570000000000001,27.90698,23.94015,0.08,8.53,8,Morningstar US CEF Sector Equity,58,Gabelli,False,4.01,0.01,3.44,2026-10-07T00:00:00,36239Q109,Gabelli Multimedia,2026-10-07,XGGTX,Equity-Sector Equity,29.58,189.677,,Monthly,-0.01213,0.08,7.5,,,,2.13,,231.076,True,False,True,False,False,False,,23.12,7.44,1.58,0.77,7.27,11.92,,,15.63,2747680,,,,,0.34,0.25,4.12864,10.47665,2.31,1.96,2.35,2026-10-07T00:00:00,1994-11-15T00:00:00,11/15/1994,784857600,2026-09-16T00:00:00
172,GUT,1.0854000000000001,21.35231,10.23891,0.049999999999999996,4.22,8,Morningstar US CEF Sector Equity,58,Gabelli,False,5.86,0.06,2.81,2026-10-07T00:00:00,36240A101,Gabelli Utility Trust,2026-10-07,XGUTX,Equity-Sector Equity,15.76,527.565,,Monthly,0.03013,0.049999999999999996,7.5,,,,1.52,,300.323,True,False,True,False,False,False,,16.66,15.15,7.65,4.71,3.94,1.87,,,3.89,2045840,,,,,0.17,0.15,6.17348,97.3043,1.0,-0.67,0.38,2026-10-07T00:00:00,1999-07-09T00:00:00,7/9/1999,931478400,2026-09-16T00:00:00
173,GGN,-0.10310000000000001,6.18557,6.89655,0.034999999999999996,22.96,8,Morningstar US CEF Sector Equity,58,Gabelli,True,5.22,-0.07,5.82,2026-10-07T00:00:00,36465A109,GAMCO Global Gold Natural Resources&Inc,2026-10-07,XGGNX,Equity-Sector Equity,7.82,815.493,,Monthly,0.0325,0.034999999999999996,20.0,6.1,,,1.29,,986.336,True,False,False,False,True,False,,25.6,22.58,19.26,17.02,11.85,7.68,,,9.71,6003020,,,,,0.59,0.52,5.22791,-7.4173,-1.23,-1.5899999999999999,-1.75,2026-10-07T00:00:00,2005-03-29T00:00:00,3/29/2005,1112054400,2026-09-16T00:00:00
174,GNT,-0.0152,8.4408,8.57143,0.06,20.2,3,Morningstar US CEF Covered Call,59,Gabelli Funds LLC,False,8.4,-0.15,8.53,2026-10-07T00:00:00,36465E101,"GAMCO Natural Resources, Gold & Inc Tr",2026-10-07,XGNTX,Equity-Covered-Call Funds,14.4,141.218,,Monthly,0.01642,0.06,20.0,6.111,,,1.9500000000000002,,167.528,True,True,True,False,False,False,,22.47,30.5,15.89,19.67,10.56,24.52,,,34.78,935930,,,,,0.73,0.62,8.17351,-3.49325,0.44,-1.97,-0.7000000000000001,2026-10-07T00:00:00,2011-01-27T00:00:00,1/27/2011,1296086400,2026-09-16T00:00:00
175,GDL,-0.2183,4.51552,5.7761700000000005,0.12,5.29,26,Morningstar US CEF US Allocation,59,Gabelli Funds LLC,True,8.31,0.0,10.63,2026-10-07T00:00:00,361570104,GDL Fund,2026-10-07,XGDLX,Hybrid-U.S. Allocation,4.04,89.274,,Quarterly,-0.00024,0.12,20.0,,,,3.27,,119.008,True,False,False,False,True,False,,6.6,8.61,4.85,4.46,5.19,4.2,,,3.23,96390,,,,,0.18,0.16,8.44775,-20.8187,-1.33,-1.02,-1.3900000000000001,2026-10-07T00:00:00,2007-01-25T00:00:00,1/25/2007,1169683200,2026-09-16T00:00:00
176,GAM,-0.1358,8.62417,9.97973,6.4,15.75,10,Morningstar US CEF US Equity,60,General American Investors Co Inc,False,64.13,-0.33,74.21,2026-10-07T00:00:00,368802104,General American Investors,2026-10-07,XGAMX,Equity-U.S. Equity,9.7,1528.353,,Annually,0.00036,6.4,10.0,,,,1.07,,1958.62,True,True,False,False,False,False,,23.01,26.13,14.75,16.35,12.6,8.02,,,13.45,251050,,,,,0.03,,62.5279,-10.78276,-2.94,-2.38,-2.3,2026-10-07T00:00:00,1927-02-01T00:00:00,2/1/1927,-1354320000,2025-11-17T00:00:00
177,GUG,-0.1298,8.93417,10.26657,0.11875,2.5700000000000003,25,Morningstar US CEF Global Allocation,61,Guggenheim Funds Investment Advisors LLC,False,13.88,-0.07,15.95,2026-10-07T00:00:00,40170T106,Guggenheim Active Allocation Fund,2026-10-07,XGUGX,Hybrid-Global Allocation,25.1,457.764,,Monthly,0.54925,0.11875,20.0,5.74,,,3.19,,702.327,True,False,False,False,False,False,,9.35,11.54,,,0.72,-1.17,,,-0.64,870690,,,95.2366,,,,15.52871,-6.41692,-2.7199999999999998,-1.67,-2.44,2026-10-07T00:00:00,2021-11-23T00:00:00,11/23/2021,1637625600,2026-09-15T00:00:00
178,GOF,-0.1298,21.9839,25.26243,0.18209999999999998,4.5,17,Morningstar US CEF Multi-Sector,61,Guggenheim Funds Investment Advisors LLC,False,8.65,-0.06,9.94,2026-10-07T00:00:00,40167F101,Guggenheim Strategic Opp Fund,2026-10-07,XGOFX,Fixed Income - Taxable-Multi-Sector,21.72,1932.823,,Monthly,0.35596,0.18209999999999998,20.0,5.7615,,,1.9700000000000002,,2837.348,True,False,False,False,False,False,,13.43,-1.48,7.3,-0.66,1.31,-22.98,,,-30.84,18307630,,,98.0989,,,,11.43839,4.48675,-2.06,-1.13,-1.8,2026-10-07T00:00:00,2007-07-26T00:00:00,7/26/2007,1185408000,2026-09-15T00:00:00
179,GBAB,-0.0768,11.24262,12.17724,0.12572999999999998,-1.92,20,Morningstar US CEF Taxable Muni,61,Guggenheim Funds Investment Advisors LLC,False,12.39,-0.08,13.42,2026-10-07T00:00:00,401664107,Guggenheim Tax Muni & Inv Grade Debt Tr,2026-10-07,XGBAX,Fixed Income - Taxable-Taxable Muni,30.11,343.196,,Monthly,0.46383,0.12572999999999998,20.0,5.7718,,,2.83,,531.875,True,False,False,False,False,False,,6.8100000000000005,2.6,-1.38,-4.04,-3.07,-9.76,,,-11.39,947970,12.76,,96.372,,5.22,,14.53197,-0.6985800000000001,-2.85,-2.04,-2.73,2026-10-07T00:00:00,2010-10-26T00:00:00,10/26/2010,1288051200,2026-09-15T00:00:00
180,HERZ,-0.2168,10.75949,13.73737,0.16999999999999998,-1.1400000000000001,10,Morningstar US CEF US Equity,103,Thomas J Herzfeld Advisors Inc,False,14.85,-1.26,19.13,2026-08-31T00:00:00,42804T205,Herzfeld Credit Income Fund,2026-10-07,HERZ,Equity-U.S. Equity,,29.849,,Monthly,0.05541,0.16999999999999998,5.2,,,,4.33,,38.11,False,False,False,False,False,False,,12.0,17.69,5.0,5.46,-6.62,-28.03,,,-11.33,135090,,,,,,,18.8028,-13.18085,-1.82,-2.3,-1.99,2026-10-07T00:00:00,1994-05-20T00:00:00,5/20/1994,769392000,2026-09-16T00:00:00
181,PCF,-0.1837,11.31707,13.86454,0.057999999999999996,-2.49,11,Morningstar US CEF Convertibles,22,Bulldog Investors LLP,False,5.02,-0.09,6.15,2026-10-02T00:00:00,42968F108,High Income Securities,2026-10-07,XPCFX,Fixed Income - Taxable-Convertibles,1.06,93.957,,Monthly,0.16873,0.057999999999999996,7.5,5.0759,,21.21,1.65,,115.106,True,False,False,False,False,False,,7.72,6.51,4.92,1.4,-3.98,-7.95,,,-8.24,813750,,,,,,,5.76448,-13.16276,-2.91,-2.63,-3.1,2026-10-07T00:00:00,1987-07-09T00:00:00,7/9/1987,552787200,2026-09-22T00:00:00
182,HGLB,-0.3981,9.53271,15.83851,0.08499999999999999,-0.73,25,Morningstar US CEF Global Allocation,77,"NexPoint Asset Management, L.P.",False,6.44,-0.18,10.7,2026-10-07T00:00:00,43010T104,Highland Global Allocation Fund,2026-10-07,XHGLX,Hybrid-Global Allocation,2.79,151.922,,Monthly,0.20544,0.08499999999999999,15.0,9.9011,,,1.35,,252.418,True,False,False,False,False,False,,7.67,6.47,8.24,7.11,-4.28,-20.42,,,-17.81,760420,,,,,,,8.39118,-31.16276,-1.99,-2.65,-1.75,2026-10-07T00:00:00,1998-01-05T00:00:00,1/5/1998,883958400,2026-09-23T00:00:00
183,HFRO,-0.4354,4.00694,7.09677,0.0385,4.71,19,Morningstar US CEF Senior Loans,77,"NexPoint Asset Management, L.P.",True,6.51,-0.15,11.53,2026-10-07T00:00:00,43010E404,Highland Opportunities and Income Ord,2026-10-07,XHFOX,Fixed Income - Taxable-Senior Loans,27.32,359.472,,Monthly,0.29677000000000003,0.0385,15.0,7.8861,,,2.18,,876.023,True,False,True,False,True,False,,-1.25,1.54,1.34,-1.33,4.83,17.41,,,12.01,1277520,,,,,4.13,,6.52377,-43.87291,0.08,-2.34,-0.55,2026-10-07T00:00:00,2000-01-13T00:00:00,1/13/2000,947721600,2026-09-23T00:00:00
184,VKI,-0.0255,8.55612,8.780100000000001,0.0559,-5.32,21,Morningstar US CEF Municipal,64,"Invesco Advisers, Inc",False,7.64,-0.16,7.84,2026-10-07T00:00:00,46132E103,Invesco Adv Muni Inc II,2026-10-07,XVKIX,Fixed Income - Municipal-Municipal,39.87,339.31,-0.002,Monthly,0.21381,0.0559,15.0,5.1931,,20.22,3.33,,579.018,True,False,False,False,False,False,,3.03,7.58,-2.58,-3.88,-6.84,-13.2,,,-8.02,1325780,17.15,,96.6445,,10.05,8.68,8.9248,0.28164,-1.08,-1.65,-1.49,2026-10-07T00:00:00,1993-08-27T00:00:00,8/27/1993,746409600,2026-09-14T00:00:00
185,VBF,-0.0851,5.41558,5.91909,0.06949999999999999,-2.55,15,Morningstar US CEF Investment Grade,64,"Invesco Advisers, Inc",False,14.09,-0.1,15.4,2026-10-07T00:00:00,46132L107,Invesco Bond,2026-10-07,XVBFX,Fixed Income - Taxable-Investment Grade,,160.98,0.001,Monthly,0.40588,0.06949999999999999,20.0,5.6338,,15.48,0.5700000000000001,,175.946,False,False,False,False,False,False,,5.33,4.88,-0.79,-1.58,-3.32,-4.22,,,-5.18,555290,,,96.9961,,,,15.11004,-7.2,-1.6600000000000001,-1.6,-1.8,2026-10-07T00:00:00,1970-10-28T00:00:00,10/28/1970,25920000,2026-09-14T00:00:00
186,VCV,0.0023,8.83922,8.81911,0.06459999999999999,-7.16,22,Morningstar US CEF Municipal-CA,64,"Invesco Advisers, Inc",False,8.79,-0.16,8.77,2026-10-07T00:00:00,46132H106,Invesco CA Value,2026-10-07,XVCVX,Fixed Income - Municipal-Municipal - CA,42.47,426.394,-0.039,Monthly,0.22155,0.06459999999999999,15.0,5.1828,,20.77,3.35,,739.519,True,False,False,False,False,False,,2.34,9.29,-2.7800000000000002,-2.65,-8.95,-14.61,,,-8.59,1147190,15.53,,94.3565,,11.52,8.96,10.68649,5.04074,-2.46,-2.26,-2.73,2026-10-07T00:00:00,1993-04-30T00:00:00,4/30/1993,736128000,2026-09-14T00:00:00
187,VLT,-0.11199999999999999,10.5501,11.88053,0.0895,-0.17,14,Morningstar US CEF High Yield,64,"Invesco Advisers, Inc",False,9.04,-0.01,10.18,2026-10-07T00:00:00,46131F101,Invesco High Income II,2026-10-07,XVLTX,Fixed Income - Taxable-High Yield,31.55,58.862,-0.029,Monthly,0.36908,0.0895,60.0,6.9603,,6.78,3.41,,96.834,True,False,False,False,False,False,,7.31,7.98,2.25,1.02,-1.79,-11.92,,,-10.07,186150,,,99.0033,,,,10.54118,-3.5460599999999998,-2.38,-1.56,-2.26,2026-10-07T00:00:00,1989-04-28T00:00:00,4/28/1989,609724800,2026-09-14T00:00:00
188,VMO,-0.04,8.58124,8.93921,0.0625,-5.63,21,Morningstar US CEF Municipal,64,"Invesco Advisers, Inc",False,8.39,-0.05,8.74,2026-10-07T00:00:00,46132C107,Invesco Muni Opp,2026-10-07,XVMOX,Fixed Income - Municipal-Municipal,39.42,565.827,-0.012,Monthly,0.23512,0.0625,15.0,5.3225,,20.36,3.26,,973.034,True,False,False,False,False,False,,2.93,7.83,-2.73,-3.59,-7.08,-7.57,,,-6.73,2505700,17.21,,96.2895,,11.8,8.97,9.63969,-3.00942,-0.56,-1.6,-1.3900000000000001,2026-10-07T00:00:00,1992-04-24T00:00:00,4/24/1992,704073600,2026-09-14T00:00:00
189,VKQ,-0.0456,8.58314,8.99284,0.0628,-5.57,21,Morningstar US CEF Municipal,64,"Invesco Advisers, Inc",False,8.38,-0.17,8.78,2026-10-07T00:00:00,46131J103,Invesco Municipal,2026-10-07,XVKQX,Fixed Income - Municipal-Municipal,40.61,463.712,-0.006,Monthly,0.23747000000000001,0.0628,15.0,5.3716,,20.5,3.24,,817.995,True,False,False,False,False,False,,2.86,7.94,-2.65,-2.85,-7.02,-6.89,,,-5.05,2029870,15.92,,96.6798,,11.71,8.94,9.67094,-3.17884,-0.72,-2.33,-1.75,2026-10-07T00:00:00,1991-09-27T00:00:00,9/27/1991,685929600,2026-09-14T00:00:00
190,OIA,0.0215,6.23656,6.10526,0.028999999999999998,-2.95,21,Morningstar US CEF Municipal,64,"Invesco Advisers, Inc",False,5.7,-0.04,5.58,2026-10-07T00:00:00,46132X101,Invesco Municipal Inc Opp I,2026-10-07,XOIAX,Fixed Income - Municipal-Municipal,32.73,272.908,0.019,Monthly,0.16802,0.028999999999999998,10.0,7.0142,,22.18,2.45,,397.148,True,False,True,False,False,False,,4.86,5.33,-1.18,-1.05,-4.46,-0.48,,,0.64,1304180,30.48,,87.4958,,,,6.07277,-1.08062,2.01,2.07,2.61,2026-10-07T00:00:00,1988-09-19T00:00:00,9/19/1988,590630400,2026-09-14T00:00:00
191,VPV,0.1376,8.46984,7.44558,0.0667,-5.28,24,Morningstar US CEF Municipal-Single State,64,"Invesco Advisers, Inc",False,10.75,-0.19,9.45,2026-10-07T00:00:00,46132K109,Invesco PA Value,2026-10-07,XVPVX,Fixed Income - Municipal-Municipal - Single-State,39.31,192.126,0.126,Monthly,0.24298,0.0667,15.0,5.0179,,19.59,3.1,,278.268,True,False,True,False,False,False,,2.65,12.76,-2.54,1.16,-7.24,6.06,,,9.46,317880,25.47,,96.0024,,11.26,8.28,10.79115,0.6258800000000001,2.87,2.41,2.74,2026-10-07T00:00:00,1993-04-30T00:00:00,4/30/1993,736128000,2026-09-14T00:00:00
192,IQI,-0.024700000000000003,8.50787,8.7235,0.0631,-5.27,21,Morningstar US CEF Municipal,64,"Invesco Advisers, Inc",False,8.68,-0.21,8.9,2026-10-07T00:00:00,46133G107,Invesco Quality Municipal Income Trust,2026-10-07,XIQIX,Fixed Income - Municipal-Municipal,36.97,459.031,0.026000000000000002,Monthly,0.24185,0.0631,15.0,5.5043,,18.62,2.91,,746.736,True,False,False,False,False,False,,3.19,8.27,-2.54,-2.25,-6.63,-8.38,,,-5.59,1558310,15.49,,93.8966,,10.7,8.66,9.92774,-1.33068,-0.53,-1.8599999999999999,-0.92,2026-10-07T00:00:00,1992-09-29T00:00:00,9/29/1992,717724800,2026-09-14T00:00:00
193,VVR,-0.1355,10.48193,12.12544,0.028999999999999998,0.7000000000000001,19,Morningstar US CEF Senior Loans,64,"Invesco Advisers, Inc",False,2.87,-0.02,3.32,2026-10-07T00:00:00,46131H107,Invesco Senior Income,2026-10-07,XVVRX,Fixed Income - Taxable-Senior Loans,35.66,441.765,-0.044000000000000004,Monthly,0.16899,0.028999999999999998,10.0,,,3.9,4.89,,794.238,True,False,False,False,False,False,,5.13,2.46,4.84,3.56,1.13,-2.67,,,-4.77,9297380,,,,,,,3.11847,-10.22825,-1.79,-1.22,-1.54,2026-10-07T00:00:00,1998-06-24T00:00:00,6/24/1998,898646400,2026-09-14T00:00:00
194,VGM,-0.0518,8.54686,9.01395,0.06459999999999999,-5.3,21,Morningstar US CEF Municipal,64,"Invesco Advisers, Inc",False,8.6,-0.19,9.07,2026-10-07T00:00:00,46131M106,Invesco Tr Inv Gr Muni,2026-10-07,XVGMX,Fixed Income - Municipal-Municipal,39.28,466.395,-0.018000000000000002,Monthly,0.24485,0.06459999999999999,15.0,5.4212,,20.77,3.11,,810.106,True,False,False,False,False,False,,2.9699999999999998,7.85,-2.63,-2.9699999999999998,-6.85,-11.72,,,-7.8100000000000005,1875890,18.24,,96.729,,11.28,8.91,10.19693,-0.9770300000000001,-1.99,-2.4,-2.45,2026-10-07T00:00:00,1992-01-24T00:00:00,1/24/1992,696211200,2026-09-14T00:00:00
195,VTN,0.0011,8.83871,8.82922,0.06849999999999999,-7.15,23,Morningstar US CEF Municipal-NY,64,"Invesco Advisers, Inc",False,9.31,-0.26,9.3,2026-10-07T00:00:00,46131T101,Invesco Tr Inv Gr NY,2026-10-07,XVTNX,Fixed Income - Municipal-Municipal - NY,35.91,136.33,0.01,Monthly,0.25475000000000003,0.06849999999999999,15.0,5.1028,,23.49,2.69,,212.485,True,False,False,False,False,False,,2.0,8.06,-2.95,-1.45,-8.36,-13.89,,,-8.38,342250,25.38,,90.718,,13.06,10.43,11.11982,3.30545,-1.29,-1.17,-1.52,2026-10-07T00:00:00,1992-03-27T00:00:00,3/27/1992,701654400,2026-09-14T00:00:00
196,IIM,-0.025700000000000004,8.48029,8.70367,0.0771,-5.12,21,Morningstar US CEF Municipal,64,"Invesco Advisers, Inc",False,10.63,-0.22,10.91,2026-10-07T00:00:00,46132P108,Invesco Value Muni Income,2026-10-07,XIIMX,Fixed Income - Municipal-Municipal,37.08,500.515,-0.011000000000000001,Monthly,0.29788000000000003,0.0771,15.0,5.5984,,18.25,2.93,,816.421,True,False,False,False,False,False,,3.09,7.43,-2.33,-2.65,-6.32,-10.15,,,-10.15,1295780,16.2,,94.3507,,10.32,8.32,12.40977,0.96986,-1.44,-2.13,-1.67,2026-10-07T00:00:00,1993-02-26T00:00:00,2/26/1993,730684800,2026-09-14T00:00:00
197,JOF,-0.1396,7.85216,9.12649,0.09559999999999999,31.45,1,Morningstar US CEF Asia Equity,78,Nomura Asset Management Co Ltd,False,12.57,-0.07,14.61,2026-10-07T00:00:00,47109U104,Japan Smaller Cap Fund,2026-10-07,XXJOFXX,Equity-Asia Equity,0.0,320.541,,Monthly,0.03946,0.09559999999999999,12.0,,,,2.09,,372.562,True,True,False,False,False,False,,25.15,29.25,11.78,12.98,27.44,21.97,,,31.51,778010,,,,,,,11.40226,-10.9095,-1.8599999999999999,-1.35,-1.57,2026-10-07T00:00:00,1990-03-21T00:00:00,3/21/1990,637977600,2026-09-15T00:00:00
198,BTO,-0.08289999999999999,6.59229,7.18828,0.65,20.6,8,Morningstar US CEF Sector Equity,66,John Hancock Investment Management LLC,True,36.17,-0.14,39.44,2026-10-07T00:00:00,409735206,JHancock Financial Opportunities,2026-10-07,XBTOX,Equity-Sector Equity,14.25,717.362,0.0,Quarterly,0.27503,0.65,20.0,4.7005,,,2.42,,912.216,True,False,False,False,True,False,,26.69,19.9,8.99,4.3,15.41,7.87,,,7.09,469500,,,,,,,36.8867,-3.1972,-2.02,-1.11,-1.71,2026-10-07T00:00:00,1994-08-18T00:00:00,8/18/1994,777168000,2026-09-11T00:00:00
199,JHS,-0.10800000000000001,5.43363,6.09127,0.1535,-5.37,15,Morningstar US CEF Investment Grade,66,John Hancock Investment Management LLC,False,10.08,-0.15,11.3,2026-10-07T00:00:00,410123103,JHancock Income Secs,2026-10-07,XJHSX,Fixed Income - Taxable-Investment Grade,40.96,117.398,0.0,Quarterly,0.29069,0.1535,15.3,5.4543,,,4.41,,222.906,True,False,False,False,False,False,,4.42,5.11,-2.38,-3.55,-6.53,-9.09,,,-7.36,149480,,,98.3831,,7.35,4.44,11.23594,-7.89712,-1.9,-3.94,-4.37,2026-10-07T00:00:00,1973-02-14T00:00:00,2/14/1973,98496000,2026-06-11T00:00:00
200,JHI,-0.1195,8.70968,9.89176,0.297,-2.32,15,Morningstar US CEF Investment Grade,65,John Hancock,False,12.01,-0.07,13.64,2026-10-07T00:00:00,410142103,JHancock Investors,2026-10-07,XJHIX,Fixed Income - Taxable-Investment Grade,42.15,105.022,0.0,Quarterly,0.58459,0.297,21.06,6.8494,,,4.59,,206.176,True,False,False,False,False,False,,7.06,8.55,0.9400000000000001,-0.58,-3.08,-5.76,,,-5.47,205800,6.53,,98.1223,,6.17,,13.39798,-7.94173,-2.61,-1.88,-2.5,2026-10-07T00:00:00,1971-01-29T00:00:00,1/29/1971,33955200,2026-06-11T00:00:00
201,HPI,-0.019799999999999998,10.49575,10.70809,0.1235,-4.97,18,Morningstar US CEF Preferreds,66,John Hancock Investment Management LLC,False,13.84,-0.13,14.12,2026-10-07T00:00:00,41013W108,JHancock Preferred Income,2026-10-07,XHPIX,Fixed Income - Taxable-Preferreds,40.46,370.803,0.0,Monthly,0.5192,0.1235,25.0,6.4987,,,4.08,,635.405,True,False,False,False,False,False,,8.82,8.34,1.74,0.54,-4.77,-7.84,,,-11.33,567830,,,101.5739,,,,16.15017,3.49087,-2.23,-1.85,-2.26,2026-10-07T00:00:00,2002-08-27T00:00:00,8/27/2002,1030406400,2026-09-11T00:00:00
202,HPF,-0.0529,10.58571,11.17647,0.1235,-4.95,18,Morningstar US CEF Preferreds,66,John Hancock Investment Management LLC,False,13.26,-0.01,14.0,2026-10-07T00:00:00,41013X106,JHancock Preferred Income II,2026-10-07,XHPFX,Fixed Income - Taxable-Preferreds,40.54,287.09,0.0,Monthly,0.51964,0.1235,25.0,6.5714,,,4.1,,509.812,True,False,False,False,False,False,,8.9,7.28,1.9100000000000001,-0.36,-4.67,-9.91,,,-12.07,397000,,,101.5517,,,,15.86279,2.5180100000000003,-3.46,-2.03,-2.83,2026-10-07T00:00:00,2002-11-29T00:00:00,11/29/2002,1038528000,2026-09-11T00:00:00
203,HPS,-0.0737,10.45959,11.2917,0.11,-4.9,18,Morningstar US CEF Preferreds,66,John Hancock Investment Management LLC,False,11.69,-0.14,12.62,2026-10-07T00:00:00,41021P103,JHancock Preferred Income III,2026-10-07,XHPSX,Fixed Income - Taxable-Preferreds,40.32,376.054,0.0,Monthly,0.46895000000000003,0.11,25.0,6.5064,,,4.06,,680.271,True,False,False,False,False,False,,8.82,6.07,1.99,0.22,-4.58,-10.27,,,-14.32,652930,,,101.6004,,,,14.40354,3.32347,-4.07,-2.27,-3.29,2026-10-07T00:00:00,2003-06-18T00:00:00,6/18/2003,1055894400,2026-09-11T00:00:00
204,PDT,-0.1094,7.99698,8.979659999999999,0.08829999999999999,-1.09,18,Morningstar US CEF Preferreds,65,John Hancock,True,11.8,-0.04,13.25,2026-10-07T00:00:00,41013T105,JHancock Premium Dividend Fund,2026-10-07,XPDTX,Fixed Income - Taxable-Preferreds,36.44,580.386,0.0,Monthly,0.34231,0.08829999999999999,12.0,5.8871,,,4.32,,1025.404,True,False,False,False,True,False,,14.66,15.81,6.22,1.28,-0.66,-2.13,,,-5.02,1239200,,,,,,,12.87511,-9.97288,-0.68,-0.26,0.01,2026-10-07T00:00:00,1989-12-21T00:00:00,12/21/1989,630201600,2026-09-11T00:00:00
205,HTD,-0.0965,7.68856,8.50987,0.158,-1.35,26,Morningstar US CEF US Allocation,66,John Hancock Investment Management LLC,True,22.28,-0.18,24.66,2026-10-07T00:00:00,41013V100,JHancock Tax-Advantaged Dividend Inc,2026-10-07,XHTDX,Hybrid-U.S. Allocation,32.87,789.421,0.0,Monthly,0.63149,0.158,20.0,5.9626,,,3.58,,1301.649,True,False,False,False,True,False,,15.77,16.46,7.55,7.24,0.55,-0.8200000000000001,,,-3.5300000000000002,654800,,,,,,,24.84117,-5.92169,-2.05,-2.42,-2.47,2026-10-07T00:00:00,2004-02-27T00:00:00,2/27/2004,1077840000,2026-09-11T00:00:00
206,HEQ,-0.0958,8.11688,8.97666,0.25,10.49,5,Morningstar US CEF Global Equity,66,John Hancock Investment Management LLC,True,11.14,-0.11,12.32,2026-10-07T00:00:00,47804L102,John Hancock Diversified Income Fund,2026-10-07,XHEQX,Equity-Global Equity,10.64,132.884,,Quarterly,0.35522,0.25,20.0,6.6246,,,1.31,,164.46,True,False,True,False,True,False,,12.48,15.54,8.17,7.4,7.47,10.81,,,14.46,361720,,,97.9782,,,,11.21333,-10.19518,0.47000000000000003,0.02,-0.36,2026-10-07T00:00:00,2011-05-26T00:00:00,5/26/2011,1306368000,2026-09-11T00:00:00
207,KYN,-0.1195,7.16981,8.14286,0.095,18.51,6,Morningstar US CEF MLP,68,"KA Fund Advisors, LLC",False,14.0,-0.24,15.9,2026-10-07T00:00:00,486606106,Kayne Anderson Energy Infrastructure,2026-10-07,XKYNX,Equity-MLP,26.09,2367.765,,Monthly,0.31841,0.095,25.0,7.259,,,3.3,,3638.587,True,True,True,False,False,False,,24.02,27.02,20.25,21.65,19.44,16.18,,,18.61,3912110,,,,,15.1,,13.44981,-12.27657,0.22,0.1,0.84,2026-10-07T00:00:00,2004-09-28T00:00:00,9/28/2004,1096329600,2026-09-15T00:00:00
208,KIO,-0.11599999999999999,12.623380000000001,14.28012,0.1215,1.09,14,Morningstar US CEF High Yield,69,Kohlberg Kravis Roberts &amp; Co.,False,10.21,-0.17,11.55,2026-10-07T00:00:00,48249T106,KKR Income Opportunities Fund,2026-10-07,XKIOX,Fixed Income - Taxable-High Yield,33.52,418.459,,Monthly,0.63625,0.1215,20.0,7.8125,,,4.09,,712.016,True,False,False,False,False,False,,7.45,7.09,4.09,2.27,1.67,-2.07,,,-7.1,2423080,0.09000000000000001,,97.5973,,,,11.31904,-6.96403,-3.08,-1.9300000000000002,-2.77,2026-10-07T00:00:00,2013-07-26T00:00:00,7/26/2013,1374796800,2026-09-11T00:00:00
209,KF,-0.1655,1.7465899999999999,2.09289,1.381724,133.78,1,Morningstar US CEF Asia Equity,67,JPMorgan Asset Management (Asia Pacific) Limited,False,66.02,-0.37,79.11,2026-10-07T00:00:00,500634209,Korea Fund,2026-10-07,XKFDX,Equity-Asia Equity,5.74,274.534,,Annually,0.0077,1.381724,40.0,,,,1.21,,328.967,True,True,False,False,False,False,,49.03,49.22,19.38,20.14,85.71,80.78,,,123.06,207240,,,,,,,52.97386,-13.72253,-1.49,-0.71,-1.0,2026-10-07T00:00:00,1984-08-29T00:00:00,8/29/1984,462585600,2025-12-23T00:00:00
210,LGI,-0.0659,10.10873,10.82187,0.15339999999999998,9.63,5,Morningstar US CEF Global Equity,70,Lazard Asset Management LLC,False,17.01,-0.16,18.21,2026-10-07T00:00:00,52106W103,Lazard Global Total Return and Income,2026-10-07,XLGIX,Equity-Global Equity,9.07,221.589,,Monthly,0.028050000000000002,0.15339999999999998,20.0,7.7462,,,2.0,,260.897,True,False,False,False,False,False,,14.26,18.59,6.47,6.87,6.61,6.3,,,9.94,429720,,,,,3.13,,17.8135,-1.89234,-1.48,-1.8,-2.2800000000000002,2026-10-07T00:00:00,2004-04-28T00:00:00,4/28/2004,1083110400,2026-09-10T00:00:00
211,USA,-0.12390000000000001,10.14925,11.58433,0.16999999999999998,4.68,10,Morningstar US CEF US Equity,9,ALPS Advisors Inc,True,5.87,-0.02,6.7,2026-10-07T00:00:00,530158104,Liberty All-Star Equity,2026-10-07,XUSAX,Equity-U.S. Equity,0.84,1809.248,,Quarterly,0.02385,0.16999999999999998,10.0,,,,0.91,,2082.651,True,False,False,False,True,False,,13.68,10.09,6.71,2.48,4.03,-0.13,,,1.7000000000000002,12541340,,,,,,,5.95969,-10.39997,-1.43,-0.56,-0.9,2026-10-07T00:00:00,1986-10-31T00:00:00,10/31/1986,531100800,2026-07-16T00:00:00
212,ASG,-0.1278,8.17717,9.375,0.12,4.02,10,Morningstar US CEF US Equity,9,ALPS Advisors Inc,True,5.12,-0.08,5.87,2026-10-07T00:00:00,529900102,Liberty All-Star Growth,2026-10-07,XASGX,Equity-U.S. Equity,0.06,326.235,,Quarterly,-0.01856,0.12,10.0,,,,1.12,,374.244,True,False,False,False,True,False,,12.27,9.75,1.02,-1.56,5.75,1.83,,,-0.53,2635970,,,,,,,5.24207,-10.91433,-1.3599999999999999,-0.2,-0.77,2026-10-07T00:00:00,1986-03-14T00:00:00,3/14/1986,511142400,2026-07-16T00:00:00
213,SCD,-0.1201,8.60215,9.775970000000001,0.12,7.8,25,Morningstar US CEF Global Allocation,53,"Franklin Templeton Fund Adviser, LLC",True,14.73,0.01,16.74,2026-10-07T00:00:00,50208A102,LMP Capital and Income,2026-10-07,XSCDX,Hybrid-Global Allocation,21.5,337.41,,Monthly,0.06042,0.12,20.0,,,,2.39,,488.452,True,False,False,False,True,False,,15.68,16.04,10.8,10.99,7.51,6.78,,,4.37,777920,13.6,,,,4.25,,15.25727,-9.79799,-1.43,-1.27,-1.33,2026-10-07T00:00:00,2004-02-24T00:00:00,2/24/2004,1077580800,2026-09-23T00:00:00
214,MXE,-0.1873,1.49904,1.84451,0.2337,7.59,4,Morningstar US CEF Emerging Market Equity,88,Pichardo Asset Management SA De CV,False,12.67,0.14,15.59,2026-10-07T00:00:00,592834105,Mexico Equity & Income,2026-10-07,XMXEX,Equity-Emerging Market Equity,,55.751,,Annually,0.1261,0.2337,12.0,7.969,,0.02,1.78,,68.599,False,False,False,False,False,False,,7.46,12.92,7.6,4.66,3.63,0.88,,,7.22,52040,,,,,,,12.9475,-17.94404,-0.71,-0.19,-0.48,2026-10-07T00:00:00,1990-08-15T00:00:00,8/15/1990,650678400,2025-12-16T00:00:00
215,MXF,-0.1404,6.04491,6.97211,0.35,6.43,4,Morningstar US CEF Emerging Market Equity,63,"Impulsora Del Fondo Mexico, SC",True,20.08,-0.16,23.16,2026-10-07T00:00:00,592835102,Mexico Fund,2026-10-07,XXMXFXX,Equity-Emerging Market Equity,,289.555,,Quarterly,0.27312000000000003,0.35,12.0,5.75,,,1.36,,333.969,False,False,False,False,True,False,,8.66,13.71,10.6,12.42,3.26,6.27,,,10.09,475190,,,,,,,21.00557,-13.09633,-0.19,-2.15,-0.71,2026-10-07T00:00:00,1981-06-03T00:00:00,6/3/1981,360374400,2026-07-22T00:00:00
216,CAF,-0.16949999999999998,1.23799,1.49064,0.262949,10.59,1,Morningstar US CEF Asia Equity,73,Morgan Stanley,False,17.64,-0.08,21.24,2026-10-07T00:00:00,617468103,Morgan Stanley China A Share,2026-10-07,XCAFX,Equity-Asia Equity,,235.564,,Annually,-0.01046,0.262949,20.0,,,,1.52,,283.638,False,False,False,False,False,False,,12.81,14.43,-0.46,-1.07,8.26,2.19,,,8.19,353250,,,,,,,18.24818,-14.1808,-1.25,-0.79,-0.9500000000000001,2026-10-07T00:00:00,2006-09-28T00:00:00,9/28/2006,1159401600,2025-12-19T00:00:00
217,MSD,-0.11689999999999999,7.70252,8.7218,0.145,5.64,12,Morningstar US CEF Emerging Market Income,74,"Morgan Stanley Investment Management, Inc.",False,6.65,-0.04,7.53,2026-10-07T00:00:00,61744H105,Morgan Stanley Emerging Markets Debt,2026-10-07,XMSDX,Fixed Income - Taxable-Emerging Market Income,0.03,134.538,,Quarterly,0.30967,0.145,15.0,6.5116,,6.76,1.36,,152.342,True,False,False,False,False,False,,12.3,12.19,3.08,3.56,1.16,-3.02,,,-0.77,915500,,,,,,,7.35608,-7.42463,-2.3,-2.4,-2.61,2026-10-07T00:00:00,1993-07-23T00:00:00,7/23/1993,743385600,2026-09-30T00:00:00
218,EDD,-0.0795,14.84099,16.12284,0.21,13.9,12,Morningstar US CEF Emerging Market Income,74,"Morgan Stanley Investment Management, Inc.",False,5.21,-0.12,5.66,2026-10-07T00:00:00,617477104,Morgan Stanley Emrgng Mkts Domestic Debt,2026-10-07,XEDDX,Fixed Income - Taxable-Emerging Market Income,15.15,335.816,,Quarterly,0.28033,0.21,20.0,6.6059,,7.47,2.18,,429.97,True,False,False,False,False,False,,14.4,20.01,5.9,7.68,6.11,7.74,,,11.32,3666400,,,,,,,5.63284,-5.00205,-1.04,-2.65,-1.1,2026-10-07T00:00:00,2007-04-24T00:00:00,4/24/2007,1177372800,2026-09-30T00:00:00
219,IIF,-0.1283,8.18962,9.395,1.985164,-11.44,1,Morningstar US CEF Asia Equity,74,"Morgan Stanley Investment Management, Inc.",False,21.13,-0.15,24.24,2026-10-07T00:00:00,61745C105,Morgan Stanley India Investment,2026-10-07,XIIFX,Equity-Asia Equity,,198.34,,Annually,-0.1168,1.985164,15.0,,,,1.35,,227.533,False,False,False,False,False,False,,4.73,9.41,3.7,5.63,-12.33,-13.97,,,-12.1,324550,,,,,,,23.58726,-11.14204,-2.06,-2.05,-2.23,2026-10-07T00:00:00,1994-02-25T00:00:00,2/25/1994,762134400,2025-12-19T00:00:00
220,NML,-0.10949999999999999,7.42898,8.34286,0.07008,23.91,6,Morningstar US CEF MLP,75,Neuberger Berman,False,10.08,-0.25,11.32,2026-10-07T00:00:00,64129H104,NB Energy Infra and Income Fund Inc,2026-10-07,XNMLX,Equity-MLP,25.42,571.122,,Monthly,-0.18702,0.07008,20.0,,,,1.07,,860.043,True,True,False,False,False,False,,20.69,23.08,19.84,24.28,22.66,23.83,,,23.27,1688780,,,,,,,9.64349,-10.49445,-0.46,-1.16,-0.59,2026-10-07T00:00:00,2013-03-26T00:00:00,3/26/2013,1364256000,2026-09-15T00:00:00
221,NBXG,-0.1252,8.58537,9.81413,0.132,14.29,10,Morningstar US CEF US Equity,75,Neuberger Berman,False,16.14,-0.18,18.45,2026-10-07T00:00:00,64133Q108,Neuberger Brmn Nxt Gnrtn Cnnctvty,2026-10-07,XNBGX,Equity-U.S. Equity,,1271.211,,Monthly,-0.05846,0.132,20.0,,,,1.35,,1453.15,False,True,True,False,False,False,,22.86,26.25,6.93,6.36,15.86,16.87,,,12.49,2012210,,,,,,,14.80943,-13.14684,0.54,0.67,0.96,2026-10-07T00:00:00,2021-05-25T00:00:00,5/25/2021,1621900800,2026-09-15T00:00:00
222,NHS,-0.1334,17.45981,20.14842,0.0905,-1.97,14,Morningstar US CEF High Yield,75,Neuberger Berman,False,5.39,-0.05,6.22,2026-10-07T00:00:00,64128C106,Neuberger High Yield Strategies,2026-10-07,XNHSX,Fixed Income - Taxable-High Yield,34.03,225.603,,Monthly,0.18333,0.0905,15.0,7.1795,,,3.39,,394.623,True,False,False,False,False,False,,7.75,4.05,0.8200000000000001,-2.05,-3.33,-17.11,,,-14.65,2119470,,,100.0071,,4.8,3.23,6.7035800000000005,-3.96483,-1.9,-2.04,-2.55,2026-10-07T00:00:00,2003-07-28T00:00:00,7/28/2003,1059350400,2026-09-15T00:00:00
223,NBH,-0.0998,6.61955,7.35339,0.054169999999999996,-6.57,21,Morningstar US CEF Municipal,75,Neuberger Berman,False,8.84,-0.22,9.82,2026-10-07T00:00:00,64124P101,Neuberger Municipal Fund,2026-10-07,XNBHX,Fixed Income - Municipal-Municipal,43.93,261.824,,Monthly,0.13171,0.054169999999999996,15.0,4.9667,,,3.87,,518.749,True,False,False,False,False,False,,1.75,5.55,-3.19,-5.68,-7.48,-5.78,,,-6.13,973800,15.43,,98.7026,,14.87,8.71,10.22711,-8.59029,-1.19,-2.5,-2.08,2026-10-07T00:00:00,2002-09-27T00:00:00,9/27/2002,1033084800,2026-09-30T00:00:00
224,NRO,-0.122,13.0453,14.85714,0.0312,-4.33,7,Morningstar US CEF Real Estate,75,Neuberger Berman,False,2.52,-0.03,2.87,2026-10-07T00:00:00,64190A103,Neuberger Real Estate Securities Income,2026-10-07,XNROX,Equity-Real Estate,27.79,159.672,,Monthly,0.06094,0.0312,15.0,,,,3.12,,251.848,True,False,False,False,False,False,,9.14,9.82,-0.39,-1.43,-1.19,-6.97,,,-9.72,2420550,,,,,,,2.98576,-7.70917,-2.26,-2.29,-2.76,2026-10-07T00:00:00,2003-10-31T00:00:00,10/31/2003,1067558400,2026-09-15T00:00:00
225,GF,-0.09970000000000001,2.68293,2.98016,0.154,-6.45,9,Morningstar US CEF Single Country Equity,40,DWS,False,10.335,-0.08,11.48,2026-10-07T00:00:00,644465106,New Germany,2026-10-07,XGFNX,Equity-Single-Country Equity,9.0,168.54,,Semi-Annually,0.10538,0.154,20.0,,,,1.31,,205.717,True,False,False,False,False,False,,7.88,10.72,-4.69,-4.15,-5.06,-5.62,,,-5.7,265410,,,,,,,11.39708,-9.84216,-0.11,-0.58,-0.71,2026-10-07T00:00:00,1990-01-30T00:00:00,1/30/1990,633657600,2026-05-26T00:00:00
226,NVG,-0.0352,8.77778,9.09789,0.079,-7.65,21,Morningstar US CEF Municipal,80,"Nuveen Fund Advisors, LLC.",False,10.42,-0.18,10.8,2026-10-07T00:00:00,67071L106,Nuveen AMT-Free Muni Credit Inc,2026-10-07,XNVGX,Fixed Income - Municipal-Municipal,45.23,2270.132,-0.02,Monthly,0.29602,0.079,15.0,4.8149,,,3.64,,4296.325,True,False,False,False,False,False,,2.87,8.41,-3.31,-3.25,-9.48,-11.28,,,-6.87,6287880,24.2,2.99,91.3863,,15.21,9.5,12.48958,-0.51605,-1.77,-2.32,-3.02,2026-10-07T00:00:00,2002-03-25T00:00:00,3/25/2002,1017014400,2026-09-15T00:00:00
227,NUW,-0.0634,4.19006,4.47348,0.048499999999999995,-2.98,21,Morningstar US CEF Municipal,80,"Nuveen Fund Advisors, LLC.",False,13.01,-0.13,13.89,2026-10-07T00:00:00,670695105,Nuveen AMT-Free Municipal Value Fund,2026-10-07,XNUWX,Fixed Income - Municipal-Municipal,7.74,233.547,-0.073,Monthly,0.30096,0.048499999999999995,15.0,5.4226,,,0.75,,270.269,True,False,False,False,False,False,,2.5700000000000003,3.7,-0.74,-1.08,-4.43,-4.51,,,-2.65,453110,10.6,0.07,96.4701,,9.22,8.74,14.15778,-5.20166,-1.1,-0.51,-0.68,2026-10-07T00:00:00,2009-02-25T00:00:00,2/25/2009,1235520000,2026-09-15T00:00:00
228,NEA,-0.008,8.18455,8.25076,0.06799999999999999,-6.93,21,Morningstar US CEF Municipal,80,"Nuveen Fund Advisors, LLC.",False,9.89,-0.11,9.97,2026-10-07T00:00:00,670657105,Nuveen AMT-Free Quality Muni Inc,2026-10-07,XNEAX,Fixed Income - Municipal-Municipal,44.33,3019.483,0.018000000000000002,Monthly,0.25491,0.06799999999999999,15.0,5.1393,,,3.5300000000000002,,5467.948,True,False,False,False,False,False,,2.06,8.14,-3.31,-2.46,-8.61,-9.73,,,-6.19,9952610,21.3,3.99,95.2832,,11.78,8.25,11.4059,-0.48321000000000003,-0.25,-0.66,-0.76,2026-10-07T00:00:00,2002-11-21T00:00:00,11/21/2002,1037836800,2026-09-15T00:00:00
229,NAZ,0.0433,7.32283,7.01887,0.062,-5.27,24,Morningstar US CEF Municipal-Single State,80,"Nuveen Fund Advisors, LLC.",False,10.6,-0.23,10.16,2026-10-07T00:00:00,67061W104,Nuveen AZ Quality Muni Inc,2026-10-07,XNAZX,Fixed Income - Municipal-Municipal - Single-State,41.69,139.071,0.031,Monthly,0.20512,0.062,15.0,4.7878,,,3.55,,228.599,True,False,False,False,False,False,,2.38,9.98,-2.54,-2.43,-7.48,-6.62,,,-4.8,243310,21.1,0.81,97.782,,12.3,8.64,12.19328,5.81729,-0.41000000000000003,-1.99,-2.04,2026-10-07T00:00:00,1992-11-19T00:00:00,11/19/1992,722131200,2026-09-15T00:00:00
230,NKX,-0.0179,8.14326,8.29175,0.072,-4.2,22,Morningstar US CEF Municipal-CA,80,"Nuveen Fund Advisors, LLC.",False,10.42,-0.15,10.61,2026-10-07T00:00:00,670651108,Nuveen CA AMT - Free Quality Muni Inc,2026-10-07,XNCMX,Fixed Income - Municipal-Municipal - CA,41.93,585.575,-0.014,Monthly,0.25181,0.072,15.0,4.7967,,,3.77,,1026.837,True,False,False,False,False,False,,2.81,8.01,-2.94,-2.88,-6.44,-10.5,,,-10.47,1517320,23.0,0.5900000000000001,96.6526,,12.92,8.65,12.40643,3.75536,-2.9699999999999998,-2.14,-2.64,2026-10-07T00:00:00,2002-11-22T00:00:00,11/22/2002,1037923200,2026-09-15T00:00:00
231,NCA,-0.0362,4.20561,4.36364,0.03,-1.32,22,Morningstar US CEF Municipal-CA,80,"Nuveen Fund Advisors, LLC.",False,8.25,0.0,8.56,2026-10-07T00:00:00,67062C107,Nuveen CA Municipal Value,2026-10-07,XNCAX,Fixed Income - Municipal-Municipal - CA,0.0,275.89,-0.012,Monthly,0.17651,0.03,10.0,4.7374,,,0.54,,286.256,True,False,False,False,False,False,,2.94,5.22,-0.75,-0.53,-3.42,-2.31,,,-0.8,738910,22.7,1.33,97.2125,,,8.51,9.15361,0.04474,-1.63,-1.79,-2.1,2026-10-07T00:00:00,1987-10-07T00:00:00,10/7/1987,560563200,2026-09-15T00:00:00
232,NAC,-0.018799999999999997,8.24111,8.39879,0.06949999999999999,-4.6,22,Morningstar US CEF Municipal-CA,80,"Nuveen Fund Advisors, LLC.",False,9.93,-0.13,10.12,2026-10-07T00:00:00,67066Y105,Nuveen CA Quality Muni Income,2026-10-07,XNACX,Fixed Income - Municipal-Municipal - CA,41.47,1674.681,-0.005,Monthly,0.24164,0.06949999999999999,15.0,4.7915,,,3.79,,2916.115,True,False,False,False,False,False,,2.5300000000000002,9.48,-3.19,-2.46,-7.18,-8.2,,,-3.93,5978490,22.6,1.05,96.6951,,13.55,8.93,11.74766,1.9573300000000002,-2.5700000000000003,-2.27,-2.95,2026-10-07T00:00:00,1999-05-26T00:00:00,5/26/1999,927676800,2026-09-15T00:00:00
233,JCE,-0.062,7.99122,8.5196,0.364,17.36,10,Morningstar US CEF US Equity,80,"Nuveen Fund Advisors, LLC.",True,17.09,0.04,18.22,2026-10-07T00:00:00,67090X107,Nuveen Core Equity Alpha,2026-10-07,XJCEX,Equity-U.S. Equity,1.35,290.576,0.0,Quarterly,0.0054600000000000004,0.364,20.0,,,,0.9900000000000001,,309.789,True,True,True,False,True,False,,22.67,20.93,13.48,11.69,12.17,13.56,,,17.43,382840,,,,,,,16.08411,-6.56873,0.48,0.34,0.77,2026-10-07T00:00:00,2007-03-27T00:00:00,3/27/2007,1174953600,2026-09-15T00:00:00
234,NPCT,-0.10189999999999999,10.72927,11.94661,0.0895,-2.4,15,Morningstar US CEF Investment Grade,80,"Nuveen Fund Advisors, LLC.",True,8.99,-0.13,10.01,2026-10-07T00:00:00,67080D103,Nuveen Core Plus Impact Fund,2026-10-07,XNPCX,Fixed Income - Taxable-Investment Grade,38.65,258.507,,Monthly,0.18066000000000002,0.0895,20.0,4.397,,,4.43,,469.158,True,False,False,False,True,False,,8.12,12.58,-3.74,-4.13,-3.12,-1.8900000000000001,,,-6.5600000000000005,1209740,18.4,0.0,88.983,,7.48,5.36,10.1566,-7.04165,-2.11,-3.18,-1.99,2026-10-07T00:00:00,2021-04-27T00:00:00,4/27/2021,1619481600,2026-09-15T00:00:00
235,JQC,-0.1143,11.31429,12.77419,0.049499999999999995,4.23,19,Morningstar US CEF Senior Loans,80,"Nuveen Fund Advisors, LLC.",True,4.65,-0.01,5.25,2026-10-07T00:00:00,67073D102,Nuveen Credit Strategies Income Fund,2026-10-07,XJQCX,Fixed Income - Taxable-Senior Loans,38.88,687.348,-0.082,Monthly,0.2156,0.049499999999999995,15.0,,,,4.43,,1269.638,True,False,False,False,True,False,,8.0,10.45,4.65,4.73,2.89,3.9,,,2.17,7741530,84.5,0.0,,,,,4.89651,-10.07071,-0.99,-0.72,-0.9,2026-10-07T00:00:00,2003-06-25T00:00:00,6/25/2003,1056499200,2026-09-15T00:00:00
236,NDMO,-0.0637,7.58099,8.09689,0.058499999999999996,-4.64,21,Morningstar US CEF Municipal,80,"Nuveen Fund Advisors, LLC.",True,8.67,-0.17,9.26,2026-10-07T00:00:00,67079X102,Nuveen Dynamic Municipal Opportunities,2026-10-07,XNDMX,Fixed Income - Municipal-Municipal,35.5,524.942,,Monthly,0.23738,0.058499999999999996,15.0,5.5914,,,2.83,,869.21,True,False,False,False,True,False,,4.36,3.74,-3.38,-4.53,-5.77,-7.48,,,-8.62,1621720,20.1,0.37000000000000005,95.5608,,10.6,7.87,10.20567,-1.26056,-3.01,-1.74,-2.52,2026-10-07T00:00:00,2020-08-26T00:00:00,8/26/2020,1598400000,2026-09-15T00:00:00
237,JFR,-0.111,11.41463,12.83951,0.078,5.09,19,Morningstar US CEF Senior Loans,80,"Nuveen Fund Advisors, LLC.",True,7.29,-0.09,8.2,2026-10-07T00:00:00,67072T108,Nuveen Floating Rate Income,2026-10-07,XJFRX,Fixed Income - Taxable-Senior Loans,37.8,1173.453,0.015000000000000001,Monthly,0.33766,0.078,15.0,,,,4.23,,2122.133,True,False,False,False,True,False,,8.51,9.5,5.79,5.24,3.71,4.37,,,3.18,7646790,88.3,0.0,,,,,7.67268,-9.32984,-1.25,-1.83,-1.4100000000000001,2026-10-07T00:00:00,2004-03-25T00:00:00,3/25/2004,1080172800,2026-09-15T00:00:00
238,JGH,-0.12179999999999999,9.45205,10.76256,0.1035,2.45,13,Morningstar US CEF Global Income,80,"Nuveen Fund Advisors, LLC.",True,11.54,-0.1,13.14,2026-10-07T00:00:00,67075G103,Nuveen Global High Income Fund,2026-10-07,XJGHX,Fixed Income - Taxable-Global Income,29.88,324.572,-0.026000000000000002,Monthly,0.52601,0.1035,20.0,7.8217,,,3.37,,527.073,True,False,False,False,True,False,,11.28,11.26,4.35,3.93,2.0,0.23,,,-4.21,1000550,36.2,0.0,99.0232,,,,12.5847,-8.10575,-2.96,-1.9300000000000002,-2.5700000000000003,2026-10-07T00:00:00,2014-11-24T00:00:00,11/24/2014,1416787200,2026-09-15T00:00:00
239,NMT,0.0357,7.40061,7.14567,0.0605,-5.21,24,Morningstar US CEF Municipal-Single State,80,"Nuveen Fund Advisors, LLC.",False,10.16,-0.01,9.81,2026-10-07T00:00:00,67061E104,Nuveen MA Quality Muni Inc,2026-10-07,XNMTX,Fixed Income - Municipal-Municipal - Single-State,41.42,108.414,0.026000000000000002,Monthly,0.20713,0.0605,15.0,4.8793,,,3.45,,178.679,True,False,False,False,False,False,,1.74,9.88,-3.25,-2.58,-7.06,-3.77,,,-4.8100000000000005,231580,23.0,1.73,99.2801,,7.76,9.19,12.03513,8.42996,-0.84,-1.9500000000000002,-2.67,2026-10-07T00:00:00,1993-03-18T00:00:00,3/18/1993,732412800,2026-09-15T00:00:00
240,NMS,-0.0385,7.46298,7.76181,0.063,-7.91,24,Morningstar US CEF Municipal-Single State,80,"Nuveen Fund Advisors, LLC.",False,9.74,-0.09,10.13,2026-10-07T00:00:00,670734102,Nuveen MN Quality Muni Inc,2026-10-07,XMNSX,Fixed Income - Municipal-Municipal - Single-State,43.39,62.478,-0.014,Monthly,0.0,0.063,15.0,4.6954,,,3.66,,114.78,True,False,False,False,False,False,,2.05,6.68,-2.89,-4.32,-10.2,-12.68,,,-12.63,188920,42.7,0.0,97.5379,,11.13,7.91,11.78611,0.49505000000000005,-1.6800000000000002,-0.79,-1.45,2026-10-07T00:00:00,1993-06-25T00:00:00,6/25/1993,740966400,2026-09-15T00:00:00
241,JLS,-0.1226,9.946,11.33538,0.1535,4.98,14,Morningstar US CEF High Yield,80,"Nuveen Fund Advisors, LLC.",True,16.25,0.01,18.52,2026-10-07T00:00:00,670735109,Nuveen Mortgage and Income Fund,2026-10-07,XJLSX,Fixed Income - Taxable-High Yield,23.79,88.995,0.009000000000000001,Monthly,0.68728,0.1535,25.0,7.614,,,3.07,,133.084,True,False,False,False,True,False,,9.63,11.83,4.35,4.26,2.94,-2.8,,,-3.2,203080,0.0,0.0,96.8528,,,,17.96646,-5.71846,-2.45,-1.52,-1.69,2026-10-07T00:00:00,2009-11-25T00:00:00,11/25/2009,1259107200,2026-09-15T00:00:00
242,NMAI,-0.08130000000000001,9.35484,10.18288,0.11599999999999999,13.91,25,Morningstar US CEF Global Allocation,80,"Nuveen Fund Advisors, LLC.",True,13.67,-0.13,14.88,2026-10-07T00:00:00,670750108,Nuveen Multi-Asset Income,2026-10-07,XNMAX,Hybrid-Global Allocation,29.66,456.929,,Monthly,0.13858,0.11599999999999999,20.0,6.1525,,,3.38,,707.138,True,True,False,False,True,False,,15.85,22.3,,,10.23,19.47,,,23.47,1091320,28.5,0.0,97.0435,,,,13.57195,-7.44769,-0.38,-1.83,-1.05,2026-10-07T00:00:00,2021-11-22T00:00:00,11/22/2021,1637539200,2026-09-15T00:00:00
243,JMM,-0.0964,5.68627,6.29306,0.028999999999999998,-2.8,15,Morningstar US CEF Investment Grade,80,"Nuveen Fund Advisors, LLC.",True,5.5299,0.08,6.12,2026-10-07T00:00:00,67075J107,Nuveen Multi-Market Income Fund,2026-10-07,XJMMX,Fixed Income - Taxable-Investment Grade,30.59,52.326,-0.001,Monthly,0.14258,0.028999999999999998,12.0,5.5868,,,3.34,,83.431,True,False,False,False,True,False,,5.34,5.08,0.39,-0.61,-3.92,-4.97,,,-7.46,92060,27.6,0.0,96.9276,,,,5.93517,-8.96053,-0.44,0.08,0.52,2026-10-07T00:00:00,1988-12-30T00:00:00,12/30/1988,599443200,2026-09-15T00:00:00
244,NZF,-0.0202,8.76838,8.94934,0.0795,-6.44,21,Morningstar US CEF Municipal,80,"Nuveen Fund Advisors, LLC.",False,10.66,-0.23,10.88,2026-10-07T00:00:00,67070X101,Nuveen Municipal Credit Income,2026-10-07,XNZFX,Fixed Income - Municipal-Municipal,43.5,2108.789,-0.015000000000000001,Monthly,0.31359,0.0795,15.0,5.2829,,,3.61,,3809.51,True,False,False,False,False,False,,2.75,8.82,-2.81,-2.38,-7.88,-8.8,,,-6.91,6104330,24.8,2.6,93.6669,,12.28,8.5,12.41812,-0.6333500000000001,-1.2,-1.3900000000000001,-2.04,2026-10-07T00:00:00,2001-09-25T00:00:00,9/25/2001,1001376000,2026-09-15T00:00:00
245,NMCO,-0.0676,8.96401,9.61404,0.06849999999999999,-6.49,21,Morningstar US CEF Municipal,80,"Nuveen Fund Advisors, LLC.",False,8.55,-0.11,9.17,2026-10-07T00:00:00,670663103,Nuveen Municipal Credit Opps Fund,2026-10-07,XNMCX,Fixed Income - Municipal-Municipal,45.39,490.16,-0.035,Monthly,0.35941,0.06849999999999999,15.0,5.8436,,,4.5,,962.674,True,False,False,False,False,False,,2.66,4.4,-3.67,-4.01,-6.87,-7.84,,,-11.52,2233090,31.5,0.27,86.7669,,15.38,9.98,10.52517,-0.7334700000000001,-3.12,-1.8599999999999999,-2.74,2026-10-07T00:00:00,2019-09-16T00:00:00,9/16/2019,1568592000,2026-10-01T00:00:00
246,NMZ,-0.0022,8.75278,8.77232,0.0655,-6.48,21,Morningstar US CEF Municipal,80,"Nuveen Fund Advisors, LLC.",False,8.96,0.02,8.98,2026-10-07T00:00:00,670682103,Nuveen Municipal High Income Opp Fd,2026-10-07,XNMZX,Fixed Income - Municipal-Municipal,42.8,1945.0,0.044000000000000004,Monthly,0.15638,0.0655,15.0,5.7736,,,3.5,,3408.198,True,False,True,False,False,False,,3.9699999999999998,5.98,-3.07,-3.47,-7.51,-6.85,,,-8.68,5960390,22.0,1.3900000000000001,90.2799,,11.18,9.17,10.27885,-0.27666,0.05,0.18,0.38,2026-10-07T00:00:00,2003-11-19T00:00:00,11/19/2003,1069200000,2026-09-15T00:00:00
247,NMI,0.0055000000000000005,4.97274,4.9457699999999996,0.038,-1.75,21,Morningstar US CEF Municipal,80,"Nuveen Fund Advisors, LLC.",False,9.22,-0.04,9.17,2026-10-07T00:00:00,67062J102,Nuveen Municipal Income,2026-10-07,XNMIX,Fixed Income - Municipal-Municipal,2.99,113.441,-0.019,Monthly,0.21289,0.038,12.0,5.4624,,,0.75,,112.826,True,False,False,False,False,False,,4.02,7.6,0.0,-0.84,-2.9699999999999998,-2.68,,,-1.35,283710,16.6,0.67,98.0185,,,9.04,10.27067,4.36873,-1.0,-1.92,-2.07,2026-10-07T00:00:00,1988-04-20T00:00:00,4/20/1988,577497600,2026-09-15T00:00:00
248,NUV,-0.0331,4.61538,4.77356,0.0325,-2.7199999999999998,21,Morningstar US CEF Municipal,80,"Nuveen Fund Advisors, LLC.",False,8.17,-0.07,8.45,2026-10-07T00:00:00,670928100,Nuveen Municipal Value,2026-10-07,XNUVX,Fixed Income - Municipal-Municipal,6.15,1729.572,-0.018000000000000002,Monthly,0.19290000000000002,0.0325,10.0,5.2727,,,0.66,,1788.847,True,False,False,False,False,False,,2.75,4.48,-0.68,-2.17,-4.06,-5.49,,,-3.62,5717380,11.6,0.8,95.8628,,,8.38,9.03858,-0.49934000000000006,-2.4,-1.51,-2.27,2026-10-07T00:00:00,1987-06-17T00:00:00,6/17/1987,550886400,2026-09-15T00:00:00
249,QQQX,-0.0501,9.07191,9.55031,0.738,16.26,3,Morningstar US CEF Covered Call,80,"Nuveen Fund Advisors, LLC.",True,30.91,-0.05,32.54,2026-10-07T00:00:00,670699107,Nuveen NASDAQ 100 Dynamic Overwrite,2026-10-07,XQQQX,Equity-Covered-Call Funds,,1509.236,0.0,Quarterly,-0.02811,0.738,20.0,,,,0.89,,1588.824,False,True,True,False,True,False,,20.27,20.1,10.82,9.95,10.04,14.52,,,21.36,1028770,,,,,,,29.02834,-6.83902,0.79,-1.4,-0.16,2026-10-07T00:00:00,2007-01-30T00:00:00,1/30/2007,1170115200,2026-09-15T00:00:00
250,NRK,-0.0108,8.51571,8.60898,0.0655,-7.31,23,Morningstar US CEF Municipal-NY,80,"Nuveen Fund Advisors, LLC.",False,9.13,-0.11,9.23,2026-10-07T00:00:00,670656107,Nuveen NY AMT - Free Quality Muni Inc,2026-10-07,XNRKX,Fixed Income - Municipal-Municipal - NY,45.69,796.458,0.004,Monthly,0.2495,0.0655,15.0,4.7315000000000005,,,3.69,,1482.462,True,False,True,False,False,False,,1.44,6.69,-3.71,-1.9100000000000001,-8.87,-2.9,,,-1.97,3417370,23.0,0.11000000000000001,94.1104,,16.09,9.6,10.26433,-4.01989,1.09,-0.08,0.59,2026-10-07T00:00:00,2002-11-21T00:00:00,11/21/2002,1037836800,2026-09-15T00:00:00
251,NNY,-0.0355,4.32763,4.48669,0.0295,-2.5300000000000002,23,Morningstar US CEF Municipal-NY,80,"Nuveen Fund Advisors, LLC.",False,7.890000000000001,0.02,8.18,2026-10-07T00:00:00,67062M105,Nuveen NY Municipal Value,2026-10-07,XNNYX,Fixed Income - Municipal-Municipal - NY,0.0,149.011,-0.037,Monthly,0.17478,0.0295,10.0,4.7984,,,0.5700000000000001,,154.488,True,False,True,False,False,False,,2.5,3.27,-0.56,-1.16,-4.05,-6.26,,,-1.79,387580,28.6,0.0,95.6078,,,9.25,8.44195,-4.00903,0.31,1.05,0.36,2026-10-07T00:00:00,1987-10-07T00:00:00,10/7/1987,560563200,2026-09-15T00:00:00
252,NAN,-0.0254,8.28426,8.5,0.06799999999999999,-6.06,23,Morningstar US CEF Municipal-NY,80,"Nuveen Fund Advisors, LLC.",False,9.6,-0.16,9.85,2026-10-07T00:00:00,67066X107,Nuveen NY Quality Muni Inc,2026-10-07,XNANX,Fixed Income - Municipal-Municipal - NY,42.54,322.262,0.013000000000000001,Monthly,0.25368,0.06799999999999999,15.0,5.0441,,,3.77,,575.495,True,False,False,False,False,False,,2.05,7.8100000000000005,-3.13,-2.09,-7.57,-7.71,,,-7.36,824420,25.4,0.01,96.9781,,13.6,9.19,11.29876,0.54269,-2.55,-1.78,-2.56,2026-10-07T00:00:00,1999-05-26T00:00:00,5/26/1999,927676800,2026-09-15T00:00:00
253,JPC,-0.0978,10.19022,11.29518,0.0625,0.27,18,Morningstar US CEF Preferreds,80,"Nuveen Fund Advisors, LLC.",False,6.64,-0.1,7.36,2026-10-07T00:00:00,67073B106,Nuveen Pref & Income Opps Fund,2026-10-07,XJPCX,Fixed Income - Taxable-Preferreds,38.99,2496.04,-0.042,Monthly,0.26335000000000003,0.0625,15.0,7.7082,,,4.1,,4534.548,True,False,False,False,False,False,,9.96,12.75,2.73,1.4100000000000001,-1.76,-9.62,,,-8.43,11305570,7.7,0.0,103.3725,,,3.86,7.86318,-0.7963100000000001,-3.66,-1.87,-2.71,2026-10-07T00:00:00,2003-03-26T00:00:00,3/26/2003,1048636800,2026-09-15T00:00:00
254,NAD,-0.0369,8.20563,8.51964,0.0705,-7.14,21,Morningstar US CEF Municipal,80,"Nuveen Fund Advisors, LLC.",False,9.93,-0.23,10.31,2026-10-07T00:00:00,67066V101,Nuveen Quality Muni Income Fund,2026-10-07,XNADX,Fixed Income - Municipal-Municipal,44.88,2334.935,0.023,Monthly,0.27975,0.0705,15.0,5.1664,,,3.74,,4398.353,True,False,False,False,False,False,,1.92,7.09,-3.07,-2.61,-8.66,-11.15,,,-7.02,7948870,24.1,1.25,94.9434,,11.96,8.41,11.77866,-0.9594800000000001,-1.96,-1.49,-1.8900000000000001,2026-10-07T00:00:00,1999-05-26T00:00:00,5/26/1999,927676800,2026-09-15T00:00:00
255,JRI,-0.1258,13.35,15.27169,0.1335,-0.89,25,Morningstar US CEF Global Allocation,80,"Nuveen Fund Advisors, LLC.",True,10.49,-0.14,12.0,2026-10-07T00:00:00,67074Y105,Nuveen Real Asset Inc and Grwt,2026-10-07,XJRIX,Hybrid-Global Allocation,34.07,379.72,0.0,Monthly,0.29419,0.1335,20.0,6.5661000000000005,,,3.9,,658.824,True,False,False,False,True,False,,10.8,13.17,3.32,3.74,-1.35,-13.12,,,-14.51,1533360,27.3,0.0,100.2949,,,,12.93459,-3.58149,-2.26,-2.7800000000000002,-3.74,2026-10-07T00:00:00,2012-04-25T00:00:00,4/25/2012,1335312000,2026-09-15T00:00:00
256,JRS,-0.1215,9.32515,10.61453,0.19,3.61,7,Morningstar US CEF Real Estate,80,"Nuveen Fund Advisors, LLC.",True,7.16,-0.14,8.15,2026-10-07T00:00:00,67071B108,Nuveen Real Estate Income,2026-10-07,XJRSX,Equity-Real Estate,30.31,206.87,0.0,Quarterly,0.09926,0.19,15.0,,,,3.4,,337.874,True,False,False,False,True,False,,10.84,12.5,1.2,1.3599999999999999,7.45,3.2,,,-1.21,729520,0.0,,,,,,8.0167,-8.66529,-2.25,-2.4,-2.52,2026-10-07T00:00:00,2001-11-15T00:00:00,11/15/2001,1005782400,2026-09-15T00:00:00
257,SPXX,-0.107,8.09021,9.05965,0.4215,17.7,3,Morningstar US CEF Covered Call,80,"Nuveen Fund Advisors, LLC.",True,18.61,-0.11,20.84,2026-10-07T00:00:00,6706EW100,Nuveen S&P 500 Dynamic Overwrite,2026-10-07,XSSPX,Equity-Covered-Call Funds,,2564.737,0.0,Quarterly,0.02205,0.4215,20.0,,,,0.9700000000000001,,2872.064,False,True,False,False,True,False,,18.24,16.46,10.99,9.64,12.67,9.43,,,15.04,1630360,,,,,,,17.94563,-9.47746,-0.78,-2.69,-0.34,2026-10-07T00:00:00,2005-11-22T00:00:00,11/22/2005,1132617600,2026-09-15T00:00:00
258,NIM,-0.0821,3.71002,4.04181,0.028999999999999998,-2.37,21,Morningstar US CEF Municipal,80,"Nuveen Fund Advisors, LLC.",False,8.61,-0.09,9.38,2026-10-07T00:00:00,67061T101,Nuveen Select Maturity Muni,2026-10-07,XNIMX,Fixed Income - Municipal-Municipal,0.41000000000000003,107.165,-0.007,Monthly,0.16949,0.028999999999999998,12.0,4.4696,,,0.5800000000000001,,116.749,True,False,False,False,False,False,,2.8,4.77,0.32,-1.0,-3.51,-3.92,,,-2.5,211250,18.8,1.08,97.7987,,,5.2,9.34226,-5.70395,-1.8399999999999999,-2.44,-2.43,2026-10-07T00:00:00,1992-09-18T00:00:00,9/18/1992,716774400,2026-09-15T00:00:00
259,NXP,-0.0113,4.83434,4.88957,0.0535,-2.2800000000000002,21,Morningstar US CEF Municipal,80,"Nuveen Fund Advisors, LLC.",False,13.13,-0.09,13.28,2026-10-07T00:00:00,67062F100,Nuveen Select Tax Free Inc,2026-10-07,XNXPX,Fixed Income - Municipal-Municipal,3.73,836.397,0.014,Monthly,0.28791,0.0535,15.0,5.042,,,0.35000000000000003,,845.952,True,False,False,False,False,False,,3.3,4.78,0.07,-0.99,-3.7,-1.46,,,-2.84,1626670,14.4,1.31,93.9322,,9.19,8.39,14.21692,-0.24121,-0.88,-0.9400000000000001,-0.99,2026-10-07T00:00:00,1992-03-19T00:00:00,3/19/1992,700963200,2026-09-15T00:00:00
260,NBB,-0.0538,7.79273,8.23613,0.0965,-2.83,20,Morningstar US CEF Taxable Muni,80,"Nuveen Fund Advisors, LLC.",False,14.06,-0.02,14.86,2026-10-07T00:00:00,67074C103,Nuveen Taxable Municipal Income,2026-10-07,XNBBX,Fixed Income - Taxable-Taxable Muni,39.59,413.29,-0.051000000000000004,Monthly,0.47616,0.0965,20.0,6.8187,,,3.24,,723.021,True,False,False,False,False,False,,5.33,7.7,-1.57,-2.16,-4.23,-4.39,,,-5.19,591320,5.4,0.0,100.8368,,,7.36,15.719850000000001,-2.87184,-2.32,-1.73,-2.37,2026-10-07T00:00:00,2010-04-27T00:00:00,4/27/2010,1272326400,2026-09-15T00:00:00
261,NPV,-0.055600000000000004,7.46208,7.9015,0.0615,-7.01,24,Morningstar US CEF Municipal-Single State,80,"Nuveen Fund Advisors, LLC.",False,9.34,-0.08,9.89,2026-10-07T00:00:00,67064R102,Nuveen VA Quality Muni Inc,2026-10-07,XNPVX,Fixed Income - Municipal-Municipal - Single-State,43.12,183.063,0.026000000000000002,Monthly,0.2321,0.0615,15.0,4.8623,,,3.54,,340.792,True,False,False,False,False,False,,2.23,5.69,-3.05,-6.06,-8.8,-12.34,,,-14.89,586760,32.8,1.53,94.9382,,13.21,8.53,11.14969,-1.70666,-1.78,-0.78,-1.43,2026-10-07T00:00:00,1993-03-18T00:00:00,3/18/1993,732412800,2026-09-15T00:00:00
262,NPFD,-0.0613,10.09677,10.75601,0.1565,1.04,18,Morningstar US CEF Preferreds,80,"Nuveen Fund Advisors, LLC.",False,17.46,-0.09,18.6,2026-10-07T00:00:00,67080R102,Nuveen Variable Rate Pref & Inc Fund,2026-10-07,XNPFX,Fixed Income - Taxable-Preferreds,37.87,421.906,,Monthly,0.61499,0.1565,25.0,7.4994,,,4.2,,723.359,True,False,False,False,False,False,,9.93,13.94,,,-1.13,-2.0,,,-4.19,655020,8.4,0.0,102.0037,,5.52,3.48,18.98153,-4.2894,-1.33,-0.71,-1.13,2026-10-07T00:00:00,2021-12-15T00:00:00,12/15/2021,1639526400,2026-09-15T00:00:00
263,SRV,-0.009300000000000001,13.54096,13.66743,0.5,14.01,6,Morningstar US CEF MLP,33,Cushing Asset Management LP,False,43.9,-0.17,44.31,2026-10-07T00:00:00,231631300,NXG Cushing Midstream Energy Fund,2026-10-07,XSRVX,Equity-MLP,29.99,273.689,,Monthly,0.0352,0.5,20.0,,,,4.32,,394.56,True,False,True,False,False,False,,22.18,23.22,17.08,21.46,17.28,16.47,,,7.85,595790,,,,,4.57,,44.46446,-1.22912,0.1,-1.29,-0.16,2026-10-07T00:00:00,2007-08-27T00:00:00,8/27/2007,1188172800,2026-09-15T00:00:00
264,NXG,0.0046,12.75691,12.698409999999999,0.6,22.07,8,Morningstar US CEF Sector Equity,33,Cushing Asset Management LP,False,56.7,-1.29,56.44,2026-10-07T00:00:00,231647207,NXG NextGen Infrastructure Inc,2026-10-07,XNXGX,Equity-Sector Equity,33.54,415.734,,Monthly,-0.24598,0.6,25.0,,,,4.16,,622.638,True,True,True,False,False,False,,28.65,30.65,12.45,15.46,24.24,14.83,,,22.95,702470,,,,,1.07,,54.54009,-0.89556,0.36,-0.87,0.47000000000000003,2026-10-07T00:00:00,2012-09-26T00:00:00,9/26/2012,1348617600,2026-09-15T00:00:00
265,MEGI,-0.1001,10.00667,11.11935,0.125,4.17,8,Morningstar US CEF Sector Equity,76,New York Life Investment Management LLC,False,13.49,-0.07,14.99,2026-10-07T00:00:00,56064Q107,NYLIM CBRE Glb Infra Megatrends Term Fd,2026-10-07,XMEGI,Equity-Sector Equity,22.79,702.121,,Monthly,0.39004,0.125,20.0,,,,3.73,,1010.493,True,False,False,False,False,False,,13.34,16.74,,,4.35,5.55,,,1.5899999999999999,1575720,,,,,,,14.66743,-9.63203,-0.29,-1.19,-0.72,2026-10-07T00:00:00,2021-10-27T00:00:00,10/27/2021,1635292800,2026-09-24T00:00:00
266,MMD,-0.0758,5.48038,5.92972,0.06749999999999999,-2.93,21,Morningstar US CEF Municipal,76,New York Life Investment Management LLC,False,13.66,-0.25,14.78,2026-10-07T00:00:00,56064K100,NYLIM MacKay DefinedTerm Muni Opps Fund,2026-10-07,XMMDX,Fixed Income - Municipal-Municipal,38.55,256.527,0.24000000000000002,Monthly,0.42096,0.06749999999999999,20.0,5.1925,,,2.72,,451.72,True,False,False,False,False,True,,2.54,-0.47000000000000003,-1.79,-4.36,-4.87,-4.78,,,-5.29,671430,,,102.9954,,,5.8,15.04912,-7.48076,-0.08,0.1,-0.22,2026-10-07T00:00:00,2012-06-27T00:00:00,6/27/2012,1340755200,2026-09-15T00:00:00
267,OCCI,-0.3565,18.92744,29.41176,0.049999999999999996,-29.47,19,Morningstar US CEF Senior Loans,81,"OFS Capital Management, LLC",True,2.04,-0.67,3.22,2026-08-31T00:00:00,67111Q107,OFS Credit Company Inc,2026-10-07,OCCI,Fixed Income - Taxable-Senior Loans,48.58,60.164,,Monthly,0.33629000000000003,0.049999999999999996,20.0,13.384,,,13.31,,181.812,True,False,False,False,True,False,,-9.97,-15.6,-8.67,-13.54,-24.6,-43.45,,,-45.63,2734930,,,,,,,3.51409,-16.43296,-1.9100000000000001,-2.7199999999999998,-2.04,2026-10-07T00:00:00,2018-10-05T00:00:00,10/5/2018,1538697600,2026-09-15T00:00:00
268,OXLC,-0.1778,23.32362,28.36879,0.19999999999999998,-30.12,19,Morningstar US CEF Senior Loans,82,Oxford Lane Management,False,8.46,-1.25,10.49,2026-08-31T00:00:00,691543847,Oxford Lane Capital Corp,2026-10-07,OXLCX,Fixed Income - Taxable-Senior Loans,43.47,826.116,,Monthly,1.29355,0.19999999999999998,20.0,10.7207,,,9.78,,1777.475,True,False,False,False,False,False,,-4.39,-7.95,-3.34,-5.85,-19.2,-21.65,,,-26.41,12046660,,,,,,,11.07676,-15.84879,-0.2,-1.62,-0.91,2026-10-07T00:00:00,2011-01-20T00:00:00,1/20/2011,1295481600,2026-09-16T00:00:00
269,PCM,-0.0674,14.43596,15.47952,0.06423999999999999,1.96,16,Morningstar US CEF Limited Duration,83,"Pacific Investment Management Company, LLC",False,4.98,-0.03,5.34,2026-10-07T00:00:00,69323T101,PCM Fund,2026-10-07,XPCMX,Fixed Income - Taxable-Limited Duration,33.14,61.974,0.037,Monthly,0.3113,0.06423999999999999,15.0,6.1856,,7.21,4.06,,99.399,True,False,False,False,False,False,,8.31,-6.33,1.79,-4.54,-0.45,-10.1,,,-15.08,546630,,,83.6641,,,,5.81625,1.80064,-2.46,-1.42,-2.14,2026-10-07T00:00:00,1993-09-02T00:00:00,9/2/1993,746928000,2026-09-11T00:00:00
270,PDCC,-0.22829999999999998,14.53868,18.84058,0.13,-23.85,19,Morningstar US CEF Senior Loans,85,Pearl Diver Capital LLP,True,8.28,-0.55,10.86,2026-08-31T00:00:00,70476Q100,Pearl Diver Credit Company Inc,2026-10-07,PDCC,Fixed Income - Taxable-Senior Loans,34.05,57.427,,Monthly,0.65799,0.13,20.0,10.3946,,,8.24,,112.837,True,False,False,False,True,False,,,,,,-14.4,-27.79,,,-36.43,58490,,,,,,,11.78003,-6.755,-1.94,-2.5,-1.3900000000000001,2026-10-07T00:00:00,2024-07-18T00:00:00,7/18/2024,1721260800,2026-09-16T00:00:00
271,PSUS,-0.22719999999999999,,,,,10,Morningstar US CEF US Equity,86,"Pershing Square Capital Management, L.P.",False,37.42,0.78,48.42,2026-09-30T00:00:00,71531T105,"Pershing Square USA, Ltd",2026-10-07,PSUSX,Equity-U.S. Equity,,3742.0,,Annually,,,50.0,,,,0.0,,4842.0,False,True,True,False,False,False,,,,,,,,,,,0,,,,,,,,,,-0.63,,2026-10-07T00:00:00,2026-04-29T00:00:00,4/29/2026,1777420800,
272,GHY,-0.10800000000000001,10.31097,11.55963,0.105,1.9100000000000001,14,Morningstar US CEF High Yield,87,PGIM,False,10.9,0.02,12.22,2026-10-07T00:00:00,69346J106,"PGIM Global High Yield Fund, Inc.",2026-10-07,XGHYX,Fixed Income - Taxable-High Yield,16.65,446.476,,Monthly,0.44248,0.105,20.0,6.6251,,0.0,1.9700000000000002,,600.545,True,False,False,False,False,False,,10.29,11.71,3.52,3.79,-0.61,-4.2,,,-5.05,1603960,,,96.1418,,,,12.06111,-7.01992,-1.71,-1.4100000000000001,-1.94,2026-10-07T00:00:00,2012-12-21T00:00:00,12/21/2012,1356048000,2026-09-10T00:00:00
273,ISD,-0.1151,9.66999,10.92801,0.105,0.14,14,Morningstar US CEF High Yield,87,PGIM,False,11.53,-0.11,13.03,2026-10-07T00:00:00,69346H100,"PGIM High Yield Bond Fund, Inc.",2026-10-07,XISDX,Fixed Income - Taxable-High Yield,20.36,383.901,,Monthly,0.54434,0.105,20.0,6.6764,,0.0,0.9800000000000001,,433.845,True,False,False,False,False,False,,8.83,9.83,3.35,3.1,-1.0,-13.48,,,-10.29,1049440,,,97.6041,,,,13.48307,-2.23229,-1.78,-1.85,-2.0,2026-10-07T00:00:00,2012-04-26T00:00:00,4/26/2012,1335398400,2026-09-10T00:00:00
274,SDHY,-0.09369999999999999,7.73731,8.53755,0.108,0.81,14,Morningstar US CEF High Yield,87,PGIM,True,15.18,-0.13,16.75,2026-10-07T00:00:00,69355J104,PGIM Short Duration High Yield Opps,2026-10-07,XSDHX,Fixed Income - Taxable-High Yield,22.15,374.537,,Monthly,0.73458,0.108,20.0,6.4348,,,1.18,,413.274,True,False,False,False,True,False,,7.44,10.27,4.0,4.07,-0.51,-2.32,,,-1.35,690130,,,98.9607,,,,16.20444,-7.02792,-2.21,-1.79,-1.99,2026-10-07T00:00:00,2020-11-25T00:00:00,11/25/2020,1606262400,2026-09-10T00:00:00
275,PAXS,-0.0735,12.66996,13.67506,0.1494,3.32,17,Morningstar US CEF Multi-Sector,89,PIMCO,True,13.11,-0.18,14.15,2026-10-07T00:00:00,72203T100,PIMCO Access Income,2026-10-07,XPAAX,Fixed Income - Taxable-Multi-Sector,39.06,618.157,,Monthly,0.82542,0.1494,20.0,,,8.61,5.03,,1094.791,True,False,False,False,True,False,,11.91,10.98,,,0.75,-5.17,,,-8.19,2048280,,,86.1715,,,,14.82989,-0.6140100000000001,-2.12,-1.74,-2.23,2026-10-07T00:00:00,2022-01-31T00:00:00,1/31/2022,1643587200,2026-09-11T00:00:00
276,PCQ,-0.1149,4.96552,5.61039,0.036,-6.5,22,Morningstar US CEF Municipal-CA,83,"Pacific Investment Management Company, LLC",False,7.7,-0.06,8.7,2026-10-07T00:00:00,72200N106,PIMCO CA Municipal Income,2026-10-07,XPCQX,Fixed Income - Municipal-Municipal - CA,43.11,432.221,0.161,Monthly,0.21287,0.036,15.0,4.7087,,13.26,4.27,,858.376,True,False,False,False,False,False,,2.13,2.2,-4.32,-12.3,-8.63,-8.38,,,-7.14,1644600,,,95.5316,,12.88,8.47,8.74541,-11.18421,-0.35000000000000003,-0.86,-0.58,2026-10-07T00:00:00,2001-06-29T00:00:00,6/29/2001,993772800,2026-09-11T00:00:00
277,PTY,-0.0236,12.93648,13.24907,0.11879999999999999,4.4,15,Morningstar US CEF Investment Grade,89,PIMCO,False,10.76,-0.13,11.02,2026-10-07T00:00:00,72201B101,PIMCO Corporate & Income Opportunity Fd,2026-10-07,XPTYX,Fixed Income - Taxable-Investment Grade,24.67,2387.471,0.218,Monthly,0.57584,0.11879999999999999,15.0,,,9.15,1.52,,3246.114,True,False,False,False,False,False,,14.69,5.51,7.48,0.97,1.06,-6.47,,,-14.11,11960020,,,92.7159,,,,12.40322,6.93243,-1.99,-2.5300000000000002,-3.0,2026-10-07T00:00:00,2002-12-27T00:00:00,12/27/2002,1040947200,2026-09-11T00:00:00
278,PCN,-0.0354,12.23935,12.68797,0.11249999999999999,3.45,15,Morningstar US CEF Investment Grade,83,"Pacific Investment Management Company, LLC",False,10.64,-0.15,11.03,2026-10-07T00:00:00,72200U100,PIMCO Corporate & Income Strgy,2026-10-07,XPCNX,Fixed Income - Taxable-Investment Grade,22.48,814.835,0.038,Monthly,0.57707,0.11249999999999999,15.0,,,8.68,1.53,,1089.706,True,False,False,False,False,False,,12.57,6.9,6.26,0.41000000000000003,0.38,-8.76,,,-10.55,3521580,,,92.1831,,,,12.15261,4.64875,-2.74,-2.37,-3.26,2026-10-07T00:00:00,2001-12-21T00:00:00,12/21/2001,1008892800,2026-09-11T00:00:00
279,PDI,-0.051699999999999996,17.54642,18.5035,0.2205,4.0,17,Morningstar US CEF Multi-Sector,83,"Pacific Investment Management Company, LLC",False,14.3,-0.1,15.08,2026-10-07T00:00:00,72201Y101,PIMCO Dynamic Income Fund,2026-10-07,XPDIX,Fixed Income - Taxable-Multi-Sector,35.38,6815.616,,Monthly,0.8897,0.2205,25.0,,,8.9,3.79,,11123.299,True,False,False,False,False,False,,13.2,8.47,5.5,2.22,0.61,-10.55,,,-16.93,30369890,,,89.064,,,,17.1059,5.1976700000000005,-2.12,-0.99,-1.55,2026-10-07T00:00:00,2012-05-25T00:00:00,5/25/2012,1337904000,2026-09-11T00:00:00
280,PDO,-0.041299999999999996,12.41748,12.9519,0.12789999999999999,4.47,13,Morningstar US CEF Global Income,83,"Pacific Investment Management Company, LLC",True,11.85,-0.23,12.36,2026-10-07T00:00:00,69355M107,PIMCO Dynamic Income Opportunities Fund,2026-10-07,XPDOX,Fixed Income - Taxable-Global Income,36.68,1725.121,,Monthly,0.62591,0.12789999999999999,20.0,,,8.82,4.3,,2841.782,True,False,False,False,True,False,,13.63,12.66,2.98,1.72,0.97,-6.31,,,-5.48,7076930,,,89.112,,,,13.3142,2.4912900000000002,-2.41,-1.27,-1.92,2026-10-07T00:00:00,2021-01-29T00:00:00,1/29/2021,1611878400,2026-09-11T00:00:00
281,PDX,-0.09759999999999999,8.03255,8.90082,0.15302,4.21,25,Morningstar US CEF Global Allocation,89,PIMCO,True,20.63,-0.21,22.86,2026-10-07T00:00:00,69346N107,PIMCO Dynamic Income Strategy Fund,2026-10-07,XPDX,Hybrid-Global Allocation,22.47,922.304,,Monthly,0.63903,0.15302,20.0,6.1539,,7.48,3.01,,1318.175,True,False,True,False,True,True,,11.87,13.43,19.23,21.58,13.34,14.48,,,1.92,1271480,,,91.6489,,,,21.07605,-9.99998,0.21,-0.19,-0.03,2026-10-07T00:00:00,2019-01-30T00:00:00,1/30/2019,1548806400,2026-09-11T00:00:00
282,PGP,-0.057300000000000004,9.48454,10.06075,0.06899999999999999,11.64,25,Morningstar US CEF Global Allocation,83,"Pacific Investment Management Company, LLC",False,8.23,-0.13,8.73,2026-10-07T00:00:00,722011103,PIMCO Global StocksPLUS & Income,2026-10-07,XPGPX,Hybrid-Global Allocation,45.48,95.4,0.07,Monthly,0.40356000000000003,0.06899999999999999,25.0,,,8.33,2.35,,185.627,True,False,False,False,False,False,,21.23,19.1,7.09,4.97,4.61,-3.86,,,5.14,457040,,,92.0495,,,,8.75143,-1.90846,-1.31,-0.24,-0.6900000000000001,2026-10-07T00:00:00,2005-05-31T00:00:00,5/31/2005,1117497600,2026-09-11T00:00:00
283,PHK,-0.044000000000000004,13.33333,13.94673,0.048,4.46,17,Morningstar US CEF Multi-Sector,83,"Pacific Investment Management Company, LLC",False,4.13,-0.07,4.32,2026-10-07T00:00:00,722014107,PIMCO High Income,2026-10-07,XPHKX,Fixed Income - Taxable-Multi-Sector,20.32,789.156,-0.044000000000000004,Monthly,0.23848,0.048,15.0,,,9.48,1.78,,1036.025,True,False,False,False,False,False,,12.67,10.5,6.09,3.6,1.28,-7.22,,,-6.8,8438590,,,92.3547,,,,4.69211,3.01665,-2.89,-1.71,-2.44,2026-10-07T00:00:00,2003-04-30T00:00:00,4/30/2003,1051660800,2026-09-11T00:00:00
284,PFL,-0.059500000000000004,13.51037,14.36471,0.0814,2.76,17,Morningstar US CEF Multi-Sector,89,PIMCO,False,6.8,-0.14,7.23,2026-10-07T00:00:00,72201H108,PIMCO Income Strategy,2026-10-07,XPFLX,Fixed Income - Taxable-Multi-Sector,0.91,341.964,0.077,Monthly,0.32637,0.0814,20.0,,,7.52,1.29,,366.925,True,False,False,False,False,False,,11.4,9.22,4.44,1.48,-0.21,-9.99,,,-8.18,2137040,,,88.49,,,,8.00349,3.28548,-3.17,-2.12,-2.85,2026-10-07T00:00:00,2003-08-26T00:00:00,8/26/2003,1061856000,2026-09-11T00:00:00
285,PFN,-0.065,13.01511,13.91922,0.0718,3.79,17,Morningstar US CEF Multi-Sector,83,"Pacific Investment Management Company, LLC",False,6.19,-0.13,6.62,2026-10-07T00:00:00,72201J104,PIMCO Income Strategy II,2026-10-07,XPFNX,Fixed Income - Taxable-Multi-Sector,29.25,617.481,0.094,Monthly,0.37475,0.0718,20.0,,,9.57,2.33,,933.373,True,False,False,False,False,False,,12.52,11.0,5.03,2.18,0.44,-8.67,,,-7.01,4614410,,,91.5197,,,,7.11517,1.7255,-3.29,-2.09,-2.8200000000000003,2026-10-07T00:00:00,2004-10-29T00:00:00,10/29/2004,1099008000,2026-09-11T00:00:00
286,PML,-0.07440000000000001,6.78112,7.32612,0.0395,-7.5600000000000005,21,Morningstar US CEF Municipal,89,PIMCO,False,6.47,-0.07,6.99,2026-10-07T00:00:00,72200W106,PIMCO Municipal Income II,2026-10-07,XPMLX,Fixed Income - Municipal-Municipal,45.66,811.777,0.10300000000000001,Monthly,0.20781,0.0395,15.0,5.0244,,13.98,4.19,,1613.905,True,False,False,False,False,False,,1.5,0.72,-5.09,-9.69,-9.0,-8.66,,,-11.61,4623690,,,97.8724,,12.82,8.36,7.52153,-5.8992700000000005,-1.34,-1.08,-1.22,2026-10-07T00:00:00,2002-06-28T00:00:00,6/28/2002,1025222400,2026-09-11T00:00:00
287,PNI,-0.1202,5.19062,5.9,0.0295,-7.04,23,Morningstar US CEF Municipal-NY,89,PIMCO,False,6.0,-0.1,6.82,2026-10-07T00:00:00,72200Y102,PIMCO NY Municipal Income II,2026-10-07,XPNIX,Fixed Income - Municipal-Municipal - NY,42.61,143.312,0.065,Monthly,0.16939,0.0295,15.0,4.8444,,13.36,4.31,,283.862,True,False,False,False,False,False,,1.04,3.46,-5.57,-7.55,-8.43,-7.72,,,-7.34,619670,,,98.1725,,13.91,9.17,6.90898,-10.8854,-1.52,-2.67,-2.46,2026-10-07T00:00:00,2002-06-28T00:00:00,6/28/2002,1025222400,2026-09-11T00:00:00
288,RCS,0.15439999999999998,11.05991,9.58084,0.04,3.32,15,Morningstar US CEF Investment Grade,89,PIMCO,False,5.01,-0.04,4.34,2026-10-07T00:00:00,72200X104,PIMCO Strategic Income Fund,2026-10-07,XRCSX,Fixed Income - Taxable-Investment Grade,72.71,237.875,0.019,Monthly,0.2242,0.04,12.5,6.5746,,7.58,2.73,,755.045,True,False,False,False,False,False,,14.24,7.73,4.24,3.39,-0.8,-2.64,,,-27.27,1569250,,,98.2536,,,,5.78152,25.50715,-0.76,0.58,-0.38,2026-10-07T00:00:00,1994-02-24T00:00:00,2/24/1994,762048000,2026-09-11T00:00:00
289,PWRL,-0.29760000000000003,6.0037,8.363949999999999,0.0812,,8,Morningstar US CEF Sector Equity,90,Powerlaw Fund Adviser LLC,False,11.65,1.37,16.23,2026-08-31T00:00:00,738922103,Powerlaw Corp.,2026-10-07,XPWRX,Equity-Sector Equity,,481.294,,Monthly,,0.0812,,,,,0.0,,,False,True,True,False,False,False,,,,,,,,,,,0,,,,,,,,,,-0.52,,2026-10-07T00:00:00,2026-05-27T00:00:00,5/27/2026,1779840000,
290,PGZ,-0.1315,12.36506,14.23729,0.105,-0.46,7,Morningstar US CEF Real Estate,91,Principal Funds,True,8.85,-0.04,10.19,2026-10-07T00:00:00,74255X104,Principal Real Estate Income Fund,2026-10-07,XPGZX,Equity-Real Estate,31.93,59.243,,Monthly,0.34794,0.105,20.0,3.7839,,,4.79,,100.213,True,False,False,False,True,False,,11.55,12.71,-0.19,1.5899999999999999,-1.03,-2.15,,,-3.43,248650,,,79.4775,,4.67,,10.04114,-10.19163,-1.8900000000000001,-1.9,-1.92,2026-10-07T00:00:00,2013-06-26T00:00:00,6/26/2013,1372204800,2026-09-16T00:00:00
291,UTG,-0.0143,6.78696,6.88525,0.21,-6.72,8,Morningstar US CEF Sector Equity,92,Reaves Asset Management,True,36.6,0.04,37.13,2026-10-07T00:00:00,756158101,Reaves Utility Income,2026-10-07,XUTGX,Equity-Sector Equity,21.74,3371.195,,Monthly,0.14102,0.21,20.0,,,,2.09,,4370.013,True,False,False,False,True,False,,20.47,19.98,9.2,8.63,-0.8200000000000001,-2.18,,,-7.72,2666000,,,,,2.62,,39.21563,-0.49003,-0.77,-1.62,-0.71,2026-10-07T00:00:00,2004-02-24T00:00:00,2/24/2004,1077580800,2026-09-17T00:00:00
292,RCG,0.0106,,,0.022371,-2.81,26,Morningstar US CEF US Allocation,62,Horizon Kinetics Asset Management LLC,False,2.85,-0.1,2.82,2026-10-07T00:00:00,759720105,RENN Fund ord,2026-10-07,XXRENNX,Hybrid-U.S. Allocation,11.03,19.995,,Annually,-0.00459,0.022371,10.0,,,,1.56,,19.785,True,True,True,False,False,False,,10.41,19.22,0.43,4.75,-2.12,15.95,,,16.86,77730,,,,,0.15,,2.81643,-8.74849,1.83,0.8300000000000001,1.33,2026-10-07T00:00:00,1994-01-20T00:00:00,1/20/1994,759024000,2024-12-16T00:00:00
293,RSF,-0.0418,11.10121,11.58592,0.1371,7.15,14,Morningstar US CEF High Yield,93,"RiverNorth Capital Management, LLC",False,14.2,-0.1,14.82,2026-10-07T00:00:00,76882B108,RiverNorth Capital and Inc Fund,2026-10-07,XRSFX,Fixed Income - Taxable-High Yield,9.65,49.195,,Monthly,1.03503,0.1371,21.42,,,,3.96,,51.343,True,False,False,False,False,False,,8.98,10.02,5.99,5.66,5.11,8.58,,,8.92,143060,,,,,2.96,,14.54215,-4.03145,-0.14,-2.31,-2.5,2026-10-07T00:00:00,2016-09-22T00:00:00,9/22/2016,1474502400,2026-09-15T00:00:00
294,RFM,-0.08410000000000001,7.53528,8.22724,0.0881,-3.03,21,Morningstar US CEF Municipal,93,"RiverNorth Capital Management, LLC",True,12.85,-0.08,14.03,2026-10-07T00:00:00,76883H104,RiverNorth Flexible Municipal Income,2026-10-07,XRFMX,Fixed Income - Municipal-Municipal,43.51,78.574,,Monthly,0.07615,0.0881,20.0,5.1551,,,4.46,,151.869,True,False,True,False,True,True,,4.2,4.0,-2.23,-3.13,-4.38,-2.83,,,-4.28,202830,,,103.2065,,16.43,16.44,14.31672,-8.72863,0.24,-0.65,-0.37,2026-10-07T00:00:00,2020-03-26T00:00:00,3/26/2020,1585180800,2026-09-15T00:00:00
295,RFMZ,-0.1072,7.5493,8.45574,0.0804,-3.06,21,Morningstar US CEF Municipal,93,"RiverNorth Capital Management, LLC",True,11.41,-0.22,12.78,2026-10-07T00:00:00,76883Y107,RiverNorth Flexible Municipal Income II,2026-10-07,XRFZX,Fixed Income - Municipal-Municipal,43.33,277.854,,Monthly,0.07449,0.0804,20.0,5.1719,,,0.0,,549.145,True,False,False,False,True,True,,4.2,6.04,-1.8900000000000001,-3.46,-4.64,-2.34,,,-3.37,778520,,,102.4874,,15.2,15.07,12.97607,-9.28424,-0.99,-2.05,-1.88,2026-10-07T00:00:00,2021-02-24T00:00:00,2/24/2021,1614124800,2026-09-15T00:00:00
296,RMMZ,-0.085,7.5137,8.21198,0.0891,-3.11,21,Morningstar US CEF Municipal,93,"RiverNorth Capital Management, LLC",False,13.02,-0.16,14.23,2026-10-07T00:00:00,76882M104,RiverNorth Manage Dur Muni Inc Fd II Inc,2026-10-07,XRMZX,Fixed Income - Municipal-Municipal,42.09,110.084,,Monthly,0.09213,0.0891,20.0,5.1983,,,4.48,,207.76,True,False,False,False,False,True,,4.21,4.57,,,-4.4,-4.69,,,-5.96,222470,,,103.2456,,14.98,13.91,14.70415,-7.11188,-1.3900000000000001,-1.25,-1.67,2026-10-07T00:00:00,2022-02-10T00:00:00,2/10/2022,1644451200,2026-09-15T00:00:00
297,RMM,-0.0697,7.53447,8.0988,0.0847,-3.15,21,Morningstar US CEF Municipal,93,"RiverNorth Capital Management, LLC",False,12.55,-0.15,13.49,2026-10-07T00:00:00,76882H105,RiverNorth Managed Duration Muni Inc Fd,2026-10-07,XRMMX,Fixed Income - Municipal-Municipal,43.44,247.732,,Monthly,0.06903000000000001,0.0847,20.0,5.1325,,,4.31,,470.798,True,False,False,False,False,True,,4.47,4.48,-0.89,-2.01,-4.49,-2.84,,,-4.67,627580,,,103.1319,,9.8,16.2,14.12463,-6.12441,-0.44,-1.35,-1.57,2026-10-07T00:00:00,2019-07-25T00:00:00,7/25/2019,1564012800,2026-09-15T00:00:00
298,RMI,-0.0373,7.51268,7.80395,0.08889999999999999,-2.75,21,Morningstar US CEF Municipal,93,"RiverNorth Capital Management, LLC",False,13.67,-0.1,14.2,2026-10-07T00:00:00,76883F108,RiverNorth Opp Muni Income Fund Inc,2026-10-07,XRMIX,Fixed Income - Municipal-Municipal,43.76,87.146,,Monthly,0.08215,0.08889999999999999,20.0,5.1582,,,4.43,,160.97,True,False,True,False,False,True,,4.32,7.03,-2.1,-1.69,-3.98,3.84,,,3.64,216410,,,102.9981,,16.18,16.15,15.00362,-5.16005,0.52,-0.49,-0.12,2026-10-07T00:00:00,2018-10-25T00:00:00,10/25/2018,1540425600,2026-09-15T00:00:00
299,RIV,-0.0962,13.699300000000001,15.15667,0.1306,6.07,26,Morningstar US CEF US Allocation,93,"RiverNorth Capital Management, LLC",True,10.34,-0.13,11.44,2026-10-07T00:00:00,76881Y109,RiverNorth Opportunities Fund,2026-10-07,XRIVX,Hybrid-U.S. Allocation,25.28,317.728,,Monthly,-0.12127,0.1306,20.0,6.4636,,,1.9100000000000001,,470.442,True,False,False,False,True,True,,14.35,13.94,6.7,3.81,3.21,-1.3900000000000001,,,-0.32,925660,,,99.6122,,,,11.49736,-5.99688,-1.69,-0.84,-1.5,2026-10-07T00:00:00,2015-12-23T00:00:00,12/23/2015,1450828800,2026-09-15T00:00:00
300,OPP,-0.1266,13.82278,15.82609,0.091,3.11,14,Morningstar US CEF High Yield,93,"RiverNorth Capital Management, LLC",True,6.9,-0.05,7.9,2026-10-07T00:00:00,76882G107,RiverNorth/DoubleLine Strategic Opp Fund,2026-10-07,XOPPX,Fixed Income - Taxable-High Yield,38.62,172.432,,Monthly,0.32888,0.091,20.0,4.9871,,,2.8,,321.614,True,False,False,False,True,True,,10.08,10.57,2.26,0.29,-0.41000000000000003,-3.18,,,-5.9,1080370,,,75.0069,,,,7.73816,-9.11607,-2.67,-1.9100000000000001,-2.5700000000000003,2026-10-07T00:00:00,2016-09-27T00:00:00,9/27/2016,1474934400,2026-09-15T00:00:00
301,RVI,0.0552,,,,,5,Morningstar US CEF Global Equity,94,"Robinhood Ventures DE, LLC",True,26.4,-7.55,25.02,2026-06-30T00:00:00,770701100,Robinhood Ventures Fund I,2026-10-07,XRVIX,Equity-Global Equity,,719.326,,Annually,,,25.0,,,,2.72,,681.725,False,True,True,False,True,False,,,,,,,,,,,0,,,,,,,,,,-0.81,-0.71,2026-10-07T00:00:00,2026-03-06T00:00:00,3/6/2026,1772755200,
302,RGT,-0.1603,1.11962,1.3333300000000001,0.19,14.65,5,Morningstar US CEF Global Equity,95,Royce Investment Partners,False,14.25,-0.17,16.97,2026-10-07T00:00:00,78081T104,"Royce Global Trust, Inc.",2026-10-07,XRGTX,Equity-Global Equity,2.11,93.521,,Annually,0.26180000000000003,0.19,8.98,,,,1.35,,111.372,True,True,False,False,False,False,,19.51,20.64,5.85,3.81,11.68,8.62,,,11.59,201180,,,,,,,13.97765,-14.95443,-0.96,-0.99,-0.81,2026-10-07T00:00:00,2013-10-18T00:00:00,10/18/2013,1382054400,2025-12-11T00:00:00
303,RMT,-0.126,6.00522,6.8708,0.22999999999999998,37.83,10,Morningstar US CEF US Equity,95,Royce Investment Partners,True,13.39,-0.24,15.32,2026-10-07T00:00:00,780915104,Royce Micro-Cap Trust,2026-10-07,XOTCX,Equity-U.S. Equity,3.49,725.625,,Quarterly,-0.0471,0.22999999999999998,10.0,,,,1.3900000000000001,,860.214,True,True,False,False,True,False,,25.24,27.02,11.21,12.35,34.94,35.28,,,38.85,1184780,,,,,,,12.39218,-11.44754,-1.51,-1.45,-1.48,2026-10-07T00:00:00,1993-12-14T00:00:00,12/14/1993,755827200,2026-09-11T00:00:00
304,RVT,-0.12869999999999998,6.7518,7.74941,0.3278,17.14,10,Morningstar US CEF US Equity,95,Royce Investment Partners,True,16.92,-0.25,19.42,2026-10-07T00:00:00,780910105,Royce Small-Cap Trust,2026-10-07,XRVTX,Equity-U.S. Equity,1.5899999999999999,2102.288,,Quarterly,0.08396,0.3278,10.0,,,,1.35,,2412.91,True,False,False,False,True,False,,17.87,19.51,7.54,7.97,14.88,12.25,,,15.73,2700160,,,,,,,17.42475,-9.91916,-1.53,-1.42,-1.16,2026-10-07T00:00:00,1986-11-26T00:00:00,11/26/1986,533347200,2026-09-11T00:00:00
305,BRW,-0.16010000000000002,14.32584,17.05686,0.08499999999999999,0.56,19,Morningstar US CEF Senior Loans,96,"Saba Capital Management, LP",False,5.98,-0.01,7.12,2026-10-07T00:00:00,78518H202,Saba Capital Income & Opportunities Fund,2026-10-07,XPPRX,Fixed Income - Taxable-Senior Loans,12.54,310.571,,Monthly,0.07357,0.08499999999999999,10.0,,,,5.82,,422.777,True,False,False,False,False,False,,9.85,6.72,7.26,5.66,3.4,-3.8200000000000003,,,-9.42,2510250,,,,,6.5,,6.75645,-11.30087,-2.42,-1.8,-2.55,2026-10-07T00:00:00,1988-05-12T00:00:00,5/12/1988,579398400,2026-09-09T00:00:00
306,SABA,-0.1636,7.44385,8.90026,0.057999999999999996,2.37,13,Morningstar US CEF Global Income,96,"Saba Capital Management, LP",False,7.82,-0.04,9.35,2026-10-07T00:00:00,880198205,Saba Capital Income & Ops Fund II,2026-10-07,XSABX,Fixed Income - Taxable-Global Income,,211.056,,Monthly,0.07175000000000001,0.057999999999999996,10.0,8.2106,,7.8100000000000005,4.58,,252.35,False,False,False,False,False,False,,12.38,10.93,5.0,3.08,5.63,2.88,,,-3.94,710470,,,,,,,8.35443,-12.87379,-2.31,-2.19,-2.32,2026-10-07T00:00:00,1988-03-17T00:00:00,3/17/1988,574560000,2026-09-09T00:00:00
307,SPMC,-0.1207,25.64103,29.1616,0.13,-30.38,19,Morningstar US CEF Senior Loans,98,Sound Point Meridian Management Company LLC,True,8.23,-1.29,9.56,2026-08-31T00:00:00,83617A108,Sound Point Meridian Capital Inc,2026-10-07,,Fixed Income - Taxable-Senior Loans,46.5,173.541,,Monthly,1.06488,0.13,20.0,,,,10.95,,368.881,True,False,False,False,True,False,,,,,,-19.9,-26.04,,,-38.49,287820,,,,,,,11.67403,-1.30594,-1.3599999999999999,-1.9300000000000002,-2.37,2026-10-07T00:00:00,2024-06-14T00:00:00,6/14/2024,1718323200,2026-09-15T00:00:00
308,SOR,-0.0925,5.01525,5.52642,0.20829999999999999,11.72,26,Morningstar US CEF US Allocation,48,"First Pacific Advisors, LP",True,45.23,0.22,49.84,2026-10-07T00:00:00,836144303,Source Capital,2026-10-07,XSORX,Hybrid-U.S. Allocation,0.0,372.287,,Monthly,0.8443200000000001,0.20829999999999999,17.5,3.0678,,,0.9800000000000001,,410.232,True,False,False,False,True,False,,14.52,15.03,9.42,9.4,7.15,3.34,,,7.67,108830,,,,,,,46.37994,-5.51277,-1.3900000000000001,-1.16,-1.23,2026-10-07T00:00:00,1968-10-24T00:00:00,10/24/1968,-37497600,2026-09-16T00:00:00
309,SPE,-0.16210000000000002,8.7018,10.38535,0.10869999999999999,-1.6600000000000001,10,Morningstar US CEF US Equity,22,Bulldog Investors LLP,False,12.56,-0.05,14.99,2026-10-02T00:00:00,84741T104,Special Opportunities,2026-10-07,XSPEX,Equity-U.S. Equity,25.98,133.427,,Monthly,0.3212,0.10869999999999999,15.0,5.1616,,19.11,1.8599999999999999,,215.135,True,False,False,False,False,False,,14.07,16.51,7.88,7.38,-2.83,-7.72,,,-6.32,353290,,,,,,,14.25252,-11.36445,-2.14,-1.9,-1.5899999999999999,2026-10-07T00:00:00,1993-06-08T00:00:00,6/8/1993,739497600,2026-09-22T00:00:00
310,FUND,-0.11199999999999999,5.58736,6.29199,0.1503,22.45,10,Morningstar US CEF US Equity,100,Sprott Asset Management USA Inc.,True,9.555,-0.22,10.76,2026-10-07T00:00:00,85208J109,Sprott Focus Trust,2026-10-07,XFUNX,Equity-U.S. Equity,0.0,284.274,,Quarterly,0.09339,0.1503,10.0,,,,1.13,,320.124,True,True,False,False,True,False,,16.36,16.67,11.0,11.06,16.33,16.51,,,24.4,255100,,,,,,,9.54576,-10.43902,-1.04,-1.76,-1.58,2026-10-07T00:00:00,1988-03-01T00:00:00,3/1/1988,573177600,2026-09-15T00:00:00
311,CEF,-0.0616,,,,14.49,2,Morningstar US CEF Commodity,99,Sprott Asset Management LP,False,40.81,-1.01,42.73,2026-10-07T00:00:00,85208R101,Sprott Physical Gold and Silver Trust,2026-10-07,,Equity-Commodities,,6959.75,,None,0.0,,13.72,,,,0.46,,7287.188,False,False,False,False,False,False,,33.36,33.86,19.43,19.38,-8.99,-9.3,,,13.22,10170700,,,,,,,45.34563,-4.41397,-0.06,-1.4100000000000001,-0.48,2026-10-07T00:00:00,2018-01-16T00:00:00,1/16/2018,1516060800,
312,PHYS,-0.0397,,,,7.05,2,Morningstar US CEF Commodity,99,Sprott Asset Management LP,False,30.96,-0.47000000000000003,31.83,2026-10-07T00:00:00,85207H104,Sprott Physical Gold Trust Unit,2026-10-07,,Equity-Commodities,,15037.078,,None,0.0,,10.0,,,,0.4,,15459.631,False,False,False,False,False,False,,30.12,29.74,18.07,17.77,-4.2,-5.3,,,5.57,49547730,,,,,,,33.73602,-2.35339,-0.73,-0.92,-0.65,2026-10-07T00:00:00,2010-02-26T00:00:00,2/26/2010,1267142400,
313,SPPP,-0.08349999999999999,,,,2.1,2,Morningstar US CEF Commodity,99,Sprott Asset Management LP,False,12.74,-0.5700000000000001,13.29,2026-10-07T00:00:00,85207Q104,Sprott Physical Platinum & Palladium Tr,2026-10-07,,Equity-Commodities,,480.173,,None,0.0,,10.0,,,,1.01,,500.903,False,False,False,False,False,False,,8.93,7.63,-0.65,-1.28,-20.53,-20.25,,,-1.1,8391930,,,,,,,15.33107,-5.00029,0.45,0.27,0.99,2026-10-07T00:00:00,2012-12-19T00:00:00,12/19/2012,1355875200,
314,PSLV,-0.0708,,,,28.11,2,Morningstar US CEF Commodity,99,Sprott Asset Management LP,False,19.43,-0.5700000000000001,20.38,2026-10-07T00:00:00,85207K107,Sprott Physical Silver Trust Unit,2026-10-07,,Equity-Commodities,,11814.465,,None,0.0,,10.0,,,,0.56,,12392.116,False,False,False,False,False,False,,39.37,36.72,21.01,20.32,-16.23,-18.1,,,23.38,118801700,,,,,,,22.4095,-4.7939,0.09,-0.02,0.5700000000000001,2026-10-07T00:00:00,2010-10-29T00:00:00,10/29/2010,1288310400,
315,STEW,-0.2426,3.47826,4.59242,0.19999999999999998,1.6099999999999999,10,Morningstar US CEF US Equity,84,Paralel Advisors LLC,True,17.42,-0.18,23.0,2026-10-07T00:00:00,101507101,SRH Total Return Fund,2026-10-07,XSTEX,Equity-U.S. Equity,9.17,1680.011,,Quarterly,0.03245,0.19999999999999998,10.0,5.4511,,,1.42,,2441.99,True,False,False,False,True,False,,15.4,14.66,10.97,9.94,0.56,-3.12,,,-0.18,783770,,,,,0.4,,17.92191,-21.75642,-2.58,-3.38,-2.3,2026-10-07T00:00:00,1972-12-07T00:00:00,12/7/1972,92534400,2026-07-24T00:00:00
316,TWN,-0.20920000000000002,4.7329799999999995,5.91622,6.2002,120.78,1,Morningstar US CEF Asia Equity,79,Nomura Asset Management USA Inc,False,104.8,-2.09,131.0,2026-10-07T00:00:00,874036106,Taiwan Fund,2026-10-07,XXTWNXX,Equity-Asia Equity,,601.766,,Annually,0.0,6.2002,22.42,,,,1.32,,752.207,False,True,False,False,False,False,,61.43,66.15,33.14,33.33,100.0,90.97,,,110.44,315850,,,,,,,76.30453,-16.17507,-1.6600000000000001,-1.1400000000000001,-1.43,2026-10-07T00:00:00,1986-12-23T00:00:00,12/23/1986,535680000,2025-12-29T00:00:00
317,TSI,-0.1137,7.16456,8.06651,0.0283,-1.5899999999999999,17,Morningstar US CEF Multi-Sector,101,TCW Investment Management Co LLC,False,4.21,-0.01,4.74,2026-10-07T00:00:00,872340104,TCW Strategic Income,2026-10-07,XXCVTXX,Fixed Income - Taxable-Multi-Sector,0.0,268.236,,Monthly,0.12051,0.0283,10.0,0.0592,,,1.17,,302.004,True,False,False,False,False,False,,5.97,5.8100000000000005,2.65,1.72,-2.71,-8.33,,,-5.54,1321220,,,97.3828,,,,4.63134,-7.34869,-2.07,-2.39,-2.13,2026-10-07T00:00:00,1987-03-05T00:00:00,3/5/1987,541900800,2026-09-17T00:00:00
318,TDF,-0.1726,5.21739,6.30583,0.15,-11.42,1,Morningstar US CEF Asia Equity,102,Templeton Asset Management Ltd.,False,9.515,-0.06,11.5,2026-10-07T00:00:00,88018T101,Templeton Dragon,2026-10-07,XTDFX,Equity-Asia Equity,0.72,238.595,,Quarterly,0.07077,0.15,15.0,,,,1.21,,290.454,True,False,False,False,False,False,,7.23,7.67,-6.85,-7.91,-8.05,-10.11,,,-12.34,700040,,,,,,,11.07608,-14.3201,-2.85,-2.08,-2.21,2026-10-07T00:00:00,1994-09-20T00:00:00,9/20/1994,780019200,2026-09-23T00:00:00
319,TEI,-0.1063,9.43231,10.55375,0.054,17.62,12,Morningstar US CEF Emerging Market Income,52,"Franklin Advisers, Inc.",False,6.14,0.0,6.87,2026-10-07T00:00:00,880192109,Templeton Emerg Mkts Income,2026-10-07,XTEIX,Fixed Income - Taxable-Emerging Market Income,16.69,289.982,,Monthly,0.37173,0.054,15.0,8.1019,,,2.37,,389.459,True,False,False,False,False,False,,20.42,23.58,7.76,7.09,8.21,2.13,,,13.84,1765340,,,,,5.59,,6.50893,-6.06582,-2.52,-2.03,-2.29,2026-10-07T00:00:00,1993-09-23T00:00:00,9/23/1993,748742400,2026-09-23T00:00:00
320,EMF,-0.1177,3.7795300000000003,4.2838,0.24,52.82,4,Morningstar US CEF Emerging Market Equity,54,"Franklin Templeton, Inc",False,22.41,-0.46,25.4,2026-10-07T00:00:00,880191101,Templeton Emerging Markets,2026-10-07,XEMFX,Equity-Emerging Market Equity,2.5700000000000003,334.982,,Quarterly,0.05477,0.24,20.0,,,,1.34,,389.677,True,True,False,False,False,False,,34.32,37.65,14.14,15.45,36.46,35.12,,,52.05,424070,,,,,,,20.04802,-10.18102,-1.05,-1.01,-1.17,2026-10-07T00:00:00,1987-02-26T00:00:00,2/26/1987,541296000,2026-09-23T00:00:00
321,CEE,-0.1246,1.81993,2.07895,0.3871,42.66,4,Morningstar US CEF Emerging Market Equity,40,DWS,False,18.62,-0.03,21.27,2026-10-07T00:00:00,153436100,The Central and Eastern Europe Fund,2026-10-07,XCEEX,Equity-Emerging Market Equity,5.11,121.406,,Annually,0.05509,0.3871,19.0,,,,1.26,,146.148,True,False,False,False,False,False,,44.46,33.87,-5.66,-5.27,26.55,6.67,,,25.56,261290,,,,,,,18.98416,-3.05575,-2.06,-0.74,-1.38,2026-10-07T00:00:00,1990-03-06T00:00:00,3/6/1990,636681600,2025-12-30T00:00:00
322,TBLD,-0.1105,5.48263,6.16391,0.10417,12.97,25,Morningstar US CEF Global Allocation,104,Thornburg Investment Management Inc,False,20.28,0.05,22.8,2026-10-07T00:00:00,885213108,Thornburg Income Builder Opp Trust,2026-10-07,XTBLX,Hybrid-Global Allocation,0.07,650.621,,Monthly,0.26058,0.10417,20.0,5.4699,,,1.62,,731.984,True,False,False,False,False,True,,17.25,19.65,9.81,7.9,9.09,5.02,,,8.35,597240,,,88.195,,,,21.2535,-6.10537,-2.74,-1.58,-2.19,2026-10-07T00:00:00,2021-07-27T00:00:00,7/27/2021,1627344000,2026-09-11T00:00:00
323,TYG,-0.1061,13.2312,14.80135,0.475,0.43,6,Morningstar US CEF MLP,105,"Tortoise Capital Advisors, LLC",False,38.51,-0.68,43.08,2026-10-07T00:00:00,89147L886,Tortoise Energy Infrastructure Corp.,2026-10-07,XTYGX,Equity-MLP,24.7,978.55,,Monthly,-0.21128,0.475,25.0,,,,3.13,,1453.677,True,False,False,False,False,False,,18.43,23.01,13.38,18.73,4.69,5.02,,,2.81,1384910,,,,,0.25,,44.44881,-4.6301000000000005,-1.8399999999999999,-2.33,-1.7000000000000002,2026-10-07T00:00:00,2004-02-27T00:00:00,2/27/2004,1077840000,2026-09-23T00:00:00
324,SWZ,-0.20739999999999997,8.01154,10.10815,3.0,2.54,9,Morningstar US CEF Single Country Equity,22,Bulldog Investors LLP,False,5.77,-0.03,7.28,2026-10-07T00:00:00,870875101,Total Return Securities Fund,2026-10-07,XSWZX,Equity-Single-Country Equity,0.0,74.859,,Quarterly,0.02228,3.0,8.0,5.0717,,19.19,2.21,,94.45,True,False,False,False,False,False,,4.45,2.88,2.06,0.91,5.06,-8.36,,,-6.25,670380,,,,,,7.94,6.00234,-16.89197,-1.25,-1.21,-1.24,2026-10-07T00:00:00,1987-08-27T00:00:00,8/27/1987,557020800,2025-03-18T00:00:00
325,TY,-0.1101,3.0544000000000002,3.43221,0.29619999999999996,12.13,26,Morningstar US CEF US Allocation,31,"Columbia Mgmt Investment Advisers, LLC",False,34.52,-0.02,38.79,2026-10-07T00:00:00,895436103,Tri-Continental,2026-10-07,XTYCX,Hybrid-U.S. Allocation,1.78,1844.146,,Quarterly,0.57654,0.29619999999999996,10.0,6.0509,,,0.46,,2109.897,True,True,False,False,False,False,,17.41,19.46,9.84,11.12,9.51,9.51,,,12.71,351210,,,,,,,34.00617,-10.30847,-0.86,-1.13,-1.09,2026-10-07T00:00:00,1929-01-14T00:00:00,1/14/1929,-1292716800,2026-09-14T00:00:00
326,DHY,-0.1479,9.93059,11.65414,0.155,-5.86,14,Morningstar US CEF High Yield,106,UBS Asset Management (Americas) LLC,False,15.96,-0.11,18.73,2026-10-07T00:00:00,22544F202,UBS Asset Management High Yield Credit,2026-10-07,XDHYX,Fixed Income - Taxable-High Yield,31.2,165.361,,Monthly,0.83077,0.155,10.0,7.1326,,,3.62,,282.055,True,False,False,False,False,False,,5.07,4.04,2.23,0.63,-6.17,-13.59,,,-14.18,668520,,,99.2848,,5.73,,18.6613,-7.68778,-2.05,-1.81,-1.94,2026-10-07T00:00:00,1998-07-31T00:00:00,7/31/1998,901843200,2026-09-16T00:00:00
327,CIK,-0.11410000000000001,9.12548,10.30043,0.02,-1.01,14,Morningstar US CEF High Yield,106,UBS Asset Management (Americas) LLC,False,2.33,0.0,2.63,2026-10-07T00:00:00,224916106,UBS Asset Management Income,2026-10-07,XCIKX,Fixed Income - Taxable-High Yield,34.07,127.823,,Monthly,0.11479,0.02,10.0,6.9813,,,3.7,,218.838,True,False,False,False,False,False,,6.94,6.21,3.61,1.51,-0.9400000000000001,-11.11,,,-12.08,4920230,,,99.3475,,5.73,,2.62212,-5.26886,-1.4100000000000001,-1.01,-1.21,2026-10-07T00:00:00,1987-03-23T00:00:00,3/23/1987,543456000,2026-09-16T00:00:00
328,AIO,-0.10490000000000001,8.84521,9.88235,0.21,25.3,8,Morningstar US CEF Sector Equity,107,"Virtus Investment Advisers, LLC",False,25.5,-0.21,28.49,2026-10-07T00:00:00,92838Y100,Virtus AI & Tech Opp Fund,2026-10-07,XAIOX,Equity-Sector Equity,11.7,878.195,,Monthly,0.025490000000000002,0.21,20.0,4.7854,,,2.32,,1111.168,True,True,False,False,False,False,,25.61,26.9,11.18,11.67,22.12,21.33,,,18.0,840460,,,,,,,24.34061,-9.03296,-0.78,-1.05,-0.7000000000000001,2026-10-07T00:00:00,2019-10-31T00:00:00,10/31/2019,1572480000,2026-09-14T00:00:00
329,NCV,-0.1189,9.42263,10.69463,0.13599999999999998,11.65,11,Morningstar US CEF Convertibles,107,"Virtus Investment Advisers, LLC",False,15.26,-0.05,17.32,2026-10-07T00:00:00,92838X805,Virtus Convertible & Income Fund,2026-10-07,XNCVX,Fixed Income - Taxable-Convertibles,34.88,344.775,0.012,Monthly,0.12557000000000001,0.13599999999999998,15.0,4.2431,,,2.8200000000000003,,600.877,True,False,False,False,False,False,,17.42,19.33,3.06,2.41,8.52,7.41,,,11.4,860730,,,112.1538,,6.02,,16.13602,-9.95253,-1.35,-1.3599999999999999,-1.43,2026-10-07T00:00:00,2003-03-31T00:00:00,3/31/2003,1049068800,2026-09-14T00:00:00
330,NCZ,-0.1093,9.14867,10.27104,0.12,12.35,11,Morningstar US CEF Convertibles,107,"Virtus Investment Advisers, LLC",False,14.02,-0.02,15.74,2026-10-07T00:00:00,92838U801,Virtus Convertible & Income Fund II,2026-10-07,XNCZX,Fixed Income - Taxable-Convertibles,35.59,266.786,0.0,Monthly,0.10316,0.12,15.0,4.1644,,,2.22,,465.037,True,False,False,False,False,False,,18.09,21.06,3.16,3.7800000000000002,9.19,9.91,,,13.6,641470,,,111.4938,,6.05,,14.69551,-9.4482,-0.8300000000000001,-1.31,-0.81,2026-10-07T00:00:00,2003-07-31T00:00:00,7/31/2003,1059609600,2026-09-14T00:00:00
331,ACV,-0.0616,9.80243,10.44534,0.215,13.85,26,Morningstar US CEF US Allocation,107,"Virtus Investment Advisers, LLC",False,24.7,0.06,26.32,2026-10-07T00:00:00,92840N100,Virtus Diversified Inc & Conv Fund,2026-10-07,XACVX,Hybrid-U.S. Allocation,27.73,256.782,,Monthly,-0.00934,0.215,25.0,4.1526,,,3.63,,378.623,True,False,False,False,False,True,,21.1,20.49,7.38,7.0,10.55,-2.24,,,10.59,273140,,,,,,,26.44552,-0.45112,-1.56,-1.67,-1.77,2026-10-07T00:00:00,2015-05-26T00:00:00,5/26/2015,1432598400,2026-09-14T00:00:00
332,NIE,-0.1202,8.01105,9.10518,0.58,12.32,26,Morningstar US CEF US Allocation,107,"Virtus Investment Advisers, LLC",False,25.48,0.2,28.96,2026-10-07T00:00:00,92841M101,Virtus Equity & Convertible Inc Fund,2026-10-07,XNIEX,Hybrid-U.S. Allocation,,706.024,0.0,Quarterly,0.03966,0.58,25.0,1.9997,,,1.07,,802.452,False,False,False,False,False,False,,18.17,18.48,8.58,9.47,9.53,7.05,,,10.63,615810,,,,,,,25.57736,-10.56319,-1.4100000000000001,-1.3599999999999999,-0.96,2026-10-07T00:00:00,2007-02-27T00:00:00,2/27/2007,1172534400,2026-09-14T00:00:00
333,VGI,-0.09939999999999999,12.97297,14.4049,0.08,0.52,17,Morningstar US CEF Multi-Sector,107,"Virtus Investment Advisers, LLC",True,6.6644000000000005,-0.04,7.4,2026-10-07T00:00:00,92829B101,Virtus Global Multi-Sector Income Fund,2026-10-07,XVGIX,Fixed Income - Taxable-Multi-Sector,31.89,75.395,,Monthly,0.22072,0.08,20.0,6.035,,7.5,3.98,,122.917,True,False,False,False,True,False,,8.17,10.23,1.09,0.7000000000000001,-2.01,-5.27,,,-3.6,378260,,,97.9305,,,,7.55072,-6.21465,-2.94,-2.26,-2.89,2026-10-07T00:00:00,2012-02-23T00:00:00,2/23/2012,1329955200,2026-09-14T00:00:00
334,EDF,-0.0042,15.12605,15.18987,0.06,13.83,12,Morningstar US CEF Emerging Market Income,108,Virtus Investment Advisors (VIA),False,4.74,-0.1,4.76,2026-10-07T00:00:00,86164T107,Virtus Stone Harbor Emerging Markets Inc,2026-10-07,XEDFX,Fixed Income - Taxable-Emerging Market Income,22.01,152.506,,Monthly,0.22456,0.06,25.0,6.8639,,,3.13,,196.359,True,False,False,False,False,False,,22.43,20.84,8.1,7.05,6.61,11.45,,,13.83,1588730,,,,,,3.92,5.12053,2.8456200000000003,-0.88,-2.2800000000000002,-1.87,2026-10-07T00:00:00,2010-12-23T00:00:00,12/23/2010,1293062400,2026-09-14T00:00:00
335,ZTR,-0.1085,9.67742,10.85526,0.055,2.92,25,Morningstar US CEF Global Allocation,107,"Virtus Investment Advisers, LLC",False,6.08,-0.05,6.82,2026-10-07T00:00:00,92835W107,Virtus Total Return Fund Inc,2026-10-07,XZTRX,Hybrid-Global Allocation,31.79,303.961,,Monthly,0.10525,0.055,15.0,5.8547,,6.15,3.67,,499.856,True,False,False,False,False,False,,15.34,19.43,5.08,3.18,2.07,2.67,,,2.64,1880420,,,98.4225,,,,6.61341,-10.83258,-0.01,-0.36,0.11,2026-10-07T00:00:00,2005-02-24T00:00:00,2/24/2005,1109203200,2026-09-14T00:00:00
336,IAE,-0.0189,8.68597,8.853580000000001,1.66,25.24,1,Morningstar US CEF Asia Equity,109,"Voya Investments, LLC",False,8.81,-0.23,8.98,2026-10-07T00:00:00,92912J102,Voya Asia Pacific High Div Eq Inc Fd,2026-10-07,XIAEX,Equity-Asia Equity,,94.71,,Monthly,0.02682,1.66,25.0,,,,1.21,,96.538,False,True,True,False,False,False,,21.81,29.59,10.34,13.05,20.0,29.97,,,30.61,510300,,,,,,,8.09661,-5.37198,1.33,0.72,0.8300000000000001,2026-10-07T00:00:00,2007-03-27T00:00:00,3/27/2007,1174953600,2026-10-01T00:00:00
337,IHD,-0.0219,8.50515,8.69565,0.055,26.12,4,Morningstar US CEF Emerging Market Equity,109,"Voya Investments, LLC",False,7.59,-0.09,7.76,2026-10-07T00:00:00,92912P108,Voya Emerging Markets High Div Eq Fd,2026-10-07,XIHDX,Equity-Emerging Market Equity,,134.615,,Monthly,0.02083,0.055,20.0,,,,1.4100000000000001,,137.63,False,True,True,False,False,False,,22.08,29.55,10.08,12.79,20.84,28.31,,,32.87,842480,,,,,,,6.99899,-5.0298,1.22,0.45,0.68,2026-10-07T00:00:00,2011-04-26T00:00:00,4/26/2011,1303776000,2026-10-01T00:00:00
338,IGA,-0.091,9.47075,10.41879,0.08499999999999999,14.3,3,Morningstar US CEF Covered Call,109,"Voya Investments, LLC",False,9.79,-0.02,10.77,2026-10-07T00:00:00,92912R104,Voya Global Advantage and Premium Opp Fd,2026-10-07,XIGAX,Equity-Covered-Call Funds,,150.192,,Monthly,0.07357,0.08499999999999999,20.0,,,,1.01,,165.227,False,False,False,False,False,False,,14.14,18.62,9.88,10.7,11.02,10.24,,,11.84,611330,,,,,,,9.87784,-6.44085,-1.9100000000000001,-1.48,-1.42,2026-10-07T00:00:00,2005-10-26T00:00:00,10/26/2005,1130284800,2026-10-01T00:00:00
339,IGD,-0.033,9.43396,9.7561,0.049999999999999996,12.38,3,Morningstar US CEF Covered Call,109,"Voya Investments, LLC",False,6.15,0.05,6.36,2026-10-07T00:00:00,92912T100,Voya Global Equity Dividend&Prm Opp Fd,2026-10-07,XIGDX,Equity-Covered-Call Funds,,485.041,,Monthly,0.04503,0.049999999999999996,20.0,,,,0.9600000000000001,,501.604,False,True,True,False,False,False,,14.01,19.79,9.12,11.05,10.54,15.35,,,15.15,2638320,,,,,,,6.02933,-3.58109,0.11,-1.71,-1.1,2026-10-07T00:00:00,2005-03-28T00:00:00,3/28/2005,1111968000,2026-10-01T00:00:00
340,IDE,-0.078,9.08403,9.852219999999999,0.09999999999999999,12.88,5,Morningstar US CEF Global Equity,109,"Voya Investments, LLC",True,12.18,-0.07,13.21,2026-10-07T00:00:00,92912X101,Voya Infrastructure Industrials&Matls Fd,2026-10-07,XIDEX,Equity-Global Equity,,184.604,,Monthly,0.02906,0.09999999999999999,20.0,,,,1.23,,200.215,False,False,False,False,True,False,,16.8,21.15,10.4,9.79,9.14,5.18,,,10.24,459020,,,,,,,12.95675,-3.75102,-2.13,-1.6400000000000001,-2.21,2026-10-07T00:00:00,2010-01-26T00:00:00,1/26/2010,1264464000,2026-10-01T00:00:00
341,WDI,-0.127,13.30844,15.2438,0.1485,0.86,17,Morningstar US CEF Multi-Sector,53,"Franklin Templeton Fund Adviser, LLC",True,11.69,-0.07,13.39,2026-10-07T00:00:00,95790K109,Western Asset Diversified Inc Fund,2026-10-07,XWDIX,Fixed Income - Taxable-Multi-Sector,39.28,606.853,,Monthly,0.82675,0.1485,20.0,8.3075,,,4.25,,1144.681,True,False,False,False,True,True,,8.67,9.05,2.9,1.8900000000000001,-0.05,-6.38,,,-8.36,2204140,,,96.6025,,,,13.60322,-5.58494,-3.08,-1.72,-2.38,2026-10-07T00:00:00,2021-06-24T00:00:00,6/24/2021,1624492800,2026-09-23T00:00:00
342,EMD,-0.11,11.00386,12.36443,0.095,4.27,12,Morningstar US CEF Emerging Market Income,53,"Franklin Templeton Fund Adviser, LLC",True,9.22,-0.09,10.36,2026-10-07T00:00:00,95766A101,Western Asset Emerging Markets Debt,2026-10-07,XEMDX,Fixed Income - Taxable-Emerging Market Income,28.05,535.963,,Monthly,0.38634,0.095,20.0,6.0654,,,3.13,,837.031,True,False,False,False,True,False,,13.2,16.1,3.17,3.17,-0.53,-4.48,,,1.07,1999150,,,,,7.22,5.27,10.53693,-5.20177,-3.05,-2.48,-3.13,2026-10-07T00:00:00,2003-12-01T00:00:00,12/1/2003,1070236800,2026-09-23T00:00:00
343,GDO,-0.0889,13.99618,15.36201,0.122,-2.93,13,Morningstar US CEF Global Income,53,"Franklin Templeton Fund Adviser, LLC",False,9.53,-0.14,10.46,2026-10-07T00:00:00,95790C107,Western Asset Global Corp Opp,2026-10-07,XGDOX,Fixed Income - Taxable-Global Income,34.91,71.66,,Monthly,0.40556000000000003,0.122,20.0,5.9764,,,4.47,,120.843,True,False,False,False,False,False,,6.48,5.31,-0.61,-1.71,-3.7800000000000002,-9.92,,,-7.61,338930,,,,,,,10.99699,-5.7615300000000005,-1.43,-0.34,-1.01,2026-10-07T00:00:00,2009-11-27T00:00:00,11/27/2009,1259280000,2026-09-23T00:00:00
344,EHI,-0.1155,13.86139,15.67164,0.06999999999999999,1.0,14,Morningstar US CEF High Yield,54,"Franklin Templeton, Inc",False,5.36,-0.03,6.06,2026-10-07T00:00:00,95766B109,Western Asset Global High Income,2026-10-07,XEHIX,Fixed Income - Taxable-High Yield,33.05,162.407,,Monthly,0.29517,0.06999999999999999,15.0,7.3672,,,3.49,,274.274,True,False,False,False,False,False,,8.12,6.8,0.66,-0.55,-0.19,-5.54,,,-5.18,1131070,,,97.6946,,,,6.10353,-7.37439,-1.8900000000000001,-1.3,-1.73,2026-10-07T00:00:00,2003-07-28T00:00:00,7/28/2003,1059350400,2026-09-23T00:00:00
345,HIX,-0.0888,15.35248,16.84814,0.048999999999999995,0.41000000000000003,14,Morningstar US CEF High Yield,54,"Franklin Templeton, Inc",False,3.49,-0.05,3.83,2026-10-07T00:00:00,95766J102,Western Asset High Income II,2026-10-07,XHGIX,Fixed Income - Taxable-High Yield,33.36,314.343,,Monthly,0.19291,0.048999999999999995,15.0,7.391,,,3.76,,517.625,True,False,False,False,False,False,,8.45,6.54,1.1400000000000001,-0.75,-0.68,-5.15,,,-6.04,3486050,,,97.9585,,,,4.03057,-4.04191,-3.01,-2.38,-3.02,2026-10-07T00:00:00,1998-05-28T00:00:00,5/28/1998,896313600,2026-09-23T00:00:00
346,HIO,-0.12369999999999999,11.45161,13.06748,0.0355,1.58,14,Morningstar US CEF High Yield,53,"Franklin Templeton Fund Adviser, LLC",False,3.26,-0.02,3.7199999999999998,2026-10-07T00:00:00,95766K109,Western Asset High Income Opportunity,2026-10-07,XHIOX,Fixed Income - Taxable-High Yield,,310.023,,Monthly,0.15621000000000002,0.0355,12.5,7.5982,,,0.93,,353.769,False,False,False,False,False,False,,7.07,7.79,1.8599999999999999,0.9500000000000001,0.66,-3.9699999999999998,,,-4.5600000000000005,4122780,,,98.2505,,,,3.6556100000000002,-7.40316,-3.06,-1.7000000000000002,-2.4,2026-10-07T00:00:00,1993-11-16T00:00:00,11/16/1993,753408000,2026-09-23T00:00:00
347,HYI,-0.11349999999999999,10.39198,11.72237,0.095,0.5700000000000001,14,Morningstar US CEF High Yield,53,"Franklin Templeton Fund Adviser, LLC",False,9.725,-0.06,10.97,2026-10-07T00:00:00,95768B107,Western Asset High Yield Opp Fund,2026-10-07,XHYIX,Fixed Income - Taxable-High Yield,,124.616,,Monthly,0.50391,0.095,20.0,7.6622,,,1.07,,140.57,False,False,False,False,False,True,,6.15,4.95,1.8900000000000001,-0.05,0.1,-4.26,,,-6.4,620090,,,98.0612,,,,10.80971,-7.49782,-2.52,-2.25,-2.88,2026-10-07T00:00:00,2010-10-27T00:00:00,10/27/2010,1288137600,2026-09-23T00:00:00
348,PAI,-0.0931,5.05618,5.57522,0.0525,-2.23,15,Morningstar US CEF Investment Grade,54,"Franklin Templeton, Inc",False,11.3,-0.05,12.46,2026-10-07T00:00:00,95766T100,Western Asset Income,2026-10-07,XPAIX,Fixed Income - Taxable-Investment Grade,8.93,107.474,,Monthly,0.32901,0.0525,12.0,6.0976,,,0.77,,118.507,True,False,False,False,False,False,,5.71,5.85,-0.26,-1.42,-2.88,-4.83,,,-5.79,186050,,,99.2499,,,,12.2334,-6.86175,-2.25,-2.67,-3.37,2026-10-07T00:00:00,1972-12-21T00:00:00,12/21/1972,93744000,2026-09-23T00:00:00
349,WIW,-0.1182,8.3612,9.48167,0.0625,-1.08,15,Morningstar US CEF Investment Grade,111,"Western Asset Management Company, LLC",True,7.91,-0.02,8.97,2026-10-07T00:00:00,95766R104,Western Asset Infl-Linked Opps & Inc Fd,2026-10-07,XWIWX,Fixed Income - Taxable-Investment Grade,26.44,483.966,,Monthly,0.23593,0.0625,15.0,2.5483000000000002,,,2.59,,746.115,True,False,False,False,True,False,,4.64,7.39,-0.91,-0.55,-1.3599999999999999,-2.05,,,-3.3,2526070,,,93.6273,,,4.28,8.5218,-10.64067,-1.8,-1.82,-2.21,2026-10-07T00:00:00,2004-02-27T00:00:00,2/27/2004,1077840000,2026-09-23T00:00:00
350,WIA,-0.1137,7.31536,8.25397,0.052,-1.4100000000000001,15,Morningstar US CEF Investment Grade,111,"Western Asset Management Company, LLC",True,7.5600000000000005,-0.01,8.53,2026-10-07T00:00:00,95766Q106,Western Asset Inflation-Linked Income Fd,2026-10-07,XWIAX,Fixed Income - Taxable-Investment Grade,26.79,176.316,,Monthly,0.21076,0.052,15.0,2.4368,,,2.91,,271.749,True,False,False,False,True,False,,4.49,6.84,-1.4,-1.45,-1.69,-2.48,,,-2.4,405970,,,93.7397,,,4.3,8.14079,-9.84129,-2.52,-3.04,-3.27,2026-10-07T00:00:00,2003-09-30T00:00:00,9/30/2003,1064880000,2026-09-23T00:00:00
351,SBI,-0.1001,6.55397,7.28324,0.041999999999999996,-3.79,21,Morningstar US CEF Municipal,53,"Franklin Templeton Fund Adviser, LLC",False,6.92,-0.1,7.6899999999999995,2026-10-07T00:00:00,958435109,Western Asset Intermediate Muni,2026-10-07,XSBIX,Fixed Income - Municipal-Municipal,31.54,97.45,,Monthly,0.13919,0.041999999999999996,10.0,4.8611,,,2.6,,158.175,True,False,False,False,False,False,,2.44,5.55,-1.33,-1.53,-5.08,-4.39,,,-5.66,458530,11.06,,101.0747,,8.88,6.2,7.72957,-8.37884,-1.8900000000000001,-1.8,-2.17,2026-10-07T00:00:00,1992-03-02T00:00:00,3/2/1992,699494400,2026-09-23T00:00:00
352,IGI,-0.0703,5.16364,5.55411,0.071,-2.1,15,Morningstar US CEF Investment Grade,53,"Franklin Templeton Fund Adviser, LLC",False,15.34,0.01,16.5,2026-10-07T00:00:00,95790A101,Western Asset Invstm Grd Opp Tr Inc,2026-10-07,XIGIX,Fixed Income - Taxable-Investment Grade,,91.943,,Monthly,0.43967,0.071,20.0,6.1937,,,0.93,,98.895,False,False,False,False,False,False,,5.03,5.29,-0.75,-1.72,-2.7800000000000002,-0.05,,,0.09,165280,,,99.3871,,,,16.19749,-6.8956800000000005,-0.17,-0.21,0.02,2026-10-07T00:00:00,2009-06-26T00:00:00,6/26/2009,1245974400,2026-09-23T00:00:00
353,MMU,-0.0825,6.7422699999999995,7.34831,0.0545,-5.75,21,Morningstar US CEF Municipal,54,"Franklin Templeton, Inc",False,8.9,-0.13,9.7,2026-10-07T00:00:00,95766M105,Western Asset Managed Municipals,2026-10-07,XMMUX,Fixed Income - Municipal-Municipal,35.88,486.108,,Monthly,0.14102,0.0545,15.0,4.8848,,,2.7,,826.237,True,False,False,False,False,False,,2.43,6.38,-2.17,-2.5700000000000003,-7.21,-10.22,,,-7.91,1421990,10.27,,99.7794,,11.89,7.87,10.24897,-6.1604,-1.81,-1.11,-1.47,2026-10-07T00:00:00,1992-06-26T00:00:00,6/26/1992,709516800,2026-09-23T00:00:00
354,DMO,-0.1336,13.35807,15.41756,0.12,3.66,14,Morningstar US CEF High Yield,53,"Franklin Templeton Fund Adviser, LLC",False,9.34,-0.05,10.78,2026-10-07T00:00:00,95790B109,Western Asset Mortgage Opp Fund Inc.,2026-10-07,XDMOX,Fixed Income - Taxable-High Yield,47.05,106.729,,Monthly,0.46738,0.12,20.0,7.5295,,,7.87,,232.655,True,False,False,False,False,False,,9.66,9.67,4.32,2.42,1.57,-4.76,,,-7.12,507080,,,91.1018,,,,10.92953,-4.96748,-2.5700000000000003,-2.04,-2.5,2026-10-07T00:00:00,2010-02-26T00:00:00,2/26/2010,1267142400,2026-09-23T00:00:00
355,MHF,-0.033,6.41509,6.63415,0.033999999999999996,-2.5700000000000003,21,Morningstar US CEF Municipal,53,"Franklin Templeton Fund Adviser, LLC",False,6.15,-0.13,6.36,2026-10-07T00:00:00,95766N103,Western Asset Municipal High Income,2026-10-07,XMHFX,Fixed Income - Municipal-Municipal,1.87,138.496,,Monthly,0.11955,0.033999999999999996,10.0,4.8935,,,0.8400000000000001,,145.955,True,False,False,False,False,False,,2.99,5.37,0.0,-0.74,-3.85,-8.61,,,-11.74,646380,14.87,,99.7821,,7.8100000000000005,7.68,6.87625,-0.15041000000000002,-2.2,-1.29,-1.88,2026-10-07T00:00:00,1988-11-28T00:00:00,11/28/1988,596678400,2026-09-23T00:00:00
356,WEA,-0.0818,7.89474,8.59775,0.06999999999999999,-0.78,15,Morningstar US CEF Investment Grade,110,Western Asset Management Company Pte Ltd. â Singapore,False,9.77,-0.06,10.64,2026-10-07T00:00:00,957664105,Western Asset Premier Bond,2026-10-07,XWEAX,Fixed Income - Taxable-Investment Grade,33.5,115.927,,Monthly,0.40488,0.06999999999999999,15.0,6.2604,,,3.55,,189.851,True,False,False,False,False,False,,7.07,7.63,0.85,0.53,-1.98,-4.15,,,-4.06,297810,,,97.1103,,,,10.7383,-5.36469,-1.88,-1.8599999999999999,-2.07,2026-10-07T00:00:00,2002-03-28T00:00:00,3/28/2002,1017273600,2026-09-23T00:00:00
357,MCN,-0.1367,11.86161,13.74046,0.06,3.64,3,Morningstar US CEF Covered Call,112,XA Investments LLC,False,5.24,-0.03,6.07,2026-10-07T00:00:00,557437100,XAI Madison Equity Premium Income Fund,2026-10-07,XMCNX,Equity-Covered-Call Funds,0.01,110.652,,Monthly,0.041210000000000004,0.06,15.0,,,,1.1,,128.179,True,False,False,False,False,False,,6.43,1.52,6.04,2.77,0.9400000000000001,-3.79,,,-3.58,642990,,,,,,,5.82935,-8.5111,-3.07,-2.44,-2.9699999999999998,2026-10-07T00:00:00,2004-07-28T00:00:00,7/28/2004,1090972800,2026-09-15T00:00:00
358,XFLT,-0.1466,12.14575,14.233,0.22499999999999998,-12.56,19,Morningstar US CEF Senior Loans,112,XA Investments LLC,False,18.97,-0.16,22.23,2026-10-07T00:00:00,98400T304,XAI Octagon FR & Alternative Inc Trust,2026-10-07,XFLTX,Fixed Income - Taxable-Senior Loans,41.24,288.93,,Monthly,1.13446,0.22499999999999998,10.0,4.5235,,,7.5600000000000005,,576.199,True,False,True,False,False,False,,1.02,-4.2,1.74,-1.6099999999999999,-7.75,-9.75,,,-14.59,1040870,,,,,,,20.05066,-18.2532,0.78,0.8200000000000001,1.3900000000000001,2026-10-07T00:00:00,2017-09-27T00:00:00,9/27/2017,1506470400,2026-09-15T00:00:00
