,Ticker,Premium / Discount,DistributionRateNAV,DistributionRatePrice,DistributionAmtUSD,ReturnOnNAV,CategoryId,Category,SponsorId,SponsorName,IsManagedDistribution,Share Price,PriceChange,NAV,NAVPublished,Cusip,Fund Name,Date,NavTicker,Strategy,LeverageRatioPercentage,MarketCapUSDm,UNIIPerShare,DistributionFrequency,EarningsPerShare,CurrentDistribution,InceptionPrice,AverageCoupon,AMTPercentage,AverageWeightedMaturity,ExpenseRatio,BaselineExpense,TotalAssetsUSDm,IsLeveraged,IsPriceBelow52WkAvg,IsDiscountBelow52WkAvg,IsAMTPct,IsManaged,Term,AvgWtdDurationLevAdj,Yr3RetOnNav,Yr3RetOnPrice,Yr5RetOnNav,Yr5RetOnPrice,YTDRetOnNav,YTDRetOnPrice,SinceInceptionRetOnNav,SinceInceptionRetOnPrice,ReturnOnPrice,AvgDailyVolume,CallableYr1Pct,PrerefundedPercentage,AvgBondPrice,AvgWtdDurationNonLevAdj,EffDurationLevAdj,EffDurationNonLevAdj,Price52WkAvg,Discount52WkAvg,ZScore1Yr,ZScore3M,ZScore6M,ZScoreDate,InceptionDate,InceptionDateString,InceptionDateUnixTimestamp,DistributionDate
0,MGF,-0.0436,8.05369,8.42105,0.02,0.91,15,Morningstar US CEF Investment Grade,2,abrdn Inc.,True,2.85,0.03,2.98,2026-09-04T00:00:00,552939100,Aberdeen Government Markets Income,2026-09-07,XMGFX,Fixed Income - Taxable-Investment Grade,,92.882,,Monthly,0.04709,0.02,10.0,3.9638,0.0,6.55,0.8,,97.119,False,False,True,True,True,False,,3.37,3.99,-0.73,-0.9500000000000001,-0.88,-0.01,,,0.37,717630,,0.0,91.4686,,,5.93,2.96458,-4.87262,0.37,1.47,1.55,2026-09-07T00:00:00,1987-05-28T00:00:00,5/28/1987,549158400,2026-08-24T00:00:00
1,IFN,-0.0895,11.71813,12.86957,0.37,-6.55,1,Morningstar US CEF Asia Equity,1,abrdn Asia Limited,True,11.5,-0.01,12.63,2026-09-04T00:00:00,454089103,"Aberdeen India Fund, Inc",2026-09-07,XIFNX,Equity-Asia Equity,0.28,490.497,,Quarterly,-0.05353,0.37,15.0,,,,1.36,,538.694,True,False,False,False,True,False,,4.79,1.1400000000000001,0.03,0.76,-6.53,-7.32,,,-10.28,2037420,,,,,,,12.94414,-6.30106,-1.18,-0.16,-0.81,2026-09-07T00:00:00,1994-02-23T00:00:00,2/23/1994,761961600,2026-08-24T00:00:00
2,MIN,-0.058600000000000006,9.375,9.95851,0.02,1.52,13,Morningstar US CEF Global Income,2,abrdn Inc.,True,2.41,-0.03,2.56,2026-09-04T00:00:00,55273C107,Aberdeen Intermediate Income,2026-09-07,XMINX,Fixed Income - Taxable-Global Income,,274.254,,Monthly,0.04255,0.02,10.0,4.2949,0.0,3.24,0.73,,291.323,False,False,False,True,True,False,,4.51,4.98,1.06,0.73,0.14,-0.96,,,-1.06,2327980,,0.0,97.167,,,3.34,2.54375,-4.80907,-0.67,-0.05,0.29,2026-09-07T00:00:00,1988-03-17T00:00:00,3/17/1988,574560000,2026-08-24T00:00:00
3,MMT,-0.06709999999999999,10.06289,10.78652,0.04,2.71,13,Morningstar US CEF Global Income,72,MFS,True,4.45,0.01,4.77,2026-09-04T00:00:00,552737108,Aberdeen Multi-Market Income,2026-09-07,XMMTX,Fixed Income - Taxable-Global Income,27.03,516.171,,Monthly,0.1389,0.04,10.0,6.0294,,,2.86,,758.289,True,False,True,False,True,False,,7.49,9.29,2.75,1.16,0.2,2.73,,,3.26,1389190,,,95.7664,,7.33,5.35,4.59995,-7.56473,0.81,1.54,1.37,2026-09-07T00:00:00,1987-03-12T00:00:00,3/12/1987,542505600,2026-08-24T00:00:00
4,MFM,-0.08650000000000001,6.22837,6.81818,0.03,7.66,21,Morningstar US CEF Municipal,2,abrdn Inc.,False,5.28,-0.04,5.78,2026-09-04T00:00:00,552738106,Aberdeen Municipal Income,2026-09-07,XMFMX,Fixed Income - Municipal-Municipal,37.95,524.989,,Monthly,0.13078,0.03,10.0,5.1801,,,2.83,,926.204,True,False,True,False,False,False,,4.91,8.2,-0.93,-1.09,0.99,3.17,,,9.88,1500680,22.29,,95.5991,,14.38,8.98,5.4208,-9.31069,0.62,-0.42,0.3,2026-09-07T00:00:00,1986-11-25T00:00:00,11/25/1986,533260800,2026-08-24T00:00:00
5,FAX,-0.0461,13.05208,13.68348,0.16499999999999998,2.55,13,Morningstar US CEF Global Income,1,abrdn Asia Limited,True,14.47,-0.05,15.17,2026-09-04T00:00:00,003009867,abrdn Asia-Pacific Income Fund Inc,2026-09-07,XFAPX,Fixed Income - Taxable-Global Income,39.51,631.924,,Monthly,0.50096,0.16499999999999998,10.0,6.3451,,,4.22,,1095.293,True,False,True,False,True,False,,5.85,10.95,-1.3,0.9400000000000001,0.3,4.65,,,2.34,1771720,,,,,7.76,4.68,15.16339,-5.33058,0.42,-0.15,0.35000000000000003,2026-09-07T00:00:00,1986-04-24T00:00:00,4/24/1986,514684800,2026-08-24T00:00:00
6,IAF,-0.0949,9.55631,10.55807,0.35,6.03,9,Morningstar US CEF Single Country Equity,1,abrdn Asia Limited,True,13.26,-0.17,14.65,2026-09-04T00:00:00,003011111,abrdn Australia Equity Fund Inc,2026-09-07,XIAFX,Equity-Single-Country Equity,7.13,127.062,,Quarterly,0.10818,0.35,10.125,,,,1.9900000000000002,,151.166,True,True,True,False,True,False,,12.29,14.26,5.23,4.51,9.95,11.63,,,7.01,219310,,,,,,,13.07071,-10.01985,0.37,1.32,1.33,2026-09-07T00:00:00,1985-12-12T00:00:00,12/12/1985,503193600,2026-08-24T00:00:00
7,AEF,-0.0682,8.72038,9.3591,0.22999999999999998,67.28,4,Morningstar US CEF Emerging Market Equity,3,abrdn Investments Limited,True,9.83,0.19,10.55,2026-09-04T00:00:00,00301W105,abrdn Emerging Markets ex-China Fund,2026-09-07,XAEFX,Equity-Emerging Market Equity,5.93,399.112,,Quarterly,0.00111,0.22999999999999998,15.0,,,,1.8599999999999999,,455.345,True,True,True,False,True,False,,29.65,34.6,8.77,10.88,40.8,43.76,,,73.48,1449800,,,,,,,8.04057,-9.33215,1.71,1.82,1.45,2026-09-07T00:00:00,1989-09-25T00:00:00,9/25/1989,622684800,2026-06-23T00:00:00
8,AGD,0.0025,11.85185,11.82266,0.12,21.53,5,Morningstar US CEF Global Equity,3,abrdn Investments Limited,True,12.18,-0.07,12.15,2026-09-04T00:00:00,00302M106,abrdn Global Dynamic Dividend,2026-09-07,XAGDX,Equity-Global Equity,0.68,318.803,,Monthly,0.29668,0.12,20.0,,,,1.29,,320.211,True,True,False,False,True,False,,15.6,23.74,7.67,10.42,12.78,16.12,,,17.32,1189750,,,,,,,12.11552,1.80186,-0.37,-0.39,-0.05,2026-09-07T00:00:00,2006-07-26T00:00:00,7/26/2006,1153872000,2026-08-24T00:00:00
9,ASGI,0.019799999999999998,12.1491,11.91336,0.22,17.64,13,Morningstar US CEF Global Income,2,abrdn Inc.,True,22.16,-0.09,21.73,2026-09-04T00:00:00,00326W106,abrdn Global Infrastructure Income Fund,2026-09-07,XAGIX,Fixed Income - Taxable-Global Income,1.0,700.895,,Monthly,0.08556,0.22,20.0,,,,2.16,,694.204,True,False,False,False,True,False,,14.21,22.61,8.09,12.34,10.5,8.88,,,23.02,1796660,,,,,,,22.75655,3.40999,-0.36,-0.91,-0.71,2026-09-07T00:00:00,2020-07-28T00:00:00,7/28/2020,1595894400,2026-08-24T00:00:00
10,AWP,0.0178,12.78863,12.56545,0.12,9.75,7,Morningstar US CEF Real Estate,2,abrdn Inc.,True,11.46,-0.04,11.26,2026-09-04T00:00:00,00302L207,abrdn Global Premier Properties,2026-09-07,XAWPX,Equity-Real Estate,11.0,353.606,,Monthly,0.10017000000000001,0.12,20.0,,,,2.27,,390.379,True,False,True,False,True,False,,12.66,15.05,0.19,1.8399999999999999,8.64,8.74,,,8.83,1244990,,,,,,,11.79637,1.17561,0.55,1.22,1.3,2026-09-07T00:00:00,2007-04-26T00:00:00,4/26/2007,1177545600,2026-08-24T00:00:00
11,HQH,-0.0449,11.17697,11.70213,0.6599999999999999,49.61,8,Morningstar US CEF Sector Equity,2,abrdn Inc.,True,22.56,-0.09,23.62,2026-09-04T00:00:00,87911J103,abrdn Healthcare Investors,2026-09-07,XHQHX,Equity-Sector Equity,1.1,1308.159,,Quarterly,-0.06102,0.6599999999999999,10.0,,,,1.11,,1369.624,True,True,True,False,True,False,,18.97,25.74,7.8100000000000005,8.03,23.83,31.24,,,54.91,1807280,,,,,,,19.63529,-7.25568,1.19,0.6900000000000001,0.8300000000000001,2026-09-07T00:00:00,1987-04-23T00:00:00,4/23/1987,546134400,2026-08-24T00:00:00
12,THQ,-0.0285,10.61425,10.92564,0.18,28.01,8,Morningstar US CEF Sector Equity,2,abrdn Inc.,True,19.77,-0.16,20.35,2026-09-04T00:00:00,879105104,abrdn Healthcare Opportunities Fund,2026-09-07,XTHQX,Equity-Sector Equity,21.05,819.626,,Monthly,-0.03549,0.18,20.0,4.3206,,,3.02,,1068.672,True,True,False,False,True,False,,9.18,13.61,4.48,4.77,14.06,11.54,,,30.55,1676350,,,,,7.83,,18.52431,-1.11149,-0.54,0.22,-0.44,2026-09-07T00:00:00,2014-07-28T00:00:00,7/28/2014,1406505600,2026-08-24T00:00:00
13,ACP,-0.0713,17.44841,18.78788,0.0775,3.06,19,Morningstar US CEF Senior Loans,3,abrdn Investments Limited,True,4.95,-0.05,5.33,2026-09-04T00:00:00,003057106,abrdn Income Credit Strategies Fund,2026-09-07,XACPX,Fixed Income - Taxable-Senior Loans,32.36,621.08,,Monthly,0.22534,0.0775,20.0,8.0708,,,3.94,,988.759,True,False,False,False,True,False,,8.42,6.69,1.6600000000000001,0.21,3.39,5.31,,,1.43,5375650,,,96.1318,,4.91,3.32,5.40142,-5.32488,-1.3599999999999999,-2.01,-1.38,2026-09-07T00:00:00,2011-01-27T00:00:00,1/27/2011,1296086400,2026-08-24T00:00:00
14,HQL,-0.0682,11.19639,12.0155,0.62,63.49,8,Morningstar US CEF Sector Equity,2,abrdn Inc.,True,20.64,-0.07,22.15,2026-09-04T00:00:00,87911K100,abrdn Life Sciences Investors,2026-09-07,XHQLX,Equity-Sector Equity,0.01,636.602,,Quarterly,-0.09057,0.62,15.0,,,,1.24,,683.241,True,True,True,False,True,False,,25.61,32.79,10.32,10.84,29.42,36.85,,,69.51,1383660,,,,,,,17.52969,-9.65234,1.92,1.07,1.5,2026-09-07T00:00:00,1992-05-08T00:00:00,5/8/1992,705283200,2026-08-24T00:00:00
15,AOD,0.0123,11.34216,11.20448,0.09999999999999999,22.33,5,Morningstar US CEF Global Equity,3,abrdn Investments Limited,True,10.71,-0.04,10.58,2026-09-04T00:00:00,00326L100,abrdn Total Dynamic Dividend,2026-09-07,XAODX,Equity-Global Equity,2.7800000000000002,1129.332,,Monthly,0.22991,0.09999999999999999,20.0,,,,1.21,,1147.543,True,True,True,False,True,False,,15.99,24.0,8.35,11.58,13.34,20.46,,,34.14,4684960,,,,,,,10.00467,-3.13089,2.0,1.23,1.56,2026-09-07T00:00:00,2007-01-26T00:00:00,1/26/2007,1169769600,2026-08-24T00:00:00
16,THW,0.01,9.97436,9.87588,0.1167,32.91,8,Morningstar US CEF Sector Equity,2,abrdn Inc.,True,14.18,0.06,14.04,2026-09-04T00:00:00,87911L108,abrdn World Healthcare Fund,2026-09-07,XTHWX,Equity-Sector Equity,17.46,572.805,,Monthly,-0.03887,0.1167,20.0,3.7686,,,1.46,,687.149,True,True,True,False,True,False,,17.08,14.66,8.87,7.6,16.6,18.52,,,33.53,1311270,,,,,8.12,,12.75584,-1.9023400000000001,1.47,2.24,1.04,2026-09-07T00:00:00,2015-06-26T00:00:00,6/26/2015,1435276800,2026-08-24T00:00:00
17,ADX,-0.0166,7.52729,7.65404,0.5,19.55,10,Morningstar US CEF US Equity,4,Adams Diversified Equity Fund Inc,False,26.13,-0.16,26.57,2026-09-04T00:00:00,006212104,Adams Diversified Equity Fund,2026-09-07,XADEX,Equity-U.S. Equity,0.0,3264.346,,Quarterly,0.09492,0.5,10.0,,,,0.49000000000000005,,3319.314,True,True,True,False,False,False,,20.46,26.93,12.26,16.51,13.06,17.77,,,29.17,2694790,,,,,,,23.83146,-5.06089,1.38,0.42,1.07,2026-09-07T00:00:00,1929-10-01T00:00:00,10/1/1929,-1270252800,2026-07-27T00:00:00
18,PEO,-0.08839999999999999,6.81603,7.47664,0.5399999999999999,39.31,8,Morningstar US CEF Sector Equity,5,Adams Natural Resources Fund Inc,False,28.89,-0.37,31.69,2026-09-04T00:00:00,00548F105,Adams Natural Resources Fund,2026-09-07,XPEOX,Equity-Sector Equity,0.7000000000000001,809.926,,Quarterly,0.29271,0.5399999999999999,15.0,,,,0.62,,888.424,True,True,True,False,False,False,,14.92,18.28,21.3,23.68,38.86,40.56,,,41.46,723300,,,,,,,24.59559,-10.29268,1.53,1.22,1.56,2026-09-07T00:00:00,1929-01-30T00:00:00,1/30/1929,-1291334400,2026-07-27T00:00:00
19,AVK,-0.09359999999999999,10.2807,11.34194,0.1172,17.0,11,Morningstar US CEF Convertibles,6,"Advent Capital Management, LLC",False,12.4,0.04,13.68,2026-09-04T00:00:00,00764C109,Advent Convertible & Income Fund,2026-09-07,XAVKX,Fixed Income - Taxable-Convertibles,36.69,547.444,,Monthly,0.22874,0.1172,25.0,5.5855,,,4.53,,953.979,True,False,False,False,False,False,,16.39,16.83,4.93,4.82,12.1,7.61,,,12.49,1476010,,,108.8431,,,,12.57536,-6.10017,-1.3900000000000001,-0.96,-0.97,2026-09-07T00:00:00,2003-04-29T00:00:00,4/29/2003,1051574400,2026-08-14T00:00:00
20,AWF,-0.1061,7.00535,7.83649,0.0655,5.19,14,Morningstar US CEF High Yield,7,AllianceBernstein L.P.,False,10.03,-0.02,11.22,2026-09-04T00:00:00,01879R106,AllianceBernstein Global High Income,2026-09-07,XAWFX,Fixed Income - Taxable-High Yield,0.81,864.884,,Monthly,0.35164,0.0655,15.0,6.7118,,4.36,1.02,,975.381,True,False,False,False,False,False,,9.25,8.47,4.37,3.71,3.0,-0.85,,,-3.33,3015440,,,97.3293,,,,10.50008,-7.67032,-1.1400000000000001,-1.55,-1.02,2026-09-07T00:00:00,1993-07-28T00:00:00,7/28/1993,743817600,2026-09-03T00:00:00
21,AFB,-0.0718,5.27285,5.68075,0.050179999999999995,7.87,21,Morningstar US CEF Municipal,7,AllianceBernstein L.P.,False,10.6,-0.02,11.42,2026-09-04T00:00:00,01864U106,AllianceBernstein National Mun Inc,2026-09-07,XAFBX,Fixed Income - Municipal-Municipal,49.37,304.696,,Monthly,0.31343,0.050179999999999995,15.0,5.1411,,,3.66,,648.369,True,False,True,False,False,False,,2.7800000000000002,6.21,-1.98,-2.15,-0.64,4.48,,,10.89,972130,,,98.4247,,22.53,11.69,10.95234,-8.81821,1.12,-0.22,0.45,2026-09-07T00:00:00,2002-01-28T00:00:00,1/28/2002,1012176000,2026-09-03T00:00:00
22,NFJ,-0.055999999999999994,7.34497,7.78061,0.305,24.49,3,Morningstar US CEF Covered Call,108,"Virtus Investment Advisers, LLC",True,15.68,0.0,16.61,2026-09-04T00:00:00,92840R101,AllianzGI Div Interest & Prem Common,2026-09-07,XNFJX,Equity-Covered-Call Funds,,1457.726,0.0,Quarterly,0.06142,0.305,25.0,2.0796,,,0.9600000000000001,,1544.186,False,True,True,False,True,False,,13.45,18.0,6.84,8.79,19.62,26.24,,,30.37,1885990,,,,,,,13.80368,-8.93739,1.96,2.03,1.73,2026-09-07T00:00:00,2005-02-28T00:00:00,2/28/2005,1109548800,2026-06-15T00:00:00
23,EOD,-0.0888,7.76557,8.52234,0.14211,26.3,5,Morningstar US CEF Global Equity,8,Allspring Global Investments,False,6.67,-0.02,7.32,2026-09-04T00:00:00,94987C103,Allspring Global Dividend Opp Fd,2026-09-07,XEODX,Equity-Global Equity,13.09,287.25,,Quarterly,0.1298,0.14211,20.0,7.1532,,,2.45,,362.742,True,True,False,False,False,False,,24.01,25.39,12.97,12.62,16.28,19.26,,,27.06,1207720,,,,,,,6.13408,-8.40002,-0.33,-1.58,-1.67,2026-09-07T00:00:00,2007-03-28T00:00:00,3/28/2007,1175040000,2026-06-11T00:00:00
24,EAD,-0.10529999999999999,8.9764,10.03328,0.053259999999999995,4.95,14,Morningstar US CEF High Yield,8,Allspring Global Investments,False,6.37,-0.04,7.12,2026-09-04T00:00:00,94987B105,Allspring Income Opps,2026-09-07,XEADX,Fixed Income - Taxable-High Yield,29.85,376.418,,Monthly,0.25923,0.053259999999999995,15.0,7.1839,,,2.95,,599.737,True,False,False,False,False,False,,8.8,10.25,3.5300000000000002,2.37,2.92,0.71,,,-0.9400000000000001,1897800,,,100.5505,,4.62,3.15,6.67508,-8.02019,-1.43,-0.49,-0.98,2026-09-07T00:00:00,2003-02-28T00:00:00,2/28/2003,1046390400,2026-08-13T00:00:00
25,ERC,-0.0709,8.8336,9.50719,0.07273,6.74,16,Morningstar US CEF Limited Duration,8,Allspring Global Investments,False,9.18,-0.02,9.88,2026-09-04T00:00:00,94987D101,Allspring Multi-Sec Inc,2026-09-07,XERCX,Fixed Income - Taxable-Limited Duration,30.04,257.534,,Monthly,0.35301,0.07273,20.0,6.8646,0.0,4.35,3.22,,396.172,True,False,False,True,False,False,,8.57,8.75,3.42,2.36,3.92,6.86,,,7.5,761860,,0.0,98.7585,,,,9.26683,-6.77806,-0.29,-0.1,0.25,2026-09-07T00:00:00,2003-06-25T00:00:00,6/25/2003,1056499200,2026-08-13T00:00:00
26,ERH,-0.07440000000000001,8.52126,9.20594,0.08784,1.9500000000000002,26,Morningstar US CEF US Allocation,8,Allspring Global Investments,False,11.45,0.14,12.37,2026-09-04T00:00:00,94987E109,Allspring Util & High In,2026-09-07,XERHX,Hybrid-U.S. Allocation,21.54,101.128,,Monthly,0.1865,0.08784,20.0,7.2139,,,2.43,,139.254,True,False,True,False,False,False,,12.59,14.31,5.67,2.65,-0.34,1.02,,,2.05,235410,,,100.6661,,4.08,3.13,12.11949,-7.63068,0.15,0.0,0.3,2026-09-07T00:00:00,2004-04-30T00:00:00,4/30/2004,1083283200,2026-08-13T00:00:00
27,FINS,-0.059699999999999996,10.29851,10.95238,0.11499999999999999,6.88,26,Morningstar US CEF US Allocation,10,"Angel Oak Capital Advisors, LLC",False,12.6,0.0,13.4,2026-09-04T00:00:00,03464A100,Angel Oak Financial Strats Income Term,2026-09-07,XFINX,Hybrid-U.S. Allocation,21.88,421.052,,Monthly,0.38984,0.11499999999999999,20.0,6.7377,,,2.92,,573.205,True,False,True,False,False,True,,10.08,13.55,3.1,2.76,3.11,3.58,,,6.31,467650,,,99.9624,,3.34,2.85,12.93152,-6.00188,0.04,0.52,0.66,2026-09-07T00:00:00,2019-05-29T00:00:00,5/29/2019,1559088000,2026-08-17T00:00:00
28,ARDC,-0.08410000000000001,10.05212,10.97561,0.11249999999999999,1.28,19,Morningstar US CEF Senior Loans,11,Ares Capital Management II LLC,False,12.3,-0.01,13.43,2026-09-04T00:00:00,04014F102,Ares Dynamic Credit Allocation Fund,2026-09-07,XADCX,Fixed Income - Taxable-Senior Loans,40.26,294.782,,Monthly,0.55616,0.11249999999999999,20.0,7.4979,,,5.26,,538.734,True,False,False,False,False,False,,8.16,9.54,4.87,4.46,-0.11,0.1,,,-6.46,1154210,,,,,40.42,,13.0213,-6.42648,-0.9,-1.4,-0.63,2026-09-07T00:00:00,2012-11-27T00:00:00,11/27/2012,1353974400,2026-08-21T00:00:00
29,BANX,-0.0024,8.63309,8.65385,0.15,3.61,8,Morningstar US CEF Sector Equity,12,"ArrowMark Asset Management, LLC",False,20.8,0.53,21.0,2026-07-31T00:00:00,861780104,ArrowMark Financial Corp,2026-09-07,XBANX,Equity-Sector Equity,16.8,201.531,,Monthly,0.91029,0.15,25.0,11.1103,,,6.43,,242.815,True,True,True,False,False,True,,9.66,20.94,8.82,9.69,0.9400000000000001,2.1,,,15.0,337870,,,107.3588,,,,20.57248,-4.69624,1.47,1.48,2.05,2026-09-07T00:00:00,2013-11-07T00:00:00,11/7/2013,1383782400,2026-08-24T00:00:00
30,ASA,-0.18109999999999998,0.10384,0.12681,0.04,81.82,8,Morningstar US CEF Sector Equity,13,ASA,False,63.085,-2.3,77.04,2026-09-04T00:00:00,G3156P103,ASA Gold and Precious Metals Limited,2026-09-07,XASAX,Equity-Sector Equity,,1216.904,,Semi-Annually,0.02585,0.04,28.0,9.086,,,1.88,,1486.094,False,True,False,False,False,False,,63.29,62.74,26.1,25.07,14.31,6.99,,,69.75,0,,,,,,,58.24301,-12.84158,,,,,1958-09-23T00:00:00,9/23/1958,-355795200,2026-05-01T00:00:00
31,BCV,-0.1306,5.88235,6.76568,0.41,23.54,11,Morningstar US CEF Convertibles,60,Gabelli Funds LLC,False,24.24,-0.15,27.88,2026-09-04T00:00:00,059695106,Bancroft Fund,2026-09-07,XBCVX,Fixed Income - Taxable-Convertibles,14.9,136.411,,Quarterly,0.01134,0.41,25.0,2.3737,,,1.31,,184.361,True,True,False,False,False,False,,19.11,21.08,4.22,3.67,16.09,12.97,,,22.32,186630,,,,,21.12,,23.54088,-11.78352,-1.13,-1.24,-1.02,2026-09-07T00:00:00,1971-10-04T00:00:00,10/4/1971,55382400,2026-06-15T00:00:00
32,MCI,0.10550000000000001,9.48429,8.57909,0.39999999999999997,11.17,14,Morningstar US CEF High Yield,14,Barings LLC,False,18.65,1.03,17.27,2026-06-30T00:00:00,06759X107,Barings Corporate Investors,2026-09-07,XMCIX,Fixed Income - Taxable-High Yield,21.16,383.948,,Quarterly,0.60289,0.39999999999999997,25.0,7.782,,,1.65,,440.541,True,False,False,False,False,False,,10.72,19.96,10.11,14.64,6.4,14.02,,,-1.1400000000000001,349990,,,92.3472,,,,19.06316,14.29042,-0.35000000000000003,1.3,0.8300000000000001,2026-09-07T00:00:00,1971-09-01T00:00:00,9/1/1971,52531200,2026-08-28T00:00:00
33,BGH,-0.0542,9.82329,10.38641,0.12229999999999999,5.21,14,Morningstar US CEF High Yield,14,Barings LLC,False,14.13,-0.03,14.94,2026-09-04T00:00:00,06760L100,Barings Global Short Duration High Yield,2026-09-07,XBGHX,Fixed Income - Taxable-High Yield,31.43,283.764,,Monthly,0.67131,0.12229999999999999,25.0,8.9029,,,3.93,,437.531,True,False,False,False,False,False,,11.08,13.93,6.11,6.65,4.79,1.63,,,-3.79,809170,,,99.958,,,,14.62642,-3.30098,-0.68,0.11,0.2,2026-09-07T00:00:00,2012-10-25T00:00:00,10/25/2012,1351123200,2026-08-20T00:00:00
34,MPV,0.1023,9.58549,8.69565,0.37,,14,Morningstar US CEF High Yield,14,Barings LLC,False,17.02,0.02,15.81,2026-06-30T00:00:00,06761A103,Barings Participation Invs,2026-09-07,XMPVX,Fixed Income - Taxable-High Yield,21.98,183.684,,Quarterly,0.54452,0.37,10.0,7.7819,,,1.55,,213.567,True,False,True,False,False,False,,,17.81,,13.18,6.38,12.1,,,-6.9,169620,,,92.2129,,,,18.11368,9.01676,0.2,0.81,0.23,2026-09-07T00:00:00,1988-10-06T00:00:00,10/6/1988,592099200,2026-08-28T00:00:00
35,BXSY,-0.3732,3.59364,5.7331900000000005,0.26,32.39,26,Morningstar US CEF US Allocation,15,Bexil Corp,True,18.14,-0.04,28.94,2026-09-04T00:00:00,25538A204,Bexil Investment Trust,2026-09-07,XBXIX,Hybrid-U.S. Allocation,8.02,234.792,,Quarterly,-0.02758,0.26,15.0,,,,1.9300000000000002,,407.236,True,True,True,False,True,False,,24.36,26.59,13.66,12.3,24.42,22.69,,,35.29,124620,,,,,1.11,,15.88487,-37.35264,0.04,1.1400000000000001,0.45,2026-09-07T00:00:00,1998-06-29T00:00:00,6/29/1998,899078400,2026-06-15T00:00:00
36,BMN,0.014100000000000001,4.54545,4.48207,0.09375,5.5600000000000005,21,Morningstar US CEF Municipal,16,BlackRock,False,25.1,-0.7000000000000001,24.75,2026-09-04T00:00:00,09262G108,BlackRock 2037 Municipal Target term,2026-09-07,XBMNX,Fixed Income - Municipal-Municipal,25.32,154.306,,Monthly,0.609,0.09375,25.0,5.0193,,14.37,2.16,,203.734,True,False,True,False,False,True,,4.17,7.5,,,0.27,1.8900000000000001,,,11.79,101830,19.27,,103.2043,,,,25.71121,-0.07783000000000001,0.63,0.73,0.41000000000000003,2026-09-07T00:00:00,2022-10-28T00:00:00,10/28/2022,1666915200,2026-08-14T00:00:00
37,BCAT,0.1189,21.33399,19.06725,0.25423,13.69,26,Morningstar US CEF US Allocation,16,BlackRock,True,16.0,-0.05,14.3,2026-09-04T00:00:00,09260U109,BlackRock Capital Allocation Term Trust,2026-09-07,XCATX,Hybrid-U.S. Allocation,5.18,1676.404,,Monthly,0.12959,0.25423,20.0,,,2.48,1.4,,1498.286,True,True,True,False,True,True,,12.48,23.2,5.39,8.44,7.45,29.18,,,30.87,6344670,,,95.7637,,,,15.03088,0.38843000000000005,1.9100000000000001,1.76,1.74,2026-09-07T00:00:00,2020-09-28T00:00:00,9/28/2020,1601251200,2026-08-14T00:00:00
38,BHK,-0.0346,9.66739,10.01342,0.0746,1.56,15,Morningstar US CEF Investment Grade,16,BlackRock,True,8.94,-0.02,9.26,2026-09-04T00:00:00,09249E101,BlackRock Core Bond,2026-09-07,XBHKX,Fixed Income - Taxable-Investment Grade,34.06,645.685,-0.051000000000000004,Monthly,0.27784000000000003,0.0746,15.0,5.2301,,20.03,3.34,,1014.304,True,False,True,False,True,False,,4.9,5.42,-2.39,-2.67,-1.1,0.59,,,2.65,2874890,,,95.2552,,7.35,7.16,9.37471,-4.43239,0.68,0.53,1.11,2026-09-07T00:00:00,2001-11-30T00:00:00,11/30/2001,1007078400,2026-08-14T00:00:00
39,HYT,-0.0955,10.26125,11.34466,0.0779,5.14,14,Morningstar US CEF High Yield,16,BlackRock,True,8.24,-0.03,9.11,2026-09-04T00:00:00,09255P107,BlackRock Corporate High Yield Fund,2026-09-07,XHYTX,Fixed Income - Taxable-High Yield,20.21,1588.501,-0.113,Monthly,0.33087,0.0779,15.0,7.0115,,,2.33,,2201.139,True,False,False,False,True,False,,9.73,6.7,4.41,1.77,2.65,0.35000000000000003,,,-3.02,8121870,,,100.4042,,4.19,,8.84245,-6.02543,-1.45,-2.08,-2.56,2026-09-07T00:00:00,2003-05-30T00:00:00,5/30/2003,1054252800,2026-08-14T00:00:00
40,BTZ,-0.0753,9.35688,10.11859,0.0839,3.37,15,Morningstar US CEF Investment Grade,16,BlackRock,True,9.95,-0.02,10.76,2026-09-04T00:00:00,092508100,BlackRock Credit Allocation Income Trust,2026-09-07,XBTZX,Fixed Income - Taxable-Investment Grade,35.16,928.578,-0.11900000000000001,Monthly,0.34357,0.0839,25.0,5.9688,,18.6,3.37,,1548.592,True,False,False,False,True,False,,8.13,9.63,1.12,0.8,0.8200000000000001,-0.86,,,0.64,2595340,,,99.1292,,,,10.50839,-5.96433,-0.85,-0.75,-0.17,2026-09-07T00:00:00,2006-12-27T00:00:00,12/27/2006,1167177600,2026-08-14T00:00:00
41,DSU,-0.0199,12.37994,12.630700000000001,0.09873,4.7,19,Morningstar US CEF Senior Loans,16,BlackRock,True,9.38,-0.04,9.57,2026-09-04T00:00:00,09255R202,BlackRock Debt Strategies,2026-09-07,XDSUX,Fixed Income - Taxable-Senior Loans,15.95,583.807,-0.17400000000000002,Monthly,0.32235,0.09873,10.0,,,6.38,1.69,,708.633,True,False,False,False,True,False,,7.54,9.38,6.09,6.48,2.21,1.09,,,0.72,2761890,,,,,,,9.96295,0.5667800000000001,-2.06,-1.45,-1.58,2026-09-07T00:00:00,1998-03-27T00:00:00,3/27/1998,890956800,2026-08-14T00:00:00
42,BGR,-0.107,6.06231,6.7883700000000005,0.0973,44.67,8,Morningstar US CEF Sector Equity,16,BlackRock,True,17.2,-0.17,19.26,2026-09-04T00:00:00,09250U101,BlackRock Energy and Resources,2026-09-07,XBGRX,Equity-Sector Equity,0.0,437.846,,Monthly,0.16738,0.0973,25.0,,,,1.23,,490.286,True,True,False,False,True,False,,17.32,18.81,22.18,22.15,41.43,33.68,,,36.69,1075190,,,,,,,15.10084,-7.47889,-1.08,-0.9,-0.97,2026-09-07T00:00:00,2004-12-23T00:00:00,12/23/2004,1103760000,2026-08-14T00:00:00
43,BDJ,-0.0687,6.99435,7.51062,0.0619,20.02,3,Morningstar US CEF Covered Call,16,BlackRock,True,9.89,-0.02,10.62,2026-09-04T00:00:00,09251A104,BlackRock Enhanced Dividend Achievers,2026-09-07,XBDJX,Equity-Covered-Call Funds,0.11,1749.983,,Monthly,0.059750000000000004,0.0619,15.0,,,,0.88,,1881.279,True,True,False,False,True,False,,15.96,18.42,9.84,9.63,13.61,10.23,,,20.07,4316100,,,,,,,9.29525,-5.9786,-0.5700000000000001,0.28,0.45,2026-09-07T00:00:00,2005-08-26T00:00:00,8/26/2005,1125014400,2026-08-14T00:00:00
44,BOE,-0.08109999999999999,7.31858,7.96469,0.0827,15.82,3,Morningstar US CEF Covered Call,16,BlackRock,True,12.46,-0.06,13.56,2026-09-04T00:00:00,092501105,BlackRock Enhanced Glbl Div Trust,2026-09-07,XBOEX,Equity-Covered-Call Funds,0.02,692.778,,Monthly,0.091,0.0827,25.0,,,,1.03,,753.938,True,True,True,False,True,False,,13.31,16.73,7.18,7.92,9.37,12.33,,,17.18,1313170,,,,,,,11.77736,-9.1988,1.18,0.05,0.81,2026-09-07T00:00:00,2005-05-26T00:00:00,5/26/2005,1117065600,2026-08-14T00:00:00
45,BGY,-0.1005,7.78082,8.649750000000001,0.0426,14.97,3,Morningstar US CEF Covered Call,16,BlackRock,True,5.91,0.0,6.57,2026-09-04T00:00:00,092524107,BlackRock Enhanced Intl Div Trust,2026-09-07,XBGYX,Equity-Covered-Call Funds,0.36,535.531,,Monthly,0.06786,0.0426,20.0,,,,1.2,,595.337,True,True,False,False,True,False,,10.43,12.87,6.32,6.68,8.67,6.94,,,12.42,2725450,,,,,,,5.78642,-8.54845,-0.9400000000000001,-0.21,-0.17,2026-09-07T00:00:00,2007-05-25T00:00:00,5/25/2007,1180051200,2026-08-14T00:00:00
46,CII,0.002,6.91742,6.9033,0.141,22.64,3,Morningstar US CEF Covered Call,16,BlackRock,True,24.51,-0.06,24.46,2026-09-04T00:00:00,09256A109,BlackRock Enhanced Large Cap Core Fund,2026-09-07,XCIIX,Equity-Covered-Call Funds,0.46,1004.507,,Monthly,0.01208,0.141,20.0,,,,0.93,,1007.103,True,True,False,False,True,False,,19.18,20.34,12.26,12.99,12.07,9.88,,,29.35,954660,,,,,,,23.68935,0.6922200000000001,-0.21,-0.96,-0.49,2026-09-07T00:00:00,2004-04-27T00:00:00,4/27/2004,1083024000,2026-08-14T00:00:00
47,ECAT,0.0053,21.24664,21.13526,0.26877,14.4,25,Morningstar US CEF Global Allocation,16,BlackRock,True,15.26,-0.03,15.18,2026-09-04T00:00:00,09262F100,BlackRock ESG Capital Allocation Term,2026-09-07,ECAT,Hybrid-Global Allocation,0.17,1517.886,,Monthly,0.08926,0.26877,20.0,,,2.02,1.4100000000000001,,1512.46,True,False,True,False,True,True,,13.5,20.36,,,7.72,15.54,,,15.67,4407890,,,95.981,,,,15.45816,-2.49051,1.35,0.37,1.0,2026-09-07T00:00:00,2021-09-27T00:00:00,9/27/2021,1632700800,2026-08-14T00:00:00
48,FRA,-0.042300000000000004,13.08169,13.65882,0.12383999999999999,4.14,19,Morningstar US CEF Senior Loans,17,"BlackRock Advisors, LLC",True,10.88,-0.05,11.36,2026-09-04T00:00:00,09255X100,BlackRock Floating Rate Inc Strategies,2026-09-07,XFRAX,Fixed Income - Taxable-Senior Loans,23.11,385.53,-0.184,Monthly,0.37426,0.12383999999999999,20.0,,,6.29,2.61,,523.556,True,False,False,False,True,False,,6.9,8.49,6.11,6.99,2.14,3.45,,,-4.48,1624890,,,,,,,11.53659,-2.25862,-0.53,0.17,0.44,2026-09-07T00:00:00,2003-10-31T00:00:00,10/31/2003,1067558400,2026-08-14T00:00:00
49,BGT,-0.009000000000000001,12.96819,13.08577,0.12028,4.2,19,Morningstar US CEF Senior Loans,16,BlackRock,True,11.03,-0.07,11.13,2026-09-04T00:00:00,091941104,Blackrock Floating Rate Income,2026-09-07,XBGTX,Fixed Income - Taxable-Senior Loans,0.13,328.967,-0.154,Monthly,0.36013,0.12028,20.0,,,,2.06,,332.395,True,False,True,False,True,False,,7.15,9.89,6.27,7.5,2.11,7.51,,,1.46,1336390,,,,,,,11.19744,-3.04725,0.9500000000000001,1.27,1.74,2026-09-07T00:00:00,2004-08-30T00:00:00,8/30/2004,1093824000,2026-08-14T00:00:00
50,BME,-0.0178,6.74357,6.86575,0.2621,25.08,8,Morningstar US CEF Sector Equity,16,BlackRock,True,45.81,-0.2,46.64,2026-09-04T00:00:00,09250W107,BlackRock Health Sciences,2026-09-07,XBMEX,Equity-Sector Equity,0.15,592.053,,Monthly,0.07492,0.2621,25.0,,,,1.13,,603.674,True,True,True,False,True,False,,10.56,12.45,5.73,5.71,10.76,16.64,,,34.19,440340,,,,,,,40.68377,-5.19406,1.5899999999999999,1.57,1.63,2026-09-07T00:00:00,2005-03-28T00:00:00,3/28/2005,1111968000,2026-08-14T00:00:00
51,BMEZ,-0.0906,7.07395,7.77843,0.11,27.16,8,Morningstar US CEF Sector Equity,16,BlackRock,True,16.97,0.03,18.66,2026-09-04T00:00:00,09260E105,BlackRock Health Sciences Term Trust,2026-09-07,XBMZX,Equity-Sector Equity,0.41000000000000003,1060.649,,Monthly,0.11368,0.11,20.0,,,,1.37,,1171.099,True,True,True,False,True,True,,10.9,14.45,-0.42,-0.35000000000000003,14.17,18.03,,,28.02,2230510,,,,,,,14.95862,-10.99283,1.5,1.65,1.58,2026-09-07T00:00:00,2020-01-29T00:00:00,1/29/2020,1580256000,2026-08-14T00:00:00
52,BKT,-0.0466,9.86393,10.34604,0.0882,-0.88,15,Morningstar US CEF Investment Grade,16,BlackRock,True,10.23,-0.06,10.73,2026-09-04T00:00:00,09247F209,BlackRock Income,2026-09-07,XBKTX,Fixed Income - Taxable-Investment Grade,19.61,331.339,-0.055,Monthly,0.22314,0.0882,10.0,4.4525,,,1.9700000000000002,,432.322,True,False,False,False,True,False,,4.03,4.37,-1.77,-3.5300000000000002,-0.89,-0.25,,,-3.37,1366020,,,88.239,,4.92,4.8100000000000005,10.84318,-4.35845,-0.31,-0.68,-0.13,2026-09-07T00:00:00,1988-08-01T00:00:00,8/1/1988,586396800,2026-08-14T00:00:00
53,BLW,-0.0478,10.30653,10.8239,0.1132,4.02,16,Morningstar US CEF Limited Duration,16,BlackRock,True,12.55,-0.04,13.18,2026-09-04T00:00:00,09249W101,BlackRock Limited Duration Income,2026-09-07,XBLWX,Fixed Income - Taxable-Limited Duration,36.06,490.509,-0.133,Monthly,0.49739,0.1132,20.0,6.6807,,,3.7,,805.633,True,False,False,False,True,False,,8.61,9.05,4.03,3.14,1.42,-0.65,,,-0.47000000000000003,1207390,,,99.8125,,,,13.22939,-2.77281,-0.72,0.14,0.28,2026-09-07T00:00:00,2003-07-28T00:00:00,7/28/2003,1059350400,2026-08-14T00:00:00
54,BIT,-0.0917,11.34862,12.49495,0.12369999999999999,3.93,17,Morningstar US CEF Multi-Sector,16,BlackRock,True,11.88,-0.01,13.08,2026-09-04T00:00:00,09258A107,BlackRock Multi-Sector Income Trust,2026-09-07,XBITX,Fixed Income - Taxable-Multi-Sector,31.07,677.905,-0.508,Monthly,0.44911,0.12369999999999999,20.0,6.0329,,13.4,3.26,,1082.802,True,False,False,False,True,False,,8.39,4.05,3.96,1.67,1.26,-1.06,,,-2.1,3100370,7.97,,97.3328,,,3.7199999999999998,12.8377,-5.85444,-2.63,-2.0,-2.55,2026-09-07T00:00:00,2013-02-25T00:00:00,2/25/2013,1361750400,2026-08-14T00:00:00
55,MUA,-0.0669,6.2771,6.72727,0.0555,7.32,21,Morningstar US CEF Municipal,16,BlackRock,False,9.9,-0.02,10.61,2026-09-04T00:00:00,09254J102,BlackRock Muniassets,2026-09-07,XMUAX,Fixed Income - Municipal-Municipal,27.95,664.684,-0.004,Monthly,0.28542,0.0555,15.0,5.4809,,,2.59,,988.75,True,False,False,False,False,False,,5.92,7.27,-0.73,-3.54,1.48,-2.51,,,-0.6900000000000001,1394980,17.62,,92.4046,,12.75,,10.753540000000001,-4.21859,-1.09,-0.24,-0.79,2026-09-07T00:00:00,1993-06-25T00:00:00,6/25/1993,740966400,2026-08-14T00:00:00
56,BTT,-0.0787,2.28103,2.47577,0.0464,2.45,21,Morningstar US CEF Municipal,16,BlackRock,False,22.49,-0.05,24.41,2026-09-04T00:00:00,09257P105,BlackRock Municipal 2030 Target Term,2026-09-07,XBTTX,Fixed Income - Municipal-Municipal,34.93,1430.935,0.148,Monthly,0.34323,0.0464,25.0,4.6478,,,2.69,,2386.977,True,False,True,False,False,True,,4.25,6.35,0.5,-0.15,0.98,0.89,,,3.77,905940,22.16,,101.5267,,3.88,,22.66,-8.04962,0.32,0.24,-0.3,2026-09-07T00:00:00,2012-08-29T00:00:00,8/29/2012,1346198400,2026-08-14T00:00:00
57,MHD,-0.0818,5.84288,6.36364,0.0595,6.96,21,Morningstar US CEF Municipal,16,BlackRock,False,11.22,-0.01,12.22,2026-09-04T00:00:00,09253N104,BlackRock Municipal Income,2026-09-07,XMHDX,Fixed Income - Municipal-Municipal,42.72,1960.133,0.004,Monthly,0.30405,0.0595,15.0,5.0119,,,3.08,,3726.963,True,False,True,False,False,False,,2.95,6.58,-2.14,-2.75,0.0,2.0,,,9.3,2669060,5.17,,99.8744,,11.88,,11.69165,-8.49001,0.36,-0.31,0.08,2026-09-07T00:00:00,1997-05-02T00:00:00,5/2/1997,862531200,2026-08-14T00:00:00
58,MUC,-0.0711,5.70667,6.14354,0.0535,6.28,22,Morningstar US CEF Municipal-CA,16,BlackRock,False,10.45,0.02,11.25,2026-09-04T00:00:00,09254L107,BlackRock MuniHoldings CA Qty,2026-09-07,XMUCX,Fixed Income - Municipal-Municipal - CA,41.33,1306.336,0.07100000000000001,Monthly,0.26962,0.0535,15.0,5.0713,,,3.22,,2396.998,True,False,True,False,False,False,,2.33,6.38,-2.19,-2.88,0.12,3.65,,,8.82,2903620,4.0,,102.4334,,13.95,,10.7576,-8.1708,1.04,0.42,0.64,2026-09-07T00:00:00,1998-02-27T00:00:00,2/27/1998,888537600,2026-08-14T00:00:00
59,MUJ,-0.0017000000000000001,5.38206,5.39101,0.054,6.7,24,Morningstar US CEF Municipal-Single State,16,BlackRock,False,12.02,-0.05,12.04,2026-09-04T00:00:00,09254X101,BlackRock MuniHoldings NJ Qty,2026-09-07,XMUJX,Fixed Income - Municipal-Municipal - Single-State,40.36,639.285,0.085,Monthly,0.2647,0.054,15.0,4.7124,,,3.37,,1073.673,True,False,True,False,False,False,,3.38,9.37,-0.89,-0.33,0.21,5.24,,,15.33,1000250,20.57,,97.7946,,13.16,,12.0337,-4.06055,1.5899999999999999,1.51,1.46,2026-09-07T00:00:00,1998-03-11T00:00:00,3/11/1998,889574400,2026-08-14T00:00:00
60,MIY,0.0479,5.50042,5.2488,0.0545,7.3,24,Morningstar US CEF Municipal-Single State,16,BlackRock,False,12.46,-0.02,11.89,2026-09-04T00:00:00,09254V105,BlackRock MuniYield MI Quality,2026-09-07,XMIYX,Fixed Income - Municipal-Municipal - Single-State,40.26,360.901,0.07200000000000001,Monthly,0.25837,0.0545,15.0,4.9551,,,3.34,,576.484,True,True,True,False,False,False,,3.21,11.64,-1.06,0.91,-0.07,12.28,,,20.26,609720,8.27,,100.9645,,16.35,,11.96959,-3.30383,2.26,1.69,2.25,2026-09-07T00:00:00,1992-10-30T00:00:00,10/30/1992,720403200,2026-08-14T00:00:00
61,MYN,-0.0797,5.97085,6.48786,0.051199999999999996,7.38,23,Morningstar US CEF Municipal-NY,17,"BlackRock Advisors, LLC",False,9.47,-0.04,10.29,2026-09-04T00:00:00,09255E102,BlackRock MuniYield NY Quality,2026-09-07,XMYNX,Fixed Income - Municipal-Municipal - NY,23.2,891.351,0.069,Monthly,0.24345,0.051199999999999996,15.0,4.855,,,3.2800000000000002,,1261.04,True,False,True,False,False,False,,2.44,6.21,-2.01,-2.66,-0.62,1.6800000000000002,,,10.35,1246200,9.11,,100.2576,,12.59,,9.95271,-8.14167,0.23,-0.43,0.04,2026-09-07T00:00:00,1992-02-28T00:00:00,2/28/1992,699235200,2026-08-14T00:00:00
62,MPA,-0.0875,4.8632100000000005,5.32961,0.0477,7.01,24,Morningstar US CEF Municipal-Single State,16,BlackRock,False,10.74,-0.06,11.77,2026-09-04T00:00:00,09255G107,BlackRock MuniYield PA Quality,2026-09-07,XMPAX,Fixed Income - Municipal-Municipal - Single-State,38.93,139.079,0.039,Monthly,0.23728000000000002,0.0477,15.0,4.7722999999999995,,,3.23,,249.563,True,False,False,False,False,False,,3.4,6.01,-1.7000000000000002,-2.29,-0.77,2.49,,,7.26,316690,9.12,,98.0715,,14.9,,11.26453,-8.52676,-0.28,-0.12,-0.42,2026-09-07T00:00:00,1992-10-30T00:00:00,10/30/1992,720403200,2026-08-14T00:00:00
63,MYI,-0.07429999999999999,5.88859,6.36103,0.0555,6.53,21,Morningstar US CEF Municipal,16,BlackRock,False,10.47,-0.04,11.31,2026-09-04T00:00:00,09254E103,BlackRock MuniYield Qty III,2026-09-07,XMYIX,Fixed Income - Municipal-Municipal,42.75,1280.414,0.04,Monthly,0.27666,0.0555,15.0,5.0585,,,3.23,,2415.883,True,False,True,False,False,False,,3.54,6.9,-1.1400000000000001,-1.32,-0.02,2.59,,,7.35,2347940,5.78,,99.7206,,11.76,,10.93563,-7.55198,0.14,-0.13,0.23,2026-09-07T00:00:00,1992-04-13T00:00:00,4/13/1992,703123200,2026-08-14T00:00:00
64,MQY,-0.0788,5.89831,6.40294,0.057999999999999996,6.41,21,Morningstar US CEF Municipal,17,"BlackRock Advisors, LLC",False,10.870000000000001,-0.01,11.8,2026-09-04T00:00:00,09254F100,BlackRock Muniyield Quality,2026-09-07,XMQYX,Fixed Income - Municipal-Municipal,42.86,1635.197,0.060000000000000005,Monthly,0.28992,0.057999999999999996,15.0,5.0143,,,3.2,,3106.576,True,False,False,False,False,False,,3.01,5.89,-1.58,-2.84,-0.35000000000000003,1.9100000000000001,,,6.13,3152620,5.01,,99.4864,,14.22,,11.4469,-7.44915,-0.4,-1.1400000000000001,-0.4,2026-09-07T00:00:00,1992-06-26T00:00:00,6/26/1992,709516800,2026-08-14T00:00:00
65,BCX,-0.06849999999999999,5.96576,6.40429,0.0697,38.4,8,Morningstar US CEF Sector Equity,16,BlackRock,True,13.06,-0.03,14.02,2026-09-04T00:00:00,09257A108,BlackRock Resources&Commodities Strategy,2026-09-07,XBCRX,Equity-Sector Equity,0.0,995.669,,Monthly,0.09832,0.0697,20.0,,,,1.19,,1068.88,True,True,False,False,True,False,,16.47,20.94,14.7,15.18,25.83,27.29,,,42.07,2109250,,,,,,,11.5571,-6.7380700000000004,-0.06,-0.16,0.43,2026-09-07T00:00:00,2011-03-29T00:00:00,3/29/2011,1301356800,2026-08-14T00:00:00
66,BSTZ,-0.0623,5.86643,6.25602,0.1625,54.4,8,Morningstar US CEF Sector Equity,16,BlackRock,True,31.17,0.38,33.24,2026-09-04T00:00:00,09260K101,BlackRock Science and Technology Term,2026-09-07,XBSZX,Equity-Sector Equity,0.76,2142.755,,Monthly,-0.15007,0.1625,20.0,,,,1.35,,2302.56,True,True,True,False,True,True,,27.32,34.46,4.32,5.7,39.2,45.66,,,56.55,2121170,,,,,,,25.03724,-9.5752,1.94,1.09,1.55,2026-09-07T00:00:00,2019-06-26T00:00:00,6/26/2019,1561507200,2026-08-14T00:00:00
67,BST,-0.0302,5.73175,5.91017,0.25,37.68,8,Morningstar US CEF Sector Equity,16,BlackRock,True,50.76,0.9,52.34,2026-09-04T00:00:00,09258G104,BlackRock Science and Technology Trust,2026-09-07,XBSTX,Equity-Sector Equity,0.1,1762.388,,Monthly,-0.29713,0.25,20.0,3.9216,,,1.11,,1819.018,True,True,True,False,True,False,,25.93,25.42,7.47,8.15,28.17,31.36,,,41.49,987090,,,,,0.26,0.26,42.92609,-6.33497,1.72,1.32,1.82,2026-09-07T00:00:00,2014-10-29T00:00:00,10/29/2014,1414540800,2026-08-14T00:00:00
68,BBN,-0.045700000000000005,7.21463,7.56038,0.0986,2.5300000000000002,20,Morningstar US CEF Taxable Muni,17,"BlackRock Advisors, LLC",True,15.65,0.0,16.4,2026-09-04T00:00:00,09248X100,BlackRock Taxable Municipal Bond Trust,2026-09-07,XBBNX,Fixed Income - Taxable-Taxable Muni,35.84,967.053,0.077,Monthly,0.52117,0.0986,20.0,5.9206,,,3.1,,1579.463,True,False,True,False,True,False,,4.8100000000000005,6.75,-2.36,-3.22,-0.34,1.74,,,3.47,2016110,3.2800000000000002,,99.4279,,8.12,8.12,16.316,-4.91031,0.22,0.21,0.75,2026-09-07T00:00:00,2010-08-27T00:00:00,8/27/2010,1282867200,2026-08-14T00:00:00
69,BTX,-0.1042,6.31263,7.04698,0.0525,40.3,10,Morningstar US CEF US Equity,16,BlackRock,True,8.94,0.12,9.98,2026-09-04T00:00:00,09260Q108,BlackRock Tech and Private Equity Term,2026-09-07,XBTPX,Equity-U.S. Equity,1.08,1043.39,,Monthly,-0.048940000000000004,0.0525,20.0,,,,1.46,,1177.433,True,True,True,False,True,True,,12.99,17.02,-4.75,-5.11,33.18,43.34,,,38.14,7741730,,,,,,,7.4564,-13.80076,1.53,0.64,1.08,2026-09-07T00:00:00,2021-03-26T00:00:00,3/26/2021,1616716800,2026-08-14T00:00:00
70,BUI,0.0057,6.9788499999999996,6.93954,0.154,18.0,8,Morningstar US CEF Sector Equity,16,BlackRock,True,26.63,0.05,26.48,2026-09-04T00:00:00,09248D104,"BlackRock Util, Infra & Power Opp",2026-09-07,XBUIX,Equity-Sector Equity,0.11,801.151,,Monthly,0.19198,0.154,20.0,,,,1.09,,796.638,True,False,False,False,True,False,,15.85,17.32,8.31,7.83,13.63,9.61,,,9.67,751120,,,,,,,27.14716,1.82409,-0.42,-0.84,0.32,2026-09-07T00:00:00,2011-11-23T00:00:00,11/23/2011,1322006400,2026-08-14T00:00:00
71,BHV,0.1514,5.04155,4.37851,0.0455,4.65,24,Morningstar US CEF Municipal-Single State,16,BlackRock,False,12.47,-0.1,10.83,2026-09-04T00:00:00,092481100,BlackRock VA Municipal Bond,2026-09-07,XBHVX,Fixed Income - Municipal-Municipal - Single-State,40.19,19.805,0.024,Monthly,0.1615,0.0455,15.0,4.857,,,4.53,,28.759,True,True,True,False,False,False,,1.74,13.03,-3.1,-3.58,-1.7000000000000002,24.63,,,31.86,52830,8.6,,99.2945,,16.77,10.27,11.31404,-1.20813,2.05,1.22,1.35,2026-09-07T00:00:00,2002-04-30T00:00:00,4/30/2002,1020124800,2026-08-14T00:00:00
72,BGX,-0.1323,7.98701,9.20486,0.08199999999999999,1.51,19,Morningstar US CEF Senior Loans,18,Blackstone Liquid Credit Strategies LLC,False,10.69,-0.02,12.32,2026-09-04T00:00:00,09257D102,Blackstone Long-Short Credit Income,2026-09-07,XXBGX,Fixed Income - Taxable-Senior Loans,33.73,135.851,,Monthly,0.47335,0.08199999999999999,20.0,7.1353,,,4.65,,236.266,True,False,False,False,False,False,,6.67,7.22,3.8,2.9699999999999998,0.07,-3.02,,,-6.21,705930,,,,,17.0,,11.25731,-10.75338,-1.32,-2.1,-1.44,2026-09-07T00:00:00,2011-01-27T00:00:00,1/27/2011,1296086400,2026-08-24T00:00:00
73,BSL,-0.04,7.82222,8.14815,0.088,0.73,19,Morningstar US CEF Senior Loans,18,Blackstone Liquid Credit Strategies LLC,False,12.96,0.0,13.5,2026-09-04T00:00:00,09256U105,Blackstone Senior Floating Rt 2027 term,2026-09-07,XBSLX,Fixed Income - Taxable-Senior Loans,33.41,168.738,,Monthly,0.49904,0.088,20.0,7.1345,,,4.68,,263.969,True,False,False,False,False,True,,6.04,9.09,4.12,4.24,-0.19,1.08,,,-1.18,440640,,,,,3.73,,13.31618,-3.71915,-0.33,-1.28,-0.29,2026-09-07T00:00:00,2010-05-26T00:00:00,5/26/2010,1274832000,2026-08-24T00:00:00
74,BGB,-0.0541,7.70921,8.15013,0.076,0.71,19,Morningstar US CEF Senior Loans,18,Blackstone Liquid Credit Strategies LLC,False,11.19,-0.06,11.83,2026-09-04T00:00:00,09257R101,Blackstone Strategic Credit 2027 term,2026-09-07,XBGBX,Fixed Income - Taxable-Senior Loans,38.93,499.955,,Monthly,0.40459,0.076,20.0,6.9282,,,5.4,,865.483,True,False,False,False,False,True,,6.57,10.02,3.73,4.53,-0.55,0.0,,,-3.4,1353200,,,,,17.78,,11.55661,-4.87483,-0.56,-1.9,-0.71,2026-09-07T00:00:00,2012-09-26T00:00:00,9/26/2012,1348617600,2026-08-24T00:00:00
75,BPRE,-0.4757,7.26678,13.86015,0.1371,-6.5,7,Morningstar US CEF Real Estate,19,"Bluerock Fund Advisors, LLC",True,11.870000000000001,-0.04,22.64,2026-09-04T00:00:00,09631P102,Bluerock Private Real Estate Fund,2026-09-07,XBPREX,Equity-Real Estate,,1697.937,,Monthly,,0.1371,14.0,11.1334,,,0.0,,3238.525,False,True,True,False,True,False,,-6.54,,-1.62,,-3.07,-13.42,,,,0,,,,,,,,,,-1.27,-1.49,2026-09-07T00:00:00,2014-04-01T00:00:00,4/1/2014,1396310400,2026-08-17T00:00:00
76,DHF,-0.11939999999999999,7.83582,8.89831,0.017499999999999998,3.35,14,Morningstar US CEF High Yield,20,BNY Mellon,False,2.36,0.0,2.6799999999999997,2026-09-04T00:00:00,09660L105,BNY Mellon High Yield Strategies Fund,2026-09-07,XDHFX,Fixed Income - Taxable-High Yield,27.52,171.658,,Monthly,0.09917000000000001,0.017499999999999998,15.0,7.0234,0.0,5.32,3.18,,268.934,True,False,False,True,False,False,,9.23,10.94,3.38,1.44,1.96,0.53,,,-0.77,3460160,4.2,,99.6134,,4.58,3.33,2.46795,-9.54656,-1.3900000000000001,-1.29,-1.35,2026-09-07T00:00:00,1998-04-29T00:00:00,4/29/1998,893808000,2026-08-06T00:00:00
77,DMB,-0.0703,5.34283,5.74713,0.049999999999999996,7.02,21,Morningstar US CEF Municipal,20,BNY Mellon,False,10.44,-0.01,11.23,2026-09-04T00:00:00,09662W109,BNY Mellon Muni Bond Infrastructure Fund,2026-09-07,XDMBX,Fixed Income - Municipal-Municipal,36.24,192.158,,Monthly,0.24734,0.049999999999999996,15.0,5.1046,,,3.19,,324.194,True,False,True,False,False,False,,3.06,4.24,-1.35,-3.34,-0.5700000000000001,-0.51,,,10.77,561230,0.13,,98.7695,,11.8,9.1,10.81197,-7.37901,0.26,-0.07,-0.06,2026-09-07T00:00:00,2013-04-26T00:00:00,4/26/2013,1366934400,2026-08-18T00:00:00
78,DSM,-0.08039999999999999,5.78778,6.29371,0.03,8.14,21,Morningstar US CEF Municipal,20,BNY Mellon,False,5.72,-0.02,6.22,2026-09-04T00:00:00,09662E109,BNY Mellon Strategic Muni Bond,2026-09-07,XDSMX,Fixed Income - Municipal-Municipal,35.29,282.732,,Monthly,0.15742,0.03,10.0,5.0125,,,2.73,,475.144,True,False,False,False,False,False,,3.41,6.9,-1.92,-2.94,-0.1,-2.26,,,7.82,1102610,1.0,,96.7327,,9.3,8.35,6.02084,-7.11126,-0.71,-0.77,-1.12,2026-09-07T00:00:00,1989-11-22T00:00:00,11/22/1989,627696000,2026-08-13T00:00:00
79,LEO,-0.0817,5.44629,5.93081,0.03,8.01,21,Morningstar US CEF Municipal,20,BNY Mellon,False,6.07,-0.05,6.61,2026-09-04T00:00:00,05588W108,BNY Mellon Strategic Municipals,2026-09-07,XLEOX,Fixed Income - Municipal-Municipal,34.61,378.105,,Monthly,0.15752,0.03,10.0,5.1313,,,2.76,,629.663,True,False,False,False,False,False,,3.81,7.04,-1.7000000000000002,-4.03,0.5,0.53,,,9.05,1995010,1.18,,96.899,,9.74,8.54,6.31862,-7.60249,-0.53,-0.91,-0.98,2026-09-07T00:00:00,1987-09-23T00:00:00,9/23/1987,559353600,2026-08-13T00:00:00
80,BWG,-0.0983,11.37441,12.61498,0.08,1.38,13,Morningstar US CEF Global Income,54,"Franklin Templeton Fund Adviser, LLC",True,7.61,0.01,8.44,2026-09-04T00:00:00,10537L104,BrandywineGLOBAL â Global Inc Opp Fund,2026-09-07,XBWGX,Fixed Income - Taxable-Global Income,41.6,127.786,,Monthly,0.40321,0.08,20.0,7.6784,,,4.62,,242.684,True,False,False,False,True,False,,7.84,10.25,0.6900000000000001,1.4,0.18,-1.22,,,-0.43,766520,,,,,,,8.18559,-8.58643,-0.84,-0.96,-0.04,2026-09-07T00:00:00,2012-03-28T00:00:00,3/28/2012,1332892800,2026-08-24T00:00:00
81,RA,-0.09939999999999999,10.19438,11.31894,0.118,5.61,14,Morningstar US CEF High Yield,21,Brookfield Public Securities Group LLC,True,12.51,-0.04,13.89,2026-09-04T00:00:00,112830104,Brookfield Real Assets Income Fund Inc.,2026-09-07,XRAIX,Fixed Income - Taxable-High Yield,25.31,691.236,,Monthly,0.43376000000000003,0.118,25.0,6.5269,,,3.34,,1027.503,True,False,False,False,True,False,,8.38,10.71,3.9,0.68,3.14,4.19,,,3.51,1675070,,,96.6205,,8.9,,12.98004,-9.18751,-0.68,-0.9,-0.37,2026-09-07T00:00:00,2016-12-02T00:00:00,12/2/2016,1480636800,2026-08-06T00:00:00
82,CFND,-0.5115999999999999,,,,-8.02,10,Morningstar US CEF US Equity,23,C1 Advisors LLC,True,3.17,0.26,6.49,2026-06-30T00:00:00,12673Q103,C1 Fund Inc.,2026-09-07,XCFNDX,Equity-U.S. Equity,,20.822,,Semi-Annually,-0.24685,,10.0,,,,5.86,,42.629,False,False,False,False,True,False,,,,,,-6.02,-41.43,,,-66.27,424950,,,,,,,4.67167,-38.16388,-0.64,0.59,0.26,2026-09-07T00:00:00,2025-08-07T00:00:00,8/7/2025,1754524800,
83,CHY,0.0158,9.48617,9.33852,0.09999999999999999,27.21,11,Morningstar US CEF Convertibles,24,Calamos Advisors LLC,False,12.85,0.13,12.65,2026-09-04T00:00:00,12811P108,Calamos Convertible & High Income Fund,2026-09-07,XCHYX,Fixed Income - Taxable-Convertibles,31.76,1032.245,,Monthly,-0.10886,0.09999999999999999,15.0,3.6075,,4.49,4.01,,1489.197,True,True,True,False,False,False,,18.14,15.73,5.75,6.02,18.8,20.53,,,29.99,1873160,,,113.3553,,,,12.0954,-0.70537,1.1400000000000001,0.49,1.06,2026-09-07T00:00:00,2003-05-28T00:00:00,5/28/2003,1054080000,2026-08-14T00:00:00
84,CHI,0.0529,9.57983,9.09816,0.095,26.68,11,Morningstar US CEF Convertibles,24,Calamos Advisors LLC,False,12.53,0.02,11.9,2026-09-04T00:00:00,128117108,Calamos Convertible Opp Inc,2026-09-07,XCHIX,Fixed Income - Taxable-Convertibles,31.13,1011.256,,Monthly,-0.09886,0.095,15.0,3.5722,,4.47,3.98,,1394.461,True,True,True,False,False,False,,17.89,17.7,5.64,6.53,18.56,28.22,,,34.65,1821100,,,113.5724,,,,11.7017,1.87844,1.3,0.1,0.74,2026-09-07T00:00:00,2002-06-26T00:00:00,6/26/2002,1025049600,2026-08-14T00:00:00
85,CCD,0.0308,9.86509,9.57055,0.19499999999999998,31.68,11,Morningstar US CEF Convertibles,24,Calamos Advisors LLC,False,24.45,0.21,23.72,2026-09-04T00:00:00,12811V105,Calamos Dynamic Convertible and Income,2026-09-07,XCCDX,Fixed Income - Taxable-Convertibles,29.58,698.851,,Monthly,-0.41014,0.19499999999999998,25.0,2.5787,,4.07,4.26,,962.743,True,True,True,False,False,True,,19.73,18.95,5.79,5.98,21.88,24.83,,,32.83,825160,,,,,,,23.08207,1.71036,0.6,0.23,0.48,2026-09-07T00:00:00,2015-03-27T00:00:00,3/27/2015,1427414400,2026-08-14T00:00:00
86,CHW,-0.0941,7.61099,8.4014,0.06,23.96,25,Morningstar US CEF Global Allocation,24,Calamos Advisors LLC,False,8.57,0.04,9.46,2026-09-04T00:00:00,12811L107,Calamos Global Dynamic Income Fund,2026-09-07,XCHWX,Hybrid-Global Allocation,29.43,547.318,,Monthly,-0.03591,0.06,15.0,5.1178,,4.53,3.85,,856.12,True,True,True,False,False,False,,20.87,22.27,7.13,4.85,19.53,19.04,,,24.77,1872910,,,,,,,8.01031,-10.23243,0.64,0.06,0.71,2026-09-07T00:00:00,2007-06-27T00:00:00,6/27/2007,1182902400,2026-08-14T00:00:00
87,CGO,-0.087,7.45342,8.16327,0.09,24.28,25,Morningstar US CEF Global Allocation,24,Calamos Advisors LLC,False,13.23,0.06,14.49,2026-09-04T00:00:00,128118106,Calamos Global Total Return,2026-09-07,XCGOX,Hybrid-Global Allocation,29.32,130.015,,Monthly,-0.07175000000000001,0.09,15.0,5.0672,,4.39,4.02,,201.474,True,True,True,False,False,False,,21.43,22.24,7.04,4.22,20.31,20.96,,,21.21,265100,,,,,,,12.39129,-9.08502,0.26,0.84,1.3,2026-09-07T00:00:00,2005-10-27T00:00:00,10/27/2005,1130371200,2026-08-14T00:00:00
88,CPZ,-0.1318,11.12583,12.81465,0.13999999999999999,-4.7,5,Morningstar US CEF Global Equity,24,Calamos Advisors LLC,False,13.11,-0.02,15.1,2026-09-04T00:00:00,12812C106,Calamos L/S Equity & Dynamic Inc Trust,2026-09-07,XCPZX,Equity-Global Equity,48.19,257.378,,Monthly,0.08155,0.13999999999999999,20.0,6.5242,,13.21,4.38,,572.137,True,False,False,False,False,False,,5.6,7.23,2.69,2.5700000000000003,-0.27,-2.49,,,-10.75,766610,,,99.1682,,,,14.31441,-10.04357,-1.43,-0.67,-1.0,2026-09-07T00:00:00,2019-11-29T00:00:00,11/29/2019,1574985600,2026-08-14T00:00:00
89,CSQ,-0.07339999999999999,7.11775,7.68137,0.13499999999999998,24.42,26,Morningstar US CEF US Allocation,24,Calamos Advisors LLC,False,21.09,0.03,22.76,2026-09-04T00:00:00,128125101,Calamos Strategic Total Return,2026-09-07,XCSQX,Hybrid-U.S. Allocation,27.9,3382.196,,Monthly,-0.08754,0.13499999999999998,15.0,4.1463,,4.71,3.69,,5062.181,True,True,True,False,False,False,,23.72,20.74,12.42,10.35,14.96,14.07,,,20.95,2250090,,,,,,,19.44749,-8.46003,0.7000000000000001,2.1,2.81,2026-09-07T00:00:00,2004-03-26T00:00:00,3/26/2004,1080259200,2026-08-14T00:00:00
90,CCIF,-0.1478,22.64151,26.56827,0.06,-40.38,19,Morningstar US CEF Senior Loans,25,Carlyle Global Credit Inv Mgmt,True,2.71,-0.04,3.24,2026-07-31T00:00:00,92535C104,Carlyle Credit Income Ord,2026-09-07,XCCIFX,Fixed Income - Taxable-Senior Loans,45.93,57.448,,Monthly,0.18345,0.06,8.65,8.718,,,11.36,,124.684,True,False,False,False,True,False,,-16.46,-15.07,-13.62,-11.34,-32.71,-31.98,,,-39.74,1296230,,,46.8847,,,,3.93821,-10.19402,-0.79,0.22,-0.66,2026-09-07T00:00:00,2011-12-30T00:00:00,12/30/2011,1325203200,2026-08-19T00:00:00
91,IGR,0.0228,16.40091,16.03563,0.06,3.61,7,Morningstar US CEF Real Estate,26,CBRE Investment Management Listed Real Assets LLC,True,4.49,-0.02,4.39,2026-09-04T00:00:00,12504G100,CBRE Global Real Estate Income,2026-09-07,XIGRX,Equity-Real Estate,32.53,680.848,,Monthly,0.04079,0.06,15.0,,,,3.84,,986.618,True,False,True,False,True,False,,6.0,10.87,-3.26,-0.63,8.96,15.49,,,5.05,7153450,,,,,,,4.70261,1.12098,0.52,1.3,1.23,2026-09-07T00:00:00,2004-02-18T00:00:00,2/18/2004,1077062400,2026-08-20T00:00:00
92,CET,-0.1841,0.92344,1.1318,0.31,14.2,10,Morningstar US CEF US Equity,27,Central Securities Corp,False,54.78,0.13,67.14,2026-09-04T00:00:00,155123102,Central Securities Corporation,2026-09-07,XCETX,Equity-U.S. Equity,0.32,1618.709,,Semi-Annually,0.8325400000000001,0.31,10.0,,,,0.46,,1983.938,True,True,False,False,False,False,,18.97,20.77,10.54,11.52,7.98,7.86,,,14.9,371340,,,,,,0.05,51.90596,-15.61627,-3.1,-2.52,-2.99,2026-09-07T00:00:00,1980-07-28T00:00:00,7/28/1980,333590400,2026-06-12T00:00:00
93,EMO,-0.0983,7.17608,7.95873,0.41,33.89,6,Morningstar US CEF MLP,54,"Franklin Templeton Fund Adviser, LLC",False,54.28,-0.92,60.2,2026-09-04T00:00:00,18469P209,ClearBridge Energy Midstream Opportunity,2026-09-07,XEMOX,Equity-MLP,23.77,1085.07,,Monthly,-0.08994,0.41,20.0,,,,3.12,,1578.621,True,True,False,False,False,False,,28.97,31.82,27.77,31.61,30.87,29.78,,,25.9,575990,,,,,,,48.58464,-9.64914,-0.08,0.92,0.66,2026-09-07T00:00:00,2011-06-13T00:00:00,6/13/2011,1307923200,2026-08-24T00:00:00
94,GLV,-0.12140000000000001,9.81503,11.17105,0.0566,16.91,25,Morningstar US CEF Global Allocation,28,Clough Capital Partners L.P.,True,6.08,-0.02,6.92,2026-09-04T00:00:00,18913Y103,Clough Global Dividend and Income,2026-09-07,XGLVX,Hybrid-Global Allocation,32.91,75.451,,Monthly,0.00647,0.0566,20.0,4.812,,,3.06,,128.006,True,False,False,False,True,False,,12.74,16.77,0.87,-1.1400000000000001,9.44,10.02,,,16.92,401160,,,,,14.12,11.85,6.15293,-11.92827,-0.2,0.42,0.32,2026-09-07T00:00:00,2004-07-28T00:00:00,7/28/2004,1090972800,2026-08-18T00:00:00
95,GLQ,-0.1023,9.94091,11.07342,0.07289999999999999,15.47,5,Morningstar US CEF Global Equity,28,Clough Capital Partners L.P.,True,7.9,0.0,8.8,2026-09-04T00:00:00,18914C100,Clough Global Equity,2026-09-07,XGLQX,Equity-Global Equity,33.26,148.031,,Monthly,-0.056870000000000004,0.07289999999999999,20.0,,,,3.41,,247.065,True,False,True,False,True,False,,17.75,23.11,-0.41000000000000003,-0.9,8.54,12.55,,,20.42,622880,,,,,0.06,,8.00481,-11.24862,0.93,0.19,0.48,2026-09-07T00:00:00,2005-04-27T00:00:00,4/27/2005,1114560000,2026-08-18T00:00:00
96,GLO,-0.10439999999999999,10.1962,11.38516,0.0537,10.64,25,Morningstar US CEF Global Allocation,28,Clough Capital Partners L.P.,True,5.66,-0.03,6.32,2026-09-04T00:00:00,18914E106,Clough Global Opportunities,2026-09-07,XGLOX,Hybrid-Global Allocation,33.89,242.057,,Monthly,-0.0235,0.0537,20.0,4.8247,,,3.54,,408.833,True,False,True,False,True,False,,13.53,18.46,-2.89,-3.9,5.72,9.24,,,15.23,1508700,,,,,16.22,13.53,5.81831,-11.39857,0.96,0.44,0.78,2026-09-07T00:00:00,2006-04-25T00:00:00,4/25/2006,1145923200,2026-08-18T00:00:00
97,FOF,-0.0111,7.71049,7.79686,0.087,15.88,26,Morningstar US CEF US Allocation,30,"Cohen &amp; Steers Capital Management, Inc.",False,13.39,-0.03,13.54,2026-09-04T00:00:00,19248P106,Cohen & Steers Closed-End Opportunity,2026-09-07,XFOFX,Hybrid-U.S. Allocation,,371.891,,Monthly,0.17872,0.087,20.0,6.1386,,7.64,0.9500000000000001,,376.057,False,False,False,False,False,False,,18.07,17.37,7.97,7.11,8.11,8.51,,,12.57,619440,,,95.6359,,,,13.49951,1.05395,-1.26,-1.8,-1.73,2026-09-07T00:00:00,2006-11-20T00:00:00,11/20/2006,1163980800,2026-09-08T00:00:00
98,UTF,-0.023,7.22364,7.39358,0.16499999999999998,13.81,8,Morningstar US CEF Sector Equity,29,Cohen &amp; Steers,False,26.78,-0.1,27.41,2026-09-04T00:00:00,19248A109,Cohen & Steers Infrastructure,2026-09-07,XUTFX,Equity-Sector Equity,28.31,2994.274,,Monthly,0.38602000000000003,0.16499999999999998,20.0,5.4498,,,3.43,,4274.715,True,True,True,False,False,False,,16.2,16.59,7.74,6.43,12.1,18.08,,,9.53,3634960,,,103.041,,7.43,,25.83621,-5.27234,1.21,-0.24,0.84,2026-09-07T00:00:00,2004-03-30T00:00:00,3/30/2004,1080604800,2026-09-08T00:00:00
99,LDP,-0.0688,7.11634,7.6422,0.131,6.41,18,Morningstar US CEF Preferreds,30,"Cohen &amp; Steers Capital Management, Inc.",False,20.57,0.02,22.09,2026-09-04T00:00:00,19248C105,Cohen & Steers Ltd Duration Pref & Inc,2026-09-07,XLDPX,Fixed Income - Taxable-Preferreds,32.9,598.16,,Monthly,0.7218,0.131,25.0,,,,3.67,,957.36,True,False,False,False,False,False,,11.76,13.8,4.3,2.9699999999999998,2.85,3.29,,,4.74,620610,,,,,88.99,,21.04377,-5.87646,-0.71,-0.67,-0.04,2026-09-07T00:00:00,2012-07-27T00:00:00,7/27/2012,1343347200,2026-09-08T00:00:00
100,RQI,-0.06849999999999999,8.307690000000001,8.91825,0.09,13.23,7,Morningstar US CEF Real Estate,29,Cohen &amp; Steers,False,12.11,-0.06,13.0,2026-09-04T00:00:00,19247L106,Cohen & Steers Qual Inc Realty,2026-09-07,XRQIX,Equity-Real Estate,27.08,1781.071,,Monthly,0.13034,0.09,15.0,4.5417000000000005,,,3.45,,2622.093,True,False,False,False,False,False,,12.01,11.12,3.3,2.52,17.1,12.9,,,6.78,5018070,,,102.1293,,7.49,,12.42029,-3.98286,-0.96,0.48,-0.71,2026-09-07T00:00:00,2002-02-28T00:00:00,2/28/2002,1014854400,2026-09-08T00:00:00
101,RLTY,-0.0794,7.8806,8.56031,0.11,12.04,7,Morningstar US CEF Real Estate,30,"Cohen &amp; Steers Capital Management, Inc.",True,15.42,0.0,16.75,2026-09-04T00:00:00,19249Q103,Cohen & Steers Real Estate Opp & Inc Fd,2026-09-07,XRLTX,Equity-Real Estate,33.48,257.86,,Monthly,0.17708000000000002,0.11,20.0,5.2869,,,4.55,,421.1,True,True,False,False,True,False,,11.32,13.9,,,12.6,11.5,,,8.1,599260,,,104.0393,,,,15.32046,-7.38723,-0.4,1.09,0.8300000000000001,2026-09-07T00:00:00,2022-02-24T00:00:00,2/24/2022,1645660800,2026-09-08T00:00:00
102,RNP,-0.0659,7.5766,8.11133,0.13599999999999998,9.42,7,Morningstar US CEF Real Estate,30,"Cohen &amp; Steers Capital Management, Inc.",True,20.12,-0.11,21.54,2026-09-04T00:00:00,19247X100,Cohen & Steers REIT & Preferred Inc Fd,2026-09-07,XRNPX,Equity-Real Estate,30.33,965.762,,Monthly,0.40266,0.13599999999999998,25.0,5.8091,,,3.37,,1484.047,True,False,False,False,True,False,,11.69,10.75,3.41,2.44,10.14,6.8100000000000005,,,-2.66,1201980,,,106.003,,6.69,,20.74262,-3.22862,-0.97,0.8300000000000001,-0.53,2026-09-07T00:00:00,2003-06-27T00:00:00,6/27/2003,1056672000,2026-09-08T00:00:00
103,PSF,-0.10460000000000001,7.02602,7.8463899999999995,0.126,5.66,18,Morningstar US CEF Preferreds,29,Cohen &amp; Steers,False,19.27,-0.02,21.52,2026-09-04T00:00:00,19248Y107,Cohen & Steers Select Preferred & Inc,2026-09-07,XPSFX,Fixed Income - Taxable-Preferreds,33.26,231.783,,Monthly,0.69831,0.126,25.0,7.0987,,,3.76,,387.847,True,False,False,False,False,False,,11.29,10.71,3.13,-1.5,2.06,1.09,,,2.94,377360,,,101.0886,,86.4,,20.09142,-8.37191,-1.42,-1.33,-1.21,2026-09-07T00:00:00,2010-11-24T00:00:00,11/24/2010,1290556800,2026-09-08T00:00:00
104,PTA,-0.08900000000000001,7.94859,8.72491,0.13399999999999998,4.62,18,Morningstar US CEF Preferreds,30,"Cohen &amp; Steers Capital Management, Inc.",True,18.43,-0.06,20.23,2026-09-04T00:00:00,19249X108,Cohen & Steers Tax-adv Prd Sec and Inc,2026-09-07,XPTAX,Fixed Income - Taxable-Preferreds,35.11,1018.69,,Monthly,0.63166,0.13399999999999998,25.0,7.3128,,,4.36,,1723.087,True,False,False,False,True,False,,10.01,9.61,2.74,1.8599999999999999,1.5,1.1,,,-0.63,1401140,,,103.3882,,,,19.44149,-6.53342,-1.51,-1.6600000000000001,-1.6099999999999999,2026-09-07T00:00:00,2020-10-28T00:00:00,10/28/2020,1603843200,2026-09-08T00:00:00
105,RFI,-0.0301,8.25451,8.51064,0.08,9.1,7,Morningstar US CEF Real Estate,30,"Cohen &amp; Steers Capital Management, Inc.",False,11.28,-0.05,11.63,2026-09-04T00:00:00,19247R103,Cohen & Steers Total Return,2026-09-07,XRFIX,Equity-Real Estate,0.04,301.725,,Monthly,0.15782000000000002,0.08,15.0,6.5819,,,0.9400000000000001,,311.213,True,False,False,False,False,False,,9.52,8.93,2.7,0.68,11.15,8.41,,,1.78,944580,,,,,,,11.43913,-1.1745700000000001,-0.67,1.1,0.13,2026-09-07T00:00:00,1993-09-27T00:00:00,9/27/1993,749088000,2026-09-08T00:00:00
106,STK,-0.0634,3.29651,3.51979,0.46249999999999997,79.33,3,Morningstar US CEF Covered Call,31,"Columbia Mgmt Investment Advisers, LLC",True,52.56,0.35000000000000003,56.12,2026-09-04T00:00:00,19842X109,Columbia Seligman Premium Technology Gr,2026-09-07,XSTKX,Equity-Covered-Call Funds,,928.279,,Quarterly,-0.11919,0.46249999999999997,20.0,,,,1.12,,991.154,False,True,False,False,True,False,,38.16,32.09,21.73,20.22,49.41,46.43,,,76.17,563230,,,,,,,43.13909,-4.41644,-0.93,0.15,-0.63,2026-09-07T00:00:00,2009-11-25T00:00:00,11/25/2009,1259107200,2026-08-17T00:00:00
107,CLM,0.0582,22.92453,21.66419,0.1215,16.72,10,Morningstar US CEF US Equity,32,"Cornerstone Advisors, LLC",True,6.73,-0.02,6.36,2026-09-04T00:00:00,21924B302,Cornerstone Strategic Investment Fund,2026-09-07,XCLMX,Equity-U.S. Equity,0.0,2084.122,,Monthly,-0.00202,0.1215,38.52,,,,1.1,,1969.542,True,False,False,False,True,False,,19.73,12.29,12.1,7.86,9.63,-8.97,,,-0.37,18655790,,,,,,,7.7851,19.04038,-2.99,-1.76,-2.35,2026-09-07T00:00:00,1987-06-23T00:00:00,6/23/1987,551404800,2026-08-14T00:00:00
108,CRF,0.047,22.87196,21.8452,0.1176,17.04,10,Morningstar US CEF US Equity,32,"Cornerstone Advisors, LLC",True,6.46,-0.03,6.17,2026-09-04T00:00:00,21924U300,Cornerstone Total Return Fund,2026-09-07,XCRFX,Equity-U.S. Equity,9.5,1091.032,,Monthly,-0.00521,0.1176,25.0,,,,1.13,,1042.054,True,False,False,False,True,False,,20.08,9.97,12.54,6.75,9.74,-8.96,,,-1.6099999999999999,12587760,,,,,,,7.4703100000000004,17.87171,-2.92,-1.78,-2.3,2026-09-07T00:00:00,1973-05-16T00:00:00,5/16/1973,106358400,2026-08-14T00:00:00
109,DXYZ,-0.0466,,,,395.66,8,Morningstar US CEF Sector Equity,34,Destiny Advisors LLC,True,32.7,5.97,34.3,2026-03-31T00:00:00,25063F107,Destiny Tech100 Inc,2026-09-07,DXYZ,Equity-Sector Equity,,1558.395,,Monthly,-0.28507,,,,,,4.53,,1634.647,False,True,False,False,True,False,,,,,,71.76,4.9,,,17.43,19937300,,,,,,,30.22862,73.9993,-0.89,0.9500000000000001,-0.21,2026-09-07T00:00:00,2024-03-26T00:00:00,3/26/2024,1711411200,
110,DMA,-0.1414,15.03341,17.50973,0.11249999999999999,0.62,26,Morningstar US CEF US Allocation,35,Destra Capital Advisors LLC,True,7.71,0.01,8.98,2026-09-04T00:00:00,25065A502,Destra Multi-Alternative,2026-09-07,XDMAX,Hybrid-U.S. Allocation,10.95,69.107,,Monthly,0.19305,0.11249999999999999,,,,,3.29,,90.39,True,False,True,False,True,False,,1.4,17.43,-0.24,,-1.5,-4.93,,,2.32,259030,,,,,0.11,,8.21819,-14.66328,0.2,0.97,1.1,2026-09-07T00:00:00,2022-01-13T00:00:00,1/13/2022,1642032000,2026-08-21T00:00:00
111,DNP,0.1223,8.15047,7.26257,0.065,11.22,8,Morningstar US CEF Sector Equity,39,Duff &amp; Phelps Inv Mgmt Co (IL),True,10.74,-0.01,9.57,2026-09-04T00:00:00,23325P104,DNP Select Income,2026-09-07,XDNPX,Equity-Sector Equity,23.36,4068.34,,Monthly,0.10944,0.065,10.0,5.6735,,,2.5300000000000002,,4729.992,True,True,True,False,True,False,,16.02,11.43,8.53,8.38,10.08,13.86,,,18.4,5911750,,,,,7.32,5.71,10.40149,6.75485,1.58,0.9500000000000001,1.24,2026-09-07T00:00:00,1987-01-21T00:00:00,1/21/1987,538185600,2026-08-31T00:00:00
112,DSL,-0.0789,11.5688,12.55947,0.11,3.17,13,Morningstar US CEF Global Income,37,DoubleLine Capital LP,False,10.51,-0.03,11.41,2026-09-04T00:00:00,258622109,DoubleLine Income Solutions Fund,2026-09-07,XDSLX,Fixed Income - Taxable-Global Income,23.65,1204.142,,Monthly,0.47242,0.11,25.0,7.5984,,,2.98,,1712.256,True,False,False,False,False,False,,9.89,7.13,1.01,0.56,3.7800000000000002,2.24,,,-4.06,5713180,,,92.0647,,,,11.234210000000001,-4.62418,-1.79,-1.79,-2.11,2026-09-07T00:00:00,2013-04-26T00:00:00,4/26/2013,1366934400,2026-08-19T00:00:00
113,DBL,-0.0193,9.08465,9.26316,0.11,2.92,17,Morningstar US CEF Multi-Sector,36,DoubleLine,False,14.25,-0.02,14.53,2026-09-04T00:00:00,258623107,Doubleline Opportunistic Cred,2026-09-07,XDBLX,Fixed Income - Taxable-Multi-Sector,8.01,281.75,,Monthly,0.46533,0.11,25.0,6.3207,,,2.02,,312.286,True,False,False,False,False,False,,9.09,8.81,2.64,1.8599999999999999,2.26,-1.57,,,-0.84,633070,,,84.4462,,,,14.80986,-0.9422200000000001,-0.5700000000000001,1.35,1.07,2026-09-07T00:00:00,2012-01-26T00:00:00,1/26/2012,1327536000,2026-08-19T00:00:00
114,DLY,-0.0823,9.29263,10.12581,0.1167,3.7800000000000002,17,Morningstar US CEF Multi-Sector,37,DoubleLine Capital LP,True,13.83,-0.02,15.07,2026-09-04T00:00:00,25862D105,DoubleLine Yield Opportunities Fund,2026-09-07,XDLYX,Fixed Income - Taxable-Multi-Sector,16.06,671.3,,Monthly,0.62071,0.1167,20.0,7.4846,,,2.89,,871.488,True,False,False,False,True,False,,8.76,8.22,2.7800000000000002,2.08,2.76,1.8399999999999999,,,-1.4,2090030,,,95.3595,,,,14.39923,-6.67423,-1.09,-0.68,-0.72,2026-09-07T00:00:00,2020-02-25T00:00:00,2/25/2020,1582588800,2026-08-19T00:00:00
115,DTF,-0.0426,3.26087,3.40611,0.0325,1.9100000000000001,21,Morningstar US CEF Municipal,38,Duff &amp; Phelps,False,11.45,-0.02,11.96,2026-09-04T00:00:00,23334J107,DTF Tax-Free Income 2028 Term,2026-09-07,XDTFX,Fixed Income - Municipal-Municipal,32.16,80.489,,Monthly,0.13742000000000001,0.0325,15.0,4.9315,,,1.08,,84.074,True,True,True,False,False,False,,2.38,5.65,-2.5,-1.48,0.91,3.63,,,5.84,74580,,,104.7125,,8.11,2.2,11.42935,-5.44641,1.21,-0.21,0.62,2026-09-07T00:00:00,1991-11-29T00:00:00,11/29/1991,691372800,2026-08-17T00:00:00
116,DPG,-0.1057,5.6962,6.36943,0.075,21.33,8,Morningstar US CEF Sector Equity,39,Duff &amp; Phelps Inv Mgmt Co (IL),True,14.13,-0.08,15.8,2026-09-04T00:00:00,26433C105,Duff & Phelps Utility and Infra Fund Inc,2026-09-07,XDPGX,Equity-Sector Equity,21.93,508.639,,Monthly,0.045200000000000004,0.075,20.0,,,,3.34,,728.563,True,True,True,False,True,False,,22.17,24.56,11.42,8.97,15.97,18.01,,,20.11,715810,,,,,,,13.87174,-10.59346,0.02,-0.21,0.31,2026-09-07T00:00:00,2011-07-29T00:00:00,7/29/2011,1311897600,2026-08-31T00:00:00
117,KTF,-0.0091,8.35616,8.43318,0.061,7.77,21,Morningstar US CEF Municipal,41,"DWS Investment Management Americas, Inc.",False,8.68,0.01,8.76,2026-09-04T00:00:00,233368109,DWS Municipal Income,2026-09-07,XKTFX,Fixed Income - Municipal-Municipal,37.39,340.115,,Monthly,0.19611,0.061,12.0,4.4738,,15.48,3.14,,548.249,True,False,True,False,False,False,,3.31,9.15,-1.83,-0.77,0.04,1.6,,,7.57,1336260,,,97.3387,,13.42,8.84,9.10223,-1.6837,0.8200000000000001,-0.17,0.03,2026-09-07T00:00:00,1988-10-20T00:00:00,10/20/1988,593308800,2026-08-19T00:00:00
118,GRF,-0.1727,6.88259,8.31955,0.85,4.95,10,Morningstar US CEF US Equity,98,Sims Capital Management LLC,False,10.2169,-0.33,12.35,2026-08-28T00:00:00,269451100,Eagle Capital Growth,2026-09-07,XGRFX,Equity-U.S. Equity,,40.539,,Annually,0.02503,0.85,10.0,,,,1.28,,49.003,False,False,False,False,False,False,,10.77,10.12,7.69,8.24,3.26,-6.08,,,3.31,30810,,,,,,,10.45065,-13.16412,-1.16,-0.71,-0.87,2026-09-07T00:00:00,1990-07-02T00:00:00,7/2/1990,646876800,2025-11-21T00:00:00
119,ECC,-0.0926,16.66667,18.36735,0.06,-23.56,19,Morningstar US CEF Senior Loans,42,Eagle Point Credit Management,False,3.92,0.08,4.38,2026-07-31T00:00:00,269808101,Eagle Point Credit Company LLC,2026-09-07,XECCX,Fixed Income - Taxable-Senior Loans,30.45,521.402,,Monthly,0.61938,0.06,20.0,,,,9.21,,826.215,True,False,False,False,False,False,,-3.1,-9.06,-0.92,-3.43,-12.38,-18.55,,,-32.09,14374020,,,,,,,4.83992,-9.1029,-0.02,1.52,0.45,2026-09-07T00:00:00,2014-10-08T00:00:00,10/8/2014,1412726400,2026-08-11T00:00:00
120,EIC,-0.183,10.78431,13.2,0.11,-4.74,14,Morningstar US CEF High Yield,43,Eagle Point Income Management LLC,False,10.0,0.04,12.35,2026-07-31T00:00:00,269817102,Eagle Point Income Co Inc,2026-09-07,XEICX,Fixed Income - Taxable-High Yield,11.84,230.438,,Monthly,,0.11,19.89,10.1647,,,6.36,,319.938,True,False,False,False,False,False,,10.51,2.61,6.21,2.3,-1.4100000000000001,-4.45,,,-18.04,1473380,,,87.475,,,,10.83487,-16.64748,-0.36,0.45,0.07,2026-09-07T00:00:00,2019-07-23T00:00:00,7/23/2019,1563840000,2026-08-11T00:00:00
121,CEV,-0.030899999999999997,5.61272,5.79151,0.049999999999999996,8.37,22,Morningstar US CEF Municipal-CA,45,Eaton Vance Management,False,10.36,0.01,10.69,2026-09-04T00:00:00,27826F101,Eaton Vance CA Muni Inc,2026-09-07,XCEVX,Fixed Income - Municipal-Municipal - CA,33.38,72.868,0.02,Monthly,0.23213,0.049999999999999996,15.0,6.8647,,,2.48,,112.856,True,True,True,False,False,False,,3.02,8.97,-1.65,-0.37,0.78,10.54,,,19.2,264730,3.0,,101.3992,,,9.77,10.30637,-6.90351,1.8599999999999999,0.88,1.44,2026-09-07T00:00:00,1999-01-29T00:00:00,1/29/1999,917568000,2026-08-13T00:00:00
122,EOI,-0.064,7.50631,8.01998,0.1338,9.92,3,Morningstar US CEF Covered Call,45,Eaton Vance Management,True,20.02,-0.05,21.39,2026-09-04T00:00:00,278274105,Eaton Vance Enhanced Equity Income,2026-09-07,XEOIX,Equity-Covered-Call Funds,,820.855,,Monthly,-0.04159,0.1338,20.0,,,,1.1,,877.027,False,False,False,False,True,False,,17.35,15.16,10.5,9.23,6.07,3.42,,,2.0,797400,,,,,,,20.08881,-4.03387,-0.91,0.23,-0.41000000000000003,2026-09-07T00:00:00,2004-10-26T00:00:00,10/26/2004,1098748800,2026-08-14T00:00:00
123,EOS,-0.0984,7.62135,8.45328,0.1523,7.66,3,Morningstar US CEF Covered Call,44,Eaton Vance,True,21.62,-0.02,23.98,2026-09-04T00:00:00,278277108,Eaton Vance Enhanced Equity Income II,2026-09-07,XEOSX,Equity-Covered-Call Funds,,1152.692,,Monthly,-0.06004,0.1523,20.0,,,,1.09,,1278.518,False,False,False,False,True,False,,16.82,15.04,8.13,5.6,2.89,-2.38,,,-2.22,1183760,,,,,,,22.40344,-7.15672,-1.09,-0.8300000000000001,-0.9500000000000001,2026-09-07T00:00:00,2005-01-26T00:00:00,1/26/2005,1106697600,2026-08-14T00:00:00
124,EFT,-0.111,7.1118500000000004,8.0,0.071,1.3,19,Morningstar US CEF Senior Loans,45,Eaton Vance Management,False,10.65,0.01,11.98,2026-09-04T00:00:00,278279104,Eaton Vance Floating-Rate Income,2026-09-07,XEFTX,Fixed Income - Taxable-Senior Loans,31.59,283.056,,Monthly,0.42226,0.071,20.0,6.7698,,,4.45,,465.405,True,False,False,False,False,False,,6.06,5.75,4.83,2.33,0.53,-0.97,,,-4.2,1128470,,,,,,,11.1097,-9.41267,-1.16,-0.98,-0.86,2026-09-07T00:00:00,2004-06-29T00:00:00,6/29/2004,1088467200,2026-08-14T00:00:00
125,EVV,-0.0915,8.38191,9.22566,0.06949999999999999,2.27,16,Morningstar US CEF Limited Duration,44,Eaton Vance,False,9.04,0.0,9.95,2026-09-04T00:00:00,27828H105,Eaton Vance Limited Duration Income,2026-09-07,XEVVX,Fixed Income - Taxable-Limited Duration,40.93,1050.479,,Monthly,0.31291,0.06949999999999999,20.0,6.6631,,0.0,4.04,,1957.376,True,False,False,False,False,False,,7.35,9.05,3.16,2.17,0.4,-2.59,,,-3.69,3245510,,,97.9783,,,,9.64881,-6.36123,-1.49,-1.08,-1.33,2026-09-07T00:00:00,2003-05-30T00:00:00,5/30/2003,1054252800,2026-08-13T00:00:00
126,EIM,-0.0669,6.0,6.4303799999999995,0.0508,5.71,21,Morningstar US CEF Municipal,45,Eaton Vance Management,False,9.48,-0.02,10.16,2026-09-04T00:00:00,27827X101,Eaton Vance Municipal Bond,2026-09-07,XEIMX,Fixed Income - Municipal-Municipal,31.12,487.012,0.030000000000000002,Monthly,0.24144000000000002,0.0508,15.0,6.6154,,,2.88,,757.791,True,False,True,False,False,False,,2.5700000000000003,5.88,-1.67,-2.05,0.02,2.6,,,3.76,1538630,7.0,,104.6316,,,8.07,9.84128,-7.06359,0.39,0.44,0.28,2026-09-07T00:00:00,2002-08-30T00:00:00,8/30/2002,1030665600,2026-08-14T00:00:00
127,EVN,0.0202,5.91354,5.79661,0.0513,6.99,21,Morningstar US CEF Municipal,44,Eaton Vance,False,10.62,0.04,10.41,2026-09-04T00:00:00,27826U108,Eaton Vance Municipal Income,2026-09-07,XEVNX,Fixed Income - Municipal-Municipal,34.42,423.981,0.045,Monthly,0.26558,0.0513,15.0,7.2679,,,2.46,,633.75,True,False,True,False,False,False,,3.7199999999999998,10.08,-1.3599999999999999,-0.41000000000000003,0.99,3.98,,,9.12,767930,7.0,,102.7977,,,7.67,10.8337,0.5562,0.8200000000000001,0.51,1.05,2026-09-07T00:00:00,1999-01-29T00:00:00,1/29/1999,917568000,2026-08-13T00:00:00
128,EOT,-0.0437,4.65417,4.86698,0.0683,6.8,21,Morningstar US CEF Municipal,45,Eaton Vance Management,False,16.84,-0.02,17.61,2026-09-04T00:00:00,27829L105,Eaton Vance National Municipal Opprs Tr,2026-09-07,XEOTX,Fixed Income - Municipal-Municipal,12.77,263.124,0.099,Monthly,0.41933000000000004,0.0683,20.0,5.6835,,,1.25,,315.452,True,False,True,False,False,False,,4.21,6.47,-0.36,-0.97,0.9500000000000001,5.27,,,9.0,368130,20.0,,98.0285,,,9.17,17.08695,-5.55781,0.61,-0.45,0.15,2026-09-07T00:00:00,2009-05-27T00:00:00,5/27/2009,1243382400,2026-08-14T00:00:00
129,ETJ,-0.0859,8.4913,9.28894,0.06509999999999999,2.25,3,Morningstar US CEF Covered Call,45,Eaton Vance Management,True,8.41,-0.02,9.2,2026-09-04T00:00:00,27829G106,Eaton Vance Risk-Mgd Divers Eq Inc,2026-09-07,XETJX,Equity-Covered-Call Funds,,566.008,,Monthly,-0.01498,0.06509999999999999,20.0,,,,1.12,,619.176,False,False,True,False,True,False,,11.15,11.22,6.05,3.9,0.05,2.44,,,3.5,1340030,,,,,,,8.60607,-8.79436,0.25,0.14,0.47000000000000003,2026-09-07T00:00:00,2007-07-31T00:00:00,7/31/2007,1185840000,2026-08-14T00:00:00
130,EFR,-0.1165,6.98734,7.90831,0.06899999999999999,2.09,19,Morningstar US CEF Senior Loans,45,Eaton Vance Management,False,10.47,-0.01,11.85,2026-09-04T00:00:00,27828Q105,Eaton Vance Senior Floating Rate,2026-09-07,XEFRX,Fixed Income - Taxable-Senior Loans,31.1,309.112,,Monthly,0.42058,0.06899999999999999,20.0,6.7598,,4.83,3.26,,507.76,True,False,False,False,False,False,,6.16,5.27,5.0,3.04,1.16,-0.36,,,-2.04,1447820,,,,,,,10.86188,-9.952770000000001,-1.17,-1.48,-0.6900000000000001,2026-09-07T00:00:00,2003-11-24T00:00:00,11/24/2003,1069632000,2026-08-14T00:00:00
131,EVF,-0.1257,7.00885,8.01619,0.033,2.39,19,Morningstar US CEF Senior Loans,45,Eaton Vance Management,False,4.94,-0.01,5.65,2026-09-04T00:00:00,27826S103,Eaton Vance Senior Income,2026-09-07,XEVFX,Fixed Income - Taxable-Senior Loans,28.54,89.761,,Monthly,0.22106,0.033,10.0,6.8671,,,2.76,,143.667,True,False,False,False,False,False,,6.42,5.09,4.7,2.83,1.4,-0.41000000000000003,,,-2.83,774600,,,,,,,5.16269,-10.10136,-1.3,-2.1,-1.54,2026-09-07T00:00:00,1998-10-30T00:00:00,10/30/1998,909705600,2026-08-13T00:00:00
132,EVG,-0.0461,7.89901,8.28056,0.073,5.75,16,Morningstar US CEF Limited Duration,45,Eaton Vance Management,True,10.579,-0.02,11.09,2026-09-04T00:00:00,27828V104,Eaton Vance Short Duration Divers Inc,2026-09-07,XEVGX,Fixed Income - Taxable-Limited Duration,12.34,142.361,,Monthly,0.30311,0.073,20.0,5.7273,,,2.77,,170.237,True,False,False,False,True,False,,9.47,11.14,4.85,4.35,2.63,3.7,,,3.13,371070,,,97.5071,,,,10.87084,-3.58074,-0.8,-0.75,-0.38,2026-09-07T00:00:00,2005-02-28T00:00:00,2/28/2005,1109548800,2026-08-14T00:00:00
133,ETG,-0.09230000000000001,5.84847,6.44352,0.1293,29.1,5,Morningstar US CEF Global Equity,45,Eaton Vance Management,False,24.08,0.04,26.53,2026-09-04T00:00:00,27828S101,Eaton Vance Tax Adv Global Dividend Inc,2026-09-07,XETGX,Equity-Global Equity,15.45,1837.832,,Monthly,0.39383,0.1293,20.0,7.0383,,,2.2800000000000002,,2394.82,True,True,False,False,False,False,,20.94,22.15,10.79,9.9,16.39,9.84,,,24.52,1104820,,,,,3.76,,22.46502,-7.42064,-0.8300000000000001,0.42,0.33,2026-09-07T00:00:00,2004-01-30T00:00:00,1/30/2004,1075420800,2026-08-14T00:00:00
134,EVT,-0.0625,6.3675,6.7923,0.1646,25.63,26,Morningstar US CEF US Allocation,45,Eaton Vance Management,True,29.08,0.08,31.02,2026-09-04T00:00:00,27828G107,Eaton Vance Tax Advantaged Dividend Inc,2026-09-07,,Hybrid-U.S. Allocation,16.2,2167.704,,Monthly,0.12479,0.1646,20.0,7.0577,,,2.27,,2759.317,True,True,True,False,True,False,,17.19,17.97,9.47,8.47,18.42,20.38,,,27.78,1013830,,,,,4.98,,25.8731,-8.48039,2.02,1.18,1.6600000000000001,2026-09-07T00:00:00,2003-09-30T00:00:00,9/30/2003,1064880000,2026-08-14T00:00:00
135,ETO,-0.10060000000000001,5.92816,6.59144,0.17329999999999998,27.08,25,Morningstar US CEF Global Allocation,45,Eaton Vance Management,True,31.55,-0.12,35.08,2026-09-04T00:00:00,27828U106,Eaton Vance Tax-Advantaged Glbl Div Opp,2026-09-07,XETOX,Hybrid-Global Allocation,15.19,517.046,,Monthly,0.64905,0.17329999999999998,20.0,7.1114,,,2.26,,677.896,True,True,False,False,True,False,,19.91,20.38,9.81,7.75,15.06,9.64,,,24.39,314800,,,,,3.63,,29.44627,-9.02305,-0.85,0.15,-0.06,2026-09-07T00:00:00,2004-04-30T00:00:00,4/30/2004,1083283200,2026-08-14T00:00:00
136,ETB,-0.08929999999999999,7.40723,8.13325,0.10579999999999999,16.8,3,Morningstar US CEF Covered Call,45,Eaton Vance Management,True,15.61,-0.03,17.14,2026-09-04T00:00:00,27828X100,Eaton Vance Tax-Managed Buy-Write Income,2026-09-07,XETBX,Equity-Covered-Call Funds,,458.539,,Monthly,0.00844,0.10579999999999999,20.0,,,,1.12,,503.483,False,True,False,False,True,False,,15.2,15.0,9.82,7.74,9.74,8.8,,,14.46,519570,,,,,,,15.24142,-7.32068,-1.73,-0.98,-1.23,2026-09-07T00:00:00,2005-04-27T00:00:00,4/27/2005,1114560000,2026-08-14T00:00:00
137,ETV,-0.0601,7.30595,7.77299,0.0993,17.26,3,Morningstar US CEF Covered Call,45,Eaton Vance Management,True,15.33,0.03,16.31,2026-09-04T00:00:00,27828Y108,Eaton Vance Tax-Managed Buy-Write Opp,2026-09-07,XETVX,Equity-Covered-Call Funds,,1789.848,,Monthly,-0.00319,0.0993,20.0,,,,1.08,,1904.267,False,True,True,False,True,False,,16.4,16.15,9.1,7.66,8.71,12.99,,,19.26,1786840,,,,,,,14.50967,-7.12682,1.06,-0.07,0.71,2026-09-07T00:00:00,2005-06-27T00:00:00,6/27/2005,1119830400,2026-08-14T00:00:00
138,ETY,-0.0901,7.50095,8.24377,0.0992,10.32,3,Morningstar US CEF Covered Call,45,Eaton Vance Management,True,14.44,-0.06,15.87,2026-09-04T00:00:00,27828N102,Eaton Vance Tax-Managed Divrs Equity Inc,2026-09-07,XETYX,Equity-Covered-Call Funds,,2300.012,,Monthly,-0.02538,0.0992,20.0,,,,1.06,,2527.783,False,False,False,False,True,False,,16.94,14.88,10.79,8.45,6.09,-0.37,,,-0.99,2324400,,,,,,,14.9301,-3.86727,-1.52,-1.11,-1.48,2026-09-07T00:00:00,2006-11-27T00:00:00,11/27/2006,1164585600,2026-08-14T00:00:00
139,EXG,-0.0706,7.32714,7.884,0.0657,24.05,3,Morningstar US CEF Covered Call,45,Eaton Vance Management,True,10.0,0.0,10.76,2026-09-04T00:00:00,27829F108,Eaton Vance Tax-Mgd Glb Divrs Equity Inc,2026-09-07,XEXGX,Equity-Covered-Call Funds,,3059.36,,Monthly,0.03165,0.0657,20.0,,,,1.07,,3291.872,False,True,False,False,True,False,,16.7,18.64,9.15,7.75,13.02,10.77,,,21.67,4498550,,,,,,,9.39739,-6.84204,-0.18,1.48,1.25,2026-09-07T00:00:00,2007-02-23T00:00:00,2/23/2007,1172188800,2026-08-14T00:00:00
140,ETW,-0.1013,7.2700700000000005,8.08934,0.0664,20.65,3,Morningstar US CEF Covered Call,44,Eaton Vance,True,9.85,-0.02,10.96,2026-09-04T00:00:00,27829C105,Eaton Vance Tx-Mgd Glbl Buy-Write Opp,2026-09-07,XETWX,Equity-Covered-Call Funds,,1069.688,,Monthly,0.06057,0.0664,20.0,,,,1.1,,1190.232,False,True,False,False,True,False,,16.02,17.6,8.39,6.97,12.08,13.49,,,19.72,3129260,,,,,,,9.2877,-10.09202,-0.04,0.6900000000000001,0.51,2026-09-07T00:00:00,2005-09-28T00:00:00,9/28/2005,1127865600,2026-08-14T00:00:00
141,EARN,0.08460000000000001,23.8806,22.01835,0.08,-17.94,19,Morningstar US CEF Senior Loans,46,Ellington Credit Co Management LLC,True,4.36,-0.22,4.18,2026-06-30T00:00:00,288578107,Ellington Credit Company,2026-09-07,EARN,Fixed Income - Taxable-Senior Loans,52.01,166.426,,Monthly,,0.08,5.5,,,,8.65,,319.722,True,False,True,False,True,False,,,-4.46,,-12.94,-10.89,-4.13,,,-5.98,3980730,,,,,,,4.9241,-2.70575,0.93,-0.02,0.36,2026-09-07T00:00:00,2025-04-01T00:00:00,4/1/2025,1743465600,2026-08-31T00:00:00
142,ECF,-0.1336,6.18847,7.14286,0.22,21.73,11,Morningstar US CEF Convertibles,60,Gabelli Funds LLC,False,12.32,0.03,14.22,2026-09-04T00:00:00,289074106,Ellsworth Growth and Income Fund,2026-09-07,XECFX,Fixed Income - Taxable-Convertibles,13.5,168.265,,Quarterly,0.01674,0.22,10.0,2.3543,,,1.22,,224.52,True,True,False,False,False,False,,20.66,20.37,5.3,4.35,15.25,9.14,,,20.81,313810,,,,,52.2,,12.196110000000001,-10.80561,-1.51,-1.67,-1.77,2026-09-07T00:00:00,1986-06-20T00:00:00,6/20/1986,519609600,2026-06-15T00:00:00
143,EEA,-0.1445,3.3987600000000002,3.9729,0.21989999999999998,16.29,5,Morningstar US CEF Global Equity,40,DWS,False,11.07,0.01,12.94,2026-09-04T00:00:00,298768102,European Equity Fund,2026-09-07,XEEAX,Equity-Global Equity,1.24,75.853,,Semi-Annually,0.11774,0.21989999999999998,10.0,,,,1.42,,89.778,True,True,False,False,False,False,,13.15,15.18,5.87,6.77,11.15,10.49,,,15.3,284110,,,,,,,10.72818,-14.01847,-0.29,0.52,0.6900000000000001,2026-09-07T00:00:00,1986-07-23T00:00:00,7/23/1986,522460800,2026-05-26T00:00:00
144,ETX,0.0060999999999999995,5.20177,5.17025,0.07819999999999999,2.62,21,Morningstar US CEF Municipal,45,Eaton Vance Management,False,18.15,0.0,18.04,2026-09-04T00:00:00,27829U105,EV Municipal Income 2028 Term Trust,2026-09-07,XETTX,Fixed Income - Municipal-Municipal,3.2800000000000002,197.764,0.17300000000000001,Monthly,0.34061,0.07819999999999999,20.0,4.4384,,,0.89,,203.235,True,False,False,False,False,True,,3.73,7.32,0.86,-0.27,1.4,0.47000000000000003,,,0.61,175600,2.0,,101.174,,,2.12,18.83409,2.51133,-1.43,-0.87,-1.16,2026-09-07T00:00:00,2013-03-26T00:00:00,3/26/2013,1364256000,2026-08-14T00:00:00
145,FMN,-0.0863,4.5264,4.95413,0.045,6.76,21,Morningstar US CEF Municipal,47,Federated Advisers,False,10.9,-0.01,11.93,2026-09-04T00:00:00,31423P108,Federated Premier Municipal Income,2026-09-07,XFMNX,Fixed Income - Municipal-Municipal,38.07,85.224,,Monthly,0.27121,0.045,15.0,5.0469,,,3.7,,150.627,True,False,True,False,False,False,,3.94,7.15,-1.47,-2.66,-0.27,3.2800000000000002,,,9.4,264170,15.72,,103.46340000000001,,13.75,8.69,11.14479,-10.18889,1.69,0.86,1.08,2026-09-07T00:00:00,2002-12-20T00:00:00,12/20/2002,1040342400,2026-08-21T00:00:00
146,FFA,-0.0922,6.03113,6.64381,0.38749999999999996,21.63,3,Morningstar US CEF Covered Call,49,First Trust Advisors L.P.,True,23.33,0.01,25.7,2026-09-04T00:00:00,337318109,First Trust Enhanced Equity Income,2026-09-07,XFFAX,Equity-Covered-Call Funds,,466.322,,Quarterly,0.04003,0.38749999999999996,20.0,,,,1.12,,513.694,False,True,False,False,True,False,,19.3,16.95,11.13,9.27,11.48,9.8,,,18.03,264790,,,,,,,21.98912,-8.91684,-0.25,1.04,0.97,2026-09-07T00:00:00,2004-08-26T00:00:00,8/26/2004,1093478400,2026-06-22T00:00:00
147,FTHY,-0.0385,10.88534,11.32075,0.125,2.09,14,Morningstar US CEF High Yield,49,First Trust Advisors L.P.,True,13.25,-0.03,13.78,2026-09-04T00:00:00,33741Q107,FIRST TRUST HY OPPORTUNITIES 2027 Term,2026-09-07,XFTHYX,Fixed Income - Taxable-High Yield,21.53,487.242,,Monthly,0.42555,0.125,20.0,6.428,,,3.5,,645.732,True,False,True,False,True,True,,6.64,10.37,1.65,1.74,-0.02,2.34,,,1.78,1006890,,,98.6569,,,,13.83527,-4.27369,0.42,-0.72,0.19,2026-09-07T00:00:00,2020-06-25T00:00:00,6/25/2020,1593043200,2026-09-01T00:00:00
148,FPF,-0.0603,8.8853,9.45559,0.13749999999999998,4.33,18,Morningstar US CEF Preferreds,49,First Trust Advisors L.P.,False,17.45,0.0,18.57,2026-09-04T00:00:00,33718W103,First Trust Inter Dur Pref & Income Fund,2026-09-07,XFPFX,Fixed Income - Taxable-Preferreds,36.62,1061.795,,Monthly,0.64279,0.13749999999999998,25.0,7.3995,,,4.2,,1782.886,True,False,False,False,False,False,,11.18,15.27,2.13,0.85,-0.1,0.99,,,1.06,1194970,,,101.3111,,5.93,,18.42536,-5.29305,-0.62,-0.66,-0.4,2026-09-07T00:00:00,2013-05-23T00:00:00,5/23/2013,1369267200,2026-09-01T00:00:00
149,FMY,-0.07519999999999999,6.31068,6.82409,0.065,3.13,15,Morningstar US CEF Investment Grade,49,First Trust Advisors L.P.,False,11.4301,-0.41000000000000003,12.36,2026-09-04T00:00:00,33734E103,First Trust Mortgage Income,2026-09-07,XFMYX,Fixed Income - Taxable-Investment Grade,7.11,48.156,,Monthly,0.16028,0.065,20.0,5.027,,,1.4,,52.074,True,False,False,False,False,False,,7.49,8.6,3.71,3.26,0.8200000000000001,-0.1,,,1.33,60950,,,90.346,,,,11.910540000000001,-6.22935,-1.17,-1.01,-0.8,2026-09-07T00:00:00,2005-05-25T00:00:00,5/25/2005,1116979200,2026-09-01T00:00:00
150,DFP,-0.091,7.1027,7.81368,0.1314,5.48,18,Morningstar US CEF Preferreds,51,Flaherty &amp; Crumrine Inc,False,20.18,-0.13,22.2,2026-09-04T00:00:00,33848W106,Flah & Crum Dynamic Pref & Income Fund,2026-09-07,XDFPX,Fixed Income - Taxable-Preferreds,37.73,414.46,,Monthly,0.77839,0.1314,25.0,7.3869,,,4.3,,732.247,True,False,False,False,False,False,,11.18,12.91,2.64,0.42,1.87,3.59,,,5.46,532370,,,102.9091,,7.14,,21.02413,-7.18991,-1.34,-1.17,-1.08,2026-09-07T00:00:00,2013-05-24T00:00:00,5/24/2013,1369353600,2026-08-24T00:00:00
151,FFC,-0.081,7.31043,7.95437,0.1046,5.73,18,Morningstar US CEF Preferreds,51,Flaherty &amp; Crumrine Inc,False,15.78,-0.02,17.17,2026-09-04T00:00:00,338478100,Flah&Crum Preferred Securities,2026-09-07,XFFCX,Fixed Income - Taxable-Preferreds,37.77,760.247,,Monthly,0.624,0.1046,25.0,7.3168,,,4.1,,1329.214,True,False,False,False,False,False,,11.55,13.71,2.62,0.16,2.06,1.43,,,5.65,1064720,,,102.3775,,7.28,,16.31561,-6.85748,-0.93,-1.13,-0.26,2026-09-07T00:00:00,2003-01-31T00:00:00,1/31/2003,1043971200,2026-08-24T00:00:00
152,FLC,-0.10640000000000001,6.95114,7.77886,0.10669999999999999,5.33,18,Morningstar US CEF Preferreds,51,Flaherty &amp; Crumrine Inc,False,16.46,-0.02,18.42,2026-09-04T00:00:00,338479108,Flah&Crum Total Return Fund,2026-09-07,XFLCX,Fixed Income - Taxable-Preferreds,38.09,172.119,,Monthly,0.629,0.10669999999999999,25.0,7.4035,,,4.5600000000000005,,311.115,True,False,False,False,False,False,,11.08,12.79,2.37,-0.09,1.71,-0.79,,,3.47,218690,,,103.068,,7.57,,17.22761,-8.37683,-1.75,-1.85,-1.81,2026-09-07T00:00:00,2003-08-29T00:00:00,8/29/2003,1062115200,2026-08-24T00:00:00
153,PFD,-0.0851,6.8363,7.4721,0.0703,5.21,18,Morningstar US CEF Preferreds,50,Flaherty &amp; Crumrine,False,11.29,-0.04,12.34,2026-09-04T00:00:00,338480106,Flaherty & Crumrine Preferred Income,2026-09-07,XPFDX,Fixed Income - Taxable-Preferreds,36.48,145.105,,Monthly,0.41405000000000003,0.0703,15.0,7.2969,,,4.31,,249.701,True,False,False,False,False,False,,10.86,12.86,2.5,0.06,1.9,0.97,,,6.76,264000,,,103.0638,,7.33,,11.64617,-7.38807,-1.01,-0.8,-0.4,2026-09-07T00:00:00,1991-01-31T00:00:00,1/31/1991,665280000,2026-08-24T00:00:00
154,PFO,-0.1063,6.7567,7.5600000000000005,0.0567,5.2,18,Morningstar US CEF Preferreds,51,Flaherty &amp; Crumrine Inc,False,9.0,-0.02,10.07,2026-09-04T00:00:00,33848E106,Flaherty & Crumrine Preferred Income Opp,2026-09-07,XPFOX,Fixed Income - Taxable-Preferreds,37.97,117.696,,Monthly,0.34372,0.0567,12.5,7.4124,,,4.62,,212.289,True,False,False,False,False,False,,11.0,13.14,2.38,0.02,1.9,0.58,,,4.68,309300,,,102.9109,,7.54,,9.36726,-8.66745,-1.37,-1.87,-1.32,2026-09-07T00:00:00,1992-02-13T00:00:00,2/13/1992,697939200,2026-08-24T00:00:00
155,FXBY,-0.3432,0.34301,0.5222600000000001,0.13,22.6,10,Morningstar US CEF US Equity,73,Midas Management Corporation,False,24.8916,0.0,37.9,2026-09-04T00:00:00,351645205,FOXBY CORP,2026-09-07,,Equity-U.S. Equity,12.3,12.986,,Annually,-0.10635,0.13,10.0,,,,2.98,,22.547,True,True,True,False,False,False,,24.72,31.79,13.92,16.52,16.2,7.06,,,35.4,2600,,,,,,,22.146,-34.70717,0.09,1.6400000000000001,0.55,2026-09-07T00:00:00,1999-10-29T00:00:00,10/29/1999,941155200,2025-12-15T00:00:00
156,FTF,-0.0949,11.67722,12.9021,0.0615,3.9,16,Morningstar US CEF Limited Duration,53,"Franklin Advisers, Inc.",True,5.72,-0.02,6.32,2026-09-04T00:00:00,35472T101,Franklin Limited Duration Income Trust,2026-09-07,XFTFX,Fixed Income - Taxable-Limited Duration,28.92,231.119,,Monthly,0.27933,0.0615,15.0,6.7342,,,3.66,,359.252,True,False,False,False,True,False,,7.06,9.78,3.56,2.69,3.04,1.9500000000000002,,,1.6099999999999999,1893890,,,98.5867,,5.86,,6.0158,-8.02006,-1.13,-0.92,-1.09,2026-09-07T00:00:00,2003-08-27T00:00:00,8/27/2003,1061942400,2026-08-24T00:00:00
157,PMM,-0.0467,6.16822,6.47059,0.033,7.69,21,Morningstar US CEF Municipal,53,"Franklin Advisers, Inc.",False,6.12,0.0,6.42,2026-09-04T00:00:00,746823103,Franklin Managed Municipal Income,2026-09-07,XPMMX,Fixed Income - Municipal-Municipal,30.04,262.14,,Monthly,0.15044,0.033,10.0,5.017,,,1.06,,393.041,True,False,True,False,False,False,,5.4,7.83,-0.34,-1.28,0.59,2.94,,,12.07,993840,,,94.3248,,13.46,9.47,6.23139,-6.65609,1.15,-0.09,0.66,2026-09-07T00:00:00,1989-02-24T00:00:00,2/24/1989,604281600,2026-08-24T00:00:00
158,PIM,-0.0541,7.92793,8.38095,0.022,3.37,15,Morningstar US CEF Investment Grade,53,"Franklin Advisers, Inc.",False,3.15,-0.01,3.33,2026-09-04T00:00:00,746909100,Franklin Master Intermediate Income,2026-09-07,XPIMX,Fixed Income - Taxable-Investment Grade,37.0,151.781,,Monthly,0.07573,0.022,10.0,5.6026,,,1.02,,254.677,True,False,False,False,False,False,,7.18,9.17,3.33,3.18,1.65,0.91,,,3.27,951140,,,92.1741,,,,3.2661,-4.65213,-0.43,0.73,0.39,2026-09-07T00:00:00,1988-04-29T00:00:00,4/29/1988,578275200,2026-08-24T00:00:00
159,PMO,-0.0664,5.75646,6.16601,0.052,6.67,21,Morningstar US CEF Municipal,53,"Franklin Advisers, Inc.",False,10.12,-0.05,10.84,2026-09-04T00:00:00,746922103,Franklin Municipal Opportunities,2026-09-07,XPMOX,Fixed Income - Municipal-Municipal,35.01,277.283,,Monthly,0.22914,0.052,15.0,4.9449000000000005,21.2967,17.07,1.04,,456.975,True,False,True,True,False,False,,4.48,5.71,-0.53,-2.39,-0.37,-0.91,,,8.62,640420,,,96.3899,,13.34,9.36,10.45447,-7.55571,0.87,0.2,0.8,2026-09-07T00:00:00,1993-05-28T00:00:00,5/28/1993,738547200,2026-08-24T00:00:00
160,PPT,-0.0659,8.57143,9.17647,0.026,3.29,13,Morningstar US CEF Global Income,53,"Franklin Advisers, Inc.",False,3.4,0.0,3.64,2026-09-04T00:00:00,746853100,Franklin Premier Income,2026-09-07,XPPTX,Fixed Income - Taxable-Global Income,30.23,324.93,,Monthly,0.08203,0.026,10.0,5.5877,,,0.9400000000000001,,498.615,True,False,False,False,False,False,,7.16,8.44,3.42,2.9699999999999998,1.57,3.14,,,1.83,1582330,,,92.1578,,,,3.54399,-5.58045,-0.76,0.22,-0.19,2026-09-07T00:00:00,1988-02-29T00:00:00,2/29/1988,573091200,2026-08-24T00:00:00
161,FT,-0.1048,5.93714,6.63199,0.042499999999999996,7.39,26,Morningstar US CEF US Allocation,53,"Franklin Advisers, Inc.",False,7.69,0.0,8.59,2026-09-04T00:00:00,355145103,Franklin Universal Trust,2026-09-07,XFUTX,Hybrid-U.S. Allocation,21.75,193.264,,Monthly,0.1812,0.042499999999999996,10.0,7.2423,,,2.99,,275.883,True,False,False,False,False,False,,12.0,11.98,5.91,5.16,4.06,0.54,,,3.61,448060,,,88.5569,,4.99,,8.0295,-8.17594,-2.02,-1.94,-2.09,2026-09-07T00:00:00,1988-09-23T00:00:00,9/23/1988,590976000,2026-08-24T00:00:00
162,FSCO,-0.2556,10.01124,13.44906,0.059399999999999994,7.86,17,Morningstar US CEF Multi-Sector,56,FS Global Advisor LLC,True,5.3,0.04,7.12,2026-09-04T00:00:00,30290Y101,FS Credit Opportunities Corp.,2026-09-07,XFSCX,Fixed Income - Taxable-Multi-Sector,32.58,1051.286,,Monthly,0.31886000000000003,0.059399999999999994,,,,,7.0,,2094.845,True,False,False,False,True,False,,12.0,11.86,,,7.27,-9.78,,,-20.98,14653890,,,,,,,5.67207,-20.39026,-0.52,2.38,1.6600000000000001,2026-09-07T00:00:00,2022-11-14T00:00:00,11/14/2022,1668384000,2026-08-24T00:00:00
163,FSSL,-0.3307,10.02235,14.97496,0.1495,,19,Morningstar US CEF Senior Loans,57,FS Specialty Lending Advisor LLC,True,11.98,0.09,17.9,2026-09-04T00:00:00,644323107,FS Specialty Lending Fund,2026-09-07,FSSL,Fixed Income - Taxable-Senior Loans,27.49,909.494,,Monthly,,0.1495,14.12,,,,6.14,,1874.142,True,True,True,False,True,False,,,,,,4.6,-8.53,,,,0,,,92.6454,,,,,,,2.27,0.7000000000000001,2026-09-07T00:00:00,2025-11-13T00:00:00,11/13/2025,1762992000,2026-08-24T00:00:00
164,VCX,5.903,,,,66.4,8,Morningstar US CEF Sector Equity,58,"Fundrise Advisors, LLC",False,36.88,0.0,18.97,2026-03-31T00:00:00,360852107,Fundrise Innovation Common Share,2026-09-07,XVCX,Equity-Sector Equity,,,,,,,,6.2108,,,0.0,,,False,True,True,False,False,False,,23.59,,,,,,,,,0,,,88.8115,,,,,,,,,2026-09-07T00:00:00,2022-07-25T00:00:00,7/25/2022,1658707200,
165,GCV,0.0,10.52632,10.52632,0.12,19.72,26,Morningstar US CEF US Allocation,59,Gabelli,True,4.5600000000000005,0.02,4.56,2026-09-04T00:00:00,36240B109,Gabelli Conv Inc Secs,2026-09-07,XGCVX,Hybrid-U.S. Allocation,6.2,91.873,,Quarterly,-0.0030600000000000002,0.12,11.25,2.2444,,,2.07,,97.948,True,True,True,False,True,False,,16.23,17.83,2.9699999999999998,4.39,14.56,15.96,,,25.24,617360,,,,,,,4.4141,-1.21089,0.43,-0.04,0.09,2026-09-07T00:00:00,1995-03-31T00:00:00,3/31/1995,796608000,2026-06-15T00:00:00
166,GDV,-0.1188,5.29101,6.004,0.15,18.05,10,Morningstar US CEF US Equity,60,Gabelli Funds LLC,True,29.98,-0.18,34.02,2026-09-04T00:00:00,36242H104,Gabelli Dividend & Income,2026-09-07,XGDVX,Equity-U.S. Equity,13.9,2643.261,,Monthly,0.03689,0.15,20.0,,,,1.83,,3483.892,True,True,False,False,True,False,,17.11,20.26,8.35,8.77,14.02,13.18,,,19.1,1053180,,,,,0.19,,28.37784,-10.73684,-1.72,-1.52,-1.46,2026-09-07T00:00:00,2003-11-28T00:00:00,11/28/2003,1069977600,2026-08-17T00:00:00
167,GAB,-0.0406,10.15228,10.58201,0.15,16.36,10,Morningstar US CEF US Equity,59,Gabelli,True,5.67,-0.02,5.91,2026-09-04T00:00:00,362397101,Gabelli Equity,2026-09-07,XGABX,Equity-U.S. Equity,14.66,1940.934,,Quarterly,-0.0032400000000000003,0.15,10.0,,,,1.6099999999999999,,2370.544,True,False,False,False,True,False,,16.29,13.61,9.17,7.37,12.53,-1.52,,,4.7,7707150,,,,,0.37,0.31,5.86055,1.2839800000000001,-0.88,0.61,-0.09,2026-09-07T00:00:00,1986-08-21T00:00:00,8/21/1986,524966400,2026-06-15T00:00:00
168,GGZ,-0.1159,4.57018,5.16923,0.21,15.32,5,Morningstar US CEF Global Equity,59,Gabelli,False,16.25,-0.11,18.38,2026-09-04T00:00:00,36249W104,Gabelli Global Small & Mid Cap Value Tru,2026-09-07,XGGZX,Equity-Global Equity,22.02,125.249,,Quarterly,-0.02634,0.21,12.0,,,,2.31,,181.666,True,True,False,False,False,False,,14.23,18.34,4.71,5.96,13.06,12.44,,,20.26,87180,,,,,0.24,0.18,15.40617,-11.40577,-0.12,-0.5700000000000001,-0.74,2026-09-07T00:00:00,2014-06-23T00:00:00,6/23/2014,1403481600,2026-06-15T00:00:00
169,GLU,-0.040999999999999995,6.5639,6.8447,0.11,18.06,8,Morningstar US CEF Sector Equity,60,Gabelli Funds LLC,True,19.285,0.17,20.11,2026-09-04T00:00:00,36242L105,Gabelli Global Utility & Income,2026-09-07,XGLUX,Equity-Sector Equity,17.72,115.468,,Monthly,0.0712,0.11,20.0,,,,1.35,,146.332,True,True,False,False,True,False,,18.34,19.43,6.16,6.05,13.63,3.73,,,13.88,93950,,,,,0.14,0.11,19.24369,-0.86592,-0.9500000000000001,0.52,-0.35000000000000003,2026-09-07T00:00:00,2004-05-25T00:00:00,5/25/2004,1085443200,2026-08-17T00:00:00
170,GRX,-0.11,6.03372,6.77966,0.16999999999999998,12.82,8,Morningstar US CEF Sector Equity,59,Gabelli,False,10.03,-0.06,11.27,2026-09-04T00:00:00,36246K103,Gabelli Healthcare & Wellness Trust,2026-09-07,XXGRX,Equity-Sector Equity,29.42,150.958,,Quarterly,-0.0454,0.16999999999999998,8.0,,,,3.17,,240.341,True,True,False,False,False,False,,4.82,8.36,-0.9400000000000001,0.11,10.04,7.84,,,13.72,292390,,,,,0.22,0.15,9.43711,-10.17028,-0.96,-0.59,-1.04,2026-09-07T00:00:00,2007-06-19T00:00:00,6/19/2007,1182211200,2026-06-15T00:00:00
171,GGT,0.1063,22.88828,20.68966,0.08,19.48,8,Morningstar US CEF Sector Equity,59,Gabelli,False,4.06,0.01,3.67,2026-09-04T00:00:00,36239Q109,Gabelli Multimedia,2026-09-07,XGGTX,Equity-Sector Equity,33.02,155.814,,Monthly,-0.01985,0.08,7.5,,,,2.13,,210.272,True,False,True,False,False,False,,20.99,5.95,1.92,0.34,12.27,11.82,,,18.65,2629160,,,,,0.27,,4.15151,9.95777,0.28,-0.35000000000000003,-0.03,2026-09-07T00:00:00,1994-11-15T00:00:00,11/15/1994,784857600,2026-08-17T00:00:00
172,GUT,1.1694,19.93355,9.18836,0.049999999999999996,14.67,8,Morningstar US CEF Sector Equity,59,Gabelli,False,6.53,0.04,3.01,2026-09-04T00:00:00,36240A101,Gabelli Utility Trust,2026-09-07,XGUTX,Equity-Sector Equity,14.96,583.689,,Monthly,0.025500000000000002,0.049999999999999996,7.5,,,,1.52,,316.376,True,True,True,False,False,False,,16.83,10.01,7.82,6.17,11.1,13.75,,,20.01,1972900,,,,,0.19,0.17,6.17142,95.56297,2.09,1.21,1.43,2026-09-07T00:00:00,1999-07-09T00:00:00,7/9/1999,931478400,2026-08-17T00:00:00
173,GGN,-0.0919,5.80645,6.3943200000000004,0.034999999999999996,36.52,8,Morningstar US CEF Sector Equity,59,Gabelli,True,5.63,-0.01,6.2,2026-09-04T00:00:00,36465A109,GAMCO Global Gold Natural Resources&Inc,2026-09-07,XGGNX,Equity-Sector Equity,7.37,879.545,,Monthly,0.03338,0.034999999999999996,20.0,6.2544,,,1.29,,1045.643,True,True,False,False,True,False,,26.08,23.99,19.53,17.65,17.36,14.18,,,27.56,6064560,,,,,0.58,0.53,5.19734,-6.53655,-0.8300000000000001,-0.25,-0.58,2026-09-07T00:00:00,2005-03-29T00:00:00,3/29/2005,1112054400,2026-08-17T00:00:00
174,GNT,0.0088,7.9033999999999995,7.8346,0.06,31.53,3,Morningstar US CEF Covered Call,60,Gabelli Funds LLC,False,9.19,-0.03,9.11,2026-09-04T00:00:00,36465E101,"GAMCO Natural Resources, Gold & Inc Tr",2026-09-07,XGNTX,Equity-Covered-Call Funds,16.3,148.749,,Monthly,0.01129,0.06,20.0,6.2672,,,1.9500000000000002,,176.178,True,True,True,False,False,False,,22.28,31.48,15.79,19.63,15.54,31.2,,,47.02,977970,,,,,0.89,0.74,8.0188,-4.27702,1.1400000000000001,-0.65,0.48,2026-09-07T00:00:00,2011-01-27T00:00:00,1/27/2011,1296086400,2026-08-17T00:00:00
175,GDL,-0.2182,4.4568200000000004,5.70071,0.12,5.88,26,Morningstar US CEF US Allocation,60,Gabelli Funds LLC,True,8.42,0.0,10.77,2026-09-04T00:00:00,361570104,GDL Fund,2026-09-07,XGDLX,Hybrid-U.S. Allocation,10.04,92.28,,Quarterly,-0.042820000000000004,0.12,20.0,,,,3.27,,131.205,True,False,False,False,True,False,,6.46,8.24,4.93,4.49,5.48,3.77,,,4.5,99680,,,,,0.19,0.17,8.46142,-20.62742,-1.3900000000000001,-1.1400000000000001,-1.35,2026-09-07T00:00:00,2007-01-25T00:00:00,1/25/2007,1169683200,2026-06-15T00:00:00
176,GAM,-0.1134,8.53561,9.62696,6.4,22.26,10,Morningstar US CEF US Equity,61,General American Investors Co Inc,False,66.48,-0.67,74.98,2026-09-04T00:00:00,368802104,General American Investors,2026-09-07,XGAMX,Equity-U.S. Equity,9.61,1584.359,,Annually,0.00036,6.4,10.0,,,,1.07,,1976.971,True,True,False,False,False,False,,22.33,27.53,13.77,16.46,14.7,13.45,,,23.34,243570,,,,,0.03,,62.27852,-10.64382,-0.88,-0.19,-0.5,2026-09-07T00:00:00,1927-02-01T00:00:00,2/1/1927,-1354320000,2025-11-17T00:00:00
177,GUG,-0.0596,8.67316,9.2233,0.11875,6.52,25,Morningstar US CEF Global Allocation,62,Guggenheim Funds Investment Advisors LLC,False,15.45,-0.05,16.43,2026-09-04T00:00:00,40170T106,Guggenheim Active Allocation Fund,2026-09-07,XGUGX,Hybrid-Global Allocation,24.55,509.542,,Monthly,0.54925,0.11875,20.0,5.74,,,3.19,,718.158,True,False,True,False,False,False,,9.65,12.57,,,3.31,4.46,,,4.6,816690,,,95.2366,,,,15.65297,-6.03825,0.04,-0.38,-0.5,2026-09-07T00:00:00,2021-11-23T00:00:00,11/23/2021,1637625600,2026-08-14T00:00:00
178,GOF,-0.09369999999999999,21.11304,23.29638,0.18209999999999998,9.06,17,Morningstar US CEF Multi-Sector,62,Guggenheim Funds Investment Advisors LLC,False,9.38,-0.07,10.35,2026-09-04T00:00:00,40167F101,Guggenheim Strategic Opp Fund,2026-09-07,XGOFX,Fixed Income - Taxable-Multi-Sector,21.04,2095.94,,Monthly,0.35596,0.18209999999999998,20.0,5.7615,,,1.9700000000000002,,2928.961,True,False,False,False,False,False,,13.89,-0.68,7.89,-1.02,3.7199999999999998,-17.13,,,-24.38,16546390,,,98.0989,,,,11.96667,8.07518,-1.9,-2.23,-2.98,2026-09-07T00:00:00,2007-07-26T00:00:00,7/26/2007,1185408000,2026-08-14T00:00:00
179,GBAB,-0.0285,10.73851,11.05319,0.12572999999999998,3.8200000000000003,20,Morningstar US CEF Taxable Muni,62,Guggenheim Funds Investment Advisors LLC,False,13.65,0.01,14.05,2026-09-04T00:00:00,401664107,Guggenheim Tax Muni & Inv Grade Debt Tr,2026-09-07,XGBAX,Fixed Income - Taxable-Taxable Muni,29.15,378.098,,Monthly,0.46383,0.12572999999999998,20.0,5.7718,,,2.83,,549.326,True,False,False,False,False,False,,6.78,5.99,-0.9,-2.5700000000000003,0.63,-1.7000000000000002,,,-2.63,871460,12.76,,96.372,,5.22,,14.75726,-0.02332,-1.42,-1.22,-0.9400000000000001,2026-09-07T00:00:00,2010-10-26T00:00:00,10/26/2010,1288051200,2026-08-14T00:00:00
180,HERZ,-0.1508,10.69743,12.59648,0.16999999999999998,-1.08,10,Morningstar US CEF US Equity,104,Thomas J Herzfeld Advisors Inc,False,16.195,0.88,19.24,2026-07-31T00:00:00,42804T205,Herzfeld Credit Income Fund,2026-09-07,HERZ,Equity-U.S. Equity,,315.538,,Monthly,0.05541,0.16999999999999998,5.2,,,,4.33,,371.554,False,False,False,False,False,False,,9.38,15.57,4.4,6.31,-6.91,-24.32,,,-9.02,110250,,,,,,,19.53026,-12.08004,-0.67,-0.13,-0.35000000000000003,2026-09-07T00:00:00,1994-05-20T00:00:00,5/20/1994,769392000,2026-08-17T00:00:00
181,PCF,-0.12619999999999998,10.97792,12.56318,0.057999999999999996,0.04,11,Morningstar US CEF Convertibles,22,Bulldog Investors LLP,False,5.54,-0.03,6.34,2026-09-04T00:00:00,42968F108,High Income Securities,2026-09-07,XPCFX,Fixed Income - Taxable-Convertibles,1.06,103.689,,Monthly,0.16873,0.057999999999999996,7.5,5.0759,,21.21,1.65,,118.662,True,False,True,False,False,False,,8.11,5.66,5.5,1.13,-1.48,-2.75,,,-4.28,764750,,,,,,,5.8573,-12.6761,0.03,1.83,1.27,2026-09-07T00:00:00,1987-07-09T00:00:00,7/9/1987,552787200,2026-08-18T00:00:00
182,HGLB,-0.359,8.82353,13.76518,0.08499999999999999,2.67,25,Morningstar US CEF Global Allocation,78,"NexPoint Asset Management, L.P.",False,7.41,-0.06,11.56,2026-09-04T00:00:00,43010T104,Highland Global Allocation Fund,2026-09-07,XHGLX,Hybrid-Global Allocation,2.79,174.805,,Monthly,0.20544,0.08499999999999999,15.0,9.7875,,,1.35,,272.706,True,False,False,False,False,False,,8.85,11.18,9.12,7.99,0.25,-10.63,,,-1.71,781190,,,,,0.31,,8.57109,-30.23712,-1.37,0.22,-0.81,2026-09-07T00:00:00,1998-01-05T00:00:00,1/5/1998,883958400,2026-08-24T00:00:00
183,HFRO,-0.3799,3.86611,6.23482,0.0385,7.06,19,Morningstar US CEF Senior Loans,78,"NexPoint Asset Management, L.P.",True,7.41,0.12,11.95,2026-09-04T00:00:00,43010E404,Highland Opportunities and Income Ord,2026-09-07,XHFOX,Fixed Income - Taxable-Senior Loans,17.43,410.427,,Monthly,0.29586,0.0385,15.0,8.0186,,,2.18,,801.646,True,True,True,False,True,False,,-0.5,4.47,1.8599999999999999,0.31,7.09,29.05,,,27.83,1394280,,,,,,,6.47989,-44.15993,1.5899999999999999,0.27,1.01,2026-09-07T00:00:00,2000-01-13T00:00:00,1/13/2000,947721600,2026-08-24T00:00:00
184,VKI,0.013999999999999999,7.84561,7.73702,0.0559,7.61,21,Morningstar US CEF Municipal,65,"Invesco Advisers, Inc",False,8.67,-0.08,8.55,2026-09-04T00:00:00,46132E103,Invesco Adv Muni Inc II,2026-09-07,XVKIX,Fixed Income - Municipal-Municipal,37.81,385.055,-0.002,Monthly,0.21381,0.0559,15.0,5.1931,,20.22,3.33,,610.551,True,False,True,False,False,False,,3.63,10.85,-1.34,-0.79,0.58,3.4,,,16.65,1234740,17.15,,96.6445,,10.05,8.68,8.97752,0.04764,0.51,-1.04,0.05,2026-09-07T00:00:00,1993-08-27T00:00:00,8/27/1993,746409600,2026-08-17T00:00:00
185,VBF,-0.0818,5.01887,5.46575,0.0665,1.9,15,Morningstar US CEF Investment Grade,65,"Invesco Advisers, Inc",False,14.6,0.0,15.9,2026-09-04T00:00:00,46132L107,Invesco Bond,2026-09-07,XVBFX,Fixed Income - Taxable-Investment Grade,,166.806,0.001,Monthly,0.40588,0.0665,20.0,5.6338,,15.48,0.5700000000000001,,181.659,False,False,False,False,False,False,,5.4,5.29,-0.41000000000000003,-0.97,-0.47000000000000003,-1.43,,,-0.03,511500,,,96.9961,,,,15.23344,-6.95055,-1.3599999999999999,-1.43,-1.4100000000000001,2026-09-07T00:00:00,1970-10-28T00:00:00,10/28/1970,25920000,2026-08-17T00:00:00
186,VCV,0.0536,7.98352,7.57771,0.06459999999999999,8.25,22,Morningstar US CEF Municipal-CA,65,"Invesco Advisers, Inc",False,10.23,-0.05,9.71,2026-09-04T00:00:00,46132H106,Invesco CA Value,2026-09-07,XVCVX,Fixed Income - Municipal-Municipal - CA,40.01,496.247,-0.039,Monthly,0.22155,0.06459999999999999,15.0,5.1828,,20.77,3.35,,785.118,True,False,True,False,False,False,,3.35,11.35,-1.23,0.03,-0.12,-1.02,,,10.59,992630,15.53,,94.3565,,11.52,8.96,10.77859,4.97545,0.19,0.2,0.5,2026-09-07T00:00:00,1993-04-30T00:00:00,4/30/1993,736128000,2026-08-17T00:00:00
187,VLT,-0.08039999999999999,10.04677,10.92574,0.0895,5.39,14,Morningstar US CEF High Yield,65,"Invesco Advisers, Inc",False,9.83,-0.04,10.69,2026-09-04T00:00:00,46131F101,Invesco High Income II,2026-09-07,XVLTX,Fixed Income - Taxable-High Yield,30.5,64.006,-0.029,Monthly,0.36908,0.0895,60.0,6.9603,,6.78,3.41,,100.155,True,False,False,False,False,False,,8.24,9.39,3.13,1.96,2.45,-5.16,,,-1.75,176660,,,99.0033,,,,10.70623,-2.69928,-2.06,-1.75,-2.3,2026-09-07T00:00:00,1989-04-28T00:00:00,4/28/1989,609724800,2026-08-17T00:00:00
188,VMO,-0.0021,7.8534,7.86988,0.0625,7.52,21,Morningstar US CEF Municipal,65,"Invesco Advisers, Inc",False,9.53,0.08,9.55,2026-09-04T00:00:00,46132C107,Invesco Muni Opp,2026-09-07,XVMOX,Fixed Income - Municipal-Municipal,37.33,642.71,-0.012,Monthly,0.23512,0.0625,15.0,5.3225,,20.36,3.26,,1027.661,True,False,True,False,False,False,,3.56,9.72,-1.46,-1.22,0.43,6.55,,,13.38,2399120,17.21,,96.2895,,11.8,8.97,9.69506,-3.28009,1.73,0.96,1.49,2026-09-07T00:00:00,1992-04-24T00:00:00,4/24/1992,704073600,2026-08-17T00:00:00
189,VKQ,-0.001,7.8581900000000005,7.86639,0.0628,7.29,21,Morningstar US CEF Municipal,65,"Invesco Advisers, Inc",False,9.58,0.02,9.59,2026-09-04T00:00:00,46131J103,Invesco Municipal,2026-09-07,XVKQX,Fixed Income - Municipal-Municipal,38.5,530.114,-0.006,Monthly,0.23747000000000001,0.0628,15.0,5.3716,,20.5,3.24,,862.817,True,False,True,False,False,False,,3.59,9.71,-1.3900000000000001,-1.24,0.45,5.91,,,14.76,1927400,15.92,,96.6798,,11.71,8.94,9.724920000000001,-3.46856,1.74,0.79,1.31,2026-09-07T00:00:00,1991-09-27T00:00:00,9/27/1991,685929600,2026-08-17T00:00:00
190,OIA,0.0017000000000000001,5.83946,5.82972,0.029099999999999997,9.25,21,Morningstar US CEF Municipal,65,"Invesco Advisers, Inc",False,5.99,0.03,5.98,2026-09-04T00:00:00,46132X101,Invesco Municipal Inc Opp I,2026-09-07,XOIAX,Fixed Income - Municipal-Municipal,31.22,286.793,0.019,Monthly,0.16802,0.029099999999999997,10.0,7.0142,,22.18,2.45,,416.299,True,False,True,False,False,False,,5.06,4.27,-0.18,-1.21,1.6400000000000001,4.9,,,12.16,1227880,30.48,,87.4958,,,,6.10143,-1.12366,0.84,1.01,1.06,2026-09-07T00:00:00,1988-09-19T00:00:00,9/19/1988,590630400,2026-08-17T00:00:00
191,VPV,0.08039999999999999,7.75581,7.17848,0.0667,6.72,24,Morningstar US CEF Municipal-Single State,65,"Invesco Advisers, Inc",False,11.15,-0.02,10.32,2026-09-04T00:00:00,46132K109,Invesco PA Value,2026-09-07,XVPVX,Fixed Income - Municipal-Municipal - Single-State,37.23,199.275,0.126,Monthly,0.24298,0.0667,15.0,5.0179,,19.59,3.1,,293.817,True,True,True,False,False,False,,3.5,12.68,-1.24,2.07,0.24,12.91,,,21.64,322460,25.47,,96.0024,,11.26,8.28,10.75708,-0.57798,2.24,1.78,1.9,2026-09-07T00:00:00,1993-04-30T00:00:00,4/30/1993,736128000,2026-08-17T00:00:00
192,IQI,0.03,7.83851,7.61005,0.0631,6.95,21,Morningstar US CEF Municipal,65,"Invesco Advisers, Inc",False,9.95,0.01,9.66,2026-09-04T00:00:00,46133G107,Invesco Quality Municipal Income Trust,2026-09-07,XIQIX,Fixed Income - Municipal-Municipal,35.08,526.194,0.026000000000000002,Monthly,0.24185,0.0631,15.0,5.5043,,18.62,2.91,,786.928,True,False,True,False,False,False,,3.66,10.95,-1.3900000000000001,0.2,0.37,6.85,,,15.86,1464470,15.49,,93.8966,,10.7,8.66,9.97505,-1.7040600000000001,2.41,1.3,1.74,2026-09-07T00:00:00,1992-09-29T00:00:00,9/29/1992,717724800,2026-08-17T00:00:00
193,VVR,-0.131,10.35714,11.91781,0.028999999999999998,1.19,19,Morningstar US CEF Senior Loans,65,"Invesco Advisers, Inc",False,2.92,-0.01,3.36,2026-09-04T00:00:00,46131H107,Invesco Senior Income,2026-09-07,XVVRX,Fixed Income - Taxable-Senior Loans,35.38,449.461,-0.044000000000000004,Monthly,0.16899,0.028999999999999998,10.0,,,3.9,4.89,,800.395,True,False,False,False,False,False,,5.54,3.34,4.88,4.21,0.86,-1.6400000000000001,,,-7.77,10018810,,,,,,,3.16617,-9.708120000000001,-1.8399999999999999,-2.18,-1.81,2026-09-07T00:00:00,1998-06-24T00:00:00,6/24/1998,898646400,2026-08-17T00:00:00
194,VGM,0.0212,7.83822,7.67525,0.06459999999999999,7.51,21,Morningstar US CEF Municipal,65,"Invesco Advisers, Inc",False,10.1,0.03,9.89,2026-09-04T00:00:00,46131M106,Invesco Tr Inv Gr Muni,2026-09-07,XVGMX,Fixed Income - Municipal-Municipal,37.24,547.743,-0.018000000000000002,Monthly,0.24485,0.06459999999999999,15.0,5.4212,,20.77,3.11,,854.577,True,False,True,False,False,False,,3.6,11.04,-1.4100000000000001,-0.26,0.48,5.12,,,17.21,1724670,18.24,,96.729,,11.28,8.91,10.26008,-1.18172,1.55,0.66,1.18,2026-09-07T00:00:00,1992-01-24T00:00:00,1/24/1992,696211200,2026-08-17T00:00:00
195,VTN,0.018500000000000003,8.01951,7.87356,0.06849999999999999,7.72,23,Morningstar US CEF Municipal-NY,65,"Invesco Advisers, Inc",False,10.44,-0.05,10.25,2026-09-04T00:00:00,46131T101,Invesco Tr Inv Gr NY,2026-09-07,XVTNX,Fixed Income - Municipal-Municipal - NY,33.7,152.877,0.01,Monthly,0.25475000000000003,0.06849999999999999,15.0,5.1028,,23.49,2.69,,226.396,True,False,False,False,False,False,,2.68,10.1,-1.54,0.8,-0.22,-2.15,,,14.09,320750,25.38,,90.718,,13.06,10.43,11.21465,3.20786,-0.52,-1.77,-1.13,2026-09-07T00:00:00,1992-03-27T00:00:00,3/27/1992,701654400,2026-08-17T00:00:00
196,IIM,0.0482,7.82741,7.46731,0.0771,6.65,21,Morningstar US CEF Municipal,65,"Invesco Advisers, Inc",False,12.39,0.0,11.82,2026-09-04T00:00:00,46132P108,Invesco Value Muni Income,2026-09-07,XIIMX,Fixed Income - Municipal-Municipal,35.23,583.385,-0.011000000000000001,Monthly,0.29788000000000003,0.0771,15.0,5.5984,,18.25,2.93,,859.269,True,False,True,False,False,False,,3.64,10.78,-1.18,0.33,0.56,8.79,,,16.52,1203430,17.03,,94.3507,,10.32,8.32,12.49533,0.8232,1.74,0.84,1.2,2026-09-07T00:00:00,1993-02-26T00:00:00,2/26/1993,730684800,2026-08-17T00:00:00
197,JOF,-0.1079,7.9833,8.94852,0.09559999999999999,31.63,1,Morningstar US CEF Asia Equity,79,Nomura Asset Management Co Ltd,False,12.82,0.0,14.37,2026-09-04T00:00:00,47109U104,Japan Smaller Cap Fund,2026-09-07,XXJOFXX,Equity-Asia Equity,0.0,326.916,,Monthly,0.03946,0.09559999999999999,12.0,,,,2.09,,366.442,True,True,False,False,False,False,,23.81,27.36,11.52,12.59,25.62,21.31,,,29.77,756020,,,,,,,11.25318,-10.65817,-0.08,0.22,0.38,2026-09-07T00:00:00,1990-03-21T00:00:00,3/21/1990,637977600,2026-08-14T00:00:00
198,BTO,-0.0602,6.08614,6.47572,0.65,22.04,8,Morningstar US CEF Sector Equity,67,John Hancock Investment Management LLC,True,40.15,0.08,42.72,2026-09-04T00:00:00,409735206,JHancock Financial Opportunities,2026-09-07,XBTOX,Equity-Sector Equity,13.3,796.297,0.0,Quarterly,0.27503,0.65,20.0,4.6156,,,2.42,,977.268,True,True,False,False,True,False,,26.24,22.91,10.31,5.48,19.84,16.38,,,12.24,457810,,,,,38.99,,36.80618,-2.33157,-1.6099999999999999,-1.9100000000000001,-1.7000000000000002,2026-09-07T00:00:00,1994-08-18T00:00:00,8/18/1994,777168000,2026-06-11T00:00:00
199,JHS,-0.09050000000000001,5.14238,5.65378,0.1535,1.48,15,Morningstar US CEF Investment Grade,67,John Hancock Investment Management LLC,False,10.86,-0.06,11.94,2026-09-04T00:00:00,410123103,JHancock Income Secs,2026-09-07,XJHSX,Fixed Income - Taxable-Investment Grade,39.63,126.482,0.0,Quarterly,0.29069,0.1535,15.3,5.424,,,4.41,,230.36,True,False,False,False,False,False,,5.33,5.35,-1.38,-2.55,-0.9,-4.61,,,-0.79,149100,,,99.5863,,7.08,4.3,11.34038,-7.64298,-0.89,-0.06,-0.05,2026-09-07T00:00:00,1973-02-14T00:00:00,2/14/1973,98496000,2026-06-11T00:00:00
200,JHI,-0.0917,8.1931,9.0205,0.297,5.2,15,Morningstar US CEF Investment Grade,66,John Hancock,False,13.17,-0.04,14.5,2026-09-04T00:00:00,410142103,JHancock Investors,2026-09-07,XJHIX,Fixed Income - Taxable-Investment Grade,40.67,115.166,0.0,Quarterly,0.58459,0.297,21.06,6.8106,,,4.59,,213.696,True,False,False,False,False,False,,8.84,10.08,2.14,1.0,3.09,1.87,,,3.06,208720,6.53,,98.8487,,6.17,,13.54682,-7.45333,-1.22,-1.3599999999999999,-0.77,2026-09-07T00:00:00,1971-01-29T00:00:00,1/29/1971,33955200,2026-06-11T00:00:00
201,HPI,0.048100000000000004,9.8998,9.44551,0.1235,2.27,18,Morningstar US CEF Preferreds,67,John Hancock Investment Management LLC,False,15.69,-0.03,14.97,2026-09-04T00:00:00,41013W108,JHancock Preferred Income,2026-09-07,XHPIX,Fixed Income - Taxable-Preferreds,39.06,420.369,0.0,Monthly,0.56391,0.1235,25.0,6.5025,,,4.48,,658.178,True,False,True,False,False,False,,9.71,11.13,2.67,2.59,0.1,3.46,,,8.4,546180,,,97.2482,,91.45,,16.37331,3.82315,0.46,-1.11,0.38,2026-09-07T00:00:00,2002-08-27T00:00:00,8/27/2002,1030406400,2026-08-13T00:00:00
202,HPF,0.0296,9.98652,9.69895,0.1235,2.42,18,Morningstar US CEF Preferreds,67,John Hancock Investment Management LLC,False,15.28,-0.12,14.84,2026-09-04T00:00:00,41013X106,JHancock Preferred Income II,2026-09-07,XHPFX,Fixed Income - Taxable-Preferreds,39.15,330.825,0.0,Monthly,0.5652,0.1235,25.0,6.5737,,,4.51,,527.998,True,False,True,False,False,False,,9.82,10.76,2.85,1.56,0.32,3.25,,,5.89,353390,,,97.2805,,90.07,,16.094,2.93902,0.02,-1.98,-0.36,2026-09-07T00:00:00,2002-11-29T00:00:00,11/29/2002,1038528000,2026-08-13T00:00:00
203,HPS,0.018000000000000002,9.87285,9.69875,0.11,2.48,18,Morningstar US CEF Preferreds,67,John Hancock Investment Management LLC,False,13.61,-0.07,13.37,2026-09-04T00:00:00,41021P103,JHancock Preferred Income III,2026-09-07,XHPSX,Fixed Income - Taxable-Preferreds,38.94,437.818,0.0,Monthly,0.50751,0.11,25.0,6.5102,,,4.47,,704.398,True,False,False,False,False,False,,9.82,9.0,2.94,2.24,0.46,2.58,,,3.1,587240,,,97.386,,86.67,,14.63823,3.9510300000000003,-1.35,-2.96,-2.38,2026-09-07T00:00:00,2003-06-18T00:00:00,6/18/2003,1055894400,2026-08-13T00:00:00
204,PDT,-0.1151,7.52557,8.50401,0.08829999999999999,7.76,18,Morningstar US CEF Preferreds,66,John Hancock,True,12.46,-0.12,14.08,2026-09-04T00:00:00,41013T105,JHancock Premium Dividend Fund,2026-09-07,XPDTX,Fixed Income - Taxable-Preferreds,35.05,612.848,0.0,Monthly,0.34231,0.08829999999999999,12.0,5.9254,,,4.32,,1066.228,True,False,False,False,True,False,,15.46,16.64,7.01,2.54,5.87,4.55,,,1.62,1198160,,,,,76.11,,12.9932,-9.45772,-1.08,-1.33,-0.96,2026-09-07T00:00:00,1989-12-21T00:00:00,12/21/1989,630201600,2026-08-13T00:00:00
205,HTD,-0.0379,7.25048,7.53577,0.158,7.91,26,Morningstar US CEF US Allocation,67,John Hancock Investment Management LLC,True,25.16,-0.02,26.15,2026-09-04T00:00:00,41013V100,JHancock Tax-Advantaged Dividend Inc,2026-09-07,XHTDX,Hybrid-U.S. Allocation,31.59,891.465,0.0,Monthly,0.63149,0.158,20.0,5.9603,,,3.58,,1354.442,True,True,True,False,True,False,,16.36,18.4,8.19,8.52,7.27,12.01,,,10.63,643140,,,,,68.76,,24.94527,-5.8527000000000005,1.22,-0.08,0.76,2026-09-07T00:00:00,2004-02-27T00:00:00,2/27/2004,1077840000,2026-08-13T00:00:00
206,HEQ,-0.0898,7.6746,8.4317,0.25,15.29,5,Morningstar US CEF Global Equity,67,John Hancock Investment Management LLC,True,11.86,0.1,13.03,2026-09-04T00:00:00,47804L102,John Hancock Diversified Income Fund,2026-09-07,XHEQX,Equity-Global Equity,10.12,141.473,,Quarterly,0.35522,0.25,20.0,6.5508,,,1.31,,172.929,True,True,True,False,True,False,,12.95,13.74,8.42,7.33,10.68,14.25,,,19.33,369010,,,98.2848,,,,11.15744,-10.3928,1.01,0.52,0.3,2026-09-07T00:00:00,2011-05-26T00:00:00,5/26/2011,1306368000,2026-06-11T00:00:00
207,KYN,-0.1273,6.36417,7.29237,0.09,31.32,6,Morningstar US CEF MLP,69,"KA Fund Advisors, LLC",False,14.81,-0.09,16.97,2026-09-04T00:00:00,486606106,Kayne Anderson Energy Infrastructure,2026-09-07,XKYNX,Equity-MLP,24.86,2504.757,,Monthly,0.31841,0.09,25.0,7.259,,,3.3,,3819.552,True,True,False,False,False,False,,27.56,30.3,22.88,24.05,30.73,27.01,,,28.86,3893170,,,,,15.1,,13.27996,-12.20032,-0.34,0.04,0.39,2026-09-07T00:00:00,2004-09-28T00:00:00,9/28/2004,1096329600,2026-08-14T00:00:00
208,KIO,-0.07780000000000001,12.19064,13.2185,0.1215,4.89,14,Morningstar US CEF High Yield,70,Kohlberg Kravis Roberts &amp; Co.,False,11.03,-0.06,11.96,2026-09-04T00:00:00,48249T106,KKR Income Opportunities Fund,2026-09-07,XKIOX,Fixed Income - Taxable-High Yield,32.74,452.066,,Monthly,0.63625,0.1215,20.0,7.7655,,,4.09,,728.82,True,False,False,False,False,False,,8.55,8.17,4.74,3.35,3.76,4.01,,,0.49,2445130,0.09000000000000001,,100.3092,,58.49,,11.49199,-6.29436,-0.89,-1.08,-0.68,2026-09-07T00:00:00,2013-07-26T00:00:00,7/26/2013,1374796800,2026-08-14T00:00:00
209,KF,-0.1479,1.75257,2.05675,1.381724,154.98,1,Morningstar US CEF Asia Equity,68,JPMorgan Asset Management (Asia Pacific) Limited,False,67.18,2.52,78.84,2026-09-04T00:00:00,500634209,Korea Fund,2026-09-07,XKFDX,Equity-Asia Equity,5.74,279.358,,Annually,0.0077,1.381724,40.0,,,,1.21,,327.844,True,True,False,False,False,False,,45.82,46.16,17.56,18.23,82.09,77.4,,,144.86,191390,,,,,,,49.94823,-13.3856,-0.8200000000000001,-0.14,-0.3,2026-09-07T00:00:00,1984-08-29T00:00:00,8/29/1984,462585600,2025-12-23T00:00:00
210,LGI,-0.0269,9.89146,10.16455,0.15339999999999998,14.3,5,Morningstar US CEF Global Equity,71,Lazard Asset Management LLC,False,18.11,-0.12,18.61,2026-09-04T00:00:00,52106W103,Lazard Global Total Return and Income,2026-09-07,XLGIX,Equity-Global Equity,8.9,235.919,,Monthly,0.028050000000000002,0.15339999999999998,20.0,7.7462,,,2.0,,266.108,True,True,False,False,False,False,,12.72,18.36,5.87,6.5600000000000005,8.81,13.42,,,14.96,436320,,,,,3.13,,17.83834,-1.8237,-0.28,-1.7000000000000002,-1.23,2026-09-07T00:00:00,2004-04-28T00:00:00,4/28/2004,1083110400,2026-08-10T00:00:00
211,USA,-0.1285,9.92701,11.39028,0.16999999999999998,7.71,10,Morningstar US CEF US Equity,9,ALPS Advisors Inc,True,5.97,-0.05,6.85,2026-09-04T00:00:00,530158104,Liberty All-Star Equity,2026-09-07,XUSAX,Equity-U.S. Equity,4.96,1800.263,,Quarterly,0.02437,0.16999999999999998,10.0,,,,0.91,,2173.479,True,False,False,False,True,False,,13.03,9.47,6.41,3.45,7.65,3.68,,,1.4100000000000001,12637690,,,,,,,6.0113,-9.97744,-1.9100000000000001,-1.5899999999999999,-1.6,2026-09-07T00:00:00,1986-10-31T00:00:00,10/31/1986,531100800,2026-07-16T00:00:00
212,ASG,-0.1307,8.14941,9.375,0.12,6.32,10,Morningstar US CEF US Equity,9,ALPS Advisors Inc,True,5.12,-0.03,5.89,2026-09-04T00:00:00,529900102,Liberty All-Star Growth,2026-09-07,XASGX,Equity-U.S. Equity,1.62,321.857,,Quarterly,-0.01882,0.12,10.0,,,,1.12,,376.368,True,False,False,False,True,False,,10.43,8.32,0.44,-1.3,7.2,4.86,,,2.43,2542480,,,,,,,5.2864,-10.49171,-1.9100000000000001,-1.46,-1.57,2026-09-07T00:00:00,1986-03-14T00:00:00,3/14/1986,511142400,2026-07-16T00:00:00
213,SCD,-0.1105,8.20513,9.22486,0.12,16.77,25,Morningstar US CEF Global Allocation,54,"Franklin Templeton Fund Adviser, LLC",True,15.61,-0.02,17.55,2026-09-04T00:00:00,50208A102,LMP Capital and Income,2026-09-07,XSCDX,Hybrid-Global Allocation,20.71,357.568,,Monthly,0.06042,0.12,20.0,,,,2.39,,507.006,True,True,False,False,True,False,,16.3,16.62,11.07,11.2,13.68,12.11,,,10.21,778640,13.6,,,,4.25,,15.30729,-9.3523,-0.98,-0.09,-0.62,2026-09-07T00:00:00,2004-02-24T00:00:00,2/24/2004,1077580800,2026-08-24T00:00:00
214,MXE,-0.1809,1.41123,1.72282,0.2337,24.61,4,Morningstar US CEF Emerging Market Equity,89,Pichardo Asset Management SA De CV,False,13.565,0.0,16.56,2026-09-04T00:00:00,592834105,Mexico Equity & Income,2026-09-07,XMXEX,Equity-Emerging Market Equity,,59.689,,Annually,0.07512,0.2337,12.0,7.969,,0.02,2.13,,72.867,False,True,False,False,False,False,,7.71,12.81,7.8100000000000005,2.89,11.7,8.72,,,23.23,60630,,,,,,,12.83908,-17.88125,-0.19,0.41000000000000003,-0.1,2026-09-07T00:00:00,1990-08-15T00:00:00,8/15/1990,650678400,2025-12-16T00:00:00
215,MXF,-0.12119999999999999,5.69569,6.48148,0.35,24.71,4,Morningstar US CEF Emerging Market Equity,64,"Impulsora Del Fondo Mexico, SC",True,21.6,0.0,24.58,2026-09-07T00:00:00,592835102,Mexico Fund,2026-09-07,XXMXFXX,Equity-Emerging Market Equity,,311.473,,Quarterly,0.27312000000000003,0.35,12.0,5.75,,,1.36,,354.445,False,True,True,False,True,False,,9.49,13.93,10.61,12.07,11.34,13.26,,,27.07,461950,,,,,,,20.85936,-13.23548,1.16,-0.24,0.75,2026-09-07T00:00:00,1981-06-03T00:00:00,6/3/1981,360374400,2026-07-22T00:00:00
216,CAF,-0.1552,1.17967,1.3964400000000001,0.262949,27.83,1,Morningstar US CEF Asia Equity,74,Morgan Stanley,False,18.83,0.06,22.29,2026-09-04T00:00:00,617468103,Morgan Stanley China A Share,2026-09-07,XCAFX,Equity-Asia Equity,,251.455,,Annually,-0.01046,0.262949,20.0,,,,1.52,,297.659,False,True,False,False,False,False,,15.48,16.17,2.22,0.65,16.72,9.33,,,24.74,375000,,,,,,,18.07871,-13.98908,-0.73,0.18,-0.31,2026-09-07T00:00:00,2006-09-28T00:00:00,9/28/2006,1159401600,2025-12-19T00:00:00
217,MSD,-0.0902,7.5188,8.26446,0.15,11.12,12,Morningstar US CEF Emerging Market Income,75,"Morgan Stanley Investment Management, Inc.",False,7.26,-0.03,7.98,2026-09-04T00:00:00,61744H105,Morgan Stanley Emerging Markets Debt,2026-09-07,XMSDX,Fixed Income - Taxable-Emerging Market Income,0.03,146.879,,Quarterly,0.30967,0.15,15.0,6.5116,,6.76,1.36,,161.446,True,False,False,False,False,False,,12.68,14.6,3.33,4.21,4.65,2.68,,,5.35,937760,,,,,,,7.4011,-6.90014,-1.15,-0.63,-0.6900000000000001,2026-09-07T00:00:00,1993-07-23T00:00:00,7/23/1993,743385600,2026-06-30T00:00:00
218,EDD,-0.0183,15.94684,16.24365,0.24,18.54,12,Morningstar US CEF Emerging Market Income,75,"Morgan Stanley Investment Management, Inc.",False,5.91,0.05,6.02,2026-09-04T00:00:00,617477104,Morgan Stanley Emrgng Mkts Domestic Debt,2026-09-07,XEDDX,Fixed Income - Taxable-Emerging Market Income,14.38,380.935,,Quarterly,0.28033,0.24,20.0,6.6059,,7.47,2.18,,453.174,True,True,True,False,False,False,,13.35,19.8,5.52,8.51,7.92,15.82,,,23.71,3654950,,,,,,,5.62134,-4.96195,1.11,0.14,0.88,2026-09-07T00:00:00,2007-04-24T00:00:00,4/24/2007,1177372800,2026-06-30T00:00:00
219,IIF,-0.1116,7.64112,8.60123,1.985164,-5.13,1,Morningstar US CEF Asia Equity,75,"Morgan Stanley Investment Management, Inc.",False,23.08,0.05,25.98,2026-09-04T00:00:00,61745C105,Morgan Stanley India Investment,2026-09-07,XIIFX,Equity-Asia Equity,,216.644,,Annually,-0.1168,1.985164,15.0,,,,1.35,,243.865,False,False,False,False,False,False,,7.66,12.46,5.14,7.46,-5.98,-6.93,,,-4.54,315130,,,,,,,24.00566,-11.07047,-0.12,0.16,0.21,2026-09-07T00:00:00,1994-02-25T00:00:00,2/25/1994,762134400,2025-12-19T00:00:00
220,NML,-0.1091,7.05503,7.91864,0.07008,33.27,6,Morningstar US CEF MLP,76,Neuberger Berman,False,10.62,-0.02,11.92,2026-09-04T00:00:00,64129H104,NB Energy Infra and Income Fund Inc,2026-09-07,XNMLX,Equity-MLP,24.46,601.718,,Monthly,-0.18702,0.07008,20.0,,,,1.07,,894.038,True,True,False,False,False,False,,22.27,25.23,22.52,26.94,31.8,33.32,,,33.45,1634840,,,,,,,9.49721,-10.4571,-0.44,-0.96,-0.31,2026-09-07T00:00:00,2013-03-26T00:00:00,3/26/2013,1364256000,2026-08-17T00:00:00
221,NBXG,-0.1277,8.13559,9.32642,0.12,14.76,10,Morningstar US CEF US Equity,76,Neuberger Berman,False,15.44,0.05,17.7,2026-09-04T00:00:00,64133Q108,Neuberger Brmn Nxt Gnrtn Cnnctvty,2026-09-07,XNBGX,Equity-U.S. Equity,,1216.077,,Monthly,-0.05846,0.12,20.0,,,,1.35,,1394.078,False,True,True,False,False,False,,19.45,23.56,5.0,4.52,10.56,11.98,,,12.6,2050490,,,,,,,14.78375,-12.96514,0.15,0.45,0.78,2026-09-07T00:00:00,2021-05-25T00:00:00,5/25/2021,1621900800,2026-08-17T00:00:00
222,NHS,-0.0933,16.6055,18.31366,0.0905,2.95,14,Morningstar US CEF High Yield,76,Neuberger Berman,False,5.93,-0.01,6.54,2026-09-04T00:00:00,64128C106,Neuberger High Yield Strategies,2026-09-07,XNHSX,Fixed Income - Taxable-High Yield,32.91,248.205,,Monthly,0.18333,0.0905,15.0,7.1575,,,3.39,,408.017,True,False,False,False,False,False,,8.54,5.99,1.6600000000000001,-0.23,0.86,-10.44,,,-7.11,2052070,,,99.371,,5.04,3.38,6.87047,-2.9629000000000003,-1.44,-1.6099999999999999,-1.16,2026-09-07T00:00:00,2003-07-28T00:00:00,7/28/2003,1059350400,2026-08-17T00:00:00
223,NBH,-0.0677,6.03006,6.46806,0.054169999999999996,6.69,21,Morningstar US CEF Municipal,76,Neuberger Berman,False,10.05,0.03,10.78,2026-09-04T00:00:00,64124P101,Neuberger Municipal Fund,2026-09-07,XNBHX,Fixed Income - Municipal-Municipal,41.65,297.661,,Monthly,0.13171,0.054169999999999996,15.0,4.9704,,,3.87,,547.183,True,False,True,False,False,False,,2.7199999999999998,6.6,-1.96,-4.64,0.02,3.93,,,8.72,930540,15.43,,98.9472,,13.96,8.22,10.30548,-8.6025,1.6,0.97,1.25,2026-09-07T00:00:00,2002-09-27T00:00:00,9/27/2002,1033084800,2026-07-31T00:00:00
224,NRO,-0.0978,11.81073,13.09091,0.0312,4.77,7,Morningstar US CEF Real Estate,76,Neuberger Berman,False,2.8600000000000003,-0.02,3.17,2026-09-04T00:00:00,64190A103,Neuberger Real Estate Securities Income,2026-09-07,XNROX,Equity-Real Estate,25.84,181.215,,Monthly,0.06094,0.0312,15.0,,,,3.12,,270.857,True,False,False,False,False,False,,9.78,10.9,0.43,-0.81,7.22,2.94,,,-0.38,2400470,,,,,,,3.03386,-7.15425,-1.3,-1.0,-1.3,2026-09-07T00:00:00,2003-10-31T00:00:00,10/31/2003,1067558400,2026-08-17T00:00:00
225,GF,-0.09449999999999999,2.4252000000000002,2.67826,0.154,2.43,9,Morningstar US CEF Single Country Equity,40,DWS,False,11.5,-0.06,12.7,2026-09-04T00:00:00,644465106,New Germany,2026-09-07,XGFNX,Equity-Single-Country Equity,8.2,187.538,,Semi-Annually,0.10538,0.154,20.0,,,,1.31,,225.612,True,True,True,False,False,False,,7.96,11.35,-4.65,-3.6,2.91,3.17,,,2.12,247380,,,,,,,11.45703,-9.89607,0.39,-0.48,-0.12,2026-09-07T00:00:00,1990-01-30T00:00:00,1/30/1990,633657600,2026-05-26T00:00:00
226,NVG,0.0059,7.95302,7.90659,0.079,7.12,21,Morningstar US CEF Municipal,81,"Nuveen Fund Advisors, LLC.",False,11.99,0.04,11.92,2026-09-04T00:00:00,67071L106,Nuveen AMT-Free Muni Credit Inc,2026-09-07,XNVGX,Fixed Income - Municipal-Municipal,42.92,2599.31,-0.02,Monthly,0.29602,0.079,15.0,4.8262,,18.73,3.64,,4527.539,True,False,True,False,False,False,,3.81,10.39,-1.75,-1.82,-0.64,0.89,,,10.45,5493460,23.2,3.01,91.9675,,15.21,9.41,12.58962,-0.68364,0.6900000000000001,0.19,0.63,2026-09-07T00:00:00,2002-03-25T00:00:00,3/25/2002,1017014400,2026-08-14T00:00:00
227,NUW,-0.0547,3.98085,4.21129,0.048499999999999995,4.95,21,Morningstar US CEF Municipal,81,"Nuveen Fund Advisors, LLC.",False,13.82,0.02,14.62,2026-09-04T00:00:00,670695105,Nuveen AMT-Free Municipal Value Fund,2026-09-07,XNUWX,Fixed Income - Municipal-Municipal,7.38,248.087,-0.073,Monthly,0.30096,0.048499999999999995,15.0,5.412,,19.3,0.75,,283.374,True,False,False,False,False,False,,3.2,4.96,0.0,-0.31,0.23,0.31,,,6.13,383780,9.3,0.09000000000000001,97.0156,,9.22,8.55,14.23072,-5.10424,-0.42,-0.51,-0.36,2026-09-07T00:00:00,2009-02-25T00:00:00,2/25/2009,1235520000,2026-08-14T00:00:00
228,NEA,0.0091,7.45887,7.3913,0.06799999999999999,6.14,21,Morningstar US CEF Municipal,81,"Nuveen Fund Advisors, LLC.",False,11.04,0.04,10.94,2026-09-04T00:00:00,670657105,Nuveen AMT-Free Quality Muni Inc,2026-09-07,XNEAX,Fixed Income - Municipal-Municipal,41.82,3352.753,0.018000000000000002,Monthly,0.25491,0.06799999999999999,15.0,5.0705,,18.96,3.5300000000000002,,5710.539,True,False,True,False,False,False,,2.92,9.75,-1.9300000000000002,-0.97,-0.56,1.4100000000000001,,,9.78,8475400,21.6,4.02,95.7853,,11.78,8.06,11.4941,-0.6216,1.13,0.6900000000000001,0.93,2026-09-07T00:00:00,2002-11-21T00:00:00,11/21/2002,1037836800,2026-08-14T00:00:00
229,NAZ,0.08039999999999999,6.72087,6.22074,0.062,7.47,24,Morningstar US CEF Municipal-Single State,81,"Nuveen Fund Advisors, LLC.",False,11.96,-0.15,11.07,2026-09-04T00:00:00,67061W104,Nuveen AZ Quality Muni Inc,2026-09-07,XNAZX,Fixed Income - Municipal-Municipal - Single-State,39.78,155.889,0.031,Monthly,0.20512,0.062,15.0,4.7745,,17.42,3.55,,239.589,True,False,True,False,False,False,,3.31,12.91,-1.22,0.13,0.13,8.16,,,10.79,223120,21.2,0.81,98.4756,,13.1,8.34,12.23503,5.37651,0.72,-0.34,-0.29,2026-09-07T00:00:00,1992-11-19T00:00:00,11/19/1992,722131200,2026-08-14T00:00:00
230,NKX,0.039900000000000005,7.5,7.21202,0.072,8.21,22,Morningstar US CEF Municipal-CA,81,"Nuveen Fund Advisors, LLC.",False,11.98,-0.01,11.52,2026-09-04T00:00:00,670651108,Nuveen CA AMT - Free Quality Muni Inc,2026-09-07,XNCMX,Fixed Income - Municipal-Municipal - CA,40.15,667.497,-0.014,Monthly,0.25181,0.072,15.0,4.782,,18.3,3.77,,1072.452,True,False,False,False,False,False,,3.42,10.09,-1.81,-0.49,0.58,1.77,,,9.81,1365950,22.9,0.6000000000000001,96.8209,,13.74,8.29,12.53,4.04466,-0.03,0.16,0.25,2026-09-07T00:00:00,2002-11-22T00:00:00,11/22/2002,1037923200,2026-08-14T00:00:00
231,NCA,-0.005,4.00445,4.02459,0.03,6.04,22,Morningstar US CEF Municipal-CA,81,"Nuveen Fund Advisors, LLC.",False,8.945,0.02,8.99,2026-09-04T00:00:00,67062C107,Nuveen CA Municipal Value,2026-09-07,XNCAX,Fixed Income - Municipal-Municipal - CA,0.0,298.353,-0.012,Monthly,0.17651,0.03,10.0,4.7261,,18.79,0.54,,299.854,True,False,False,False,False,False,,3.5,4.98,-0.08,0.52,0.84,3.77,,,10.44,690220,23.2,1.35,97.5019,,,8.27,9.17233,-0.04204,-0.19,-0.85,-1.01,2026-09-07T00:00:00,1987-10-07T00:00:00,10/7/1987,560563200,2026-08-14T00:00:00
232,NAC,0.035300000000000005,7.54069,7.28384,0.06949999999999999,8.74,22,Morningstar US CEF Municipal-CA,81,"Nuveen Fund Advisors, LLC.",False,11.45,-0.01,11.06,2026-09-04T00:00:00,67066Y105,Nuveen CA Quality Muni Income,2026-09-07,XNACX,Fixed Income - Municipal-Municipal - CA,39.6,1909.841,-0.005,Monthly,0.24164,0.06949999999999999,15.0,4.7834,,19.2,3.79,,3054.18,True,False,True,False,False,False,,3.37,11.33,-1.9300000000000002,-0.38,0.41000000000000003,3.67,,,11.8,5107720,23.1,1.08,97.0662,,13.55,8.55,11.822610000000001,1.85067,1.03,-0.32,0.48,2026-09-07T00:00:00,1999-05-26T00:00:00,5/26/1999,927676800,2026-08-14T00:00:00
233,JCE,-0.065,7.9475999999999996,8.49971,0.364,21.58,10,Morningstar US CEF US Equity,81,"Nuveen Fund Advisors, LLC.",True,17.13,-0.08,18.32,2026-09-04T00:00:00,67090X107,Nuveen Core Equity Alpha,2026-09-07,XJCEX,Equity-U.S. Equity,1.35,291.256,0.0,Quarterly,0.0054600000000000004,0.364,20.0,,,,0.9900000000000001,,311.489,True,True,False,False,True,False,,20.8,19.78,12.51,11.7,12.3,12.01,,,18.2,394080,,,,,,,15.98275,-6.44262,-0.06,0.44,0.61,2026-09-07T00:00:00,2007-03-27T00:00:00,3/27/2007,1174953600,2026-06-15T00:00:00
234,NPCT,-0.0726,10.25788,11.06076,0.0895,2.68,15,Morningstar US CEF Investment Grade,81,"Nuveen Fund Advisors, LLC.",True,9.71,-0.01,10.47,2026-09-04T00:00:00,67080D103,Nuveen Core Plus Impact Fund,2026-09-07,XNPCX,Fixed Income - Taxable-Investment Grade,37.59,279.211,,Monthly,0.18066000000000002,0.0895,20.0,4.3404,,29.1,4.43,,482.385,True,False,False,False,True,False,,7.92,11.93,-3.26,-3.13,0.45,2.49,,,-0.52,1240920,19.7,0.0,88.6715,,7.48,5.44,10.28618,-6.78538,-0.3,0.72,-0.31,2026-09-07T00:00:00,2021-04-27T00:00:00,4/27/2021,1619481600,2026-08-14T00:00:00
235,JQC,-0.1084,11.1028,12.45283,0.049499999999999995,5.84,19,Morningstar US CEF Senior Loans,81,"Nuveen Fund Advisors, LLC.",True,4.77,0.01,5.35,2026-09-04T00:00:00,67073D102,Nuveen Credit Strategies Income Fund,2026-09-07,XJQCX,Fixed Income - Taxable-Senior Loans,38.43,705.086,-0.082,Monthly,0.23976,0.049499999999999995,15.0,,,5.0,5.09,,1284.419,True,False,False,False,True,False,,8.48,10.38,4.93,4.93,3.49,3.24,,,-1.9300000000000002,7755680,84.5,0.0,,,,,4.95184,-9.56,-0.6900000000000001,-0.36,0.04,2026-09-07T00:00:00,2003-06-25T00:00:00,6/25/2003,1056499200,2026-08-14T00:00:00
236,NDMO,-0.020099999999999996,7.05528,7.2,0.058499999999999996,5.39,21,Morningstar US CEF Municipal,81,"Nuveen Fund Advisors, LLC.",True,9.75,-0.03,9.95,2026-09-04T00:00:00,67079X102,Nuveen Dynamic Municipal Opportunities,2026-09-07,XNDMX,Fixed Income - Municipal-Municipal,32.38,590.333,,Monthly,0.23738,0.058499999999999996,15.0,5.5876,,18.04,2.83,,890.987,True,False,False,False,True,False,,5.05,5.51,-2.48,-2.95,0.38,3.37,,,6.92,1417290,19.8,0.37000000000000005,96.271,,10.6,7.78,10.32023,-0.8757400000000001,-1.03,-1.23,-1.5899999999999999,2026-09-07T00:00:00,2020-08-26T00:00:00,8/26/2020,1598400000,2026-08-14T00:00:00
237,JFR,-0.0851,11.22302,12.26737,0.078,6.29,19,Morningstar US CEF Senior Loans,81,"Nuveen Fund Advisors, LLC.",True,7.63,0.03,8.34,2026-09-04T00:00:00,67072T108,Nuveen Floating Rate Income,2026-09-07,XJFRX,Fixed Income - Taxable-Senior Loans,37.4,1228.181,0.015000000000000001,Monthly,0.37027,0.078,15.0,,,4.8100000000000005,4.78,,2144.668,True,False,True,False,True,False,,8.94,11.25,6.02,5.99,4.11,6.76,,,3.22,7482510,88.3,0.0,,,,,7.73874,-9.02206,0.32,-0.51,0.62,2026-09-07T00:00:00,2004-03-25T00:00:00,3/25/2004,1080172800,2026-08-14T00:00:00
238,JGH,-0.0888,9.11894,10.00806,0.1035,6.84,13,Morningstar US CEF Global Income,81,"Nuveen Fund Advisors, LLC.",True,12.41,0.03,13.62,2026-09-04T00:00:00,67075G103,Nuveen Global High Income Fund,2026-09-07,XJGHX,Fixed Income - Taxable-Global Income,29.14,349.042,-0.026000000000000002,Monthly,0.52601,0.1035,20.0,7.7831,,6.15,3.37,,540.574,True,False,False,False,True,False,,11.78,12.92,4.88,4.86,4.92,5.13,,,0.78,997360,36.3,0.0,98.8169,,,,12.72761,-7.4724,-0.91,-1.12,-1.37,2026-09-07T00:00:00,2014-11-24T00:00:00,11/24/2014,1416787200,2026-08-14T00:00:00
239,NMT,0.157,6.78505,5.8643,0.0605,7.49,24,Morningstar US CEF Municipal-Single State,81,"Nuveen Fund Advisors, LLC.",False,12.38,0.04,10.7,2026-09-04T00:00:00,67061E104,Nuveen MA Quality Muni Inc,2026-09-07,XNMTX,Fixed Income - Municipal-Municipal - Single-State,39.51,131.077,0.026000000000000002,Monthly,0.20713,0.0605,15.0,4.8771,,20.13,3.45,,187.289,True,True,True,False,False,False,,2.8200000000000003,14.51,-1.97,1.35,0.59,15.95,,,18.61,200680,21.9,1.73,99.8748,,7.76,8.93,12.09345,8.16222,1.28,0.89,0.78,2026-09-07T00:00:00,1993-03-18T00:00:00,3/18/1993,732412800,2026-08-14T00:00:00
240,NMS,-0.048600000000000004,6.79856,7.14556,0.063,5.46,24,Morningstar US CEF Municipal-Single State,81,"Nuveen Fund Advisors, LLC.",False,10.58,0.01,11.12,2026-09-04T00:00:00,670734102,Nuveen MN Quality Muni Inc,2026-09-07,XMNSX,Fixed Income - Municipal-Municipal - Single-State,41.12,67.849,-0.014,Monthly,0.0,0.063,15.0,4.6902,,16.95,3.66,,121.112,True,False,False,False,False,False,,3.16,7.49,-1.3,-2.32,-1.53,-3.05,,,2.27,166150,43.0,0.0,98.2627,,12.68,7.55,11.93055,0.8251200000000001,-2.5700000000000003,-1.96,-2.76,2026-09-07T00:00:00,1993-06-25T00:00:00,6/25/1993,740966400,2026-08-14T00:00:00
241,JLS,-0.0989,9.85027,10.93175,0.1535,5.41,14,Morningstar US CEF High Yield,81,"Nuveen Fund Advisors, LLC.",True,16.85,-0.01,18.7,2026-09-04T00:00:00,670735109,Nuveen Mortgage and Income Fund,2026-09-07,XJLSX,Fixed Income - Taxable-High Yield,23.04,92.281,0.009000000000000001,Monthly,0.68728,0.1535,25.0,7.5578,,17.85,3.07,,133.07,True,False,False,False,True,False,,9.45,11.96,4.34,4.63,2.98,-0.7000000000000001,,,-0.73,198610,0.0,0.0,96.9542,,,,18.17265,-5.00344,-2.37,-1.7000000000000002,-1.67,2026-09-07T00:00:00,2009-11-25T00:00:00,11/25/2009,1259107200,2026-08-14T00:00:00
242,NMAI,-0.04019999999999999,9.16996,9.55388,0.11599999999999999,19.32,25,Morningstar US CEF Global Allocation,81,"Nuveen Fund Advisors, LLC.",True,14.57,-0.03,15.18,2026-09-04T00:00:00,670750108,Nuveen Multi-Asset Income,2026-09-07,XNMAX,Hybrid-Global Allocation,29.25,487.012,,Monthly,0.13858,0.11599999999999999,20.0,6.1033,,,3.38,,717.165,True,True,True,False,True,False,,15.15,21.22,,,12.19,20.55,,,29.08,1092830,28.2,0.0,96.8324,,,,13.46862,-7.79606,2.48,1.32,1.82,2026-09-07T00:00:00,2021-11-22T00:00:00,11/22/2021,1637539200,2026-08-14T00:00:00
243,JMM,-0.0901,5.4717,6.01348,0.028999999999999998,1.92,15,Morningstar US CEF Investment Grade,81,"Nuveen Fund Advisors, LLC.",True,5.787,0.02,6.36,2026-09-04T00:00:00,67075J107,Nuveen Multi-Market Income Fund,2026-09-07,XJMMX,Fixed Income - Taxable-Investment Grade,29.82,54.759,-0.001,Monthly,0.14258,0.028999999999999998,12.0,5.5021,,4.39,3.34,,85.753,True,False,False,False,True,False,,5.72,5.88,1.11,0.73,-0.29,0.56,,,-2.71,92350,26.7,0.0,96.6946,,,,5.99975,-8.49643,-0.27,1.33,1.33,2026-09-07T00:00:00,1988-12-30T00:00:00,12/30/1988,599443200,2026-08-14T00:00:00
244,NZF,-0.0075,7.94338,8.00336,0.0795,7.75,21,Morningstar US CEF Municipal,81,"Nuveen Fund Advisors, LLC.",False,11.92,0.0,12.01,2026-09-04T00:00:00,67070X101,Nuveen Municipal Credit Income,2026-09-07,XNZFX,Fixed Income - Municipal-Municipal,41.18,2348.865,-0.015000000000000001,Monthly,0.31359,0.0795,15.0,5.2593,,19.97,3.61,,4023.799,True,False,False,False,False,False,,3.8200000000000003,10.0,-1.3,-0.91,0.79,1.85,,,9.78,5330370,25.0,2.59,93.9709,,12.28,8.31,12.52218,-0.6749200000000001,-0.06,-1.6600000000000001,-0.8200000000000001,2026-09-07T00:00:00,2001-09-25T00:00:00,9/25/2001,1001376000,2026-08-14T00:00:00
245,NMCO,-0.001,8.05093,8.05882,0.06849999999999999,7.66,21,Morningstar US CEF Municipal,81,"Nuveen Fund Advisors, LLC.",False,10.2,0.06,10.21,2026-09-04T00:00:00,670663103,Nuveen Municipal Credit Opps Fund,2026-09-07,XNMCX,Fixed Income - Municipal-Municipal,42.86,581.903,-0.035,Monthly,0.35941,0.06849999999999999,15.0,5.8652,,22.21,4.5,,1019.444,True,False,True,False,False,False,,3.61,3.16,-2.21,-2.95,1.6400000000000001,0.56,,,2.04,1789090,30.9,0.27,86.9685,,16.1,9.8,10.65801,-0.35431,0.17,-0.08,-0.34,2026-09-07T00:00:00,2019-09-16T00:00:00,9/16/2019,1568592000,2026-08-14T00:00:00
246,NMZ,-0.002,7.95547,7.9716000000000005,0.0655,7.83,21,Morningstar US CEF Municipal,81,"Nuveen Fund Advisors, LLC.",False,9.86,-0.02,9.88,2026-09-04T00:00:00,670682103,Nuveen Municipal High Income Opp Fd,2026-09-07,XNMZX,Fixed Income - Municipal-Municipal,40.54,2132.125,0.044000000000000004,Monthly,0.15638,0.0655,15.0,5.7108,,21.33,3.5,,3593.306,True,False,False,False,False,False,,4.76,6.85,-1.62,-2.15,0.85,3.23,,,6.46,4905180,21.9,1.38,91.2079,,10.81,8.88,10.39004,-0.08966,-0.12,-0.37,0.09,2026-09-07T00:00:00,2003-11-19T00:00:00,11/19/2003,1069200000,2026-08-14T00:00:00
247,NMI,0.0764,4.7058800000000005,4.372,0.038,6.25,21,Morningstar US CEF Municipal,81,"Nuveen Fund Advisors, LLC.",False,10.43,-0.02,9.69,2026-09-04T00:00:00,67062J102,Nuveen Municipal Income,2026-09-07,XNMIX,Fixed Income - Municipal-Municipal,2.99,127.248,-0.019,Monthly,0.21289,0.038,12.0,5.4726,,21.72,0.75,,118.22,True,True,True,False,False,False,,4.66,9.12,0.79,1.6,1.87,8.45,,,13.33,262900,16.7,0.66,98.5853,,,8.7,10.2895,4.17842,0.89,-0.79,0.13,2026-09-07T00:00:00,1988-04-20T00:00:00,4/20/1988,577497600,2026-08-14T00:00:00
248,NUV,-0.0022,4.38695,4.39684,0.0325,4.95,21,Morningstar US CEF Municipal,81,"Nuveen Fund Advisors, LLC.",False,8.870000000000001,-0.01,8.89,2026-09-04T00:00:00,670928100,Nuveen Municipal Value,2026-09-07,XNUVX,Fixed Income - Municipal-Municipal,6.15,1873.074,-0.018000000000000002,Monthly,0.19290000000000002,0.0325,10.0,5.2552,,18.27,0.66,,1877.297,True,False,True,False,False,False,,3.32,6.47,0.08,-1.35,0.53,2.21,,,8.24,4858990,11.1,0.8,96.1513,,,8.24,9.08391,-0.43023000000000006,0.21,-1.12,-0.92,2026-09-07T00:00:00,1987-06-17T00:00:00,6/17/1987,550886400,2026-08-14T00:00:00
249,QQQX,-0.0455,9.202,9.64076,0.738,18.68,3,Morningstar US CEF Covered Call,81,"Nuveen Fund Advisors, LLC.",True,30.62,-0.12,32.08,2026-09-04T00:00:00,670699107,Nuveen NASDAQ 100 Dynamic Overwrite,2026-09-07,XQQQX,Equity-Covered-Call Funds,,1495.076,0.0,Quarterly,-0.02811,0.738,20.0,,,,0.89,,1566.363,False,True,True,False,True,False,,17.61,18.64,9.22,8.66,7.84,13.37,,,25.11,1032430,,,,,,,28.7684,-7.15938,1.17,0.02,0.51,2026-09-07T00:00:00,2007-01-30T00:00:00,1/30/2007,1170115200,2026-06-15T00:00:00
250,NRK,-0.015700000000000002,7.73622,7.86,0.0655,7.74,23,Morningstar US CEF Municipal-NY,81,"Nuveen Fund Advisors, LLC.",False,10.0,-0.01,10.16,2026-09-04T00:00:00,670656107,Nuveen NY AMT - Free Quality Muni Inc,2026-09-07,XNRKX,Fixed Income - Municipal-Municipal - NY,43.32,872.353,0.004,Monthly,0.2495,0.0655,15.0,4.6883,,19.76,3.69,,1563.591,True,False,True,False,False,False,,2.47,8.41,-2.22,-0.38,-0.28,7.3,,,17.0,3201060,23.3,0.11000000000000001,94.7019,,16.09,9.38,10.30544,-4.58984,1.1400000000000001,-0.05,0.54,2026-09-07T00:00:00,2002-11-21T00:00:00,11/21/2002,1037836800,2026-08-14T00:00:00
251,NNY,-0.0638,4.10673,4.38662,0.0295,5.67,23,Morningstar US CEF Municipal-NY,81,"Nuveen Fund Advisors, LLC.",False,8.07,-0.03,8.62,2026-09-04T00:00:00,67062M105,Nuveen NY Municipal Value,2026-09-07,XNNYX,Fixed Income - Municipal-Municipal - NY,0.0,152.41,-0.037,Monthly,0.17478,0.0295,10.0,4.7875,,19.89,0.5700000000000001,,162.798,True,False,False,False,False,False,,3.22,3.43,0.26,-0.67,0.73,-2.05,,,5.15,359350,28.8,0.0,96.2731,,,9.0,8.47978,-3.95216,-1.74,-1.38,-1.9300000000000002,2026-09-07T00:00:00,1987-10-07T00:00:00,10/7/1987,560563200,2026-08-14T00:00:00
252,NAN,0.0,7.5907,7.5907,0.06799999999999999,7.49,23,Morningstar US CEF Municipal-NY,81,"Nuveen Fund Advisors, LLC.",False,10.75,-0.03,10.75,2026-09-04T00:00:00,67066X107,Nuveen NY Quality Muni Inc,2026-09-07,XNANX,Fixed Income - Municipal-Municipal - NY,40.63,357.766,0.013000000000000001,Monthly,0.25368,0.06799999999999999,15.0,4.9942,,20.82,3.77,,602.606,True,False,False,False,False,False,,2.86,8.98,-1.83,-0.77,0.13,1.6600000000000001,,,7.01,728020,27.2,0.01,97.6695,,13.6,8.79,11.41213,0.68874,-0.67,-1.76,-1.51,2026-09-07T00:00:00,1999-05-26T00:00:00,5/26/1999,927676800,2026-08-14T00:00:00
253,JPC,-0.050499999999999996,9.71503,10.23192,0.0625,5.76,18,Morningstar US CEF Preferreds,81,"Nuveen Fund Advisors, LLC.",False,7.33,-0.04,7.72,2026-09-04T00:00:00,67073B106,Nuveen Pref & Income Opps Fund,2026-09-07,XJPCX,Fixed Income - Taxable-Preferreds,37.86,2755.204,-0.042,Monthly,0.24068,0.0625,15.0,7.7023,,,4.67,,4669.65,True,False,False,False,False,False,,11.13,14.33,3.43,2.5700000000000003,1.51,-3.59,,,-0.05,10082440,7.5,0.0,103.4105,,5.32,3.89,7.9687,-0.0855,-3.74,-2.59,-2.94,2026-09-07T00:00:00,2003-03-26T00:00:00,3/26/2003,1048636800,2026-08-14T00:00:00
254,NAD,0.0053,7.42105,7.3822,0.0705,6.82,21,Morningstar US CEF Municipal,81,"Nuveen Fund Advisors, LLC.",False,11.46,0.0,11.4,2026-09-04T00:00:00,67066V101,Nuveen Quality Muni Income Fund,2026-09-07,XNADX,Fixed Income - Municipal-Municipal,42.67,2682.606,0.023,Monthly,0.27975,0.0705,15.0,5.1645,,19.94,3.74,,4655.141,True,False,True,False,False,False,,3.14,9.84,-1.57,-0.55,-0.04,2.4,,,11.22,6670990,24.1,1.23,95.3843,,11.96,8.09,11.88222,-0.96457,1.1,0.58,0.98,2026-09-07T00:00:00,1999-05-26T00:00:00,5/26/1999,927676800,2026-08-14T00:00:00
255,JRI,-0.0683,12.2947,13.19605,0.1335,7.37,25,Morningstar US CEF Global Allocation,81,"Nuveen Fund Advisors, LLC.",True,12.14,-0.07,13.03,2026-09-04T00:00:00,67074Y105,Nuveen Real Asset Inc and Grwt,2026-09-07,XJRIX,Hybrid-Global Allocation,32.24,439.447,0.0,Monthly,0.29419,0.1335,20.0,6.5074000000000005,,,3.9,,696.109,True,False,False,False,True,False,,11.49,15.8,4.12,5.04,5.45,-2.86,,,1.13,1470770,26.4,0.0,99.9859,,,,13.16503,-2.64313,-1.06,-1.6099999999999999,-1.12,2026-09-07T00:00:00,2012-04-25T00:00:00,4/25/2012,1335312000,2026-08-14T00:00:00
256,JRS,-0.09519999999999999,8.41639,9.30233,0.19,13.3,7,Morningstar US CEF Real Estate,81,"Nuveen Fund Advisors, LLC.",True,8.17,-0.06,9.03,2026-09-04T00:00:00,67071B108,Nuveen Real Estate Income,2026-09-07,XJRSX,Equity-Real Estate,28.19,236.051,0.0,Quarterly,0.09926,0.19,15.0,,,,3.4,,363.299,True,True,False,False,True,False,,10.97,13.64,1.7000000000000002,1.98,15.66,13.17,,,11.46,758000,0.0,,,,6.49,,8.06199,-8.30549,-0.8,-0.37,-0.06,2026-09-07T00:00:00,2001-11-15T00:00:00,11/15/2001,1005782400,2026-06-15T00:00:00
257,SPXX,-0.0931,8.0095,8.83185,0.4215,21.15,3,Morningstar US CEF Covered Call,81,"Nuveen Fund Advisors, LLC.",True,19.09,-0.12,21.05,2026-09-04T00:00:00,6706EW100,Nuveen S&P 500 Dynamic Overwrite,2026-09-07,XSSPX,Equity-Covered-Call Funds,,2630.888,0.0,Quarterly,0.02205,0.4215,20.0,,,,0.9700000000000001,,2901.005,False,True,False,False,True,False,,16.58,16.28,10.26,8.97,12.59,11.39,,,15.25,1457820,,,,,,,17.87134,-9.11752,-0.1,0.24,0.93,2026-09-07T00:00:00,2005-11-22T00:00:00,11/22/2005,1132617600,2026-06-15T00:00:00
258,NIM,-0.0545,3.58025,3.78672,0.028999999999999998,3.24,21,Morningstar US CEF Municipal,81,"Nuveen Fund Advisors, LLC.",False,9.19,-0.03,9.72,2026-09-04T00:00:00,67061T101,Nuveen Select Maturity Muni,2026-09-07,XNIMX,Fixed Income - Municipal-Municipal,0.41000000000000003,114.384,-0.007,Monthly,0.16949,0.028999999999999998,12.0,4.4675,,8.49,0.5800000000000001,,120.981,True,False,True,False,False,False,,3.37,6.06,0.98,0.42,0.31,2.93,,,6.15,190210,18.0,1.32,97.8224,,,5.21,9.3787,-5.69008,0.18,0.1,-0.09,2026-09-07T00:00:00,1992-09-18T00:00:00,9/18/1992,716774400,2026-08-14T00:00:00
259,NXP,0.0036,4.59556,4.5791699999999995,0.0535,5.11,21,Morningstar US CEF Municipal,81,"Nuveen Fund Advisors, LLC.",False,14.02,-0.08,13.97,2026-09-04T00:00:00,67062F100,Nuveen Select Tax Free Inc,2026-09-07,XNXPX,Fixed Income - Municipal-Municipal,3.73,887.666,0.014,Monthly,0.28791,0.0535,15.0,5.046,,17.18,0.35000000000000003,,884.501,True,False,True,False,False,False,,3.9699999999999998,4.6,0.84,0.14,0.9500000000000001,3.92,,,6.08,1431550,14.4,1.31,93.9607,,9.19,8.13,14.30328,-0.05322,0.43,0.02,0.27,2026-09-07T00:00:00,1992-03-19T00:00:00,3/19/1992,700963200,2026-08-14T00:00:00
260,NBB,-0.0077,7.3852,7.44216,0.0965,4.51,20,Morningstar US CEF Taxable Muni,81,"Nuveen Fund Advisors, LLC.",False,15.56,0.12,15.68,2026-09-04T00:00:00,67074C103,Nuveen Taxable Municipal Income,2026-09-07,XNBBX,Fixed Income - Taxable-Taxable Muni,38.31,457.382,-0.051000000000000004,Monthly,0.47616,0.0965,20.0,6.8179,,16.71,3.24,,747.125,True,False,True,False,False,False,,5.59,8.56,-0.89,-1.13,0.41000000000000003,2.29,,,3.77,569650,5.6,0.0,100.5308,,,7.42,15.85331,-2.69481,2.04,2.71,2.27,2026-09-07T00:00:00,2010-04-27T00:00:00,4/27/2010,1272326400,2026-08-14T00:00:00
261,NPV,-0.05,6.82701,7.18598,0.0615,6.26,24,Morningstar US CEF Municipal-Single State,81,"Nuveen Fund Advisors, LLC.",False,10.27,0.0,10.81,2026-09-04T00:00:00,67064R102,Nuveen VA Quality Muni Inc,2026-09-07,XNPVX,Fixed Income - Municipal-Municipal - Single-State,40.95,201.29,0.026000000000000002,Monthly,0.2321,0.0615,15.0,4.869,,18.2,3.54,,358.824,True,False,False,False,False,False,,3.06,6.61,-1.69,-4.66,-0.71,-1.08,,,-1.2,524170,32.6,1.55,95.5169,,12.56,8.16,11.31303,-1.10676,-2.26,-1.9100000000000001,-2.56,2026-09-07T00:00:00,1993-03-18T00:00:00,3/18/1993,732412800,2026-08-14T00:00:00
262,NPFD,-0.0351,9.70041,10.05353,0.1565,5.93,18,Morningstar US CEF Preferreds,81,"Nuveen Fund Advisors, LLC.",False,18.68,-0.08,19.36,2026-09-04T00:00:00,67080R102,Nuveen Variable Rate Pref & Inc Fund,2026-09-07,XNPFX,Fixed Income - Taxable-Preferreds,36.93,451.386,,Monthly,0.5723900000000001,0.1565,25.0,7.4788,,,4.79,,741.724,True,False,True,False,False,False,,10.78,16.0,,,1.69,5.5600000000000005,,,5.77,652250,7.4,0.0,102.0238,,5.59,3.5300000000000002,19.1587,-3.9624300000000003,0.36,1.1,0.7000000000000001,2026-09-07T00:00:00,2021-12-15T00:00:00,12/15/2021,1639526400,2026-08-14T00:00:00
263,SRV,0.0002,13.0719,13.06905,0.5,23.29,6,Morningstar US CEF MLP,33,Cushing Asset Management LP,False,45.91,0.26,45.9,2026-09-04T00:00:00,231631300,NXG Cushing Midstream Energy Fund,2026-09-07,XSRVX,Equity-MLP,29.25,286.22,,Monthly,0.0352,0.5,20.0,,,,4.32,,404.473,True,True,True,False,False,False,,23.56,20.46,19.3,27.04,23.91,24.71,,,23.17,573960,,,,,4.57,,44.529,-0.9735100000000001,0.31,-0.47000000000000003,0.37,2026-09-07T00:00:00,2007-08-27T00:00:00,8/27/2007,1188172800,2026-08-17T00:00:00
264,NXG,0.0067,12.98701,12.90091,0.6,30.24,8,Morningstar US CEF Sector Equity,33,Cushing Asset Management LP,False,55.81,1.1400000000000001,55.44,2026-09-04T00:00:00,231647207,NXG NextGen Infrastructure Inc,2026-09-07,XNXGX,Equity-Sector Equity,33.94,409.208,,Monthly,-0.24598,0.6,25.0,,,,4.16,,615.305,True,True,True,False,False,False,,24.38,33.85,12.25,16.6,25.56,16.9,,,31.07,694210,,,,,1.07,,53.94617,-1.2230400000000001,0.5,-0.07,0.6,2026-09-07T00:00:00,2012-09-26T00:00:00,9/26/2012,1348617600,2026-08-17T00:00:00
265,MEGI,-0.0944,9.25355,10.21798,0.125,13.71,8,Morningstar US CEF Sector Equity,77,New York Life Investment Management LLC,False,14.68,0.06,16.21,2026-09-04T00:00:00,56064Q107,NYLIM CBRE Glb Infra Megatrends Term Fd,2026-09-07,XMEGI,Equity-Sector Equity,21.44,764.058,,Monthly,0.39004,0.125,20.0,,,,3.73,,1073.991,True,False,False,False,False,False,,12.5,15.79,,,12.25,13.76,,,11.36,1543340,,,,,,,14.71939,-9.36311,-0.05,-0.87,0.09,2026-09-07T00:00:00,2021-10-27T00:00:00,10/27/2021,1635292800,2026-08-24T00:00:00
266,MMD,-0.0724,5.07837,5.47482,0.06749999999999999,6.97,21,Morningstar US CEF Municipal,77,New York Life Investment Management LLC,False,14.795,-0.07,15.95,2026-09-04T00:00:00,56064K100,NYLIM MacKay DefinedTerm Muni Opps Fund,2026-09-07,XMMDX,Fixed Income - Municipal-Municipal,36.77,277.842,0.24000000000000002,Monthly,0.42096,0.06749999999999999,20.0,5.1917,,,2.72,,473.692,True,False,True,False,False,True,,3.26,0.81,-0.78,-3.15,1.23,4.45,,,7.64,632720,,,105.6287,,,5.59,15.15146,-7.24845,0.01,-0.59,-0.04,2026-09-07T00:00:00,2012-06-27T00:00:00,6/27/2012,1340755200,2026-08-14T00:00:00
267,OCCI,-0.20800000000000002,18.34862,23.16602,0.049999999999999996,-30.8,19,Morningstar US CEF Senior Loans,82,"OFS Capital Management, LLC",True,2.59,0.19,3.32,2026-07-31T00:00:00,67111Q107,OFS Credit Company Inc,2026-09-07,OCCI,Fixed Income - Taxable-Senior Loans,47.95,75.924,,Monthly,0.33629000000000003,0.049999999999999996,20.0,13.384,,,13.31,,184.18,True,False,False,False,True,False,,-8.88,-13.82,-8.21,-11.54,-23.43,-36.75,,,-43.83,2843910,,,,,,,3.7941700000000003,-14.35525,-0.62,0.58,-0.03,2026-09-07T00:00:00,2018-10-05T00:00:00,10/5/2018,1538697600,2026-08-14T00:00:00
268,OXLC,-0.0765,22.94455,24.84472,0.19999999999999998,-33.14,19,Morningstar US CEF Senior Loans,83,Oxford Lane Management,False,9.66,0.6900000000000001,10.66,2026-07-31T00:00:00,691543847,Oxford Lane Capital Corp,2026-09-07,OXLCX,Fixed Income - Taxable-Senior Loans,43.07,943.296,,Monthly,1.29355,0.19999999999999998,20.0,10.7207,,,9.78,,1794.076,True,False,True,False,False,False,,-3.81,-6.22,-1.6,-4.31,-19.43,-17.36,,,-28.11,12270810,,,,,,,11.76368,-15.94821,0.88,1.43,0.75,2026-09-07T00:00:00,2011-01-20T00:00:00,1/20/2011,1295481600,2026-08-17T00:00:00
269,PCM,-0.0255,14.06715,14.43596,0.06423999999999999,5.25,16,Morningstar US CEF Limited Duration,84,"Pacific Investment Management Company, LLC",False,5.34,-0.02,5.48,2026-09-04T00:00:00,69323T101,PCM Fund,2026-09-07,XPCMX,Fixed Income - Taxable-Limited Duration,36.09,66.368,0.037,Monthly,0.3113,0.06423999999999999,15.0,6.1856,,7.21,4.06,,106.569,True,False,False,False,False,False,,8.21,-4.89,2.14,-3.88,1.1400000000000001,-4.62,,,-3.81,531310,,,83.6641,,,,5.9513300000000005,3.27811,-1.62,-1.83,-2.05,2026-09-07T00:00:00,1993-09-02T00:00:00,9/2/1993,746928000,2026-08-13T00:00:00
270,PDCC,-0.16670000000000001,14.40443,17.28532,0.13,-25.38,19,Morningstar US CEF Senior Loans,86,Pearl Diver Capital LLP,True,9.025,-0.15,10.96,2026-07-31T00:00:00,70476Q100,Pearl Diver Credit Company Inc,2026-09-07,PDCC,Fixed Income - Taxable-Senior Loans,34.05,62.594,,Monthly,0.6643100000000001,0.13,20.0,10.3892,,,8.24,,112.816,True,False,False,False,True,False,,,,,,-14.64,-27.62,,,-39.07,58120,,,,,,,12.47274,-5.28043,-1.51,-0.34,-0.9500000000000001,2026-09-07T00:00:00,2024-07-18T00:00:00,7/18/2024,1721260800,2026-08-17T00:00:00
271,PSUS,-0.2234,,,,,10,Morningstar US CEF US Equity,87,"Pershing Square Capital Management, L.P.",False,38.98,-0.43,50.19,2026-08-31T00:00:00,71531T105,"Pershing Square USA, Ltd",2026-09-07,PSUSX,Equity-U.S. Equity,,,,Annually,,,50.0,,,,0.0,,,False,True,True,False,False,False,,,,,,,,,,,0,,,,,,,,,,-0.89,,2026-09-07T00:00:00,2026-04-29T00:00:00,4/29/2026,1777420800,
272,GHY,-0.0981,9.89011,10.96606,0.105,5.73,14,Morningstar US CEF High Yield,88,PGIM,False,11.49,-0.03,12.74,2026-09-04T00:00:00,69346J106,"PGIM Global High Yield Fund, Inc.",2026-09-07,XGHYX,Fixed Income - Taxable-High Yield,16.08,470.643,,Monthly,0.4495,0.105,20.0,6.5398,,,2.5,,621.845,True,False,False,False,False,False,,10.93,12.14,4.19,4.38,2.93,-0.09,,,-3.71,1563930,,,96.1442,,,,12.22762,-6.25337,-1.44,-1.82,-1.85,2026-09-07T00:00:00,2012-12-21T00:00:00,12/21/2012,1356048000,2026-08-13T00:00:00
273,ISD,-0.0947,9.31953,10.29412,0.105,3.81,14,Morningstar US CEF High Yield,88,PGIM,False,12.24,-0.1,13.52,2026-09-04T00:00:00,69346H100,"PGIM High Yield Bond Fund, Inc.",2026-09-07,XISDX,Fixed Income - Taxable-High Yield,20.36,407.541,,Monthly,0.55298,0.105,20.0,6.6848,,,2.15,,450.16,True,False,False,False,False,False,,9.2,10.01,4.14,3.95,2.38,-10.13,,,-7.61,961270,,,97.3498,,,,13.70674,-1.2306,-1.75,-1.75,-1.75,2026-09-07T00:00:00,2012-04-26T00:00:00,4/26/2012,1335398400,2026-08-13T00:00:00
274,SDHY,-0.0711,7.54805,8.12539,0.108,3.16,14,Morningstar US CEF High Yield,88,PGIM,True,15.95,0.0,17.17,2026-09-04T00:00:00,69355J104,PGIM Short Duration High Yield Opps,2026-09-07,XSDHX,Fixed Income - Taxable-High Yield,22.15,393.535,,Monthly,0.74624,0.108,20.0,6.4186,,,2.52,,423.636,True,False,False,False,True,False,,7.69,10.0,4.51,4.85,1.8900000000000001,1.98,,,1.7000000000000002,696630,,,98.7564,,,,16.33042,-6.76251,-0.33,-0.6900000000000001,0.22,2026-09-07T00:00:00,2020-11-25T00:00:00,11/25/2020,1606262400,2026-08-13T00:00:00
275,PAXS,-0.025300000000000003,12.27105,12.58989,0.1494,5.95,17,Morningstar US CEF Multi-Sector,90,PIMCO,True,14.24,0.18,14.61,2026-09-04T00:00:00,72203T100,PIMCO Access Income,2026-09-07,XPAAX,Fixed Income - Taxable-Multi-Sector,39.43,671.438,,Monthly,0.82542,0.1494,20.0,,,8.61,5.03,,1137.276,True,False,False,False,True,False,,12.3,10.41,,,2.46,-0.59,,,-1.6800000000000002,1873480,,,86.1715,,,,15.07136,0.32212,-0.9400000000000001,0.04,-0.2,2026-09-07T00:00:00,2022-01-31T00:00:00,1/31/2022,1643587200,2026-08-13T00:00:00
276,PCQ,-0.1001,4.55216,5.05855,0.036,8.41,22,Morningstar US CEF Municipal-CA,84,"Pacific Investment Management Company, LLC",False,8.54,0.04,9.49,2026-09-04T00:00:00,72200N106,PIMCO CA Municipal Income,2026-09-07,XPCQX,Fixed Income - Municipal-Municipal - CA,42.99,479.373,0.161,Monthly,0.21287,0.036,15.0,4.7087,,13.26,4.27,,934.407,True,False,True,False,False,False,,2.7,2.11,-3.0,-10.13,-0.8,2.35,,,9.7,1535970,,,95.5316,,14.47,8.47,8.8017,-11.19034,1.4100000000000001,0.84,1.32,2026-09-07T00:00:00,2001-06-29T00:00:00,6/29/2001,993772800,2026-08-13T00:00:00
277,PTY,0.0316,12.51624,12.13277,0.11879999999999999,7.94,15,Morningstar US CEF Investment Grade,90,PIMCO,False,11.75,0.0,11.39,2026-09-04T00:00:00,72201B101,PIMCO Corporate & Income Opportunity Fd,2026-09-07,XPTYX,Fixed Income - Taxable-Investment Grade,17.26,2579.14,0.218,Monthly,0.57584,0.11879999999999999,15.0,,,9.15,1.52,,3021.619,True,False,False,False,False,False,,15.59,5.01,7.93,-0.01,3.2800000000000002,-1.07,,,-6.48,10737000,,,92.7159,,,,12.67854,8.68263,-0.98,-0.42,-0.88,2026-09-07T00:00:00,2002-12-27T00:00:00,12/27/2002,1040947200,2026-08-13T00:00:00
278,PCN,0.029900000000000003,11.8525,11.50895,0.11249999999999999,6.77,15,Morningstar US CEF Investment Grade,84,"Pacific Investment Management Company, LLC",False,11.73,0.06,11.39,2026-09-04T00:00:00,72200U100,PIMCO Corporate & Income Strgy,2026-09-07,XPCNX,Fixed Income - Taxable-Investment Grade,5.83,892.183,0.038,Monthly,0.57707,0.11249999999999999,15.0,,,8.68,1.53,,919.919,True,False,False,False,False,False,,13.62,5.67,6.78,1.79,2.64,-0.61,,,0.65,3253540,,,92.1831,,,,12.3495,5.71728,-0.9,0.26,-0.25,2026-09-07T00:00:00,2001-12-21T00:00:00,12/21/2001,1008892800,2026-08-13T00:00:00
279,PDI,-0.0223,16.875,17.26027,0.2205,7.8,17,Morningstar US CEF Multi-Sector,84,"Pacific Investment Management Company, LLC",False,15.33,0.04,15.68,2026-09-04T00:00:00,72201Y101,PIMCO Dynamic Income Fund,2026-09-07,XPDIX,Fixed Income - Taxable-Multi-Sector,31.71,7292.286,,Monthly,0.8897,0.2205,25.0,,,8.9,3.79,,10921.684,True,False,False,False,False,False,,13.93,9.74,5.96,2.3,2.94,-4.58,,,-9.66,28215930,,,89.064,,,,17.56889,7.08663,-2.0,-1.51,-1.9300000000000002,2026-09-07T00:00:00,2012-05-25T00:00:00,5/25/2012,1337904000,2026-08-13T00:00:00
280,PDO,0.0023,12.0,11.97192,0.12789999999999999,7.96,13,Morningstar US CEF Global Income,84,"Pacific Investment Management Company, LLC",True,12.82,0.3,12.79,2026-09-04T00:00:00,69355M107,PIMCO Dynamic Income Opportunities Fund,2026-09-07,XPDOX,Fixed Income - Taxable-Global Income,34.4,1863.767,,Monthly,0.62591,0.12789999999999999,20.0,,,8.82,4.3,,2834.385,True,False,False,False,True,False,,13.95,12.55,3.34,2.03,3.03,-2.34,,,1.34,6300040,,,89.112,,,,13.48634,3.29144,-1.45,-0.64,-0.88,2026-09-07T00:00:00,2021-01-29T00:00:00,1/29/2021,1611878400,2026-08-13T00:00:00
281,PDX,-0.081,6.7204,7.31293,0.1334,11.24,25,Morningstar US CEF Global Allocation,90,PIMCO,True,21.89,-0.11,23.82,2026-09-04T00:00:00,69346N107,PIMCO Dynamic Income Strategy Fund,2026-09-07,XPDX,Hybrid-Global Allocation,22.4,978.635,,Monthly,0.63903,0.1334,20.0,6.1539,,7.48,3.01,,1372.398,True,True,True,False,True,True,,17.5,22.29,21.83,25.18,18.43,22.3,,,10.53,1223170,,,91.6489,,,,21.40459,-9.69959,1.1,1.42,1.46,2026-09-07T00:00:00,2019-01-30T00:00:00,1/30/2019,1548806400,2026-08-13T00:00:00
282,PGP,-0.0432,8.95135,9.35593,0.06899999999999999,20.24,25,Morningstar US CEF Global Allocation,84,"Pacific Investment Management Company, LLC",False,8.85,-0.01,9.25,2026-09-04T00:00:00,722011103,PIMCO Global StocksPLUS & Income,2026-09-07,XPGPX,Hybrid-Global Allocation,48.44,102.587,0.07,Monthly,0.40356000000000003,0.06899999999999999,25.0,,,8.33,2.35,,207.962,True,True,False,False,False,False,,21.49,19.34,7.58,5.79,9.54,2.71,,,13.91,441320,,,92.0495,,,,8.76875,-1.40296,-1.06,1.16,-0.45,2026-09-07T00:00:00,2005-05-31T00:00:00,5/31/2005,1117497600,2026-08-13T00:00:00
283,PHK,0.0045000000000000005,12.85714,12.8,0.048,8.51,17,Morningstar US CEF Multi-Sector,84,"Pacific Investment Management Company, LLC",False,4.5,0.0,4.48,2026-09-04T00:00:00,722014107,PIMCO High Income,2026-09-07,XPHKX,Fixed Income - Taxable-Multi-Sector,19.84,854.709,-0.044000000000000004,Monthly,0.23848,0.048,15.0,,,9.48,1.78,,1061.475,True,False,False,False,False,False,,13.7,10.12,6.5600000000000005,3.8,3.91,0.9500000000000001,,,3.06,7556610,,,92.3547,,,,4.75241,3.75856,-1.74,-1.45,-1.37,2026-09-07T00:00:00,2003-04-30T00:00:00,4/30/2003,1051660800,2026-08-13T00:00:00
284,PFL,0.004,13.024,12.97211,0.0814,5.55,17,Morningstar US CEF Multi-Sector,90,PIMCO,False,7.53,-0.05,7.5,2026-09-04T00:00:00,72201H108,PIMCO Income Strategy,2026-09-07,XPFLX,Fixed Income - Taxable-Multi-Sector,7.84,377.746,0.077,Monthly,0.32637,0.0814,20.0,,,7.52,1.29,,408.247,True,False,False,False,False,False,,12.51,11.91,4.84,0.87,1.97,-1.81,,,1.4,2059210,,,88.49,,,,8.1255,4.13569,-1.76,-1.3,-1.4100000000000001,2026-09-07T00:00:00,2003-08-26T00:00:00,8/26/2003,1061856000,2026-08-13T00:00:00
285,PFN,0.0073,12.55977,12.46889,0.0718,7.5,17,Morningstar US CEF Multi-Sector,84,"Pacific Investment Management Company, LLC",False,6.91,0.02,6.86,2026-09-04T00:00:00,72201J104,PIMCO Income Strategy II,2026-09-07,XPFNX,Fixed Income - Taxable-Multi-Sector,24.07,687.366,0.094,Monthly,0.37475,0.0718,20.0,,,9.57,2.33,,898.666,True,False,False,False,False,False,,13.71,13.58,5.5,1.99,3.0,0.77,,,3.49,4369510,,,91.5197,,,,7.21398,2.52515,-0.89,-0.64,-0.24,2026-09-07T00:00:00,2004-10-29T00:00:00,10/29/2004,1099008000,2026-08-13T00:00:00
286,PML,-0.0524,6.20419,6.54696,0.0395,6.31,21,Morningstar US CEF Municipal,90,PIMCO,False,7.24,0.03,7.64,2026-09-04T00:00:00,72200W106,PIMCO Municipal Income II,2026-09-07,XPMLX,Fixed Income - Municipal-Municipal,43.54,908.387,0.10300000000000001,Monthly,0.20781,0.0395,15.0,5.0244,,13.98,4.19,,1697.756,True,False,True,False,False,False,,2.06,0.3,-3.76,-8.11,-1.01,1.33,,,7.26,4328170,,,97.8724,,14.32,8.36,7.60659,-5.64408,0.34,1.48,1.25,2026-09-07T00:00:00,2002-06-28T00:00:00,6/28/2002,1025222400,2026-08-13T00:00:00
287,PNI,-0.10189999999999999,4.74531,5.28358,0.0295,7.04,23,Morningstar US CEF Municipal-NY,90,PIMCO,False,6.7,-0.02,7.46,2026-09-04T00:00:00,72200Y102,PIMCO NY Municipal Income II,2026-09-07,XPNIX,Fixed Income - Municipal-Municipal - NY,42.51,160.032,0.065,Monthly,0.16939,0.0295,15.0,4.8444,,13.36,4.31,,309.957,True,False,True,False,False,False,,1.58,2.65,-4.31,-5.9,-0.76,2.22,,,8.54,580060,,,98.1725,,15.54,9.17,6.95741,-10.91571,1.01,0.49,0.64,2026-09-07T00:00:00,2002-06-28T00:00:00,6/28/2002,1025222400,2026-08-13T00:00:00
288,RCS,0.136,10.52632,9.26641,0.04,8.78,15,Morningstar US CEF Investment Grade,90,PIMCO,False,5.18,-0.01,4.56,2026-09-04T00:00:00,72200X104,PIMCO Strategic Income Fund,2026-09-07,XRCSX,Fixed Income - Taxable-Investment Grade,80.37,245.587,0.019,Monthly,0.2242,0.04,12.5,6.5746,,7.58,2.73,,1101.312,True,False,False,False,False,False,,15.35,8.18,5.0,1.67,3.33,0.75,,,-20.54,1550730,,,98.2536,,,,5.99702,29.68879,-0.99,-1.06,-1.42,2026-09-07T00:00:00,1994-02-24T00:00:00,2/24/1994,762048000,2026-08-13T00:00:00
289,PWRL,-0.3043,,,,,8,Morningstar US CEF Sector Equity,91,Powerlaw Fund Adviser LLC,False,10.22,-1.55,14.69,2026-07-31T00:00:00,738922103,Powerlaw Corp.,2026-09-07,XPWRX,Equity-Sector Equity,,,,,,,,,,,0.0,,,False,True,True,False,False,False,,,,,,,,,,,0,,,,,,,,,,-1.04,,2026-09-07T00:00:00,2026-05-27T00:00:00,5/27/2026,1779840000,
290,PGZ,-0.0953,11.65587,12.88344,0.105,4.15,7,Morningstar US CEF Real Estate,92,Principal Funds,True,9.78,-0.02,10.81,2026-09-04T00:00:00,74255X104,Principal Real Estate Income Fund,2026-09-07,XPGZX,Equity-Real Estate,30.66,65.468,,Monthly,0.34794,0.105,20.0,3.7804,,,4.79,,104.363,True,False,True,False,True,False,,11.8,14.66,0.03,2.29,3.34,6.95,,,6.1,254530,,,79.7282,,4.67,,10.1479,-9.98532,0.31,-1.0,0.15,2026-09-07T00:00:00,2013-06-26T00:00:00,6/26/2013,1372204800,2026-08-17T00:00:00
291,UTG,0.0042,6.60724,6.57963,0.21,5.73,8,Morningstar US CEF Sector Equity,93,Reaves Asset Management,True,38.3,0.33,38.14,2026-09-04T00:00:00,756158101,Reaves Utility Income,2026-09-07,XUTGX,Equity-Sector Equity,21.29,3527.781,,Monthly,0.14102,0.21,20.0,,,,2.09,,4463.043,True,False,True,False,True,False,,20.96,21.12,8.82,8.72,6.96,6.82,,,5.79,2526260,,,,,2.62,,39.4459,-0.45717,0.72,0.66,0.74,2026-09-07T00:00:00,2004-02-24T00:00:00,2/24/2004,1077580800,2026-08-18T00:00:00
292,RCG,-0.0572,,,0.022371,11.15,26,Morningstar US CEF US Allocation,63,Horizon Kinetics Asset Management LLC,False,2.8850000000000002,0.01,3.06,2026-09-04T00:00:00,759720105,RENN Fund ord,2026-09-07,XXRENNX,Hybrid-U.S. Allocation,11.03,20.241,,Data Not Available,-0.00459,0.022371,10.0,,,,1.56,,21.468,True,True,True,False,False,False,,12.22,18.38,3.73,5.71,9.19,14.44,,,8.52,78340,,,,,0.15,,2.78418,-9.64452,0.98,0.43,0.51,2026-09-07T00:00:00,1994-01-20T00:00:00,1/20/1994,759024000,2024-12-16T00:00:00
293,RSF,-0.026099999999999998,11.02681,11.32278,0.1371,7.69,14,Morningstar US CEF High Yield,94,"RiverNorth Capital Management, LLC",False,14.53,0.03,14.92,2026-09-04T00:00:00,76882B108,RiverNorth Capital and Inc Fund,2026-09-07,XRSFX,Fixed Income - Taxable-High Yield,9.65,50.338,,Monthly,,0.1371,21.42,,,,3.96,,51.689,True,False,True,False,False,False,,8.74,10.51,6.06,5.47,4.77,8.94,,,9.5,164220,,,,,2.96,,14.57567,-4.12607,1.37,1.01,0.99,2026-09-07T00:00:00,2016-09-22T00:00:00,9/22/2016,1474502400,2026-08-14T00:00:00
294,RFM,-0.07519999999999999,6.91432,7.47666,0.0881,9.47,21,Morningstar US CEF Municipal,94,"RiverNorth Capital Management, LLC",True,14.14,-0.06,15.29,2026-09-04T00:00:00,76883H104,RiverNorth Flexible Municipal Income,2026-09-07,XRFMX,Fixed Income - Municipal-Municipal,40.76,86.462,,Monthly,0.07615,0.0881,20.0,5.1551,,,4.46,,157.834,True,False,True,False,True,True,,4.97,5.28,-1.08,-1.4,2.96,8.37,,,12.68,205590,,,103.2065,,16.06,16.44,14.40304,-8.69742,0.89,-0.45,0.41000000000000003,2026-09-07T00:00:00,2020-03-26T00:00:00,3/26/2020,1585180800,2026-08-14T00:00:00
295,RFMZ,-0.071,6.9210899999999995,7.45019,0.0804,9.32,21,Morningstar US CEF Municipal,94,"RiverNorth Capital Management, LLC",True,12.95,0.05,13.94,2026-09-04T00:00:00,76883Y107,RiverNorth Flexible Municipal Income II,2026-09-07,XRFZX,Fixed Income - Municipal-Municipal,41.21,315.355,,Monthly,0.07449,0.0804,20.0,5.1719,,,0.0,,577.393,True,False,True,False,True,True,,5.18,6.07,-0.71,-2.46,2.81,8.31,,,12.26,742570,,,102.4874,,15.2,15.07,13.05315,-9.25631,1.52,0.38,0.9400000000000001,2026-09-07T00:00:00,2021-02-24T00:00:00,2/24/2021,1614124800,2026-08-14T00:00:00
296,RMMZ,-0.0599,6.92487,7.36617,0.0891,8.97,21,Morningstar US CEF Municipal,94,"RiverNorth Capital Management, LLC",False,14.515,-0.03,15.44,2026-09-04T00:00:00,76882M104,RiverNorth Manage Dur Muni Inc Fd II Inc,2026-09-07,XRMZX,Fixed Income - Municipal-Municipal,41.63,122.724,,Monthly,0.09213,0.0891,20.0,5.1983,,,4.48,,223.66,True,False,True,False,False,True,,4.79,6.27,,,2.73,7.64,,,9.61,220320,,,103.2456,,15.23,13.91,14.81611,-6.94352,0.99,0.77,1.02,2026-09-07T00:00:00,2022-02-10T00:00:00,2/10/2022,1644451200,2026-08-14T00:00:00
297,RMM,-0.0334,6.93315,7.1729,0.0847,9.15,21,Morningstar US CEF Municipal,94,"RiverNorth Capital Management, LLC",False,14.17,0.05,14.66,2026-09-04T00:00:00,76882H105,RiverNorth Managed Duration Muni Inc Fd,2026-09-07,XRMMX,Fixed Income - Municipal-Municipal,41.41,279.711,,Monthly,0.06903000000000001,0.0847,20.0,5.1325,,,4.31,,493.893,True,False,True,False,False,True,,5.01,4.85,0.37,-0.9,2.7,10.25,,,14.37,645510,,,103.1319,,9.8,16.2,14.19703,-6.19492,1.51,1.07,1.04,2026-09-07T00:00:00,2019-07-25T00:00:00,7/25/2019,1564012800,2026-08-14T00:00:00
298,RMI,-0.0298,6.9138,7.12625,0.08889999999999999,9.45,21,Morningstar US CEF Municipal,94,"RiverNorth Capital Management, LLC",False,14.97,-0.07,15.43,2026-09-04T00:00:00,76883F108,RiverNorth Opp Muni Income Fund Inc,2026-09-07,XRMIX,Fixed Income - Municipal-Municipal,40.46,95.427,,Monthly,0.08216,0.08889999999999999,20.0,5.1582,,,4.43,,165.204,True,False,True,False,False,True,,4.93,5.85,-1.08,-0.53,3.04,11.17,,,17.37,224400,,,102.9981,,15.85,16.15,15.03196,-5.51775,0.89,0.07,0.26,2026-09-07T00:00:00,2018-10-25T00:00:00,10/25/2018,1540425600,2026-08-14T00:00:00
299,RIV,-0.1002,12.97351,14.41766,0.1306,10.73,26,Morningstar US CEF US Allocation,94,"RiverNorth Capital Management, LLC",True,10.870000000000001,-0.04,12.08,2026-09-04T00:00:00,76881Y109,RiverNorth Opportunities Fund,2026-09-07,XRIVX,Hybrid-U.S. Allocation,25.75,297.526,,Monthly,-0.12127,0.1306,20.0,6.4636,,,1.9100000000000001,,445.315,True,False,False,False,True,True,,14.23,12.61,7.27,3.14,5.43,1.98,,,0.35000000000000003,1000180,,,99.6122,,,,11.62836,-5.68373,-2.33,-1.96,-2.77,2026-09-07T00:00:00,2015-12-23T00:00:00,12/23/2015,1450828800,2026-08-14T00:00:00
300,OPP,-0.0915,13.31707,14.65772,0.091,6.71,14,Morningstar US CEF High Yield,94,"RiverNorth Capital Management, LLC",True,7.45,0.0,8.2,2026-09-04T00:00:00,76882G107,RiverNorth/DoubleLine Strategic Opp Fund,2026-09-07,XOPPX,Fixed Income - Taxable-High Yield,37.74,186.176,,Monthly,0.32888,0.091,20.0,4.9871,,,2.8,,329.111,True,False,False,False,True,True,,10.09,10.81,2.74,0.41000000000000003,2.22,3.2,,,-0.59,1030380,,,75.0069,,,,7.86846,-8.46974,-0.37,-0.86,-0.41000000000000003,2026-09-07T00:00:00,2016-09-27T00:00:00,9/27/2016,1474934400,2026-08-14T00:00:00
301,RVI,0.09390000000000001,,,,,5,Morningstar US CEF Global Equity,95,"Robinhood Ventures DE, LLC",True,27.37,-6.58,25.02,2026-06-30T00:00:00,770701100,Robinhood Ventures Fund I,2026-09-07,XRVIX,Equity-Global Equity,,745.756,,Annually,,,25.0,,,,2.72,,681.725,False,True,True,False,True,False,,,,,,,,,,,0,,,,,,,,,,-0.6,,2026-09-07T00:00:00,2026-03-06T00:00:00,3/6/2026,1772755200,
302,BOT,1.2969,,,,,8,Morningstar US CEF Sector Equity,52,"FP Strategies, LLC",True,26.8,-0.22,11.35,2026-08-31T00:00:00,77106T107,RoboStrategy Inc,2026-09-07,XBOTX,Equity-Sector Equity,,,,,,,,,,,0.0,,,False,True,True,False,True,False,,,,,,,,,,,0,,,,,,,,,,,,2026-09-07T00:00:00,2026-05-11T00:00:00,5/11/2026,1778457600,
303,RGT,-0.1465,1.07042,1.25413,0.19,21.45,5,Morningstar US CEF Global Equity,96,Royce Investment Partners,False,15.15,-0.12,17.75,2026-09-04T00:00:00,78081T104,"Royce Global Trust, Inc.",2026-09-07,XRGTX,Equity-Global Equity,2.11,99.427,,Annually,0.26180000000000003,0.19,8.975,,,,1.35,,116.491,True,True,True,False,False,False,,19.33,21.56,6.01,4.54,16.73,16.86,,,22.08,203370,,,,,,,13.85375,-14.72523,0.07,0.12,0.3,2026-09-07T00:00:00,2013-10-18T00:00:00,10/18/2013,1382054400,2025-12-11T00:00:00
304,RMT,-0.1161,5.83756,6.60445,0.22999999999999998,43.52,10,Morningstar US CEF US Equity,96,Royce Investment Partners,True,13.93,0.12,15.76,2026-09-04T00:00:00,780915104,Royce Micro-Cap Trust,2026-09-07,XOTCX,Equity-U.S. Equity,3.39,754.888,,Quarterly,-0.0471,0.22999999999999998,10.0,,,,1.3900000000000001,,884.059,True,True,False,False,True,False,,23.07,25.43,10.61,12.24,35.64,38.55,,,47.84,1194450,,,,,,,12.12908,-11.41216,-0.27,-0.18,-0.58,2026-09-07T00:00:00,1993-12-14T00:00:00,12/14/1993,755827200,2026-06-11T00:00:00
305,RVT,-0.10339999999999999,6.36505,7.09908,0.3278,22.96,10,Morningstar US CEF US Equity,96,Royce Investment Partners,True,18.47,0.0,20.6,2026-09-04T00:00:00,780910105,Royce Small-Cap Trust,2026-09-07,XRVTX,Equity-U.S. Equity,1.5899999999999999,2294.874,,Quarterly,0.08396,0.3278,10.0,,,,1.35,,2559.524,True,True,False,False,True,False,,17.08,19.67,7.75,8.62,19.44,19.48,,,25.96,2719250,,,,,,,17.32245,-9.74096,-0.32,1.38,-0.16,2026-09-07T00:00:00,1986-11-26T00:00:00,11/26/1986,533347200,2026-06-11T00:00:00
306,BRW,-0.1177,9.41813,10.67485,0.057999999999999996,0.2,19,Morningstar US CEF Senior Loans,97,"Saba Capital Management, LP",False,6.52,0.06,7.39,2026-09-04T00:00:00,78518H202,Saba Capital Income & Opportunities Fund,2026-09-07,XPPRX,Fixed Income - Taxable-Senior Loans,12.13,338.616,,Monthly,0.07357,0.057999999999999996,10.0,,,,5.82,,436.8,True,False,False,False,False,False,,9.28,8.76,7.52,7.25,4.19,3.6,,,-7.6,2715310,,,,,6.5,,6.90316,-10.72312,-0.53,-1.06,-0.53,2026-09-07T00:00:00,1988-05-12T00:00:00,5/12/1988,579398400,2026-08-11T00:00:00
307,SABA,-0.1457,7.24246,8.47747,0.057999999999999996,2.4,13,Morningstar US CEF Global Income,97,"Saba Capital Management, LP",False,8.21,-0.01,9.61,2026-09-04T00:00:00,880198205,Saba Capital Income & Ops Fund II,2026-09-07,XSABX,Fixed Income - Taxable-Global Income,,221.582,,Monthly,0.07175000000000001,0.057999999999999996,10.0,7.8815,,7.8100000000000005,4.58,,259.367,False,False,False,False,False,False,,11.34,9.9,4.64,3.42,6.1,6.0,,,-1.5899999999999999,713930,,,,,,,8.44807,-12.40223,-1.3900000000000001,-1.72,-1.38,2026-09-07T00:00:00,1988-03-17T00:00:00,3/17/1988,574560000,2026-08-11T00:00:00
308,SPMC,0.0414,25.50478,24.4898,0.13,-33.74,19,Morningstar US CEF Senior Loans,99,Sound Point Meridian Management Company LLC,True,9.8,-0.47000000000000003,9.61,2026-07-31T00:00:00,83617A108,Sound Point Meridian Capital Inc,2026-09-07,,Fixed Income - Taxable-Senior Loans,46.36,206.646,,Monthly,1.06488,0.13,20.0,,,,10.95,,369.936,True,False,True,False,True,False,,,,,,-21.15,-14.84,,,-30.25,286660,,,,,,,12.42062,-0.6691400000000001,0.62,0.23,0.36,2026-09-07T00:00:00,2024-06-14T00:00:00,6/14/2024,1718323200,2026-08-14T00:00:00
309,SOR,-0.0851,4.9214400000000005,5.37895,0.20829999999999999,14.9,26,Morningstar US CEF US Allocation,48,"First Pacific Advisors, LP",True,46.47,0.03,50.79,2026-09-04T00:00:00,836144303,Source Capital,2026-09-07,XSORX,Hybrid-U.S. Allocation,0.0,382.493,,Monthly,1.17317,0.20829999999999999,17.5,3.0678,,,0.9800000000000001,,418.051,True,True,False,False,True,False,,14.83,15.72,9.21,9.2,8.68,6.45,,,12.72,109770,,,,,,,46.33578,-5.17749,-1.34,-0.63,-0.86,2026-09-07T00:00:00,1968-10-24T00:00:00,10/24/1968,-37497600,2026-08-13T00:00:00
310,SPE,-0.1335,8.33482,9.61947,0.10869999999999999,2.83,10,Morningstar US CEF US Equity,22,Bulldog Investors LLP,False,13.56,-0.01,15.65,2026-09-04T00:00:00,84741T104,Special Opportunities,2026-09-07,XSPEX,Equity-U.S. Equity,25.16,144.05,,Monthly,0.3212,0.10869999999999999,15.0,5.1616,,19.11,1.8599999999999999,,222.147,True,False,False,False,False,False,,14.61,17.57,8.64,8.64,1.78,-1.6,,,-0.56,344890,,,,,,,14.47617,-10.88768,-1.21,0.64,-0.58,2026-09-07T00:00:00,1993-06-08T00:00:00,6/8/1993,739497600,2026-08-18T00:00:00
311,FUND,-0.09359999999999999,5.06914,5.59256,0.1503,35.29,10,Morningstar US CEF US Equity,101,Sprott Asset Management USA Inc.,True,10.75,-0.12,11.86,2026-09-04T00:00:00,85208J109,Sprott Focus Trust,2026-09-07,XFUNX,Equity-U.S. Equity,0.0,321.379,,Quarterly,0.09339,0.1503,10.0,,,,1.13,,354.563,True,True,True,False,True,False,,17.85,17.45,12.6,12.69,26.65,25.84,,,37.95,261560,,,,,,,9.39884,-10.49784,1.5899999999999999,0.67,1.09,2026-09-07T00:00:00,1988-03-01T00:00:00,3/1/1988,573177600,2026-06-12T00:00:00
312,CEF,-0.0275,,,,40.59,2,Morningstar US CEF Commodity,100,Sprott Asset Management LP,False,45.27,-0.51,46.55,2026-09-04T00:00:00,85208R101,Sprott Physical Gold and Silver Trust,2026-09-07,XCEFX,Equity-Commodities,,7720.36,,Data Not Available,0.0,,13.72,,,,0.46,,7938.652,False,True,True,False,False,False,,33.92,34.97,20.16,20.48,-1.6600000000000001,-0.52,,,41.36,10538020,,,,,,,44.69908,-4.34525,1.1400000000000001,1.3,1.6,2026-09-07T00:00:00,2018-01-16T00:00:00,1/16/2018,1516060800,
313,PHYS,-0.0207,,,,27.82,2,Morningstar US CEF Commodity,100,Sprott Asset Management LP,False,33.6,-0.28,34.31,2026-09-04T00:00:00,85207H104,Sprott Physical Gold Trust Unit,2026-09-07,,Equity-Commodities,,16319.309,,Data Not Available,0.0,,10.0,,,,0.4,,16664.151,False,True,True,False,False,False,,30.88,30.68,18.86,18.7,2.29,2.39,,,27.49,49248000,,,,,,,33.45506,-2.25825,0.33,0.99,1.0,2026-09-07T00:00:00,2010-02-26T00:00:00,2/26/2010,1267142400,
314,SPPP,-0.0227,,,,25.17,2,Morningstar US CEF Commodity,100,Sprott Asset Management LP,False,15.06,-0.1,15.41,2026-09-04T00:00:00,85207Q104,Sprott Physical Platinum & Palladium Tr,2026-09-07,,Equity-Commodities,,565.885,,Data Not Available,0.0,,10.0,,,,1.01,,579.036,False,False,True,False,False,False,,10.61,9.4,-2.75,-3.14,-14.44,-12.77,,,21.1,9256110,,,,,,,15.24605,-4.7877,1.18,2.26,2.95,2026-09-07T00:00:00,2012-12-19T00:00:00,12/19/2012,1355875200,
315,PSLV,-0.039,,,,65.65,2,Morningstar US CEF Commodity,100,Sprott Asset Management LP,False,21.7,-0.26,22.58,2026-09-04T00:00:00,85207K107,Sprott Physical Silver Trust Unit,2026-09-07,,Equity-Commodities,,13194.658,,Data Not Available,0.0,,10.0,,,,0.56,,13729.741,False,False,True,False,False,False,,38.27,37.81,21.55,21.1,-7.65,-7.48,,,62.31,166722060,,,,,,,21.93069,-4.59058,0.44,1.07,1.3599999999999999,2026-09-07T00:00:00,2010-10-29T00:00:00,10/29/2010,1288310400,
316,STEW,-0.2245,3.36276,4.33604,0.19999999999999998,6.51,10,Morningstar US CEF US Equity,85,Paralel Advisors LLC,True,18.45,-0.08,23.79,2026-09-04T00:00:00,101507101,SRH Total Return Fund,2026-09-07,XSTEX,Equity-U.S. Equity,8.89,1779.346,,Quarterly,0.03245,0.19999999999999998,10.0,5.4498,,,1.42,,2518.178,True,True,False,False,True,False,,15.94,15.43,11.02,9.97,5.46,2.96,,,4.08,807500,,,,,0.4,,17.95129,-21.53776,-0.93,0.5700000000000001,-0.25,2026-09-07T00:00:00,1972-12-07T00:00:00,12/7/1972,92534400,2026-07-24T00:00:00
317,TWN,-0.1582,5.04409,5.9922699999999995,6.2002,128.82,1,Morningstar US CEF Asia Equity,80,Nomura Asset Management USA Inc,False,103.47,1.07,122.92,2026-09-04T00:00:00,874036106,Taiwan Fund,2026-09-07,XXTWNXX,Equity-Asia Equity,,594.129,,Annually,0.0,6.2002,22.42,,,,1.32,,705.811,False,True,True,False,False,False,,58.42,64.19,31.53,32.9,95.92,91.2,,,126.91,309650,,,,,,,72.26579,-15.85252,0.01,0.64,0.36,2026-09-07T00:00:00,1986-12-23T00:00:00,12/23/1986,535680000,2025-12-29T00:00:00
318,TSI,-0.0971,7.01653,7.77117,0.0283,0.38,17,Morningstar US CEF Multi-Sector,102,TCW Investment Management Co LLC,False,4.37,0.0,4.84,2026-09-04T00:00:00,872340104,TCW Strategic Income,2026-09-07,XXCVTXX,Fixed Income - Taxable-Multi-Sector,0.0,208.822,,Monthly,0.16068,0.0283,10.0,4.6909,,,1.17,,231.282,True,False,False,False,False,False,,6.15,5.86,3.01,2.09,-1.25,-7.24,,,-3.93,1229330,,,97.6881,,,,4.68961,-6.89539,-1.6099999999999999,-1.32,-1.38,2026-09-07T00:00:00,1987-03-05T00:00:00,3/5/1987,541900800,2026-08-17T00:00:00
319,TDF,-0.1456,4.8,5.61798,0.15,0.75,1,Morningstar US CEF Asia Equity,103,Templeton Asset Management Ltd.,False,10.68,0.12,12.5,2026-09-04T00:00:00,88018T101,Templeton Dragon,2026-09-07,XTDFX,Equity-Asia Equity,0.66,267.808,,Quarterly,0.07077,0.15,15.0,,,,1.21,,315.53,True,False,False,False,False,False,,7.88,8.7,-5.98,-7.15,-2.22,-1.53,,,0.85,747420,,,,,,,11.2087,-14.14144,-0.48,-0.3,-0.16,2026-09-07T00:00:00,1994-09-20T00:00:00,9/20/1994,780019200,2026-06-23T00:00:00
320,TEI,-0.0613,9.02507,9.61424,0.054,25.07,12,Morningstar US CEF Emerging Market Income,53,"Franklin Advisers, Inc.",False,6.74,0.03,7.18,2026-09-04T00:00:00,880192109,Templeton Emerg Mkts Income,2026-09-07,XTEIX,Fixed Income - Taxable-Emerging Market Income,16.09,318.32,,Monthly,0.37173,0.054,15.0,8.0859,,,2.37,,404.1,True,True,False,False,False,False,,20.17,23.76,7.43,8.8,10.97,11.32,,,25.82,1860980,,,,,5.59,,6.49939,-5.81328,-0.2,-0.48,0.15,2026-09-07T00:00:00,1993-09-23T00:00:00,9/23/1993,748742400,2026-08-24T00:00:00
321,EMF,-0.1047,3.73686,4.17391,0.24,64.97,4,Morningstar US CEF Emerging Market Equity,55,Franklin Templeton Investments,False,23.0,0.41000000000000003,25.69,2026-09-04T00:00:00,880191101,Templeton Emerging Markets,2026-09-07,XEMFX,Equity-Emerging Market Equity,2.54,343.802,,Quarterly,0.05477,0.24,20.0,,,,1.34,,394.011,True,True,False,False,False,False,,32.89,35.99,13.05,14.2,36.26,34.87,,,68.6,412000,,,,,,,19.54094,-10.12291,-0.23,-0.25,0.04,2026-09-07T00:00:00,1987-02-26T00:00:00,2/26/1987,541296000,2026-06-23T00:00:00
322,CEE,-0.10210000000000001,1.71056,1.90503,0.3871,48.74,4,Morningstar US CEF Emerging Market Equity,40,DWS,False,20.3199,0.34,22.63,2026-09-04T00:00:00,153436100,The Central and Eastern Europe Fund,2026-09-07,XCEEX,Equity-Emerging Market Equity,4.8100000000000005,132.49,,Annually,0.05509,0.3871,19.0,,,,1.26,,155.015,True,True,False,False,False,False,,42.68,34.77,-4.18,-3.46,32.54,12.37,,,24.42,271570,,,,,,,18.68557,-1.92854,-2.47,-1.18,-1.8599999999999999,2026-09-07T00:00:00,1990-03-06T00:00:00,3/6/1990,636681600,2025-12-30T00:00:00
323,TBLD,-0.0664,5.28782,5.6639800000000005,0.10417,19.27,25,Morningstar US CEF Global Allocation,105,Thornburg Investment Management Inc,False,22.07,-0.08,23.64,2026-09-04T00:00:00,885213108,Thornburg Income Builder Opp Trust,2026-09-07,XTBLX,Hybrid-Global Allocation,0.07,708.047,,Monthly,0.26058,0.10417,20.0,5.5363,,,1.62,,758.933,True,True,False,False,False,True,,17.64,21.58,10.09,9.54,13.25,14.75,,,18.25,595190,,,87.9215,,,,21.19854,-5.67334,-0.79,-1.01,-0.9500000000000001,2026-09-07T00:00:00,2021-07-27T00:00:00,7/27/2021,1627344000,2026-08-13T00:00:00
324,TYG,-0.0674,12.51922,13.4244,0.475,10.18,6,Morningstar US CEF MLP,106,"Tortoise Capital Advisors, LLC",False,42.46,-0.5,45.53,2026-09-04T00:00:00,89147L886,Tortoise Energy Infrastructure Corp.,2026-09-07,XTYGX,Equity-MLP,27.18,897.163,,Monthly,-0.21128,0.475,25.0,,,,3.13,,1321.032,True,False,False,False,False,False,,18.49,25.37,15.27,21.36,10.93,15.91,,,15.69,1282780,,,,,0.25,,44.59575,-4.86798,-0.5700000000000001,-0.24,-0.71,2026-09-07T00:00:00,2004-02-27T00:00:00,2/27/2004,1077840000,2026-08-24T00:00:00
325,SWZ,-0.1916,7.87099,9.73689,3.0,4.96,9,Morningstar US CEF Single Country Equity,22,Bulldog Investors LLP,False,5.99,0.0,7.41,2026-09-04T00:00:00,870875101,Total Return Securities Fund,2026-09-07,XSWZX,Equity-Single-Country Equity,0.0,77.713,,Quarterly,0.02228,3.0,8.0,5.0717,,19.19,2.21,,96.136,True,False,False,False,False,False,,3.16,2.99,1.0,0.54,7.08,-3.7,,,-0.8300000000000001,661110,,,,,,7.94,6.02303,-16.37557,-0.9400000000000001,1.16,-0.41000000000000003,2026-09-07T00:00:00,1987-08-27T00:00:00,8/27/1987,557020800,2025-03-18T00:00:00
326,TY,-0.1026,2.98739,3.32903,0.29619999999999996,16.8,26,Morningstar US CEF US Allocation,31,"Columbia Mgmt Investment Advisers, LLC",False,35.59,-0.13,39.66,2026-09-04T00:00:00,895436103,Tri-Continental,2026-09-07,XTYCX,Hybrid-U.S. Allocation,1.74,1904.619,,Quarterly,0.57554,0.29619999999999996,10.0,6.0621,,,0.46,,2160.065,True,True,False,False,False,False,,16.73,19.29,9.39,10.9,11.65,12.47,,,18.27,355100,,,,,4.48,,33.94828,-10.23864,-0.03,-1.16,-0.14,2026-09-07T00:00:00,1929-01-14T00:00:00,1/14/1929,-1292716800,2026-06-16T00:00:00
327,DHY,-0.1198,9.6875,11.00592,0.0155,-3.11,14,Morningstar US CEF High Yield,107,UBS Asset Management (Americas) LLC,False,1.69,-0.02,1.92,2026-09-04T00:00:00,22544F103,UBS Asset Management High Yield Credit,2026-09-07,XDHYX,Fixed Income - Taxable-High Yield,30.67,175.1,,Monthly,0.08308,0.0155,10.0,6.998,,,3.62,,286.925,True,False,False,False,False,False,,5.59,6.12,2.8,1.52,-3.66,-9.06,,,-10.32,6377840,,,98.7615,,5.73,,1.9049800000000001,-6.83347,-1.62,-2.05,-1.21,2026-09-07T00:00:00,1998-07-31T00:00:00,7/31/1998,901843200,2026-08-17T00:00:00
328,CIK,-0.1066,8.82353,9.87654,0.02,1.7000000000000002,14,Morningstar US CEF High Yield,107,UBS Asset Management (Americas) LLC,False,2.43,0.0,2.7199999999999998,2026-09-04T00:00:00,224916106,UBS Asset Management Income,2026-09-07,XCIKX,Fixed Income - Taxable-High Yield,33.32,133.309,,Monthly,0.11481000000000001,0.02,10.0,6.9712,,,3.7,,223.76,True,False,False,False,False,False,,7.53,5.67,4.22,2.0,1.69,-8.47,,,-9.38,4646240,,,98.7034,,5.73,,2.67381,-4.1611,-1.51,-1.29,-1.31,2026-09-07T00:00:00,1987-03-23T00:00:00,3/23/1987,543456000,2026-08-17T00:00:00
329,AIO,-0.0692,7.7447099999999995,8.32049,0.18,30.72,8,Morningstar US CEF Sector Equity,108,"Virtus Investment Advisers, LLC",False,25.96,-0.04,27.89,2026-09-04T00:00:00,92838Y100,Virtus AI & Tech Opp Fund,2026-09-07,XAIOX,Equity-Sector Equity,11.92,894.037,,Monthly,0.025490000000000002,0.18,20.0,4.6834,,,2.32,,1090.505,True,True,True,False,False,False,,23.72,25.07,10.41,11.76,21.39,27.18,,,22.02,836260,,,,,,,24.26801,-8.42244,0.58,1.23,1.78,2026-09-07T00:00:00,2019-10-31T00:00:00,10/31/2019,1572480000,2026-08-13T00:00:00
330,NCV,-0.0712,9.15311,9.85507,0.13599999999999998,20.31,11,Morningstar US CEF Convertibles,108,"Virtus Investment Advisers, LLC",False,16.56,0.17,17.83,2026-09-04T00:00:00,92838X805,Virtus Convertible & Income Fund,2026-09-07,XNCVX,Fixed Income - Taxable-Convertibles,34.22,374.147,0.012,Monthly,0.12557000000000001,0.13599999999999998,15.0,4.2431,,,2.8200000000000003,,612.399,True,True,True,False,False,False,,16.62,20.34,3.24,3.74,11.18,17.77,,,24.92,865460,,,112.1538,,6.02,,16.09513,-9.89604,2.04,1.34,1.8599999999999999,2026-09-07T00:00:00,2003-03-31T00:00:00,3/31/2003,1049068800,2026-08-13T00:00:00
331,NCZ,-0.047599999999999996,8.89438,9.33852,0.12,21.33,11,Morningstar US CEF Convertibles,108,"Virtus Investment Advisers, LLC",False,15.42,0.13,16.19,2026-09-04T00:00:00,92838U801,Virtus Convertible & Income Fund II,2026-09-07,XNCZX,Fixed Income - Taxable-Convertibles,34.95,293.426,0.0,Monthly,0.10316,0.12,15.0,4.1644,,,2.22,,473.601,True,True,True,False,False,False,,17.24,21.23,3.35,4.86,11.83,19.16,,,25.52,648800,,,111.4938,,6.05,,14.63061,-9.49282,2.84,1.6099999999999999,2.34,2026-09-07T00:00:00,2003-07-31T00:00:00,7/31/2003,1059609600,2026-08-13T00:00:00
332,ACV,-0.0209,8.04769,8.21918,0.18,22.81,26,Morningstar US CEF US Allocation,108,"Virtus Investment Advisers, LLC",False,26.28,0.12,26.84,2026-09-04T00:00:00,92840N100,Virtus Diversified Inc & Conv Fund,2026-09-07,XACVX,Hybrid-U.S. Allocation,27.34,273.208,,Monthly,-0.00934,0.18,25.0,3.5932,,,3.63,,384.029,True,False,False,False,False,True,,19.76,22.09,7.24,7.35,13.04,5.19,,,25.35,296320,,,,,74.56,,26.35338,-0.39745,-0.48,-0.13,-0.02,2026-09-07T00:00:00,2015-05-26T00:00:00,5/26/2015,1432598400,2026-08-13T00:00:00
333,NIE,-0.1008,8.01105,8.90937,0.58,16.7,26,Morningstar US CEF US Allocation,108,"Virtus Investment Advisers, LLC",False,26.04,-0.13,28.96,2026-09-04T00:00:00,92841M101,Virtus Equity & Convertible Inc Fund,2026-09-07,XNIEX,Hybrid-U.S. Allocation,,721.541,0.0,Quarterly,0.03966,0.58,25.0,2.0791,,,1.07,,802.452,False,True,True,False,False,False,,16.38,17.16,7.72,9.1,9.46,8.61,,,15.79,594520,,,,,,,25.55762,-10.4091,0.33,0.86,1.24,2026-09-07T00:00:00,2007-02-27T00:00:00,2/27/2007,1172534400,2026-06-15T00:00:00
334,VGI,-0.0603,12.32349,13.11475,0.08,6.38,17,Morningstar US CEF Multi-Sector,108,"Virtus Investment Advisers, LLC",True,7.32,-0.02,7.79,2026-09-04T00:00:00,92829B101,Virtus Global Multi-Sector Income Fund,2026-09-07,XVGIX,Fixed Income - Taxable-Multi-Sector,30.79,82.812,,Monthly,0.22072,0.08,20.0,6.035,,7.5,3.98,,127.329,True,False,False,False,True,False,,8.67,11.68,1.6400000000000001,2.09,2.22,1.99,,,4.08,373910,,,97.9305,,,,7.64164,-5.83614,-0.16,1.0,1.04,2026-09-07T00:00:00,2012-02-23T00:00:00,2/23/2012,1329955200,2026-08-13T00:00:00
335,EDF,0.0557,14.31412,13.55932,0.06,18.87,12,Morningstar US CEF Emerging Market Income,109,Virtus Investment Advisors (VIA),False,5.31,0.06,5.03,2026-09-04T00:00:00,86164T107,Virtus Stone Harbor Emerging Markets Inc,2026-09-07,XEDFX,Fixed Income - Taxable-Emerging Market Income,21.07,170.845,,Monthly,0.22456,0.06,25.0,6.8639,,,3.13,,205.046,True,True,True,False,False,False,,23.15,20.66,8.05,5.62,10.65,15.89,,,16.83,1549340,,,,,,3.92,5.11488,2.7514000000000003,0.79,-0.3,0.24,2026-09-07T00:00:00,2010-12-23T00:00:00,12/23/2010,1293062400,2026-08-13T00:00:00
336,ZTR,-0.0802,8.96739,9.74889,0.055,14.5,25,Morningstar US CEF Global Allocation,108,"Virtus Investment Advisers, LLC",False,6.77,0.0,7.36,2026-09-04T00:00:00,92835W107,Virtus Total Return Fund Inc,2026-09-07,XZTRX,Hybrid-Global Allocation,30.16,338.457,,Monthly,0.10525,0.055,15.0,5.8547,,6.15,3.67,,526.853,True,True,True,False,False,False,,15.83,17.81,6.01,4.86,10.69,14.28,,,16.42,1919160,,,98.4225,,,,6.6237200000000005,-10.75389,2.18,2.21,2.86,2026-09-07T00:00:00,2005-02-24T00:00:00,2/24/2005,1109203200,2026-08-13T00:00:00
337,IAE,-0.0304,8.45987,8.72483,0.065,31.64,1,Morningstar US CEF Asia Equity,110,"Voya Investments, LLC",False,8.94,0.1,9.22,2026-09-04T00:00:00,92912J102,Voya Asia Pacific High Div Eq Inc Fd,2026-09-07,XIAEX,Equity-Asia Equity,,96.108,,Monthly,0.02682,0.065,25.0,,,,1.21,,99.118,False,True,True,False,False,False,,21.74,28.56,10.03,12.7,21.4,29.33,,,35.65,487120,,,,,,,7.9739,-5.68634,1.08,-0.45,0.71,2026-09-07T00:00:00,2007-03-27T00:00:00,3/27/2007,1174953600,2026-09-01T00:00:00
338,IHD,-0.0264,8.31234,8.53816,0.055,34.2,4,Morningstar US CEF Emerging Market Equity,110,"Voya Investments, LLC",False,7.73,0.15,7.9399999999999995,2026-09-04T00:00:00,92912P108,Voya Emerging Markets High Div Eq Fd,2026-09-07,XIHDX,Equity-Emerging Market Equity,,137.098,,Monthly,0.02083,0.055,20.0,,,,1.4100000000000001,,140.823,False,True,True,False,False,False,,21.97,28.6,9.76,12.08,22.16,29.57,,,42.23,792900,,,,,,,6.87707,-5.45042,1.22,-0.03,0.61,2026-09-07T00:00:00,2011-04-26T00:00:00,4/26/2011,1303776000,2026-09-01T00:00:00
339,IGA,-0.0513,9.18092,9.67742,0.08499999999999999,17.48,3,Morningstar US CEF Covered Call,110,"Voya Investments, LLC",False,10.54,-0.04,11.11,2026-09-04T00:00:00,92912R104,Voya Global Advantage and Premium Opp Fd,2026-09-07,XIGAX,Equity-Covered-Call Funds,,161.698,,Monthly,0.07357,0.08499999999999999,20.0,,,,1.01,,170.443,False,True,True,False,False,False,,14.86,19.84,9.79,11.39,14.17,16.69,,,18.44,596140,,,,,,,9.8425,-6.43453,1.05,1.83,2.46,2026-09-07T00:00:00,2005-10-26T00:00:00,10/26/2005,1130284800,2026-09-01T00:00:00
340,IGD,-0.019799999999999998,9.11854,9.30233,0.049999999999999996,16.86,3,Morningstar US CEF Covered Call,110,"Voya Investments, LLC",False,6.45,-0.08,6.58,2026-09-04T00:00:00,92912T100,Voya Global Equity Dividend&Prm Opp Fd,2026-09-07,XIGDX,Equity-Covered-Call Funds,,508.702,,Monthly,0.04503,0.049999999999999996,20.0,,,,0.9600000000000001,,518.955,False,True,True,False,False,False,,14.6,21.05,9.02,11.34,13.84,22.44,,,22.03,2534990,,,,,,,6.00025,-3.71624,0.71,-1.42,0.06,2026-09-07T00:00:00,2005-03-28T00:00:00,3/28/2005,1111968000,2026-09-01T00:00:00
341,IDE,-0.044000000000000004,8.79765,9.20245,0.09999999999999999,20.8,5,Morningstar US CEF Global Equity,110,"Voya Investments, LLC",True,13.04,0.05,13.64,2026-09-04T00:00:00,92912X101,Voya Infrastructure Industrials&Matls Fd,2026-09-07,XIDEX,Equity-Global Equity,,197.638,,Monthly,0.02906,0.09999999999999999,20.0,,,,1.23,,206.732,False,True,False,False,True,False,,16.79,21.59,10.03,10.62,12.95,12.43,,,15.1,445310,,,,,,,12.94888,-3.3592,-0.45,-0.81,-0.76,2026-09-07T00:00:00,2010-01-26T00:00:00,1/26/2010,1264464000,2026-09-01T00:00:00
342,WDI,-0.0933,12.78336,14.0981,0.1485,5.1,17,Morningstar US CEF Multi-Sector,54,"Franklin Templeton Fund Adviser, LLC",True,12.64,-0.08,13.94,2026-09-04T00:00:00,95790K109,Western Asset Diversified Inc Fund,2026-09-07,XWDIX,Fixed Income - Taxable-Multi-Sector,38.32,656.169,,Monthly,0.82675,0.1485,20.0,8.2668,,,4.25,,1173.233,True,False,False,False,True,True,,9.28,11.14,3.55,2.67,3.0,0.68,,,-2.7199999999999998,2021190,,,96.2566,,,,13.85149,-4.67572,-2.34,-2.08,-2.38,2026-09-07T00:00:00,2021-06-24T00:00:00,6/24/2021,1624492800,2026-08-24T00:00:00
343,EMD,-0.048499999999999995,10.43001,10.96154,0.095,10.88,12,Morningstar US CEF Emerging Market Income,54,"Franklin Templeton Fund Adviser, LLC",True,10.4,-0.05,10.93,2026-09-04T00:00:00,95766A101,Western Asset Emerging Markets Debt,2026-09-07,XEMDX,Fixed Income - Taxable-Emerging Market Income,26.98,604.557,,Monthly,0.38634,0.095,20.0,6.0739,,,3.13,,870.165,True,False,True,False,True,False,,13.56,18.35,3.5300000000000002,5.26,3.93,7.33,,,14.83,1951070,,,,,7.15,5.22,10.59046,-5.02603,0.11,-0.55,0.13,2026-09-07T00:00:00,2003-12-01T00:00:00,12/1/2003,1070236800,2026-08-24T00:00:00
344,GDO,-0.0909,13.17732,14.495049999999999,0.122,2.9699999999999998,13,Morningstar US CEF Global Income,54,"Franklin Templeton Fund Adviser, LLC",False,10.1,-0.01,11.11,2026-09-04T00:00:00,95790C107,Western Asset Global Corp Opp,2026-09-07,XGDOX,Fixed Income - Taxable-Global Income,33.56,75.946,,Monthly,0.40556000000000003,0.122,20.0,5.9578,,,4.47,,125.731,True,False,False,False,False,False,,7.1,6.05,0.01,-0.99,0.65,-5.95,,,-3.46,314830,,,,,,,11.18597,-5.22094,-1.9500000000000002,-1.44,-1.88,2026-09-07T00:00:00,2009-11-27T00:00:00,11/27/2009,1259280000,2026-08-24T00:00:00
345,EHI,-0.1052,13.18681,14.73684,0.06999999999999999,6.01,14,Morningstar US CEF High Yield,55,Franklin Templeton Investments,False,5.7,0.0,6.37,2026-09-04T00:00:00,95766B109,Western Asset Global High Income,2026-09-07,XEHIX,Fixed Income - Taxable-High Yield,31.96,172.709,,Monthly,0.29517,0.06999999999999999,15.0,7.3478,,,3.49,,283.667,True,False,False,False,False,False,,8.68,5.42,1.2,0.1,3.4,-2.46,,,-1.35,1092600,,,97.2695,,,,6.1958,-6.76861,-1.87,-1.8900000000000001,-1.75,2026-09-07T00:00:00,2003-07-28T00:00:00,7/28/2003,1059350400,2026-08-24T00:00:00
346,HIX,-0.0372,14.59057,15.15464,0.048999999999999995,5.46,14,Morningstar US CEF High Yield,55,Franklin Templeton Investments,False,3.88,0.0,4.03,2026-09-04T00:00:00,95766J102,Western Asset High Income II,2026-09-07,XHGIX,Fixed Income - Taxable-High Yield,32.23,349.47,,Monthly,0.19291,0.048999999999999995,15.0,7.3734,,,3.76,,535.639,True,False,False,False,False,False,,9.28,7.44,1.7000000000000002,0.33,2.95,4.44,,,5.36,3409460,,,97.4179,,,,4.08881,-3.62117,-0.07,0.1,0.67,2026-09-07T00:00:00,1998-05-28T00:00:00,5/28/1998,896313600,2026-08-24T00:00:00
347,HIO,-0.099,11.09375,12.31214,0.0355,5.03,14,Morningstar US CEF High Yield,54,"Franklin Templeton Fund Adviser, LLC",False,3.46,-0.01,3.84,2026-09-04T00:00:00,95766K109,Western Asset High Income Opportunity,2026-09-07,XHIOX,Fixed Income - Taxable-High Yield,,329.043,,Monthly,0.15621000000000002,0.0355,12.5,7.5884,,,0.93,,365.181,False,False,False,False,False,False,,7.49,8.27,2.24,2.0,2.94,1.71,,,-1.6,4104200,,,97.8285,,,,3.70489,-6.78071,-2.18,-1.9300000000000002,-2.4,2026-09-07T00:00:00,1993-11-16T00:00:00,11/16/1993,753408000,2026-08-24T00:00:00
348,HYI,-0.0924,10.03521,11.05723,0.095,3.79,14,Morningstar US CEF High Yield,54,"Franklin Templeton Fund Adviser, LLC",False,10.31,-0.01,11.36,2026-09-04T00:00:00,95768B107,Western Asset High Yield Opp Fund,2026-09-07,XHYIX,Fixed Income - Taxable-High Yield,,132.112,,Monthly,0.50391,0.095,20.0,7.6643,,,1.07,,145.567,False,False,False,False,False,True,,6.72,6.47,2.36,1.2,2.5,-0.16,,,-3.67,601920,,,97.5157,,,,10.96609,-6.80164,-1.25,-2.12,-1.73,2026-09-07T00:00:00,2010-10-27T00:00:00,10/27/2010,1288137600,2026-08-24T00:00:00
349,PAI,-0.07629999999999999,4.90654,5.31197,0.0525,2.19,15,Morningstar US CEF Investment Grade,55,Franklin Templeton Investments,False,11.86,-0.01,12.84,2026-09-04T00:00:00,95766T100,Western Asset Income,2026-09-07,XPAIX,Fixed Income - Taxable-Investment Grade,8.93,112.8,,Monthly,0.32901,0.0525,12.0,6.095,,,0.77,,122.121,True,False,False,False,False,False,,5.72,5.9,0.09,-1.0,-0.1,-1.88,,,-0.52,179790,,,99.0566,,,,12.34114,-6.50209,-0.93,-0.26,-0.49,2026-09-07T00:00:00,1972-12-21T00:00:00,12/21/1972,93744000,2026-08-24T00:00:00
350,WIW,-0.10869999999999999,8.0732,9.05797,0.0625,2.51,15,Morningstar US CEF Investment Grade,112,"Western Asset Management Company, LLC",True,8.28,0.0,9.29,2026-09-04T00:00:00,95766R104,Western Asset Infl-Linked Opps & Inc Fd,2026-09-07,XWIWX,Fixed Income - Taxable-Investment Grade,25.77,506.605,,Monthly,0.23593,0.0625,15.0,2.5526,,,2.59,,765.694,True,False,False,False,True,False,,4.72,7.4,-0.59,0.37,1.58,2.5,,,1.33,2359680,,,93.4475,,,4.02,8.594100000000001,-10.47401,-0.5700000000000001,0.03,0.15,2026-09-07T00:00:00,2004-02-27T00:00:00,2/27/2004,1077840000,2026-08-24T00:00:00
351,WIA,-0.1042,7.06682,7.88875,0.052,2.14,15,Morningstar US CEF Investment Grade,112,"Western Asset Management Company, LLC",True,7.91,0.02,8.83,2026-09-04T00:00:00,95766Q106,Western Asset Inflation-Linked Income Fd,2026-09-07,XWIAX,Fixed Income - Taxable-Investment Grade,26.12,184.479,,Monthly,0.21076,0.052,15.0,2.4424,,,2.91,,278.745,True,False,False,False,True,False,,4.6,6.6,-1.09,-1.04,1.29,0.56,,,1.26,409540,,,93.5321,,,4.02,8.19967,-9.73479,-1.17,-1.25,-0.76,2026-09-07T00:00:00,2003-09-30T00:00:00,9/30/2003,1064880000,2026-08-24T00:00:00
352,SBI,-0.0699,6.18405,6.64908,0.041999999999999996,4.47,21,Morningstar US CEF Municipal,54,"Franklin Templeton Fund Adviser, LLC",False,7.58,0.02,8.15,2026-09-04T00:00:00,958435109,Western Asset Intermediate Muni,2026-09-07,XSBIX,Fixed Income - Municipal-Municipal,30.3,106.744,,Monthly,0.13919,0.041999999999999996,10.0,4.7529,,,2.6,,164.653,True,False,True,False,False,False,,3.19,7.01,-0.51,0.15,0.16,3.48,,,6.28,426320,11.06,,101.4543,,8.3,5.8100000000000005,7.78995,-8.24959,1.55,1.18,1.31,2026-09-07T00:00:00,1992-03-02T00:00:00,3/2/1992,699494400,2026-08-24T00:00:00
353,IGI,-0.0729,5.00588,5.39924,0.071,2.35,15,Morningstar US CEF Investment Grade,54,"Franklin Templeton Fund Adviser, LLC",False,15.78,-0.02,17.02,2026-09-04T00:00:00,95790A101,Western Asset Invstm Grd Opp Tr Inc,2026-09-07,XIGIX,Fixed Income - Taxable-Investment Grade,,94.58,,Monthly,0.43967,0.071,20.0,6.1913,,,0.93,,102.012,False,False,False,False,False,False,,5.02,5.02,-0.38,-1.1,0.04,0.92,,,2.04,160500,,,99.2391,,,,16.29432,-6.81139,-0.67,-0.21,-0.16,2026-09-07T00:00:00,2009-06-26T00:00:00,6/26/2009,1245974400,2026-08-24T00:00:00
354,MMU,-0.0608,6.21673,6.61943,0.0545,6.04,21,Morningstar US CEF Municipal,55,Franklin Templeton Investments,False,9.88,0.0,10.52,2026-09-04T00:00:00,95766M105,Western Asset Managed Municipals,2026-09-07,XMMUX,Fixed Income - Municipal-Municipal,34.03,539.634,,Monthly,0.14102,0.0545,15.0,4.8353,,,2.7,,871.025,True,False,False,False,False,False,,3.48,8.16,-0.97,-0.48,0.02,0.9400000000000001,,,8.81,1288650,10.27,,100.2234,,11.29,7.5,10.34268,-5.98176,-0.11,-0.43,-0.1,2026-09-07T00:00:00,1992-06-26T00:00:00,6/26/1992,709516800,2026-08-24T00:00:00
355,DMO,-0.08779999999999999,13.03167,14.28571,0.12,5.5600000000000005,14,Morningstar US CEF High Yield,54,"Franklin Templeton Fund Adviser, LLC",False,10.08,-0.05,11.05,2026-09-04T00:00:00,95790B109,Western Asset Mortgage Opp Fund Inc.,2026-09-07,XDMOX,Fixed Income - Taxable-High Yield,46.44,115.185,,Monthly,0.46738,0.12,20.0,7.4224,,,7.87,,235.741,True,False,False,False,False,False,,10.19,11.34,4.49,2.94,3.44,0.97,,,-1.96,490760,,,91.3564,,,,11.11771,-4.01096,-1.6800000000000002,-2.43,-1.9500000000000002,2026-09-07T00:00:00,2010-02-26T00:00:00,2/26/2010,1267142400,2026-08-24T00:00:00
356,MHF,0.0075,6.08955,6.04444,0.033999999999999996,5.14,21,Morningstar US CEF Municipal,54,"Franklin Templeton Fund Adviser, LLC",False,6.75,0.01,6.7,2026-09-04T00:00:00,95766N103,Western Asset Municipal High Income,2026-09-07,XMHFX,Fixed Income - Municipal-Municipal,1.8,150.011,,Monthly,0.11955,0.033999999999999996,10.0,4.7957,,,0.8400000000000001,,151.63,True,False,True,False,False,False,,3.62,8.6,0.71,1.13,0.74,2.85,,,3.8200000000000003,604780,14.87,,100.1728,,7.43,7.3,6.96255,0.56203,0.1,-0.17,0.28,2026-09-07T00:00:00,1988-11-28T00:00:00,11/28/1988,596678400,2026-08-24T00:00:00
357,WEA,-0.064,7.57439,8.09249,0.06999999999999999,4.54,15,Morningstar US CEF Investment Grade,111,Western Asset Management Company Pte Ltd. â Singapore,False,10.38,0.0,11.09,2026-09-04T00:00:00,957664105,Western Asset Premier Bond,2026-09-07,XWEAX,Fixed Income - Taxable-Investment Grade,32.58,123.165,,Monthly,0.40488,0.06999999999999999,15.0,6.2566,,,3.55,,195.19,True,False,False,False,False,False,,7.63,7.09,1.4,0.92,1.5,0.15,,,2.7,287950,,,96.9254,,,,10.84282,-4.97726,-0.9500000000000001,-0.55,-0.24,2026-09-07T00:00:00,2002-03-28T00:00:00,3/28/2002,1017273600,2026-08-24T00:00:00
358,MCN,-0.0951,11.41046,12.60946,0.06,7.46,3,Morningstar US CEF Covered Call,113,XA Investments LLC,False,5.71,0.0,6.31,2026-09-04T00:00:00,557437100,XAI Madison Equity Premium Income Fund,2026-09-07,XMCNX,Equity-Covered-Call Funds,0.01,120.576,,Monthly,0.041210000000000004,0.06,15.0,,,,1.1,,133.247,True,False,False,False,False,False,,7.01,3.5,6.88,3.75,5.14,3.85,,,2.6,635950,,,,,,,5.89702,-7.90173,-0.9400000000000001,0.02,-0.61,2026-09-07T00:00:00,2004-07-28T00:00:00,7/28/2004,1090972800,2026-08-17T00:00:00
359,XFLT,-0.1492,11.81102,13.88175,0.22499999999999998,-12.27,19,Morningstar US CEF Senior Loans,113,XA Investments LLC,False,19.45,0.48,22.86,2026-09-04T00:00:00,98400T304,XAI Octagon FR & Alternative Inc Trust,2026-09-07,XFLTX,Fixed Income - Taxable-Senior Loans,40.56,296.241,,Monthly,1.13446,0.22499999999999998,10.0,4.617,,,7.5600000000000005,,585.794,True,False,True,False,False,False,,1.47,-4.55,2.29,-2.67,-6.98,-12.47,,,-20.03,1061580,,,,,,,20.70243,-17.67887,0.5,1.37,1.69,2026-09-07T00:00:00,2017-09-27T00:00:00,9/27/2017,1506470400,2026-08-17T00:00:00
