,Ticker,Premium / Discount,DistributionRateNAV,DistributionRatePrice,DistributionAmtUSD,ReturnOnNAV,CategoryId,Category,SponsorId,SponsorName,IsManagedDistribution,Share Price,PriceChange,NAV,NAVPublished,Cusip,Fund Name,Date,NavTicker,Strategy,LeverageRatioPercentage,MarketCapUSDm,UNIIPerShare,DistributionFrequency,EarningsPerShare,CurrentDistribution,InceptionPrice,AverageCoupon,AMTPercentage,AverageWeightedMaturity,ExpenseRatio,BaselineExpense,TotalAssetsUSDm,IsLeveraged,IsPriceBelow52WkAvg,IsDiscountBelow52WkAvg,IsAMTPct,IsManaged,Term,AvgWtdDurationLevAdj,Yr3RetOnNav,Yr3RetOnPrice,Yr5RetOnNav,Yr5RetOnPrice,YTDRetOnNav,YTDRetOnPrice,SinceInceptionRetOnNav,SinceInceptionRetOnPrice,ReturnOnPrice,AvgDailyVolume,CallableYr1Pct,PrerefundedPercentage,AvgBondPrice,AvgWtdDurationNonLevAdj,EffDurationLevAdj,EffDurationNonLevAdj,Price52WkAvg,Discount52WkAvg,ZScore1Yr,ZScore3M,ZScore6M,ZScoreDate,InceptionDate,InceptionDateString,InceptionDateUnixTimestamp,DistributionDate
0,MGF,-0.059000000000000004,8.33333,8.85609,0.02,-2.7,15,Morningstar US CEF Investment Grade,2,abrdn Inc.,True,2.71,0.0,2.88,2026-10-02T00:00:00,552939100,Aberdeen Government Markets Income,2026-10-02,XMGFX,Fixed Income - Taxable-Investment Grade,,88.319,,Monthly,0.04709,0.02,10.0,4.1325,0.0,6.55,0.8,,93.86,False,False,False,True,True,False,,3.26,3.69,-1.13,-1.6099999999999999,-3.55,-4.89,,,-6.04,730240,,0.0,92.9611,,,5.83,2.93872,-5.08848,-0.62,-0.1,0.08,2026-10-02T00:00:00,1987-05-28T00:00:00,5/28/1987,549158400,2026-09-22T00:00:00
1,IFN,-0.114,12.5,14.10867,0.37,-11.43,1,Morningstar US CEF Asia Equity,1,abrdn Asia Limited,True,10.49,0.04,11.84,2026-10-02T00:00:00,454089103,"Aberdeen India Fund, Inc",2026-10-02,XIFNX,Equity-Asia Equity,0.28,454.314,,Quarterly,-0.02798,0.37,15.0,,,,1.36,,512.781,True,False,False,False,True,False,,2.56,-3.33,-1.23,-1.18,-12.14,-14.4,,,-14.81,2049950,,,,,,,12.65452,-6.59091,-1.9300000000000002,-2.22,-1.81,2026-10-02T00:00:00,1994-02-23T00:00:00,2/23/1994,761961600,2026-08-24T00:00:00
2,MIN,-0.0643,9.63855,10.30043,0.02,-0.81,13,Morningstar US CEF Global Income,2,abrdn Inc.,True,2.33,0.03,2.49,2026-10-02T00:00:00,55273C107,Aberdeen Intermediate Income,2026-10-02,XMINX,Fixed Income - Taxable-Global Income,,265.15,,Monthly,0.04255,0.02,10.0,4.759,0.0,3.24,0.73,,283.358,False,False,False,True,True,False,,4.18,4.29,0.79,0.16,-1.83,-4.65,,,-5.08,2334280,,0.0,98.2604,,,3.56,2.51853,-5.15763,-0.8300000000000001,-0.33,-0.23,2026-10-02T00:00:00,1988-03-17T00:00:00,3/17/1988,574560000,2026-09-22T00:00:00
3,MMT,-0.0547,10.50328,11.11111,0.04,-1.98,13,Morningstar US CEF Global Income,72,MFS,True,4.32,0.03,4.57,2026-10-02T00:00:00,552737108,Aberdeen Multi-Market Income,2026-10-02,XMMTX,Fixed Income - Taxable-Global Income,27.89,501.092,,Monthly,0.1389,0.04,10.0,6.1666,,,2.86,,735.09,True,False,True,False,True,False,,7.06,9.44,2.14,0.25,-3.18,-1.17,,,-1.76,1573400,,,95.7411,,,,4.56679,-7.6429100000000005,2.14,2.13,2.43,2026-10-02T00:00:00,1987-03-12T00:00:00,3/12/1987,542505600,2026-09-22T00:00:00
4,MFM,-0.1011,6.61765,7.36196,0.03,-5.27,21,Morningstar US CEF Municipal,2,abrdn Inc.,False,4.890000000000001,0.02,5.44,2026-10-02T00:00:00,552738106,Aberdeen Municipal Income,2026-10-02,XMFMX,Fixed Income - Municipal-Municipal,39.39,486.212,,Monthly,0.13078,0.03,10.0,5.1369,,,2.83,,892.398,True,False,False,False,False,False,,3.85,7.52,-2.34,-2.48,-7.18,-6.63,,,-4.67,1819400,22.29,,95.4956,,14.44,8.99,5.39949,-9.27777,-0.79,-1.76,-1.18,2026-10-02T00:00:00,1986-11-25T00:00:00,11/25/1986,533260800,2026-09-22T00:00:00
5,FAX,-0.1073,12.45675,13.95349,0.15,-1.82,13,Morningstar US CEF Global Income,1,abrdn Asia Limited,True,12.9,0.06,14.45,2026-10-02T00:00:00,003009867,abrdn Asia-Pacific Income Fund Inc,2026-10-02,XFAPX,Fixed Income - Taxable-Global Income,40.68,563.36,,Monthly,0.50096,0.15,10.0,6.3298,,,4.22,,1063.85,True,False,False,False,True,False,,5.4,9.13,-1.3900000000000001,-0.79,-3.03,-5.88,,,-8.48,1800510,,,,,7.85,4.74,14.96301,-5.68821,-3.21,-3.18,-3.54,2026-10-02T00:00:00,1986-04-24T00:00:00,4/24/1986,514684800,2026-09-22T00:00:00
6,IAF,-0.08560000000000001,10.3321,11.29944,0.35,-1.28,9,Morningstar US CEF Single Country Equity,1,abrdn Asia Limited,True,12.39,0.09,13.55,2026-10-02T00:00:00,003011111,abrdn Australia Equity Fund Inc,2026-10-02,XIAFX,Equity-Single-Country Equity,7.67,118.726,,Quarterly,0.10818,0.35,10.125,,,,1.9900000000000002,,140.625,True,False,True,False,True,False,,11.27,13.69,4.59,4.15,2.5700000000000003,4.93,,,1.45,223990,,,,,,,12.99767,-9.913170000000001,0.88,0.92,1.4,2026-10-02T00:00:00,1985-12-12T00:00:00,12/12/1985,503193600,2026-08-24T00:00:00
7,AEF,-0.0616,10.16618,10.83333,0.26,54.72,4,Morningstar US CEF Emerging Market Equity,3,abrdn Investments Limited,True,9.6,0.26,10.23,2026-10-02T00:00:00,00301W105,abrdn Emerging Markets ex-China Fund,2026-10-02,XAEFX,Equity-Emerging Market Equity,6.1,389.774,,Quarterly,0.0453,0.26,15.0,,,,1.8599999999999999,,442.353,True,True,True,False,True,False,,31.44,37.77,9.73,11.88,40.06,46.02,,,61.8,1447280,,,,,,,8.27849,-9.06435,1.73,1.12,1.32,2026-10-02T00:00:00,1989-09-25T00:00:00,9/25/1989,622684800,2026-09-22T00:00:00
8,AGD,-0.0258,12.36052,12.68722,0.12,12.76,5,Morningstar US CEF Global Equity,3,abrdn Investments Limited,True,11.35,-0.14,11.65,2026-10-02T00:00:00,00302M106,abrdn Global Dynamic Dividend,2026-10-02,XAGDX,Equity-Global Equity,0.71,297.079,,Monthly,0.29668,0.12,20.0,,,,1.29,,307.124,True,False,False,False,True,False,,15.98,23.78,8.06,10.58,8.85,9.97,,,-0.78,1141150,,,,,,,12.03165,0.8887800000000001,-1.18,-2.65,-2.12,2026-10-02T00:00:00,2006-07-26T00:00:00,7/26/2006,1153872000,2026-09-22T00:00:00
9,ASGI,-0.0742,12.80932,13.83648,0.22,10.14,13,Morningstar US CEF Global Income,2,abrdn Inc.,True,19.08,0.06,20.61,2026-10-02T00:00:00,00326W106,abrdn Global Infrastructure Income Fund,2026-10-02,XAGIX,Fixed Income - Taxable-Global Income,1.05,603.478,,Monthly,0.08556,0.22,20.0,,,,2.16,,658.78,True,False,False,False,True,False,,14.68,19.69,8.13,10.05,5.6,-5.34,,,3.21,1901890,,,,,,,22.71736,3.15588,-2.37,-1.77,-2.21,2026-10-02T00:00:00,2020-07-28T00:00:00,7/28/2020,1595894400,2026-09-22T00:00:00
10,AWP,-0.0174,13.89961,14.14538,0.12,0.85,7,Morningstar US CEF Real Estate,2,abrdn Inc.,True,10.18,-0.01,10.36,2026-10-02T00:00:00,00302L207,abrdn Global Premier Properties,2026-10-02,XAWPX,Equity-Real Estate,11.84,314.11,,Monthly,0.10017000000000001,0.12,20.0,,,,2.27,,362.609,True,False,False,False,True,False,,12.73,14.2,0.35000000000000003,1.9300000000000002,1.38,-1.19,,,-1.3900000000000001,1268380,,,,,,,11.71139,0.9947500000000001,-2.65,-3.67,-2.99,2026-10-02T00:00:00,2007-04-26T00:00:00,4/26/2007,1177545600,2026-09-22T00:00:00
11,HQH,-0.0774,12.30196,13.33333,0.6599999999999999,25.0,8,Morningstar US CEF Sector Equity,2,abrdn Inc.,True,19.8,-0.58,21.46,2026-10-02T00:00:00,87911J103,abrdn Healthcare Investors,2026-10-02,XHQHX,Equity-Sector Equity,1.1,1163.999,,Quarterly,-0.06102,0.6599999999999999,10.0,,,,1.11,,1261.586,True,False,False,False,True,False,,17.89,24.86,7.39,7.19,15.61,20.67,,,27.62,1784960,,,,,,,19.94471,-7.09269,-0.26,-0.87,-1.04,2026-10-02T00:00:00,1987-04-23T00:00:00,4/23/1987,546134400,2026-08-24T00:00:00
12,THQ,-0.0622,10.75949,11.47357,0.16999999999999998,20.91,8,Morningstar US CEF Sector Equity,2,abrdn Inc.,True,17.78,-0.07,18.96,2026-10-02T00:00:00,879105104,abrdn Healthcare Opportunities Fund,2026-10-02,XTHQX,Equity-Sector Equity,22.25,737.125,,Monthly,-0.03549,0.16999999999999998,20.0,4.3198,,,3.02,,1011.045,True,False,False,False,True,False,,9.47,14.68,4.77,5.27,10.08,5.04,,,19.71,1582760,,,,,7.83,,18.64354,-1.16672,-1.56,-1.45,-1.2,2026-10-02T00:00:00,2014-07-28T00:00:00,7/28/2014,1406505600,2026-09-22T00:00:00
13,ACP,-0.1168,13.06931,14.79821,0.055,-1.6800000000000002,19,Morningstar US CEF Senior Loans,3,abrdn Investments Limited,True,4.46,0.04,5.05,2026-10-02T00:00:00,003057106,abrdn Income Credit Strategies Fund,2026-10-02,XACPX,Fixed Income - Taxable-Senior Loans,33.56,559.599,,Monthly,0.22534,0.055,20.0,7.9739,,,3.94,,953.627,True,False,False,False,True,False,,7.12,3.07,0.98,-1.7000000000000002,-0.61,-6.45,,,-8.94,5858030,,,96.5194,,4.86,3.29,5.31057,-5.85421,-2.7800000000000002,-1.48,-2.22,2026-10-02T00:00:00,2011-01-27T00:00:00,1/27/2011,1296086400,2026-09-22T00:00:00
14,HQL,-0.0825,12.86975,14.02715,0.62,28.08,8,Morningstar US CEF Sector Equity,2,abrdn Inc.,True,17.68,-0.49,19.27,2026-10-02T00:00:00,87911K100,abrdn Life Sciences Investors,2026-10-02,XHQLX,Equity-Sector Equity,0.01,553.547,,Quarterly,-0.09057,0.62,15.0,,,,1.24,,603.395,True,False,True,False,True,False,,22.86,29.73,9.07,9.45,16.67,22.33,,,36.28,1348130,,,,,,,17.88307,-9.35077,0.6,-0.17,0.23,2026-10-02T00:00:00,1992-05-08T00:00:00,5/8/1992,705283200,2026-08-24T00:00:00
15,AOD,0.0079,13.04348,12.94118,0.11,13.33,5,Morningstar US CEF Global Equity,3,abrdn Investments Limited,True,10.2,0.14,10.12,2026-10-02T00:00:00,00326L100,abrdn Total Dynamic Dividend,2026-10-02,XAODX,Equity-Global Equity,2.9,1075.554,,Monthly,0.22991,0.11,20.0,,,,1.21,,1099.038,True,True,True,False,True,False,,16.45,24.03,8.75,11.75,9.22,14.22,,,21.46,4608120,,,,,,,10.07759,-2.62663,1.49,0.4,1.04,2026-10-02T00:00:00,2007-01-26T00:00:00,1/26/2007,1169769600,2026-09-22T00:00:00
16,THW,-0.029900000000000003,11.31186,11.65992,0.12,14.71,8,Morningstar US CEF Sector Equity,2,abrdn Inc.,True,12.35,-0.27,12.73,2026-10-02T00:00:00,87911L108,abrdn World Healthcare Fund,2026-10-02,XTHWX,Equity-Sector Equity,18.91,499.082,,Monthly,-0.03887,0.12,20.0,3.7691,,,1.46,,634.438,True,False,False,False,True,False,,16.38,16.63,8.46,6.88,9.2,10.93,,,15.64,1287880,,,,,13.34,,12.84822,-1.86605,-0.56,-0.63,-0.88,2026-10-02T00:00:00,2015-06-26T00:00:00,6/26/2015,1435276800,2026-09-22T00:00:00
17,ADX,-0.031200000000000002,7.5131499999999996,7.75494,0.5,15.5,10,Morningstar US CEF US Equity,4,Adams Diversified Equity Fund Inc,False,25.79,0.1,26.62,2026-10-02T00:00:00,006212104,Adams Diversified Equity Fund,2026-10-02,XADEX,Equity-U.S. Equity,0.0,3221.871,,Quarterly,0.09492,0.5,10.0,,,,0.49000000000000005,,3325.56,True,True,True,False,False,False,,22.38,29.03,13.4,17.46,12.8,16.77,,,24.57,2722890,,,,,,,24.09345,-4.55532,0.63,-2.11,-0.26,2026-10-02T00:00:00,1929-10-01T00:00:00,10/1/1929,-1270252800,2026-07-27T00:00:00
18,PEO,-0.1063,6.93864,7.7642,0.5399999999999999,35.3,8,Morningstar US CEF Sector Equity,5,Adams Natural Resources Fund Inc,False,27.82,0.11,31.13,2026-10-02T00:00:00,00548F105,Adams Natural Resources Fund,2026-10-02,XPEOX,Equity-Sector Equity,0.7000000000000001,779.929,,Quarterly,0.29271,0.5399999999999999,15.0,,,,0.62,,872.725,True,True,False,False,False,False,,13.02,16.3,19.21,21.26,34.04,34.46,,,38.96,729600,,,,,,,25.08939,-10.18328,-0.46,-1.71,-0.33,2026-10-02T00:00:00,1929-01-30T00:00:00,1/30/1929,-1291334400,2026-07-27T00:00:00
19,AVK,-0.1268,10.61434,12.15557,0.1172,10.13,11,Morningstar US CEF Convertibles,6,"Advent Capital Management, LLC",False,11.57,0.24,13.25,2026-10-02T00:00:00,00764C109,Advent Convertible & Income Fund,2026-10-02,XAVKX,Fixed Income - Taxable-Convertibles,37.44,510.801,,Monthly,0.22874,0.1172,25.0,5.5855,,,4.53,,934.995,True,False,False,False,False,False,,17.06,16.5,4.7,4.25,9.36,-0.6,,,0.21,1495640,,,108.8431,,,,12.51693,-6.6278,-2.34,-2.22,-2.7199999999999998,2026-10-02T00:00:00,2003-04-29T00:00:00,4/29/2003,1051574400,2026-09-15T00:00:00
20,AWF,-0.1157,7.21763,8.16199,0.0655,1.9500000000000002,14,Morningstar US CEF High Yield,7,AllianceBernstein L.P.,False,9.63,0.01,10.89,2026-10-02T00:00:00,01879R106,AllianceBernstein Global High Income,2026-10-02,XAWFX,Fixed Income - Taxable-High Yield,0.8300000000000001,830.392,,Monthly,0.35164,0.0655,15.0,6.7145,,,1.02,,946.925,True,False,False,False,False,False,,8.81,7.96,3.96,3.18,0.58,-4.05,,,-6.41,3082460,,,97.3286,,,,10.39682,-8.32187,-1.49,-2.04,-1.71,2026-10-02T00:00:00,1993-07-28T00:00:00,7/28/1993,743817600,2026-10-01T00:00:00
21,AFB,-0.0875,5.7294,6.27904,0.050179999999999995,-7.87,21,Morningstar US CEF Municipal,7,AllianceBernstein L.P.,False,9.59,0.08,10.51,2026-10-02T00:00:00,01864U106,AllianceBernstein National Mun Inc,2026-10-02,XAFBX,Fixed Income - Municipal-Municipal,51.45,275.664,,Monthly,0.31343,0.050179999999999995,15.0,5.1411,,,3.66,,622.211,True,False,True,False,False,False,,1.63,5.35,-3.63,-4.54,-9.74,-8.22,,,-7.23,1009340,,,98.4247,,22.53,11.69,10.88989,-8.76117,0.01,-1.22,-1.03,2026-10-02T00:00:00,2002-01-28T00:00:00,1/28/2002,1012176000,2026-10-01T00:00:00
22,NFJ,-0.056799999999999996,7.61548,8.07412,0.305,19.48,3,Morningstar US CEF Covered Call,108,"Virtus Investment Advisers, LLC",True,15.11,0.07,16.02,2026-10-02T00:00:00,92840R101,AllianzGI Div Interest & Prem Common,2026-10-02,XNFJX,Equity-Covered-Call Funds,,,0.0,Quarterly,0.06142,0.305,25.0,2.0197,,,0.9600000000000001,,1489.335,False,True,True,False,True,False,,14.7,20.45,7.33,9.33,16.86,24.46,,,26.23,1967600,,,,,,,13.96989,-8.63331,1.55,0.92,1.32,2026-10-02T00:00:00,2005-02-28T00:00:00,2/28/2005,1109548800,2026-09-14T00:00:00
23,EOD,-0.1023,8.07443,8.9943,0.14211,18.16,5,Morningstar US CEF Global Equity,8,Allspring Global Investments,False,6.32,-0.02,7.04,2026-10-02T00:00:00,94987C103,Allspring Global Dividend Opp Fd,2026-10-02,XEODX,Equity-Global Equity,13.54,272.177,,Quarterly,0.1298,0.14211,20.0,7.1532,,,2.45,,350.684,True,True,False,False,False,False,,23.96,27.1,13.14,12.93,12.43,14.78,,,20.03,1203660,,,,,,,6.18895,-8.39508,-1.27,-1.9100000000000001,-2.31,2026-10-02T00:00:00,2007-03-28T00:00:00,3/28/2007,1175040000,2026-06-11T00:00:00
24,EAD,-0.1184,9.28772,10.53532,0.05294,-0.31,14,Morningstar US CEF High Yield,8,Allspring Global Investments,False,6.03,0.02,6.84,2026-10-02T00:00:00,94987B105,Allspring Income Opps,2026-10-02,XEADX,Fixed Income - Taxable-High Yield,30.69,356.327,,Monthly,0.25923,0.05294,15.0,7.1839,,,2.95,,583.192,True,False,False,False,False,False,,8.08,9.03,2.6,1.62,-1.28,-5.43,,,-6.36,1981290,,,100.5505,,4.49,3.15,6.60823,-8.5018,-1.85,-1.29,-1.58,2026-10-02T00:00:00,2003-02-28T00:00:00,2/28/2003,1046390400,2026-08-13T00:00:00
25,ERC,-0.10640000000000001,9.16754,10.25943,0.0725,1.81,16,Morningstar US CEF Limited Duration,8,Allspring Global Investments,False,8.48,-0.02,9.49,2026-10-02T00:00:00,94987D101,Allspring Multi-Sec Inc,2026-10-02,XERCX,Fixed Income - Taxable-Limited Duration,30.89,237.896,,Monthly,0.35301,0.0725,20.0,6.9319,0.0,4.24,3.22,,385.231,True,False,False,True,False,False,,8.1,6.83,2.8200000000000003,-0.14,0.33,-2.42,,,-3.07,736270,,0.0,98.7585,,,,9.20654,-7.06963,-3.3,-2.5300000000000002,-2.86,2026-10-02T00:00:00,2003-06-25T00:00:00,6/25/2003,1056499200,2026-08-13T00:00:00
26,ERH,-0.1007,9.20175,10.23213,0.08757,-8.67,26,Morningstar US CEF US Allocation,8,Allspring Global Investments,False,10.27,0.06,11.42,2026-10-02T00:00:00,94987E109,Allspring Util & High In,2026-10-02,XERHX,Hybrid-U.S. Allocation,22.92,90.706,,Monthly,0.1865,0.08757,20.0,7.2139,,,2.43,,130.863,True,False,False,False,False,False,,12.1,14.65,5.3,2.59,-7.23,-7.22,,,-9.61,237470,,,100.6661,,4.01,3.13,12.01248,-7.7743400000000005,-1.71,-2.11,-2.06,2026-10-02T00:00:00,2004-04-30T00:00:00,4/30/2004,1083283200,2026-08-13T00:00:00
27,FINS,-0.0828,10.58282,11.53846,0.11499999999999999,3.67,26,Morningstar US CEF US Allocation,10,"Angel Oak Capital Advisors, LLC",False,11.96,0.05,13.04,2026-10-02T00:00:00,03464A100,Angel Oak Financial Strats Income Term,2026-10-02,XFINX,Hybrid-U.S. Allocation,22.35,399.666,,Monthly,0.38984,0.11499999999999999,20.0,6.7186,,,2.92,,561.175,True,False,False,False,False,True,,9.27,10.44,2.77,2.59,0.98,-2.1,,,1.29,462720,,,99.9625,,3.34,2.85,12.85632,-6.1816,-2.17,-1.6,-2.09,2026-10-02T00:00:00,2019-05-29T00:00:00,5/29/2019,1559088000,2026-09-16T00:00:00
28,ARDC,-0.1189,10.35276,11.74935,0.11249999999999999,-1.07,19,Morningstar US CEF Senior Loans,11,Ares Capital Management II LLC,False,11.49,0.01,13.04,2026-10-02T00:00:00,04014F102,Ares Dynamic Credit Allocation Fund,2026-10-02,XADCX,Fixed Income - Taxable-Senior Loans,40.97,275.369,,Monthly,0.55616,0.11249999999999999,20.0,7.4979,,,5.26,,529.388,True,False,False,False,False,False,,7.47,6.45,4.39,3.09,-1.82,-6.29,,,-9.15,1148740,,,,,40.42,,12.82713,-7.14814,-2.67,-1.8599999999999999,-2.47,2026-10-02T00:00:00,2012-11-27T00:00:00,11/27/2012,1353974400,2026-09-21T00:00:00
29,BANX,-0.0408,8.63309,9.0,0.09999999999999999,3.56,8,Morningstar US CEF Sector Equity,12,"ArrowMark Asset Management, LLC",False,20.0,-0.65,21.0,2026-08-31T00:00:00,861780104,ArrowMark Financial Corp,2026-10-02,XBANX,Equity-Sector Equity,16.8,193.78,,Monthly,0.91029,0.09999999999999999,25.0,11.1103,,,6.43,,242.815,True,False,True,False,False,True,,9.6,16.43,8.79,8.42,1.6600000000000001,-2.44,,,0.97,350910,,,107.3588,,,,20.4844,-4.6458200000000005,0.18,-0.76,0.25,2026-10-02T00:00:00,2013-11-07T00:00:00,11/7/2013,1383782400,2026-09-23T00:00:00
30,ASA,-0.20010000000000003,0.11288000000000001,0.14112,0.04,41.37,8,Morningstar US CEF Sector Equity,13,ASA,False,56.69,1.11,70.87,2026-10-02T00:00:00,G3156P103,ASA Gold and Precious Metals Limited,2026-10-02,XASAX,Equity-Sector Equity,,1093.545,,Semi-Annually,0.02585,0.04,28.0,9.086,,,1.88,,1289.99,False,False,False,False,False,False,,65.1,61.39,26.97,24.35,6.46,-6.51,,,21.87,0,,,,,,,59.36109,-13.6982,,,,,1958-09-23T00:00:00,9/23/1958,-355795200,2026-05-01T00:00:00
31,BCV,-0.1551,6.01393,7.11806,0.41,13.02,11,Morningstar US CEF Convertibles,60,Gabelli Funds LLC,False,23.04,0.26,27.27,2026-10-02T00:00:00,059695106,Bancroft Fund,2026-10-02,XBCVX,Fixed Income - Taxable-Convertibles,15.18,129.658,,Quarterly,0.01134,0.41,25.0,2.3737,,,1.31,,180.928,True,False,False,False,False,False,,20.66,21.82,4.6,3.86,14.53,9.36,,,12.24,162230,,,,,21.12,,23.69986,-11.811630000000001,-3.16,-3.47,-3.52,2026-10-02T00:00:00,1971-10-04T00:00:00,10/4/1971,55382400,2026-09-16T00:00:00
32,MCI,0.055099999999999996,9.48429,8.98876,0.39999999999999997,8.88,14,Morningstar US CEF High Yield,14,Barings LLC,False,17.8,0.18,17.27,2026-06-30T00:00:00,06759X107,Barings Corporate Investors,2026-10-02,XMCIX,Fixed Income - Taxable-High Yield,17.71,366.449,,Quarterly,0.60289,0.39999999999999997,25.0,7.782,,,1.65,,422.052,True,False,False,False,False,False,,9.65,12.97,8.73,11.43,6.4,1.75,,,-7.19,347540,,,92.3472,,,,18.85995,13.03844,-0.77,0.21,0.14,2026-10-02T00:00:00,1971-09-01T00:00:00,9/1/1971,52531200,2026-08-28T00:00:00
33,BGH,-0.0818,10.26294,11.17746,0.12229999999999999,0.91,14,Morningstar US CEF High Yield,14,Barings LLC,False,13.13,0.06,14.3,2026-10-02T00:00:00,06760L100,Barings Global Short Duration High Yield,2026-10-02,XBGHX,Fixed Income - Taxable-High Yield,32.38,263.682,,Monthly,0.67131,0.12229999999999999,25.0,8.9029,,,3.93,,424.678,True,False,False,False,False,False,,10.07,12.16,5.1,4.94,1.43,-5.89,,,-6.38,794280,,,99.958,,,,14.42412,-4.1169,-1.6800000000000002,-1.8,-2.02,2026-10-02T00:00:00,2012-10-25T00:00:00,10/25/2012,1351123200,2026-09-21T00:00:00
34,MPV,0.035,9.58549,9.26123,0.37,3.66,14,Morningstar US CEF High Yield,14,Barings LLC,False,15.9806,-1.02,15.81,2026-06-30T00:00:00,06761A103,Barings Participation Invs,2026-10-02,XMPVX,Fixed Income - Taxable-High Yield,21.98,172.467,,Quarterly,0.54452,0.37,10.0,7.7819,,,1.55,,213.585,True,False,False,False,False,False,,1.1,14.49,1.13,10.99,6.38,1.49,,,-16.59,172870,,,92.2129,,,,17.86657,8.54725,-0.88,-0.15,-0.86,2026-10-02T00:00:00,1988-10-06T00:00:00,10/6/1988,592099200,2026-08-28T00:00:00
35,BXSY,-0.3872,3.68402,6.01156,0.26,21.17,26,Morningstar US CEF US Allocation,15,Bexil Corp,True,17.3,0.18,28.23,2026-10-02T00:00:00,25538A204,Bexil Investment Trust,2026-10-02,XBXIX,Hybrid-U.S. Allocation,8.2,223.92,,Quarterly,-0.02758,0.26,15.0,,,,1.9300000000000002,,398.046,True,True,False,False,True,False,,24.03,25.94,13.71,12.35,19.71,18.21,,,24.22,119880,,,,,1.11,,16.11412,-37.35973,-1.42,-0.89,-0.91,2026-10-02T00:00:00,1998-06-29T00:00:00,6/29/1998,899078400,2026-09-16T00:00:00
36,BMN,-0.0475,4.81592,5.05618,0.09924999999999999,-6.88,21,Morningstar US CEF Municipal,16,BlackRock,False,22.25,0.12,23.36,2026-10-02T00:00:00,09262G108,BlackRock 2037 Municipal Target term,2026-10-02,XBMNX,Fixed Income - Municipal-Municipal,26.43,136.785,,Monthly,0.609,0.09924999999999999,25.0,5.0193,,14.37,2.16,,195.189,True,False,False,False,False,True,,1.82,3.48,,,-8.92,-13.15,,,-8.32,109620,18.94,,103.2043,,,,25.60744,-0.013250000000000001,-1.98,-2.2,-2.66,2026-10-02T00:00:00,2022-10-28T00:00:00,10/28/2022,1666915200,2026-09-15T00:00:00
37,BCAT,-0.0087,22.02715,22.21966,0.25012,8.98,26,Morningstar US CEF US Allocation,16,BlackRock,True,13.73,0.14,13.85,2026-10-02T00:00:00,09260U109,BlackRock Capital Allocation Term Trust,2026-10-02,XCATX,Hybrid-U.S. Allocation,5.18,1438.564,,Monthly,0.12959,0.25012,20.0,,,2.48,1.4,,1451.138,True,False,False,False,True,True,,12.71,18.51,5.5600000000000005,7.25,5.75,12.73,,,14.02,6996100,,,95.7637,,,,14.99034,0.9119,-0.29,-2.07,-1.83,2026-10-02T00:00:00,2020-09-28T00:00:00,9/28/2020,1601251200,2026-09-15T00:00:00
38,BHK,-0.0705,10.1843,10.95716,0.0746,-4.76,15,Morningstar US CEF Investment Grade,16,BlackRock,True,8.17,-0.04,8.79,2026-10-02T00:00:00,09249E101,BlackRock Core Bond,2026-10-02,XBHKX,Fixed Income - Taxable-Investment Grade,35.24,590.072,-0.051000000000000004,Monthly,0.27784000000000003,0.0746,15.0,5.2301,,20.03,3.34,,980.358,True,False,False,False,True,False,,4.86,3.55,-2.9699999999999998,-4.75,-5.45,-7.96,,,-9.13,2929700,,,95.2552,,7.17,7.16,9.27253,-4.66211,-1.7000000000000002,-1.92,-1.33,2026-10-02T00:00:00,2001-11-30T00:00:00,11/30/2001,1007078400,2026-09-15T00:00:00
39,HYT,-0.10400000000000001,10.68343,11.92347,0.0779,1.03,14,Morningstar US CEF High Yield,16,BlackRock,True,7.84,0.04,8.75,2026-10-02T00:00:00,09255P107,BlackRock Corporate High Yield Fund,2026-10-02,XHYTX,Fixed Income - Taxable-High Yield,20.87,1511.389,-0.113,Monthly,0.33087,0.0779,15.0,7.0114,,,2.33,,2131.738,True,False,False,False,True,False,,9.09,7.27,3.69,1.38,-0.77,-4.06,,,-7.83,8534640,,,100.4042,,4.19,,8.72816,-6.64222,-1.54,-1.1400000000000001,-1.79,2026-10-02T00:00:00,2003-05-30T00:00:00,5/30/2003,1054252800,2026-09-15T00:00:00
40,BTZ,-0.0973,9.69942,10.74493,0.0839,-0.92,15,Morningstar US CEF Investment Grade,16,BlackRock,True,9.37,0.03,10.38,2026-10-02T00:00:00,092508100,BlackRock Credit Allocation Income Trust,2026-10-02,XBTZX,Fixed Income - Taxable-Investment Grade,35.98,874.45,-0.11900000000000001,Monthly,0.34357,0.0839,25.0,5.969,,18.6,3.37,,1513.129,True,False,False,False,True,False,,7.83,8.58,0.7000000000000001,-0.45,-2.15,-7.45,,,-7.18,2779210,,,99.1292,,,,10.39923,-6.37098,-1.76,-1.5899999999999999,-1.85,2026-10-02T00:00:00,2006-12-27T00:00:00,12/27/2006,1167177600,2026-09-15T00:00:00
41,DSU,-0.05,12.60383,13.26719,0.09873,3.22,19,Morningstar US CEF Senior Loans,16,BlackRock,True,8.93,0.01,9.4,2026-10-02T00:00:00,09255R202,BlackRock Debt Strategies,2026-10-02,XDSUX,Fixed Income - Taxable-Senior Loans,16.19,555.799,-0.17400000000000002,Monthly,0.32235,0.09873,10.0,,,6.38,1.69,,698.052,True,False,False,False,True,False,,7.14,7.32,5.79,5.47,1.55,-3.09,,,-4.36,2784060,,,,,,,9.85525,0.06275,-3.18,-1.85,-2.43,2026-10-02T00:00:00,1998-03-27T00:00:00,3/27/1998,890956800,2026-09-15T00:00:00
42,BGR,-0.1036,6.1388,6.84809,0.0973,42.24,8,Morningstar US CEF Sector Equity,16,BlackRock,True,17.05,0.05,19.02,2026-10-02T00:00:00,09250U101,BlackRock Energy and Resources,2026-10-02,XBGRX,Equity-Sector Equity,0.0,434.028,,Monthly,0.16738,0.0973,25.0,,,,1.23,,484.176,True,True,False,False,True,False,,15.72,17.25,19.65,19.94,38.94,31.83,,,34.42,1103120,,,,,,,15.379,-7.85906,-0.86,-1.11,-0.56,2026-10-02T00:00:00,2004-12-23T00:00:00,12/23/2004,1103760000,2026-09-15T00:00:00
43,BDJ,-0.0891,7.19071,7.89373,0.0819,17.1,3,Morningstar US CEF Covered Call,16,BlackRock,True,9.41,-0.03,10.33,2026-10-02T00:00:00,09251A104,BlackRock Enhanced Dividend Achievers,2026-10-02,XBDJX,Equity-Covered-Call Funds,0.12,1665.05,,Monthly,0.059750000000000004,0.0819,15.0,,,,0.88,,1829.965,True,True,False,False,True,False,,16.19,17.27,9.83,9.36,11.57,5.22,,,13.09,4421410,,,,,,,9.3351,-6.16527,-1.6800000000000002,-2.71,-1.98,2026-10-02T00:00:00,2005-08-26T00:00:00,8/26/2005,1125014400,2026-09-15T00:00:00
44,BOE,-0.1217,7.45605,8.48931,0.0827,10.71,3,Morningstar US CEF Covered Call,16,BlackRock,True,11.69,0.03,13.31,2026-10-02T00:00:00,092501105,BlackRock Enhanced Glbl Div Trust,2026-10-02,XBOEX,Equity-Covered-Call Funds,0.02,,,Monthly,0.091,0.0827,25.0,,,,1.03,,740.038,True,False,False,False,True,False,,14.26,16.45,7.78,8.04,8.33,6.18,,,9.8,1308980,,,,,,,11.81215,-9.18549,-3.04,-3.39,-2.77,2026-10-02T00:00:00,2005-05-26T00:00:00,5/26/2005,1117065600,2026-09-15T00:00:00
45,BGY,-0.1232,7.97504,9.09609,0.0426,10.12,3,Morningstar US CEF Covered Call,16,BlackRock,True,5.62,0.03,6.41,2026-10-02T00:00:00,092524107,BlackRock Enhanced Intl Div Trust,2026-10-02,XBGYX,Equity-Covered-Call Funds,0.36,509.253,,Monthly,0.06786,0.0426,20.0,,,,1.2,,580.839,True,False,False,False,True,False,,11.72,13.21,6.78,6.47,7.38,2.29,,,6.93,2788730,,,,,,,5.78508,-8.78503,-2.16,-3.19,-2.64,2026-10-02T00:00:00,2007-05-25T00:00:00,5/25/2007,1180051200,2026-09-15T00:00:00
46,CII,-0.0074,6.9601,7.01202,0.141,18.57,3,Morningstar US CEF Covered Call,16,BlackRock,True,24.13,0.14,24.31,2026-10-02T00:00:00,09256A109,BlackRock Enhanced Large Cap Core Fund,2026-10-02,XCIIX,Equity-Covered-Call Funds,0.42,1054.58,,Monthly,0.01133,0.141,20.0,,,,0.93,,1066.912,True,True,False,False,True,False,,20.38,20.52,12.96,14.08,11.85,8.41,,,23.19,933540,,,,,,,23.7808,0.98257,-0.91,-1.23,-1.24,2026-10-02T00:00:00,2004-04-27T00:00:00,4/27/2004,1083024000,2026-09-15T00:00:00
47,ECAT,-0.055999999999999994,21.76275,23.0539,0.26442,9.44,25,Morningstar US CEF Global Allocation,16,BlackRock,True,13.99,0.32,14.82,2026-10-02T00:00:00,09262F100,BlackRock ESG Capital Allocation Term,2026-10-02,ECAT,Hybrid-Global Allocation,0.17,1391.562,,Monthly,0.08926,0.26442,20.0,,,2.02,1.4100000000000001,,1476.651,True,False,False,False,True,True,,14.53,18.55,7.8100000000000005,7.52,6.45,6.28,,,5.06,4631110,,,95.981,,,,15.301,-2.71196,-1.29,-2.18,-1.67,2026-10-02T00:00:00,2021-09-27T00:00:00,9/27/2021,1632700800,2026-09-15T00:00:00
48,FRA,-0.0634,13.26857,14.16663,0.12383999999999999,3.45,19,Morningstar US CEF Senior Loans,17,"BlackRock Advisors, LLC",True,10.49,-0.02,11.2,2026-10-02T00:00:00,09255X100,BlackRock Floating Rate Inc Strategies,2026-10-02,XFRAX,Fixed Income - Taxable-Senior Loans,23.37,371.711,-0.184,Monthly,0.37426,0.12383999999999999,20.0,,,6.29,2.61,,517.887,True,False,False,False,True,False,,6.59,6.33,5.9,6.0,1.99,-1.08,,,-7.41,1657370,,,,,,,11.35544,-3.15053,-1.12,-1.5,-1.92,2026-10-02T00:00:00,2003-10-31T00:00:00,10/31/2003,1067558400,2026-09-15T00:00:00
49,BGT,-0.0483,13.15734,13.82529,0.12028,3.49,19,Morningstar US CEF Senior Loans,16,BlackRock,True,10.44,-0.01,10.97,2026-10-02T00:00:00,091941104,Blackrock Floating Rate Income,2026-10-02,XBGTX,Fixed Income - Taxable-Senior Loans,0.14,311.37,-0.154,Monthly,0.36013,0.12028,20.0,,,,2.06,,327.623,True,False,False,False,True,False,,6.82,7.72,6.06,6.01,1.9300000000000002,2.39,,,-1.51,1340050,,,,,,,11.08429,-3.39923,-0.77,-1.3599999999999999,-0.91,2026-10-02T00:00:00,2004-08-30T00:00:00,8/30/2004,1093824000,2026-09-15T00:00:00
50,BME,-0.0362,6.994,7.25704,0.2621,22.31,8,Morningstar US CEF Sector Equity,16,BlackRock,True,43.34,-0.27,44.97,2026-10-02T00:00:00,09250W107,BlackRock Health Sciences,2026-10-02,XBMEX,Equity-Sector Equity,0.15,560.131,,Monthly,0.07492,0.2621,25.0,,,,1.13,,582.091,True,True,True,False,True,False,,11.3,12.02,6.63,5.44,9.96,13.58,,,27.99,429020,,,,,,,41.21771,-4.82864,0.56,-1.19,-0.33,2026-10-02T00:00:00,2005-03-28T00:00:00,3/28/2005,1111968000,2026-09-15T00:00:00
51,BMEZ,-0.09699999999999999,7.23684,8.01457,0.11,25.07,8,Morningstar US CEF Sector Equity,16,BlackRock,True,16.47,-0.11,18.24,2026-10-02T00:00:00,09260E105,BlackRock Health Sciences Term Trust,2026-10-02,XBMZX,Equity-Sector Equity,0.42,1029.398,,Monthly,0.11368,0.11,20.0,,,,1.37,,1144.848,True,True,True,False,True,True,,13.35,16.93,0.53,0.91,15.18,18.55,,,26.49,2070660,,,,,,,15.12736,-10.9507,0.93,0.5,0.6900000000000001,2026-10-02T00:00:00,2020-01-29T00:00:00,1/29/2020,1580256000,2026-09-15T00:00:00
52,BKT,-0.059500000000000004,10.31579,10.967880000000001,0.0882,-5.38,15,Morningstar US CEF Investment Grade,16,BlackRock,True,9.65,0.06,10.26,2026-10-02T00:00:00,09247F209,BlackRock Income,2026-10-02,XBKTX,Fixed Income - Taxable-Investment Grade,20.33,312.553,-0.055,Monthly,0.22314,0.0882,10.0,4.4525,,,1.9700000000000002,,417.099,True,False,False,False,True,False,,3.91,3.49,-2.35,-4.1,-4.53,-6.77,,,-6.23,1339970,,,88.239,,4.8100000000000005,4.8100000000000005,10.71858,-4.53866,-1.4100000000000001,-0.98,-1.12,2026-10-02T00:00:00,1988-08-01T00:00:00,8/1/1988,586396800,2026-09-15T00:00:00
53,BLW,-0.08289999999999999,10.62911,11.59044,0.1132,0.92,16,Morningstar US CEF Limited Duration,16,BlackRock,True,11.72,0.02,12.78,2026-10-02T00:00:00,09249W101,BlackRock Limited Duration Income,2026-10-02,XBLWX,Fixed Income - Taxable-Limited Duration,36.77,458.069,-0.133,Monthly,0.49739,0.1132,20.0,6.6807,,,3.7,,789.999,True,False,False,False,True,False,,8.1,6.26,3.5700000000000003,1.43,-0.88,-9.49,,,-8.96,1304580,,,99.8125,,,,13.08004,-3.35331,-1.69,-1.58,-1.5,2026-10-02T00:00:00,2003-07-28T00:00:00,7/28/2003,1059350400,2026-09-15T00:00:00
54,BIT,-0.09939999999999999,11.80907,13.11307,0.12369999999999999,-0.18,17,Morningstar US CEF Multi-Sector,16,BlackRock,True,11.32,0.05,12.57,2026-10-02T00:00:00,09258A107,BlackRock Multi-Sector Income Trust,2026-10-02,XBITX,Fixed Income - Taxable-Multi-Sector,38.18,645.95,-0.508,Monthly,0.44911,0.12369999999999999,20.0,6.0329,,13.4,3.26,,1160.355,True,False,False,False,True,False,,7.72,2.88,3.25,0.45,-1.8900000000000001,-5.93,,,-5.63,3057530,7.97,,97.3328,,,3.7199999999999998,12.68755,-6.30061,-2.36,-1.12,-1.77,2026-10-02T00:00:00,2013-02-25T00:00:00,2/25/2013,1361750400,2026-09-15T00:00:00
55,MUA,-0.0499,6.64008,6.98846,0.0555,-3.59,21,Morningstar US CEF Municipal,16,BlackRock,False,9.53,0.02,10.03,2026-10-02T00:00:00,09254J102,BlackRock Muniassets,2026-10-02,XMUAX,Fixed Income - Municipal-Municipal,29.1,639.842,-0.004,Monthly,0.28542,0.0555,15.0,5.5652,,,2.59,,949.808,True,False,False,False,False,False,,5.58,8.69,-1.85,-3.03,-4.75,-5.7,,,-7.6,1700070,14.68,,91.3963,,,,10.62895,-4.69995,-0.16,0.93,0.46,2026-10-02T00:00:00,1993-06-25T00:00:00,6/25/1993,740966400,2026-09-15T00:00:00
56,BTT,-0.0785,2.33851,2.53783,0.0464,-2.29,21,Morningstar US CEF Municipal,16,BlackRock,False,21.94,-0.02,23.81,2026-10-02T00:00:00,09257P105,BlackRock Municipal 2030 Target Term,2026-10-02,XBTTX,Fixed Income - Municipal-Municipal,35.5,1395.942,0.148,Monthly,0.34323,0.0464,25.0,4.6304,,,2.69,,2348.801,True,False,True,False,False,True,,3.91,6.73,-0.1,-0.28,-2.92,-2.51,,,-0.34,905960,24.25,,100.9811,,4.08,,22.62429,-8.00789,0.28,0.27,-0.21,2026-10-02T00:00:00,2012-08-29T00:00:00,8/29/2012,1346198400,2026-09-15T00:00:00
57,MHD,-0.0907,6.28521,6.91191,0.0595,-6.41,21,Morningstar US CEF Municipal,16,BlackRock,False,10.33,0.07,11.36,2026-10-02T00:00:00,09253N104,BlackRock Municipal Income,2026-10-02,XMHDX,Fixed Income - Municipal-Municipal,44.51,1804.65,0.004,Monthly,0.30405,0.0595,15.0,5.0119,,,3.08,,3576.721,True,False,False,False,False,False,,2.04,5.75,-3.52,-3.99,-8.06,-8.5,,,-7.18,3281040,5.06,,99.8744,,11.88,,11.62184,-8.46371,-0.7000000000000001,-1.8599999999999999,-1.25,2026-10-02T00:00:00,1997-05-02T00:00:00,5/2/1997,862531200,2026-09-15T00:00:00
58,MUC,-0.0794,6.06805,6.59138,0.0535,-5.53,22,Morningstar US CEF Municipal-CA,16,BlackRock,False,9.74,-0.03,10.58,2026-10-02T00:00:00,09254L107,BlackRock MuniHoldings CA Qty,2026-10-02,XMUCX,Fixed Income - Municipal-Municipal - CA,42.83,1217.58,0.07100000000000001,Monthly,0.26962,0.0535,15.0,5.1148,,,3.22,,2313.243,True,False,True,False,False,False,,2.38,6.54,-3.29,-4.19,-6.57,-3.79,,,-4.59,3285600,3.68,,101.3774,,13.95,,10.704460000000001,-8.06845,0.12,-1.83,-0.89,2026-10-02T00:00:00,1998-02-27T00:00:00,2/27/1998,888537600,2026-09-15T00:00:00
59,MUJ,-0.0035000000000000005,5.71429,5.73451,0.054,-5.22,24,Morningstar US CEF Municipal-Single State,16,BlackRock,False,11.3,-0.04,11.34,2026-10-02T00:00:00,09254X101,BlackRock MuniHoldings NJ Qty,2026-10-02,XMUJX,Fixed Income - Municipal-Municipal - Single-State,41.81,600.992,0.085,Monthly,0.2647,0.054,15.0,4.6505,,,3.37,,1036.444,True,False,True,False,False,False,,2.48,9.42,-2.16,-1.34,-7.03,-1.35,,,2.68,1029500,20.11,,96.999,,13.29,,12.04401,-3.44324,1.32,0.56,1.03,2026-10-02T00:00:00,1998-03-11T00:00:00,3/11/1998,889574400,2026-09-15T00:00:00
60,MIY,0.0072,5.8972,5.85497,0.0545,-5.53,24,Morningstar US CEF Municipal-Single State,16,BlackRock,False,11.17,-0.13,11.09,2026-10-02T00:00:00,09254V105,BlackRock MuniYield MI Quality,2026-10-02,XMIYX,Fixed Income - Municipal-Municipal - Single-State,41.95,323.536,0.07200000000000001,Monthly,0.25837,0.0545,15.0,4.9513,,,3.34,,553.312,True,False,True,False,False,False,,2.48,10.05,-2.46,-1.33,-7.88,0.13,,,5.7,631470,8.35,,99.8139,,16.52,,12.00775,-2.4314,0.8200000000000001,-0.54,0.33,2026-10-02T00:00:00,1992-10-30T00:00:00,10/30/1992,720403200,2026-09-15T00:00:00
61,MYN,-0.060899999999999996,6.44701,6.8648,0.051199999999999996,-7.53,23,Morningstar US CEF Municipal-NY,17,"BlackRock Advisors, LLC",False,8.95,-0.01,9.53,2026-10-02T00:00:00,09255E102,BlackRock MuniYield NY Quality,2026-10-02,XMYNX,Fixed Income - Municipal-Municipal - NY,24.59,842.406,0.069,Monthly,0.24345,0.051199999999999996,15.0,4.8619,,,3.2800000000000002,,1189.506,True,False,True,False,False,False,,1.4100000000000001,5.5600000000000005,-3.54,-3.77,-9.24,-7.37,,,-6.13,1464560,9.11,,98.839,,12.5,,9.89332,-8.05804,2.56,2.36,2.58,2026-10-02T00:00:00,1992-02-28T00:00:00,2/28/1992,699235200,2026-09-15T00:00:00
62,MPA,-0.11289999999999999,5.21311,5.8768,0.0477,-6.73,24,Morningstar US CEF Municipal-Single State,16,BlackRock,False,9.74,0.0,10.98,2026-10-02T00:00:00,09255G107,BlackRock MuniYield PA Quality,2026-10-02,XMPAX,Fixed Income - Municipal-Municipal - Single-State,40.59,126.129,0.039,Monthly,0.23728000000000002,0.0477,15.0,4.7566,,,3.23,,239.333,True,False,False,False,False,False,,2.42,3.52,-3.1,-4.85,-8.81,-9.5,,,-10.4,323210,9.22,,97.3448,,14.6,,11.17946,-8.70667,-2.81,-2.11,-2.63,2026-10-02T00:00:00,1992-10-30T00:00:00,10/30/1992,720403200,2026-09-15T00:00:00
63,MYI,-0.0731,6.31879,6.81679,0.0555,-6.27,21,Morningstar US CEF Municipal,16,BlackRock,False,9.77,0.03,10.54,2026-10-02T00:00:00,09254E103,BlackRock MuniYield Qty III,2026-10-02,XMYIX,Fixed Income - Municipal-Municipal,44.48,1194.809,0.04,Monthly,0.27666,0.0555,15.0,5.0812,,,3.23,,2321.717,True,False,True,False,False,False,,2.63,6.45,-2.56,-2.94,-7.96,-7.24,,,-7.61,2793600,5.82,,98.2051,,11.76,,10.86333,-7.59005,0.32,0.06,0.31,2026-10-02T00:00:00,1992-04-13T00:00:00,4/13/1992,703123200,2026-09-15T00:00:00
64,MQY,-0.0814,6.3678,6.93227,0.057999999999999996,-7.08,21,Morningstar US CEF Municipal,17,"BlackRock Advisors, LLC",False,10.04,0.08,10.93,2026-10-02T00:00:00,09254F100,BlackRock Muniyield Quality,2026-10-02,XMQYX,Fixed Income - Municipal-Municipal,44.75,1510.338,0.060000000000000005,Monthly,0.28992,0.057999999999999996,15.0,5.0143,,,3.2,,2975.7,True,False,False,False,False,False,,2.03,4.99,-3.06,-4.2,-8.59,-7.99,,,-9.39,3864790,5.4,,99.4864,,14.22,,11.3454,-7.6576900000000006,-0.49,-0.79,-0.6900000000000001,2026-10-02T00:00:00,1992-06-26T00:00:00,6/26/1992,709516800,2026-09-15T00:00:00
65,BCX,-0.09230000000000001,6.37986,7.02857,0.0697,26.23,8,Morningstar US CEF Sector Equity,16,BlackRock,True,11.9,0.08,13.11,2026-10-02T00:00:00,09257A108,BlackRock Resources&Commodities Strategy,2026-10-02,XBCRX,Equity-Sector Equity,0.0,907.233,,Monthly,0.09832,0.0697,20.0,,,,1.19,,999.503,True,True,False,False,True,False,,14.23,17.38,13.18,13.42,18.18,13.8,,,25.39,2071970,,,,,,,11.72284,-6.82442,-1.27,-1.82,-1.23,2026-10-02T00:00:00,2011-03-29T00:00:00,3/29/2011,1301356800,2026-09-15T00:00:00
66,BSTZ,-0.0741,5.84708,6.31477,0.1625,52.79,8,Morningstar US CEF Sector Equity,16,BlackRock,True,30.88,-0.01,33.35,2026-10-02T00:00:00,09260K101,BlackRock Science and Technology Term,2026-10-02,XBSZX,Equity-Sector Equity,1.06,2122.819,,Monthly,-0.15007,0.1625,20.0,,,,1.35,,2317.114,True,True,True,False,True,True,,30.33,36.93,5.72,6.82,43.68,44.78,,,53.32,2074310,,,,,,,25.58739,-9.55204,1.21,0.38,0.79,2026-10-02T00:00:00,2019-06-26T00:00:00,6/26/2019,1561507200,2026-09-15T00:00:00
67,BST,-0.028900000000000002,5.67537,5.84454,0.25,36.63,8,Morningstar US CEF Sector Equity,16,BlackRock,True,51.33,0.2,52.86,2026-10-02T00:00:00,09258G104,BlackRock Science and Technology Trust,2026-10-02,XBSTX,Equity-Sector Equity,0.1,1782.179,,Monthly,-0.29713,0.25,20.0,,,,1.11,,1837.073,True,True,True,False,True,False,,30.17,29.61,9.3,9.93,34.29,36.02,,,39.84,1010690,,,,,0.26,,43.54843,-6.16228,1.58,0.97,1.51,2026-10-02T00:00:00,2014-10-29T00:00:00,10/29/2014,1414540800,2026-09-15T00:00:00
68,BBN,-0.0703,7.62863,8.20527,0.0986,-4.44,20,Morningstar US CEF Taxable Muni,17,"BlackRock Advisors, LLC",True,14.42,0.01,15.51,2026-10-02T00:00:00,09248X100,BlackRock Taxable Municipal Bond Trust,2026-10-02,XBBNX,Fixed Income - Taxable-Taxable Muni,37.13,891.048,0.077,Monthly,0.52117,0.0986,20.0,5.9206,,,3.1,,1524.467,True,False,False,False,True,False,,4.48,5.45,-3.06,-4.47,-5.4,-6.72,,,-6.67,2149690,3.39,,99.4279,,8.12,8.12,16.19255,-5.02611,-1.22,-1.37,-1.6,2026-10-02T00:00:00,2010-08-27T00:00:00,8/27/2010,1282867200,2026-09-15T00:00:00
69,BTX,-0.12269999999999999,5.99429,6.8329699999999995,0.0525,40.05,10,Morningstar US CEF US Equity,16,BlackRock,True,9.22,0.06,10.51,2026-10-02T00:00:00,09260Q108,BlackRock Tech and Private Equity Term,2026-10-02,XBTPX,Equity-U.S. Equity,1.02,1076.069,,Monthly,-0.048940000000000004,0.0525,20.0,,,,1.46,,1239.238,True,True,True,False,True,True,,16.77,21.11,-3.31,-3.35,37.97,44.88,,,45.88,7327830,,,,,,,7.60103,-13.77843,0.6900000000000001,-0.52,0.03,2026-10-02T00:00:00,2021-03-26T00:00:00,3/26/2021,1616716800,2026-09-15T00:00:00
70,BUI,-0.01,7.35669,7.43064,0.154,8.23,8,Morningstar US CEF Sector Equity,16,BlackRock,True,24.87,0.44,25.12,2026-10-02T00:00:00,09248D104,"BlackRock Util, Infra & Power Opp",2026-10-02,XBUIX,Equity-Sector Equity,0.11,748.202,,Monthly,0.19198,0.154,20.0,,,,1.09,,755.723,True,False,False,False,True,False,,15.95,17.39,8.28,7.73,7.25,3.15,,,7.14,763840,,,,,,,27.0941,1.59908,-0.88,-2.08,-0.73,2026-10-02T00:00:00,2011-11-23T00:00:00,11/23/2011,1322006400,2026-09-15T00:00:00
71,BHV,0.1499,5.4220500000000005,4.7150300000000005,0.0455,-8.77,24,Morningstar US CEF Municipal-Single State,16,BlackRock,False,11.57999,0.37,10.07,2026-10-02T00:00:00,092481100,BlackRock VA Municipal Bond,2026-10-02,XBHVX,Fixed Income - Municipal-Municipal - Single-State,41.95,18.392,0.024,Monthly,0.1615,0.0455,15.0,4.8843,,,4.53,,27.552,True,True,True,False,False,False,,0.9400000000000001,13.35,-4.55,-4.03,-10.01,15.82,,,13.38,53390,8.69,,99.5776,,16.97,10.27,11.43068,0.6655000000000001,1.53,0.11,0.87,2026-10-02T00:00:00,2002-04-30T00:00:00,4/30/2002,1020124800,2026-09-15T00:00:00
72,BGX,-0.1368,7.86241,9.10816,0.08,1.03,19,Morningstar US CEF Senior Loans,18,Blackstone Liquid Credit Strategies LLC,False,10.54,0.02,12.21,2026-10-02T00:00:00,09257D102,Blackstone Long-Short Credit Income,2026-10-02,XXBGX,Fixed Income - Taxable-Senior Loans,33.93,133.945,,Monthly,0.47335,0.08,20.0,7.1353,,,4.65,,234.868,True,False,False,False,False,False,,6.47,6.21,3.6,1.96,-0.02,-4.01,,,-3.93,689760,,,,,17.0,,11.13675,-11.28094,-1.5,-1.16,-1.75,2026-10-02T00:00:00,2011-01-27T00:00:00,1/27/2011,1296086400,2026-09-23T00:00:00
73,BSL,-0.0342,7.5,7.76579,0.08399999999999999,0.9400000000000001,19,Morningstar US CEF Senior Loans,18,Blackstone Liquid Credit Strategies LLC,False,12.98,0.06,13.44,2026-10-02T00:00:00,09256U105,Blackstone Senior Floating Rt 2027 term,2026-10-02,XBSLX,Fixed Income - Taxable-Senior Loans,33.51,168.999,,Monthly,0.49904,0.08399999999999999,20.0,7.1345,,,4.68,,263.188,True,False,True,False,False,True,,5.85,8.42,4.02,3.88,0.2,1.19,,,-0.22,440630,,,,,3.73,,13.23333,-3.83723,0.53,0.13,0.24,2026-10-02T00:00:00,2010-05-26T00:00:00,5/26/2010,1274832000,2026-09-23T00:00:00
74,BGB,-0.0487,7.58974,7.97844,0.074,0.02,19,Morningstar US CEF Senior Loans,18,Blackstone Liquid Credit Strategies LLC,False,11.13,0.03,11.7,2026-10-02T00:00:00,09257R101,Blackstone Strategic Credit 2027 term,2026-10-02,XBGBX,Fixed Income - Taxable-Senior Loans,39.19,497.274,,Monthly,0.40459,0.074,20.0,6.9282,,,5.4,,859.675,True,False,True,False,False,True,,6.32,10.16,3.49,4.59,-0.9400000000000001,0.75,,,0.13,1395390,,,,,17.78,,11.47489,-5.02614,0.2,-0.19,-0.13,2026-10-02T00:00:00,2012-09-26T00:00:00,9/26/2012,1348617600,2026-09-23T00:00:00
75,BPRE,-0.43770000000000003,7.28932,12.96454,0.1371,-5.97,7,Morningstar US CEF Real Estate,19,"Bluerock Fund Advisors, LLC",True,12.69,0.07,22.57,2026-10-02T00:00:00,09631P102,Bluerock Private Real Estate Fund,2026-10-02,XBPREX,Equity-Real Estate,,1815.233,,Monthly,,0.1371,14.0,11.1334,,,0.0,,3228.511,False,True,True,False,True,False,,-6.18,,-1.72,,-2.74,-9.63,,,,0,,,,,,,,,,0.86,-0.62,2026-10-02T00:00:00,2014-04-01T00:00:00,4/1/2014,1396310400,2026-09-16T00:00:00
76,DHF,-0.1323,8.17121,9.41704,0.017499999999999998,-0.5,14,Morningstar US CEF High Yield,20,BNY Mellon,False,2.23,0.01,2.57,2026-10-02T00:00:00,09660L105,BNY Mellon High Yield Strategies Fund,2026-10-02,XDHFX,Fixed Income - Taxable-High Yield,28.36,162.202,,Monthly,0.09917000000000001,0.017499999999999998,15.0,7.0814,,,3.18,,260.933,True,False,False,False,False,False,,8.3,10.08,2.58,0.9400000000000001,-1.58,-5.11,,,-6.61,3512760,7.1,,98.7994,,4.58,,2.44293,-10.03519,-1.74,-1.06,-1.6800000000000002,2026-10-02T00:00:00,1998-04-29T00:00:00,4/29/1998,893808000,2026-09-10T00:00:00
77,DMB,-0.0946,5.73066,6.32911,0.049999999999999996,-6.39,21,Morningstar US CEF Municipal,20,BNY Mellon,False,9.48,0.11,10.47,2026-10-02T00:00:00,09662W109,BNY Mellon Muni Bond Infrastructure Fund,2026-10-02,XDMBX,Fixed Income - Municipal-Municipal,37.88,174.489,,Monthly,0.24734,0.049999999999999996,15.0,5.1207,,,3.19,,310.206,True,False,False,False,False,False,,2.16,2.27,-2.7,-5.65,-8.23,-11.4,,,-7.95,599880,0.21000000000000002,,98.0971,,12.2,9.39,10.75695,-7.38629,-1.54,-1.69,-2.11,2026-10-02T00:00:00,2013-04-26T00:00:00,4/26/2013,1366934400,2026-09-17T00:00:00
78,DSM,-0.1038,6.22837,6.94981,0.03,-6.38,21,Morningstar US CEF Municipal,20,BNY Mellon,False,5.18,-0.01,5.78,2026-10-02T00:00:00,09662E109,BNY Mellon Strategic Muni Bond,2026-10-02,XDSMX,Fixed Income - Municipal-Municipal,36.99,256.041,,Monthly,0.15742,0.03,10.0,5.0126,,,2.73,,453.396,True,False,False,False,False,False,,2.67,6.12,-3.32,-3.96,-8.22,-12.02,,,-7.25,1187880,0.6900000000000001,,95.9354,,9.57,8.59,5.98229,-7.21643,-2.21,-2.11,-2.31,2026-10-02T00:00:00,1989-11-22T00:00:00,11/22/1989,627696000,2026-09-14T00:00:00
79,LEO,-0.0925,5.8441600000000005,6.44007,0.03,-5.57,21,Morningstar US CEF Municipal,20,BNY Mellon,False,5.59,0.01,6.16,2026-10-02T00:00:00,05588W108,BNY Mellon Strategic Municipals,2026-10-02,XLEOX,Fixed Income - Municipal-Municipal,36.22,348.206,,Monthly,0.15752,0.03,10.0,5.133,,,2.76,,601.632,True,False,False,False,False,False,,2.98,5.86,-3.0,-4.46,-7.2,-9.09,,,-6.47,2032390,0.64,,96.1942,,10.02,8.78,6.28625,-7.63573,-1.46,-1.3599999999999999,-1.76,2026-10-02T00:00:00,1987-09-23T00:00:00,9/23/1987,559353600,2026-09-14T00:00:00
80,BWG,-0.1409,11.97007,13.93324,0.08,-4.05,13,Morningstar US CEF Global Income,54,"Franklin Templeton Fund Adviser, LLC",True,6.890000000000001,-0.04,8.02,2026-10-02T00:00:00,10537L104,BrandywineGLOBAL â Global Inc Opp Fund,2026-10-02,XBWGX,Fixed Income - Taxable-Global Income,42.85,115.696,,Monthly,0.40321,0.08,20.0,7.6342,,,4.62,,235.632,True,False,False,False,True,False,,8.0,9.39,0.29,-0.18,-3.75,-9.4,,,-10.12,761550,,,,,,,8.07274,-8.98964,-3.01,-2.58,-3.51,2026-10-02T00:00:00,2012-03-28T00:00:00,3/28/2012,1332892800,2026-09-23T00:00:00
81,RA,-0.1316,10.59088,12.19638,0.118,1.42,14,Morningstar US CEF High Yield,21,Brookfield Public Securities Group LLC,True,11.61,0.03,13.37,2026-10-02T00:00:00,112830104,Brookfield Real Assets Income Fund Inc.,2026-10-02,XRAIX,Fixed Income - Taxable-High Yield,25.2,641.507,,Monthly,0.43376000000000003,0.118,25.0,6.5269,,,3.34,,987.667,True,False,False,False,True,False,,7.51,9.35,3.5700000000000003,0.12,0.06,-3.19,,,-3.51,1751890,,,96.6205,,8.9,,12.87092,-9.51427,-2.84,-1.9300000000000002,-2.46,2026-10-02T00:00:00,2016-12-02T00:00:00,12/2/2016,1480636800,2026-09-10T00:00:00
82,CFND,-0.5301,,,,-17.43,10,Morningstar US CEF US Equity,23,C1 Advisors LLC,True,3.0499,0.14,6.49,2026-06-30T00:00:00,12673Q103,C1 Fund Inc.,2026-10-02,XCFNDX,Equity-U.S. Equity,,20.033,,Semi-Annually,-0.24685,,10.0,,,,5.86,,42.629,False,False,False,False,True,False,,,,,,-16.9,-38.78,,,-63.19,437940,,,,,,,4.29584,-42.26154,-0.64,0.01,-0.08,2026-10-02T00:00:00,2025-08-07T00:00:00,8/7/2025,1754524800,
83,CHY,-0.0525,9.70089,10.23891,0.09999999999999999,19.08,11,Morningstar US CEF Convertibles,24,Calamos Advisors LLC,False,11.72,0.11,12.37,2026-10-02T00:00:00,12811P108,Calamos Convertible & High Income Fund,2026-10-02,XCHYX,Fixed Income - Taxable-Convertibles,32.25,941.471,,Monthly,-0.10886,0.09999999999999999,15.0,3.6347,,,4.01,,1466.704,True,False,False,False,False,False,,18.67,13.02,5.58,4.72,16.63,10.2,,,15.07,1866350,,,110.455,,,,12.16826,-0.7483500000000001,-2.14,-2.68,-1.6099999999999999,2026-10-02T00:00:00,2003-05-28T00:00:00,5/28/2003,1054080000,2026-09-14T00:00:00
84,CHI,-0.006,9.79381,9.85307,0.095,18.66,11,Morningstar US CEF Convertibles,24,Calamos Advisors LLC,False,11.57,0.2,11.64,2026-10-02T00:00:00,128117108,Calamos Convertible Opp Inc,2026-10-02,XCHIX,Fixed Income - Taxable-Convertibles,31.6,933.778,,Monthly,-0.09886,0.095,15.0,3.5968,,,3.98,,1373.477,True,False,False,False,False,False,,18.47,14.22,5.5,5.06,16.5,16.25,,,16.96,1776390,,,110.6368,,,,11.79461,2.06778,-1.0,-2.5300000000000002,-1.1400000000000001,2026-10-02T00:00:00,2002-06-26T00:00:00,6/26/2002,1025049600,2026-09-14T00:00:00
85,CCD,-0.0202,10.04723,10.25416,0.19499999999999998,22.44,11,Morningstar US CEF Convertibles,24,Calamos Advisors LLC,False,22.82,0.34,23.29,2026-10-02T00:00:00,12811V105,Calamos Dynamic Convertible and Income,2026-10-02,XCCDX,Fixed Income - Taxable-Convertibles,29.96,652.261,,Monthly,-0.41014,0.19499999999999998,25.0,2.6269,,,4.26,,950.453,True,False,False,False,False,True,,20.52,18.97,5.75,4.85,19.99,15.85,,,19.21,793360,,,,,,,23.24261,1.5985,-1.56,-2.17,-1.12,2026-10-02T00:00:00,2015-03-27T00:00:00,3/27/2015,1427414400,2026-09-14T00:00:00
86,CHW,-0.13699999999999998,7.76699,9.0,0.06,16.56,25,Morningstar US CEF Global Allocation,24,Calamos Advisors LLC,False,8.0,0.02,9.27,2026-10-02T00:00:00,12811L107,Calamos Global Dynamic Income Fund,2026-10-02,XCHWX,Hybrid-Global Allocation,29.85,510.915,,Monthly,-0.03591,0.06,15.0,4.8766,,,3.85,,843.986,True,False,False,False,False,False,,22.62,23.65,7.93,6.07,18.38,14.65,,,15.73,1851470,,,,,,,8.06462,-10.26182,-2.54,-2.71,-1.9100000000000001,2026-10-02T00:00:00,2007-06-27T00:00:00,6/27/2007,1182902400,2026-09-14T00:00:00
87,CGO,-0.1067,7.60563,8.51399,0.09,16.73,25,Morningstar US CEF Global Allocation,24,Calamos Advisors LLC,False,12.685,0.05,14.2,2026-10-02T00:00:00,128118106,Calamos Global Total Return,2026-10-02,XCGOX,Hybrid-Global Allocation,29.74,124.659,,Monthly,-0.07175000000000001,0.09,15.0,4.7922,,,4.02,,198.624,True,True,False,False,False,False,,23.38,24.09,7.84,5.03,19.22,19.31,,,16.02,257970,,,,,,,12.44591,-9.34498,-1.1,-2.01,-0.6900000000000001,2026-10-02T00:00:00,2005-10-27T00:00:00,10/27/2005,1130371200,2026-09-14T00:00:00
88,CPZ,-0.1611,11.22995,13.38645,0.13999999999999999,-5.3,5,Morningstar US CEF Global Equity,24,Calamos Advisors LLC,False,12.55,0.08,14.96,2026-10-02T00:00:00,12812C106,Calamos L/S Equity & Dynamic Inc Trust,2026-10-02,XCPZX,Equity-Global Equity,48.42,246.384,,Monthly,0.08155,0.13999999999999999,20.0,5.7136,,,4.38,,569.389,True,False,False,False,False,False,,5.5600000000000005,6.48,2.0,1.3599999999999999,-2.31,-6.67,,,-12.37,779190,,,99.3359,,,,14.04556,-10.66028,-2.5700000000000003,-2.89,-2.67,2026-10-02T00:00:00,2019-11-29T00:00:00,11/29/2019,1574985600,2026-09-14T00:00:00
89,CSQ,-0.0922,7.18404,7.91402,0.13499999999999998,17.29,26,Morningstar US CEF US Allocation,24,Calamos Advisors LLC,False,20.47,0.15,22.55,2026-10-02T00:00:00,128125101,Calamos Strategic Total Return,2026-10-02,XCSQX,Hybrid-U.S. Allocation,28.08,3282.766,,Monthly,-0.08754,0.13499999999999998,15.0,4.2309,,,3.69,,5028.503,True,True,False,False,False,False,,25.57,21.89,13.3,11.15,14.02,11.81,,,13.82,2234250,,,,,,,19.5504,-8.69106,-0.41000000000000003,-0.6900000000000001,0.19,2026-10-02T00:00:00,2004-03-26T00:00:00,3/26/2004,1080259200,2026-09-14T00:00:00
90,CCIF,-0.2271,22.71293,29.38776,0.06,-39.1,19,Morningstar US CEF Senior Loans,25,Carlyle Global Credit Inv Mgmt,True,2.45,-0.24,3.23,2026-08-31T00:00:00,92535C104,Carlyle Credit Income Ord,2026-10-02,XCCIFX,Fixed Income - Taxable-Senior Loans,46.01,51.937,,Monthly,0.18345,0.06,8.65,8.718,,,11.36,,124.472,True,False,False,False,True,False,,-15.7,-18.45,-13.36,-12.53,-31.65,-37.08,,,-46.02,1299890,,,46.8847,,,,3.70086,-11.67478,-1.62,-1.32,-1.32,2026-10-02T00:00:00,2011-12-30T00:00:00,12/30/2011,1325203200,2026-09-18T00:00:00
91,IGR,-0.018500000000000003,18.21248,18.5567,0.18,-4.8100000000000005,7,Morningstar US CEF Real Estate,26,CBRE Investment Management Listed Real Assets LLC,True,11.64,0.08,11.86,2026-10-02T00:00:00,12504G878,CBRE Global Real Estate Income,2026-10-02,XIGRX,Equity-Real Estate,34.87,588.35,,Monthly,0.12236,0.18,15.0,,,,3.84,,920.403,True,False,False,False,True,False,,6.36,10.56,-1.58,0.45,0.11,0.75,,,-10.7,2557940,,,,,,,13.87893,0.71308,-1.17,-1.1400000000000001,-1.55,2026-10-02T00:00:00,2004-02-18T00:00:00,2/18/2004,1077062400,2026-09-21T00:00:00
92,CET,-0.16149999999999998,0.9252400000000001,1.1034,0.31,13.42,10,Morningstar US CEF US Equity,27,Central Securities Corp,False,56.19,0.7000000000000001,67.01,2026-10-02T00:00:00,155123102,Central Securities Corporation,2026-10-02,XCETX,Equity-U.S. Equity,0.32,1660.373,,Semi-Annually,0.8325400000000001,0.31,10.0,,,,0.46,,1980.096,True,True,False,False,False,False,,20.11,22.23,11.37,12.33,10.4,10.1,,,14.14,370730,,,,,,0.05,52.26287,-15.64036,-0.55,0.18,-0.49,2026-10-02T00:00:00,1980-07-28T00:00:00,7/28/1980,333590400,2026-06-12T00:00:00
93,EMO,-0.10220000000000001,8.77944,9.77937,0.41,23.21,6,Morningstar US CEF MLP,54,"Franklin Templeton Fund Adviser, LLC",False,50.31,0.37,56.04,2026-10-02T00:00:00,18469P209,ClearBridge Energy Midstream Opportunity,2026-10-02,XEMOX,Equity-MLP,25.09,1005.709,,Monthly,-0.08994,0.41,20.0,,,,3.12,,1495.461,True,True,False,False,False,False,,24.86,27.87,24.04,28.43,19.59,19.66,,,21.91,527900,,,,,,,49.10179,-9.75372,-0.24,-0.04,0.51,2026-10-02T00:00:00,2011-06-13T00:00:00,6/13/2011,1307923200,2026-09-23T00:00:00
94,GLV,-0.1409,10.07715,11.73057,0.0566,8.75,25,Morningstar US CEF Global Allocation,28,Clough Capital Partners L.P.,True,5.79,-0.01,6.74,2026-10-02T00:00:00,18913Y103,Clough Global Dividend and Income,2026-10-02,XGLVX,Hybrid-Global Allocation,33.5,71.852,,Monthly,0.00647,0.0566,20.0,4.812,,,3.06,,125.772,True,False,False,False,True,False,,14.11,17.9,1.3900000000000001,-1.04,7.17,5.25,,,8.44,404710,,,,,14.12,11.85,6.15256,-12.0091,-1.9,-2.08,-1.56,2026-10-02T00:00:00,2004-07-28T00:00:00,7/28/2004,1090972800,2026-09-17T00:00:00
95,GLQ,-0.1304,10.00915,11.51053,0.07289999999999999,8.33,5,Morningstar US CEF Global Equity,28,Clough Capital Partners L.P.,True,7.6,0.09,8.74,2026-10-02T00:00:00,18914C100,Clough Global Equity,2026-10-02,XGLQX,Equity-Global Equity,33.41,142.41,,Monthly,-0.056870000000000004,0.07289999999999999,20.0,,,,3.41,,245.94,True,False,False,False,True,False,,19.66,23.88,0.76,-1.31,6.99,5.68,,,9.17,626590,,,,,0.06,,8.01555,-11.10478,-1.77,-2.69,-2.19,2026-10-02T00:00:00,2005-04-27T00:00:00,4/27/2005,1114560000,2026-09-17T00:00:00
96,GLO,-0.1328,10.3104,11.8893,0.0537,4.48,25,Morningstar US CEF Global Allocation,28,Clough Capital Partners L.P.,True,5.42,0.03,6.25,2026-10-02T00:00:00,18914E106,Clough Global Opportunities,2026-10-02,XGLOX,Hybrid-Global Allocation,34.14,231.793,,Monthly,-0.0235,0.0537,20.0,4.8247,,,3.54,,405.84,True,False,False,False,True,False,,15.34,19.17,-1.82,-4.13,3.95,2.45,,,4.49,1494860,,,,,16.22,13.53,5.80199,-11.37478,-1.85,-1.98,-1.6400000000000001,2026-10-02T00:00:00,2006-04-25T00:00:00,4/25/2006,1145923200,2026-09-17T00:00:00
97,FOF,-0.023399999999999997,8.15625,8.352,0.087,5.66,26,Morningstar US CEF US Allocation,30,"Cohen &amp; Steers Capital Management, Inc.",False,12.5,0.09,12.8,2026-10-02T00:00:00,19248P106,Cohen & Steers Closed-End Opportunity,2026-10-02,XFOFX,Hybrid-U.S. Allocation,,347.819,,Monthly,0.17839,0.087,20.0,6.1386,,7.64,0.9500000000000001,,356.167,False,False,False,False,False,False,,17.29,16.06,7.46,7.3,2.07,0.07,,,3.35,629690,,,95.6359,,,,13.47018,0.7729800000000001,-1.54,-0.92,-1.52,2026-10-02T00:00:00,2006-11-20T00:00:00,11/20/2006,1163980800,2026-09-08T00:00:00
98,UTF,-0.0129,7.76471,7.86651,0.16499999999999998,3.16,8,Morningstar US CEF Sector Equity,29,Cohen &amp; Steers,False,25.17,0.5700000000000001,25.5,2026-10-02T00:00:00,19248A109,Cohen & Steers Infrastructure,2026-10-02,XUTFX,Equity-Sector Equity,29.79,2814.26,,Monthly,0.38602000000000003,0.16499999999999998,20.0,5.4498,,,3.43,,4061.158,True,False,True,False,False,False,,15.75,16.69,7.18,5.92,4.21,7.99,,,7.03,3486890,,,103.041,,7.43,,25.84345,-5.34518,1.79,0.9,1.22,2026-10-02T00:00:00,2004-03-30T00:00:00,3/30/2004,1080604800,2026-09-08T00:00:00
99,LDP,-0.0848,7.40462,8.09058,0.131,1.34,18,Morningstar US CEF Preferreds,30,"Cohen &amp; Steers Capital Management, Inc.",False,19.43,0.02,21.23,2026-10-02T00:00:00,19248C105,Cohen & Steers Ltd Duration Pref & Inc,2026-10-02,XLDPX,Fixed Income - Taxable-Preferreds,33.79,565.009,,Monthly,0.7218,0.131,25.0,,,,3.67,,932.352,True,False,False,False,False,False,,10.88,12.64,3.5700000000000003,1.29,-0.28,-3.35,,,-3.84,650490,,,,,88.99,,20.88737,-6.30664,-1.44,-0.79,-1.1400000000000001,2026-10-02T00:00:00,2012-07-27T00:00:00,7/27/2012,1343347200,2026-09-08T00:00:00
100,RQI,-0.0799,8.98502,9.76492,0.09,4.14,7,Morningstar US CEF Real Estate,29,Cohen &amp; Steers,False,11.06,0.21,12.02,2026-10-02T00:00:00,19247L106,Cohen & Steers Qual Inc Realty,2026-10-02,XRQIX,Equity-Real Estate,28.66,1626.643,,Monthly,0.13026000000000001,0.09,15.0,4.5417000000000005,,,3.45,,2477.96,True,False,False,False,False,False,,12.7,11.68,3.15,2.2,8.7,2.05,,,-3.56,5325460,,,102.1293,,7.49,,12.34121,-4.35912,-1.1400000000000001,0.01,-0.75,2026-10-02T00:00:00,2002-02-28T00:00:00,2/28/2002,1014854400,2026-09-08T00:00:00
101,RLTY,-0.10890000000000001,8.50515,9.54447,0.11,3.11,7,Morningstar US CEF Real Estate,30,"Cohen &amp; Steers Capital Management, Inc.",True,13.83,0.07,15.52,2026-10-02T00:00:00,19249Q103,Cohen & Steers Real Estate Opp & Inc Fd,2026-10-02,XRLTX,Equity-Real Estate,35.2,231.271,,Monthly,0.17708000000000002,0.11,20.0,5.2869,,,4.55,,400.532,True,False,False,False,True,False,,11.64,11.44,,,4.85,0.42,,,-1.24,597920,,,104.0393,,,,15.24895,-7.7737,-2.46,-2.34,-2.69,2026-10-02T00:00:00,2022-02-24T00:00:00,2/24/2022,1645660800,2026-09-08T00:00:00
102,RNP,-0.08039999999999999,8.09926,8.80734,0.13599999999999998,1.7000000000000002,7,Morningstar US CEF Real Estate,30,"Cohen &amp; Steers Capital Management, Inc.",True,18.53,0.01,20.15,2026-10-02T00:00:00,19247X100,Cohen & Steers REIT & Preferred Inc Fd,2026-10-02,XRNPX,Equity-Real Estate,31.76,889.441,,Monthly,0.40266,0.13599999999999998,25.0,5.8091,,,3.37,,1417.327,True,False,False,False,True,False,,11.74,11.3,3.01,2.33,3.66,-0.37,,,-10.22,1245620,,,106.003,,6.69,,20.51818,-4.09912,-1.3900000000000001,-1.85,-1.19,2026-10-02T00:00:00,2003-06-27T00:00:00,6/27/2003,1056672000,2026-09-08T00:00:00
103,PSF,-0.11230000000000001,7.35051,8.28039,0.126,-0.2,18,Morningstar US CEF Preferreds,29,Cohen &amp; Steers,False,18.26,0.16,20.57,2026-10-02T00:00:00,19248Y107,Cohen & Steers Select Preferred & Inc,2026-10-02,XPSFX,Fixed Income - Taxable-Preferreds,34.27,219.635,,Monthly,0.69831,0.126,25.0,7.0987,,,3.76,,376.42,True,False,False,False,False,False,,10.36,8.04,2.33,-0.87,-1.63,-5.29,,,-5.86,386570,,,101.0886,,86.4,,19.92724,-8.78013,-1.5899999999999999,-0.91,-1.31,2026-10-02T00:00:00,2010-11-24T00:00:00,11/24/2010,1290556800,2026-09-08T00:00:00
104,PTA,-0.1043,8.30579,9.27336,0.13399999999999998,-1.01,18,Morningstar US CEF Preferreds,30,"Cohen &amp; Steers Capital Management, Inc.",True,17.34,-0.2,19.36,2026-10-02T00:00:00,19249X108,Cohen & Steers Tax-adv Prd Sec and Inc,2026-10-02,XPTAX,Fixed Income - Taxable-Preferreds,36.11,958.442,,Monthly,0.63166,0.13399999999999998,25.0,7.3128,,,4.36,,1674.999,True,False,False,False,True,False,,9.03,8.52,1.9300000000000002,1.09,-2.1,-4.11,,,-7.42,1539070,,,103.3882,,,,19.22764,-7.09181,-2.23,-1.27,-1.82,2026-10-02T00:00:00,2020-10-28T00:00:00,10/28/2020,1603843200,2026-09-08T00:00:00
105,RFI,-0.0438,8.75114,9.15157,0.08,2.56,7,Morningstar US CEF Real Estate,30,"Cohen &amp; Steers Capital Management, Inc.",False,10.49,0.04,10.97,2026-10-02T00:00:00,19247R103,Cohen & Steers Total Return,2026-10-02,XRFIX,Equity-Real Estate,0.04,280.73,,Monthly,0.15775,0.08,15.0,6.5819,,,0.9400000000000001,,293.7,True,False,False,False,False,False,,9.91,8.56,2.67,-0.34,5.3,1.09,,,-5.73,969580,,,,,,,11.34948,-1.75183,-1.06,-0.71,-0.45,2026-10-02T00:00:00,1993-09-27T00:00:00,9/27/1993,749088000,2026-09-08T00:00:00
106,STK,-0.0665,3.13719,3.36058,0.46249999999999997,63.98,3,Morningstar US CEF Covered Call,31,"Columbia Mgmt Investment Advisers, LLC",True,55.05,0.99,58.97,2026-10-02T00:00:00,19842X109,Columbia Seligman Premium Technology Gr,2026-10-02,XSTKX,Equity-Covered-Call Funds,,974.114,,Quarterly,-0.11919,0.46249999999999997,20.0,,,,1.12,,1043.478,False,True,False,False,True,False,,42.1,38.19,23.82,21.88,54.97,50.57,,,62.75,570590,,,,,,,44.47155,-4.57475,-0.96,0.18,-0.61,2026-10-02T00:00:00,2009-11-25T00:00:00,11/25/2009,1259107200,2026-08-17T00:00:00
107,CLM,0.0175,23.25359,22.85266,0.1215,12.88,10,Morningstar US CEF US Equity,32,"Cornerstone Advisors, LLC",True,6.38,0.06,6.27,2026-10-02T00:00:00,21924B302,Cornerstone Strategic Investment Fund,2026-10-02,XCLMX,Equity-U.S. Equity,0.0,1975.735,,Monthly,-0.00193,0.1215,38.52,,,,1.1,,1941.671,True,False,False,False,True,False,,21.72,12.18,13.2,7.26,9.49,-10.8,,,-5.64,19152940,,,,,,,7.65487,17.80838,-2.62,-1.28,-1.9500000000000002,2026-10-02T00:00:00,1987-06-23T00:00:00,6/23/1987,551404800,2026-09-15T00:00:00
108,CRF,0.0049,23.17241,23.05882,0.1176,13.1,10,Morningstar US CEF US Equity,32,"Cornerstone Advisors, LLC",True,6.12,0.06,6.09,2026-10-02T00:00:00,21924U300,Cornerstone Total Return Fund,2026-10-02,XCRFX,Equity-U.S. Equity,9.5,1033.609,,Monthly,-0.00496,0.1176,25.0,,,,1.13,,1028.543,True,False,False,False,True,False,,22.18,9.63,13.67,6.08,9.71,-10.84,,,-7.17,13085820,,,,,,,7.34084,16.55991,-2.65,-1.37,-2.02,2026-10-02T00:00:00,1973-05-16T00:00:00,5/16/1973,106358400,2026-09-15T00:00:00
109,DXYZ,-0.0437,,,,201.67,8,Morningstar US CEF Sector Equity,34,Destiny Advisors LLC,True,32.8,6.6,34.3,2026-06-30T00:00:00,25063F107,Destiny Tech100 Inc,2026-10-02,DXYZ,Equity-Sector Equity,,1563.161,,Monthly,-0.28507,,,,,,4.53,,1634.647,False,True,False,False,True,False,,,,,,71.76,0.72,,,44.84,20002480,,,,,,,30.60429,55.72247,-0.8,0.93,-0.06,2026-10-02T00:00:00,2024-03-26T00:00:00,3/26/2024,1711411200,
110,DMA,-0.15259999999999999,15.37585,18.14541,0.11249999999999999,-1.88,26,Morningstar US CEF US Allocation,35,Destra Capital Advisors LLC,True,7.4399,-0.03,8.78,2026-10-02T00:00:00,25065A502,Destra Multi-Alternative,2026-10-02,XDMAX,Hybrid-U.S. Allocation,11.17,66.686,,Monthly,0.19305,0.11249999999999999,,,,,3.29,,88.597,True,False,False,False,True,False,,1.18,17.91,-0.46,,-2.8,-4.39,,,2.65,238950,,,,,0.11,,8.13731,-14.60944,-0.26,-0.25,0.28,2026-10-02T00:00:00,2022-01-13T00:00:00,1/13/2022,1642032000,2026-09-18T00:00:00
111,DNP,0.0801,8.80361,8.15047,0.065,-0.18,8,Morningstar US CEF Sector Equity,39,Duff &amp; Phelps Inv Mgmt Co (IL),True,9.57,0.27,8.86,2026-10-02T00:00:00,23325P104,DNP Select Income,2026-10-02,XDNPX,Equity-Sector Equity,24.77,3625.141,,Monthly,0.10944,0.065,10.0,5.7021,,,2.5300000000000002,,4461.042,True,False,True,False,True,False,,15.11,9.0,8.2,6.1,1.83,1.49,,,3.35,6271530,,,,,7.5600000000000005,5.85,10.4092,6.97614,0.29,-1.6800000000000002,-0.12,2026-10-02T00:00:00,1987-01-21T00:00:00,1/21/1987,538185600,2026-09-30T00:00:00
112,DSL,-0.08960000000000001,12.06581,13.25301,0.11,-1.09,13,Morningstar US CEF Global Income,37,DoubleLine Capital LP,False,9.96,-0.03,10.94,2026-10-02T00:00:00,258622109,DoubleLine Income Solutions Fund,2026-10-02,XDSLX,Fixed Income - Taxable-Global Income,24.42,1141.128,,Monthly,0.47242,0.11,25.0,7.697,,,2.98,,1658.408,True,False,False,False,False,False,,9.54,5.97,0.5700000000000001,-0.44,0.86,-2.87,,,-8.26,5959610,,,91.9731,,,,11.06988,-5.25034,-2.08,-1.15,-1.74,2026-10-02T00:00:00,2013-04-26T00:00:00,4/26/2013,1366934400,2026-09-16T00:00:00
113,DBL,-0.04,9.26316,9.64912,0.11,0.97,17,Morningstar US CEF Multi-Sector,36,DoubleLine,False,13.68,0.12,14.25,2026-10-02T00:00:00,258623107,Doubleline Opportunistic Cred,2026-10-02,XDBLX,Fixed Income - Taxable-Multi-Sector,8.15,270.48,,Monthly,0.46533,0.11,25.0,6.3626000000000005,,,2.02,,306.75,True,False,False,False,False,False,,8.91,6.57,2.38,1.16,0.84,-4.86,,,-4.83,645180,,,83.6213,,,,14.681470000000001,-1.27268,-1.48,-0.99,-1.58,2026-10-02T00:00:00,2012-01-26T00:00:00,1/26/2012,1327536000,2026-09-16T00:00:00
114,DLY,-0.08259999999999999,9.55904,10.41964,0.1167,0.8300000000000001,17,Morningstar US CEF Multi-Sector,37,DoubleLine Capital LP,True,13.44,0.14,14.65,2026-10-02T00:00:00,25862D105,DoubleLine Yield Opportunities Fund,2026-10-02,XDLYX,Fixed Income - Taxable-Multi-Sector,16.45,652.369,,Monthly,0.62071,0.1167,20.0,7.611,,,2.89,,851.102,True,False,False,False,True,False,,8.49,6.36,2.45,2.2,0.8200000000000001,-0.97,,,-2.2,2131840,,,95.0661,,,,14.25667,-7.10091,-0.8300000000000001,-0.17,-0.39,2026-10-02T00:00:00,2020-02-25T00:00:00,2/25/2020,1582588800,2026-09-16T00:00:00
115,DTF,-0.047400000000000005,3.30229,3.46667,0.0325,0.14,21,Morningstar US CEF Municipal,38,Duff &amp; Phelps,False,11.25,0.05,11.81,2026-10-02T00:00:00,23334J107,DTF Tax-Free Income 2028 Term,2026-10-02,XDTFX,Fixed Income - Municipal-Municipal,32.16,79.083,,Monthly,0.13742000000000001,0.0325,15.0,4.9276,,,1.08,,83.019,True,False,True,False,False,False,,2.46,5.41,-2.5,-1.35,-0.33,1.15,,,1.92,78100,,,103.9925,,8.11,1.63,11.42935,-5.25626,0.55,-1.6400000000000001,-0.44,2026-10-02T00:00:00,1991-11-29T00:00:00,11/29/1991,691372800,2026-09-15T00:00:00
116,DPG,-0.1272,6.12245,7.01481,0.075,7.63,8,Morningstar US CEF Sector Equity,39,Duff &amp; Phelps Inv Mgmt Co (IL),True,12.83,0.15,14.7,2026-10-02T00:00:00,26433C105,Duff & Phelps Utility and Infra Fund Inc,2026-10-02,XDPGX,Equity-Sector Equity,23.2,461.843,,Monthly,0.045200000000000004,0.075,20.0,,,,3.34,,688.966,True,False,False,False,True,False,,21.05,22.63,11.28,7.84,6.46,5.53,,,5.59,727370,,,,,,,13.9253,-10.76162,-1.97,-2.09,-2.03,2026-10-02T00:00:00,2011-07-29T00:00:00,7/29/2011,1311897600,2026-09-30T00:00:00
117,KTF,-0.0158,8.89429,9.03704,0.061,-4.9,21,Morningstar US CEF Municipal,41,"DWS Investment Management Americas, Inc.",False,8.1,0.0,8.23,2026-10-02T00:00:00,233368109,DWS Municipal Income,2026-10-02,XKTFX,Fixed Income - Municipal-Municipal,38.86,317.388,,Monthly,0.19611,0.061,12.0,4.4738,,15.48,3.14,,527.482,True,False,True,False,False,False,,2.85,9.54,-2.93,-1.6,-6.76,-5.26,,,-3.83,1509310,,,97.3387,,13.42,8.84,9.04048,-1.64494,0.07,-0.92,-1.26,2026-10-02T00:00:00,1988-10-20T00:00:00,10/20/1988,593308800,2026-09-23T00:00:00
118,GRF,-0.1369,7.22175,8.36729,0.85,1.9300000000000002,10,Morningstar US CEF US Equity,98,Sims Capital Management LLC,False,10.1586,0.26,11.77,2026-09-30T00:00:00,269451100,Eagle Capital Growth,2026-10-02,XGRFX,Equity-U.S. Equity,,40.308,,Annually,0.02503,0.85,10.0,,,,1.28,,46.701,False,False,False,False,False,False,,10.11,11.74,7.65,8.08,-0.59,-6.45,,,3.24,31210,,,,,,,10.42524,-13.06543,-0.43,0.75,0.55,2026-10-02T00:00:00,1990-07-02T00:00:00,7/2/1990,646876800,2025-11-21T00:00:00
119,ECC,-0.1916,16.82243,20.80925,0.06,-23.53,19,Morningstar US CEF Senior Loans,42,Eagle Point Credit Management,False,3.46,-0.44,4.34,2026-08-31T00:00:00,269808101,Eagle Point Credit Company LLC,2026-10-02,XECCX,Fixed Income - Taxable-Senior Loans,30.65,460.217,,Monthly,0.61938,0.06,20.0,,,,9.21,,820.895,True,False,False,False,False,False,,-3.7199999999999998,-12.56,-1.6800000000000002,-5.62,-11.98,-28.05,,,-32.83,13688290,,,,,,,4.60425,-10.09786,-1.21,-1.78,-1.45,2026-10-02T00:00:00,2014-10-08T00:00:00,10/8/2014,1412726400,2026-09-10T00:00:00
120,EIC,-0.25239999999999996,10.71429,14.33225,0.11,-3.5300000000000002,14,Morningstar US CEF High Yield,43,Eagle Point Income Management LLC,False,9.21,-0.8200000000000001,12.43,2026-08-31T00:00:00,269817102,Eagle Point Income Co Inc,2026-10-02,XEICX,Fixed Income - Taxable-High Yield,11.77,212.233,,Monthly,,0.11,19.89,10.1647,,,6.36,,321.781,True,False,False,False,False,False,,9.94,0.25,6.24,0.68,0.12,-10.73,,,-21.81,1459250,,,87.475,,,,10.56614,-17.80218,-1.8900000000000001,-2.64,-2.66,2026-10-02T00:00:00,2019-07-23T00:00:00,7/23/2019,1563840000,2026-09-10T00:00:00
121,CEV,0.037000000000000005,5.99401,5.78035,0.049999999999999996,-4.72,22,Morningstar US CEF Municipal-CA,45,Eaton Vance Management,False,10.38,0.11,10.01,2026-10-02T00:00:00,27826F101,Eaton Vance CA Muni Inc,2026-10-02,XCEVX,Fixed Income - Municipal-Municipal - CA,34.85,73.009,0.02,Monthly,0.23213,0.049999999999999996,15.0,6.6915,,,2.48,,108.073,True,True,True,False,False,False,,2.1,9.36,-2.88,-0.76,-6.25,5.46,,,6.58,255350,3.0,,97.7543,,,10.15,10.31693,-6.30625,4.12,2.67,3.36,2026-10-02T00:00:00,1999-01-29T00:00:00,1/29/1999,917568000,2026-09-14T00:00:00
122,EOI,-0.07719999999999999,7.46444,8.08866,0.1338,9.19,3,Morningstar US CEF Covered Call,45,Eaton Vance Management,True,19.85,0.08,21.51,2026-10-02T00:00:00,278274105,Eaton Vance Enhanced Equity Income,2026-10-02,XEOIX,Equity-Covered-Call Funds,,813.885,,Monthly,-0.04159,0.1338,20.0,,,,1.1,,881.948,False,False,False,False,True,False,,19.45,16.88,11.72,10.68,6.96,2.64,,,2.5,799780,,,,,,,19.9836,-4.5869800000000005,-1.34,-2.19,-1.27,2026-10-02T00:00:00,2004-10-26T00:00:00,10/26/2004,1098748800,2026-09-15T00:00:00
123,EOS,-0.1272,7.47485,8.5642,0.1523,6.51,3,Morningstar US CEF Covered Call,44,Eaton Vance,True,21.34,0.04,24.45,2026-10-02T00:00:00,278277108,Eaton Vance Enhanced Equity Income II,2026-10-02,XEOSX,Equity-Covered-Call Funds,,1137.764,,Monthly,-0.06004,0.1523,20.0,,,,1.09,,1303.577,False,False,False,False,True,False,,19.49,16.46,9.8,6.71,4.6,-3.17,,,-3.38,1233550,,,,,,,22.20615,-7.82879,-2.34,-2.45,-3.0,2026-10-02T00:00:00,2005-01-26T00:00:00,1/26/2005,1106697600,2026-09-15T00:00:00
124,EFT,-0.10769999999999999,7.06476,7.91706,0.06999999999999999,0.68,19,Morningstar US CEF Senior Loans,45,Eaton Vance Management,False,10.61,-0.13,11.89,2026-10-02T00:00:00,278279104,Eaton Vance Floating-Rate Income,2026-10-02,XEFTX,Fixed Income - Taxable-Senior Loans,31.75,281.993,,Monthly,0.42226,0.06999999999999999,20.0,6.7466,,,4.45,,463.013,True,False,False,False,False,False,,5.78,4.88,4.68,3.02,0.53,-0.3,,,-1.5,1148090,,,,,,,11.01059,-9.79395,-0.73,0.03,-0.3,2026-10-02T00:00:00,2004-06-29T00:00:00,6/29/2004,1088467200,2026-09-15T00:00:00
125,EVV,-0.1191,8.37618,9.5089,0.0668,-1.44,16,Morningstar US CEF Limited Duration,44,Eaton Vance,False,8.43,-0.04,9.57,2026-10-02T00:00:00,27828H105,Eaton Vance Limited Duration Income,2026-10-02,XEVVX,Fixed Income - Taxable-Limited Duration,41.87,979.595,,Monthly,0.31291,0.0668,20.0,6.6631,,0.0,4.04,,1913.218,True,False,False,False,False,False,,6.71,7.22,2.46,0.93,-2.85,-8.72,,,-8.9,3617980,,,97.9783,,,,9.53307,-6.92892,-2.36,-1.6800000000000002,-2.35,2026-10-02T00:00:00,2003-05-30T00:00:00,5/30/2003,1054252800,2026-09-14T00:00:00
126,EIM,-0.0564,6.36326,6.74336,0.0508,-5.19,21,Morningstar US CEF Municipal,45,Eaton Vance Management,False,9.04,0.04,9.58,2026-10-02T00:00:00,27827X101,Eaton Vance Municipal Bond,2026-10-02,XEIMX,Fixed Income - Municipal-Municipal,32.4,464.408,0.030000000000000002,Monthly,0.24144000000000002,0.0508,15.0,6.4756,,,2.88,,727.995,True,False,True,False,False,False,,2.05,6.46,-2.73,-2.45,-6.44,-2.32,,,-2.9,1604820,7.0,,101.3506,,,8.03,9.77169,-7.18017,1.82,1.47,1.58,2026-10-02T00:00:00,2002-08-30T00:00:00,8/30/2002,1030665600,2026-09-15T00:00:00
127,EVN,-0.0521,6.28805,6.63362,0.0513,-4.23,21,Morningstar US CEF Municipal,44,Eaton Vance,False,9.28,0.08,9.79,2026-10-02T00:00:00,27826U108,Eaton Vance Municipal Income,2026-10-02,XEVNX,Fixed Income - Municipal-Municipal,35.82,370.484,0.045,Monthly,0.26558,0.0513,15.0,7.1799,,,2.46,,608.998,True,False,False,False,False,False,,2.85,7.12,-2.48,-2.7199999999999998,-5.76,-10.34,,,-11.6,803410,7.0,,99.5019,,,7.79,10.75245,0.279,-3.07,-2.7800000000000002,-2.48,2026-10-02T00:00:00,1999-01-29T00:00:00,1/29/1999,917568000,2026-09-14T00:00:00
128,EOT,-0.0706,4.90485,5.27753,0.0683,-3.22,21,Morningstar US CEF Municipal,45,Eaton Vance Management,False,15.53,0.08,16.71,2026-10-02T00:00:00,27829L105,Eaton Vance National Municipal Opprs Tr,2026-10-02,XEOTX,Fixed Income - Municipal-Municipal,13.37,242.655,0.099,Monthly,0.41933000000000004,0.0683,20.0,5.6834,,,1.25,,301.39,True,False,False,False,False,False,,3.65,3.01,-1.33,-4.02,-4.94,-5.86,,,-3.16,372760,20.0,,96.1856,,,9.21,17.0325,-5.5480599999999995,-0.77,-1.3,-1.17,2026-10-02T00:00:00,2009-05-27T00:00:00,5/27/2009,1243382400,2026-09-15T00:00:00
129,ETJ,-0.1182,8.47289,9.60886,0.06509999999999999,1.97,3,Morningstar US CEF Covered Call,45,Eaton Vance Management,True,8.13,0.0,9.22,2026-10-02T00:00:00,27829G106,Eaton Vance Risk-Mgd Divers Eq Inc,2026-10-02,XETJX,Equity-Covered-Call Funds,,547.164,,Monthly,-0.01498,0.06509999999999999,20.0,,,,1.12,,620.522,False,False,False,False,True,False,,12.41,11.55,6.91,3.76,0.44,-0.75,,,-0.44,1335220,,,,,,,8.55253,-8.91483,-3.38,-3.56,-3.3,2026-10-02T00:00:00,2007-07-31T00:00:00,7/31/2007,1185840000,2026-09-15T00:00:00
130,EFR,-0.11900000000000001,6.83673,7.76062,0.06699999999999999,1.55,19,Morningstar US CEF Senior Loans,45,Eaton Vance Management,False,10.36,-0.08,11.76,2026-10-02T00:00:00,27828Q105,Eaton Vance Senior Floating Rate,2026-10-02,XEFRX,Fixed Income - Taxable-Senior Loans,31.26,305.865,,Monthly,0.42058,0.06699999999999999,20.0,6.7521,,4.83,3.26,,505.103,True,False,False,False,False,False,,5.89,4.5,4.84,2.43,1.24,-0.93,,,-1.38,1409920,,,,,,,10.779160000000001,-10.2956,-1.16,-0.93,-0.91,2026-10-02T00:00:00,2003-11-24T00:00:00,11/24/2003,1069632000,2026-09-15T00:00:00
131,EVF,-0.1346,6.84492,7.90937,0.032,1.75,19,Morningstar US CEF Senior Loans,45,Eaton Vance Management,False,4.855,0.02,5.61,2026-10-02T00:00:00,27826S103,Eaton Vance Senior Income,2026-10-02,XEVFX,Fixed Income - Taxable-Senior Loans,28.69,88.217,,Monthly,0.22106,0.032,10.0,6.8094,,,2.76,,142.94,True,False,False,False,False,False,,6.12,3.18,4.53,1.9100000000000001,1.45,-2.15,,,-3.83,744670,,,,,,,5.11493,-10.57906,-1.56,-1.38,-1.9,2026-10-02T00:00:00,1998-10-30T00:00:00,10/30/1998,909705600,2026-09-14T00:00:00
132,EVG,-0.0678,7.92201,8.49801,0.0711,2.8,16,Morningstar US CEF Limited Duration,45,Eaton Vance Management,True,10.04,0.11,10.77,2026-10-02T00:00:00,27828V104,Eaton Vance Short Duration Divers Inc,2026-10-02,XEVGX,Fixed Income - Taxable-Limited Duration,12.66,135.107,,Monthly,0.30311,0.0711,20.0,5.7273,,,2.77,,165.931,True,False,False,False,True,False,,8.93,7.17,4.43,3.19,0.52,-3.36,,,-4.85,367520,,,97.5071,,,,10.788640000000001,-4.02989,-2.2,-1.3,-1.9300000000000002,2026-10-02T00:00:00,2005-02-28T00:00:00,2/28/2005,1109548800,2026-09-15T00:00:00
133,ETG,-0.1097,5.99305,6.73145,0.1293,21.51,5,Morningstar US CEF Global Equity,45,Eaton Vance Management,False,23.05,0.24,25.89,2026-10-02T00:00:00,27828S101,Eaton Vance Tax Adv Global Dividend Inc,2026-10-02,XETGX,Equity-Global Equity,15.77,1759.22,,Monthly,0.39383,0.1293,20.0,7.0367,,,2.2800000000000002,,2345.974,True,True,False,False,False,False,,21.98,23.54,11.47,9.83,13.45,5.31,,,17.19,1103680,,,,,3.76,,22.62031,-7.75218,-1.42,-1.97,-1.9300000000000002,2026-10-02T00:00:00,2004-01-30T00:00:00,1/30/2004,1075420800,2026-09-15T00:00:00
134,EVT,-0.08199999999999999,6.52743,7.11015,0.1646,21.45,26,Morningstar US CEF US Allocation,45,Eaton Vance Management,True,27.78,-0.05,30.26,2026-10-02T00:00:00,27828G107,Eaton Vance Tax Advantaged Dividend Inc,2026-10-02,,Hybrid-U.S. Allocation,16.54,2070.798,,Monthly,0.12479,0.1646,20.0,7.0618,,,2.27,,2702.665,True,True,True,False,True,False,,18.09,18.85,9.86,8.61,16.17,17.18,,,23.14,1004870,,,,,4.98,,26.15954,-8.42829,0.2,-0.49,0.12,2026-10-02T00:00:00,2003-09-30T00:00:00,9/30/2003,1064880000,2026-09-15T00:00:00
135,ETO,-0.121,6.07892,6.91586,0.17329999999999998,20.06,25,Morningstar US CEF Global Allocation,45,Eaton Vance Management,True,30.07,0.09,34.21,2026-10-02T00:00:00,27828U106,Eaton Vance Tax-Advantaged Glbl Div Opp,2026-10-02,XETOX,Hybrid-Global Allocation,15.52,492.791,,Monthly,0.64905,0.17329999999999998,20.0,7.1104,,,2.26,,663.638,True,True,False,False,True,False,,21.22,21.22,10.38,8.12,12.15,5.17,,,17.96,311620,,,,,3.63,,29.6556,-9.20937,-2.21,-2.8200000000000003,-3.18,2026-10-02T00:00:00,2004-04-30T00:00:00,4/30/2004,1083283200,2026-09-15T00:00:00
136,ETB,-0.1032,7.40292,8.25488,0.10579999999999999,14.33,3,Morningstar US CEF Covered Call,45,Eaton Vance Management,True,15.38,0.04,17.15,2026-10-02T00:00:00,27828X100,Eaton Vance Tax-Managed Buy-Write Income,2026-10-02,XETBX,Equity-Covered-Call Funds,,451.783,,Monthly,0.00844,0.10579999999999999,20.0,,,,1.12,,503.776,False,True,False,False,True,False,,16.58,16.39,10.48,8.03,9.98,6.83,,,11.08,518970,,,,,,,15.27529,-7.53622,-2.7800000000000002,-2.76,-2.56,2026-10-02T00:00:00,2005-04-27T00:00:00,4/27/2005,1114560000,2026-09-15T00:00:00
137,ETV,-0.09179999999999999,7.24377,7.9759,0.0993,15.52,3,Morningstar US CEF Covered Call,45,Eaton Vance Management,True,14.94,-0.01,16.45,2026-10-02T00:00:00,27828Y108,Eaton Vance Tax-Managed Buy-Write Opp,2026-10-02,XETVX,Equity-Covered-Call Funds,,1744.313,,Monthly,-0.00319,0.0993,20.0,,,,1.08,,1920.613,False,True,False,False,True,False,,18.23,17.31,10.18,7.74,10.2,10.41,,,13.61,1789990,,,,,,,14.57973,-7.13692,-1.8599999999999999,-3.12,-2.13,2026-10-02T00:00:00,2005-06-27T00:00:00,6/27/2005,1119830400,2026-09-15T00:00:00
138,ETY,-0.1121,7.45398,8.39492,0.0992,9.89,3,Morningstar US CEF Covered Call,45,Eaton Vance Management,True,14.18,0.12,15.97,2026-10-02T00:00:00,27828N102,Eaton Vance Tax-Managed Divrs Equity Inc,2026-10-02,XETYX,Equity-Covered-Call Funds,,2258.599,,Monthly,-0.02538,0.0992,20.0,,,,1.06,,2543.711,False,False,False,False,True,False,,18.9,15.8,11.92,8.8,7.04,-2.64,,,-4.22,2425360,,,,,,,14.80086,-4.78284,-1.92,-1.88,-1.98,2026-10-02T00:00:00,2006-11-27T00:00:00,11/27/2006,1164585600,2026-09-15T00:00:00
139,EXG,-0.1063,7.48008,8.36943,0.0657,18.34,3,Morningstar US CEF Covered Call,45,Eaton Vance Management,True,9.42,0.07,10.54,2026-10-02T00:00:00,27829F108,Eaton Vance Tax-Mgd Glb Divrs Equity Inc,2026-10-02,XEXGX,Equity-Covered-Call Funds,,2881.917,,Monthly,0.03165,0.0657,20.0,,,,1.07,,3224.566,False,False,False,False,True,False,,17.74,18.59,9.82,8.04,10.88,5.06,,,12.42,4517180,,,,,,,9.43759,-7.10219,-2.71,-2.8,-3.4,2026-10-02T00:00:00,2007-02-23T00:00:00,2/23/2007,1172188800,2026-09-15T00:00:00
140,ETW,-0.1245,7.35055,8.39621,0.0664,16.3,3,Morningstar US CEF Covered Call,44,Eaton Vance,True,9.49,0.04,10.84,2026-10-02T00:00:00,27829C105,Eaton Vance Tx-Mgd Glbl Buy-Write Opp,2026-10-02,XETWX,Equity-Covered-Call Funds,,1030.593,,Monthly,0.06057,0.0664,20.0,,,,1.1,,1177.2,False,True,False,False,True,False,,17.06,17.76,9.0,6.68,11.23,9.78,,,14.33,3112390,,,,,,,9.32843,-10.261,-2.96,-2.98,-2.54,2026-10-02T00:00:00,2005-09-28T00:00:00,9/28/2005,1127865600,2026-09-15T00:00:00
141,EARN,0.0228,24.36548,23.82134,0.08,-19.43,19,Morningstar US CEF Senior Loans,46,Ellington Credit Co Management LLC,True,4.03,-0.55,4.18,2026-06-30T00:00:00,288578107,Ellington Credit Company,2026-10-02,EARN,Fixed Income - Taxable-Senior Loans,53.83,153.83,,Monthly,,0.08,5.5,,,,8.65,,325.727,True,False,True,False,True,False,,,-4.4,,-13.43,-10.89,-9.61,,,-8.48,4011720,,,,,,,4.82088,-1.9440600000000001,0.35000000000000003,-2.04,-0.39,2026-10-02T00:00:00,2025-04-01T00:00:00,4/1/2025,1743465600,2026-09-30T00:00:00
142,ECF,-0.1518,6.29921,7.42616,0.22,13.32,11,Morningstar US CEF Convertibles,60,Gabelli Funds LLC,False,11.85,0.11,13.97,2026-10-02T00:00:00,289074106,Ellsworth Growth and Income Fund,2026-10-02,XECFX,Fixed Income - Taxable-Convertibles,13.71,161.846,,Quarterly,0.01674,0.22,10.0,2.2873,,,1.22,,221.106,True,False,False,False,False,False,,22.36,21.38,5.92,5.34,14.12,5.8,,,9.93,319400,,,,,52.2,,12.23947,-10.97019,-2.32,-2.74,-3.37,2026-10-02T00:00:00,1986-06-20T00:00:00,6/20/1986,519609600,2026-09-16T00:00:00
143,EEA,-0.1618,3.55825,4.24517,0.21989999999999998,8.03,5,Morningstar US CEF Global Equity,40,DWS,False,10.36,0.06,12.36,2026-10-02T00:00:00,298768102,European Equity Fund,2026-10-02,XEEAX,Equity-Global Equity,1.3,70.988,,Semi-Annually,0.11774,0.21989999999999998,10.0,,,,1.42,,85.804,True,False,False,False,False,False,,13.36,14.37,6.29,6.52,6.95,3.36,,,5.37,297540,,,,,,,10.72349,-14.21051,-1.3,-2.18,-0.8300000000000001,2026-10-02T00:00:00,1986-07-23T00:00:00,7/23/1986,522460800,2026-05-26T00:00:00
144,ETX,-0.013500000000000002,5.29272,5.36535,0.07819999999999999,0.15,21,Morningstar US CEF Municipal,45,Eaton Vance Management,False,17.49,0.08,17.73,2026-10-02T00:00:00,27829U105,EV Municipal Income 2028 Term Trust,2026-10-02,XETTX,Fixed Income - Municipal-Municipal,3.34,190.572,0.17300000000000001,Monthly,0.32837,0.07819999999999999,20.0,4.4343,,,0.89,,199.857,True,False,False,False,False,True,,3.69,6.32,0.64,-0.18,-0.41000000000000003,-2.54,,,-4.41,173300,2.0,,100.4621,,,2.18,18.72176,2.21655,-2.33,-1.5899999999999999,-1.8599999999999999,2026-10-02T00:00:00,2013-03-26T00:00:00,3/26/2013,1364256000,2026-09-15T00:00:00
145,FMN,-0.11470000000000001,4.8,5.42169,0.045,-6.5600000000000005,21,Morningstar US CEF Municipal,47,Federated Advisers,False,9.96,0.08,11.25,2026-10-02T00:00:00,31423P108,Federated Premier Municipal Income,2026-10-02,XFMNX,Fixed Income - Municipal-Municipal,39.47,77.874,,Monthly,0.27121,0.045,15.0,5.0469,,,3.7,,145.31,True,False,False,False,False,False,,2.98,5.52,-2.88,-4.24,-8.53,-8.03,,,-6.31,284080,15.72,,103.46340000000001,,13.75,8.69,11.09454,-10.18464,-1.37,-2.38,-2.2,2026-10-02T00:00:00,2002-12-20T00:00:00,12/20/2002,1040342400,2026-09-23T00:00:00
146,FFA,-0.1165,6.76213,7.65421,0.425,15.61,3,Morningstar US CEF Covered Call,49,First Trust Advisors L.P.,True,22.21,0.01,25.14,2026-10-02T00:00:00,337318109,First Trust Enhanced Equity Income,2026-10-02,XFFAX,Equity-Covered-Call Funds,,443.935,,Quarterly,0.04003,0.425,20.0,,,,1.12,,502.5,False,True,False,False,True,False,,20.27,16.78,11.93,10.07,10.3,6.72,,,11.17,260650,,,,,,,22.07621,-9.21011,-2.38,-2.69,-2.91,2026-10-02T00:00:00,2004-08-26T00:00:00,8/26/2004,1093478400,2026-09-22T00:00:00
147,FTHY,-0.0512,11.28668,11.89532,0.125,-1.47,14,Morningstar US CEF High Yield,49,First Trust Advisors L.P.,True,12.61,0.03,13.29,2026-10-02T00:00:00,33741Q107,FIRST TRUST HY OPPORTUNITIES 2027 Term,2026-10-02,XFTHYX,Fixed Income - Taxable-High Yield,22.14,463.707,,Monthly,0.42555,0.125,20.0,6.3615,,,3.5,,627.713,True,False,False,False,True,True,,6.04,10.03,0.99,1.19,-2.95,-0.86,,,-1.16,1040000,,,98.9101,,,,13.71404,-4.38636,-0.77,-1.9,-1.3,2026-10-02T00:00:00,2020-06-25T00:00:00,6/25/2020,1593043200,2026-10-01T00:00:00
148,FPF,-0.10339999999999999,9.3273,10.40353,0.13749999999999998,-2.16,18,Morningstar US CEF Preferreds,49,First Trust Advisors L.P.,False,15.86,0.14,17.69,2026-10-02T00:00:00,33718W103,First Trust Inter Dur Pref & Income Fund,2026-10-02,XFPFX,Fixed Income - Taxable-Preferreds,37.76,965.047,,Monthly,0.64279,0.13749999999999998,25.0,7.3995,,,4.2,,1729.34,True,False,False,False,False,False,,9.88,12.13,1.22,-0.37,-4.35,-8.76,,,-8.55,1250850,,,101.3111,,5.93,,18.21854,-5.78575,-3.69,-2.08,-2.98,2026-10-02T00:00:00,2013-05-23T00:00:00,5/23/2013,1369267200,2026-10-01T00:00:00
149,FMY,-0.0736,6.5272,7.04607,0.065,-0.77,15,Morningstar US CEF Investment Grade,49,First Trust Advisors L.P.,False,11.07,-0.01,11.95,2026-10-02T00:00:00,33734E103,First Trust Mortgage Income,2026-10-02,XFMYX,Fixed Income - Taxable-Investment Grade,7.11,46.639,,Monthly,0.16028,0.065,20.0,5.027,,,1.4,,50.347,True,False,False,False,False,False,,7.18,7.44,3.11,2.38,-2.07,-4.32,,,-3.02,53400,,,90.346,,,,11.84483,-6.36756,-0.9400000000000001,-0.89,-0.85,2026-10-02T00:00:00,2005-05-25T00:00:00,5/25/2005,1116979200,2026-10-01T00:00:00
150,DFP,-0.1058,7.38202,8.2555,0.1314,0.26,18,Morningstar US CEF Preferreds,51,Flaherty &amp; Crumrine Inc,False,19.1,0.03,21.36,2026-10-02T00:00:00,33848W106,Flah & Crum Dynamic Pref & Income Fund,2026-10-02,XDFPX,Fixed Income - Taxable-Preferreds,38.64,392.278,,Monthly,0.77839,0.1314,25.0,7.3869,,,4.3,,714.995,True,False,False,False,False,False,,10.49,11.75,1.97,-0.89,-1.24,-3.93,,,-5.92,549320,,,102.9091,,7.14,,20.85766,-7.59166,-1.76,-1.1400000000000001,-1.4,2026-10-02T00:00:00,2013-05-24T00:00:00,5/24/2013,1369353600,2026-09-23T00:00:00
151,FFC,-0.0962,7.59347,8.40161,0.1046,0.5,18,Morningstar US CEF Preferreds,51,Flaherty &amp; Crumrine Inc,False,14.94,-0.03,16.53,2026-10-02T00:00:00,338478100,Flah&Crum Preferred Securities,2026-10-02,XFFCX,Fixed Income - Taxable-Preferreds,38.66,719.778,,Monthly,0.624,0.1046,25.0,7.3168,,,4.1,,1298.381,True,False,False,False,False,False,,10.89,12.81,1.92,-0.49,-1.01,-4.16,,,-4.44,1067460,,,102.3775,,7.28,,16.21305,-7.10611,-1.77,-1.6800000000000002,-1.65,2026-10-02T00:00:00,2003-01-31T00:00:00,1/31/2003,1043971200,2026-09-23T00:00:00
152,FLC,-0.114,7.22573,8.15541,0.10669999999999999,0.03,18,Morningstar US CEF Preferreds,51,Flaherty &amp; Crumrine Inc,False,15.7,0.07,17.72,2026-10-02T00:00:00,338479108,Flah&Crum Total Return Fund,2026-10-02,XFLCX,Fixed Income - Taxable-Preferreds,39.01,164.172,,Monthly,0.629,0.10669999999999999,25.0,7.4035,,,4.5600000000000005,,303.795,True,False,False,False,False,False,,10.43,12.5,1.67,-1.12,-1.4100000000000001,-4.83,,,-4.73,233020,,,103.068,,7.57,,17.10051,-8.71929,-1.78,-1.08,-1.56,2026-10-02T00:00:00,2003-08-29T00:00:00,8/29/2003,1062115200,2026-09-23T00:00:00
153,PFD,-0.1002,7.10101,7.89149,0.0703,0.12,18,Morningstar US CEF Preferreds,50,Flaherty &amp; Crumrine,False,10.69,-0.06,11.88,2026-10-02T00:00:00,338480106,Flaherty & Crumrine Preferred Income,2026-10-02,XPFDX,Fixed Income - Taxable-Preferreds,37.37,137.394,,Monthly,0.41405000000000003,0.0703,15.0,7.2969,,,4.31,,243.788,True,False,False,False,False,False,,10.17,13.16,1.8,-0.74,-1.16,-4.25,,,-3.73,263650,,,103.0638,,7.33,,11.57411,-7.63459,-1.98,-1.55,-2.09,2026-10-02T00:00:00,1991-01-31T00:00:00,1/31/1991,665280000,2026-09-23T00:00:00
154,PFO,-0.1115,7.02167,7.90244,0.0567,0.16,18,Morningstar US CEF Preferreds,51,Flaherty &amp; Crumrine Inc,False,8.61,-0.01,9.69,2026-10-02T00:00:00,33848E106,Flaherty & Crumrine Preferred Income Opp,2026-10-02,XPFOX,Fixed Income - Taxable-Preferreds,38.88,112.596,,Monthly,0.34372,0.0567,12.5,7.4124,,,4.62,,207.319,True,False,False,False,False,False,,10.3,12.77,1.71,-0.72,-1.08,-3.58,,,-4.67,284120,,,102.9109,,7.54,,9.30168,-8.98137,-1.51,-1.29,-1.54,2026-10-02T00:00:00,1992-02-13T00:00:00,2/13/1992,697939200,2026-09-23T00:00:00
155,FXBY,-0.3309,0.35529,0.531,0.13,10.49,10,Morningstar US CEF US Equity,73,Midas Management Corporation,False,24.482,0.0,36.59,2026-10-02T00:00:00,351645205,FOXBY CORP,2026-10-02,,Equity-U.S. Equity,12.69,12.773,,Annually,-0.10635,0.13,10.0,,,,2.98,,21.864,True,True,True,False,False,False,,23.5,31.89,13.92,16.23,10.49,5.3,,,25.5,2420,,,,,,,22.52515,-34.1648,0.28,1.11,1.49,2026-10-02T00:00:00,1999-10-29T00:00:00,10/29/1999,941155200,2025-12-15T00:00:00
156,FTF,-0.124,12.03915,13.74302,0.0615,1.6099999999999999,16,Morningstar US CEF Limited Duration,53,"Franklin Advisers, Inc.",True,5.37,0.02,6.13,2026-10-02T00:00:00,35472T101,Franklin Limited Duration Income Trust,2026-10-02,XFTFX,Fixed Income - Taxable-Limited Duration,29.55,216.977,,Monthly,0.27933,0.0615,15.0,6.7299,,,3.66,,351.575,True,False,False,False,True,False,,6.43,7.82,3.03,1.78,0.93,-4.22,,,-4.7,1965320,,,98.9897,,5.86,,5.95159,-8.42185,-2.81,-2.06,-2.86,2026-10-02T00:00:00,2003-08-27T00:00:00,8/27/2003,1061942400,2026-09-23T00:00:00
157,PMM,-0.0599,6.58902,7.00885,0.033,-4.57,21,Morningstar US CEF Municipal,53,"Franklin Advisers, Inc.",False,5.65,0.05,6.01,2026-10-02T00:00:00,746823103,Franklin Managed Municipal Income,2026-10-02,XPMMX,Fixed Income - Municipal-Municipal,31.44,242.009,,Monthly,0.15044,0.033,10.0,5.025,,,1.06,,375.479,True,False,True,False,False,False,,4.62,5.03,-1.62,-3.26,-6.83,-9.44,,,-4.76,1057880,,,93.6717,,13.79,9.67,6.20562,-6.61787,0.36,-0.77,-0.08,2026-10-02T00:00:00,1989-02-24T00:00:00,2/24/1989,604281600,2026-09-23T00:00:00
158,PIM,-0.08,8.12308,8.82943,0.022,0.91,15,Morningstar US CEF Investment Grade,53,"Franklin Advisers, Inc.",False,2.99,-0.01,3.25,2026-10-02T00:00:00,746909100,Franklin Master Intermediate Income,2026-10-02,XPIMX,Fixed Income - Taxable-Investment Grade,37.57,144.071,,Monthly,0.07573,0.022,10.0,5.64,,,1.02,,250.822,True,False,False,False,False,False,,7.15,8.48,3.0,2.1,-0.43,-3.77,,,-4.7,836660,,,92.0353,,,,3.23675,-5.10157,-1.9,-1.6,-1.81,2026-10-02T00:00:00,1988-04-29T00:00:00,4/29/1988,578275200,2026-09-23T00:00:00
159,PMO,-0.0944,6.13569,6.77524,0.052,-5.34,21,Morningstar US CEF Municipal,53,"Franklin Advisers, Inc.",False,9.21,0.07,10.17,2026-10-02T00:00:00,746922103,Franklin Municipal Opportunities,2026-10-02,XPMOX,Fixed Income - Municipal-Municipal,36.47,252.349,,Monthly,0.22914,0.052,15.0,4.9179,,,1.04,,438.617,True,False,False,False,False,False,,3.74,4.4,-1.74,-3.2800000000000002,-7.5600000000000005,-11.15,,,-6.92,699590,,,95.6731,,13.71,9.59,10.39621,-7.63199,-1.63,-1.76,-1.63,2026-10-02T00:00:00,1993-05-28T00:00:00,5/28/1993,738547200,2026-09-23T00:00:00
160,PPT,-0.0789,8.78873,9.54128,0.026,1.03,13,Morningstar US CEF Global Income,53,"Franklin Advisers, Inc.",False,3.27,-0.01,3.55,2026-10-02T00:00:00,746853100,Franklin Premier Income,2026-10-02,XPPTX,Fixed Income - Taxable-Global Income,30.76,312.506,,Monthly,0.0811,0.026,10.0,5.6251999999999995,,,1.01,,490.014,True,False,False,False,False,False,,7.13,8.41,3.05,1.9500000000000002,-0.5,-0.88,,,-2.81,1509500,,,92.1673,,,,3.51436,-5.9172,-1.54,-1.07,-1.31,2026-10-02T00:00:00,1988-02-29T00:00:00,2/29/1988,573091200,2026-09-23T00:00:00
161,FT,-0.1313,6.25767,7.20339,0.042499999999999996,-0.37,26,Morningstar US CEF US Allocation,53,"Franklin Advisers, Inc.",False,7.08,0.03,8.15,2026-10-02T00:00:00,355145103,Franklin Universal Trust,2026-10-02,XFUTX,Hybrid-U.S. Allocation,22.66,177.934,,Monthly,0.1812,0.042499999999999996,10.0,7.2423,,,2.99,,264.825,True,False,False,False,False,False,,11.38,10.91,5.3,4.47,-1.1400000000000001,-7.65,,,-6.64,456750,,,88.5569,,4.99,,7.98214,-8.58333,-2.9699999999999998,-1.85,-2.62,2026-10-02T00:00:00,1988-09-23T00:00:00,9/23/1988,590976000,2026-09-23T00:00:00
162,FSCO,-0.2669,10.22669,13.94912,0.059399999999999994,7.73,17,Morningstar US CEF Multi-Sector,56,FS Global Advisor LLC,True,5.11,-0.01,6.97,2026-10-02T00:00:00,30290Y101,FS Credit Opportunities Corp.,2026-10-02,XFSCX,Fixed Income - Taxable-Multi-Sector,33.05,1013.598,,Monthly,0.31886000000000003,0.059399999999999994,,,,,7.0,,2065.091,True,False,False,False,True,False,,11.16,11.1,,,6.51,-9.12,,,-14.4,14233560,,,,,,,5.52939,-22.14781,-0.53,0.8,0.86,2026-10-02T00:00:00,2022-11-14T00:00:00,11/14/2022,1668384000,2026-09-23T00:00:00
163,FSSL,-0.3296,10.14132,15.12648,0.1495,,19,Morningstar US CEF Senior Loans,57,FS Specialty Lending Advisor LLC,True,11.86,0.02,17.69,2026-10-02T00:00:00,644323107,FS Specialty Lending Fund,2026-10-02,FSSL,Fixed Income - Taxable-Senior Loans,27.73,900.384,,Monthly,,0.1495,14.12,,,,6.14,,1858.2,True,True,True,False,True,False,,,,,,4.89,-8.61,,,,0,,,92.6454,,,,,,,1.5899999999999999,1.0,2026-10-02T00:00:00,2025-11-13T00:00:00,11/13/2025,1762992000,2026-09-23T00:00:00
164,VCX,0.5725,,,,27.4,8,Morningstar US CEF Sector Equity,58,"Fundrise Advisors, LLC",False,29.83,0.0,18.97,2026-03-31T00:00:00,360852107,Fundrise Innovation Common Share,2026-10-02,XVCX,Equity-Sector Equity,,1067.829,,,,,,,,,0.0,,679.072,False,True,True,False,False,False,,22.98,,,,,,,,,0,,,118.3867,,,,,,,0.3,0.3,2026-10-02T00:00:00,2022-07-25T00:00:00,7/25/2022,1658707200,
165,GCV,-0.054900000000000004,10.98398,11.62228,0.12,10.39,26,Morningstar US CEF US Allocation,59,Gabelli,True,4.13,0.03,4.37,2026-10-02T00:00:00,36240B109,Gabelli Conv Inc Secs,2026-10-02,XGCVX,Hybrid-U.S. Allocation,6.45,83.209,,Quarterly,-0.0030600000000000002,0.12,11.25,2.2015000000000002,,,2.07,,94.12,True,False,False,False,True,False,,16.91,16.56,3.3,3.79,12.25,8.19,,,11.87,553740,,,,,,,4.43119,-1.0183200000000001,-1.6,-3.25,-1.85,2026-10-02T00:00:00,1995-03-31T00:00:00,3/31/1995,796608000,2026-09-16T00:00:00
166,GDV,-0.1276,5.53506,6.34473,0.15,11.25,10,Morningstar US CEF US Equity,60,Gabelli Funds LLC,True,28.37,0.25,32.52,2026-10-02T00:00:00,36242H104,Gabelli Dividend & Income,2026-10-02,XGDVX,Equity-U.S. Equity,15.99,2459.567,,Monthly,-0.00451,0.15,20.0,,,,1.83,,3356.025,True,False,False,False,True,False,,17.31,20.55,8.24,8.42,9.15,6.71,,,10.94,1042800,,,,,0.19,,28.51374,-10.81224,-2.61,-2.26,-2.05,2026-10-02T00:00:00,2003-11-28T00:00:00,11/28/2003,1069977600,2026-09-16T00:00:00
167,GAB,-0.0524,10.84991,11.45038,0.15,9.78,10,Morningstar US CEF US Equity,59,Gabelli,True,5.24,0.04,5.53,2026-10-02T00:00:00,362397101,Gabelli Equity,2026-10-02,XGABX,Equity-U.S. Equity,15.71,1799.308,,Quarterly,0.00637,0.15,10.0,,,,1.6099999999999999,,2252.841,True,False,False,False,True,False,,17.1,12.94,9.19,6.55,7.31,-6.41,,,-2.7,8180420,,,,,0.21,0.18,5.80538,0.29454,-0.97,-1.18,-0.89,2026-10-02T00:00:00,1986-08-21T00:00:00,8/21/1986,524966400,2026-09-16T00:00:00
168,GGZ,-0.1094,4.86393,5.46164,0.21,8.52,5,Morningstar US CEF Global Equity,59,Gabelli,False,15.38,-0.01,17.27,2026-10-02T00:00:00,36249W104,Gabelli Global Small & Mid Cap Value Tru,2026-10-02,XGGZX,Equity-Global Equity,17.44,115.815,,Quarterly,0.06981,0.21,12.0,,,,2.31,,157.512,True,False,True,False,False,False,,15.38,20.39,4.06,5.11,6.9,7.09,,,12.8,81310,,,,,0.14,0.12,15.49175,-11.29433,0.23,-0.22,-0.04,2026-10-02T00:00:00,2014-06-23T00:00:00,6/23/2014,1403481600,2026-09-16T00:00:00
169,GLU,-0.0713,7.02501,7.56447,0.11,9.13,8,Morningstar US CEF Sector Equity,60,Gabelli Funds LLC,True,17.45,-0.14,18.79,2026-10-02T00:00:00,36242L105,Gabelli Global Utility & Income,2026-10-02,XGLUX,Equity-Sector Equity,18.72,104.558,,Monthly,0.2284,0.11,20.0,,,,1.35,,138.511,True,False,False,False,True,False,,19.45,18.12,6.25,5.78,7.01,-3.16,,,4.78,94240,,,,,0.27,0.22,19.26748,-1.20979,-1.65,-2.68,-2.17,2026-10-02T00:00:00,2004-05-25T00:00:00,5/25/2004,1085443200,2026-09-16T00:00:00
170,GRX,-0.11220000000000001,6.43939,7.25333,0.16999999999999998,10.02,8,Morningstar US CEF Sector Equity,59,Gabelli,False,9.375,-0.05,10.56,2026-10-02T00:00:00,36246K103,Gabelli Healthcare & Wellness Trust,2026-10-02,XXGRX,Equity-Sector Equity,31.26,136.357,,Quarterly,-0.04899,0.16999999999999998,8.0,,,,3.17,,223.433,True,False,False,False,False,False,,5.65,10.56,-1.1,0.19,5.6,4.26,,,12.7,276810,,,,,0.36,0.25,9.47068,-10.13711,-1.25,-0.87,-1.27,2026-10-02T00:00:00,2007-06-19T00:00:00,6/19/2007,1182211200,2026-09-16T00:00:00
171,GGT,0.1637,28.07018,24.1206,0.08,8.53,8,Morningstar US CEF Sector Equity,59,Gabelli,False,3.98,-0.01,3.42,2026-10-02T00:00:00,36239Q109,Gabelli Multimedia,2026-10-02,XGGTX,Equity-Sector Equity,29.71,188.258,,Monthly,-0.01213,0.08,7.5,,,,2.13,,230.13,True,False,True,False,False,False,,23.12,7.44,1.58,0.77,7.27,11.92,,,15.63,2743800,,,,,0.34,0.25,4.1315100000000005,10.37451,2.33,2.17,2.49,2026-10-02T00:00:00,1994-11-15T00:00:00,11/15/1994,784857600,2026-09-16T00:00:00
172,GUT,1.148,21.66065,10.08403,0.049999999999999996,4.22,8,Morningstar US CEF Sector Equity,59,Gabelli,False,5.95,0.25,2.77,2026-10-02T00:00:00,36240A101,Gabelli Utility Trust,2026-10-02,XGUTX,Equity-Sector Equity,15.96,535.667,,Monthly,0.03013,0.049999999999999996,7.5,,,,1.52,,296.722,True,False,True,False,False,False,,16.66,15.15,7.65,4.71,3.94,1.87,,,3.89,2047170,,,,,0.17,0.15,6.1762,97.08959,1.58,0.47000000000000003,0.99,2026-10-02T00:00:00,1999-07-09T00:00:00,7/9/1999,931478400,2026-09-16T00:00:00
173,GGN,-0.1056,6.13288,6.85714,0.034999999999999996,22.96,8,Morningstar US CEF Sector Equity,59,Gabelli,True,5.25,-0.03,5.87,2026-10-02T00:00:00,36465A109,GAMCO Global Gold Natural Resources&Inc,2026-10-02,XGGNX,Equity-Sector Equity,7.76,820.18,,Monthly,0.0325,0.034999999999999996,20.0,6.1,,,1.29,,994.147,True,True,False,False,True,False,,25.6,22.58,19.26,17.02,11.85,7.68,,,9.71,6023010,,,,,0.59,0.52,5.22726,-7.28446,-1.31,-2.14,-2.17,2026-10-02T00:00:00,2005-03-29T00:00:00,3/29/2005,1112054400,2026-09-16T00:00:00
174,GNT,-0.0128,8.37209,8.48057,0.06,20.2,3,Morningstar US CEF Covered Call,60,Gabelli Funds LLC,False,8.49,0.04,8.6,2026-10-02T00:00:00,36465E101,"GAMCO Natural Resources, Gold & Inc Tr",2026-10-02,XGNTX,Equity-Covered-Call Funds,14.3,142.732,,Monthly,0.01642,0.06,20.0,6.111,,,1.9500000000000002,,168.705,True,True,True,False,False,False,,22.47,30.5,15.89,19.67,10.56,24.52,,,34.78,939310,,,,,0.73,0.62,8.15777,-3.58494,0.51,-2.03,-0.5700000000000001,2026-10-02T00:00:00,2011-01-27T00:00:00,1/27/2011,1296086400,2026-09-16T00:00:00
175,GDL,-0.2161,4.51977,5.76577,0.12,5.29,26,Morningstar US CEF US Allocation,60,Gabelli Funds LLC,True,8.325,-0.03,10.62,2026-10-02T00:00:00,361570104,GDL Fund,2026-10-02,XGDLX,Hybrid-U.S. Allocation,4.05,89.435,,Quarterly,-0.00024,0.12,20.0,,,,3.27,,118.9,True,False,False,False,True,False,,6.6,8.61,4.85,4.46,5.19,4.2,,,3.23,96460,,,,,0.18,0.16,8.45043,-20.78473,-1.06,-0.53,-0.8200000000000001,2026-10-02T00:00:00,2007-01-25T00:00:00,1/25/2007,1169683200,2026-09-16T00:00:00
176,GAM,-0.1363,8.669740000000001,10.03764,6.4,15.75,10,Morningstar US CEF US Equity,61,General American Investors Co Inc,False,63.76,0.28,73.82,2026-10-02T00:00:00,368802104,General American Investors,2026-10-02,XGAMX,Equity-U.S. Equity,9.75,1519.536,,Annually,0.00036,6.4,10.0,,,,1.07,,1949.325,True,True,False,False,False,False,,23.01,26.13,14.75,16.35,12.6,8.02,,,13.45,250940,,,,,0.03,,62.51481,-10.74103,-3.19,-2.98,-2.5700000000000003,2026-10-02T00:00:00,1927-02-01T00:00:00,2/1/1927,-1354320000,2025-11-17T00:00:00
177,GUG,-0.12689999999999999,8.95101,10.2518,0.11875,2.77,25,Morningstar US CEF Global Allocation,62,Guggenheim Funds Investment Advisors LLC,False,13.9,-0.04,15.92,2026-10-02T00:00:00,40170T106,Guggenheim Active Allocation Fund,2026-10-02,XGUGX,Hybrid-Global Allocation,25.14,458.423,,Monthly,0.54925,0.11875,20.0,5.74,,,3.19,,701.338,True,False,False,False,False,False,,9.41,11.54,,,0.91,-1.17,,,-0.64,865980,,,95.2366,,,,15.55377,-6.32625,-2.69,-1.74,-2.5300000000000002,2026-10-02T00:00:00,2021-11-23T00:00:00,11/23/2021,1637625600,2026-09-15T00:00:00
178,GOF,-0.11900000000000001,22.02823,25.00229,0.18209999999999998,4.5,17,Morningstar US CEF Multi-Sector,62,Guggenheim Funds Investment Advisors LLC,False,8.74,0.16,9.92,2026-10-02T00:00:00,40167F101,Guggenheim Strategic Opp Fund,2026-10-02,XGOFX,Fixed Income - Taxable-Multi-Sector,21.75,1952.933,,Monthly,0.35596,0.18209999999999998,20.0,5.7615,,,1.9700000000000002,,2832.879,True,False,False,False,False,False,,13.43,-1.48,7.3,-0.66,1.31,-22.98,,,-30.84,18138200,,,98.0989,,,,11.51157,4.97067,-1.9500000000000002,-1.07,-1.76,2026-10-02T00:00:00,2007-07-26T00:00:00,7/26/2007,1185408000,2026-09-15T00:00:00
179,GBAB,-0.0625,11.23425,11.9838,0.12572999999999998,-1.92,20,Morningstar US CEF Taxable Muni,62,Guggenheim Funds Investment Advisors LLC,False,12.59,0.15,13.43,2026-10-02T00:00:00,401664107,Guggenheim Tax Muni & Inv Grade Debt Tr,2026-10-02,XGBAX,Fixed Income - Taxable-Taxable Muni,30.09,348.736,,Monthly,0.46383,0.12572999999999998,20.0,5.7718,,,2.83,,532.152,True,False,False,False,False,False,,6.8100000000000005,2.6,-1.38,-4.04,-3.07,-9.76,,,-11.39,940480,12.76,,96.372,,5.22,,14.56898,-0.58067,-2.39,-1.65,-2.21,2026-10-02T00:00:00,2010-10-26T00:00:00,10/26/2010,1288051200,2026-09-15T00:00:00
180,HERZ,-0.19440000000000002,10.75949,13.35516,0.16999999999999998,-1.1400000000000001,10,Morningstar US CEF US Equity,104,Thomas J Herzfeld Advisors Inc,False,15.275,-0.84,19.13,2026-08-31T00:00:00,42804T205,Herzfeld Credit Income Fund,2026-10-02,HERZ,Equity-U.S. Equity,,30.703,,Monthly,0.05541,0.16999999999999998,5.2,,,,4.33,,38.11,False,False,False,False,False,False,,12.0,17.69,5.0,5.46,-6.62,-28.03,,,-11.33,132670,,,,,,,18.9092,-12.98132,-1.4100000000000001,-1.6,-1.44,2026-10-02T00:00:00,1994-05-20T00:00:00,5/20/1994,769392000,2026-09-16T00:00:00
181,PCF,-0.1691,11.31707,13.62035,0.057999999999999996,-2.49,11,Morningstar US CEF Convertibles,22,Bulldog Investors LLP,False,5.11,0.0,6.15,2026-10-02T00:00:00,42968F108,High Income Securities,2026-10-02,XPCFX,Fixed Income - Taxable-Convertibles,1.06,95.641,,Monthly,0.16873,0.057999999999999996,7.5,5.0759,,21.21,1.65,,115.106,True,False,False,False,False,False,,7.72,6.51,4.92,1.4,-3.98,-7.95,,,-8.24,811560,,,,,,,5.77847,-13.08307,-2.23,-1.82,-2.23,2026-10-02T00:00:00,1987-07-09T00:00:00,7/9/1987,552787200,2026-09-22T00:00:00
182,HGLB,-0.38060000000000005,9.40092,15.17857,0.08499999999999999,-0.73,25,Morningstar US CEF Global Allocation,78,"NexPoint Asset Management, L.P.",False,6.72,0.03,10.85,2026-10-02T00:00:00,43010T104,Highland Global Allocation Fund,2026-10-02,XHGLX,Hybrid-Global Allocation,2.79,158.528,,Monthly,0.20544,0.08499999999999999,15.0,9.9011,,,1.35,,255.956,True,False,False,False,False,False,,7.67,6.47,8.24,7.11,-4.28,-20.42,,,-17.81,767450,,,,,0.31,,8.43003,-31.03247,-1.65,-1.51,-1.23,2026-10-02T00:00:00,1998-01-05T00:00:00,1/5/1998,883958400,2026-09-23T00:00:00
183,HFRO,-0.4117,3.97933,6.76428,0.0385,4.71,19,Morningstar US CEF Senior Loans,78,"NexPoint Asset Management, L.P.",True,6.83,0.01,11.61,2026-10-02T00:00:00,43010E404,Highland Opportunities and Income Ord,2026-10-02,XHFOX,Fixed Income - Taxable-Senior Loans,27.19,377.142,,Monthly,0.29677000000000003,0.0385,15.0,7.8861,,,2.18,,880.441,True,True,True,False,True,False,,-1.25,1.54,1.34,-1.33,4.83,17.41,,,12.01,1288610,,,,,4.13,,6.52125,-43.88995,0.68,-1.33,0.1,2026-10-02T00:00:00,2000-01-13T00:00:00,1/13/2000,947721600,2026-09-23T00:00:00
184,VKI,-0.0401,8.39549,8.74576,0.0559,-5.32,21,Morningstar US CEF Municipal,65,"Invesco Advisers, Inc",False,7.67,0.2,7.99,2026-10-02T00:00:00,46132E103,Invesco Adv Muni Inc II,2026-10-02,XVKIX,Fixed Income - Municipal-Municipal,39.41,340.642,-0.002,Monthly,0.21381,0.0559,15.0,5.1931,,20.22,3.33,,585.68,True,False,False,False,False,False,,3.03,7.58,-2.58,-3.88,-6.84,-13.2,,,-8.02,1303160,17.15,,96.6445,,10.05,8.68,8.93706,0.2751,-1.6400000000000001,-2.52,-2.14,2026-10-02T00:00:00,1993-08-27T00:00:00,8/27/1993,746409600,2026-09-14T00:00:00
185,VBF,-0.0799,5.4191,5.88983,0.06949999999999999,-2.55,15,Morningstar US CEF Investment Grade,65,"Invesco Advisers, Inc",False,14.16,-0.07,15.39,2026-10-02T00:00:00,46132L107,Invesco Bond,2026-10-02,XVBFX,Fixed Income - Taxable-Investment Grade,,161.779,0.001,Monthly,0.40588,0.06949999999999999,20.0,5.6338,,15.48,0.5700000000000001,,175.832,False,False,False,False,False,False,,5.33,4.88,-0.79,-1.58,-3.32,-4.22,,,-5.18,554830,,,96.9961,,,,15.12881,-7.16676,-1.02,-0.41000000000000003,-0.64,2026-10-02T00:00:00,1970-10-28T00:00:00,10/28/1970,25920000,2026-09-14T00:00:00
186,VCV,0.0022,8.66145,8.64214,0.06459999999999999,-7.16,22,Morningstar US CEF Municipal-CA,65,"Invesco Advisers, Inc",False,8.97,-0.07,8.95,2026-10-02T00:00:00,46132H106,Invesco CA Value,2026-10-02,XVCVX,Fixed Income - Municipal-Municipal - CA,41.98,435.125,-0.039,Monthly,0.22155,0.06459999999999999,15.0,5.1828,,20.77,3.35,,748.251,True,False,False,False,False,False,,2.34,9.29,-2.7800000000000002,-2.65,-8.95,-14.61,,,-8.59,1107780,15.53,,94.3565,,11.52,8.96,10.70645,5.06703,-2.54,-2.76,-3.0,2026-10-02T00:00:00,1993-04-30T00:00:00,4/30/1993,736128000,2026-09-14T00:00:00
187,VLT,-0.1082,10.56047,11.84123,0.0895,-0.17,14,Morningstar US CEF High Yield,65,"Invesco Advisers, Inc",False,9.07,0.03,10.17,2026-10-02T00:00:00,46131F101,Invesco High Income II,2026-10-02,XVLTX,Fixed Income - Taxable-High Yield,31.57,59.057,-0.029,Monthly,0.36908,0.0895,60.0,6.9603,,6.78,3.41,,96.769,True,False,False,False,False,False,,7.31,7.98,2.25,1.02,-1.79,-11.92,,,-10.07,187780,,,99.0033,,,,10.56737,-3.4161200000000003,-2.37,-1.56,-2.3,2026-10-02T00:00:00,1989-04-28T00:00:00,4/28/1989,609724800,2026-09-14T00:00:00
188,VMO,-0.0449,8.41751,8.81316,0.0625,-5.63,21,Morningstar US CEF Municipal,65,"Invesco Advisers, Inc",False,8.51,0.08,8.91,2026-10-02T00:00:00,46132C107,Invesco Muni Opp,2026-10-02,XVMOX,Fixed Income - Municipal-Municipal,38.96,573.92,-0.012,Monthly,0.23512,0.0625,15.0,5.3225,,20.36,3.26,,984.499,True,False,False,False,False,False,,2.93,7.83,-2.73,-3.59,-7.08,-7.57,,,-6.73,2489450,17.21,,96.2895,,11.8,8.97,9.65314,-3.01795,-0.8300000000000001,-2.22,-1.79,2026-10-02T00:00:00,1992-04-24T00:00:00,4/24/1992,704073600,2026-09-14T00:00:00
189,VKQ,-0.0391,8.42011,8.76279,0.0628,-5.57,21,Morningstar US CEF Municipal,65,"Invesco Advisers, Inc",False,8.6,0.11,8.95,2026-10-02T00:00:00,46131J103,Invesco Municipal,2026-10-02,XVKQX,Fixed Income - Municipal-Municipal,40.14,475.885,-0.006,Monthly,0.23747000000000001,0.0628,15.0,5.3716,,20.5,3.24,,827.402,True,False,False,False,False,False,,2.86,7.94,-2.65,-2.85,-7.02,-6.89,,,-5.05,2026140,15.92,,96.6798,,11.71,8.94,9.68393,-3.19278,-0.37,-2.43,-1.3900000000000001,2026-10-02T00:00:00,1991-09-27T00:00:00,9/27/1991,685929600,2026-09-14T00:00:00
190,OIA,-0.0123,6.13757,6.21429,0.028999999999999998,-2.95,21,Morningstar US CEF Municipal,65,"Invesco Advisers, Inc",False,5.6,-0.14,5.67,2026-10-02T00:00:00,46132X101,Invesco Municipal Inc Opp I,2026-10-02,XOIAX,Fixed Income - Municipal-Municipal,32.38,268.12,0.019,Monthly,0.16802,0.028999999999999998,10.0,7.0142,,22.18,2.45,,401.457,True,False,False,False,False,False,,4.86,5.33,-1.18,-1.05,-4.46,-0.48,,,0.64,1290910,30.48,,87.4958,,,,6.07679,-1.11522,-0.08,-0.4,-0.23,2026-10-02T00:00:00,1988-09-19T00:00:00,9/19/1988,590630400,2026-09-14T00:00:00
191,VPV,0.1143,8.32017,7.46642,0.0667,-5.28,24,Morningstar US CEF Municipal-Single State,65,"Invesco Advisers, Inc",False,10.72,0.11,9.62,2026-10-02T00:00:00,46132K109,Invesco PA Value,2026-10-02,XVPVX,Fixed Income - Municipal-Municipal - Single-State,38.88,191.59,0.126,Monthly,0.24298,0.0667,15.0,5.0179,,19.59,3.1,,281.307,True,False,True,False,False,False,,2.65,12.76,-2.54,1.16,-7.24,6.06,,,9.46,319360,25.47,,96.0024,,11.26,8.28,10.78685,0.42334000000000005,2.5,1.99,2.26,2026-10-02T00:00:00,1993-04-30T00:00:00,4/30/1993,736128000,2026-09-14T00:00:00
192,IQI,-0.0132,8.35762,8.4698,0.0631,-5.27,21,Morningstar US CEF Municipal,65,"Invesco Advisers, Inc",False,8.94,0.16,9.06,2026-10-02T00:00:00,46133G107,Invesco Quality Municipal Income Trust,2026-10-02,XIQIX,Fixed Income - Municipal-Municipal,36.56,472.781,0.026000000000000002,Monthly,0.24185,0.0631,15.0,5.5043,,18.62,2.91,,755.198,True,False,True,False,False,False,,3.19,8.27,-2.54,-2.25,-6.63,-8.38,,,-5.59,1534630,15.49,,93.8966,,10.7,8.66,9.94015,-1.3504,0.01,-1.47,-0.4,2026-10-02T00:00:00,1992-09-29T00:00:00,9/29/1992,717724800,2026-09-14T00:00:00
193,VVR,-0.1321,10.45045,12.04152,0.028999999999999998,0.7000000000000001,19,Morningstar US CEF Senior Loans,65,"Invesco Advisers, Inc",False,2.89,0.01,3.33,2026-10-02T00:00:00,46131H107,Invesco Senior Income,2026-10-02,XVVRX,Fixed Income - Taxable-Senior Loans,35.59,444.843,-0.044000000000000004,Monthly,0.16899,0.028999999999999998,10.0,,,3.9,4.89,,795.777,True,False,False,False,False,False,,5.13,2.46,4.84,3.56,1.13,-2.67,,,-4.77,9382370,,,,,,,3.12398,-10.18703,-1.6600000000000001,-0.97,-1.35,2026-10-02T00:00:00,1998-06-24T00:00:00,6/24/1998,898646400,2026-09-14T00:00:00
194,VGM,-0.0368,8.38961,8.71011,0.06459999999999999,-5.3,21,Morningstar US CEF Municipal,65,"Invesco Advisers, Inc",False,8.9,0.15,9.24,2026-10-02T00:00:00,46131M106,Invesco Tr Inv Gr Muni,2026-10-02,XVGMX,Fixed Income - Municipal-Municipal,38.84,482.665,-0.018000000000000002,Monthly,0.24485,0.06459999999999999,15.0,5.4212,,20.77,3.11,,819.326,True,False,False,False,False,False,,2.9699999999999998,7.85,-2.63,-2.9699999999999998,-6.85,-11.72,,,-7.8100000000000005,1865080,18.24,,96.729,,11.28,8.91,10.21264,-0.96628,-1.29,-2.22,-1.8399999999999999,2026-10-02T00:00:00,1992-01-24T00:00:00,1/24/1992,696211200,2026-09-14T00:00:00
195,VTN,0.0137,8.65263,8.53583,0.06849999999999999,-7.15,23,Morningstar US CEF Municipal-NY,65,"Invesco Advisers, Inc",False,9.63,0.09,9.5,2026-10-02T00:00:00,46131T101,Invesco Tr Inv Gr NY,2026-10-02,XVTNX,Fixed Income - Municipal-Municipal - NY,35.42,141.016,0.01,Monthly,0.25475000000000003,0.06849999999999999,15.0,5.1028,,23.49,2.69,,215.414,True,False,False,False,False,False,,2.0,8.06,-2.95,-1.45,-8.36,-13.89,,,-8.38,335930,25.38,,90.718,,13.06,10.43,11.13898,3.31248,-0.79,-0.73,-0.88,2026-10-02T00:00:00,1992-03-27T00:00:00,3/27/1992,701654400,2026-09-14T00:00:00
196,IIM,-0.015300000000000001,8.34265,8.47253,0.0771,-5.12,21,Morningstar US CEF Municipal,65,"Invesco Advisers, Inc",False,10.92,0.23,11.09,2026-10-02T00:00:00,46132P108,Invesco Value Muni Income,2026-10-02,XIIMX,Fixed Income - Municipal-Municipal,36.7,514.17,-0.011000000000000001,Monthly,0.29788000000000003,0.0771,15.0,5.5984,,18.25,2.93,,824.897,True,False,False,False,False,False,,3.09,7.43,-2.33,-2.65,-6.32,-10.15,,,-10.15,1278820,16.2,,94.3507,,10.32,8.32,12.42985,0.9910800000000001,-1.04,-2.09,-1.3,2026-10-02T00:00:00,1993-02-26T00:00:00,2/26/1993,730684800,2026-09-14T00:00:00
197,JOF,-0.1165,8.0,9.05446,0.09559999999999999,31.45,1,Morningstar US CEF Asia Equity,79,Nomura Asset Management Co Ltd,False,12.67,0.16,14.34,2026-10-02T00:00:00,47109U104,Japan Smaller Cap Fund,2026-10-02,XXJOFXX,Equity-Asia Equity,0.0,323.091,,Monthly,0.03946,0.09559999999999999,12.0,,,,2.09,,365.677,True,True,False,False,False,False,,25.15,29.25,11.78,12.98,27.44,21.97,,,31.51,775830,,,,,,,11.38038,-10.85369,-0.49,0.26,-0.1,2026-10-02T00:00:00,1990-03-21T00:00:00,3/21/1990,637977600,2026-09-15T00:00:00
198,BTO,-0.1038,6.47088,7.22022,0.65,18.75,8,Morningstar US CEF Sector Equity,67,John Hancock Investment Management LLC,True,36.01,0.2,40.18,2026-10-02T00:00:00,409735206,JHancock Financial Opportunities,2026-10-02,XBTOX,Equity-Sector Equity,14.03,714.188,0.0,Quarterly,0.27503,0.65,20.0,4.7005,,,2.42,,926.892,True,False,False,False,True,False,,26.04,19.23,8.65,3.96,13.63,6.09,,,5.32,468550,,,,,38.99,,36.87758,-3.07827,-2.93,-2.25,-2.7199999999999998,2026-10-02T00:00:00,1994-08-18T00:00:00,8/18/1994,777168000,2026-09-11T00:00:00
199,JHS,-0.0833,5.44326,5.9381,0.1535,-5.37,15,Morningstar US CEF Investment Grade,67,John Hancock Investment Management LLC,False,10.34,-0.06,11.28,2026-10-02T00:00:00,410123103,JHancock Income Secs,2026-10-02,XJHSX,Fixed Income - Taxable-Investment Grade,41.0,120.426,0.0,Quarterly,0.29069,0.1535,15.3,5.4543,,,4.41,,222.673,True,False,False,False,False,False,,4.42,5.11,-2.38,-3.55,-6.53,-9.09,,,-7.36,147080,,,98.3831,,7.35,4.44,11.25416,-7.84554,-0.32,1.37,1.49,2026-10-02T00:00:00,1973-02-14T00:00:00,2/14/1973,98496000,2026-06-11T00:00:00
200,JHI,-0.1057,8.72247,9.75369,0.297,-2.32,15,Morningstar US CEF Investment Grade,66,John Hancock,False,12.18,-0.07,13.62,2026-10-02T00:00:00,410142103,JHancock Investors,2026-10-02,XJHIX,Fixed Income - Taxable-Investment Grade,42.18,106.509,0.0,Quarterly,0.58459,0.297,21.06,6.8494,,,4.59,,206.001,True,False,False,False,False,False,,7.06,8.55,0.9400000000000001,-0.58,-3.08,-5.76,,,-5.47,205680,6.53,,98.1223,,6.17,,13.42093,-7.87394,-1.8,-1.15,-1.49,2026-10-02T00:00:00,1971-01-29T00:00:00,1/29/1971,33955200,2026-06-11T00:00:00
201,HPI,-0.0049,10.42194,10.4735,0.1235,-4.97,18,Morningstar US CEF Preferreds,67,John Hancock Investment Management LLC,False,14.15,0.25,14.22,2026-10-02T00:00:00,41013W108,JHancock Preferred Income,2026-10-02,XHPIX,Fixed Income - Taxable-Preferreds,40.29,379.109,0.0,Monthly,0.56391,0.1235,25.0,6.4987,,,4.48,,638.084,True,False,False,False,False,False,,8.82,8.34,1.74,0.54,-4.77,-7.84,,,-11.33,564160,,,101.5739,,91.45,,16.19162,3.58303,-1.7000000000000002,-1.65,-1.83,2026-10-02T00:00:00,2002-08-27T00:00:00,8/27/2002,1030406400,2026-09-11T00:00:00
202,HPF,-0.0333,10.49575,10.85714,0.1235,-4.95,18,Morningstar US CEF Preferreds,67,John Hancock Investment Management LLC,False,13.65,0.19,14.12,2026-10-02T00:00:00,41013X106,JHancock Preferred Income II,2026-10-02,XHPFX,Fixed Income - Taxable-Preferreds,40.34,295.534,0.0,Monthly,0.5652,0.1235,25.0,6.5714,,,4.51,,512.41,True,False,False,False,False,False,,8.9,7.28,1.9100000000000001,-0.36,-4.67,-9.91,,,-12.07,393730,,,101.5517,,90.07,,15.90612,2.63123,-2.87,-1.87,-2.49,2026-10-02T00:00:00,2002-11-29T00:00:00,11/29/2002,1038528000,2026-09-11T00:00:00
203,HPS,-0.0456,10.36921,10.8642,0.11,-4.9,18,Morningstar US CEF Preferreds,67,John Hancock Investment Management LLC,False,12.15,0.16,12.73,2026-10-02T00:00:00,41021P103,JHancock Preferred Income III,2026-10-02,XHPSX,Fixed Income - Taxable-Preferreds,40.11,390.852,0.0,Monthly,0.50751,0.11,25.0,6.5064,,,4.47,,683.81,True,False,False,False,False,False,,8.82,6.07,1.99,0.22,-4.58,-10.27,,,-14.32,645880,,,101.6004,,86.67,,14.44783,3.47857,-3.37,-1.97,-2.89,2026-10-02T00:00:00,2003-06-18T00:00:00,6/18/2003,1055894400,2026-09-11T00:00:00
204,PDT,-0.1076,8.02727,8.99491,0.08829999999999999,-1.09,18,Morningstar US CEF Preferreds,66,John Hancock,True,11.78,0.07,13.2,2026-10-02T00:00:00,41013T105,JHancock Premium Dividend Fund,2026-10-02,XPDTX,Fixed Income - Taxable-Preferreds,36.53,579.402,0.0,Monthly,0.34231,0.08829999999999999,12.0,5.8871,,,4.32,,1022.945,True,False,False,False,True,False,,14.66,15.81,6.22,1.28,-0.66,-2.13,,,-5.02,1236230,,,,,76.11,,12.89343,-9.91978,-0.5700000000000001,-0.05,0.27,2026-10-02T00:00:00,1989-12-21T00:00:00,12/21/1989,630201600,2026-09-11T00:00:00
205,HTD,-0.09,7.7546,8.52135,0.158,-1.35,26,Morningstar US CEF US Allocation,67,John Hancock Investment Management LLC,True,22.25,0.1,24.45,2026-10-02T00:00:00,41013V100,JHancock Tax-Advantaged Dividend Inc,2026-10-02,XHTDX,Hybrid-U.S. Allocation,33.06,788.358,0.0,Monthly,0.63149,0.158,20.0,5.9626,,,3.58,,1294.208,True,False,False,False,True,False,,15.77,16.46,7.55,7.24,0.55,-0.8200000000000001,,,-3.5300000000000002,651220,,,,,68.76,,24.87013,-5.89212,-1.75,-2.62,-2.2,2026-10-02T00:00:00,2004-02-27T00:00:00,2/27/2004,1077840000,2026-09-11T00:00:00
206,HEQ,-0.1079,8.1103,9.09091,0.25,8.35,5,Morningstar US CEF Global Equity,67,John Hancock Investment Management LLC,True,11.0,0.0,12.33,2026-10-02T00:00:00,47804L102,John Hancock Diversified Income Fund,2026-10-02,XHEQX,Equity-Global Equity,10.63,131.214,,Quarterly,0.35522,0.25,20.0,6.6246,,,1.31,,164.579,True,False,False,False,True,False,,11.74,14.7,7.75,6.93,5.38,8.42,,,11.99,362670,,,97.9782,,,,11.20709,-10.2281,-0.42,-1.78,-1.58,2026-10-02T00:00:00,2011-05-26T00:00:00,5/26/2011,1306368000,2026-09-11T00:00:00
207,KYN,-0.11789999999999999,7.2289200000000005,8.19554,0.095,18.51,6,Morningstar US CEF MLP,69,"KA Fund Advisors, LLC",False,13.91,0.12,15.77,2026-10-02T00:00:00,486606106,Kayne Anderson Energy Infrastructure,2026-10-02,XKYNX,Equity-MLP,26.25,2352.543,,Monthly,0.31841,0.095,25.0,7.259,,,3.3,,3616.601,True,True,True,False,False,False,,24.02,27.02,20.25,21.65,19.44,16.18,,,18.61,3910600,,,,,15.1,,13.42831,-12.27507,0.32,0.39,1.01,2026-10-02T00:00:00,2004-09-28T00:00:00,9/28/2004,1096329600,2026-09-15T00:00:00
208,KIO,-0.1054,12.60156,14.08696,0.1215,1.09,14,Morningstar US CEF High Yield,70,Kohlberg Kravis Roberts &amp; Co.,False,10.35,0.07,11.57,2026-10-02T00:00:00,48249T106,KKR Income Opportunities Fund,2026-10-02,XKIOX,Fixed Income - Taxable-High Yield,33.48,424.196,,Monthly,0.63625,0.1215,20.0,7.8125,,,4.09,,712.835,True,False,False,False,False,False,,7.45,7.09,4.09,2.27,1.67,-2.07,,,-7.1,2441300,0.09000000000000001,,97.5973,,58.49,,11.34364,-6.87577,-2.51,-1.5899999999999999,-2.32,2026-10-02T00:00:00,2013-07-26T00:00:00,7/26/2013,1374796800,2026-09-11T00:00:00
209,KF,-0.1623,1.68195,2.00774,1.381724,133.78,1,Morningstar US CEF Asia Equity,68,JPMorgan Asset Management (Asia Pacific) Limited,False,68.82,2.16,82.15,2026-10-02T00:00:00,500634209,Korea Fund,2026-10-02,XKFDX,Equity-Asia Equity,5.74,286.178,,Annually,0.0077,1.381724,40.0,,,,1.21,,341.608,True,True,False,False,False,False,,49.03,49.22,19.38,20.14,85.71,80.78,,,123.06,206020,,,,,,,52.57292,-13.66485,-1.3599999999999999,-0.58,-0.86,2026-10-02T00:00:00,1984-08-29T00:00:00,8/29/1984,462585600,2025-12-23T00:00:00
210,LGI,-0.06849999999999999,10.17017,10.91815,0.15339999999999998,9.63,5,Morningstar US CEF Global Equity,71,Lazard Asset Management LLC,False,16.86,-0.15,18.1,2026-10-02T00:00:00,52106W103,Lazard Global Total Return and Income,2026-10-02,XLGIX,Equity-Global Equity,9.12,219.635,,Monthly,0.028050000000000002,0.15339999999999998,20.0,7.7462,,,2.0,,259.464,True,False,False,False,False,False,,14.26,18.59,6.47,6.87,6.61,6.3,,,9.94,431580,,,,,3.13,,17.81993,-1.8703400000000001,-1.58,-2.18,-2.6,2026-10-02T00:00:00,2004-04-28T00:00:00,4/28/2004,1083110400,2026-09-10T00:00:00
211,USA,-0.1261,10.21021,11.68385,0.16999999999999998,4.68,10,Morningstar US CEF US Equity,9,ALPS Advisors Inc,True,5.82,0.05,6.66,2026-10-02T00:00:00,530158104,Liberty All-Star Equity,2026-10-02,XUSAX,Equity-U.S. Equity,0.84,1793.837,,Quarterly,0.02385,0.16999999999999998,10.0,,,,0.91,,2092.058,True,False,False,False,True,False,,13.68,10.09,6.71,2.48,4.03,-0.13,,,1.7000000000000002,12506020,,,,,,,5.96636,-10.34581,-1.6400000000000001,-1.02,-1.19,2026-10-02T00:00:00,1986-10-31T00:00:00,10/31/1986,531100800,2026-07-16T00:00:00
212,ASG,-0.1433,8.09444,9.44882,0.12,4.02,10,Morningstar US CEF US Equity,9,ALPS Advisors Inc,True,5.08,0.03,5.93,2026-10-02T00:00:00,529900102,Liberty All-Star Growth,2026-10-02,XASGX,Equity-U.S. Equity,0.06,323.686,,Quarterly,-0.01856,0.12,10.0,,,,1.12,,380.647,True,False,False,False,True,False,,12.27,9.75,1.02,-1.56,5.75,1.83,,,-0.53,2613350,,,,,,,5.24674,-10.86499,-2.52,-2.36,-2.26,2026-10-02T00:00:00,1986-03-14T00:00:00,3/14/1986,511142400,2026-07-16T00:00:00
213,SCD,-0.1195,8.64865,9.82265,0.12,7.8,25,Morningstar US CEF Global Allocation,54,"Franklin Templeton Fund Adviser, LLC",True,14.66,-0.04,16.65,2026-10-02T00:00:00,50208A102,LMP Capital and Income,2026-10-02,XSCDX,Hybrid-Global Allocation,21.59,335.807,,Monthly,0.06042,0.12,20.0,,,,2.39,,486.39,True,False,False,False,True,False,,15.68,16.04,10.8,10.99,7.51,6.78,,,4.37,775580,13.6,,,,4.25,,15.26761,-9.73097,-1.43,-1.23,-1.29,2026-10-02T00:00:00,2004-02-24T00:00:00,2/24/2004,1077580800,2026-09-23T00:00:00
214,MXE,-0.2026,1.51262,1.8969200000000002,0.2337,8.84,4,Morningstar US CEF Emerging Market Equity,89,Pichardo Asset Management SA De CV,False,12.32,0.09,15.45,2026-10-02T00:00:00,592834105,Mexico Equity & Income,2026-10-02,XMXEX,Equity-Emerging Market Equity,,54.211,,Annually,0.07512,0.2337,12.0,7.969,,0.02,2.13,,67.983,False,False,False,False,False,False,,7.88,12.92,7.85,4.66,4.84,0.88,,,7.22,53110,,,,,,,12.935880000000001,-17.92397,-2.14,-1.72,-1.77,2026-10-02T00:00:00,1990-08-15T00:00:00,8/15/1990,650678400,2025-12-16T00:00:00
215,MXF,-0.1282,6.12423,7.02459,0.35,7.83,4,Morningstar US CEF Emerging Market Equity,64,"Impulsora Del Fondo Mexico, SC",True,19.93,0.06,22.86,2026-10-02T00:00:00,592835102,Mexico Fund,2026-10-02,XXMXFXX,Equity-Emerging Market Equity,,287.392,,Quarterly,0.27312000000000003,0.35,12.0,5.75,,,1.36,,329.643,False,False,True,False,True,False,,9.14,13.71,10.89,12.42,4.61,6.27,,,10.09,472520,,,,,,,20.99183,-13.09745,1.75,1.12,1.23,2026-10-02T00:00:00,1981-06-03T00:00:00,6/3/1981,360374400,2026-07-22T00:00:00
216,CAF,-0.166,1.23974,1.48643,0.262949,11.22,1,Morningstar US CEF Asia Equity,74,Morgan Stanley,False,17.69,0.1,21.21,2026-10-02T00:00:00,617468103,Morgan Stanley China A Share,2026-10-02,XCAFX,Equity-Asia Equity,,236.231,,Annually,-0.01046,0.262949,20.0,,,,1.52,,283.237,False,False,False,False,False,False,,13.02,14.43,-0.35000000000000003,-1.07,8.87,2.19,,,8.19,362210,,,,,,,18.23945,-14.13668,-1.12,-0.6,-0.73,2026-10-02T00:00:00,2006-09-28T00:00:00,9/28/2006,1159401600,2025-12-19T00:00:00
217,MSD,-0.1041,7.74366,8.64382,0.145,6.12,12,Morningstar US CEF Emerging Market Income,75,"Morgan Stanley Investment Management, Inc.",False,6.71,-0.06,7.49,2026-10-02T00:00:00,61744H105,Morgan Stanley Emerging Markets Debt,2026-10-02,XMSDX,Fixed Income - Taxable-Emerging Market Income,0.03,135.752,,Quarterly,0.30967,0.145,15.0,6.5116,,6.76,1.36,,151.532,True,False,False,False,False,False,,12.47,12.19,3.17,3.56,1.62,-3.02,,,-0.77,920310,,,,,,,7.36416,-7.3449100000000005,-1.6800000000000002,-1.6400000000000001,-1.65,2026-10-02T00:00:00,1993-07-23T00:00:00,7/23/1993,743385600,2026-09-30T00:00:00
218,EDD,-0.049800000000000004,14.94662,15.73034,0.21,13.32,12,Morningstar US CEF Emerging Market Income,75,"Morgan Stanley Investment Management, Inc.",False,5.34,0.1,5.62,2026-10-02T00:00:00,617477104,Morgan Stanley Emrgng Mkts Domestic Debt,2026-10-02,XEDDX,Fixed Income - Taxable-Emerging Market Income,15.24,344.195,,Quarterly,0.28033,0.21,20.0,6.6059,,7.47,2.18,,427.392,True,False,True,False,False,False,,14.2,20.01,5.79,7.68,5.5600000000000005,7.74,,,11.32,3653950,,,,,,,5.63333,-4.98556,0.0,-1.6600000000000001,-0.18,2026-10-02T00:00:00,2007-04-24T00:00:00,4/24/2007,1177372800,2026-09-30T00:00:00
219,IIF,-0.1243,8.17276,9.33316,1.985164,-11.33,1,Morningstar US CEF Asia Equity,75,"Morgan Stanley Investment Management, Inc.",False,21.27,0.0,24.29,2026-10-02T00:00:00,61745C105,Morgan Stanley India Investment,2026-10-02,XIIFX,Equity-Asia Equity,,199.654,,Annually,-0.1168,1.985164,15.0,,,,1.35,,228.002,False,False,False,False,False,False,,4.78,9.41,3.7199999999999998,5.63,-12.22,-13.97,,,-12.1,324240,,,,,,,23.64953,-11.12476,-1.63,-1.75,-1.73,2026-10-02T00:00:00,1994-02-25T00:00:00,2/25/1994,762134400,2025-12-19T00:00:00
220,NML,-0.1069,7.48851,8.38445,0.07008,23.91,6,Morningstar US CEF MLP,76,Neuberger Berman,False,10.03,0.05,11.23,2026-10-02T00:00:00,64129H104,NB Energy Infra and Income Fund Inc,2026-10-02,XNMLX,Equity-MLP,25.58,568.289,,Monthly,-0.18702,0.07008,20.0,,,,1.07,,854.943,True,True,False,False,False,False,,20.69,23.08,19.84,24.28,22.66,23.83,,,23.27,1694240,,,,,,,9.62564,-10.48263,-0.2,-0.98,-0.35000000000000003,2026-10-02T00:00:00,2013-03-26T00:00:00,3/26/2013,1364256000,2026-09-15T00:00:00
221,NBXG,-0.1292,8.63215,9.91239,0.132,13.46,10,Morningstar US CEF US Equity,76,Neuberger Berman,False,15.98,0.13,18.35,2026-10-02T00:00:00,64133Q108,Neuberger Brmn Nxt Gnrtn Cnnctvty,2026-10-02,XNBGX,Equity-U.S. Equity,,1258.609,,Monthly,-0.05846,0.132,20.0,,,,1.35,,1445.273,False,True,True,False,False,False,,22.56,25.9,6.78,6.18,15.03,15.91,,,11.57,2016870,,,,,,,14.80077,-13.12051,0.17,0.2,0.5700000000000001,2026-10-02T00:00:00,2021-05-25T00:00:00,5/25/2021,1621900800,2026-09-15T00:00:00
222,NHS,-0.1226,17.51613,19.96324,0.0905,-3.35,14,Morningstar US CEF High Yield,76,Neuberger Berman,False,5.44,0.02,6.2,2026-10-02T00:00:00,64128C106,Neuberger High Yield Strategies,2026-10-02,XNHSX,Fixed Income - Taxable-High Yield,34.1,227.696,,Monthly,0.18333,0.0905,15.0,7.1795,,,3.39,,393.786,True,False,False,False,False,False,,7.24,3.5,0.54,-2.36,-4.69,-18.42,,,-15.99,2116610,,,100.0071,,4.8,3.23,6.72644,-3.83716,-1.74,-1.73,-2.26,2026-10-02T00:00:00,2003-07-28T00:00:00,7/28/2003,1059350400,2026-09-15T00:00:00
223,NBH,-0.0877,6.48096,7.10426,0.054169999999999996,-7.03,21,Morningstar US CEF Municipal,76,Neuberger Berman,False,9.15,0.08,10.03,2026-10-02T00:00:00,64124P101,Neuberger Municipal Fund,2026-10-02,XNBHX,Fixed Income - Municipal-Municipal,43.41,271.005,,Monthly,0.13171,0.054169999999999996,15.0,4.9667,,,3.87,,524.969,True,False,False,False,False,False,,1.58,5.36,-3.29,-5.78,-7.94,-6.28,,,-6.62,962660,15.43,,98.7026,,14.87,8.71,10.24241,-8.58289,-0.16,-1.46,-0.8200000000000001,2026-10-02T00:00:00,2002-09-27T00:00:00,9/27/2002,1033084800,2026-09-30T00:00:00
224,NRO,-0.11380000000000001,12.91034,14.56809,0.0312,-5.3,7,Morningstar US CEF Real Estate,76,Neuberger Berman,False,2.5700000000000003,-0.01,2.9,2026-10-02T00:00:00,64190A103,Neuberger Real Estate Securities Income,2026-10-02,XNROX,Equity-Real Estate,27.59,162.84,,Monthly,0.06094,0.0312,15.0,,,,3.12,,253.749,True,False,False,False,False,False,,8.77,9.41,-0.59,-1.65,-2.19,-8.03,,,-10.74,2418340,,,,,,,2.99359,-7.61891,-1.9300000000000002,-1.98,-2.35,2026-10-02T00:00:00,2003-10-31T00:00:00,10/31/2003,1067558400,2026-09-15T00:00:00
225,GF,-0.1014,2.62351,2.91943,0.154,-6.45,9,Morningstar US CEF Single Country Equity,40,DWS,False,10.55,-0.13,11.74,2026-10-02T00:00:00,644465106,New Germany,2026-10-02,XGFNX,Equity-Single-Country Equity,8.81,172.046,,Semi-Annually,0.10538,0.154,20.0,,,,1.31,,209.957,True,False,False,False,False,False,,7.88,10.72,-4.69,-4.15,-5.06,-5.62,,,-5.7,261950,,,,,,,11.41244,-9.84678,-0.24,-0.81,-0.88,2026-10-02T00:00:00,1990-01-30T00:00:00,1/30/1990,633657600,2026-05-26T00:00:00
226,NVG,-0.0281,8.60254,8.85154,0.079,-7.65,21,Morningstar US CEF Municipal,81,"Nuveen Fund Advisors, LLC.",False,10.71,0.1,11.02,2026-10-02T00:00:00,67071L106,Nuveen AMT-Free Muni Credit Inc,2026-10-02,XNVGX,Fixed Income - Municipal-Municipal,44.74,2333.313,-0.02,Monthly,0.29602,0.079,15.0,4.8149,,,3.64,,4344.255,True,False,False,False,False,False,,2.87,8.41,-3.31,-3.25,-9.48,-11.28,,,-6.87,6114510,24.2,2.99,91.3863,,15.21,9.5,12.51015,-0.5172300000000001,-1.3599999999999999,-2.42,-2.77,2026-10-02T00:00:00,2002-03-25T00:00:00,3/25/2002,1017014400,2026-09-15T00:00:00
227,NUW,-0.0499,4.1453,4.36282,0.048499999999999995,-2.98,21,Morningstar US CEF Municipal,81,"Nuveen Fund Advisors, LLC.",False,13.34,0.08,14.04,2026-10-02T00:00:00,670695105,Nuveen AMT-Free Municipal Value Fund,2026-10-02,XNUWX,Fixed Income - Municipal-Municipal,7.67,239.471,-0.073,Monthly,0.30096,0.048499999999999995,15.0,5.4226,,,0.75,,272.962,True,False,True,False,False,False,,2.5700000000000003,3.7,-0.74,-1.08,-4.43,-4.51,,,-2.65,440490,10.6,0.07,96.4701,,9.22,8.74,14.17158,-5.18253,0.19,0.54,0.4,2026-10-02T00:00:00,2009-02-25T00:00:00,2/25/2009,1235520000,2026-09-15T00:00:00
228,NEA,-0.0098,8.00785,8.08722,0.06799999999999999,-6.93,21,Morningstar US CEF Municipal,81,"Nuveen Fund Advisors, LLC.",False,10.09,0.01,10.19,2026-10-02T00:00:00,670657105,Nuveen AMT-Free Quality Muni Inc,2026-10-02,XNEAX,Fixed Income - Municipal-Municipal,43.79,3080.545,0.018000000000000002,Monthly,0.25491,0.06799999999999999,15.0,5.1393,,,3.5300000000000002,,5535.115,True,False,False,False,False,False,,2.06,8.14,-3.31,-2.46,-8.61,-9.73,,,-6.19,9740190,21.3,3.99,95.2832,,11.78,8.25,11.42176,-0.50202,-0.37,-0.9400000000000001,-0.92,2026-10-02T00:00:00,2002-11-21T00:00:00,11/21/2002,1037836800,2026-09-15T00:00:00
229,NAZ,0.0453,7.16763,6.85714,0.062,-5.27,24,Morningstar US CEF Municipal-Single State,81,"Nuveen Fund Advisors, LLC.",False,10.85,0.04,10.38,2026-10-02T00:00:00,67061W104,Nuveen AZ Quality Muni Inc,2026-10-02,XNAZX,Fixed Income - Municipal-Municipal - Single-State,41.17,142.351,0.031,Monthly,0.20512,0.062,15.0,4.7878,,,3.55,,231.485,True,False,False,False,False,False,,2.38,9.98,-2.54,-2.43,-7.48,-6.62,,,-4.8,238390,21.1,0.81,97.782,,12.3,8.64,12.20658,5.79057,-0.35000000000000003,-2.05,-1.9,2026-10-02T00:00:00,1992-11-19T00:00:00,11/19/1992,722131200,2026-09-15T00:00:00
230,NKX,-0.025,8.0,8.20513,0.072,-4.2,22,Morningstar US CEF Municipal-CA,81,"Nuveen Fund Advisors, LLC.",False,10.53,-0.04,10.8,2026-10-02T00:00:00,670651108,Nuveen CA AMT - Free Quality Muni Inc,2026-10-02,XNCMX,Fixed Income - Municipal-Municipal - CA,41.5,591.757,-0.014,Monthly,0.25181,0.072,15.0,4.7967,,,3.77,,1037.515,True,False,False,False,False,False,,2.81,8.01,-2.94,-2.88,-6.44,-10.5,,,-10.47,1476990,23.0,0.5900000000000001,96.6526,,12.92,8.65,12.43142,3.8317300000000003,-3.62,-3.03,-3.25,2026-10-02T00:00:00,2002-11-22T00:00:00,11/22/2002,1037923200,2026-09-15T00:00:00
231,NCA,-0.0277,4.15704,4.27553,0.03,-1.32,22,Morningstar US CEF Municipal-CA,81,"Nuveen Fund Advisors, LLC.",False,8.42,0.02,8.66,2026-10-02T00:00:00,67062C107,Nuveen CA Municipal Value,2026-10-02,XNCAX,Fixed Income - Municipal-Municipal - CA,0.0,281.575,-0.012,Monthly,0.17651,0.03,10.0,4.7374,,,0.54,,289.6,True,False,False,False,False,False,,2.94,5.22,-0.75,-0.53,-3.42,-2.31,,,-0.8,719080,22.7,1.33,97.2125,,,8.51,9.16181,0.07381,-1.28,-1.54,-1.8399999999999999,2026-10-02T00:00:00,1987-10-07T00:00:00,10/7/1987,560563200,2026-09-15T00:00:00
232,NAC,-0.0087,8.0814,8.15249,0.06949999999999999,-4.6,22,Morningstar US CEF Municipal-CA,81,"Nuveen Fund Advisors, LLC.",False,10.23,-0.04,10.32,2026-10-02T00:00:00,67066Y105,Nuveen CA Quality Muni Income,2026-10-02,XNACX,Fixed Income - Municipal-Municipal - CA,41.0,1725.276,-0.005,Monthly,0.24164,0.06949999999999999,15.0,4.7915,,,3.79,,2949.844,True,False,False,False,False,False,,2.5300000000000002,9.48,-3.19,-2.46,-7.18,-8.2,,,-3.93,5805620,22.6,1.05,96.6951,,13.55,8.93,11.76563,1.97584,-1.97,-2.24,-2.6,2026-10-02T00:00:00,1999-05-26T00:00:00,5/26/1999,927676800,2026-09-15T00:00:00
233,JCE,-0.0655,8.0844,8.65122,0.364,17.36,10,Morningstar US CEF US Equity,81,"Nuveen Fund Advisors, LLC.",True,16.83,-0.02,18.01,2026-10-02T00:00:00,67090X107,Nuveen Core Equity Alpha,2026-10-02,XJCEX,Equity-U.S. Equity,1.35,286.155,0.0,Quarterly,0.0054600000000000004,0.364,20.0,,,,0.9900000000000001,,306.218,True,True,True,False,True,False,,22.67,20.93,13.48,11.69,12.17,13.56,,,17.43,384330,,,,,,,16.06829,-6.55447,0.0,-0.25,0.32,2026-10-02T00:00:00,2007-03-27T00:00:00,3/27/2007,1174953600,2026-09-15T00:00:00
234,NPCT,-0.085,10.74,11.7377,0.0895,-2.4,15,Morningstar US CEF Investment Grade,81,"Nuveen Fund Advisors, LLC.",True,9.15,-0.03,10.0,2026-10-02T00:00:00,67080D103,Nuveen Core Plus Impact Fund,2026-10-02,XNPCX,Fixed Income - Taxable-Investment Grade,38.67,263.108,,Monthly,0.18066000000000002,0.0895,20.0,4.397,,,4.43,,468.87,True,False,False,False,True,False,,8.12,12.58,-3.74,-4.13,-3.12,-1.8900000000000001,,,-6.5600000000000005,1212560,18.4,0.0,88.983,,7.48,5.36,10.17756,-6.989,-1.02,-1.37,-1.05,2026-10-02T00:00:00,2021-04-27T00:00:00,4/27/2021,1619481600,2026-09-15T00:00:00
235,JQC,-0.11220000000000001,11.29278,12.71949,0.049499999999999995,4.23,19,Morningstar US CEF Senior Loans,81,"Nuveen Fund Advisors, LLC.",True,4.67,-0.07,5.26,2026-10-02T00:00:00,67073D102,Nuveen Credit Strategies Income Fund,2026-10-02,XJQCX,Fixed Income - Taxable-Senior Loans,38.83,690.304,-0.082,Monthly,0.23976,0.049499999999999995,15.0,,,,5.09,,1271.116,True,False,False,False,True,False,,8.0,10.45,4.65,4.73,2.89,3.9,,,2.17,7774770,84.5,0.0,,,,,4.90303,-10.02675,-0.86,-0.49,-0.56,2026-10-02T00:00:00,2003-06-25T00:00:00,6/25/2003,1056499200,2026-09-15T00:00:00
236,NDMO,-0.051,7.45223,7.85235,0.058499999999999996,-4.64,21,Morningstar US CEF Municipal,81,"Nuveen Fund Advisors, LLC.",True,8.94,0.03,9.42,2026-10-02T00:00:00,67079X102,Nuveen Dynamic Municipal Opportunities,2026-10-02,XNDMX,Fixed Income - Municipal-Municipal,35.11,541.29,,Monthly,0.23738,0.058499999999999996,15.0,5.5914,,,2.83,,878.897,True,False,False,False,True,False,,4.36,3.74,-3.38,-4.53,-5.77,-7.48,,,-8.62,1589190,20.1,0.37000000000000005,95.5608,,10.6,7.87,10.22471,-1.2012800000000001,-2.42,-1.32,-2.06,2026-10-02T00:00:00,2020-08-26T00:00:00,8/26/2020,1598400000,2026-09-15T00:00:00
237,JFR,-0.1058,11.38686,12.73469,0.078,5.09,19,Morningstar US CEF Senior Loans,81,"Nuveen Fund Advisors, LLC.",True,7.35,-0.1,8.22,2026-10-02T00:00:00,67072T108,Nuveen Floating Rate Income,2026-10-02,XJFRX,Fixed Income - Taxable-Senior Loans,37.74,1183.111,0.015000000000000001,Monthly,0.37027,0.078,15.0,,,,4.78,,2125.352,True,False,False,False,True,False,,8.51,9.5,5.79,5.24,3.71,4.37,,,3.18,7608100,88.3,0.0,,,,,7.68157,-9.29537,-0.91,-1.7000000000000002,-1.0,2026-10-02T00:00:00,2004-03-25T00:00:00,3/25/2004,1080172800,2026-09-15T00:00:00
238,JGH,-0.1153,9.48092,10.71613,0.1035,2.45,13,Morningstar US CEF Global Income,81,"Nuveen Fund Advisors, LLC.",True,11.59,0.01,13.1,2026-10-02T00:00:00,67075G103,Nuveen Global High Income Fund,2026-10-02,XJGHX,Fixed Income - Taxable-Global Income,29.95,325.978,-0.026000000000000002,Monthly,0.52601,0.1035,20.0,7.8217,,,3.37,,525.948,True,False,False,False,True,False,,11.28,11.26,4.35,3.93,2.0,0.23,,,-4.21,1004460,36.2,0.0,99.0232,,,,12.61428,-7.98535,-2.55,-1.76,-2.39,2026-10-02T00:00:00,2014-11-24T00:00:00,11/24/2014,1416787200,2026-09-15T00:00:00
239,NMT,0.028999999999999998,7.25275,7.04854,0.0605,-5.21,24,Morningstar US CEF Municipal-Single State,81,"Nuveen Fund Advisors, LLC.",False,10.3,-0.19,10.01,2026-10-02T00:00:00,67061E104,Nuveen MA Quality Muni Inc,2026-10-02,XNMTX,Fixed Income - Municipal-Municipal - Single-State,40.93,109.907,0.026000000000000002,Monthly,0.20713,0.0605,15.0,4.8793,,,3.45,,180.813,True,False,False,False,False,False,,1.74,9.88,-3.25,-2.58,-7.06,-3.77,,,-4.8100000000000005,229140,23.0,1.73,99.2801,,7.76,9.19,12.05145,8.43536,-0.9500000000000001,-2.5300000000000002,-3.23,2026-10-02T00:00:00,1993-03-18T00:00:00,3/18/1993,732412800,2026-09-15T00:00:00
240,NMS,-0.0348,7.30435,7.56757,0.063,-7.91,24,Morningstar US CEF Municipal-Single State,81,"Nuveen Fund Advisors, LLC.",False,9.99,0.02,10.35,2026-10-02T00:00:00,670734102,Nuveen MN Quality Muni Inc,2026-10-02,XMNSX,Fixed Income - Municipal-Municipal - Single-State,42.86,64.081,-0.014,Monthly,0.0,0.063,15.0,4.6954,,,3.66,,116.191,True,False,False,False,False,False,,2.05,6.68,-2.89,-4.32,-10.2,-12.68,,,-12.63,188090,42.7,0.0,97.5379,,11.13,7.91,11.81006,0.54537,-1.5899999999999999,-0.78,-1.43,2026-10-02T00:00:00,1993-06-25T00:00:00,6/25/1993,740966400,2026-09-15T00:00:00
241,JLS,-0.1166,9.946,11.25917,0.1535,4.98,14,Morningstar US CEF High Yield,81,"Nuveen Fund Advisors, LLC.",True,16.36,0.06,18.52,2026-10-02T00:00:00,670735109,Nuveen Mortgage and Income Fund,2026-10-02,XJLSX,Fixed Income - Taxable-High Yield,23.79,89.598,0.009000000000000001,Monthly,0.68728,0.1535,25.0,7.614,,,3.07,,133.084,True,False,False,False,True,False,,9.63,11.83,4.35,4.26,2.94,-2.8,,,-3.2,201170,0.0,0.0,96.8528,,,,17.99435,-5.62453,-2.35,-1.38,-1.5899999999999999,2026-10-02T00:00:00,2009-11-25T00:00:00,11/25/2009,1259107200,2026-09-15T00:00:00
242,NMAI,-0.0384,9.38638,9.76157,0.11599999999999999,13.91,25,Morningstar US CEF Global Allocation,81,"Nuveen Fund Advisors, LLC.",True,14.26,-0.2,14.83,2026-10-02T00:00:00,670750108,Nuveen Multi-Asset Income,2026-10-02,XNMAX,Hybrid-Global Allocation,29.73,476.65,,Monthly,0.13858,0.11599999999999999,20.0,6.1525,,,3.38,,705.466,True,True,True,False,True,False,,15.85,22.3,,,10.23,19.47,,,23.47,1063430,28.5,0.0,97.0435,,,,13.56582,-7.44497,2.01,0.84,1.4100000000000001,2026-10-02T00:00:00,2021-11-22T00:00:00,11/22/2021,1637539200,2026-09-15T00:00:00
243,JMM,-0.0882,5.68627,6.23656,0.028999999999999998,-2.8,15,Morningstar US CEF Investment Grade,81,"Nuveen Fund Advisors, LLC.",True,5.58,0.04,6.12,2026-10-02T00:00:00,67075J107,Nuveen Multi-Market Income Fund,2026-10-02,XJMMX,Fixed Income - Taxable-Investment Grade,30.59,52.8,-0.001,Monthly,0.14258,0.028999999999999998,12.0,5.5868,,,3.34,,83.431,True,False,True,False,True,False,,5.34,5.08,0.39,-0.61,-3.92,-4.97,,,-7.46,91390,27.6,0.0,96.9276,,,,5.94459,-8.901250000000001,0.05,1.5,1.57,2026-10-02T00:00:00,1988-12-30T00:00:00,12/30/1988,599443200,2026-09-15T00:00:00
244,NZF,-0.0144,8.57914,8.70438,0.0795,-6.44,21,Morningstar US CEF Municipal,81,"Nuveen Fund Advisors, LLC.",False,10.96,0.08,11.12,2026-10-02T00:00:00,67070X101,Nuveen Municipal Credit Income,2026-10-02,XNZFX,Fixed Income - Municipal-Municipal,42.97,2168.136,-0.015000000000000001,Monthly,0.31359,0.0795,15.0,5.2829,,,3.61,,3856.987,True,False,False,False,False,False,,2.75,8.82,-2.81,-2.38,-7.88,-8.8,,,-6.91,5991010,24.8,2.6,93.6669,,12.28,8.5,12.43682,-0.64026,-0.6900000000000001,-0.96,-1.4100000000000001,2026-10-02T00:00:00,2001-09-25T00:00:00,9/25/2001,1001376000,2026-09-15T00:00:00
245,NMCO,-0.07139999999999999,8.76333,9.437429999999999,0.06849999999999999,-6.49,21,Morningstar US CEF Municipal,81,"Nuveen Fund Advisors, LLC.",False,8.71,0.02,9.38,2026-10-02T00:00:00,670663103,Nuveen Municipal Credit Opps Fund,2026-10-02,XNMCX,Fixed Income - Municipal-Municipal,44.83,499.333,-0.035,Monthly,0.35941,0.06849999999999999,15.0,5.8436,,,4.5,,974.713,True,False,False,False,False,False,,2.66,4.4,-3.67,-4.01,-6.87,-7.84,,,-11.52,2130510,31.5,0.27,86.7669,,15.38,9.98,10.550229999999999,-0.6588400000000001,-3.5700000000000003,-2.32,-3.3,2026-10-02T00:00:00,2019-09-16T00:00:00,9/16/2019,1568592000,2026-10-01T00:00:00
246,NMZ,-0.024,8.57143,8.78212,0.0655,-6.48,21,Morningstar US CEF Municipal,81,"Nuveen Fund Advisors, LLC.",False,8.95,0.05,9.17,2026-10-02T00:00:00,670682103,Nuveen Municipal High Income Opp Fd,2026-10-02,XNMZX,Fixed Income - Municipal-Municipal,42.29,1942.829,0.044000000000000004,Monthly,0.15638,0.0655,15.0,5.7736,,,3.5,,3449.442,True,False,False,False,False,False,,3.9699999999999998,5.98,-3.07,-3.47,-7.51,-6.85,,,-8.68,5746150,22.0,1.3900000000000001,90.2799,,11.18,9.17,10.29812,-0.24771,-2.01,-1.83,-1.79,2026-10-02T00:00:00,2003-11-19T00:00:00,11/19/2003,1069200000,2026-09-15T00:00:00
247,NMI,0.0011,4.91379,4.9085,0.038,-1.75,21,Morningstar US CEF Municipal,81,"Nuveen Fund Advisors, LLC.",False,9.29,-0.1,9.28,2026-10-02T00:00:00,67062J102,Nuveen Municipal Income,2026-10-02,XNMIX,Fixed Income - Municipal-Municipal,2.99,114.302,-0.019,Monthly,0.21289,0.038,12.0,5.4624,,,0.75,,114.179,True,False,False,False,False,False,,4.02,7.6,0.0,-0.84,-2.9699999999999998,-2.68,,,-1.35,280300,16.6,0.67,98.0185,,,9.04,10.2795,4.38448,-1.12,-2.44,-2.37,2026-10-02T00:00:00,1988-04-20T00:00:00,4/20/1988,577497600,2026-09-15T00:00:00
248,NUV,-0.0304,4.56674,4.71014,0.0325,-2.7199999999999998,21,Morningstar US CEF Municipal,81,"Nuveen Fund Advisors, LLC.",False,8.28,0.03,8.54,2026-10-02T00:00:00,670928100,Nuveen Municipal Value,2026-10-02,XNUVX,Fixed Income - Municipal-Municipal,6.15,1752.859,-0.018000000000000002,Monthly,0.19290000000000002,0.0325,10.0,5.2727,,,0.66,,1807.9,True,False,False,False,False,False,,2.75,4.48,-0.68,-2.17,-4.06,-5.49,,,-3.62,5557130,11.6,0.8,95.8628,,,8.38,9.04755,-0.47875000000000006,-2.27,-1.58,-2.32,2026-10-02T00:00:00,1987-06-17T00:00:00,6/17/1987,550886400,2026-09-15T00:00:00
249,QQQX,-0.0475,9.164860000000001,9.6219,0.738,16.26,3,Morningstar US CEF Covered Call,81,"Nuveen Fund Advisors, LLC.",True,30.68,-0.18,32.21,2026-10-02T00:00:00,670699107,Nuveen NASDAQ 100 Dynamic Overwrite,2026-10-02,XQQQX,Equity-Covered-Call Funds,,1498.006,0.0,Quarterly,-0.02811,0.738,20.0,,,,0.89,,1572.711,False,True,True,False,True,False,,20.27,20.19,10.82,10.0,10.04,14.79,,,21.64,1031580,,,,,,,28.97915,-6.88733,0.91,-1.13,0.08,2026-10-02T00:00:00,2007-01-30T00:00:00,1/30/2007,1170115200,2026-09-15T00:00:00
250,NRK,-0.0074,8.3351,8.39744,0.0655,-7.31,23,Morningstar US CEF Municipal-NY,81,"Nuveen Fund Advisors, LLC.",False,9.36,0.09,9.43,2026-10-02T00:00:00,670656107,Nuveen NY AMT - Free Quality Muni Inc,2026-10-02,XNRKX,Fixed Income - Municipal-Municipal - NY,45.15,816.522,0.004,Monthly,0.2495,0.0655,15.0,4.7315000000000005,,,3.69,,1499.909,True,False,True,False,False,False,,1.44,6.69,-3.71,-1.9100000000000001,-8.87,-2.9,,,-1.97,3373010,23.0,0.11000000000000001,94.1104,,16.09,9.6,10.2754,-4.07953,1.24,0.39,0.9400000000000001,2026-10-02T00:00:00,2002-11-21T00:00:00,11/21/2002,1037836800,2026-09-15T00:00:00
251,NNY,-0.053200000000000004,4.28053,4.52107,0.0295,-2.5300000000000002,23,Morningstar US CEF Municipal-NY,81,"Nuveen Fund Advisors, LLC.",False,7.83,0.02,8.27,2026-10-02T00:00:00,67062M105,Nuveen NY Municipal Value,2026-10-02,XNNYX,Fixed Income - Municipal-Municipal - NY,0.0,147.878,-0.037,Monthly,0.17478,0.0295,10.0,4.7984,,,0.5700000000000001,,156.188,True,False,False,False,False,False,,2.5,3.27,-0.56,-1.16,-4.05,-6.26,,,-1.79,379990,28.6,0.0,95.6078,,,9.25,8.44766,-4.01721,-0.87,-0.1,-0.71,2026-10-02T00:00:00,1987-10-07T00:00:00,10/7/1987,560563200,2026-09-15T00:00:00
252,NAN,-0.0149,8.12749,8.25076,0.06799999999999999,-6.06,23,Morningstar US CEF Municipal-NY,81,"Nuveen Fund Advisors, LLC.",False,9.89,-0.07,10.04,2026-10-02T00:00:00,67066X107,Nuveen NY Quality Muni Inc,2026-10-02,XNANX,Fixed Income - Municipal-Municipal - NY,42.08,331.997,0.013000000000000001,Monthly,0.25368,0.06799999999999999,15.0,5.0441,,,3.77,,581.873,True,False,False,False,False,False,,2.05,7.8100000000000005,-3.13,-2.09,-7.57,-7.71,,,-7.36,796780,25.4,0.01,96.9781,,13.6,9.19,11.31856,0.56876,-1.77,-1.38,-1.99,2026-10-02T00:00:00,1999-05-26T00:00:00,5/26/1999,927676800,2026-09-15T00:00:00
253,JPC,-0.062400000000000004,10.17639,10.85384,0.0625,0.27,18,Morningstar US CEF Preferreds,81,"Nuveen Fund Advisors, LLC.",False,6.91,0.02,7.37,2026-10-02T00:00:00,67073B106,Nuveen Pref & Income Opps Fund,2026-10-02,XJPCX,Fixed Income - Taxable-Preferreds,38.95,2597.535,-0.042,Monthly,0.24068,0.0625,15.0,7.7082,,,4.67,,4538.307,True,False,False,False,False,False,,9.96,12.75,2.73,1.4100000000000001,-1.76,-9.62,,,-8.43,11046040,7.7,0.0,103.3725,,,3.86,7.88038,-0.68383,-2.45,-1.02,-1.71,2026-10-02T00:00:00,2003-03-26T00:00:00,3/26/2003,1048636800,2026-09-15T00:00:00
254,NAD,-0.0256,8.01896,8.22957,0.0705,-7.14,21,Morningstar US CEF Municipal,81,"Nuveen Fund Advisors, LLC.",False,10.28,0.11,10.55,2026-10-02T00:00:00,67066V101,Nuveen Quality Muni Income Fund,2026-10-02,XNADX,Fixed Income - Municipal-Municipal,44.31,2417.234,0.023,Monthly,0.27975,0.0705,15.0,5.1664,,,3.74,,4454.786,True,False,False,False,False,False,,1.92,7.09,-3.07,-2.61,-8.66,-11.15,,,-7.02,7728000,24.1,1.25,94.9434,,11.96,8.41,11.7972,-0.9598300000000001,-1.15,-1.07,-1.17,2026-10-02T00:00:00,1999-05-26T00:00:00,5/26/1999,927676800,2026-09-15T00:00:00
255,JRI,-0.0932,13.32779,14.69725,0.1335,-0.89,25,Morningstar US CEF Global Allocation,81,"Nuveen Fund Advisors, LLC.",True,10.9,0.13,12.02,2026-10-02T00:00:00,67074Y105,Nuveen Real Asset Inc and Grwt,2026-10-02,XJRIX,Hybrid-Global Allocation,34.03,394.561,0.0,Monthly,0.29419,0.1335,20.0,6.5661000000000005,,,3.9,,659.548,True,False,False,False,True,False,,10.8,13.17,3.32,3.74,-1.35,-13.12,,,-14.51,1518040,27.3,0.0,100.2949,,,,12.9759,-3.40627,-1.5,-1.73,-2.43,2026-10-02T00:00:00,2012-04-25T00:00:00,4/25/2012,1335312000,2026-09-15T00:00:00
256,JRS,-0.1039,9.17874,10.24259,0.19,3.61,7,Morningstar US CEF Real Estate,81,"Nuveen Fund Advisors, LLC.",True,7.42,0.06,8.28,2026-10-02T00:00:00,67071B108,Nuveen Real Estate Income,2026-10-02,XJRSX,Equity-Real Estate,29.97,214.382,0.0,Quarterly,0.09926,0.19,15.0,,,,3.4,,341.63,True,False,False,False,True,False,,10.84,12.5,1.2,1.3599999999999999,7.45,3.2,,,-1.21,733840,0.0,,,,6.49,,8.02658,-8.60083,-1.17,-1.06,-0.86,2026-10-02T00:00:00,2001-11-15T00:00:00,11/15/2001,1005782400,2026-09-15T00:00:00
257,SPXX,-0.0951,8.14099,8.9968,0.4215,17.7,3,Morningstar US CEF Covered Call,81,"Nuveen Fund Advisors, LLC.",True,18.74,0.1,20.71,2026-10-02T00:00:00,6706EW100,Nuveen S&P 500 Dynamic Overwrite,2026-10-02,XSSPX,Equity-Covered-Call Funds,,2582.653,0.0,Quarterly,0.02205,0.4215,20.0,,,,0.9700000000000001,,2854.148,False,True,False,False,True,False,,18.24,16.46,10.99,9.64,12.67,9.43,,,15.04,1611050,,,,,,,17.93054,-9.45105,-0.04,-0.67,0.6,2026-10-02T00:00:00,2005-11-22T00:00:00,11/22/2005,1132617600,2026-09-15T00:00:00
258,NIM,-0.0731,3.68644,3.97714,0.028999999999999998,-2.37,21,Morningstar US CEF Municipal,81,"Nuveen Fund Advisors, LLC.",False,8.75,0.04,9.44,2026-10-02T00:00:00,67061T101,Nuveen Select Maturity Muni,2026-10-02,XNIMX,Fixed Income - Municipal-Municipal,0.41000000000000003,108.908,-0.007,Monthly,0.16949,0.028999999999999998,12.0,4.4696,,,0.5800000000000001,,117.496,True,False,False,False,False,False,,2.8,4.77,0.32,-1.0,-3.51,-3.92,,,-2.5,207810,18.8,1.08,97.7987,,,5.2,9.34984,-5.68578,-1.21,-1.97,-1.6600000000000001,2026-10-02T00:00:00,1992-09-18T00:00:00,9/18/1992,716774400,2026-09-15T00:00:00
259,NXP,-0.011200000000000002,4.77679,4.8307,0.0535,-2.2800000000000002,21,Morningstar US CEF Municipal,81,"Nuveen Fund Advisors, LLC.",False,13.29,-0.03,13.44,2026-10-02T00:00:00,67062F100,Nuveen Select Tax Free Inc,2026-10-02,XNXPX,Fixed Income - Municipal-Municipal,3.73,846.589,0.014,Monthly,0.28791,0.0535,15.0,5.042,,,0.35000000000000003,,856.144,True,False,False,False,False,False,,3.3,4.78,0.07,-0.99,-3.7,-1.46,,,-2.84,1589590,14.4,1.31,93.9322,,9.19,8.39,14.23167,-0.21424,-0.9,-1.05,-1.02,2026-10-02T00:00:00,1992-03-19T00:00:00,3/19/1992,700963200,2026-09-15T00:00:00
260,NBB,-0.039599999999999996,7.77703,8.0979,0.0965,-2.83,20,Morningstar US CEF Taxable Muni,81,"Nuveen Fund Advisors, LLC.",False,14.3,0.0,14.89,2026-10-02T00:00:00,67074C103,Nuveen Taxable Municipal Income,2026-10-02,XNBBX,Fixed Income - Taxable-Taxable Muni,39.54,420.345,-0.051000000000000004,Monthly,0.47616,0.0965,20.0,6.8187,,,3.24,,723.903,True,False,False,False,False,False,,5.33,7.7,-1.57,-2.16,-4.23,-4.39,,,-5.19,588350,5.4,0.0,100.8368,,,7.36,15.74479,-2.82863,-1.07,-0.78,-1.1400000000000001,2026-10-02T00:00:00,2010-04-27T00:00:00,4/27/2010,1272326400,2026-09-15T00:00:00
261,NPV,-0.0725,7.3286999999999995,7.9015,0.0615,-7.01,24,Morningstar US CEF Municipal-Single State,81,"Nuveen Fund Advisors, LLC.",False,9.34,0.03,10.07,2026-10-02T00:00:00,67064R102,Nuveen VA Quality Muni Inc,2026-10-02,XNPVX,Fixed Income - Municipal-Municipal - Single-State,42.68,183.063,0.026000000000000002,Monthly,0.2321,0.0615,15.0,4.8623,,,3.54,,344.32,True,False,False,False,False,False,,2.23,5.69,-3.05,-6.06,-8.8,-12.34,,,-14.89,578050,32.8,1.53,94.9382,,13.21,8.53,11.17425,-1.63588,-2.66,-1.6400000000000001,-2.18,2026-10-02T00:00:00,1993-03-18T00:00:00,3/18/1993,732412800,2026-09-15T00:00:00
262,NPFD,-0.0564,10.08593,10.68867,0.1565,1.04,18,Morningstar US CEF Preferreds,81,"Nuveen Fund Advisors, LLC.",False,17.57,-0.06,18.62,2026-10-02T00:00:00,67080R102,Nuveen Variable Rate Pref & Inc Fund,2026-10-02,XNPFX,Fixed Income - Taxable-Preferreds,37.84,424.564,,Monthly,0.5723900000000001,0.1565,25.0,7.4994,,,4.79,,723.842,True,False,False,False,False,False,,9.93,13.94,,,-1.13,-2.0,,,-4.19,654990,8.4,0.0,102.0037,,5.52,3.48,19.01789,-4.2331900000000005,-1.01,-0.42,-0.79,2026-10-02T00:00:00,2021-12-15T00:00:00,12/15/2021,1639526400,2026-09-15T00:00:00
263,SRV,-0.0203,13.87283,14.16096,0.5,14.01,6,Morningstar US CEF MLP,33,Cushing Asset Management LP,False,42.37,-0.22,43.25,2026-10-02T00:00:00,231631300,NXG Cushing Midstream Energy Fund,2026-10-02,XSRVX,Equity-MLP,30.5,264.15,,Monthly,0.0352,0.5,20.0,,,,4.32,,387.952,True,False,False,False,False,False,,22.18,23.22,17.08,21.46,17.28,16.47,,,7.85,595840,,,,,4.57,,44.47776,-1.17826,-0.28,-2.09,-0.48,2026-10-02T00:00:00,2007-08-27T00:00:00,8/27/2007,1188172800,2026-09-15T00:00:00
264,NXG,0.0049,13.04821,12.98467,0.6,22.07,8,Morningstar US CEF Sector Equity,33,Cushing Asset Management LP,False,55.45,1.01,55.18,2026-10-02T00:00:00,231647207,NXG NextGen Infrastructure Inc,2026-10-02,XNXGX,Equity-Sector Equity,34.04,406.569,,Monthly,-0.24598,0.6,25.0,,,,4.16,,613.399,True,True,True,False,False,False,,28.65,30.65,12.45,15.46,24.24,14.83,,,22.95,701920,,,,,1.07,,54.45683,-0.9278500000000001,0.38,-0.9400000000000001,0.51,2026-10-02T00:00:00,2012-09-26T00:00:00,9/26/2012,1348617600,2026-09-15T00:00:00
265,MEGI,-0.10400000000000001,10.06711,11.23596,0.125,3.32,8,Morningstar US CEF Sector Equity,77,New York Life Investment Management LLC,False,13.35,-0.05,14.9,2026-10-02T00:00:00,56064Q107,NYLIM CBRE Glb Infra Megatrends Term Fd,2026-10-02,XMEGI,Equity-Sector Equity,22.9,694.835,,Monthly,0.39004,0.125,20.0,,,,3.73,,1005.808,True,False,False,False,False,False,,13.02,16.39,,,3.49,4.59,,,0.67,1564580,,,,,,,14.68452,-9.58272,-0.6,-1.78,-0.98,2026-10-02T00:00:00,2021-10-27T00:00:00,10/27/2021,1635292800,2026-09-24T00:00:00
266,MMD,-0.087,5.38206,5.8952,0.06749999999999999,-2.93,21,Morningstar US CEF Municipal,77,New York Life Investment Management LLC,False,13.74,0.15,15.05,2026-10-02T00:00:00,56064K100,NYLIM MacKay DefinedTerm Muni Opps Fund,2026-10-02,XMMDX,Fixed Income - Municipal-Municipal,38.13,258.03,0.24000000000000002,Monthly,0.42096,0.06749999999999999,20.0,5.1925,,,2.72,,456.791,True,False,False,False,False,True,,2.54,-0.47000000000000003,-1.79,-4.36,-4.87,-4.78,,,-5.29,665150,,,102.9954,,,5.8,15.06433,-7.47298,-1.0,-0.99,-1.31,2026-10-02T00:00:00,2012-06-27T00:00:00,6/27/2012,1340755200,2026-09-15T00:00:00
267,OCCI,-0.2965,18.92744,26.90583,0.049999999999999996,-29.47,19,Morningstar US CEF Senior Loans,82,"OFS Capital Management, LLC",True,2.23,-0.48,3.22,2026-08-31T00:00:00,67111Q107,OFS Credit Company Inc,2026-10-02,OCCI,Fixed Income - Taxable-Senior Loans,48.58,65.768,,Monthly,0.33629000000000003,0.049999999999999996,20.0,13.384,,,13.31,,181.812,True,False,False,False,True,False,,-9.97,-15.6,-8.67,-13.54,-24.6,-43.45,,,-45.63,2740300,,,,,,,3.55308,-16.05874,-1.3599999999999999,-1.5899999999999999,-1.31,2026-10-02T00:00:00,2018-10-05T00:00:00,10/5/2018,1538697600,2026-09-15T00:00:00
268,OXLC,-0.1341,23.32362,26.93603,0.19999999999999998,-30.12,19,Morningstar US CEF Senior Loans,83,Oxford Lane Management,False,8.91,-0.8,10.49,2026-08-31T00:00:00,691543847,Oxford Lane Capital Corp,2026-10-02,OXLCX,Fixed Income - Taxable-Senior Loans,43.47,870.058,,Monthly,1.29355,0.19999999999999998,20.0,10.7207,,,9.78,,1777.475,True,False,True,False,False,False,,-4.39,-7.94,-3.34,-5.84,-19.2,-21.6,,,-26.37,11955620,,,,,,,11.1704,-15.81087,0.25,-0.25,-0.21,2026-10-02T00:00:00,2011-01-20T00:00:00,1/20/2011,1295481600,2026-09-16T00:00:00
269,PCM,-0.0525,14.46304,15.26495,0.06423999999999999,1.96,16,Morningstar US CEF Limited Duration,84,"Pacific Investment Management Company, LLC",False,5.05,0.03,5.33,2026-10-02T00:00:00,69323T101,PCM Fund,2026-10-02,XPCMX,Fixed Income - Taxable-Limited Duration,33.19,62.845,0.037,Monthly,0.3113,0.06423999999999999,15.0,6.1856,,7.21,4.06,,99.275,True,False,False,False,False,False,,8.31,-6.33,1.79,-4.54,-0.45,-10.1,,,-15.08,549420,,,83.6641,,,,5.83583,2.01222,-2.06,-1.17,-1.81,2026-10-02T00:00:00,1993-09-02T00:00:00,9/2/1993,746928000,2026-09-11T00:00:00
270,PDCC,-0.2191,14.53868,18.61775,0.13,-23.85,19,Morningstar US CEF Senior Loans,86,Pearl Diver Capital LLP,True,8.3791,-0.45,10.86,2026-08-31T00:00:00,70476Q100,Pearl Diver Credit Company Inc,2026-10-02,PDCC,Fixed Income - Taxable-Senior Loans,34.05,58.114,,Monthly,0.65799,0.13,20.0,10.3946,,,8.24,,112.837,True,False,False,False,True,False,,,,,,-14.4,-27.79,,,-36.43,58330,,,,,,,11.87426,-6.52288,-1.8900000000000001,-2.17,-1.33,2026-10-02T00:00:00,2024-07-18T00:00:00,7/18/2024,1721260800,2026-09-16T00:00:00
271,PSUS,-0.233,,,,,10,Morningstar US CEF US Equity,87,"Pershing Square Capital Management, L.P.",False,37.14,0.5,48.42,2026-09-30T00:00:00,71531T105,"Pershing Square USA, Ltd",2026-10-02,PSUSX,Equity-U.S. Equity,,3714.0,,Annually,,,50.0,,,,0.0,,4842.0,False,True,True,False,False,False,,,,,,,,,,,0,,,,,,,,,,-1.03,,2026-10-02T00:00:00,2026-04-29T00:00:00,4/29/2026,1777420800,
272,GHY,-0.10679999999999999,10.35333,11.59154,0.105,1.9100000000000001,14,Morningstar US CEF High Yield,88,PGIM,False,10.870000000000001,-0.12,12.17,2026-10-02T00:00:00,69346J106,"PGIM Global High Yield Fund, Inc.",2026-10-02,XGHYX,Fixed Income - Taxable-High Yield,16.71,445.247,,Monthly,0.4495,0.105,20.0,6.6251,,0.0,2.5,,598.497,True,False,False,False,False,False,,10.29,11.71,3.52,3.79,-0.61,-4.2,,,-5.05,1598610,,,96.1418,,,,12.08299,-6.93409,-1.72,-1.5,-2.0,2026-10-02T00:00:00,2012-12-21T00:00:00,12/21/2012,1356048000,2026-09-10T00:00:00
273,ISD,-0.0993,9.699770000000001,10.76923,0.105,0.14,14,Morningstar US CEF High Yield,88,PGIM,False,11.7,-0.01,12.99,2026-10-02T00:00:00,69346H100,"PGIM High Yield Bond Fund, Inc.",2026-10-02,XISDX,Fixed Income - Taxable-High Yield,20.36,389.562,,Monthly,0.55298,0.105,20.0,6.6764,,0.0,2.15,,432.513,True,False,False,False,False,False,,8.83,9.83,3.35,3.1,-1.0,-13.48,,,-10.29,1044890,,,97.6041,,,,13.51433,-2.09799,-1.53,-1.02,-1.46,2026-10-02T00:00:00,2012-04-26T00:00:00,4/26/2012,1335398400,2026-09-10T00:00:00
274,SDHY,-0.08439999999999999,7.76048,8.47613,0.108,0.81,14,Morningstar US CEF High Yield,88,PGIM,True,15.29,0.02,16.7,2026-10-02T00:00:00,69355J104,PGIM Short Duration High Yield Opps,2026-10-02,XSDHX,Fixed Income - Taxable-High Yield,22.15,377.251,,Monthly,0.74624,0.108,20.0,6.4348,,,2.52,,412.04,True,False,False,False,True,False,,7.44,10.27,4.0,4.07,-0.51,-2.32,,,-1.35,690470,,,98.9607,,,,16.22314,-6.98703,-1.38,-1.15,-1.09,2026-10-02T00:00:00,2020-11-25T00:00:00,11/25/2020,1606262400,2026-09-10T00:00:00
275,PAXS,-0.049699999999999994,12.72392,13.3891,0.1494,3.32,17,Morningstar US CEF Multi-Sector,90,PIMCO,True,13.39,0.14,14.09,2026-10-02T00:00:00,72203T100,PIMCO Access Income,2026-10-02,XPAAX,Fixed Income - Taxable-Multi-Sector,39.16,631.359,,Monthly,0.82542,0.1494,20.0,,,8.61,5.03,,1091.962,True,False,False,False,True,False,,11.91,10.98,,,0.75,-5.17,,,-8.19,2039260,,,86.1715,,,,14.86732,-0.46673000000000003,-1.42,-0.72,-1.16,2026-10-02T00:00:00,2022-01-31T00:00:00,1/31/2022,1643587200,2026-09-11T00:00:00
276,PCQ,-0.1222,4.88688,5.56701,0.036,-6.5,22,Morningstar US CEF Municipal-CA,84,"Pacific Investment Management Company, LLC",False,7.76,0.02,8.84,2026-10-02T00:00:00,72200N106,PIMCO CA Municipal Income,2026-10-02,XPCQX,Fixed Income - Municipal-Municipal - CA,42.72,435.589,0.161,Monthly,0.21287,0.036,15.0,4.7087,,13.26,4.27,,866.235,True,False,False,False,False,False,,2.13,2.2,-4.32,-12.3,-8.63,-8.38,,,-7.14,1619410,,,95.5316,,12.88,8.47,8.7576,-11.1704,-1.19,-1.79,-1.3900000000000001,2026-10-02T00:00:00,2001-06-29T00:00:00,6/29/2001,993772800,2026-09-11T00:00:00
277,PTY,0.0091,13.03108,12.91304,0.11879999999999999,4.4,15,Morningstar US CEF Investment Grade,90,PIMCO,False,11.04,0.03,10.94,2026-10-02T00:00:00,72201B101,PIMCO Corporate & Income Opportunity Fd,2026-10-02,XPTYX,Fixed Income - Taxable-Investment Grade,24.81,2449.598,0.218,Monthly,0.57584,0.11879999999999999,15.0,,,9.15,1.52,,3228.364,True,False,False,False,False,False,,14.69,5.51,7.48,0.97,1.06,-6.47,,,-14.11,11801300,,,92.7159,,,,12.44529,7.1982800000000005,-1.31,-1.03,-1.52,2026-10-02T00:00:00,2002-12-27T00:00:00,12/27/2002,1040947200,2026-09-11T00:00:00
278,PCN,-0.0064,12.34004,12.4195,0.11249999999999999,3.45,15,Morningstar US CEF Investment Grade,84,"Pacific Investment Management Company, LLC",False,10.870000000000001,0.16,10.94,2026-10-02T00:00:00,72200U100,PIMCO Corporate & Income Strgy,2026-10-02,XPCNX,Fixed Income - Taxable-Investment Grade,22.63,832.449,0.038,Monthly,0.57707,0.11249999999999999,15.0,,,8.68,1.53,,1082.814,True,False,False,False,False,False,,12.57,6.9,6.26,0.41000000000000003,0.38,-8.76,,,-10.55,3482990,,,92.1831,,,,12.18402,4.82459,-1.8399999999999999,-1.31,-1.98,2026-10-02T00:00:00,2001-12-21T00:00:00,12/21/2001,1008892800,2026-09-11T00:00:00
279,PDI,-0.0387,17.66355,18.375,0.2205,4.0,17,Morningstar US CEF Multi-Sector,84,"Pacific Investment Management Company, LLC",False,14.4,0.25,14.98,2026-10-02T00:00:00,72201Y101,PIMCO Dynamic Income Fund,2026-10-02,XPDIX,Fixed Income - Taxable-Multi-Sector,35.54,6863.277,,Monthly,0.8897,0.2205,25.0,,,8.9,3.79,,11075.637,True,False,False,False,False,False,,13.2,8.47,5.5,2.22,0.61,-10.55,,,-16.93,30149570,,,89.064,,,,17.17023,5.44803,-1.9,-0.75,-1.3599999999999999,2026-10-02T00:00:00,2012-05-25T00:00:00,5/25/2012,1337904000,2026-09-11T00:00:00
280,PDO,-0.0138,12.49837,12.67382,0.12789999999999999,4.47,13,Morningstar US CEF Global Income,84,"Pacific Investment Management Company, LLC",True,12.11,0.28,12.28,2026-10-02T00:00:00,69355M107,PIMCO Dynamic Income Opportunities Fund,2026-10-02,XPDOX,Fixed Income - Taxable-Global Income,36.83,1762.972,,Monthly,0.62591,0.12789999999999999,20.0,,,8.82,4.3,,2830.136,True,False,False,False,True,False,,13.63,12.66,2.98,1.72,0.97,-6.31,,,-5.48,7015360,,,89.112,,,,13.34037,2.60527,-1.48,-0.39,-0.97,2026-10-02T00:00:00,2021-01-29T00:00:00,1/29/2021,1611878400,2026-09-11T00:00:00
281,PDX,-0.08789999999999999,8.06784,8.84509,0.15302,4.21,25,Morningstar US CEF Global Allocation,90,PIMCO,True,20.76,0.26,22.76,2026-10-02T00:00:00,69346N107,PIMCO Dynamic Income Strategy Fund,2026-10-02,XPDX,Hybrid-Global Allocation,22.54,928.116,,Monthly,0.63903,0.15302,20.0,6.1539,,7.48,3.01,,1313.704,True,False,True,False,True,True,,11.87,13.43,19.23,21.58,13.34,14.48,,,1.92,1267390,,,91.6489,,,,21.12045,-9.96653,0.96,0.61,0.87,2026-10-02T00:00:00,2019-01-30T00:00:00,1/30/2019,1548806400,2026-09-11T00:00:00
282,PGP,-0.0277,9.5612,9.83385,0.06899999999999999,11.64,25,Morningstar US CEF Global Allocation,84,"Pacific Investment Management Company, LLC",False,8.4199,0.19,8.66,2026-10-02T00:00:00,722011103,PIMCO Global StocksPLUS & Income,2026-10-02,XPGPX,Hybrid-Global Allocation,51.05,97.601,0.07,Monthly,0.40356000000000003,0.06899999999999999,25.0,,,8.33,2.35,,205.055,True,False,False,False,False,False,,21.23,19.1,7.09,4.97,4.61,-3.86,,,5.14,458950,,,92.0495,,,,8.75525,-1.8538700000000001,-0.32,2.7199999999999998,0.28,2026-10-02T00:00:00,2005-05-31T00:00:00,5/31/2005,1117497600,2026-09-11T00:00:00
283,PHK,-0.0326,13.42657,13.87952,0.048,4.46,17,Morningstar US CEF Multi-Sector,84,"Pacific Investment Management Company, LLC",False,4.15,0.01,4.29,2026-10-02T00:00:00,722014107,PIMCO High Income,2026-10-02,XPHKX,Fixed Income - Taxable-Multi-Sector,20.44,792.977,-0.044000000000000004,Monthly,0.23848,0.048,15.0,,,9.48,1.78,,1030.292,True,False,False,False,False,False,,12.67,10.5,6.09,3.6,1.28,-7.22,,,-6.8,8318570,,,92.3547,,,,4.70188,3.14091,-2.61,-1.56,-2.2,2026-10-02T00:00:00,2003-04-30T00:00:00,4/30/2003,1051660800,2026-09-11T00:00:00
284,PFL,-0.0319,13.54785,13.99427,0.0814,2.76,17,Morningstar US CEF Multi-Sector,90,PIMCO,False,6.98,0.07,7.21,2026-10-02T00:00:00,72201H108,PIMCO Income Strategy,2026-10-02,XPFLX,Fixed Income - Taxable-Multi-Sector,0.91,351.016,0.077,Monthly,0.32637,0.0814,20.0,,,7.52,1.29,,365.919,True,False,False,False,False,False,,11.4,9.22,4.44,1.48,-0.21,-9.99,,,-8.18,2164620,,,88.49,,,,8.02326,3.4283200000000003,-2.37,-1.4,-1.97,2026-10-02T00:00:00,2003-08-26T00:00:00,8/26/2003,1061856000,2026-09-11T00:00:00
285,PFN,-0.0335,13.13415,13.58991,0.0718,3.79,17,Morningstar US CEF Multi-Sector,84,"Pacific Investment Management Company, LLC",False,6.34,0.06,6.56,2026-10-02T00:00:00,72201J104,PIMCO Income Strategy II,2026-10-02,XPFNX,Fixed Income - Taxable-Multi-Sector,29.44,632.444,0.094,Monthly,0.37475,0.0718,20.0,,,9.57,2.33,,927.388,True,False,False,False,False,False,,12.52,11.0,5.03,2.18,0.44,-8.67,,,-7.01,4605720,,,91.5197,,,,7.13084,1.856,-2.17,-1.3599999999999999,-1.76,2026-10-02T00:00:00,2004-10-29T00:00:00,10/29/2004,1099008000,2026-09-11T00:00:00
286,PML,-0.0801,6.6573,7.23664,0.0395,-7.5600000000000005,21,Morningstar US CEF Municipal,90,PIMCO,False,6.55,0.07,7.12,2026-10-02T00:00:00,72200W106,PIMCO Municipal Income II,2026-10-02,XPMLX,Fixed Income - Municipal-Municipal,45.2,821.814,0.10300000000000001,Monthly,0.20781,0.0395,15.0,5.0244,,13.98,4.19,,1630.216,True,False,False,False,False,False,,1.5,0.72,-5.09,-9.69,-9.0,-8.66,,,-11.61,4553550,,,97.8724,,12.82,8.36,7.53709,-5.84632,-1.8599999999999999,-1.87,-1.98,2026-10-02T00:00:00,2002-06-28T00:00:00,6/28/2002,1025222400,2026-09-11T00:00:00
287,PNI,-0.1106,5.08621,5.7189,0.0295,-7.04,23,Morningstar US CEF Municipal-NY,90,PIMCO,False,6.19,0.02,6.96,2026-10-02T00:00:00,72200Y102,PIMCO NY Municipal Income II,2026-10-02,XPNIX,Fixed Income - Municipal-Municipal - NY,42.12,147.851,0.065,Monthly,0.16939,0.0295,15.0,4.8444,,13.36,4.31,,287.206,True,False,False,False,False,False,,1.04,3.46,-5.57,-7.55,-8.43,-7.72,,,-7.34,610160,,,98.1725,,13.91,9.17,6.91913,-10.87572,-0.25,-1.31,-0.9500000000000001,2026-10-02T00:00:00,2002-06-28T00:00:00,6/28/2002,1025222400,2026-09-11T00:00:00
288,RCS,0.1624,11.13689,9.58084,0.04,3.32,15,Morningstar US CEF Investment Grade,90,PIMCO,False,5.01,-0.04,4.31,2026-10-02T00:00:00,72200X104,PIMCO Strategic Income Fund,2026-10-02,XRCSX,Fixed Income - Taxable-Investment Grade,81.27,237.875,0.019,Monthly,0.2242,0.04,12.5,6.5746,,7.58,2.73,,1092.719,True,False,False,False,False,False,,14.24,7.73,4.24,3.39,-0.8,-2.64,,,-27.27,1591750,,,98.2536,,,,5.81382,26.10767,-0.71,0.84,-0.12,2026-10-02T00:00:00,1994-02-24T00:00:00,2/24/1994,762048000,2026-09-11T00:00:00
289,PWRL,-0.29760000000000003,6.0037,8.54737,0.0812,,8,Morningstar US CEF Sector Equity,91,Powerlaw Fund Adviser LLC,False,11.4,1.12,16.23,2026-08-31T00:00:00,738922103,Powerlaw Corp.,2026-10-02,XPWRX,Equity-Sector Equity,,481.294,,Monthly,,0.0812,,,,,0.0,,,False,True,True,False,False,False,,,,,,,,,,,0,,,,,,,,,,-0.52,,2026-10-02T00:00:00,2026-05-27T00:00:00,5/27/2026,1779840000,
290,PGZ,-0.10679999999999999,12.34084,13.81579,0.105,-0.46,7,Morningstar US CEF Real Estate,92,Principal Funds,True,9.12,0.19,10.21,2026-10-02T00:00:00,74255X104,Principal Real Estate Income Fund,2026-10-02,XPGZX,Equity-Real Estate,31.89,61.05,,Monthly,0.34794,0.105,20.0,3.7804,,,4.79,,100.347,True,False,False,False,True,False,,11.55,12.71,-0.19,1.5899999999999999,-1.03,-2.15,,,-3.43,249920,,,79.7282,,4.67,,10.05924,-10.14895,-0.34,-0.85,-0.5700000000000001,2026-10-02T00:00:00,2013-06-26T00:00:00,6/26/2013,1372204800,2026-09-16T00:00:00
291,UTG,-0.0014000000000000002,7.13275,7.14286,0.21,-6.72,8,Morningstar US CEF Sector Equity,93,Reaves Asset Management,True,35.28,0.74,35.33,2026-10-02T00:00:00,756158101,Reaves Utility Income,2026-10-02,XUTGX,Equity-Sector Equity,22.6,3249.611,,Monthly,0.14102,0.21,20.0,,,,2.09,,4204.217,True,False,True,False,True,False,,20.47,19.98,9.2,8.63,-0.8200000000000001,-2.18,,,-7.72,2657020,,,,,2.62,,39.26513,-0.46354000000000006,0.26,-0.16,0.28,2026-10-02T00:00:00,2004-02-24T00:00:00,2/24/2004,1077580800,2026-09-17T00:00:00
292,RCG,0.064,,,0.022371,-2.81,26,Morningstar US CEF US Allocation,63,Horizon Kinetics Asset Management LLC,False,2.9899,0.03,2.81,2026-10-02T00:00:00,759720105,RENN Fund ord,2026-10-02,XXRENNX,Hybrid-U.S. Allocation,11.03,20.976,,Data Not Available,-0.00459,0.022371,10.0,,,,1.56,,19.714,True,True,True,False,False,False,,10.41,19.22,0.43,4.75,-2.12,15.95,,,16.86,78360,,,,,0.15,,2.81263,-8.92255,2.93,2.11,2.37,2026-10-02T00:00:00,1994-01-20T00:00:00,1/20/1994,759024000,2024-12-16T00:00:00
293,RSF,-0.0344,11.10121,11.49686,0.1371,7.15,14,Morningstar US CEF High Yield,94,"RiverNorth Capital Management, LLC",False,14.31,-0.05,14.82,2026-10-02T00:00:00,76882B108,RiverNorth Capital and Inc Fund,2026-10-02,XRSFX,Fixed Income - Taxable-High Yield,9.65,49.576,,Monthly,1.03503,0.1371,21.42,,,,3.96,,51.343,True,False,True,False,False,False,,8.98,10.02,5.99,5.66,5.11,8.58,,,8.92,146020,,,,,2.96,,14.5485,-4.03545,0.53,-0.84,-0.65,2026-10-02T00:00:00,2016-09-22T00:00:00,9/22/2016,1474502400,2026-09-15T00:00:00
294,RFM,-0.0953,7.35699,8.13231,0.0881,-3.03,21,Morningstar US CEF Municipal,94,"RiverNorth Capital Management, LLC",True,13.0,0.03,14.37,2026-10-02T00:00:00,76883H104,RiverNorth Flexible Municipal Income,2026-10-02,XRFMX,Fixed Income - Municipal-Municipal,42.92,79.491,,Monthly,0.07615,0.0881,20.0,5.1551,,,4.46,,153.948,True,False,False,False,True,True,,4.2,4.0,-2.23,-3.13,-4.38,-2.83,,,-4.28,201190,,,103.2065,,16.43,16.44,14.33411,-8.72332,-0.6,-1.63,-1.31,2026-10-02T00:00:00,2020-03-26T00:00:00,3/26/2020,1585180800,2026-09-15T00:00:00
295,RFMZ,-0.0978,7.37051,8.16935,0.0804,-3.06,21,Morningstar US CEF Municipal,94,"RiverNorth Capital Management, LLC",True,11.81,-0.01,13.09,2026-10-02T00:00:00,76883Y107,RiverNorth Flexible Municipal Income II,2026-10-02,XRFZX,Fixed Income - Municipal-Municipal,42.74,287.594,,Monthly,0.07449,0.0804,20.0,5.1719,,,0.0,,556.694,True,False,False,False,True,True,,4.2,6.04,-1.8900000000000001,-3.46,-4.64,-2.34,,,-3.37,768070,,,102.4874,,15.2,15.07,12.99277,-9.27105,-0.35000000000000003,-1.56,-1.1400000000000001,2026-10-02T00:00:00,2021-02-24T00:00:00,2/24/2021,1614124800,2026-09-15T00:00:00
296,RMMZ,-0.0873,7.35351,8.05727,0.0891,-3.11,21,Morningstar US CEF Municipal,94,"RiverNorth Capital Management, LLC",False,13.27,0.1,14.54,2026-10-02T00:00:00,76882M104,RiverNorth Manage Dur Muni Inc Fd II Inc,2026-10-02,XRMZX,Fixed Income - Municipal-Municipal,41.57,112.198,,Monthly,0.09213,0.0891,20.0,5.1983,,,4.48,,210.381,True,False,False,False,False,True,,4.21,4.57,,,-4.4,-4.69,,,-5.96,219850,,,103.2456,,14.98,13.91,14.72389,-7.09247,-1.67,-1.62,-2.09,2026-10-02T00:00:00,2022-02-10T00:00:00,2/10/2022,1644451200,2026-09-15T00:00:00
297,RMM,-0.0739,7.36522,7.95305,0.0847,-3.15,21,Morningstar US CEF Municipal,94,"RiverNorth Capital Management, LLC",False,12.78,0.19,13.8,2026-10-02T00:00:00,76882H105,RiverNorth Managed Duration Muni Inc Fd,2026-10-02,XRMMX,Fixed Income - Municipal-Municipal,42.88,252.272,,Monthly,0.06903000000000001,0.0847,20.0,5.1325,,,4.31,,476.917,True,False,False,False,False,True,,4.47,4.48,-0.89,-2.01,-4.49,-2.84,,,-4.67,628330,,,103.1319,,9.8,16.2,14.14122,-6.12225,-0.66,-1.83,-1.77,2026-10-02T00:00:00,2019-07-25T00:00:00,7/25/2019,1564012800,2026-09-15T00:00:00
298,RMI,-0.0536,7.32692,7.74165,0.08889999999999999,-2.75,21,Morningstar US CEF Municipal,94,"RiverNorth Capital Management, LLC",False,13.78,-0.43,14.56,2026-10-02T00:00:00,76883F108,RiverNorth Opp Muni Income Fund Inc,2026-10-02,XRMIX,Fixed Income - Municipal-Municipal,43.15,87.847,,Monthly,0.08215,0.08889999999999999,20.0,5.1582,,,4.43,,163.265,True,False,False,False,False,True,,4.32,7.03,-2.1,-1.69,-3.98,3.84,,,3.64,216150,,,102.9981,,16.18,16.15,15.01257,-5.21125,-0.05,-1.6400000000000001,-1.28,2026-10-02T00:00:00,2018-10-25T00:00:00,10/25/2018,1540425600,2026-09-15T00:00:00
299,RIV,-0.08779999999999999,13.62783,14.93994,0.1306,6.07,26,Morningstar US CEF US Allocation,94,"RiverNorth Capital Management, LLC",True,10.49,0.1,11.5,2026-10-02T00:00:00,76881Y109,RiverNorth Opportunities Fund,2026-10-02,XRIVX,Hybrid-U.S. Allocation,25.18,322.337,,Monthly,-0.12127,0.1306,20.0,6.4636,,,1.9100000000000001,,472.286,True,False,False,False,True,True,,14.35,13.94,6.7,3.81,3.21,-1.3900000000000001,,,-0.32,935130,,,99.6122,,,,11.51533,-5.97334,-1.33,-0.61,-1.22,2026-10-02T00:00:00,2015-12-23T00:00:00,12/23/2015,1450828800,2026-09-15T00:00:00
300,OPP,-0.1225,13.78788,15.71223,0.091,3.11,14,Morningstar US CEF High Yield,94,"RiverNorth Capital Management, LLC",True,6.95,0.04,7.92,2026-10-02T00:00:00,76882G107,RiverNorth/DoubleLine Strategic Opp Fund,2026-10-02,XOPPX,Fixed Income - Taxable-High Yield,38.56,173.681,,Monthly,0.32888,0.091,20.0,4.9871,,,2.8,,322.114,True,False,False,False,True,True,,10.08,10.57,2.26,0.29,-0.41000000000000003,-3.18,,,-5.9,1074850,,,75.0069,,,,7.7569,-9.02402,-2.35,-1.94,-2.48,2026-10-02T00:00:00,2016-09-27T00:00:00,9/27/2016,1474934400,2026-09-15T00:00:00
301,RVI,0.0967,,,,,5,Morningstar US CEF Global Equity,95,"Robinhood Ventures DE, LLC",True,27.44,-6.51,25.02,2026-06-30T00:00:00,770701100,Robinhood Ventures Fund I,2026-10-02,XRVIX,Equity-Global Equity,,747.664,,Annually,,,25.0,,,,2.72,,681.725,False,True,True,False,True,False,,,,,,,,,,,0,,,,,,,,,,-0.2,-0.61,2026-10-02T00:00:00,2026-03-06T00:00:00,3/6/2026,1772755200,
302,BOT,1.2969,,,,,8,Morningstar US CEF Sector Equity,52,"FP Strategies, LLC",True,29.325,2.31,11.35,2026-08-31T00:00:00,77106T107,RoboStrategy Inc,2026-10-02,XBOTX,Equity-Sector Equity,,,,,,,,,,,0.0,,,False,True,True,False,True,False,,,,,,,,,,,0,,,,,,,,,,,,2026-10-02T00:00:00,2026-05-11T00:00:00,5/11/2026,1778457600,
303,RGT,-0.17059999999999997,1.1065800000000001,1.33427,0.19,14.65,5,Morningstar US CEF Global Equity,96,Royce Investment Partners,False,14.24,0.02,17.17,2026-10-02T00:00:00,78081T104,"Royce Global Trust, Inc.",2026-10-02,XRGTX,Equity-Global Equity,2.11,93.455,,Annually,0.26180000000000003,0.19,8.975,,,,1.35,,112.684,True,True,False,False,False,False,,19.51,20.64,5.85,3.81,11.68,8.62,,,11.59,201160,,,,,,,13.963330000000001,-14.91884,-1.9300000000000002,-1.9500000000000002,-1.9,2026-10-02T00:00:00,2013-10-18T00:00:00,10/18/2013,1382054400,2025-12-11T00:00:00
304,RMT,-0.1265,5.9088,6.76471,0.22999999999999998,37.83,10,Morningstar US CEF US Equity,96,Royce Investment Partners,True,13.6,0.19,15.57,2026-10-02T00:00:00,780915104,Royce Micro-Cap Trust,2026-10-02,XOTCX,Equity-U.S. Equity,3.43,737.005,,Quarterly,-0.0471,0.22999999999999998,10.0,,,,1.3900000000000001,,873.762,True,True,False,False,True,False,,25.24,27.02,11.21,12.35,34.94,35.28,,,38.85,1191310,,,,,,,12.35648,-11.44012,-1.6099999999999999,-1.69,-1.62,2026-10-02T00:00:00,1993-12-14T00:00:00,12/14/1993,755827200,2026-09-11T00:00:00
305,RVT,-0.1242,6.64909,7.59236,0.3278,17.14,10,Morningstar US CEF US Equity,96,Royce Investment Partners,True,17.27,0.18,19.72,2026-10-02T00:00:00,780910105,Royce Small-Cap Trust,2026-10-02,XRVTX,Equity-U.S. Equity,1.5899999999999999,2145.775,,Quarterly,0.08396,0.3278,10.0,,,,1.35,,2450.185,True,False,False,False,True,False,,17.87,19.51,7.54,7.97,14.88,12.25,,,15.73,2702810,,,,,,,17.41529,-9.87729,-1.34,-1.07,-0.98,2026-10-02T00:00:00,1986-11-26T00:00:00,11/26/1986,533347200,2026-09-11T00:00:00
306,BRW,-0.1522,14.24581,16.80395,0.08499999999999999,0.19,19,Morningstar US CEF Senior Loans,97,"Saba Capital Management, LP",False,6.07,-0.01,7.16,2026-10-02T00:00:00,78518H202,Saba Capital Income & Opportunities Fund,2026-10-02,XPPRX,Fixed Income - Taxable-Senior Loans,12.95,315.246,,Monthly,0.07357,0.08499999999999999,10.0,,,,5.82,,409.253,True,False,False,False,False,False,,9.71,6.57,7.18,5.57,3.02,-4.22,,,-9.8,2560990,,,,,6.5,,6.774,-11.25252,-2.12,-1.74,-2.44,2026-10-02T00:00:00,1988-05-12T00:00:00,5/12/1988,579398400,2026-09-09T00:00:00
307,SABA,-0.1555,7.41214,8.7768,0.057999999999999996,1.75,13,Morningstar US CEF Global Income,97,"Saba Capital Management, LP",False,7.93,-0.01,9.39,2026-10-02T00:00:00,880198205,Saba Capital Income & Ops Fund II,2026-10-02,XSABX,Fixed Income - Taxable-Global Income,,214.025,,Monthly,0.07175000000000001,0.057999999999999996,10.0,8.2106,,7.8100000000000005,4.58,,248.679,False,False,False,False,False,False,,12.15,10.66,4.88,2.94,4.99,2.15,,,-4.61,707370,,,,,,,8.36827,-12.80517,-1.83,-1.65,-1.87,2026-10-02T00:00:00,1988-03-17T00:00:00,3/17/1988,574560000,2026-09-09T00:00:00
308,SPMC,-0.0983,25.64103,28.43602,0.13,-30.38,19,Morningstar US CEF Senior Loans,99,Sound Point Meridian Management Company LLC,True,8.44,-1.08,9.56,2026-08-31T00:00:00,83617A108,Sound Point Meridian Capital Inc,2026-10-02,,Fixed Income - Taxable-Senior Loans,46.5,177.969,,Monthly,1.06488,0.13,20.0,,,,10.95,,368.881,True,False,False,False,True,False,,,,,,-19.9,-26.04,,,-38.49,287910,,,,,,,11.7864,-1.09337,-1.11,-1.8599999999999999,-2.19,2026-10-02T00:00:00,2024-06-14T00:00:00,6/14/2024,1718323200,2026-09-15T00:00:00
309,SOR,-0.0965,5.02432,5.56085,0.20829999999999999,11.72,26,Morningstar US CEF US Allocation,48,"First Pacific Advisors, LP",True,44.95,-0.02,49.75,2026-10-02T00:00:00,836144303,Source Capital,2026-10-02,XSORX,Hybrid-U.S. Allocation,0.0,369.982,,Monthly,0.8443200000000001,0.20829999999999999,17.5,3.0678,,,0.9800000000000001,,409.491,True,False,False,False,True,False,,14.52,15.03,9.42,9.4,7.15,3.34,,,7.67,108880,,,,,,,46.38542,-5.44902,-1.58,-1.85,-1.63,2026-10-02T00:00:00,1968-10-24T00:00:00,10/24/1968,-37497600,2026-09-16T00:00:00
310,SPE,-0.1561,8.7018,10.31146,0.10869999999999999,-0.41000000000000003,10,Morningstar US CEF US Equity,22,Bulldog Investors LLP,False,12.65,0.04,14.99,2026-10-02T00:00:00,84741T104,Special Opportunities,2026-10-02,XSPEX,Equity-U.S. Equity,25.98,134.383,,Monthly,0.3212,0.10869999999999999,15.0,5.1616,,19.11,1.8599999999999999,,215.135,True,False,False,False,False,False,,14.55,16.51,8.16,7.38,-1.6,-7.72,,,-6.32,351380,,,,,,,14.28646,-11.29551,-1.72,-0.92,-1.12,2026-10-02T00:00:00,1993-06-08T00:00:00,6/8/1993,739497600,2026-09-22T00:00:00
311,FUND,-0.1114,5.53591,6.23005,0.1503,22.45,10,Morningstar US CEF US Equity,101,Sprott Asset Management USA Inc.,True,9.65,0.04,10.86,2026-10-02T00:00:00,85208J109,Sprott Focus Trust,2026-10-02,XFUNX,Equity-U.S. Equity,0.0,287.1,,Quarterly,0.09339,0.1503,10.0,,,,1.13,,323.099,True,True,False,False,True,False,,16.36,16.99,11.0,11.24,16.33,17.48,,,25.44,254740,,,,,,,9.53122,-10.4313,-0.97,-1.87,-1.5,2026-10-02T00:00:00,1988-03-01T00:00:00,3/1/1988,573177600,2026-09-15T00:00:00
312,CEF,-0.0371,,,,40.59,2,Morningstar US CEF Commodity,100,Sprott Asset Management LP,False,41.48,-0.26,43.08,2026-10-02T00:00:00,85208R101,Sprott Physical Gold and Silver Trust,2026-10-02,XCEFX,Equity-Commodities,,7074.012,,Data Not Available,0.0,,13.72,,,,0.46,,7346.877,False,False,True,False,False,False,,33.92,33.86,20.16,19.38,-1.6600000000000001,-9.3,,,13.22,10213370,,,,,,,45.30245,-4.39832,-0.16,-1.56,-0.54,2026-10-02T00:00:00,2018-01-16T00:00:00,1/16/2018,1516060800,
313,PHYS,-0.0268,,,,27.82,2,Morningstar US CEF Commodity,100,Sprott Asset Management LP,False,31.21,-0.23,32.07,2026-10-02T00:00:00,85207H104,Sprott Physical Gold Trust Unit,2026-10-02,,Equity-Commodities,,15158.501,,Data Not Available,0.0,,10.0,,,,0.4,,15576.198,False,False,False,False,False,False,,30.88,29.74,18.86,17.77,2.29,-5.3,,,5.57,49836190,,,,,,,33.72467,-2.34231,-2.23,-2.83,-2.75,2026-10-02T00:00:00,2010-02-26T00:00:00,2/26/2010,1267142400,
314,SPPP,-0.0397,,,,25.17,2,Morningstar US CEF Commodity,100,Sprott Asset Management LP,False,13.31,-0.01,13.86,2026-10-02T00:00:00,85207Q104,Sprott Physical Platinum & Palladium Tr,2026-10-02,,Equity-Commodities,,501.657,,Data Not Available,0.0,,10.0,,,,1.01,,522.386,False,False,True,False,False,False,,10.61,7.63,-2.75,-1.28,-14.44,-20.25,,,-1.1,8660610,,,,,,,15.3408,-4.96843,-0.15,-0.5700000000000001,0.21,2026-10-02T00:00:00,2012-12-19T00:00:00,12/19/2012,1355875200,
315,PSLV,-0.05,,,,65.65,2,Morningstar US CEF Commodity,100,Sprott Asset Management LP,False,19.55,-0.05,20.58,2026-10-02T00:00:00,85207K107,Sprott Physical Silver Trust Unit,2026-10-02,,Equity-Commodities,,11887.432,,Data Not Available,0.0,,10.0,,,,0.56,,12513.726,False,False,False,False,False,False,,38.27,36.72,21.55,20.32,-7.65,-18.1,,,23.38,130925910,,,,,,,22.3687,-4.76727,-0.84,-1.27,-0.54,2026-10-02T00:00:00,2010-10-29T00:00:00,10/29/2010,1288310400,
316,STEW,-0.23170000000000002,3.49803,4.55322,0.19999999999999998,1.6099999999999999,10,Morningstar US CEF US Equity,85,Paralel Advisors LLC,True,17.57,0.05,22.87,2026-10-02T00:00:00,101507101,SRH Total Return Fund,2026-10-02,XSTEX,Equity-U.S. Equity,9.21,1694.477,,Quarterly,0.03245,0.19999999999999998,10.0,5.4511,,,1.42,,2429.452,True,False,False,False,True,False,,15.4,14.66,10.97,9.94,0.56,-3.12,,,-0.18,780470,,,,,0.4,,17.92877,-21.72018,-1.53,-1.3599999999999999,-1.03,2026-10-02T00:00:00,1972-12-07T00:00:00,12/7/1972,92534400,2026-07-24T00:00:00
317,TWN,-0.1833,4.85529,5.94515,6.2002,119.12,1,Morningstar US CEF Asia Equity,80,Nomura Asset Management USA Inc,False,104.29,2.55,127.7,2026-10-02T00:00:00,874036106,Taiwan Fund,2026-10-02,XXTWNXX,Equity-Asia Equity,,598.837,,Annually,0.0,6.2002,22.42,,,,1.32,,733.258,False,True,False,False,False,False,,61.02,66.15,32.94,33.33,98.5,90.97,,,110.44,316280,,,,,,,75.71907,-16.1207,-0.48,0.17,-0.25,2026-10-02T00:00:00,1986-12-23T00:00:00,12/23/1986,535680000,2025-12-29T00:00:00
318,TSI,-0.0949,7.16456,7.91608,0.0283,-1.38,17,Morningstar US CEF Multi-Sector,102,TCW Investment Management Co LLC,False,4.29,0.01,4.74,2026-10-02T00:00:00,872340104,TCW Strategic Income,2026-10-02,XXCVTXX,Fixed Income - Taxable-Multi-Sector,0.0,273.333,,Monthly,0.16068,0.0283,10.0,0.0592,,,1.17,,302.004,True,False,False,False,False,False,,6.04,5.8100000000000005,2.69,1.72,-2.51,-8.33,,,-5.54,1317220,,,97.3828,,,,4.63943,-7.281,-1.31,-0.43,-1.1,2026-10-02T00:00:00,1987-03-05T00:00:00,3/5/1987,541900800,2026-09-17T00:00:00
319,TDF,-0.1725,5.2264800000000005,6.31579,0.15,-11.42,1,Morningstar US CEF Asia Equity,103,Templeton Asset Management Ltd.,False,9.5,-0.13,11.48,2026-10-02T00:00:00,88018T101,Templeton Dragon,2026-10-02,XTDFX,Equity-Asia Equity,0.72,238.219,,Quarterly,0.07077,0.15,15.0,,,,1.21,,289.953,True,False,False,False,False,False,,7.23,7.67,-6.85,-7.91,-8.05,-10.11,,,-12.34,701560,,,,,,,11.1023,-14.28202,-3.03,-2.48,-2.39,2026-10-02T00:00:00,1994-09-20T00:00:00,9/20/1994,780019200,2026-09-23T00:00:00
320,TEI,-0.10460000000000001,9.54345,10.65789,0.054,17.62,12,Morningstar US CEF Emerging Market Income,53,"Franklin Advisers, Inc.",False,6.08,0.0,6.79,2026-10-02T00:00:00,880192109,Templeton Emerg Mkts Income,2026-10-02,XTEIX,Fixed Income - Taxable-Emerging Market Income,16.85,287.149,,Monthly,0.37173,0.054,15.0,8.1019,,,2.37,,385.681,True,False,False,False,False,False,,20.42,23.58,7.76,7.09,8.21,2.13,,,13.84,1777460,,,,,5.59,,6.50997,-6.02449,-2.56,-2.38,-2.38,2026-10-02T00:00:00,1993-09-23T00:00:00,9/23/1993,748742400,2026-09-23T00:00:00
321,EMF,-0.1157,3.77804,4.27236,0.24,52.82,4,Morningstar US CEF Emerging Market Equity,55,"Franklin Templeton, Inc",False,22.47,0.27,25.41,2026-10-02T00:00:00,880191101,Templeton Emerging Markets,2026-10-02,XEMFX,Equity-Emerging Market Equity,2.5700000000000003,335.879,,Quarterly,0.05477,0.24,20.0,,,,1.34,,389.826,True,True,False,False,False,False,,34.32,37.65,14.14,15.45,36.46,35.12,,,52.05,422990,,,,,,,19.9826,-10.16384,-0.93,-0.86,-0.99,2026-10-02T00:00:00,1987-02-26T00:00:00,2/26/1987,541296000,2026-09-23T00:00:00
322,CEE,-0.1501,1.81567,2.13631,0.3871,42.66,4,Morningstar US CEF Emerging Market Equity,40,DWS,False,18.12,-0.01,21.32,2026-10-02T00:00:00,153436100,The Central and Eastern Europe Fund,2026-10-02,XCEEX,Equity-Emerging Market Equity,5.1,118.146,,Annually,0.05509,0.3871,19.0,,,,1.26,,146.474,True,False,False,False,False,False,,44.46,33.87,-5.66,-5.27,26.55,6.67,,,25.56,261770,,,,,,,18.94933,-2.9098800000000002,-2.73,-1.43,-1.96,2026-10-02T00:00:00,1990-03-06T00:00:00,3/6/1990,636681600,2025-12-30T00:00:00
323,TBLD,-0.1097,5.50678,6.18525,0.10417,12.97,25,Morningstar US CEF Global Allocation,105,Thornburg Investment Management Inc,False,20.21,0.09,22.7,2026-10-02T00:00:00,885213108,Thornburg Income Builder Opp Trust,2026-10-02,XTBLX,Hybrid-Global Allocation,0.07,648.375,,Monthly,0.26058,0.10417,20.0,5.4699,,,1.62,,728.776,True,False,False,False,False,True,,17.25,19.67,9.81,7.91,9.09,5.07,,,8.4,598140,,,88.195,,,,21.25387,-6.03103,-2.9,-1.78,-2.39,2026-10-02T00:00:00,2021-07-27T00:00:00,7/27/2021,1627344000,2026-09-11T00:00:00
324,TYG,-0.095,13.53598,14.9567,0.475,-1.98,6,Morningstar US CEF MLP,106,"Tortoise Capital Advisors, LLC",False,38.11,0.37,42.11,2026-10-02T00:00:00,89147L886,Tortoise Energy Infrastructure Corp.,2026-10-02,XTYGX,Equity-MLP,25.12,805.249,,Monthly,-0.21128,0.475,25.0,,,,3.13,,1429.029,True,False,False,False,False,False,,17.48,22.15,12.83,18.23,2.18,2.8200000000000003,,,0.66,1372070,,,,,0.25,,44.50249,-4.61926,-1.51,-2.11,-1.45,2026-10-02T00:00:00,2004-02-27T00:00:00,2/27/2004,1077840000,2026-09-23T00:00:00
325,SWZ,-0.2114,7.97866,10.11691,3.0,2.8200000000000003,9,Morningstar US CEF Single Country Equity,22,Bulldog Investors LLP,False,5.765,0.05,7.31,2026-10-02T00:00:00,870875101,Total Return Securities Fund,2026-10-02,XSWZX,Equity-Single-Country Equity,0.0,74.794,,Quarterly,0.02228,3.0,8.0,5.0717,,19.19,2.21,,94.839,True,False,False,False,False,False,,4.55,2.88,2.11,0.91,5.35,-8.36,,,-6.25,666610,,,,,,7.94,6.00529,-16.8226,-1.4100000000000001,-1.99,-1.62,2026-10-02T00:00:00,1987-08-27T00:00:00,8/27/1987,557020800,2025-03-18T00:00:00
326,TY,-0.1125,3.06546,3.45423,0.29619999999999996,12.39,26,Morningstar US CEF US Allocation,31,"Columbia Mgmt Investment Advisers, LLC",False,34.3,0.1,38.65,2026-10-02T00:00:00,895436103,Tri-Continental,2026-10-02,XTYCX,Hybrid-U.S. Allocation,1.79,1832.393,,Quarterly,0.57654,0.29619999999999996,10.0,6.0509,,,0.46,,2102.418,True,True,False,False,False,False,,17.51,19.46,9.89,11.12,9.76,9.51,,,12.71,352380,,,,,4.48,,34.0036,-10.293050000000001,-1.19,-1.55,-1.4,2026-10-02T00:00:00,1929-01-14T00:00:00,1/14/1929,-1292716800,2026-09-14T00:00:00
327,DHY,-0.13369999999999999,10.02695,11.57436,0.155,-5.1,14,Morningstar US CEF High Yield,107,UBS Asset Management (Americas) LLC,False,16.07,0.02,18.55,2026-10-02T00:00:00,22544F202,UBS Asset Management High Yield Credit,2026-10-02,XDHYX,Fixed Income - Taxable-High Yield,31.41,166.501,,Monthly,0.83077,0.155,10.0,7.1326,,,3.62,,280.19,True,False,False,False,False,False,,5.36,124.15,2.39,59.48,-5.41,764.07,,,758.18,670020,,,99.2848,,5.73,,18.71579,-7.56612,-1.71,-1.32,-1.3900000000000001,2026-10-02T00:00:00,1998-07-31T00:00:00,7/31/1998,901843200,2026-09-16T00:00:00
328,CIK,-0.11789999999999999,9.12548,10.34483,0.02,-1.01,14,Morningstar US CEF High Yield,107,UBS Asset Management (Americas) LLC,False,2.32,0.0,2.63,2026-10-02T00:00:00,224916106,UBS Asset Management Income,2026-10-02,XCIKX,Fixed Income - Taxable-High Yield,34.07,127.274,,Monthly,0.11479,0.02,10.0,6.9813,,,3.7,,218.838,True,False,False,False,False,False,,6.94,6.21,3.61,1.51,-0.9400000000000001,-11.11,,,-12.08,4935820,,,99.3475,,5.73,,2.62965,-5.10642,-1.53,-1.6,-1.48,2026-10-02T00:00:00,1987-03-23T00:00:00,3/23/1987,543456000,2026-09-16T00:00:00
329,AIO,-0.1057,8.84521,9.89011,0.21,25.89,8,Morningstar US CEF Sector Equity,108,"Virtus Investment Advisers, LLC",False,25.48,0.32,28.49,2026-10-02T00:00:00,92838Y100,Virtus AI & Tech Opp Fund,2026-10-02,XAIOX,Equity-Sector Equity,11.7,877.507,,Monthly,0.025490000000000002,0.21,20.0,4.7854,,,2.32,,1111.168,True,True,False,False,False,False,,25.8,26.9,11.29,11.67,22.69,21.33,,,18.0,840960,,,,,,,24.32341,-8.95763,-0.8300000000000001,-1.22,-0.73,2026-10-02T00:00:00,2019-10-31T00:00:00,10/31/2019,1572480000,2026-09-14T00:00:00
330,NCV,-0.12890000000000001,9.3901,10.77939,0.13599999999999998,11.91,11,Morningstar US CEF Convertibles,108,"Virtus Investment Advisers, LLC",False,15.14,0.12,17.38,2026-10-02T00:00:00,92838X805,Virtus Convertible & Income Fund,2026-10-02,XNCVX,Fixed Income - Taxable-Convertibles,34.8,342.064,0.012,Monthly,0.12557000000000001,0.13599999999999998,15.0,4.2431,,,2.8200000000000003,,602.232,True,False,False,False,False,False,,17.51,19.33,3.11,2.41,8.77,7.41,,,11.4,860090,,,112.1538,,6.02,,16.13709,-9.93698,-2.09,-2.16,-2.21,2026-10-02T00:00:00,2003-03-31T00:00:00,3/31/2003,1049068800,2026-09-14T00:00:00
331,NCZ,-0.1153,9.1197,10.3078,0.12,12.56,11,Morningstar US CEF Convertibles,108,"Virtus Investment Advisers, LLC",False,13.97,0.08,15.79,2026-10-02T00:00:00,92838U801,Virtus Convertible & Income Fund II,2026-10-02,XNCZX,Fixed Income - Taxable-Convertibles,35.52,265.834,0.0,Monthly,0.10316,0.12,15.0,4.1644,,,2.22,,465.989,True,False,False,False,False,False,,18.17,21.06,3.2,3.7800000000000002,9.4,9.91,,,13.6,641080,,,111.4938,,6.05,,14.69383,-9.44138,-1.17,-1.71,-1.09,2026-10-02T00:00:00,2003-07-31T00:00:00,7/31/2003,1059609600,2026-09-14T00:00:00
332,ACV,-0.07980000000000001,9.79871,10.64796,0.215,14.15,26,Morningstar US CEF US Allocation,108,"Virtus Investment Advisers, LLC",False,24.23,0.26,26.33,2026-10-02T00:00:00,92840N100,Virtus Diversified Inc & Conv Fund,2026-10-02,XACVX,Hybrid-U.S. Allocation,27.72,251.896,,Monthly,-0.00934,0.215,25.0,4.1526,,,3.63,,378.727,True,False,False,False,False,True,,21.21,20.49,7.43,7.0,10.85,-2.24,,,10.59,273140,,,,,74.56,,26.4433,-0.42766000000000004,-2.09,-3.01,-3.07,2026-10-02T00:00:00,2015-05-26T00:00:00,5/26/2015,1432598400,2026-09-14T00:00:00
333,NIE,-0.1315,8.09491,9.32101,0.58,12.47,26,Morningstar US CEF US Allocation,108,"Virtus Investment Advisers, LLC",False,24.89,-0.01,28.66,2026-10-02T00:00:00,92841M101,Virtus Equity & Convertible Inc Fund,2026-10-02,XNIEX,Hybrid-U.S. Allocation,,689.676,0.0,Quarterly,0.03966,0.58,25.0,1.9997,,,1.07,,794.139,False,False,False,False,False,False,,18.23,18.48,8.61,9.47,9.68,7.05,,,10.63,608650,,,,,,,25.57866,-10.52169,-2.64,-3.32,-2.37,2026-10-02T00:00:00,2007-02-27T00:00:00,2/27/2007,1172534400,2026-09-14T00:00:00
334,VGI,-0.08289999999999999,13.04348,14.22222,0.08,0.52,17,Morningstar US CEF Multi-Sector,108,"Virtus Investment Advisers, LLC",True,6.75,0.05,7.36,2026-10-02T00:00:00,92829B101,Virtus Global Multi-Sector Income Fund,2026-10-02,XVGIX,Fixed Income - Taxable-Multi-Sector,32.01,76.363,,Monthly,0.22072,0.08,20.0,6.035,,7.5,3.98,,122.464,True,False,False,False,True,False,,8.17,10.23,1.09,0.7000000000000001,-2.01,-5.27,,,-3.6,376190,,,97.9305,,,,7.56557,-6.15044,-1.74,-1.17,-1.42,2026-10-02T00:00:00,2012-02-23T00:00:00,2/23/2012,1329955200,2026-09-14T00:00:00
335,EDF,0.0533,15.35181,14.5749,0.06,13.83,12,Morningstar US CEF Emerging Market Income,109,Virtus Investment Advisors (VIA),False,4.94,0.09,4.6899999999999995,2026-10-02T00:00:00,86164T107,Virtus Stone Harbor Emerging Markets Inc,2026-10-02,XEDFX,Fixed Income - Taxable-Emerging Market Income,22.26,158.94,,Monthly,0.22456,0.06,25.0,6.8639,,,3.13,,194.107,True,False,True,False,False,False,,22.43,20.84,8.1,7.05,6.61,11.45,,,13.83,1571800,,,,,,3.92,5.12413,2.89536,0.66,-0.11,-0.04,2026-10-02T00:00:00,2010-12-23T00:00:00,12/23/2010,1293062400,2026-09-14T00:00:00
336,ZTR,-0.1217,9.67742,11.01836,0.055,2.92,25,Morningstar US CEF Global Allocation,108,"Virtus Investment Advisers, LLC",False,5.99,0.04,6.82,2026-10-02T00:00:00,92835W107,Virtus Total Return Fund Inc,2026-10-02,XZTRX,Hybrid-Global Allocation,31.79,299.462,,Monthly,0.10525,0.055,15.0,5.8547,,6.15,3.67,,499.856,True,False,False,False,False,False,,15.34,19.43,5.08,3.18,2.07,2.67,,,2.64,1892430,,,98.4225,,,,6.61954,-10.80406,-1.06,-1.47,-1.05,2026-10-02T00:00:00,2005-02-24T00:00:00,2/24/2005,1109203200,2026-09-14T00:00:00
337,IAE,-0.0204,8.62832,8.80828,1.66,26.08,1,Morningstar US CEF Asia Equity,110,"Voya Investments, LLC",False,8.8553,0.07,9.04,2026-10-02T00:00:00,92912J102,Voya Asia Pacific High Div Eq Inc Fd,2026-10-02,XIAEX,Equity-Asia Equity,,95.197,,Monthly,0.02682,1.66,25.0,,,,1.21,,97.183,False,True,True,False,False,False,,22.08,29.59,10.49,13.05,20.8,29.97,,,30.61,491460,,,,,,,8.08028,-5.41969,1.31,0.67,0.84,2026-10-02T00:00:00,2007-03-27T00:00:00,3/27/2007,1174953600,2026-10-01T00:00:00
338,IHD,-0.0167,8.49421,8.63874,0.055,27.1,4,Morningstar US CEF Emerging Market Equity,110,"Voya Investments, LLC",False,7.64,0.11,7.77,2026-10-02T00:00:00,92912P108,Voya Emerging Markets High Div Eq Fd,2026-10-02,XIHDX,Equity-Emerging Market Equity,,135.502,,Monthly,0.02083,0.055,20.0,,,,1.4100000000000001,,137.808,False,True,True,False,False,False,,22.4,29.55,10.25,12.79,21.77,28.31,,,32.87,788030,,,,,,,6.9837,-5.07879,1.47,1.03,1.02,2026-10-02T00:00:00,2011-04-26T00:00:00,4/26/2011,1303776000,2026-10-01T00:00:00
339,IGA,-0.06709999999999999,9.50606,10.18981,0.08499999999999999,14.94,3,Morningstar US CEF Covered Call,110,"Voya Investments, LLC",False,10.01,0.04,10.73,2026-10-02T00:00:00,92912R104,Voya Global Advantage and Premium Opp Fd,2026-10-02,XIGAX,Equity-Covered-Call Funds,,153.567,,Monthly,0.07357,0.08499999999999999,20.0,,,,1.01,,164.613,False,True,False,False,False,False,,14.35,18.62,10.0,10.7,11.64,10.24,,,11.84,603940,,,,,,,9.87809,-6.39739,-0.23,-0.25,0.15,2026-10-02T00:00:00,2005-10-26T00:00:00,10/26/2005,1130284800,2026-10-01T00:00:00
340,IGD,-0.0426,9.46372,9.88468,0.049999999999999996,12.91,3,Morningstar US CEF Covered Call,110,"Voya Investments, LLC",False,6.07,-0.09,6.34,2026-10-02T00:00:00,92912T100,Voya Global Equity Dividend&Prm Opp Fd,2026-10-02,XIGDX,Equity-Covered-Call Funds,,478.732,,Monthly,0.04503,0.049999999999999996,20.0,,,,0.9600000000000001,,500.026,False,True,False,False,False,False,,14.19,19.79,9.22,11.05,11.06,15.35,,,15.15,2628780,,,,,,,6.02653,-3.58482,-0.27,-3.01,-1.49,2026-10-02T00:00:00,2005-03-28T00:00:00,3/28/2005,1111968000,2026-10-01T00:00:00
341,IDE,-0.0859,9.04295,9.89283,0.09999999999999999,13.83,5,Morningstar US CEF Global Equity,110,"Voya Investments, LLC",True,12.13,0.09,13.27,2026-10-02T00:00:00,92912X101,Voya Infrastructure Industrials&Matls Fd,2026-10-02,XIDEX,Equity-Global Equity,,183.846,,Monthly,0.02906,0.09999999999999999,20.0,,,,1.23,,201.124,False,False,False,False,True,False,,17.13,21.15,10.58,9.79,10.05,5.18,,,10.24,453940,,,,,,,12.95763,-3.69258,-2.01,-1.6400000000000001,-2.18,2026-10-02T00:00:00,2010-01-26T00:00:00,1/26/2010,1264464000,2026-10-01T00:00:00
342,WDI,-0.115,13.30844,15.03797,0.1485,0.93,17,Morningstar US CEF Multi-Sector,54,"Franklin Templeton Fund Adviser, LLC",True,11.85,0.05,13.39,2026-10-02T00:00:00,95790K109,Western Asset Diversified Inc Fund,2026-10-02,XWDIX,Fixed Income - Taxable-Multi-Sector,39.28,615.159,,Monthly,0.82675,0.1485,20.0,8.3075,,,4.25,,1144.681,True,False,False,False,True,True,,8.7,9.05,2.91,1.8900000000000001,0.02,-6.38,,,-8.36,2162610,,,96.6025,,,,13.63969,-5.45478,-2.62,-1.38,-2.04,2026-10-02T00:00:00,2021-06-24T00:00:00,6/24/2021,1624492800,2026-09-23T00:00:00
343,EMD,-0.0964,11.10029,12.28448,0.095,4.27,12,Morningstar US CEF Emerging Market Income,54,"Franklin Templeton Fund Adviser, LLC",True,9.28,-0.04,10.27,2026-10-02T00:00:00,95766A101,Western Asset Emerging Markets Debt,2026-10-02,XEMDX,Fixed Income - Taxable-Emerging Market Income,28.23,539.451,,Monthly,0.38634,0.095,20.0,6.0654,,,3.13,,831.799,True,False,False,False,True,False,,13.2,16.1,3.17,3.17,-0.53,-4.48,,,1.07,1976850,,,,,7.22,5.27,10.54927,-5.15478,-2.47,-2.34,-2.61,2026-10-02T00:00:00,2003-12-01T00:00:00,12/1/2003,1070236800,2026-09-23T00:00:00
344,GDO,-0.0697,13.96947,15.01538,0.122,-2.93,13,Morningstar US CEF Global Income,54,"Franklin Templeton Fund Adviser, LLC",False,9.75,0.09,10.48,2026-10-02T00:00:00,95790C107,Western Asset Global Corp Opp,2026-10-02,XGDOX,Fixed Income - Taxable-Global Income,34.87,73.314,,Monthly,0.40556000000000003,0.122,20.0,5.9764,,,4.47,,120.994,True,False,False,False,False,False,,6.48,5.31,-0.61,-1.71,-3.7800000000000002,-9.92,,,-7.61,340710,,,,,,,11.02455,-5.69581,-0.58,1.08,0.17,2026-10-02T00:00:00,2009-11-27T00:00:00,11/27/2009,1259280000,2026-09-23T00:00:00
345,EHI,-0.1007,13.86139,15.41284,0.06999999999999999,1.0,14,Morningstar US CEF High Yield,55,"Franklin Templeton, Inc",False,5.45,0.02,6.06,2026-10-02T00:00:00,95766B109,Western Asset Global High Income,2026-10-02,XEHIX,Fixed Income - Taxable-High Yield,33.05,165.134,,Monthly,0.29517,0.06999999999999999,15.0,7.3672,,,3.49,,274.274,True,False,False,False,False,False,,8.12,6.8,0.66,-0.55,-0.19,-5.54,,,-5.18,1124300,,,97.6946,,,,6.11656,-7.30246,-1.27,-0.12,-0.75,2026-10-02T00:00:00,2003-07-28T00:00:00,7/28/2003,1059350400,2026-09-23T00:00:00
346,HIX,-0.0757,15.35248,16.61017,0.048999999999999995,0.41000000000000003,14,Morningstar US CEF High Yield,55,"Franklin Templeton, Inc",False,3.54,0.01,3.83,2026-10-02T00:00:00,95766J102,Western Asset High Income II,2026-10-02,XHGIX,Fixed Income - Taxable-High Yield,33.36,318.847,,Monthly,0.19291,0.048999999999999995,15.0,7.391,,,3.76,,517.625,True,False,False,False,False,False,,8.45,6.54,1.1400000000000001,-0.75,-0.68,-5.15,,,-6.04,3487090,,,97.9585,,,,4.04015,-3.9633700000000003,-2.31,-2.0,-2.31,2026-10-02T00:00:00,1998-05-28T00:00:00,5/28/1998,896313600,2026-09-23T00:00:00
347,HIO,-0.11560000000000001,11.45161,12.94833,0.0355,1.58,14,Morningstar US CEF High Yield,54,"Franklin Templeton Fund Adviser, LLC",False,3.29,0.02,3.7199999999999998,2026-10-02T00:00:00,95766K109,Western Asset High Income Opportunity,2026-10-02,XHIOX,Fixed Income - Taxable-High Yield,,312.876,,Monthly,0.15621000000000002,0.0355,12.5,7.5982,,,0.93,,353.769,False,False,False,False,False,False,,7.07,7.79,1.8599999999999999,0.9500000000000001,0.66,-3.9699999999999998,,,-4.5600000000000005,4158200,,,98.2505,,,,3.6621300000000003,-7.33325,-2.76,-1.45,-2.14,2026-10-02T00:00:00,1993-11-16T00:00:00,11/16/1993,753408000,2026-09-23T00:00:00
348,HYI,-0.1093,10.38251,11.65644,0.095,0.5700000000000001,14,Morningstar US CEF High Yield,54,"Franklin Templeton Fund Adviser, LLC",False,9.78,-0.11,10.98,2026-10-02T00:00:00,95768B107,Western Asset High Yield Opp Fund,2026-10-02,XHYIX,Fixed Income - Taxable-High Yield,,125.321,,Monthly,0.50391,0.095,20.0,7.6622,,,1.07,,140.698,False,False,False,False,False,True,,6.15,4.95,1.8900000000000001,-0.05,0.1,-4.26,,,-6.4,628270,,,98.0612,,,,10.831,-7.4147,-2.32,-2.24,-2.79,2026-10-02T00:00:00,2010-10-27T00:00:00,10/27/2010,1288137600,2026-09-23T00:00:00
349,PAI,-0.0852,5.06431,5.53603,0.0525,-2.23,15,Morningstar US CEF Investment Grade,55,"Franklin Templeton, Inc",False,11.38,0.03,12.44,2026-10-02T00:00:00,95766T100,Western Asset Income,2026-10-02,XPAIX,Fixed Income - Taxable-Investment Grade,8.93,108.235,,Monthly,0.32901,0.0525,12.0,6.0976,,,0.77,,118.316,True,False,False,False,False,False,,5.71,5.85,-0.26,-1.42,-2.88,-4.83,,,-5.79,183360,,,99.2499,,,,12.25064,-6.80589,-1.55,-1.58,-2.02,2026-10-02T00:00:00,1972-12-21T00:00:00,12/21/1972,93744000,2026-09-23T00:00:00
350,WIW,-0.1073,8.37989,9.38673,0.0625,-1.08,15,Morningstar US CEF Investment Grade,112,"Western Asset Management Company, LLC",True,7.99,0.02,8.95,2026-10-02T00:00:00,95766R104,Western Asset Infl-Linked Opps & Inc Fd,2026-10-02,XWIWX,Fixed Income - Taxable-Investment Grade,26.49,488.861,,Monthly,0.23593,0.0625,15.0,2.5483000000000002,,,2.59,,744.892,True,False,False,False,True,False,,4.64,7.39,-0.91,-0.55,-1.3599999999999999,-2.05,,,-3.3,2517230,,,93.6273,,,4.28,8.53326,-10.611509999999999,-0.17,0.43,0.7000000000000001,2026-10-02T00:00:00,2004-02-27T00:00:00,2/27/2004,1077840000,2026-09-23T00:00:00
351,WIA,-0.1012,7.34118,8.16754,0.052,-1.4100000000000001,15,Morningstar US CEF Investment Grade,112,"Western Asset Management Company, LLC",True,7.64,-0.01,8.5,2026-10-02T00:00:00,95766Q106,Western Asset Inflation-Linked Income Fd,2026-10-02,XWIAX,Fixed Income - Taxable-Investment Grade,26.86,178.182,,Monthly,0.21076,0.052,15.0,2.4368,,,2.91,,271.049,True,False,False,False,True,False,,4.49,6.84,-1.4,-1.45,-1.69,-2.48,,,-2.4,403450,,,93.7397,,,4.3,8.15079,-9.81516,-0.5,0.15,0.1,2026-10-02T00:00:00,2003-09-30T00:00:00,9/30/2003,1064880000,2026-09-23T00:00:00
352,SBI,-0.1001,6.46983,7.18973,0.041999999999999996,-3.79,21,Morningstar US CEF Municipal,54,"Franklin Templeton Fund Adviser, LLC",False,7.01,0.0,7.79,2026-10-02T00:00:00,958435109,Western Asset Intermediate Muni,2026-10-02,XSBIX,Fixed Income - Municipal-Municipal,31.26,98.717,,Monthly,0.13919,0.041999999999999996,10.0,4.8611,,,2.6,,159.583,True,False,False,False,False,False,,2.44,5.55,-1.33,-1.53,-5.08,-4.39,,,-5.66,453320,11.06,,101.0747,,8.88,6.2,7.74057,-8.34686,-1.96,-2.11,-2.26,2026-10-02T00:00:00,1992-03-02T00:00:00,3/2/1992,699494400,2026-09-23T00:00:00
353,IGI,-0.0455,5.17304,5.41985,0.071,-2.1,15,Morningstar US CEF Investment Grade,54,"Franklin Templeton Fund Adviser, LLC",False,15.72,0.03,16.47,2026-10-02T00:00:00,95790A101,Western Asset Invstm Grd Opp Tr Inc,2026-10-02,XIGIX,Fixed Income - Taxable-Investment Grade,,94.22,,Monthly,0.43967,0.071,20.0,6.1937,,,0.93,,98.715,False,False,True,False,False,False,,5.03,5.29,-0.75,-1.72,-2.7800000000000002,-0.05,,,0.09,166510,,,99.3871,,,,16.21191,-6.89014,3.05,1.9,2.7,2026-10-02T00:00:00,2009-06-26T00:00:00,6/26/2009,1245974400,2026-09-23T00:00:00
354,MMU,-0.086,6.61943,7.24252,0.0545,-5.75,21,Morningstar US CEF Municipal,55,"Franklin Templeton, Inc",False,9.03,0.14,9.88,2026-10-02T00:00:00,95766M105,Western Asset Managed Municipals,2026-10-02,XMMUX,Fixed Income - Municipal-Municipal,35.46,493.208,,Monthly,0.14102,0.0545,15.0,4.8848,,,2.7,,836.069,True,False,False,False,False,False,,2.43,6.38,-2.17,-2.5700000000000003,-7.21,-10.22,,,-7.91,1382470,10.27,,99.7794,,11.89,7.87,10.26525,-6.13289,-2.22,-1.52,-1.87,2026-10-02T00:00:00,1992-06-26T00:00:00,6/26/1992,709516800,2026-09-23T00:00:00
355,DMO,-0.1189,13.321,15.11811,0.12,3.66,14,Morningstar US CEF High Yield,54,"Franklin Templeton Fund Adviser, LLC",False,9.525,0.1,10.81,2026-10-02T00:00:00,95790B109,Western Asset Mortgage Opp Fund Inc.,2026-10-02,XDMOX,Fixed Income - Taxable-High Yield,46.98,108.843,,Monthly,0.46738,0.12,20.0,7.5295,,,7.87,,232.998,True,False,False,False,False,False,,9.66,9.67,4.32,2.42,1.57,-4.76,,,-7.12,503380,,,91.1018,,,,10.95776,-4.81775,-2.22,-1.7000000000000002,-2.18,2026-10-02T00:00:00,2010-02-26T00:00:00,2/26/2010,1267142400,2026-09-23T00:00:00
356,MHF,-0.0264,6.34526,6.51757,0.033999999999999996,-2.5700000000000003,21,Morningstar US CEF Municipal,54,"Franklin Templeton Fund Adviser, LLC",False,6.26,0.24,6.43,2026-10-02T00:00:00,95766N103,Western Asset Municipal High Income,2026-10-02,XMHFX,Fixed Income - Municipal-Municipal,1.85,140.973,,Monthly,0.11955,0.033999999999999996,10.0,4.8935,,,0.8400000000000001,,147.531,True,False,False,False,False,False,,2.99,5.37,0.0,-0.74,-3.85,-8.61,,,-11.74,643520,14.87,,99.7821,,7.8100000000000005,7.68,6.88839,-0.06704,-1.76,-1.1400000000000001,-1.63,2026-10-02T00:00:00,1988-11-28T00:00:00,11/28/1988,596678400,2026-09-23T00:00:00
357,WEA,-0.07339999999999999,7.90216,8.52792,0.06999999999999999,-0.78,15,Morningstar US CEF Investment Grade,111,Western Asset Management Company Pte Ltd. â Singapore,False,9.85,0.06,10.63,2026-10-02T00:00:00,957664105,Western Asset Premier Bond,2026-10-02,XWEAX,Fixed Income - Taxable-Investment Grade,33.52,116.876,,Monthly,0.40488,0.06999999999999999,15.0,6.2604,,,3.55,,189.732,True,False,False,False,False,False,,7.07,7.63,0.85,0.53,-1.98,-4.15,,,-4.06,296660,,,97.1103,,,,10.75505,-5.30712,-1.35,-1.07,-1.1400000000000001,2026-10-02T00:00:00,2002-03-28T00:00:00,3/28/2002,1017273600,2026-09-23T00:00:00
358,MCN,-0.12480000000000001,11.98003,13.68821,0.06,3.64,3,Morningstar US CEF Covered Call,113,XA Investments LLC,False,5.26,0.0,6.01,2026-10-02T00:00:00,557437100,XAI Madison Equity Premium Income Fund,2026-10-02,XMCNX,Equity-Covered-Call Funds,0.01,111.074,,Monthly,0.041210000000000004,0.06,15.0,,,,1.1,,126.911,True,False,False,False,False,False,,6.43,1.52,6.04,2.77,0.9400000000000001,-3.79,,,-3.58,646020,,,,,,,5.841,-8.40614,-2.47,-1.96,-2.45,2026-10-02T00:00:00,2004-07-28T00:00:00,7/28/2004,1090972800,2026-09-15T00:00:00
359,XFLT,-0.1356,12.08594,13.98239,0.22499999999999998,-11.97,19,Morningstar US CEF Senior Loans,113,XA Investments LLC,False,19.31,0.13,22.34,2026-10-02T00:00:00,98400T304,XAI Octagon FR & Alternative Inc Trust,2026-10-02,XFLTX,Fixed Income - Taxable-Senior Loans,41.12,294.108,,Monthly,1.13446,0.22499999999999998,10.0,4.5235,,,7.5600000000000005,,577.874,True,False,True,False,False,False,,1.25,-4.2,1.87,-1.6099999999999999,-7.13,-9.75,,,-14.59,1035990,,,,,,,20.13208,-18.21212,0.97,1.22,1.75,2026-10-02T00:00:00,2017-09-27T00:00:00,9/27/2017,1506470400,2026-09-15T00:00:00
