,Ticker,Premium / Discount,DistributionRateNAV,DistributionRatePrice,DistributionAmtUSD,ReturnOnNAV,CategoryId,Category,SponsorId,SponsorName,IsManagedDistribution,Share Price,PriceChange,NAV,NAVPublished,Cusip,Fund Name,Date,NavTicker,Strategy,LeverageRatioPercentage,MarketCapUSDm,UNIIPerShare,DistributionFrequency,EarningsPerShare,CurrentDistribution,InceptionPrice,AverageCoupon,AMTPercentage,AverageWeightedMaturity,ExpenseRatio,BaselineExpense,TotalAssetsUSDm,IsLeveraged,IsPriceBelow52WkAvg,IsDiscountBelow52WkAvg,IsAMTPct,IsManaged,Term,AvgWtdDurationLevAdj,Yr3RetOnNav,Yr3RetOnPrice,Yr5RetOnNav,Yr5RetOnPrice,YTDRetOnNav,YTDRetOnPrice,SinceInceptionRetOnNav,SinceInceptionRetOnPrice,ReturnOnPrice,AvgDailyVolume,CallableYr1Pct,PrerefundedPercentage,AvgBondPrice,AvgWtdDurationNonLevAdj,EffDurationLevAdj,EffDurationNonLevAdj,Price52WkAvg,Discount52WkAvg,ZScore1Yr,ZScore3M,ZScore6M,ZScoreDate,InceptionDate,InceptionDateString,InceptionDateUnixTimestamp,DistributionDate
0,MGF,-0.0623,8.3045,8.85609,0.02,-2.7,15,Morningstar US CEF Investment Grade,2,abrdn Inc.,True,2.71,0.0,2.89,2026-10-01T00:00:00,552939100,Aberdeen Government Markets Income,2026-10-01,XMGFX,Fixed Income - Taxable-Investment Grade,,88.319,,Monthly,0.04709,0.02,10.0,4.1325,0.0,6.55,0.8,,94.186,False,False,False,True,True,False,,3.26,3.69,-1.13,-1.6099999999999999,-3.55,-4.89,,,-6.04,727370,,0.0,92.9611,,,5.83,2.94022,-5.07784,-0.87,-0.44,-0.28,2026-10-01T00:00:00,1987-05-28T00:00:00,5/28/1987,549158400,2026-09-22T00:00:00
1,IFN,-0.1159,12.52115,14.16268,0.37,-11.43,1,Morningstar US CEF Asia Equity,1,abrdn Asia Limited,True,10.45,-0.19,11.82,2026-10-01T00:00:00,454089103,"Aberdeen India Fund, Inc",2026-10-01,XIFNX,Equity-Asia Equity,0.28,452.581,,Quarterly,-0.02798,0.37,15.0,,,,1.36,,511.915,True,False,False,False,True,False,,2.56,-3.33,-1.23,-1.18,-12.14,-14.4,,,-14.81,2046720,,,,,,,12.67084,-6.57086,-2.03,-2.52,-1.96,2026-10-01T00:00:00,1994-02-23T00:00:00,2/23/1994,761961600,2026-08-24T00:00:00
2,MIN,-0.08,9.6,10.43478,0.02,-0.81,13,Morningstar US CEF Global Income,2,abrdn Inc.,True,2.3,-0.02,2.5,2026-10-01T00:00:00,55273C107,Aberdeen Intermediate Income,2026-10-01,XMINX,Fixed Income - Taxable-Global Income,,261.736,,Monthly,0.04255,0.02,10.0,4.759,0.0,3.24,0.73,,284.496,False,False,False,True,True,False,,4.18,4.29,0.79,0.16,-1.83,-4.65,,,-5.08,2339910,,0.0,98.2604,,,3.56,2.51982,-5.14485,-1.8599999999999999,-1.83,-2.01,2026-10-01T00:00:00,1988-03-17T00:00:00,3/17/1988,574560000,2026-09-22T00:00:00
3,MMT,-0.0613,10.50328,11.18881,0.04,-1.98,13,Morningstar US CEF Global Income,72,MFS,True,4.29,0.01,4.57,2026-10-01T00:00:00,552737108,Aberdeen Multi-Market Income,2026-10-01,XMMTX,Fixed Income - Taxable-Global Income,27.89,497.612,,Monthly,0.1389,0.04,10.0,6.1666,,,2.86,,735.09,True,False,True,False,True,False,,7.06,9.44,2.14,0.25,-3.18,-1.17,,,-1.76,1570580,,,95.7411,,7.33,,4.56863,-7.64449,1.5,1.6600000000000001,1.8900000000000001,2026-10-01T00:00:00,1987-03-12T00:00:00,3/12/1987,542505600,2026-09-22T00:00:00
4,MFM,-0.10640000000000001,6.6055,7.3922,0.03,-5.27,21,Morningstar US CEF Municipal,2,abrdn Inc.,False,4.87,0.02,5.45,2026-10-01T00:00:00,552738106,Aberdeen Municipal Income,2026-10-01,XMFMX,Fixed Income - Municipal-Municipal,39.34,484.223,,Monthly,0.13078,0.03,10.0,5.1369,,,2.83,,893.392,True,False,False,False,False,False,,3.85,7.52,-2.34,-2.48,-7.18,-6.63,,,-4.67,1808360,22.29,,95.4956,,14.38,8.99,5.40122,-9.27773,-1.3,-2.46,-1.6800000000000002,2026-10-01T00:00:00,1986-11-25T00:00:00,11/25/1986,533260800,2026-09-22T00:00:00
5,FAX,-0.109,12.49133,14.01869,0.15,-1.82,13,Morningstar US CEF Global Income,1,abrdn Asia Limited,True,12.84,-0.24,14.41,2026-10-01T00:00:00,003009867,abrdn Asia-Pacific Income Fund Inc,2026-10-01,XFAPX,Fixed Income - Taxable-Global Income,40.75,560.739,,Monthly,0.50096,0.15,10.0,6.3298,,,4.22,,1062.103,True,False,False,False,True,False,,5.4,9.13,-1.3900000000000001,-0.79,-3.03,-5.88,,,-8.48,1797770,,,,,7.76,4.74,14.97542,-5.66106,-3.39,-3.62,-3.81,2026-10-01T00:00:00,1986-04-24T00:00:00,4/24/1986,514684800,2026-09-22T00:00:00
6,IAF,-0.0848,10.41667,11.38211,0.35,-1.28,9,Morningstar US CEF Single Country Equity,1,abrdn Asia Limited,True,12.3,-0.22,13.44,2026-10-01T00:00:00,003011111,abrdn Australia Equity Fund Inc,2026-10-01,XIAFX,Equity-Single-Country Equity,7.73,117.863,,Quarterly,0.10818,0.35,10.125,,,,1.9900000000000002,,139.571,True,False,True,False,True,False,,11.27,13.69,4.59,4.15,2.5700000000000003,4.93,,,1.45,224520,,,,,,,13.00342,-9.91703,0.93,1.0,1.48,2026-10-01T00:00:00,1985-12-12T00:00:00,12/12/1985,503193600,2026-08-24T00:00:00
7,AEF,-0.0706,10.34826,11.1349,0.26,54.72,4,Morningstar US CEF Emerging Market Equity,3,abrdn Investments Limited,True,9.34,-0.11,10.05,2026-10-01T00:00:00,00301W105,abrdn Emerging Markets ex-China Fund,2026-10-01,XAEFX,Equity-Emerging Market Equity,6.21,379.217,,Quarterly,0.0453,0.26,15.0,,,,1.8599999999999999,,435.044,True,True,True,False,True,False,,31.44,37.77,9.73,11.88,40.06,46.02,,,61.8,1447680,,,,,,,8.26676,-9.07539,1.2,0.63,0.8300000000000001,2026-10-01T00:00:00,1989-09-25T00:00:00,9/25/1989,622684800,2026-09-22T00:00:00
8,AGD,-0.0060999999999999995,12.45675,12.53264,0.12,12.76,5,Morningstar US CEF Global Equity,3,abrdn Investments Limited,True,11.49,-0.23,11.56,2026-10-01T00:00:00,00302M106,abrdn Global Dynamic Dividend,2026-10-01,XAGDX,Equity-Global Equity,0.72,300.743,,Monthly,0.29668,0.12,20.0,,,,1.29,,304.768,True,False,False,False,True,False,,15.98,23.78,8.06,10.58,8.85,9.97,,,-0.78,1142520,,,,,,,12.04015,0.96064,-0.51,-1.02,-0.73,2026-10-01T00:00:00,2006-07-26T00:00:00,7/26/2006,1153872000,2026-09-22T00:00:00
9,ASGI,-0.0708,12.89692,13.88013,0.22,10.14,13,Morningstar US CEF Global Income,2,abrdn Inc.,True,19.02,-0.3,20.47,2026-10-01T00:00:00,00326W106,abrdn Global Infrastructure Income Fund,2026-10-01,XAGIX,Fixed Income - Taxable-Global Income,1.06,601.581,,Monthly,0.08556,0.22,20.0,,,,2.16,,654.351,True,False,False,False,True,False,,14.68,19.69,8.13,10.05,5.6,-5.34,,,3.21,1899130,,,,,,,22.7251,3.18451,-2.33,-1.79,-2.19,2026-10-01T00:00:00,2020-07-28T00:00:00,7/28/2020,1595894400,2026-09-22T00:00:00
10,AWP,-0.0136,13.93998,14.1315,0.12,0.85,7,Morningstar US CEF Real Estate,2,abrdn Inc.,True,10.19,-0.18,10.33,2026-10-01T00:00:00,00302L207,abrdn Global Premier Properties,2026-10-01,XAWPX,Equity-Real Estate,11.87,314.419,,Monthly,0.10017000000000001,0.12,20.0,,,,2.27,,361.683,True,False,False,False,True,False,,12.73,14.2,0.35000000000000003,1.9300000000000002,1.38,-1.19,,,-1.3900000000000001,1266090,,,,,,,11.71802,1.01029,-2.32,-3.54,-2.62,2026-10-01T00:00:00,2007-04-26T00:00:00,4/26/2007,1177545600,2026-09-22T00:00:00
11,HQH,-0.051699999999999996,12.28478,12.95388,0.6599999999999999,25.0,8,Morningstar US CEF Sector Equity,2,abrdn Inc.,True,20.38,-0.51,21.49,2026-10-01T00:00:00,87911J103,abrdn Healthcare Investors,2026-10-01,XHQHX,Equity-Sector Equity,1.1,1198.095,,Quarterly,-0.06102,0.6599999999999999,10.0,,,,1.11,,1263.35,True,True,True,False,True,False,,17.89,24.86,7.39,7.19,15.61,20.67,,,27.62,1776120,,,,,,,19.93931,-7.09512,0.78,0.15,0.24,2026-10-01T00:00:00,1987-04-23T00:00:00,4/23/1987,546134400,2026-08-24T00:00:00
12,THQ,-0.0541,10.81081,11.42857,0.16999999999999998,20.91,8,Morningstar US CEF Sector Equity,2,abrdn Inc.,True,17.85,-0.55,18.87,2026-10-01T00:00:00,879105104,abrdn Healthcare Opportunities Fund,2026-10-01,XTHQX,Equity-Sector Equity,22.34,740.027,,Monthly,-0.03549,0.16999999999999998,20.0,4.3198,,,3.02,,1007.314,True,False,False,False,True,False,,9.47,14.68,4.77,5.27,10.08,5.04,,,19.71,1587380,,,,,7.83,,18.64397,-1.15308,-1.31,-0.67,-0.99,2026-10-01T00:00:00,2014-07-28T00:00:00,7/28/2014,1406505600,2026-09-22T00:00:00
13,ACP,-0.12480000000000001,13.06931,14.93213,0.055,-1.6800000000000002,19,Morningstar US CEF Senior Loans,3,abrdn Investments Limited,True,4.42,-0.03,5.05,2026-10-01T00:00:00,003057106,abrdn Income Credit Strategies Fund,2026-10-01,XACPX,Fixed Income - Taxable-Senior Loans,33.56,554.58,,Monthly,0.22534,0.055,20.0,7.9739,,,3.94,,953.627,True,False,False,False,True,False,,7.12,3.07,0.98,-1.7000000000000002,-0.61,-6.45,,,-8.94,5855150,,,96.5194,,4.91,3.29,5.31559,-5.82838,-3.21,-1.79,-2.59,2026-10-01T00:00:00,2011-01-27T00:00:00,1/27/2011,1296086400,2026-09-22T00:00:00
14,HQL,-0.0639,12.77692,13.64887,0.62,28.08,8,Morningstar US CEF Sector Equity,2,abrdn Inc.,True,18.17,-0.53,19.41,2026-10-01T00:00:00,87911K100,abrdn Life Sciences Investors,2026-10-01,XHQLX,Equity-Sector Equity,0.01,568.888,,Quarterly,-0.09057,0.62,15.0,,,,1.24,,607.778,True,True,True,False,True,False,,22.86,29.73,9.07,9.45,16.67,22.33,,,36.28,1349080,,,,,,,17.87498,-9.36373,1.63,0.56,1.1,2026-10-01T00:00:00,1992-05-08T00:00:00,5/8/1992,705283200,2026-08-24T00:00:00
15,AOD,0.002,13.14741,13.12127,0.11,13.33,5,Morningstar US CEF Global Equity,3,abrdn Investments Limited,True,10.06,-0.1,10.04,2026-10-01T00:00:00,00326L100,abrdn Total Dynamic Dividend,2026-10-01,XAODX,Equity-Global Equity,2.93,1060.792,,Monthly,0.22991,0.11,20.0,,,,1.21,,1090.602,True,False,True,False,True,False,,16.45,24.03,8.75,11.75,9.22,14.22,,,21.46,4613410,,,,,,,10.07506,-2.6509,1.24,-0.2,0.75,2026-10-01T00:00:00,2007-01-26T00:00:00,1/26/2007,1169769600,2026-09-22T00:00:00
16,THW,-0.011000000000000001,11.28527,11.41046,0.12,14.71,8,Morningstar US CEF Sector Equity,2,abrdn Inc.,True,12.62,-0.42,12.76,2026-10-01T00:00:00,87911L108,abrdn World Healthcare Fund,2026-10-01,XTHWX,Equity-Sector Equity,18.88,509.993,,Monthly,-0.03887,0.12,20.0,3.7691,,,1.46,,635.443,True,False,True,False,True,False,,16.38,16.63,8.46,6.88,9.2,10.93,,,15.64,1288170,,,,,8.12,,12.84967,-1.8614100000000002,0.38,0.42,0.0,2026-10-01T00:00:00,2015-06-26T00:00:00,6/26/2015,1435276800,2026-09-22T00:00:00
17,ADX,-0.0265,7.57863,7.78513,0.5,15.5,10,Morningstar US CEF US Equity,4,Adams Diversified Equity Fund Inc,False,25.69,0.02,26.39,2026-10-01T00:00:00,006212104,Adams Diversified Equity Fund,2026-10-01,XADEX,Equity-U.S. Equity,0.0,3209.378,,Quarterly,0.09492,0.5,10.0,,,,0.49000000000000005,,3296.827,True,True,True,False,False,False,,22.38,29.03,13.4,17.46,12.8,16.77,,,24.57,2724230,,,,,,,24.08065,-4.57828,0.84,-1.46,0.11,2026-10-01T00:00:00,1929-10-01T00:00:00,10/1/1929,-1270252800,2026-07-27T00:00:00
18,PEO,-0.107,6.96101,7.79502,0.5399999999999999,35.3,8,Morningstar US CEF Sector Equity,5,Adams Natural Resources Fund Inc,False,27.71,0.18,31.03,2026-10-01T00:00:00,00548F105,Adams Natural Resources Fund,2026-10-01,XPEOX,Equity-Sector Equity,0.7000000000000001,776.845,,Quarterly,0.29271,0.5399999999999999,15.0,,,,0.62,,869.921,True,True,False,False,False,False,,13.02,16.3,19.21,21.26,34.04,34.46,,,38.96,730360,,,,,,,25.06506,-10.18492,-0.52,-1.81,-0.37,2026-10-01T00:00:00,1929-01-30T00:00:00,1/30/1929,-1291334400,2026-07-27T00:00:00
19,AVK,-0.1384,10.69506,12.41306,0.1172,10.13,11,Morningstar US CEF Convertibles,6,"Advent Capital Management, LLC",False,11.33,-0.13,13.15,2026-10-01T00:00:00,00764C109,Advent Convertible & Income Fund,2026-10-01,XAVKX,Fixed Income - Taxable-Convertibles,37.61,500.205,,Monthly,0.22874,0.1172,25.0,5.5855,,,4.53,,930.58,True,False,False,False,False,False,,17.06,16.5,4.7,4.25,9.36,-0.6,,,0.21,1494760,,,108.8431,,,,12.52165,-6.59665,-2.83,-3.04,-3.64,2026-10-01T00:00:00,2003-04-29T00:00:00,4/29/2003,1051574400,2026-09-15T00:00:00
20,AWF,-0.115,7.23091,8.17048,0.0655,1.9500000000000002,14,Morningstar US CEF High Yield,7,AllianceBernstein L.P.,False,9.62,-0.11,10.87,2026-10-01T00:00:00,01879R106,AllianceBernstein Global High Income,2026-10-01,XAWFX,Fixed Income - Taxable-High Yield,0.8300000000000001,829.529,,Monthly,0.35164,0.0655,15.0,6.7145,,,1.02,,945.2,True,False,False,False,False,False,,8.81,7.96,3.96,3.18,0.58,-4.05,,,-6.41,3079330,,,97.3286,,,,10.40253,-8.2891,-1.46,-2.02,-1.67,2026-10-01T00:00:00,1993-07-28T00:00:00,7/28/1993,743817600,2026-10-01T00:00:00
21,AFB,-0.0977,5.71309,6.33186,0.050179999999999995,-7.87,21,Morningstar US CEF Municipal,7,AllianceBernstein L.P.,False,9.51,-0.02,10.54,2026-10-01T00:00:00,01864U106,AllianceBernstein National Mun Inc,2026-10-01,XAFBX,Fixed Income - Municipal-Municipal,51.37,273.364,,Monthly,0.31343,0.050179999999999995,15.0,5.1411,,,3.66,,623.073,True,False,False,False,False,False,,1.63,5.35,-3.63,-4.54,-9.74,-8.22,,,-7.23,1008130,,,98.4247,,22.53,11.69,10.89456,-8.76447,-0.6900000000000001,-2.36,-1.85,2026-10-01T00:00:00,2002-01-28T00:00:00,1/28/2002,1012176000,2026-10-01T00:00:00
22,NFJ,-0.0541,7.67296,8.1117,0.305,19.48,3,Morningstar US CEF Covered Call,108,"Virtus Investment Advisers, LLC",True,15.04,-0.01,15.9,2026-10-01T00:00:00,92840R101,AllianzGI Div Interest & Prem Common,2026-10-01,XNFJX,Equity-Covered-Call Funds,,1398.227,0.0,Quarterly,0.06142,0.305,25.0,2.0197,,,0.9600000000000001,,1478.179,False,True,True,False,True,False,,14.7,20.45,7.33,9.33,16.86,24.46,,,26.23,1967280,,,,,,,13.96172,-8.64981,1.7000000000000002,1.24,1.57,2026-10-01T00:00:00,2005-02-28T00:00:00,2/28/2005,1109548800,2026-09-14T00:00:00
23,EOD,-0.0956,8.10899,8.96593,0.14211,18.16,5,Morningstar US CEF Global Equity,8,Allspring Global Investments,False,6.34,-0.06,7.01,2026-10-01T00:00:00,94987C103,Allspring Global Dividend Opp Fd,2026-10-01,XEODX,Equity-Global Equity,13.6,273.038,,Quarterly,0.1298,0.14211,20.0,7.1532,,,2.45,,349.392,True,True,False,False,False,False,,23.96,27.1,13.14,12.93,12.43,14.78,,,20.03,1203560,,,,,,,6.18676,-8.39155,-0.81,-1.34,-1.78,2026-10-01T00:00:00,2007-03-28T00:00:00,3/28/2007,1175040000,2026-06-11T00:00:00
24,EAD,-0.1188,9.31496,10.57038,0.05294,-0.31,14,Morningstar US CEF High Yield,8,Allspring Global Investments,False,6.01,0.0,6.82,2026-10-01T00:00:00,94987B105,Allspring Income Opps,2026-10-01,XEADX,Fixed Income - Taxable-High Yield,30.76,355.145,,Monthly,0.25923,0.05294,15.0,7.1839,,,2.95,,582.01,True,False,False,False,False,False,,8.08,9.03,2.6,1.62,-1.28,-5.43,,,-6.36,1979980,,,100.5505,,4.62,3.15,6.61179,-8.48114,-1.8900000000000001,-1.37,-1.6400000000000001,2026-10-01T00:00:00,2003-02-28T00:00:00,2/28/2003,1046390400,2026-08-13T00:00:00
25,ERC,-0.1005,9.20635,10.235289999999999,0.0725,1.81,16,Morningstar US CEF Limited Duration,8,Allspring Global Investments,False,8.5,-0.02,9.45,2026-10-01T00:00:00,94987D101,Allspring Multi-Sec Inc,2026-10-01,XERCX,Fixed Income - Taxable-Limited Duration,30.98,238.457,,Monthly,0.35301,0.0725,20.0,6.9319,0.0,4.24,3.22,,384.108,True,False,False,True,False,False,,8.1,6.83,2.8200000000000003,-0.14,0.33,-2.42,,,-3.07,734670,,0.0,98.7585,,,,9.21064,-7.05007,-2.8200000000000003,-2.25,-2.43,2026-10-01T00:00:00,2003-06-25T00:00:00,6/25/2003,1056499200,2026-08-13T00:00:00
26,ERH,-0.102,9.24222,10.29226,0.08757,-8.67,26,Morningstar US CEF US Allocation,8,Allspring Global Investments,False,10.21,-0.15,11.37,2026-10-01T00:00:00,94987E109,Allspring Util & High In,2026-10-01,XERHX,Hybrid-U.S. Allocation,23.0,90.176,,Monthly,0.1865,0.08757,20.0,7.2139,,,2.43,,130.422,True,False,False,False,False,False,,12.1,14.65,5.3,2.59,-7.23,-7.22,,,-9.61,237740,,,100.6661,,4.08,3.13,12.02102,-7.76149,-1.82,-2.32,-2.22,2026-10-01T00:00:00,2004-04-30T00:00:00,4/30/2004,1083283200,2026-08-13T00:00:00
27,FINS,-0.0867,10.58282,11.5869,0.11499999999999999,3.67,26,Morningstar US CEF US Allocation,10,"Angel Oak Capital Advisors, LLC",False,11.91,-0.02,13.04,2026-10-01T00:00:00,03464A100,Angel Oak Financial Strats Income Term,2026-10-01,XFINX,Hybrid-U.S. Allocation,22.35,397.995,,Monthly,0.38984,0.11499999999999999,20.0,6.7186,,,2.92,,561.175,True,False,False,False,False,True,,9.27,10.44,2.77,2.59,0.98,-2.1,,,1.29,462640,,,99.9625,,3.34,2.85,12.86065,-6.17298,-2.6,-2.03,-2.58,2026-10-01T00:00:00,2019-05-29T00:00:00,5/29/2019,1559088000,2026-09-16T00:00:00
28,ARDC,-0.12029999999999999,10.34483,11.75958,0.11249999999999999,-1.07,19,Morningstar US CEF Senior Loans,11,Ares Capital Management II LLC,False,11.48,-0.02,13.05,2026-10-01T00:00:00,04014F102,Ares Dynamic Credit Allocation Fund,2026-10-01,XADCX,Fixed Income - Taxable-Senior Loans,40.95,275.13,,Monthly,0.55616,0.11249999999999999,20.0,7.4979,,,5.26,,529.627,True,False,False,False,False,False,,7.47,6.45,4.39,3.09,-1.82,-6.29,,,-9.15,1148360,,,,,40.42,,12.83667,-7.11837,-2.79,-2.0,-2.59,2026-10-01T00:00:00,2012-11-27T00:00:00,11/27/2012,1353974400,2026-09-21T00:00:00
29,BANX,-0.0499,8.63309,9.08632,0.09999999999999999,3.56,8,Morningstar US CEF Sector Equity,12,"ArrowMark Asset Management, LLC",False,19.81,-0.84,21.0,2026-08-31T00:00:00,861780104,ArrowMark Financial Corp,2026-10-01,XBANX,Equity-Sector Equity,16.8,191.939,,Monthly,0.91029,0.09999999999999999,25.0,11.1103,,,6.43,,242.815,True,False,False,False,False,True,,9.6,16.43,8.79,8.42,1.6600000000000001,-2.44,,,0.97,350140,,,107.3588,,,,20.49206,-4.63701,-0.11,-1.17,-0.07,2026-10-01T00:00:00,2013-11-07T00:00:00,11/7/2013,1383782400,2026-09-23T00:00:00
30,ASA,-0.21,0.11372,0.14394,0.04,41.37,8,Morningstar US CEF Sector Equity,13,ASA,False,55.58,-0.17,70.35,2026-10-01T00:00:00,G3156P103,ASA Gold and Precious Metals Limited,2026-10-01,XASAX,Equity-Sector Equity,,1011.678,,Semi-Annually,0.02585,0.04,28.0,9.086,,,1.88,,1357.045,False,False,False,False,False,False,,65.1,61.39,26.97,24.35,6.46,-6.51,,,21.87,0,,,,,,,59.31749,-13.66396,,,,,1958-09-23T00:00:00,9/23/1958,-355795200,2026-05-01T00:00:00
31,BCV,-0.1516,6.10801,7.1993,0.41,13.02,11,Morningstar US CEF Convertibles,60,Gabelli Funds LLC,False,22.78,-0.3,26.85,2026-10-01T00:00:00,059695106,Bancroft Fund,2026-10-01,XBCVX,Fixed Income - Taxable-Convertibles,15.38,128.195,,Quarterly,0.01134,0.41,25.0,2.3737,,,1.31,,178.564,True,False,False,False,False,False,,20.66,21.82,4.6,3.86,14.53,9.36,,,12.24,163890,,,,,21.12,,23.69664,-11.80321,-2.92,-3.49,-3.3,2026-10-01T00:00:00,1971-10-04T00:00:00,10/4/1971,55382400,2026-09-16T00:00:00
32,MCI,0.0492,9.48429,9.03955,0.39999999999999997,8.88,14,Morningstar US CEF High Yield,14,Barings LLC,False,17.7,0.08,17.27,2026-06-30T00:00:00,06759X107,Barings Corporate Investors,2026-10-01,XMCIX,Fixed Income - Taxable-High Yield,17.71,364.391,,Quarterly,0.60289,0.39999999999999997,25.0,7.782,,,1.65,,422.052,True,False,False,False,False,False,,9.65,12.97,8.73,11.43,6.4,1.75,,,-7.19,348130,,,92.3472,,,,18.87022,13.09527,-0.8300000000000001,0.14,0.02,2026-10-01T00:00:00,1971-09-01T00:00:00,9/1/1971,52531200,2026-08-28T00:00:00
33,BGH,-0.08539999999999999,10.27012,11.22877,0.12229999999999999,0.91,14,Morningstar US CEF High Yield,14,Barings LLC,False,13.07,0.0,14.29,2026-10-01T00:00:00,06760L100,Barings Global Short Duration High Yield,2026-10-01,XBGHX,Fixed Income - Taxable-High Yield,32.39,262.551,,Monthly,0.67131,0.12229999999999999,25.0,8.9029,,,3.93,,424.478,True,False,False,False,False,False,,10.07,12.16,5.1,4.94,1.43,-5.89,,,-6.38,794220,,,99.958,,,,14.43232,-4.09605,-1.8399999999999999,-2.15,-2.34,2026-10-01T00:00:00,2012-10-25T00:00:00,10/25/2012,1351123200,2026-09-21T00:00:00
34,MPV,0.0045000000000000005,9.58549,9.54223,0.37,3.66,14,Morningstar US CEF High Yield,14,Barings LLC,False,15.51,-1.49,15.81,2026-06-30T00:00:00,06761A103,Barings Participation Invs,2026-10-01,XMPVX,Fixed Income - Taxable-High Yield,21.98,167.388,,Quarterly,0.54452,0.37,10.0,7.7819,,,1.55,,213.585,True,False,False,False,False,False,,1.1,14.49,1.13,10.99,6.38,1.49,,,-16.59,172670,,,92.2129,,,,17.88296,8.58577,-1.4100000000000001,-0.92,-1.4,2026-10-01T00:00:00,1988-10-06T00:00:00,10/6/1988,592099200,2026-08-28T00:00:00
35,BXSY,-0.384,3.74235,6.07477,0.26,21.17,26,Morningstar US CEF US Allocation,15,Bexil Corp,True,17.12,-0.14,27.79,2026-10-01T00:00:00,25538A204,Bexil Investment Trust,2026-10-01,XBXIX,Hybrid-U.S. Allocation,8.32,221.59,,Quarterly,-0.02758,0.26,15.0,,,,1.9300000000000002,,392.351,True,True,False,False,True,False,,24.03,25.94,13.71,12.35,19.71,18.21,,,24.22,120020,,,,,1.11,,16.10399,-37.35565,-1.09,-0.56,-0.56,2026-10-01T00:00:00,1998-06-29T00:00:00,6/29/1998,899078400,2026-09-16T00:00:00
36,BMN,-0.0535,4.8118,5.0836,0.09924999999999999,-6.88,21,Morningstar US CEF Municipal,16,BlackRock,False,22.13,0.13,23.38,2026-10-01T00:00:00,09262G108,BlackRock 2037 Municipal Target term,2026-10-01,XBMNX,Fixed Income - Municipal-Municipal,26.41,136.048,,Monthly,0.609,0.09924999999999999,25.0,5.0193,,14.37,2.16,,195.312,True,False,False,False,False,True,,1.82,3.48,,,-8.92,-13.15,,,-8.32,109090,18.94,,103.2043,,,,25.6187,-0.00030000000000000003,-2.25,-2.59,-3.08,2026-10-01T00:00:00,2022-10-28T00:00:00,10/28/2022,1666915200,2026-09-15T00:00:00
37,BCAT,-0.014499999999999999,22.12299,22.44857,0.25012,8.98,26,Morningstar US CEF US Allocation,16,BlackRock,True,13.59,-0.11,13.79,2026-10-01T00:00:00,09260U109,BlackRock Capital Allocation Term Trust,2026-10-01,XCATX,Hybrid-U.S. Allocation,5.18,1423.896,,Monthly,0.12959,0.25012,20.0,,,2.48,1.4,,1444.851,True,False,False,False,True,True,,12.71,18.51,5.5600000000000005,7.25,5.75,12.73,,,14.02,6993180,,,95.7637,,,,14.99479,0.8970800000000001,-0.39,-2.32,-1.99,2026-10-01T00:00:00,2020-09-28T00:00:00,9/28/2020,1601251200,2026-09-15T00:00:00
38,BHK,-0.067,10.17273,10.90378,0.0746,-4.76,15,Morningstar US CEF Investment Grade,16,BlackRock,True,8.21,0.01,8.8,2026-10-01T00:00:00,09249E101,BlackRock Core Bond,2026-10-01,XBHKX,Fixed Income - Taxable-Investment Grade,35.22,592.961,-0.051000000000000004,Monthly,0.27784000000000003,0.0746,15.0,5.2301,,20.03,3.34,,981.081,True,False,False,False,True,False,,4.86,3.55,-2.9699999999999998,-4.75,-5.45,-7.96,,,-9.13,2923440,,,95.2552,,7.35,7.16,9.2795,-4.64187,-1.46,-1.76,-1.11,2026-10-01T00:00:00,2001-11-30T00:00:00,11/30/2001,1007078400,2026-09-15T00:00:00
39,HYT,-0.1045,10.73249,11.98462,0.0779,1.03,14,Morningstar US CEF High Yield,16,BlackRock,True,7.8,-0.04,8.71,2026-10-01T00:00:00,09255P107,BlackRock Corporate High Yield Fund,2026-10-01,XHYTX,Fixed Income - Taxable-High Yield,20.95,1503.678,-0.113,Monthly,0.33087,0.0779,15.0,7.0114,,,2.33,,2124.027,True,False,False,False,True,False,,9.09,7.27,3.69,1.38,-0.77,-4.06,,,-7.83,8525830,,,100.4042,,4.19,,8.73444,-6.61222,-1.57,-1.21,-1.87,2026-10-01T00:00:00,2003-05-30T00:00:00,5/30/2003,1054252800,2026-09-15T00:00:00
40,BTZ,-0.0993,9.70878,10.77944,0.0839,-0.92,15,Morningstar US CEF Investment Grade,16,BlackRock,True,9.34,0.03,10.37,2026-10-01T00:00:00,092508100,BlackRock Credit Allocation Income Trust,2026-10-01,XBTZX,Fixed Income - Taxable-Investment Grade,36.0,871.65,-0.11900000000000001,Monthly,0.34357,0.0839,25.0,5.969,,18.6,3.37,,1512.196,True,False,False,False,True,False,,7.83,8.58,0.7000000000000001,-0.45,-2.15,-7.45,,,-7.18,2765870,,,99.1292,,,,10.40548,-6.35036,-1.88,-1.78,-2.02,2026-10-01T00:00:00,2006-12-27T00:00:00,12/27/2006,1167177600,2026-09-15T00:00:00
41,DSU,-0.0501,12.61725,13.28206,0.09873,3.22,19,Morningstar US CEF Senior Loans,16,BlackRock,True,8.92,-0.08,9.39,2026-10-01T00:00:00,09255R202,BlackRock Debt Strategies,2026-10-01,XDSUX,Fixed Income - Taxable-Senior Loans,16.2,555.177,-0.17400000000000002,Monthly,0.32235,0.09873,10.0,,,6.38,1.69,,697.429,True,False,False,False,True,False,,7.14,7.32,5.79,5.47,1.55,-3.09,,,-4.36,2804540,,,,,,,9.861650000000001,0.09421,-3.24,-1.92,-2.5,2026-10-01T00:00:00,1998-03-27T00:00:00,3/27/1998,890956800,2026-09-15T00:00:00
42,BGR,-0.10339999999999999,6.15823,6.86824,0.0973,42.24,8,Morningstar US CEF Sector Equity,16,BlackRock,True,17.0,0.1,18.96,2026-10-01T00:00:00,09250U101,BlackRock Energy and Resources,2026-10-01,XBGRX,Equity-Sector Equity,0.0,432.755,,Monthly,0.16738,0.0973,25.0,,,,1.23,,482.649,True,True,False,False,True,False,,15.72,17.25,19.65,19.94,38.94,31.83,,,34.42,1101820,,,,,,,15.36517,-7.83549,-0.86,-1.11,-0.52,2026-10-01T00:00:00,2004-12-23T00:00:00,12/23/2004,1103760000,2026-09-15T00:00:00
43,BDJ,-0.08259999999999999,7.21866,7.86864,0.0819,17.1,3,Morningstar US CEF Covered Call,16,BlackRock,True,9.44,0.04,10.29,2026-10-01T00:00:00,09251A104,BlackRock Enhanced Dividend Achievers,2026-10-01,XBDJX,Equity-Covered-Call Funds,0.12,1670.358,,Monthly,0.059750000000000004,0.0819,15.0,,,,0.88,,1822.887,True,True,False,False,True,False,,16.19,17.27,9.83,9.36,11.57,5.22,,,13.09,4416050,,,,,,,9.334060000000001,-6.14836,-1.3,-1.92,-1.17,2026-10-01T00:00:00,2005-08-26T00:00:00,8/26/2005,1125014400,2026-09-15T00:00:00
44,BOE,-0.11599999999999999,7.52388,8.51115,0.0827,10.71,3,Morningstar US CEF Covered Call,16,BlackRock,True,11.66,-0.02,13.19,2026-10-01T00:00:00,092501105,BlackRock Enhanced Glbl Div Trust,2026-10-01,XBOEX,Equity-Covered-Call Funds,0.02,648.297,,Monthly,0.091,0.0827,25.0,,,,1.03,,733.366,True,False,False,False,True,False,,14.26,16.45,7.78,8.04,8.33,6.18,,,9.8,1310600,,,,,,,11.81222,-9.17393,-2.51,-3.25,-2.37,2026-10-01T00:00:00,2005-05-26T00:00:00,5/26/2005,1117065600,2026-09-15T00:00:00
45,BGY,-0.1183,8.06309,9.1449,0.0426,10.12,3,Morningstar US CEF Covered Call,16,BlackRock,True,5.59,-0.04,6.34,2026-10-01T00:00:00,092524107,BlackRock Enhanced Intl Div Trust,2026-10-01,XBGYX,Equity-Covered-Call Funds,0.36,506.535,,Monthly,0.06786,0.0426,20.0,,,,1.2,,574.496,True,False,False,False,True,False,,11.72,13.21,6.78,6.47,7.38,2.29,,,6.93,2784940,,,,,,,5.78596,-8.7663,-1.88,-2.84,-2.14,2026-10-01T00:00:00,2007-05-25T00:00:00,5/25/2007,1180051200,2026-09-15T00:00:00
46,CII,-0.007000000000000001,7.00331,7.05294,0.141,18.57,3,Morningstar US CEF Covered Call,16,BlackRock,True,23.99,-0.01,24.16,2026-10-01T00:00:00,09256A109,BlackRock Enhanced Large Cap Core Fund,2026-10-01,XCIIX,Equity-Covered-Call Funds,0.42,1048.462,,Monthly,0.01133,0.141,20.0,,,,0.93,,1060.356,True,True,False,False,True,False,,20.38,20.52,12.96,14.08,11.85,8.41,,,23.19,935500,,,,,,,23.77743,0.97577,-0.88,-1.23,-1.23,2026-10-01T00:00:00,2004-04-27T00:00:00,4/27/2004,1083024000,2026-09-15T00:00:00
47,ECAT,-0.0707,21.92549,23.59356,0.26442,9.44,25,Morningstar US CEF Global Allocation,16,BlackRock,True,13.67,-0.19,14.71,2026-10-01T00:00:00,09262F100,BlackRock ESG Capital Allocation Term,2026-10-01,ECAT,Hybrid-Global Allocation,0.17,1359.732,,Monthly,0.08926,0.26442,20.0,,,2.02,1.4100000000000001,,1465.71,True,False,False,False,True,True,,14.53,18.55,7.8100000000000005,7.52,6.45,6.28,,,5.06,4620690,,,95.981,,,,15.31077,-2.69349,-1.96,-2.95,-2.3,2026-10-01T00:00:00,2021-09-27T00:00:00,9/27/2021,1632700800,2026-09-15T00:00:00
48,FRA,-0.0608,13.28043,14.13968,0.12383999999999999,3.45,19,Morningstar US CEF Senior Loans,17,"BlackRock Advisors, LLC",True,10.51,-0.03,11.19,2026-10-01T00:00:00,09255X100,BlackRock Floating Rate Inc Strategies,2026-10-01,XFRAX,Fixed Income - Taxable-Senior Loans,23.38,372.419,-0.184,Monthly,0.37426,0.12383999999999999,20.0,,,6.29,2.61,,517.533,True,False,False,False,True,False,,6.59,6.33,5.9,6.0,1.99,-1.08,,,-7.41,1656870,,,,,,,11.36479,-3.10629,-1.03,-1.32,-1.6099999999999999,2026-10-01T00:00:00,2003-10-31T00:00:00,10/31/2003,1067558400,2026-09-15T00:00:00
49,BGT,-0.04650000000000001,13.16934,13.81206,0.12028,3.49,19,Morningstar US CEF Senior Loans,16,BlackRock,True,10.45,-0.06,10.96,2026-10-01T00:00:00,091941104,Blackrock Floating Rate Income,2026-10-01,XBGTX,Fixed Income - Taxable-Senior Loans,0.14,311.668,-0.154,Monthly,0.36013,0.12028,20.0,,,,2.06,,327.325,True,False,False,False,True,False,,6.82,7.72,6.06,6.01,1.9300000000000002,2.39,,,-1.51,1340160,,,,,,,11.0905,-3.37944,-0.68,-1.25,-0.77,2026-10-01T00:00:00,2004-08-30T00:00:00,8/30/2004,1093824000,2026-09-15T00:00:00
50,BME,-0.0311,6.98778,7.21211,0.2621,22.31,8,Morningstar US CEF Sector Equity,16,BlackRock,True,43.61,-0.52,45.01,2026-10-01T00:00:00,09250W107,BlackRock Health Sciences,2026-10-01,XBMEX,Equity-Sector Equity,0.15,563.62,,Monthly,0.07492,0.2621,25.0,,,,1.13,,582.608,True,True,True,False,True,False,,11.3,12.02,6.63,5.44,9.96,13.58,,,27.99,429260,,,,,,,41.21771,-4.82864,0.81,-0.48,0.2,2026-10-01T00:00:00,2005-03-28T00:00:00,3/28/2005,1111968000,2026-09-15T00:00:00
51,BMEZ,-0.091,7.23684,7.9614,0.11,25.07,8,Morningstar US CEF Sector Equity,16,BlackRock,True,16.58,-0.12,18.24,2026-10-01T00:00:00,09260E105,BlackRock Health Sciences Term Trust,2026-10-01,XBMZX,Equity-Sector Equity,0.42,1036.273,,Monthly,0.11368,0.11,20.0,,,,1.37,,1144.848,True,True,True,False,True,True,,13.35,16.93,0.53,0.91,15.18,18.55,,,26.49,2071560,,,,,,,15.12,-10.95254,1.38,1.25,1.35,2026-10-01T00:00:00,2020-01-29T00:00:00,1/29/2020,1580256000,2026-09-15T00:00:00
52,BKT,-0.068,10.28571,11.0365,0.0882,-5.38,15,Morningstar US CEF Investment Grade,16,BlackRock,True,9.59,0.04,10.29,2026-10-01T00:00:00,09247F209,BlackRock Income,2026-10-01,XBKTX,Fixed Income - Taxable-Investment Grade,20.28,310.61,-0.055,Monthly,0.22314,0.0882,10.0,4.4525,,,1.9700000000000002,,418.071,True,False,False,False,True,False,,3.91,3.49,-2.35,-4.1,-4.53,-6.77,,,-6.23,1333230,,,88.239,,4.92,4.8100000000000005,10.72452,-4.54023,-2.26,-1.62,-1.92,2026-10-01T00:00:00,1988-08-01T00:00:00,8/1/1988,586396800,2026-09-15T00:00:00
53,BLW,-0.0824,10.65412,11.61026,0.1132,0.92,16,Morningstar US CEF Limited Duration,16,BlackRock,True,11.7,0.21,12.75,2026-10-01T00:00:00,09249W101,BlackRock Limited Duration Income,2026-10-01,XBLWX,Fixed Income - Taxable-Limited Duration,36.83,457.287,-0.133,Monthly,0.49739,0.1132,20.0,6.6807,,,3.7,,788.827,True,False,False,False,True,False,,8.1,6.26,3.5700000000000003,1.43,-0.88,-9.49,,,-8.96,1301410,,,99.8125,,,,13.08004,-3.35331,-1.69,-1.6,-1.49,2026-10-01T00:00:00,2003-07-28T00:00:00,7/28/2003,1059350400,2026-09-15T00:00:00
54,BIT,-0.1013,11.83732,13.17125,0.12369999999999999,-0.18,17,Morningstar US CEF Multi-Sector,16,BlackRock,True,11.27,0.03,12.54,2026-10-01T00:00:00,09258A107,BlackRock Multi-Sector Income Trust,2026-10-01,XBITX,Fixed Income - Taxable-Multi-Sector,38.24,643.097,-0.508,Monthly,0.44911,0.12369999999999999,20.0,6.0329,,13.4,3.26,,1158.643,True,False,False,False,True,False,,7.72,2.88,3.25,0.45,-1.8900000000000001,-5.93,,,-5.63,3060120,7.97,,97.3328,,,3.7199999999999998,12.69567,-6.27967,-2.51,-1.26,-1.9300000000000002,2026-10-01T00:00:00,2013-02-25T00:00:00,2/25/2013,1361750400,2026-09-15T00:00:00
55,MUA,-0.0528,6.63347,7.00315,0.0555,-3.59,21,Morningstar US CEF Municipal,16,BlackRock,False,9.51,-0.04,10.04,2026-10-01T00:00:00,09254J102,BlackRock Muniassets,2026-10-01,XMUAX,Fixed Income - Municipal-Municipal,29.08,638.499,-0.004,Monthly,0.28542,0.0555,15.0,5.5652,,,2.59,,950.48,True,False,False,False,False,False,,5.58,8.69,-1.85,-3.03,-4.75,-5.7,,,-7.6,1690640,14.68,,91.3963,,12.75,,10.63496,-4.68663,-0.33,0.73,0.26,2026-10-01T00:00:00,1993-06-25T00:00:00,6/25/1993,740966400,2026-09-15T00:00:00
56,BTT,-0.07730000000000001,2.3395,2.53552,0.0464,-2.29,21,Morningstar US CEF Municipal,16,BlackRock,False,21.96,0.12,23.8,2026-10-01T00:00:00,09257P105,BlackRock Municipal 2030 Target Term,2026-10-01,XBTTX,Fixed Income - Municipal-Municipal,35.51,1397.214,0.148,Monthly,0.34323,0.0464,25.0,4.6304,,,2.69,,2348.165,True,False,True,False,False,True,,3.91,6.73,-0.1,-0.28,-2.92,-2.51,,,-0.34,906710,24.25,,100.9811,,3.88,,22.62648,-8.01049,0.5,0.59,0.02,2026-10-01T00:00:00,2012-08-29T00:00:00,8/29/2012,1346198400,2026-09-15T00:00:00
57,MHD,-0.0984,6.27417,6.95906,0.0595,-6.41,21,Morningstar US CEF Municipal,16,BlackRock,False,10.26,0.0,11.38,2026-10-01T00:00:00,09253N104,BlackRock Municipal Income,2026-10-01,XMHDX,Fixed Income - Municipal-Municipal,44.47,1792.421,0.004,Monthly,0.30405,0.0595,15.0,5.0119,,,3.08,,3580.215,True,False,False,False,False,False,,2.04,5.75,-3.52,-3.99,-8.06,-8.5,,,-7.18,3251100,5.06,,99.8744,,11.88,,11.62693,-8.46391,-1.6,-3.25,-2.2,2026-10-01T00:00:00,1997-05-02T00:00:00,5/2/1997,862531200,2026-09-15T00:00:00
58,MUC,-0.0783,6.0566,6.57114,0.0535,-5.53,22,Morningstar US CEF Municipal-CA,16,BlackRock,False,9.77,0.02,10.6,2026-10-01T00:00:00,09254L107,BlackRock MuniHoldings CA Qty,2026-10-01,XMUCX,Fixed Income - Municipal-Municipal - CA,42.78,1221.33,0.07100000000000001,Monthly,0.26962,0.0535,15.0,5.1148,,,3.22,,2315.743,True,False,True,False,False,False,,2.38,6.54,-3.29,-4.19,-6.57,-3.79,,,-4.59,3263420,3.68,,101.3774,,13.95,,10.70867,-8.0692,0.23,-1.65,-0.65,2026-10-01T00:00:00,1998-02-27T00:00:00,2/27/1998,888537600,2026-09-15T00:00:00
59,MUJ,-0.0018,5.70423,5.71429,0.054,-5.22,24,Morningstar US CEF Municipal-Single State,16,BlackRock,False,11.34,0.06,11.36,2026-10-01T00:00:00,09254X101,BlackRock MuniHoldings NJ Qty,2026-10-01,XMUJX,Fixed Income - Municipal-Municipal - Single-State,41.77,603.119,0.085,Monthly,0.2647,0.054,15.0,4.6505,,,3.37,,1037.507,True,False,True,False,False,False,,2.48,9.42,-2.16,-1.34,-7.03,-1.35,,,2.68,1023590,20.11,,96.999,,13.16,,12.04543,-3.46676,1.4100000000000001,0.73,1.1400000000000001,2026-10-01T00:00:00,1998-03-11T00:00:00,3/11/1998,889574400,2026-09-15T00:00:00
60,MIY,0.016200000000000003,5.88129,5.78761,0.0545,-5.53,24,Morningstar US CEF Municipal-Single State,16,BlackRock,False,11.3,0.01,11.12,2026-10-01T00:00:00,09254V105,BlackRock MuniYield MI Quality,2026-10-01,XMIYX,Fixed Income - Municipal-Municipal - Single-State,41.88,327.302,0.07200000000000001,Monthly,0.25837,0.0545,15.0,4.9513,,,3.34,,554.181,True,False,True,False,False,False,,2.48,10.05,-2.46,-1.33,-7.88,0.13,,,5.7,633390,8.35,,99.8139,,16.35,,12.00817,-2.46821,1.05,-0.18,0.62,2026-10-01T00:00:00,1992-10-30T00:00:00,10/30/1992,720403200,2026-09-15T00:00:00
61,MYN,-0.0608,6.44025,6.85714,0.051199999999999996,-7.53,23,Morningstar US CEF Municipal-NY,17,"BlackRock Advisors, LLC",False,8.96,0.2,9.54,2026-10-01T00:00:00,09255E102,BlackRock MuniYield NY Quality,2026-10-01,XMYNX,Fixed Income - Municipal-Municipal - NY,24.57,843.348,0.069,Monthly,0.24345,0.051199999999999996,15.0,4.8619,,,3.2800000000000002,,1190.447,True,False,True,False,False,False,,1.4100000000000001,5.5600000000000005,-3.54,-3.77,-9.24,-7.37,,,-6.13,1449860,9.11,,98.839,,12.59,,9.89727,-8.06673,2.61,2.52,2.63,2026-10-01T00:00:00,1992-02-28T00:00:00,2/28/1992,699235200,2026-09-15T00:00:00
62,MPA,-0.11449999999999999,5.20364,5.8768,0.0477,-6.73,24,Morningstar US CEF Municipal-Single State,16,BlackRock,False,9.74,0.09,11.0,2026-10-01T00:00:00,09255G107,BlackRock MuniYield PA Quality,2026-10-01,XMPAX,Fixed Income - Municipal-Municipal - Single-State,40.55,126.129,0.039,Monthly,0.23728000000000002,0.0477,15.0,4.7566,,,3.23,,239.592,True,False,False,False,False,False,,2.42,3.52,-3.1,-4.85,-8.81,-9.5,,,-10.4,326910,9.22,,97.3448,,14.9,,11.17946,-8.70667,-3.02,-2.38,-2.89,2026-10-01T00:00:00,1992-10-30T00:00:00,10/30/1992,720403200,2026-09-15T00:00:00
63,MYI,-0.0768,6.3128,6.83778,0.0555,-6.27,21,Morningstar US CEF Municipal,16,BlackRock,False,9.74,0.11,10.55,2026-10-01T00:00:00,09254E103,BlackRock MuniYield Qty III,2026-10-01,XMYIX,Fixed Income - Municipal-Municipal,44.46,1191.14,0.04,Monthly,0.27666,0.0555,15.0,5.0812,,,3.23,,2322.94,True,False,False,False,False,False,,2.63,6.45,-2.56,-2.94,-7.96,-7.24,,,-7.61,2774640,5.82,,98.2051,,11.76,,10.86797,-7.59019,-0.1,-0.54,-0.21,2026-10-01T00:00:00,1992-04-13T00:00:00,4/13/1992,703123200,2026-09-15T00:00:00
64,MQY,-0.0904,6.35616,6.98795,0.057999999999999996,-7.08,21,Morningstar US CEF Municipal,17,"BlackRock Advisors, LLC",False,9.96,0.03,10.95,2026-10-01T00:00:00,09254F100,BlackRock Muniyield Quality,2026-10-01,XMQYX,Fixed Income - Municipal-Municipal,44.7,1498.304,0.060000000000000005,Monthly,0.28992,0.057999999999999996,15.0,5.0143,,,3.2,,2978.709,True,False,False,False,False,False,,2.03,4.99,-3.06,-4.2,-8.59,-7.99,,,-9.39,3839680,5.4,,99.4864,,14.22,,11.35149,-7.65144,-1.4100000000000001,-1.85,-1.77,2026-10-01T00:00:00,1992-06-26T00:00:00,6/26/1992,709516800,2026-09-15T00:00:00
65,BCX,-0.0915,6.4289,7.07614,0.0697,26.23,8,Morningstar US CEF Sector Equity,16,BlackRock,True,11.82,-0.05,13.01,2026-10-01T00:00:00,09257A108,BlackRock Resources&Commodities Strategy,2026-10-01,XBCRX,Equity-Sector Equity,0.0,901.134,,Monthly,0.09832,0.0697,20.0,,,,1.19,,991.879,True,True,False,False,True,False,,14.23,17.38,13.18,13.42,18.18,13.8,,,25.39,2074450,,,,,,,11.7167,-6.81279,-1.24,-1.8399999999999999,-1.17,2026-10-01T00:00:00,2011-03-29T00:00:00,3/29/2011,1301356800,2026-09-15T00:00:00
66,BSTZ,-0.0602,5.93246,6.31272,0.1625,52.79,8,Morningstar US CEF Sector Equity,16,BlackRock,True,30.89,1.47,32.87,2026-10-01T00:00:00,09260K101,BlackRock Science and Technology Term,2026-10-01,XBSZX,Equity-Sector Equity,1.07,2123.507,,Monthly,-0.15007,0.1625,20.0,,,,1.35,,2284.116,True,True,True,False,True,True,,30.33,36.93,5.72,6.82,43.68,44.78,,,53.32,2078450,,,,,,,25.55594,-9.553,2.0,1.17,1.56,2026-10-01T00:00:00,2019-06-26T00:00:00,6/26/2019,1561507200,2026-09-15T00:00:00
67,BST,-0.0199,5.75043,5.8674,0.25,36.63,8,Morningstar US CEF Sector Equity,16,BlackRock,True,51.13,1.16,52.17,2026-10-01T00:00:00,09258G104,BlackRock Science and Technology Trust,2026-10-01,XBSTX,Equity-Sector Equity,0.1,1775.235,,Monthly,-0.29713,0.25,20.0,,,,1.11,,1813.116,True,True,True,False,True,False,,30.17,29.61,9.3,9.93,34.29,36.02,,,39.84,1008510,,,,,0.26,,43.51138,-6.17345,2.03,1.43,1.9,2026-10-01T00:00:00,2014-10-29T00:00:00,10/29/2014,1414540800,2026-09-15T00:00:00
68,BBN,-0.0751,7.59435,8.21096,0.0986,-4.44,20,Morningstar US CEF Taxable Muni,17,"BlackRock Advisors, LLC",True,14.41,0.01,15.58,2026-10-01T00:00:00,09248X100,BlackRock Taxable Municipal Bond Trust,2026-10-01,XBBNX,Fixed Income - Taxable-Taxable Muni,37.03,890.43,0.077,Monthly,0.52117,0.0986,20.0,5.9206,,,3.1,,1528.793,True,False,False,False,True,False,,4.48,5.45,-3.06,-4.47,-5.4,-6.72,,,-6.67,2142440,3.39,,99.4279,,8.12,8.12,16.20098,-5.01824,-1.52,-1.76,-2.07,2026-10-01T00:00:00,2010-08-27T00:00:00,8/27/2010,1282867200,2026-09-15T00:00:00
69,BTX,-0.115,6.08696,6.87773,0.0525,40.05,10,Morningstar US CEF US Equity,16,BlackRock,True,9.16,0.18,10.35,2026-10-01T00:00:00,09260Q108,BlackRock Tech and Private Equity Term,2026-10-01,XBTPX,Equity-U.S. Equity,1.03,1069.066,,Monthly,-0.048940000000000004,0.0525,20.0,,,,1.46,,1220.564,True,True,True,False,True,True,,16.77,21.11,-3.31,-3.35,37.97,44.88,,,45.88,7361500,,,,,,,7.59241,-13.77905,1.04,-0.02,0.43,2026-10-01T00:00:00,2021-03-26T00:00:00,3/26/2021,1616716800,2026-09-15T00:00:00
70,BUI,-0.0161,7.44261,7.56447,0.154,8.23,8,Morningstar US CEF Sector Equity,16,BlackRock,True,24.43,-0.5,24.83,2026-10-01T00:00:00,09248D104,"BlackRock Util, Infra & Power Opp",2026-10-01,XBUIX,Equity-Sector Equity,0.11,734.965,,Monthly,0.19198,0.154,20.0,,,,1.09,,746.999,True,False,False,False,True,False,,15.95,17.39,8.28,7.73,7.25,3.15,,,7.14,760330,,,,,,,27.10103,1.6120100000000002,-1.1,-2.85,-1.02,2026-10-01T00:00:00,2011-11-23T00:00:00,11/23/2011,1322006400,2026-09-15T00:00:00
71,BHV,0.1121,5.41667,4.87065,0.0455,-8.77,24,Morningstar US CEF Municipal-Single State,16,BlackRock,False,11.21,-0.46,10.08,2026-10-01T00:00:00,092481100,BlackRock VA Municipal Bond,2026-10-01,XBHVX,Fixed Income - Municipal-Municipal - Single-State,41.93,17.804,0.024,Monthly,0.1615,0.0455,15.0,4.8843,,,4.53,,27.568,True,False,True,False,False,False,,0.9400000000000001,13.35,-4.55,-4.03,-10.01,15.82,,,13.38,53400,8.69,,99.5776,,16.77,10.27,11.42769,0.58348,1.1400000000000001,-0.84,0.43,2026-10-01T00:00:00,2002-04-30T00:00:00,4/30/2002,1020124800,2026-09-15T00:00:00
72,BGX,-0.1377,7.86885,9.12548,0.08,1.03,19,Morningstar US CEF Senior Loans,18,Blackstone Liquid Credit Strategies LLC,False,10.52,-0.04,12.2,2026-10-01T00:00:00,09257D102,Blackstone Long-Short Credit Income,2026-10-01,XXBGX,Fixed Income - Taxable-Senior Loans,33.95,133.691,,Monthly,0.47335,0.08,20.0,7.1353,,,4.65,,234.741,True,False,False,False,False,False,,6.47,6.21,3.6,1.96,-0.02,-4.01,,,-3.93,692020,,,,,17.0,,11.14188,-11.26342,-1.58,-1.3,-1.9,2026-10-01T00:00:00,2011-01-27T00:00:00,1/27/2011,1296086400,2026-09-23T00:00:00
73,BSL,-0.0387,7.5,7.80186,0.08399999999999999,0.9400000000000001,19,Morningstar US CEF Senior Loans,18,Blackstone Liquid Credit Strategies LLC,False,12.92,-0.03,13.44,2026-10-01T00:00:00,09256U105,Blackstone Senior Floating Rt 2027 term,2026-10-01,XBSLX,Fixed Income - Taxable-Senior Loans,33.51,168.218,,Monthly,0.49904,0.08399999999999999,20.0,7.1345,,,4.68,,263.188,True,False,False,False,False,True,,5.85,8.42,4.02,3.88,0.2,1.19,,,-0.22,439960,,,,,3.73,,13.23723,-3.8342400000000003,-0.04,-0.67,-0.35000000000000003,2026-10-01T00:00:00,2010-05-26T00:00:00,5/26/2010,1274832000,2026-09-23T00:00:00
74,BGB,-0.049699999999999994,7.60274,8.0,0.074,0.02,19,Morningstar US CEF Senior Loans,18,Blackstone Liquid Credit Strategies LLC,False,11.1,-0.14,11.68,2026-10-01T00:00:00,09257R101,Blackstone Strategic Credit 2027 term,2026-10-01,XBGBX,Fixed Income - Taxable-Senior Loans,39.23,495.934,,Monthly,0.40459,0.074,20.0,6.9282,,,5.4,,858.781,True,False,True,False,False,True,,6.32,10.16,3.49,4.59,-0.9400000000000001,0.75,,,0.13,1395610,,,,,17.78,,11.47884,-5.02173,0.07,-0.4,-0.26,2026-10-01T00:00:00,2012-09-26T00:00:00,9/26/2012,1348617600,2026-09-23T00:00:00
75,BPRE,-0.4409,7.28932,13.03645,0.1371,-5.97,7,Morningstar US CEF Real Estate,19,"Bluerock Fund Advisors, LLC",True,12.62,0.08,22.57,2026-10-01T00:00:00,09631P102,Bluerock Private Real Estate Fund,2026-10-01,XBPREX,Equity-Real Estate,,1805.22,,Monthly,,0.1371,14.0,11.1334,,,0.0,,3228.511,False,True,True,False,True,False,,-6.18,,-1.72,,-2.74,-9.63,,,,0,,,,,,,,,,0.7000000000000001,-0.68,2026-10-01T00:00:00,2014-04-01T00:00:00,4/1/2014,1396310400,2026-09-16T00:00:00
76,DHF,-0.1328,8.20313,9.45946,0.017499999999999998,-0.5,14,Morningstar US CEF High Yield,20,BNY Mellon,False,2.22,0.0,2.56,2026-10-01T00:00:00,09660L105,BNY Mellon High Yield Strategies Fund,2026-10-01,XDHFX,Fixed Income - Taxable-High Yield,28.44,161.475,,Monthly,0.09917000000000001,0.017499999999999998,15.0,7.0814,,,3.18,,260.206,True,False,False,False,False,False,,8.3,10.08,2.58,0.9400000000000001,-1.58,-5.11,,,-6.61,3504490,7.1,,98.7994,,4.58,,2.44427,-10.01461,-1.78,-1.13,-1.75,2026-10-01T00:00:00,1998-04-29T00:00:00,4/29/1998,893808000,2026-09-10T00:00:00
77,DMB,-0.1059,5.72519,6.40342,0.049999999999999996,-6.39,21,Morningstar US CEF Municipal,20,BNY Mellon,False,9.37,-0.04,10.48,2026-10-01T00:00:00,09662W109,BNY Mellon Muni Bond Infrastructure Fund,2026-10-01,XDMBX,Fixed Income - Municipal-Municipal,37.85,172.464,,Monthly,0.24734,0.049999999999999996,15.0,5.1207,,,3.19,,310.39,True,False,False,False,False,False,,2.16,2.27,-2.7,-5.65,-8.23,-11.4,,,-7.95,597640,0.21000000000000002,,98.0971,,11.8,9.39,10.76116,-7.38435,-2.39,-2.81,-3.18,2026-10-01T00:00:00,2013-04-26T00:00:00,4/26/2013,1366934400,2026-09-17T00:00:00
78,DSM,-0.1036,6.21762,6.93642,0.03,-6.38,21,Morningstar US CEF Municipal,20,BNY Mellon,False,5.19,-0.02,5.79,2026-10-01T00:00:00,09662E109,BNY Mellon Strategic Muni Bond,2026-10-01,XDSMX,Fixed Income - Municipal-Municipal,36.95,256.535,,Monthly,0.15742,0.03,10.0,5.0126,,,2.73,,453.89,True,False,False,False,False,False,,2.67,6.12,-3.32,-3.96,-8.22,-12.02,,,-7.25,1181300,0.6900000000000001,,95.9354,,9.3,8.59,5.98532,-7.20517,-2.23,-2.18,-2.35,2026-10-01T00:00:00,1989-11-22T00:00:00,11/22/1989,627696000,2026-09-14T00:00:00
79,LEO,-0.0956,5.83468,6.45161,0.03,-5.57,21,Morningstar US CEF Municipal,20,BNY Mellon,False,5.58,0.02,6.17,2026-10-01T00:00:00,05588W108,BNY Mellon Strategic Municipals,2026-10-01,XLEOX,Fixed Income - Municipal-Municipal,36.18,347.583,,Monthly,0.15752,0.03,10.0,5.133,,,2.76,,602.255,True,False,False,False,False,False,,2.98,5.86,-3.0,-4.46,-7.2,-9.09,,,-6.47,2033650,0.64,,96.1942,,9.74,8.78,6.28874,-7.63234,-1.74,-1.78,-2.1,2026-10-01T00:00:00,1987-09-23T00:00:00,9/23/1987,559353600,2026-09-14T00:00:00
80,BWG,-0.13269999999999998,12.01502,13.85281,0.08,-4.05,13,Morningstar US CEF Global Income,54,"Franklin Templeton Fund Adviser, LLC",True,6.93,0.01,7.99,2026-10-01T00:00:00,10537L104,BrandywineGLOBAL â Global Inc Opp Fund,2026-10-01,XBWGX,Fixed Income - Taxable-Global Income,42.94,116.367,,Monthly,0.40321,0.08,20.0,7.6342,,,4.62,,235.128,True,False,False,False,True,False,,8.0,9.39,0.29,-0.18,-3.75,-9.4,,,-10.12,761670,,,,,,,8.07967,-8.96191,-2.58,-2.18,-2.91,2026-10-01T00:00:00,2012-03-28T00:00:00,3/28/2012,1332892800,2026-09-23T00:00:00
81,RA,-0.1319,10.61469,12.22798,0.118,1.42,14,Morningstar US CEF High Yield,21,Brookfield Public Securities Group LLC,True,11.58,0.03,13.34,2026-10-01T00:00:00,112830104,Brookfield Real Assets Income Fund Inc.,2026-10-01,XRAIX,Fixed Income - Taxable-High Yield,25.24,640.065,,Monthly,0.43376000000000003,0.118,25.0,6.5269,,,3.34,,986.009,True,False,False,False,True,False,,7.51,9.35,3.5700000000000003,0.12,0.06,-3.19,,,-3.51,1751120,,,96.6205,,8.9,,12.8782,-9.49195,-2.91,-2.04,-2.56,2026-10-01T00:00:00,2016-12-02T00:00:00,12/2/2016,1480636800,2026-09-10T00:00:00
82,CFND,-0.5331,,,,-17.43,10,Morningstar US CEF US Equity,23,C1 Advisors LLC,True,3.03,0.12,6.49,2026-06-30T00:00:00,12673Q103,C1 Fund Inc.,2026-10-01,XCFNDX,Equity-U.S. Equity,,19.902,,Semi-Annually,-0.24685,,10.0,,,,5.86,,42.629,False,False,False,False,True,False,,,,,,-16.9,-38.78,,,-63.19,437930,,,,,,,4.31569,-42.03956,-0.67,-0.06,-0.16,2026-10-01T00:00:00,2025-08-07T00:00:00,8/7/2025,1754524800,
83,CHY,-0.053,9.78793,10.33592,0.09999999999999999,19.08,11,Morningstar US CEF Convertibles,24,Calamos Advisors LLC,False,11.61,-0.1,12.26,2026-10-01T00:00:00,12811P108,Calamos Convertible & High Income Fund,2026-10-01,XCHYX,Fixed Income - Taxable-Convertibles,32.45,932.635,,Monthly,-0.10886,0.09999999999999999,15.0,3.6347,,,4.01,,1457.868,True,False,False,False,False,False,,18.67,13.02,5.58,4.72,16.63,10.2,,,15.07,1869040,,,110.455,,,,12.16649,-0.7404000000000001,-2.18,-2.91,-1.65,2026-10-01T00:00:00,2003-05-28T00:00:00,5/28/2003,1054080000,2026-09-14T00:00:00
84,CHI,-0.0147,9.87868,10.02639,0.095,18.66,11,Morningstar US CEF Convertibles,24,Calamos Advisors LLC,False,11.37,-0.06,11.54,2026-10-01T00:00:00,128117108,Calamos Convertible Opp Inc,2026-10-01,XCHIX,Fixed Income - Taxable-Convertibles,31.79,917.636,,Monthly,-0.09886,0.095,15.0,3.5968,,,3.98,,1365.406,True,False,False,False,False,False,,18.47,14.22,5.5,5.06,16.5,16.25,,,16.96,1779760,,,110.6368,,,,11.79204,2.06729,-1.33,-3.09,-1.42,2026-10-01T00:00:00,2002-06-26T00:00:00,6/26/2002,1025049600,2026-09-14T00:00:00
85,CCD,-0.0252,10.14744,10.40925,0.19499999999999998,22.44,11,Morningstar US CEF Convertibles,24,Calamos Advisors LLC,False,22.48,-0.14,23.06,2026-10-01T00:00:00,12811V105,Calamos Dynamic Convertible and Income,2026-10-01,XCCDX,Fixed Income - Taxable-Convertibles,30.17,642.543,,Monthly,-0.41014,0.19499999999999998,25.0,2.6269,,,4.26,,943.879,True,False,False,False,False,True,,20.52,18.97,5.75,4.85,19.99,15.85,,,19.21,798370,,,,,,,23.23743,1.6065900000000002,-1.78,-2.49,-1.3,2026-10-01T00:00:00,2015-03-27T00:00:00,3/27/2015,1427414400,2026-09-14T00:00:00
86,CHW,-0.1288,7.86026,9.02256,0.06,16.56,25,Morningstar US CEF Global Allocation,24,Calamos Advisors LLC,False,7.98,-0.09,9.16,2026-10-01T00:00:00,12811L107,Calamos Global Dynamic Income Fund,2026-10-01,XCHWX,Hybrid-Global Allocation,30.1,509.638,,Monthly,-0.03591,0.06,15.0,4.8766,,,3.85,,836.961,True,False,False,False,False,False,,22.62,23.65,7.93,6.07,18.38,14.65,,,15.73,1853030,,,,,,,8.06305,-10.25314,-1.97,-2.36,-1.45,2026-10-01T00:00:00,2007-06-27T00:00:00,6/27/2007,1182902400,2026-09-14T00:00:00
87,CGO,-0.09970000000000001,7.69231,8.5443,0.09,16.73,25,Morningstar US CEF Global Allocation,24,Calamos Advisors LLC,False,12.64,-0.26,14.04,2026-10-01T00:00:00,128118106,Calamos Global Total Return,2026-10-01,XCGOX,Hybrid-Global Allocation,29.98,124.217,,Monthly,-0.07175000000000001,0.09,15.0,4.7922,,,4.02,,197.052,True,True,False,False,False,False,,23.38,24.09,7.84,5.03,19.22,19.31,,,16.02,257940,,,,,,,12.443670000000001,-9.33469,-0.53,-1.1400000000000001,-0.06,2026-10-01T00:00:00,2005-10-27T00:00:00,10/27/2005,1130371200,2026-09-14T00:00:00
88,CPZ,-0.16079999999999997,11.30552,13.47233,0.13999999999999999,-5.3,5,Morningstar US CEF Global Equity,24,Calamos Advisors LLC,False,12.47,-0.09,14.86,2026-10-01T00:00:00,12812C106,Calamos L/S Equity & Dynamic Inc Trust,2026-10-01,XCPZX,Equity-Global Equity,48.59,244.813,,Monthly,0.08155,0.13999999999999999,20.0,5.7136,,,4.38,,567.425,True,False,False,False,False,False,,5.5600000000000005,6.48,2.0,1.3599999999999999,-2.31,-6.67,,,-12.37,778850,,,99.3359,,,,14.05885,-10.6267,-2.6,-3.11,-2.75,2026-10-01T00:00:00,2019-11-29T00:00:00,11/29/2019,1574985600,2026-09-14T00:00:00
89,CSQ,-0.0904,7.25157,7.97244,0.13499999999999998,17.29,26,Morningstar US CEF US Allocation,24,Calamos Advisors LLC,False,20.32,-0.07,22.34,2026-10-01T00:00:00,128125101,Calamos Strategic Total Return,2026-10-01,XCSQX,Hybrid-U.S. Allocation,28.27,3258.711,,Monthly,-0.08754,0.13499999999999998,15.0,4.2309,,,3.69,,4994.825,True,True,False,False,False,False,,25.57,21.89,13.3,11.15,14.02,11.81,,,13.82,2232070,,,,,,,19.54623,-8.67683,-0.28,-0.45,0.39,2026-10-01T00:00:00,2004-03-26T00:00:00,3/26/2004,1080259200,2026-09-14T00:00:00
90,CCIF,-0.2429,22.71293,30.0,0.06,-39.1,19,Morningstar US CEF Senior Loans,25,Carlyle Global Credit Inv Mgmt,True,2.4,-0.29,3.23,2026-08-31T00:00:00,92535C104,Carlyle Credit Income Ord,2026-10-01,XCCIFX,Fixed Income - Taxable-Senior Loans,46.01,50.877,,Monthly,0.18345,0.06,8.65,8.718,,,11.36,,124.472,True,False,False,False,True,False,,-15.7,-18.45,-13.36,-12.53,-31.65,-37.08,,,-46.02,1298460,,,46.8847,,,,3.71331,-11.59589,-1.87,-1.75,-1.54,2026-10-01T00:00:00,2011-12-30T00:00:00,12/30/2011,1325203200,2026-09-18T00:00:00
91,IGR,-0.026099999999999998,18.19714,18.68512,0.18,-4.8100000000000005,7,Morningstar US CEF Real Estate,26,CBRE Investment Management Listed Real Assets LLC,True,11.56,-0.2,11.87,2026-10-01T00:00:00,12504G878,CBRE Global Real Estate Income,2026-10-01,XIGRX,Equity-Real Estate,34.85,584.306,,Monthly,0.12236,0.18,15.0,,,,3.84,,920.909,True,False,False,False,True,False,,6.36,10.56,-1.58,0.45,0.11,0.75,,,-10.7,2553470,,,,,,,13.89364,0.7405200000000001,-1.52,-1.5899999999999999,-2.09,2026-10-01T00:00:00,2004-02-18T00:00:00,2/18/2004,1077062400,2026-09-21T00:00:00
92,CET,-0.16510000000000002,0.93289,1.11732,0.31,13.42,10,Morningstar US CEF US Equity,27,Central Securities Corp,False,55.49,0.19,66.46,2026-09-30T00:00:00,155123102,Central Securities Corporation,2026-10-01,XCETX,Equity-U.S. Equity,0.32,1639.689,,Semi-Annually,0.8325400000000001,0.31,10.0,,,,0.46,,1963.844,True,True,False,False,False,False,,20.11,22.23,11.37,12.33,10.4,10.1,,,14.14,371030,,,,,,0.05,52.24425,-15.64128,-0.9400000000000001,-0.25,-0.84,2026-10-01T00:00:00,1980-07-28T00:00:00,7/28/1980,333590400,2026-06-12T00:00:00
93,EMO,-0.1002,8.86486,9.85182,0.41,23.21,6,Morningstar US CEF MLP,54,"Franklin Templeton Fund Adviser, LLC",False,49.94,-0.18,55.5,2026-10-01T00:00:00,18469P209,ClearBridge Energy Midstream Opportunity,2026-10-01,XEMOX,Equity-MLP,25.27,998.312,,Monthly,-0.08994,0.41,20.0,,,,3.12,,1484.667,True,True,False,False,False,False,,24.86,27.87,24.04,28.43,19.59,19.66,,,21.91,533030,,,,,,,49.07896,-9.75098,-0.13,0.11,0.63,2026-10-01T00:00:00,2011-06-13T00:00:00,6/13/2011,1307923200,2026-09-23T00:00:00
94,GLV,-0.1356,10.12221,11.71034,0.0566,8.75,25,Morningstar US CEF Global Allocation,28,Clough Capital Partners L.P.,True,5.8,0.01,6.71,2026-10-01T00:00:00,18913Y103,Clough Global Dividend and Income,2026-10-01,XGLVX,Hybrid-Global Allocation,33.6,71.976,,Monthly,0.00647,0.0566,20.0,4.812,,,3.06,,125.399,True,False,False,False,True,False,,14.11,17.9,1.3900000000000001,-1.04,7.17,5.25,,,8.44,407530,,,,,14.12,11.85,6.15321,-12.00439,-1.42,-1.49,-1.01,2026-10-01T00:00:00,2004-07-28T00:00:00,7/28/2004,1090972800,2026-09-17T00:00:00
95,GLQ,-0.1338,10.08997,11.64847,0.07289999999999999,8.33,5,Morningstar US CEF Global Equity,28,Clough Capital Partners L.P.,True,7.51,0.04,8.67,2026-10-01T00:00:00,18914C100,Clough Global Equity,2026-10-01,XGLQX,Equity-Global Equity,33.59,140.723,,Monthly,-0.056870000000000004,0.07289999999999999,20.0,,,,3.41,,244.629,True,False,False,False,True,False,,19.66,23.88,0.76,-1.31,6.99,5.68,,,9.17,628040,,,,,0.06,,8.01578,-11.10558,-2.07,-3.24,-2.56,2026-10-01T00:00:00,2005-04-27T00:00:00,4/27/2005,1114560000,2026-09-17T00:00:00
96,GLO,-0.1334,10.36013,11.95547,0.0537,4.48,25,Morningstar US CEF Global Allocation,28,Clough Capital Partners L.P.,True,5.39,0.05,6.22,2026-10-01T00:00:00,18914E106,Clough Global Opportunities,2026-10-01,XGLOX,Hybrid-Global Allocation,34.25,230.51,,Monthly,-0.0235,0.0537,20.0,4.8247,,,3.54,,404.557,True,False,False,False,True,False,,15.34,19.17,-1.82,-4.13,3.95,2.45,,,4.49,1496820,,,,,16.22,13.53,5.80314,-11.37448,-1.9100000000000001,-2.13,-1.73,2026-10-01T00:00:00,2006-04-25T00:00:00,4/25/2006,1145923200,2026-09-17T00:00:00
97,FOF,-0.0228,8.22047,8.41257,0.087,5.66,26,Morningstar US CEF US Allocation,30,"Cohen &amp; Steers Capital Management, Inc.",False,12.41,-0.06,12.7,2026-10-01T00:00:00,19248P106,Cohen & Steers Closed-End Opportunity,2026-10-01,XFOFX,Hybrid-U.S. Allocation,,345.315,,Monthly,0.17839,0.087,20.0,6.1386,,7.64,0.9500000000000001,,353.384,False,False,False,False,False,False,,17.29,16.06,7.46,7.3,2.07,0.07,,,3.35,630100,,,95.6359,,,,13.47225,0.7822500000000001,-1.52,-0.91,-1.5,2026-10-01T00:00:00,2006-11-20T00:00:00,11/20/2006,1163980800,2026-09-08T00:00:00
98,UTF,-0.025,7.8478,8.04878,0.16499999999999998,3.16,8,Morningstar US CEF Sector Equity,29,Cohen &amp; Steers,False,24.6,-0.05,25.23,2026-10-01T00:00:00,19248A109,Cohen & Steers Infrastructure,2026-10-01,XUTFX,Equity-Sector Equity,30.02,2750.528,,Monthly,0.38602000000000003,0.16499999999999998,20.0,5.4498,,,3.43,,4030.969,True,False,True,False,False,False,,15.75,16.69,7.18,5.92,4.21,7.99,,,7.03,3498030,,,103.041,,7.43,,25.83981,-5.36659,1.27,0.15,0.6900000000000001,2026-10-01T00:00:00,2004-03-30T00:00:00,3/30/2004,1080604800,2026-09-08T00:00:00
99,LDP,-0.08529999999999999,7.40811,8.09892,0.131,1.34,18,Morningstar US CEF Preferreds,30,"Cohen &amp; Steers Capital Management, Inc.",False,19.41,0.07,21.22,2026-10-01T00:00:00,19248C105,Cohen & Steers Ltd Duration Pref & Inc,2026-10-01,XLDPX,Fixed Income - Taxable-Preferreds,33.8,564.428,,Monthly,0.7218,0.131,25.0,,,,3.67,,932.061,True,False,False,False,False,False,,10.88,12.64,3.5700000000000003,1.29,-0.28,-3.35,,,-3.84,651820,,,,,88.99,,20.89615,-6.28891,-1.48,-0.85,-1.19,2026-10-01T00:00:00,2012-07-27T00:00:00,7/27/2012,1343347200,2026-09-08T00:00:00
100,RQI,-0.09210000000000002,9.03766,9.95392,0.09,4.14,7,Morningstar US CEF Real Estate,29,Cohen &amp; Steers,False,10.85,-0.05,11.95,2026-10-01T00:00:00,19247L106,Cohen & Steers Qual Inc Realty,2026-10-01,XRQIX,Equity-Real Estate,28.78,1595.758,,Monthly,0.13026000000000001,0.09,15.0,4.5417000000000005,,,3.45,,2467.664,True,False,False,False,False,False,,12.7,11.68,3.15,2.2,8.7,2.05,,,-3.56,5284340,,,102.1293,,7.49,,12.34646,-4.34391,-1.53,-1.06,-1.11,2026-10-01T00:00:00,2002-02-28T00:00:00,2/28/2002,1014854400,2026-09-08T00:00:00
101,RLTY,-0.10769999999999999,8.56031,9.59302,0.11,3.11,7,Morningstar US CEF Real Estate,30,"Cohen &amp; Steers Capital Management, Inc.",True,13.76,-0.09,15.42,2026-10-01T00:00:00,19249Q103,Cohen & Steers Real Estate Opp & Inc Fd,2026-10-01,XRLTX,Equity-Real Estate,35.35,230.1,,Monthly,0.17708000000000002,0.11,20.0,5.2869,,,4.55,,398.86,True,False,False,False,True,False,,11.64,11.44,,,4.85,0.42,,,-1.24,598450,,,104.0393,,,,15.25423,-7.75716,-2.4,-2.34,-2.61,2026-10-01T00:00:00,2022-02-24T00:00:00,2/24/2022,1645660800,2026-09-08T00:00:00
102,RNP,-0.07719999999999999,8.13154,8.812100000000001,0.13599999999999998,1.7000000000000002,7,Morningstar US CEF Real Estate,30,"Cohen &amp; Steers Capital Management, Inc.",True,18.52,-0.13,20.07,2026-10-01T00:00:00,19247X100,Cohen & Steers REIT & Preferred Inc Fd,2026-10-01,XRNPX,Equity-Real Estate,31.85,888.961,,Monthly,0.40266,0.13599999999999998,25.0,5.8091,,,3.37,,1413.487,True,False,False,False,True,False,,11.74,11.3,3.01,2.33,3.66,-0.37,,,-10.22,1244720,,,106.003,,6.69,,20.53205,-4.05507,-1.28,-1.28,-0.99,2026-10-01T00:00:00,2003-06-27T00:00:00,6/27/2003,1056672000,2026-09-08T00:00:00
103,PSF,-0.12050000000000001,7.34694,8.35359,0.126,-0.2,18,Morningstar US CEF Preferreds,29,Cohen &amp; Steers,False,18.1,-0.04,20.58,2026-10-01T00:00:00,19248Y107,Cohen & Steers Select Preferred & Inc,2026-10-01,XPSFX,Fixed Income - Taxable-Preferreds,34.26,217.71,,Monthly,0.69831,0.126,25.0,7.0987,,,3.76,,376.54,True,False,False,False,False,False,,10.36,8.04,2.33,-0.87,-1.63,-5.29,,,-5.86,387280,,,101.0886,,86.4,,19.93762,-8.75882,-2.13,-1.57,-2.11,2026-10-01T00:00:00,2010-11-24T00:00:00,11/24/2010,1290556800,2026-09-08T00:00:00
104,PTA,-0.094,8.30579,9.16762,0.13399999999999998,-1.01,18,Morningstar US CEF Preferreds,30,"Cohen &amp; Steers Capital Management, Inc.",True,17.54,0.15,19.36,2026-10-01T00:00:00,19249X108,Cohen & Steers Tax-adv Prd Sec and Inc,2026-10-01,XPTAX,Fixed Income - Taxable-Preferreds,36.11,969.496,,Monthly,0.63166,0.13399999999999998,25.0,7.3128,,,4.36,,1674.999,True,False,False,False,True,False,,9.03,8.52,1.9300000000000002,1.09,-2.1,-4.11,,,-7.42,1531490,,,103.3882,,,,19.23975,-7.0657,-1.55,-0.68,-1.25,2026-10-01T00:00:00,2020-10-28T00:00:00,10/28/2020,1603843200,2026-09-08T00:00:00
105,RFI,-0.043,8.79121,9.1866,0.08,2.56,7,Morningstar US CEF Real Estate,30,"Cohen &amp; Steers Capital Management, Inc.",False,10.45,-0.04,10.92,2026-10-01T00:00:00,19247R103,Cohen & Steers Total Return,2026-10-01,XRFIX,Equity-Real Estate,0.04,279.659,,Monthly,0.15775,0.08,15.0,6.5819,,,0.9400000000000001,,292.362,True,False,False,False,False,False,,9.91,8.56,2.67,-0.34,5.3,1.09,,,-5.73,968520,,,,,,,11.35557,-1.71921,-1.04,-0.62,-0.41000000000000003,2026-10-01T00:00:00,1993-09-27T00:00:00,9/27/1993,749088000,2026-09-08T00:00:00
106,STK,-0.0676,3.19076,3.42212,0.46249999999999997,63.98,3,Morningstar US CEF Covered Call,31,"Columbia Mgmt Investment Advisers, LLC",True,54.06,0.29,57.98,2026-10-01T00:00:00,19842X109,Columbia Seligman Premium Technology Gr,2026-10-01,XSTKX,Equity-Covered-Call Funds,,956.769,,Quarterly,-0.11919,0.46249999999999997,20.0,,,,1.12,,1026.146,False,True,False,False,True,False,,42.1,38.19,23.82,21.88,54.97,50.57,,,62.75,569920,,,,,,,44.39944,-4.56607,-1.02,0.06,-0.66,2026-10-01T00:00:00,2009-11-25T00:00:00,11/25/2009,1259107200,2026-08-17T00:00:00
107,CLM,0.0177,23.47826,23.06962,0.1215,12.88,10,Morningstar US CEF US Equity,32,"Cornerstone Advisors, LLC",True,6.32,-0.07,6.21,2026-09-30T00:00:00,21924B302,Cornerstone Strategic Investment Fund,2026-10-01,XCLMX,Equity-U.S. Equity,0.0,1957.154,,Monthly,-0.00193,0.1215,38.52,,,,1.1,,1923.09,True,False,False,False,True,False,,21.72,12.18,13.2,7.26,9.49,-10.8,,,-5.64,19120250,,,,,,,7.66234,17.88202,-2.66,-1.32,-1.99,2026-10-01T00:00:00,1987-06-23T00:00:00,6/23/1987,551404800,2026-09-15T00:00:00
108,CRF,0.005,23.40299,23.28713,0.1176,13.1,10,Morningstar US CEF US Equity,32,"Cornerstone Advisors, LLC",True,6.06,-0.07,6.03,2026-09-30T00:00:00,21924U300,Cornerstone Total Return Fund,2026-10-01,XCRFX,Equity-U.S. Equity,9.5,1023.476,,Monthly,-0.00496,0.1176,25.0,,,,1.13,,1018.409,True,False,False,False,True,False,,22.18,9.63,13.67,6.08,9.71,-10.84,,,-7.17,13065990,,,,,,,7.3484300000000005,16.64047,-2.69,-1.42,-2.06,2026-10-01T00:00:00,1973-05-16T00:00:00,5/16/1973,106358400,2026-09-15T00:00:00
109,DXYZ,-0.0892,,,,201.67,8,Morningstar US CEF Sector Equity,34,Destiny Advisors LLC,True,31.24,5.04,34.3,2026-06-30T00:00:00,25063F107,Destiny Tech100 Inc,2026-10-01,DXYZ,Equity-Sector Equity,,1488.815,,Monthly,-0.28507,,,,,,4.53,,1634.647,False,True,False,False,True,False,,,,,,71.76,0.72,,,44.84,20084910,,,,,,,30.59349,56.36881,-0.87,0.56,-0.21,2026-10-01T00:00:00,2024-03-26T00:00:00,3/26/2024,1711411200,
110,DMA,-0.1482,15.39339,18.07229,0.11249999999999999,-1.88,26,Morningstar US CEF US Allocation,35,Destra Capital Advisors LLC,True,7.47,-0.07,8.77,2026-10-01T00:00:00,25065A502,Destra Multi-Alternative,2026-10-01,XDMAX,Hybrid-U.S. Allocation,11.19,66.955,,Monthly,0.19305,0.11249999999999999,,,,,3.29,,88.508,True,False,False,False,True,False,,1.18,17.91,-0.46,,-2.8,-4.39,,,2.65,239640,,,,,0.11,,8.14168,-14.61434,-0.08,0.1,0.52,2026-10-01T00:00:00,2022-01-13T00:00:00,1/13/2022,1642032000,2026-09-18T00:00:00
111,DNP,0.056799999999999996,8.86364,8.3871,0.065,-0.18,8,Morningstar US CEF Sector Equity,39,Duff &amp; Phelps Inv Mgmt Co (IL),True,9.3,-0.27,8.8,2026-10-01T00:00:00,23325P104,DNP Select Income,2026-10-01,XDNPX,Equity-Sector Equity,24.89,3522.864,,Monthly,0.10944,0.065,10.0,5.7021,,,2.5300000000000002,,4438.314,True,False,False,False,True,False,,15.11,9.0,8.2,6.1,1.83,1.49,,,3.35,6243940,,,,,7.32,5.85,10.41065,6.96656,-0.36,-3.04,-0.8,2026-10-01T00:00:00,1987-01-21T00:00:00,1/21/1987,538185600,2026-09-30T00:00:00
112,DSL,-0.0852,12.08791,13.21321,0.11,-1.09,13,Morningstar US CEF Global Income,37,DoubleLine Capital LP,False,9.99,-0.01,10.92,2026-10-01T00:00:00,258622109,DoubleLine Income Solutions Fund,2026-10-01,XDSLX,Fixed Income - Taxable-Global Income,24.45,1144.565,,Monthly,0.47242,0.11,25.0,7.697,,,2.98,,1656.116,True,False,False,False,False,False,,9.54,5.97,0.5700000000000001,-0.44,0.86,-2.87,,,-8.26,5946080,,,91.9731,,,,11.07892,-5.21941,-1.85,-0.9,-1.49,2026-10-01T00:00:00,2013-04-26T00:00:00,4/26/2013,1366934400,2026-09-16T00:00:00
113,DBL,-0.0484,9.26316,9.73451,0.11,0.97,17,Morningstar US CEF Multi-Sector,36,DoubleLine,False,13.56,0.01,14.25,2026-10-01T00:00:00,258623107,Doubleline Opportunistic Cred,2026-10-01,XDBLX,Fixed Income - Taxable-Multi-Sector,8.15,268.107,,Monthly,0.46533,0.11,25.0,6.3626000000000005,,,2.02,,306.75,True,False,False,False,False,False,,8.91,6.57,2.38,1.16,0.84,-4.86,,,-4.83,646070,,,83.6213,,,,14.68841,-1.2561200000000001,-1.9500000000000002,-2.11,-2.7,2026-10-01T00:00:00,2012-01-26T00:00:00,1/26/2012,1327536000,2026-09-16T00:00:00
114,DLY,-0.0909,9.57211,10.52932,0.1167,0.8300000000000001,17,Morningstar US CEF Multi-Sector,37,DoubleLine Capital LP,True,13.3,-0.07,14.63,2026-10-01T00:00:00,25862D105,DoubleLine Yield Opportunities Fund,2026-10-01,XDLYX,Fixed Income - Taxable-Multi-Sector,16.47,645.574,,Monthly,0.62071,0.1167,20.0,7.611,,,2.89,,850.131,True,False,False,False,True,False,,8.49,6.36,2.45,2.2,0.8200000000000001,-0.97,,,-2.2,2119470,,,95.0661,,,,14.26337,-7.08798,-1.42,-0.77,-1.08,2026-10-01T00:00:00,2020-02-25T00:00:00,2/25/2020,1582588800,2026-09-16T00:00:00
115,DTF,-0.051699999999999996,3.30229,3.4821400000000002,0.0325,0.14,21,Morningstar US CEF Municipal,38,Duff &amp; Phelps,False,11.2,-0.06,11.81,2026-10-01T00:00:00,23334J107,DTF Tax-Free Income 2028 Term,2026-10-01,XDTFX,Fixed Income - Municipal-Municipal,32.16,78.731,,Monthly,0.13742000000000001,0.0325,15.0,4.9276,,,1.08,,83.019,True,False,True,False,False,False,,2.46,5.41,-2.5,-1.35,-0.33,1.15,,,1.92,78260,,,103.9925,,8.11,1.63,11.42993,-5.26174,0.1,-2.74,-1.1400000000000001,2026-10-01T00:00:00,1991-11-29T00:00:00,11/29/1991,691372800,2026-09-15T00:00:00
116,DPG,-0.1267,6.19835,7.09779,0.075,7.63,8,Morningstar US CEF Sector Equity,39,Duff &amp; Phelps Inv Mgmt Co (IL),True,12.68,-0.14,14.52,2026-10-01T00:00:00,26433C105,Duff & Phelps Utility and Infra Fund Inc,2026-10-01,XDPGX,Equity-Sector Equity,23.42,456.443,,Monthly,0.045200000000000004,0.075,20.0,,,,3.34,,682.487,True,False,False,False,True,False,,21.05,22.63,11.28,7.84,6.46,5.53,,,5.59,724780,,,,,,,13.92564,-10.74717,-1.9300000000000002,-2.12,-2.01,2026-10-01T00:00:00,2011-07-29T00:00:00,7/29/2011,1311897600,2026-09-30T00:00:00
117,KTF,-0.017,8.8835,9.03704,0.061,-4.9,21,Morningstar US CEF Municipal,41,"DWS Investment Management Americas, Inc.",False,8.1,0.0,8.24,2026-10-01T00:00:00,233368109,DWS Municipal Income,2026-10-01,XKTFX,Fixed Income - Municipal-Municipal,38.84,317.388,,Monthly,0.19611,0.061,12.0,4.4738,,15.48,3.14,,527.874,True,False,False,False,False,False,,2.85,9.54,-2.93,-1.6,-6.76,-5.26,,,-3.83,1505860,,,97.3387,,13.42,8.84,9.044740000000001,-1.6454300000000002,-0.06,-1.1400000000000001,-1.52,2026-10-01T00:00:00,1988-10-20T00:00:00,10/20/1988,593308800,2026-09-23T00:00:00
118,GRF,-0.1456,7.14886,8.36729,0.85,1.9300000000000002,10,Morningstar US CEF US Equity,98,Sims Capital Management LLC,False,10.1586,-0.01,11.89,2026-09-25T00:00:00,269451100,Eagle Capital Growth,2026-10-01,XGRFX,Equity-U.S. Equity,,40.308,,Annually,0.02503,0.85,10.0,,,,1.28,,47.178,False,False,False,False,False,False,,10.11,11.74,7.65,8.08,-0.59,-6.45,,,3.24,31210,,,,,,,10.4266,-13.08079,-0.43,0.78,0.49,2026-10-01T00:00:00,1990-07-02T00:00:00,7/2/1990,646876800,2025-11-21T00:00:00
119,ECC,-0.1893,16.82243,20.74928,0.06,-23.53,19,Morningstar US CEF Senior Loans,42,Eagle Point Credit Management,False,3.47,-0.43,4.34,2026-08-31T00:00:00,269808101,Eagle Point Credit Company LLC,2026-10-01,XECCX,Fixed Income - Taxable-Senior Loans,30.65,461.547,,Monthly,0.61938,0.06,20.0,,,,9.21,,820.895,True,False,False,False,False,False,,-3.7199999999999998,-12.56,-1.6800000000000002,-5.62,-11.98,-28.05,,,-32.83,13717710,,,,,,,4.61739,-10.03022,-1.19,-1.77,-1.43,2026-10-01T00:00:00,2014-10-08T00:00:00,10/8/2014,1412726400,2026-09-10T00:00:00
120,EIC,-0.25079999999999997,10.71429,14.30119,0.11,-3.5300000000000002,14,Morningstar US CEF High Yield,43,Eagle Point Income Management LLC,False,9.23,-0.8,12.43,2026-08-31T00:00:00,269817102,Eagle Point Income Co Inc,2026-10-01,XEICX,Fixed Income - Taxable-High Yield,11.77,212.694,,Monthly,,0.11,19.89,10.1647,,,6.36,,321.781,True,False,False,False,False,False,,9.94,0.25,6.24,0.68,0.12,-10.73,,,-21.81,1456520,,,87.475,,,,10.58208,-17.72782,-1.85,-2.75,-2.68,2026-10-01T00:00:00,2019-07-23T00:00:00,7/23/2019,1563840000,2026-09-10T00:00:00
121,CEV,0.0219,5.97015,5.84226,0.049999999999999996,-4.72,22,Morningstar US CEF Municipal-CA,45,Eaton Vance Management,False,10.27,0.13,10.05,2026-10-01T00:00:00,27826F101,Eaton Vance CA Muni Inc,2026-10-01,XCEVX,Fixed Income - Municipal-Municipal - CA,34.76,72.235,0.02,Monthly,0.23213,0.049999999999999996,15.0,6.6915,,,2.48,,108.354,True,False,True,False,False,False,,2.1,9.36,-2.88,-0.76,-6.25,5.46,,,6.58,254600,3.0,,97.7543,,,10.15,10.31578,-6.35499,3.63,2.2800000000000002,2.95,2026-10-01T00:00:00,1999-01-29T00:00:00,1/29/1999,917568000,2026-09-14T00:00:00
122,EOI,-0.0753,7.50982,8.1214,0.1338,9.19,3,Morningstar US CEF Covered Call,45,Eaton Vance Management,True,19.77,-0.1,21.38,2026-10-01T00:00:00,278274105,Eaton Vance Enhanced Equity Income,2026-10-01,XEOIX,Equity-Covered-Call Funds,,810.605,,Monthly,-0.04159,0.1338,20.0,,,,1.1,,876.617,False,False,False,False,True,False,,19.45,16.88,11.72,10.68,6.96,2.64,,,2.5,800270,,,,,,,19.98805,-4.55869,-1.27,-1.98,-1.11,2026-10-01T00:00:00,2004-10-26T00:00:00,10/26/2004,1098748800,2026-09-15T00:00:00
123,EOS,-0.1206,7.5458300000000005,8.58028,0.1523,6.51,3,Morningstar US CEF Covered Call,44,Eaton Vance,True,21.3,0.0,24.22,2026-10-01T00:00:00,278277108,Eaton Vance Enhanced Equity Income II,2026-10-01,XEOSX,Equity-Covered-Call Funds,,1135.631,,Monthly,-0.06004,0.1523,20.0,,,,1.09,,1291.314,False,False,False,False,True,False,,19.49,16.46,9.8,6.71,4.6,-3.17,,,-3.38,1232950,,,,,,,22.20615,-7.82879,-2.04,-1.99,-2.51,2026-10-01T00:00:00,2005-01-26T00:00:00,1/26/2005,1106697600,2026-09-15T00:00:00
124,EFT,-0.0967,7.16569,7.93296,0.071,0.68,19,Morningstar US CEF Senior Loans,45,Eaton Vance Management,False,10.74,0.06,11.89,2026-10-01T00:00:00,278279104,Eaton Vance Floating-Rate Income,2026-10-01,XEFTX,Fixed Income - Taxable-Senior Loans,31.75,285.448,,Monthly,0.42226,0.071,20.0,6.7466,,,4.45,,463.013,True,False,True,False,False,False,,5.78,4.88,4.68,3.02,0.53,-0.3,,,-1.5,1153460,,,,,,,11.01515,-9.78042,0.08,1.18,0.93,2026-10-01T00:00:00,2004-06-29T00:00:00,6/29/2004,1088467200,2026-09-15T00:00:00
125,EVV,-0.1149,8.71473,9.84652,0.06949999999999999,-1.44,16,Morningstar US CEF Limited Duration,44,Eaton Vance,False,8.47,0.02,9.57,2026-10-01T00:00:00,27828H105,Eaton Vance Limited Duration Income,2026-10-01,XEVVX,Fixed Income - Taxable-Limited Duration,41.87,984.243,,Monthly,0.31291,0.06949999999999999,20.0,6.6631,,0.0,4.04,,1913.218,True,False,False,False,False,False,,6.71,7.22,2.46,0.93,-2.85,-8.72,,,-8.9,3592450,,,97.9783,,,,9.53969,-6.89849,-2.19,-1.49,-2.13,2026-10-01T00:00:00,2003-05-30T00:00:00,5/30/2003,1054252800,2026-09-14T00:00:00
126,EIM,-0.061500000000000006,6.35662,6.77333,0.0508,-5.19,21,Morningstar US CEF Municipal,45,Eaton Vance Management,False,9.0,-0.07,9.59,2026-10-01T00:00:00,27827X101,Eaton Vance Municipal Bond,2026-10-01,XEIMX,Fixed Income - Municipal-Municipal,32.37,462.353,0.030000000000000002,Monthly,0.24144000000000002,0.0508,15.0,6.4756,,,2.88,,728.509,True,False,True,False,False,False,,2.05,6.46,-2.73,-2.45,-6.44,-2.32,,,-2.9,1601170,7.0,,101.3506,,,8.03,9.77521,-7.18373,1.22,0.9400000000000001,1.0,2026-10-01T00:00:00,2002-08-30T00:00:00,8/30/2002,1030665600,2026-09-15T00:00:00
127,EVN,-0.0622,6.27523,6.6913,0.0513,-4.23,21,Morningstar US CEF Municipal,44,Eaton Vance,False,9.2,-0.04,9.81,2026-10-01T00:00:00,27826U108,Eaton Vance Municipal Income,2026-10-01,XEVNX,Fixed Income - Municipal-Municipal,35.77,367.29,0.045,Monthly,0.26558,0.0513,15.0,7.1799,,,2.46,,609.796,True,False,False,False,False,False,,2.85,7.12,-2.48,-2.7199999999999998,-5.76,-10.34,,,-11.6,793400,7.0,,99.5019,,,7.79,10.75908,0.30714,-3.71,-3.52,-3.02,2026-10-01T00:00:00,1999-01-29T00:00:00,1/29/1999,917568000,2026-09-14T00:00:00
128,EOT,-0.0765,4.89898,5.30485,0.0683,-3.22,21,Morningstar US CEF Municipal,45,Eaton Vance Management,False,15.45,0.09,16.73,2026-10-01T00:00:00,27829L105,Eaton Vance National Municipal Opprs Tr,2026-10-01,XEOTX,Fixed Income - Municipal-Municipal,13.36,241.405,0.099,Monthly,0.41933000000000004,0.0683,20.0,5.6834,,,1.25,,301.702,True,False,False,False,False,False,,3.65,3.01,-1.33,-4.02,-4.94,-5.86,,,-3.16,373130,20.0,,96.1856,,,9.21,17.0325,-5.5480599999999995,-1.08,-1.65,-1.54,2026-10-01T00:00:00,2009-05-27T00:00:00,5/27/2009,1243382400,2026-09-15T00:00:00
129,ETJ,-0.1144,8.5098,9.60886,0.06509999999999999,1.97,3,Morningstar US CEF Covered Call,45,Eaton Vance Management,True,8.13,-0.04,9.18,2026-10-01T00:00:00,27829G106,Eaton Vance Risk-Mgd Divers Eq Inc,2026-10-01,XETJX,Equity-Covered-Call Funds,,547.164,,Monthly,-0.01498,0.06509999999999999,20.0,,,,1.12,,617.83,False,False,False,False,True,False,,12.41,11.55,6.91,3.76,0.44,-0.75,,,-0.44,1340110,,,,,,,8.55533,-8.90415,-3.02,-3.54,-2.95,2026-10-01T00:00:00,2007-07-31T00:00:00,7/31/2007,1185840000,2026-09-15T00:00:00
130,EFR,-0.11220000000000001,7.04082,7.93103,0.06899999999999999,1.55,19,Morningstar US CEF Senior Loans,45,Eaton Vance Management,False,10.44,0.04,11.76,2026-10-01T00:00:00,27828Q105,Eaton Vance Senior Floating Rate,2026-10-01,XEFRX,Fixed Income - Taxable-Senior Loans,31.26,308.227,,Monthly,0.42058,0.06899999999999999,20.0,6.7521,,4.83,3.26,,505.103,True,False,False,False,False,False,,5.89,4.5,4.84,2.43,1.24,-0.93,,,-1.38,1413220,,,,,,,10.779160000000001,-10.2956,-0.67,-0.31,-0.11,2026-10-01T00:00:00,2003-11-24T00:00:00,11/24/2003,1069632000,2026-09-15T00:00:00
131,EVF,-0.13570000000000002,7.07143,8.18182,0.033,1.75,19,Morningstar US CEF Senior Loans,45,Eaton Vance Management,False,4.84,-0.01,5.6,2026-10-01T00:00:00,27826S103,Eaton Vance Senior Income,2026-10-01,XEVFX,Fixed Income - Taxable-Senior Loans,28.72,87.944,,Monthly,0.22106,0.033,10.0,6.8094,,,2.76,,142.759,True,False,False,False,False,False,,6.12,3.18,4.53,1.9100000000000001,1.45,-2.15,,,-3.83,745510,,,,,,,5.1174,-10.55528,-1.63,-1.55,-2.09,2026-10-01T00:00:00,1998-10-30T00:00:00,10/30/1998,909705600,2026-09-14T00:00:00
132,EVG,-0.0788,8.12616,8.82175,0.073,2.8,16,Morningstar US CEF Limited Duration,45,Eaton Vance Management,True,9.93,0.01,10.78,2026-10-01T00:00:00,27828V104,Eaton Vance Short Duration Divers Inc,2026-10-01,XEVGX,Fixed Income - Taxable-Limited Duration,12.65,133.627,,Monthly,0.30311,0.073,20.0,5.7273,,,2.77,,166.065,True,False,False,False,True,False,,8.93,7.17,4.43,3.19,0.52,-3.36,,,-4.85,365730,,,97.5071,,,,10.792860000000001,-4.01167,-3.11,-2.1,-2.94,2026-10-01T00:00:00,2005-02-28T00:00:00,2/28/2005,1109548800,2026-09-15T00:00:00
133,ETG,-0.1114,6.04441,6.80228,0.1293,21.51,5,Morningstar US CEF Global Equity,45,Eaton Vance Management,False,22.81,-0.31,25.67,2026-10-01T00:00:00,27828S101,Eaton Vance Tax Adv Global Dividend Inc,2026-10-01,XETGX,Equity-Global Equity,15.89,1740.903,,Monthly,0.39383,0.1293,20.0,7.0367,,,2.2800000000000002,,2329.183,True,True,False,False,False,False,,21.98,23.54,11.47,9.83,13.45,5.31,,,17.19,1104460,,,,,3.76,,22.61395,-7.7351,-1.5,-2.32,-2.24,2026-10-01T00:00:00,2004-01-30T00:00:00,1/30/2004,1075420800,2026-09-15T00:00:00
134,EVT,-0.0766,6.55342,7.09738,0.1646,21.45,26,Morningstar US CEF US Allocation,45,Eaton Vance Management,True,27.83,-0.08,30.14,2026-10-01T00:00:00,27828G107,Eaton Vance Tax Advantaged Dividend Inc,2026-10-01,,Hybrid-U.S. Allocation,16.59,2074.526,,Monthly,0.12479,0.1646,20.0,7.0618,,,2.27,,2693.719,True,True,True,False,True,False,,18.09,18.85,9.86,8.61,16.17,17.18,,,23.14,1005970,,,,,4.98,,26.14717,-8.42615,0.66,-0.08,0.49,2026-10-01T00:00:00,2003-09-30T00:00:00,9/30/2003,1064880000,2026-09-15T00:00:00
135,ETO,-0.1167,6.12728,6.93662,0.17329999999999998,20.06,25,Morningstar US CEF Global Allocation,45,Eaton Vance Management,True,29.98,-0.33,33.94,2026-10-01T00:00:00,27828U106,Eaton Vance Tax-Advantaged Glbl Div Opp,2026-10-01,XETOX,Hybrid-Global Allocation,15.62,491.316,,Monthly,0.64905,0.17329999999999998,20.0,7.1104,,,2.26,,659.213,True,True,False,False,True,False,,21.22,21.22,10.38,8.12,12.15,5.17,,,17.96,311820,,,,,3.63,,29.6556,-9.20937,-1.9,-2.34,-2.59,2026-10-01T00:00:00,2004-04-30T00:00:00,4/30/2004,1083283200,2026-09-15T00:00:00
136,ETB,-0.0992,7.45508,8.2764,0.10579999999999999,14.33,3,Morningstar US CEF Covered Call,45,Eaton Vance Management,True,15.34,0.01,17.03,2026-10-01T00:00:00,27828X100,Eaton Vance Tax-Managed Buy-Write Income,2026-10-01,XETBX,Equity-Covered-Call Funds,,450.608,,Monthly,0.00844,0.10579999999999999,20.0,,,,1.12,,500.251,False,True,False,False,True,False,,16.58,16.39,10.48,8.03,9.98,6.83,,,11.08,519830,,,,,,,15.27379,-7.52221,-2.43,-2.23,-2.15,2026-10-01T00:00:00,2005-04-27T00:00:00,4/27/2005,1114560000,2026-09-15T00:00:00
137,ETV,-0.08560000000000001,7.28807,7.97057,0.0993,15.52,3,Morningstar US CEF Covered Call,45,Eaton Vance Management,True,14.95,0.03,16.35,2026-10-01T00:00:00,27828Y108,Eaton Vance Tax-Managed Buy-Write Opp,2026-10-01,XETVX,Equity-Covered-Call Funds,,1745.481,,Monthly,-0.00319,0.0993,20.0,,,,1.08,,1908.937,False,True,False,False,True,False,,18.23,17.31,10.18,7.74,10.2,10.41,,,13.61,1791480,,,,,,,14.57973,-7.13692,-1.31,-2.71,-1.6,2026-10-01T00:00:00,2005-06-27T00:00:00,6/27/2005,1119830400,2026-09-15T00:00:00
138,ETY,-0.11460000000000001,7.49622,8.46657,0.0992,9.89,3,Morningstar US CEF Covered Call,45,Eaton Vance Management,True,14.06,0.01,15.88,2026-10-01T00:00:00,27828N102,Eaton Vance Tax-Managed Divrs Equity Inc,2026-10-01,XETYX,Equity-Covered-Call Funds,,2239.485,,Monthly,-0.02538,0.0992,20.0,,,,1.06,,2529.376,False,False,False,False,True,False,,18.9,15.8,11.92,8.8,7.04,-2.64,,,-4.22,2425940,,,,,,,14.80703,-4.73448,-2.01,-2.14,-2.16,2026-10-01T00:00:00,2006-11-27T00:00:00,11/27/2006,1164585600,2026-09-15T00:00:00
139,EXG,-0.10439999999999999,7.5517199999999995,8.43209,0.0657,18.34,3,Morningstar US CEF Covered Call,45,Eaton Vance Management,True,9.35,-0.06,10.44,2026-10-01T00:00:00,27829F108,Eaton Vance Tax-Mgd Glb Divrs Equity Inc,2026-10-01,XEXGX,Equity-Covered-Call Funds,,2860.502,,Monthly,0.03165,0.0657,20.0,,,,1.07,,3193.972,False,False,False,False,True,False,,17.74,18.59,9.82,8.04,10.88,5.06,,,12.42,4519600,,,,,,,9.43759,-7.10219,-2.61,-2.81,-3.33,2026-10-01T00:00:00,2007-02-23T00:00:00,2/23/2007,1172188800,2026-09-15T00:00:00
140,ETW,-0.1176,7.43978,8.43175,0.0664,16.3,3,Morningstar US CEF Covered Call,44,Eaton Vance,True,9.45,-0.05,10.71,2026-10-01T00:00:00,27829C105,Eaton Vance Tx-Mgd Glbl Buy-Write Opp,2026-10-01,XETWX,Equity-Covered-Call Funds,,1026.249,,Monthly,0.06057,0.0664,20.0,,,,1.1,,1163.082,False,True,False,False,True,False,,17.06,17.76,9.0,6.68,11.23,9.78,,,14.33,3131350,,,,,,,9.32736,-10.2439,-2.05,-2.11,-1.67,2026-10-01T00:00:00,2005-09-28T00:00:00,9/28/2005,1127865600,2026-09-15T00:00:00
141,EARN,0.0102,24.36548,24.1206,0.08,-19.43,19,Morningstar US CEF Senior Loans,46,Ellington Credit Co Management LLC,True,3.98,-0.6,4.18,2026-06-30T00:00:00,288578107,Ellington Credit Company,2026-10-01,EARN,Fixed Income - Taxable-Senior Loans,53.83,151.921,,Monthly,,0.08,5.5,,,,8.65,,325.727,True,False,True,False,True,False,,,-4.4,,-13.43,-10.89,-9.61,,,-8.48,4009700,,,,,,,4.82598,-1.98686,0.25,-2.81,-0.48,2026-10-01T00:00:00,2025-04-01T00:00:00,4/1/2025,1743465600,2026-09-30T00:00:00
142,ECF,-0.1462,6.4,7.49574,0.22,13.32,11,Morningstar US CEF Convertibles,60,Gabelli Funds LLC,False,11.74,0.02,13.75,2026-10-01T00:00:00,289074106,Ellsworth Growth and Income Fund,2026-10-01,XECFX,Fixed Income - Taxable-Convertibles,13.89,160.344,,Quarterly,0.01674,0.22,10.0,2.2873,,,1.22,,218.101,True,False,False,False,False,False,,22.36,21.38,5.92,5.34,14.12,5.8,,,9.93,319010,,,,,52.2,,12.23897,-10.95833,-2.04,-2.38,-2.9,2026-10-01T00:00:00,1986-06-20T00:00:00,6/20/1986,519609600,2026-09-16T00:00:00
143,EEA,-0.1564,3.60197,4.2699,0.21989999999999998,8.03,5,Morningstar US CEF Global Equity,40,DWS,False,10.3,-0.13,12.21,2026-10-01T00:00:00,298768102,European Equity Fund,2026-10-01,XEEAX,Equity-Global Equity,1.31,70.577,,Semi-Annually,0.11774,0.21989999999999998,10.0,,,,1.42,,84.776,True,False,False,False,False,False,,13.36,14.37,6.29,6.52,6.95,3.36,,,5.37,297030,,,,,,,10.72563,-14.19986,-0.9500000000000001,-1.4,-0.28,2026-10-01T00:00:00,1986-07-23T00:00:00,7/23/1986,522460800,2026-05-26T00:00:00
144,ETX,-0.0175,5.29571,5.39001,0.07819999999999999,0.15,21,Morningstar US CEF Municipal,45,Eaton Vance Management,False,17.41,-0.14,17.72,2026-10-01T00:00:00,27829U105,EV Municipal Income 2028 Term Trust,2026-10-01,XETTX,Fixed Income - Municipal-Municipal,3.34,189.7,0.17300000000000001,Monthly,0.32837,0.07819999999999999,20.0,4.4343,,,0.89,,199.748,True,False,False,False,False,True,,3.69,6.32,0.64,-0.18,-0.41000000000000003,-2.54,,,-4.41,173390,2.0,,100.4621,,,2.18,18.72781,2.23184,-2.63,-1.96,-2.14,2026-10-01T00:00:00,2013-03-26T00:00:00,3/26/2013,1364256000,2026-09-15T00:00:00
145,FMN,-0.12179999999999999,4.8,5.46559,0.045,-6.5600000000000005,21,Morningstar US CEF Municipal,47,Federated Advisers,False,9.88,0.03,11.25,2026-10-01T00:00:00,31423P108,Federated Premier Municipal Income,2026-10-01,XFMNX,Fixed Income - Municipal-Municipal,39.47,77.249,,Monthly,0.27121,0.045,15.0,5.0469,,,3.7,,145.31,True,False,False,False,False,False,,2.98,5.52,-2.88,-4.24,-8.53,-8.03,,,-6.31,280800,15.72,,103.46340000000001,,13.75,8.69,11.09864,-10.18053,-2.14,-3.37,-3.0,2026-10-01T00:00:00,2002-12-20T00:00:00,12/20/2002,1040342400,2026-09-23T00:00:00
146,FFA,-0.1091,6.82183,7.65766,0.425,15.61,3,Morningstar US CEF Covered Call,49,First Trust Advisors L.P.,True,22.2,-0.04,24.92,2026-10-01T00:00:00,337318109,First Trust Enhanced Equity Income,2026-10-01,XFFAX,Equity-Covered-Call Funds,,443.735,,Quarterly,0.04003,0.425,20.0,,,,1.12,,498.103,False,True,False,False,True,False,,20.27,16.78,11.93,10.07,10.3,6.72,,,11.17,260210,,,,,,,22.0741,-9.19012,-1.67,-1.74,-1.81,2026-10-01T00:00:00,2004-08-26T00:00:00,8/26/2004,1093478400,2026-09-22T00:00:00
147,FTHY,-0.049800000000000004,11.32931,11.92369,0.125,-1.47,14,Morningstar US CEF High Yield,49,First Trust Advisors L.P.,True,12.58,-0.27,13.24,2026-10-01T00:00:00,33741Q107,FIRST TRUST HY OPPORTUNITIES 2027 Term,2026-10-01,XFTHYX,Fixed Income - Taxable-High Yield,22.21,462.604,,Monthly,0.42555,0.125,20.0,6.3615,,,3.5,,625.874,True,False,False,False,True,True,,6.04,10.03,0.99,1.19,-2.95,-0.86,,,-1.16,1040070,,,98.9101,,,,13.72075,-4.38262,-0.64,-1.83,-1.13,2026-10-01T00:00:00,2020-06-25T00:00:00,6/25/2020,1593043200,2026-10-01T00:00:00
148,FPF,-0.1109,9.33258,10.49618,0.13749999999999998,-2.16,18,Morningstar US CEF Preferreds,49,First Trust Advisors L.P.,False,15.72,-0.29,17.68,2026-10-01T00:00:00,33718W103,First Trust Inter Dur Pref & Income Fund,2026-10-01,XFPFX,Fixed Income - Taxable-Preferreds,37.77,956.528,,Monthly,0.64279,0.13749999999999998,25.0,7.3995,,,4.2,,1728.732,True,False,False,False,False,False,,9.88,12.13,1.22,-0.37,-4.35,-8.76,,,-8.55,1252510,,,101.3111,,5.93,,18.23019,-5.76298,-4.41,-2.6,-3.64,2026-10-01T00:00:00,2013-05-23T00:00:00,5/23/2013,1369267200,2026-10-01T00:00:00
149,FMY,-0.07440000000000001,6.51629,7.03971,0.065,-0.77,15,Morningstar US CEF Investment Grade,49,First Trust Advisors L.P.,False,11.08,-0.05,11.97,2026-10-01T00:00:00,33734E103,First Trust Mortgage Income,2026-10-01,XFMYX,Fixed Income - Taxable-Investment Grade,7.11,46.681,,Monthly,0.16028,0.065,20.0,5.027,,,1.4,,50.431,True,False,False,False,False,False,,7.18,7.44,3.11,2.38,-2.07,-4.32,,,-3.02,53380,,,90.346,,,,11.84901,-6.35964,-1.02,-0.99,-0.9400000000000001,2026-10-01T00:00:00,2005-05-25T00:00:00,5/25/2005,1116979200,2026-10-01T00:00:00
150,DFP,-0.1085,7.37167,8.26848,0.1314,0.26,18,Morningstar US CEF Preferreds,51,Flaherty &amp; Crumrine Inc,False,19.07,0.19,21.39,2026-10-01T00:00:00,33848W106,Flah & Crum Dynamic Pref & Income Fund,2026-10-01,XDFPX,Fixed Income - Taxable-Preferreds,38.61,391.662,,Monthly,0.77839,0.1314,25.0,7.3869,,,4.3,,715.611,True,False,False,False,False,False,,10.49,11.75,1.97,-0.89,-1.24,-3.93,,,-5.92,548360,,,102.9091,,7.14,,20.86804,-7.57063,-1.9300000000000002,-1.3,-1.58,2026-10-01T00:00:00,2013-05-24T00:00:00,5/24/2013,1369353600,2026-09-23T00:00:00
151,FFC,-0.096,7.57971,8.38477,0.1046,0.5,18,Morningstar US CEF Preferreds,51,Flaherty &amp; Crumrine Inc,False,14.97,0.03,16.56,2026-10-01T00:00:00,338478100,Flah&Crum Preferred Securities,2026-10-01,XFFCX,Fixed Income - Taxable-Preferreds,38.62,721.223,,Monthly,0.624,0.1046,25.0,7.3168,,,4.1,,1299.826,True,False,False,False,False,False,,10.89,12.81,1.92,-0.49,-1.01,-4.16,,,-4.44,1065420,,,102.3775,,7.28,,16.22002,-7.09123,-1.77,-1.74,-1.65,2026-10-01T00:00:00,2003-01-31T00:00:00,1/31/2003,1043971200,2026-09-23T00:00:00
152,FLC,-0.11939999999999999,7.21352,8.19194,0.10669999999999999,0.03,18,Morningstar US CEF Preferreds,51,Flaherty &amp; Crumrine Inc,False,15.63,-0.12,17.75,2026-10-01T00:00:00,338479108,Flah&Crum Total Return Fund,2026-10-01,XFLCX,Fixed Income - Taxable-Preferreds,38.97,163.44,,Monthly,0.629,0.10669999999999999,25.0,7.4035,,,4.5600000000000005,,304.109,True,False,False,False,False,False,,10.43,12.5,1.67,-1.12,-1.4100000000000001,-4.83,,,-4.73,232020,,,103.068,,7.57,,17.10863,-8.70092,-2.16,-1.6,-2.13,2026-10-01T00:00:00,2003-08-29T00:00:00,8/29/2003,1062115200,2026-09-23T00:00:00
153,PFD,-0.0966,7.08908,7.84744,0.0703,0.12,18,Morningstar US CEF Preferreds,50,Flaherty &amp; Crumrine,False,10.75,-0.02,11.9,2026-10-01T00:00:00,338480106,Flaherty & Crumrine Preferred Income,2026-10-01,XPFDX,Fixed Income - Taxable-Preferreds,37.33,138.165,,Monthly,0.41405000000000003,0.0703,15.0,7.2969,,,4.31,,244.045,True,False,False,False,False,False,,10.17,13.16,1.8,-0.74,-1.16,-4.25,,,-3.73,264480,,,103.0638,,7.33,,11.57932,-7.61753,-1.7000000000000002,-1.22,-1.69,2026-10-01T00:00:00,1991-01-31T00:00:00,1/31/1991,665280000,2026-09-23T00:00:00
154,PFO,-0.11230000000000001,7.00721,7.89327,0.0567,0.16,18,Morningstar US CEF Preferreds,51,Flaherty &amp; Crumrine Inc,False,8.62,-0.01,9.71,2026-10-01T00:00:00,33848E106,Flaherty & Crumrine Preferred Income Opp,2026-10-01,XPFOX,Fixed Income - Taxable-Preferreds,38.83,112.727,,Monthly,0.34372,0.0567,12.5,7.4124,,,4.62,,207.581,True,False,False,False,False,False,,10.3,12.77,1.71,-0.72,-1.08,-3.58,,,-4.67,282790,,,102.9109,,7.54,,9.30617,-8.96185,-1.57,-1.45,-1.67,2026-10-01T00:00:00,1992-02-13T00:00:00,2/13/1992,697939200,2026-09-23T00:00:00
155,FXBY,-0.3222,0.35991,0.531,0.13,10.49,10,Morningstar US CEF US Equity,73,Midas Management Corporation,False,24.482,0.0,36.12,2026-10-01T00:00:00,351645205,FOXBY CORP,2026-10-01,,Equity-U.S. Equity,12.83,12.773,,Annually,-0.10635,0.13,10.0,,,,2.98,,21.618,True,True,True,False,False,False,,23.5,31.89,13.92,16.23,10.49,5.3,,,25.5,2420,,,,,,,22.50517,-34.19548,0.51,1.43,1.85,2026-10-01T00:00:00,1999-10-29T00:00:00,10/29/1999,941155200,2025-12-15T00:00:00
156,FTF,-0.1258,12.05882,13.79439,0.0615,1.6099999999999999,16,Morningstar US CEF Limited Duration,53,"Franklin Advisers, Inc.",True,5.35,-0.01,6.12,2026-10-01T00:00:00,35472T101,Franklin Limited Duration Income Trust,2026-10-01,XFTFX,Fixed Income - Taxable-Limited Duration,29.58,216.169,,Monthly,0.27933,0.0615,15.0,6.7299,,,3.66,,351.171,True,False,False,False,True,False,,6.43,7.82,3.03,1.78,0.93,-4.22,,,-4.7,1963680,,,98.9897,,5.86,,5.95534,-8.39812,-2.99,-2.31,-3.13,2026-10-01T00:00:00,2003-08-27T00:00:00,8/27/2003,1061942400,2026-09-23T00:00:00
157,PMM,-0.0682,6.58902,7.07143,0.033,-4.57,21,Morningstar US CEF Municipal,53,"Franklin Advisers, Inc.",False,5.6,0.16,6.01,2026-10-01T00:00:00,746823103,Franklin Managed Municipal Income,2026-10-01,XPMMX,Fixed Income - Municipal-Municipal,31.44,239.867,,Monthly,0.15044,0.033,10.0,5.025,,,1.06,,375.479,True,False,False,False,False,False,,4.62,5.03,-1.62,-3.26,-6.83,-9.44,,,-4.76,1051900,,,93.6717,,13.46,9.67,6.20735,-6.62394,-0.11,-1.29,-0.52,2026-10-01T00:00:00,1989-02-24T00:00:00,2/24/1989,604281600,2026-09-23T00:00:00
158,PIM,-0.07690000000000001,8.12308,8.8,0.022,0.91,15,Morningstar US CEF Investment Grade,53,"Franklin Advisers, Inc.",False,3.0,-0.02,3.25,2026-10-01T00:00:00,746909100,Franklin Master Intermediate Income,2026-10-01,XPIMX,Fixed Income - Taxable-Investment Grade,37.57,144.553,,Monthly,0.07573,0.022,10.0,5.64,,,1.02,,250.822,True,False,False,False,False,False,,7.15,8.48,3.0,2.1,-0.43,-3.77,,,-4.7,831970,,,92.0353,,,,3.23847,-5.07532,-1.71,-1.37,-1.54,2026-10-01T00:00:00,1988-04-29T00:00:00,4/29/1988,578275200,2026-09-23T00:00:00
159,PMO,-0.10220000000000001,6.12967,6.82713,0.052,-5.34,21,Morningstar US CEF Municipal,53,"Franklin Advisers, Inc.",False,9.14,0.0,10.18,2026-10-01T00:00:00,746922103,Franklin Municipal Opportunities,2026-10-01,XPMOX,Fixed Income - Municipal-Municipal,36.45,250.431,,Monthly,0.22914,0.052,15.0,4.9179,,,1.04,,438.891,True,False,False,False,False,False,,3.74,4.4,-1.74,-3.2800000000000002,-7.5600000000000005,-11.15,,,-6.92,699570,,,95.6731,,13.34,9.59,10.40035,-7.62696,-2.34,-2.47,-2.3,2026-10-01T00:00:00,1993-05-28T00:00:00,5/28/1993,738547200,2026-09-23T00:00:00
160,PPT,-0.07339999999999999,8.81356,9.5122,0.026,1.03,13,Morningstar US CEF Global Income,53,"Franklin Advisers, Inc.",False,3.2800000000000002,0.0,3.54,2026-10-01T00:00:00,746853100,Franklin Premier Income,2026-10-01,XPPTX,Fixed Income - Taxable-Global Income,30.82,313.462,,Monthly,0.0811,0.026,10.0,5.6251999999999995,,,1.01,,489.058,True,False,False,False,False,False,,7.13,8.41,3.05,1.9500000000000002,-0.5,-0.88,,,-2.81,1512790,,,92.1673,,,,3.5159700000000003,-5.90099,-1.12,-0.49,-0.7000000000000001,2026-10-01T00:00:00,1988-02-29T00:00:00,2/29/1988,573091200,2026-09-23T00:00:00
161,FT,-0.12960000000000002,6.2963000000000005,7.23404,0.042499999999999996,-0.37,26,Morningstar US CEF US Allocation,53,"Franklin Advisers, Inc.",False,7.05,0.01,8.1,2026-10-01T00:00:00,355145103,Franklin Universal Trust,2026-10-01,XFUTX,Hybrid-U.S. Allocation,22.76,177.18,,Monthly,0.1812,0.042499999999999996,10.0,7.2423,,,2.99,,263.568,True,False,False,False,False,False,,11.38,10.91,5.3,4.47,-1.1400000000000001,-7.65,,,-6.64,456220,,,88.5569,,4.99,,7.98567,-8.56058,-2.93,-1.82,-2.59,2026-10-01T00:00:00,1988-09-23T00:00:00,9/23/1988,590976000,2026-09-23T00:00:00
162,FSCO,-0.26539999999999997,10.22669,13.92188,0.059399999999999994,7.73,17,Morningstar US CEF Multi-Sector,56,FS Global Advisor LLC,True,5.12,-0.04,6.97,2026-10-01T00:00:00,30290Y101,FS Credit Opportunities Corp.,2026-10-01,XFSCX,Fixed Income - Taxable-Multi-Sector,33.05,1015.582,,Monthly,0.31886000000000003,0.059399999999999994,,,,,7.0,,2065.091,True,False,False,False,True,False,,11.16,11.1,,,6.51,-9.12,,,-14.4,14286700,,,,,,,5.5354,-22.07415,-0.52,0.89,0.93,2026-10-01T00:00:00,2022-11-14T00:00:00,11/14/2022,1668384000,2026-09-23T00:00:00
163,FSSL,-0.3307,10.14132,15.15203,0.1495,,19,Morningstar US CEF Senior Loans,57,FS Specialty Lending Advisor LLC,True,11.84,0.21,17.69,2026-10-01T00:00:00,644323107,FS Specialty Lending Fund,2026-10-01,FSSL,Fixed Income - Taxable-Senior Loans,27.73,898.866,,Monthly,,0.1495,14.12,,,,6.14,,1858.2,True,True,True,False,True,False,,,,,,4.89,-8.61,,,,0,,,92.6454,,,,,,,1.5899999999999999,0.9400000000000001,2026-10-01T00:00:00,2025-11-13T00:00:00,11/13/2025,1762992000,2026-09-23T00:00:00
164,VCX,0.5751,,,,27.4,8,Morningstar US CEF Sector Equity,58,"Fundrise Advisors, LLC",False,29.88,0.0,18.97,2026-03-31T00:00:00,360852107,Fundrise Innovation Common Share,2026-10-01,XVCX,Equity-Sector Equity,,1069.618,,,,,,,,,0.0,,679.072,False,True,True,False,False,False,,22.98,,,,,,,,,0,,,118.3867,,,,,,,0.39,0.39,2026-10-01T00:00:00,2022-07-25T00:00:00,7/25/2022,1658707200,
165,GCV,-0.0509,11.11111,11.70732,0.12,10.39,26,Morningstar US CEF US Allocation,59,Gabelli,True,4.1,-0.04,4.32,2026-10-01T00:00:00,36240B109,Gabelli Conv Inc Secs,2026-10-01,XGCVX,Hybrid-U.S. Allocation,6.52,82.605,,Quarterly,-0.0030600000000000002,0.12,11.25,2.2015000000000002,,,2.07,,93.112,True,False,False,False,True,False,,16.91,16.56,3.3,3.79,12.25,8.19,,,11.87,557330,,,,,,,4.4313,-1.01982,-1.46,-3.38,-1.72,2026-10-01T00:00:00,1995-03-31T00:00:00,3/31/1995,796608000,2026-09-16T00:00:00
166,GDV,-0.1281,5.5814,6.40114,0.15,11.25,10,Morningstar US CEF US Equity,60,Gabelli Funds LLC,True,28.12,-0.17,32.25,2026-10-01T00:00:00,36242H104,Gabelli Dividend & Income,2026-10-01,XGDVX,Equity-U.S. Equity,16.1,2437.893,,Monthly,-0.00451,0.15,20.0,,,,1.83,,3332.617,True,False,False,False,True,False,,17.31,20.55,8.24,8.42,9.15,6.71,,,10.94,1043160,,,,,0.19,,28.50879,-10.80708,-2.71,-2.46,-2.15,2026-10-01T00:00:00,2003-11-28T00:00:00,11/28/2003,1069977600,2026-09-16T00:00:00
167,GAB,-0.049400000000000006,10.96892,11.53846,0.15,9.78,10,Morningstar US CEF US Equity,59,Gabelli,True,5.2,-0.04,5.47,2026-10-01T00:00:00,362397101,Gabelli Equity,2026-10-01,XGABX,Equity-U.S. Equity,15.86,1785.573,,Quarterly,0.00637,0.15,10.0,,,,1.6099999999999999,,2232.239,True,False,False,False,True,False,,17.1,12.94,9.19,6.55,7.31,-6.41,,,-2.7,8147330,,,,,0.37,0.18,5.80886,0.35226,-0.92,-0.8200000000000001,-0.55,2026-10-01T00:00:00,1986-08-21T00:00:00,8/21/1986,524966400,2026-09-16T00:00:00
168,GGZ,-0.0969,4.92958,5.45876,0.21,8.52,5,Morningstar US CEF Global Equity,59,Gabelli,False,15.3881,-0.04,17.04,2026-10-01T00:00:00,36249W104,Gabelli Global Small & Mid Cap Value Tru,2026-10-01,XGGZX,Equity-Global Equity,17.63,115.876,,Quarterly,0.06981,0.21,12.0,,,,2.31,,155.78,True,False,True,False,False,False,,15.38,20.39,4.06,5.11,6.9,7.09,,,12.8,81680,,,,,0.24,0.12,15.48796,-11.30079,1.06,1.26,1.16,2026-10-01T00:00:00,2014-06-23T00:00:00,6/23/2014,1403481600,2026-09-16T00:00:00
169,GLU,-0.056799999999999996,7.07775,7.50426,0.11,9.13,8,Morningstar US CEF Sector Equity,60,Gabelli Funds LLC,True,17.59,-0.15,18.65,2026-10-01T00:00:00,36242L105,Gabelli Global Utility & Income,2026-10-01,XGLUX,Equity-Sector Equity,18.83,105.397,,Monthly,0.2284,0.11,20.0,,,,1.35,,137.673,True,False,False,False,True,False,,19.45,18.12,6.25,5.78,7.01,-3.16,,,4.78,94060,,,,,0.14,0.22,19.27009,-1.18519,-1.26,-1.3,-1.15,2026-10-01T00:00:00,2004-05-25T00:00:00,5/25/2004,1085443200,2026-09-16T00:00:00
170,GRX,-0.10289999999999999,6.47619,7.21868,0.16999999999999998,10.02,8,Morningstar US CEF Sector Equity,59,Gabelli,False,9.42,-0.09,10.5,2026-10-01T00:00:00,36246K103,Gabelli Healthcare & Wellness Trust,2026-10-01,XXGRX,Equity-Sector Equity,31.38,137.011,,Quarterly,-0.04899,0.16999999999999998,8.0,,,,3.17,,222.56,True,False,False,False,False,False,,5.65,10.56,-1.1,0.19,5.6,4.26,,,12.7,279230,,,,,0.22,0.25,9.47001,-10.138,-0.17,0.56,0.07,2026-10-01T00:00:00,2007-06-19T00:00:00,6/19/2007,1182211200,2026-09-16T00:00:00
171,GGT,0.177,28.31858,24.06015,0.08,8.53,8,Morningstar US CEF Sector Equity,59,Gabelli,False,3.99,0.01,3.39,2026-10-01T00:00:00,36239Q109,Gabelli Multimedia,2026-10-01,XGGTX,Equity-Sector Equity,29.89,188.731,,Monthly,-0.01213,0.08,7.5,,,,2.13,,228.711,True,False,True,False,False,False,,23.12,7.44,1.58,0.77,7.27,11.92,,,15.63,2742450,,,,,0.27,0.25,4.13247,10.3379,2.88,2.94,3.17,2026-10-01T00:00:00,1994-11-15T00:00:00,11/15/1994,784857600,2026-09-16T00:00:00
172,GUT,1.0727,21.81818,10.52632,0.049999999999999996,4.22,8,Morningstar US CEF Sector Equity,59,Gabelli,False,5.7,0.01,2.75,2026-10-01T00:00:00,36240A101,Gabelli Utility Trust,2026-10-01,XGUTX,Equity-Sector Equity,16.05,513.16,,Monthly,0.03013,0.049999999999999996,7.5,,,,1.52,,294.921,True,False,True,False,False,False,,16.66,15.15,7.65,4.71,3.94,1.87,,,3.89,2042000,,,,,0.19,0.15,6.17654,96.99662000000001,0.92,-0.9500000000000001,0.32,2026-10-01T00:00:00,1999-07-09T00:00:00,7/9/1999,931478400,2026-09-16T00:00:00
173,GGN,-0.0943,6.1749600000000004,6.81818,0.034999999999999996,22.96,8,Morningstar US CEF Sector Equity,59,Gabelli,True,5.28,0.0,5.83,2026-10-01T00:00:00,36465A109,GAMCO Global Gold Natural Resources&Inc,2026-10-01,XGGNX,Equity-Sector Equity,7.8100000000000005,824.867,,Monthly,0.0325,0.034999999999999996,20.0,6.1,,,1.29,,987.898,True,True,False,False,True,False,,25.6,22.58,19.26,17.02,11.85,7.68,,,9.71,6024860,,,,,0.58,0.52,5.22695,-7.2395,-0.86,-0.62,-0.77,2026-10-01T00:00:00,2005-03-29T00:00:00,3/29/2005,1112054400,2026-09-16T00:00:00
174,GNT,-0.0129,8.41121,8.52071,0.06,20.2,3,Morningstar US CEF Covered Call,60,Gabelli Funds LLC,False,8.45,-0.25,8.56,2026-10-01T00:00:00,36465E101,"GAMCO Natural Resources, Gold & Inc Tr",2026-10-01,XGNTX,Equity-Covered-Call Funds,14.36,142.059,,Monthly,0.01642,0.06,20.0,6.111,,,1.9500000000000002,,168.032,True,True,True,False,False,False,,22.47,30.5,15.89,19.67,10.56,24.52,,,34.78,942590,,,,,0.89,0.62,8.15221,-3.61782,0.51,-2.14,-0.5700000000000001,2026-10-01T00:00:00,2011-01-27T00:00:00,1/27/2011,1296086400,2026-09-16T00:00:00
175,GDL,-0.2137,4.51977,5.7485,0.12,5.29,26,Morningstar US CEF US Allocation,60,Gabelli Funds LLC,True,8.35,0.01,10.62,2026-10-01T00:00:00,361570104,GDL Fund,2026-10-01,XGDLX,Hybrid-U.S. Allocation,4.05,89.704,,Quarterly,-0.00024,0.12,20.0,,,,3.27,,118.9,True,False,False,False,True,False,,6.6,8.61,4.85,4.46,5.19,4.2,,,3.23,96550,,,,,0.19,0.16,8.45121,-20.77499,-0.77,0.09,-0.12,2026-10-01T00:00:00,2007-01-25T00:00:00,1/25/2007,1169683200,2026-09-16T00:00:00
176,GAM,-0.1335,8.73601,10.08192,6.4,15.75,10,Morningstar US CEF US Equity,61,General American Investors Co Inc,False,63.48,0.04,73.26,2026-10-01T00:00:00,368802104,General American Investors,2026-10-01,XGAMX,Equity-U.S. Equity,9.82,1512.863,,Annually,0.00036,6.4,10.0,,,,1.07,,1935.979,True,True,False,False,False,False,,23.01,26.13,14.75,16.35,12.6,8.02,,,13.45,250890,,,,,0.03,,62.50906,-10.73089,-2.95,-2.8200000000000003,-2.37,2026-10-01T00:00:00,1927-02-01T00:00:00,2/1/1927,-1354320000,2025-11-17T00:00:00
177,GUG,-0.12380000000000001,8.95663,10.22238,0.11875,2.77,25,Morningstar US CEF Global Allocation,62,Guggenheim Funds Investment Advisors LLC,False,13.94,-0.2,15.91,2026-09-30T00:00:00,40170T106,Guggenheim Active Allocation Fund,2026-10-01,XGUGX,Hybrid-Global Allocation,25.15,459.742,,Monthly,0.54925,0.11875,20.0,5.74,,,3.19,,701.008,True,False,False,False,False,False,,9.41,11.54,,,0.91,-1.17,,,-0.64,859000,,,95.2366,,,,15.56055,-6.30615,-2.6,-1.72,-2.51,2026-10-01T00:00:00,2021-11-23T00:00:00,11/23/2021,1637625600,2026-09-15T00:00:00
178,GOF,-0.1351,22.02823,25.46853,0.18209999999999998,4.5,17,Morningstar US CEF Multi-Sector,62,Guggenheim Funds Investment Advisors LLC,False,8.58,0.07,9.92,2026-10-01T00:00:00,40167F101,Guggenheim Strategic Opp Fund,2026-10-01,XGOFX,Fixed Income - Taxable-Multi-Sector,21.75,1917.182,,Monthly,0.35596,0.18209999999999998,20.0,5.7615,,,1.9700000000000002,,2832.879,True,False,False,False,False,False,,13.43,-1.48,7.3,-0.66,1.31,-22.98,,,-30.84,18070180,,,98.0989,,,,11.53579,5.12967,-2.13,-1.34,-2.05,2026-10-01T00:00:00,2007-07-26T00:00:00,7/26/2007,1185408000,2026-09-15T00:00:00
179,GBAB,-0.0765,11.20089,12.1283,0.12572999999999998,-1.92,20,Morningstar US CEF Taxable Muni,62,Guggenheim Funds Investment Advisors LLC,False,12.44,0.0,13.47,2026-10-01T00:00:00,401664107,Guggenheim Tax Muni & Inv Grade Debt Tr,2026-10-01,XGBAX,Fixed Income - Taxable-Taxable Muni,30.03,344.581,,Monthly,0.46383,0.12572999999999998,20.0,5.7718,,,2.83,,533.26,True,False,False,False,False,False,,6.8100000000000005,2.6,-1.38,-4.04,-3.07,-9.76,,,-11.39,933650,12.76,,96.372,,5.22,,14.58052,-0.54791,-3.01,-2.4,-3.08,2026-10-01T00:00:00,2010-10-26T00:00:00,10/26/2010,1288051200,2026-09-15T00:00:00
180,HERZ,-0.18460000000000001,10.75949,13.19543,0.16999999999999998,-1.1400000000000001,10,Morningstar US CEF US Equity,104,Thomas J Herzfeld Advisors Inc,False,15.4599,-0.65,19.13,2026-08-31T00:00:00,42804T205,Herzfeld Credit Income Fund,2026-10-01,HERZ,Equity-U.S. Equity,,31.075,,Monthly,0.05541,0.16999999999999998,5.2,,,,4.33,,38.11,False,False,False,False,False,False,,12.0,17.69,5.0,5.46,-6.62,-28.03,,,-11.33,132690,,,,,,,18.94378,-12.9223,-1.21,-1.25,-1.17,2026-10-01T00:00:00,1994-05-20T00:00:00,5/20/1994,769392000,2026-09-16T00:00:00
181,PCF,-0.1718,11.28039,13.62035,0.057999999999999996,-2.49,11,Morningstar US CEF Convertibles,22,Bulldog Investors LLP,False,5.11,-0.22,6.17,2026-09-25T00:00:00,42968F108,High Income Securities,2026-10-01,XPCFX,Fixed Income - Taxable-Convertibles,1.06,95.641,,Monthly,0.16873,0.057999999999999996,7.5,5.0759,,21.21,1.65,,115.48,True,False,False,False,False,False,,7.72,6.51,4.92,1.4,-3.98,-7.95,,,-8.24,805410,,,,,,,5.78314,-13.0562,-2.41,-2.11,-2.5,2026-10-01T00:00:00,1987-07-09T00:00:00,7/9/1987,552787200,2026-09-22T00:00:00
182,HGLB,-0.3834,9.40092,15.24664,0.08499999999999999,-0.73,25,Morningstar US CEF Global Allocation,78,"NexPoint Asset Management, L.P.",False,6.69,0.09,10.85,2026-10-01T00:00:00,43010T104,Highland Global Allocation Fund,2026-10-01,XHGLX,Hybrid-Global Allocation,2.79,157.82,,Monthly,0.20544,0.08499999999999999,15.0,9.9011,,,1.35,,255.956,True,False,False,False,False,False,,7.67,6.47,8.24,7.11,-4.28,-20.42,,,-17.81,789610,,,,,0.31,,8.44236,-30.99539,-1.73,-1.83,-1.34,2026-10-01T00:00:00,1998-01-05T00:00:00,1/5/1998,883958400,2026-09-23T00:00:00
183,HFRO,-0.41259999999999997,3.97933,6.77419,0.0385,4.71,19,Morningstar US CEF Senior Loans,78,"NexPoint Asset Management, L.P.",True,6.82,0.16,11.61,2026-10-01T00:00:00,43010E404,Highland Opportunities and Income Ord,2026-10-01,XHFOX,Fixed Income - Taxable-Senior Loans,27.19,376.59,,Monthly,0.29677000000000003,0.0385,15.0,7.8861,,,2.18,,880.441,True,True,True,False,True,False,,-1.25,1.54,1.34,-1.33,4.83,17.41,,,12.01,1289920,,,,,,,6.5191,-43.9059,0.66,-1.42,0.09,2026-10-01T00:00:00,2000-01-13T00:00:00,1/13/2000,947721600,2026-09-23T00:00:00
184,VKI,-0.0663,8.385,8.97992,0.0559,-5.32,21,Morningstar US CEF Municipal,65,"Invesco Advisers, Inc",False,7.47,-0.01,8.0,2026-10-01T00:00:00,46132E103,Invesco Adv Muni Inc II,2026-10-01,XVKIX,Fixed Income - Municipal-Municipal,39.38,331.76,-0.002,Monthly,0.21381,0.0559,15.0,5.1931,,20.22,3.33,,586.124,True,False,False,False,False,False,,3.03,7.58,-2.58,-3.88,-6.84,-13.2,,,-8.02,1286380,17.15,,96.6445,,10.05,8.68,8.94158,0.28157000000000004,-2.65,-3.8200000000000003,-3.26,2026-10-01T00:00:00,1993-08-27T00:00:00,8/27/1993,746409600,2026-09-14T00:00:00
185,VBF,-0.0754,5.18519,5.60787,0.0665,-2.55,15,Morningstar US CEF Investment Grade,65,"Invesco Advisers, Inc",False,14.23,0.05,15.39,2026-10-01T00:00:00,46132L107,Invesco Bond,2026-10-01,XVBFX,Fixed Income - Taxable-Investment Grade,,162.579,0.001,Monthly,0.40588,0.0665,20.0,5.6338,,15.48,0.5700000000000001,,175.832,False,False,False,False,False,False,,5.33,4.88,-0.79,-1.58,-3.32,-4.22,,,-5.18,555350,,,96.9961,,,,15.13521,-7.1554400000000005,-0.47000000000000003,0.5700000000000001,0.41000000000000003,2026-10-01T00:00:00,1970-10-28T00:00:00,10/28/1970,25920000,2026-09-14T00:00:00
186,VCV,0.0078000000000000005,8.64214,8.57522,0.06459999999999999,-7.16,22,Morningstar US CEF Municipal-CA,65,"Invesco Advisers, Inc",False,9.04,0.06,8.97,2026-10-01T00:00:00,46132H106,Invesco CA Value,2026-10-01,XVCVX,Fixed Income - Municipal-Municipal - CA,41.92,438.521,-0.039,Monthly,0.22155,0.06459999999999999,15.0,5.1828,,20.77,3.35,,749.221,True,False,False,False,False,False,,2.34,9.29,-2.7800000000000002,-2.65,-8.95,-14.61,,,-8.59,1097640,15.53,,94.3565,,11.52,8.96,10.71243,5.07284,-2.27,-2.62,-2.69,2026-10-01T00:00:00,1993-04-30T00:00:00,4/30/1993,736128000,2026-09-14T00:00:00
187,VLT,-0.1076,10.60217,11.88053,0.0895,-0.17,14,Morningstar US CEF High Yield,65,"Invesco Advisers, Inc",False,9.04,-0.05,10.13,2026-10-01T00:00:00,46131F101,Invesco High Income II,2026-10-01,XVLTX,Fixed Income - Taxable-High Yield,31.66,58.862,-0.029,Monthly,0.36908,0.0895,60.0,6.9603,,6.78,3.41,,96.509,True,False,False,False,False,False,,7.31,7.98,2.25,1.02,-1.79,-11.92,,,-10.07,186790,,,99.0033,,,,10.57595,-3.37434,-2.38,-1.58,-2.34,2026-10-01T00:00:00,1989-04-28T00:00:00,4/28/1989,609724800,2026-09-14T00:00:00
188,VMO,-0.054900000000000004,8.40807,8.8968,0.0625,-5.63,21,Morningstar US CEF Municipal,65,"Invesco Advisers, Inc",False,8.43,0.08,8.92,2026-10-01T00:00:00,46132C107,Invesco Muni Opp,2026-10-01,XVMOX,Fixed Income - Municipal-Municipal,38.94,568.525,-0.012,Monthly,0.23512,0.0625,15.0,5.3225,,20.36,3.26,,985.173,True,False,False,False,False,False,,2.93,7.83,-2.73,-3.59,-7.08,-7.57,,,-6.73,2482780,17.21,,96.2895,,11.8,8.97,9.65762,-3.01777,-1.4,-3.01,-2.51,2026-10-01T00:00:00,1992-04-24T00:00:00,4/24/1992,704073600,2026-09-14T00:00:00
189,VKQ,-0.0535,8.40134,8.87633,0.0628,-5.57,21,Morningstar US CEF Municipal,65,"Invesco Advisers, Inc",False,8.49,0.01,8.97,2026-10-01T00:00:00,46131J103,Invesco Municipal,2026-10-01,XVKQX,Fixed Income - Municipal-Municipal,40.09,469.799,-0.006,Monthly,0.23747000000000001,0.0628,15.0,5.3716,,20.5,3.24,,828.509,True,False,False,False,False,False,,2.86,7.94,-2.65,-2.85,-7.02,-6.89,,,-5.05,2019750,15.92,,96.6798,,11.71,8.94,9.6881,-3.19624,-1.12,-3.7800000000000002,-2.36,2026-10-01T00:00:00,1991-09-27T00:00:00,9/27/1991,685929600,2026-09-14T00:00:00
190,OIA,0.0123,6.15873,6.08362,0.029099999999999997,-2.95,21,Morningstar US CEF Municipal,65,"Invesco Advisers, Inc",False,5.74,0.01,5.67,2026-10-01T00:00:00,46132X101,Invesco Municipal Inc Opp I,2026-10-01,XOIAX,Fixed Income - Municipal-Municipal,32.38,274.823,0.019,Monthly,0.16802,0.029099999999999997,10.0,7.0142,,22.18,2.45,,401.457,True,False,True,False,False,False,,4.86,5.33,-1.18,-1.05,-4.46,-0.48,,,0.64,1277610,30.48,,87.4958,,,,6.07848,-1.11735,1.48,1.56,1.97,2026-10-01T00:00:00,1988-09-19T00:00:00,9/19/1988,590630400,2026-09-14T00:00:00
191,VPV,0.09949999999999999,8.2943,7.54383,0.0667,-5.28,24,Morningstar US CEF Municipal-Single State,65,"Invesco Advisers, Inc",False,10.61,0.12,9.65,2026-10-01T00:00:00,46132K109,Invesco PA Value,2026-10-01,XVPVX,Fixed Income - Municipal-Municipal - Single-State,38.81,189.624,0.126,Monthly,0.24298,0.0667,15.0,5.0179,,19.59,3.1,,281.843,True,False,True,False,False,False,,2.65,12.76,-2.54,1.16,-7.24,6.06,,,9.46,320560,25.47,,96.0024,,11.26,8.28,10.78559,0.36194000000000004,2.2,1.52,1.85,2026-10-01T00:00:00,1993-04-30T00:00:00,4/30/1993,736128000,2026-09-14T00:00:00
192,IQI,-0.032,8.3484,8.62415,0.0631,-5.27,21,Morningstar US CEF Municipal,65,"Invesco Advisers, Inc",False,8.78,0.16,9.07,2026-10-01T00:00:00,46133G107,Invesco Quality Municipal Income Trust,2026-10-01,XIQIX,Fixed Income - Municipal-Municipal,36.53,464.32,0.026000000000000002,Monthly,0.24185,0.0631,15.0,5.5043,,18.62,2.91,,755.727,True,False,False,False,False,False,,3.19,8.27,-2.54,-2.25,-6.63,-8.38,,,-5.59,1530260,15.49,,93.8966,,10.7,8.66,9.94375,-1.35951,-0.84,-2.47,-1.1400000000000001,2026-10-01T00:00:00,1992-09-29T00:00:00,9/29/1992,717724800,2026-09-14T00:00:00
193,VVR,-0.1351,10.45045,12.08333,0.028999999999999998,0.7000000000000001,19,Morningstar US CEF Senior Loans,65,"Invesco Advisers, Inc",False,2.88,-0.01,3.33,2026-10-01T00:00:00,46131H107,Invesco Senior Income,2026-10-01,XVVRX,Fixed Income - Taxable-Senior Loans,35.59,443.304,-0.044000000000000004,Monthly,0.16899,0.028999999999999998,10.0,,,3.9,4.89,,795.777,True,False,False,False,False,False,,5.13,2.46,4.84,3.56,1.13,-2.67,,,-4.77,9403810,,,,,,,3.12594,-10.16936,-1.8399999999999999,-1.3,-1.5899999999999999,2026-10-01T00:00:00,1998-06-24T00:00:00,6/24/1998,898646400,2026-09-14T00:00:00
194,VGM,-0.0541,8.38054,8.85943,0.06459999999999999,-5.3,21,Morningstar US CEF Municipal,65,"Invesco Advisers, Inc",False,8.75,0.1,9.25,2026-10-01T00:00:00,46131M106,Invesco Tr Inv Gr Muni,2026-10-01,XVGMX,Fixed Income - Municipal-Municipal,38.81,474.53,-0.018000000000000002,Monthly,0.24485,0.06459999999999999,15.0,5.4212,,20.77,3.11,,819.868,True,False,False,False,False,False,,2.9699999999999998,7.85,-2.63,-2.9699999999999998,-6.85,-11.72,,,-7.8100000000000005,1857150,18.24,,96.729,,11.28,8.91,10.21762,-0.96242,-2.12,-3.21,-2.71,2026-10-01T00:00:00,1992-01-24T00:00:00,1/24/1992,696211200,2026-09-14T00:00:00
195,VTN,0.0032,8.64353,8.61635,0.06849999999999999,-7.15,23,Morningstar US CEF Municipal-NY,65,"Invesco Advisers, Inc",False,9.54,0.18,9.51,2026-10-01T00:00:00,46131T101,Invesco Tr Inv Gr NY,2026-10-01,XVTNX,Fixed Income - Municipal-Municipal - NY,35.4,139.698,0.01,Monthly,0.25475000000000003,0.06849999999999999,15.0,5.1028,,23.49,2.69,,215.56,True,False,False,False,False,False,,2.0,8.06,-2.95,-1.45,-8.36,-13.89,,,-8.38,334660,25.38,,90.718,,13.06,10.43,11.14469,3.31212,-1.22,-1.21,-1.48,2026-10-01T00:00:00,1992-03-27T00:00:00,3/27/1992,701654400,2026-09-14T00:00:00
196,IIM,-0.0369,8.335139999999999,8.65482,0.0771,-5.12,21,Morningstar US CEF Municipal,65,"Invesco Advisers, Inc",False,10.69,0.23,11.1,2026-10-01T00:00:00,46132P108,Invesco Value Muni Income,2026-10-01,XIIMX,Fixed Income - Municipal-Municipal,36.68,503.34,-0.011000000000000001,Monthly,0.29788000000000003,0.0771,15.0,5.5984,,18.25,2.93,,825.368,True,False,False,False,False,False,,3.09,7.43,-2.33,-2.65,-6.32,-10.15,,,-10.15,1269640,16.2,,94.3507,,10.32,8.32,12.43629,0.99848,-1.9300000000000002,-3.13,-2.12,2026-10-01T00:00:00,1993-02-26T00:00:00,2/26/1993,730684800,2026-09-14T00:00:00
197,JOF,-0.1414,7.87371,9.17026,0.09559999999999999,31.45,1,Morningstar US CEF Asia Equity,79,Nomura Asset Management Co Ltd,False,12.51,-0.09,14.57,2026-10-01T00:00:00,47109U104,Japan Smaller Cap Fund,2026-10-01,XXJOFXX,Equity-Asia Equity,0.0,319.011,,Monthly,0.03946,0.09559999999999999,12.0,,,,2.09,,371.542,True,True,False,False,False,False,,25.15,29.25,11.78,12.98,27.44,21.97,,,31.51,776610,,,,,,,11.37256,-10.84291,-2.02,-1.56,-1.73,2026-10-01T00:00:00,1990-03-21T00:00:00,3/21/1990,637977600,2026-09-15T00:00:00
198,BTO,-0.0998,6.53595,7.26054,0.65,18.75,8,Morningstar US CEF Sector Equity,67,John Hancock Investment Management LLC,True,35.81,-0.07,39.78,2026-10-01T00:00:00,409735206,JHancock Financial Opportunities,2026-10-01,XBTOX,Equity-Sector Equity,14.15,710.222,0.0,Quarterly,0.27503,0.65,20.0,4.7005,,,2.42,,918.959,True,False,False,False,True,False,,26.04,19.23,8.65,3.96,13.63,6.09,,,5.32,467460,,,,,38.99,,36.87486,-3.03121,-2.8200000000000003,-2.18,-2.63,2026-10-01T00:00:00,1994-08-18T00:00:00,8/18/1994,777168000,2026-09-11T00:00:00
199,JHS,-0.0805,5.42882,5.90385,0.1535,-5.37,15,Morningstar US CEF Investment Grade,67,John Hancock Investment Management LLC,False,10.4,0.03,11.31,2026-10-01T00:00:00,410123103,JHancock Income Secs,2026-10-01,XJHSX,Fixed Income - Taxable-Investment Grade,40.94,121.124,0.0,Quarterly,0.29069,0.1535,15.3,5.4543,,,4.41,,223.023,True,False,False,False,False,False,,4.42,5.11,-2.38,-3.55,-6.53,-9.09,,,-7.36,147380,,,98.3831,,7.08,4.44,11.25976,-7.83391,-0.14,2.14,2.23,2026-10-01T00:00:00,1973-02-14T00:00:00,2/14/1973,98496000,2026-06-11T00:00:00
200,JHI,-0.0986,8.74172,9.69796,0.297,-2.32,15,Morningstar US CEF Investment Grade,66,John Hancock,False,12.25,-0.1,13.59,2026-10-01T00:00:00,410142103,JHancock Investors,2026-10-01,XJHIX,Fixed Income - Taxable-Investment Grade,42.24,107.121,0.0,Quarterly,0.58459,0.297,21.06,6.8494,,,4.59,,205.738,True,False,False,False,False,False,,7.06,8.55,0.9400000000000001,-0.58,-3.08,-5.76,,,-5.47,205980,6.53,,98.1223,,6.17,,13.42817,-7.85502,-1.34,-0.68,-0.87,2026-10-01T00:00:00,1971-01-29T00:00:00,1/29/1971,33955200,2026-06-11T00:00:00
201,HPI,-0.0225,10.42194,10.66187,0.1235,-4.97,18,Morningstar US CEF Preferreds,67,John Hancock Investment Management LLC,False,13.9,-0.1,14.22,2026-10-01T00:00:00,41013W108,JHancock Preferred Income,2026-10-01,XHPIX,Fixed Income - Taxable-Preferreds,40.29,372.411,0.0,Monthly,0.56391,0.1235,25.0,6.4987,,,4.48,,638.084,True,False,False,False,False,False,,8.82,8.34,1.74,0.54,-4.77,-7.84,,,-11.33,561610,,,101.5739,,91.45,,16.20408,3.60557,-2.46,-2.32,-2.61,2026-10-01T00:00:00,2002-08-27T00:00:00,8/27/2002,1030406400,2026-09-11T00:00:00
202,HPF,-0.0454,10.51064,11.0104,0.1235,-4.95,18,Morningstar US CEF Preferreds,67,John Hancock Investment Management LLC,False,13.46,-0.01,14.1,2026-10-01T00:00:00,41013X106,JHancock Preferred Income II,2026-10-01,XHPFX,Fixed Income - Taxable-Preferreds,40.37,291.42,0.0,Monthly,0.5652,0.1235,25.0,6.5714,,,4.51,,511.977,True,False,False,False,False,False,,8.9,7.28,1.9100000000000001,-0.36,-4.67,-9.91,,,-12.07,392110,,,101.5517,,90.07,,15.91892,2.65898,-3.52,-2.31,-3.04,2026-10-01T00:00:00,2002-11-29T00:00:00,11/29/2002,1038528000,2026-09-11T00:00:00
203,HPS,-0.056600000000000004,10.38552,11.00917,0.11,-4.9,18,Morningstar US CEF Preferreds,67,John Hancock Investment Management LLC,False,11.99,-0.05,12.71,2026-10-01T00:00:00,41021P103,JHancock Preferred Income III,2026-10-01,XHPSX,Fixed Income - Taxable-Preferreds,40.15,385.705,0.0,Monthly,0.50751,0.11,25.0,6.5064,,,4.47,,683.166,True,False,False,False,False,False,,8.82,6.07,1.99,0.22,-4.58,-10.27,,,-14.32,642910,,,101.6004,,86.67,,14.4612,3.5205200000000003,-3.93,-2.37,-3.41,2026-10-01T00:00:00,2003-06-18T00:00:00,6/18/2003,1055894400,2026-09-11T00:00:00
204,PDT,-0.10949999999999999,8.05779,9.04868,0.08829999999999999,-1.09,18,Morningstar US CEF Preferreds,66,John Hancock,True,11.71,-0.01,13.15,2026-10-01T00:00:00,41013T105,JHancock Premium Dividend Fund,2026-10-01,XPDTX,Fixed Income - Taxable-Preferreds,36.62,575.959,0.0,Monthly,0.34231,0.08829999999999999,12.0,5.8871,,,4.32,,1020.486,True,False,False,False,True,False,,14.66,15.81,6.22,1.28,-0.66,-2.13,,,-5.02,1236220,,,,,76.11,,12.89944,-9.902,-0.7000000000000001,-0.33,-0.01,2026-10-01T00:00:00,1989-12-21T00:00:00,12/21/1989,630201600,2026-09-11T00:00:00
205,HTD,-0.09029999999999999,7.78645,8.55982,0.158,-1.35,26,Morningstar US CEF US Allocation,67,John Hancock Investment Management LLC,True,22.15,-0.03,24.35,2026-10-01T00:00:00,41013V100,JHancock Tax-Advantaged Dividend Inc,2026-10-01,XHTDX,Hybrid-U.S. Allocation,33.15,784.815,0.0,Monthly,0.63149,0.158,20.0,5.9626,,,3.58,,1290.665,True,False,False,False,True,False,,15.77,16.46,7.55,7.24,0.55,-0.8200000000000001,,,-3.5300000000000002,648480,,,,,68.76,,24.8796,-5.88257,-1.79,-2.83,-2.22,2026-10-01T00:00:00,2004-02-27T00:00:00,2/27/2004,1077840000,2026-09-11T00:00:00
206,HEQ,-0.1057,8.13008,9.09091,0.25,8.35,5,Morningstar US CEF Global Equity,67,John Hancock Investment Management LLC,True,11.0,-0.15,12.3,2026-10-01T00:00:00,47804L102,John Hancock Diversified Income Fund,2026-10-01,XHEQX,Equity-Global Equity,10.66,131.214,,Quarterly,0.35522,0.25,20.0,6.6246,,,1.31,,164.221,True,False,False,False,True,False,,11.74,14.7,7.75,6.93,5.38,8.42,,,11.99,362500,,,97.9782,,,,11.20563,-10.23447,-0.25,-1.53,-1.3900000000000001,2026-10-01T00:00:00,2011-05-26T00:00:00,5/26/2011,1306368000,2026-09-11T00:00:00
207,KYN,-0.11720000000000001,7.29834,8.26686,0.095,18.51,6,Morningstar US CEF MLP,69,"KA Fund Advisors, LLC",False,13.79,0.19,15.62,2026-10-01T00:00:00,486606106,Kayne Anderson Energy Infrastructure,2026-10-01,XKYNX,Equity-MLP,26.44,2332.248,,Monthly,0.31841,0.095,25.0,7.259,,,3.3,,3591.232,True,True,True,False,False,False,,24.02,27.02,20.25,21.65,19.44,16.18,,,18.61,3910200,,,,,15.1,,13.42199,-12.27338,0.37,0.52,1.09,2026-10-01T00:00:00,2004-09-28T00:00:00,9/28/2004,1096329600,2026-09-15T00:00:00
208,KIO,-0.11,12.623380000000001,14.18288,0.1215,1.09,14,Morningstar US CEF High Yield,70,Kohlberg Kravis Roberts &amp; Co.,False,10.28,-0.02,11.55,2026-10-01T00:00:00,48249T106,KKR Income Opportunities Fund,2026-10-01,XKIOX,Fixed Income - Taxable-High Yield,33.52,421.327,,Monthly,0.63625,0.1215,20.0,7.8125,,,4.09,,712.016,True,False,False,False,False,False,,7.45,7.09,4.09,2.27,1.67,-2.07,,,-7.1,2441900,0.09000000000000001,,97.5973,,58.49,,11.35199,-6.84636,-2.84,-1.9,-2.69,2026-10-01T00:00:00,2013-07-26T00:00:00,7/26/2013,1374796800,2026-09-11T00:00:00
209,KF,-0.17300000000000001,1.7143000000000002,2.07279,1.381724,133.78,1,Morningstar US CEF Asia Equity,68,JPMorgan Asset Management (Asia Pacific) Limited,False,66.66,1.0,80.6,2026-10-01T00:00:00,500634209,Korea Fund,2026-10-01,XKFDX,Equity-Asia Equity,5.74,277.195,,Annually,0.0077,1.381724,40.0,,,,1.21,,335.163,True,True,False,False,False,False,,49.03,49.22,19.38,20.14,85.71,80.78,,,123.06,205780,,,,,,,52.42936,-13.65263,-1.9500000000000002,-1.28,-1.46,2026-10-01T00:00:00,1984-08-29T00:00:00,8/29/1984,462585600,2025-12-23T00:00:00
210,LGI,-0.0529,10.24944,10.82187,0.15339999999999998,9.63,5,Morningstar US CEF Global Equity,71,Lazard Asset Management LLC,False,17.01,-0.01,17.96,2026-10-01T00:00:00,52106W103,Lazard Global Total Return and Income,2026-10-01,XLGIX,Equity-Global Equity,9.19,221.589,,Monthly,0.028050000000000002,0.15339999999999998,20.0,7.7462,,,2.0,,257.64,True,False,False,False,False,False,,14.26,18.59,6.47,6.87,6.61,6.3,,,9.94,431950,,,,,3.13,,17.82246,-1.864,-1.09,-1.6400000000000001,-1.97,2026-10-01T00:00:00,2004-04-28T00:00:00,4/28/2004,1083110400,2026-09-10T00:00:00
211,USA,-0.1297,10.25641,11.7851,0.16999999999999998,4.68,10,Morningstar US CEF US Equity,9,ALPS Advisors Inc,True,5.77,0.0,6.63,2026-10-01T00:00:00,530158104,Liberty All-Star Equity,2026-10-01,XUSAX,Equity-U.S. Equity,0.85,1797.257,,Quarterly,0.02385,0.16999999999999998,10.0,,,,0.91,,2061.075,True,False,False,False,True,False,,13.68,10.09,6.71,2.48,4.03,-0.13,,,1.7000000000000002,12524300,,,,,,,5.96877,-10.32658,-1.9100000000000001,-1.63,-1.58,2026-10-01T00:00:00,1986-10-31T00:00:00,10/31/1986,531100800,2026-07-16T00:00:00
212,ASG,-0.1382,8.19113,9.504950000000001,0.12,4.02,10,Morningstar US CEF US Equity,9,ALPS Advisors Inc,True,5.05,0.0,5.86,2026-10-01T00:00:00,529900102,Liberty All-Star Growth,2026-10-01,XASGX,Equity-U.S. Equity,0.06,323.971,,Quarterly,-0.01856,0.12,10.0,,,,1.12,,373.607,True,False,False,False,True,False,,12.27,9.75,1.02,-1.56,5.75,1.83,,,-0.53,2608190,,,,,,,5.24866,-10.84216,-2.18,-1.76,-1.82,2026-10-01T00:00:00,1986-03-14T00:00:00,3/14/1986,511142400,2026-07-16T00:00:00
213,SCD,-0.1107,8.71143,9.79592,0.12,7.8,25,Morningstar US CEF Global Allocation,54,"Franklin Templeton Fund Adviser, LLC",True,14.7,-0.04,16.53,2026-10-01T00:00:00,50208A102,LMP Capital and Income,2026-10-01,XSCDX,Hybrid-Global Allocation,21.71,336.723,,Monthly,0.06042,0.12,20.0,,,,2.39,,483.642,True,False,False,False,True,False,,15.68,16.04,10.8,10.99,7.51,6.78,,,4.37,778910,13.6,,,,4.25,,15.27079,-9.71187,-0.87,0.25,-0.37,2026-10-01T00:00:00,2004-02-24T00:00:00,2/24/2004,1077580800,2026-09-23T00:00:00
214,MXE,-0.1913,1.54461,1.91009,0.2337,8.84,4,Morningstar US CEF Emerging Market Equity,89,Pichardo Asset Management SA De CV,False,12.235,-0.25,15.13,2026-10-01T00:00:00,592834105,Mexico Equity & Income,2026-10-01,XMXEX,Equity-Emerging Market Equity,,53.837,,Annually,0.07512,0.2337,12.0,7.969,,0.02,2.13,,66.575,False,False,False,False,False,False,,7.88,12.92,7.85,4.66,4.84,0.88,,,7.22,55320,,,,,,,12.9335,-17.91557,-1.13,-0.66,-0.89,2026-10-01T00:00:00,1990-08-15T00:00:00,8/15/1990,650678400,2025-12-16T00:00:00
215,MXF,-0.1149,6.23608,7.0458,0.35,7.83,4,Morningstar US CEF Emerging Market Equity,64,"Impulsora Del Fondo Mexico, SC",True,19.87,-0.52,22.45,2026-10-01T00:00:00,592835102,Mexico Fund,2026-10-01,XXMXFXX,Equity-Emerging Market Equity,,286.527,,Quarterly,0.27312000000000003,0.35,12.0,5.75,,,1.36,,323.73,False,False,True,False,True,False,,9.14,13.71,10.89,12.42,4.61,6.27,,,10.09,473510,,,,,,,20.98892,-13.10197,1.52,0.67,1.0,2026-10-01T00:00:00,1981-06-03T00:00:00,6/3/1981,360374400,2026-07-22T00:00:00
216,CAF,-0.1721,1.2374100000000001,1.49471,0.262949,11.22,1,Morningstar US CEF Asia Equity,74,Morgan Stanley,False,17.592,-0.15,21.25,2026-10-01T00:00:00,617468103,Morgan Stanley China A Share,2026-10-01,XCAFX,Equity-Asia Equity,,234.923,,Annually,-0.01046,0.262949,20.0,,,,1.52,,283.771,False,False,False,False,False,False,,13.02,14.43,-0.35000000000000003,-1.07,8.87,2.19,,,8.19,365290,,,,,,,18.2368,-14.12301,-1.4100000000000001,-1.07,-1.21,2026-10-01T00:00:00,2006-09-28T00:00:00,9/28/2006,1159401600,2025-12-19T00:00:00
217,MSD,-0.0973,7.7333300000000005,8.56721,0.145,6.12,12,Morningstar US CEF Emerging Market Income,75,"Morgan Stanley Investment Management, Inc.",False,6.77,0.03,7.5,2026-10-01T00:00:00,61744H105,Morgan Stanley Emerging Markets Debt,2026-10-01,XMSDX,Fixed Income - Taxable-Emerging Market Income,0.03,136.966,,Quarterly,0.30967,0.145,15.0,6.5116,,6.76,1.36,,151.735,True,False,False,False,False,False,,12.47,12.19,3.17,3.56,1.62,-3.02,,,-0.77,922820,,,,,,,7.36654,-7.3239,-1.32,-1.05,-1.02,2026-10-01T00:00:00,1993-07-23T00:00:00,7/23/1993,743385600,2026-09-30T00:00:00
218,EDD,-0.066,14.97326,16.03053,0.21,13.32,12,Morningstar US CEF Emerging Market Income,75,"Morgan Stanley Investment Management, Inc.",False,5.24,-0.02,5.61,2026-10-01T00:00:00,617477104,Morgan Stanley Emrgng Mkts Domestic Debt,2026-10-01,XEDDX,Fixed Income - Taxable-Emerging Market Income,15.27,337.75,,Quarterly,0.28033,0.21,20.0,6.6059,,7.47,2.18,,426.747,True,False,False,False,False,False,,14.2,20.01,5.79,7.68,5.5600000000000005,7.74,,,11.32,3663880,,,,,,,5.63322,-4.9876000000000005,-0.5700000000000001,-2.56,-0.64,2026-10-01T00:00:00,2007-04-24T00:00:00,4/24/2007,1177372800,2026-09-30T00:00:00
219,IIF,-0.1247,8.1694,9.33316,1.985164,-11.33,1,Morningstar US CEF Asia Equity,75,"Morgan Stanley Investment Management, Inc.",False,21.27,-0.22,24.3,2026-10-01T00:00:00,61745C105,Morgan Stanley India Investment,2026-10-01,XIIFX,Equity-Asia Equity,,199.654,,Annually,-0.1168,1.985164,15.0,,,,1.35,,228.096,False,False,False,False,False,False,,4.78,9.41,3.7199999999999998,5.63,-12.22,-13.97,,,-12.1,324090,,,,,,,23.66995,-11.11941,-1.7000000000000002,-1.88,-1.78,2026-10-01T00:00:00,1994-02-25T00:00:00,2/25/1994,762134400,2025-12-19T00:00:00
220,NML,-0.1041,7.54901,8.426449999999999,0.07008,23.91,6,Morningstar US CEF MLP,76,Neuberger Berman,False,9.98,0.06,11.14,2026-10-01T00:00:00,64129H104,NB Energy Infra and Income Fund Inc,2026-10-01,XNMLX,Equity-MLP,25.73,565.456,,Monthly,-0.18702,0.07008,20.0,,,,1.07,,849.844,True,True,True,False,False,False,,20.69,23.08,19.84,24.28,22.66,23.83,,,23.27,1694990,,,,,,,9.62016,-10.47723,0.06,-0.74,-0.11,2026-10-01T00:00:00,2013-03-26T00:00:00,3/26/2013,1364256000,2026-09-15T00:00:00
221,NBXG,-0.1282,8.71287,9.99369,0.132,13.46,10,Morningstar US CEF US Equity,76,Neuberger Berman,False,15.85,0.16,18.18,2026-10-01T00:00:00,64133Q108,Neuberger Brmn Nxt Gnrtn Cnnctvty,2026-10-01,XNBGX,Equity-U.S. Equity,,1248.37,,Monthly,-0.05846,0.132,20.0,,,,1.35,,1431.884,False,True,True,False,False,False,,22.56,25.9,6.78,6.18,15.03,15.91,,,11.57,2019640,,,,,,,14.79874,-13.111,0.24,0.33,0.66,2026-10-01T00:00:00,2021-05-25T00:00:00,5/25/2021,1621900800,2026-09-15T00:00:00
222,NHS,-0.1216,17.6013,20.0369,0.0905,-3.35,14,Morningstar US CEF High Yield,76,Neuberger Berman,False,5.42,0.0,6.17,2026-10-01T00:00:00,64128C106,Neuberger High Yield Strategies,2026-10-01,XNHSX,Fixed Income - Taxable-High Yield,34.21,226.858,,Monthly,0.18333,0.0905,15.0,7.1795,,,3.39,,392.531,True,False,False,False,False,False,,7.24,3.5,0.54,-2.36,-4.69,-18.42,,,-15.99,2117380,,,100.0071,,5.04,3.23,6.73418,-3.79425,-1.74,-1.75,-2.27,2026-10-01T00:00:00,2003-07-28T00:00:00,7/28/2003,1059350400,2026-08-17T00:00:00
223,NBH,-0.0966,6.4745,7.16692,0.054169999999999996,-7.03,21,Morningstar US CEF Municipal,76,Neuberger Berman,False,9.07,-0.02,10.04,2026-10-01T00:00:00,64124P101,Neuberger Municipal Fund,2026-10-01,XNBHX,Fixed Income - Municipal-Municipal,43.39,268.636,,Monthly,0.13171,0.054169999999999996,15.0,4.9667,,,3.87,,525.265,True,False,False,False,False,False,,1.58,5.36,-3.29,-5.78,-7.94,-6.28,,,-6.62,959910,15.43,,98.7026,,13.96,8.71,10.24667,-8.58484,-0.93,-2.62,-1.73,2026-10-01T00:00:00,2002-09-27T00:00:00,9/27/2002,1033084800,2026-09-30T00:00:00
224,NRO,-0.1073,12.95502,14.51163,0.0312,-5.3,7,Morningstar US CEF Real Estate,76,Neuberger Berman,False,2.58,-0.02,2.89,2026-10-01T00:00:00,64190A103,Neuberger Real Estate Securities Income,2026-10-01,XNROX,Equity-Real Estate,27.66,163.474,,Monthly,0.06094,0.0312,15.0,,,,3.12,,253.116,True,False,False,False,False,False,,8.77,9.41,-0.59,-1.65,-2.19,-8.03,,,-10.74,2419680,,,,,,,2.9961200000000003,-7.59231,-1.6099999999999999,-1.49,-1.77,2026-10-01T00:00:00,2003-10-31T00:00:00,10/31/2003,1067558400,2026-08-17T00:00:00
225,GF,-0.0801,2.65289,2.8839,0.154,-6.45,9,Morningstar US CEF Single Country Equity,40,DWS,False,10.68,0.04,11.61,2026-10-01T00:00:00,644465106,New Germany,2026-10-01,XGFNX,Equity-Single-Country Equity,8.9,174.166,,Semi-Annually,0.10538,0.154,20.0,,,,1.31,,207.837,True,False,True,False,False,False,,7.88,10.72,-4.69,-4.15,-5.06,-5.62,,,-5.7,262130,,,,,,,11.41715,-9.84812,1.55,1.3900000000000001,1.33,2026-10-01T00:00:00,1990-01-30T00:00:00,1/30/1990,633657600,2026-05-26T00:00:00
226,NVG,-0.0381,8.59474,8.93497,0.079,-7.65,21,Morningstar US CEF Municipal,81,"Nuveen Fund Advisors, LLC.",False,10.61,0.0,11.03,2026-10-01T00:00:00,67071L106,Nuveen AMT-Free Muni Credit Inc,2026-10-01,XNVGX,Fixed Income - Municipal-Municipal,44.71,2311.526,-0.02,Monthly,0.29602,0.079,15.0,4.8149,,,3.64,,4346.434,True,False,False,False,False,False,,2.87,8.41,-3.31,-3.25,-9.48,-11.28,,,-6.87,6033260,24.2,2.99,91.3863,,15.21,9.5,12.51651,-0.5184500000000001,-1.94,-3.44,-3.92,2026-10-01T00:00:00,2002-03-25T00:00:00,3/25/2002,1017014400,2026-09-15T00:00:00
227,NUW,-0.056900000000000006,4.1394,4.38914,0.048499999999999995,-2.98,21,Morningstar US CEF Municipal,81,"Nuveen Fund Advisors, LLC.",False,13.26,0.01,14.06,2026-10-01T00:00:00,670695105,Nuveen AMT-Free Municipal Value Fund,2026-10-01,XNUWX,Fixed Income - Municipal-Municipal,7.66,238.035,-0.073,Monthly,0.30096,0.048499999999999995,15.0,5.4226,,,0.75,,273.321,True,False,False,False,False,False,,2.5700000000000003,3.7,-0.74,-1.08,-4.43,-4.51,,,-2.65,438310,10.6,0.07,96.4701,,9.22,8.74,14.17487,-5.18337,-0.5,-0.06,-0.2,2026-10-01T00:00:00,2009-02-25T00:00:00,2/25/2009,1235520000,2026-09-15T00:00:00
228,NEA,-0.0127,7.99216,8.09524,0.06799999999999999,-6.93,21,Morningstar US CEF Municipal,81,"Nuveen Fund Advisors, LLC.",False,10.08,0.13,10.21,2026-10-01T00:00:00,670657105,Nuveen AMT-Free Quality Muni Inc,2026-10-01,XNEAX,Fixed Income - Municipal-Municipal,43.75,3077.492,0.018000000000000002,Monthly,0.25491,0.06799999999999999,15.0,5.1393,,,3.5300000000000002,,5541.222,True,False,False,False,False,False,,2.06,8.14,-3.31,-2.46,-8.61,-9.73,,,-6.19,9657040,21.3,3.99,95.2832,,11.78,8.25,11.42667,-0.5081100000000001,-0.59,-1.21,-1.19,2026-10-01T00:00:00,2002-11-21T00:00:00,11/21/2002,1037836800,2026-09-15T00:00:00
229,NAZ,0.0404,7.16073,6.8825199999999995,0.062,-5.27,24,Morningstar US CEF Municipal-Single State,81,"Nuveen Fund Advisors, LLC.",False,10.81,0.24,10.39,2026-10-01T00:00:00,67061W104,Nuveen AZ Quality Muni Inc,2026-10-01,XNAZX,Fixed Income - Municipal-Municipal - Single-State,41.15,141.827,0.031,Monthly,0.20512,0.062,15.0,4.7878,,,3.55,,231.616,True,False,False,False,False,False,,2.38,9.98,-2.54,-2.43,-7.48,-6.62,,,-4.8,238290,21.1,0.81,97.782,,13.1,8.64,12.21076,5.78412,-0.48,-2.43,-2.1,2026-10-01T00:00:00,1992-11-19T00:00:00,11/19/1992,722131200,2026-09-15T00:00:00
230,NKX,-0.0231,7.98521,8.17408,0.072,-4.2,22,Morningstar US CEF Municipal-CA,81,"Nuveen Fund Advisors, LLC.",False,10.57,0.04,10.82,2026-10-01T00:00:00,670651108,Nuveen CA AMT - Free Quality Muni Inc,2026-10-01,XNCMX,Fixed Income - Municipal-Municipal - CA,41.46,594.004,-0.014,Monthly,0.25181,0.072,15.0,4.7967,,,3.77,,1038.639,True,False,False,False,False,False,,2.81,8.01,-2.94,-2.88,-6.44,-10.5,,,-10.47,1457860,23.0,0.5900000000000001,96.6526,,13.74,8.65,12.44015,3.86379,-3.61,-3.21,-3.25,2026-10-01T00:00:00,2002-11-22T00:00:00,11/22/2002,1037923200,2026-09-15T00:00:00
231,NCA,-0.03,4.15704,4.28571,0.03,-1.32,22,Morningstar US CEF Municipal-CA,81,"Nuveen Fund Advisors, LLC.",False,8.4,-0.09,8.66,2026-10-01T00:00:00,67062C107,Nuveen CA Municipal Value,2026-10-01,XNCAX,Fixed Income - Municipal-Municipal - CA,0.0,280.906,-0.012,Monthly,0.17651,0.03,10.0,4.7374,,,0.54,,289.6,True,False,False,False,False,False,,2.94,5.22,-0.75,-0.53,-3.42,-2.31,,,-0.8,716610,22.7,1.33,97.2125,,,8.51,9.16396,0.07937000000000001,-1.3900000000000001,-1.75,-2.01,2026-10-01T00:00:00,1987-10-07T00:00:00,10/7/1987,560563200,2026-09-15T00:00:00
232,NAC,-0.0068000000000000005,8.06576,8.12074,0.06949999999999999,-4.6,22,Morningstar US CEF Municipal-CA,81,"Nuveen Fund Advisors, LLC.",False,10.27,0.02,10.34,2026-10-01T00:00:00,67066Y105,Nuveen CA Quality Muni Income,2026-10-01,XNACX,Fixed Income - Municipal-Municipal - CA,40.95,1732.022,-0.005,Monthly,0.24164,0.06949999999999999,15.0,4.7915,,,3.79,,2953.217,True,False,False,False,False,False,,2.5300000000000002,9.48,-3.19,-2.46,-7.18,-8.2,,,-3.93,5751980,22.6,1.05,96.6951,,13.55,8.93,11.77077,1.9778600000000002,-1.8399999999999999,-2.25,-2.5,2026-10-01T00:00:00,1999-05-26T00:00:00,5/26/1999,927676800,2026-09-15T00:00:00
233,JCE,-0.059699999999999996,8.125,8.64095,0.364,17.36,10,Morningstar US CEF US Equity,81,"Nuveen Fund Advisors, LLC.",True,16.85,-0.09,17.92,2026-10-01T00:00:00,67090X107,Nuveen Core Equity Alpha,2026-10-01,XJCEX,Equity-U.S. Equity,1.35,286.495,0.0,Quarterly,0.0054600000000000004,0.364,20.0,,,,0.9900000000000001,,304.688,True,True,True,False,True,False,,22.67,20.93,13.48,11.69,12.17,13.56,,,17.43,385090,,,,,,,16.06373,-6.5497700000000005,0.75,0.74,1.07,2026-10-01T00:00:00,2007-03-27T00:00:00,3/27/2007,1174953600,2026-09-15T00:00:00
234,NPCT,-0.08380000000000001,10.71856,11.69935,0.0895,-2.4,15,Morningstar US CEF Investment Grade,81,"Nuveen Fund Advisors, LLC.",True,9.18,0.0,10.02,2026-10-01T00:00:00,67080D103,Nuveen Core Plus Impact Fund,2026-10-01,XNPCX,Fixed Income - Taxable-Investment Grade,38.62,263.971,,Monthly,0.18066000000000002,0.0895,20.0,4.397,,,4.43,,469.445,True,False,False,False,True,False,,8.12,12.58,-3.74,-4.13,-3.12,-1.8900000000000001,,,-6.5600000000000005,1213540,18.4,0.0,88.983,,7.48,5.36,10.18453,-6.97314,-0.9500000000000001,-1.24,-0.99,2026-10-01T00:00:00,2021-04-27T00:00:00,4/27/2021,1619481600,2026-09-15T00:00:00
235,JQC,-0.0971,11.31429,12.531649999999999,0.049499999999999995,4.23,19,Morningstar US CEF Senior Loans,81,"Nuveen Fund Advisors, LLC.",True,4.74,-0.01,5.25,2026-10-01T00:00:00,67073D102,Nuveen Credit Strategies Income Fund,2026-10-01,XJQCX,Fixed Income - Taxable-Senior Loans,38.88,700.651,-0.082,Monthly,0.23976,0.049499999999999995,15.0,,,,5.09,,1269.638,True,False,True,False,True,False,,8.0,10.45,4.65,4.73,2.89,3.9,,,2.17,7771390,84.5,0.0,,,,,4.90536,-10.00887,0.21,1.77,1.94,2026-10-01T00:00:00,2003-06-25T00:00:00,6/25/2003,1056499200,2026-09-15T00:00:00
236,NDMO,-0.0541,7.45223,7.87879,0.058499999999999996,-4.64,21,Morningstar US CEF Municipal,81,"Nuveen Fund Advisors, LLC.",True,8.91,0.07,9.42,2026-10-01T00:00:00,67079X102,Nuveen Dynamic Municipal Opportunities,2026-10-01,XNDMX,Fixed Income - Municipal-Municipal,35.11,539.473,,Monthly,0.23738,0.058499999999999996,15.0,5.5914,,,2.83,,878.897,True,False,False,False,True,False,,4.36,3.74,-3.38,-4.53,-5.77,-7.48,,,-8.62,1579910,20.1,0.37000000000000005,95.5608,,10.6,7.87,10.23054,-1.18358,-2.65,-1.52,-2.29,2026-10-01T00:00:00,2020-08-26T00:00:00,8/26/2020,1598400000,2026-09-15T00:00:00
237,JFR,-0.0926,11.40073,12.56376,0.078,5.09,19,Morningstar US CEF Senior Loans,81,"Nuveen Fund Advisors, LLC.",True,7.45,0.01,8.21,2026-10-01T00:00:00,67072T108,Nuveen Floating Rate Income,2026-10-01,XJFRX,Fixed Income - Taxable-Senior Loans,37.77,1199.207,0.015000000000000001,Monthly,0.37027,0.078,15.0,,,,4.78,,2123.743,True,False,True,False,True,False,,8.51,9.5,5.79,5.24,3.71,4.37,,,3.18,7591210,88.3,0.0,,,,,7.68452,-9.28362,0.02,-0.67,-0.01,2026-10-01T00:00:00,2004-03-25T00:00:00,3/25/2004,1080172800,2026-09-15T00:00:00
238,JGH,-0.11470000000000001,9.49541,10.72539,0.1035,2.45,13,Morningstar US CEF Global Income,81,"Nuveen Fund Advisors, LLC.",True,11.58,-0.16,13.08,2026-10-01T00:00:00,67075G103,Nuveen Global High Income Fund,2026-10-01,XJGHX,Fixed Income - Taxable-Global Income,29.98,325.697,-0.026000000000000002,Monthly,0.52601,0.1035,20.0,7.8217,,,3.37,,525.386,True,False,False,False,True,False,,11.28,11.26,4.35,3.93,2.0,0.23,,,-4.21,1004530,36.2,0.0,99.0232,,,,12.61428,-7.98535,-2.5300000000000002,-1.79,-2.42,2026-10-01T00:00:00,2014-11-24T00:00:00,11/24/2014,1416787200,2026-09-15T00:00:00
239,NMT,0.045899999999999996,7.23829,6.92088,0.0605,-5.21,24,Morningstar US CEF Municipal-Single State,81,"Nuveen Fund Advisors, LLC.",False,10.49,0.1,10.03,2026-10-01T00:00:00,67061E104,Nuveen MA Quality Muni Inc,2026-10-01,XNMTX,Fixed Income - Municipal-Municipal - Single-State,40.88,111.935,0.026000000000000002,Monthly,0.20713,0.0605,15.0,4.8793,,,3.45,,181.026,True,False,False,False,False,False,,1.74,9.88,-3.25,-2.58,-7.06,-3.77,,,-4.8100000000000005,225270,23.0,1.73,99.2801,,7.76,9.19,12.05631,8.43586,-0.66,-2.25,-2.83,2026-10-01T00:00:00,1993-03-18T00:00:00,3/18/1993,732412800,2026-09-15T00:00:00
240,NMS,-0.037599999999999995,7.2973,7.58275,0.063,-7.91,24,Morningstar US CEF Municipal-Single State,81,"Nuveen Fund Advisors, LLC.",False,9.97,0.23,10.36,2026-10-01T00:00:00,670734102,Nuveen MN Quality Muni Inc,2026-10-01,XMNSX,Fixed Income - Municipal-Municipal - Single-State,42.84,63.953,-0.014,Monthly,0.0,0.063,15.0,4.6954,,,3.66,,116.255,True,False,False,False,False,False,,2.05,6.68,-2.89,-4.32,-10.2,-12.68,,,-12.63,187390,42.7,0.0,97.5379,,12.68,7.91,11.81738,0.55966,-1.71,-0.89,-1.55,2026-10-01T00:00:00,1993-06-25T00:00:00,6/25/1993,740966400,2026-09-15T00:00:00
241,JLS,-0.1199,9.946,11.30061,0.1535,4.98,14,Morningstar US CEF High Yield,81,"Nuveen Fund Advisors, LLC.",True,16.3,-0.07,18.52,2026-10-01T00:00:00,670735109,Nuveen Mortgage and Income Fund,2026-10-01,XJLSX,Fixed Income - Taxable-High Yield,23.79,89.269,0.009000000000000001,Monthly,0.68728,0.1535,25.0,7.614,,,3.07,,133.084,True,False,False,False,True,False,,9.63,11.83,4.35,4.26,2.94,-2.8,,,-3.2,199610,0.0,0.0,96.8528,,,,18.00331,-5.59481,-2.51,-1.6099999999999999,-1.73,2026-10-01T00:00:00,2009-11-25T00:00:00,11/25/2009,1259107200,2026-09-15T00:00:00
242,NMAI,-0.015,9.48229,9.62656,0.11599999999999999,13.91,25,Morningstar US CEF Global Allocation,81,"Nuveen Fund Advisors, LLC.",True,14.46,0.01,14.68,2026-10-01T00:00:00,670750108,Nuveen Multi-Asset Income,2026-10-01,XNMAX,Hybrid-Global Allocation,29.95,483.335,,Monthly,0.13858,0.11599999999999999,20.0,6.1525,,,3.38,,700.452,True,True,True,False,True,False,,15.85,22.3,,,10.23,19.47,,,23.47,1064440,28.5,0.0,97.0435,,,,13.5613,-7.46195,3.35,2.41,2.76,2026-10-01T00:00:00,2021-11-22T00:00:00,11/22/2021,1637539200,2026-09-15T00:00:00
243,JMM,-0.09480000000000001,5.68627,6.28159,0.028999999999999998,-2.8,15,Morningstar US CEF Investment Grade,81,"Nuveen Fund Advisors, LLC.",True,5.54,0.05,6.12,2026-10-01T00:00:00,67075J107,Nuveen Multi-Market Income Fund,2026-10-01,XJMMX,Fixed Income - Taxable-Investment Grade,30.59,52.421,-0.001,Monthly,0.14258,0.028999999999999998,12.0,5.5868,,,3.34,,83.431,True,False,False,False,True,False,,5.34,5.08,0.39,-0.61,-3.92,-4.97,,,-7.46,90830,27.6,0.0,96.9276,,,,5.9473400000000005,-8.88833,-0.36,0.37,0.71,2026-10-01T00:00:00,1988-12-30T00:00:00,12/30/1988,599443200,2026-09-15T00:00:00
244,NZF,-0.0233,8.56373,8.76838,0.0795,-6.44,21,Morningstar US CEF Municipal,81,"Nuveen Fund Advisors, LLC.",False,10.88,0.05,11.14,2026-10-01T00:00:00,67070X101,Nuveen Municipal Credit Income,2026-10-01,XNZFX,Fixed Income - Municipal-Municipal,42.92,2152.31,-0.015000000000000001,Monthly,0.31359,0.0795,15.0,5.2829,,,3.61,,3860.944,True,False,False,False,False,False,,2.75,8.82,-2.81,-2.38,-7.88,-8.8,,,-6.91,5960560,24.8,2.6,93.6669,,12.28,8.5,12.44318,-0.6377600000000001,-1.46,-1.94,-2.5,2026-10-01T00:00:00,2001-09-25T00:00:00,9/25/2001,1001376000,2026-09-15T00:00:00
245,NMCO,-0.0745,8.75399,9.45915,0.06849999999999999,-6.49,21,Morningstar US CEF Municipal,81,"Nuveen Fund Advisors, LLC.",False,8.69,-0.2,9.39,2026-10-01T00:00:00,670663103,Nuveen Municipal Credit Opps Fund,2026-10-01,XNMCX,Fixed Income - Municipal-Municipal,44.8,498.186,-0.035,Monthly,0.35941,0.06849999999999999,15.0,5.8436,,,4.5,,975.286,True,False,False,False,False,False,,2.66,4.4,-3.67,-4.01,-6.87,-7.84,,,-11.52,2098010,31.5,0.27,86.7669,,16.1,9.98,10.55835,-0.63183,-3.86,-2.59,-3.63,2026-10-01T00:00:00,2019-09-16T00:00:00,9/16/2019,1568592000,2026-10-01T00:00:00
246,NMZ,-0.0305,8.56209,8.83146,0.0655,-6.48,21,Morningstar US CEF Municipal,81,"Nuveen Fund Advisors, LLC.",False,8.9,-0.06,9.18,2026-10-01T00:00:00,670682103,Nuveen Municipal High Income Opp Fd,2026-10-01,XNMZX,Fixed Income - Municipal-Municipal,42.27,1931.976,0.044000000000000004,Monthly,0.15638,0.0655,15.0,5.7736,,,3.5,,3451.613,True,False,False,False,False,False,,3.9699999999999998,5.98,-3.07,-3.47,-7.51,-6.85,,,-8.68,5682440,22.0,1.3900000000000001,90.2799,,10.81,9.17,10.30448,-0.23487000000000002,-2.65,-2.51,-2.48,2026-10-01T00:00:00,2003-11-19T00:00:00,11/19/2003,1069200000,2026-09-15T00:00:00
247,NMI,0.0108,4.9085,4.85623,0.038,-1.75,21,Morningstar US CEF Municipal,81,"Nuveen Fund Advisors, LLC.",False,9.39,0.05,9.29,2026-10-01T00:00:00,67062J102,Nuveen Municipal Income,2026-10-01,XNMIX,Fixed Income - Municipal-Municipal,2.99,115.533,-0.019,Monthly,0.21289,0.038,12.0,5.4624,,,0.75,,114.302,True,False,False,False,False,False,,4.02,7.6,0.0,-0.84,-2.9699999999999998,-2.68,,,-1.35,279930,16.6,0.67,98.0185,,,9.04,10.2823,4.39067,-0.87,-2.23,-2.1,2026-10-01T00:00:00,1988-04-20T00:00:00,4/20/1988,577497600,2026-09-15T00:00:00
248,NUV,-0.0351,4.5614,4.72727,0.0325,-2.7199999999999998,21,Morningstar US CEF Municipal,81,"Nuveen Fund Advisors, LLC.",False,8.25,-0.04,8.55,2026-10-01T00:00:00,670928100,Nuveen Municipal Value,2026-10-01,XNUVX,Fixed Income - Municipal-Municipal,6.15,1746.508,-0.018000000000000002,Monthly,0.19290000000000002,0.0325,10.0,5.2727,,,0.66,,1810.017,True,False,False,False,False,False,,2.75,4.48,-0.68,-2.17,-4.06,-5.49,,,-3.62,5533110,11.6,0.8,95.8628,,,8.38,9.05027,-0.47296000000000005,-2.71,-1.9300000000000002,-2.77,2026-10-01T00:00:00,1987-06-17T00:00:00,6/17/1987,550886400,2026-09-15T00:00:00
249,QQQX,-0.0329,9.25102,9.56578,0.738,16.26,3,Morningstar US CEF Covered Call,81,"Nuveen Fund Advisors, LLC.",True,30.86,0.43,31.91,2026-10-01T00:00:00,670699107,Nuveen NASDAQ 100 Dynamic Overwrite,2026-10-01,XQQQX,Equity-Covered-Call Funds,,1506.795,0.0,Quarterly,-0.02811,0.738,20.0,,,,0.89,,1558.063,False,True,True,False,True,False,,20.27,20.19,10.82,10.0,10.04,14.79,,,21.64,1033590,,,,,,,28.97915,-6.88733,1.55,1.6600000000000001,1.48,2026-10-01T00:00:00,2007-01-30T00:00:00,1/30/2007,1170115200,2026-09-15T00:00:00
250,NRK,-0.019,8.31746,8.47896,0.0655,-7.31,23,Morningstar US CEF Municipal-NY,81,"Nuveen Fund Advisors, LLC.",False,9.27,0.03,9.45,2026-10-01T00:00:00,670656107,Nuveen NY AMT - Free Quality Muni Inc,2026-10-01,XNRKX,Fixed Income - Municipal-Municipal - NY,45.1,808.671,0.004,Monthly,0.2495,0.0655,15.0,4.7315000000000005,,,3.69,,1501.654,True,False,True,False,False,False,,1.44,6.69,-3.71,-1.9100000000000001,-8.87,-2.9,,,-1.97,3373270,23.0,0.11000000000000001,94.1104,,16.09,9.6,10.27874,-4.09958,0.8200000000000001,-1.05,-0.16,2026-10-01T00:00:00,2002-11-21T00:00:00,11/21/2002,1037836800,2026-09-15T00:00:00
251,NNY,-0.056799999999999996,4.27536,4.53265,0.0295,-2.5300000000000002,23,Morningstar US CEF Municipal-NY,81,"Nuveen Fund Advisors, LLC.",False,7.8100000000000005,0.03,8.28,2026-10-01T00:00:00,67062M105,Nuveen NY Municipal Value,2026-10-01,XNNYX,Fixed Income - Municipal-Municipal - NY,0.0,147.5,-0.037,Monthly,0.17478,0.0295,10.0,4.7984,,,0.5700000000000001,,156.377,True,False,False,False,False,False,,2.5,3.27,-0.56,-1.16,-4.05,-6.26,,,-1.79,383550,28.6,0.0,95.6078,,,9.25,8.45004,-4.01206,-1.12,-0.33,-0.93,2026-10-01T00:00:00,1987-10-07T00:00:00,10/7/1987,560563200,2026-09-15T00:00:00
252,NAN,-0.008,8.12749,8.19277,0.06799999999999999,-6.06,23,Morningstar US CEF Municipal-NY,81,"Nuveen Fund Advisors, LLC.",False,9.96,0.14,10.04,2026-10-01T00:00:00,67066X107,Nuveen NY Quality Muni Inc,2026-10-01,XNANX,Fixed Income - Municipal-Municipal - NY,42.08,334.347,0.013000000000000001,Monthly,0.25368,0.06799999999999999,15.0,5.0441,,,3.77,,581.873,True,False,False,False,False,False,,2.05,7.8100000000000005,-3.13,-2.09,-7.57,-7.71,,,-7.36,791970,25.4,0.01,96.9781,,13.6,9.19,11.32454,0.57515,-1.18,-1.0,-1.48,2026-10-01T00:00:00,1999-05-26T00:00:00,5/26/1999,927676800,2026-09-15T00:00:00
253,JPC,-0.0664,10.1626,10.88534,0.0625,0.27,18,Morningstar US CEF Preferreds,81,"Nuveen Fund Advisors, LLC.",False,6.890000000000001,0.07,7.38,2026-10-01T00:00:00,67073B106,Nuveen Pref & Income Opps Fund,2026-10-01,XJPCX,Fixed Income - Taxable-Preferreds,38.92,2590.017,-0.042,Monthly,0.24068,0.0625,15.0,7.7082,,,4.67,,4542.066,True,False,False,False,False,False,,9.96,12.75,2.73,1.4100000000000001,-1.76,-9.62,,,-8.43,11006100,7.7,0.0,103.3725,,5.32,3.86,7.88525,-0.65803,-2.66,-1.17,-1.8900000000000001,2026-10-01T00:00:00,2003-03-26T00:00:00,3/26/2003,1048636800,2026-09-15T00:00:00
254,NAD,-0.0369,8.01136,8.31858,0.0705,-7.14,21,Morningstar US CEF Municipal,81,"Nuveen Fund Advisors, LLC.",False,10.17,0.05,10.56,2026-10-01T00:00:00,67066V101,Nuveen Quality Muni Income Fund,2026-10-01,XNADX,Fixed Income - Municipal-Municipal,44.29,2391.368,0.023,Monthly,0.27975,0.0705,15.0,5.1664,,,3.74,,4457.138,True,False,False,False,False,False,,1.92,7.09,-3.07,-2.61,-8.66,-11.15,,,-7.02,7671590,24.1,1.25,94.9434,,11.96,8.41,11.80276,-0.9614400000000001,-1.96,-1.74,-1.96,2026-10-01T00:00:00,1999-05-26T00:00:00,5/26/1999,927676800,2026-09-15T00:00:00
255,JRI,-0.1018,13.36113,14.87465,0.1335,-0.89,25,Morningstar US CEF Global Allocation,81,"Nuveen Fund Advisors, LLC.",True,10.77,0.0,11.99,2026-10-01T00:00:00,67074Y105,Nuveen Real Asset Inc and Grwt,2026-10-01,XJRIX,Hybrid-Global Allocation,34.09,389.855,0.0,Monthly,0.29419,0.1335,20.0,6.5661000000000005,,,3.9,,658.462,True,False,False,False,True,False,,10.8,13.17,3.32,3.74,-1.35,-13.12,,,-14.51,1514250,27.3,0.0,100.2949,,,,12.98881,-3.35579,-1.72,-2.25,-3.06,2026-10-01T00:00:00,2012-04-25T00:00:00,4/25/2012,1335312000,2026-09-15T00:00:00
256,JRS,-0.109,9.20097,10.32609,0.19,3.61,7,Morningstar US CEF Real Estate,81,"Nuveen Fund Advisors, LLC.",True,7.36,-0.02,8.26,2026-10-01T00:00:00,67071B108,Nuveen Real Estate Income,2026-10-01,XJRSX,Equity-Real Estate,30.02,212.649,0.0,Quarterly,0.09926,0.19,15.0,,,,3.4,,341.052,True,False,False,False,True,False,,10.84,12.5,1.2,1.3599999999999999,7.45,3.2,,,-1.21,739000,0.0,,,,6.49,,8.02934,-8.58487,-1.51,-1.62,-1.4100000000000001,2026-10-01T00:00:00,2001-11-15T00:00:00,11/15/2001,1005782400,2026-09-15T00:00:00
257,SPXX,-0.0929,8.20438,9.04506,0.4215,17.7,3,Morningstar US CEF Covered Call,81,"Nuveen Fund Advisors, LLC.",True,18.64,0.15,20.55,2026-10-01T00:00:00,6706EW100,Nuveen S&P 500 Dynamic Overwrite,2026-10-01,XSSPX,Equity-Covered-Call Funds,,2568.871,0.0,Quarterly,0.02205,0.4215,20.0,,,,0.9700000000000001,,2832.098,False,True,True,False,True,False,,18.24,16.46,10.99,9.64,12.67,9.43,,,15.04,1603540,,,,,,,17.92621,-9.44,0.09,-0.24,0.78,2026-10-01T00:00:00,2005-11-22T00:00:00,11/22/2005,1132617600,2026-09-15T00:00:00
258,NIM,-0.07730000000000001,3.68644,3.99541,0.028999999999999998,-2.37,21,Morningstar US CEF Municipal,81,"Nuveen Fund Advisors, LLC.",False,8.71,0.01,9.44,2026-10-01T00:00:00,67061T101,Nuveen Select Maturity Muni,2026-10-01,XNIMX,Fixed Income - Municipal-Municipal,0.41000000000000003,108.41,-0.007,Monthly,0.16949,0.028999999999999998,12.0,4.4696,,,0.5800000000000001,,117.496,True,False,False,False,False,False,,2.8,4.77,0.32,-1.0,-3.51,-3.92,,,-2.5,207210,18.8,1.08,97.7987,,,5.2,9.35187,-5.68322,-1.53,-2.55,-2.18,2026-10-01T00:00:00,1992-09-18T00:00:00,9/18/1992,716774400,2026-09-15T00:00:00
259,NXP,-0.0089,4.77679,4.81982,0.0535,-2.2800000000000002,21,Morningstar US CEF Municipal,81,"Nuveen Fund Advisors, LLC.",False,13.32,-0.11,13.44,2026-10-01T00:00:00,67062F100,Nuveen Select Tax Free Inc,2026-10-01,XNXPX,Fixed Income - Municipal-Municipal,3.73,848.5,0.014,Monthly,0.28791,0.0535,15.0,5.042,,,0.35000000000000003,,856.144,True,False,False,False,False,False,,3.3,4.78,0.07,-0.99,-3.7,-1.46,,,-2.84,1584700,14.4,1.31,93.9322,,9.19,8.39,14.23638,-0.20407000000000003,-0.6900000000000001,-0.88,-0.79,2026-10-01T00:00:00,1992-03-19T00:00:00,3/19/1992,700963200,2026-09-15T00:00:00
260,NBB,-0.0441,7.74064,8.0979,0.0965,-2.83,20,Morningstar US CEF Taxable Muni,81,"Nuveen Fund Advisors, LLC.",False,14.3,0.01,14.96,2026-10-01T00:00:00,67074C103,Nuveen Taxable Municipal Income,2026-10-01,XNBBX,Fixed Income - Taxable-Taxable Muni,39.43,420.345,-0.051000000000000004,Monthly,0.47616,0.0965,20.0,6.8187,,,3.24,,725.96,True,False,False,False,False,False,,5.33,7.7,-1.57,-2.16,-4.23,-4.39,,,-5.19,586790,5.4,0.0,100.8368,,,7.36,15.75276,-2.81738,-1.5,-1.17,-1.6,2026-10-01T00:00:00,2010-04-27T00:00:00,4/27/2010,1272326400,2026-09-15T00:00:00
261,NPV,-0.07730000000000001,7.31417,7.92696,0.0615,-7.01,24,Morningstar US CEF Municipal-Single State,81,"Nuveen Fund Advisors, LLC.",False,9.31,0.09,10.09,2026-10-01T00:00:00,67064R102,Nuveen VA Quality Muni Inc,2026-10-01,XNPVX,Fixed Income - Municipal-Municipal - Single-State,42.63,182.475,0.026000000000000002,Monthly,0.2321,0.0615,15.0,4.8623,,,3.54,,344.712,True,False,False,False,False,False,,2.23,5.69,-3.05,-6.06,-8.8,-12.34,,,-14.89,575160,32.8,1.53,94.9382,,12.56,8.53,11.18295,-1.60411,-2.93,-1.9100000000000001,-2.43,2026-10-01T00:00:00,1993-03-18T00:00:00,3/18/1993,732412800,2026-09-15T00:00:00
262,NPFD,-0.052199999999999996,10.09677,10.6523,0.1565,1.04,18,Morningstar US CEF Preferreds,81,"Nuveen Fund Advisors, LLC.",False,17.63,0.32,18.6,2026-10-01T00:00:00,67080R102,Nuveen Variable Rate Pref & Inc Fund,2026-10-01,XNPFX,Fixed Income - Taxable-Preferreds,37.87,426.014,,Monthly,0.5723900000000001,0.1565,25.0,7.4994,,,4.79,,723.359,True,False,False,False,False,False,,9.93,13.94,,,-1.13,-2.0,,,-4.19,653940,8.4,0.0,102.0037,,5.59,3.48,19.01789,-4.2331900000000005,-0.71,-0.15,-0.47000000000000003,2026-10-01T00:00:00,2021-12-15T00:00:00,12/15/2021,1639526400,2026-09-15T00:00:00
263,SRV,0.0035000000000000005,14.13761,14.08781,0.5,14.01,6,Morningstar US CEF MLP,33,Cushing Asset Management LP,False,42.59,1.18,42.44,2026-10-01T00:00:00,231631300,NXG Cushing Midstream Energy Fund,2026-10-01,XSRVX,Equity-MLP,30.9,284.425,,Monthly,0.0352,0.5,20.0,,,,4.32,,382.902,True,False,True,False,False,False,,22.18,23.22,17.08,21.46,17.28,16.47,,,7.85,595290,,,,,4.57,,44.48918,-1.15609,0.49,-0.79,0.32,2026-10-01T00:00:00,2007-08-27T00:00:00,8/27/2007,1188172800,2026-09-15T00:00:00
264,NXG,0.0039000000000000003,13.27678,13.22557,0.6,22.07,8,Morningstar US CEF Sector Equity,33,Cushing Asset Management LP,False,54.44,0.06,54.23,2026-10-01T00:00:00,231647207,NXG NextGen Infrastructure Inc,2026-10-01,XNXGX,Equity-Sector Equity,34.43,450.837,,Monthly,-0.24598,0.6,25.0,,,,4.16,,606.433,True,True,True,False,False,False,,28.65,30.65,12.45,15.46,24.24,14.83,,,22.95,701770,,,,,1.07,,54.43338,-0.9431400000000001,0.36,-1.03,0.49,2026-10-01T00:00:00,2012-09-26T00:00:00,9/26/2012,1348617600,2026-09-15T00:00:00
265,MEGI,-0.0934,10.14885,11.19403,0.125,3.32,8,Morningstar US CEF Sector Equity,77,New York Life Investment Management LLC,False,13.4,-0.06,14.78,2026-10-01T00:00:00,56064Q107,NYLIM CBRE Glb Infra Megatrends Term Fd,2026-10-01,XMEGI,Equity-Sector Equity,23.04,697.437,,Monthly,0.39004,0.125,20.0,,,,3.73,,999.563,True,False,True,False,False,False,,13.02,16.39,,,3.49,4.59,,,0.67,1559800,,,,,,,14.69011,-9.5655,0.17,-0.6900000000000001,-0.01,2026-10-01T00:00:00,2021-10-27T00:00:00,10/27/2021,1635292800,2026-08-24T00:00:00
266,MMD,-0.1,5.36424,5.96026,0.06749999999999999,-2.93,21,Morningstar US CEF Municipal,77,New York Life Investment Management LLC,False,13.59,-0.02,15.1,2026-10-01T00:00:00,56064K100,NYLIM MacKay DefinedTerm Muni Opps Fund,2026-10-01,XMMDX,Fixed Income - Municipal-Municipal,38.05,255.213,0.24000000000000002,Monthly,0.42096,0.06749999999999999,20.0,5.1925,,,2.72,,457.73,True,False,False,False,False,True,,2.54,-0.47000000000000003,-1.79,-4.36,-4.87,-4.78,,,-5.29,665310,,,102.9954,,,5.8,15.0695,-7.46677,-2.07,-2.19,-2.5700000000000003,2026-10-01T00:00:00,2012-06-27T00:00:00,6/27/2012,1340755200,2026-09-15T00:00:00
267,OCCI,-0.2902,18.92744,26.66667,0.049999999999999996,-29.47,19,Morningstar US CEF Senior Loans,82,"OFS Capital Management, LLC",True,2.25,-0.46,3.22,2026-08-31T00:00:00,67111Q107,OFS Credit Company Inc,2026-10-01,OCCI,Fixed Income - Taxable-Senior Loans,48.58,66.357,,Monthly,0.33629000000000003,0.049999999999999996,20.0,13.384,,,13.31,,181.812,True,False,False,False,True,False,,-9.97,-15.6,-8.67,-13.54,-24.6,-43.45,,,-45.63,2744720,,,,,,,3.56584,-15.944,-1.3,-1.47,-1.24,2026-10-01T00:00:00,2018-10-05T00:00:00,10/5/2018,1538697600,2026-09-15T00:00:00
268,OXLC,-0.12539999999999998,23.32362,26.66667,0.19999999999999998,-30.12,19,Morningstar US CEF Senior Loans,83,Oxford Lane Management,False,9.0,-0.71,10.49,2026-08-31T00:00:00,691543847,Oxford Lane Capital Corp,2026-10-01,OXLCX,Fixed Income - Taxable-Senior Loans,43.47,878.847,,Monthly,1.29355,0.19999999999999998,20.0,10.7207,,,9.78,,1777.475,True,False,True,False,False,False,,-4.39,-7.94,-3.34,-5.84,-19.2,-21.6,,,-26.37,11936600,,,,,,,11.20232,-15.79838,0.34,0.04,-0.08,2026-10-01T00:00:00,2011-01-20T00:00:00,1/20/2011,1295481600,2026-09-16T00:00:00
269,PCM,-0.0582,14.46304,15.35618,0.06423999999999999,1.96,16,Morningstar US CEF Limited Duration,84,"Pacific Investment Management Company, LLC",False,5.02,0.04,5.33,2026-10-01T00:00:00,69323T101,PCM Fund,2026-10-01,XPCMX,Fixed Income - Taxable-Limited Duration,33.19,62.472,0.037,Monthly,0.3113,0.06423999999999999,15.0,6.1856,,7.21,4.06,,99.275,True,False,False,False,False,False,,8.31,-6.33,1.79,-4.54,-0.45,-10.1,,,-15.08,548530,,,83.6641,,,,5.8423,2.08104,-2.22,-1.35,-2.04,2026-10-01T00:00:00,1993-09-02T00:00:00,9/2/1993,746928000,2026-09-11T00:00:00
270,PDCC,-0.20600000000000002,14.53868,18.30986,0.13,-23.85,19,Morningstar US CEF Senior Loans,86,Pearl Diver Capital LLP,True,8.52,-0.31,10.86,2026-08-31T00:00:00,70476Q100,Pearl Diver Credit Company Inc,2026-10-01,PDCC,Fixed Income - Taxable-Senior Loans,34.05,59.091,,Monthly,0.65799,0.13,20.0,10.3946,,,8.24,,112.837,True,False,False,False,True,False,,,,,,-14.4,-27.79,,,-36.43,58300,,,,,,,11.90614,-6.44263,-1.75,-1.63,-1.19,2026-10-01T00:00:00,2024-07-18T00:00:00,7/18/2024,1721260800,2026-09-16T00:00:00
271,PSUS,-0.24,,,,,10,Morningstar US CEF US Equity,87,"Pershing Square Capital Management, L.P.",False,36.8,0.16,48.42,2026-09-30T00:00:00,71531T105,"Pershing Square USA, Ltd",2026-10-01,PSUSX,Equity-U.S. Equity,,3680.0,,Annually,,,50.0,,,,0.0,,4842.0,False,True,True,False,False,False,,,,,,,,,,,0,,,,,,,,,,-1.45,,2026-10-01T00:00:00,2026-04-29T00:00:00,4/29/2026,1777420800,
272,GHY,-0.09699999999999999,10.35333,11.46497,0.105,1.9100000000000001,14,Morningstar US CEF High Yield,88,PGIM,False,10.99,-0.03,12.17,2026-10-01T00:00:00,69346J106,"PGIM Global High Yield Fund, Inc.",2026-10-01,XGHYX,Fixed Income - Taxable-High Yield,16.71,450.163,,Monthly,0.4495,0.105,20.0,6.6251,,0.0,2.5,,598.497,True,False,False,False,False,False,,10.29,11.71,3.52,3.79,-0.61,-4.2,,,-5.05,1600480,,,96.1418,,,,12.09027,-6.90676,-1.28,-0.72,-1.12,2026-10-01T00:00:00,2012-12-21T00:00:00,12/21/2012,1356048000,2026-09-10T00:00:00
273,ISD,-0.0978,9.70724,10.76003,0.105,0.14,14,Morningstar US CEF High Yield,88,PGIM,False,11.71,-0.03,12.98,2026-10-01T00:00:00,69346H100,"PGIM High Yield Bond Fund, Inc.",2026-10-01,XISDX,Fixed Income - Taxable-High Yield,20.36,389.895,,Monthly,0.55298,0.105,20.0,6.6764,,0.0,2.15,,432.18,True,False,False,False,False,False,,8.83,9.83,3.35,3.1,-1.0,-13.48,,,-10.29,1040770,,,97.6041,,,,13.52441,-2.05725,-1.52,-0.96,-1.42,2026-10-01T00:00:00,2012-04-26T00:00:00,4/26/2012,1335398400,2026-09-10T00:00:00
274,SDHY,-0.08449999999999999,7.76978,8.48723,0.108,0.81,14,Morningstar US CEF High Yield,88,PGIM,True,15.27,0.04,16.68,2026-10-01T00:00:00,69355J104,PGIM Short Duration High Yield Opps,2026-10-01,XSDHX,Fixed Income - Taxable-High Yield,22.15,376.758,,Monthly,0.74624,0.108,20.0,6.4348,,,2.52,,411.547,True,False,False,False,True,False,,7.44,10.27,4.0,4.07,-0.51,-2.32,,,-1.35,691540,,,98.9607,,,,16.22889,-6.97703,-1.4,-1.2,-1.11,2026-10-01T00:00:00,2020-11-25T00:00:00,11/25/2020,1606262400,2026-09-10T00:00:00
275,PAXS,-0.0629,12.67893,13.53057,0.1494,3.32,17,Morningstar US CEF Multi-Sector,90,PIMCO,True,13.25,0.02,14.14,2026-10-01T00:00:00,72203T100,PIMCO Access Income,2026-10-01,XPAAX,Fixed Income - Taxable-Multi-Sector,39.07,624.758,,Monthly,0.82542,0.1494,20.0,,,8.61,5.03,,1094.32,True,False,False,False,True,False,,11.91,10.98,,,0.75,-5.17,,,-8.19,2032930,,,86.1715,,,,14.87881,-0.42569,-1.8399999999999999,-1.38,-1.87,2026-10-01T00:00:00,2022-01-31T00:00:00,1/31/2022,1643587200,2026-09-11T00:00:00
276,PCQ,-0.1264,4.87585,5.5814,0.036,-6.5,22,Morningstar US CEF Municipal-CA,84,"Pacific Investment Management Company, LLC",False,7.74,0.03,8.86,2026-10-01T00:00:00,72200N106,PIMCO CA Municipal Income,2026-10-01,XPCQX,Fixed Income - Municipal-Municipal - CA,42.66,434.467,0.161,Monthly,0.21287,0.036,15.0,4.7087,,13.26,4.27,,867.357,True,False,False,False,False,False,,2.13,2.2,-4.32,-12.3,-8.63,-8.38,,,-7.14,1609240,,,95.5316,,14.47,8.47,8.76154,-11.16447,-1.69,-2.33,-1.8599999999999999,2026-10-01T00:00:00,2001-06-29T00:00:00,6/29/2001,993772800,2026-09-11T00:00:00
277,PTY,0.0036,12.99544,12.94823,0.11879999999999999,4.4,15,Morningstar US CEF Investment Grade,90,PIMCO,False,11.01,0.0,10.97,2026-10-01T00:00:00,72201B101,PIMCO Corporate & Income Opportunity Fd,2026-10-01,XPTYX,Fixed Income - Taxable-Investment Grade,24.76,2442.942,0.218,Monthly,0.57584,0.11879999999999999,15.0,,,9.15,1.52,,3235.02,True,False,False,False,False,False,,14.69,5.51,7.48,0.97,1.06,-6.47,,,-14.11,11778710,,,92.7159,,,,12.45816,7.27449,-1.42,-1.38,-1.85,2026-10-01T00:00:00,2002-12-27T00:00:00,12/27/2002,1040947200,2026-09-11T00:00:00
278,PCN,-0.023700000000000002,12.30629,12.60504,0.11249999999999999,3.45,15,Morningstar US CEF Investment Grade,84,"Pacific Investment Management Company, LLC",False,10.71,0.04,10.97,2026-10-01T00:00:00,72200U100,PIMCO Corporate & Income Strgy,2026-10-01,XPCNX,Fixed Income - Taxable-Investment Grade,22.58,820.196,0.038,Monthly,0.57707,0.11249999999999999,15.0,,,8.68,1.53,,1085.111,True,False,False,False,False,False,,12.57,6.9,6.26,0.41000000000000003,0.38,-8.76,,,-10.55,3462540,,,92.1831,,,,12.19375,4.87422,-2.42,-2.26,-3.09,2026-10-01T00:00:00,2001-12-21T00:00:00,12/21/2001,1008892800,2026-09-11T00:00:00
279,PDI,-0.058499999999999996,17.60479,18.69965,0.2205,4.0,17,Morningstar US CEF Multi-Sector,84,"Pacific Investment Management Company, LLC",False,14.15,0.12,15.03,2026-10-01T00:00:00,72201Y101,PIMCO Dynamic Income Fund,2026-10-01,XPDIX,Fixed Income - Taxable-Multi-Sector,35.46,6744.123,,Monthly,0.8897,0.2205,25.0,,,8.9,3.79,,11099.468,True,False,False,False,False,False,,13.2,8.47,5.5,2.22,0.61,-10.55,,,-16.93,29958050,,,89.064,,,,17.19107,5.52609,-2.31,-1.26,-1.8,2026-10-01T00:00:00,2012-05-25T00:00:00,5/25/2012,1337904000,2026-09-11T00:00:00
280,PDO,-0.0406,12.44769,12.9738,0.12789999999999999,4.47,13,Morningstar US CEF Global Income,84,"Pacific Investment Management Company, LLC",True,11.83,-0.03,12.33,2026-10-01T00:00:00,69355M107,PIMCO Dynamic Income Opportunities Fund,2026-10-01,XPDOX,Fixed Income - Taxable-Global Income,36.74,1722.21,,Monthly,0.62591,0.12789999999999999,20.0,,,8.82,4.3,,2837.415,True,False,False,False,True,False,,13.63,12.66,2.98,1.72,0.97,-6.31,,,-5.48,6929330,,,89.112,,,,13.34819,2.63384,-2.49,-1.3599999999999999,-2.03,2026-10-01T00:00:00,2021-01-29T00:00:00,1/29/2021,1611878400,2026-09-11T00:00:00
281,PDX,-0.0965,7.05509,7.8087800000000005,0.1334,4.21,25,Morningstar US CEF Global Allocation,90,PIMCO,True,20.5,0.2,22.69,2026-10-01T00:00:00,69346N107,PIMCO Dynamic Income Strategy Fund,2026-10-01,XPDX,Hybrid-Global Allocation,22.6,916.493,,Monthly,0.63903,0.1334,20.0,6.1539,,7.48,3.01,,1310.575,True,False,True,False,True,True,,11.87,13.43,19.23,21.58,13.34,14.48,,,1.92,1263750,,,91.6489,,,,21.13605,-9.95551,0.24,-0.08,0.1,2026-10-01T00:00:00,2019-01-30T00:00:00,1/30/2019,1548806400,2026-09-11T00:00:00
282,PGP,-0.049699999999999994,9.5612,10.06075,0.06899999999999999,11.64,25,Morningstar US CEF Global Allocation,84,"Pacific Investment Management Company, LLC",False,8.23,0.05,8.66,2026-10-01T00:00:00,722011103,PIMCO Global StocksPLUS & Income,2026-10-01,XPGPX,Hybrid-Global Allocation,51.05,95.4,0.07,Monthly,0.40356000000000003,0.06899999999999999,25.0,,,8.33,2.35,,205.055,True,False,False,False,False,False,,21.23,19.1,7.09,4.97,4.61,-3.86,,,5.14,457910,,,92.0495,,,,8.75602,-1.8432400000000002,-1.08,0.61,-0.46,2026-10-01T00:00:00,2005-05-31T00:00:00,5/31/2005,1117497600,2026-09-11T00:00:00
283,PHK,-0.0372,13.39535,13.91304,0.048,4.46,17,Morningstar US CEF Multi-Sector,84,"Pacific Investment Management Company, LLC",False,4.14,0.04,4.3,2026-10-01T00:00:00,722014107,PIMCO High Income,2026-10-01,XPHKX,Fixed Income - Taxable-Multi-Sector,20.4,791.067,-0.044000000000000004,Monthly,0.23848,0.048,15.0,,,9.48,1.78,,1032.203,True,False,False,False,False,False,,12.67,10.5,6.09,3.6,1.28,-7.22,,,-6.8,8282910,,,92.3547,,,,4.70506,3.17797,-2.84,-1.78,-2.47,2026-10-01T00:00:00,2003-04-30T00:00:00,4/30/2003,1051660800,2026-09-11T00:00:00
284,PFL,-0.0456,13.49171,14.13603,0.0814,2.76,17,Morningstar US CEF Multi-Sector,90,PIMCO,False,6.91,0.01,7.24,2026-10-01T00:00:00,72201H108,PIMCO Income Strategy,2026-10-01,XPFLX,Fixed Income - Taxable-Multi-Sector,0.91,347.496,0.077,Monthly,0.32637,0.0814,20.0,,,7.52,1.29,,367.428,True,False,False,False,False,False,,11.4,9.22,4.44,1.48,-0.21,-9.99,,,-8.18,2156910,,,88.49,,,,8.0292,3.46681,-2.89,-1.96,-2.6,2026-10-01T00:00:00,2003-08-26T00:00:00,8/26/2003,1061856000,2026-09-11T00:00:00
285,PFN,-0.047,13.07436,13.71975,0.0718,3.79,17,Morningstar US CEF Multi-Sector,84,"Pacific Investment Management Company, LLC",False,6.28,0.04,6.59,2026-10-01T00:00:00,72201J104,PIMCO Income Strategy II,2026-10-01,XPFNX,Fixed Income - Taxable-Multi-Sector,29.34,626.459,0.094,Monthly,0.37475,0.0718,20.0,,,9.57,2.33,,930.381,True,False,False,False,False,False,,12.52,11.0,5.03,2.18,0.44,-8.67,,,-7.01,4597120,,,91.5197,,,,7.13567,1.8907,-2.76,-1.8599999999999999,-2.38,2026-10-01T00:00:00,2004-10-29T00:00:00,10/29/2004,1099008000,2026-09-11T00:00:00
286,PML,-0.08990000000000001,6.6573,7.31481,0.0395,-7.5600000000000005,21,Morningstar US CEF Municipal,90,PIMCO,False,6.48,-0.09,7.12,2026-10-01T00:00:00,72200W106,PIMCO Municipal Income II,2026-10-01,XPMLX,Fixed Income - Municipal-Municipal,45.2,813.031,0.10300000000000001,Monthly,0.20781,0.0395,15.0,5.0244,,13.98,4.19,,1630.216,True,False,False,False,False,False,,1.5,0.72,-5.09,-9.69,-9.0,-8.66,,,-11.61,4510380,,,97.8724,,14.32,8.36,7.54249,-5.82274,-2.69,-3.09,-3.26,2026-10-01T00:00:00,2002-06-28T00:00:00,6/28/2002,1025222400,2026-09-11T00:00:00
287,PNI,-0.11599999999999999,5.07163,5.73744,0.0295,-7.04,23,Morningstar US CEF Municipal-NY,90,PIMCO,False,6.17,0.05,6.98,2026-10-01T00:00:00,72200Y102,PIMCO NY Municipal Income II,2026-10-01,XPNIX,Fixed Income - Municipal-Municipal - NY,42.05,147.373,0.065,Monthly,0.16939,0.0295,15.0,4.8444,,13.36,4.31,,287.684,True,False,False,False,False,False,,1.04,3.46,-5.57,-7.55,-8.43,-7.72,,,-7.34,607610,,,98.1725,,15.54,9.17,6.92212,-10.8741,-0.98,-2.33,-1.8900000000000001,2026-10-01T00:00:00,2002-06-28T00:00:00,6/28/2002,1025222400,2026-09-11T00:00:00
288,RCS,0.1663,11.08545,9.504950000000001,0.04,3.32,15,Morningstar US CEF Investment Grade,90,PIMCO,False,5.05,-0.01,4.33,2026-10-01T00:00:00,72200X104,PIMCO Strategic Income Fund,2026-10-01,XRCSX,Fixed Income - Taxable-Investment Grade,81.2,239.774,0.019,Monthly,0.2242,0.04,12.5,6.5746,,7.58,2.73,,1093.669,True,False,False,False,False,False,,14.24,7.73,4.24,3.39,-0.8,-2.64,,,-27.27,1600120,,,98.2536,,,,5.82504,26.31653,-0.68,0.96,0.0,2026-10-01T00:00:00,1994-02-24T00:00:00,2/24/1994,762048000,2026-09-11T00:00:00
289,PWRL,-0.31420000000000003,6.0037,8.75472,0.0812,,8,Morningstar US CEF Sector Equity,91,Powerlaw Fund Adviser LLC,False,11.13,0.85,16.23,2026-08-31T00:00:00,738922103,Powerlaw Corp.,2026-10-01,XPWRX,Equity-Sector Equity,,,,Monthly,,0.0812,,,,,0.0,,,False,True,True,False,False,False,,,,,,,,,,,0,,,,,,,,,,-0.73,,2026-10-01T00:00:00,2026-05-27T00:00:00,5/27/2026,1779840000,
290,PGZ,-0.12619999999999998,12.32877,14.10974,0.105,-0.46,7,Morningstar US CEF Real Estate,92,Principal Funds,True,8.93,0.01,10.22,2026-10-01T00:00:00,74255X104,Principal Real Estate Income Fund,2026-10-01,XPGZX,Equity-Real Estate,31.87,59.778,,Monthly,0.34794,0.105,20.0,3.7804,,,4.79,,100.414,True,False,False,False,True,False,,11.55,12.71,-0.19,1.5899999999999999,-1.03,-2.15,,,-3.43,250320,,,79.7282,,4.67,,10.06453,-10.14257,-1.6099999999999999,-1.92,-1.71,2026-10-01T00:00:00,2013-06-26T00:00:00,6/26/2013,1372204800,2026-09-16T00:00:00
291,UTG,-0.012,7.20824,7.29589,0.21,-6.72,8,Morningstar US CEF Sector Equity,93,Reaves Asset Management,True,34.54,0.19,34.96,2026-10-01T00:00:00,756158101,Reaves Utility Income,2026-10-01,XUTGX,Equity-Sector Equity,22.78,3181.45,,Monthly,0.14102,0.21,20.0,,,,2.09,,4170.136,True,False,False,False,True,False,,20.47,19.98,9.2,8.63,-0.8200000000000001,-2.18,,,-7.72,2650840,,,,,2.62,,39.28307,-0.46010000000000006,-0.61,-1.1400000000000001,-0.5700000000000001,2026-10-01T00:00:00,2004-02-24T00:00:00,2/24/2004,1077580800,2026-09-17T00:00:00
292,RCG,0.0572,,,0.022371,-2.81,26,Morningstar US CEF US Allocation,63,Horizon Kinetics Asset Management LLC,False,2.9601,-0.02,2.8,2026-10-01T00:00:00,759720105,RENN Fund ord,2026-10-01,XXRENNX,Hybrid-U.S. Allocation,11.03,20.767,,Data Not Available,-0.00459,0.022371,10.0,,,,1.56,,19.644,True,True,True,False,False,False,,10.41,19.22,0.43,4.75,-2.12,15.95,,,16.86,78200,,,,,0.15,,2.81121,-8.98288,2.86,2.07,2.29,2026-10-01T00:00:00,1994-01-20T00:00:00,1/20/1994,759024000,2024-12-16T00:00:00
293,RSF,-0.031,11.10121,11.45682,0.1371,7.15,14,Morningstar US CEF High Yield,94,"RiverNorth Capital Management, LLC",False,14.36,0.03,14.82,2026-10-01T00:00:00,76882B108,RiverNorth Capital and Inc Fund,2026-10-01,XRSFX,Fixed Income - Taxable-High Yield,9.65,49.749,,Monthly,,0.1371,21.42,,,,3.96,,51.343,True,False,True,False,False,False,,8.98,10.02,5.99,5.66,5.11,8.58,,,8.92,147480,,,,,2.96,,14.5505,-4.03692,0.8300000000000001,-0.1,0.2,2026-10-01T00:00:00,2016-09-22T00:00:00,9/22/2016,1474502400,2026-09-15T00:00:00
294,RFM,-0.0968,7.36212,8.15112,0.0881,-3.03,21,Morningstar US CEF Municipal,94,"RiverNorth Capital Management, LLC",True,12.97,0.12,14.36,2026-10-01T00:00:00,76883H104,RiverNorth Flexible Municipal Income,2026-10-01,XRFMX,Fixed Income - Municipal-Municipal,42.94,79.308,,Monthly,0.07615,0.0881,20.0,5.1551,,,4.46,,153.887,True,False,False,False,True,True,,4.2,4.0,-2.23,-3.13,-4.38,-2.83,,,-4.28,201450,,,103.2065,,16.06,16.44,14.33971,-8.71862,-0.71,-1.8,-1.44,2026-10-01T00:00:00,2020-03-26T00:00:00,3/26/2020,1585180800,2026-09-15T00:00:00
295,RFMZ,-0.0956,7.38179,8.16244,0.0804,-3.06,21,Morningstar US CEF Municipal,94,"RiverNorth Capital Management, LLC",True,11.82,0.12,13.07,2026-10-01T00:00:00,76883Y107,RiverNorth Flexible Municipal Income II,2026-10-01,XRFZX,Fixed Income - Municipal-Municipal,42.78,287.838,,Monthly,0.07449,0.0804,20.0,5.1719,,,0.0,,556.207,True,False,False,False,True,True,,4.2,6.04,-1.8900000000000001,-3.46,-4.64,-2.34,,,-3.37,768440,,,102.4874,,15.2,15.07,12.99767,-9.26722,-0.21,-1.44,-0.97,2026-10-01T00:00:00,2021-02-24T00:00:00,2/24/2021,1614124800,2026-09-15T00:00:00
296,RMMZ,-0.0917,7.37379,8.11845,0.0891,-3.11,21,Morningstar US CEF Municipal,94,"RiverNorth Capital Management, LLC",False,13.17,0.06,14.5,2026-10-01T00:00:00,76882M104,RiverNorth Manage Dur Muni Inc Fd II Inc,2026-10-01,XRMZX,Fixed Income - Municipal-Municipal,41.63,111.352,,Monthly,0.09213,0.0891,20.0,5.1983,,,4.48,,210.042,True,False,False,False,False,True,,4.21,4.57,,,-4.4,-4.69,,,-5.96,218670,,,103.2456,,15.23,13.91,14.73017,-7.08376,-2.14,-2.06,-2.64,2026-10-01T00:00:00,2022-02-10T00:00:00,2/10/2022,1644451200,2026-09-15T00:00:00
297,RMM,-0.0857,7.38126,8.07307,0.0847,-3.15,21,Morningstar US CEF Municipal,94,"RiverNorth Capital Management, LLC",False,12.59,0.05,13.77,2026-10-01T00:00:00,76882H105,RiverNorth Managed Duration Muni Inc Fd,2026-10-01,XRMMX,Fixed Income - Municipal-Municipal,42.94,248.522,,Monthly,0.06903000000000001,0.0847,20.0,5.1325,,,4.31,,476.325,True,False,False,False,False,True,,4.47,4.48,-0.89,-2.01,-4.49,-2.84,,,-4.67,627650,,,103.1319,,9.8,16.2,14.14651,-6.11873,-1.28,-2.69,-2.54,2026-10-01T00:00:00,2019-07-25T00:00:00,7/25/2019,1564012800,2026-09-15T00:00:00
298,RMI,-0.022000000000000002,7.34205,7.50739,0.08889999999999999,-2.75,21,Morningstar US CEF Municipal,94,"RiverNorth Capital Management, LLC",False,14.21,0.11,14.53,2026-10-01T00:00:00,76883F108,RiverNorth Opp Muni Income Fund Inc,2026-10-01,XRMIX,Fixed Income - Municipal-Municipal,43.2,90.588,,Monthly,0.08215,0.08889999999999999,20.0,5.1582,,,4.43,,163.073,True,False,True,False,False,True,,4.32,7.03,-2.1,-1.69,-3.98,3.84,,,3.64,213600,,,102.9981,,15.85,16.15,15.0159,-5.22129,1.09,0.53,1.0,2026-10-01T00:00:00,2018-10-25T00:00:00,10/25/2018,1540425600,2026-09-15T00:00:00
299,RIV,-0.0934,13.67539,15.08373,0.1306,6.07,26,Morningstar US CEF US Allocation,94,"RiverNorth Capital Management, LLC",True,10.39,0.05,11.46,2026-10-01T00:00:00,76881Y109,RiverNorth Opportunities Fund,2026-10-01,XRIVX,Hybrid-U.S. Allocation,25.24,319.265,,Monthly,-0.12127,0.1306,20.0,6.4636,,,1.9100000000000001,,471.057,True,False,False,False,True,True,,14.35,13.94,6.7,3.81,3.21,-1.3900000000000001,,,-0.32,938950,,,99.6122,,,,11.52093,-5.96569,-1.6,-0.8300000000000001,-1.48,2026-10-01T00:00:00,2015-12-23T00:00:00,12/23/2015,1450828800,2026-09-15T00:00:00
300,OPP,-0.1275,13.78788,15.80318,0.091,3.11,14,Morningstar US CEF High Yield,94,"RiverNorth Capital Management, LLC",True,6.91,-0.01,7.92,2026-10-01T00:00:00,76882G107,RiverNorth/DoubleLine Strategic Opp Fund,2026-10-01,XOPPX,Fixed Income - Taxable-High Yield,38.56,172.682,,Monthly,0.32888,0.091,20.0,4.9871,,,2.8,,322.114,True,False,False,False,True,True,,10.08,10.57,2.26,0.29,-0.41000000000000003,-3.18,,,-5.9,1071840,,,75.0069,,,,7.76299,-8.99259,-2.71,-2.34,-2.91,2026-10-01T00:00:00,2016-09-27T00:00:00,9/27/2016,1474934400,2026-09-15T00:00:00
301,RVI,0.0867,,,,,5,Morningstar US CEF Global Equity,95,"Robinhood Ventures DE, LLC",True,27.19,-6.76,25.02,2026-06-30T00:00:00,770701100,Robinhood Ventures Fund I,2026-10-01,XRVIX,Equity-Global Equity,,740.852,,Annually,,,25.0,,,,2.72,,681.725,False,True,True,False,True,False,,,,,,,,,,,0,,,,,,,,,,-0.36,-0.64,2026-10-01T00:00:00,2026-03-06T00:00:00,3/6/2026,1772755200,
302,BOT,1.2969,,,,,8,Morningstar US CEF Sector Equity,52,"FP Strategies, LLC",True,26.97,-0.05,11.35,2026-08-31T00:00:00,77106T107,RoboStrategy Inc,2026-10-01,XBOTX,Equity-Sector Equity,,,,,,,,,,,0.0,,,False,True,True,False,True,False,,,,,,,,,,,0,,,,,,,,,,,,2026-10-01T00:00:00,2026-05-11T00:00:00,5/11/2026,1778457600,
303,RGT,-0.1661,1.11437,1.33633,0.19,14.65,5,Morningstar US CEF Global Equity,96,Royce Investment Partners,False,14.218,-0.02,17.05,2026-10-01T00:00:00,78081T104,"Royce Global Trust, Inc.",2026-10-01,XRGTX,Equity-Global Equity,2.11,93.311,,Annually,0.26180000000000003,0.19,8.975,,,,1.35,,111.897,True,True,False,False,False,False,,19.51,20.64,5.85,3.81,11.68,8.62,,,11.59,201070,,,,,,,13.95831,-14.90699,-1.54,-1.5899999999999999,-1.48,2026-10-01T00:00:00,2013-10-18T00:00:00,10/18/2013,1382054400,2025-12-11T00:00:00
304,RMT,-0.127,5.98958,6.86055,0.22999999999999998,37.83,10,Morningstar US CEF US Equity,96,Royce Investment Partners,True,13.41,-0.03,15.36,2026-10-01T00:00:00,780915104,Royce Micro-Cap Trust,2026-10-01,XOTCX,Equity-U.S. Equity,3.48,726.708,,Quarterly,-0.0471,0.22999999999999998,10.0,,,,1.3900000000000001,,862.382,True,True,False,False,True,False,,25.24,27.02,11.21,12.35,34.94,35.28,,,38.85,1192900,,,,,,,12.34421,-11.43767,-1.67,-1.82,-1.7000000000000002,2026-10-01T00:00:00,1993-12-14T00:00:00,12/14/1993,755827200,2026-09-11T00:00:00
305,RVT,-0.12539999999999998,6.71034,7.67232,0.3278,17.14,10,Morningstar US CEF US Equity,96,Royce Investment Partners,True,17.09,-0.04,19.54,2026-10-01T00:00:00,780910105,Royce Small-Cap Trust,2026-10-01,XRVTX,Equity-U.S. Equity,1.5899999999999999,2123.411,,Quarterly,0.08396,0.3278,10.0,,,,1.35,,2427.82,True,False,False,False,True,False,,17.87,19.51,7.54,7.97,14.88,12.25,,,15.73,2700810,,,,,,,17.41134,-9.86618,-1.4100000000000001,-1.22,-1.06,2026-10-01T00:00:00,1986-11-26T00:00:00,11/26/1986,533347200,2026-09-11T00:00:00
306,BRW,-0.15439999999999998,14.18637,16.77632,0.08499999999999999,0.19,19,Morningstar US CEF Senior Loans,97,"Saba Capital Management, LP",False,6.08,0.07,7.19,2026-10-01T00:00:00,78518H202,Saba Capital Income & Opportunities Fund,2026-10-01,XPPRX,Fixed Income - Taxable-Senior Loans,12.43,302.516,,Monthly,0.07357,0.08499999999999999,10.0,,,,5.82,,426.413,True,False,False,False,False,False,,9.71,6.57,7.18,5.57,3.02,-4.22,,,-9.8,2596960,,,,,6.5,,6.77913,-11.24095,-2.26,-1.92,-2.65,2026-10-01T00:00:00,1988-05-12T00:00:00,5/12/1988,579398400,2026-09-09T00:00:00
307,SABA,-0.15710000000000002,7.38854,8.76574,0.057999999999999996,1.75,13,Morningstar US CEF Global Income,97,"Saba Capital Management, LP",False,7.94,-0.03,9.42,2026-10-01T00:00:00,880198205,Saba Capital Income & Ops Fund II,2026-10-01,XSABX,Fixed Income - Taxable-Global Income,,210.324,,Monthly,0.07175000000000001,0.057999999999999996,10.0,8.2106,,7.8100000000000005,4.58,,254.239,False,False,False,False,False,False,,12.15,10.66,4.88,2.94,4.99,2.15,,,-4.61,705970,,,,,,,8.37225,-12.78506,-1.96,-1.8900000000000001,-2.04,2026-10-01T00:00:00,1988-03-17T00:00:00,3/17/1988,574560000,2026-09-09T00:00:00
308,SPMC,-0.12179999999999999,25.64103,29.19708,0.13,-30.38,19,Morningstar US CEF Senior Loans,99,Sound Point Meridian Management Company LLC,True,8.22,-1.3,9.56,2026-08-31T00:00:00,83617A108,Sound Point Meridian Capital Inc,2026-10-01,,Fixed Income - Taxable-Senior Loans,46.5,173.33,,Monthly,1.06488,0.13,20.0,,,,10.95,,368.881,True,False,False,False,True,False,,,,,,-19.9,-26.04,,,-38.49,287660,,,,,,,11.82204,-1.0369,-1.42,-2.34,-2.67,2026-10-01T00:00:00,2024-06-14T00:00:00,6/14/2024,1718323200,2026-09-15T00:00:00
309,SOR,-0.0932,5.04053,5.55837,0.20829999999999999,11.72,26,Morningstar US CEF US Allocation,48,"First Pacific Advisors, LP",True,44.97,-0.46,49.59,2026-10-01T00:00:00,836144303,Source Capital,2026-10-01,XSORX,Hybrid-U.S. Allocation,0.0,370.147,,Monthly,0.8443200000000001,0.20829999999999999,17.5,3.0678,,,0.9800000000000001,,408.174,True,False,False,False,True,False,,14.52,15.03,9.42,9.4,7.15,3.34,,,7.67,108680,,,,,,,46.38669,-5.43019,-1.47,-1.45,-1.37,2026-10-01T00:00:00,1968-10-24T00:00:00,10/24/1968,-37497600,2026-09-16T00:00:00
310,SPE,-0.1537,8.75436,10.34417,0.10869999999999999,-0.41000000000000003,10,Morningstar US CEF US Equity,22,Bulldog Investors LLP,False,12.61,0.05,14.9,2026-09-30T00:00:00,84741T104,Special Opportunities,2026-10-01,XSPEX,Equity-U.S. Equity,26.1,133.958,,Monthly,0.3212,0.10869999999999999,15.0,5.1616,,19.11,1.8599999999999999,,214.179,True,False,False,False,False,False,,14.55,16.51,8.16,7.38,-1.6,-7.72,,,-6.32,351190,,,,,,,14.29746,-11.27191,-1.8599999999999999,-1.24,-1.27,2026-10-01T00:00:00,1993-06-08T00:00:00,6/8/1993,739497600,2026-09-22T00:00:00
311,FUND,-0.10769999999999999,5.58217,6.25598,0.1503,22.45,10,Morningstar US CEF US Equity,101,Sprott Asset Management USA Inc.,True,9.61,-0.08,10.77,2026-10-01T00:00:00,85208J109,Sprott Focus Trust,2026-10-01,XFUNX,Equity-U.S. Equity,0.0,285.91,,Quarterly,0.09339,0.1503,10.0,,,,1.13,,320.422,True,True,False,False,True,False,,16.36,16.99,11.0,11.24,16.33,17.48,,,25.44,254750,,,,,,,9.52628,-10.42918,-0.47000000000000003,-1.4100000000000001,-1.0,2026-10-01T00:00:00,1988-03-01T00:00:00,3/1/1988,573177600,2026-09-15T00:00:00
312,CEF,-0.04019999999999999,,,,40.59,2,Morningstar US CEF Commodity,100,Sprott Asset Management LP,False,41.74,0.2,43.49,2026-10-01T00:00:00,85208R101,Sprott Physical Gold and Silver Trust,2026-10-01,XCEFX,Equity-Commodities,,7118.353,,Data Not Available,0.0,,13.72,,,,0.46,,7416.798,False,False,True,False,False,False,,33.92,33.86,20.16,19.38,-1.6600000000000001,-9.3,,,13.22,10243180,,,,,,,45.28418,-4.39533,0.27,-0.7000000000000001,0.15,2026-10-01T00:00:00,2018-01-16T00:00:00,1/16/2018,1516060800,
313,PHYS,-0.0281,,,,27.82,2,Morningstar US CEF Commodity,100,Sprott Asset Management LP,False,31.44,0.17,32.35,2026-10-01T00:00:00,85207H104,Sprott Physical Gold Trust Unit,2026-10-01,,Equity-Commodities,,15270.21,,Data Not Available,0.0,,10.0,,,,0.4,,15712.192,False,False,False,False,False,False,,30.88,29.74,18.86,17.77,2.29,-5.3,,,5.57,49806610,,,,,,,33.71858,-2.33567,0.01,0.19,0.46,2026-10-01T00:00:00,2010-02-26T00:00:00,2/26/2010,1267142400,
314,SPPP,-0.052000000000000005,,,,25.17,2,Morningstar US CEF Commodity,100,Sprott Asset Management LP,False,13.32,-0.11,14.05,2026-10-01T00:00:00,85207Q104,Sprott Physical Platinum & Palladium Tr,2026-10-01,,Equity-Commodities,,502.034,,Data Not Available,0.0,,10.0,,,,1.01,,529.548,False,False,False,False,False,False,,10.61,7.63,-2.75,-1.28,-14.44,-20.25,,,-1.1,8691870,,,,,,,15.34161,-4.95936,-0.12,-0.5,0.27,2026-10-01T00:00:00,2012-12-19T00:00:00,12/19/2012,1355875200,
315,PSLV,-0.0572,,,,65.65,2,Morningstar US CEF Commodity,100,Sprott Asset Management LP,False,19.6,0.23,20.79,2026-10-01T00:00:00,85207K107,Sprott Physical Silver Trust Unit,2026-10-01,,Equity-Commodities,,11917.834,,Data Not Available,0.0,,10.0,,,,0.56,,12641.417,False,False,False,False,False,False,,38.27,36.72,21.55,20.32,-7.65,-18.1,,,23.38,134639590,,,,,,,22.35418,-4.75828,-0.68,-1.0,-0.33,2026-10-01T00:00:00,2010-10-29T00:00:00,10/29/2010,1288310400,
316,STEW,-0.2296,3.51803,4.56621,0.19999999999999998,1.6099999999999999,10,Morningstar US CEF US Equity,85,Paralel Advisors LLC,True,17.52,0.15,22.74,2026-10-01T00:00:00,101507101,SRH Total Return Fund,2026-10-01,XSTEX,Equity-U.S. Equity,9.26,1689.655,,Quarterly,0.03245,0.19999999999999998,10.0,5.4511,,,1.42,,2416.915,True,False,False,False,True,False,,15.4,14.66,10.97,9.94,0.56,-3.12,,,-0.18,782110,,,,,0.4,,17.93062,-21.70995,-1.31,-0.8,-0.77,2026-10-01T00:00:00,1972-12-07T00:00:00,12/7/1972,92534400,2026-07-24T00:00:00
317,TWN,-0.1923,4.92236,6.09416,6.2002,119.12,1,Morningstar US CEF Asia Equity,80,Nomura Asset Management USA Inc,False,101.74,-0.2,125.96,2026-10-01T00:00:00,874036106,Taiwan Fund,2026-10-01,XXTWNXX,Equity-Asia Equity,,584.195,,Annually,0.0,6.2002,22.42,,,,1.32,,723.267,False,True,False,False,False,False,,61.02,66.15,32.94,33.33,98.5,90.97,,,110.44,318320,,,,,,,75.52792,-16.10608,-1.28,-0.71,-1.05,2026-10-01T00:00:00,1986-12-23T00:00:00,12/23/1986,535680000,2025-12-29T00:00:00
318,TSI,-0.0989,7.14947,7.93458,0.0283,-1.38,17,Morningstar US CEF Multi-Sector,102,TCW Investment Management Co LLC,False,4.28,-0.02,4.75,2026-10-01T00:00:00,872340104,TCW Strategic Income,2026-10-01,XXCVTXX,Fixed Income - Taxable-Multi-Sector,0.0,272.696,,Monthly,0.16068,0.0283,10.0,0.0592,,,1.17,,302.641,True,False,False,False,False,False,,6.04,5.8100000000000005,2.69,1.72,-2.51,-8.33,,,-5.54,1316650,,,97.3828,,,,4.64192,-7.26235,-1.34,-0.49,-1.13,2026-10-01T00:00:00,1987-03-05T00:00:00,3/5/1987,541900800,2026-09-17T00:00:00
319,TDF,-0.1698,5.17241,6.23053,0.15,-11.42,1,Morningstar US CEF Asia Equity,103,Templeton Asset Management Ltd.,False,9.63,-0.11,11.6,2026-10-01T00:00:00,88018T101,Templeton Dragon,2026-10-01,XTDFX,Equity-Asia Equity,0.71,241.479,,Quarterly,0.07077,0.15,15.0,,,,1.21,,292.962,True,False,False,False,False,False,,7.23,7.67,-6.85,-7.91,-8.05,-10.11,,,-12.34,702480,,,,,,,11.11138,-14.27,-2.83,-2.39,-2.22,2026-10-01T00:00:00,1994-09-20T00:00:00,9/20/1994,780019200,2026-09-23T00:00:00
320,TEI,-0.1032,9.55752,10.65789,0.054,17.62,12,Morningstar US CEF Emerging Market Income,53,"Franklin Advisers, Inc.",False,6.08,-0.07,6.78,2026-10-01T00:00:00,880192109,Templeton Emerg Mkts Income,2026-10-01,XTEIX,Fixed Income - Taxable-Emerging Market Income,16.87,287.149,,Monthly,0.37173,0.054,15.0,8.1019,,,2.37,,385.209,True,False,False,False,False,False,,20.42,23.58,7.76,7.09,8.21,2.13,,,13.84,1782250,,,,,5.59,,6.51051,-6.01028,-2.52,-2.46,-2.35,2026-10-01T00:00:00,1993-09-23T00:00:00,9/23/1993,748742400,2026-09-23T00:00:00
321,EMF,-0.1166,3.82014,4.32432,0.24,52.82,4,Morningstar US CEF Emerging Market Equity,55,"Franklin Templeton, Inc",False,22.2,-0.06,25.13,2026-10-01T00:00:00,880191101,Templeton Emerging Markets,2026-10-01,XEMFX,Equity-Emerging Market Equity,2.59,331.843,,Quarterly,0.05477,0.24,20.0,,,,1.34,,385.641,True,True,False,False,False,False,,34.32,37.65,14.14,15.45,36.46,35.12,,,52.05,422590,,,,,,,19.96126,-10.15823,-1.0,-0.97,-1.08,2026-10-01T00:00:00,1987-02-26T00:00:00,2/26/1987,541296000,2026-09-23T00:00:00
322,CEE,-0.1452,1.82508,2.13514,0.3871,42.66,4,Morningstar US CEF Emerging Market Equity,40,DWS,False,18.13,-0.75,21.21,2026-10-01T00:00:00,153436100,The Central and Eastern Europe Fund,2026-10-01,XCEEX,Equity-Emerging Market Equity,5.12,118.211,,Annually,0.05509,0.3871,19.0,,,,1.26,,145.757,True,False,False,False,False,False,,44.46,33.87,-5.66,-5.27,26.55,6.67,,,25.56,261980,,,,,,,18.93979,-2.85384,-2.67,-1.3599999999999999,-1.9100000000000001,2026-10-01T00:00:00,1990-03-06T00:00:00,3/6/1990,636681600,2025-12-30T00:00:00
323,TBLD,-0.10890000000000001,5.53605,6.21292,0.10417,12.97,25,Morningstar US CEF Global Allocation,105,Thornburg Investment Management Inc,False,20.12,-0.2,22.58,2026-10-01T00:00:00,885213108,Thornburg Income Builder Opp Trust,2026-10-01,XTBLX,Hybrid-Global Allocation,0.07,645.487,,Monthly,0.26058,0.10417,20.0,5.5326,,,1.62,,724.926,True,False,False,False,False,True,,17.25,19.67,9.81,7.91,9.09,5.07,,,8.4,597450,,,88.2108,,,,21.25326,-6.01149,-2.91,-1.82,-2.43,2026-10-01T00:00:00,2021-07-27T00:00:00,7/27/2021,1627344000,2026-09-11T00:00:00
324,TYG,-0.09210000000000002,13.71181,15.10334,0.475,-1.98,6,Morningstar US CEF MLP,106,"Tortoise Capital Advisors, LLC",False,37.74,-0.55,41.57,2026-10-01T00:00:00,89147L886,Tortoise Energy Infrastructure Corp.,2026-10-01,XTYGX,Equity-MLP,29.01,958.995,,Monthly,-0.21128,0.475,25.0,,,,3.13,,1237.359,True,False,False,False,False,False,,17.48,22.15,12.83,18.23,2.18,2.8200000000000003,,,0.66,1367070,,,,,0.25,,44.521,-4.6181,-1.42,-2.05,-1.38,2026-10-01T00:00:00,2004-02-27T00:00:00,2/27/2004,1077840000,2026-09-23T00:00:00
325,SWZ,-0.2164,7.98959,10.1965,3.0,2.8200000000000003,9,Morningstar US CEF Single Country Equity,22,Bulldog Investors LLP,False,5.72,0.02,7.3,2026-10-01T00:00:00,870875101,Total Return Securities Fund,2026-10-01,XSWZX,Equity-Single-Country Equity,0.0,74.21,,Quarterly,0.02228,3.0,8.0,5.0717,,19.19,2.21,,94.709,True,False,False,False,False,False,,4.55,2.88,2.11,0.91,5.35,-8.36,,,-6.25,666240,,,,,,7.94,6.0065,-16.79666,-1.58,-2.91,-2.05,2026-10-01T00:00:00,1987-08-27T00:00:00,8/27/1987,557020800,2025-03-18T00:00:00
326,TY,-0.1096,3.08461,3.46433,0.29619999999999996,12.39,26,Morningstar US CEF US Allocation,31,"Columbia Mgmt Investment Advisers, LLC",False,34.2,-0.14,38.41,2026-10-01T00:00:00,895436103,Tri-Continental,2026-10-01,XTYCX,Hybrid-U.S. Allocation,1.81,1818.385,,Quarterly,0.57654,0.29619999999999996,10.0,6.0509,,,0.46,,2079.864,True,True,False,False,False,False,,17.51,19.46,9.89,11.12,9.76,9.51,,,12.71,352620,,,,,4.48,,34.00287,-10.28878,-0.8300000000000001,-1.28,-1.07,2026-10-01T00:00:00,1929-01-14T00:00:00,1/14/1929,-1292716800,2026-09-14T00:00:00
327,DHY,-0.1334,10.02695,11.58879,0.155,-5.1,14,Morningstar US CEF High Yield,107,UBS Asset Management (Americas) LLC,False,16.05,0.05,18.52,2026-10-01T00:00:00,22544F202,UBS Asset Management High Yield Credit,2026-10-01,XDHYX,Fixed Income - Taxable-High Yield,31.44,166.293,,Monthly,0.83077,0.155,10.0,7.1326,,,3.62,,279.879,True,False,False,False,False,False,,5.36,124.15,2.39,59.48,-5.41,764.07,,,758.18,672390,,,99.2848,,5.73,,18.73352,-7.53087,-1.71,-1.35,-1.3900000000000001,2026-10-01T00:00:00,1998-07-31T00:00:00,7/31/1998,901843200,2026-09-16T00:00:00
328,CIK,-0.11449999999999999,9.12548,10.34483,0.02,-1.01,14,Morningstar US CEF High Yield,107,UBS Asset Management (Americas) LLC,False,2.32,-0.02,2.62,2026-10-01T00:00:00,224916106,UBS Asset Management Income,2026-10-01,XCIKX,Fixed Income - Taxable-High Yield,34.16,127.274,,Monthly,0.11479,0.02,10.0,6.9813,,,3.7,,218.289,True,False,False,False,False,False,,6.94,6.21,3.61,1.51,-0.9400000000000001,-11.11,,,-12.08,4924210,,,99.3475,,5.73,,2.63202,-5.0573,-1.47,-1.28,-1.33,2026-10-01T00:00:00,1987-03-23T00:00:00,3/23/1987,543456000,2026-09-16T00:00:00
329,AIO,-0.10210000000000001,8.99358,10.0159,0.21,25.89,8,Morningstar US CEF Sector Equity,108,"Virtus Investment Advisers, LLC",False,25.16,0.29,28.02,2026-10-01T00:00:00,92838Y100,Virtus AI & Tech Opp Fund,2026-10-01,XAIOX,Equity-Sector Equity,11.87,866.486,,Monthly,0.025490000000000002,0.21,20.0,4.7854,,,2.32,,1094.982,True,True,False,False,False,False,,25.8,26.9,11.29,11.67,22.69,21.33,,,18.0,841040,,,,,,,24.31847,-8.93192,-0.65,-1.01,-0.49,2026-10-01T00:00:00,2019-10-31T00:00:00,10/31/2019,1572480000,2026-09-14T00:00:00
330,NCV,-0.1288,9.46636,10.86551,0.13599999999999998,11.91,11,Morningstar US CEF Convertibles,108,"Virtus Investment Advisers, LLC",False,15.02,-0.09,17.24,2026-10-01T00:00:00,92838X805,Virtus Convertible & Income Fund,2026-10-01,XNCVX,Fixed Income - Taxable-Convertibles,34.98,339.353,0.012,Monthly,0.12557000000000001,0.13599999999999998,15.0,4.2431,,,2.8200000000000003,,599.069,True,False,False,False,False,False,,17.51,19.33,3.11,2.41,8.77,7.41,,,11.4,861960,,,112.1538,,6.02,,16.13732,-9.93156,-2.1,-2.27,-2.24,2026-10-01T00:00:00,2003-03-31T00:00:00,3/31/2003,1049068800,2026-09-14T00:00:00
331,NCZ,-0.113,9.1954,10.36717,0.12,12.56,11,Morningstar US CEF Convertibles,108,"Virtus Investment Advisers, LLC",False,13.89,-0.21,15.66,2026-10-01T00:00:00,92838U801,Virtus Convertible & Income Fund II,2026-10-01,XNCZX,Fixed Income - Taxable-Convertibles,35.71,264.312,0.0,Monthly,0.10316,0.12,15.0,4.1644,,,2.22,,463.515,True,False,False,False,False,False,,18.17,21.06,3.2,3.7800000000000002,9.4,9.91,,,13.6,642910,,,111.4938,,6.05,,14.69322,-9.43811,-1.05,-1.67,-0.99,2026-10-01T00:00:00,2003-07-31T00:00:00,7/31/2003,1059609600,2026-09-14T00:00:00
332,ACV,-0.0816,9.88506,10.76345,0.215,14.15,26,Morningstar US CEF US Allocation,108,"Virtus Investment Advisers, LLC",False,23.97,-0.21,26.1,2026-10-01T00:00:00,92840N100,Virtus Diversified Inc & Conv Fund,2026-10-01,XACVX,Hybrid-U.S. Allocation,27.9,249.193,,Monthly,-0.00934,0.215,25.0,4.1526,,,3.63,,376.336,True,False,False,False,False,True,,21.21,20.49,7.43,7.0,10.85,-2.24,,,10.59,274400,,,,,74.56,,26.44326,-0.41719000000000006,-2.15,-3.38,-3.33,2026-10-01T00:00:00,2015-05-26T00:00:00,5/26/2015,1432598400,2026-09-14T00:00:00
333,NIE,-0.1235,8.16614,9.31727,0.58,12.47,26,Morningstar US CEF US Allocation,108,"Virtus Investment Advisers, LLC",False,24.9,-0.1,28.41,2026-10-01T00:00:00,92841M101,Virtus Equity & Convertible Inc Fund,2026-10-01,XNIEX,Hybrid-U.S. Allocation,,689.953,0.0,Quarterly,0.03966,0.58,25.0,1.9997,,,1.07,,787.212,False,False,False,False,False,False,,18.23,18.48,8.61,9.47,9.68,7.05,,,10.63,607290,,,,,,,25.58019,-10.50726,-1.87,-2.54,-1.48,2026-10-01T00:00:00,2007-02-27T00:00:00,2/27/2007,1172534400,2026-09-14T00:00:00
334,VGI,-0.0897,13.04348,14.32836,0.08,0.52,17,Morningstar US CEF Multi-Sector,108,"Virtus Investment Advisers, LLC",True,6.7,-0.05,7.36,2026-10-01T00:00:00,92829B101,Virtus Global Multi-Sector Income Fund,2026-10-01,XVGIX,Fixed Income - Taxable-Multi-Sector,32.01,75.798,,Monthly,0.22072,0.08,20.0,6.035,,7.5,3.98,,122.464,True,False,False,False,True,False,,8.17,10.23,1.09,0.7000000000000001,-2.01,-5.27,,,-3.6,374040,,,97.9305,,,,7.57028,-6.13434,-2.3,-1.82,-2.2,2026-10-01T00:00:00,2012-02-23T00:00:00,2/23/2012,1329955200,2026-09-14T00:00:00
335,EDF,0.0341,15.35181,14.84536,0.06,13.83,12,Morningstar US CEF Emerging Market Income,109,Virtus Investment Advisors (VIA),False,4.85,-0.13,4.6899999999999995,2026-10-01T00:00:00,86164T107,Virtus Stone Harbor Emerging Markets Inc,2026-10-01,XEDFX,Fixed Income - Taxable-Emerging Market Income,22.26,156.045,,Monthly,0.22456,0.06,25.0,6.8639,,,3.13,,194.107,True,False,True,False,False,False,,22.43,20.84,8.1,7.05,6.61,11.45,,,13.83,1571840,,,,,,3.92,5.12448,2.89081,0.14,-0.92,-0.66,2026-10-01T00:00:00,2010-12-23T00:00:00,12/23/2010,1293062400,2026-09-14T00:00:00
336,ZTR,-0.1185,9.77778,11.09244,0.055,2.92,25,Morningstar US CEF Global Allocation,108,"Virtus Investment Advisers, LLC",False,5.95,-0.08,6.75,2026-10-01T00:00:00,92835W107,Virtus Total Return Fund Inc,2026-10-01,XZTRX,Hybrid-Global Allocation,32.01,297.462,,Monthly,0.10525,0.055,15.0,5.8547,,6.15,3.67,,496.357,True,False,False,False,False,False,,15.34,19.43,5.08,3.18,2.07,2.67,,,2.64,1895140,,,98.4225,,,,6.62138,-10.79435,-0.8200000000000001,-1.24,-0.77,2026-10-01T00:00:00,2005-02-24T00:00:00,2/24/2005,1109203200,2026-09-14T00:00:00
337,IAE,-0.019,8.7395,8.87372,1.66,26.08,1,Morningstar US CEF Asia Equity,110,"Voya Investments, LLC",False,8.79,-0.1,8.96,2026-10-01T00:00:00,92912J102,Voya Asia Pacific High Div Eq Inc Fd,2026-10-01,XIAEX,Equity-Asia Equity,,94.495,,Monthly,0.02682,1.66,25.0,,,,1.21,,96.323,False,True,True,False,False,False,,22.08,29.59,10.49,13.05,20.8,29.97,,,30.61,490620,,,,,,,8.0749,-5.43414,1.38,0.8200000000000001,0.91,2026-10-01T00:00:00,2007-03-27T00:00:00,3/27/2007,1174953600,2026-10-01T00:00:00
338,IHD,-0.0233,8.59935,8.76494,0.055,27.1,4,Morningstar US CEF Emerging Market Equity,110,"Voya Investments, LLC",False,7.53,-0.04,7.71,2026-10-01T00:00:00,92912P108,Voya Emerging Markets High Div Eq Fd,2026-10-01,XIHDX,Equity-Emerging Market Equity,,133.551,,Monthly,0.02083,0.055,20.0,,,,1.4100000000000001,,136.743,False,True,True,False,False,False,,22.4,29.55,10.25,12.79,21.77,28.31,,,32.87,787310,,,,,,,6.97815,-5.10313,1.2,0.19,0.62,2026-10-01T00:00:00,2011-04-26T00:00:00,4/26/2011,1303776000,2026-10-01T00:00:00
339,IGA,-0.0682,9.55504,10.23069,0.08499999999999999,14.94,3,Morningstar US CEF Covered Call,110,"Voya Investments, LLC",False,9.97,-0.04,10.7,2026-10-01T00:00:00,92912R104,Voya Global Advantage and Premium Opp Fd,2026-10-01,XIGAX,Equity-Covered-Call Funds,,152.954,,Monthly,0.07357,0.08499999999999999,20.0,,,,1.01,,164.153,False,True,False,False,False,False,,14.35,18.62,10.0,10.7,11.64,10.24,,,11.84,602870,,,,,,,9.8774,-6.39163,-0.31,-0.31,0.09,2026-10-01T00:00:00,2005-10-26T00:00:00,10/26/2005,1130284800,2026-10-01T00:00:00
340,IGD,-0.025300000000000003,9.50872,9.74026,0.049999999999999996,12.91,3,Morningstar US CEF Covered Call,110,"Voya Investments, LLC",False,6.16,-0.02,6.32,2026-10-01T00:00:00,92912T100,Voya Global Equity Dividend&Prm Opp Fd,2026-10-01,XIGDX,Equity-Covered-Call Funds,,485.83,,Monthly,0.04503,0.049999999999999996,20.0,,,,0.9600000000000001,,498.449,False,True,True,False,False,False,,14.19,19.79,9.22,11.05,11.06,15.35,,,15.15,2624040,,,,,,,6.02577,-3.58595,0.42,-1.55,-0.48,2026-10-01T00:00:00,2005-03-28T00:00:00,3/28/2005,1111968000,2026-10-01T00:00:00
341,IDE,-0.0809,9.18836,9.96678,0.09999999999999999,13.83,5,Morningstar US CEF Global Equity,110,"Voya Investments, LLC",True,12.04,-0.15,13.1,2026-10-01T00:00:00,92912X101,Voya Infrastructure Industrials&Matls Fd,2026-10-01,XIDEX,Equity-Global Equity,,182.482,,Monthly,0.02906,0.09999999999999999,20.0,,,,1.23,,198.548,False,False,False,False,True,False,,17.13,21.15,10.58,9.79,10.05,5.18,,,10.24,452940,,,,,,,12.95779,-3.67536,-1.83,-1.49,-2.02,2026-10-01T00:00:00,2010-01-26T00:00:00,1/26/2010,1264464000,2026-10-01T00:00:00
342,WDI,-0.1168,13.28859,15.10169,0.1485,0.93,17,Morningstar US CEF Multi-Sector,54,"Franklin Templeton Fund Adviser, LLC",True,11.8,-0.02,13.36,2026-10-01T00:00:00,95790K109,Western Asset Diversified Inc Fund,2026-10-01,XWDIX,Fixed Income - Taxable-Multi-Sector,39.33,612.563,,Monthly,0.82675,0.1485,20.0,8.2372,0.0,9.7,4.25,,1143.124,True,False,False,True,True,True,,8.7,9.05,2.91,1.8900000000000001,0.02,-6.38,,,-8.36,2163220,,0.0,96.5962,,,,13.65138,-5.41554,-2.73,-1.49,-2.16,2026-10-01T00:00:00,2021-06-24T00:00:00,6/24/2021,1624492800,2026-09-23T00:00:00
343,EMD,-0.0925,11.10029,12.23176,0.095,4.27,12,Morningstar US CEF Emerging Market Income,54,"Franklin Templeton Fund Adviser, LLC",True,9.32,-0.04,10.27,2026-10-01T00:00:00,95766A101,Western Asset Emerging Markets Debt,2026-10-01,XEMDX,Fixed Income - Taxable-Emerging Market Income,28.23,541.776,,Monthly,0.38634,0.095,20.0,6.0654,,,3.13,,831.799,True,False,False,False,True,False,,13.2,16.1,3.17,3.17,-0.53,-4.48,,,1.07,1980040,,,,,7.15,5.27,10.5536,-5.13939,-2.29,-2.2800000000000002,-2.4,2026-10-01T00:00:00,2003-12-01T00:00:00,12/1/2003,1070236800,2026-09-23T00:00:00
344,GDO,-0.0765,13.99618,15.15528,0.122,-2.93,13,Morningstar US CEF Global Income,54,"Franklin Templeton Fund Adviser, LLC",False,9.66,0.06,10.46,2026-10-01T00:00:00,95790C107,Western Asset Global Corp Opp,2026-10-01,XGDOX,Fixed Income - Taxable-Global Income,34.91,72.637,,Monthly,0.40556000000000003,0.122,20.0,5.9764,,,4.47,,120.843,True,False,False,False,False,False,,6.48,5.31,-0.61,-1.71,-3.7800000000000002,-9.92,,,-7.61,341350,,,,,,,11.03329,-5.67814,-0.89,0.53,-0.26,2026-10-01T00:00:00,2009-11-27T00:00:00,11/27/2009,1259280000,2026-09-23T00:00:00
345,EHI,-0.1025,13.8843,15.46961,0.06999999999999999,1.0,14,Morningstar US CEF High Yield,55,"Franklin Templeton, Inc",False,5.43,-0.02,6.05,2026-10-01T00:00:00,95766B109,Western Asset Global High Income,2026-10-01,XEHIX,Fixed Income - Taxable-High Yield,33.09,164.528,,Monthly,0.29517,0.06999999999999999,15.0,7.3672,,,3.49,,273.971,True,False,False,False,False,False,,8.12,6.8,0.66,-0.55,-0.19,-5.54,,,-5.18,1123840,,,97.6946,,,,6.12077,-7.28121,-1.3599999999999999,-0.3,-0.89,2026-10-01T00:00:00,2003-07-28T00:00:00,7/28/2003,1059350400,2026-09-23T00:00:00
346,HIX,-0.0759,15.39267,16.65722,0.048999999999999995,0.41000000000000003,14,Morningstar US CEF High Yield,55,"Franklin Templeton, Inc",False,3.5300000000000002,0.0,3.82,2026-10-01T00:00:00,95766J102,Western Asset High Income II,2026-10-01,XHGIX,Fixed Income - Taxable-High Yield,33.41,317.946,,Monthly,0.19291,0.048999999999999995,15.0,7.391,,,3.76,,516.724,True,False,False,False,False,False,,8.45,6.54,1.1400000000000001,-0.75,-0.68,-5.15,,,-6.04,3485110,,,97.9585,,,,4.04322,-3.94044,-2.35,-2.11,-2.36,2026-10-01T00:00:00,1998-05-28T00:00:00,5/28/1998,896313600,2026-09-23T00:00:00
347,HIO,-0.1186,11.48248,13.02752,0.0355,1.58,14,Morningstar US CEF High Yield,54,"Franklin Templeton Fund Adviser, LLC",False,3.27,0.01,3.71,2026-10-01T00:00:00,95766K109,Western Asset High Income Opportunity,2026-10-01,XHIOX,Fixed Income - Taxable-High Yield,,310.974,,Monthly,0.15621000000000002,0.0355,12.5,7.5982,,,0.93,,352.818,False,False,False,False,False,False,,7.07,7.79,1.8599999999999999,0.9500000000000001,0.66,-3.9699999999999998,,,-4.5600000000000005,4172130,,,98.2505,,,,3.6644300000000003,-7.3077,-3.01,-1.67,-2.39,2026-10-01T00:00:00,1993-11-16T00:00:00,11/16/1993,753408000,2026-09-23T00:00:00
348,HYI,-0.0968,10.41096,11.52679,0.095,0.5700000000000001,14,Morningstar US CEF High Yield,54,"Franklin Templeton Fund Adviser, LLC",False,9.89,0.03,10.95,2026-10-01T00:00:00,95768B107,Western Asset High Yield Opp Fund,2026-10-01,XHYIX,Fixed Income - Taxable-High Yield,,126.73,,Monthly,0.50391,0.095,20.0,7.6622,,,1.07,,140.313,False,False,False,False,False,True,,6.15,4.95,1.8900000000000001,-0.05,0.1,-4.26,,,-6.4,627480,,,98.0612,,,,10.83808,-7.3871,-1.51,-0.9500000000000001,-1.37,2026-10-01T00:00:00,2010-10-27T00:00:00,10/27/2010,1288137600,2026-09-23T00:00:00
349,PAI,-0.08839999999999999,5.06024,5.55066,0.0525,-2.23,15,Morningstar US CEF Investment Grade,55,"Franklin Templeton, Inc",False,11.35,-0.12,12.45,2026-10-01T00:00:00,95766T100,Western Asset Income,2026-10-01,XPAIX,Fixed Income - Taxable-Investment Grade,8.93,107.949,,Monthly,0.32901,0.0525,12.0,6.0976,,,0.77,,118.411,True,False,False,False,False,False,,5.71,5.85,-0.26,-1.42,-2.88,-4.83,,,-5.79,183060,,,99.2499,,,,12.25643,-6.7881,-1.8399999999999999,-2.26,-2.7800000000000002,2026-10-01T00:00:00,1972-12-21T00:00:00,12/21/1972,93744000,2026-09-23T00:00:00
350,WIW,-0.1115,8.3612,9.41029,0.0625,-1.08,15,Morningstar US CEF Investment Grade,112,"Western Asset Management Company, LLC",True,7.97,0.1,8.97,2026-10-01T00:00:00,95766R104,Western Asset Infl-Linked Opps & Inc Fd,2026-10-01,XWIWX,Fixed Income - Taxable-Investment Grade,26.44,487.638,,Monthly,0.23593,0.0625,15.0,2.5483000000000002,,,2.59,,746.115,True,False,False,False,True,False,,4.64,7.39,-0.91,-0.55,-1.3599999999999999,-2.05,,,-3.3,2506000,,,93.6273,,,4.28,8.53663,-10.60748,-0.81,-0.5,-0.46,2026-10-01T00:00:00,2004-02-27T00:00:00,2/27/2004,1077840000,2026-09-23T00:00:00
351,WIA,-0.10210000000000001,7.32394,8.15686,0.052,-1.4100000000000001,15,Morningstar US CEF Investment Grade,112,"Western Asset Management Company, LLC",True,7.65,0.04,8.52,2026-10-01T00:00:00,95766Q106,Western Asset Inflation-Linked Income Fd,2026-10-01,XWIAX,Fixed Income - Taxable-Investment Grade,26.82,178.415,,Monthly,0.21076,0.052,15.0,2.4368,,,2.91,,271.515,True,False,False,False,True,False,,4.49,6.84,-1.4,-1.45,-1.69,-2.48,,,-2.4,401250,,,93.7397,,,4.3,8.15378,-9.81153,-0.65,-0.14,-0.17,2026-10-01T00:00:00,2003-09-30T00:00:00,9/30/2003,1064880000,2026-09-23T00:00:00
352,SBI,-0.1001,6.46983,7.18973,0.041999999999999996,-3.79,21,Morningstar US CEF Municipal,54,"Franklin Templeton Fund Adviser, LLC",False,7.01,0.02,7.79,2026-10-01T00:00:00,958435109,Western Asset Intermediate Muni,2026-10-01,XSBIX,Fixed Income - Municipal-Municipal,31.26,98.717,,Monthly,0.13919,0.041999999999999996,10.0,4.8611,,,2.6,,159.583,True,False,False,False,False,False,,2.44,5.55,-1.33,-1.53,-5.08,-4.39,,,-5.66,448780,11.06,,101.0747,,8.3,6.2,7.74405,-8.33589,-1.98,-2.22,-2.29,2026-10-01T00:00:00,1992-03-02T00:00:00,3/2/1992,699494400,2026-09-23T00:00:00
353,IGI,-0.0479,5.1699,5.43021,0.071,-2.1,15,Morningstar US CEF Investment Grade,54,"Franklin Templeton Fund Adviser, LLC",False,15.69,-0.16,16.48,2026-10-01T00:00:00,95790A101,Western Asset Invstm Grd Opp Tr Inc,2026-10-01,XIGIX,Fixed Income - Taxable-Investment Grade,,94.04,,Monthly,0.43967,0.071,20.0,6.1937,,,0.93,,98.775,False,False,True,False,False,False,,5.03,5.29,-0.75,-1.72,-2.7800000000000002,-0.05,,,0.09,167010,,,99.3871,,,,16.21578,-6.89491,2.79,1.78,2.51,2026-10-01T00:00:00,2009-06-26T00:00:00,6/26/2009,1245974400,2026-09-23T00:00:00
354,MMU,-0.102,6.60606,7.35658,0.0545,-5.75,21,Morningstar US CEF Municipal,55,"Franklin Templeton, Inc",False,8.89,-0.04,9.9,2026-10-01T00:00:00,95766M105,Western Asset Managed Municipals,2026-10-01,XMMUX,Fixed Income - Municipal-Municipal,35.41,485.562,,Monthly,0.14102,0.0545,15.0,4.8848,,,2.7,,837.161,True,False,False,False,False,False,,2.43,6.38,-2.17,-2.5700000000000003,-7.21,-10.22,,,-7.91,1374970,10.27,,99.7794,,11.29,7.87,10.27038,-6.12351,-3.71,-2.7,-3.26,2026-10-01T00:00:00,1992-06-26T00:00:00,6/26/1992,709516800,2026-09-23T00:00:00
355,DMO,-0.12689999999999999,13.33333,15.27041,0.12,3.66,14,Morningstar US CEF High Yield,54,"Franklin Templeton Fund Adviser, LLC",False,9.43,-0.09,10.8,2026-10-01T00:00:00,95790B109,Western Asset Mortgage Opp Fund Inc.,2026-10-01,XDMOX,Fixed Income - Taxable-High Yield,47.01,107.758,,Monthly,0.46738,0.12,20.0,7.5295,,,7.87,,232.884,True,False,False,False,False,False,,9.66,9.67,4.32,2.42,1.57,-4.76,,,-7.12,503230,,,91.1018,,,,10.96659,-4.77256,-2.5,-2.12,-2.55,2026-10-01T00:00:00,2010-02-26T00:00:00,2/26/2010,1267142400,2026-09-23T00:00:00
356,MHF,-0.0638,6.34526,6.77741,0.033999999999999996,-2.5700000000000003,21,Morningstar US CEF Municipal,54,"Franklin Templeton Fund Adviser, LLC",False,6.02,0.01,6.43,2026-10-01T00:00:00,95766N103,Western Asset Municipal High Income,2026-10-01,XMHFX,Fixed Income - Municipal-Municipal,1.85,135.568,,Monthly,0.11955,0.033999999999999996,10.0,4.8935,,,0.8400000000000001,,147.531,True,False,False,False,False,False,,2.99,5.37,0.0,-0.74,-3.85,-8.61,,,-11.74,631510,14.87,,99.7821,,7.43,7.68,6.8924900000000004,-0.03654,-4.24,-2.84,-3.87,2026-10-01T00:00:00,1988-11-28T00:00:00,11/28/1988,596678400,2026-09-23T00:00:00
357,WEA,-0.0782,7.9096,8.58018,0.06999999999999999,-0.78,15,Morningstar US CEF Investment Grade,111,Western Asset Management Company Pte Ltd. â Singapore,False,9.79,-0.17,10.62,2026-10-01T00:00:00,957664105,Western Asset Premier Bond,2026-10-01,XWEAX,Fixed Income - Taxable-Investment Grade,33.54,116.164,,Monthly,0.40488,0.06999999999999999,15.0,6.2604,,,3.55,,189.613,True,False,False,False,False,False,,7.07,7.63,0.85,0.53,-1.98,-4.15,,,-4.06,294100,,,97.1103,,,,10.76045,-5.29023,-1.6800000000000002,-1.6600000000000001,-1.74,2026-10-01T00:00:00,2002-03-28T00:00:00,3/28/2002,1017273600,2026-09-23T00:00:00
358,MCN,-0.12480000000000001,11.98003,13.68821,0.06,3.64,3,Morningstar US CEF Covered Call,113,XA Investments LLC,False,5.26,0.0,6.01,2026-10-01T00:00:00,557437100,XAI Madison Equity Premium Income Fund,2026-10-01,XMCNX,Equity-Covered-Call Funds,0.01,111.074,,Monthly,0.041210000000000004,0.06,15.0,,,,1.1,,126.911,True,False,False,False,False,False,,6.43,1.52,6.04,2.77,0.9400000000000001,-3.79,,,-3.58,645800,,,,,,,5.84467,-8.37763,-2.5,-2.06,-2.5300000000000002,2026-10-01T00:00:00,2004-07-28T00:00:00,7/28/2004,1090972800,2026-09-15T00:00:00
359,XFLT,-0.146,12.06434,14.07716,0.22499999999999998,-11.97,19,Morningstar US CEF Senior Loans,113,XA Investments LLC,False,19.18,-0.04,22.46,2026-10-01T00:00:00,98400T304,XAI Octagon FR & Alternative Inc Trust,2026-10-01,XFLTX,Fixed Income - Taxable-Senior Loans,40.99,292.128,,Monthly,1.13446,0.22499999999999998,10.0,4.5235,,,7.5600000000000005,,579.702,True,False,True,False,False,False,,1.25,-4.2,1.87,-1.6099999999999999,-7.13,-9.75,,,-14.59,1036550,,,,,,,20.15925,-18.19749,0.75,0.93,1.47,2026-10-01T00:00:00,2017-09-27T00:00:00,9/27/2017,1506470400,2026-09-15T00:00:00
