,Ticker,Premium / Discount,DistributionRateNAV,DistributionRatePrice,DistributionAmtUSD,ReturnOnNAV,CategoryId,Category,SponsorId,SponsorName,IsManagedDistribution,Share Price,PriceChange,NAV,NAVPublished,Cusip,Fund Name,Date,NavTicker,Strategy,LeverageRatioPercentage,MarketCapUSDm,UNIIPerShare,DistributionFrequency,EarningsPerShare,CurrentDistribution,InceptionPrice,AverageCoupon,AMTPercentage,AverageWeightedMaturity,ExpenseRatio,BaselineExpense,TotalAssetsUSDm,IsLeveraged,IsPriceBelow52WkAvg,IsDiscountBelow52WkAvg,IsAMTPct,IsManaged,Term,AvgWtdDurationLevAdj,Yr3RetOnNav,Yr3RetOnPrice,Yr5RetOnNav,Yr5RetOnPrice,YTDRetOnNav,YTDRetOnPrice,SinceInceptionRetOnNav,SinceInceptionRetOnPrice,ReturnOnPrice,AvgDailyVolume,CallableYr1Pct,PrerefundedPercentage,AvgBondPrice,AvgWtdDurationNonLevAdj,EffDurationLevAdj,EffDurationNonLevAdj,Price52WkAvg,Discount52WkAvg,ZScore1Yr,ZScore3M,ZScore6M,ZScoreDate,InceptionDate,InceptionDateString,InceptionDateUnixTimestamp,DistributionDate
0,MGF,-0.0336,,,,0.91,15,Morningstar US CEF Investment Grade,2,abrdn Inc.,True,2.8200000000000003,-0.05,2.98,2026-09-02T00:00:00,552939100,Aberdeen Government Markets Income,2026-09-03,XMGFX,Fixed Income - Taxable-Investment Grade,,91.904,,,,,10.0,3.9638,0.0,6.55,0.8,,97.119,False,False,True,True,True,False,,3.37,3.99,-0.73,-0.9500000000000001,-0.88,-0.01,,,0.37,712700,,0.0,91.4686,,,5.93,2.9674,-4.85993,-0.37,0.63,0.54,2026-09-03T00:00:00,1987-05-28T00:00:00,5/28/1987,549158400,2026-08-24T00:00:00
1,IFN,-0.0965,,,,-6.55,1,Morningstar US CEF Asia Equity,1,abrdn Asia Limited,True,11.51,0.02,12.65,2026-09-02T00:00:00,454089103,"Aberdeen India Fund, Inc",2026-09-03,XIFNX,Equity-Asia Equity,0.28,490.924,,,,,15.0,,,,1.36,,539.547,True,False,False,False,True,False,,4.79,1.1400000000000001,0.03,0.76,-6.53,-7.32,,,-10.28,2047830,,,,,,,12.97084,-6.28018,-1.52,-1.0,-1.2,2026-09-03T00:00:00,1994-02-23T00:00:00,2/23/1994,761961600,2026-08-24T00:00:00
2,MIN,-0.0547,,,,1.52,13,Morningstar US CEF Global Income,2,abrdn Inc.,True,2.44,0.01,2.56,2026-09-02T00:00:00,55273C107,Aberdeen Intermediate Income,2026-09-03,XMINX,Fixed Income - Taxable-Global Income,,277.668,,,,,10.0,4.2949,0.0,3.24,0.73,,291.323,False,False,False,True,True,False,,4.51,4.98,1.06,0.73,0.14,-0.96,,,-1.06,2321630,,0.0,97.167,,,3.34,2.54693,-4.77259,0.06,1.4,1.67,2026-09-03T00:00:00,1988-03-17T00:00:00,3/17/1988,574560000,2026-08-24T00:00:00
3,MMT,-0.0588,,,,2.92,13,Morningstar US CEF Global Income,72,MFS,True,4.44,-0.05,4.76,2026-09-02T00:00:00,552737108,Aberdeen Multi-Market Income,2026-09-03,XMMTX,Fixed Income - Taxable-Global Income,27.08,515.011,,,,,10.0,6.0294,,,2.86,,757.129,True,False,True,False,True,False,,7.57,9.29,2.79,1.16,0.41000000000000003,2.73,,,3.26,1378260,,,95.7664,,7.33,5.35,4.60363,-7.55768,0.61,1.47,1.2,2026-09-03T00:00:00,1987-03-12T00:00:00,3/12/1987,542505600,2026-08-24T00:00:00
4,MFM,-0.0761,,,,7.85,21,Morningstar US CEF Municipal,2,abrdn Inc.,False,5.32,-0.02,5.78,2026-09-02T00:00:00,552738106,Aberdeen Municipal Income,2026-09-03,XMFMX,Fixed Income - Municipal-Municipal,37.95,528.967,,,,,10.0,5.1801,,,2.83,,926.204,True,False,True,False,False,False,,4.97,8.2,-0.9,-1.09,1.16,3.17,,,9.88,1491750,22.29,,95.5991,,14.38,8.98,5.41919,-9.33195,1.29,0.5,0.96,2026-09-03T00:00:00,1986-11-25T00:00:00,11/25/1986,533260800,2026-08-24T00:00:00
5,FAX,-0.0416,,,,2.55,13,Morningstar US CEF Global Income,1,abrdn Asia Limited,True,14.52,-0.13,15.07,2026-09-02T00:00:00,003009867,abrdn Asia-Pacific Income Fund Inc,2026-09-03,XFAPX,Fixed Income - Taxable-Global Income,39.67,634.107,,,,,10.0,6.3451,,,4.22,,1090.926,True,False,True,False,True,False,,5.85,10.95,-1.3,0.9400000000000001,0.3,4.65,,,2.34,1771440,,,,,7.76,4.68,15.1781,-5.31079,0.66,0.28,0.72,2026-09-03T00:00:00,1986-04-24T00:00:00,4/24/1986,514684800,2026-08-24T00:00:00
6,IAF,-0.0901,,,,6.03,9,Morningstar US CEF Single Country Equity,1,abrdn Asia Limited,True,13.43,0.22,14.56,2026-09-02T00:00:00,003011111,abrdn Australia Equity Fund Inc,2026-09-03,XIAFX,Equity-Single-Country Equity,7.17,128.691,,,,,10.125,,,,1.9900000000000002,,150.304,True,True,True,False,True,False,,12.29,14.26,5.23,4.51,9.95,11.63,,,7.01,218960,,,,,,,13.07359,-10.01896,0.6900000000000001,1.85,1.83,2026-09-03T00:00:00,1985-12-12T00:00:00,12/12/1985,503193600,2026-08-24T00:00:00
7,AEF,-0.07400000000000001,,,,67.28,4,Morningstar US CEF Emerging Market Equity,3,abrdn Investments Limited,True,9.64,0.04,10.29,2026-09-02T00:00:00,00301W105,abrdn Emerging Markets ex-China Fund,2026-09-03,XAEFX,Equity-Emerging Market Equity,6.07,391.398,,,,,15.0,,,,1.8599999999999999,,444.789,True,True,True,False,True,False,,29.65,34.6,8.77,10.88,40.8,43.76,,,73.48,1446790,,,,,,,8.01238,-9.35463,1.35,1.5,1.12,2026-09-03T00:00:00,1989-09-25T00:00:00,9/25/1989,622684800,2026-06-23T00:00:00
8,AGD,0.0082,,,,21.53,5,Morningstar US CEF Global Equity,3,abrdn Investments Limited,True,12.25,-0.03,12.07,2026-09-02T00:00:00,00302M106,abrdn Global Dynamic Dividend,2026-09-03,XAGDX,Equity-Global Equity,0.6900000000000001,320.636,,,,,20.0,,,,1.29,,318.117,True,True,False,False,True,False,,15.6,23.74,7.67,10.42,12.78,16.12,,,17.32,1195160,,,,,,,12.11544,1.85933,-0.24,0.09,0.25,2026-09-03T00:00:00,2006-07-26T00:00:00,7/26/2006,1153872000,2026-08-24T00:00:00
9,ASGI,0.0239,,,,17.64,13,Morningstar US CEF Global Income,2,abrdn Inc.,True,22.25,-0.01,21.63,2026-09-02T00:00:00,00326W106,abrdn Global Infrastructure Income Fund,2026-09-03,XAGIX,Fixed Income - Taxable-Global Income,1.0,703.742,,,,,20.0,,,,2.16,,691.041,True,False,False,False,True,False,,14.21,22.61,8.09,12.34,10.5,8.88,,,23.02,1794040,,,,,,,22.74195,3.37745,-0.24,-0.8200000000000001,-0.62,2026-09-03T00:00:00,2020-07-28T00:00:00,7/28/2020,1595894400,2026-08-24T00:00:00
10,AWP,0.0132,,,,9.75,7,Morningstar US CEF Real Estate,2,abrdn Inc.,True,11.5,0.05,11.24,2026-09-02T00:00:00,00302L207,abrdn Global Premier Properties,2026-09-03,XAWPX,Equity-Real Estate,11.02,354.84,,,,,20.0,,,,2.27,,389.762,True,False,True,False,True,False,,12.66,15.05,0.19,1.8399999999999999,8.64,8.74,,,8.83,1250790,,,,,,,11.80016,1.18682,0.12,0.65,0.81,2026-09-03T00:00:00,2007-04-26T00:00:00,4/26/2007,1177545600,2026-08-24T00:00:00
11,HQH,-0.041100000000000005,,,,49.61,8,Morningstar US CEF Sector Equity,2,abrdn Inc.,True,22.65,0.01,23.66,2026-09-02T00:00:00,87911J103,abrdn Healthcare Investors,2026-09-03,XHQHX,Equity-Sector Equity,1.1,1313.377,,,,,10.0,,,,1.11,,1371.943,True,True,True,False,True,False,,18.97,25.74,7.8100000000000005,8.03,23.83,31.24,,,54.91,1814440,,,,,,,19.59142,-7.27502,1.3599999999999999,0.87,1.04,2026-09-03T00:00:00,1987-04-23T00:00:00,4/23/1987,546134400,2026-08-24T00:00:00
12,THQ,-0.0254,,,,28.01,8,Morningstar US CEF Sector Equity,2,abrdn Inc.,True,19.93,0.31,20.42,2026-09-02T00:00:00,879105104,abrdn Healthcare Opportunities Fund,2026-09-03,XTHQX,Equity-Sector Equity,21.0,826.26,,,,,20.0,4.3206,,,3.02,,1071.574,True,True,False,False,True,False,,9.18,13.61,4.48,4.77,14.06,11.54,,,30.55,1683980,,,,,7.83,,18.5042,-1.1232,-0.44,0.26,-0.38,2026-09-03T00:00:00,2014-07-28T00:00:00,7/28/2014,1406505600,2026-08-24T00:00:00
13,ACP,-0.061900000000000004,,,,3.06,19,Morningstar US CEF Senior Loans,3,abrdn Investments Limited,True,5.0,-0.04,5.32,2026-09-02T00:00:00,003057106,abrdn Income Credit Strategies Fund,2026-09-03,XACPX,Fixed Income - Taxable-Senior Loans,32.4,627.353,,,,,20.0,8.0708,,,3.94,,987.504,True,False,False,False,True,False,,8.42,6.69,1.6600000000000001,0.21,3.39,5.31,,,1.43,5378940,,,96.1318,,4.91,3.32,5.40866,-5.296,-0.67,-1.02,-0.58,2026-09-03T00:00:00,2011-01-27T00:00:00,1/27/2011,1296086400,2026-08-24T00:00:00
14,HQL,-0.0633,,,,63.49,8,Morningstar US CEF Sector Equity,2,abrdn Inc.,True,20.71,-0.16,22.18,2026-09-02T00:00:00,87911K100,abrdn Life Sciences Investors,2026-09-03,XHQLX,Equity-Sector Equity,0.01,638.761,,,,,15.0,,,,1.24,,684.167,True,True,True,False,True,False,,25.61,32.79,10.32,10.84,29.42,36.85,,,69.51,1383880,,,,,,,17.48046,-9.67076,2.29,1.35,1.8399999999999999,2026-09-03T00:00:00,1992-05-08T00:00:00,5/8/1992,705283200,2026-08-24T00:00:00
15,AOD,0.0161,,,,22.33,5,Morningstar US CEF Global Equity,3,abrdn Investments Limited,True,10.75,0.1,10.5,2026-09-02T00:00:00,00326L100,abrdn Total Dynamic Dividend,2026-09-03,XAODX,Equity-Global Equity,2.8,1133.55,,,,,20.0,,,,1.21,,1139.107,True,True,True,False,True,False,,15.99,24.0,8.35,11.58,13.34,20.46,,,34.14,4689060,,,,,,,9.99249,-3.19129,2.22,1.55,1.8,2026-09-03T00:00:00,2007-01-26T00:00:00,1/26/2007,1169769600,2026-08-24T00:00:00
16,THW,0.0007000000000000001,,,,32.91,8,Morningstar US CEF Sector Equity,2,abrdn Inc.,True,14.12,0.16,14.11,2026-09-02T00:00:00,87911L108,abrdn World Healthcare Fund,2026-09-03,XTHWX,Equity-Sector Equity,17.39,570.381,,,,,20.0,3.7686,,,1.46,,689.977,True,True,True,False,True,False,,17.08,14.66,8.87,7.6,16.6,18.52,,,33.53,1321970,,,,,8.12,,12.73887,-1.9156900000000001,1.01,1.73,0.61,2026-09-03T00:00:00,2015-06-26T00:00:00,6/26/2015,1435276800,2026-08-24T00:00:00
17,ADX,-0.0131,,,,19.55,10,Morningstar US CEF US Equity,4,Adams Diversified Equity Fund Inc,False,26.29,0.38,26.64,2026-09-03T00:00:00,006212104,Adams Diversified Equity Fund,2026-09-03,XADEX,Equity-U.S. Equity,0.0,3284.334,,,,,10.0,,,,0.49000000000000005,,3328.059,True,True,True,False,False,False,,20.46,26.93,12.26,16.51,13.06,17.77,,,29.17,2693620,,,,,,,23.79797,-5.11841,1.54,0.74,1.37,2026-09-03T00:00:00,1929-10-01T00:00:00,10/1/1929,-1270252800,2026-07-27T00:00:00
18,PEO,-0.0848,,,,39.31,8,Morningstar US CEF Sector Equity,5,Adams Natural Resources Fund Inc,False,29.26,-0.01,31.97,2026-09-03T00:00:00,00548F105,Adams Natural Resources Fund,2026-09-03,XPEOX,Equity-Sector Equity,0.7000000000000001,820.299,,,,,15.0,,,,0.62,,896.274,True,True,True,False,False,False,,14.92,18.28,21.3,23.68,38.86,40.56,,,41.46,723530,,,,,,,24.5395,-10.30343,1.94,1.6800000000000002,1.85,2026-09-03T00:00:00,1929-01-30T00:00:00,1/30/1929,-1291334400,2026-07-27T00:00:00
19,AVK,-0.0925,,,,17.0,11,Morningstar US CEF Convertibles,6,"Advent Capital Management, LLC",False,12.36,-0.1,13.47,2026-09-02T00:00:00,00764C109,Advent Convertible & Income Fund,2026-09-03,XAVKX,Fixed Income - Taxable-Convertibles,37.05,545.678,,,,,25.0,5.5855,,,4.53,,944.708,True,False,False,False,False,False,,16.39,16.83,4.93,4.82,12.1,7.61,,,12.49,1482230,,,108.8431,,,,12.57594,-6.054,-1.37,-0.8200000000000001,-0.9,2026-09-03T00:00:00,2003-04-29T00:00:00,4/29/2003,1051574400,2026-08-14T00:00:00
20,AWF,-0.1065,,,,5.19,14,Morningstar US CEF High Yield,7,AllianceBernstein L.P.,False,10.05,-0.05,11.27,2026-09-02T00:00:00,01879R106,AllianceBernstein Global High Income,2026-09-03,XAWFX,Fixed Income - Taxable-High Yield,0.81,866.608,,,,,15.0,6.7305,,4.36,1.02,,974.044,True,False,False,False,False,False,,9.25,8.47,4.37,3.71,3.0,-0.85,,,-3.33,3014600,,,96.9782,,,,10.51433,-7.56937,-1.05,-0.81,-0.75,2026-09-03T00:00:00,1993-07-28T00:00:00,7/28/1993,743817600,2026-09-03T00:00:00
21,AFB,-0.0654,,,,7.87,21,Morningstar US CEF Municipal,7,AllianceBernstein L.P.,False,10.62,-0.19,11.47,2026-09-02T00:00:00,01864U106,AllianceBernstein National Mun Inc,2026-09-03,XAFBX,Fixed Income - Municipal-Municipal,49.37,305.271,,,,,15.0,5.1411,,,3.66,,648.364,True,False,True,False,False,False,,2.7800000000000002,6.21,-1.98,-2.15,-0.64,4.48,,,10.89,964640,,,98.4247,,22.53,11.69,10.94954,-8.84116,1.25,0.06,0.61,2026-09-03T00:00:00,2002-01-28T00:00:00,1/28/2002,1012176000,2026-09-03T00:00:00
22,NFJ,-0.0594,,,,24.49,3,Morningstar US CEF Covered Call,108,"Virtus Investment Advisers, LLC",True,15.68,0.27,16.51,2026-09-02T00:00:00,92840R101,AllianzGI Div Interest & Prem Common,2026-09-03,XNFJX,Equity-Covered-Call Funds,,1457.726,,,,,25.0,2.0796,,,0.9600000000000001,,1534.889,False,True,True,False,True,False,,13.45,18.0,6.84,8.79,19.62,26.24,,,30.37,1886870,,,,,,,13.77345,-8.97828,1.8,1.69,1.53,2026-09-03T00:00:00,2005-02-28T00:00:00,2/28/2005,1109548800,2026-06-15T00:00:00
23,EOD,-0.087,,,,26.3,5,Morningstar US CEF Global Equity,8,Allspring Global Investments,False,6.69,0.11,7.24,2026-09-02T00:00:00,94987C103,Allspring Global Dividend Opp Fd,2026-09-03,XEODX,Equity-Global Equity,13.22,288.111,,,,,20.0,7.1385,,,2.45,,359.297,True,True,False,False,False,False,,24.01,25.39,12.97,12.62,16.28,19.26,,,27.06,1213680,,,,,,,6.12285,-8.400220000000001,-0.23,-1.52,-1.58,2026-09-03T00:00:00,2007-03-28T00:00:00,3/28/2007,1175040000,2026-06-11T00:00:00
24,EAD,-0.09849999999999999,,,,4.95,14,Morningstar US CEF High Yield,8,Allspring Global Investments,False,6.41,0.01,7.11,2026-09-02T00:00:00,94987B105,Allspring Income Opps,2026-09-03,XEADX,Fixed Income - Taxable-High Yield,29.88,378.782,,,,,15.0,7.1676,,,2.95,,599.147,True,False,False,False,False,False,,8.8,10.25,3.5300000000000002,2.37,2.92,0.71,,,-0.9400000000000001,1895100,,,100.1192,,4.62,3.23,6.68344,-7.94929,-1.12,0.65,-0.49,2026-09-03T00:00:00,2003-02-28T00:00:00,2/28/2003,1046390400,2026-08-13T00:00:00
25,ERC,-0.0661,,,,6.74,16,Morningstar US CEF Limited Duration,8,Allspring Global Investments,False,9.2,-0.02,9.84,2026-09-02T00:00:00,94987D101,Allspring Multi-Sec Inc,2026-09-03,XERCX,Fixed Income - Taxable-Limited Duration,30.12,258.095,,,,,20.0,6.936,0.0,4.35,3.22,,395.049,True,False,True,True,False,False,,8.57,8.75,3.42,2.36,3.92,6.86,,,7.5,763960,,0.0,98.4198,,,,9.27075,-6.75851,-0.02,0.23,0.5700000000000001,2026-09-03T00:00:00,2003-06-25T00:00:00,6/25/2003,1056499200,2026-08-13T00:00:00
26,ERH,-0.08070000000000001,,,,1.9500000000000002,26,Morningstar US CEF US Allocation,8,Allspring Global Investments,False,11.31,0.0,12.27,2026-09-02T00:00:00,94987E109,Allspring Util & High In,2026-09-03,XERHX,Hybrid-U.S. Allocation,21.68,99.892,,,,,20.0,7.1946,,,2.43,,138.371,True,False,False,False,False,False,,12.59,14.31,5.67,2.65,-0.34,1.02,,,2.05,235010,,,100.2393,,4.08,3.21,12.12579,-7.61847,-0.6,-0.91,-0.45,2026-09-03T00:00:00,2004-04-30T00:00:00,4/30/2004,1083283200,2026-08-13T00:00:00
27,FINS,-0.0545,,,,6.88,26,Morningstar US CEF US Allocation,10,"Angel Oak Capital Advisors, LLC",False,12.6,-0.15,13.4,2026-09-02T00:00:00,03464A100,Angel Oak Financial Strats Income Term,2026-09-03,XFINX,Hybrid-U.S. Allocation,21.88,421.052,,,,,20.0,6.7377,,,2.92,,573.205,True,False,True,False,False,True,,10.08,13.55,3.1,2.76,3.11,3.58,,,6.31,466100,,,99.9624,,3.34,2.85,12.93883,-5.98862,-0.13,0.32,0.49,2026-09-03T00:00:00,2019-05-29T00:00:00,5/29/2019,1559088000,2026-08-17T00:00:00
28,ARDC,-0.0834,,,,1.28,19,Morningstar US CEF Senior Loans,11,Ares Capital Management II LLC,False,12.31,-0.09,13.4,2026-09-02T00:00:00,04014F102,Ares Dynamic Credit Allocation Fund,2026-09-03,XADCX,Fixed Income - Taxable-Senior Loans,40.96,295.021,,,,,20.0,7.4979,,,5.26,,543.978,True,False,False,False,False,False,,8.16,9.54,4.87,4.46,-0.11,0.1,,,-6.46,1155810,,,,,40.42,,13.04019,-6.35388,-0.86,-1.35,-0.56,2026-09-03T00:00:00,2012-11-27T00:00:00,11/27/2012,1353974400,2026-08-21T00:00:00
29,BANX,0.0086,,,,3.61,8,Morningstar US CEF Sector Equity,12,"ArrowMark Asset Management, LLC",False,20.68,0.41000000000000003,21.0,2026-07-31T00:00:00,861780104,ArrowMark Financial Corp,2026-09-03,XBANX,Equity-Sector Equity,11.09,200.368,,,,,25.0,11.1103,,,6.43,,227.215,True,True,True,False,False,True,,9.66,20.94,8.82,9.69,0.9400000000000001,2.1,,,15.0,337310,,,107.3588,,,,20.57585,-4.75185,1.3,1.3599999999999999,1.94,2026-09-03T00:00:00,2013-11-07T00:00:00,11/7/2013,1383782400,2026-08-24T00:00:00
30,ASA,-0.1641,,,,81.82,8,Morningstar US CEF Sector Equity,13,ASA,False,65.38,4.18,76.24,2026-09-02T00:00:00,G3156P103,ASA Gold and Precious Metals Limited,2026-09-03,XASAX,Equity-Sector Equity,,1261.174,,,,,28.0,9.086,,,1.88,,1470.662,False,True,False,False,False,False,,63.29,62.74,26.1,25.07,14.31,6.99,,,69.75,0,,,,,,,57.95607,-12.76762,,,,,1958-09-23T00:00:00,9/23/1958,-355795200,
31,BCV,-0.11789999999999999,,,,23.54,11,Morningstar US CEF Convertibles,60,Gabelli Funds LLC,False,24.3876,0.38,27.4,2026-09-02T00:00:00,059695106,Bancroft Fund,2026-09-03,XBCVX,Fixed Income - Taxable-Convertibles,15.12,137.242,,,,,25.0,2.3737,,,1.31,,181.659,True,True,False,False,False,False,,19.11,21.08,4.22,3.67,16.09,12.97,,,22.32,187130,,,,,21.12,,23.50299,-11.75702,-0.51,-0.33,-0.26,2026-09-03T00:00:00,1971-10-04T00:00:00,10/4/1971,55382400,2026-06-15T00:00:00
32,MCI,0.128,,,,11.17,14,Morningstar US CEF High Yield,14,Barings LLC,False,18.92,1.3,17.27,2026-06-30T00:00:00,06759X107,Barings Corporate Investors,2026-09-03,XMCIX,Fixed Income - Taxable-High Yield,21.16,389.507,,,,,25.0,7.782,,,1.65,,440.541,True,False,False,False,False,False,,10.72,19.96,10.11,14.64,6.4,14.02,,,-1.1400000000000001,348040,,,92.3472,,,,19.09446,14.49477,-0.21,1.6400000000000001,0.97,2026-09-03T00:00:00,1971-09-01T00:00:00,9/1/1971,52531200,2026-08-28T00:00:00
33,BGH,-0.052199999999999996,,,,5.21,14,Morningstar US CEF High Yield,14,Barings LLC,False,14.16,0.01,14.93,2026-09-02T00:00:00,06760L100,Barings Global Short Duration High Yield,2026-09-03,XBGHX,Fixed Income - Taxable-High Yield,31.44,284.367,,,,,25.0,8.9029,,,3.93,,437.33,True,False,False,False,False,False,,11.08,13.93,6.11,6.65,4.79,1.63,,,-3.79,814480,,,99.958,,,,14.65297,-3.18096,-0.65,0.3,0.32,2026-09-03T00:00:00,2012-10-25T00:00:00,10/25/2012,1351123200,2026-08-20T00:00:00
34,MPV,0.1013,,,,,14,Morningstar US CEF High Yield,14,Barings LLC,False,17.06,0.06,15.81,2026-06-30T00:00:00,06761A103,Barings Participation Invs,2026-09-03,XMPVX,Fixed Income - Taxable-High Yield,21.98,184.116,,,,,10.0,7.7819,,,1.55,,213.567,True,False,True,False,False,False,,,17.81,,13.18,6.38,12.1,,,-6.9,169620,,,92.2129,,,,18.14402,8.98155,0.24,0.86,0.27,2026-09-03T00:00:00,1988-10-06T00:00:00,10/6/1988,592099200,2026-08-28T00:00:00
35,BXSY,-0.3686,,,,32.39,26,Morningstar US CEF US Allocation,15,Bexil Corp,True,18.18,0.04,28.54,2026-09-02T00:00:00,25538A204,Bexil Investment Trust,2026-09-03,XBXIX,Hybrid-U.S. Allocation,8.2,235.31,,,,,15.0,,,,1.9300000000000002,,398.176,True,True,True,False,True,False,,24.36,26.59,13.66,12.3,24.42,22.69,,,35.29,125430,,,,,1.11,,15.83841,-37.34994,0.0,1.15,0.4,2026-09-03T00:00:00,1998-06-29T00:00:00,6/29/1998,899078400,2026-06-15T00:00:00
36,BMN,0.0416,,,,5.5600000000000005,21,Morningstar US CEF Municipal,16,BlackRock,False,25.8,-0.24,24.76,2026-09-02T00:00:00,09262G108,BlackRock 2037 Municipal Target term,2026-09-03,XBMNX,Fixed Income - Municipal-Municipal,25.31,158.609,,,,,25.0,5.0193,,14.37,2.16,,203.795,True,True,True,False,False,True,,4.17,7.5,,,0.27,1.8900000000000001,,,11.79,101340,19.27,,103.2043,,,,25.70068,-0.13160000000000002,1.8599999999999999,2.4,1.83,2026-09-03T00:00:00,2022-10-28T00:00:00,10/28/2022,1666915200,2026-08-14T00:00:00
37,BCAT,0.1197,,,,13.69,26,Morningstar US CEF US Allocation,16,BlackRock,True,16.05,0.25,14.2,2026-09-02T00:00:00,09260U109,BlackRock Capital Allocation Term Trust,2026-09-03,XCATX,Hybrid-U.S. Allocation,5.18,1681.643,,,,,20.0,,,2.65,1.4,,1483.618,True,True,True,False,True,True,,12.48,23.2,5.39,8.44,7.45,29.18,,,30.87,6357440,,,,,,,15.01969,0.21918,2.03,2.05,1.94,2026-09-03T00:00:00,2020-09-28T00:00:00,9/28/2020,1601251200,2026-08-14T00:00:00
38,BHK,-0.0335,,,,1.56,15,Morningstar US CEF Investment Grade,16,BlackRock,True,8.96,0.06,9.24,2026-09-02T00:00:00,09249E101,BlackRock Core Bond,2026-09-03,XBHKX,Fixed Income - Taxable-Investment Grade,34.11,647.129,,,,,15.0,5.2035,,,3.34,,1012.859,True,False,True,False,True,False,,4.9,5.42,-2.39,-2.67,-1.1,0.59,,,2.65,2884900,,,95.0924,,7.35,7.35,9.38333,-4.43649,0.8300000000000001,0.71,1.29,2026-09-03T00:00:00,2001-11-30T00:00:00,11/30/2001,1007078400,2026-08-14T00:00:00
39,HYT,-0.0913,,,,5.14,14,Morningstar US CEF High Yield,16,BlackRock,True,8.27,0.03,9.09,2026-09-02T00:00:00,09255P107,BlackRock Corporate High Yield Fund,2026-09-03,XHYTX,Fixed Income - Taxable-High Yield,20.25,1594.284,,,,,15.0,7.0115,,,2.33,,2197.283,True,False,False,False,True,False,,9.73,6.7,4.41,1.77,2.65,0.35000000000000003,,,-3.02,8118200,,,100.4042,,4.19,,8.85709,-5.94288,-1.34,-1.81,-2.27,2026-09-03T00:00:00,2003-05-30T00:00:00,5/30/2003,1054252800,2026-08-14T00:00:00
40,BTZ,-0.0716,,,,3.37,15,Morningstar US CEF Investment Grade,16,BlackRock,True,9.97,0.02,10.75,2026-09-02T00:00:00,092508100,BlackRock Credit Allocation Income Trust,2026-09-03,XBTZX,Fixed Income - Taxable-Investment Grade,35.2,930.445,,,,,25.0,5.9688,,18.6,3.37,,1546.726,True,False,False,False,True,False,,8.13,9.63,1.12,0.8,0.8200000000000001,-0.86,,,0.64,2591270,,,99.1292,,,,10.51655,-5.93672,-0.76,-0.53,-0.02,2026-09-03T00:00:00,2006-12-27T00:00:00,12/27/2006,1167177600,2026-08-14T00:00:00
41,DSU,-0.0146,,,,4.7,19,Morningstar US CEF Senior Loans,16,BlackRock,True,9.42,0.0,9.56,2026-09-02T00:00:00,09255R202,BlackRock Debt Strategies,2026-09-03,XDSUX,Fixed Income - Taxable-Senior Loans,15.96,586.297,,,,,10.0,,,6.38,1.69,,708.01,True,False,False,False,True,False,,7.54,9.38,6.09,6.48,2.21,1.09,,,0.72,2766640,,,,,,,9.97648,0.6181300000000001,-1.76,-1.13,-1.28,2026-09-03T00:00:00,1998-03-27T00:00:00,3/27/1998,890956800,2026-08-14T00:00:00
42,BGR,-0.10210000000000001,,,,44.67,8,Morningstar US CEF Sector Equity,16,BlackRock,True,17.37,-0.06,19.49,2026-09-02T00:00:00,09250U101,BlackRock Energy and Resources,2026-09-03,XBGRX,Equity-Sector Equity,0.0,442.174,,,,,25.0,,,,1.23,,496.141,True,True,False,False,True,False,,17.32,18.81,22.18,22.15,41.43,33.68,,,36.69,1080680,,,,,,,15.0728,-7.4221,-1.02,-0.59,-0.72,2026-09-03T00:00:00,2004-12-23T00:00:00,12/23/2004,1103760000,2026-08-14T00:00:00
43,BDJ,-0.0626,,,,20.02,3,Morningstar US CEF Covered Call,16,BlackRock,True,9.91,0.05,10.54,2026-09-02T00:00:00,09251A104,BlackRock Enhanced Dividend Achievers,2026-09-03,XBDJX,Equity-Covered-Call Funds,0.11,1753.522,,,,,15.0,,,,0.88,,1867.123,True,True,False,False,True,False,,15.96,18.42,9.84,9.63,13.61,10.23,,,20.07,4321430,,,,,,,9.28536,-5.95952,-0.5700000000000001,0.34,0.3,2026-09-03T00:00:00,2005-08-26T00:00:00,8/26/2005,1125014400,2026-08-14T00:00:00
44,BOE,-0.073,,,,15.82,3,Morningstar US CEF Covered Call,16,BlackRock,True,12.52,0.04,13.43,2026-09-02T00:00:00,092501105,BlackRock Enhanced Glbl Div Trust,2026-09-03,XBOEX,Equity-Covered-Call Funds,0.02,696.114,,,,,25.0,,,,1.03,,746.71,True,True,True,False,True,False,,13.31,16.73,7.18,7.92,9.37,12.33,,,17.18,1312300,,,,,,,11.76636,-9.20128,1.67,0.5700000000000001,1.22,2026-09-03T00:00:00,2005-05-26T00:00:00,5/26/2005,1117065600,2026-08-14T00:00:00
45,BGY,-0.0971,,,,14.97,3,Morningstar US CEF Covered Call,16,BlackRock,True,5.91,0.03,6.49,2026-09-02T00:00:00,092524107,BlackRock Enhanced Intl Div Trust,2026-09-03,XBGYX,Equity-Covered-Call Funds,0.36,535.531,,,,,20.0,,,,1.2,,586.276,True,True,False,False,True,False,,10.43,12.87,6.32,6.68,8.67,6.94,,,12.42,2731470,,,,,,,5.78519,-8.52072,-0.79,0.17,0.05,2026-09-03T00:00:00,2007-05-25T00:00:00,5/25/2007,1180051200,2026-08-14T00:00:00
46,CII,0.0174,,,,22.64,3,Morningstar US CEF Covered Call,16,BlackRock,True,24.57,0.16,24.18,2026-09-02T00:00:00,09256A109,BlackRock Enhanced Large Cap Core Fund,2026-09-03,XCIIX,Equity-Covered-Call Funds,0.47000000000000003,1006.966,,,,,20.0,,,,0.93,,995.628,True,True,True,False,True,False,,19.18,20.34,12.26,12.99,12.07,9.88,,,29.35,957020,,,,,,,23.66609,0.6408100000000001,0.05,-0.68,-0.19,2026-09-03T00:00:00,2004-04-27T00:00:00,4/27/2004,1083024000,2026-08-14T00:00:00
47,ECAT,0.012,,,,14.4,25,Morningstar US CEF Global Allocation,16,BlackRock,True,15.29,0.11,15.06,2026-09-02T00:00:00,09262F100,BlackRock ESG Capital Allocation Term,2026-09-03,ECAT,Hybrid-Global Allocation,0.17,1520.87,,,,,20.0,,,2.02,1.4100000000000001,,1494.556,True,False,True,False,True,True,,13.5,20.36,,,7.72,15.54,,,15.67,4404590,,,95.981,,,,15.47249,-2.4870200000000002,1.44,0.56,1.11,2026-09-03T00:00:00,2021-09-27T00:00:00,9/27/2021,1632700800,2026-08-14T00:00:00
48,FRA,-0.0326,,,,4.14,19,Morningstar US CEF Senior Loans,17,"BlackRock Advisors, LLC",True,10.93,-0.09,11.35,2026-09-02T00:00:00,09255X100,BlackRock Floating Rate Inc Strategies,2026-09-03,XFRAX,Fixed Income - Taxable-Senior Loans,23.13,387.302,,,,,20.0,,,6.29,2.61,,523.202,True,False,False,False,True,False,,6.9,8.49,6.11,6.99,2.14,3.45,,,-4.48,1617330,,,,,,,11.56444,-2.12279,-0.41000000000000003,0.81,0.89,2026-09-03T00:00:00,2003-10-31T00:00:00,10/31/2003,1067558400,2026-08-14T00:00:00
49,BGT,0.0,,,,4.2,19,Morningstar US CEF Senior Loans,16,BlackRock,True,11.1,0.04,11.11,2026-09-02T00:00:00,091941104,Blackrock Floating Rate Income,2026-09-03,XBGTX,Fixed Income - Taxable-Senior Loans,0.13,331.054,,,,,20.0,,,,2.06,,331.799,True,False,True,False,True,False,,7.15,9.89,6.27,7.5,2.11,7.51,,,1.46,1333720,,,,,,,11.20811,-3.01962,1.23,1.76,2.25,2026-09-03T00:00:00,2004-08-30T00:00:00,8/30/2004,1093824000,2026-08-14T00:00:00
50,BME,-0.025099999999999997,,,,25.08,8,Morningstar US CEF Sector Equity,16,BlackRock,True,46.01,0.39,46.98,2026-09-02T00:00:00,09250W107,BlackRock Health Sciences,2026-09-03,XBMEX,Equity-Sector Equity,0.15,594.638,,,,,25.0,,,,1.13,,608.069,True,True,True,False,True,False,,10.56,12.45,5.73,5.71,10.76,16.64,,,34.19,441000,,,,,,,40.58124,-5.2613,1.37,1.01,1.22,2026-09-03T00:00:00,2005-03-28T00:00:00,3/28/2005,1111968000,2026-08-14T00:00:00
51,BMEZ,-0.1012,,,,27.16,8,Morningstar US CEF Sector Equity,16,BlackRock,True,16.94,0.14,18.77,2026-09-02T00:00:00,09260E105,BlackRock Health Sciences Term Trust,2026-09-03,XBMZX,Equity-Sector Equity,0.41000000000000003,1058.774,,,,,20.0,,,,1.37,,1168.599,True,True,True,False,True,True,,10.9,14.45,-0.42,-0.35000000000000003,14.17,18.03,,,28.02,2239170,,,,,,,14.93985,-10.99691,0.71,0.26,0.68,2026-09-03T00:00:00,2020-01-29T00:00:00,1/29/2020,1580256000,2026-08-14T00:00:00
52,BKT,-0.041100000000000005,,,,-0.88,15,Morningstar US CEF Investment Grade,16,BlackRock,True,10.29,0.07,10.7,2026-09-02T00:00:00,09247F209,BlackRock Income,2026-09-03,XBKTX,Fixed Income - Taxable-Investment Grade,19.69,333.282,,,,,10.0,4.445,,9.15,1.9700000000000002,,430.702,True,False,True,False,True,False,,4.03,4.37,-1.77,-3.5300000000000002,-0.89,-0.25,,,-3.37,1365080,,,89.397,,4.92,,10.85494,-4.33492,0.23,-0.04,0.5,2026-09-03T00:00:00,1988-08-01T00:00:00,8/1/1988,586396800,2026-08-14T00:00:00
53,BLW,-0.0395,,,,4.02,16,Morningstar US CEF Limited Duration,16,BlackRock,True,12.59,0.0,13.16,2026-09-02T00:00:00,09249W101,BlackRock Limited Duration Income,2026-09-03,XBLWX,Fixed Income - Taxable-Limited Duration,36.09,492.073,,,,,20.0,,,,3.7,,804.851,True,False,False,False,True,False,,8.61,9.05,4.03,3.14,1.42,-0.65,,,-0.47000000000000003,1208850,,,,,,,13.24774,-2.7072700000000003,-0.63,0.36,0.37,2026-09-03T00:00:00,2003-07-28T00:00:00,7/28/2003,1059350400,2026-08-14T00:00:00
54,BIT,-0.08810000000000001,,,,3.93,17,Morningstar US CEF Multi-Sector,16,BlackRock,True,11.89,0.0,13.06,2026-09-02T00:00:00,09258A107,BlackRock Multi-Sector Income Trust,2026-09-03,XBITX,Fixed Income - Taxable-Multi-Sector,31.1,678.476,,,,,20.0,6.1162,,,3.26,,1081.66,True,False,False,False,True,False,,8.39,4.05,3.96,1.67,1.26,-1.06,,,-2.1,3129600,7.97,,,,,3.77,12.85057,-5.83033,-2.66,-2.12,-2.6,2026-09-03T00:00:00,2013-02-25T00:00:00,2/25/2013,1361750400,2026-08-14T00:00:00
55,MUA,-0.0659,,,,7.32,21,Morningstar US CEF Municipal,16,BlackRock,False,9.92,0.07,10.62,2026-09-02T00:00:00,09254J102,BlackRock Muniassets,2026-09-03,XMUAX,Fixed Income - Municipal-Municipal,27.97,666.026,,,,,15.0,5.4809,,,2.59,,988.078,True,False,False,False,False,False,,5.92,7.27,-0.73,-3.54,1.48,-2.51,,,-0.6900000000000001,1379270,17.62,,92.4046,,12.75,,10.76496,-4.14459,-1.06,-0.2,-0.76,2026-09-03T00:00:00,1993-06-25T00:00:00,6/25/1993,740966400,2026-08-14T00:00:00
56,BTT,-0.0762,,,,2.49,21,Morningstar US CEF Municipal,16,BlackRock,False,22.54,-0.07,24.4,2026-09-02T00:00:00,09257P105,BlackRock Municipal 2030 Target Term,2026-09-03,XBTTX,Fixed Income - Municipal-Municipal,34.94,1434.117,,,,,25.0,4.6478,,,2.69,,2386.34,True,False,True,False,False,True,,4.26,6.35,0.5,-0.15,1.02,0.89,,,3.77,912370,22.16,,101.5267,,3.88,,22.65935,-8.05632,0.68,0.9400000000000001,0.13,2026-09-03T00:00:00,2012-08-29T00:00:00,8/29/2012,1346198400,2026-08-14T00:00:00
57,MHD,-0.0737,,,,6.96,21,Morningstar US CEF Municipal,16,BlackRock,False,11.23,-0.16,12.21,2026-09-02T00:00:00,09253N104,BlackRock Municipal Income,2026-09-03,XMHDX,Fixed Income - Municipal-Municipal,42.74,1961.88,,,,,15.0,5.0119,,,3.08,,3725.216,True,False,True,False,False,False,,2.95,6.58,-2.14,-2.75,0.0,2.0,,,9.3,2637800,5.17,,99.8744,,11.88,,11.69169,-8.49799,0.55,-0.01,0.26,2026-09-03T00:00:00,1997-05-02T00:00:00,5/2/1997,862531200,2026-08-14T00:00:00
58,MUC,-0.0684,,,,6.28,22,Morningstar US CEF Municipal-CA,16,BlackRock,False,10.43,-0.07,11.25,2026-09-02T00:00:00,09254L107,BlackRock MuniHoldings CA Qty,2026-09-03,XMUCX,Fixed Income - Municipal-Municipal - CA,41.33,1303.836,,,,,15.0,5.0713,,,3.22,,2396.998,True,False,True,False,False,False,,2.33,6.38,-2.19,-2.88,0.12,3.65,,,8.82,2894860,4.0,,102.4334,,13.95,,10.75721,-8.18383,0.88,0.15,0.4,2026-09-03T00:00:00,1998-02-27T00:00:00,2/27/1998,888537600,2026-08-14T00:00:00
59,MUJ,0.0025,,,,6.7,24,Morningstar US CEF Municipal-Single State,16,BlackRock,False,12.07,0.05,12.04,2026-09-02T00:00:00,09254X101,BlackRock MuniHoldings NJ Qty,2026-09-03,XMUJX,Fixed Income - Municipal-Municipal - Single-State,40.34,641.944,,,,,15.0,4.7124,,,3.37,,1074.205,True,True,True,False,False,False,,3.38,9.37,-0.89,-0.33,0.21,5.24,,,15.33,1005410,20.57,,97.7946,,13.16,,12.02225,-4.15913,1.74,1.94,1.67,2026-09-03T00:00:00,1998-03-11T00:00:00,3/11/1998,889574400,2026-08-14T00:00:00
60,MIY,0.053,,,,7.3,24,Morningstar US CEF Municipal-Single State,16,BlackRock,False,12.48,-0.08,11.88,2026-09-02T00:00:00,09254V105,BlackRock MuniYield MI Quality,2026-09-03,XMIYX,Fixed Income - Municipal-Municipal - Single-State,40.28,361.48,,,,,15.0,4.9551,,,3.34,,576.194,True,True,True,False,False,False,,3.21,11.64,-1.06,0.91,-0.07,12.28,,,20.26,605340,8.27,,100.9645,,16.35,,11.96051,-3.38264,2.4,1.9300000000000002,2.41,2026-09-03T00:00:00,1992-10-30T00:00:00,10/30/1992,720403200,2026-08-14T00:00:00
61,MYN,-0.06810000000000001,,,,7.38,23,Morningstar US CEF Municipal-NY,17,"BlackRock Advisors, LLC",False,9.51,-0.06,10.28,2026-09-02T00:00:00,09255E102,BlackRock MuniYield NY Quality,2026-09-03,XMYNX,Fixed Income - Municipal-Municipal - NY,23.21,895.116,,,,,15.0,4.855,,,3.2800000000000002,,1260.098,True,False,True,False,False,False,,2.44,6.21,-2.01,-2.66,-0.62,1.6800000000000002,,,10.35,1240970,9.11,,100.2576,,12.59,,9.95148,-8.16065,0.86,0.55,0.72,2026-09-03T00:00:00,1992-02-28T00:00:00,2/28/1992,699235200,2026-08-14T00:00:00
62,MPA,-0.0816,,,,7.01,24,Morningstar US CEF Municipal-Single State,16,BlackRock,False,10.8,-0.08,11.76,2026-09-02T00:00:00,09255G107,BlackRock MuniYield PA Quality,2026-09-03,XMPAX,Fixed Income - Municipal-Municipal - Single-State,38.95,139.856,,,,,15.0,4.7722999999999995,,,3.23,,249.434,True,False,True,False,False,False,,3.4,6.01,-1.7000000000000002,-2.29,-0.77,2.49,,,7.26,315290,9.12,,98.0715,,14.9,,11.26595,-8.52188,0.35000000000000003,0.81,0.32,2026-09-03T00:00:00,1992-10-30T00:00:00,10/30/1992,720403200,2026-08-14T00:00:00
63,MYI,-0.069,,,,6.53,21,Morningstar US CEF Municipal,16,BlackRock,False,10.51,-0.1,11.31,2026-09-02T00:00:00,09254E103,BlackRock MuniYield Qty III,2026-09-03,XMYIX,Fixed Income - Municipal-Municipal,42.75,1285.306,,,,,15.0,5.0585,,,3.23,,2415.883,True,False,True,False,False,False,,3.54,6.9,-1.1400000000000001,-1.32,-0.02,2.59,,,7.35,2342380,5.78,,99.7206,,11.76,,10.93713,-7.551,0.54,0.5,0.65,2026-09-03T00:00:00,1992-04-13T00:00:00,4/13/1992,703123200,2026-08-14T00:00:00
64,MQY,-0.078,,,,6.41,21,Morningstar US CEF Municipal,17,"BlackRock Advisors, LLC",False,10.88,-0.08,11.79,2026-09-02T00:00:00,09254F100,BlackRock Muniyield Quality,2026-09-03,XMQYX,Fixed Income - Municipal-Municipal,42.88,1636.701,,,,,15.0,5.0143,,,3.2,,3105.072,True,False,False,False,False,False,,3.01,5.89,-1.58,-2.84,-0.35000000000000003,1.9100000000000001,,,6.13,3123160,5.01,,99.4864,,14.22,,11.44935,-7.4425,-0.26,-0.79,-0.24,2026-09-03T00:00:00,1992-06-26T00:00:00,6/26/1992,709516800,2026-08-14T00:00:00
65,BCX,-0.0626,,,,38.4,8,Morningstar US CEF Sector Equity,16,BlackRock,True,13.09,-0.16,14.05,2026-09-02T00:00:00,09257A108,BlackRock Resources&Commodities Strategy,2026-09-03,XBCRX,Equity-Sector Equity,0.0,997.957,,,,,20.0,,,,1.19,,1062.018,True,True,True,False,True,False,,16.47,20.94,14.7,15.18,25.83,27.29,,,42.07,2112730,,,,,,,11.53373,-6.73602,-0.3,-0.4,0.13,2026-09-03T00:00:00,2011-03-29T00:00:00,3/29/2011,1301356800,2026-08-14T00:00:00
66,BSTZ,-0.056900000000000006,,,,54.4,8,Morningstar US CEF Sector Equity,16,BlackRock,True,30.79,-0.26,32.53,2026-09-02T00:00:00,09260K101,BlackRock Science and Technology Term,2026-09-03,XBSZX,Equity-Sector Equity,0.77,2116.632,,,,,20.0,,,,1.35,,2265.439,True,True,True,False,True,True,,27.32,34.46,4.32,5.7,39.2,45.66,,,56.55,2127590,,,,,,,24.93073,-9.58717,1.97,1.16,1.62,2026-09-03T00:00:00,2019-06-26T00:00:00,6/26/2019,1561507200,2026-08-14T00:00:00
67,BST,-0.0228,,,,37.68,8,Morningstar US CEF Sector Equity,16,BlackRock,True,49.86,-0.5,51.38,2026-09-02T00:00:00,09258G104,BlackRock Science and Technology Trust,2026-09-03,XBSTX,Equity-Sector Equity,0.1,1731.14,,,,,20.0,3.9216,,,1.11,,1790.201,True,True,True,False,True,False,,25.93,25.42,7.47,8.15,28.17,31.36,,,41.49,987680,,,,,0.26,0.26,42.84092,-6.35264,1.32,1.08,1.43,2026-09-03T00:00:00,2014-10-29T00:00:00,10/29/2014,1414540800,2026-08-14T00:00:00
68,BBN,-0.042699999999999995,,,,2.5300000000000002,20,Morningstar US CEF Taxable Muni,17,"BlackRock Advisors, LLC",True,15.65,0.0,16.38,2026-09-02T00:00:00,09248X100,BlackRock Taxable Municipal Bond Trust,2026-09-03,XBBNX,Fixed Income - Taxable-Taxable Muni,35.88,967.053,,,,,20.0,5.9206,,,3.1,,1577.609,True,False,True,False,True,False,,4.8100000000000005,6.75,-2.36,-3.22,-0.34,1.74,,,3.47,2020480,3.2800000000000002,,99.4279,,8.12,8.12,16.32546,-4.91454,0.22,0.26,0.79,2026-09-03T00:00:00,2010-08-27T00:00:00,8/27/2010,1282867200,2026-08-14T00:00:00
69,BTX,-0.0973,,,,40.3,10,Morningstar US CEF US Equity,16,BlackRock,True,8.82,-0.09,9.76,2026-09-02T00:00:00,09260Q108,BlackRock Tech and Private Equity Term,2026-09-03,XBTPX,Equity-U.S. Equity,1.09,1029.385,,,,,20.0,,,,1.46,,1157.592,True,True,True,False,True,True,,12.99,17.02,-4.75,-5.11,33.18,43.34,,,38.14,7754180,,,,,,,7.44153,-13.78233,1.48,0.63,1.1,2026-09-03T00:00:00,2021-03-26T00:00:00,3/26/2021,1616716800,2026-08-14T00:00:00
70,BUI,0.0060999999999999995,,,,18.4,8,Morningstar US CEF Sector Equity,16,BlackRock,True,26.58,0.14,26.34,2026-09-02T00:00:00,09248D104,"BlackRock Util, Infra & Power Opp",2026-09-03,XBUIX,Equity-Sector Equity,0.11,799.647,,,,,20.0,,,,1.09,,792.426,True,False,False,False,True,False,,15.98,17.32,8.39,7.83,14.02,9.61,,,9.67,750640,,,,,,,27.15161,1.9146100000000001,-0.58,-1.15,0.0,2026-09-03T00:00:00,2011-11-23T00:00:00,11/23/2011,1322006400,2026-08-14T00:00:00
71,BHV,0.1617,,,,4.65,24,Morningstar US CEF Municipal-Single State,16,BlackRock,False,12.57,-0.01,10.82,2026-09-02T00:00:00,092481100,BlackRock VA Municipal Bond,2026-09-03,XBHVX,Fixed Income - Municipal-Municipal - Single-State,40.21,19.964,,,,,15.0,4.857,,,4.53,,28.743,True,True,True,False,False,False,,1.74,13.03,-3.1,-3.58,-1.7000000000000002,24.63,,,31.86,54480,8.6,,99.2945,,16.77,10.27,11.28607,-1.49434,2.23,1.5899999999999999,1.52,2026-09-03T00:00:00,2002-04-30T00:00:00,4/30/2002,1020124800,2026-08-14T00:00:00
72,BGX,-0.1291,,,,1.51,19,Morningstar US CEF Senior Loans,18,Blackstone Liquid Credit Strategies LLC,False,10.71,-0.02,12.32,2026-09-02T00:00:00,09257D102,Blackstone Long-Short Credit Income,2026-09-03,XXBGX,Fixed Income - Taxable-Senior Loans,33.73,136.106,,,,,20.0,7.1353,,,4.65,,236.266,True,False,False,False,False,False,,6.67,7.22,3.8,2.9699999999999998,0.07,-3.02,,,-6.21,704810,,,,,17.0,,11.27824,-10.65408,-1.22,-1.96,-1.18,2026-09-03T00:00:00,2011-01-27T00:00:00,1/27/2011,1296086400,2026-08-24T00:00:00
73,BSL,-0.0326,,,,0.73,19,Morningstar US CEF Senior Loans,18,Blackstone Liquid Credit Strategies LLC,False,12.96,-0.05,13.49,2026-09-02T00:00:00,09256U105,Blackstone Senior Floating Rt 2027 term,2026-09-03,XBSLX,Fixed Income - Taxable-Senior Loans,33.43,168.738,,,,,20.0,7.1345,,,4.68,,263.839,True,False,True,False,False,True,,6.04,9.09,4.12,4.24,-0.19,1.08,,,-1.18,431480,,,,,3.73,,13.33109,-3.69037,-0.34,-1.12,-0.24,2026-09-03T00:00:00,2010-05-26T00:00:00,5/26/2010,1274832000,2026-08-24T00:00:00
74,BGB,-0.0499,,,,0.71,19,Morningstar US CEF Senior Loans,18,Blackstone Liquid Credit Strategies LLC,False,11.25,0.05,11.82,2026-09-02T00:00:00,09257R101,Blackstone Strategic Credit 2027 term,2026-09-03,XBGBX,Fixed Income - Taxable-Senior Loans,38.95,502.636,,,,,20.0,6.9282,,,5.4,,865.036,True,False,False,False,False,True,,6.57,10.02,3.73,4.53,-0.55,0.0,,,-3.4,1340420,,,,,17.78,,11.57175,-4.82968,-0.06,-0.8300000000000001,-0.03,2026-09-03T00:00:00,2012-09-26T00:00:00,9/26/2012,1348617600,2026-08-24T00:00:00
75,BPRE,-0.4633,,,,-6.5,7,Morningstar US CEF Real Estate,19,"Bluerock Fund Advisors, LLC",True,11.91,-0.11,22.64,2026-09-02T00:00:00,09631P102,Bluerock Private Real Estate Fund,2026-09-03,XBPREX,Equity-Real Estate,,1703.658,,,,,14.0,11.1334,,,0.0,,3238.525,False,True,True,False,True,False,,-6.54,,-1.62,,-3.07,-13.42,,,,0,,,,,,,,,,-1.26,-1.52,2026-09-03T00:00:00,2014-04-01T00:00:00,4/1/2014,1396310400,2026-08-17T00:00:00
76,DHF,-0.1161,,,,3.35,14,Morningstar US CEF High Yield,20,BNY Mellon,False,2.36,-0.01,2.67,2026-09-02T00:00:00,09660L105,BNY Mellon High Yield Strategies Fund,2026-09-03,XDHFX,Fixed Income - Taxable-High Yield,27.59,171.658,,,,,15.0,7.0234,0.0,5.32,3.18,,268.207,True,False,False,True,False,False,,9.23,10.94,3.38,1.44,1.96,0.53,,,-0.77,3490020,4.2,,99.6134,,4.58,3.33,2.47077,-9.48681,-1.4100000000000001,-1.38,-1.37,2026-09-03T00:00:00,1998-04-29T00:00:00,4/29/1998,893808000,2026-08-06T00:00:00
77,DMB,-0.0757,,,,7.02,21,Morningstar US CEF Municipal,20,BNY Mellon,False,10.45,-0.03,11.23,2026-09-02T00:00:00,09662W109,BNY Mellon Muni Bond Infrastructure Fund,2026-09-03,XDMBX,Fixed Income - Municipal-Municipal,36.24,192.342,,,,,15.0,5.1046,,,3.19,,324.194,True,False,False,False,False,False,,3.06,4.24,-1.35,-3.34,-0.5700000000000001,-0.51,,,10.77,568690,0.13,,98.7695,,11.8,9.1,10.8081,-7.40324,0.34,0.06,0.03,2026-09-03T00:00:00,2013-04-26T00:00:00,4/26/2013,1366934400,2026-08-18T00:00:00
78,DSM,-0.0756,,,,8.14,21,Morningstar US CEF Municipal,20,BNY Mellon,False,5.74,-0.04,6.22,2026-09-02T00:00:00,09662E109,BNY Mellon Strategic Muni Bond,2026-09-03,XDSMX,Fixed Income - Municipal-Municipal,35.29,283.721,,,,,10.0,5.0125,,,2.73,,475.144,True,False,False,False,False,False,,3.41,6.9,-1.92,-2.94,-0.1,-2.26,,,7.82,1103400,1.0,,96.7327,,9.3,8.35,6.02045,-7.10716,-0.47000000000000003,-0.46,-0.84,2026-09-03T00:00:00,1989-11-22T00:00:00,11/22/1989,627696000,2026-08-13T00:00:00
79,LEO,-0.0727,,,,8.01,21,Morningstar US CEF Municipal,20,BNY Mellon,False,6.12,-0.02,6.6,2026-09-02T00:00:00,05588W108,BNY Mellon Strategic Municipals,2026-09-03,XLEOX,Fixed Income - Municipal-Municipal,34.64,381.22,,,,,10.0,5.1313,,,2.76,,629.04,True,False,True,False,False,False,,3.81,7.04,-1.7000000000000002,-4.03,0.5,0.53,,,9.05,1998340,1.18,,96.899,,9.74,8.54,6.31716,-7.61074,0.31,0.44,0.09,2026-09-03T00:00:00,1987-09-23T00:00:00,9/23/1987,559353600,2026-08-13T00:00:00
80,BWG,-0.0975,,,,1.38,13,Morningstar US CEF Global Income,54,"Franklin Templeton Fund Adviser, LLC",True,7.6,0.02,8.41,2026-09-02T00:00:00,10537L104,BrandywineGLOBAL â Global Inc Opp Fund,2026-09-03,XBWGX,Fixed Income - Taxable-Global Income,41.69,127.618,,,,,20.0,7.6784,,,4.62,,242.18,True,False,False,False,True,False,,7.84,10.25,0.6900000000000001,1.4,0.18,-1.22,,,-0.43,769280,,,,,,,8.1982,-8.54936,-0.93,-1.23,-0.21,2026-09-03T00:00:00,2012-03-28T00:00:00,3/28/2012,1332892800,2026-08-24T00:00:00
81,RA,-0.0966,,,,5.61,14,Morningstar US CEF High Yield,21,Brookfield Public Securities Group LLC,True,12.55,0.04,13.87,2026-09-02T00:00:00,112830104,Brookfield Real Assets Income Fund Inc.,2026-09-03,XRAIX,Fixed Income - Taxable-High Yield,25.33,693.446,,,,,25.0,6.5269,,,3.34,,1026.398,True,False,False,False,True,False,,8.38,10.71,3.9,0.68,3.14,4.19,,,3.51,1672160,,,96.6205,,8.9,,12.99146,-9.1536,-0.49,-0.65,-0.16,2026-09-03T00:00:00,2016-12-02T00:00:00,12/2/2016,1480636800,2026-08-06T00:00:00
82,CFND,-0.5624,,,,-8.02,10,Morningstar US CEF US Equity,23,C1 Advisors LLC,True,3.08,0.17,6.49,2026-06-30T00:00:00,12673Q103,C1 Fund Inc.,2026-09-03,XCFNDX,Equity-U.S. Equity,,20.231,,,,,10.0,,,,5.86,,42.629,False,False,False,False,True,False,,,,,,-6.02,-41.43,,,-66.27,410710,,,,,,,4.73596,-37.45936,-0.72,0.33,-0.08,2026-09-03T00:00:00,2025-08-07T00:00:00,8/7/2025,1754524800,
83,CHY,0.0087,,,,27.21,11,Morningstar US CEF Convertibles,24,Calamos Advisors LLC,False,12.72,0.05,12.61,2026-09-03T00:00:00,12811P108,Calamos Convertible & High Income Fund,2026-09-03,XCHYX,Fixed Income - Taxable-Convertibles,31.83,1021.802,,,,,15.0,3.6075,,4.49,4.01,,1485.984,True,True,True,False,False,False,,18.14,15.73,5.75,6.02,18.8,20.53,,,29.99,1878490,,,113.3553,,,,12.08092,-0.7171200000000001,0.79,0.25,0.78,2026-09-03T00:00:00,2003-05-28T00:00:00,5/28/2003,1054080000,2026-08-14T00:00:00
84,CHI,0.0548,,,,26.68,11,Morningstar US CEF Convertibles,24,Calamos Advisors LLC,False,12.51,0.1,11.86,2026-09-03T00:00:00,128117108,Calamos Convertible Opp Inc,2026-09-03,XCHIX,Fixed Income - Taxable-Convertibles,31.2,1009.642,,,,,15.0,3.5722,,4.47,3.98,,1391.232,True,True,True,False,False,False,,17.89,17.7,5.64,6.53,18.56,28.22,,,34.65,1817400,,,113.5724,,,,11.68572,1.84422,1.43,0.25,0.84,2026-09-03T00:00:00,2002-06-26T00:00:00,6/26/2002,1025049600,2026-08-14T00:00:00
85,CCD,0.0254,,,,31.68,11,Morningstar US CEF Convertibles,24,Calamos Advisors LLC,False,24.24,0.07,23.64,2026-09-03T00:00:00,12811V105,Calamos Dynamic Convertible and Income,2026-09-03,XCCDX,Fixed Income - Taxable-Convertibles,29.65,692.849,,,,,25.0,2.5787,,4.07,4.26,,960.457,True,True,True,False,False,True,,19.73,18.95,5.79,5.98,21.88,24.83,,,32.83,832610,,,,,,,23.05372,1.71795,0.38,0.12,0.31,2026-09-03T00:00:00,2015-03-27T00:00:00,3/27/2015,1427414400,2026-08-14T00:00:00
86,CHW,-0.0974,,,,23.96,25,Morningstar US CEF Global Allocation,24,Calamos Advisors LLC,False,8.53,-0.02,9.45,2026-09-03T00:00:00,12811L107,Calamos Global Dynamic Income Fund,2026-09-03,XCHWX,Hybrid-Global Allocation,29.45,544.763,,,,,15.0,5.1178,,4.53,3.85,,855.482,True,True,True,False,False,False,,20.87,22.27,7.13,4.85,19.53,19.04,,,24.77,1879600,,,,,,,8.00019,-10.23885,0.63,0.09,0.71,2026-09-03T00:00:00,2007-06-27T00:00:00,6/27/2007,1182902400,2026-08-14T00:00:00
87,CGO,-0.0895,,,,24.28,25,Morningstar US CEF Global Allocation,24,Calamos Advisors LLC,False,13.175,0.13,14.47,2026-09-03T00:00:00,128118106,Calamos Global Total Return,2026-09-03,XCGOX,Hybrid-Global Allocation,29.35,129.475,,,,,15.0,5.0672,,4.39,4.02,,201.278,True,True,True,False,False,False,,21.43,22.24,7.04,4.22,20.31,20.96,,,21.21,271540,,,,,,,12.3811,-9.04697,0.0,0.55,0.98,2026-09-03T00:00:00,2005-10-27T00:00:00,10/27/2005,1130371200,2026-08-14T00:00:00
88,CPZ,-0.1325,,,,-4.7,5,Morningstar US CEF Global Equity,24,Calamos Advisors LLC,False,13.125,-0.02,15.13,2026-09-03T00:00:00,12812C106,Calamos L/S Equity & Dynamic Inc Trust,2026-09-03,XCPZX,Equity-Global Equity,48.14,257.673,,,,,20.0,6.5242,,13.21,4.38,,572.726,True,False,False,False,False,False,,5.6,7.23,2.69,2.5700000000000003,-0.27,-2.49,,,-10.75,766410,,,99.1682,,,,14.34158,-9.9857,-1.52,-0.86,-1.15,2026-09-03T00:00:00,2019-11-29T00:00:00,11/29/2019,1574985600,2026-08-14T00:00:00
89,CSQ,-0.0779,,,,24.42,26,Morningstar US CEF US Allocation,24,Calamos Advisors LLC,False,21.06,0.17,22.84,2026-09-03T00:00:00,128125101,Calamos Strategic Total Return,2026-09-03,XCSQX,Hybrid-U.S. Allocation,27.83,3377.385,,,,,15.0,4.1463,,4.71,3.69,,5075.01,True,True,True,False,False,False,,23.72,20.74,12.42,10.35,14.96,14.07,,,20.95,2250610,,,,,,,19.42891,-8.4411,0.39,1.8,2.35,2026-09-03T00:00:00,2004-03-26T00:00:00,3/26/2004,1080259200,2026-08-14T00:00:00
90,CCIF,-0.1525,,,,-40.38,19,Morningstar US CEF Senior Loans,25,Carlyle Global Credit Inv Mgmt,True,2.71,-0.04,3.24,2026-07-31T00:00:00,92535C104,Carlyle Credit Income Ord,2026-09-03,XCCIFX,Fixed Income - Taxable-Senior Loans,45.93,57.448,,,,,8.65,8.718,,,11.36,,124.684,True,False,False,False,True,False,,-16.46,-15.07,-13.62,-11.34,-32.71,-31.98,,,-39.74,1300120,,,46.8847,,,,3.97216,-10.11707,-0.8,0.2,-0.67,2026-09-03T00:00:00,2011-12-30T00:00:00,12/30/2011,1325203200,2026-08-19T00:00:00
91,IGR,0.0227,,,,3.61,7,Morningstar US CEF Real Estate,26,CBRE Investment Management Listed Real Assets LLC,True,4.51,0.03,4.41,2026-09-03T00:00:00,12504G100,CBRE Global Real Estate Income,2026-09-03,XIGRX,Equity-Real Estate,32.43,683.88,,,,,15.0,,,,3.84,,989.65,True,False,True,False,True,False,,6.0,10.87,-3.26,-0.63,8.96,15.49,,,5.05,7167040,,,,,,,4.70667,1.11673,0.52,1.38,1.21,2026-09-03T00:00:00,2004-02-18T00:00:00,2/18/2004,1077062400,2026-08-20T00:00:00
92,CET,-0.16829999999999998,,,,14.2,10,Morningstar US CEF US Equity,27,Central Securities Corp,False,54.65,-0.15,65.0,2026-08-31T00:00:00,155123102,Central Securities Corporation,2026-09-03,XCETX,Equity-U.S. Equity,0.32,1614.867,,,,,10.0,,,,0.46,,1920.702,True,True,False,False,False,False,,18.97,20.77,10.54,11.52,7.98,7.86,,,14.9,371570,,,,,,0.05,51.85458,-15.59517,-0.38,-0.12,-0.5,2026-09-03T00:00:00,1980-07-28T00:00:00,7/28/1980,333590400,2026-06-12T00:00:00
93,EMO,-0.0837,,,,33.89,6,Morningstar US CEF MLP,54,"Franklin Templeton Fund Adviser, LLC",False,55.2,-0.67,60.54,2026-09-02T00:00:00,18469P209,ClearBridge Energy Midstream Opportunity,2026-09-03,XEMOX,Equity-MLP,23.67,1103.461,,,,,20.0,,,,3.12,,1585.417,True,True,True,False,False,False,,28.97,31.82,27.77,31.61,30.87,29.78,,,25.9,594450,,,,,,,48.5049,-9.58341,0.55,1.8599999999999999,1.45,2026-09-03T00:00:00,2011-06-13T00:00:00,6/13/2011,1307923200,2026-08-24T00:00:00
94,GLV,-0.1198,,,,16.91,25,Morningstar US CEF Global Allocation,28,Clough Capital Partners L.P.,True,6.1,0.02,6.93,2026-09-03T00:00:00,18913Y103,Clough Global Dividend and Income,2026-09-03,XGLVX,Hybrid-Global Allocation,32.88,75.699,,,,,20.0,4.812,,,3.06,,128.13,True,False,False,False,True,False,,12.74,16.77,0.87,-1.1400000000000001,9.44,10.02,,,16.92,401740,,,,,14.12,11.85,6.15089,-11.92383,-0.05,0.64,0.45,2026-09-03T00:00:00,2004-07-28T00:00:00,7/28/2004,1090972800,2026-08-18T00:00:00
95,GLQ,-0.1073,,,,15.47,5,Morningstar US CEF Global Equity,28,Clough Capital Partners L.P.,True,7.9,-0.01,8.85,2026-09-03T00:00:00,18914C100,Clough Global Equity,2026-09-03,XGLQX,Equity-Global Equity,33.13,148.031,,,,,20.0,,,,3.41,,248.002,True,False,True,False,True,False,,17.75,23.11,-0.41000000000000003,-0.9,8.54,12.55,,,20.42,622860,,,,,0.06,,8.00109,-11.26728,0.48,-0.35000000000000003,0.0,2026-09-03T00:00:00,2005-04-27T00:00:00,4/27/2005,1114560000,2026-08-18T00:00:00
96,GLO,-0.1025,,,,10.64,25,Morningstar US CEF Global Allocation,28,Clough Capital Partners L.P.,True,5.69,0.0,6.34,2026-09-03T00:00:00,18914E106,Clough Global Opportunities,2026-09-03,XGLOX,Hybrid-Global Allocation,33.82,243.34,,,,,20.0,4.8247,,,3.54,,409.689,True,False,True,False,True,False,,13.53,18.46,-2.89,-3.9,5.72,9.24,,,15.23,1508330,,,,,16.22,13.53,5.8179300000000005,-11.41261,1.16,0.63,0.98,2026-09-03T00:00:00,2006-04-25T00:00:00,4/25/2006,1145923200,2026-08-18T00:00:00
97,FOF,-0.0118,,,,15.88,26,Morningstar US CEF US Allocation,30,"Cohen &amp; Steers Capital Management, Inc.",False,13.42,0.04,13.58,2026-09-03T00:00:00,19248P106,Cohen & Steers Closed-End Opportunity,2026-09-03,XFOFX,Hybrid-U.S. Allocation,,372.724,,,,,20.0,6.1386,,7.64,0.9500000000000001,,377.168,False,False,False,False,False,False,,18.07,17.37,7.97,7.11,8.11,8.51,,,12.57,620130,,,95.6359,,,,13.49729,1.0844,-1.32,-2.02,-1.74,2026-09-03T00:00:00,2006-11-20T00:00:00,11/20/2006,1163980800,2026-08-11T00:00:00
98,UTF,-0.0218,,,,13.81,8,Morningstar US CEF Sector Equity,29,Cohen &amp; Steers,False,26.88,-0.02,27.48,2026-09-03T00:00:00,19248A109,Cohen & Steers Infrastructure,2026-09-03,XUTFX,Equity-Sector Equity,28.25,3005.455,,,,,20.0,5.4498,,,3.43,,4282.542,True,True,True,False,False,False,,16.2,16.59,7.74,6.43,12.1,18.08,,,9.53,3629770,,,103.041,,7.43,,25.83146,-5.23628,1.21,0.03,0.91,2026-09-03T00:00:00,2004-03-30T00:00:00,3/30/2004,1080604800,2026-08-11T00:00:00
99,LDP,-0.0689,,,,6.41,18,Morningstar US CEF Preferreds,30,"Cohen &amp; Steers Capital Management, Inc.",False,20.55,-0.05,22.07,2026-09-03T00:00:00,19248C105,Cohen & Steers Ltd Duration Pref & Inc,2026-09-03,XLDPX,Fixed Income - Taxable-Preferreds,32.92,597.578,,,,,25.0,,,,3.67,,956.778,True,False,False,False,False,False,,11.76,13.8,4.3,2.9699999999999998,2.85,3.29,,,4.74,619130,,,,,88.99,,21.05178,-5.84744,-0.73,-0.66,-0.05,2026-09-03T00:00:00,2012-07-27T00:00:00,7/27/2012,1343347200,2026-08-11T00:00:00
100,RQI,-0.0717,,,,13.23,7,Morningstar US CEF Real Estate,29,Cohen &amp; Steers,False,12.17,0.06,13.11,2026-09-03T00:00:00,19247L106,Cohen & Steers Qual Inc Realty,2026-09-03,XRQIX,Equity-Real Estate,26.92,1789.896,,,,,15.0,4.5417000000000005,,,3.45,,2638.271,True,False,False,False,False,False,,12.01,11.12,3.3,2.52,17.1,12.9,,,6.78,5011320,,,102.1293,,7.49,,12.42358,-3.95034,-1.08,0.11,-0.84,2026-09-03T00:00:00,2002-02-28T00:00:00,2/28/2002,1014854400,2026-08-11T00:00:00
101,RLTY,-0.08650000000000001,,,,12.04,7,Morningstar US CEF Real Estate,30,"Cohen &amp; Steers Capital Management, Inc.",True,15.42,0.1,16.88,2026-09-03T00:00:00,19249Q103,Cohen & Steers Real Estate Opp & Inc Fd,2026-09-03,XRLTX,Equity-Real Estate,33.31,257.86,,,,,20.0,5.2869,,,4.55,,423.274,True,True,False,False,True,False,,11.32,13.9,,,12.6,11.5,,,8.1,599440,,,104.0393,,,,15.32228,-7.34953,-0.9,-0.08,-0.33,2026-09-03T00:00:00,2022-02-24T00:00:00,2/24/2022,1645660800,2026-08-11T00:00:00
102,RNP,-0.066,,,,9.42,7,Morningstar US CEF Real Estate,30,"Cohen &amp; Steers Capital Management, Inc.",True,20.23,0.13,21.66,2026-09-03T00:00:00,19247X100,Cohen & Steers REIT & Preferred Inc Fd,2026-09-03,XRNPX,Equity-Real Estate,30.21,971.042,,,,,25.0,5.8091,,,3.37,,1489.807,True,False,False,False,True,False,,11.69,10.75,3.41,2.44,10.14,6.8100000000000005,,,-2.66,1201920,,,106.003,,6.69,,20.75837,-3.14417,-0.98,0.67,-0.5700000000000001,2026-09-03T00:00:00,2003-06-27T00:00:00,6/27/2003,1056672000,2026-08-11T00:00:00
103,PSF,-0.10279999999999999,,,,5.66,18,Morningstar US CEF Preferreds,29,Cohen &amp; Steers,False,19.29,-0.03,21.5,2026-09-03T00:00:00,19248Y107,Cohen & Steers Select Preferred & Inc,2026-09-03,XPSFX,Fixed Income - Taxable-Preferreds,33.28,232.024,,,,,25.0,7.0987,,,3.76,,387.606,True,False,False,False,False,False,,11.29,10.71,3.13,-1.5,2.06,1.09,,,2.94,376390,,,101.0886,,86.4,,20.10026,-8.343820000000001,-1.32,-1.1,-1.02,2026-09-03T00:00:00,2010-11-24T00:00:00,11/24/2010,1290556800,2026-08-11T00:00:00
104,PTA,-0.08560000000000001,,,,4.62,18,Morningstar US CEF Preferreds,30,"Cohen &amp; Steers Capital Management, Inc.",True,18.49,0.03,20.22,2026-09-03T00:00:00,19249X108,Cohen & Steers Tax-adv Prd Sec and Inc,2026-09-03,XPTAX,Fixed Income - Taxable-Preferreds,35.12,1022.006,,,,,25.0,7.3128,,,4.36,,1722.534,True,False,False,False,True,False,,10.01,9.61,2.74,1.8599999999999999,1.5,1.1,,,-0.63,1394690,,,103.3882,,,,19.4564,-6.48858,-1.3,-1.3900000000000001,-1.38,2026-09-03T00:00:00,2020-10-28T00:00:00,10/28/2020,1603843200,2026-08-11T00:00:00
105,RFI,-0.0316,,,,9.1,7,Morningstar US CEF Real Estate,30,"Cohen &amp; Steers Capital Management, Inc.",False,11.33,0.06,11.7,2026-09-03T00:00:00,19247R103,Cohen & Steers Total Return,2026-09-03,XRFIX,Equity-Real Estate,0.04,303.063,,,,,15.0,6.5819,,,0.9400000000000001,,313.085,True,False,False,False,False,False,,9.52,8.93,2.7,0.68,11.15,8.41,,,1.78,942030,,,,,,,11.44492,-1.12071,-0.74,1.02,-0.02,2026-09-03T00:00:00,1993-09-27T00:00:00,9/27/1993,749088000,2026-08-11T00:00:00
106,STK,-0.0496,,,,80.27,3,Morningstar US CEF Covered Call,31,"Columbia Mgmt Investment Advisers, LLC",True,52.21,0.36,54.79,2026-09-02T00:00:00,19842X109,Columbia Seligman Premium Technology Gr,2026-09-03,XSTKX,Equity-Covered-Call Funds,,924.027,,,,,20.0,,,,1.12,,969.688,False,True,False,False,True,False,,38.4,32.09,21.86,20.22,50.2,46.43,,,76.17,563640,,,,,,,42.90312,-4.39157,-0.8300000000000001,0.21,-0.56,2026-09-03T00:00:00,2009-11-25T00:00:00,11/25/2009,1259107200,2026-08-17T00:00:00
107,CLM,0.044199999999999996,,,,16.72,10,Morningstar US CEF US Equity,32,"Cornerstone Advisors, LLC",True,6.75,0.13,6.34,2026-08-31T00:00:00,21924B302,Cornerstone Strategic Investment Fund,2026-09-03,XCLMX,Equity-U.S. Equity,0.0,2090.315,,,,,38.52,,,,1.1,,1963.348,True,False,False,False,True,False,,19.73,12.29,12.1,7.86,9.63,-8.97,,,-0.37,18634670,,,,,,,7.80161,19.20447,-2.98,-1.77,-2.36,2026-09-03T00:00:00,1987-06-23T00:00:00,6/23/1987,551404800,2026-08-14T00:00:00
108,CRF,0.0407,,,,17.04,10,Morningstar US CEF US Equity,32,"Cornerstone Advisors, LLC",True,6.49,0.05,6.15,2026-08-31T00:00:00,21924U300,Cornerstone Total Return Fund,2026-09-03,XCRFX,Equity-U.S. Equity,9.5,1096.099,,,,,25.0,,,,1.13,,1038.676,True,False,False,False,True,False,,20.08,9.97,12.54,6.75,9.74,-8.96,,,-1.6099999999999999,12582380,,,,,,,7.48674,18.04858,-2.86,-1.75,-2.26,2026-09-03T00:00:00,1973-05-16T00:00:00,5/16/1973,106358400,2026-08-14T00:00:00
109,CIK,-0.1066,,,,1.7000000000000002,14,Morningstar US CEF High Yield,107,UBS Asset Management (Americas) LLC,False,2.43,0.0,2.7199999999999998,2026-09-03T00:00:00,224916106,Credit Suisse Asset Mgmt Income,2026-09-03,XCIKX,Fixed Income - Taxable-High Yield,34.98,133.295,,,,,10.0,6.9712,,,3.7,,229.484,True,False,False,False,False,False,,7.53,5.67,4.22,2.0,1.69,-8.47,,,-9.38,4674500,,,98.7034,,5.73,,2.67793,-4.06959,-1.53,-1.37,-1.34,2026-09-03T00:00:00,1987-03-23T00:00:00,3/23/1987,543456000,2026-08-17T00:00:00
110,DHY,-0.1094,,,,-3.11,14,Morningstar US CEF High Yield,107,UBS Asset Management (Americas) LLC,False,1.71,-0.01,1.92,2026-09-03T00:00:00,22544F103,Credit Suisse High Yield Credit,2026-09-03,XDHYX,Fixed Income - Taxable-High Yield,30.67,177.172,,,,,10.0,6.998,,,3.62,,286.925,True,False,False,False,False,False,,5.59,6.12,2.8,1.52,-3.66,-9.06,,,-10.32,6365210,,,98.7615,,5.73,,1.90808,-6.76985,-1.32,-1.32,-0.74,2026-09-03T00:00:00,1998-07-31T00:00:00,7/31/1998,901843200,2026-08-17T00:00:00
111,DXYZ,-0.0466,,,,395.66,8,Morningstar US CEF Sector Equity,34,Destiny Advisors LLC,True,32.25,5.52,34.3,2026-03-31T00:00:00,25063F107,Destiny Tech100 Inc,2026-09-03,DXYZ,Equity-Sector Equity,,708.736,,,,,,,,,4.53,,753.787,False,True,False,False,True,False,,,,,,71.76,4.9,,,17.43,19902640,,,,,,,30.15797,77.3196,-0.91,0.6900000000000001,-0.28,2026-09-03T00:00:00,2024-03-26T00:00:00,3/26/2024,1711411200,
112,DMA,-0.1432,,,,0.62,26,Morningstar US CEF US Allocation,35,Destra Capital Advisors LLC,True,7.7,0.11,8.94,2026-09-02T00:00:00,25065A502,Destra Multi-Alternative,2026-09-03,XDMAX,Hybrid-U.S. Allocation,11.0,69.017,,,,,,,,,3.29,,90.031,True,False,True,False,True,False,,1.4,17.43,-0.24,,-1.5,-4.93,,,2.32,260780,,,,,0.11,,8.22865,-14.67567,0.02,0.6900000000000001,0.84,2026-09-03T00:00:00,2022-01-13T00:00:00,1/13/2022,1642032000,2026-08-21T00:00:00
113,DNP,0.1343,,,,11.22,8,Morningstar US CEF Sector Equity,39,Duff &amp; Phelps Inv Mgmt Co (IL),True,10.75,-0.05,9.53,2026-09-02T00:00:00,23325P104,DNP Select Income,2026-09-03,XDNPX,Equity-Sector Equity,23.43,4072.128,,,,,10.0,5.6735,,,2.5300000000000002,,4714.84,True,True,True,False,True,False,,16.02,11.42,8.53,8.38,10.08,13.83,,,18.37,5898840,,,,,7.32,5.71,10.39107,6.69571,1.5,0.84,1.2,2026-09-03T00:00:00,1987-01-21T00:00:00,1/21/1987,538185600,2026-08-31T00:00:00
114,DSL,-0.0754,,,,3.27,13,Morningstar US CEF Global Income,37,DoubleLine Capital LP,False,10.54,-0.04,11.4,2026-09-02T00:00:00,258622109,DoubleLine Income Solutions Fund,2026-09-03,XDSLX,Fixed Income - Taxable-Global Income,23.67,1207.579,,,,,25.0,7.5984,,,2.98,,1711.11,True,False,False,False,False,False,,9.93,7.13,1.03,0.56,3.88,2.24,,,-4.06,5703490,,,92.0647,,,,11.25735,-4.52372,-1.6400000000000001,-1.6600000000000001,-1.9,2026-09-03T00:00:00,2013-04-26T00:00:00,4/26/2013,1366934400,2026-08-19T00:00:00
115,DBL,-0.0255,,,,2.85,17,Morningstar US CEF Multi-Sector,36,DoubleLine,False,14.27,0.17,14.53,2026-09-02T00:00:00,258623107,Doubleline Opportunistic Cred,2026-09-03,XDBLX,Fixed Income - Taxable-Multi-Sector,8.01,282.145,,,,,25.0,6.3207,,,2.02,,312.286,True,False,False,False,False,False,,9.07,8.81,2.62,1.8599999999999999,2.19,-1.57,,,-0.84,640270,,,84.4462,,,,14.82576,-0.9077400000000001,-0.54,1.53,1.13,2026-09-03T00:00:00,2012-01-26T00:00:00,1/26/2012,1327536000,2026-08-19T00:00:00
116,DLY,-0.0837,,,,3.7800000000000002,17,Morningstar US CEF Multi-Sector,37,DoubleLine Capital LP,True,13.85,0.07,15.06,2026-09-02T00:00:00,25862D105,DoubleLine Yield Opportunities Fund,2026-09-03,XDLYX,Fixed Income - Taxable-Multi-Sector,16.07,672.27,,,,,20.0,7.4846,,,2.89,,871.003,True,False,False,False,True,False,,8.76,8.22,2.7800000000000002,2.08,2.76,1.8399999999999999,,,-1.4,2091540,,,95.3595,,,,14.41893,-6.60852,-1.0,-0.5,-0.6,2026-09-03T00:00:00,2020-02-25T00:00:00,2/25/2020,1582588800,2026-08-19T00:00:00
117,DTF,-0.0339,,,,1.9100000000000001,21,Morningstar US CEF Municipal,38,Duff &amp; Phelps,False,11.47,-0.08,11.96,2026-09-02T00:00:00,23334J107,DTF Tax-Free Income 2028 Term,2026-09-03,XDTFX,Fixed Income - Municipal-Municipal,32.16,80.629,,,,,15.0,4.9315,,,1.08,,84.074,True,True,True,False,False,False,,2.38,5.65,-2.5,-1.48,0.91,3.63,,,5.84,74070,,,104.7125,,8.11,2.2,11.42767,-5.47721,1.4,0.18,0.9,2026-09-03T00:00:00,1991-11-29T00:00:00,11/29/1991,691372800,2026-08-17T00:00:00
118,DPG,-0.0941,,,,21.33,8,Morningstar US CEF Sector Equity,39,Duff &amp; Phelps Inv Mgmt Co (IL),True,14.21,-0.12,15.72,2026-09-02T00:00:00,26433C105,Duff & Phelps Utility and Infra Fund Inc,2026-09-03,XDPGX,Equity-Sector Equity,22.02,511.519,,,,,20.0,,,,3.34,,725.683,True,True,True,False,True,False,,22.17,24.56,11.42,8.97,15.97,18.01,,,20.11,717740,,,,,,,13.85315,-10.56673,0.32,0.18,0.68,2026-09-03T00:00:00,2011-07-29T00:00:00,7/29/2011,1311897600,2026-08-31T00:00:00
119,KTF,-0.0148,,,,7.77,21,Morningstar US CEF Municipal,41,"DWS Investment Management Americas, Inc.",False,8.67,-0.01,8.76,2026-09-02T00:00:00,233368109,DWS Municipal Income,2026-09-03,XKTFX,Fixed Income - Municipal-Municipal,37.39,339.723,,,,,12.0,4.4738,,15.48,3.14,,548.249,True,False,True,False,False,False,,3.31,9.15,-1.83,-0.77,0.04,1.6,,,7.57,1333110,,,97.3387,,13.42,8.84,9.10417,-1.6920600000000001,0.71,-0.35000000000000003,-0.2,2026-09-03T00:00:00,1988-10-20T00:00:00,10/20/1988,593308800,2026-08-19T00:00:00
120,GRF,-0.16440000000000002,,,,4.35,10,Morningstar US CEF US Equity,98,Sims Capital Management LLC,False,10.28,-0.27,12.35,2026-08-28T00:00:00,269451100,Eagle Capital Growth,2026-09-03,XGRFX,Equity-U.S. Equity,,40.789,,,,,10.0,,,,1.28,,49.003,False,False,False,False,False,False,,10.56,10.12,7.57,8.24,2.68,-6.08,,,3.31,30390,,,,,,,10.45547,-13.14637,-1.02,-0.38,-0.71,2026-09-03T00:00:00,1990-07-02T00:00:00,7/2/1990,646876800,2025-11-21T00:00:00
121,ECC,-0.1042,,,,-23.56,19,Morningstar US CEF Senior Loans,42,Eagle Point Credit Management,False,3.87,0.03,4.38,2026-07-31T00:00:00,269808101,Eagle Point Credit Company LLC,2026-09-03,XECCX,Fixed Income - Taxable-Senior Loans,30.45,514.752,,,,,20.0,,,,9.21,,826.215,True,False,False,False,False,False,,-3.1,-9.06,-0.92,-3.43,-12.38,-18.55,,,-32.09,14446770,,,,,,,4.88257,-8.90993,-0.19,1.22,0.29,2026-09-03T00:00:00,2014-10-08T00:00:00,10/8/2014,1412726400,2026-08-11T00:00:00
122,EIC,-0.1838,,,,-4.74,14,Morningstar US CEF High Yield,43,Eagle Point Income Management LLC,False,9.96,0.0,12.35,2026-07-31T00:00:00,269817102,Eagle Point Income Co Inc,2026-09-03,XEICX,Fixed Income - Taxable-High Yield,11.84,229.516,,,,,19.89,10.1647,,,6.36,,319.938,True,False,False,False,False,False,,10.51,2.61,6.21,2.3,-1.4100000000000001,-4.45,,,-18.04,1478060,,,87.475,,,,10.87932,-16.47042,-0.44,0.04,0.01,2026-09-03T00:00:00,2019-07-23T00:00:00,7/23/2019,1563840000,2026-08-11T00:00:00
123,CEV,-0.0225,,,,8.37,22,Morningstar US CEF Municipal-CA,45,Eaton Vance Management,False,10.35,-0.31,10.68,2026-09-02T00:00:00,27826F101,Eaton Vance CA Muni Inc,2026-09-03,XCEVX,Fixed Income - Municipal-Municipal - CA,33.38,72.798,,,,,15.0,6.8647,,,2.48,,112.856,True,True,True,False,False,False,,3.02,8.97,-1.65,-0.37,0.78,10.54,,,19.2,271740,3.0,,101.3992,,,9.77,10.30026,-6.9581,1.85,0.89,1.43,2026-09-03T00:00:00,1999-01-29T00:00:00,1/29/1999,917568000,2026-08-13T00:00:00
124,EOI,-0.060899999999999996,,,,9.92,3,Morningstar US CEF Covered Call,45,Eaton Vance Management,True,20.07,0.14,21.18,2026-09-02T00:00:00,278274105,Eaton Vance Enhanced Equity Income,2026-09-03,XEOIX,Equity-Covered-Call Funds,,822.905,,,,,20.0,,,,1.1,,868.417,False,False,False,False,True,False,,17.35,15.16,10.5,9.23,6.07,3.42,,,2.0,799480,,,,,,,20.10464,-3.93685,-0.85,0.5,-0.34,2026-09-03T00:00:00,2004-10-26T00:00:00,10/26/2004,1098748800,2026-08-14T00:00:00
125,EOS,-0.096,,,,7.66,3,Morningstar US CEF Covered Call,44,Eaton Vance,True,21.64,0.21,23.76,2026-09-02T00:00:00,278277108,Eaton Vance Enhanced Equity Income II,2026-09-03,XEOSX,Equity-Covered-Call Funds,,1153.759,,,,,20.0,,,,1.09,,1266.789,False,False,False,False,True,False,,16.82,15.04,8.13,5.6,2.89,-2.38,,,-2.22,1181710,,,,,,,22.43126,-7.04775,-1.09,-0.84,-0.9500000000000001,2026-09-03T00:00:00,2005-01-26T00:00:00,1/26/2005,1106697600,2026-08-14T00:00:00
126,EFT,-0.1094,,,,1.3,19,Morningstar US CEF Senior Loans,45,Eaton Vance Management,False,10.64,0.0,11.97,2026-09-02T00:00:00,278279104,Eaton Vance Floating-Rate Income,2026-09-03,XEFTX,Fixed Income - Taxable-Senior Loans,31.6,282.791,,,,,20.0,6.7698,,,4.45,,465.139,True,False,False,False,False,False,,6.06,5.75,4.83,2.33,0.53,-0.97,,,-4.2,1124680,,,,,,,11.12039,-9.37025,-1.17,-1.01,-0.89,2026-09-03T00:00:00,2004-06-29T00:00:00,6/29/2004,1088467200,2026-08-14T00:00:00
127,EVV,-0.0875,,,,2.27,16,Morningstar US CEF Limited Duration,44,Eaton Vance,False,9.04,-0.03,9.94,2026-09-02T00:00:00,27828H105,Eaton Vance Limited Duration Income,2026-09-03,XEVVX,Fixed Income - Taxable-Limited Duration,40.95,1050.479,,,,,20.0,6.6631,,0.0,4.04,,1956.214,True,False,False,False,False,False,,7.35,9.05,3.16,2.17,0.4,-2.59,,,-3.69,3240020,,,97.9783,,,,9.66379,-6.28535,-1.51,-1.1,-1.37,2026-09-03T00:00:00,2003-05-30T00:00:00,5/30/2003,1054252800,2026-08-13T00:00:00
128,EIM,-0.0659,,,,5.71,21,Morningstar US CEF Municipal,45,Eaton Vance Management,False,9.5,0.01,10.16,2026-09-02T00:00:00,27827X101,Eaton Vance Municipal Bond,2026-09-03,XEIMX,Fixed Income - Municipal-Municipal,31.12,488.04,,,,,15.0,6.6154,,,2.88,,757.791,True,False,True,False,False,False,,2.5700000000000003,5.88,-1.67,-2.05,0.02,2.6,,,3.76,1531280,7.0,,104.6316,,,8.07,9.84668,-7.03012,0.53,0.78,0.52,2026-09-03T00:00:00,2002-08-30T00:00:00,8/30/2002,1030665600,2026-08-14T00:00:00
129,EVN,0.0192,,,,6.99,21,Morningstar US CEF Municipal,44,Eaton Vance,False,10.58,-0.03,10.4,2026-09-02T00:00:00,27826U108,Eaton Vance Municipal Income,2026-09-03,XEVNX,Fixed Income - Municipal-Municipal,34.44,422.384,,,,,15.0,7.2679,,,2.46,,633.351,True,False,True,False,False,False,,3.7199999999999998,10.08,-1.3599999999999999,-0.41000000000000003,0.99,3.98,,,9.12,771050,7.0,,102.7977,,,7.67,10.8327,0.54105,0.67,0.36,0.92,2026-09-03T00:00:00,1999-01-29T00:00:00,1/29/1999,917568000,2026-08-13T00:00:00
130,EOT,-0.0369,,,,6.8,21,Morningstar US CEF Municipal,45,Eaton Vance Management,False,16.86,-0.1,17.6,2026-09-02T00:00:00,27829L105,Eaton Vance National Municipal Opprs Tr,2026-09-03,XEOTX,Fixed Income - Municipal-Municipal,12.79,263.436,,,,,20.0,5.6835,,,1.25,,315.14,True,False,True,False,False,False,,4.21,6.47,-0.36,-0.97,0.9500000000000001,5.27,,,9.0,369050,20.0,,98.0285,,,9.17,17.08231,-5.57693,0.71,-0.18,0.24,2026-09-03T00:00:00,2009-05-27T00:00:00,5/27/2009,1243382400,2026-08-14T00:00:00
131,ETJ,-0.07780000000000001,,,,2.25,3,Morningstar US CEF Covered Call,45,Eaton Vance Management,True,8.43,0.07,9.13,2026-09-02T00:00:00,27829G106,Eaton Vance Risk-Mgd Divers Eq Inc,2026-09-03,XETJX,Equity-Covered-Call Funds,,567.354,,,,,20.0,,,,1.12,,613.119,False,False,True,False,True,False,,11.15,11.22,6.05,3.9,0.05,2.44,,,3.5,1338660,,,,,,,8.61312,-8.78465,0.49,0.49,0.68,2026-09-03T00:00:00,2007-07-31T00:00:00,7/31/2007,1185840000,2026-08-14T00:00:00
132,EFR,-0.1133,,,,2.09,19,Morningstar US CEF Senior Loans,45,Eaton Vance Management,False,10.48,-0.02,11.83,2026-09-02T00:00:00,27828Q105,Eaton Vance Senior Floating Rate,2026-09-03,XEFRX,Fixed Income - Taxable-Senior Loans,31.13,309.408,,,,,20.0,6.7598,,4.83,3.26,,507.169,True,False,False,False,False,False,,6.16,5.27,5.0,3.04,1.16,-0.36,,,-2.04,1453520,,,,,,,10.87548,-9.89621,-1.07,-1.27,-0.51,2026-09-03T00:00:00,2003-11-24T00:00:00,11/24/2003,1069632000,2026-08-14T00:00:00
133,EVF,-0.1206,,,,2.39,19,Morningstar US CEF Senior Loans,45,Eaton Vance Management,False,4.95,0.01,5.64,2026-09-02T00:00:00,27826S103,Eaton Vance Senior Income,2026-09-03,XEVFX,Fixed Income - Taxable-Senior Loans,35.99,89.943,,,,,10.0,6.8671,,,2.76,,160.097,True,False,False,False,False,False,,6.42,5.09,4.7,2.83,1.4,-0.41000000000000003,,,-2.83,779800,,,,,,,5.1697,-10.03422,-1.23,-1.6099999999999999,-1.21,2026-09-03T00:00:00,1998-10-30T00:00:00,10/30/1998,909705600,2026-08-13T00:00:00
134,EVG,-0.0379,,,,5.75,16,Morningstar US CEF Limited Duration,45,Eaton Vance Management,True,10.6,-0.08,11.07,2026-09-02T00:00:00,27828V104,Eaton Vance Short Duration Divers Inc,2026-09-03,XEVGX,Fixed Income - Taxable-Limited Duration,12.36,142.643,,,,,20.0,5.7273,,,2.77,,169.968,True,False,False,False,True,False,,9.47,11.14,4.85,4.35,2.63,3.7,,,3.13,370780,,,97.5071,,,,10.87943,-3.53289,-0.6,-0.3,0.0,2026-09-03T00:00:00,2005-02-28T00:00:00,2/28/2005,1109548800,2026-08-14T00:00:00
135,ETG,-0.09,,,,29.1,5,Morningstar US CEF Global Equity,45,Eaton Vance Management,False,24.04,0.04,26.32,2026-09-02T00:00:00,27828S101,Eaton Vance Tax Adv Global Dividend Inc,2026-09-03,XETGX,Equity-Global Equity,15.55,1834.779,,,,,20.0,7.0383,,,2.2800000000000002,,2378.793,True,True,False,False,False,False,,20.94,22.15,10.79,9.9,16.39,9.84,,,24.52,1104030,,,,,3.76,,22.4277,-7.37242,-0.99,-0.15,-0.19,2026-09-03T00:00:00,2004-01-30T00:00:00,1/30/2004,1075420800,2026-08-14T00:00:00
136,EVT,-0.0673,,,,25.63,26,Morningstar US CEF US Allocation,45,Eaton Vance Management,True,29.0,0.41000000000000003,30.89,2026-09-02T00:00:00,27828G107,Eaton Vance Tax Advantaged Dividend Inc,2026-09-03,,Hybrid-U.S. Allocation,16.26,2161.741,,,,,20.0,7.0577,,,2.27,,2749.627,True,True,True,False,True,False,,17.19,17.97,9.47,8.47,18.42,20.38,,,27.78,1015550,,,,,4.98,,25.81866,-8.49263,1.74,1.06,1.45,2026-09-03T00:00:00,2003-09-30T00:00:00,9/30/2003,1064880000,2026-08-14T00:00:00
137,ETO,-0.09519999999999999,,,,27.08,25,Morningstar US CEF Global Allocation,45,Eaton Vance Management,True,31.67,0.12,34.83,2026-09-02T00:00:00,27828U106,Eaton Vance Tax-Advantaged Glbl Div Opp,2026-09-03,XETOX,Hybrid-Global Allocation,15.29,519.012,,,,,20.0,7.1114,,,2.26,,673.799,True,True,False,False,True,False,,19.91,20.38,9.81,7.75,15.06,9.64,,,24.39,316000,,,,,3.63,,29.39676,-8.99317,-0.73,0.5,0.12,2026-09-03T00:00:00,2004-04-30T00:00:00,4/30/2004,1083283200,2026-08-14T00:00:00
138,ETB,-0.0821,,,,16.8,3,Morningstar US CEF Covered Call,45,Eaton Vance Management,True,15.64,0.04,17.05,2026-09-02T00:00:00,27828X100,Eaton Vance Tax-Managed Buy-Write Income,2026-09-03,XETBX,Equity-Covered-Call Funds,,459.421,,,,,20.0,,,,1.12,,500.839,False,True,False,False,True,False,,15.2,15.0,9.82,7.74,9.74,8.8,,,14.46,518480,,,,,,,15.23379,-7.28247,-1.74,-1.01,-1.25,2026-09-03T00:00:00,2005-04-27T00:00:00,4/27/2005,1114560000,2026-08-14T00:00:00
139,ETV,-0.051399999999999994,,,,17.26,3,Morningstar US CEF Covered Call,45,Eaton Vance Management,True,15.3,0.1,16.15,2026-09-02T00:00:00,27828Y108,Eaton Vance Tax-Managed Buy-Write Opp,2026-09-03,XETVX,Equity-Covered-Call Funds,,1786.345,,,,,20.0,,,,1.08,,1885.586,False,True,True,False,True,False,,16.4,16.15,9.1,7.66,8.71,12.99,,,19.26,1790220,,,,,,,14.4948,-7.1302,0.89,-0.33,0.5700000000000001,2026-09-03T00:00:00,2005-06-27T00:00:00,6/27/2005,1119830400,2026-08-14T00:00:00
140,ETY,-0.0827,,,,10.32,3,Morningstar US CEF Covered Call,45,Eaton Vance Management,True,14.5,0.18,15.72,2026-09-02T00:00:00,27828N102,Eaton Vance Tax-Managed Divrs Equity Inc,2026-09-03,XETYX,Equity-Covered-Call Funds,,2309.569,,,,,20.0,,,,1.06,,2503.891,False,False,False,False,True,False,,16.94,14.88,10.79,8.45,6.09,-0.37,,,-0.99,2325700,,,,,,,14.94649,-3.73849,-1.42,-0.79,-1.26,2026-09-03T00:00:00,2006-11-27T00:00:00,11/27/2006,1164585600,2026-08-14T00:00:00
141,EXG,-0.0674,,,,24.05,3,Morningstar US CEF Covered Call,45,Eaton Vance Management,True,10.0,0.15,10.69,2026-09-02T00:00:00,27829F108,Eaton Vance Tax-Mgd Glb Divrs Equity Inc,2026-09-03,XEXGX,Equity-Covered-Call Funds,,3059.36,,,,,20.0,,,,1.07,,3261.278,False,True,True,False,True,False,,16.7,18.64,9.15,7.75,13.02,10.77,,,21.67,4513920,,,,,,,9.3851,-6.81727,-0.33,1.26,0.84,2026-09-03T00:00:00,2007-02-23T00:00:00,2/23/2007,1172188800,2026-08-14T00:00:00
142,ETW,-0.0959,,,,20.65,3,Morningstar US CEF Covered Call,44,Eaton Vance,True,9.870000000000001,0.07,10.84,2026-09-02T00:00:00,27829C105,Eaton Vance Tx-Mgd Glbl Buy-Write Opp,2026-09-03,XETWX,Equity-Covered-Call Funds,,1071.86,,,,,20.0,,,,1.1,,1177.2,False,True,True,False,True,False,,16.02,17.6,8.39,6.97,12.08,13.49,,,19.72,3132860,,,,,,,9.27751,-10.07146,0.26,1.09,0.8200000000000001,2026-09-03T00:00:00,2005-09-28T00:00:00,9/28/2005,1127865600,2026-08-14T00:00:00
143,EARN,0.09449999999999999,,,,-17.94,19,Morningstar US CEF Senior Loans,46,Ellington Credit Co Management LLC,True,4.38,-0.2,4.18,2026-06-30T00:00:00,288578107,Ellington Credit Company,2026-09-03,EARN,Fixed Income - Taxable-Senior Loans,52.01,167.19,,,,,5.5,,,,8.65,,319.722,True,False,True,False,True,False,,,-4.51,,-12.97,-10.89,-4.28,,,-6.13,3971790,,,,,,,4.93912,-2.86135,0.98,0.02,0.42,2026-09-03T00:00:00,2025-04-01T00:00:00,4/1/2025,1743465600,2026-08-31T00:00:00
144,ECF,-0.132,,,,21.73,11,Morningstar US CEF Convertibles,60,Gabelli Funds LLC,False,12.29,0.1,14.02,2026-09-02T00:00:00,289074106,Ellsworth Growth and Income Fund,2026-09-03,XECFX,Fixed Income - Taxable-Convertibles,13.66,167.856,,,,,10.0,2.3543,,,1.22,,221.789,True,True,False,False,False,False,,20.66,20.37,5.3,4.35,15.25,9.14,,,20.81,314910,,,,,52.2,,12.18109,-10.78225,-1.58,-1.8900000000000001,-1.9500000000000002,2026-09-03T00:00:00,1986-06-20T00:00:00,6/20/1986,519609600,2026-06-15T00:00:00
145,EEA,-0.1411,,,,16.29,5,Morningstar US CEF Global Equity,40,DWS,False,11.0601,0.05,12.83,2026-09-02T00:00:00,298768102,European Equity Fund,2026-09-03,XEEAX,Equity-Global Equity,0.32,74.387,,,,,10.0,,,,1.42,,86.291,True,True,False,False,False,False,,13.15,15.18,5.87,6.77,11.15,10.49,,,15.3,283680,,,,,,,10.72255,-13.98701,-0.35000000000000003,0.5,0.58,2026-09-03T00:00:00,1986-07-23T00:00:00,7/23/1986,522460800,2026-05-26T00:00:00
146,ETX,0.0067,,,,2.62,21,Morningstar US CEF Municipal,45,Eaton Vance Management,False,18.1529,0.0,18.04,2026-09-02T00:00:00,27829U105,EV Municipal Income 2028 Term Trust,2026-09-03,XETTX,Fixed Income - Municipal-Municipal,3.2800000000000002,197.795,,,,,20.0,4.4384,,,0.89,,203.235,True,False,False,False,False,True,,3.73,7.32,0.86,-0.27,1.4,0.47000000000000003,,,0.61,177080,2.0,,101.174,,,2.12,18.84087,2.51499,-1.42,-0.91,-1.2,2026-09-03T00:00:00,2013-03-26T00:00:00,3/26/2013,1364256000,2026-08-14T00:00:00
147,FMN,-0.09050000000000001,,,,7.03,21,Morningstar US CEF Municipal,47,Federated Advisers,False,10.91,-0.08,11.93,2026-09-02T00:00:00,31423P108,Federated Premier Municipal Income,2026-09-03,XFMNX,Fixed Income - Municipal-Municipal,38.07,85.302,,,,,15.0,5.0469,,,3.7,,150.627,True,False,True,False,False,False,,4.03,7.15,-1.43,-2.66,-0.03,3.2800000000000002,,,9.4,265110,15.72,,103.46340000000001,,13.75,8.69,11.14206,-10.20714,1.81,1.03,1.21,2026-09-03T00:00:00,2002-12-20T00:00:00,12/20/2002,1040342400,2026-08-21T00:00:00
148,FFA,-0.09230000000000001,,,,21.63,3,Morningstar US CEF Covered Call,49,First Trust Advisors L.P.,True,23.32,0.23,25.57,2026-09-02T00:00:00,337318109,First Trust Enhanced Equity Income,2026-09-03,XFFAX,Equity-Covered-Call Funds,,466.122,,,,,20.0,,,,1.12,,511.095,False,True,False,False,True,False,,19.3,16.95,11.13,9.27,11.48,9.8,,,18.03,264540,,,,,,,21.96582,-8.87315,-0.66,0.23,0.03,2026-09-03T00:00:00,2004-08-26T00:00:00,8/26/2004,1093478400,2026-06-22T00:00:00
149,FTHY,-0.0349,,,,2.09,14,Morningstar US CEF High Yield,49,First Trust Advisors L.P.,True,13.28,0.01,13.77,2026-09-02T00:00:00,33741Q107,FIRST TRUST HY OPPORTUNITIES 2027 Term,2026-09-03,XFTHYX,Fixed Income - Taxable-High Yield,21.54,488.345,,,,,20.0,6.43,,,3.5,,645.364,True,False,True,False,True,True,,6.64,10.37,1.65,1.74,-0.02,2.34,,,1.78,1007510,,,98.6569,,,,13.85017,-4.26402,0.56,-0.39,0.35000000000000003,2026-09-03T00:00:00,2020-06-25T00:00:00,6/25/2020,1593043200,2026-09-01T00:00:00
150,FPF,-0.0529,,,,4.33,18,Morningstar US CEF Preferreds,49,First Trust Advisors L.P.,False,17.45,-0.18,18.54,2026-09-02T00:00:00,33718W103,First Trust Inter Dur Pref & Income Fund,2026-09-03,XFPFX,Fixed Income - Taxable-Preferreds,36.66,1061.795,,,,,25.0,7.3995,,,4.2,,1781.061,True,False,False,False,False,False,,11.18,15.27,2.13,0.85,-0.1,0.99,,,1.06,1194160,,,101.3111,,5.93,,18.44456,-5.24631,-0.59,-0.55,-0.36,2026-09-03T00:00:00,2013-05-23T00:00:00,5/23/2013,1369267200,2026-09-01T00:00:00
151,FMY,-0.0616,,,,3.13,15,Morningstar US CEF Investment Grade,49,First Trust Advisors L.P.,False,11.84,0.21,12.34,2026-09-02T00:00:00,33734E103,First Trust Mortgage Income,2026-09-03,XFMYX,Fixed Income - Taxable-Investment Grade,7.11,49.883,,,,,20.0,5.027,,,1.4,,51.99,True,False,True,False,False,False,,7.49,8.6,3.71,3.26,0.8200000000000001,-0.1,,,1.33,60950,,,90.346,,,,11.91853,-6.20415,1.79,3.13,2.45,2026-09-03T00:00:00,2005-05-25T00:00:00,5/25/2005,1116979200,2026-09-01T00:00:00
152,DFP,-0.0794,,,,5.48,18,Morningstar US CEF Preferreds,51,Flaherty &amp; Crumrine Inc,False,20.31,-0.11,22.16,2026-09-02T00:00:00,33848W106,Flah & Crum Dynamic Pref & Income Fund,2026-09-03,XDFPX,Fixed Income - Taxable-Preferreds,37.78,417.13,,,,,25.0,7.3869,,,4.3,,731.425,True,False,False,False,False,False,,11.18,12.91,2.64,0.42,1.87,3.59,,,5.46,535980,,,102.9091,,7.14,,21.03432,-7.16746,-0.92,-0.6,-0.56,2026-09-03T00:00:00,2013-05-24T00:00:00,5/24/2013,1369353600,2026-08-24T00:00:00
153,FFC,-0.08109999999999999,,,,5.73,18,Morningstar US CEF Preferreds,51,Flaherty &amp; Crumrine Inc,False,15.8,-0.06,17.14,2026-09-02T00:00:00,338478100,Flah&Crum Preferred Securities,2026-09-03,XFFCX,Fixed Income - Taxable-Preferreds,37.81,761.211,,,,,25.0,7.3168,,,4.1,,1327.769,True,False,False,False,False,False,,11.55,13.71,2.62,0.16,2.06,1.43,,,5.65,1064840,,,102.3775,,7.28,,16.32201,-6.8431,-0.81,-0.91,-0.14,2026-09-03T00:00:00,2003-01-31T00:00:00,1/31/2003,1043971200,2026-08-24T00:00:00
154,FLC,-0.10279999999999999,,,,5.33,18,Morningstar US CEF Preferreds,51,Flaherty &amp; Crumrine Inc,False,16.48,-0.06,18.38,2026-09-02T00:00:00,338479108,Flah&Crum Total Return Fund,2026-09-03,XFLCX,Fixed Income - Taxable-Preferreds,38.14,172.328,,,,,25.0,7.4035,,,4.5600000000000005,,310.696,True,False,False,False,False,False,,11.08,12.79,2.37,-0.09,1.71,-0.79,,,3.47,218720,,,103.068,,7.57,,17.23743,-8.346260000000001,-1.6600000000000001,-1.6400000000000001,-1.54,2026-09-03T00:00:00,2003-08-29T00:00:00,8/29/2003,1062115200,2026-08-24T00:00:00
155,PFD,-0.08039999999999999,,,,5.21,18,Morningstar US CEF Preferreds,50,Flaherty &amp; Crumrine,False,11.33,-0.04,12.31,2026-09-02T00:00:00,338480106,Flaherty & Crumrine Preferred Income,2026-09-03,XPFDX,Fixed Income - Taxable-Preferreds,36.54,145.619,,,,,15.0,7.2969,,,4.31,,249.315,True,False,False,False,False,False,,10.86,12.86,2.5,0.06,1.9,0.97,,,6.76,265140,,,103.0638,,7.33,,11.64931,-7.38431,-0.66,-0.15,0.13,2026-09-03T00:00:00,1991-01-31T00:00:00,1/31/1991,665280000,2026-08-24T00:00:00
156,PFO,-0.1016,,,,5.2,18,Morningstar US CEF Preferreds,51,Flaherty &amp; Crumrine Inc,False,9.02,-0.02,10.04,2026-09-02T00:00:00,33848E106,Flaherty & Crumrine Preferred Income Opp,2026-09-03,XPFOX,Fixed Income - Taxable-Preferreds,38.04,117.957,,,,,12.5,7.4124,,,4.62,,211.896,True,False,False,False,False,False,,11.0,13.14,2.38,0.02,1.9,0.58,,,4.68,311210,,,102.9109,,7.54,,9.37151,-8.64675,-1.19,-1.18,-0.88,2026-09-03T00:00:00,1992-02-13T00:00:00,2/13/1992,697939200,2026-08-24T00:00:00
157,FXBY,-0.3418,,,,22.6,10,Morningstar US CEF US Equity,73,Midas Management Corporation,False,24.8916,0.0,37.82,2026-09-02T00:00:00,351645205,FOXBY CORP,2026-09-03,,Equity-U.S. Equity,13.61,12.986,,,,,10.0,,,,2.98,,22.568,True,True,True,False,False,False,,24.72,31.79,13.92,16.52,16.2,7.06,,,35.4,2600,,,,,,,22.07491,-34.78113,-0.03,1.46,0.35000000000000003,2026-09-03T00:00:00,1999-10-29T00:00:00,10/29/1999,941155200,2025-12-15T00:00:00
158,FTF,-0.08869999999999999,,,,3.9,16,Morningstar US CEF Limited Duration,53,"Franklin Advisers, Inc.",True,5.74,-0.04,6.31,2026-09-02T00:00:00,35472T101,Franklin Limited Duration Income Trust,2026-09-03,XFTFX,Fixed Income - Taxable-Limited Duration,28.95,231.927,,,,,15.0,6.7342,,,3.66,,358.848,True,False,False,False,True,False,,7.06,9.78,3.56,2.69,3.04,1.9500000000000002,,,1.6099999999999999,1894970,,,98.5867,,5.86,,6.02117,-7.99278,-0.91,-0.35000000000000003,-0.58,2026-09-03T00:00:00,2003-08-27T00:00:00,8/27/2003,1061942400,2026-08-24T00:00:00
159,PMM,-0.0436,,,,7.69,21,Morningstar US CEF Municipal,53,"Franklin Advisers, Inc.",False,6.12,-0.06,6.42,2026-09-02T00:00:00,746823103,Franklin Managed Municipal Income,2026-09-03,XPMMX,Fixed Income - Municipal-Municipal,30.04,262.14,,,,,10.0,5.017,,,1.06,,393.041,True,False,True,False,False,False,,5.4,7.83,-0.34,-1.28,0.59,2.94,,,12.07,992430,,,94.3248,,13.46,9.47,6.22988,-6.67692,1.17,-0.02,0.66,2026-09-03T00:00:00,1989-02-24T00:00:00,2/24/1989,604281600,2026-08-24T00:00:00
160,PIM,-0.0541,,,,3.37,15,Morningstar US CEF Investment Grade,53,"Franklin Advisers, Inc.",False,3.16,-0.01,3.33,2026-09-02T00:00:00,746909100,Franklin Master Intermediate Income,2026-09-03,XPIMX,Fixed Income - Taxable-Investment Grade,37.0,152.263,,,,,10.0,5.6026,,,1.02,,254.677,True,False,False,False,False,False,,7.18,9.17,3.33,3.18,1.65,0.91,,,3.27,954480,,,92.1741,,,,3.26855,-4.6338799999999996,-0.27,1.12,0.68,2026-09-03T00:00:00,1988-04-29T00:00:00,4/29/1988,578275200,2026-08-24T00:00:00
161,PMO,-0.06269999999999999,,,,6.67,21,Morningstar US CEF Municipal,53,"Franklin Advisers, Inc.",False,10.17,-0.01,10.84,2026-09-02T00:00:00,746922103,Franklin Municipal Opportunities,2026-09-03,XPMOX,Fixed Income - Municipal-Municipal,35.01,278.653,,,,,15.0,4.9449000000000005,21.2967,17.07,1.04,,456.975,True,False,True,True,False,False,,4.48,5.71,-0.53,-2.39,-0.37,-0.91,,,8.62,643870,,,96.3899,,13.34,9.36,10.45186,-7.57749,1.32,0.75,1.24,2026-09-03T00:00:00,1993-05-28T00:00:00,5/28/1993,738547200,2026-08-24T00:00:00
162,PPT,-0.0579,,,,3.29,13,Morningstar US CEF Global Income,53,"Franklin Advisers, Inc.",False,3.4,-0.02,3.63,2026-09-02T00:00:00,746853100,Franklin Premier Income,2026-09-03,XPPTX,Fixed Income - Taxable-Global Income,30.29,324.93,,,,,10.0,5.5877,,,0.9400000000000001,,497.659,True,False,False,False,False,False,,7.16,8.44,3.42,2.9699999999999998,1.57,3.14,,,1.83,1595190,,,92.1578,,,,3.54742,-5.54994,-0.77,0.23,-0.22,2026-09-03T00:00:00,1988-02-29T00:00:00,2/29/1988,573091200,2026-08-24T00:00:00
163,FT,-0.1079,,,,7.39,26,Morningstar US CEF US Allocation,53,"Franklin Advisers, Inc.",False,7.69,0.02,8.62,2026-09-03T00:00:00,355145103,Franklin Universal Trust,2026-09-03,XFUTX,Hybrid-U.S. Allocation,21.69,193.264,,,,,10.0,7.2423,,,2.99,,276.637,True,False,False,False,False,False,,12.0,11.98,5.91,5.16,4.06,0.54,,,3.61,447740,,,88.5569,,4.99,,8.03141,-8.14148,-2.33,-2.67,-2.67,2026-09-03T00:00:00,1988-09-23T00:00:00,9/23/1988,590976000,2026-08-24T00:00:00
164,FSCO,-0.264,,,,7.86,17,Morningstar US CEF Multi-Sector,56,FS Global Advisor LLC,True,5.26,0.07,7.12,2026-09-02T00:00:00,30290Y101,FS Credit Opportunities Corp.,2026-09-03,XFSCX,Fixed Income - Taxable-Multi-Sector,32.58,1043.352,,,,,,,,,7.0,,2094.845,True,False,False,False,True,False,,12.0,11.86,,,7.27,-9.78,,,-20.98,14653940,,,,,,,5.70494,-19.97891,-0.58,2.43,1.45,2026-09-03T00:00:00,2022-11-14T00:00:00,11/14/2022,1668384000,2026-08-24T00:00:00
165,FSSL,-0.34119999999999995,,,,,19,Morningstar US CEF Senior Loans,57,FS Specialty Lending Advisor LLC,True,11.89,0.08,17.91,2026-09-02T00:00:00,644323107,FS Specialty Lending Fund,2026-09-03,FSSL,Fixed Income - Taxable-Senior Loans,27.48,902.662,,,,,14.12,,,,6.14,,1874.902,True,True,True,False,True,False,,,,,,4.6,-8.53,,,,0,,,92.6454,,,,,,,2.18,0.52,2026-09-03T00:00:00,2025-11-13T00:00:00,11/13/2025,1762992000,2026-08-24T00:00:00
166,VCX,5.903,,,,66.4,8,Morningstar US CEF Sector Equity,58,"Fundrise Advisors, LLC",False,36.99,0.0,18.97,2026-03-31T00:00:00,360852107,Fundrise Innovation Common Share,2026-09-03,XVCX,Equity-Sector Equity,,,,,,,,6.2108,,,0.0,,,False,True,True,False,False,False,,23.59,,,,,,,,,0,,,88.8115,,,,,,,,,2026-09-03T00:00:00,2022-07-25T00:00:00,7/25/2022,1658707200,
167,GCV,0.0111,,,,19.72,26,Morningstar US CEF US Allocation,59,Gabelli,True,4.54,0.02,4.5,2026-09-02T00:00:00,36240B109,Gabelli Conv Inc Secs,2026-09-03,XGCVX,Hybrid-U.S. Allocation,6.28,91.47,,,,,11.25,2.2444,,,2.07,,96.739,True,True,True,False,True,False,,16.23,17.83,2.9699999999999998,4.39,14.56,15.96,,,25.24,621210,,,,,,,4.40858,-1.24115,0.36,-0.08,-0.01,2026-09-03T00:00:00,1995-03-31T00:00:00,3/31/1995,796608000,2026-06-15T00:00:00
168,GDV,-0.1152,,,,18.05,10,Morningstar US CEF US Equity,60,Gabelli Funds LLC,True,30.16,0.24,33.78,2026-09-02T00:00:00,36242H104,Gabelli Dividend & Income,2026-09-03,XGDVX,Equity-U.S. Equity,13.99,2659.131,,,,,20.0,,,,1.83,,3462.731,True,True,False,False,True,False,,17.11,20.26,8.35,8.77,14.02,13.18,,,19.1,1054030,,,,,0.19,,28.34128,-10.72867,-1.21,-0.87,-1.07,2026-09-03T00:00:00,2003-11-28T00:00:00,11/28/2003,1069977600,2026-08-17T00:00:00
169,GAB,-0.0358,,,,16.36,10,Morningstar US CEF US Equity,59,Gabelli,True,5.69,0.07,5.87,2026-09-02T00:00:00,362397101,Gabelli Equity,2026-09-03,XGABX,Equity-U.S. Equity,14.74,1947.78,,,,,10.0,,,,1.6099999999999999,,2356.851,True,False,False,False,True,False,,16.29,13.61,9.17,7.37,12.53,-1.52,,,4.7,7703180,,,,,0.37,0.31,5.86582,1.4207100000000001,-0.84,1.02,0.05,2026-09-03T00:00:00,1986-08-21T00:00:00,8/21/1986,524966400,2026-06-15T00:00:00
170,GGZ,-0.1023,,,,15.32,5,Morningstar US CEF Global Equity,59,Gabelli,False,16.36,0.17,18.17,2026-09-02T00:00:00,36249W104,Gabelli Global Small & Mid Cap Value Tru,2026-09-03,XGGZX,Equity-Global Equity,22.22,126.097,,,,,12.0,,,,2.31,,180.047,True,True,True,False,False,False,,14.23,18.34,4.71,5.96,13.06,12.44,,,20.26,87330,,,,,0.24,0.18,15.38309,-11.43033,0.46,0.34,-0.01,2026-09-03T00:00:00,2014-06-23T00:00:00,6/23/2014,1403481600,2026-06-15T00:00:00
171,GLU,-0.0383,,,,18.06,8,Morningstar US CEF Sector Equity,60,Gabelli Funds LLC,True,19.115,0.02,19.95,2026-09-02T00:00:00,36242L105,Gabelli Global Utility & Income,2026-09-03,XGLUX,Equity-Sector Equity,17.83,114.45,,,,,20.0,,,,1.35,,145.374,True,False,False,False,True,False,,18.34,19.43,6.16,6.05,13.63,3.73,,,13.88,93860,,,,,0.14,0.11,19.22878,-0.81762,-1.26,-0.45,-0.85,2026-09-03T00:00:00,2004-05-25T00:00:00,5/25/2004,1085443200,2026-08-17T00:00:00
172,GRX,-0.11019999999999999,,,,12.82,8,Morningstar US CEF Sector Equity,59,Gabelli,False,10.09,0.05,11.34,2026-09-02T00:00:00,36246K103,Gabelli Healthcare & Wellness Trust,2026-09-03,XXGRX,Equity-Sector Equity,29.3,151.861,,,,,8.0,,,,3.17,,241.395,True,True,False,False,False,False,,4.82,8.36,-0.9400000000000001,0.11,10.04,7.84,,,13.72,292150,,,,,0.22,0.15,9.43069,-10.16843,-1.07,-0.8200000000000001,-1.19,2026-09-03T00:00:00,2007-06-19T00:00:00,6/19/2007,1182211200,2026-06-15T00:00:00
173,GGT,0.1038,,,,19.48,8,Morningstar US CEF Sector Equity,59,Gabelli,False,4.05,0.0,3.66,2026-09-02T00:00:00,36239Q109,Gabelli Multimedia,2026-09-03,XGGTX,Equity-Sector Equity,33.08,155.43,,,,,7.5,,,,2.13,,209.888,True,False,True,False,False,False,,20.99,5.95,1.92,0.34,12.27,11.82,,,18.65,2616910,,,,,0.27,,4.154,9.95775,-0.2,-1.07,-0.6,2026-09-03T00:00:00,1994-11-15T00:00:00,11/15/1994,784857600,2026-08-17T00:00:00
174,GUT,1.194,,,,14.67,8,Morningstar US CEF Sector Equity,59,Gabelli,False,6.49,0.04,2.99,2026-09-02T00:00:00,36240A101,Gabelli Utility Trust,2026-09-03,XGUTX,Equity-Sector Equity,15.04,580.114,,,,,7.5,,,,1.52,,314.588,True,True,True,False,False,False,,16.83,10.01,7.82,6.17,11.1,13.75,,,20.01,1977020,,,,,0.19,0.17,6.16525,95.28263,1.94,0.93,1.31,2026-09-03T00:00:00,1999-07-09T00:00:00,7/9/1999,931478400,2026-08-17T00:00:00
175,GGN,-0.0925,,,,36.52,8,Morningstar US CEF Sector Equity,59,Gabelli,True,5.64,0.08,6.16,2026-09-02T00:00:00,36465A109,GAMCO Global Gold Natural Resources&Inc,2026-09-03,XGGNX,Equity-Sector Equity,7.41,881.108,,,,,20.0,6.2544,,,1.29,,1039.394,True,True,False,False,True,False,,26.08,23.99,19.53,17.65,17.36,14.18,,,27.56,6066820,,,,,0.58,0.53,5.18787,-6.44108,-0.97,-0.78,-1.09,2026-09-03T00:00:00,2005-03-29T00:00:00,3/29/2005,1112054400,2026-08-17T00:00:00
176,GNT,0.0044,,,,31.53,3,Morningstar US CEF Covered Call,60,Gabelli Funds LLC,False,9.22,0.1,9.06,2026-09-02T00:00:00,36465E101,"GAMCO Natural Resources, Gold & Inc Tr",2026-09-03,XGNTX,Equity-Covered-Call Funds,16.38,149.235,,,,,20.0,6.2672,,,1.9500000000000002,,175.369,True,True,True,False,False,False,,22.28,31.48,15.79,19.63,15.54,31.2,,,47.02,982280,,,,,0.89,0.74,7.9921,-4.38272,1.11,-0.84,0.44,2026-09-03T00:00:00,2011-01-27T00:00:00,1/27/2011,1296086400,2026-08-17T00:00:00
177,GDL,-0.2184,,,,5.88,26,Morningstar US CEF US Allocation,60,Gabelli Funds LLC,True,8.4153,0.02,10.76,2026-09-02T00:00:00,361570104,GDL Fund,2026-09-03,XGDLX,Hybrid-U.S. Allocation,10.05,92.228,,,,,20.0,,,,3.27,,131.095,True,False,False,False,True,False,,6.46,8.24,4.93,4.49,5.48,3.77,,,4.5,99440,,,,,0.19,0.17,8.46322,-20.59923,-1.46,-1.3,-1.45,2026-09-03T00:00:00,2007-01-25T00:00:00,1/25/2007,1169683200,2026-06-15T00:00:00
178,GAM,-0.1076,,,,22.26,10,Morningstar US CEF US Equity,61,General American Investors Co Inc,False,67.15,0.42,75.25,2026-09-03T00:00:00,368802104,General American Investors,2026-09-03,XGAMX,Equity-U.S. Equity,9.58,1600.326,,,,,10.0,,,,1.07,,1983.405,True,True,False,False,False,False,,22.33,27.53,13.77,16.46,14.7,13.45,,,23.34,243250,,,,,0.03,,62.23105,-10.64184,-0.16,0.77,0.14,2026-09-03T00:00:00,1927-02-01T00:00:00,2/1/1927,-1354320000,2025-11-17T00:00:00
179,GUG,-0.0622,,,,6.52,25,Morningstar US CEF Global Allocation,62,Guggenheim Funds Investment Advisors LLC,False,15.5,0.15,16.4,2026-09-02T00:00:00,40170T106,Guggenheim Active Allocation Fund,2026-09-03,XGUGX,Hybrid-Global Allocation,24.58,511.191,,,,,20.0,5.8288,,,3.19,,717.168,True,False,False,False,False,False,,9.65,12.57,,,3.31,4.46,,,4.6,816370,,,95.2765,,,,15.659790000000001,-6.0241,0.16,-0.28,-0.37,2026-09-03T00:00:00,2021-11-23T00:00:00,11/23/2021,1637625600,2026-08-14T00:00:00
180,GOF,-0.087,,,,9.06,17,Morningstar US CEF Multi-Sector,62,Guggenheim Funds Investment Advisors LLC,False,9.45,0.11,10.33,2026-09-02T00:00:00,40167F101,Guggenheim Strategic Opp Fund,2026-09-03,XGOFX,Fixed Income - Taxable-Multi-Sector,21.11,2111.581,,,,,20.0,5.7615,,,1.9700000000000002,,2920.023,True,False,False,False,False,False,,13.89,-0.68,7.89,-1.02,3.7199999999999998,-17.13,,,-24.38,16489470,,,98.0989,,,,12.01054,8.37854,-1.85,-2.33,-3.06,2026-09-03T00:00:00,2007-07-26T00:00:00,7/26/2007,1185408000,2026-08-14T00:00:00
181,GBAB,-0.0292,,,,3.8200000000000003,20,Morningstar US CEF Taxable Muni,62,Guggenheim Funds Investment Advisors LLC,False,13.64,0.07,14.03,2026-09-02T00:00:00,401664107,Guggenheim Tax Muni & Inv Grade Debt Tr,2026-09-03,XGBAX,Fixed Income - Taxable-Taxable Muni,29.18,377.821,,,,,20.0,5.7718,,,2.83,,548.772,True,False,False,False,False,False,,6.78,5.99,-0.9,-2.5700000000000003,0.63,-1.7000000000000002,,,-2.63,875520,12.76,,96.372,,5.22,,14.77228,0.02099,-1.48,-1.3,-1.01,2026-09-03T00:00:00,2010-10-26T00:00:00,10/26/2010,1288051200,2026-08-14T00:00:00
182,HERZ,-0.1563,,,,-1.08,10,Morningstar US CEF US Equity,104,Thomas J Herzfeld Advisors Inc,False,15.935,0.62,19.24,2026-07-31T00:00:00,42804T205,Herzfeld Credit Income Fund,2026-09-03,HERZ,Equity-U.S. Equity,,310.472,,,,,5.2,,,,3.5700000000000003,,371.554,False,False,False,False,False,False,,9.38,15.57,4.4,6.31,-6.91,-24.32,,,-9.02,109810,,,,,,,19.63202,-11.92123,-0.99,-0.76,-0.7000000000000001,2026-09-03T00:00:00,1994-05-20T00:00:00,5/20/1994,769392000,2026-08-17T00:00:00
183,PCF,-0.1362,,,,0.04,11,Morningstar US CEF Convertibles,22,Bulldog Investors LLP,False,5.57,0.15,6.39,2026-08-28T00:00:00,42968F108,High Income Securities,2026-09-03,XPCFX,Fixed Income - Taxable-Convertibles,1.06,104.251,,,,,7.5,5.0759,,21.21,1.65,,119.598,True,False,False,False,False,False,,8.11,5.66,5.5,1.13,-1.48,-2.75,,,-4.28,761300,,,,,,,5.86772,-12.62356,-0.1,1.77,0.89,2026-09-03T00:00:00,1987-07-09T00:00:00,7/9/1987,552787200,2026-08-18T00:00:00
184,HGLB,-0.3508,,,,2.67,25,Morningstar US CEF Global Allocation,78,"NexPoint Asset Management, L.P.",False,7.47,0.05,11.46,2026-09-02T00:00:00,43010T104,Highland Global Allocation Fund,2026-09-03,XHGLX,Hybrid-Global Allocation,2.79,176.221,,,,,15.0,9.7875,,,1.35,,268.459,True,False,False,False,False,False,,8.85,11.18,9.12,7.99,0.25,-10.63,,,-1.71,779820,,,,,0.31,,8.58595,-30.14692,-1.18,0.85,-0.55,2026-09-03T00:00:00,1998-01-05T00:00:00,1/5/1998,883958400,2026-08-24T00:00:00
185,HFRO,-0.3822,,,,7.06,19,Morningstar US CEF Senior Loans,78,"NexPoint Asset Management, L.P.",True,7.29,-0.11,11.93,2026-09-02T00:00:00,43010E404,Highland Opportunities and Income Ord,2026-09-03,XHFOX,Fixed Income - Taxable-Senior Loans,17.52,403.78,,,,,15.0,8.0186,,,2.18,,797.769,True,True,True,False,True,False,,-0.5,4.47,1.8599999999999999,0.31,7.09,29.05,,,27.83,1393240,,,,,,,6.46614,-44.2536,1.37,-0.19,0.85,2026-09-03T00:00:00,2000-01-13T00:00:00,1/13/2000,947721600,2026-08-24T00:00:00
186,VKI,0.023399999999999997,,,,7.61,21,Morningstar US CEF Municipal,65,"Invesco Advisers, Inc",False,8.75,-0.07,8.55,2026-09-02T00:00:00,46132E103,Invesco Adv Muni Inc II,2026-09-03,XVKIX,Fixed Income - Municipal-Municipal,37.81,388.608,,,,,15.0,5.1931,,20.22,3.33,,610.551,True,False,True,False,False,False,,3.63,10.85,-1.34,-0.79,0.58,3.4,,,16.65,1245620,17.15,,96.6445,,10.05,8.68,8.97511,0.0018900000000000002,0.86,-0.29,0.42,2026-09-03T00:00:00,1993-08-27T00:00:00,8/27/1993,746409600,2026-08-17T00:00:00
187,VBF,-0.0812,,,,1.9,15,Morningstar US CEF Investment Grade,65,"Invesco Advisers, Inc",False,14.6,-0.03,15.87,2026-09-02T00:00:00,46132L107,Invesco Bond,2026-09-03,XVBFX,Fixed Income - Taxable-Investment Grade,,166.806,,,,,20.0,5.6338,,15.48,0.5700000000000001,,181.316,False,False,False,False,False,False,,5.4,5.29,-0.41000000000000003,-0.97,-0.47000000000000003,-1.43,,,-0.03,503270,,,96.9961,,,,15.24072,-6.93376,-1.32,-1.27,-1.3,2026-09-03T00:00:00,1970-10-28T00:00:00,10/28/1970,25920000,2026-08-17T00:00:00
188,VCV,0.059800000000000006,,,,8.25,22,Morningstar US CEF Municipal-CA,65,"Invesco Advisers, Inc",False,10.28,-0.02,9.71,2026-09-02T00:00:00,46132H106,Invesco CA Value,2026-09-03,XVCVX,Fixed Income - Municipal-Municipal - CA,40.01,498.672,,,,,15.0,5.1828,,20.77,3.35,,785.118,True,False,True,False,False,False,,3.35,11.35,-1.23,0.03,-0.12,-1.02,,,10.59,994160,15.53,,94.3565,,11.52,8.96,10.77879,4.95953,0.51,0.78,0.97,2026-09-03T00:00:00,1993-04-30T00:00:00,4/30/1993,736128000,2026-08-17T00:00:00
189,VLT,-0.0767,,,,5.39,14,Morningstar US CEF High Yield,65,"Invesco Advisers, Inc",False,9.870000000000001,0.02,10.68,2026-09-02T00:00:00,46131F101,Invesco High Income II,2026-09-03,XVLTX,Fixed Income - Taxable-High Yield,30.52,64.266,,,,,60.0,6.9603,,6.78,3.41,,100.09,True,False,False,False,False,False,,8.24,9.39,3.13,1.96,2.45,-5.16,,,-1.75,176770,,,99.0033,,,,10.71658,-2.64274,-1.96,-1.65,-2.1,2026-09-03T00:00:00,1989-04-28T00:00:00,4/28/1989,609724800,2026-08-17T00:00:00
190,VMO,-0.0105,,,,7.52,21,Morningstar US CEF Municipal,65,"Invesco Advisers, Inc",False,9.45,-0.08,9.55,2026-09-02T00:00:00,46132C107,Invesco Muni Opp,2026-09-03,XVMOX,Fixed Income - Municipal-Municipal,37.33,637.314,,,,,15.0,5.3225,,20.36,3.26,,1027.661,True,False,True,False,False,False,,3.56,9.72,-1.46,-1.22,0.43,6.55,,,13.38,2422800,17.21,,96.2895,,11.8,8.97,9.692450000000001,-3.32507,1.29,0.25,0.87,2026-09-03T00:00:00,1992-04-24T00:00:00,4/24/1992,704073600,2026-08-17T00:00:00
191,VKQ,-0.0031,,,,7.29,21,Morningstar US CEF Municipal,65,"Invesco Advisers, Inc",False,9.56,-0.05,9.59,2026-09-02T00:00:00,46131J103,Invesco Municipal,2026-09-03,XVKQX,Fixed Income - Municipal-Municipal,38.5,529.008,,,,,15.0,5.3716,,20.5,3.24,,862.817,True,False,True,False,False,False,,3.59,9.71,-1.3900000000000001,-1.24,0.45,5.91,,,14.76,1939130,15.92,,96.6798,,11.71,8.94,9.72174,-3.52069,1.6600000000000001,0.59,1.23,2026-09-03T00:00:00,1991-09-27T00:00:00,9/27/1991,685929600,2026-08-17T00:00:00
192,OIA,-0.0033,,,,9.25,21,Morningstar US CEF Municipal,65,"Invesco Advisers, Inc",False,5.96,-0.03,5.99,2026-09-02T00:00:00,46132X101,Invesco Municipal Inc Opp I,2026-09-03,XOIAX,Fixed Income - Municipal-Municipal,31.19,285.356,,,,,10.0,7.0142,,22.18,2.45,,416.778,True,False,True,False,False,False,,5.06,4.27,-0.18,-1.21,1.6400000000000001,4.9,,,12.16,1237840,30.48,,87.4958,,,,6.1003,-1.13502,0.52,0.62,0.47000000000000003,2026-09-03T00:00:00,1988-09-19T00:00:00,9/19/1988,590630400,2026-08-17T00:00:00
193,VPV,0.0824,,,,6.72,24,Morningstar US CEF Municipal-Single State,65,"Invesco Advisers, Inc",False,11.17,0.01,10.32,2026-09-02T00:00:00,46132K109,Invesco PA Value,2026-09-03,XVPVX,Fixed Income - Municipal-Municipal - Single-State,37.23,199.632,,,,,15.0,5.0179,,19.59,3.1,,293.817,True,True,True,False,False,False,,3.5,12.68,-1.24,2.07,0.24,12.91,,,21.64,322780,25.47,,96.0024,,11.26,8.28,10.74875,-0.6791400000000001,2.35,2.04,2.04,2026-09-03T00:00:00,1993-04-30T00:00:00,4/30/1993,736128000,2026-08-17T00:00:00
194,IQI,0.028999999999999998,,,,6.95,21,Morningstar US CEF Municipal,65,"Invesco Advisers, Inc",False,9.94,-0.05,9.66,2026-09-02T00:00:00,46133G107,Invesco Quality Municipal Income Trust,2026-09-03,XIQIX,Fixed Income - Municipal-Municipal,35.08,525.665,,,,,15.0,5.5043,,18.62,2.91,,786.928,True,False,True,False,False,False,,3.66,10.95,-1.3900000000000001,0.2,0.37,6.85,,,15.86,1475250,15.49,,93.8966,,10.7,8.66,9.97195,-1.75713,2.43,1.3,1.77,2026-09-03T00:00:00,1992-09-29T00:00:00,9/29/1992,717724800,2026-08-17T00:00:00
195,VVR,-0.128,,,,1.19,19,Morningstar US CEF Senior Loans,65,"Invesco Advisers, Inc",False,2.93,0.01,3.36,2026-09-02T00:00:00,46131H107,Invesco Senior Income,2026-09-03,XVVRX,Fixed Income - Taxable-Senior Loans,35.38,451.0,,,,,10.0,,,3.9,4.89,,800.395,True,False,False,False,False,False,,5.54,3.34,4.88,4.21,0.86,-1.6400000000000001,,,-7.77,9994170,,,,,,,3.17146,-9.63441,-1.67,-1.94,-1.63,2026-09-03T00:00:00,1998-06-24T00:00:00,6/24/1998,898646400,2026-08-17T00:00:00
196,VGM,0.0182,,,,7.51,21,Morningstar US CEF Municipal,65,"Invesco Advisers, Inc",False,10.07,-0.06,9.9,2026-09-02T00:00:00,46131M106,Invesco Tr Inv Gr Muni,2026-09-03,XVGMX,Fixed Income - Municipal-Municipal,37.21,546.116,,,,,15.0,5.4212,,20.77,3.11,,855.119,True,False,True,False,False,False,,3.6,11.04,-1.4100000000000001,-0.26,0.48,5.12,,,17.21,1735460,18.24,,96.729,,11.28,8.91,10.25648,-1.23582,1.43,0.52,1.06,2026-09-03T00:00:00,1992-01-24T00:00:00,1/24/1992,696211200,2026-08-17T00:00:00
197,VTN,0.024399999999999998,,,,7.72,23,Morningstar US CEF Municipal-NY,65,"Invesco Advisers, Inc",False,10.49,-0.1,10.23,2026-09-02T00:00:00,46131T101,Invesco Tr Inv Gr NY,2026-09-03,XVTNX,Fixed Income - Municipal-Municipal - NY,33.75,153.609,,,,,15.0,5.1028,,23.49,2.69,,226.103,True,False,False,False,False,False,,2.68,10.1,-1.54,0.8,-0.22,-2.15,,,14.09,321260,25.38,,90.718,,13.06,10.43,11.21265,3.16891,-0.27,-1.25,-0.7000000000000001,2026-09-03T00:00:00,1992-03-27T00:00:00,3/27/1992,701654400,2026-08-17T00:00:00
198,IIM,0.0482,,,,6.65,21,Morningstar US CEF Municipal,65,"Invesco Advisers, Inc",False,12.39,-0.19,11.82,2026-09-02T00:00:00,46132P108,Invesco Value Muni Income,2026-09-03,XIIMX,Fixed Income - Municipal-Municipal,35.23,583.385,,,,,15.0,5.5984,,18.25,2.93,,859.269,True,False,True,False,False,False,,3.64,10.78,-1.18,0.33,0.56,8.79,,,16.52,1204090,17.03,,94.3507,,10.32,8.32,12.49089,0.7629800000000001,1.77,0.88,1.2,2026-09-03T00:00:00,1993-02-26T00:00:00,2/26/1993,730684800,2026-08-17T00:00:00
199,JOF,-0.11220000000000001,,,,31.63,1,Morningstar US CEF Asia Equity,79,Nomura Asset Management Co Ltd,False,12.82,0.19,14.44,2026-09-03T00:00:00,47109U104,Japan Smaller Cap Fund,2026-09-03,XXJOFXX,Equity-Asia Equity,0.0,326.916,,,,,12.0,,,,2.09,,368.227,True,True,False,False,False,False,,23.81,27.36,11.52,12.59,25.62,21.31,,,29.77,755530,,,,,,,11.23705,-10.65206,-0.37,-0.06,0.1,2026-09-03T00:00:00,1990-03-21T00:00:00,3/21/1990,637977600,2026-08-14T00:00:00
200,BTO,-0.053099999999999994,,,,22.04,8,Morningstar US CEF Sector Equity,67,John Hancock Investment Management LLC,True,40.07,1.16,42.03,2026-09-02T00:00:00,409735206,JHancock Financial Opportunities,2026-09-03,XBTOX,Equity-Sector Equity,13.49,794.711,,,,,20.0,4.6156,,,2.42,,963.584,True,True,False,False,True,False,,26.24,22.91,10.31,5.48,19.84,16.38,,,12.24,459300,,,,,38.99,,36.78744,-2.26501,-1.46,-1.6400000000000001,-1.51,2026-09-03T00:00:00,1994-08-18T00:00:00,8/18/1994,777168000,2026-06-11T00:00:00
201,JHS,-0.0897,,,,1.48,15,Morningstar US CEF Investment Grade,67,John Hancock Investment Management LLC,False,10.92,0.07,11.93,2026-09-02T00:00:00,410123103,JHancock Income Secs,2026-09-03,XJHSX,Fixed Income - Taxable-Investment Grade,39.65,127.181,,,,,15.3,5.424,,,4.41,,230.244,True,False,False,False,False,False,,5.33,5.35,-1.38,-2.55,-0.9,-4.61,,,-0.79,149640,,,99.5863,,7.08,4.3,11.34854,-7.61974,-0.63,1.27,1.01,2026-09-03T00:00:00,1973-02-14T00:00:00,2/14/1973,98496000,2026-06-11T00:00:00
202,JHI,-0.0931,,,,5.2,15,Morningstar US CEF Investment Grade,66,John Hancock,False,13.21,0.03,14.5,2026-09-02T00:00:00,410142103,JHancock Investors,2026-09-03,XJHIX,Fixed Income - Taxable-Investment Grade,40.67,115.515,,,,,21.06,6.8106,,,4.59,,213.696,True,False,False,False,False,False,,8.84,10.08,2.14,1.0,3.09,1.87,,,3.06,208280,6.53,,98.8487,,6.17,,13.5585,-7.41267,-1.1400000000000001,-1.07,-0.62,2026-09-03T00:00:00,1971-01-29T00:00:00,1/29/1971,33955200,2026-06-11T00:00:00
203,HPI,0.0535,,,,2.27,18,Morningstar US CEF Preferreds,67,John Hancock Investment Management LLC,False,15.72,-0.05,14.95,2026-09-02T00:00:00,41013W108,JHancock Preferred Income,2026-09-03,XHPIX,Fixed Income - Taxable-Preferreds,39.09,421.173,,,,,25.0,6.5025,,,4.48,,657.643,True,False,True,False,False,False,,9.71,11.13,2.67,2.59,0.1,3.46,,,8.4,547200,,,97.2482,,91.45,,16.37921,3.76312,0.53,-0.87,0.47000000000000003,2026-09-03T00:00:00,2002-08-27T00:00:00,8/27/2002,1030406400,2026-08-13T00:00:00
204,HPF,0.044500000000000005,,,,2.42,18,Morningstar US CEF Preferreds,67,John Hancock Investment Management LLC,False,15.4,-0.06,14.83,2026-09-02T00:00:00,41013X106,JHancock Preferred Income II,2026-09-03,XHPFX,Fixed Income - Taxable-Preferreds,39.16,333.423,,,,,25.0,6.5737,,,4.51,,527.782,True,False,True,False,False,False,,9.82,10.76,2.85,1.56,0.32,3.25,,,5.89,352340,,,97.2805,,90.07,,16.10488,2.91136,0.5,-1.26,0.1,2026-09-03T00:00:00,2002-11-29T00:00:00,11/29/2002,1038528000,2026-08-13T00:00:00
205,HPS,0.024700000000000003,,,,2.48,18,Morningstar US CEF Preferreds,67,John Hancock Investment Management LLC,False,13.68,-0.11,13.37,2026-09-02T00:00:00,41021P103,JHancock Preferred Income III,2026-09-03,XHPSX,Fixed Income - Taxable-Preferreds,38.94,440.07,,,,,25.0,6.5102,,,4.47,,704.398,True,False,False,False,False,False,,9.82,9.0,2.94,2.24,0.46,2.58,,,3.1,585130,,,97.386,,86.67,,14.65269,3.95756,-1.08,-3.07,-2.03,2026-09-03T00:00:00,2003-06-18T00:00:00,6/18/2003,1055894400,2026-08-13T00:00:00
206,PDT,-0.10679999999999999,,,,7.76,18,Morningstar US CEF Preferreds,66,John Hancock,True,12.58,-0.02,14.04,2026-09-02T00:00:00,41013T105,JHancock Premium Dividend Fund,2026-09-03,XPDTX,Fixed Income - Taxable-Preferreds,35.11,618.75,,,,,12.0,5.9254,,,4.32,,1064.261,True,False,False,False,True,False,,15.46,16.64,7.01,2.54,5.87,4.55,,,1.62,1201760,,,,,76.11,,13.00002,-9.40172,-0.81,-0.49,-0.19,2026-09-03T00:00:00,1989-12-21T00:00:00,12/21/1989,630201600,2026-08-13T00:00:00
207,HTD,-0.0326,,,,7.91,26,Morningstar US CEF US Allocation,67,John Hancock Investment Management LLC,True,25.18,-0.08,26.06,2026-09-02T00:00:00,41013V100,JHancock Tax-Advantaged Dividend Inc,2026-09-03,XHTDX,Hybrid-U.S. Allocation,31.67,892.173,,,,,20.0,5.9603,,,3.58,,1351.253,True,True,True,False,True,False,,16.36,18.4,8.19,8.52,7.27,12.01,,,10.63,645380,,,,,68.76,,24.93757,-5.8643,1.06,-0.37,0.65,2026-09-03T00:00:00,2004-02-27T00:00:00,2/27/2004,1077840000,2026-08-13T00:00:00
208,HEQ,-0.0986,,,,15.29,5,Morningstar US CEF Global Equity,67,John Hancock Investment Management LLC,True,11.76,0.11,12.98,2026-09-02T00:00:00,47804L102,John Hancock Diversified Income Fund,2026-09-03,XHEQX,Equity-Global Equity,10.15,140.28,,,,,20.0,6.5508,,,1.31,,172.333,True,True,True,False,True,False,,12.95,13.74,8.42,7.33,10.68,14.25,,,19.33,370090,,,98.2848,,,,11.14553,-10.4162,0.28,-0.92,-0.68,2026-09-03T00:00:00,2011-05-26T00:00:00,5/26/2011,1306368000,2026-06-11T00:00:00
209,KYN,-0.12240000000000001,,,,31.32,6,Morningstar US CEF MLP,69,"KA Fund Advisors, LLC",False,14.9,-0.17,17.07,2026-09-02T00:00:00,486606106,Kayne Anderson Energy Infrastructure,2026-09-03,XKYNX,Equity-MLP,24.75,2519.978,,,,,25.0,7.259,,,3.3,,3836.464,True,True,False,False,False,False,,27.56,30.3,22.88,24.05,30.73,27.01,,,28.86,3906660,,,,,15.1,,13.25027,-12.17291,-0.04,0.44,0.81,2026-09-03T00:00:00,2004-09-28T00:00:00,9/28/2004,1096329600,2026-08-14T00:00:00
210,KIO,-0.0754,,,,4.89,14,Morningstar US CEF High Yield,70,Kohlberg Kravis Roberts &amp; Co.,False,11.09,0.09,11.94,2026-09-02T00:00:00,48249T106,KKR Income Opportunities Fund,2026-09-03,XKIOX,Fixed Income - Taxable-High Yield,32.78,454.525,,,,,20.0,7.7655,,,4.09,,728.0,True,False,False,False,False,False,,8.55,8.17,4.74,3.35,3.76,4.01,,,0.49,2451250,0.09000000000000001,,100.3092,,58.49,,11.50912,-6.23464,-0.56,-0.43,-0.13,2026-09-03T00:00:00,2013-07-26T00:00:00,7/26/2013,1374796800,2026-08-14T00:00:00
211,KF,-0.1623,,,,154.98,1,Morningstar US CEF Asia Equity,68,JPMorgan Asset Management (Asia Pacific) Limited,False,64.66,1.28,76.23,2026-09-02T00:00:00,500634209,Korea Fund,2026-09-03,XKFDX,Equity-Asia Equity,5.74,268.879,,,,,40.0,,,,1.21,,316.991,True,True,False,False,False,False,,45.82,46.16,17.56,18.23,82.09,77.4,,,144.86,188840,,,,,,,49.64599,-13.36763,-1.67,-0.97,-1.08,2026-09-03T00:00:00,1984-08-29T00:00:00,8/29/1984,462585600,2025-12-23T00:00:00
212,LGI,-0.023,,,,14.3,5,Morningstar US CEF Global Equity,71,Lazard Asset Management LLC,False,18.23,0.17,18.66,2026-09-03T00:00:00,52106W103,Lazard Global Total Return and Income,2026-09-03,XLGIX,Equity-Global Equity,8.88,237.482,,,,,20.0,7.7462,,,2.0,,266.759,True,True,False,False,False,False,,12.72,18.36,5.87,6.5600000000000005,8.81,13.42,,,14.96,437550,,,,,3.13,,17.83508,-1.82172,-0.16,-1.5899999999999999,-1.04,2026-09-03T00:00:00,2004-04-28T00:00:00,4/28/2004,1083110400,2026-08-10T00:00:00
213,USA,-0.1305,,,,7.71,10,Morningstar US CEF US Equity,9,ALPS Advisors Inc,True,6.02,0.1,6.82,2026-09-02T00:00:00,530158104,Liberty All-Star Equity,2026-09-03,XUSAX,Equity-U.S. Equity,4.98,1815.341,,,,,10.0,,,,0.91,,2164.432,True,True,False,False,True,False,,13.03,9.47,6.41,3.45,7.65,3.68,,,1.4100000000000001,12694550,,,,,,,6.01812,-9.89801,-1.69,-1.1,-1.33,2026-09-03T00:00:00,1986-10-31T00:00:00,10/31/1986,531100800,2026-07-16T00:00:00
214,ASG,-0.12539999999999998,,,,6.32,10,Morningstar US CEF US Equity,9,ALPS Advisors Inc,True,5.15,0.03,5.82,2026-09-02T00:00:00,529900102,Liberty All-Star Growth,2026-09-03,XASGX,Equity-U.S. Equity,1.6400000000000001,323.743,,,,,10.0,,,,1.12,,371.967,True,False,False,False,True,False,,10.43,8.32,0.44,-1.3,7.2,4.86,,,2.43,2536060,,,,,,,5.29123,-10.43666,-1.6800000000000002,-0.92,-1.26,2026-09-03T00:00:00,1986-03-14T00:00:00,3/14/1986,511142400,2026-07-16T00:00:00
215,SCD,-0.111,,,,16.77,25,Morningstar US CEF Global Allocation,54,"Franklin Templeton Fund Adviser, LLC",True,15.63,0.08,17.48,2026-09-02T00:00:00,50208A102,LMP Capital and Income,2026-09-03,XSCDX,Hybrid-Global Allocation,20.78,358.026,,,,,20.0,,,,2.39,,505.403,True,True,False,False,True,False,,16.3,16.62,11.07,11.2,13.68,12.11,,,10.21,779410,13.6,,,,4.25,,15.30514,-9.29025,-1.08,-0.31,-0.76,2026-09-03T00:00:00,2004-02-24T00:00:00,2/24/2004,1077580800,2026-08-24T00:00:00
216,MXE,-0.18539999999999998,,,,24.54,4,Morningstar US CEF Emerging Market Equity,89,Pichardo Asset Management SA De CV,False,13.565,-0.04,16.51,2026-09-02T00:00:00,592834105,Mexico Equity & Income,2026-09-03,XMXEX,Equity-Emerging Market Equity,,59.689,,,,,12.0,7.969,,0.02,2.13,,72.647,False,True,False,False,False,False,,7.69,12.81,7.79,2.89,11.63,8.72,,,23.23,62130,,,,,,,12.8125,-17.87182,-0.6900000000000001,-0.06,-0.55,2026-09-03T00:00:00,1990-08-15T00:00:00,8/15/1990,650678400,2025-12-16T00:00:00
217,MXF,-0.1251,,,,24.31,4,Morningstar US CEF Emerging Market Equity,64,"Impulsora Del Fondo Mexico, SC",True,21.69,0.27,24.54,2026-09-02T00:00:00,592835102,Mexico Fund,2026-09-03,XXMXFXX,Equity-Emerging Market Equity,,312.771,,,,,12.0,5.75,,,1.36,,353.868,False,True,True,False,True,False,,9.37,13.93,10.54,12.07,10.98,13.26,,,27.07,461410,,,,,,,20.82031,-13.24919,0.81,-0.97,0.48,2026-09-03T00:00:00,1981-06-03T00:00:00,6/3/1981,360374400,2026-07-22T00:00:00
218,CAF,-0.1559,,,,26.83,1,Morningstar US CEF Asia Equity,74,Morgan Stanley,False,18.77,-0.2,22.45,2026-09-02T00:00:00,617468103,Morgan Stanley China A Share,2026-09-03,XCAFX,Equity-Asia Equity,,252.93,,,,,20.0,,,,1.52,,302.519,False,True,False,False,False,False,,15.17,16.17,2.06,0.65,15.8,9.33,,,24.74,375110,,,,,,,18.04028,-13.96526,-1.42,-0.8200000000000001,-1.13,2026-09-03T00:00:00,2006-09-28T00:00:00,9/28/2006,1159401600,2025-12-19T00:00:00
219,MSD,-0.0862,,,,11.54,12,Morningstar US CEF Emerging Market Income,75,"Morgan Stanley Investment Management, Inc.",False,7.29,0.03,7.95,2026-09-02T00:00:00,61744H105,Morgan Stanley Emerging Markets Debt,2026-09-03,XMSDX,Fixed Income - Taxable-Emerging Market Income,0.03,147.486,,,,,15.0,6.5116,,6.76,1.36,,160.839,True,False,False,False,False,False,,12.82,14.6,3.41,4.21,5.04,2.68,,,5.35,944120,,,,,,,7.40363,-6.84068,-0.9,0.03,-0.3,2026-09-03T00:00:00,1993-07-23T00:00:00,7/23/1993,743385600,2026-06-30T00:00:00
220,EDD,-0.0118,,,,18.93,12,Morningstar US CEF Emerging Market Income,75,"Morgan Stanley Investment Management, Inc.",False,5.86,0.07,5.95,2026-09-02T00:00:00,617477104,Morgan Stanley Emrgng Mkts Domestic Debt,2026-09-03,XEDDX,Fixed Income - Taxable-Emerging Market Income,14.52,377.712,,,,,20.0,6.6059,,7.47,2.18,,448.662,True,True,True,False,False,False,,13.47,19.8,5.59,8.51,8.28,15.82,,,23.71,3679100,,,,,,,5.61525,-4.98758,0.9400000000000001,0.04,0.77,2026-09-03T00:00:00,2007-04-24T00:00:00,4/24/2007,1177372800,2026-06-30T00:00:00
221,IIF,-0.11259999999999999,,,,-5.78,1,Morningstar US CEF Asia Equity,75,"Morgan Stanley Investment Management, Inc.",False,23.03,0.0,26.02,2026-09-02T00:00:00,61745C105,Morgan Stanley India Investment,2026-09-03,XIIFX,Equity-Asia Equity,,217.476,,,,,15.0,,,,1.35,,245.711,False,False,False,False,False,False,,7.41,12.46,5.0,7.46,-6.63,-6.93,,,-4.54,312680,,,,,,,24.04677,-11.07226,-1.06,-0.99,-0.88,2026-09-03T00:00:00,1994-02-25T00:00:00,2/25/1994,762134400,2025-12-19T00:00:00
222,NML,-0.1058,,,,33.27,6,Morningstar US CEF MLP,76,Neuberger Berman,False,10.64,-0.06,12.0,2026-09-02T00:00:00,64129H104,NB Energy Infra and Income Fund Inc,2026-09-03,XNMLX,Equity-MLP,24.35,602.851,,,,,20.0,,,,1.07,,898.004,True,True,False,False,False,False,,22.27,25.23,22.52,26.94,31.8,33.32,,,33.45,1633720,,,,,,,9.47403,-10.43491,-0.36,-0.88,-0.24,2026-09-03T00:00:00,2013-03-26T00:00:00,3/26/2013,1364256000,2026-08-17T00:00:00
223,NBXG,-0.1288,,,,14.76,10,Morningstar US CEF US Equity,76,Neuberger Berman,False,15.39,0.2,17.31,2026-09-02T00:00:00,64133Q108,Neuberger Brmn Nxt Gnrtn Cnnctvty,2026-09-03,XNBGX,Equity-U.S. Equity,,1212.139,,,,,20.0,,,,1.35,,1357.848,False,True,True,False,False,False,,19.45,23.56,5.0,4.52,10.56,11.98,,,12.6,1965830,,,,,,,14.77828,-12.95117,0.65,1.06,1.43,2026-09-03T00:00:00,2021-05-25T00:00:00,5/25/2021,1621900800,2026-08-17T00:00:00
224,NHS,-0.0902,,,,2.95,14,Morningstar US CEF High Yield,76,Neuberger Berman,False,5.94,0.0,6.54,2026-09-02T00:00:00,64128C106,Neuberger High Yield Strategies,2026-09-03,XNHSX,Fixed Income - Taxable-High Yield,32.91,248.623,,,,,15.0,7.1575,,,3.39,,408.017,True,False,False,False,False,False,,8.54,5.99,1.6600000000000001,-0.23,0.86,-10.44,,,-7.11,2057810,,,99.371,,5.04,3.38,6.88828,-2.8691,-1.46,-1.65,-1.03,2026-09-03T00:00:00,2003-07-28T00:00:00,7/28/2003,1059350400,2026-08-17T00:00:00
225,NBH,-0.0696,,,,6.69,21,Morningstar US CEF Municipal,76,Neuberger Berman,False,10.02,-0.1,10.77,2026-09-02T00:00:00,64124P101,Neuberger Municipal Fund,2026-09-03,XNBHX,Fixed Income - Municipal-Municipal,41.69,296.773,,,,,15.0,4.9704,,,3.87,,546.59,True,False,True,False,False,False,,2.7199999999999998,6.6,-1.96,-4.64,0.02,3.93,,,8.72,929230,15.43,,98.9472,,13.96,8.22,10.30487,-8.61698,1.46,0.75,1.12,2026-09-03T00:00:00,2002-09-27T00:00:00,9/27/2002,1033084800,2026-07-31T00:00:00
226,NRO,-0.0886,,,,4.77,7,Morningstar US CEF Real Estate,76,Neuberger Berman,False,2.88,-0.02,3.16,2026-09-02T00:00:00,64190A103,Neuberger Real Estate Securities Income,2026-09-03,XNROX,Equity-Real Estate,25.9,182.482,,,,,15.0,,,,3.12,,270.223,True,False,False,False,False,False,,9.78,10.9,0.43,-0.81,7.22,2.94,,,-0.38,2401850,,,,,,,3.0371,-7.10359,-1.15,-0.68,-0.9500000000000001,2026-09-03T00:00:00,2003-10-31T00:00:00,10/31/2003,1067558400,2026-08-17T00:00:00
227,GF,-0.08839999999999999,,,,2.43,9,Morningstar US CEF Single Country Equity,40,DWS,False,11.56,0.16,12.56,2026-09-02T00:00:00,644465106,New Germany,2026-09-03,XGFNX,Equity-Single-Country Equity,11.77,187.038,,,,,20.0,,,,1.31,,230.319,True,True,True,False,False,False,,7.96,11.35,-4.65,-3.6,2.91,3.17,,,2.12,246960,,,,,,,11.45516,-9.90649,0.8,0.02,0.34,2026-09-03T00:00:00,1990-01-30T00:00:00,1/30/1990,633657600,2026-05-26T00:00:00
228,NVG,0.0025,,,,7.12,21,Morningstar US CEF Municipal,81,"Nuveen Fund Advisors, LLC.",False,11.95,-0.07,11.92,2026-09-02T00:00:00,67071L106,Nuveen AMT-Free Muni Credit Inc,2026-09-03,XNVGX,Fixed Income - Municipal-Municipal,42.92,2590.638,,,,,15.0,4.8262,,18.73,3.64,,4527.539,True,False,True,False,False,False,,3.81,10.39,-1.75,-1.82,-0.64,0.89,,,10.45,5500250,23.2,3.01,91.9675,,15.21,9.41,12.58897,-0.7139500000000001,0.52,-0.3,0.24,2026-09-03T00:00:00,2002-03-25T00:00:00,3/25/2002,1017014400,2026-08-14T00:00:00
229,NUW,-0.0554,,,,4.95,21,Morningstar US CEF Municipal,81,"Nuveen Fund Advisors, LLC.",False,13.8,-0.12,14.61,2026-09-02T00:00:00,670695105,Nuveen AMT-Free Municipal Value Fund,2026-09-03,XNUWX,Fixed Income - Municipal-Municipal,7.39,247.728,,,,,15.0,5.412,,19.3,0.75,,283.194,True,False,False,False,False,False,,3.2,4.96,0.0,-0.31,0.23,0.31,,,6.13,382270,9.3,0.09000000000000001,97.0156,,9.22,8.55,14.23087,-5.10567,-0.5,-0.49,-0.45,2026-09-03T00:00:00,2009-02-25T00:00:00,2/25/2009,1235520000,2026-08-14T00:00:00
230,NEA,0.0046,,,,6.14,21,Morningstar US CEF Municipal,81,"Nuveen Fund Advisors, LLC.",False,11.0,-0.08,10.94,2026-09-02T00:00:00,670657105,Nuveen AMT-Free Quality Muni Inc,2026-09-03,XNEAX,Fixed Income - Municipal-Municipal,41.82,3340.606,,,,,15.0,5.0705,,18.96,3.5300000000000002,,5710.539,True,False,True,False,False,False,,2.92,9.75,-1.9300000000000002,-0.97,-0.56,1.4100000000000001,,,9.78,8473350,21.6,4.02,95.7853,,11.78,8.06,11.49414,-0.64722,0.81,-0.1,0.46,2026-09-03T00:00:00,2002-11-21T00:00:00,11/21/2002,1037836800,2026-08-14T00:00:00
231,NAZ,0.0935,,,,7.47,24,Morningstar US CEF Municipal-Single State,81,"Nuveen Fund Advisors, LLC.",False,12.105,-0.12,11.06,2026-09-02T00:00:00,67061W104,Nuveen AZ Quality Muni Inc,2026-09-03,XNAZX,Fixed Income - Municipal-Municipal - Single-State,39.8,157.779,,,,,15.0,4.7745,,17.42,3.55,,239.458,True,False,True,False,False,False,,3.31,12.91,-1.22,0.13,0.13,8.16,,,10.79,222750,21.2,0.81,98.4756,,13.1,8.34,12.2341,5.35431,1.08,0.31,0.34,2026-09-03T00:00:00,1992-11-19T00:00:00,11/19/1992,722131200,2026-08-14T00:00:00
232,NKX,0.0417,,,,8.21,22,Morningstar US CEF Municipal-CA,81,"Nuveen Fund Advisors, LLC.",False,11.99,0.04,11.51,2026-09-02T00:00:00,670651108,Nuveen CA AMT - Free Quality Muni Inc,2026-09-03,XNCMX,Fixed Income - Municipal-Municipal - CA,40.17,668.054,,,,,15.0,4.782,,18.3,3.77,,1071.895,True,False,True,False,False,False,,3.42,10.09,-1.81,-0.49,0.58,1.77,,,9.81,1367810,22.9,0.6000000000000001,96.8209,,13.74,8.29,12.52969,4.03011,0.09,0.39,0.34,2026-09-03T00:00:00,2002-11-22T00:00:00,11/22/2002,1037923200,2026-08-14T00:00:00
233,NCA,-0.0067,,,,6.04,22,Morningstar US CEF Municipal-CA,81,"Nuveen Fund Advisors, LLC.",False,8.93,-0.12,8.98,2026-09-02T00:00:00,67062C107,Nuveen CA Municipal Value,2026-09-03,XNCAX,Fixed Income - Municipal-Municipal - CA,0.0,297.853,,,,,10.0,4.7261,,18.79,0.54,,299.52,True,False,False,False,False,False,,3.5,4.98,-0.08,0.52,0.84,3.77,,,10.44,690210,23.2,1.35,97.5019,,,8.27,9.1693,-0.06916,-0.25,-1.06,-1.15,2026-09-03T00:00:00,1987-10-07T00:00:00,10/7/1987,560563200,2026-08-14T00:00:00
234,NAC,0.0362,,,,8.74,22,Morningstar US CEF Municipal-CA,81,"Nuveen Fund Advisors, LLC.",False,11.46,-0.03,11.06,2026-09-02T00:00:00,67066Y105,Nuveen CA Quality Muni Income,2026-09-03,XNACX,Fixed Income - Municipal-Municipal - CA,39.6,1911.509,,,,,15.0,4.7834,,19.2,3.79,,3054.18,True,False,True,False,False,False,,3.37,11.33,-1.9300000000000002,-0.38,0.41000000000000003,3.67,,,11.8,5103670,23.1,1.08,97.0662,,13.55,8.55,11.82157,1.8308300000000002,1.1,-0.15,0.59,2026-09-03T00:00:00,1999-05-26T00:00:00,5/26/1999,927676800,2026-08-14T00:00:00
235,JCE,-0.0626,,,,21.58,10,Morningstar US CEF US Equity,81,"Nuveen Fund Advisors, LLC.",True,17.21,0.05,18.18,2026-09-02T00:00:00,67090X107,Nuveen Core Equity Alpha,2026-09-03,XJCEX,Equity-U.S. Equity,1.35,292.616,,,,,20.0,,,,0.9900000000000001,,309.109,True,True,True,False,True,False,,20.8,19.78,12.51,11.7,12.3,12.01,,,18.2,393410,,,,,,,15.972480000000001,-6.4209,0.16,0.79,0.92,2026-09-03T00:00:00,2007-03-27T00:00:00,3/27/2007,1174953600,2026-06-15T00:00:00
236,NPCT,-0.0746,,,,2.68,15,Morningstar US CEF Investment Grade,81,"Nuveen Fund Advisors, LLC.",True,9.72,0.06,10.45,2026-09-02T00:00:00,67080D103,Nuveen Core Plus Impact Fund,2026-09-03,XNPCX,Fixed Income - Taxable-Investment Grade,37.63,279.499,,,,,20.0,4.3404,,29.1,4.43,,481.81,True,False,False,False,True,False,,7.92,11.93,-3.26,-3.13,0.45,2.49,,,-0.52,1244200,19.7,0.0,88.6715,,7.48,5.44,10.29561,-6.76389,-0.2,1.05,-0.19,2026-09-03T00:00:00,2021-04-27T00:00:00,4/27/2021,1619481600,2026-08-14T00:00:00
237,JQC,-0.1103,,,,5.84,19,Morningstar US CEF Senior Loans,81,"Nuveen Fund Advisors, LLC.",True,4.76,-0.02,5.34,2026-09-02T00:00:00,67073D102,Nuveen Credit Strategies Income Fund,2026-09-03,XJQCX,Fixed Income - Taxable-Senior Loans,38.47,703.607,,,,,15.0,,,5.0,5.09,,1282.941,True,False,False,False,True,False,,8.48,10.38,4.93,4.93,3.49,3.24,,,-1.9300000000000002,7769250,84.5,0.0,,,,,4.95716,-9.50397,-0.79,-0.75,-0.25,2026-09-03T00:00:00,2003-06-25T00:00:00,6/25/2003,1056499200,2026-08-14T00:00:00
238,NDMO,-0.022099999999999998,,,,5.39,21,Morningstar US CEF Municipal,81,"Nuveen Fund Advisors, LLC.",True,9.78,-0.03,9.94,2026-09-02T00:00:00,67079X102,Nuveen Dynamic Municipal Opportunities,2026-09-03,XNDMX,Fixed Income - Municipal-Municipal,32.41,592.149,,,,,15.0,5.5876,,18.04,2.83,,890.382,True,False,False,False,True,False,,5.05,5.51,-2.48,-2.95,0.38,3.37,,,6.92,1420280,19.8,0.37000000000000005,96.271,,10.6,7.78,10.32291,-0.8759500000000001,-0.75,-0.9400000000000001,-1.27,2026-09-03T00:00:00,2020-08-26T00:00:00,8/26/2020,1598400000,2026-08-14T00:00:00
239,JFR,-0.08869999999999999,,,,6.29,19,Morningstar US CEF Senior Loans,81,"Nuveen Fund Advisors, LLC.",True,7.6,-0.01,8.33,2026-09-02T00:00:00,67072T108,Nuveen Floating Rate Income,2026-09-03,XJFRX,Fixed Income - Taxable-Senior Loans,37.43,1223.352,,,,,15.0,,,4.8100000000000005,4.78,,2143.059,True,False,True,False,True,False,,8.94,11.25,6.02,5.99,4.11,6.76,,,3.22,7476350,88.3,0.0,,,,,7.74487,-8.98946,0.07,-0.89,0.43,2026-09-03T00:00:00,2004-03-25T00:00:00,3/25/2004,1080172800,2026-08-14T00:00:00
240,JGH,-0.0898,,,,6.84,13,Morningstar US CEF Global Income,81,"Nuveen Fund Advisors, LLC.",True,12.38,0.01,13.59,2026-09-02T00:00:00,67075G103,Nuveen Global High Income Fund,2026-09-03,XJGHX,Fixed Income - Taxable-Global Income,29.18,348.198,,,,,20.0,7.7831,,6.15,3.37,,539.73,True,False,False,False,True,False,,11.78,12.92,4.88,4.86,4.92,5.13,,,0.78,1000000,36.3,0.0,98.8169,,,,12.73627,-7.42843,-1.01,-1.38,-1.6099999999999999,2026-09-03T00:00:00,2014-11-24T00:00:00,11/24/2014,1416787200,2026-08-14T00:00:00
241,NMT,0.1537,,,,7.49,24,Morningstar US CEF Municipal-Single State,81,"Nuveen Fund Advisors, LLC.",False,12.345,0.05,10.7,2026-09-02T00:00:00,67061E104,Nuveen MA Quality Muni Inc,2026-09-03,XNMTX,Fixed Income - Municipal-Municipal - Single-State,39.51,130.706,,,,,15.0,4.8771,,20.13,3.45,,187.289,True,True,True,False,False,False,,2.8200000000000003,14.51,-1.97,1.35,0.59,15.95,,,18.61,200390,21.9,1.73,99.8748,,7.76,8.93,12.08679,8.08631,1.25,0.59,0.67,2026-09-03T00:00:00,1993-03-18T00:00:00,3/18/1993,732412800,2026-08-14T00:00:00
242,NMS,-0.0557,,,,5.46,24,Morningstar US CEF Municipal-Single State,81,"Nuveen Fund Advisors, LLC.",False,10.57,-0.02,11.13,2026-09-02T00:00:00,670734102,Nuveen MN Quality Muni Inc,2026-09-03,XMNSX,Fixed Income - Municipal-Municipal - Single-State,41.1,67.784,,,,,15.0,4.6902,,16.95,3.66,,121.176,True,False,False,False,False,False,,3.16,7.49,-1.3,-2.32,-1.53,-3.05,,,2.27,166390,43.0,0.0,98.2627,,12.68,7.55,11.93664,0.85204,-2.68,-2.19,-3.0,2026-09-03T00:00:00,1993-06-25T00:00:00,6/25/1993,740966400,2026-08-14T00:00:00
243,JLS,-0.0974,,,,5.41,14,Morningstar US CEF High Yield,81,"Nuveen Fund Advisors, LLC.",True,16.86,0.0,18.67,2026-09-02T00:00:00,670735109,Nuveen Mortgage and Income Fund,2026-09-03,XJLSX,Fixed Income - Taxable-High Yield,23.07,92.336,,,,,25.0,7.5578,,17.85,3.07,,132.906,True,False,False,False,True,False,,9.45,11.96,4.34,4.63,2.98,-0.7000000000000001,,,-0.73,198890,0.0,0.0,96.9542,,,,18.18822,-4.95306,-2.37,-1.6800000000000002,-1.6800000000000002,2026-09-03T00:00:00,2009-11-25T00:00:00,11/25/2009,1259107200,2026-08-14T00:00:00
244,NMAI,-0.0425,,,,19.32,25,Morningstar US CEF Global Allocation,81,"Nuveen Fund Advisors, LLC.",True,14.6,0.02,15.06,2026-09-02T00:00:00,670750108,Nuveen Multi-Asset Income,2026-09-03,XNMAX,Hybrid-Global Allocation,29.54,488.014,,,,,20.0,6.1033,,,3.38,,710.146,True,True,True,False,True,False,,15.15,21.22,,,12.19,20.55,,,29.08,1094850,28.2,0.0,96.8324,,,,13.45429,-7.83618,2.7800000000000002,1.6,2.11,2026-09-03T00:00:00,2021-11-22T00:00:00,11/22/2021,1637539200,2026-08-14T00:00:00
245,JMM,-0.0906,,,,1.92,15,Morningstar US CEF Investment Grade,81,"Nuveen Fund Advisors, LLC.",True,5.7701,-0.01,6.35,2026-09-02T00:00:00,67075J107,Nuveen Multi-Market Income Fund,2026-09-03,XJMMX,Fixed Income - Taxable-Investment Grade,29.85,54.599,,,,,12.0,5.5021,,4.39,3.34,,85.658,True,False,False,False,True,False,,5.72,5.88,1.11,0.73,-0.29,0.56,,,-2.71,92650,26.7,0.0,96.6946,,,,6.00408,-8.46,-0.49,0.68,0.78,2026-09-03T00:00:00,1988-12-30T00:00:00,12/30/1988,599443200,2026-08-14T00:00:00
246,NZF,-0.0067,,,,7.75,21,Morningstar US CEF Municipal,81,"Nuveen Fund Advisors, LLC.",False,11.92,-0.1,12.02,2026-09-02T00:00:00,67070X101,Nuveen Municipal Credit Income,2026-09-03,XNZFX,Fixed Income - Municipal-Municipal,41.16,2348.865,,,,,15.0,5.2593,,19.97,3.61,,4025.77,True,False,True,False,False,False,,3.8200000000000003,10.0,-1.3,-0.91,0.79,1.85,,,9.78,5297290,25.0,2.59,93.9709,,12.28,8.31,12.52333,-0.68535,0.02,-1.6099999999999999,-0.73,2026-09-03T00:00:00,2001-09-25T00:00:00,9/25/2001,1001376000,2026-08-14T00:00:00
247,NMCO,-0.045899999999999996,,,,7.66,21,Morningstar US CEF Municipal,81,"Nuveen Fund Advisors, LLC.",False,10.14,0.39,10.24,2026-09-02T00:00:00,670663103,Nuveen Municipal Credit Opps Fund,2026-09-03,XNMCX,Fixed Income - Municipal-Municipal,42.82,578.48,,,,,15.0,5.8652,,22.21,4.5,,1020.585,True,False,False,False,False,False,,3.61,3.16,-2.21,-2.95,1.6400000000000001,0.56,,,2.04,1746050,30.9,0.27,86.9685,,16.1,9.8,10.66004,-0.35757000000000005,-0.22,-0.45,-0.79,2026-09-03T00:00:00,2019-09-16T00:00:00,9/16/2019,1568592000,2026-08-14T00:00:00
248,NMZ,-0.001,,,,7.83,21,Morningstar US CEF Municipal,81,"Nuveen Fund Advisors, LLC.",False,9.88,-0.01,9.89,2026-09-02T00:00:00,670682103,Nuveen Municipal High Income Opp Fd,2026-09-03,XNMZX,Fixed Income - Municipal-Municipal,40.52,2136.45,,,,,15.0,5.7108,,21.33,3.5,,3595.469,True,False,False,False,False,False,,4.76,6.85,-1.62,-2.15,0.85,3.23,,,6.46,4883940,21.9,1.38,91.2079,,10.81,8.88,10.39238,-0.08695000000000001,-0.01,-0.12,0.18,2026-09-03T00:00:00,2003-11-19T00:00:00,11/19/2003,1069200000,2026-08-14T00:00:00
249,NMI,0.0795,,,,6.25,21,Morningstar US CEF Municipal,81,"Nuveen Fund Advisors, LLC.",False,10.45,0.0,9.69,2026-09-02T00:00:00,67062J102,Nuveen Municipal Income,2026-09-03,XNMIX,Fixed Income - Municipal-Municipal,2.99,127.492,,,,,12.0,5.4726,,21.72,0.75,,118.22,True,True,True,False,False,False,,4.66,9.12,0.79,1.6,1.87,8.45,,,13.33,266330,16.7,0.66,98.5853,,,8.7,10.28395,4.12228,0.98,-0.65,0.26,2026-09-03T00:00:00,1988-04-20T00:00:00,4/20/1988,577497600,2026-08-14T00:00:00
250,NUV,0.0,,,,4.95,21,Morningstar US CEF Municipal,81,"Nuveen Fund Advisors, LLC.",False,8.88,-0.07,8.89,2026-09-02T00:00:00,670928100,Nuveen Municipal Value,2026-09-03,XNUVX,Fixed Income - Municipal-Municipal,6.15,1875.185,,,,,10.0,5.2552,,18.27,0.66,,1877.297,True,False,True,False,False,False,,3.32,6.47,0.08,-1.35,0.53,2.21,,,8.24,4851190,11.1,0.8,96.1513,,,8.24,9.08295,-0.44647000000000003,0.45,-0.66,-0.52,2026-09-03T00:00:00,1987-06-17T00:00:00,6/17/1987,550886400,2026-08-14T00:00:00
251,QQQX,-0.0368,,,,18.68,3,Morningstar US CEF Covered Call,81,"Nuveen Fund Advisors, LLC.",True,30.74,0.13,31.79,2026-09-02T00:00:00,670699107,Nuveen NASDAQ 100 Dynamic Overwrite,2026-09-03,XQQQX,Equity-Covered-Call Funds,,1500.935,,,,,20.0,,,,0.89,,1544.879,False,True,True,False,True,False,,17.61,18.64,9.22,8.66,7.84,13.37,,,25.11,1034860,,,,,,,28.74261,-7.18233,1.35,0.37,0.79,2026-09-03T00:00:00,2007-01-30T00:00:00,1/30/2007,1170115200,2026-06-15T00:00:00
252,NRK,-0.0148,,,,7.74,23,Morningstar US CEF Municipal-NY,81,"Nuveen Fund Advisors, LLC.",False,10.01,-0.09,10.16,2026-09-02T00:00:00,670656107,Nuveen NY AMT - Free Quality Muni Inc,2026-09-03,XNRKX,Fixed Income - Municipal-Municipal - NY,43.32,873.225,,,,,15.0,4.6883,,19.76,3.69,,1563.591,True,False,True,False,False,False,,2.47,8.41,-2.22,-0.38,-0.28,7.3,,,17.0,3200440,23.3,0.11000000000000001,94.7019,,16.09,9.38,10.30222,-4.64257,1.19,0.13,0.66,2026-09-03T00:00:00,2002-11-21T00:00:00,11/21/2002,1037836800,2026-08-14T00:00:00
253,NNY,-0.0592,,,,5.67,23,Morningstar US CEF Municipal-NY,81,"Nuveen Fund Advisors, LLC.",False,8.1,-0.06,8.62,2026-09-02T00:00:00,67062M105,Nuveen NY Municipal Value,2026-09-03,XNNYX,Fixed Income - Municipal-Municipal - NY,0.0,152.977,,,,,10.0,4.7875,,19.89,0.5700000000000001,,162.798,True,False,False,False,False,False,,3.22,3.43,0.26,-0.67,0.73,-2.05,,,5.15,359750,28.8,0.0,96.2731,,,9.0,8.48001,-3.94907,-1.42,-1.21,-1.7000000000000002,2026-09-03T00:00:00,1987-10-07T00:00:00,10/7/1987,560563200,2026-08-14T00:00:00
254,NAN,0.0028000000000000004,,,,7.49,23,Morningstar US CEF Municipal-NY,81,"Nuveen Fund Advisors, LLC.",False,10.78,-0.06,10.75,2026-09-02T00:00:00,67066X107,Nuveen NY Quality Muni Inc,2026-09-03,XNANX,Fixed Income - Municipal-Municipal - NY,40.63,358.764,,,,,15.0,4.9942,,20.82,3.77,,602.606,True,False,False,False,False,False,,2.86,8.98,-1.83,-0.77,0.13,1.6600000000000001,,,7.01,723920,27.2,0.01,97.6695,,13.6,8.79,11.41429,0.68893,-0.4,-1.57,-1.22,2026-09-03T00:00:00,1999-05-26T00:00:00,5/26/1999,927676800,2026-08-14T00:00:00
255,JPC,-0.0441,,,,5.76,18,Morningstar US CEF Preferreds,81,"Nuveen Fund Advisors, LLC.",False,7.37,0.0,7.7,2026-09-02T00:00:00,67073B106,Nuveen Pref & Income Opps Fund,2026-09-03,XJPCX,Fixed Income - Taxable-Preferreds,37.92,2770.239,,,,,15.0,7.7023,,,4.67,,4662.133,True,False,False,False,False,False,,11.13,14.33,3.43,2.5700000000000003,1.51,-3.59,,,-0.05,10048480,7.5,0.0,103.4105,,5.32,3.89,7.9749,-0.039180000000000006,-3.47,-2.55,-2.74,2026-09-03T00:00:00,2003-03-26T00:00:00,3/26/2003,1048636800,2026-08-14T00:00:00
256,NAD,0.0053,,,,6.82,21,Morningstar US CEF Municipal,81,"Nuveen Fund Advisors, LLC.",False,11.46,-0.1,11.4,2026-09-02T00:00:00,67066V101,Nuveen Quality Muni Income Fund,2026-09-03,XNADX,Fixed Income - Municipal-Municipal,42.67,2682.606,,,,,15.0,5.1645,,19.94,3.74,,4655.141,True,False,True,False,False,False,,3.14,9.84,-1.57,-0.55,-0.04,2.4,,,11.22,6674210,24.1,1.23,95.3843,,11.96,8.09,11.881920000000001,-0.9885300000000001,1.12,0.62,0.99,2026-09-03T00:00:00,1999-05-26T00:00:00,5/26/1999,927676800,2026-08-14T00:00:00
257,JRI,-0.0644,,,,7.37,25,Morningstar US CEF Global Allocation,81,"Nuveen Fund Advisors, LLC.",True,12.21,0.04,12.98,2026-09-02T00:00:00,67074Y105,Nuveen Real Asset Inc and Grwt,2026-09-03,XJRIX,Hybrid-Global Allocation,32.33,441.981,,,,,20.0,6.5074000000000005,,,3.9,,694.299,True,False,False,False,True,False,,11.49,15.8,4.12,5.04,5.45,-2.86,,,1.13,1466600,26.4,0.0,99.9859,,,,13.17618,-2.59471,-0.98,-1.32,-0.75,2026-09-03T00:00:00,2012-04-25T00:00:00,4/25/2012,1335312000,2026-08-14T00:00:00
258,JRS,-0.0946,,,,13.3,7,Morningstar US CEF Real Estate,81,"Nuveen Fund Advisors, LLC.",True,8.23,0.04,9.04,2026-09-02T00:00:00,67071B108,Nuveen Real Estate Income,2026-09-03,XJRSX,Equity-Real Estate,28.16,237.785,,,,,15.0,,,,3.4,,363.588,True,True,False,False,True,False,,10.97,13.64,1.7000000000000002,1.98,15.66,13.17,,,11.46,759540,0.0,,,,6.49,,8.06168,-8.28762,-0.77,-0.24,-0.01,2026-09-03T00:00:00,2001-11-15T00:00:00,11/15/2001,1005782400,2026-06-15T00:00:00
259,SPXX,-0.09,,,,21.15,3,Morningstar US CEF Covered Call,81,"Nuveen Fund Advisors, LLC.",True,19.21,0.15,20.92,2026-09-02T00:00:00,6706EW100,Nuveen S&P 500 Dynamic Overwrite,2026-09-03,XSSPX,Equity-Covered-Call Funds,,2647.426,,,,,20.0,,,,0.9700000000000001,,2883.089,False,True,True,False,True,False,,16.58,16.28,10.26,8.97,12.59,11.39,,,15.25,1442350,,,,,,,17.86456,-9.06884,0.03,0.6,1.15,2026-09-03T00:00:00,2005-11-22T00:00:00,11/22/2005,1132617600,2026-06-15T00:00:00
260,NIM,-0.050499999999999996,,,,3.24,21,Morningstar US CEF Municipal,81,"Nuveen Fund Advisors, LLC.",False,9.22,-0.08,9.72,2026-09-02T00:00:00,67061T101,Nuveen Select Maturity Muni,2026-09-03,XNIMX,Fixed Income - Municipal-Municipal,0.41000000000000003,114.758,,,,,12.0,4.4675,,8.49,0.5800000000000001,,120.981,True,False,True,False,False,False,,3.37,6.06,0.98,0.42,0.31,2.93,,,6.15,190110,18.0,1.32,97.8224,,,5.21,9.3787,-5.6996400000000005,0.49,0.6,0.16,2026-09-03T00:00:00,1992-09-18T00:00:00,9/18/1992,716774400,2026-08-14T00:00:00
261,NXP,0.01,,,,5.11,21,Morningstar US CEF Municipal,81,"Nuveen Fund Advisors, LLC.",False,14.1,-0.08,13.97,2026-09-02T00:00:00,67062F100,Nuveen Select Tax Free Inc,2026-09-03,XNXPX,Fixed Income - Municipal-Municipal,3.73,892.732,,,,,15.0,5.046,,17.18,0.35000000000000003,,884.501,True,False,True,False,False,False,,3.9699999999999998,4.6,0.84,0.14,0.9500000000000001,3.92,,,6.08,1429540,14.4,1.31,93.9607,,9.19,8.13,14.3037,-0.05623,1.1,0.9400000000000001,1.11,2026-09-03T00:00:00,1992-03-19T00:00:00,3/19/1992,700963200,2026-08-14T00:00:00
262,NBB,-0.0147,,,,4.51,20,Morningstar US CEF Taxable Muni,81,"Nuveen Fund Advisors, LLC.",False,15.44,0.17,15.66,2026-09-02T00:00:00,67074C103,Nuveen Taxable Municipal Income,2026-09-03,XNBBX,Fixed Income - Taxable-Taxable Muni,38.34,453.855,,,,,20.0,6.8179,,16.71,3.24,,746.537,True,False,True,False,False,False,,5.59,8.56,-0.89,-1.13,0.41000000000000003,2.29,,,3.77,567350,5.6,0.0,100.5308,,,7.42,15.8573,-2.70365,1.32,2.08,1.62,2026-09-03T00:00:00,2010-04-27T00:00:00,4/27/2010,1272326400,2026-08-14T00:00:00
263,NPV,-0.05,,,,6.26,24,Morningstar US CEF Municipal-Single State,81,"Nuveen Fund Advisors, LLC.",False,10.27,-0.08,10.81,2026-09-02T00:00:00,67064R102,Nuveen VA Quality Muni Inc,2026-09-03,XNPVX,Fixed Income - Municipal-Municipal - Single-State,40.95,201.29,,,,,15.0,4.869,,18.2,3.54,,358.824,True,False,False,False,False,False,,3.06,6.61,-1.69,-4.66,-0.71,-1.08,,,-1.2,521910,32.6,1.55,95.5169,,12.56,8.16,11.3213,-1.05366,-2.31,-2.09,-2.75,2026-09-03T00:00:00,1993-03-18T00:00:00,3/18/1993,732412800,2026-08-14T00:00:00
264,NPFD,-0.0259,,,,5.93,18,Morningstar US CEF Preferreds,81,"Nuveen Fund Advisors, LLC.",False,18.76,0.18,19.33,2026-09-02T00:00:00,67080R102,Nuveen Variable Rate Pref & Inc Fund,2026-09-03,XNPFX,Fixed Income - Taxable-Preferreds,36.96,453.319,,,,,25.0,7.4788,,,4.79,,740.999,True,False,True,False,False,False,,10.78,16.0,,,1.69,5.5600000000000005,,,5.77,652260,7.4,0.0,102.0238,,5.59,3.5300000000000002,19.16598,-3.95547,0.71,1.62,1.1,2026-09-03T00:00:00,2021-12-15T00:00:00,12/15/2021,1639526400,2026-08-14T00:00:00
265,SRV,0.0067,,,,23.29,6,Morningstar US CEF MLP,33,Cushing Asset Management LP,False,45.65,0.55,44.97,2026-09-02T00:00:00,231631300,NXG Cushing Midstream Energy Fund,2026-09-03,XSRVX,Equity-MLP,29.68,284.599,,,,,20.0,,,,4.32,,398.675,True,True,True,False,False,False,,23.56,20.46,19.3,27.04,23.91,24.71,,,23.17,573570,,,,,4.57,,44.50234,-0.9505300000000001,0.58,-0.09,0.6900000000000001,2026-09-03T00:00:00,2007-08-27T00:00:00,8/27/2007,1188172800,2026-08-17T00:00:00
266,NXG,0.0186,,,,30.24,8,Morningstar US CEF Sector Equity,33,Cushing Asset Management LP,False,54.67,-0.86,53.7,2026-09-02T00:00:00,231647207,NXG NextGen Infrastructure Inc,2026-09-03,XNXGX,Equity-Sector Equity,34.65,400.85,,,,,25.0,,,,4.16,,602.547,True,True,True,False,False,False,,24.38,33.85,12.25,16.6,25.56,16.9,,,31.07,690590,,,,,1.07,,53.84575,-1.25557,0.26,-0.28,0.4,2026-09-03T00:00:00,2012-09-26T00:00:00,9/26/2012,1348617600,2026-08-17T00:00:00
267,MEGI,-0.0975,,,,13.71,8,Morningstar US CEF Sector Equity,77,New York Life Investment Management LLC,False,14.62,0.08,16.2,2026-09-03T00:00:00,56064Q107,NYLIM CBRE Glb Infra Megatrends Term Fd,2026-09-03,XMEGI,Equity-Sector Equity,21.45,760.935,,,,,20.0,,,,3.73,,1073.47,True,False,False,False,False,False,,12.5,15.79,,,12.25,13.76,,,11.36,1543750,,,,,,,14.71644,-9.34275,-0.26,-1.16,-0.11,2026-09-03T00:00:00,2021-10-27T00:00:00,10/27/2021,1635292800,2026-08-24T00:00:00
268,MMD,-0.0678,,,,6.97,21,Morningstar US CEF Municipal,77,New York Life Investment Management LLC,False,14.86,0.08,15.94,2026-09-03T00:00:00,56064K100,NYLIM MacKay DefinedTerm Muni Opps Fund,2026-09-03,XMMDX,Fixed Income - Municipal-Municipal,36.78,279.063,,,,,20.0,5.1917,,,2.72,,473.504,True,False,True,False,False,True,,3.26,0.81,-0.78,-3.15,1.23,4.45,,,7.64,632400,,,105.6287,,,5.59,15.15126,-7.24496,0.39,0.11,0.46,2026-09-03T00:00:00,2012-06-27T00:00:00,6/27/2012,1340755200,2026-08-14T00:00:00
269,OCCI,-0.21710000000000002,,,,-30.8,19,Morningstar US CEF Senior Loans,82,"OFS Capital Management, LLC",True,2.625,0.22,3.32,2026-07-31T00:00:00,67111Q107,OFS Credit Company Inc,2026-09-03,OCCI,Fixed Income - Taxable-Senior Loans,47.95,76.95,,,,,20.0,13.384,,,13.31,,184.18,True,False,False,False,True,False,,-8.88,-13.82,-8.21,-11.54,-23.43,-36.75,,,-43.83,2850650,,,,,,,3.83262,-14.10138,-0.53,0.66,0.14,2026-09-03T00:00:00,2018-10-05T00:00:00,10/5/2018,1538697600,2026-08-14T00:00:00
270,OXLC,-0.0765,,,,-33.14,19,Morningstar US CEF Senior Loans,83,Oxford Lane Management,False,9.655,0.6900000000000001,10.66,2026-07-31T00:00:00,691543847,Oxford Lane Capital Corp,2026-09-03,OXLCX,Fixed Income - Taxable-Senior Loans,43.07,942.807,,,,,20.0,10.7207,,,9.78,,1794.076,True,False,True,False,False,False,,-3.81,-6.22,-1.6,-4.31,-19.43,-17.36,,,-28.11,12311720,,,,,,,11.86337,-15.97939,0.88,1.53,0.75,2026-09-03T00:00:00,2011-01-20T00:00:00,1/20/2011,1295481600,2026-08-17T00:00:00
271,PCM,-0.0219,,,,5.25,16,Morningstar US CEF Limited Duration,84,"Pacific Investment Management Company, LLC",False,5.36,0.04,5.47,2026-09-02T00:00:00,69323T101,PCM Fund,2026-09-03,XPCMX,Fixed Income - Taxable-Limited Duration,36.13,66.617,,,,,15.0,6.1856,,7.21,4.76,,106.445,True,False,False,False,False,False,,8.21,-4.89,2.14,-3.88,1.1400000000000001,-4.62,,,-3.81,533020,,,83.6641,,,,5.96332,3.39107,-1.55,-1.8,-1.8900000000000001,2026-09-03T00:00:00,1993-09-02T00:00:00,9/2/1993,746928000,2026-08-13T00:00:00
272,PDCC,-0.18280000000000002,,,,-25.38,19,Morningstar US CEF Senior Loans,86,Pearl Diver Capital LLP,True,8.77,-0.41000000000000003,10.96,2026-07-31T00:00:00,70476Q100,Pearl Diver Credit Company Inc,2026-09-03,PDCC,Fixed Income - Taxable-Senior Loans,35.25,60.246,,,,,20.0,10.3892,,,8.24,,114.905,True,False,False,False,True,False,,,,,,-14.64,-27.62,,,-39.07,58240,,,,,,,12.57175,-5.06792,-1.85,-1.1,-1.22,2026-09-03T00:00:00,2024-07-18T00:00:00,7/18/2024,1721260800,2026-08-17T00:00:00
273,PSUS,-0.2188,,,,,10,Morningstar US CEF US Equity,87,"Pershing Square Capital Management, L.P.",False,39.25,-0.16,50.19,2026-08-31T00:00:00,71531T105,"Pershing Square USA, Ltd",2026-09-03,PSUSX,Equity-U.S. Equity,,,,,,,50.0,,,,0.0,,,False,True,True,False,False,False,,,,,,,,,,,0,,,,,,,,,,-0.66,,2026-09-03T00:00:00,2026-04-29T00:00:00,4/29/2026,1777420800,
274,GHY,-0.0904,,,,5.73,14,Morningstar US CEF High Yield,88,PGIM,False,11.52,-0.02,12.72,2026-09-02T00:00:00,69346J106,"PGIM Global High Yield Fund, Inc.",2026-09-03,XGHYX,Fixed Income - Taxable-High Yield,16.1,471.872,,,,,20.0,6.5398,,,2.5,,621.025,True,False,False,False,False,False,,10.93,12.14,4.19,4.38,2.93,-0.09,,,-3.71,1556440,,,96.1442,,,,12.24881,-6.13659,-1.35,-1.63,-1.5899999999999999,2026-09-03T00:00:00,2012-12-21T00:00:00,12/21/2012,1356048000,2026-08-13T00:00:00
275,ISD,-0.0941,,,,3.81,14,Morningstar US CEF High Yield,88,PGIM,False,12.34,0.1,13.5,2026-09-02T00:00:00,69346H100,"PGIM High Yield Bond Fund, Inc.",2026-09-03,XISDX,Fixed Income - Taxable-High Yield,20.36,410.871,,,,,20.0,6.6848,,,2.15,,449.494,True,False,False,False,False,False,,9.2,10.01,4.14,3.95,2.38,-10.13,,,-7.61,951140,,,97.3498,,,,13.73314,-1.10127,-1.63,-1.3,-1.3900000000000001,2026-09-03T00:00:00,2012-04-26T00:00:00,4/26/2012,1335398400,2026-08-13T00:00:00
276,SDHY,-0.0717,,,,3.16,14,Morningstar US CEF High Yield,88,PGIM,True,15.95,0.11,17.16,2026-09-02T00:00:00,69355J104,PGIM Short Duration High Yield Opps,2026-09-03,XSDHX,Fixed Income - Taxable-High Yield,22.15,393.535,,,,,20.0,6.4186,,,2.52,,423.39,True,False,False,False,True,False,,7.69,10.0,4.51,4.85,1.8900000000000001,1.98,,,1.7000000000000002,697630,,,98.7564,,,,16.34275,-6.7395700000000005,-0.35000000000000003,-0.61,0.2,2026-09-03T00:00:00,2020-11-25T00:00:00,11/25/2020,1606262400,2026-08-13T00:00:00
277,PAXS,-0.0323,,,,5.95,17,Morningstar US CEF Multi-Sector,90,PIMCO,True,14.06,0.0,14.55,2026-09-02T00:00:00,72203T100,PIMCO Access Income,2026-09-03,XPAAX,Fixed Income - Taxable-Multi-Sector,39.56,662.951,,,,,20.0,,,8.61,5.85,,1133.504,True,False,False,False,True,False,,12.3,10.41,,,2.46,-0.59,,,-1.6800000000000002,1871940,,,86.1715,,,,15.09428,0.40769000000000005,-1.34,-0.9,-0.99,2026-09-03T00:00:00,2022-01-31T00:00:00,1/31/2022,1643587200,2026-08-13T00:00:00
278,PCQ,-0.096,,,,8.41,22,Morningstar US CEF Municipal-CA,84,"Pacific Investment Management Company, LLC",False,8.5,-0.1,9.48,2026-09-02T00:00:00,72200N106,PIMCO CA Municipal Income,2026-09-03,XPCQX,Fixed Income - Municipal-Municipal - CA,43.02,477.128,,,,,15.0,4.7087,,13.26,4.27,,933.846,True,False,True,False,False,False,,2.7,2.11,-3.0,-10.13,-0.8,2.35,,,9.7,1542120,,,95.5316,,14.47,8.47,8.79928,-11.19881,1.04,0.5,0.96,2026-09-03T00:00:00,2001-06-29T00:00:00,6/29/2001,993772800,2026-08-13T00:00:00
279,PTY,0.0361,,,,7.94,15,Morningstar US CEF Investment Grade,90,PIMCO,False,11.75,-0.04,11.35,2026-09-02T00:00:00,72201B101,PIMCO Corporate & Income Opportunity Fd,2026-09-03,XPTYX,Fixed Income - Taxable-Investment Grade,17.31,2579.14,,,,,15.0,,,9.15,1.27,,3012.839,True,False,False,False,False,False,,15.59,5.01,7.93,-0.01,3.2800000000000002,-1.07,,,-6.48,10726910,,,92.7159,,,,12.70743,8.87655,-0.98,-0.33,-0.8300000000000001,2026-09-03T00:00:00,2002-12-27T00:00:00,12/27/2002,1040947200,2026-08-13T00:00:00
280,PCN,0.0291,,,,6.77,15,Morningstar US CEF Investment Grade,84,"Pacific Investment Management Company, LLC",False,11.67,-0.04,11.35,2026-09-02T00:00:00,72200U100,PIMCO Corporate & Income Strgy,2026-09-03,XPCNX,Fixed Income - Taxable-Investment Grade,5.85,887.619,,,,,15.0,,,8.68,1.2,,916.877,True,False,False,False,False,False,,13.62,5.67,6.78,1.79,2.64,-0.61,,,0.65,3253320,,,92.1831,,,,12.36548,5.79738,-1.05,-0.52,-0.71,2026-09-03T00:00:00,2001-12-21T00:00:00,12/21/2001,1008892800,2026-08-13T00:00:00
281,PDI,-0.0192,,,,7.8,17,Morningstar US CEF Multi-Sector,84,"Pacific Investment Management Company, LLC",False,15.29,0.14,15.63,2026-09-02T00:00:00,72201Y101,PIMCO Dynamic Income Fund,2026-09-03,XPDIX,Fixed Income - Taxable-Multi-Sector,31.82,7273.258,,,,,25.0,,,8.9,4.46,,10883.629,True,False,False,False,False,False,,13.93,9.74,5.96,2.3,2.94,-4.58,,,-9.66,28247490,,,89.064,,,,17.62226,7.31184,-2.07,-1.69,-2.08,2026-09-03T00:00:00,2012-05-25T00:00:00,5/25/2012,1337904000,2026-08-13T00:00:00
282,PDO,-0.0228,,,,7.96,13,Morningstar US CEF Global Income,84,"Pacific Investment Management Company, LLC",True,12.52,0.14,12.74,2026-09-02T00:00:00,69355M107,PIMCO Dynamic Income Opportunities Fund,2026-09-03,XPDOX,Fixed Income - Taxable-Global Income,34.52,1820.153,,,,,20.0,,,8.82,5.22,,2824.208,True,False,False,False,True,False,,13.95,12.55,3.34,2.03,3.03,-2.34,,,1.34,6284920,,,89.112,,,,13.500820000000001,3.36015,-2.56,-2.06,-2.14,2026-09-03T00:00:00,2021-01-29T00:00:00,1/29/2021,1611878400,2026-08-13T00:00:00
283,PDX,-0.07769999999999999,,,,11.24,25,Morningstar US CEF Global Allocation,90,PIMCO,True,22.0,0.16,23.8,2026-09-02T00:00:00,69346N107,PIMCO Dynamic Income Strategy Fund,2026-09-03,XPDX,Hybrid-Global Allocation,22.42,983.553,,,,,20.0,6.1539,,7.48,3.29,,1371.504,True,True,True,False,True,True,,17.5,22.29,21.83,25.18,18.43,22.3,,,10.53,1222200,,,91.6489,,,,21.43593,-9.66695,1.4,2.1,1.94,2026-09-03T00:00:00,2019-01-30T00:00:00,1/30/2019,1548806400,2026-08-13T00:00:00
284,PGP,-0.0393,,,,20.24,25,Morningstar US CEF Global Allocation,84,"Pacific Investment Management Company, LLC",False,8.86,0.11,9.15,2026-09-02T00:00:00,722011103,PIMCO Global StocksPLUS & Income,2026-09-03,XPGPX,Hybrid-Global Allocation,48.71,102.703,,,,,25.0,,,8.33,2.5300000000000002,,206.803,True,True,False,False,False,False,,21.49,19.34,7.58,5.79,9.54,2.71,,,13.91,439280,,,92.0495,,,,8.76435,-1.34175,-1.04,1.27,-0.44,2026-09-03T00:00:00,2005-05-31T00:00:00,5/31/2005,1117497600,2026-08-13T00:00:00
285,PHK,0.011200000000000002,,,,8.51,17,Morningstar US CEF Multi-Sector,84,"Pacific Investment Management Company, LLC",False,4.5,-0.02,4.46,2026-09-02T00:00:00,722014107,PIMCO High Income,2026-09-03,XPHKX,Fixed Income - Taxable-Multi-Sector,19.91,854.709,,,,,15.0,,,9.48,1.44,,1057.676,True,False,False,False,False,False,,13.7,10.12,6.5600000000000005,3.8,3.91,0.9500000000000001,,,3.06,7596450,,,92.3547,,,,4.7578700000000005,3.82938,-1.65,-1.31,-1.22,2026-09-03T00:00:00,2003-04-30T00:00:00,4/30/2003,1051660800,2026-08-13T00:00:00
286,PFL,0.0067,,,,5.55,17,Morningstar US CEF Multi-Sector,90,PIMCO,False,7.58,0.04,7.48,2026-09-02T00:00:00,72201H108,PIMCO Income Strategy,2026-09-03,XPFLX,Fixed Income - Taxable-Multi-Sector,7.86,380.254,,,,,20.0,,,7.52,1.8599999999999999,,407.244,True,False,False,False,False,False,,12.51,11.91,4.84,0.87,1.97,-1.81,,,1.4,2066190,,,88.49,,,,8.13696,4.20357,-1.42,-0.59,-0.86,2026-09-03T00:00:00,2003-08-26T00:00:00,8/26/2003,1061856000,2026-08-13T00:00:00
287,PFN,0.0059,,,,7.5,17,Morningstar US CEF Multi-Sector,84,"Pacific Investment Management Company, LLC",False,6.890000000000001,0.0,6.83,2026-09-02T00:00:00,72201J104,PIMCO Income Strategy II,2026-09-03,XPFNX,Fixed Income - Taxable-Multi-Sector,24.15,685.376,,,,,20.0,,,9.57,1.71,,895.682,True,False,False,False,False,False,,13.71,13.58,5.5,1.99,3.0,0.77,,,3.49,4378290,,,91.5197,,,,7.22207,2.58506,-0.98,-0.6900000000000001,-0.34,2026-09-03T00:00:00,2004-10-29T00:00:00,10/29/2004,1099008000,2026-08-13T00:00:00
288,PML,-0.055,,,,6.31,21,Morningstar US CEF Municipal,90,PIMCO,False,7.21,-0.03,7.63,2026-09-02T00:00:00,72200W106,PIMCO Municipal Income II,2026-09-03,XPMLX,Fixed Income - Municipal-Municipal,43.57,904.623,,,,,15.0,5.0244,,13.98,4.19,,1696.501,True,False,True,False,False,False,,2.06,0.3,-3.76,-8.11,-1.01,1.33,,,7.26,4344610,,,97.8724,,14.32,8.36,7.60724,-5.65437,0.02,0.96,0.72,2026-09-03T00:00:00,2002-06-28T00:00:00,6/28/2002,1025222400,2026-08-13T00:00:00
289,PNI,-0.094,,,,7.04,23,Morningstar US CEF Municipal-NY,90,PIMCO,False,6.72,-0.04,7.45,2026-09-02T00:00:00,72200Y102,PIMCO NY Municipal Income II,2026-09-03,XPNIX,Fixed Income - Municipal-Municipal - NY,42.55,160.51,,,,,15.0,4.8444,,13.36,4.31,,309.718,True,False,True,False,False,False,,1.58,2.65,-4.31,-5.9,-0.76,2.22,,,8.54,575770,,,98.1725,,15.54,9.17,6.95687,-10.92058,1.3900000000000001,1.02,1.07,2026-09-03T00:00:00,2002-06-28T00:00:00,6/28/2002,1025222400,2026-08-13T00:00:00
290,RCS,0.1582,,,,8.78,15,Morningstar US CEF Investment Grade,90,PIMCO,False,5.19,-0.06,4.55,2026-09-02T00:00:00,72200X104,PIMCO Strategic Income Fund,2026-09-03,XRCSX,Fixed Income - Taxable-Investment Grade,80.47,246.061,,,,,12.5,6.5746,,7.58,3.49,,1099.889,True,False,False,False,False,False,,15.35,8.18,5.0,1.67,3.33,0.75,,,-20.54,1544470,,,98.2536,,,,6.02066,30.17575,-0.99,-1.03,-1.34,2026-09-03T00:00:00,1994-02-24T00:00:00,2/24/1994,762048000,2026-08-13T00:00:00
291,PWRL,-0.3247,,,,,8,Morningstar US CEF Sector Equity,91,Powerlaw Fund Adviser LLC,False,10.33,-1.44,14.69,2026-07-31T00:00:00,738922103,Powerlaw Corp.,2026-09-03,XPWRX,Equity-Sector Equity,,,,,,,,,,,0.0,,,False,True,True,False,False,False,,,,,,,,,,,0,,,,,,,,,,-1.06,,2026-09-03T00:00:00,2026-05-27T00:00:00,5/27/2026,1779840000,
292,PGZ,-0.095,,,,4.15,7,Morningstar US CEF Real Estate,92,Principal Funds,True,9.8,-0.01,10.79,2026-09-02T00:00:00,74255X104,Principal Real Estate Income Fund,2026-09-03,XPGZX,Equity-Real Estate,30.7,65.602,,,,,20.0,3.7804,,,4.79,,104.229,True,False,True,False,True,False,,11.8,14.66,0.03,2.29,3.34,6.95,,,6.1,256540,,,79.7282,,4.67,,10.15583,-9.98384,0.27,-1.01,0.12,2026-09-03T00:00:00,2013-06-26T00:00:00,6/26/2013,1372204800,2026-08-17T00:00:00
293,UTG,0.005,,,,5.73,8,Morningstar US CEF Sector Equity,93,Reaves Asset Management,True,37.97,0.26,37.78,2026-09-03T00:00:00,756158101,Reaves Utility Income,2026-09-03,XUTGX,Equity-Sector Equity,21.45,3497.385,,,,,20.0,,,,2.09,,4429.884,True,False,True,False,True,False,,20.96,21.12,8.82,8.72,6.96,6.82,,,5.79,2518930,,,,,2.62,,39.43847,-0.45698000000000005,0.79,0.75,0.8300000000000001,2026-09-03T00:00:00,2004-02-24T00:00:00,2/24/2004,1077580800,2026-08-18T00:00:00
294,RCG,-0.0392,,,,11.15,26,Morningstar US CEF US Allocation,63,Horizon Kinetics Asset Management LLC,False,2.88,-0.07,3.06,2026-09-02T00:00:00,759720105,RENN Fund ord,2026-09-03,XXRENNX,Hybrid-U.S. Allocation,11.03,20.205,,,,,10.0,,,,1.56,,21.468,True,True,True,False,False,False,,12.22,18.38,3.73,5.71,9.19,14.44,,,8.52,78330,,,,,0.15,,2.78179,-9.60655,0.85,0.3,0.43,2026-09-03T00:00:00,1994-01-20T00:00:00,1/20/1994,759024000,2024-12-16T00:00:00
295,RSF,-0.028200000000000003,,,,7.69,14,Morningstar US CEF High Yield,94,"RiverNorth Capital Management, LLC",False,14.5,-0.01,14.92,2026-09-02T00:00:00,76882B108,RiverNorth Capital and Inc Fund,2026-09-03,XRSFX,Fixed Income - Taxable-High Yield,9.65,50.234,,,,,21.42,,,,6.38,,51.689,True,False,True,False,False,False,,8.74,10.51,6.06,5.47,4.77,8.94,,,9.5,164800,,,,,2.96,,14.57874,-4.14342,1.21,0.58,0.6900000000000001,2026-09-03T00:00:00,2016-09-22T00:00:00,9/22/2016,1474502400,2026-08-14T00:00:00
296,RFM,-0.0691,,,,9.47,21,Morningstar US CEF Municipal,94,"RiverNorth Capital Management, LLC",True,14.2,-0.14,15.34,2026-09-02T00:00:00,76883H104,RiverNorth Flexible Municipal Income,2026-09-03,XRFMX,Fixed Income - Municipal-Municipal,40.69,86.829,,,,,20.0,5.1551,,,4.92,,158.139,True,False,True,False,True,True,,4.97,5.28,-1.08,-1.4,2.96,8.37,,,12.68,207390,,,103.2065,,16.06,16.44,14.3999,-8.711780000000001,1.19,0.06,0.73,2026-09-03T00:00:00,2020-03-26T00:00:00,3/26/2020,1585180800,2026-08-14T00:00:00
297,RFMZ,-0.07730000000000001,,,,9.32,21,Morningstar US CEF Municipal,94,"RiverNorth Capital Management, LLC",True,12.9,-0.05,13.98,2026-09-02T00:00:00,76883Y107,RiverNorth Flexible Municipal Income II,2026-09-03,XRFZX,Fixed Income - Municipal-Municipal,41.14,314.138,,,,,20.0,5.1719,,,5.04,,578.368,True,False,True,False,True,True,,5.18,6.07,-0.71,-2.46,2.81,8.31,,,12.26,747050,,,102.4874,,15.2,15.07,13.05009,-9.27227,1.29,-0.21,0.75,2026-09-03T00:00:00,2021-02-24T00:00:00,2/24/2021,1614124800,2026-08-14T00:00:00
298,RMMZ,-0.0601,,,,8.97,21,Morningstar US CEF Municipal,94,"RiverNorth Capital Management, LLC",False,14.54,-0.21,15.47,2026-09-02T00:00:00,76882M104,RiverNorth Manage Dur Muni Inc Fd II Inc,2026-09-03,XRMZX,Fixed Income - Municipal-Municipal,41.59,122.936,,,,,20.0,5.1983,,,4.97,,223.914,True,False,True,False,False,True,,4.79,6.27,,,2.73,7.64,,,9.61,221170,,,103.2456,,15.23,13.91,14.81635,-6.93799,1.21,1.1,1.34,2026-09-03T00:00:00,2022-02-10T00:00:00,2/10/2022,1644451200,2026-08-14T00:00:00
299,RMM,-0.0374,,,,9.15,21,Morningstar US CEF Municipal,94,"RiverNorth Capital Management, LLC",False,14.12,-0.12,14.7,2026-09-02T00:00:00,76882H105,RiverNorth Managed Duration Muni Inc Fd,2026-09-03,XRMMX,Fixed Income - Municipal-Municipal,41.34,278.724,,,,,20.0,5.1325,,,4.75,,494.683,True,False,True,False,False,True,,5.01,4.85,0.37,-0.9,2.7,10.25,,,14.37,660560,,,103.1319,,9.8,16.2,14.19028,-6.23679,1.3900000000000001,0.64,0.89,2026-09-03T00:00:00,2019-07-25T00:00:00,7/25/2019,1564012800,2026-08-14T00:00:00
300,RMI,-0.0275,,,,9.45,21,Morningstar US CEF Municipal,94,"RiverNorth Capital Management, LLC",False,15.0428,-0.13,15.47,2026-09-02T00:00:00,76883F108,RiverNorth Opp Muni Income Fund Inc,2026-09-03,XRMIX,Fixed Income - Municipal-Municipal,40.4,95.891,,,,,20.0,5.1582,,,4.93,,165.459,True,True,True,False,False,True,,4.93,5.85,-1.08,-0.53,3.04,11.17,,,17.37,227350,,,102.9981,,15.85,16.15,15.0203,-5.58652,1.07,0.45,0.58,2026-09-03T00:00:00,2018-10-25T00:00:00,10/25/2018,1540425600,2026-08-14T00:00:00
301,RIV,-0.0922,,,,10.73,26,Morningstar US CEF US Allocation,94,"RiverNorth Capital Management, LLC",True,10.91,-0.05,12.04,2026-09-02T00:00:00,76881Y109,RiverNorth Opportunities Fund,2026-09-03,XRIVX,Hybrid-U.S. Allocation,25.81,298.62,,,,,20.0,6.4636,,,2.07,,444.22,True,False,False,False,True,True,,14.23,12.61,7.27,3.14,5.43,1.98,,,0.35000000000000003,1008180,,,99.6122,,,,11.64633,-5.59483,-2.16,-1.97,-2.73,2026-09-03T00:00:00,2015-12-23T00:00:00,12/23/2015,1450828800,2026-08-14T00:00:00
302,OPP,-0.0916,,,,6.71,14,Morningstar US CEF High Yield,94,"RiverNorth Capital Management, LLC",True,7.45,0.02,8.19,2026-09-02T00:00:00,76882G107,RiverNorth/DoubleLine Strategic Opp Fund,2026-09-03,XOPPX,Fixed Income - Taxable-High Yield,37.76,186.176,,,,,20.0,4.9871,,,2.7800000000000002,,328.861,True,False,False,False,True,True,,10.09,10.81,2.74,0.41000000000000003,2.22,3.2,,,-0.59,1029700,,,75.0069,,,,7.8831,-8.3987,-0.39,-0.84,-0.38,2026-09-03T00:00:00,2016-09-27T00:00:00,9/27/2016,1474934400,2026-08-14T00:00:00
303,RVI,0.0608,,,,,5,Morningstar US CEF Global Equity,95,"Robinhood Ventures DE, LLC",True,27.1,-6.85,25.02,2026-06-30T00:00:00,770701100,Robinhood Ventures Fund I,2026-09-03,XRVIX,Equity-Global Equity,,738.4,,,,,25.0,,,,2.72,,681.725,False,True,True,False,True,False,,,,,,,,,,,0,,,,,,,,,,-0.68,,2026-09-03T00:00:00,2026-03-06T00:00:00,3/6/2026,1772755200,
304,BOT,1.2951,,,,,8,Morningstar US CEF Sector Equity,52,"FP Strategies, LLC",True,27.25,-2.16,11.32,2026-07-31T00:00:00,77106T107,RoboStrategy Inc,2026-09-03,XBOTX,Equity-Sector Equity,,,,,,,,,,,0.0,,,False,True,True,False,True,False,,,,,,,,,,,0,,,,,,,,,,,,2026-09-03T00:00:00,2026-05-11T00:00:00,5/11/2026,1778457600,
305,RGT,-0.1407,,,,21.45,5,Morningstar US CEF Global Equity,96,Royce Investment Partners,False,15.27,0.08,17.77,2026-09-03T00:00:00,78081T104,"Royce Global Trust, Inc.",2026-09-03,XRGTX,Equity-Global Equity,2.11,100.215,,,,,8.975,,,,1.35,,115.112,True,True,True,False,False,False,,19.33,21.56,6.01,4.54,16.73,16.86,,,22.08,204310,,,,,,,13.83512,-14.72008,0.58,0.6900000000000001,0.9400000000000001,2026-09-03T00:00:00,2013-10-18T00:00:00,10/18/2013,1382054400,2025-12-11T00:00:00
306,RMT,-0.109,,,,43.52,10,Morningstar US CEF US Equity,96,Royce Investment Partners,True,13.81,0.04,15.5,2026-09-03T00:00:00,780915104,Royce Micro-Cap Trust,2026-09-03,XOTCX,Equity-U.S. Equity,3.45,748.385,,,,,10.0,,,,1.3900000000000001,,869.969,True,True,True,False,True,False,,23.07,25.43,10.61,12.24,35.64,38.55,,,47.84,1215450,,,,,,,12.1008,-11.41273,0.7000000000000001,0.8,0.27,2026-09-03T00:00:00,1993-12-14T00:00:00,12/14/1993,755827200,2026-06-11T00:00:00
307,RVT,-0.0977,,,,22.96,10,Morningstar US CEF US Equity,96,Royce Investment Partners,True,18.47,0.15,20.47,2026-09-03T00:00:00,780910105,Royce Small-Cap Trust,2026-09-03,XRVTX,Equity-U.S. Equity,1.5899999999999999,2294.874,,,,,10.0,,,,1.35,,2543.371,True,True,False,False,True,False,,17.08,19.67,7.75,8.62,19.44,19.48,,,25.96,2729780,,,,,,,17.30544,-9.738150000000001,-0.02,2.01,0.07,2026-09-03T00:00:00,1986-11-26T00:00:00,11/26/1986,533347200,2026-06-11T00:00:00
308,BRW,-0.10439999999999999,,,,0.2,19,Morningstar US CEF Senior Loans,97,"Saba Capital Management, LP",False,6.46,-0.04,7.28,2026-09-02T00:00:00,78518H202,Saba Capital Income & Opportunities Fund,2026-09-03,XPPRX,Fixed Income - Taxable-Senior Loans,12.29,335.5,,,,,10.0,,,,5.82,,431.087,True,False,True,False,False,False,,9.28,8.76,7.52,7.25,4.19,3.6,,,-7.6,2713490,,,,,6.5,,6.9232700000000005,-10.64525,-0.47000000000000003,-0.97,-0.38,2026-09-03T00:00:00,1988-05-12T00:00:00,5/12/1988,579398400,2026-08-11T00:00:00
309,SABA,-0.12990000000000002,,,,2.4,13,Morningstar US CEF Global Income,97,"Saba Capital Management, LP",False,8.22,-0.01,9.47,2026-09-02T00:00:00,880198205,Saba Capital Income & Ops Fund II,2026-09-03,XSABX,Fixed Income - Taxable-Global Income,,221.852,,,,,10.0,7.8815,,7.8100000000000005,4.58,,255.589,False,False,False,False,False,False,,11.34,9.9,4.64,3.42,6.1,6.0,,,-1.5899999999999999,719110,,,,,,,8.46053,-12.3363,-0.71,-0.03,-0.41000000000000003,2026-09-03T00:00:00,1988-03-17T00:00:00,3/17/1988,574560000,2026-08-11T00:00:00
310,SPMC,0.0372,,,,-33.74,19,Morningstar US CEF Senior Loans,99,Sound Point Meridian Management Company LLC,True,9.73,-0.54,9.61,2026-07-31T00:00:00,83617A108,Sound Point Meridian Capital Inc,2026-09-03,,Fixed Income - Taxable-Senior Loans,46.36,205.17,,,,,20.0,,,,10.95,,369.936,True,False,True,False,True,False,,,,,,-21.15,-14.84,,,-30.25,285670,,,,,,,12.513490000000001,-0.74082,0.54,0.05,0.25,2026-09-03T00:00:00,2024-06-14T00:00:00,6/14/2024,1718323200,2026-08-14T00:00:00
311,SOR,-0.0828,,,,14.9,26,Morningstar US CEF US Allocation,48,"First Pacific Advisors, LP",True,46.44,-0.16,50.61,2026-09-02T00:00:00,836144303,Source Capital,2026-09-03,XSORX,Hybrid-U.S. Allocation,0.0,382.246,,,,,17.5,3.0678,,,0.9800000000000001,,415.829,True,True,False,False,True,False,,14.83,15.72,9.21,9.2,8.68,6.45,,,12.72,109760,,,,,,,46.32238,-5.15211,-1.4,-0.77,-0.93,2026-09-03T00:00:00,1968-10-24T00:00:00,10/24/1968,-37497600,2026-08-13T00:00:00
312,SPE,-0.1406,,,,3.02,10,Morningstar US CEF US Equity,22,Bulldog Investors LLP,False,13.5749,0.02,15.72,2026-08-31T00:00:00,84741T104,Special Opportunities,2026-09-03,XSPEX,Equity-U.S. Equity,25.08,144.208,,,,,15.0,5.1616,,19.11,1.8599999999999999,,222.89,True,False,False,False,False,False,,14.68,17.57,8.68,8.64,1.98,-1.6,,,-0.56,343420,,,,,,,14.5006,-10.83781,-1.38,0.26,-0.75,2026-09-03T00:00:00,1993-06-08T00:00:00,6/8/1993,739497600,2026-08-18T00:00:00
313,FUND,-0.0931,,,,35.29,10,Morningstar US CEF US Equity,101,Sprott Asset Management USA Inc.,True,10.865,0.08,11.98,2026-09-03T00:00:00,85208J109,Sprott Focus Trust,2026-09-03,XFUNX,Equity-U.S. Equity,0.0,324.817,,,,,10.0,,,,1.13,,358.151,True,True,True,False,True,False,,17.85,17.45,12.6,12.69,26.65,25.84,,,37.95,262020,,,,,,,9.38001,-10.51207,1.69,0.76,1.19,2026-09-03T00:00:00,1988-03-01T00:00:00,3/1/1988,573177600,2026-06-12T00:00:00
314,CEF,-0.0304,,,,33.08,2,Morningstar US CEF Commodity,100,Sprott Asset Management LP,False,45.78,1.8399999999999999,45.99,2026-09-02T00:00:00,85208R101,Sprott Physical Gold and Silver Trust,2026-09-03,XCEFX,Equity-Commodities,,7807.336,,,,,13.72,,,,0.46,,7843.149,False,True,True,False,False,False,,28.46,34.97,16.96,20.48,-12.05,-0.52,,,41.36,10585260,,,,,,,44.55877,-4.34952,1.21,1.5,1.76,2026-09-03T00:00:00,2018-01-16T00:00:00,1/16/2018,1516060800,
315,PHYS,-0.02,,,,22.24,2,Morningstar US CEF Commodity,100,Sprott Asset Management LP,False,33.88,1.11,33.94,2026-09-02T00:00:00,85207H104,Sprott Physical Gold Trust Unit,2026-09-03,,Equity-Commodities,,16419.412,,,,,10.0,,,,0.4,,16448.49,False,True,True,False,False,False,,26.4,30.68,16.7,18.7,-6.61,2.39,,,27.49,49217550,,,,,,,33.38287,-2.2492900000000002,0.1,0.77,0.7000000000000001,2026-09-03T00:00:00,2010-02-26T00:00:00,2/26/2010,1267142400,
316,SPPP,-0.0194,,,,16.36,2,Morningstar US CEF Commodity,100,Sprott Asset Management LP,False,15.16,0.8300000000000001,14.94,2026-09-02T00:00:00,85207Q104,Sprott Physical Platinum & Palladium Tr,2026-09-03,,Equity-Commodities,,566.44,,,,,10.0,,,,1.01,,558.22,False,False,True,False,False,False,,7.42,9.4,-5.38,-3.14,-20.59,-12.77,,,21.1,9242400,,,,,,,15.21379,-4.76617,1.08,2.42,3.08,2026-09-03T00:00:00,2012-12-19T00:00:00,12/19/2012,1355875200,
317,PSLV,-0.0417,,,,55.05,2,Morningstar US CEF Commodity,100,Sprott Asset Management LP,False,21.96,0.98,22.28,2026-09-02T00:00:00,85207K107,Sprott Physical Silver Trust Unit,2026-09-03,,Equity-Commodities,,13352.751,,,,,10.0,,,,0.56,,13547.327,False,True,True,False,False,False,,31.23,37.81,16.58,21.1,-20.05,-7.48,,,62.31,169016730,,,,,,,21.83912,-4.57143,0.46,1.17,1.44,2026-09-03T00:00:00,2010-10-29T00:00:00,10/29/2010,1288310400,
318,STEW,-0.2257,,,,6.51,10,Morningstar US CEF US Equity,85,Paralel Advisors LLC,True,18.53,0.08,23.93,2026-09-03T00:00:00,101507101,SRH Total Return Fund,2026-09-03,XSTEX,Equity-U.S. Equity,8.84,1787.061,,,,,10.0,5.4498,,,1.42,,2531.68,True,True,False,False,True,False,,15.94,15.43,11.02,9.97,5.46,2.96,,,4.08,807530,,,,,0.4,,17.95183,-21.51325,-1.06,0.39,-0.42,2026-09-03T00:00:00,1972-12-07T00:00:00,12/7/1972,92534400,2026-07-24T00:00:00
319,TWN,-0.1482,,,,132.17,1,Morningstar US CEF Asia Equity,80,Nomura Asset Management USA Inc,False,102.4,-1.17,122.63,2026-09-02T00:00:00,874036106,Taiwan Fund,2026-09-03,XXTWNXX,Equity-Asia Equity,,587.985,,,,,22.42,,,,1.32,,704.146,False,True,True,False,False,False,,59.19,64.19,31.92,32.9,98.79,91.2,,,126.91,308130,,,,,,,71.66571,-15.84247,0.48,1.16,0.79,2026-09-03T00:00:00,1986-12-23T00:00:00,12/23/1986,535680000,2025-12-29T00:00:00
320,TSI,-0.0973,,,,0.38,17,Morningstar US CEF Multi-Sector,102,TCW Investment Management Co LLC,False,4.37,0.01,4.83,2026-09-02T00:00:00,872340104,TCW Strategic Income,2026-09-03,XXCVTXX,Fixed Income - Taxable-Multi-Sector,0.0,208.822,,,,,10.0,4.6909,,,1.17,,230.804,True,False,False,False,False,False,,6.15,5.86,3.01,2.09,-1.25,-7.24,,,-3.93,1223480,,,97.6881,,,,4.69643,-6.84238,-1.6400000000000001,-1.3900000000000001,-1.3900000000000001,2026-09-03T00:00:00,1987-03-05T00:00:00,3/5/1987,541900800,2026-08-17T00:00:00
321,TDF,-0.15109999999999998,,,,0.75,1,Morningstar US CEF Asia Equity,103,Templeton Asset Management Ltd.,False,10.56,-0.01,12.44,2026-09-03T00:00:00,88018T101,Templeton Dragon,2026-09-03,XTDFX,Equity-Asia Equity,0.32,266.282,,,,,15.0,,,,1.21,,314.692,True,False,False,False,False,False,,7.88,8.7,-5.98,-7.15,-2.22,-1.53,,,0.85,747980,,,,,,,11.21234,-14.12703,-1.11,-0.78,-0.74,2026-09-03T00:00:00,1994-09-20T00:00:00,9/20/1994,780019200,2026-06-23T00:00:00
322,TEI,-0.0642,,,,25.07,12,Morningstar US CEF Emerging Market Income,53,"Franklin Advisers, Inc.",False,6.71,0.06,7.17,2026-09-03T00:00:00,880192109,Templeton Emerg Mkts Income,2026-09-03,XTEIX,Fixed Income - Taxable-Emerging Market Income,16.1,316.903,,,,,15.0,8.0859,,,2.37,,403.628,True,True,False,False,False,False,,20.17,23.76,7.43,8.8,10.97,11.32,,,25.82,1856710,,,,,5.59,,6.49518,-5.801740000000001,-0.38,-0.59,-0.05,2026-09-03T00:00:00,1993-09-23T00:00:00,9/23/1993,748742400,2026-08-24T00:00:00
323,EMF,-0.1106,,,,64.97,4,Morningstar US CEF Emerging Market Equity,55,Franklin Templeton Investments,False,22.59,-0.01,25.4,2026-09-03T00:00:00,880191101,Templeton Emerging Markets,2026-09-03,XEMFX,Equity-Emerging Market Equity,2.5700000000000003,337.673,,,,,20.0,,,,1.34,,389.677,True,True,False,False,False,False,,32.89,35.99,13.05,14.2,36.26,34.87,,,68.6,410300,,,,,,,19.48179,-10.13719,-0.61,-0.74,-0.5,2026-09-03T00:00:00,1987-02-26T00:00:00,2/26/1987,541296000,2026-06-23T00:00:00
324,CEE,-0.1148,,,,48.74,4,Morningstar US CEF Emerging Market Equity,40,DWS,False,19.98,0.18,22.48,2026-09-02T00:00:00,153436100,The Central and Eastern Europe Fund,2026-09-03,XCEEX,Equity-Emerging Market Equity,4.85,130.273,,,,,19.0,,,,1.26,,154.037,True,True,False,False,False,False,,42.68,34.77,-4.18,-3.46,32.54,12.37,,,24.42,272110,,,,,,,18.63707,-1.78573,-3.0,-1.5899999999999999,-2.35,2026-09-03T00:00:00,1990-03-06T00:00:00,3/6/1990,636681600,2025-12-30T00:00:00
325,TBLD,-0.0634,,,,19.27,25,Morningstar US CEF Global Allocation,105,Thornburg Investment Management Inc,False,22.15,-0.04,23.65,2026-09-03T00:00:00,885213108,Thornburg Income Builder Opp Trust,2026-09-03,XTBLX,Hybrid-Global Allocation,0.07,710.614,,,,,20.0,5.5725,,,1.62,,759.254,True,True,False,False,False,True,,17.64,21.58,10.09,9.54,13.25,14.75,,,18.25,594070,,,88.0102,,,,21.18245,-5.65746,-0.63,-0.76,-0.78,2026-09-03T00:00:00,2021-07-27T00:00:00,7/27/2021,1627344000,2026-08-13T00:00:00
326,TYG,-0.044500000000000005,,,,10.18,6,Morningstar US CEF MLP,106,"Tortoise Capital Advisors, LLC",False,42.96,-0.74,45.2,2026-09-02T00:00:00,89147L886,Tortoise Energy Infrastructure Corp.,2026-09-03,XTYGX,Equity-MLP,27.32,907.727,,,,,25.0,,,,3.13,,1314.06,True,False,True,False,False,False,,18.49,25.37,15.27,21.36,10.93,15.91,,,15.69,1277660,,,,,0.25,,44.59686,-4.85973,-0.09,0.4,-0.3,2026-09-03T00:00:00,2004-02-27T00:00:00,2/27/2004,1077840000,2026-08-24T00:00:00
327,SWZ,-0.1881,,,,5.24,9,Morningstar US CEF Single Country Equity,22,Bulldog Investors LLP,False,5.99,0.02,7.39,2026-09-02T00:00:00,870875101,Total Return Securities Fund,2026-09-03,XSWZX,Equity-Single-Country Equity,0.0,77.713,,,,,8.0,5.0717,,19.19,2.21,,95.877,True,False,False,False,False,False,,3.25,2.99,1.06,0.54,7.37,-3.7,,,-0.8300000000000001,662850,,,,,,7.94,6.02418,-16.31198,-1.07,0.5,-0.68,2026-09-03T00:00:00,1987-08-27T00:00:00,8/27/1987,557020800,2025-03-18T00:00:00
328,TY,-0.1002,,,,17.28,26,Morningstar US CEF US Allocation,31,"Columbia Mgmt Investment Advisers, LLC",False,35.72,0.4,39.43,2026-09-02T00:00:00,895436103,Tri-Continental,2026-09-03,XTYCX,Hybrid-U.S. Allocation,1.75,1900.37,,,,,10.0,6.0621,,,0.46,,2147.756,True,True,True,False,False,False,,16.89,19.29,9.48,10.9,12.1,12.47,,,18.27,356340,,,,,4.48,,33.92429,-10.2372,0.07,-0.99,-0.05,2026-09-03T00:00:00,1929-01-14T00:00:00,1/14/1929,-1292716800,2026-06-16T00:00:00
329,AIO,-0.057,,,,30.72,8,Morningstar US CEF Sector Equity,108,"Virtus Investment Advisers, LLC",False,26.0,0.2,27.39,2026-09-02T00:00:00,92838Y100,Virtus AI & Tech Opp Fund,2026-09-03,XAIOX,Equity-Sector Equity,12.11,895.415,,,,,20.0,4.6834,,,2.32,,1073.285,True,True,True,False,False,False,,23.72,25.07,10.41,11.76,21.39,27.18,,,22.02,838870,,,,,,,24.24544,-8.34691,0.87,1.9500000000000002,2.44,2026-09-03T00:00:00,2019-10-31T00:00:00,10/31/2019,1572480000,2026-08-13T00:00:00
330,NCV,-0.06570000000000001,,,,20.85,11,Morningstar US CEF Convertibles,108,"Virtus Investment Advisers, LLC",False,16.39,-0.15,17.66,2026-09-02T00:00:00,92838X805,Virtus Convertible & Income Fund,2026-09-03,XNCVX,Fixed Income - Taxable-Convertibles,34.44,370.306,,,,,15.0,4.2431,,,2.8200000000000003,,608.558,True,True,True,False,False,False,,16.79,20.34,3.34,3.74,11.68,17.77,,,24.92,866400,,,112.1538,,6.02,,16.07544,-9.91296,1.29,0.71,1.18,2026-09-03T00:00:00,2003-03-31T00:00:00,3/31/2003,1049068800,2026-08-13T00:00:00
331,NCZ,-0.046799999999999994,,,,21.93,11,Morningstar US CEF Convertibles,108,"Virtus Investment Advisers, LLC",False,15.29,0.03,16.04,2026-09-02T00:00:00,92838U801,Virtus Convertible & Income Fund II,2026-09-03,XNCZX,Fixed Income - Taxable-Convertibles,35.16,290.952,,,,,15.0,4.1644,,,2.22,,470.746,True,True,True,False,False,False,,17.43,21.23,3.46,4.86,12.38,19.16,,,25.52,648460,,,111.4938,,6.05,,14.60946,-9.51736,2.36,1.34,2.0,2026-09-03T00:00:00,2003-07-31T00:00:00,7/31/2003,1059609600,2026-08-13T00:00:00
332,ACV,-0.0184,,,,22.81,26,Morningstar US CEF US Allocation,108,"Virtus Investment Advisers, LLC",False,26.16,0.22,26.56,2026-09-02T00:00:00,92840N100,Virtus Diversified Inc & Conv Fund,2026-09-03,XACVX,Hybrid-U.S. Allocation,27.55,271.96,,,,,25.0,3.5932,,,3.63,,381.119,True,False,False,False,False,True,,19.76,22.09,7.24,7.35,13.04,5.19,,,25.35,298300,,,,,74.56,,26.3197,-0.41178000000000003,-0.63,-0.53,-0.33,2026-09-03T00:00:00,2015-05-26T00:00:00,5/26/2015,1432598400,2026-08-13T00:00:00
333,NIE,-0.09449999999999999,,,,17.38,26,Morningstar US CEF US Allocation,108,"Virtus Investment Advisers, LLC",False,26.17,0.37,28.79,2026-09-02T00:00:00,92841M101,Virtus Equity & Convertible Inc Fund,2026-09-03,XNIEX,Hybrid-U.S. Allocation,,725.144,,,,,25.0,2.0791,,,1.07,,797.741,False,True,True,False,False,False,,16.61,17.16,7.85,9.1,10.1,8.61,,,15.79,595300,,,,,,,25.5436,-10.39453,0.45,1.06,1.32,2026-09-03T00:00:00,2007-02-27T00:00:00,2/27/2007,1172534400,2026-06-15T00:00:00
334,VGI,-0.0541,,,,6.38,17,Morningstar US CEF Multi-Sector,108,"Virtus Investment Advisers, LLC",True,7.34,0.03,7.76,2026-09-02T00:00:00,92829B101,Virtus Global Multi-Sector Income Fund,2026-09-03,XVGIX,Fixed Income - Taxable-Multi-Sector,30.87,83.038,,,,,20.0,6.035,,7.5,3.98,,126.99,True,False,True,False,True,False,,8.67,11.68,1.6400000000000001,2.09,2.22,1.99,,,4.08,374800,,,97.9305,,,,7.64957,-5.80433,0.13,1.55,1.5,2026-09-03T00:00:00,2012-02-23T00:00:00,2/23/2012,1329955200,2026-08-13T00:00:00
335,EDF,0.048100000000000004,,,,18.87,12,Morningstar US CEF Emerging Market Income,109,Virtus Investment Advisors (VIA),False,5.25,0.02,4.99,2026-09-02T00:00:00,86164T107,Virtus Stone Harbor Emerging Markets Inc,2026-09-03,XEDFX,Fixed Income - Taxable-Emerging Market Income,21.21,168.914,,,,,25.0,6.8639,,,3.13,,203.759,True,True,True,False,False,False,,23.15,20.66,8.05,5.62,10.65,15.89,,,16.83,1552250,,,,,,3.92,5.11341,2.76592,0.51,-0.61,-0.04,2026-09-03T00:00:00,2010-12-23T00:00:00,12/23/2010,1293062400,2026-08-13T00:00:00
336,ZTR,-0.0766,,,,14.5,25,Morningstar US CEF Global Allocation,108,"Virtus Investment Advisers, LLC",False,6.77,0.0,7.31,2026-09-02T00:00:00,92835W107,Virtus Total Return Fund Inc,2026-09-03,XZTRX,Hybrid-Global Allocation,30.3,338.457,,,,,15.0,5.8547,,6.15,3.67,,524.353,True,True,True,False,False,False,,15.83,17.81,6.01,4.86,10.69,14.28,,,16.42,1936190,,,98.4225,,,,6.61766,-10.77814,2.14,2.27,2.99,2026-09-03T00:00:00,2005-02-24T00:00:00,2/24/2005,1109203200,2026-08-13T00:00:00
337,IAE,-0.022000000000000002,,,,31.49,1,Morningstar US CEF Asia Equity,110,"Voya Investments, LLC",False,8.84,-0.09,9.08,2026-09-02T00:00:00,92912J102,Voya Asia Pacific High Div Eq Inc Fd,2026-09-03,XIAEX,Equity-Asia Equity,,95.033,,,,,25.0,,,,1.21,,97.506,False,True,True,False,False,False,,21.7,28.56,10.01,12.7,21.26,29.33,,,35.65,487000,,,,,,,7.9539,-5.71459,0.99,-0.6900000000000001,0.65,2026-09-03T00:00:00,2007-03-27T00:00:00,3/27/2007,1174953600,2026-09-01T00:00:00
338,IHD,-0.020499999999999997,,,,34.03,4,Morningstar US CEF Emerging Market Equity,110,"Voya Investments, LLC",False,7.58,-0.02,7.82,2026-09-02T00:00:00,92912P108,Voya Emerging Markets High Div Eq Fd,2026-09-03,XIHDX,Equity-Emerging Market Equity,,134.438,,,,,20.0,,,,1.4100000000000001,,138.694,False,True,True,False,False,False,,21.92,28.6,9.73,12.08,22.01,29.57,,,42.23,791750,,,,,,,6.85699,-5.49931,0.78,-0.9400000000000001,0.13,2026-09-03T00:00:00,2011-04-26T00:00:00,4/26/2011,1303776000,2026-09-01T00:00:00
339,IGA,-0.048799999999999996,,,,18.0,3,Morningstar US CEF Covered Call,110,"Voya Investments, LLC",False,10.58,-0.09,11.07,2026-09-02T00:00:00,92912R104,Voya Global Advantage and Premium Opp Fd,2026-09-03,XIGAX,Equity-Covered-Call Funds,,162.312,,,,,20.0,,,,1.01,,169.829,False,True,True,False,False,False,,15.03,19.84,9.89,11.39,14.68,16.69,,,18.44,596540,,,,,,,9.83495,-6.43786,1.1400000000000001,2.1,2.67,2026-09-03T00:00:00,2005-10-26T00:00:00,10/26/2005,1130284800,2026-09-01T00:00:00
340,IGD,0.0015,,,,17.39,3,Morningstar US CEF Covered Call,110,"Voya Investments, LLC",False,6.53,0.0,6.56,2026-09-02T00:00:00,92912T100,Voya Global Equity Dividend&Prm Opp Fd,2026-09-03,XIGDX,Equity-Covered-Call Funds,,515.011,,,,,20.0,,,,0.9600000000000001,,517.377,False,True,True,False,False,False,,14.78,21.05,9.11,11.34,14.36,22.44,,,22.03,2518930,,,,,,,5.99374,-3.74606,1.09,-0.47000000000000003,0.49,2026-09-03T00:00:00,2005-03-28T00:00:00,3/28/2005,1111968000,2026-09-01T00:00:00
341,IDE,-0.0364,,,,21.69,5,Morningstar US CEF Global Equity,110,"Voya Investments, LLC",True,12.99,0.02,13.47,2026-09-02T00:00:00,92912X101,Voya Infrastructure Industrials&Matls Fd,2026-09-03,XIDEX,Equity-Global Equity,,196.881,,,,,20.0,,,,1.23,,204.156,False,True,False,False,True,False,,17.07,21.59,10.19,10.62,13.77,12.43,,,15.1,446930,,,,,,,12.94087,-3.30807,-0.56,-0.96,-0.89,2026-09-03T00:00:00,2010-01-26T00:00:00,1/26/2010,1264464000,2026-09-01T00:00:00
342,WDI,-0.08259999999999999,,,,5.1,17,Morningstar US CEF Multi-Sector,54,"Franklin Templeton Fund Adviser, LLC",True,12.72,-0.03,13.92,2026-09-02T00:00:00,95790K109,Western Asset Diversified Inc Fund,2026-09-03,XWDIX,Fixed Income - Taxable-Multi-Sector,33.99,660.322,,,,,20.0,8.2493,0.0,10.01,4.25,,1094.69,True,False,False,True,True,True,,9.28,11.14,3.55,2.67,3.0,0.68,,,-2.7199999999999998,2005830,,0.0,96.2501,,,,13.87877,-4.57352,-2.06,-1.85,-2.12,2026-09-03T00:00:00,2021-06-24T00:00:00,6/24/2021,1624492800,2026-08-24T00:00:00
343,EMD,-0.0358,,,,10.88,12,Morningstar US CEF Emerging Market Income,54,"Franklin Templeton Fund Adviser, LLC",True,10.45,-0.06,10.88,2026-09-02T00:00:00,95766A101,Western Asset Emerging Markets Debt,2026-09-03,XEMDX,Fixed Income - Taxable-Emerging Market Income,27.07,607.463,,,,,20.0,6.0739,,,3.13,,867.259,True,False,True,False,True,False,,13.56,18.35,3.5300000000000002,5.26,3.93,7.33,,,14.83,1952530,,,,,7.15,5.22,10.5895,-5.03647,0.44,0.06,0.46,2026-09-03T00:00:00,2003-12-01T00:00:00,12/1/2003,1070236800,2026-08-24T00:00:00
344,GDO,-0.08839999999999999,,,,2.9699999999999998,13,Morningstar US CEF Global Income,54,"Franklin Templeton Fund Adviser, LLC",False,10.11,-0.01,11.08,2026-09-02T00:00:00,95790C107,Western Asset Global Corp Opp,2026-09-03,XGDOX,Fixed Income - Taxable-Global Income,33.62,76.021,,,,,20.0,5.9578,,,4.47,,125.505,True,False,False,False,False,False,,7.1,6.05,0.01,-0.99,0.65,-5.95,,,-3.46,313110,,,,,,,11.20666,-5.14962,-1.9500000000000002,-1.46,-1.9,2026-09-03T00:00:00,2009-11-27T00:00:00,11/27/2009,1259280000,2026-08-24T00:00:00
345,EHI,-0.0992,,,,6.01,14,Morningstar US CEF High Yield,55,Franklin Templeton Investments,False,5.7,0.01,6.35,2026-09-02T00:00:00,95766B109,Western Asset Global High Income,2026-09-03,XEHIX,Fixed Income - Taxable-High Yield,32.03,172.709,,,,,15.0,7.3478,,,3.49,,283.061,True,False,False,False,False,False,,8.68,5.42,1.2,0.1,3.4,-2.46,,,-1.35,1086540,,,97.2695,,,,6.20594,-6.69003,-1.9100000000000001,-2.07,-1.77,2026-09-03T00:00:00,2003-07-28T00:00:00,7/28/2003,1059350400,2026-08-24T00:00:00
346,HIX,-0.0348,,,,5.46,14,Morningstar US CEF High Yield,55,Franklin Templeton Investments,False,3.88,-0.02,4.02,2026-09-02T00:00:00,95766J102,Western Asset High Income II,2026-09-03,XHGIX,Fixed Income - Taxable-High Yield,32.29,349.47,,,,,15.0,7.3734,,,3.76,,534.738,True,False,True,False,False,False,,9.28,7.44,1.7000000000000002,0.33,2.95,4.44,,,5.36,3411660,,,97.4179,,,,4.09383,-3.59931,-0.08,0.16,0.68,2026-09-03T00:00:00,1998-05-28T00:00:00,5/28/1998,896313600,2026-08-24T00:00:00
347,HIO,-0.094,,,,5.03,14,Morningstar US CEF High Yield,54,"Franklin Templeton Fund Adviser, LLC",False,3.47,-0.02,3.83,2026-09-02T00:00:00,95766K109,Western Asset High Income Opportunity,2026-09-03,XHIOX,Fixed Income - Taxable-High Yield,,329.994,,,,,12.5,7.5884,,,0.93,,364.23,False,False,False,False,False,False,,7.49,8.27,2.24,2.0,2.94,1.71,,,-1.6,4100100,,,97.8285,,,,3.71033,-6.70561,-2.02,-1.82,-2.27,2026-09-03T00:00:00,1993-11-16T00:00:00,11/16/1993,753408000,2026-08-24T00:00:00
348,HYI,-0.0891,,,,3.79,14,Morningstar US CEF High Yield,54,"Franklin Templeton Fund Adviser, LLC",False,10.32,0.01,11.34,2026-09-02T00:00:00,95768B107,Western Asset High Yield Opp Fund,2026-09-03,XHYIX,Fixed Income - Taxable-High Yield,,132.241,,,,,20.0,7.6643,,,1.07,,145.311,False,False,False,False,False,True,,6.72,6.47,2.36,1.2,2.5,-0.16,,,-3.67,600860,,,97.5157,,,,10.98567,-6.70049,-1.16,-1.77,-1.44,2026-09-03T00:00:00,2010-10-27T00:00:00,10/27/2010,1288137600,2026-08-24T00:00:00
349,PAI,-0.0764,,,,2.19,15,Morningstar US CEF Investment Grade,55,Franklin Templeton Investments,False,11.870000000000001,0.04,12.82,2026-09-02T00:00:00,95766T100,Western Asset Income,2026-09-03,XPAIX,Fixed Income - Taxable-Investment Grade,8.93,112.895,,,,,12.0,6.095,,,0.77,,121.931,True,False,False,False,False,False,,5.72,5.9,0.09,-1.0,-0.1,-1.88,,,-0.52,180230,,,99.0566,,,,12.34995,-6.47064,-0.88,-0.01,-0.32,2026-09-03T00:00:00,1972-12-21T00:00:00,12/21/1972,93744000,2026-08-24T00:00:00
350,WIW,-0.10779999999999999,,,,2.51,15,Morningstar US CEF Investment Grade,112,"Western Asset Management Company, LLC",True,8.28,-0.01,9.28,2026-09-02T00:00:00,95766R104,Western Asset Infl-Linked Opps & Inc Fd,2026-09-03,XWIWX,Fixed Income - Taxable-Investment Grade,25.79,506.605,,,,,15.0,2.5526,,,2.59,,765.082,True,False,False,False,True,False,,4.72,7.4,-0.59,0.37,1.58,2.5,,,1.33,2372760,,,93.4475,,,4.02,8.601,-10.45837,-0.58,0.05,0.09,2026-09-03T00:00:00,2004-02-27T00:00:00,2/27/2004,1077840000,2026-08-24T00:00:00
351,WIA,-0.10339999999999999,,,,2.14,15,Morningstar US CEF Investment Grade,112,"Western Asset Management Company, LLC",True,7.890000000000001,-0.02,8.81,2026-09-02T00:00:00,95766Q106,Western Asset Inflation-Linked Income Fd,2026-09-03,XWIAX,Fixed Income - Taxable-Investment Grade,26.16,184.013,,,,,15.0,2.4424,,,2.91,,278.279,True,False,False,False,True,False,,4.6,6.6,-1.09,-1.04,1.29,0.56,,,1.26,413140,,,93.5321,,,4.02,8.20536,-9.72112,-1.4,-1.6600000000000001,-1.1400000000000001,2026-09-03T00:00:00,2003-09-30T00:00:00,9/30/2003,1064880000,2026-08-24T00:00:00
352,SBI,-0.0712,,,,4.47,21,Morningstar US CEF Municipal,54,"Franklin Templeton Fund Adviser, LLC",False,7.5600000000000005,0.0,8.15,2026-09-02T00:00:00,958435109,Western Asset Intermediate Muni,2026-09-03,XSBIX,Fixed Income - Municipal-Municipal,30.3,106.462,,,,,10.0,4.7529,,,2.6,,164.653,True,False,True,False,False,False,,3.19,7.01,-0.51,0.15,0.16,3.48,,,6.28,426530,11.06,,101.4543,,8.3,5.8100000000000005,7.7911,-8.26477,1.28,0.78,1.01,2026-09-03T00:00:00,1992-03-02T00:00:00,3/2/1992,699494400,2026-08-24T00:00:00
353,IGI,-0.07,,,,2.35,15,Morningstar US CEF Investment Grade,54,"Franklin Templeton Fund Adviser, LLC",False,15.795,-0.07,16.99,2026-09-02T00:00:00,95790A101,Western Asset Invstm Grd Opp Tr Inc,2026-09-03,XIGIX,Fixed Income - Taxable-Investment Grade,,94.67,,,,,20.0,6.1913,,,0.93,,101.832,False,False,False,False,False,False,,5.02,5.02,-0.38,-1.1,0.04,0.92,,,2.04,160360,,,99.2391,,,,16.3045,-6.7885100000000005,-0.4,0.15,0.22,2026-09-03T00:00:00,2009-06-26T00:00:00,6/26/2009,1245974400,2026-08-24T00:00:00
354,MMU,-0.056100000000000004,,,,6.04,21,Morningstar US CEF Municipal,55,Franklin Templeton Investments,False,9.88,-0.1,10.52,2026-09-02T00:00:00,95766M105,Western Asset Managed Municipals,2026-09-03,XMMUX,Fixed Income - Municipal-Municipal,34.03,539.634,,,,,15.0,4.8353,,,2.7,,871.025,True,False,True,False,False,False,,3.48,8.16,-0.97,-0.48,0.02,0.9400000000000001,,,8.81,1292660,10.27,,100.2234,,11.29,7.5,10.34387,-5.99016,-0.11,-0.33,-0.12,2026-09-03T00:00:00,1992-06-26T00:00:00,6/26/1992,709516800,2026-08-24T00:00:00
355,DMO,-0.08039999999999999,,,,5.5600000000000005,14,Morningstar US CEF High Yield,54,"Franklin Templeton Fund Adviser, LLC",False,10.13,-0.07,11.07,2026-09-02T00:00:00,95790B109,Western Asset Mortgage Opp Fund Inc.,2026-09-03,XDMOX,Fixed Income - Taxable-High Yield,46.39,115.757,,,,,20.0,7.4224,,,7.87,,235.969,True,False,False,False,False,False,,10.19,11.34,4.49,2.94,3.44,0.97,,,-1.96,492110,,,91.3564,,,,11.13868,-3.9171300000000002,-1.52,-2.13,-1.7000000000000002,2026-09-03T00:00:00,2010-02-26T00:00:00,2/26/2010,1267142400,2026-08-24T00:00:00
356,MHF,0.0075,,,,5.14,21,Morningstar US CEF Municipal,54,"Franklin Templeton Fund Adviser, LLC",False,6.74,0.02,6.7,2026-09-02T00:00:00,95766N103,Western Asset Municipal High Income,2026-09-03,XMHFX,Fixed Income - Municipal-Municipal,1.8,149.789,,,,,10.0,4.7957,,,0.8400000000000001,,151.63,True,False,True,False,False,False,,3.62,8.6,0.71,1.13,0.74,2.85,,,3.8200000000000003,607470,14.87,,100.1728,,7.43,7.3,6.96692,0.6050300000000001,0.0,-0.28,0.16,2026-09-03T00:00:00,1988-11-28T00:00:00,11/28/1988,596678400,2026-08-24T00:00:00
357,WEA,-0.0596,,,,4.54,15,Morningstar US CEF Investment Grade,111,Western Asset Management Company Pte Ltd. â Singapore,False,10.38,-0.02,11.07,2026-09-02T00:00:00,957664105,Western Asset Premier Bond,2026-09-03,XWEAX,Fixed Income - Taxable-Investment Grade,32.62,123.165,,,,,15.0,6.2566,,,3.55,,194.953,True,False,False,False,False,False,,7.63,7.09,1.4,0.92,1.5,0.15,,,2.7,288450,,,96.9254,,,,10.85045,-4.9474,-0.91,-0.29,-0.12,2026-09-03T00:00:00,2002-03-28T00:00:00,3/28/2002,1017273600,2026-08-24T00:00:00
358,MCN,-0.1008,,,,7.46,3,Morningstar US CEF Covered Call,113,XA Investments LLC,False,5.71,-0.03,6.35,2026-09-03T00:00:00,557437100,XAI Madison Equity Premium Income Fund,2026-09-03,XMCNX,Equity-Covered-Call Funds,0.01,120.576,,,,,15.0,,,,1.1,,134.091,True,False,False,False,False,False,,7.01,3.5,6.88,3.75,5.14,3.85,,,2.6,639260,,,,,,,5.9014,-7.85791,-1.28,-0.76,-1.25,2026-09-03T00:00:00,2004-07-28T00:00:00,7/28/2004,1090972800,2026-08-17T00:00:00
359,XFLT,-0.16940000000000002,,,,-12.27,19,Morningstar US CEF Senior Loans,113,XA Investments LLC,False,18.97,0.06,22.79,2026-09-02T00:00:00,98400T304,XAI Octagon FR & Alternative Inc Trust,2026-09-03,XFLTX,Fixed Income - Taxable-Senior Loans,40.64,288.93,,,,,10.0,4.617,,,7.5600000000000005,,584.728,True,False,True,False,False,False,,1.47,-4.55,2.29,-2.67,-6.98,-12.47,,,-20.03,1066390,,,,,,,20.80235,-17.56883,0.11,0.88,1.18,2026-09-03T00:00:00,2017-09-27T00:00:00,9/27/2017,1506470400,2026-08-17T00:00:00
