,Ticker,Premium / Discount,DistributionRateNAV,DistributionRatePrice,DistributionAmtUSD,ReturnOnNAV,CategoryId,Category,SponsorId,SponsorName,IsManagedDistribution,Share Price,PriceChange,NAV,NAVPublished,Cusip,Fund Name,Date,NavTicker,Strategy,LeverageRatioPercentage,MarketCapUSDm,UNIIPerShare,DistributionFrequency,EarningsPerShare,CurrentDistribution,InceptionPrice,AverageCoupon,AMTPercentage,AverageWeightedMaturity,ExpenseRatio,BaselineExpense,TotalAssetsUSDm,IsLeveraged,IsPriceBelow52WkAvg,IsDiscountBelow52WkAvg,IsAMTPct,IsManaged,Term,AvgWtdDurationLevAdj,Yr3RetOnNav,Yr3RetOnPrice,Yr5RetOnNav,Yr5RetOnPrice,YTDRetOnNav,YTDRetOnPrice,SinceInceptionRetOnNav,SinceInceptionRetOnPrice,ReturnOnPrice,AvgDailyVolume,CallableYr1Pct,PrerefundedPercentage,AvgBondPrice,AvgWtdDurationNonLevAdj,EffDurationLevAdj,EffDurationNonLevAdj,Price52WkAvg,Discount52WkAvg,ZScore1Yr,ZScore3M,ZScore6M,ZScoreDate,InceptionDate,InceptionDateString,InceptionDateUnixTimestamp,DistributionDate
0,MGF,-0.0576,8.13559,8.63309,0.02,0.91,15,Morningstar US CEF Investment Grade,2,abrdn Inc.,True,2.7800000000000002,-0.04,2.95,2026-09-10T00:00:00,552939100,Aberdeen Government Markets Income,2026-09-10,XMGFX,Fixed Income - Taxable-Investment Grade,,90.601,,Monthly,0.04709,0.02,10.0,3.9638,0.0,6.55,0.8,,96.141,False,False,False,True,True,False,,3.37,3.99,-0.73,-0.9500000000000001,-0.88,-0.01,,,0.37,732700,,0.0,91.4686,,,5.93,2.96132,-4.8880300000000005,-0.64,0.13,0.06,2026-09-10T00:00:00,1987-05-28T00:00:00,5/28/1987,549158400,2026-08-24T00:00:00
1,IFN,-0.10279999999999999,11.98381,13.3574,0.37,-6.55,1,Morningstar US CEF Asia Equity,1,abrdn Asia Limited,True,11.08,-0.23,12.35,2026-09-10T00:00:00,454089103,"Aberdeen India Fund, Inc",2026-09-10,XIFNX,Equity-Asia Equity,0.28,472.584,,Quarterly,-0.02842,0.37,15.0,,,,1.36,,526.752,True,False,False,False,True,False,,4.79,1.1400000000000001,0.03,0.76,-6.53,-7.32,,,-10.28,2049490,,,,,,,12.89962,-6.34752,-1.74,-1.78,-1.53,2026-09-10T00:00:00,1994-02-23T00:00:00,2/23/1994,761961600,2026-08-24T00:00:00
2,MIN,-0.0709,9.44882,10.16949,0.02,1.52,13,Morningstar US CEF Global Income,2,abrdn Inc.,True,2.36,-0.03,2.54,2026-09-10T00:00:00,55273C107,Aberdeen Intermediate Income,2026-09-10,XMINX,Fixed Income - Taxable-Global Income,,268.564,,Monthly,0.04255,0.02,10.0,4.2949,0.0,3.24,0.73,,289.048,False,False,False,True,True,False,,4.51,4.98,1.06,0.73,0.14,-0.96,,,-1.06,2368630,,0.0,97.167,,,3.34,2.53994,-4.86279,-1.43,-1.56,-1.16,2026-09-10T00:00:00,1988-03-17T00:00:00,3/17/1988,574560000,2026-08-24T00:00:00
3,MMT,-0.07400000000000001,10.14799,10.9589,0.04,2.71,13,Morningstar US CEF Global Income,72,MFS,True,4.38,-0.08,4.73,2026-09-10T00:00:00,552737108,Aberdeen Multi-Market Income,2026-09-10,XMMTX,Fixed Income - Taxable-Global Income,27.2,508.051,,Monthly,0.1389,0.04,10.0,6.0294,,,2.86,,753.649,True,False,True,False,True,False,,7.49,9.29,2.75,1.16,0.2,2.73,,,3.26,1408150,,,95.7664,,7.33,5.35,4.59562,-7.57398,0.17,0.81,0.66,2026-09-10T00:00:00,1987-03-12T00:00:00,3/12/1987,542505600,2026-08-24T00:00:00
4,MFM,-0.09720000000000001,6.36042,7.04501,0.03,7.66,21,Morningstar US CEF Municipal,2,abrdn Inc.,False,5.11,-0.09,5.66,2026-09-10T00:00:00,552738106,Aberdeen Municipal Income,2026-09-10,XMFMX,Fixed Income - Municipal-Municipal,38.45,508.086,,Monthly,0.13078,0.03,10.0,5.1801,,,2.83,,914.273,True,False,False,False,False,False,,4.91,8.2,-0.93,-1.09,0.99,3.17,,,9.88,1514830,22.29,,95.5991,,14.38,8.98,5.41972,-9.30295,-0.39,-2.13,-0.72,2026-09-10T00:00:00,1986-11-25T00:00:00,11/25/1986,533260800,2026-08-24T00:00:00
5,FAX,-0.04190000000000001,13.17365,13.75,0.16499999999999998,2.55,13,Morningstar US CEF Global Income,1,abrdn Asia Limited,True,14.4,-0.11,15.03,2026-09-10T00:00:00,003009867,abrdn Asia-Pacific Income Fund Inc,2026-09-10,XFAPX,Fixed Income - Taxable-Global Income,39.74,628.867,,Monthly,0.50096,0.16499999999999998,10.0,6.3451,,,4.22,,1089.179,True,False,True,False,True,False,,5.85,10.95,-1.3,0.9400000000000001,0.3,4.65,,,2.34,1770330,,,,,7.76,4.68,15.1399,-5.35493,0.6900000000000001,0.13,0.65,2026-09-10T00:00:00,1986-04-24T00:00:00,4/24/1986,514684800,2026-08-24T00:00:00
6,IAF,-0.081,9.94318,10.81917,0.35,6.03,9,Morningstar US CEF Single Country Equity,1,abrdn Asia Limited,True,12.94,-0.17,14.08,2026-09-10T00:00:00,003011111,abrdn Australia Equity Fund Inc,2026-09-10,XIAFX,Equity-Single-Country Equity,7.4,123.996,,Quarterly,0.10818,0.35,10.125,,,,1.9900000000000002,,145.704,True,False,True,False,True,False,,12.29,14.26,5.23,4.51,9.95,11.63,,,7.01,221450,,,,,,,13.06257,-10.01755,1.32,2.32,2.52,2026-09-10T00:00:00,1985-12-12T00:00:00,12/12/1985,503193600,2026-08-24T00:00:00
7,AEF,-0.059500000000000004,8.82917,9.38776,0.22999999999999998,67.28,4,Morningstar US CEF Emerging Market Equity,3,abrdn Investments Limited,True,9.8,-0.25,10.42,2026-09-10T00:00:00,00301W105,abrdn Emerging Markets ex-China Fund,2026-09-10,XAEFX,Equity-Emerging Market Equity,6.0,397.894,,Quarterly,0.0453,0.22999999999999998,15.0,,,,1.8599999999999999,,450.067,True,True,True,False,True,False,,29.65,34.6,8.77,10.88,40.8,43.76,,,73.48,1454500,,,,,,,8.0828,-9.28902,2.21,2.12,1.8599999999999999,2026-09-10T00:00:00,1989-09-25T00:00:00,9/25/1989,622684800,2026-06-23T00:00:00
8,AGD,-0.0067,12.10084,12.18274,0.12,21.53,5,Morningstar US CEF Global Equity,3,abrdn Investments Limited,True,11.82,-0.17,11.9,2026-09-10T00:00:00,00302M106,abrdn Global Dynamic Dividend,2026-09-10,XAGDX,Equity-Global Equity,0.7000000000000001,309.381,,Monthly,0.29668,0.12,20.0,,,,1.29,,313.668,True,False,False,False,True,False,,15.6,23.74,7.67,10.42,12.78,16.12,,,17.32,1185840,,,,,,,12.11172,1.7058200000000001,-0.5700000000000001,-1.19,-0.58,2026-09-10T00:00:00,2006-07-26T00:00:00,7/26/2006,1153872000,2026-08-24T00:00:00
9,ASGI,0.0158,12.2449,12.05479,0.22,17.64,13,Morningstar US CEF Global Income,2,abrdn Inc.,True,21.9,-0.23,21.56,2026-09-10T00:00:00,00326W106,abrdn Global Infrastructure Income Fund,2026-09-10,XAGIX,Fixed Income - Taxable-Global Income,1.0,692.672,,Monthly,0.08556,0.22,20.0,,,,2.16,,688.827,True,False,False,False,True,False,,14.21,22.61,8.09,12.34,10.5,8.88,,,23.02,1783370,,,,,,,22.77713,3.45538,-0.47000000000000003,-1.03,-0.81,2026-09-10T00:00:00,2020-07-28T00:00:00,7/28/2020,1595894400,2026-08-24T00:00:00
10,AWP,0.0082,13.0553,12.94964,0.12,9.75,7,Morningstar US CEF Real Estate,2,abrdn Inc.,True,11.12,-0.13,11.03,2026-09-10T00:00:00,00302L207,abrdn Global Premier Properties,2026-09-10,XAWPX,Equity-Real Estate,11.2,343.115,,Monthly,0.10017000000000001,0.12,20.0,,,,2.27,,383.282,True,False,False,False,True,False,,12.66,15.05,0.19,1.8399999999999999,8.64,8.74,,,8.83,1245190,,,,,,,11.78767,1.1518,-0.32,-0.28,0.2,2026-09-10T00:00:00,2007-04-26T00:00:00,4/26/2007,1177545600,2026-08-24T00:00:00
11,HQH,-0.04019999999999999,11.65049,12.13793,0.6599999999999999,49.61,8,Morningstar US CEF Sector Equity,2,abrdn Inc.,True,21.75,-0.6,22.66,2026-09-10T00:00:00,87911J103,abrdn Healthcare Investors,2026-09-10,XHQHX,Equity-Sector Equity,1.1,1261.19,,Quarterly,-0.06102,0.6599999999999999,10.0,,,,1.11,,1313.957,True,True,True,False,True,False,,18.97,25.74,7.8100000000000005,8.03,23.83,31.24,,,54.91,1809110,,,,,,,19.69782,-7.21783,1.35,0.8200000000000001,1.0,2026-09-10T00:00:00,1987-04-23T00:00:00,4/23/1987,546134400,2026-08-24T00:00:00
12,THQ,-0.0372,10.99796,11.42253,0.18,28.01,8,Morningstar US CEF Sector Equity,2,abrdn Inc.,True,18.91,-0.44,19.64,2026-09-10T00:00:00,879105104,abrdn Healthcare Opportunities Fund,2026-09-10,XTHQX,Equity-Sector Equity,21.65,783.972,,Monthly,-0.03549,0.18,20.0,4.3206,,,3.02,,1039.237,True,True,False,False,True,False,,9.18,13.61,4.48,4.77,14.06,11.54,,,30.55,1667760,,,,,7.83,,18.54868,-1.10129,-0.8200000000000001,0.05,-0.66,2026-09-10T00:00:00,2014-07-28T00:00:00,7/28/2014,1406505600,2026-08-24T00:00:00
13,ACP,-0.0832,17.58034,19.17526,0.0775,3.06,19,Morningstar US CEF Senior Loans,3,abrdn Investments Limited,True,4.85,-0.07,5.29,2026-09-10T00:00:00,003057106,abrdn Income Credit Strategies Fund,2026-09-10,XACPX,Fixed Income - Taxable-Senior Loans,32.53,608.533,,Monthly,0.22534,0.0775,20.0,8.0708,,,3.94,,983.74,True,False,False,False,True,False,,8.42,6.69,1.6600000000000001,0.21,3.39,5.31,,,1.43,5405340,,,96.1318,,4.91,3.32,5.39011,-5.37172,-2.21,-2.9,-2.34,2026-09-10T00:00:00,2011-01-27T00:00:00,1/27/2011,1296086400,2026-08-24T00:00:00
14,HQL,-0.0639,11.73132,12.53158,0.62,63.49,8,Morningstar US CEF Sector Equity,2,abrdn Inc.,True,19.79,-0.55,21.14,2026-09-10T00:00:00,87911K100,abrdn Life Sciences Investors,2026-09-10,XHQLX,Equity-Sector Equity,0.01,610.386,,Quarterly,-0.09057,0.62,15.0,,,,1.24,,652.09,True,True,True,False,True,False,,25.61,32.79,10.32,10.84,29.42,36.85,,,69.51,1388050,,,,,,,17.59897,-9.619250000000001,2.12,1.16,1.6600000000000001,2026-09-10T00:00:00,1992-05-08T00:00:00,5/8/1992,705283200,2026-08-24T00:00:00
15,AOD,0.0155,11.5942,11.4177,0.09999999999999999,22.33,5,Morningstar US CEF Global Equity,3,abrdn Investments Limited,True,10.51,-0.13,10.35,2026-09-10T00:00:00,00326L100,abrdn Total Dynamic Dividend,2026-09-10,XAODX,Equity-Global Equity,2.84,1108.243,,Monthly,0.22991,0.09999999999999999,20.0,,,,1.21,,1123.29,True,True,True,False,True,False,,15.99,24.0,8.35,11.58,13.34,20.46,,,34.14,4664490,,,,,,,10.02073,-3.03863,2.07,1.3599999999999999,1.62,2026-09-10T00:00:00,2007-01-26T00:00:00,1/26/2007,1169769600,2026-08-24T00:00:00
16,THW,0.0022,10.39644,10.37333,0.1167,32.91,8,Morningstar US CEF Sector Equity,2,abrdn Inc.,True,13.5,-0.25,13.47,2026-09-10T00:00:00,87911L108,abrdn World Healthcare Fund,2026-09-10,XTHWX,Equity-Sector Equity,18.07,545.336,,Monthly,-0.03887,0.1167,20.0,3.7686,,,1.46,,664.124,True,True,True,False,True,False,,17.08,14.66,8.87,7.6,16.6,18.52,,,33.53,1309080,,,,,8.12,,12.77534,-1.8923800000000002,1.07,1.6800000000000002,0.64,2026-09-10T00:00:00,2015-06-26T00:00:00,6/26/2015,1435276800,2026-08-24T00:00:00
17,ADX,-0.0241,7.65111,7.84006,0.5,19.55,10,Morningstar US CEF US Equity,4,Adams Diversified Equity Fund Inc,False,25.51,-0.4,26.14,2026-09-10T00:00:00,006212104,Adams Diversified Equity Fund,2026-09-10,XADEX,Equity-U.S. Equity,0.0,3186.891,,Quarterly,0.09492,0.5,10.0,,,,0.49000000000000005,,3265.595,True,True,True,False,False,False,,20.46,26.93,12.26,16.51,13.06,17.77,,,29.17,2716110,,,,,,,23.87747,-4.97477,1.05,-0.35000000000000003,0.48,2026-09-10T00:00:00,1929-10-01T00:00:00,10/1/1929,-1270252800,2026-07-27T00:00:00
18,PEO,-0.0913,6.75422,7.4329,0.5399999999999999,39.31,8,Morningstar US CEF Sector Equity,5,Adams Natural Resources Fund Inc,False,29.06,-0.42,31.98,2026-09-10T00:00:00,00548F105,Adams Natural Resources Fund,2026-09-10,XPEOX,Equity-Sector Equity,0.7000000000000001,814.692,,Quarterly,0.29271,0.5399999999999999,15.0,,,,0.62,,896.554,True,True,True,False,False,False,,14.92,18.28,21.3,23.68,38.86,40.56,,,41.46,723490,,,,,,,24.68483,-10.27262,1.18,0.79,1.21,2026-09-10T00:00:00,1929-01-30T00:00:00,1/30/1929,-1291334400,2026-07-27T00:00:00
19,AVK,-0.0973,10.44098,11.56579,0.1172,17.0,11,Morningstar US CEF Convertibles,6,"Advent Capital Management, LLC",False,12.16,-0.18,13.47,2026-09-10T00:00:00,00764C109,Advent Convertible & Income Fund,2026-09-10,XAVKX,Fixed Income - Taxable-Convertibles,37.05,536.849,,Monthly,0.22874,0.1172,25.0,5.5855,,,4.53,,944.708,True,False,False,False,False,False,,16.39,16.83,4.93,4.82,12.1,7.61,,,12.49,1470800,,,108.8431,,,,12.57257,-6.17059,-1.51,-1.3,-1.23,2026-09-10T00:00:00,2003-04-29T00:00:00,4/29/2003,1051574400,2026-08-14T00:00:00
20,AWF,-0.1014,7.05566,7.85215,0.0655,5.19,14,Morningstar US CEF High Yield,7,AllianceBernstein L.P.,False,10.01,-0.06,11.14,2026-09-10T00:00:00,01879R106,AllianceBernstein Global High Income,2026-09-10,XAWFX,Fixed Income - Taxable-High Yield,0.81,863.159,,Monthly,0.35164,0.0655,15.0,6.7118,,4.36,1.02,,968.482,True,False,False,False,False,False,,9.25,8.47,4.37,3.71,3.0,-0.85,,,-3.33,3028880,,,97.3293,,,,10.48605,-7.76617,-0.9500000000000001,-0.16,-0.48,2026-09-10T00:00:00,1993-07-28T00:00:00,7/28/1993,743817600,2026-09-03T00:00:00
21,AFB,-0.0757,5.42976,5.87473,0.050179999999999995,7.87,21,Morningstar US CEF Municipal,7,AllianceBernstein L.P.,False,10.25,-0.18,11.09,2026-09-10T00:00:00,01864U106,AllianceBernstein National Mun Inc,2026-09-10,XAFBX,Fixed Income - Municipal-Municipal,50.1,294.636,,Monthly,0.31343,0.050179999999999995,15.0,5.1411,,,3.66,,638.883,True,False,True,False,False,False,,2.7800000000000002,6.21,-1.98,-2.15,-0.64,4.48,,,10.89,963990,,,98.4247,,22.53,11.69,10.949770000000001,-8.79637,0.8300000000000001,-0.79,0.14,2026-09-10T00:00:00,2002-01-28T00:00:00,1/28/2002,1012176000,2026-09-03T00:00:00
22,NFJ,-0.0555,7.43902,7.87605,0.305,24.49,3,Morningstar US CEF Covered Call,108,"Virtus Investment Advisers, LLC",True,15.49,-0.09,16.4,2026-09-10T00:00:00,92840R101,AllianzGI Div Interest & Prem Common,2026-09-10,XNFJX,Equity-Covered-Call Funds,,1440.063,0.0,Quarterly,0.06142,0.305,25.0,2.0796,,,0.9600000000000001,,1524.663,False,True,True,False,True,False,,13.45,18.0,6.84,8.79,19.62,26.24,,,30.37,1894610,,,,,,,13.83249,-8.89217,1.92,1.87,1.7000000000000002,2026-09-10T00:00:00,2005-02-28T00:00:00,2/28/2005,1109548800,2026-06-15T00:00:00
23,EOD,-0.0888,7.88405,8.65205,0.14211,26.3,5,Morningstar US CEF Global Equity,8,Allspring Global Investments,False,6.57,-0.07,7.21,2026-09-10T00:00:00,94987C103,Allspring Global Dividend Opp Fd,2026-09-10,XEODX,Equity-Global Equity,13.27,282.943,,Quarterly,0.1298,0.14211,20.0,7.1532,,,2.45,,358.005,True,True,False,False,False,False,,24.01,25.39,12.97,12.62,16.28,19.26,,,27.06,1212720,,,,,,,6.14431,-8.39713,-0.33,-1.47,-1.6,2026-09-10T00:00:00,2007-03-28T00:00:00,3/28/2007,1175040000,2026-06-11T00:00:00
24,EAD,-0.102,9.05269,10.08076,0.053259999999999995,4.95,14,Morningstar US CEF High Yield,8,Allspring Global Investments,False,6.34,-0.03,7.06,2026-09-10T00:00:00,94987B105,Allspring Income Opps,2026-09-10,XEADX,Fixed Income - Taxable-High Yield,30.02,374.645,,Monthly,0.25923,0.053259999999999995,15.0,7.1839,,,2.95,,596.192,True,False,False,False,False,False,,8.8,10.25,3.5300000000000002,2.37,2.92,0.71,,,-0.9400000000000001,1902710,,,100.5505,,4.62,3.15,6.66646,-8.08552,-1.22,0.21,-0.64,2026-09-10T00:00:00,2003-02-28T00:00:00,2/28/2003,1046390400,2026-08-13T00:00:00
25,ERC,-0.07339999999999999,8.89664,9.60132,0.07273,6.74,16,Morningstar US CEF Limited Duration,8,Allspring Global Investments,False,9.09,-0.07,9.81,2026-09-10T00:00:00,94987D101,Allspring Multi-Sec Inc,2026-09-10,XERCX,Fixed Income - Taxable-Limited Duration,30.19,255.009,,Monthly,0.35301,0.07273,20.0,6.8646,0.0,4.35,3.22,,394.208,True,False,False,True,False,False,,8.57,8.75,3.42,2.36,3.92,6.86,,,7.5,756000,,0.0,98.7585,,,,9.26085,-6.8093900000000005,-0.52,-0.46,-0.05,2026-09-10T00:00:00,2003-06-25T00:00:00,6/25/2003,1056499200,2026-08-13T00:00:00
26,ERH,-0.0689,8.64,9.27887,0.08784,1.9500000000000002,26,Morningstar US CEF US Allocation,8,Allspring Global Investments,False,11.36,-0.05,12.2,2026-09-10T00:00:00,94987E109,Allspring Util & High In,2026-09-10,XERHX,Hybrid-U.S. Allocation,21.78,100.333,,Monthly,0.1865,0.08784,20.0,7.2139,,,2.43,,137.752,True,False,True,False,False,False,,12.59,14.31,5.67,2.65,-0.34,1.02,,,2.05,234990,,,100.6661,,4.08,3.13,12.11263,-7.64625,0.58,0.47000000000000003,0.7000000000000001,2026-09-10T00:00:00,2004-04-30T00:00:00,4/30/2004,1083283200,2026-08-13T00:00:00
27,FINS,-0.0646,10.36036,11.07544,0.11499999999999999,6.88,26,Morningstar US CEF US Allocation,10,"Angel Oak Capital Advisors, LLC",False,12.46,-0.09,13.32,2026-09-10T00:00:00,03464A100,Angel Oak Financial Strats Income Term,2026-09-10,XFINX,Hybrid-U.S. Allocation,21.98,416.374,,Monthly,0.38984,0.11499999999999999,20.0,6.7377,,,2.92,,570.531,True,False,False,False,False,True,,10.08,13.55,3.1,2.76,3.11,3.58,,,6.31,467660,,,99.9624,,3.34,2.85,12.92224,-6.02172,-0.5,-0.23,0.01,2026-09-10T00:00:00,2019-05-29T00:00:00,5/29/2019,1559088000,2026-08-17T00:00:00
28,ARDC,-0.0898,10.09723,11.09285,0.11249999999999999,1.28,19,Morningstar US CEF Senior Loans,11,Ares Capital Management II LLC,False,12.17,-0.1,13.37,2026-09-10T00:00:00,04014F102,Ares Dynamic Credit Allocation Fund,2026-09-10,XADCX,Fixed Income - Taxable-Senior Loans,40.36,291.666,,Monthly,0.55616,0.11249999999999999,20.0,7.4979,,,5.26,,537.296,True,False,False,False,False,False,,8.16,9.54,4.87,4.46,-0.11,0.1,,,-6.46,1149010,,,,,40.42,,12.99157,-6.54113,-1.18,-1.8399999999999999,-1.05,2026-09-10T00:00:00,2012-11-27T00:00:00,11/27/2012,1353974400,2026-08-21T00:00:00
29,BANX,0.005,8.63309,8.58984,0.15,3.61,8,Morningstar US CEF Sector Equity,12,"ArrowMark Asset Management, LLC",False,20.955,0.6900000000000001,21.0,2026-07-31T00:00:00,861780104,ArrowMark Financial Corp,2026-09-10,XBANX,Equity-Sector Equity,16.8,203.033,,Monthly,0.91029,0.15,25.0,11.1103,,,6.43,,242.815,True,True,True,False,False,True,,9.66,20.94,8.82,9.69,0.9400000000000001,2.1,,,15.0,340480,,,107.3588,,,,20.56906,-4.63998,1.6600000000000001,1.57,2.16,2026-09-10T00:00:00,2013-11-07T00:00:00,11/7/2013,1383782400,2026-08-24T00:00:00
30,ASA,-0.2045,0.1056,0.13274,0.04,81.82,8,Morningstar US CEF Sector Equity,13,ASA,False,60.27,-2.69,75.76,2026-09-10T00:00:00,G3156P103,ASA Gold and Precious Metals Limited,2026-09-10,XASAX,Equity-Sector Equity,,1162.603,,Semi-Annually,0.02585,0.04,28.0,9.086,,,1.88,,1461.403,False,True,False,False,False,False,,63.29,62.74,26.1,25.07,14.31,6.99,,,69.75,0,,,,,,,58.49082,-12.94905,,,,,1958-09-23T00:00:00,9/23/1958,-355795200,2026-05-01T00:00:00
31,BCV,-0.1164,5.94634,6.72959,0.41,23.54,11,Morningstar US CEF Convertibles,60,Gabelli Funds LLC,False,24.37,-0.3,27.58,2026-09-10T00:00:00,059695106,Bancroft Fund,2026-09-10,XBCVX,Fixed Income - Taxable-Convertibles,15.04,137.142,,Quarterly,0.01134,0.41,25.0,2.3737,,,1.31,,182.672,True,True,True,False,False,False,,19.11,21.08,4.22,3.67,16.09,12.97,,,22.32,185840,,,,,21.12,,23.58187,-11.788640000000001,0.13,0.61,0.51,2026-09-10T00:00:00,1971-10-04T00:00:00,10/4/1971,55382400,2026-06-15T00:00:00
32,MCI,0.1423,9.48429,8.30306,0.39999999999999997,11.17,14,Morningstar US CEF High Yield,14,Barings LLC,False,19.27,1.65,17.27,2026-06-30T00:00:00,06759X107,Barings Corporate Investors,2026-09-10,XMCIX,Fixed Income - Taxable-High Yield,21.16,396.712,,Quarterly,0.60289,0.39999999999999997,25.0,7.782,,,1.65,,440.541,True,True,True,False,False,False,,10.72,19.96,10.11,14.64,6.4,14.02,,,-1.1400000000000001,351920,,,92.3472,,,,19.03599,14.11119,0.01,1.76,1.49,2026-09-10T00:00:00,1971-09-01T00:00:00,9/1/1971,52531200,2026-08-28T00:00:00
33,BGH,-0.0516,9.97011,10.51289,0.12229999999999999,5.21,14,Morningstar US CEF High Yield,14,Barings LLC,False,13.96,-0.15,14.72,2026-09-10T00:00:00,06760L100,Barings Global Short Duration High Yield,2026-09-10,XBGHX,Fixed Income - Taxable-High Yield,31.75,280.35,,Monthly,0.67131,0.12229999999999999,25.0,8.9029,,,3.93,,433.113,True,False,False,False,False,False,,11.08,13.93,6.11,6.65,4.79,1.63,,,-3.79,797980,,,99.958,,,,14.5978,-3.4258,-0.59,0.35000000000000003,0.42,2026-09-10T00:00:00,2012-10-25T00:00:00,10/25/2012,1351123200,2026-08-20T00:00:00
34,MPV,0.0706,9.58549,8.95342,0.37,,14,Morningstar US CEF High Yield,14,Barings LLC,False,16.53,-0.47000000000000003,15.81,2026-06-30T00:00:00,06761A103,Barings Participation Invs,2026-09-10,XMPVX,Fixed Income - Taxable-High Yield,21.98,178.396,,Quarterly,0.54452,0.37,10.0,7.7819,,,1.55,,213.567,True,False,False,False,False,False,,,17.81,,13.18,6.38,12.1,,,-6.9,171820,,,92.2129,,,,18.08374,9.01196,-0.32,0.25,-0.31,2026-09-10T00:00:00,1988-10-06T00:00:00,10/6/1988,592099200,2026-08-28T00:00:00
35,BXSY,-0.3611,3.7037,5.7971,0.26,32.39,26,Morningstar US CEF US Allocation,15,Bexil Corp,True,17.94,0.0,28.08,2026-09-10T00:00:00,25538A204,Bexil Investment Trust,2026-09-10,XBXIX,Hybrid-U.S. Allocation,8.24,232.204,,Quarterly,-0.02758,0.26,15.0,,,,1.9300000000000002,,396.105,True,True,True,False,True,False,,24.36,26.59,13.66,12.3,24.42,22.69,,,35.29,124550,,,,,1.11,,15.92802,-37.3482,1.31,2.39,1.62,2026-09-10T00:00:00,1998-06-29T00:00:00,6/29/1998,899078400,2026-06-15T00:00:00
36,BMN,0.012,4.63726,4.58248,0.09375,5.26,21,Morningstar US CEF Municipal,16,BlackRock,False,24.55,-0.42,24.26,2026-09-10T00:00:00,09262G108,BlackRock 2037 Municipal Target term,2026-09-10,XBMNX,Fixed Income - Municipal-Municipal,25.7,150.925,,Monthly,0.609,0.09375,25.0,5.0193,,14.37,2.16,,200.722,True,False,True,False,False,True,,4.07,7.5,,,-0.01,1.8900000000000001,,,11.79,99710,19.27,,103.2043,,,,25.71022,-0.043590000000000004,0.53,0.62,0.33,2026-09-10T00:00:00,2022-10-28T00:00:00,10/28/2022,1666915200,2026-08-14T00:00:00
37,BCAT,0.1276,21.62126,19.17511,0.25423,13.69,26,Morningstar US CEF US Allocation,16,BlackRock,True,15.91,-0.08,14.11,2026-09-10T00:00:00,09260U109,BlackRock Capital Allocation Term Trust,2026-09-10,XCATX,Hybrid-U.S. Allocation,5.18,1666.975,,Monthly,0.12959,0.25423,20.0,,,2.48,1.4,,1478.379,True,True,True,False,True,True,,12.48,23.2,5.39,8.44,7.45,29.18,,,30.87,6359990,,,95.7637,,,,15.03985,0.5624300000000001,1.98,1.98,1.87,2026-09-10T00:00:00,2020-09-28T00:00:00,9/28/2020,1601251200,2026-08-14T00:00:00
38,BHK,-0.0416,9.79431,10.21918,0.0746,1.56,15,Morningstar US CEF Investment Grade,16,BlackRock,True,8.76,-0.13,9.14,2026-09-10T00:00:00,09249E101,BlackRock Core Bond,2026-09-10,XBHKX,Fixed Income - Taxable-Investment Grade,34.36,632.684,-0.051000000000000004,Monthly,0.27784000000000003,0.0746,15.0,5.2301,,20.03,3.34,,1005.637,True,False,True,False,True,False,,4.9,5.42,-2.39,-2.67,-1.1,0.59,,,2.65,2852100,,,95.2552,,7.35,7.16,9.36326,-4.43648,0.19,-0.03,0.59,2026-09-10T00:00:00,2001-11-30T00:00:00,11/30/2001,1007078400,2026-08-14T00:00:00
39,HYT,-0.09630000000000001,10.35216,11.45588,0.0779,5.14,14,Morningstar US CEF High Yield,16,BlackRock,True,8.16,-0.08,9.03,2026-09-10T00:00:00,09255P107,BlackRock Corporate High Yield Fund,2026-09-10,XHYTX,Fixed Income - Taxable-High Yield,20.36,1573.078,-0.113,Monthly,0.33087,0.0779,15.0,7.0115,,,2.33,,2185.716,True,False,False,False,True,False,,9.73,6.7,4.41,1.77,2.65,0.35000000000000003,,,-3.02,8169740,,,100.4042,,4.19,,8.82701,-6.11038,-1.46,-2.02,-2.48,2026-09-10T00:00:00,2003-05-30T00:00:00,5/30/2003,1054252800,2026-08-14T00:00:00
40,BTZ,-0.0862,9.4358,10.32615,0.0839,3.37,15,Morningstar US CEF Investment Grade,16,BlackRock,True,9.75,-0.14,10.67,2026-09-10T00:00:00,092508100,BlackRock Credit Allocation Income Trust,2026-09-10,XBTZX,Fixed Income - Taxable-Investment Grade,35.35,909.913,-0.11900000000000001,Monthly,0.34357,0.0839,25.0,5.9688,,18.6,3.37,,1540.193,True,False,False,False,True,False,,8.13,9.63,1.12,0.8,0.8200000000000001,-0.86,,,0.64,2596700,,,99.1292,,,,10.49395,-6.01749,-1.43,-1.83,-1.07,2026-09-10T00:00:00,2006-12-27T00:00:00,12/27/2006,1167177600,2026-08-14T00:00:00
41,DSU,-0.0199,12.39289,12.64418,0.09873,4.7,19,Morningstar US CEF Senior Loans,16,BlackRock,True,9.37,-0.03,9.56,2026-09-10T00:00:00,09255R202,BlackRock Debt Strategies,2026-09-10,XDSUX,Fixed Income - Taxable-Senior Loans,15.96,583.185,-0.17400000000000002,Monthly,0.32235,0.09873,10.0,,,6.38,1.69,,708.01,True,False,False,False,True,False,,7.54,9.38,6.09,6.48,2.21,1.09,,,0.72,2768190,,,,,,,9.94908,0.5139400000000001,-2.01,-1.32,-1.52,2026-09-10T00:00:00,1998-03-27T00:00:00,3/27/1998,890956800,2026-08-14T00:00:00
42,BGR,-0.09970000000000001,5.96933,6.63032,0.0973,44.67,8,Morningstar US CEF Sector Equity,16,BlackRock,True,17.61,0.02,19.56,2026-09-10T00:00:00,09250U101,BlackRock Energy and Resources,2026-09-10,XBGRX,Equity-Sector Equity,0.0,448.283,,Monthly,0.16738,0.0973,25.0,,,,1.23,,497.923,True,True,False,False,True,False,,17.32,18.81,22.18,22.15,41.43,33.68,,,36.69,1085760,,,,,,,15.1467,-7.55899,-0.81,0.03,-0.12,2026-09-10T00:00:00,2004-12-23T00:00:00,12/23/2004,1103760000,2026-08-14T00:00:00
43,BDJ,-0.0784,7.10134,7.7053899999999995,0.0619,20.02,3,Morningstar US CEF Covered Call,16,BlackRock,True,9.64,-0.04,10.46,2026-09-10T00:00:00,09251A104,BlackRock Enhanced Dividend Achievers,2026-09-10,XBDJX,Equity-Covered-Call Funds,0.11,1705.747,,Monthly,0.059750000000000004,0.0619,15.0,,,,0.88,,1852.968,True,True,False,False,True,False,,15.96,18.42,9.84,9.63,13.61,10.23,,,20.07,4342400,,,,,,,9.30287,-6.00465,-1.16,-1.07,-0.75,2026-09-10T00:00:00,2005-08-26T00:00:00,8/26/2005,1125014400,2026-08-14T00:00:00
44,BOE,-0.09380000000000001,7.44486,8.21523,0.0827,15.82,3,Morningstar US CEF Covered Call,16,BlackRock,True,12.08,-0.27,13.33,2026-09-10T00:00:00,092501105,BlackRock Enhanced Glbl Div Trust,2026-09-10,XBOEX,Equity-Covered-Call Funds,0.02,671.65,,Monthly,0.091,0.0827,25.0,,,,1.03,,741.15,True,True,False,False,True,False,,13.31,16.73,7.18,7.92,9.37,12.33,,,17.18,1309070,,,,,,,11.78487,-9.19908,-0.19,-1.51,-0.31,2026-09-10T00:00:00,2005-05-26T00:00:00,5/26/2005,1117065600,2026-08-14T00:00:00
45,BGY,-0.1023,7.92558,8.82902,0.0426,14.97,3,Morningstar US CEF Covered Call,16,BlackRock,True,5.79,-0.11,6.45,2026-09-10T00:00:00,092524107,BlackRock Enhanced Intl Div Trust,2026-09-10,XBGYX,Equity-Covered-Call Funds,0.36,524.658,,Monthly,0.06786,0.0426,20.0,,,,1.2,,584.463,True,True,False,False,True,False,,10.43,12.87,6.32,6.68,8.67,6.94,,,12.42,2730090,,,,,,,5.78738,-8.58323,-1.05,-0.5700000000000001,-0.36,2026-09-10T00:00:00,2007-05-25T00:00:00,5/25/2007,1180051200,2026-08-14T00:00:00
46,CII,0.0008,7.05,7.04413,0.141,22.64,3,Morningstar US CEF Covered Call,16,BlackRock,True,24.02,-0.23,24.0,2026-09-10T00:00:00,09256A109,BlackRock Enhanced Large Cap Core Fund,2026-09-10,XCIIX,Equity-Covered-Call Funds,0.44,1049.773,,Monthly,0.01208,0.141,20.0,,,,0.93,,1053.544,True,True,False,False,True,False,,19.18,20.34,12.26,12.99,12.07,9.88,,,29.35,956120,,,,,,,23.70609,0.74026,-0.29,-1.01,-0.59,2026-09-10T00:00:00,2004-04-27T00:00:00,4/27/2004,1083024000,2026-08-14T00:00:00
47,ECAT,0.008,21.61689,21.44441,0.26877,14.4,25,Morningstar US CEF Global Allocation,16,BlackRock,True,15.04,-0.11,14.92,2026-09-10T00:00:00,09262F100,BlackRock ESG Capital Allocation Term,2026-09-10,ECAT,Hybrid-Global Allocation,0.17,1496.003,,Monthly,0.08926,0.26877,20.0,,,2.02,1.4100000000000001,,1486.598,True,False,True,False,True,True,,13.5,20.36,,,7.72,15.54,,,15.67,4422730,,,95.981,,,,15.44046,-2.49189,1.48,0.52,1.07,2026-09-10T00:00:00,2021-09-27T00:00:00,9/27/2021,1632700800,2026-08-14T00:00:00
48,FRA,-0.0528,13.08169,13.81115,0.12383999999999999,4.14,19,Morningstar US CEF Senior Loans,17,"BlackRock Advisors, LLC",True,10.76,-0.09,11.36,2026-09-10T00:00:00,09255X100,BlackRock Floating Rate Inc Strategies,2026-09-10,XFRAX,Fixed Income - Taxable-Senior Loans,23.11,381.278,-0.184,Monthly,0.37426,0.12383999999999999,20.0,,,6.29,2.61,,523.556,True,False,False,False,True,False,,6.9,8.49,6.11,6.99,2.14,3.45,,,-4.48,1625720,,,,,,,11.50843,-2.39647,-0.81,-1.13,-0.5,2026-09-10T00:00:00,2003-10-31T00:00:00,10/31/2003,1067558400,2026-08-14T00:00:00
49,BGT,-0.0144,12.97986,13.16934,0.12028,4.2,19,Morningstar US CEF Senior Loans,16,BlackRock,True,10.96,-0.06,11.12,2026-09-10T00:00:00,091941104,Blackrock Floating Rate Income,2026-09-10,XBGTX,Fixed Income - Taxable-Senior Loans,0.13,326.879,-0.154,Monthly,0.36013,0.12028,20.0,,,,2.06,,332.097,True,False,True,False,True,False,,7.15,9.89,6.27,7.5,2.11,7.51,,,1.46,1335850,,,,,,,11.18131,-3.08869,0.75,0.86,1.35,2026-09-10T00:00:00,2004-08-30T00:00:00,8/30/2004,1093824000,2026-08-14T00:00:00
50,BME,-0.022400000000000003,6.97848,7.13845,0.2621,25.08,8,Morningstar US CEF Sector Equity,16,BlackRock,True,44.06,-0.29,45.07,2026-09-10T00:00:00,09250W107,BlackRock Health Sciences,2026-09-10,XBMEX,Equity-Sector Equity,0.15,569.436,,Monthly,0.07492,0.2621,25.0,,,,1.13,,583.384,True,True,True,False,True,False,,10.56,12.45,5.73,5.71,10.76,16.64,,,34.19,440750,,,,,,,40.76825,-5.12838,1.33,0.86,1.15,2026-09-10T00:00:00,2005-03-28T00:00:00,3/28/2005,1111968000,2026-08-14T00:00:00
51,BMEZ,-0.0805,7.32926,7.97101,0.11,27.16,8,Morningstar US CEF Sector Equity,16,BlackRock,True,16.56,-0.19,18.01,2026-09-10T00:00:00,09260E105,BlackRock Health Sciences Term Trust,2026-09-10,XBMZX,Equity-Sector Equity,0.43,1035.023,,Monthly,0.11368,0.11,20.0,,,,1.37,,1130.473,True,True,True,False,True,True,,10.9,14.45,-0.42,-0.35000000000000003,14.17,18.03,,,28.02,2228940,,,,,,,14.98414,-10.97169,2.2,2.39,2.29,2026-09-10T00:00:00,2020-01-29T00:00:00,1/29/2020,1580256000,2026-08-14T00:00:00
52,BKT,-0.053,10.01325,10.57343,0.0882,-0.88,15,Morningstar US CEF Investment Grade,16,BlackRock,True,10.01,-0.12,10.57,2026-09-10T00:00:00,09247F209,BlackRock Income,2026-09-10,XBKTX,Fixed Income - Taxable-Investment Grade,19.85,324.213,-0.055,Monthly,0.22314,0.0882,10.0,4.4525,,,1.9700000000000002,,427.14,True,False,False,False,True,False,,4.03,4.37,-1.77,-3.5300000000000002,-0.89,-0.25,,,-3.37,1370410,,,88.239,,4.92,4.8100000000000005,10.82344,-4.40065,-0.97,-1.3900000000000001,-0.86,2026-09-10T00:00:00,1988-08-01T00:00:00,8/1/1988,586396800,2026-08-14T00:00:00
53,BLW,-0.055,10.36947,10.97254,0.1132,4.02,16,Morningstar US CEF Limited Duration,16,BlackRock,True,12.38,-0.07,13.1,2026-09-10T00:00:00,09249W101,BlackRock Limited Duration Income,2026-09-10,XBLWX,Fixed Income - Taxable-Limited Duration,36.2,483.865,-0.133,Monthly,0.49739,0.1132,20.0,6.6807,,,3.7,,802.506,True,False,False,False,True,False,,8.61,9.05,4.03,3.14,1.42,-0.65,,,-0.47000000000000003,1198880,,,99.8125,,,,13.20996,-2.8402600000000002,-0.96,-0.4,-0.14,2026-09-10T00:00:00,2003-07-28T00:00:00,7/28/2003,1059350400,2026-08-14T00:00:00
54,BIT,-0.0925,11.44487,12.61172,0.12369999999999999,3.93,17,Morningstar US CEF Multi-Sector,16,BlackRock,True,11.77,-0.12,12.97,2026-09-10T00:00:00,09258A107,BlackRock Multi-Sector Income Trust,2026-09-10,XBITX,Fixed Income - Taxable-Multi-Sector,31.25,671.628,-0.508,Monthly,0.44911,0.12369999999999999,20.0,6.0329,,13.4,3.26,,1076.525,True,False,False,False,True,False,,8.39,4.05,3.96,1.67,1.26,-1.06,,,-2.1,3071430,7.97,,97.3328,,,3.7199999999999998,12.8151,-5.91657,-2.63,-1.85,-2.43,2026-09-10T00:00:00,2013-02-25T00:00:00,2/25/2013,1361750400,2026-08-14T00:00:00
55,MUA,-0.061500000000000006,6.39769,6.81679,0.0555,7.32,21,Morningstar US CEF Municipal,16,BlackRock,False,9.77,-0.07,10.41,2026-09-10T00:00:00,09254J102,BlackRock Muniassets,2026-09-10,XMUAX,Fixed Income - Municipal-Municipal,28.34,655.955,-0.004,Monthly,0.28542,0.0555,15.0,5.4809,,,2.59,,975.322,True,False,False,False,False,False,,5.92,7.27,-0.73,-3.54,1.48,-2.51,,,-0.6900000000000001,1431910,17.62,,92.4046,,12.75,,10.73645,-4.30762,-0.84,0.1,-0.43,2026-09-10T00:00:00,1993-06-25T00:00:00,6/25/1993,740966400,2026-08-14T00:00:00
56,BTT,-0.0785,2.30178,2.49798,0.0464,2.45,21,Morningstar US CEF Municipal,16,BlackRock,False,22.29,-0.13,24.19,2026-09-10T00:00:00,09257P105,BlackRock Municipal 2030 Target Term,2026-09-10,XBTTX,Fixed Income - Municipal-Municipal,35.14,1418.21,0.148,Monthly,0.34323,0.0464,25.0,4.6478,,,2.69,,2372.979,True,False,True,False,False,True,,4.25,6.35,0.5,-0.15,0.98,0.89,,,3.77,900280,22.16,,101.5267,,3.88,,22.65762,-8.04481,0.33,0.27,-0.28,2026-09-10T00:00:00,2012-08-29T00:00:00,8/29/2012,1346198400,2026-08-14T00:00:00
57,MHD,-0.073,5.99496,6.46739,0.0595,6.96,21,Morningstar US CEF Municipal,16,BlackRock,False,11.04,-0.06,11.91,2026-09-10T00:00:00,09253N104,BlackRock Municipal Income,2026-09-10,XMHDX,Fixed Income - Municipal-Municipal,43.35,1928.687,0.004,Monthly,0.30405,0.0595,15.0,5.0119,,,3.08,,3672.806,True,False,True,False,False,False,,2.95,6.58,-2.14,-2.75,0.0,2.0,,,9.3,2717310,5.17,,99.8744,,11.88,,11.6869,-8.47766,1.37,1.12,1.17,2026-09-10T00:00:00,1997-05-02T00:00:00,5/2/1997,862531200,2026-08-14T00:00:00
58,MUC,-0.0645,5.83636,6.23907,0.0535,6.28,22,Morningstar US CEF Municipal-CA,16,BlackRock,False,10.29,-0.05,11.0,2026-09-10T00:00:00,09254L107,BlackRock MuniHoldings CA Qty,2026-09-10,XMUCX,Fixed Income - Municipal-Municipal - CA,41.87,1286.335,0.07100000000000001,Monthly,0.26962,0.0535,15.0,5.0713,,,3.22,,2365.746,True,False,True,False,False,False,,2.33,6.38,-2.19,-2.88,0.12,3.65,,,8.82,2954040,4.0,,102.4334,,13.95,,10.75384,-8.15321,1.65,1.6099999999999999,1.54,2026-09-10T00:00:00,1998-02-27T00:00:00,2/27/1998,888537600,2026-08-14T00:00:00
59,MUJ,0.0085,5.38653,5.45455,0.054,6.7,24,Morningstar US CEF Municipal-Single State,16,BlackRock,False,11.88,-0.12,11.78,2026-09-10T00:00:00,09254X101,BlackRock MuniHoldings NJ Qty,2026-09-10,XMUJX,Fixed Income - Municipal-Municipal - Single-State,40.89,631.839,0.085,Monthly,0.2647,0.054,15.0,4.7124,,,3.37,,1059.845,True,False,True,False,False,False,,3.38,9.37,-0.89,-0.33,0.21,5.24,,,15.33,991120,20.57,,97.7946,,13.16,,12.04175,-3.95231,1.97,2.14,1.96,2026-09-10T00:00:00,1998-03-11T00:00:00,3/11/1998,889574400,2026-08-14T00:00:00
60,MIY,0.049800000000000004,5.50505,5.35188,0.0545,7.3,24,Morningstar US CEF Municipal-Single State,16,BlackRock,False,12.22,-0.17,11.64,2026-09-10T00:00:00,09254V105,BlackRock MuniYield MI Quality,2026-09-10,XMIYX,Fixed Income - Municipal-Municipal - Single-State,40.77,353.949,0.07200000000000001,Monthly,0.25837,0.0545,15.0,4.9551,,,3.34,,569.243,True,True,True,False,False,False,,3.21,11.64,-1.06,0.91,-0.07,12.28,,,20.26,612960,8.27,,100.9645,,16.35,,11.98127,-3.16779,2.22,1.55,2.17,2026-09-10T00:00:00,1992-10-30T00:00:00,10/30/1992,720403200,2026-08-14T00:00:00
61,MYN,-0.0802,5.97665,6.69281,0.051199999999999996,7.38,23,Morningstar US CEF Municipal-NY,17,"BlackRock Advisors, LLC",False,9.18,-0.19,9.98,2026-09-10T00:00:00,09255E102,BlackRock MuniYield NY Quality,2026-09-10,XMYNX,Fixed Income - Municipal-Municipal - NY,23.75,864.055,0.069,Monthly,0.24345,0.051199999999999996,15.0,4.855,,,3.2800000000000002,,1231.861,True,False,True,False,False,False,,2.44,6.21,-2.01,-2.66,-0.62,1.6800000000000002,,,10.35,1278940,9.11,,100.2576,,12.59,,9.94834,-8.12947,0.15,-0.54,-0.02,2026-09-10T00:00:00,1992-02-28T00:00:00,2/28/1992,699235200,2026-08-14T00:00:00
62,MPA,-0.0908,4.8632100000000005,5.49856,0.0477,7.01,24,Morningstar US CEF Municipal-Single State,16,BlackRock,False,10.41,-0.18,11.45,2026-09-10T00:00:00,09255G107,BlackRock MuniYield PA Quality,2026-09-10,XMPAX,Fixed Income - Municipal-Municipal - Single-State,39.58,134.806,0.039,Monthly,0.23728000000000002,0.0477,15.0,4.7722999999999995,,,3.23,,245.419,True,False,False,False,False,False,,3.4,6.01,-1.7000000000000002,-2.29,-0.77,2.49,,,7.26,316340,9.12,,98.0715,,14.9,,11.25758,-8.53698,-0.68,-0.7000000000000001,-0.89,2026-09-10T00:00:00,1992-10-30T00:00:00,10/30/1992,720403200,2026-08-14T00:00:00
63,MYI,-0.0644,5.88859,6.45349,0.0555,6.53,21,Morningstar US CEF Municipal,16,BlackRock,False,10.32,-0.06,11.03,2026-09-10T00:00:00,09254E103,BlackRock MuniYield Qty III,2026-09-10,XMYIX,Fixed Income - Municipal-Municipal,43.36,1262.07,0.04,Monthly,0.27666,0.0555,15.0,5.0585,,,3.23,,2381.641,True,False,True,False,False,False,,3.54,6.9,-1.1400000000000001,-1.32,-0.02,2.59,,,7.35,2358420,5.78,,99.7206,,11.76,,10.92969,-7.55216,1.27,1.62,1.47,2026-09-10T00:00:00,1992-04-13T00:00:00,4/13/1992,703123200,2026-08-14T00:00:00
64,MQY,-0.0836,5.90331,6.6096900000000005,0.057999999999999996,6.41,21,Morningstar US CEF Municipal,17,"BlackRock Advisors, LLC",False,10.53,-0.17,11.49,2026-09-10T00:00:00,09254F100,BlackRock Muniyield Quality,2026-09-10,XMQYX,Fixed Income - Municipal-Municipal,43.51,1584.05,0.060000000000000005,Monthly,0.28992,0.057999999999999996,15.0,5.0143,,,3.2,,3059.942,True,False,False,False,False,False,,3.01,5.89,-1.58,-2.84,-0.35000000000000003,1.9100000000000001,,,6.13,3217070,5.01,,99.4864,,14.22,,11.43751,-7.47064,-0.8300000000000001,-2.09,-0.9500000000000001,2026-09-10T00:00:00,1992-06-26T00:00:00,6/26/1992,709516800,2026-08-14T00:00:00
65,BCX,-0.06810000000000001,5.91932,6.4388,0.0697,38.4,8,Morningstar US CEF Sector Equity,16,BlackRock,True,12.99,-0.19,13.94,2026-09-10T00:00:00,09257A108,BlackRock Resources&Commodities Strategy,2026-09-10,XBCRX,Equity-Sector Equity,0.0,990.333,,Monthly,0.09832,0.0697,20.0,,,,1.19,,1062.781,True,True,False,False,True,False,,16.47,20.94,14.7,15.18,25.83,27.29,,,42.07,2113560,,,,,,,11.59197,-6.7389600000000005,-0.04,-0.2,0.45,2026-09-10T00:00:00,2011-03-29T00:00:00,3/29/2011,1301356800,2026-08-14T00:00:00
66,BSTZ,-0.0684,5.81049,6.33528,0.1625,54.4,8,Morningstar US CEF Sector Equity,16,BlackRock,True,30.78,-0.71,33.04,2026-09-10T00:00:00,09260K101,BlackRock Science and Technology Term,2026-09-10,XBSZX,Equity-Sector Equity,0.76,2115.945,,Monthly,-0.15007,0.1625,20.0,,,,1.35,,2288.812,True,True,True,False,True,True,,27.32,34.46,4.32,5.7,39.2,45.66,,,56.55,2120240,,,,,,,25.13881,-9.56366,1.56,0.74,1.2,2026-09-10T00:00:00,2019-06-26T00:00:00,6/26/2019,1561507200,2026-08-14T00:00:00
67,BST,-0.04769999999999999,5.67215,6.05449,0.25,37.68,8,Morningstar US CEF Sector Equity,16,BlackRock,True,49.55,-0.74,52.03,2026-09-10T00:00:00,09258G104,BlackRock Science and Technology Trust,2026-09-10,XBSTX,Equity-Sector Equity,0.1,1720.377,,Monthly,-0.29713,0.25,20.0,,,,1.11,,1808.255,True,True,True,False,True,False,,25.93,25.42,7.47,8.15,28.17,31.36,,,41.49,988660,,,,,0.26,,43.04349,-6.31106,0.8,0.54,0.99,2026-09-10T00:00:00,2014-10-29T00:00:00,10/29/2014,1414540800,2026-08-14T00:00:00
68,BBN,-0.0545,7.21904,7.74346,0.0986,2.5300000000000002,20,Morningstar US CEF Taxable Muni,17,"BlackRock Advisors, LLC",True,15.28,-0.17,16.16,2026-09-10T00:00:00,09248X100,BlackRock Taxable Municipal Bond Trust,2026-09-10,XBBNX,Fixed Income - Taxable-Taxable Muni,36.18,944.19,0.077,Monthly,0.52117,0.0986,20.0,5.9206,,,3.1,,1564.633,True,False,False,False,True,False,,4.8100000000000005,6.75,-2.36,-3.22,-0.34,1.74,,,3.47,2019330,3.2800000000000002,,99.4279,,8.12,8.12,16.30255,-4.908,-0.35000000000000003,-1.01,-0.17,2026-09-10T00:00:00,2010-08-27T00:00:00,8/27/2010,1282867200,2026-08-14T00:00:00
69,BTX,-0.1101,6.25621,7.15096,0.0525,40.3,10,Morningstar US CEF US Equity,16,BlackRock,True,8.81,-0.15,9.9,2026-09-10T00:00:00,09260Q108,BlackRock Tech and Private Equity Term,2026-09-10,XBTPX,Equity-U.S. Equity,1.08,1028.218,,Monthly,-0.048940000000000004,0.0525,20.0,,,,1.46,,1168.045,True,True,True,False,True,True,,12.99,17.02,-4.75,-5.11,33.18,43.34,,,38.14,7734950,,,,,,,7.47728,-13.82823,1.3,0.28,0.8,2026-09-10T00:00:00,2021-03-26T00:00:00,3/26/2021,1616716800,2026-08-14T00:00:00
70,BUI,0.0149,7.00796,6.96045,0.154,18.0,8,Morningstar US CEF Sector Equity,16,BlackRock,True,26.55,-0.05,26.16,2026-09-10T00:00:00,09248D104,"BlackRock Util, Infra & Power Opp",2026-09-10,XBUIX,Equity-Sector Equity,0.11,798.744,,Monthly,0.19198,0.154,20.0,,,,1.09,,787.011,True,False,False,False,True,False,,15.85,17.32,8.31,7.83,13.63,9.61,,,9.67,752740,,,,,,,27.14513,1.7555100000000001,-0.09,0.04,0.76,2026-09-10T00:00:00,2011-11-23T00:00:00,11/23/2011,1322006400,2026-08-14T00:00:00
71,BHV,0.18280000000000002,5.04155,4.3715,0.0455,4.65,24,Morningstar US CEF Municipal-Single State,16,BlackRock,False,12.49,0.02,10.56,2026-09-10T00:00:00,092481100,BlackRock VA Municipal Bond,2026-09-10,XBHVX,Fixed Income - Municipal-Municipal - Single-State,40.8,19.837,0.024,Monthly,0.1615,0.0455,15.0,4.857,,,4.53,,28.33,True,True,True,False,False,False,,1.74,13.03,-3.1,-3.58,-1.7000000000000002,24.63,,,31.86,52430,8.6,,99.2945,,16.77,10.27,11.33796,-0.9163600000000001,2.35,2.08,1.6600000000000001,2026-09-10T00:00:00,2002-04-30T00:00:00,4/30/2002,1020124800,2026-08-14T00:00:00
72,BGX,-0.1379,7.9805399999999995,9.25682,0.08199999999999999,1.51,19,Morningstar US CEF Senior Loans,18,Blackstone Liquid Credit Strategies LLC,False,10.63,-0.03,12.33,2026-09-10T00:00:00,09257D102,Blackstone Long-Short Credit Income,2026-09-10,XXBGX,Fixed Income - Taxable-Senior Loans,33.72,135.089,,Monthly,0.47335,0.08199999999999999,20.0,7.1353,,,4.65,,236.393,True,False,False,False,False,False,,6.67,7.22,3.8,2.9699999999999998,0.07,-3.02,,,-6.21,698820,,,,,17.0,,11.23631,-10.85113,-1.63,-2.61,-2.25,2026-09-10T00:00:00,2011-01-27T00:00:00,1/27/2011,1296086400,2026-08-24T00:00:00
73,BSL,-0.0436,7.81065,8.16705,0.088,0.73,19,Morningstar US CEF Senior Loans,18,Blackstone Liquid Credit Strategies LLC,False,12.93,-0.03,13.52,2026-09-10T00:00:00,09256U105,Blackstone Senior Floating Rt 2027 term,2026-09-10,XBSLX,Fixed Income - Taxable-Senior Loans,33.38,168.348,,Monthly,0.49904,0.088,20.0,7.1345,,,4.68,,264.23,True,False,False,False,False,True,,6.04,9.09,4.12,4.24,-0.19,1.08,,,-1.18,443990,,,,,3.73,,13.30147,-3.74542,-0.74,-2.1,-0.76,2026-09-10T00:00:00,2010-05-26T00:00:00,5/26/2010,1274832000,2026-08-24T00:00:00
74,BGB,-0.0533,7.70921,8.14286,0.076,0.71,19,Morningstar US CEF Senior Loans,18,Blackstone Liquid Credit Strategies LLC,False,11.2,-0.03,11.83,2026-09-10T00:00:00,09257R101,Blackstone Strategic Credit 2027 term,2026-09-10,XBGBX,Fixed Income - Taxable-Senior Loans,38.93,500.402,,Monthly,0.40459,0.076,20.0,6.9282,,,5.4,,865.483,True,False,False,False,False,True,,6.57,10.02,3.73,4.53,-0.55,0.0,,,-3.4,1355800,,,,,17.78,,11.54163,-4.91551,-0.46,-1.6,-0.68,2026-09-10T00:00:00,2012-09-26T00:00:00,9/26/2012,1348617600,2026-08-24T00:00:00
75,BPRE,-0.4698,7.25077,13.67581,0.1371,-6.5,7,Morningstar US CEF Real Estate,19,"Bluerock Fund Advisors, LLC",True,12.03,-0.02,22.69,2026-09-10T00:00:00,09631P102,Bluerock Private Real Estate Fund,2026-09-10,XBPREX,Equity-Real Estate,,1720.824,,Monthly,,0.1371,14.0,11.1334,,,0.0,,3245.677,False,True,True,False,True,False,,-6.54,,-1.62,,-3.07,-13.42,,,,0,,,,,,,,,,-1.02,-1.34,2026-09-10T00:00:00,2014-04-01T00:00:00,4/1/2014,1396310400,2026-08-17T00:00:00
76,DHF,-0.1288,7.95455,9.13043,0.017499999999999998,3.35,14,Morningstar US CEF High Yield,20,BNY Mellon,False,2.3,-0.05,2.64,2026-09-10T00:00:00,09660L105,BNY Mellon High Yield Strategies Fund,2026-09-10,XDHFX,Fixed Income - Taxable-High Yield,27.82,167.294,,Monthly,0.09917000000000001,0.017499999999999998,15.0,7.0814,,,3.18,,266.024,True,False,False,False,False,False,,9.23,10.94,3.38,1.44,1.96,0.53,,,-0.77,3447220,4.2,,98.7994,,4.58,,2.46469,-9.61369,-1.9100000000000001,-2.49,-2.5700000000000003,2026-09-10T00:00:00,1998-04-29T00:00:00,4/29/1998,893808000,2026-09-10T00:00:00
77,DMB,-0.065,5.48948,5.87084,0.049999999999999996,7.02,21,Morningstar US CEF Municipal,20,BNY Mellon,False,10.22,-0.1,10.93,2026-09-10T00:00:00,09662W109,BNY Mellon Muni Bond Infrastructure Fund,2026-09-10,XDMBX,Fixed Income - Municipal-Municipal,36.87,188.109,,Monthly,0.24734,0.049999999999999996,15.0,5.1046,,,3.19,,318.672,True,False,True,False,False,False,,3.06,4.24,-1.35,-3.34,-0.5700000000000001,-0.51,,,10.77,556040,0.13,,98.7695,,11.8,9.1,10.81093,-7.35805,0.66,0.73,0.52,2026-09-10T00:00:00,2013-04-26T00:00:00,4/26/2013,1366934400,2026-08-18T00:00:00
78,DSM,-0.07769999999999999,5.95041,6.45161,0.03,8.14,21,Morningstar US CEF Municipal,20,BNY Mellon,False,5.58,-0.09,6.05,2026-09-10T00:00:00,09662E109,BNY Mellon Strategic Muni Bond,2026-09-10,XDSMX,Fixed Income - Municipal-Municipal,35.93,275.812,,Monthly,0.15742,0.03,10.0,5.0125,,,2.73,,466.741,True,False,False,False,False,False,,3.41,6.9,-1.92,-2.94,-0.1,-2.26,,,7.82,1098000,1.0,,96.7327,,9.3,8.35,6.01865,-7.11402,-0.5,-0.39,-0.8200000000000001,2026-09-10T00:00:00,1989-11-22T00:00:00,11/22/1989,627696000,2026-08-13T00:00:00
79,LEO,-0.0761,5.59006,6.05042,0.03,8.01,21,Morningstar US CEF Municipal,20,BNY Mellon,False,5.95,-0.05,6.44,2026-09-10T00:00:00,05588W108,BNY Mellon Strategic Municipals,2026-09-10,XLEOX,Fixed Income - Municipal-Municipal,35.2,370.631,,Monthly,0.15752,0.03,10.0,5.1313,,,2.76,,619.073,True,False,False,False,False,False,,3.81,7.04,-1.7000000000000002,-4.03,0.5,0.53,,,9.05,1981980,1.18,,96.899,,9.74,8.54,6.31724,-7.59729,-0.01,0.02,-0.27,2026-09-10T00:00:00,1987-09-23T00:00:00,9/23/1987,559353600,2026-08-13T00:00:00
80,BWG,-0.10189999999999999,11.51079,12.81709,0.08,1.38,13,Morningstar US CEF Global Income,54,"Franklin Templeton Fund Adviser, LLC",True,7.49,-0.09,8.34,2026-09-10T00:00:00,10537L104,BrandywineGLOBAL â Global Inc Opp Fund,2026-09-10,XBWGX,Fixed Income - Taxable-Global Income,41.89,125.771,,Monthly,0.40321,0.08,20.0,7.6342,,,4.62,,241.005,True,False,False,False,True,False,,7.84,10.25,0.6900000000000001,1.4,0.18,-1.22,,,-0.43,759540,,,,,,,8.17169,-8.62241,-1.06,-1.88,-0.53,2026-09-10T00:00:00,2012-03-28T00:00:00,3/28/2012,1332892800,2026-08-24T00:00:00
81,RA,-0.1075,10.30418,11.59705,0.118,5.61,14,Morningstar US CEF High Yield,21,Brookfield Public Securities Group LLC,True,12.21,-0.21,13.68,2026-09-10T00:00:00,112830104,Brookfield Real Assets Income Fund Inc.,2026-09-10,XRAIX,Fixed Income - Taxable-High Yield,24.77,674.66,,Monthly,0.43376000000000003,0.118,25.0,6.5269,,,3.34,,1004.796,True,False,False,False,True,False,,8.38,10.71,3.9,0.68,3.14,4.19,,,3.51,1684260,,,96.6205,,8.9,,12.96651,-9.22759,-1.4100000000000001,-1.74,-1.22,2026-09-10T00:00:00,2016-12-02T00:00:00,12/2/2016,1480636800,2026-09-10T00:00:00
82,CFND,-0.5207999999999999,,,,-18.67,10,Morningstar US CEF US Equity,23,C1 Advisors LLC,True,3.11,0.2,6.49,2026-06-30T00:00:00,12673Q103,C1 Fund Inc.,2026-09-10,XCFNDX,Equity-U.S. Equity,,20.428,,Semi-Annually,-0.24685,,10.0,,,,5.86,,42.629,False,False,False,False,True,False,,,,,,-16.9,-41.43,,,-66.27,434380,,,,,,,4.61075,-38.82753,-0.67,0.35000000000000003,0.05,2026-09-10T00:00:00,2025-08-07T00:00:00,8/7/2025,1754524800,
83,CHY,0.0036,9.44882,9.55034,0.09999999999999999,27.21,11,Morningstar US CEF Convertibles,24,Calamos Advisors LLC,False,12.565,-0.16,12.52,2026-09-10T00:00:00,12811P108,Calamos Convertible & High Income Fund,2026-09-10,XCHYX,Fixed Income - Taxable-Convertibles,31.99,1009.35,,Monthly,-0.10886,0.09999999999999999,15.0,3.6347,,,4.01,,1478.754,True,True,True,False,False,False,,18.14,15.73,5.75,6.02,18.8,20.53,,,29.99,1868930,,,110.455,,,,12.11393,-0.7016800000000001,0.53,-0.11,0.56,2026-09-10T00:00:00,2003-05-28T00:00:00,5/28/2003,1054080000,2026-08-14T00:00:00
84,CHI,0.0501,9.53975,9.21584,0.095,26.68,11,Morningstar US CEF Convertibles,24,Calamos Advisors LLC,False,12.37,-0.12,11.78,2026-09-10T00:00:00,128117108,Calamos Convertible Opp Inc,2026-09-10,XCHIX,Fixed Income - Taxable-Convertibles,31.34,998.343,,Monthly,-0.09886,0.095,15.0,3.5968,,,3.98,,1384.776,True,True,True,False,False,False,,17.89,17.7,5.64,6.53,18.56,28.22,,,34.65,1808530,,,110.6368,,,,11.7235,1.9230300000000002,1.17,-0.09,0.63,2026-09-10T00:00:00,2002-06-26T00:00:00,6/26/2002,1025049600,2026-08-14T00:00:00
85,CCD,0.0226,9.80721,9.745940000000001,0.19499999999999998,31.68,11,Morningstar US CEF Convertibles,24,Calamos Advisors LLC,False,24.01,-0.31,23.48,2026-09-10T00:00:00,12811V105,Calamos Dynamic Convertible and Income,2026-09-10,XCCDX,Fixed Income - Taxable-Convertibles,29.79,686.274,,Monthly,-0.41014,0.19499999999999998,25.0,2.6269,,,4.26,,955.883,True,True,True,False,False,True,,19.73,18.95,5.79,5.98,21.88,24.83,,,32.83,818460,,,,,,,23.11912,1.6894200000000001,0.25,-0.09,0.21,2026-09-10T00:00:00,2015-03-27T00:00:00,3/27/2015,1427414400,2026-08-14T00:00:00
86,CHW,-0.098,7.65143,8.59189,0.06,23.96,25,Morningstar US CEF Global Allocation,24,Calamos Advisors LLC,False,8.38,-0.2,9.29,2026-09-10T00:00:00,12811L107,Calamos Global Dynamic Income Fund,2026-09-10,XCHWX,Hybrid-Global Allocation,29.81,535.184,,Monthly,-0.03591,0.06,15.0,4.8766,,,3.85,,845.263,True,True,True,False,False,False,,20.87,22.27,7.13,4.85,19.53,19.04,,,24.77,1862170,,,,,,,8.02395,-10.2142,0.32,-0.25,0.44,2026-09-10T00:00:00,2007-06-27T00:00:00,6/27/2007,1182902400,2026-08-14T00:00:00
87,CGO,-0.0809,7.5,8.2632,0.09,24.28,25,Morningstar US CEF Global Allocation,24,Calamos Advisors LLC,False,13.07,-0.1,14.22,2026-09-10T00:00:00,128118106,Calamos Global Total Return,2026-09-10,XCGOX,Hybrid-Global Allocation,29.71,128.443,,Monthly,-0.07175000000000001,0.09,15.0,4.7922,,,4.02,,198.821,True,True,True,False,False,False,,21.43,22.24,7.04,4.22,20.31,20.96,,,21.21,259720,,,,,,,12.40548,-9.12151,0.71,1.28,1.79,2026-09-10T00:00:00,2005-10-27T00:00:00,10/27/2005,1130371200,2026-08-14T00:00:00
88,CPZ,-0.131,11.14058,12.88838,0.13999999999999999,-4.7,5,Morningstar US CEF Global Equity,24,Calamos Advisors LLC,False,13.035,0.03,15.0,2026-09-10T00:00:00,12812C106,Calamos L/S Equity & Dynamic Inc Trust,2026-09-10,XCPZX,Equity-Global Equity,48.35,255.906,,Monthly,0.08155,0.13999999999999999,20.0,6.5242,,13.21,4.38,,570.174,True,False,False,False,False,False,,5.6,7.23,2.69,2.5700000000000003,-0.27,-2.49,,,-10.75,770920,,,99.1682,,,,14.27217,-10.13551,-1.37,-0.49,-0.9,2026-09-10T00:00:00,2019-11-29T00:00:00,11/29/2019,1574985600,2026-08-14T00:00:00
89,CSQ,-0.0787,7.18404,7.86408,0.13499999999999998,24.42,26,Morningstar US CEF US Allocation,24,Calamos Advisors LLC,False,20.6,-0.25,22.36,2026-09-10T00:00:00,128125101,Calamos Strategic Total Return,2026-09-10,XCSQX,Hybrid-U.S. Allocation,28.25,3303.614,,Monthly,-0.08754,0.13499999999999998,15.0,4.2309,,,3.69,,4998.033,True,True,True,False,False,False,,23.72,20.74,12.42,10.35,14.96,14.07,,,20.95,2248630,,,,,,,19.47044,-8.49092,0.39,1.37,1.98,2026-09-10T00:00:00,2004-03-26T00:00:00,3/26/2004,1080259200,2026-08-14T00:00:00
90,CCIF,-0.18239999999999998,22.64151,27.69231,0.06,-40.38,19,Morningstar US CEF Senior Loans,25,Carlyle Global Credit Inv Mgmt,True,2.6,-0.15,3.24,2026-07-31T00:00:00,92535C104,Carlyle Credit Income Ord,2026-09-10,XCCIFX,Fixed Income - Taxable-Senior Loans,45.93,55.116,,Monthly,0.18345,0.06,8.65,8.718,,,11.36,,124.684,True,False,False,False,True,False,,-16.46,-15.07,-13.62,-11.34,-32.71,-31.98,,,-39.74,1290010,,,46.8847,,,,3.90365,-10.29703,-1.3599999999999999,-1.0,-1.13,2026-09-10T00:00:00,2011-12-30T00:00:00,12/30/2011,1325203200,2026-08-19T00:00:00
91,IGR,-0.0218,16.84867,17.22488,0.18,3.61,7,Morningstar US CEF Real Estate,26,CBRE Investment Management Listed Real Assets LLC,True,12.54,-0.4,12.82,2026-09-10T00:00:00,12504G878,CBRE Global Real Estate Income,2026-09-10,XIGRX,Equity-Real Estate,33.12,633.84,,Monthly,0.12236,0.18,15.0,,,,3.84,,968.927,True,False,False,False,True,False,,6.0,10.87,-1.3900000000000001,1.3599999999999999,8.96,15.49,,,5.05,2440410,,,,,,,14.08245,1.09563,-1.48,-1.98,-2.58,2026-09-10T00:00:00,2004-02-18T00:00:00,2/18/2004,1077062400,2026-08-20T00:00:00
92,CET,-0.1734,0.92344,1.11712,0.31,14.2,10,Morningstar US CEF US Equity,27,Central Securities Corp,False,55.5,0.85,67.14,2026-09-04T00:00:00,155123102,Central Securities Corporation,2026-09-10,XCETX,Equity-U.S. Equity,0.32,1639.984,,Semi-Annually,0.8325400000000001,0.31,10.0,,,,0.46,,1983.938,True,True,False,False,False,False,,18.97,20.77,10.54,11.52,7.98,7.86,,,14.9,372780,,,,,,0.05,51.96907,-15.62856,-1.87,-1.34,-1.81,2026-09-10T00:00:00,1980-07-28T00:00:00,7/28/1980,333590400,2026-06-12T00:00:00
93,EMO,-0.084,7.2012,7.86169,0.41,33.89,6,Morningstar US CEF MLP,54,"Franklin Templeton Fund Adviser, LLC",False,54.95,-0.27,59.99,2026-09-10T00:00:00,18469P209,ClearBridge Energy Midstream Opportunity,2026-09-10,XEMOX,Equity-MLP,23.83,1098.463,,Monthly,-0.08994,0.41,20.0,,,,3.12,,1574.423,True,True,True,False,False,False,,28.97,31.82,27.77,31.61,30.87,29.78,,,25.9,568240,,,,,,,48.66713,-9.72366,0.65,1.65,1.44,2026-09-10T00:00:00,2011-06-13T00:00:00,6/13/2011,1307923200,2026-08-24T00:00:00
94,GLV,-0.1294,9.87209,11.3389,0.0566,16.91,25,Morningstar US CEF Global Allocation,28,Clough Capital Partners L.P.,True,5.99,-0.08,6.88,2026-09-10T00:00:00,18913Y103,Clough Global Dividend and Income,2026-09-10,XGLVX,Hybrid-Global Allocation,33.04,74.334,,Monthly,0.00647,0.0566,20.0,4.812,,,3.06,,127.509,True,False,False,False,True,False,,12.74,16.77,0.87,-1.1400000000000001,9.44,10.02,,,16.92,404420,,,,,14.12,11.85,6.1553,-11.93394,-0.96,-0.51,-0.52,2026-09-10T00:00:00,2004-07-28T00:00:00,7/28/2004,1090972800,2026-08-18T00:00:00
95,GLQ,-0.09759999999999999,10.04363,11.12977,0.07289999999999999,15.47,5,Morningstar US CEF Global Equity,28,Clough Capital Partners L.P.,True,7.86,-0.06,8.71,2026-09-10T00:00:00,18914C100,Clough Global Equity,2026-09-10,XGLQX,Equity-Global Equity,33.49,147.282,,Monthly,-0.056870000000000004,0.07289999999999999,20.0,,,,3.41,,245.378,True,False,True,False,True,False,,17.75,23.11,-0.41000000000000003,-0.9,8.54,12.55,,,20.42,628410,,,,,0.06,,8.01013,-11.2118,1.32,0.73,0.9,2026-09-10T00:00:00,2005-04-27T00:00:00,4/27/2005,1114560000,2026-08-18T00:00:00
96,GLO,-0.1074,10.32692,11.56912,0.0537,10.64,25,Morningstar US CEF Global Allocation,28,Clough Capital Partners L.P.,True,5.57,-0.04,6.24,2026-09-10T00:00:00,18914E106,Clough Global Opportunities,2026-09-10,XGLOX,Hybrid-Global Allocation,34.18,238.208,,Monthly,-0.0235,0.0537,20.0,4.8247,,,3.54,,405.412,True,False,True,False,True,False,,13.53,18.46,-2.89,-3.9,5.72,9.24,,,15.23,1509150,,,,,16.22,13.53,5.8179300000000005,-11.37892,0.64,0.15,0.46,2026-09-10T00:00:00,2006-04-25T00:00:00,4/25/2006,1145923200,2026-08-18T00:00:00
97,FOF,-0.0197,7.78523,8.06178,0.087,15.88,26,Morningstar US CEF US Allocation,30,"Cohen &amp; Steers Capital Management, Inc.",False,12.95,-0.16,13.21,2026-09-10T00:00:00,19248P106,Cohen & Steers Closed-End Opportunity,2026-09-10,XFOFX,Hybrid-U.S. Allocation,,359.67,,Monthly,0.17872,0.087,20.0,6.1386,,7.64,0.9500000000000001,,366.891,False,False,False,False,False,False,,18.07,17.37,7.97,7.11,8.11,8.51,,,12.57,624570,,,95.6359,,,,13.49947,1.00447,-1.71,-2.54,-2.41,2026-09-10T00:00:00,2006-11-20T00:00:00,11/20/2006,1163980800,2026-09-08T00:00:00
98,UTF,-0.041100000000000005,7.22101,7.63889,0.16499999999999998,13.81,8,Morningstar US CEF Sector Equity,29,Cohen &amp; Steers,False,25.92,-0.28,27.03,2026-09-10T00:00:00,19248A109,Cohen & Steers Infrastructure,2026-09-10,XUTFX,Equity-Sector Equity,28.59,2898.118,,Monthly,0.38602000000000003,0.16499999999999998,20.0,5.4498,,,3.43,,4232.227,True,True,True,False,False,False,,16.2,16.59,7.74,6.43,12.1,18.08,,,9.53,3669860,,,103.041,,7.43,,25.83843,-5.34273,0.54,-2.95,0.12,2026-09-10T00:00:00,2004-03-30T00:00:00,3/30/2004,1080604800,2026-09-08T00:00:00
99,LDP,-0.08130000000000001,7.165,7.86,0.131,6.41,18,Morningstar US CEF Preferreds,30,"Cohen &amp; Steers Capital Management, Inc.",False,20.0,-0.18,21.77,2026-09-10T00:00:00,19248C105,Cohen & Steers Ltd Duration Pref & Inc,2026-09-10,XLDPX,Fixed Income - Taxable-Preferreds,33.23,581.584,,Monthly,0.7218,0.131,25.0,,,,3.67,,948.055,True,False,False,False,False,False,,11.76,13.8,4.3,2.9699999999999998,2.85,3.29,,,4.74,621010,,,,,88.99,,21.02668,-5.93114,-1.5899999999999999,-2.12,-1.28,2026-09-10T00:00:00,2012-07-27T00:00:00,7/27/2012,1343347200,2026-09-08T00:00:00
100,RQI,-0.0713,8.35913,9.20716,0.09,13.23,7,Morningstar US CEF Real Estate,29,Cohen &amp; Steers,False,11.73,-0.15,12.63,2026-09-10T00:00:00,19247L106,Cohen & Steers Qual Inc Realty,2026-09-10,XRQIX,Equity-Real Estate,27.66,1725.183,,Monthly,0.13034,0.09,15.0,4.5417000000000005,,,3.45,,2567.675,True,False,False,False,False,False,,12.01,11.12,3.3,2.52,17.1,12.9,,,6.78,5067110,,,102.1293,,7.49,,12.41285,-4.03666,-1.03,0.5,-0.77,2026-09-10T00:00:00,2002-02-28T00:00:00,2/28/2002,1014854400,2026-09-08T00:00:00
101,RLTY,-0.0897,7.93269,8.90688,0.11,12.04,7,Morningstar US CEF Real Estate,30,"Cohen &amp; Steers Capital Management, Inc.",True,14.82,-0.16,16.28,2026-09-10T00:00:00,19249Q103,Cohen & Steers Real Estate Opp & Inc Fd,2026-09-10,XRLTX,Equity-Real Estate,34.12,247.826,,Monthly,0.17708000000000002,0.11,20.0,5.2869,,,4.55,,413.241,True,False,False,False,True,False,,11.32,13.9,,,12.6,11.5,,,8.1,600460,,,104.0393,,,,15.3132,-7.45661,-1.15,-0.7000000000000001,-0.78,2026-09-10T00:00:00,2022-02-24T00:00:00,2/24/2022,1645660800,2026-09-08T00:00:00
102,RNP,-0.06709999999999999,7.62617,8.32228,0.13599999999999998,9.42,7,Morningstar US CEF Real Estate,30,"Cohen &amp; Steers Capital Management, Inc.",True,19.61,-0.23,21.02,2026-09-10T00:00:00,19247X100,Cohen & Steers REIT & Preferred Inc Fd,2026-09-10,XRNPX,Equity-Real Estate,30.85,941.282,,Monthly,0.40266,0.13599999999999998,25.0,5.8091,,,3.37,,1459.087,True,False,False,False,True,False,,11.69,10.75,3.41,2.44,10.14,6.8100000000000005,,,-2.66,1211660,,,106.003,,6.69,,20.714,-3.36447,-0.99,0.79,-0.5700000000000001,2026-09-10T00:00:00,2003-06-27T00:00:00,6/27/2003,1056672000,2026-09-08T00:00:00
103,PSF,-0.10949999999999999,7.07534,8.01697,0.126,5.66,18,Morningstar US CEF Preferreds,29,Cohen &amp; Steers,False,18.86,-0.18,21.18,2026-09-10T00:00:00,19248Y107,Cohen & Steers Select Preferred & Inc,2026-09-10,XPSFX,Fixed Income - Taxable-Preferreds,33.62,226.852,,Monthly,0.69831,0.126,25.0,7.0987,,,3.76,,383.757,True,False,False,False,False,False,,11.29,10.71,3.13,-1.5,2.06,1.09,,,2.94,379600,,,101.0886,,86.4,,20.07452,-8.41804,-1.72,-1.88,-1.83,2026-09-10T00:00:00,2010-11-24T00:00:00,11/24/2010,1290556800,2026-09-08T00:00:00
104,PTA,-0.106,8.01196,9.03879,0.13399999999999998,4.62,18,Morningstar US CEF Preferreds,30,"Cohen &amp; Steers Capital Management, Inc.",True,17.79,-0.24,19.9,2026-09-10T00:00:00,19249X108,Cohen & Steers Tax-adv Prd Sec and Inc,2026-09-10,XPTAX,Fixed Income - Taxable-Preferreds,35.48,983.315,,Monthly,0.63166,0.13399999999999998,25.0,7.3128,,,4.36,,1704.847,True,False,False,False,True,False,,10.01,9.61,2.74,1.8599999999999999,1.5,1.1,,,-0.63,1416560,,,103.3882,,,,19.41249,-6.61961,-2.5700000000000003,-2.93,-2.81,2026-09-10T00:00:00,2020-10-28T00:00:00,10/28/2020,1603843200,2026-09-08T00:00:00
105,RFI,-0.0352,8.31169,8.75912,0.08,9.1,7,Morningstar US CEF Real Estate,30,"Cohen &amp; Steers Capital Management, Inc.",False,10.96,-0.11,11.36,2026-09-10T00:00:00,19247R103,Cohen & Steers Total Return,2026-09-10,XRFIX,Equity-Real Estate,0.04,293.166,,Monthly,0.15782000000000002,0.08,15.0,6.5819,,,0.9400000000000001,,303.99,True,False,False,False,False,False,,9.52,8.93,2.7,0.68,11.15,8.41,,,1.78,946570,,,,,,,11.42917,-1.25426,-0.84,0.5700000000000001,-0.14,2026-09-10T00:00:00,1993-09-27T00:00:00,9/27/1993,749088000,2026-09-08T00:00:00
106,STK,-0.0753,3.30652,3.62106,0.46249999999999997,79.33,3,Morningstar US CEF Covered Call,31,"Columbia Mgmt Investment Advisers, LLC",True,51.09,-1.06,55.25,2026-09-10T00:00:00,19842X109,Columbia Seligman Premium Technology Gr,2026-09-10,XSTKX,Equity-Covered-Call Funds,,902.317,,Quarterly,-0.11919,0.46249999999999997,20.0,,,,1.12,,975.788,False,True,False,False,True,False,,38.16,32.09,21.73,20.22,49.41,46.43,,,76.17,565730,,,,,,,43.36086,-4.44661,-1.48,-0.74,-1.03,2026-09-10T00:00:00,2009-11-25T00:00:00,11/25/2009,1259107200,2026-08-17T00:00:00
107,CLM,0.033,22.92453,22.19178,0.1215,16.72,10,Morningstar US CEF US Equity,32,"Cornerstone Advisors, LLC",True,6.57,-0.18,6.36,2026-09-04T00:00:00,21924B302,Cornerstone Strategic Investment Fund,2026-09-10,XCLMX,Equity-U.S. Equity,0.0,2034.574,,Monthly,-0.00202,0.1215,38.52,,,,1.1,,1969.542,True,False,False,False,True,False,,19.73,12.29,12.1,7.86,9.63,-8.97,,,-0.37,18702930,,,,,,,7.76705,18.85369,-3.31,-1.99,-2.63,2026-09-10T00:00:00,1987-06-23T00:00:00,6/23/1987,551404800,2026-08-14T00:00:00
108,CRF,0.024300000000000002,22.87196,22.32911,0.1176,17.04,10,Morningstar US CEF US Equity,32,"Cornerstone Advisors, LLC",True,6.32,-0.17,6.17,2026-09-04T00:00:00,21924U300,Cornerstone Total Return Fund,2026-09-10,XCRFX,Equity-U.S. Equity,9.5,1067.387,,Monthly,-0.00521,0.1176,25.0,,,,1.13,,1042.054,True,False,False,False,True,False,,20.08,9.97,12.54,6.75,9.74,-8.96,,,-1.6099999999999999,12620650,,,,,,,7.4523,17.67106,-3.2,-2.0,-2.55,2026-09-10T00:00:00,1973-05-16T00:00:00,5/16/1973,106358400,2026-08-14T00:00:00
109,DXYZ,-0.0656,,,,395.66,8,Morningstar US CEF Sector Equity,34,Destiny Advisors LLC,True,32.05,5.32,34.3,2026-03-31T00:00:00,25063F107,Destiny Tech100 Inc,2026-09-10,DXYZ,Equity-Sector Equity,,1527.418,,Monthly,-0.28507,,,,,,4.53,,1634.647,False,True,False,False,True,False,,,,,,71.76,4.9,,,17.43,20081370,,,,,,,30.30716,70.7387,-0.9,0.9,-0.26,2026-09-10T00:00:00,2024-03-26T00:00:00,3/26/2024,1711411200,
110,DMA,-0.139,15.03341,17.57813,0.11249999999999999,0.62,26,Morningstar US CEF US Allocation,35,Destra Capital Advisors LLC,True,7.68,-0.01,8.92,2026-09-10T00:00:00,25065A502,Destra Multi-Alternative,2026-09-10,XDMAX,Hybrid-U.S. Allocation,11.02,68.838,,Monthly,0.19305,0.11249999999999999,,,,,3.29,,89.852,True,False,True,False,True,False,,1.4,17.43,-0.24,,-1.5,-4.93,,,2.32,247890,,,,,0.11,,8.20697,-14.65007,0.29,1.08,1.2,2026-09-10T00:00:00,2022-01-13T00:00:00,1/13/2022,1642032000,2026-08-21T00:00:00
111,DNP,0.12279999999999999,8.25397,7.35156,0.065,11.22,8,Morningstar US CEF Sector Equity,39,Duff &amp; Phelps Inv Mgmt Co (IL),True,10.61,-0.05,9.45,2026-09-10T00:00:00,23325P104,DNP Select Income,2026-09-10,XDNPX,Equity-Sector Equity,23.59,4019.096,,Monthly,0.10944,0.065,10.0,5.7021,,,2.5300000000000002,,4684.536,True,True,True,False,True,False,,16.02,11.43,8.53,8.38,10.08,13.86,,,18.4,5906110,,,,,7.32,5.85,10.41008,6.79173,1.57,0.92,1.22,2026-09-10T00:00:00,1987-01-21T00:00:00,1/21/1987,538185600,2026-08-31T00:00:00
112,DSL,-0.0793,11.5688,12.63158,0.11,3.17,13,Morningstar US CEF Global Income,37,DoubleLine Capital LP,False,10.45,-0.07,11.35,2026-09-10T00:00:00,258622109,DoubleLine Income Solutions Fund,2026-09-10,XDSLX,Fixed Income - Taxable-Global Income,23.75,1197.268,,Monthly,0.47242,0.11,25.0,7.697,,,2.98,,1705.382,True,False,False,False,False,False,,9.89,7.13,1.01,0.56,3.7800000000000002,2.24,,,-4.06,5736300,,,91.9731,,,,11.2098,-4.72729,-1.82,-1.63,-2.0,2026-09-10T00:00:00,2013-04-26T00:00:00,4/26/2013,1366934400,2026-08-19T00:00:00
113,DBL,-0.0269,9.08465,9.36835,0.11,2.92,17,Morningstar US CEF Multi-Sector,36,DoubleLine,False,14.09,-0.08,14.48,2026-09-10T00:00:00,258623107,Doubleline Opportunistic Cred,2026-09-10,XDBLX,Fixed Income - Taxable-Multi-Sector,8.03,278.586,,Monthly,0.46533,0.11,25.0,6.3626000000000005,,,2.02,,311.298,True,False,False,False,False,False,,9.09,8.81,2.64,1.8599999999999999,2.26,-1.57,,,-0.84,631120,,,83.6213,,,,14.79254,-0.98045,-0.99,0.04,-0.25,2026-09-10T00:00:00,2012-01-26T00:00:00,1/26/2012,1327536000,2026-08-19T00:00:00
114,DLY,-0.0819,9.29263,10.16255,0.1167,3.71,17,Morningstar US CEF Multi-Sector,37,DoubleLine Capital LP,True,13.78,-0.1,15.01,2026-09-10T00:00:00,25862D105,DoubleLine Yield Opportunities Fund,2026-09-10,XDLYX,Fixed Income - Taxable-Multi-Sector,16.12,668.873,,Monthly,0.62071,0.1167,20.0,7.611,,,2.89,,868.576,True,False,False,False,True,False,,8.74,8.22,2.76,2.08,2.69,1.8399999999999999,,,-1.4,2083720,,,95.0661,,,,14.37854,-6.7408,-1.08,-0.71,-0.67,2026-09-10T00:00:00,2020-02-25T00:00:00,2/25/2020,1582588800,2026-08-19T00:00:00
115,DTF,-0.0378,3.27181,3.40017,0.0325,1.9100000000000001,21,Morningstar US CEF Municipal,38,Duff &amp; Phelps,False,11.47,-0.01,11.92,2026-09-10T00:00:00,23334J107,DTF Tax-Free Income 2028 Term,2026-09-10,XDTFX,Fixed Income - Municipal-Municipal,32.16,80.629,,Monthly,0.13742000000000001,0.0325,15.0,4.9276,,,1.08,,83.792,True,True,True,False,False,False,,2.38,5.65,-2.5,-1.48,0.91,3.63,,,5.84,74180,,,103.9925,,8.11,1.63,11.43062,-5.41281,1.6800000000000002,0.81,1.32,2026-09-10T00:00:00,1991-11-29T00:00:00,11/29/1991,691372800,2026-08-17T00:00:00
116,DPG,-0.10949999999999999,5.76553,6.47482,0.075,21.33,8,Morningstar US CEF Sector Equity,39,Duff &amp; Phelps Inv Mgmt Co (IL),True,13.9,-0.14,15.61,2026-09-10T00:00:00,26433C105,Duff & Phelps Utility and Infra Fund Inc,2026-09-10,XDPGX,Equity-Sector Equity,22.14,500.36,,Monthly,0.045200000000000004,0.075,20.0,,,,3.34,,721.724,True,True,False,False,True,False,,22.17,24.56,11.42,8.97,15.97,18.01,,,20.11,716380,,,,,,,13.88917,-10.62668,-0.33,-0.65,-0.13,2026-09-10T00:00:00,2011-07-29T00:00:00,7/29/2011,1311897600,2026-08-31T00:00:00
117,KTF,-0.0082,8.42348,8.62191,0.061,7.77,21,Morningstar US CEF Municipal,41,"DWS Investment Management Americas, Inc.",False,8.49,-0.04,8.56,2026-09-10T00:00:00,233368109,DWS Municipal Income,2026-09-10,XKTFX,Fixed Income - Municipal-Municipal,37.93,332.67,,Monthly,0.19611,0.061,12.0,4.4738,,15.48,3.14,,540.413,True,False,True,False,False,False,,3.31,9.15,-1.83,-0.77,0.04,1.6,,,7.57,1344000,,,97.3387,,13.42,8.84,9.0961,-1.67961,0.92,0.03,0.24,2026-09-10T00:00:00,1988-10-20T00:00:00,10/20/1988,593308800,2026-08-19T00:00:00
118,GRF,-0.1462,6.96151,8.15348,0.85,4.95,10,Morningstar US CEF US Equity,98,Sims Capital Management LLC,False,10.425,0.1,12.21,2026-09-03T00:00:00,269451100,Eagle Capital Growth,2026-09-10,XGRFX,Equity-U.S. Equity,,41.365,,Annually,0.02503,0.85,10.0,,,,1.28,,48.447,False,False,False,False,False,False,,10.77,10.12,7.69,8.24,3.26,-6.08,,,3.31,30910,,,,,,,10.44952,-13.13027,-0.42,1.01,0.12,2026-09-10T00:00:00,1990-07-02T00:00:00,7/2/1990,646876800,2025-11-21T00:00:00
119,ECC,-0.1291,16.90141,19.40701,0.06,-23.56,19,Morningstar US CEF Senior Loans,42,Eagle Point Credit Management,False,3.71,-0.13,4.38,2026-07-31T00:00:00,269808101,Eagle Point Credit Company LLC,2026-09-10,XECCX,Fixed Income - Taxable-Senior Loans,30.75,493.47,,Monthly,0.61938,0.06,20.0,,,,9.21,,818.235,True,False,False,False,False,False,,-3.1,-9.06,-0.92,-3.43,-12.38,-18.55,,,-32.09,14084450,,,,,,,4.80061,-9.26055,-0.49,0.39,-0.23,2026-09-10T00:00:00,2014-10-08T00:00:00,10/8/2014,1412726400,2026-09-10T00:00:00
120,EIC,-0.18530000000000002,10.87315,13.34681,0.11,-4.66,14,Morningstar US CEF High Yield,43,Eagle Point Income Management LLC,False,9.89,-0.07,12.36,2026-07-31T00:00:00,269817102,Eagle Point Income Co Inc,2026-09-10,XEICX,Fixed Income - Taxable-High Yield,11.93,227.903,,Monthly,,0.11,19.89,10.1647,,,6.36,,317.633,True,False,False,False,False,False,,10.54,2.61,6.22,2.3,-1.33,-4.45,,,-18.04,1460410,,,87.475,,,,10.79602,-16.793,-0.39,0.34,-0.07,2026-09-10T00:00:00,2019-07-23T00:00:00,7/23/2019,1563840000,2026-09-10T00:00:00
121,CEV,-0.0374,5.74713,5.97015,0.049999999999999996,8.37,22,Morningstar US CEF Municipal-CA,45,Eaton Vance Management,False,10.05,-0.08,10.44,2026-09-10T00:00:00,27826F101,Eaton Vance CA Muni Inc,2026-09-10,XCEVX,Fixed Income - Municipal-Municipal - CA,33.9,70.687,0.02,Monthly,0.23213,0.049999999999999996,15.0,6.6915,,,2.48,,111.097,True,False,True,False,False,False,,3.02,8.97,-1.65,-0.37,0.78,10.54,,,19.2,257370,3.0,,97.7543,,,10.15,10.30986,-6.83803,1.51,0.54,1.09,2026-09-10T00:00:00,1999-01-29T00:00:00,1/29/1999,917568000,2026-08-13T00:00:00
122,EOI,-0.06509999999999999,7.63481,8.16684,0.1338,9.92,3,Morningstar US CEF Covered Call,45,Eaton Vance Management,True,19.66,-0.15,21.03,2026-09-10T00:00:00,278274105,Eaton Vance Enhanced Equity Income,2026-09-10,XEOIX,Equity-Covered-Call Funds,,806.094,,Monthly,-0.04159,0.1338,20.0,,,,1.1,,862.267,False,False,False,False,True,False,,17.35,15.16,10.5,9.23,6.07,3.42,,,2.0,797720,,,,,,,20.06996,-4.12801,-0.9400000000000001,0.02,-0.46,2026-09-10T00:00:00,2004-10-26T00:00:00,10/26/2004,1098748800,2026-08-14T00:00:00
123,EOS,-0.1075,7.73424,8.66572,0.1523,7.66,3,Morningstar US CEF Covered Call,44,Eaton Vance,True,21.09,-0.28,23.63,2026-09-10T00:00:00,278277108,Eaton Vance Enhanced Equity Income II,2026-09-10,XEOSX,Equity-Covered-Call Funds,,1124.435,,Monthly,-0.06004,0.1523,20.0,,,,1.09,,1259.857,False,False,False,False,True,False,,16.82,15.04,8.13,5.6,2.89,-2.38,,,-2.22,1203140,,,,,,,22.36988,-7.26663,-1.46,-1.83,-1.92,2026-09-10T00:00:00,2005-01-26T00:00:00,1/26/2005,1106697600,2026-08-14T00:00:00
124,EFT,-0.1177,7.1118500000000004,8.06055,0.071,1.3,19,Morningstar US CEF Senior Loans,45,Eaton Vance Management,False,10.57,-0.02,11.98,2026-09-10T00:00:00,278279104,Eaton Vance Floating-Rate Income,2026-09-10,XEFTX,Fixed Income - Taxable-Senior Loans,31.59,280.93,,Monthly,0.42226,0.071,20.0,6.7466,,,4.45,,465.405,True,False,False,False,False,False,,6.06,5.75,4.83,2.33,0.53,-0.97,,,-4.2,1130440,,,,,,,11.09331,-9.47844,-1.6099999999999999,-1.9100000000000001,-1.65,2026-09-10T00:00:00,2004-06-29T00:00:00,6/29/2004,1088467200,2026-08-14T00:00:00
125,EVV,-0.0974,8.45842,9.37079,0.06949999999999999,2.27,16,Morningstar US CEF Limited Duration,44,Eaton Vance,False,8.9,-0.11,9.86,2026-09-10T00:00:00,27828H105,Eaton Vance Limited Duration Income,2026-09-10,XEVVX,Fixed Income - Taxable-Limited Duration,41.15,1034.211,,Monthly,0.31291,0.06949999999999999,20.0,6.6631,,0.0,4.04,,1946.917,True,False,False,False,False,False,,7.35,9.05,3.16,2.17,0.4,-2.59,,,-3.69,3259920,,,97.9783,,,,9.63297,-6.4390600000000004,-1.78,-1.79,-1.9300000000000002,2026-09-10T00:00:00,2003-05-30T00:00:00,5/30/2003,1054252800,2026-08-13T00:00:00
126,EIM,-0.062400000000000004,6.1328,6.54077,0.0508,5.71,21,Morningstar US CEF Municipal,45,Eaton Vance Management,False,9.32,-0.08,9.94,2026-09-10T00:00:00,27827X101,Eaton Vance Municipal Bond,2026-09-10,XEIMX,Fixed Income - Municipal-Municipal,31.59,478.793,0.030000000000000002,Monthly,0.24144000000000002,0.0508,15.0,6.4756,,,2.88,,746.489,True,False,True,False,False,False,,2.5700000000000003,5.88,-1.67,-2.05,0.02,2.6,,,3.76,1532120,7.0,,101.3506,,,8.03,9.83032,-7.11587,1.11,1.13,0.91,2026-09-10T00:00:00,2002-08-30T00:00:00,8/30/2002,1030665600,2026-08-14T00:00:00
127,EVN,0.0176,6.03529,5.93064,0.0513,6.99,21,Morningstar US CEF Municipal,44,Eaton Vance,False,10.38,-0.06,10.2,2026-09-10T00:00:00,27826U108,Eaton Vance Municipal Income,2026-09-10,XEVNX,Fixed Income - Municipal-Municipal,34.88,414.399,0.045,Monthly,0.26558,0.0513,15.0,7.1799,,,2.46,,625.366,True,False,True,False,False,False,,3.7199999999999998,10.08,-1.3599999999999999,-0.41000000000000003,0.99,3.98,,,9.12,760970,7.0,,99.5019,,,7.79,10.8283,0.5445300000000001,0.6900000000000001,0.29,0.91,2026-09-10T00:00:00,1999-01-29T00:00:00,1/29/1999,917568000,2026-08-13T00:00:00
128,EOT,-0.057300000000000004,4.74031,5.02822,0.0683,6.8,21,Morningstar US CEF Municipal,45,Eaton Vance Management,False,16.3,-0.41000000000000003,17.29,2026-09-10T00:00:00,27829L105,Eaton Vance National Municipal Opprs Tr,2026-09-10,XEOTX,Fixed Income - Municipal-Municipal,12.98,254.686,0.099,Monthly,0.41933000000000004,0.0683,20.0,5.6834,,,1.25,,310.452,True,False,False,False,False,False,,4.21,6.47,-0.36,-0.97,0.9500000000000001,5.27,,,9.0,362220,20.0,,96.1856,,,9.21,17.08745,-5.5331600000000005,-0.1,-2.07,-0.71,2026-09-10T00:00:00,2009-05-27T00:00:00,5/27/2009,1243382400,2026-08-14T00:00:00
129,ETJ,-0.08810000000000001,8.60352,9.43478,0.06509999999999999,2.25,3,Morningstar US CEF Covered Call,45,Eaton Vance Management,True,8.28,-0.07,9.08,2026-09-10T00:00:00,27829G106,Eaton Vance Risk-Mgd Divers Eq Inc,2026-09-10,XETJX,Equity-Covered-Call Funds,,557.259,,Monthly,-0.01498,0.06509999999999999,20.0,,,,1.12,,611.1,False,False,False,False,True,False,,11.15,11.22,6.05,3.9,0.05,2.44,,,3.5,1346750,,,,,,,8.597760000000001,-8.80472,-0.01,-0.23,0.17,2026-09-10T00:00:00,2007-07-31T00:00:00,7/31/2007,1185840000,2026-08-14T00:00:00
130,EFR,-0.1191,6.99324,7.93864,0.06899999999999999,2.09,19,Morningstar US CEF Senior Loans,45,Eaton Vance Management,False,10.43,-0.02,11.84,2026-09-10T00:00:00,27828Q105,Eaton Vance Senior Floating Rate,2026-09-10,XEFRX,Fixed Income - Taxable-Senior Loans,31.12,307.931,,Monthly,0.42058,0.06899999999999999,20.0,6.7521,,4.83,3.26,,507.465,True,False,False,False,False,False,,6.16,5.27,5.0,3.04,1.16,-0.36,,,-2.04,1432200,,,,,,,10.84828,-10.00775,-1.33,-1.79,-1.02,2026-09-10T00:00:00,2003-11-24T00:00:00,11/24/2003,1069632000,2026-08-14T00:00:00
131,EVF,-0.1274,7.00885,8.03245,0.033,2.39,19,Morningstar US CEF Senior Loans,45,Eaton Vance Management,False,4.93,-0.01,5.65,2026-09-10T00:00:00,27826S103,Eaton Vance Senior Income,2026-09-10,XEVFX,Fixed Income - Taxable-Senior Loans,28.54,89.58,,Monthly,0.22106,0.033,10.0,6.8094,,,2.76,,143.667,True,False,False,False,False,False,,6.42,5.09,4.7,2.83,1.4,-0.41000000000000003,,,-2.83,770490,,,,,,,5.15556,-10.16929,-1.37,-2.3,-1.81,2026-09-10T00:00:00,1998-10-30T00:00:00,10/30/1998,909705600,2026-08-13T00:00:00
132,EVG,-0.0499,7.94918,8.36676,0.073,5.75,16,Morningstar US CEF Limited Duration,45,Eaton Vance Management,True,10.47,-0.06,11.02,2026-09-10T00:00:00,27828V104,Eaton Vance Short Duration Divers Inc,2026-09-10,XEVGX,Fixed Income - Taxable-Limited Duration,12.4,140.894,,Monthly,0.30311,0.073,20.0,5.7273,,,2.77,,169.295,True,False,False,False,True,False,,9.47,11.14,4.85,4.35,2.63,3.7,,,3.13,371110,,,97.5071,,,,10.86065,-3.63755,-1.1,-1.32,-0.9500000000000001,2026-09-10T00:00:00,2005-02-28T00:00:00,2/28/2005,1109548800,2026-08-14T00:00:00
133,ETG,-0.1039,5.99536,6.69082,0.1293,29.1,5,Morningstar US CEF Global Equity,45,Eaton Vance Management,False,23.19,-0.3,25.88,2026-09-10T00:00:00,27828S101,Eaton Vance Tax Adv Global Dividend Inc,2026-09-10,XETGX,Equity-Global Equity,15.78,1769.905,,Monthly,0.39383,0.1293,20.0,7.0367,,,2.2800000000000002,,2345.211,True,True,False,False,False,False,,20.94,22.15,10.79,9.9,16.39,9.84,,,24.52,1105770,,,,,3.76,,22.49356,-7.47577,-1.34,-1.9100000000000001,-1.34,2026-09-10T00:00:00,2004-01-30T00:00:00,1/30/2004,1075420800,2026-08-14T00:00:00
134,EVT,-0.0623,6.47182,6.90147,0.1646,25.63,26,Morningstar US CEF US Allocation,45,Eaton Vance Management,True,28.62,-0.12,30.52,2026-09-10T00:00:00,27828G107,Eaton Vance Tax Advantaged Dividend Inc,2026-09-10,,Hybrid-U.S. Allocation,16.42,2133.414,,Monthly,0.12479,0.1646,20.0,7.0618,,,2.27,,2722.046,True,True,True,False,True,False,,17.19,17.97,9.47,8.47,18.42,20.38,,,27.78,1007940,,,,,4.98,,25.92456,-8.46685,2.0,1.1,1.6,2026-09-10T00:00:00,2003-09-30T00:00:00,9/30/2003,1064880000,2026-08-14T00:00:00
135,ETO,-0.10310000000000001,6.07182,6.76953,0.17329999999999998,27.08,25,Morningstar US CEF Global Allocation,45,Eaton Vance Management,True,30.72,-0.38,34.25,2026-09-10T00:00:00,27828U106,Eaton Vance Tax-Advantaged Glbl Div Opp,2026-09-10,XETOX,Hybrid-Global Allocation,15.51,503.444,,Monthly,0.64905,0.17329999999999998,20.0,7.1104,,,2.26,,664.294,True,True,False,False,True,False,,19.91,20.38,9.81,7.75,15.06,9.64,,,24.39,315600,,,,,3.63,,29.4873,-9.05223,-1.03,-0.39,-0.49,2026-09-10T00:00:00,2004-04-30T00:00:00,4/30/2004,1083283200,2026-08-14T00:00:00
136,ETB,-0.0916,7.49911,8.25488,0.10579999999999999,16.8,3,Morningstar US CEF Covered Call,45,Eaton Vance Management,True,15.38,-0.14,16.93,2026-09-10T00:00:00,27828X100,Eaton Vance Tax-Managed Buy-Write Income,2026-09-10,XETBX,Equity-Covered-Call Funds,,451.783,,Monthly,0.00844,0.10579999999999999,20.0,,,,1.12,,497.314,False,True,False,False,True,False,,15.2,15.0,9.82,7.74,9.74,8.8,,,14.46,520330,,,,,,,15.24728,-7.35427,-1.9300000000000002,-1.3900000000000001,-1.5,2026-09-10T00:00:00,2005-04-27T00:00:00,4/27/2005,1114560000,2026-08-14T00:00:00
137,ETV,-0.0583,7.39665,7.85498,0.0993,17.26,3,Morningstar US CEF Covered Call,45,Eaton Vance Management,True,15.17,-0.11,16.11,2026-09-10T00:00:00,27828Y108,Eaton Vance Tax-Managed Buy-Write Opp,2026-09-10,XETVX,Equity-Covered-Call Funds,,1771.167,,Monthly,-0.00319,0.0993,20.0,,,,1.08,,1880.916,False,True,True,False,True,False,,16.4,16.15,9.1,7.66,8.71,12.99,,,19.26,1785750,,,,,,,14.52277,-7.11975,1.2,0.15,0.8200000000000001,2026-09-10T00:00:00,2005-06-27T00:00:00,6/27/2005,1119830400,2026-08-14T00:00:00
138,ETY,-0.0935,7.62588,8.41272,0.0992,10.32,3,Morningstar US CEF Covered Call,45,Eaton Vance Management,True,14.15,-0.15,15.61,2026-09-10T00:00:00,27828N102,Eaton Vance Tax-Managed Divrs Equity Inc,2026-09-10,XETYX,Equity-Covered-Call Funds,,2253.821,,Monthly,-0.02538,0.0992,20.0,,,,1.06,,2486.37,False,False,False,False,True,False,,16.94,14.88,10.79,8.45,6.09,-0.37,,,-0.99,2339570,,,,,,,14.9109,-3.99752,-1.5899999999999999,-1.4,-1.6400000000000001,2026-09-10T00:00:00,2006-11-27T00:00:00,11/27/2006,1164585600,2026-08-14T00:00:00
139,EXG,-0.0825,7.48008,8.15305,0.0657,24.05,3,Morningstar US CEF Covered Call,45,Eaton Vance Management,True,9.67,-0.12,10.54,2026-09-10T00:00:00,27829F108,Eaton Vance Tax-Mgd Glb Divrs Equity Inc,2026-09-10,XEXGX,Equity-Covered-Call Funds,,2958.401,,Monthly,0.03165,0.0657,20.0,,,,1.07,,3224.566,False,True,False,False,True,False,,16.7,18.64,9.15,7.75,13.02,10.77,,,21.67,4507020,,,,,,,9.40674,-6.87226,-1.12,-0.73,-0.53,2026-09-10T00:00:00,2007-02-23T00:00:00,2/23/2007,1172188800,2026-08-14T00:00:00
140,ETW,-0.1041,7.4052,8.26556,0.0664,20.65,3,Morningstar US CEF Covered Call,44,Eaton Vance,True,9.64,-0.11,10.76,2026-09-10T00:00:00,27829C105,Eaton Vance Tx-Mgd Glbl Buy-Write Opp,2026-09-10,XETWX,Equity-Covered-Call Funds,,1046.883,,Monthly,0.06057,0.0664,20.0,,,,1.1,,1168.512,False,True,False,False,True,False,,16.02,17.6,8.39,6.97,12.08,13.49,,,19.72,3134610,,,,,,,9.29567,-10.11426,-0.37,0.22,0.1,2026-09-10T00:00:00,2005-09-28T00:00:00,9/28/2005,1127865600,2026-08-14T00:00:00
141,EARN,0.0721,23.8806,22.27378,0.08,-17.94,19,Morningstar US CEF Senior Loans,46,Ellington Credit Co Management LLC,True,4.31,-0.27,4.18,2026-06-30T00:00:00,288578107,Ellington Credit Company,2026-09-10,EARN,Fixed Income - Taxable-Senior Loans,52.01,164.518,,Monthly,,0.08,5.5,,,,8.65,,319.722,True,False,True,False,True,False,,,-4.46,,-12.94,-10.89,-4.13,,,-5.98,3976220,,,,,,,4.90885,-2.55811,0.81,-0.22,0.24,2026-09-10T00:00:00,2025-04-01T00:00:00,4/1/2025,1743465600,2026-08-31T00:00:00
142,ECF,-0.1199,6.24113,7.09106,0.22,21.73,11,Morningstar US CEF Convertibles,60,Gabelli Funds LLC,False,12.41,-0.16,14.1,2026-09-10T00:00:00,289074106,Ellsworth Growth and Income Fund,2026-09-10,XECFX,Fixed Income - Taxable-Convertibles,13.6,169.495,,Quarterly,0.01674,0.22,10.0,2.2873,,,1.22,,222.881,True,True,False,False,False,False,,20.66,20.37,5.3,4.35,15.25,9.14,,,20.81,313310,,,,,52.2,,12.21002,-10.83079,-0.68,0.1,-0.1,2026-09-10T00:00:00,1986-06-20T00:00:00,6/20/1986,519609600,2026-06-15T00:00:00
143,EEA,-0.147,3.4279,4.05346,0.21989999999999998,16.29,5,Morningstar US CEF Global Equity,40,DWS,False,10.85,-0.11,12.72,2026-09-10T00:00:00,298768102,European Equity Fund,2026-09-10,XEEAX,Equity-Global Equity,1.26,74.346,,Semi-Annually,0.11774,0.21989999999999998,10.0,,,,1.42,,88.271,True,True,False,False,False,False,,13.15,15.18,5.87,6.77,11.15,10.49,,,15.3,286130,,,,,,,10.73209,-14.04259,-0.44,0.26,0.47000000000000003,2026-09-10T00:00:00,1986-07-23T00:00:00,7/23/1986,522460800,2026-05-26T00:00:00
144,ETX,0.0111,5.23077,5.1731,0.07819999999999999,2.62,21,Morningstar US CEF Municipal,45,Eaton Vance Management,False,18.14,0.04,17.94,2026-09-10T00:00:00,27829U105,EV Municipal Income 2028 Term Trust,2026-09-10,XETTX,Fixed Income - Municipal-Municipal,3.3,197.655,0.17300000000000001,Monthly,0.34061,0.07819999999999999,20.0,4.4343,,,0.89,,202.145,True,False,False,False,False,True,,3.73,7.32,0.86,-0.27,1.4,0.47000000000000003,,,0.61,173490,2.0,,100.4621,,,2.18,18.82206,2.48713,-1.02,-0.35000000000000003,-0.74,2026-09-10T00:00:00,2013-03-26T00:00:00,3/26/2013,1364256000,2026-08-14T00:00:00
145,FMN,-0.0971,4.56081,5.11606,0.045,6.76,21,Morningstar US CEF Municipal,47,Federated Advisers,False,10.555,-0.15,11.69,2026-09-10T00:00:00,31423P108,Federated Premier Municipal Income,2026-09-10,XFMNX,Fixed Income - Municipal-Municipal,38.55,82.526,,Monthly,0.27121,0.045,15.0,5.0469,,,3.7,,148.751,True,False,True,False,False,False,,3.94,7.15,-1.47,-2.66,-0.27,3.2800000000000002,,,9.4,265850,15.72,,103.46340000000001,,13.75,8.69,11.14235,-10.18095,0.51,-1.3,-0.07,2026-09-10T00:00:00,2002-12-20T00:00:00,12/20/2002,1040342400,2026-08-21T00:00:00
146,FFA,-0.09720000000000001,6.12164,6.7804,0.38749999999999996,21.63,3,Morningstar US CEF Covered Call,49,First Trust Advisors L.P.,True,22.86,-0.17,25.32,2026-09-10T00:00:00,337318109,First Trust Enhanced Equity Income,2026-09-10,XFFAX,Equity-Covered-Call Funds,,456.928,,Quarterly,0.04003,0.38749999999999996,20.0,,,,1.12,,506.098,False,True,False,False,True,False,,19.3,16.95,11.13,9.27,11.48,9.8,,,18.03,264370,,,,,,,22.00873,-8.95835,-0.65,0.1,0.04,2026-09-10T00:00:00,2004-08-26T00:00:00,8/26/2004,1093478400,2026-06-22T00:00:00
147,FTHY,-0.0512,10.96491,11.55624,0.125,2.09,14,Morningstar US CEF High Yield,49,First Trust Advisors L.P.,True,12.98,-0.12,13.68,2026-09-10T00:00:00,33741Q107,FIRST TRUST HY OPPORTUNITIES 2027 Term,2026-09-10,XFTHYX,Fixed Income - Taxable-High Yield,21.65,477.313,,Monthly,0.42555,0.125,20.0,6.3615,,,3.5,,642.054,True,False,False,False,True,True,,6.64,10.37,1.65,1.74,-0.02,2.34,,,1.78,1008740,,,98.9101,,,,13.81649,-4.3031,-0.8200000000000001,-2.59,-1.1400000000000001,2026-09-10T00:00:00,2020-06-25T00:00:00,6/25/2020,1593043200,2026-09-01T00:00:00
148,FPF,-0.068,8.98204,9.63785,0.13749999999999998,4.33,18,Morningstar US CEF Preferreds,49,First Trust Advisors L.P.,False,17.12,-0.19,18.37,2026-09-10T00:00:00,33718W103,First Trust Inter Dur Pref & Income Fund,2026-09-10,XFPFX,Fixed Income - Taxable-Preferreds,36.87,1041.715,,Monthly,0.64279,0.13749999999999998,25.0,7.3995,,,4.2,,1770.717,True,False,False,False,False,False,,11.18,15.27,2.13,0.85,-0.1,0.99,,,1.06,1201730,,,101.3111,,5.93,,18.40253,-5.34465,-1.28,-1.85,-1.43,2026-09-10T00:00:00,2013-05-23T00:00:00,5/23/2013,1369267200,2026-09-01T00:00:00
149,FMY,-0.0637,6.36735,6.80035,0.065,3.13,15,Morningstar US CEF Investment Grade,49,First Trust Advisors L.P.,False,11.47,-0.12,12.25,2026-09-10T00:00:00,33734E103,First Trust Mortgage Income,2026-09-10,XFMYX,Fixed Income - Taxable-Investment Grade,7.11,48.324,,Monthly,0.16028,0.065,20.0,5.027,,,1.4,,51.611,True,False,False,False,False,False,,7.49,8.6,3.71,3.26,0.8200000000000001,-0.1,,,1.33,60930,,,90.346,,,,11.90174,-6.24909,-0.11,0.36,0.3,2026-09-10T00:00:00,2005-05-25T00:00:00,5/25/2005,1116979200,2026-09-01T00:00:00
150,DFP,-0.1018,7.16402,7.97572,0.1314,5.48,18,Morningstar US CEF Preferreds,51,Flaherty &amp; Crumrine Inc,False,19.77,-0.24,22.01,2026-09-10T00:00:00,33848W106,Flah & Crum Dynamic Pref & Income Fund,2026-09-10,XDFPX,Fixed Income - Taxable-Preferreds,37.94,406.039,,Monthly,0.77839,0.1314,25.0,7.3869,,,4.3,,728.344,True,False,False,False,False,False,,11.18,12.91,2.64,0.42,1.87,3.59,,,5.46,524980,,,102.9091,,7.14,,21.009,-7.22378,-2.04,-2.11,-1.97,2026-09-10T00:00:00,2013-05-24T00:00:00,5/24/2013,1369353600,2026-08-24T00:00:00
151,FFC,-0.08689999999999999,7.37052,8.07203,0.1046,5.73,18,Morningstar US CEF Preferreds,51,Flaherty &amp; Crumrine Inc,False,15.55,-0.17,17.03,2026-09-10T00:00:00,338478100,Flah&Crum Preferred Securities,2026-09-10,XFFCX,Fixed Income - Taxable-Preferreds,37.96,749.166,,Monthly,0.624,0.1046,25.0,7.3168,,,4.1,,1322.47,True,False,False,False,False,False,,11.55,13.71,2.62,0.16,2.06,1.43,,,5.65,1058670,,,102.3775,,7.28,,16.30665,-6.87588,-1.35,-1.8,-0.81,2026-09-10T00:00:00,2003-01-31T00:00:00,1/31/2003,1043971200,2026-08-24T00:00:00
152,FLC,-0.10949999999999999,7.00821,7.8697,0.10669999999999999,5.33,18,Morningstar US CEF Preferreds,51,Flaherty &amp; Crumrine Inc,False,16.27,-0.19,18.27,2026-09-10T00:00:00,338479108,Flah&Crum Total Return Fund,2026-09-10,XFLCX,Fixed Income - Taxable-Preferreds,38.28,170.132,,Monthly,0.629,0.10669999999999999,25.0,7.4035,,,4.5600000000000005,,309.546,True,False,False,False,False,False,,11.08,12.79,2.37,-0.09,1.71,-0.79,,,3.47,221110,,,103.068,,7.57,,17.21565,-8.40776,-1.9300000000000002,-2.27,-2.16,2026-09-10T00:00:00,2003-08-29T00:00:00,8/29/2003,1062115200,2026-08-24T00:00:00
153,PFD,-0.0866,6.8921600000000005,7.5456199999999995,0.0703,5.21,18,Morningstar US CEF Preferreds,50,Flaherty &amp; Crumrine,False,11.18,-0.12,12.24,2026-09-10T00:00:00,338480106,Flaherty & Crumrine Preferred Income,2026-09-10,XPFDX,Fixed Income - Taxable-Preferreds,36.67,143.692,,Monthly,0.41405000000000003,0.0703,15.0,7.2969,,,4.31,,248.415,True,False,False,False,False,False,,10.86,12.86,2.5,0.06,1.9,0.97,,,6.76,261590,,,103.0638,,7.33,,11.64081,-7.39907,-1.13,-1.05,-0.68,2026-09-10T00:00:00,1991-01-31T00:00:00,1/31/1991,665280000,2026-08-24T00:00:00
154,PFO,-0.10220000000000001,6.81764,7.59375,0.0567,5.2,18,Morningstar US CEF Preferreds,51,Flaherty &amp; Crumrine Inc,False,8.96,-0.05,9.98,2026-09-10T00:00:00,33848E106,Flaherty & Crumrine Preferred Income Opp,2026-09-10,XPFOX,Fixed Income - Taxable-Preferreds,38.18,117.173,,Monthly,0.34372,0.0567,12.5,7.4124,,,4.62,,211.112,True,False,False,False,False,False,,11.0,13.14,2.38,0.02,1.9,0.58,,,4.68,303390,,,102.9109,,7.54,,9.36136,-8.69327,-1.06,-0.81,-0.65,2026-09-10T00:00:00,1992-02-13T00:00:00,2/13/1992,697939200,2026-08-24T00:00:00
155,FXBY,-0.32799999999999996,0.35097,0.5222600000000001,0.13,22.6,10,Morningstar US CEF US Equity,73,Midas Management Corporation,False,24.8916,0.0,37.04,2026-09-10T00:00:00,351645205,FOXBY CORP,2026-09-10,,Equity-U.S. Equity,12.55,12.986,,Annually,-0.10635,0.13,10.0,,,,2.98,,22.098,True,True,True,False,False,False,,24.72,31.79,13.92,16.52,16.2,7.06,,,35.4,2600,,,,,,,22.21384,-34.61599,0.44,2.13,1.02,2026-09-10T00:00:00,1999-10-29T00:00:00,10/29/1999,941155200,2025-12-15T00:00:00
156,FTF,-0.0924,11.69572,12.94737,0.0615,3.9,16,Morningstar US CEF Limited Duration,53,"Franklin Advisers, Inc.",True,5.7,-0.04,6.28,2026-09-10T00:00:00,35472T101,Franklin Limited Duration Income Trust,2026-09-10,XFTFX,Fixed Income - Taxable-Limited Duration,29.05,230.311,,Monthly,0.27933,0.0615,15.0,6.7342,,,3.66,,357.636,True,False,False,False,True,False,,7.06,9.78,3.56,2.69,3.04,1.9500000000000002,,,1.6099999999999999,1898120,,,98.5867,,5.86,,6.00762,-8.05772,-0.92,-0.53,-0.64,2026-09-10T00:00:00,2003-08-27T00:00:00,8/27/2003,1061942400,2026-08-24T00:00:00
157,PMM,-0.054299999999999994,6.22642,6.68919,0.033,7.69,21,Morningstar US CEF Municipal,53,"Franklin Advisers, Inc.",False,5.92,-0.11,6.26,2026-09-10T00:00:00,746823103,Franklin Managed Municipal Income,2026-09-10,XPMMX,Fixed Income - Municipal-Municipal,30.57,253.574,,Monthly,0.15044,0.033,10.0,5.017,,,1.06,,386.187,True,False,True,False,False,False,,5.4,7.83,-0.34,-1.28,0.59,2.94,,,12.07,985700,,,94.3248,,13.46,9.47,6.23133,-6.628,0.6900000000000001,-0.79,0.23,2026-09-10T00:00:00,1989-02-24T00:00:00,2/24/1989,604281600,2026-08-24T00:00:00
158,PIM,-0.0634,7.95181,8.51613,0.022,3.37,15,Morningstar US CEF Investment Grade,53,"Franklin Advisers, Inc.",False,3.1,-0.07,3.31,2026-09-10T00:00:00,746909100,Franklin Master Intermediate Income,2026-09-10,XPIMX,Fixed Income - Taxable-Investment Grade,37.14,149.371,,Monthly,0.07573,0.022,10.0,5.6026,,,1.02,,253.713,True,False,False,False,False,False,,7.18,9.17,3.33,3.18,1.65,0.91,,,3.27,894710,,,92.1741,,,,3.2629200000000003,-4.68587,-0.97,-0.45,-0.55,2026-09-10T00:00:00,1988-04-29T00:00:00,4/29/1988,578275200,2026-08-24T00:00:00
159,PMO,-0.0766,5.80465,6.3869,0.052,6.67,21,Morningstar US CEF Municipal,53,"Franklin Advisers, Inc.",False,9.77,-0.21,10.58,2026-09-10T00:00:00,746922103,Franklin Municipal Opportunities,2026-09-10,XPMOX,Fixed Income - Municipal-Municipal,35.56,267.693,,Monthly,0.22914,0.052,15.0,4.9449000000000005,21.2967,17.07,1.04,,449.851,True,False,False,True,False,False,,4.48,5.71,-0.53,-2.39,-0.37,-0.91,,,8.62,638480,,,96.3899,,13.34,9.36,10.45119,-7.55261,-0.1,-1.12,-0.18,2026-09-10T00:00:00,1993-05-28T00:00:00,5/28/1993,738547200,2026-08-24T00:00:00
160,PPT,-0.0803,8.595040000000001,9.39759,0.026,3.29,13,Morningstar US CEF Global Income,53,"Franklin Advisers, Inc.",False,3.32,-0.06,3.61,2026-09-10T00:00:00,746853100,Franklin Premier Income,2026-09-10,XPPTX,Fixed Income - Taxable-Global Income,30.41,317.284,,Monthly,0.08203,0.026,10.0,5.5877,,,0.9400000000000001,,495.748,True,False,False,False,False,False,,7.16,8.44,3.42,2.9699999999999998,1.57,3.14,,,1.83,1554890,,,92.1578,,,,3.54008,-5.61818,-1.81,-1.69,-1.8,2026-09-10T00:00:00,1988-02-29T00:00:00,2/29/1988,573091200,2026-08-24T00:00:00
161,FT,-0.1118,6.0,6.75497,0.042499999999999996,7.39,26,Morningstar US CEF US Allocation,53,"Franklin Advisers, Inc.",False,7.55,-0.09,8.5,2026-09-10T00:00:00,355145103,Franklin Universal Trust,2026-09-10,XFUTX,Hybrid-U.S. Allocation,21.93,189.746,,Monthly,0.1812,0.042499999999999996,10.0,7.2423,,,2.99,,273.621,True,False,False,False,False,False,,12.0,11.98,5.91,5.16,4.06,0.54,,,3.61,450820,,,88.5569,,4.99,,8.02624,-8.23114,-2.54,-2.58,-2.8200000000000003,2026-09-10T00:00:00,1988-09-23T00:00:00,9/23/1988,590976000,2026-08-24T00:00:00
162,FSCO,-0.2697,10.01124,13.70769,0.059399999999999994,7.86,17,Morningstar US CEF Multi-Sector,56,FS Global Advisor LLC,True,5.2,-0.07,7.11,2026-09-09T00:00:00,30290Y101,FS Credit Opportunities Corp.,2026-09-10,XFSCX,Fixed Income - Taxable-Multi-Sector,32.58,1031.451,,Monthly,0.31886000000000003,0.059399999999999994,,,,,7.0,,2094.845,True,False,False,False,True,False,,12.0,11.86,,,7.27,-9.78,,,-20.98,14661670,,,,,,,5.64716,-20.69673,-0.65,1.3900000000000001,0.9500000000000001,2026-09-10T00:00:00,2022-11-14T00:00:00,11/14/2022,1668384000,2026-08-24T00:00:00
163,FSSL,-0.35119999999999996,10.01675,15.4389,0.1495,,19,Morningstar US CEF Senior Loans,57,FS Specialty Lending Advisor LLC,True,11.62,-0.28,17.89,2026-09-09T00:00:00,644323107,FS Specialty Lending Fund,2026-09-10,FSSL,Fixed Income - Taxable-Senior Loans,27.48,882.164,,Monthly,,0.1495,14.12,,,,6.14,,1874.902,True,True,True,False,True,False,,,,,,4.6,-8.53,,,,0,,,92.6454,,,,,,,0.97,-0.07,2026-09-10T00:00:00,2025-11-13T00:00:00,11/13/2025,1762992000,2026-08-24T00:00:00
164,VCX,5.903,,,,66.4,8,Morningstar US CEF Sector Equity,58,"Fundrise Advisors, LLC",False,33.5,0.0,18.97,2026-03-31T00:00:00,360852107,Fundrise Innovation Common Share,2026-09-10,XVCX,Equity-Sector Equity,,,,,,,,6.2108,,,0.0,,,False,True,True,False,False,False,,23.59,,,,,,,,,0,,,88.8115,,,,,,,,,2026-09-10T00:00:00,2022-07-25T00:00:00,7/25/2022,1658707200,
165,GCV,0.0111,10.64302,10.52632,0.12,19.72,26,Morningstar US CEF US Allocation,59,Gabelli,True,4.5600000000000005,0.0,4.51,2026-09-10T00:00:00,36240B109,Gabelli Conv Inc Secs,2026-09-10,XGCVX,Hybrid-U.S. Allocation,6.27,91.873,,Quarterly,-0.0030600000000000002,0.12,11.25,2.2015000000000002,,,2.07,,96.94,True,True,True,False,True,False,,16.23,17.83,2.9699999999999998,4.39,14.56,15.96,,,25.24,610870,,,,,,,4.41916,-1.18157,0.81,0.42,0.52,2026-09-10T00:00:00,1995-03-31T00:00:00,3/31/1995,796608000,2026-06-15T00:00:00
166,GDV,-0.11869999999999999,5.3956800000000005,6.12245,0.15,18.05,10,Morningstar US CEF US Equity,60,Gabelli Funds LLC,True,29.4,-0.31,33.36,2026-09-10T00:00:00,36242H104,Gabelli Dividend & Income,2026-09-10,XGDVX,Equity-U.S. Equity,14.14,2592.124,,Monthly,-0.00444,0.15,20.0,,,,1.83,,3425.701,True,True,False,False,True,False,,17.11,20.26,8.35,8.77,14.02,13.18,,,19.1,1050170,,,,,0.19,,28.40891,-10.74456,-1.6800000000000002,-1.58,-1.43,2026-09-10T00:00:00,2003-11-28T00:00:00,11/28/2003,1069977600,2026-08-17T00:00:00
167,GAB,-0.031200000000000002,10.39861,10.73345,0.15,16.36,10,Morningstar US CEF US Equity,59,Gabelli,True,5.59,-0.07,5.77,2026-09-10T00:00:00,362397101,Gabelli Equity,2026-09-10,XGABX,Equity-U.S. Equity,14.96,1913.549,,Quarterly,0.00639,0.15,10.0,,,,1.6099999999999999,,2322.619,True,False,False,False,True,False,,16.29,13.61,9.17,7.37,12.53,-1.52,,,4.7,7750890,,,,,0.37,0.18,5.85465,1.157,-0.71,1.48,0.44,2026-09-10T00:00:00,1986-08-21T00:00:00,8/21/1986,524966400,2026-06-15T00:00:00
168,GGZ,-0.10769999999999999,4.69799,5.26481,0.21,15.32,5,Morningstar US CEF Global Equity,59,Gabelli,False,15.955,-0.21,17.88,2026-09-10T00:00:00,36249W104,Gabelli Global Small & Mid Cap Value Tru,2026-09-10,XGGZX,Equity-Global Equity,22.5,122.975,,Quarterly,0.0682,0.21,12.0,,,,2.31,,177.812,True,True,True,False,False,False,,14.23,18.34,4.71,5.96,13.06,12.44,,,20.26,87070,,,,,0.24,0.12,15.42726,-11.36948,0.39,0.16,-0.05,2026-09-10T00:00:00,2014-06-23T00:00:00,6/23/2014,1403481600,2026-06-15T00:00:00
169,GLU,-0.044800000000000006,6.6398399999999995,6.95103,0.11,18.06,8,Morningstar US CEF Sector Equity,60,Gabelli Funds LLC,True,18.99,-0.05,19.88,2026-09-10T00:00:00,36242L105,Gabelli Global Utility & Income,2026-09-10,XGLUX,Equity-Sector Equity,17.88,113.702,,Monthly,0.2284,0.11,20.0,,,,1.35,,144.955,True,False,False,False,True,False,,18.34,19.43,6.16,6.05,13.63,3.73,,,13.88,94070,,,,,0.14,0.22,19.2558,-0.92259,-1.04,0.13,-0.51,2026-09-10T00:00:00,2004-05-25T00:00:00,5/25/2004,1085443200,2026-08-17T00:00:00
170,GRX,-0.1072,6.23281,6.98152,0.16999999999999998,12.82,8,Morningstar US CEF Sector Equity,59,Gabelli,False,9.74,-0.15,10.91,2026-09-10T00:00:00,36246K103,Gabelli Healthcare & Wellness Trust,2026-09-10,XXGRX,Equity-Sector Equity,30.1,146.594,,Quarterly,-0.04734,0.16999999999999998,8.0,,,,3.17,,234.923,True,True,False,False,False,False,,4.82,8.36,-0.9400000000000001,0.11,10.04,7.84,,,13.72,289120,,,,,0.22,0.25,9.44175,-10.16729,-0.64,-0.02,-0.67,2026-09-10T00:00:00,2007-06-19T00:00:00,6/19/2007,1182211200,2026-06-15T00:00:00
171,GGT,0.1222,23.33333,20.79208,0.08,19.48,8,Morningstar US CEF Sector Equity,59,Gabelli,False,4.04,0.0,3.6,2026-09-10T00:00:00,36239Q109,Gabelli Multimedia,2026-09-10,XGGTX,Equity-Sector Equity,33.44,155.047,,Monthly,-0.01495,0.08,7.5,,,,2.13,,207.586,True,False,True,False,False,False,,20.99,5.95,1.92,0.34,12.27,11.82,,,18.65,2660680,,,,,0.27,0.25,4.14852,9.98931,0.92,0.66,0.75,2026-09-10T00:00:00,1994-11-15T00:00:00,11/15/1994,784857600,2026-08-17T00:00:00
172,GUT,1.202,20.20202,9.17431,0.049999999999999996,14.67,8,Morningstar US CEF Sector Equity,59,Gabelli,False,6.54,-0.03,2.9699999999999998,2026-09-10T00:00:00,36240A101,Gabelli Utility Trust,2026-09-10,XGUTX,Equity-Sector Equity,15.13,584.583,,Monthly,0.030350000000000002,0.049999999999999996,7.5,,,,1.52,,312.8,True,True,True,False,False,False,,16.83,10.01,7.82,6.17,11.1,13.75,,,20.01,1973560,,,,,0.19,0.15,6.1780100000000004,95.85899,2.31,1.65,1.63,2026-09-10T00:00:00,1999-07-09T00:00:00,7/9/1999,931478400,2026-08-17T00:00:00
173,GGN,-0.0931,5.88235,6.48649,0.034999999999999996,36.52,8,Morningstar US CEF Sector Equity,59,Gabelli,True,5.55,-0.1,6.12,2026-09-10T00:00:00,36465A109,GAMCO Global Gold Natural Resources&Inc,2026-09-10,XGGNX,Equity-Sector Equity,7.46,867.047,,Monthly,0.0325,0.034999999999999996,20.0,6.1,,,1.29,,1033.145,True,True,False,False,True,False,,26.08,23.99,19.53,17.65,17.36,14.18,,,27.56,6056310,,,,,0.58,0.52,5.20561,-6.6394400000000005,-0.85,-0.43,-0.7000000000000001,2026-09-10T00:00:00,2005-03-29T00:00:00,3/29/2005,1112054400,2026-08-17T00:00:00
174,GNT,0.0033,8.0089,7.98226,0.06,31.53,3,Morningstar US CEF Covered Call,60,Gabelli Funds LLC,False,9.02,-0.19,8.99,2026-09-10T00:00:00,36465E101,"GAMCO Natural Resources, Gold & Inc Tr",2026-09-10,XGNTX,Equity-Covered-Call Funds,16.49,145.997,,Monthly,0.01705,0.06,20.0,6.111,,,1.9500000000000002,,174.236,True,True,True,False,False,False,,22.28,31.48,15.79,19.63,15.54,31.2,,,47.02,974300,,,,,0.89,0.62,8.04416,-4.17358,0.99,-1.04,0.27,2026-09-10T00:00:00,2011-01-27T00:00:00,1/27/2011,1296086400,2026-08-17T00:00:00
175,GDL,-0.2162,4.47344,5.70742,0.12,5.88,26,Morningstar US CEF US Allocation,60,Gabelli Funds LLC,True,8.4101,0.0,10.73,2026-09-10T00:00:00,361570104,GDL Fund,2026-09-10,XGDLX,Hybrid-U.S. Allocation,10.07,92.171,,Quarterly,-0.00024,0.12,20.0,,,,3.27,,130.766,True,False,False,False,True,False,,6.46,8.24,4.93,4.49,5.48,3.77,,,4.5,97670,,,,,0.19,0.16,8.45927,-20.65605,-1.1400000000000001,-0.67,-0.8300000000000001,2026-09-10T00:00:00,2007-01-25T00:00:00,1/25/2007,1169683200,2026-06-15T00:00:00
176,GAM,-0.1106,8.63465,9.77846,6.4,22.26,10,Morningstar US CEF US Equity,61,General American Investors Co Inc,False,65.45,-0.37,73.59,2026-09-10T00:00:00,368802104,General American Investors,2026-09-10,XGAMX,Equity-U.S. Equity,9.78,1559.812,,Annually,0.00036,6.4,10.0,,,,1.07,,1943.844,True,True,False,False,False,False,,22.33,27.53,13.77,16.46,14.7,13.45,,,23.34,244670,,,,,0.03,,62.33956,-10.64586,-0.53,0.24,-0.21,2026-09-10T00:00:00,1927-02-01T00:00:00,2/1/1927,-1354320000,2025-11-17T00:00:00
177,GUG,-0.0673,8.7156,9.34426,0.11875,6.33,25,Morningstar US CEF Global Allocation,62,Guggenheim Funds Investment Advisors LLC,False,15.25,-0.25,16.35,2026-09-09T00:00:00,40170T106,Guggenheim Active Allocation Fund,2026-09-10,XGUGX,Hybrid-Global Allocation,24.64,502.946,,Monthly,0.54925,0.11875,20.0,5.74,,,3.19,,715.519,True,False,False,False,False,False,,9.58,12.57,,,3.13,4.46,,,4.6,817330,,,95.2366,,,,15.6448,-6.05155,-0.35000000000000003,-0.71,-0.93,2026-09-10T00:00:00,2021-11-23T00:00:00,11/23/2021,1637625600,2026-08-14T00:00:00
178,GOF,-0.1054,21.33984,23.82988,0.18209999999999998,9.06,17,Morningstar US CEF Multi-Sector,62,Guggenheim Funds Investment Advisors LLC,False,9.17,-0.09,10.3,2026-09-09T00:00:00,40167F101,Guggenheim Strategic Opp Fund,2026-09-10,XGOFX,Fixed Income - Taxable-Multi-Sector,21.2,2049.016,,Monthly,0.35596,0.18209999999999998,20.0,5.7615,,,1.9700000000000002,,2906.617,True,False,False,False,False,False,,13.89,-0.68,7.89,-1.02,3.7199999999999998,-17.13,,,-24.38,16737650,,,98.0989,,,,11.89885,7.61508,-2.0,-2.15,-2.91,2026-09-10T00:00:00,2007-07-26T00:00:00,7/26/2007,1185408000,2026-08-14T00:00:00
179,GBAB,-0.029500000000000002,10.74615,11.19258,0.12572999999999998,3.8200000000000003,20,Morningstar US CEF Taxable Muni,62,Guggenheim Funds Investment Advisors LLC,False,13.48,-0.06,14.0,2026-09-09T00:00:00,401664107,Guggenheim Tax Muni & Inv Grade Debt Tr,2026-09-10,XGBAX,Fixed Income - Taxable-Taxable Muni,29.39,373.389,,Monthly,0.46383,0.12572999999999998,20.0,5.7718,,,2.83,,544.894,True,False,False,False,False,False,,6.78,5.99,-0.9,-2.5700000000000003,0.63,-1.7000000000000002,,,-2.63,874110,12.76,,96.372,,5.22,,14.73142,-0.09670000000000001,-1.44,-1.28,-0.99,2026-09-10T00:00:00,2010-10-26T00:00:00,10/26/2010,1288051200,2026-08-14T00:00:00
180,HERZ,-0.15,10.69743,12.58482,0.16999999999999998,-1.08,10,Morningstar US CEF US Equity,104,Thomas J Herzfeld Advisors Inc,False,16.21,0.89,19.24,2026-07-31T00:00:00,42804T205,Herzfeld Credit Income Fund,2026-09-10,HERZ,Equity-U.S. Equity,,315.83,,Monthly,0.05541,0.16999999999999998,5.2,,,,4.33,,371.554,False,False,False,False,False,False,,9.38,15.57,4.4,6.31,-6.91,-24.32,,,-9.02,123900,,,,,,,19.43093,-12.2259,-0.62,-0.05,-0.32,2026-09-10T00:00:00,1994-05-20T00:00:00,5/20/1994,769392000,2026-08-17T00:00:00
181,PCF,-0.1341,10.97792,12.6776,0.057999999999999996,0.04,11,Morningstar US CEF Convertibles,22,Bulldog Investors LLP,False,5.49,-0.08,6.34,2026-09-04T00:00:00,42968F108,High Income Securities,2026-09-10,XPCFX,Fixed Income - Taxable-Convertibles,1.06,102.753,,Monthly,0.16873,0.057999999999999996,7.5,5.0759,,21.21,1.65,,118.662,True,False,False,False,False,False,,8.11,5.66,5.5,1.13,-1.48,-2.75,,,-4.28,766080,,,,,,,5.84682,-12.72488,-0.37,1.1400000000000001,0.63,2026-09-10T00:00:00,1987-07-09T00:00:00,7/9/1987,552787200,2026-08-18T00:00:00
182,HGLB,-0.3714,8.83117,14.04959,0.08499999999999999,2.67,25,Morningstar US CEF Global Allocation,78,"NexPoint Asset Management, L.P.",False,7.26,-0.08,11.55,2026-09-10T00:00:00,43010T104,Highland Global Allocation Fund,2026-09-10,XHGLX,Hybrid-Global Allocation,2.79,171.267,,Monthly,0.20544,0.08499999999999999,15.0,9.7875,,,1.35,,272.47,True,False,False,False,False,False,,8.85,11.18,9.12,7.99,0.25,-10.63,,,-1.71,776100,,,,,0.31,,8.55308,-30.36158,-1.63,-0.74,-1.16,2026-09-10T00:00:00,1998-01-05T00:00:00,1/5/1998,883958400,2026-08-24T00:00:00
183,HFRO,-0.3762,3.87909,6.21803,0.0385,7.06,19,Morningstar US CEF Senior Loans,78,"NexPoint Asset Management, L.P.",True,7.43,0.05,11.91,2026-09-10T00:00:00,43010E404,Highland Opportunities and Income Ord,2026-09-10,XHFOX,Fixed Income - Taxable-Senior Loans,17.48,411.535,,Monthly,0.29586,0.0385,15.0,8.0186,,,2.18,,799.431,True,True,True,False,True,False,,-0.5,4.47,1.8599999999999999,0.31,7.09,29.05,,,27.83,1380410,,,,,,,6.49353,-44.06564,1.6400000000000001,0.45,1.05,2026-09-10T00:00:00,2000-01-13T00:00:00,1/13/2000,947721600,2026-08-24T00:00:00
184,VKI,0.0252,8.04317,7.84561,0.0559,7.61,21,Morningstar US CEF Municipal,65,"Invesco Advisers, Inc",False,8.55,-0.06,8.34,2026-09-10T00:00:00,46132E103,Invesco Adv Muni Inc II,2026-09-10,XVKIX,Fixed Income - Municipal-Municipal,38.39,379.725,-0.002,Monthly,0.21381,0.0559,15.0,5.1931,,20.22,3.33,,601.224,True,False,True,False,False,False,,3.63,10.85,-1.34,-0.79,0.58,3.4,,,16.65,1211390,17.15,,96.6445,,10.05,8.68,8.97775,0.11359000000000001,0.91,-0.35000000000000003,0.52,2026-09-10T00:00:00,1993-08-27T00:00:00,8/27/1993,746409600,2026-08-17T00:00:00
185,VBF,-0.0806,5.06667,5.51105,0.0665,1.9,15,Morningstar US CEF Investment Grade,65,"Invesco Advisers, Inc",False,14.48,-0.04,15.75,2026-09-10T00:00:00,46132L107,Invesco Bond,2026-09-10,XVBFX,Fixed Income - Taxable-Investment Grade,,165.435,0.001,Monthly,0.40588,0.0665,20.0,5.6338,,15.48,0.5700000000000001,,179.945,False,False,False,False,False,False,,5.4,5.29,-0.41000000000000003,-0.97,-0.47000000000000003,-1.43,,,-0.03,521120,,,96.9961,,,,15.22044,-6.97689,-1.2,-1.03,-1.09,2026-09-10T00:00:00,1970-10-28T00:00:00,10/28/1970,25920000,2026-08-17T00:00:00
186,VCV,0.052000000000000005,8.2293,7.8224,0.06459999999999999,8.25,22,Morningstar US CEF Municipal-CA,65,"Invesco Advisers, Inc",False,9.91,-0.16,9.42,2026-09-10T00:00:00,46132H106,Invesco CA Value,2026-09-10,XVCVX,Fixed Income - Municipal-Municipal - CA,40.74,480.724,-0.039,Monthly,0.22155,0.06459999999999999,15.0,5.1828,,20.77,3.35,,771.05,True,False,True,False,False,False,,3.35,11.35,-1.23,0.03,-0.12,-1.02,,,10.59,985980,15.53,,94.3565,,11.52,8.96,10.77426,5.00484,0.1,0.0,0.38,2026-09-10T00:00:00,1993-04-30T00:00:00,4/30/1993,736128000,2026-08-17T00:00:00
187,VLT,-0.0812,10.14164,11.03803,0.0895,5.39,14,Morningstar US CEF High Yield,65,"Invesco Advisers, Inc",False,9.73,-0.07,10.59,2026-09-10T00:00:00,46131F101,Invesco High Income II,2026-09-10,XVLTX,Fixed Income - Taxable-High Yield,30.7,63.354,-0.029,Monthly,0.36908,0.0895,60.0,6.9603,,6.78,3.41,,99.504,True,False,False,False,False,False,,8.24,9.39,3.13,1.96,2.45,-5.16,,,-1.75,176450,,,99.0033,,,,10.68985,-2.78517,-2.01,-1.6099999999999999,-2.18,2026-09-10T00:00:00,1989-04-28T00:00:00,4/28/1989,609724800,2026-08-17T00:00:00
188,VMO,0.0011,8.05585,8.04721,0.0625,7.52,21,Morningstar US CEF Municipal,65,"Invesco Advisers, Inc",False,9.32,-0.09,9.31,2026-09-10T00:00:00,46132C107,Invesco Muni Opp,2026-09-10,XVMOX,Fixed Income - Municipal-Municipal,37.93,628.547,-0.012,Monthly,0.23512,0.0625,15.0,5.3225,,20.36,3.26,,1011.475,True,False,True,False,False,False,,3.56,9.72,-1.46,-1.22,0.43,6.55,,,13.38,2338800,17.21,,96.2895,,11.8,8.97,9.69533,-3.2143,1.87,1.25,1.67,2026-09-10T00:00:00,1992-04-24T00:00:00,4/24/1992,704073600,2026-08-17T00:00:00
189,VKQ,0.0011,8.05989,8.05128,0.0628,7.29,21,Morningstar US CEF Municipal,65,"Invesco Advisers, Inc",False,9.36,-0.15,9.35,2026-09-10T00:00:00,46131J103,Invesco Municipal,2026-09-10,XVKQX,Fixed Income - Municipal-Municipal,39.1,517.94,-0.006,Monthly,0.23747000000000001,0.0628,15.0,5.3716,,20.5,3.24,,849.537,True,False,True,False,False,False,,3.59,9.71,-1.3900000000000001,-1.24,0.45,5.91,,,14.76,1894430,15.92,,96.6798,,11.71,8.94,9.7255,-3.39871,1.8,1.04,1.3900000000000001,2026-09-10T00:00:00,1991-09-27T00:00:00,9/27/1991,685929600,2026-08-17T00:00:00
190,OIA,0.0051,5.95904,5.92869,0.029099999999999997,9.25,21,Morningstar US CEF Municipal,65,"Invesco Advisers, Inc",False,5.890000000000001,-0.07,5.86,2026-09-10T00:00:00,46132X101,Invesco Municipal Inc Opp I,2026-09-10,XOIAX,Fixed Income - Municipal-Municipal,31.66,282.005,0.019,Monthly,0.16802,0.029099999999999997,10.0,7.0142,,22.18,2.45,,410.554,True,False,True,False,False,False,,5.06,4.27,-0.18,-1.21,1.6400000000000001,4.9,,,12.16,1205350,30.48,,87.4958,,,,6.10154,-1.09886,1.05,1.25,1.3900000000000001,2026-09-10T00:00:00,1988-09-19T00:00:00,9/19/1988,590630400,2026-08-17T00:00:00
191,VPV,0.0834,7.94836,7.33639,0.0667,6.72,24,Morningstar US CEF Municipal-Single State,65,"Invesco Advisers, Inc",False,10.91,-0.17,10.07,2026-09-10T00:00:00,46132K109,Invesco PA Value,2026-09-10,XVPVX,Fixed Income - Municipal-Municipal - Single-State,37.8,194.985,0.126,Monthly,0.24298,0.0667,15.0,5.0179,,19.59,3.1,,289.349,True,True,True,False,False,False,,3.5,12.68,-1.24,2.07,0.24,12.91,,,21.64,319780,25.47,,96.0024,,11.26,8.28,10.76659,-0.42057000000000005,2.23,1.71,1.8900000000000001,2026-09-10T00:00:00,1993-04-30T00:00:00,4/30/1993,736128000,2026-08-17T00:00:00
192,IQI,0.0329,8.02969,7.7741299999999995,0.0631,6.95,21,Morningstar US CEF Municipal,65,"Invesco Advisers, Inc",False,9.74,-0.1,9.43,2026-09-10T00:00:00,46133G107,Invesco Quality Municipal Income Trust,2026-09-10,XIQIX,Fixed Income - Municipal-Municipal,35.63,515.088,0.026000000000000002,Monthly,0.24185,0.0631,15.0,5.5043,,18.62,2.91,,774.765,True,False,True,False,False,False,,3.66,10.95,-1.3900000000000001,0.2,0.37,6.85,,,15.86,1437040,15.49,,93.8966,,10.7,8.66,9.97601,-1.6271200000000001,2.44,1.38,1.76,2026-09-10T00:00:00,1992-09-29T00:00:00,9/29/1992,717724800,2026-08-17T00:00:00
193,VVR,-0.122,10.35714,11.79661,0.028999999999999998,1.19,19,Morningstar US CEF Senior Loans,65,"Invesco Advisers, Inc",False,2.95,-0.01,3.36,2026-09-10T00:00:00,46131H107,Invesco Senior Income,2026-09-10,XVVRX,Fixed Income - Taxable-Senior Loans,35.38,454.079,-0.044000000000000004,Monthly,0.16899,0.028999999999999998,10.0,,,3.9,4.89,,800.395,True,False,False,False,False,False,,5.54,3.34,4.88,4.21,0.86,-1.6400000000000001,,,-7.77,9939440,,,,,,,3.15877,-9.80342,-1.37,-0.79,-1.04,2026-09-10T00:00:00,1998-06-24T00:00:00,6/24/1998,898646400,2026-08-17T00:00:00
194,VGM,0.0207,8.03316,7.87005,0.06459999999999999,7.51,21,Morningstar US CEF Municipal,65,"Invesco Advisers, Inc",False,9.85,-0.1,9.65,2026-09-10T00:00:00,46131M106,Invesco Tr Inv Gr Muni,2026-09-10,XVGMX,Fixed Income - Municipal-Municipal,37.81,534.185,-0.018000000000000002,Monthly,0.24485,0.06459999999999999,15.0,5.4212,,20.77,3.11,,841.561,True,False,True,False,False,False,,3.6,11.04,-1.4100000000000001,-0.26,0.48,5.12,,,17.21,1709770,18.24,,96.729,,11.28,8.91,10.26054,-1.11402,1.5,0.6,1.12,2026-09-10T00:00:00,1992-01-24T00:00:00,1/24/1992,696211200,2026-08-17T00:00:00
195,VTN,0.006,8.26962,8.22,0.06849999999999999,7.72,23,Morningstar US CEF Municipal-NY,65,"Invesco Advisers, Inc",False,10.0,-0.26,9.94,2026-09-10T00:00:00,46131T101,Invesco Tr Inv Gr NY,2026-09-10,XVTNX,Fixed Income - Municipal-Municipal - NY,34.39,146.434,0.01,Monthly,0.25475000000000003,0.06849999999999999,15.0,5.1028,,23.49,2.69,,221.857,True,False,False,False,False,False,,2.68,10.1,-1.54,0.8,-0.22,-2.15,,,14.09,316260,25.38,,90.718,,13.06,10.43,11.2122,3.25836,-1.05,-2.58,-1.96,2026-09-10T00:00:00,1992-03-27T00:00:00,3/27/1992,701654400,2026-08-17T00:00:00
196,IIM,0.046799999999999994,8.01039,7.65261,0.0771,6.65,21,Morningstar US CEF Municipal,65,"Invesco Advisers, Inc",False,12.09,-0.1,11.55,2026-09-10T00:00:00,46132P108,Invesco Value Muni Income,2026-09-10,XIIMX,Fixed Income - Municipal-Municipal,35.76,569.26,-0.011000000000000001,Monthly,0.29788000000000003,0.0771,15.0,5.5984,,18.25,2.93,,846.556,True,False,True,False,False,False,,3.64,10.78,-1.18,0.33,0.56,8.79,,,16.52,1191570,17.03,,94.3507,,10.32,8.32,12.49625,0.8995200000000001,1.6400000000000001,0.6900000000000001,1.1400000000000001,2026-09-10T00:00:00,1993-02-26T00:00:00,2/26/1993,730684800,2026-08-17T00:00:00
197,JOF,-0.133,7.98886,9.21446,0.09559999999999999,31.63,1,Morningstar US CEF Asia Equity,79,Nomura Asset Management Co Ltd,False,12.45,-0.03,14.36,2026-09-10T00:00:00,47109U104,Japan Smaller Cap Fund,2026-09-10,XXJOFXX,Equity-Asia Equity,0.0,317.481,,Monthly,0.03946,0.09559999999999999,12.0,,,,2.09,,366.187,True,True,False,False,False,False,,23.81,27.36,11.52,12.59,25.62,21.31,,,29.77,755690,,,,,,,11.27229,-10.68996,-1.69,-1.35,-1.26,2026-09-10T00:00:00,1990-03-21T00:00:00,3/21/1990,637977600,2026-08-14T00:00:00
198,BTO,-0.048499999999999995,6.15093,6.58728,0.65,22.04,8,Morningstar US CEF Sector Equity,67,John Hancock Investment Management LLC,True,39.47,-0.49,41.93,2026-09-09T00:00:00,409735206,JHancock Financial Opportunities,2026-09-10,XBTOX,Equity-Sector Equity,13.65,782.811,0.0,Quarterly,0.27503,0.65,20.0,4.7005,,,2.42,,952.675,True,True,False,False,True,False,,26.24,22.91,10.31,5.48,19.84,16.38,,,12.24,459660,,,,,38.99,,36.82817,-2.43247,-1.08,-0.5,-0.86,2026-09-10T00:00:00,1994-08-18T00:00:00,8/18/1994,777168000,2026-06-11T00:00:00
199,JHS,-0.0981,5.14669,5.70632,0.1535,1.48,15,Morningstar US CEF Investment Grade,67,John Hancock Investment Management LLC,False,10.76,-0.13,11.89,2026-09-09T00:00:00,410123103,JHancock Income Secs,2026-09-10,XJHSX,Fixed Income - Taxable-Investment Grade,39.65,125.317,0.0,Quarterly,0.29069,0.1535,15.3,5.4543,,,4.41,,230.244,True,False,False,False,False,False,,5.33,5.35,-1.38,-2.55,-0.9,-4.61,,,-0.79,147830,,,98.3831,,7.08,4.44,11.33111,-7.66488,-1.35,-2.29,-2.03,2026-09-10T00:00:00,1973-02-14T00:00:00,2/14/1973,98496000,2026-06-11T00:00:00
200,JHI,-0.10619999999999999,8.1931,9.16667,0.297,5.2,15,Morningstar US CEF Investment Grade,66,John Hancock,False,12.96,-0.17,14.46,2026-09-09T00:00:00,410142103,JHancock Investors,2026-09-10,XJHIX,Fixed Income - Taxable-Investment Grade,40.67,113.329,0.0,Quarterly,0.58459,0.297,21.06,6.8494,,,4.59,,213.696,True,False,False,False,False,False,,8.84,10.08,2.14,1.0,3.09,1.87,,,3.06,208350,6.53,,98.1223,,6.17,,13.53191,-7.5102,-2.22,-3.3,-2.44,2026-09-10T00:00:00,1971-01-29T00:00:00,1/29/1971,33955200,2026-06-11T00:00:00
201,HPI,0.0207,9.91304,9.71166,0.1235,2.27,18,Morningstar US CEF Preferreds,67,John Hancock Investment Management LLC,False,15.26,-0.39,14.86,2026-09-09T00:00:00,41013W108,JHancock Preferred Income,2026-09-10,XHPIX,Fixed Income - Taxable-Preferreds,39.09,408.848,0.0,Monthly,0.56391,0.1235,25.0,6.4987,,,4.48,,657.643,True,False,False,False,False,False,,9.71,11.13,2.67,2.59,0.1,3.46,,,8.4,529990,,,101.5739,,91.45,,16.3599,3.851,-0.8300000000000001,-3.96,-1.09,2026-09-10T00:00:00,2002-08-27T00:00:00,8/27/2002,1030406400,2026-09-11T00:00:00
202,HPF,0.0094,10.0,9.90642,0.1235,2.42,18,Morningstar US CEF Preferreds,67,John Hancock Investment Management LLC,False,14.96,-0.21,14.74,2026-09-09T00:00:00,41013X106,JHancock Preferred Income II,2026-09-10,XHPFX,Fixed Income - Taxable-Preferreds,39.18,323.896,0.0,Monthly,0.5652,0.1235,25.0,6.5714,,,4.51,,527.565,True,False,False,False,False,False,,9.82,10.76,2.85,1.56,0.32,3.25,,,5.89,356440,,,101.5517,,90.07,,16.07703,2.94325,-1.29,-3.49,-1.5899999999999999,2026-09-10T00:00:00,2002-11-29T00:00:00,11/29/2002,1038528000,2026-09-11T00:00:00
203,HPS,-0.0082,9.88024,9.96226,0.11,2.48,18,Morningstar US CEF Preferreds,67,John Hancock Investment Management LLC,False,13.25,-0.27,13.29,2026-09-09T00:00:00,41021P103,JHancock Preferred Income III,2026-09-10,XHPSX,Fixed Income - Taxable-Preferreds,38.96,426.237,0.0,Monthly,0.50751,0.11,25.0,6.5064,,,4.47,,704.076,True,False,False,False,False,False,,9.82,9.0,2.94,2.24,0.46,2.58,,,3.1,592650,,,101.6004,,86.67,,14.6183,3.91973,-2.88,-3.88,-4.2,2026-09-10T00:00:00,2003-06-18T00:00:00,6/18/2003,1055894400,2026-09-11T00:00:00
204,PDT,-0.1315,7.49364,8.62866,0.08829999999999999,7.76,18,Morningstar US CEF Preferreds,66,John Hancock,True,12.28,-0.22,14.0,2026-09-09T00:00:00,41013T105,JHancock Premium Dividend Fund,2026-09-10,XPDTX,Fixed Income - Taxable-Preferreds,34.95,603.995,0.0,Monthly,0.34231,0.08829999999999999,12.0,5.8871,,,4.32,,1069.179,True,False,False,False,True,False,,15.46,16.64,7.01,2.54,5.87,4.55,,,1.62,1203000,,,,,76.11,,12.98117,-9.55619,-2.0,-3.33,-3.2,2026-09-10T00:00:00,1989-12-21T00:00:00,12/21/1989,630201600,2026-09-11T00:00:00
205,HTD,-0.0518,7.21736,7.6114,0.158,7.91,26,Morningstar US CEF US Allocation,67,John Hancock Investment Management LLC,True,24.91,-0.35000000000000003,26.01,2026-09-09T00:00:00,41013V100,JHancock Tax-Advantaged Dividend Inc,2026-09-10,XHTDX,Hybrid-U.S. Allocation,31.49,882.607,0.0,Monthly,0.63149,0.158,20.0,5.9626,,,3.58,,1358.694,True,False,True,False,True,False,,16.36,18.4,8.19,8.52,7.27,12.01,,,10.63,639730,,,,,68.76,,24.9509,-5.84919,0.39,-1.9100000000000001,0.02,2026-09-10T00:00:00,2004-02-27T00:00:00,2/27/2004,1077840000,2026-09-11T00:00:00
206,HEQ,-0.0748,7.71605,8.59845,0.25,15.29,5,Morningstar US CEF Global Equity,67,John Hancock Investment Management LLC,True,11.63,-0.2,12.89,2026-09-09T00:00:00,47804L102,John Hancock Diversified Income Fund,2026-09-10,XHEQX,Equity-Global Equity,10.45,138.729,,Quarterly,0.35522,0.25,20.0,6.6246,,,1.31,,167.442,True,True,True,False,True,False,,12.95,13.74,8.42,7.33,10.68,14.25,,,19.33,367980,,,97.9782,,,,11.16779,-10.35717,2.03,2.61,1.72,2026-09-10T00:00:00,2011-05-26T00:00:00,5/26/2011,1306368000,2026-06-11T00:00:00
207,KYN,-0.11710000000000001,6.41711,7.26783,0.09,31.32,6,Morningstar US CEF MLP,69,"KA Fund Advisors, LLC",False,14.86,-0.11,16.83,2026-09-10T00:00:00,486606106,Kayne Anderson Energy Infrastructure,2026-09-10,XKYNX,Equity-MLP,25.01,2513.213,,Monthly,0.31841,0.09,25.0,7.259,,,3.3,,3795.874,True,True,True,False,False,False,,27.56,30.3,22.88,24.05,30.73,27.01,,,28.86,3890750,,,,,15.1,,13.31161,-12.22048,0.33,0.81,1.23,2026-09-10T00:00:00,2004-09-28T00:00:00,9/28/2004,1096329600,2026-08-14T00:00:00
208,KIO,-0.08289999999999999,12.21106,13.31507,0.1215,4.89,14,Morningstar US CEF High Yield,70,Kohlberg Kravis Roberts &amp; Co.,False,10.95,-0.02,11.94,2026-09-10T00:00:00,48249T106,KKR Income Opportunities Fund,2026-09-10,XKIOX,Fixed Income - Taxable-High Yield,32.78,448.788,,Monthly,0.63625,0.1215,20.0,7.7655,,,4.09,,728.0,True,False,False,False,False,False,,8.55,8.17,4.74,3.35,3.76,4.01,,,0.49,2454050,0.09000000000000001,,100.3092,,58.49,,11.4733,-6.36505,-1.19,-1.53,-1.16,2026-09-10T00:00:00,2013-07-26T00:00:00,7/26/2013,1374796800,2026-09-11T00:00:00
209,KF,-0.16519999999999999,1.75546,2.10276,1.381724,154.98,1,Morningstar US CEF Asia Equity,68,JPMorgan Asset Management (Asia Pacific) Limited,False,65.71,-2.58,78.71,2026-09-10T00:00:00,500634209,Korea Fund,2026-09-10,XKFDX,Equity-Asia Equity,5.74,273.245,,Annually,0.0077,1.381724,40.0,,,,1.21,,327.304,True,True,False,False,False,False,,45.82,46.16,17.56,18.23,82.09,77.4,,,144.86,194090,,,,,,,50.3925,-13.42908,-1.77,-1.07,-1.26,2026-09-10T00:00:00,1984-08-29T00:00:00,8/29/1984,462585600,2025-12-23T00:00:00
210,LGI,-0.035,10.22099,10.59148,0.15339999999999998,14.3,5,Morningstar US CEF Global Equity,71,Lazard Asset Management LLC,False,17.38,-0.52,18.01,2026-09-10T00:00:00,52106W103,Lazard Global Total Return and Income,2026-09-10,XLGIX,Equity-Global Equity,9.17,226.409,,Monthly,0.028050000000000002,0.15339999999999998,20.0,7.7462,,,2.0,,258.291,True,False,False,False,False,False,,12.72,18.36,5.87,6.5600000000000005,8.81,13.42,,,14.96,435590,,,,,3.13,,17.8389,-1.82361,-0.54,-2.01,-1.6,2026-09-10T00:00:00,2004-04-28T00:00:00,4/28/2004,1083110400,2026-09-10T00:00:00
211,USA,-0.1216,10.21021,11.62393,0.16999999999999998,7.71,10,Morningstar US CEF US Equity,9,ALPS Advisors Inc,True,5.85,-0.05,6.66,2026-09-10T00:00:00,530158104,Liberty All-Star Equity,2026-09-10,XUSAX,Equity-U.S. Equity,5.1,1764.077,,Quarterly,0.02437,0.16999999999999998,10.0,,,,0.91,,2116.184,True,False,False,False,True,False,,13.03,9.47,6.41,3.45,7.65,3.68,,,1.4100000000000001,12682660,,,,,,,6.00356,-10.04568,-1.46,-0.44,-0.96,2026-09-10T00:00:00,1986-10-31T00:00:00,10/31/1986,531100800,2026-07-16T00:00:00
212,ASG,-0.1304,8.34783,9.6,0.12,6.32,10,Morningstar US CEF US Equity,9,ALPS Advisors Inc,True,5.0,-0.09,5.75,2026-09-10T00:00:00,529900102,Liberty All-Star Growth,2026-09-10,XASGX,Equity-U.S. Equity,1.6600000000000001,314.314,,Quarterly,-0.01882,0.12,10.0,,,,1.12,,367.567,True,False,False,False,True,False,,10.43,8.32,0.44,-1.3,7.2,4.86,,,2.43,2557950,,,,,,,5.28004,-10.54655,-1.87,-1.4100000000000001,-1.5,2026-09-10T00:00:00,1986-03-14T00:00:00,3/14/1986,511142400,2026-07-16T00:00:00
213,SCD,-0.1148,8.35267,9.43644,0.12,16.77,25,Morningstar US CEF Global Allocation,54,"Franklin Templeton Fund Adviser, LLC",True,15.26,-0.15,17.24,2026-09-10T00:00:00,50208A102,LMP Capital and Income,2026-09-10,XSCDX,Hybrid-Global Allocation,21.0,349.551,,Monthly,0.06042,0.12,20.0,,,,2.39,,499.905,True,False,False,False,True,False,,16.3,16.62,11.07,11.2,13.68,12.11,,,10.21,776570,13.6,,,,4.25,,15.30686,-9.41139,-1.22,-0.68,-0.93,2026-09-10T00:00:00,2004-02-24T00:00:00,2/24/2004,1077580800,2026-08-24T00:00:00
214,MXE,-0.1862,1.40445,1.7541600000000002,0.2337,24.61,4,Morningstar US CEF Emerging Market Equity,89,Pichardo Asset Management SA De CV,False,13.3226,-0.24,16.64,2026-09-09T00:00:00,592834105,Mexico Equity & Income,2026-09-10,XMXEX,Equity-Emerging Market Equity,,58.622,,Annually,0.07512,0.2337,12.0,7.969,,0.02,2.13,,72.031,False,True,False,False,False,False,,7.71,12.81,7.8100000000000005,2.89,11.7,8.72,,,23.23,59160,,,,,,,12.86221,-17.90384,-0.66,-0.01,-0.5,2026-09-10T00:00:00,1990-08-15T00:00:00,8/15/1990,650678400,2025-12-16T00:00:00
215,MXF,-0.1099,5.73978,6.44826,0.3474,24.71,4,Morningstar US CEF Emerging Market Equity,64,"Impulsora Del Fondo Mexico, SC",True,21.55,-0.21,24.21,2026-09-10T00:00:00,592835102,Mexico Fund,2026-09-10,XXMXFXX,Equity-Emerging Market Equity,,310.752,,Quarterly,0.27312000000000003,0.3474,12.0,5.75,,,1.36,,349.11,False,True,True,False,True,False,,9.49,13.93,10.61,12.07,11.34,13.26,,,27.07,466830,,,,,,,20.8958,-13.2153,2.2800000000000002,2.15,1.67,2026-09-10T00:00:00,1981-06-03T00:00:00,6/3/1981,360374400,2026-07-22T00:00:00
216,CAF,-0.1696,1.17967,1.43024,0.262949,27.83,1,Morningstar US CEF Asia Equity,74,Morgan Stanley,False,18.385,-0.23,22.29,2026-09-09T00:00:00,617468103,Morgan Stanley China A Share,2026-09-10,XCAFX,Equity-Asia Equity,,245.512,,Annually,-0.01046,0.262949,20.0,,,,1.52,,295.656,False,True,False,False,False,False,,15.48,16.17,2.22,0.65,16.72,9.33,,,24.74,376010,,,,,,,18.11306,-14.01732,-1.3900000000000001,-0.8200000000000001,-1.1,2026-09-10T00:00:00,2006-09-28T00:00:00,9/28/2006,1159401600,2025-12-19T00:00:00
217,MSD,-0.0947,7.54717,8.3682,0.15,11.12,12,Morningstar US CEF Emerging Market Income,75,"Morgan Stanley Investment Management, Inc.",False,7.17,-0.1,7.95,2026-09-09T00:00:00,61744H105,Morgan Stanley Emerging Markets Debt,2026-09-10,XMSDX,Fixed Income - Taxable-Emerging Market Income,0.03,145.058,,Quarterly,0.30967,0.15,15.0,6.5116,,6.76,1.36,,160.232,True,False,False,False,False,False,,12.68,14.6,3.33,4.21,4.65,2.68,,,5.35,929490,,,,,,,7.39746,-6.96126,-1.37,-1.34,-1.06,2026-09-10T00:00:00,1993-07-23T00:00:00,7/23/1993,743385600,2026-06-30T00:00:00
218,EDD,-0.011699999999999999,15.97338,16.21622,0.24,18.54,12,Morningstar US CEF Emerging Market Income,75,"Morgan Stanley Investment Management, Inc.",False,5.92,-0.08,6.01,2026-09-09T00:00:00,617477104,Morgan Stanley Emrgng Mkts Domestic Debt,2026-09-10,XEDDX,Fixed Income - Taxable-Emerging Market Income,14.44,381.58,,Quarterly,0.28033,0.24,20.0,6.6059,,7.47,2.18,,451.241,True,True,True,False,False,False,,13.35,19.8,5.52,8.51,7.92,15.82,,,23.71,3639370,,,,,,,5.6276600000000006,-4.9215800000000005,1.31,0.28,1.02,2026-09-10T00:00:00,2007-04-24T00:00:00,4/24/2007,1177372800,2026-06-30T00:00:00
219,IIF,-0.11699999999999999,7.7971900000000005,8.88614,1.985164,-5.13,1,Morningstar US CEF Asia Equity,75,"Morgan Stanley Investment Management, Inc.",False,22.34,-0.47000000000000003,25.46,2026-09-09T00:00:00,61745C105,Morgan Stanley India Investment,2026-09-10,XIIFX,Equity-Asia Equity,,209.698,,Annually,-0.1168,1.985164,15.0,,,,1.35,,237.483,False,False,False,False,False,False,,7.66,12.46,5.14,7.46,-5.98,-6.93,,,-4.54,317620,,,,,,,23.9542,-11.07731,-0.8,-0.9,-0.5700000000000001,2026-09-10T00:00:00,1994-02-25T00:00:00,2/25/1994,762134400,2025-12-19T00:00:00
220,NML,-0.09359999999999999,7.02556,7.75078,0.07008,33.27,6,Morningstar US CEF MLP,76,Neuberger Berman,False,10.85,0.08,11.97,2026-09-10T00:00:00,64129H104,NB Energy Infra and Income Fund Inc,2026-09-10,XNMLX,Equity-MLP,24.38,614.749,,Monthly,-0.18702,0.07008,20.0,,,,1.07,,896.871,True,True,True,False,False,False,,22.27,25.23,22.52,26.94,31.8,33.32,,,33.45,1632140,,,,,,,9.52177,-10.48077,1.12,0.43,0.97,2026-09-10T00:00:00,2013-03-26T00:00:00,3/26/2013,1364256000,2026-08-17T00:00:00
221,NBXG,-0.1288,8.20981,9.42408,0.12,14.76,10,Morningstar US CEF US Equity,76,Neuberger Berman,False,15.28,-0.27,17.54,2026-09-10T00:00:00,64133Q108,Neuberger Brmn Nxt Gnrtn Cnnctvty,2026-09-10,XNBGX,Equity-U.S. Equity,,1203.476,,Monthly,-0.05846,0.12,20.0,,,,1.35,,1381.477,False,True,True,False,False,False,,19.45,23.56,5.0,4.52,10.56,11.98,,,12.6,2046380,,,,,,,14.789,-12.9791,0.07,0.32,0.63,2026-09-10T00:00:00,2021-05-25T00:00:00,5/25/2021,1621900800,2026-08-17T00:00:00
222,NHS,-0.0926,16.75926,18.46939,0.0905,2.95,14,Morningstar US CEF High Yield,76,Neuberger Berman,False,5.88,-0.03,6.48,2026-09-10T00:00:00,64128C106,Neuberger High Yield Strategies,2026-09-10,XNHSX,Fixed Income - Taxable-High Yield,33.11,246.112,,Monthly,0.18333,0.0905,15.0,7.1575,,,3.39,,405.506,True,False,False,False,False,False,,8.54,5.99,1.6600000000000001,-0.23,0.86,-10.44,,,-7.11,2052910,,,99.371,,5.04,3.38,6.85126,-3.06735,-1.38,-1.4100000000000001,-1.26,2026-09-10T00:00:00,2003-07-28T00:00:00,7/28/2003,1059350400,2026-08-17T00:00:00
223,NBH,-0.07429999999999999,6.19086,6.68765,0.054169999999999996,6.69,21,Morningstar US CEF Municipal,76,Neuberger Berman,False,9.72,-0.14,10.5,2026-09-10T00:00:00,64124P101,Neuberger Municipal Fund,2026-09-10,XNBHX,Fixed Income - Municipal-Municipal,42.29,287.888,,Monthly,0.13171,0.054169999999999996,15.0,4.9704,,,3.87,,538.89,True,False,True,False,False,False,,2.7199999999999998,6.6,-1.96,-4.64,0.02,3.93,,,8.72,924870,15.43,,98.9472,,13.96,8.22,10.30123,-8.59264,1.01,-0.02,0.63,2026-09-10T00:00:00,2002-09-27T00:00:00,9/27/2002,1033084800,2026-07-31T00:00:00
224,NRO,-0.1003,12.1165,13.46763,0.0312,4.77,7,Morningstar US CEF Real Estate,76,Neuberger Berman,False,2.7800000000000002,-0.07,3.09,2026-09-10T00:00:00,64190A103,Neuberger Real Estate Securities Income,2026-09-10,XNROX,Equity-Real Estate,26.34,176.146,,Monthly,0.06094,0.0312,15.0,,,,3.12,,265.788,True,False,False,False,False,False,,9.78,10.9,0.43,-0.81,7.22,2.94,,,-0.38,2412140,,,,,,,3.02861,-7.22382,-1.42,-1.25,-1.58,2026-09-10T00:00:00,2003-10-31T00:00:00,10/31/2003,1067558400,2026-08-17T00:00:00
225,GF,-0.0866,2.41948,2.70413,0.154,2.43,9,Morningstar US CEF Single Country Equity,40,DWS,False,11.39,0.1,12.73,2026-09-09T00:00:00,644465106,New Germany,2026-09-10,XGFNX,Equity-Single-Country Equity,8.34,185.745,,Semi-Annually,0.10538,0.154,20.0,,,,1.31,,221.861,True,False,True,False,False,False,,7.96,11.35,-4.65,-3.6,2.91,3.17,,,2.12,250400,,,,,,,11.4559,-9.8931,1.05,0.5,0.65,2026-09-10T00:00:00,1990-01-30T00:00:00,1/30/1990,633657600,2026-05-26T00:00:00
226,NVG,0.0,7.95302,8.18653,0.079,7.12,21,Morningstar US CEF Municipal,81,"Nuveen Fund Advisors, LLC.",False,11.58,-0.34,11.8,2026-09-09T00:00:00,67071L106,Nuveen AMT-Free Muni Credit Inc,2026-09-10,XNVGX,Fixed Income - Municipal-Municipal,43.63,2510.426,-0.02,Monthly,0.29602,0.079,15.0,4.8262,,18.73,3.64,,4453.831,True,False,True,False,False,False,,3.81,10.39,-1.75,-1.82,-0.64,0.89,,,10.45,5505560,23.2,3.01,91.9675,,15.21,9.41,12.58364,-0.6541,0.36,-0.85,-0.02,2026-09-10T00:00:00,2002-03-25T00:00:00,3/25/2002,1017014400,2026-08-14T00:00:00
227,NUW,-0.06309999999999999,3.9835700000000003,4.30792,0.048499999999999995,4.95,21,Morningstar US CEF Municipal,81,"Nuveen Fund Advisors, LLC.",False,13.51,-0.25,14.55,2026-09-09T00:00:00,670695105,Nuveen AMT-Free Municipal Value Fund,2026-09-10,XNUWX,Fixed Income - Municipal-Municipal,7.48,242.523,-0.073,Monthly,0.30096,0.048499999999999995,15.0,5.412,,19.3,0.75,,279.783,True,False,False,False,False,False,,3.2,4.96,0.0,-0.31,0.23,0.31,,,6.13,386480,9.3,0.09000000000000001,97.0156,,9.22,8.55,14.22566,-5.11435,-1.3599999999999999,-1.77,-1.1400000000000001,2026-09-10T00:00:00,2009-02-25T00:00:00,2/25/2009,1235520000,2026-08-14T00:00:00
228,NEA,0.0131,7.45887,7.55556,0.06799999999999999,6.14,21,Morningstar US CEF Municipal,81,"Nuveen Fund Advisors, LLC.",False,10.8,-0.23,10.84,2026-09-09T00:00:00,670657105,Nuveen AMT-Free Quality Muni Inc,2026-09-10,XNEAX,Fixed Income - Municipal-Municipal,42.45,3279.867,0.018000000000000002,Monthly,0.25491,0.06799999999999999,15.0,5.0705,,18.96,3.5300000000000002,,5625.505,True,False,True,False,False,False,,2.92,9.75,-1.9300000000000002,-0.97,-0.56,1.4100000000000001,,,9.78,8489210,21.6,4.02,95.7853,,11.78,8.06,11.48981,-0.58496,1.3900000000000001,1.45,1.32,2026-09-10T00:00:00,2002-11-21T00:00:00,11/21/2002,1037836800,2026-08-14T00:00:00
229,NAZ,0.1036,6.72694,6.23638,0.062,7.47,24,Morningstar US CEF Municipal-Single State,81,"Nuveen Fund Advisors, LLC.",False,11.93,-0.24,10.98,2026-09-09T00:00:00,67061W104,Nuveen AZ Quality Muni Inc,2026-09-10,XNAZX,Fixed Income - Municipal-Municipal - Single-State,40.35,155.498,0.031,Monthly,0.20512,0.062,15.0,4.7745,,17.42,3.55,,236.2,True,False,True,False,False,False,,3.31,12.91,-1.22,0.13,0.13,8.16,,,10.79,221220,21.2,0.81,98.4756,,13.1,8.34,12.23826,5.46357,1.32,1.51,0.76,2026-09-10T00:00:00,1992-11-19T00:00:00,11/19/1992,722131200,2026-08-14T00:00:00
230,NKX,0.0364,7.50652,7.4036,0.072,8.21,22,Morningstar US CEF Municipal-CA,81,"Nuveen Fund Advisors, LLC.",False,11.67,-0.16,11.42,2026-09-09T00:00:00,670651108,Nuveen CA AMT - Free Quality Muni Inc,2026-09-10,XNCMX,Fixed Income - Municipal-Municipal - CA,40.7,650.225,-0.014,Monthly,0.25181,0.072,15.0,4.782,,18.3,3.77,,1057.965,True,False,False,False,False,False,,3.42,10.09,-1.81,-0.49,0.58,1.77,,,9.81,1353820,22.9,0.6000000000000001,96.8209,,13.74,8.29,12.52352,4.04401,-0.27,-0.24,0.04,2026-09-10T00:00:00,2002-11-22T00:00:00,11/22/2002,1037923200,2026-08-14T00:00:00
231,NCA,-0.0034000000000000002,4.00891,4.07701,0.03,6.04,22,Morningstar US CEF Municipal-CA,81,"Nuveen Fund Advisors, LLC.",False,8.83,-0.08,8.94,2026-09-09T00:00:00,67062C107,Nuveen CA Municipal Value,2026-09-10,XNCAX,Fixed Income - Municipal-Municipal - CA,0.0,294.517,-0.012,Monthly,0.17651,0.03,10.0,4.7261,,18.79,0.54,,295.518,True,False,False,False,False,False,,3.5,4.98,-0.08,0.52,0.84,3.77,,,10.44,686600,23.2,1.35,97.5019,,,8.27,9.17463,-0.00512,-0.14,-0.62,-0.89,2026-09-10T00:00:00,1987-10-07T00:00:00,10/7/1987,560563200,2026-08-14T00:00:00
232,NAC,0.006500000000000001,7.54069,7.67249,0.06949999999999999,8.74,22,Morningstar US CEF Municipal-CA,81,"Nuveen Fund Advisors, LLC.",False,10.870000000000001,-0.51,10.97,2026-09-09T00:00:00,67066Y105,Nuveen CA Quality Muni Income,2026-09-10,XNACX,Fixed Income - Municipal-Municipal - CA,40.17,1813.098,-0.005,Monthly,0.24164,0.06949999999999999,15.0,4.7834,,19.2,3.79,,3010.812,True,False,False,False,False,False,,3.37,11.33,-1.9300000000000002,-0.38,0.41000000000000003,3.67,,,11.8,5181570,23.1,1.08,97.0662,,13.55,8.55,11.81778,1.86063,-0.75,-3.79,-2.04,2026-09-10T00:00:00,1999-05-26T00:00:00,5/26/1999,927676800,2026-08-14T00:00:00
233,JCE,-0.0661,8.01321,8.66151,0.364,21.58,10,Morningstar US CEF US Equity,81,"Nuveen Fund Advisors, LLC.",True,16.81,-0.39,18.1,2026-09-09T00:00:00,67090X107,Nuveen Core Equity Alpha,2026-09-10,XJCEX,Equity-U.S. Equity,1.35,285.815,0.0,Quarterly,0.0054600000000000004,0.364,20.0,,,,0.9900000000000001,,306.048,True,True,False,False,True,False,,20.8,19.78,12.51,11.7,12.3,12.01,,,18.2,392880,,,,,,,15.99708,-6.46448,-0.17,0.14,0.41000000000000003,2026-09-10T00:00:00,2007-03-27T00:00:00,3/27/2007,1174953600,2026-06-15T00:00:00
234,NPCT,-0.06269999999999999,10.26769,11.04938,0.0895,2.68,15,Morningstar US CEF Investment Grade,81,"Nuveen Fund Advisors, LLC.",True,9.72,0.0,10.44,2026-09-09T00:00:00,67080D103,Nuveen Core Plus Impact Fund,2026-09-10,XNPCX,Fixed Income - Taxable-Investment Grade,37.81,279.499,,Monthly,0.18066000000000002,0.0895,20.0,4.3404,,29.1,4.43,,479.509,True,False,True,False,True,False,,7.92,11.93,-3.26,-3.13,0.45,2.49,,,-0.52,1238020,19.7,0.0,88.6715,,7.48,5.44,10.27177,-6.80758,0.35000000000000003,2.05,0.3,2026-09-10T00:00:00,2021-04-27T00:00:00,4/27/2021,1619481600,2026-08-14T00:00:00
235,JQC,-0.1142,11.1028,12.55814,0.049499999999999995,5.84,19,Morningstar US CEF Senior Loans,81,"Nuveen Fund Advisors, LLC.",True,4.73,-0.05,5.35,2026-09-09T00:00:00,67073D102,Nuveen Credit Strategies Income Fund,2026-09-10,XJQCX,Fixed Income - Taxable-Senior Loans,38.47,699.173,-0.082,Monthly,0.23976,0.049499999999999995,15.0,,,5.0,5.09,,1282.941,True,False,False,False,True,False,,8.48,10.38,4.93,4.93,3.49,3.24,,,-1.9300000000000002,7731710,84.5,0.0,,,,,4.94345,-9.64963,-1.02,-1.9,-0.88,2026-09-10T00:00:00,2003-06-25T00:00:00,6/25/2003,1056499200,2026-08-14T00:00:00
236,NDMO,-0.0338,7.06237,7.44433,0.058499999999999996,5.39,21,Morningstar US CEF Municipal,81,"Nuveen Fund Advisors, LLC.",True,9.43,-0.29,9.88,2026-09-09T00:00:00,67079X102,Nuveen Dynamic Municipal Opportunities,2026-09-10,XNDMX,Fixed Income - Municipal-Municipal,32.81,570.958,,Monthly,0.23738,0.058499999999999996,15.0,5.5876,,18.04,2.83,,879.483,True,False,False,False,True,False,,5.05,5.51,-2.48,-2.95,0.38,3.37,,,6.92,1414610,19.8,0.37000000000000005,96.271,,10.6,7.78,10.310880000000001,-0.9023100000000001,-2.19,-2.41,-2.99,2026-09-10T00:00:00,2020-08-26T00:00:00,8/26/2020,1598400000,2026-08-14T00:00:00
237,JFR,-0.0851,11.22302,12.26737,0.078,6.29,19,Morningstar US CEF Senior Loans,81,"Nuveen Fund Advisors, LLC.",True,7.63,-0.03,8.34,2026-09-09T00:00:00,67072T108,Nuveen Floating Rate Income,2026-09-10,XJFRX,Fixed Income - Taxable-Senior Loans,37.4,1228.181,0.015000000000000001,Monthly,0.37027,0.078,15.0,,,4.8100000000000005,4.78,,2144.668,True,False,True,False,True,False,,8.94,11.25,6.02,5.99,4.11,6.76,,,3.22,7469630,88.3,0.0,,,,,7.73019,-9.06236,0.36,-0.62,0.59,2026-09-10T00:00:00,2004-03-25T00:00:00,3/25/2004,1080172800,2026-08-14T00:00:00
238,JGH,-0.09390000000000001,9.13235,10.13051,0.1035,6.84,13,Morningstar US CEF Global Income,81,"Nuveen Fund Advisors, LLC.",True,12.26,-0.15,13.57,2026-09-09T00:00:00,67075G103,Nuveen Global High Income Fund,2026-09-10,XJGHX,Fixed Income - Taxable-Global Income,29.17,344.823,-0.026000000000000002,Monthly,0.52601,0.1035,20.0,7.7831,,6.15,3.37,,540.011,True,False,False,False,True,False,,11.78,12.92,4.88,4.86,4.92,5.13,,,0.78,993640,36.3,0.0,98.8169,,,,12.7137,-7.53728,-1.24,-1.69,-1.92,2026-09-10T00:00:00,2014-11-24T00:00:00,11/24/2014,1416787200,2026-08-14T00:00:00
239,NMT,0.0888,6.78505,6.23176,0.0605,7.49,24,Morningstar US CEF Municipal-Single State,81,"Nuveen Fund Advisors, LLC.",False,11.65,-0.47000000000000003,10.61,2026-09-09T00:00:00,67061E104,Nuveen MA Quality Muni Inc,2026-09-10,XNMTX,Fixed Income - Municipal-Municipal - Single-State,39.51,123.348,0.026000000000000002,Monthly,0.20713,0.0605,15.0,4.8771,,20.13,3.45,,187.289,True,False,True,False,False,False,,2.8200000000000003,14.51,-1.97,1.35,0.59,15.95,,,18.61,204710,21.9,1.73,99.8748,,7.76,8.93,12.09828,8.25508,0.11,-4.21,-1.87,2026-09-10T00:00:00,1993-03-18T00:00:00,3/18/1993,732412800,2026-08-14T00:00:00
240,NMS,-0.0622,6.81081,7.26225,0.063,5.46,24,Morningstar US CEF Municipal-Single State,81,"Nuveen Fund Advisors, LLC.",False,10.41,-0.26,11.0,2026-09-09T00:00:00,670734102,Nuveen MN Quality Muni Inc,2026-09-10,XMNSX,Fixed Income - Municipal-Municipal - Single-State,41.16,66.758,-0.014,Monthly,0.0,0.063,15.0,4.6902,,16.95,3.66,,120.983,True,False,False,False,False,False,,3.16,7.49,-1.3,-2.32,-1.53,-3.05,,,2.27,170470,43.0,0.0,98.2627,,12.68,7.55,11.91837,0.7848200000000001,-3.07,-2.13,-3.03,2026-09-10T00:00:00,1993-06-25T00:00:00,6/25/1993,740966400,2026-08-14T00:00:00
241,JLS,-0.1001,9.86081,10.95776,0.1535,5.41,14,Morningstar US CEF High Yield,81,"Nuveen Fund Advisors, LLC.",True,16.81,-0.03,18.69,2026-09-09T00:00:00,670735109,Nuveen Mortgage and Income Fund,2026-09-10,XJLSX,Fixed Income - Taxable-High Yield,23.06,92.062,0.009000000000000001,Monthly,0.68728,0.1535,25.0,7.5578,,17.85,3.07,,132.96,True,False,False,False,True,False,,9.45,11.96,4.34,4.63,2.98,-0.7000000000000001,,,-0.73,197370,0.0,0.0,96.9542,,,,18.14886,-5.07907,-2.33,-1.62,-1.63,2026-09-10T00:00:00,2009-11-25T00:00:00,11/25/2009,1259107200,2026-08-14T00:00:00
242,NMAI,-0.0455,9.18812,9.62656,0.11599999999999999,19.32,25,Morningstar US CEF Global Allocation,81,"Nuveen Fund Advisors, LLC.",True,14.46,-0.13,15.04,2026-09-09T00:00:00,670750108,Nuveen Multi-Asset Income,2026-09-10,XNMAX,Hybrid-Global Allocation,29.29,483.335,,Monthly,0.13858,0.11599999999999999,20.0,6.1033,,,3.38,,716.163,True,True,True,False,True,False,,15.15,21.22,,,12.19,20.55,,,29.08,1085730,28.2,0.0,96.8324,,,,13.48824,-7.73585,2.02,0.87,1.4,2026-09-10T00:00:00,2021-11-22T00:00:00,11/22/2021,1637539200,2026-08-14T00:00:00
243,JMM,-0.10220000000000001,5.4717,6.09457,0.028999999999999998,1.92,15,Morningstar US CEF Investment Grade,81,"Nuveen Fund Advisors, LLC.",True,5.71,-0.07,6.34,2026-09-09T00:00:00,67075J107,Nuveen Multi-Market Income Fund,2026-09-10,XJMMX,Fixed Income - Taxable-Investment Grade,29.82,54.03,-0.001,Monthly,0.14258,0.028999999999999998,12.0,5.5021,,4.39,3.34,,85.753,True,False,False,False,True,False,,5.72,5.88,1.11,0.73,-0.29,0.56,,,-2.71,90900,26.7,0.0,96.6946,,,,5.99247,-8.55557,-0.89,-0.9400000000000001,-0.27,2026-09-10T00:00:00,1988-12-30T00:00:00,12/30/1988,599443200,2026-08-14T00:00:00
244,NZF,-0.0417,7.95,8.29565,0.0795,7.75,21,Morningstar US CEF Municipal,81,"Nuveen Fund Advisors, LLC.",False,11.5,-0.36,11.89,2026-09-09T00:00:00,67070X101,Nuveen Municipal Credit Income,2026-09-10,XNZFX,Fixed Income - Municipal-Municipal,41.21,2266.103,-0.015000000000000001,Monthly,0.31359,0.0795,15.0,5.2593,,19.97,3.61,,4021.829,True,False,False,False,False,False,,3.8200000000000003,10.0,-1.3,-0.91,0.79,1.85,,,9.78,5353220,25.0,2.59,93.9709,,12.28,8.31,12.51372,-0.6848500000000001,-2.79,-5.37,-4.69,2026-09-10T00:00:00,2001-09-25T00:00:00,9/25/2001,1001376000,2026-08-14T00:00:00
245,NMCO,-0.0558,8.05093,8.52697,0.06849999999999999,7.66,21,Morningstar US CEF Municipal,81,"Nuveen Fund Advisors, LLC.",False,9.64,-0.3,10.13,2026-09-09T00:00:00,670663103,Nuveen Municipal Credit Opps Fund,2026-09-10,XNMCX,Fixed Income - Municipal-Municipal,42.86,549.956,-0.035,Monthly,0.35941,0.06849999999999999,15.0,5.8652,,22.21,4.5,,1019.444,True,False,False,False,False,False,,3.61,3.16,-2.21,-2.95,1.6400000000000001,0.56,,,2.04,1812510,30.9,0.27,86.9685,,16.1,9.8,10.64732,-0.39727,-3.39,-3.05,-4.24,2026-09-10T00:00:00,2019-09-16T00:00:00,9/16/2019,1568592000,2026-08-14T00:00:00
246,NMZ,-0.0344,7.95547,8.23899,0.0655,7.83,21,Morningstar US CEF Municipal,81,"Nuveen Fund Advisors, LLC.",False,9.54,-0.22,9.79,2026-09-09T00:00:00,670682103,Nuveen Municipal High Income Opp Fd,2026-09-10,XNMZX,Fixed Income - Municipal-Municipal,40.54,2062.929,0.044000000000000004,Monthly,0.15638,0.0655,15.0,5.7108,,21.33,3.5,,3593.306,True,False,False,False,False,False,,4.76,6.85,-1.62,-2.15,0.85,3.23,,,6.46,5019730,21.9,1.38,91.2079,,10.81,8.88,10.38123,-0.11784000000000001,-3.34,-4.66,-3.33,2026-09-10T00:00:00,2003-11-19T00:00:00,11/19/2003,1069200000,2026-08-14T00:00:00
247,NMI,0.049100000000000005,4.71074,4.4904,0.038,6.25,21,Morningstar US CEF Municipal,81,"Nuveen Fund Advisors, LLC.",False,10.155,-0.24,9.63,2026-09-09T00:00:00,67062J102,Nuveen Municipal Income,2026-09-10,XNMIX,Fixed Income - Municipal-Municipal,2.99,123.893,-0.019,Monthly,0.21289,0.038,12.0,5.4726,,21.72,0.75,,118.098,True,False,True,False,False,False,,4.66,9.12,0.79,1.6,1.87,8.45,,,13.33,258910,16.7,0.66,98.5853,,,8.7,10.29441,4.24386,0.17,-2.17,-0.71,2026-09-10T00:00:00,1988-04-20T00:00:00,4/20/1988,577497600,2026-08-14T00:00:00
248,NUV,-0.0236,4.38695,4.4930900000000005,0.0325,4.95,21,Morningstar US CEF Municipal,81,"Nuveen Fund Advisors, LLC.",False,8.68,-0.18,8.85,2026-09-09T00:00:00,670928100,Nuveen Municipal Value,2026-09-10,XNUVX,Fixed Income - Municipal-Municipal,6.15,1832.951,-0.018000000000000002,Monthly,0.19290000000000002,0.0325,10.0,5.2552,,18.27,0.66,,1877.297,True,False,False,False,False,False,,3.32,6.47,0.08,-1.35,0.53,2.21,,,8.24,4857770,11.1,0.8,96.1513,,,8.24,9.08287,-0.41749,-2.0,-4.09,-4.13,2026-09-10T00:00:00,1987-06-17T00:00:00,6/17/1987,550886400,2026-08-14T00:00:00
249,QQQX,-0.0572,9.23366,9.79429,0.738,18.68,3,Morningstar US CEF Covered Call,81,"Nuveen Fund Advisors, LLC.",True,30.14,-0.51,31.86,2026-09-09T00:00:00,670699107,Nuveen NASDAQ 100 Dynamic Overwrite,2026-09-10,XQQQX,Equity-Covered-Call Funds,,1471.639,0.0,Quarterly,-0.02811,0.738,20.0,,,,0.89,,1560.992,False,True,True,False,True,False,,17.61,18.64,9.22,8.66,7.84,13.37,,,25.11,1028830,,,,,,,28.80359,-7.12411,0.63,-1.09,-0.44,2026-09-10T00:00:00,2007-01-30T00:00:00,1/30/2007,1170115200,2026-06-15T00:00:00
250,NRK,-0.0335,7.73622,8.00407,0.0655,7.74,23,Morningstar US CEF Municipal-NY,81,"Nuveen Fund Advisors, LLC.",False,9.82,-0.24,10.05,2026-09-09T00:00:00,670656107,Nuveen NY AMT - Free Quality Muni Inc,2026-09-10,XNRKX,Fixed Income - Municipal-Municipal - NY,43.32,856.651,0.004,Monthly,0.2495,0.0655,15.0,4.6883,,19.76,3.69,,1563.591,True,False,True,False,False,False,,2.47,8.41,-2.22,-0.38,-0.28,7.3,,,17.0,3185130,23.3,0.11000000000000001,94.7019,,16.09,9.38,10.3069,-4.51287,0.44,-2.23,-1.01,2026-09-10T00:00:00,2002-11-21T00:00:00,11/21/2002,1037836800,2026-08-14T00:00:00
251,NNY,-0.08,4.10673,4.46406,0.0295,5.67,23,Morningstar US CEF Municipal-NY,81,"Nuveen Fund Advisors, LLC.",False,7.93,-0.13,8.57,2026-09-09T00:00:00,67062M105,Nuveen NY Municipal Value,2026-09-10,XNNYX,Fixed Income - Municipal-Municipal - NY,0.0,149.766,-0.037,Monthly,0.17478,0.0295,10.0,4.7875,,19.89,0.5700000000000001,,162.798,True,False,False,False,False,False,,3.22,3.43,0.26,-0.67,0.73,-2.05,,,5.15,361240,28.8,0.0,96.2731,,,9.0,8.47757,-3.9630900000000002,-2.85,-2.08,-2.87,2026-09-10T00:00:00,1987-10-07T00:00:00,10/7/1987,560563200,2026-08-14T00:00:00
252,NAN,-0.0242,7.5907,7.77884,0.06799999999999999,7.49,23,Morningstar US CEF Municipal-NY,81,"Nuveen Fund Advisors, LLC.",False,10.49,-0.21,10.66,2026-09-09T00:00:00,67066X107,Nuveen NY Quality Muni Inc,2026-09-10,XNANX,Fixed Income - Municipal-Municipal - NY,40.63,349.113,0.013000000000000001,Monthly,0.25368,0.06799999999999999,15.0,4.9942,,20.82,3.77,,602.606,True,False,False,False,False,False,,2.86,8.98,-1.83,-0.77,0.13,1.6600000000000001,,,7.01,724980,27.2,0.01,97.6695,,13.6,8.79,11.40435,0.67664,-2.95,-3.67,-3.84,2026-09-10T00:00:00,1999-05-26T00:00:00,5/26/1999,927676800,2026-08-14T00:00:00
253,JPC,-0.0713,9.72763,10.47486,0.0625,5.76,18,Morningstar US CEF Preferreds,81,"Nuveen Fund Advisors, LLC.",False,7.16,-0.17,7.6899999999999995,2026-09-09T00:00:00,67073B106,Nuveen Pref & Income Opps Fund,2026-09-10,XJPCX,Fixed Income - Taxable-Preferreds,37.89,2691.304,-0.042,Monthly,0.24068,0.0625,15.0,7.7023,,,4.67,,4665.892,True,False,False,False,False,False,,11.13,14.33,3.43,2.5700000000000003,1.51,-3.59,,,-0.05,10176020,7.5,0.0,103.4105,,5.32,3.89,7.9574300000000004,-0.17227,-4.71,-3.08,-3.7,2026-09-10T00:00:00,2003-03-26T00:00:00,3/26/2003,1048636800,2026-08-14T00:00:00
254,NAD,-0.0395,7.42757,7.73309,0.0705,6.82,21,Morningstar US CEF Municipal,81,"Nuveen Fund Advisors, LLC.",False,10.94,-0.4,11.29,2026-09-09T00:00:00,67066V101,Nuveen Quality Muni Income Fund,2026-09-10,XNADX,Fixed Income - Municipal-Municipal,42.7,2560.883,0.023,Monthly,0.27975,0.0705,15.0,5.1645,,19.94,3.74,,4652.801,True,False,False,False,False,False,,3.14,9.84,-1.57,-0.55,-0.04,2.4,,,11.22,6679780,24.1,1.23,95.3843,,11.96,8.09,11.87598,-0.9586100000000001,-2.21,-4.92,-2.69,2026-09-10T00:00:00,1999-05-26T00:00:00,5/26/1999,927676800,2026-08-14T00:00:00
255,JRI,-0.07150000000000001,12.3136,13.26159,0.1335,7.37,25,Morningstar US CEF Global Allocation,81,"Nuveen Fund Advisors, LLC.",True,12.08,-0.12,12.91,2026-09-09T00:00:00,67074Y105,Nuveen Real Asset Inc and Grwt,2026-09-10,XJRIX,Hybrid-Global Allocation,32.28,437.275,0.0,Monthly,0.29419,0.1335,20.0,6.5074000000000005,,,3.9,,695.385,True,False,False,False,True,False,,11.49,15.8,4.12,5.04,5.45,-2.86,,,1.13,1459890,26.4,0.0,99.9859,,,,13.145340000000001,-2.72929,-1.12,-1.83,-1.38,2026-09-10T00:00:00,2012-04-25T00:00:00,4/25/2012,1335312000,2026-08-14T00:00:00
256,JRS,-0.11320000000000001,8.43507,9.51189,0.19,13.3,7,Morningstar US CEF Real Estate,81,"Nuveen Fund Advisors, LLC.",True,7.99,-0.16,8.89,2026-09-09T00:00:00,67071B108,Nuveen Real Estate Income,2026-09-10,XJRSX,Equity-Real Estate,28.23,230.851,0.0,Quarterly,0.09926,0.19,15.0,,,,3.4,,362.721,True,False,False,False,True,False,,10.97,13.64,1.7000000000000002,1.98,15.66,13.17,,,11.46,753370,0.0,,,,6.49,,8.06074,-8.34323,-1.9500000000000002,-2.58,-2.1,2026-09-10T00:00:00,2001-11-15T00:00:00,11/15/2001,1005782400,2026-06-15T00:00:00
257,SPXX,-0.1035,8.04389,8.97286,0.4215,21.15,3,Morningstar US CEF Covered Call,81,"Nuveen Fund Advisors, LLC.",True,18.79,-0.21,20.87,2026-09-09T00:00:00,6706EW100,Nuveen S&P 500 Dynamic Overwrite,2026-09-10,XSSPX,Equity-Covered-Call Funds,,2589.543,0.0,Quarterly,0.02205,0.4215,20.0,,,,0.9700000000000001,,2888.602,False,True,False,False,True,False,,16.58,16.28,10.26,8.97,12.59,11.39,,,15.25,1477630,,,,,,,17.87881,-9.19366,-0.6,-1.02,0.12,2026-09-10T00:00:00,2005-11-22T00:00:00,11/22/2005,1132617600,2026-06-15T00:00:00
258,NIM,-0.0742,3.58393,3.87097,0.028999999999999998,3.24,21,Morningstar US CEF Municipal,81,"Nuveen Fund Advisors, LLC.",False,8.99,-0.2,9.68,2026-09-09T00:00:00,67061T101,Nuveen Select Maturity Muni,2026-09-10,XNIMX,Fixed Income - Municipal-Municipal,0.41000000000000003,111.895,-0.007,Monthly,0.16949,0.028999999999999998,12.0,4.4675,,8.49,0.5800000000000001,,120.856,True,False,False,False,False,False,,3.37,6.06,0.98,0.42,0.31,2.93,,,6.15,190980,18.0,1.32,97.8224,,,5.21,9.37634,-5.68931,-1.29,-2.45,-1.53,2026-09-10T00:00:00,1992-09-18T00:00:00,9/18/1992,716774400,2026-08-14T00:00:00
259,NXP,-0.009300000000000001,4.59885,4.64208,0.0535,5.11,21,Morningstar US CEF Municipal,81,"Nuveen Fund Advisors, LLC.",False,13.83,-0.18,13.91,2026-09-09T00:00:00,67062F100,Nuveen Select Tax Free Inc,2026-09-10,XNXPX,Fixed Income - Municipal-Municipal,3.73,875.637,0.014,Monthly,0.28791,0.0535,15.0,5.046,,17.18,0.35000000000000003,,883.868,True,False,False,False,False,False,,3.9699999999999998,4.6,0.84,0.14,0.9500000000000001,3.92,,,6.08,1433030,14.4,1.31,93.9607,,9.19,8.13,14.2991,-0.05890000000000001,-0.91,-1.98,-1.38,2026-09-10T00:00:00,1992-03-19T00:00:00,3/19/1992,700963200,2026-08-14T00:00:00
260,NBB,-0.0325,7.3852,7.63349,0.0965,4.51,20,Morningstar US CEF Taxable Muni,81,"Nuveen Fund Advisors, LLC.",False,15.17,-0.33,15.61,2026-09-09T00:00:00,67074C103,Nuveen Taxable Municipal Income,2026-09-10,XNBBX,Fixed Income - Taxable-Taxable Muni,38.31,445.918,-0.051000000000000004,Monthly,0.47616,0.0965,20.0,6.8179,,16.71,3.24,,747.125,True,False,False,False,False,False,,5.59,8.56,-0.89,-1.13,0.41000000000000003,2.29,,,3.77,566790,5.6,0.0,100.5308,,,7.42,15.843350000000001,-2.69346,-0.59,-0.68,-0.48,2026-09-10T00:00:00,2010-04-27T00:00:00,4/27/2010,1272326400,2026-08-14T00:00:00
261,NPV,-0.0731,6.83333,7.37263,0.0615,6.26,24,Morningstar US CEF Municipal-Single State,81,"Nuveen Fund Advisors, LLC.",False,10.01,-0.22,10.7,2026-09-09T00:00:00,67064R102,Nuveen VA Quality Muni Inc,2026-09-10,XNPVX,Fixed Income - Municipal-Municipal - Single-State,40.98,196.194,0.026000000000000002,Monthly,0.2321,0.0615,15.0,4.869,,18.2,3.54,,358.628,True,False,False,False,False,False,,3.06,6.61,-1.69,-4.66,-0.71,-1.08,,,-1.2,523550,32.6,1.55,95.5169,,12.56,8.16,11.29697,-1.19017,-3.45,-2.86,-3.49,2026-09-10T00:00:00,1993-03-18T00:00:00,3/18/1993,732412800,2026-08-14T00:00:00
262,NPFD,-0.056900000000000006,9.71044,10.29605,0.1565,5.93,18,Morningstar US CEF Preferreds,81,"Nuveen Fund Advisors, LLC.",False,18.24,-0.34,19.29,2026-09-09T00:00:00,67080R102,Nuveen Variable Rate Pref & Inc Fund,2026-09-10,XNPFX,Fixed Income - Taxable-Preferreds,36.95,440.754,,Monthly,0.5723900000000001,0.1565,25.0,7.4788,,,4.79,,741.24,True,False,False,False,False,False,,10.78,16.0,,,1.69,5.5600000000000005,,,5.77,654040,7.4,0.0,102.0238,,5.59,3.5300000000000002,19.14456,-3.9824900000000003,-1.35,-1.01,-1.18,2026-09-10T00:00:00,2021-12-15T00:00:00,12/15/2021,1639526400,2026-08-14T00:00:00
263,SRV,0.0143,12.785,12.60504,0.5,23.29,6,Morningstar US CEF MLP,33,Cushing Asset Management LP,False,47.6,0.56,46.93,2026-09-09T00:00:00,231631300,NXG Cushing Midstream Energy Fund,2026-09-10,XSRVX,Equity-MLP,28.79,296.756,,Monthly,0.0352,0.5,20.0,,,,4.32,,410.894,True,True,True,False,False,False,,23.56,20.46,19.3,27.04,23.91,24.71,,,23.17,577710,,,,,4.57,,44.57312,-0.9951000000000001,0.76,0.11,0.8,2026-09-10T00:00:00,2007-08-27T00:00:00,8/27/2007,1188172800,2026-08-17T00:00:00
264,NXG,-0.008,12.78409,12.88706,0.6,30.24,8,Morningstar US CEF Sector Equity,33,Cushing Asset Management LP,False,55.87,-1.13,56.32,2026-09-09T00:00:00,231647207,NXG NextGen Infrastructure Inc,2026-09-10,XNXGX,Equity-Sector Equity,33.58,409.648,,Monthly,-0.24598,0.6,25.0,,,,4.16,,621.758,True,True,True,False,False,False,,24.38,33.85,12.25,16.6,25.56,16.9,,,31.07,696850,,,,,1.07,,54.06023,-1.18795,0.1,-0.54,0.24,2026-09-10T00:00:00,2012-09-26T00:00:00,9/26/2012,1348617600,2026-08-17T00:00:00
265,MEGI,-0.09789999999999999,9.29368,10.3022,0.125,13.71,8,Morningstar US CEF Sector Equity,77,New York Life Investment Management LLC,False,14.56,-0.24,16.14,2026-09-09T00:00:00,56064Q107,NYLIM CBRE Glb Infra Megatrends Term Fd,2026-09-10,XMEGI,Equity-Sector Equity,21.52,757.812,,Monthly,0.39004,0.125,20.0,,,,3.73,,1070.347,True,False,False,False,False,False,,12.5,15.79,,,12.25,13.76,,,11.36,1544790,,,,,,,14.72307,-9.4004,-0.26,-1.4,-0.21,2026-09-10T00:00:00,2021-10-27T00:00:00,10/27/2021,1635292800,2026-08-24T00:00:00
266,MMD,-0.0859,5.11364,5.59392,0.06749999999999999,6.97,21,Morningstar US CEF Municipal,77,New York Life Investment Management LLC,False,14.48,-0.25,15.84,2026-09-09T00:00:00,56064K100,NYLIM MacKay DefinedTerm Muni Opps Fund,2026-09-10,XMMDX,Fixed Income - Municipal-Municipal,36.93,271.926,0.24000000000000002,Monthly,0.42096,0.06749999999999999,20.0,5.1917,,,2.72,,471.627,True,False,False,False,False,True,,3.26,0.81,-0.78,-3.15,1.23,4.45,,,7.64,629340,,,105.6287,,,5.59,15.14429,-7.27941,-1.09,-2.42,-1.58,2026-09-10T00:00:00,2012-06-27T00:00:00,6/27/2012,1340755200,2026-08-14T00:00:00
267,OCCI,-0.19879999999999998,18.34862,22.90076,0.049999999999999996,-30.8,19,Morningstar US CEF Senior Loans,82,"OFS Capital Management, LLC",True,2.62,0.22,3.32,2026-07-31T00:00:00,67111Q107,OFS Credit Company Inc,2026-09-10,OCCI,Fixed Income - Taxable-Senior Loans,47.95,76.804,,Monthly,0.33629000000000003,0.049999999999999996,20.0,13.384,,,13.31,,184.18,True,False,False,False,True,False,,-8.88,-13.82,-8.21,-11.54,-23.43,-36.75,,,-43.83,2835230,,,,,,,3.75582,-14.60564,-0.51,1.02,0.07,2026-09-10T00:00:00,2018-10-05T00:00:00,10/5/2018,1538697600,2026-08-14T00:00:00
268,OXLC,-0.08800000000000001,22.94455,25.15723,0.19999999999999998,-33.14,19,Morningstar US CEF Senior Loans,83,Oxford Lane Management,False,9.54,0.5700000000000001,10.66,2026-07-31T00:00:00,691543847,Oxford Lane Capital Corp,2026-09-10,OXLCX,Fixed Income - Taxable-Senior Loans,43.07,931.578,,Monthly,1.29355,0.19999999999999998,20.0,10.7207,,,9.78,,1794.076,True,False,True,False,False,False,,-3.81,-6.22,-1.6,-4.31,-19.43,-17.36,,,-28.11,12043140,,,,,,,11.67379,-15.87212,0.75,1.11,0.6,2026-09-10T00:00:00,2011-01-20T00:00:00,1/20/2011,1295481600,2026-08-17T00:00:00
269,PCM,-0.0438,14.06715,14.71145,0.06423999999999999,5.25,16,Morningstar US CEF Limited Duration,84,"Pacific Investment Management Company, LLC",False,5.24,-0.03,5.47,2026-09-09T00:00:00,69323T101,PCM Fund,2026-09-10,XPCMX,Fixed Income - Taxable-Limited Duration,36.09,65.125,0.037,Monthly,0.3113,0.06423999999999999,15.0,6.1856,,7.21,4.06,,106.569,True,False,False,False,False,False,,8.21,-4.89,2.14,-3.88,1.1400000000000001,-4.62,,,-3.81,530260,,,83.6641,,,,5.93738,3.13427,-2.07,-2.34,-2.84,2026-09-10T00:00:00,1993-09-02T00:00:00,9/2/1993,746928000,2026-09-11T00:00:00
270,PDCC,-0.1736,14.40443,17.42997,0.13,-25.38,19,Morningstar US CEF Senior Loans,86,Pearl Diver Capital LLP,True,8.9501,-0.22,10.96,2026-07-31T00:00:00,70476Q100,Pearl Diver Credit Company Inc,2026-09-10,PDCC,Fixed Income - Taxable-Senior Loans,33.84,62.074,,Monthly,0.65799,0.13,20.0,10.3892,,,8.24,,113.531,True,False,False,False,True,False,,,,,,-14.64,-27.62,,,-39.07,58250,,,,,,,12.373850000000001,-5.48864,-1.56,-0.51,-1.01,2026-09-10T00:00:00,2024-07-18T00:00:00,7/18/2024,1721260800,2026-08-17T00:00:00
271,PSUS,-0.2345,,,,,10,Morningstar US CEF US Equity,87,"Pershing Square Capital Management, L.P.",False,37.83,-1.15,49.42,2026-09-08T00:00:00,71531T105,"Pershing Square USA, Ltd",2026-09-10,PSUSX,Equity-U.S. Equity,,,,Annually,,,50.0,,,,0.0,,,False,True,True,False,False,False,,,,,,,,,,,0,,,,,,,,,,-1.33,,2026-09-10T00:00:00,2026-04-29T00:00:00,4/29/2026,1777420800,
272,GHY,-0.10289999999999999,10.04785,11.2,0.105,5.73,14,Morningstar US CEF High Yield,88,PGIM,False,11.25,-0.21,12.54,2026-09-10T00:00:00,69346J106,"PGIM Global High Yield Fund, Inc.",2026-09-10,XGHYX,Fixed Income - Taxable-High Yield,16.3,460.813,,Monthly,0.4495,0.105,20.0,6.5398,,,2.5,,613.652,True,False,False,False,False,False,,10.93,12.14,4.19,4.38,2.93,-0.09,,,-3.71,1567590,,,96.1442,,,,12.20517,-6.37034,-1.63,-2.17,-2.27,2026-09-10T00:00:00,2012-12-21T00:00:00,12/21/2012,1356048000,2026-09-10T00:00:00
273,ISD,-0.085,9.48081,10.36184,0.105,3.81,14,Morningstar US CEF High Yield,88,PGIM,False,12.16,-0.14,13.29,2026-09-10T00:00:00,69346H100,"PGIM High Yield Bond Fund, Inc.",2026-09-10,XISDX,Fixed Income - Taxable-High Yield,20.36,404.878,,Monthly,0.55298,0.105,20.0,6.6848,,,2.15,,442.502,True,False,False,False,False,False,,9.2,10.01,4.14,3.95,2.38,-10.13,,,-7.61,981600,,,97.3498,,,,13.67954,-1.35518,-1.5,-0.88,-1.29,2026-09-10T00:00:00,2012-04-26T00:00:00,4/26/2012,1335398400,2026-09-10T00:00:00
274,SDHY,-0.07730000000000001,7.64602,8.28645,0.108,3.16,14,Morningstar US CEF High Yield,88,PGIM,True,15.64,-0.28,16.95,2026-09-10T00:00:00,69355J104,PGIM Short Duration High Yield Opps,2026-09-10,XSDHX,Fixed Income - Taxable-High Yield,22.15,385.887,,Monthly,0.74624,0.108,20.0,6.4186,,,2.52,,418.208,True,False,False,False,True,False,,7.69,10.0,4.51,4.85,1.8900000000000001,1.98,,,1.7000000000000002,693800,,,98.7564,,,,16.31548,-6.79211,-0.93,-1.5899999999999999,-0.51,2026-09-10T00:00:00,2020-11-25T00:00:00,11/25/2020,1606262400,2026-09-10T00:00:00
275,PAXS,-0.0452,12.27105,12.85161,0.1494,5.95,17,Morningstar US CEF Multi-Sector,90,PIMCO,True,13.95,-0.13,14.58,2026-09-09T00:00:00,72203T100,PIMCO Access Income,2026-09-10,XPAAX,Fixed Income - Taxable-Multi-Sector,38.3,657.764,,Monthly,0.82542,0.1494,20.0,,,8.61,5.03,,1116.481,True,False,False,False,True,False,,12.3,10.41,,,2.46,-0.59,,,-1.6800000000000002,1883050,,,86.1715,,,,15.04563,0.22160000000000002,-1.56,-1.51,-1.52,2026-09-10T00:00:00,2022-01-31T00:00:00,1/31/2022,1643587200,2026-09-11T00:00:00
276,PCQ,-0.11710000000000001,4.55696,5.16129,0.036,8.41,22,Morningstar US CEF Municipal-CA,84,"Pacific Investment Management Company, LLC",False,8.37,-0.14,9.4,2026-09-09T00:00:00,72200N106,PIMCO CA Municipal Income,2026-09-10,XPCQX,Fixed Income - Municipal-Municipal - CA,41.02,469.83,0.161,Monthly,0.21287,0.036,15.0,4.7087,,13.26,4.27,,902.16,True,False,False,False,False,False,,2.7,2.11,-3.0,-10.13,-0.8,2.35,,,9.7,1531540,,,95.5316,,14.47,8.47,8.80078,-11.18065,-0.63,-1.2,-0.73,2026-09-10T00:00:00,2001-06-29T00:00:00,6/29/2001,993772800,2026-09-11T00:00:00
277,PTY,0.0184,12.51624,12.28966,0.11879999999999999,7.94,15,Morningstar US CEF Investment Grade,90,PIMCO,False,11.6,-0.16,11.36,2026-09-09T00:00:00,72201B101,PIMCO Corporate & Income Opportunity Fd,2026-09-10,XPTYX,Fixed Income - Taxable-Investment Grade,24.26,2546.214,0.218,Monthly,0.57584,0.11879999999999999,15.0,,,9.15,1.52,,3301.073,True,False,False,False,False,False,,15.59,5.01,7.93,-0.01,3.2800000000000002,-1.07,,,-6.48,10807040,,,92.7159,,,,12.64762,8.47715,-1.2,-1.94,-1.8399999999999999,2026-09-10T00:00:00,2002-12-27T00:00:00,12/27/2002,1040947200,2026-09-11T00:00:00
278,PCN,0.0105,11.8525,11.72893,0.11249999999999999,6.77,15,Morningstar US CEF Investment Grade,84,"Pacific Investment Management Company, LLC",False,11.51,-0.21,11.36,2026-09-09T00:00:00,72200U100,PIMCO Corporate & Income Strgy,2026-09-10,XPCNX,Fixed Income - Taxable-Investment Grade,22.05,875.449,0.038,Monthly,0.57707,0.11249999999999999,15.0,,,8.68,1.53,,1111.326,True,False,False,False,False,False,,13.62,5.67,6.78,1.79,2.64,-0.61,,,0.65,3252730,,,92.1831,,,,12.331,5.6202000000000005,-1.51,-3.07,-2.31,2026-09-10T00:00:00,2001-12-21T00:00:00,12/21/2001,1008892800,2026-09-11T00:00:00
279,PDI,-0.0395,16.875,17.56972,0.2205,7.8,17,Morningstar US CEF Multi-Sector,84,"Pacific Investment Management Company, LLC",False,15.06,-0.13,15.64,2026-09-09T00:00:00,72201Y101,PIMCO Dynamic Income Fund,2026-09-10,XPDIX,Fixed Income - Taxable-Multi-Sector,34.54,7163.85,,Monthly,0.8897,0.2205,25.0,,,8.9,3.79,,11394.698,True,False,False,False,False,False,,13.93,9.74,5.96,2.3,2.94,-4.58,,,-9.66,28218940,,,89.064,,,,17.5128,6.84982,-2.33,-1.92,-2.27,2026-09-10T00:00:00,2012-05-25T00:00:00,5/25/2012,1337904000,2026-09-11T00:00:00
280,PDO,-0.0242,12.0,12.29808,0.12789999999999999,7.96,13,Morningstar US CEF Global Income,84,"Pacific Investment Management Company, LLC",True,12.48,-0.09,12.76,2026-09-09T00:00:00,69355M107,PIMCO Dynamic Income Opportunities Fund,2026-09-10,XPDOX,Fixed Income - Taxable-Global Income,35.92,1814.338,,Monthly,0.62591,0.12789999999999999,20.0,,,8.82,4.3,,2901.821,True,False,False,False,True,False,,13.95,12.55,3.34,2.03,3.03,-2.34,,,1.34,6380110,,,89.112,,,,13.46933,3.20684,-2.61,-2.03,-2.26,2026-09-10T00:00:00,2021-01-29T00:00:00,1/29/2021,1611878400,2026-09-11T00:00:00
281,PDX,-0.0855,6.71195,7.33975,0.1334,11.24,25,Morningstar US CEF Global Allocation,90,PIMCO,True,21.81,-0.12,23.88,2026-09-09T00:00:00,69346N107,PIMCO Dynamic Income Strategy Fund,2026-09-10,XPDX,Hybrid-Global Allocation,21.74,975.059,,Monthly,0.63903,0.1334,20.0,6.1539,,7.48,3.01,,1362.435,True,True,True,False,True,True,,17.5,22.29,21.83,25.18,18.43,22.3,,,10.53,1224590,,,91.6489,,,,21.37084,-9.73148,0.85,0.85,1.04,2026-09-10T00:00:00,2019-01-30T00:00:00,1/30/2019,1548806400,2026-09-11T00:00:00
282,PGP,-0.0801,8.96104,9.74118,0.06899999999999999,20.24,25,Morningstar US CEF Global Allocation,84,"Pacific Investment Management Company, LLC",False,8.5,-0.28,9.16,2026-09-09T00:00:00,722011103,PIMCO Global StocksPLUS & Income,2026-09-10,XPGPX,Hybrid-Global Allocation,49.42,98.53,0.07,Monthly,0.40356000000000003,0.06899999999999999,25.0,,,8.33,2.35,,211.778,True,False,False,False,False,False,,21.49,19.34,7.58,5.79,9.54,2.71,,,13.91,446220,,,92.0495,,,,8.76979,-1.48445,-2.34,-2.55,-1.67,2026-09-10T00:00:00,2005-05-31T00:00:00,5/31/2005,1117497600,2026-09-11T00:00:00
283,PHK,-0.011200000000000002,12.85714,13.00226,0.048,8.51,17,Morningstar US CEF Multi-Sector,84,"Pacific Investment Management Company, LLC",False,4.43,-0.1,4.46,2026-09-09T00:00:00,722014107,PIMCO High Income,2026-09-10,XPHKX,Fixed Income - Taxable-Multi-Sector,19.84,841.414,-0.044000000000000004,Monthly,0.23848,0.048,15.0,,,9.48,1.78,,1061.475,True,False,False,False,False,False,,13.7,10.12,6.5600000000000005,3.8,3.91,0.9500000000000001,,,3.06,7554540,,,92.3547,,,,4.74651,3.68344,-2.51,-2.55,-2.47,2026-09-10T00:00:00,2003-04-30T00:00:00,4/30/2003,1051660800,2026-09-11T00:00:00
284,PFL,-0.010700000000000001,13.024,13.16442,0.0814,5.55,17,Morningstar US CEF Multi-Sector,90,PIMCO,False,7.42,-0.1,7.48,2026-09-09T00:00:00,72201H108,PIMCO Income Strategy,2026-09-10,XPFLX,Fixed Income - Taxable-Multi-Sector,0.88,372.228,0.077,Monthly,0.32637,0.0814,20.0,,,7.52,1.29,,379.578,True,False,False,False,False,False,,12.51,11.91,4.84,0.87,1.97,-1.81,,,1.4,2055530,,,88.49,,,,8.11305,4.05702,-2.38,-2.55,-2.35,2026-09-10T00:00:00,2003-08-26T00:00:00,8/26/2003,1061856000,2026-09-11T00:00:00
285,PFN,-0.0146,12.55977,12.74556,0.0718,7.5,17,Morningstar US CEF Multi-Sector,84,"Pacific Investment Management Company, LLC",False,6.76,-0.14,6.84,2026-09-09T00:00:00,72201J104,PIMCO Income Strategy II,2026-09-10,XPFNX,Fixed Income - Taxable-Multi-Sector,28.57,672.445,0.094,Monthly,0.37475,0.0718,20.0,,,9.57,2.33,,955.39,True,False,False,False,False,False,,13.71,13.58,5.5,1.99,3.0,0.77,,,3.49,4377780,,,91.5197,,,,7.20479,2.45324,-1.96,-2.08,-1.54,2026-09-10T00:00:00,2004-10-29T00:00:00,10/29/2004,1099008000,2026-09-11T00:00:00
286,PML,-0.076,6.21232,6.7234,0.0395,6.31,21,Morningstar US CEF Municipal,90,PIMCO,False,7.05,-0.17,7.57,2026-09-09T00:00:00,72200W106,PIMCO Municipal Income II,2026-09-10,XPMLX,Fixed Income - Municipal-Municipal,43.49,884.548,0.10300000000000001,Monthly,0.20781,0.0395,15.0,5.0244,,13.98,4.19,,1694.204,True,False,False,False,False,False,,2.06,0.3,-3.76,-8.11,-1.01,1.33,,,7.26,4271830,,,97.8724,,14.32,8.36,7.60241,-5.64435,-1.62,-2.22,-1.82,2026-09-10T00:00:00,2002-06-28T00:00:00,6/28/2002,1025222400,2026-09-11T00:00:00
287,PNI,-0.1168,4.75168,5.37994,0.0295,7.04,23,Morningstar US CEF Municipal-NY,90,PIMCO,False,6.58,-0.1,7.39,2026-09-09T00:00:00,72200Y102,PIMCO NY Municipal Income II,2026-09-10,XPNIX,Fixed Income - Municipal-Municipal - NY,40.47,157.166,0.065,Monthly,0.16939,0.0295,15.0,4.8444,,13.36,4.31,,298.91,True,False,False,False,False,False,,1.58,2.65,-4.31,-5.9,-0.76,2.22,,,8.54,584760,,,98.1725,,15.54,9.17,6.95537,-10.91091,-1.05,-2.16,-1.6400000000000001,2026-09-10T00:00:00,2002-06-28T00:00:00,6/28/2002,1025222400,2026-09-11T00:00:00
288,RCS,0.1075,10.52632,9.504950000000001,0.04,8.78,15,Morningstar US CEF Investment Grade,90,PIMCO,False,5.05,-0.11,4.54,2026-09-09T00:00:00,72200X104,PIMCO Strategic Income Fund,2026-09-10,XRCSX,Fixed Income - Taxable-Investment Grade,80.42,239.424,0.019,Monthly,0.2242,0.04,12.5,6.5746,,7.58,2.73,,1104.273,True,False,False,False,False,False,,15.35,8.18,5.0,1.67,3.33,0.75,,,-20.54,1563630,,,98.2536,,,,5.97139,29.15783,-1.15,-2.15,-2.29,2026-09-10T00:00:00,1994-02-24T00:00:00,2/24/1994,762048000,2026-09-11T00:00:00
289,PWRL,-0.3057,,,,,8,Morningstar US CEF Sector Equity,91,Powerlaw Fund Adviser LLC,False,10.2,-1.57,14.69,2026-07-31T00:00:00,738922103,Powerlaw Corp.,2026-09-10,XPWRX,Equity-Sector Equity,,,,,,,,,,,0.0,,,False,True,True,False,False,False,,,,,,,,,,,0,,,,,,,,,,-1.0,,2026-09-10T00:00:00,2026-05-27T00:00:00,5/27/2026,1779840000,
290,PGZ,-0.105,11.80881,13.19372,0.105,4.15,7,Morningstar US CEF Real Estate,92,Principal Funds,True,9.55,0.0,10.67,2026-09-10T00:00:00,74255X104,Principal Real Estate Income Fund,2026-09-10,XPGZX,Equity-Real Estate,30.94,63.929,,Monthly,0.34794,0.105,20.0,3.7804,,,4.79,,103.426,True,False,False,False,True,False,,11.8,14.66,0.03,2.29,3.34,6.95,,,6.1,252660,,,79.7282,,4.67,,10.13719,-9.9987,-0.34,-1.87,-0.4,2026-09-10T00:00:00,2013-06-26T00:00:00,6/26/2013,1372204800,2026-08-17T00:00:00
291,UTG,0.0096,6.72897,6.6649,0.21,5.73,8,Morningstar US CEF Sector Equity,93,Reaves Asset Management,True,37.81,-0.75,37.45,2026-09-10T00:00:00,756158101,Reaves Utility Income,2026-09-10,XUTGX,Equity-Sector Equity,21.59,3482.647,,Monthly,0.14102,0.21,20.0,,,,2.09,,4399.488,True,False,True,False,True,False,,20.96,21.12,8.82,8.72,6.96,6.82,,,5.79,2531210,,,,,2.62,,39.45977,-0.45280000000000004,1.16,0.97,1.1400000000000001,2026-09-10T00:00:00,2004-02-24T00:00:00,2/24/2004,1077580800,2026-08-18T00:00:00
292,RCG,-0.019799999999999998,,,0.022371,11.15,26,Morningstar US CEF US Allocation,63,Horizon Kinetics Asset Management LLC,False,2.97,0.02,3.03,2026-09-10T00:00:00,759720105,RENN Fund ord,2026-09-10,XXRENNX,Hybrid-U.S. Allocation,11.03,20.837,,Data Not Available,-0.00459,0.022371,10.0,,,,1.56,,21.258,True,True,True,False,False,False,,12.22,18.38,3.73,5.71,9.19,14.44,,,8.52,77910,,,,,0.15,,2.78765,-9.63513,1.9,1.8599999999999999,1.42,2026-09-10T00:00:00,1994-01-20T00:00:00,1/20/1994,759024000,2024-12-16T00:00:00
293,RSF,-0.0263,11.04161,11.34011,0.1371,7.69,14,Morningstar US CEF High Yield,94,"RiverNorth Capital Management, LLC",False,14.5078,0.02,14.9,2026-09-10T00:00:00,76882B108,RiverNorth Capital and Inc Fund,2026-09-10,XRSFX,Fixed Income - Taxable-High Yield,9.65,50.261,,Monthly,,0.1371,21.42,,,,3.96,,51.62,True,False,True,False,False,False,,8.74,10.51,6.06,5.47,4.77,8.94,,,9.5,163630,,,,,2.96,,14.57219,-4.10827,1.33,0.89,1.0,2026-09-10T00:00:00,2016-09-22T00:00:00,9/22/2016,1474502400,2026-08-14T00:00:00
294,RFM,-0.0739,7.03393,7.59488,0.0881,9.47,21,Morningstar US CEF Municipal,94,"RiverNorth Capital Management, LLC",True,13.9199,-0.1,15.03,2026-09-10T00:00:00,76883H104,RiverNorth Flexible Municipal Income,2026-09-10,XRFMX,Fixed Income - Municipal-Municipal,41.18,85.116,,Monthly,0.07615,0.0881,20.0,5.1551,,,4.46,,156.244,True,False,True,False,True,True,,4.97,5.28,-1.08,-1.4,2.96,8.37,,,12.68,201620,,,103.2065,,16.06,16.44,14.40147,-8.68402,0.98,-0.37,0.51,2026-09-10T00:00:00,2020-03-26T00:00:00,3/26/2020,1585180800,2026-08-14T00:00:00
295,RFMZ,-0.0722,7.0372,7.58491,0.0804,9.32,21,Morningstar US CEF Municipal,94,"RiverNorth Capital Management, LLC",True,12.72,-0.13,13.71,2026-09-10T00:00:00,76883Y107,RiverNorth Flexible Municipal Income II,2026-09-10,XRFZX,Fixed Income - Municipal-Municipal,41.61,309.754,,Monthly,0.07449,0.0804,20.0,5.1719,,,0.0,,571.793,True,False,True,False,True,True,,5.18,6.07,-0.71,-2.46,2.81,8.31,,,12.26,743190,,,102.4874,,15.2,15.07,13.05258,-9.23799,1.4100000000000001,0.11,0.8300000000000001,2026-09-10T00:00:00,2021-02-24T00:00:00,2/24/2021,1614124800,2026-08-14T00:00:00
296,RMMZ,-0.0626,7.04812,7.5189900000000005,0.0891,8.97,21,Morningstar US CEF Municipal,94,"RiverNorth Capital Management, LLC",False,14.22,-0.19,15.17,2026-09-10T00:00:00,76882M104,RiverNorth Manage Dur Muni Inc Fd II Inc,2026-09-10,XRMZX,Fixed Income - Municipal-Municipal,42.06,120.23,,Monthly,0.09213,0.0891,20.0,5.1983,,,4.48,,221.377,True,False,True,False,False,True,,4.79,6.27,,,2.73,7.64,,,9.61,213840,,,103.2456,,15.23,13.91,14.81051,-6.95233,0.73,0.35000000000000003,0.64,2026-09-10T00:00:00,2022-02-10T00:00:00,2/10/2022,1644451200,2026-08-14T00:00:00
297,RMM,-0.038900000000000004,7.06815,7.35456,0.0847,9.15,21,Morningstar US CEF Municipal,94,"RiverNorth Capital Management, LLC",False,13.82,-0.18,14.38,2026-09-10T00:00:00,76882H105,RiverNorth Managed Duration Muni Inc Fd,2026-09-10,XRMMX,Fixed Income - Municipal-Municipal,41.88,272.802,,Monthly,0.06903000000000001,0.0847,20.0,5.1325,,,4.31,,488.366,True,False,True,False,False,True,,5.01,4.85,0.37,-0.9,2.7,10.25,,,14.37,631340,,,103.1319,,9.8,16.2,14.19927,-6.15193,1.19,-0.04,0.65,2026-09-10T00:00:00,2019-07-25T00:00:00,7/25/2019,1564012800,2026-08-14T00:00:00
298,RMI,-0.0385,7.02767,7.30935,0.08889999999999999,9.45,21,Morningstar US CEF Municipal,94,"RiverNorth Capital Management, LLC",False,14.595,-0.24,15.18,2026-09-10T00:00:00,76883F108,RiverNorth Opp Muni Income Fund Inc,2026-09-10,XRMIX,Fixed Income - Municipal-Municipal,40.86,93.036,,Monthly,0.08216,0.08889999999999999,20.0,5.1582,,,4.43,,163.611,True,False,True,False,False,True,,4.93,5.85,-1.08,-0.53,3.04,11.17,,,17.37,216840,,,102.9981,,15.85,16.15,15.03739,-5.45944,0.5700000000000001,-0.63,-0.34,2026-09-10T00:00:00,2018-10-25T00:00:00,10/25/2018,1540425600,2026-08-14T00:00:00
299,RIV,-0.096,13.19192,14.59218,0.1306,10.73,26,Morningstar US CEF US Allocation,94,"RiverNorth Capital Management, LLC",True,10.74,-0.07,11.88,2026-09-10T00:00:00,76881Y109,RiverNorth Opportunities Fund,2026-09-10,XRIVX,Hybrid-U.S. Allocation,26.07,293.967,,Monthly,-0.12127,0.1306,20.0,6.4636,,,1.9100000000000001,,439.841,True,False,False,False,True,True,,14.23,12.61,7.27,3.14,5.43,1.98,,,0.35000000000000003,992040,,,99.6122,,,,11.60928,-5.76258,-2.04,-1.5899999999999999,-2.31,2026-09-10T00:00:00,2015-12-23T00:00:00,12/23/2015,1450828800,2026-08-14T00:00:00
300,OPP,-0.09609999999999999,13.44828,14.87738,0.091,6.71,14,Morningstar US CEF High Yield,94,"RiverNorth Capital Management, LLC",True,7.34,-0.09,8.12,2026-09-10T00:00:00,76882G107,RiverNorth/DoubleLine Strategic Opp Fund,2026-09-10,XOPPX,Fixed Income - Taxable-High Yield,37.97,183.428,,Monthly,0.32888,0.091,20.0,4.9871,,,2.8,,327.112,True,False,False,False,True,True,,10.09,10.81,2.74,0.41000000000000003,2.22,3.2,,,-0.59,1034790,,,75.0069,,,,7.85281,-8.5404,-0.62,-1.46,-0.8300000000000001,2026-09-10T00:00:00,2016-09-27T00:00:00,9/27/2016,1474934400,2026-08-14T00:00:00
301,RVI,0.1343,,,,,5,Morningstar US CEF Global Equity,95,"Robinhood Ventures DE, LLC",True,28.38,-5.57,25.02,2026-06-30T00:00:00,770701100,Robinhood Ventures Fund I,2026-09-10,XRVIX,Equity-Global Equity,,773.276,,Annually,,,25.0,,,,2.72,,681.725,False,True,True,False,True,False,,,,,,,,,,,0,,,,,,,,,,-0.35000000000000003,,2026-09-10T00:00:00,2026-03-06T00:00:00,3/6/2026,1772755200,
302,BOT,1.2969,,,,,8,Morningstar US CEF Sector Equity,52,"FP Strategies, LLC",True,27.5,0.48,11.35,2026-08-31T00:00:00,77106T107,RoboStrategy Inc,2026-09-10,XBOTX,Equity-Sector Equity,,,,,,,,,,,0.0,,,False,True,True,False,True,False,,,,,,,,,,,0,,,,,,,,,,,,2026-09-10T00:00:00,2026-05-11T00:00:00,5/11/2026,1778457600,
303,RGT,-0.16940000000000002,1.09133,1.31397,0.19,21.45,5,Morningstar US CEF Global Equity,96,Royce Investment Partners,False,14.46,-0.72,17.41,2026-09-09T00:00:00,78081T104,"Royce Global Trust, Inc.",2026-09-10,XRGTX,Equity-Global Equity,2.11,94.899,,Annually,0.26180000000000003,0.19,8.975,,,,1.35,,114.259,True,True,False,False,False,False,,19.33,21.56,6.01,4.54,16.73,16.86,,,22.08,208030,,,,,,,13.877320000000001,-14.7356,-1.9500000000000002,-2.05,-2.13,2026-09-10T00:00:00,2013-10-18T00:00:00,10/18/2013,1382054400,2025-12-11T00:00:00
304,RMT,-0.12560000000000002,5.9240200000000005,6.77467,0.22999999999999998,43.52,10,Morningstar US CEF US Equity,96,Royce Investment Partners,True,13.58,-0.4,15.53,2026-09-09T00:00:00,780915104,Royce Micro-Cap Trust,2026-09-10,XOTCX,Equity-U.S. Equity,3.44,735.921,,Quarterly,-0.0471,0.22999999999999998,10.0,,,,1.3900000000000001,,871.594,True,True,False,False,True,False,,23.07,25.43,10.61,12.24,35.64,38.55,,,47.84,1199840,,,,,,,12.16935,-11.41704,-1.55,-1.5,-1.76,2026-09-10T00:00:00,1993-12-14T00:00:00,12/14/1993,755827200,2026-09-11T00:00:00
305,RVT,-0.11689999999999999,6.46548,7.32105,0.3278,22.96,10,Morningstar US CEF US Equity,96,Royce Investment Partners,True,17.91,-0.54,20.28,2026-09-09T00:00:00,780910105,Royce Small-Cap Trust,2026-09-10,XRVTX,Equity-U.S. Equity,1.5899999999999999,2225.295,,Quarterly,0.08396,0.3278,10.0,,,,1.35,,2519.764,True,True,False,False,True,False,,17.08,19.67,7.75,8.62,19.44,19.48,,,25.96,2704830,,,,,,,17.34372,-9.75592,-1.04,0.03,-0.78,2026-09-10T00:00:00,1986-11-26T00:00:00,11/26/1986,533347200,2026-09-11T00:00:00
306,BRW,-0.124,9.58678,10.9434,0.057999999999999996,0.2,19,Morningstar US CEF Senior Loans,97,"Saba Capital Management, LP",False,6.36,-0.01,7.26,2026-09-10T00:00:00,78518H202,Saba Capital Income & Opportunities Fund,2026-09-10,XPPRX,Fixed Income - Taxable-Senior Loans,12.32,330.307,,Monthly,0.07357,0.057999999999999996,10.0,,,,5.82,,430.048,True,False,False,False,False,False,,9.28,8.76,7.52,7.25,4.19,3.6,,,-7.6,2706160,,,,,6.5,,6.88231,-10.80664,-0.8300000000000001,-1.63,-0.99,2026-09-10T00:00:00,1988-05-12T00:00:00,5/12/1988,579398400,2026-09-09T00:00:00
307,SABA,-0.1444,7.33404,8.57143,0.057999999999999996,2.4,13,Morningstar US CEF Global Income,97,"Saba Capital Management, LP",False,8.12,-0.06,9.49,2026-09-10T00:00:00,880198205,Saba Capital Income & Ops Fund II,2026-09-10,XSABX,Fixed Income - Taxable-Global Income,,219.153,,Monthly,0.07175000000000001,0.057999999999999996,10.0,7.8815,,7.8100000000000005,4.58,,256.129,False,False,False,False,False,False,,11.34,9.9,4.64,3.42,6.1,6.0,,,-1.5899999999999999,713290,,,,,,,8.43585,-12.46178,-1.29,-1.42,-1.25,2026-09-10T00:00:00,1988-03-17T00:00:00,3/17/1988,574560000,2026-08-11T00:00:00
308,SPMC,0.024399999999999998,25.50478,24.89627,0.13,-33.74,19,Morningstar US CEF Senior Loans,99,Sound Point Meridian Management Company LLC,True,9.64,-0.63,9.61,2026-07-31T00:00:00,83617A108,Sound Point Meridian Capital Inc,2026-09-10,,Fixed Income - Taxable-Senior Loans,46.36,203.272,,Monthly,1.06488,0.13,20.0,,,,10.95,,369.936,True,False,True,False,True,False,,,,,,-21.15,-14.84,,,-30.25,285000,,,,,,,12.32215,-0.6325400000000001,0.4,-0.04,0.1,2026-09-10T00:00:00,2024-06-14T00:00:00,6/14/2024,1718323200,2026-08-14T00:00:00
309,SOR,-0.0796,4.97433,5.40454,0.20829999999999999,14.9,26,Morningstar US CEF US Allocation,48,"First Pacific Advisors, LP",True,46.25,0.21,50.25,2026-09-10T00:00:00,836144303,Source Capital,2026-09-10,XSORX,Hybrid-U.S. Allocation,0.0,380.682,,Monthly,0.8443200000000001,0.20829999999999999,17.5,3.0678,,,0.9800000000000001,,413.606,True,False,False,False,True,False,,14.83,15.72,9.21,9.2,8.68,6.45,,,12.72,108730,,,,,,,46.34977,-5.21686,-1.09,0.14,-0.53,2026-09-10T00:00:00,1968-10-24T00:00:00,10/24/1968,-37497600,2026-08-13T00:00:00
310,SPE,-0.1489,8.33482,9.79279,0.10869999999999999,2.83,10,Morningstar US CEF US Equity,22,Bulldog Investors LLP,False,13.32,-0.25,15.65,2026-09-04T00:00:00,84741T104,Special Opportunities,2026-09-10,XSPEX,Equity-U.S. Equity,25.16,141.5,,Monthly,0.3212,0.10869999999999999,15.0,5.1616,,19.11,1.8599999999999999,,222.147,True,False,False,False,False,False,,14.61,17.57,8.64,8.64,1.78,-1.6,,,-0.56,344690,,,,,,,14.44892,-10.95549,-1.92,-0.96,-1.28,2026-09-10T00:00:00,1993-06-08T00:00:00,6/8/1993,739497600,2026-08-18T00:00:00
311,FUND,-0.08689999999999999,5.17384,5.6663499999999996,0.1503,35.29,10,Morningstar US CEF US Equity,101,Sprott Asset Management USA Inc.,True,10.61,-0.04,11.62,2026-09-10T00:00:00,85208J109,Sprott Focus Trust,2026-09-10,XFUNX,Equity-U.S. Equity,0.0,317.194,,Quarterly,0.09339,0.1503,10.0,,,,1.13,,347.388,True,True,True,False,True,False,,17.85,17.45,12.6,12.69,26.65,25.84,,,37.95,262660,,,,,,,9.4255,-10.47972,2.45,1.55,1.9100000000000001,2026-09-10T00:00:00,1988-03-01T00:00:00,3/1/1988,573177600,2026-06-12T00:00:00
312,CEF,-0.0279,,,,40.59,2,Morningstar US CEF Commodity,100,Sprott Asset Management LP,False,43.86,-1.11,45.12,2026-09-10T00:00:00,85208R101,Sprott Physical Gold and Silver Trust,2026-09-10,XCEFX,Equity-Commodities,,7479.898,,Data Not Available,0.0,,13.72,,,,0.46,,7694.779,False,False,True,False,False,False,,33.92,34.97,20.16,20.48,-1.6600000000000001,-0.52,,,41.36,10457670,,,,,,,44.82142,-4.34867,1.11,1.2,1.51,2026-09-10T00:00:00,2018-01-16T00:00:00,1/16/2018,1516060800,
313,PHYS,-0.023,,,,27.82,2,Morningstar US CEF Commodity,100,Sprott Asset Management LP,False,32.67,-0.59,33.44,2026-09-10T00:00:00,85207H104,Sprott Physical Gold Trust Unit,2026-09-10,,Equity-Commodities,,15867.614,,Data Not Available,0.0,,10.0,,,,0.4,,16241.598,False,False,False,False,False,False,,30.88,30.68,18.86,18.7,2.29,2.39,,,27.49,49389910,,,,,,,33.51245,-2.27047,-0.06,0.43,0.46,2026-09-10T00:00:00,2010-02-26T00:00:00,2/26/2010,1267142400,
314,SPPP,-0.0298,,,,25.17,2,Morningstar US CEF Commodity,100,Sprott Asset Management LP,False,14.31,-0.9400000000000001,14.75,2026-09-10T00:00:00,85207Q104,Sprott Physical Platinum & Palladium Tr,2026-09-10,,Equity-Commodities,,539.347,,Data Not Available,0.0,,10.0,,,,1.01,,555.931,False,False,True,False,False,False,,10.61,9.4,-2.75,-3.14,-14.44,-12.77,,,21.1,9217180,,,,,,,15.27521,-4.80689,0.86,1.55,2.2,2026-09-10T00:00:00,2012-12-19T00:00:00,12/19/2012,1355875200,
315,PSLV,-0.0369,,,,65.65,2,Morningstar US CEF Commodity,100,Sprott Asset Management LP,False,20.89,-1.17,21.69,2026-09-10T00:00:00,85207K107,Sprott Physical Silver Trust Unit,2026-09-10,,Equity-Commodities,,12702.139,,Data Not Available,0.0,,10.0,,,,0.56,,13188.578,False,False,True,False,False,False,,38.27,37.81,21.55,21.1,-7.65,-7.48,,,62.31,163364850,,,,,,,22.01751,-4.61463,0.6,1.1400000000000001,1.49,2026-09-10T00:00:00,2010-10-29T00:00:00,10/29/2010,1288310400,
316,STEW,-0.2286,3.4057,4.41501,0.19999999999999998,6.51,10,Morningstar US CEF US Equity,85,Paralel Advisors LLC,True,18.12,-0.06,23.49,2026-09-10T00:00:00,101507101,SRH Total Return Fund,2026-09-10,XSTEX,Equity-U.S. Equity,8.99,1747.52,,Quarterly,0.03245,0.19999999999999998,10.0,5.4498,,,1.42,,2489.246,True,True,False,False,True,False,,15.94,15.43,11.02,9.97,5.46,2.96,,,4.08,803100,,,,,0.4,,17.94968,-21.57794,-1.34,-0.17,-0.76,2026-09-10T00:00:00,1972-12-07T00:00:00,12/7/1972,92534400,2026-07-24T00:00:00
317,TWN,-0.1868,5.02407,6.17796,6.2002,128.82,1,Morningstar US CEF Asia Equity,80,Nomura Asset Management USA Inc,False,100.36,-3.15,123.41,2026-09-10T00:00:00,874036106,Taiwan Fund,2026-09-10,XXTWNXX,Equity-Asia Equity,,576.271,,Annually,0.0,6.2002,22.42,,,,1.32,,708.625,False,True,False,False,False,False,,58.42,64.19,31.53,32.9,95.92,91.2,,,126.91,312350,,,,,,,72.83725,-15.87644,-1.25,-0.73,-0.84,2026-09-10T00:00:00,1986-12-23T00:00:00,12/23/1986,535680000,2025-12-29T00:00:00
318,TSI,-0.09960000000000001,7.04564,7.82488,0.0283,0.38,17,Morningstar US CEF Multi-Sector,102,TCW Investment Management Co LLC,False,4.34,-0.02,4.82,2026-09-10T00:00:00,872340104,TCW Strategic Income,2026-09-10,XXCVTXX,Fixed Income - Taxable-Multi-Sector,0.0,207.389,,Monthly,0.16068,0.0283,10.0,4.6909,,,1.17,,230.326,True,False,False,False,False,False,,6.15,5.86,3.01,2.09,-1.25,-7.24,,,-3.93,1237170,,,97.6881,,,,4.68238,-6.95095,-1.71,-1.54,-1.53,2026-09-10T00:00:00,1987-03-05T00:00:00,3/5/1987,541900800,2026-08-17T00:00:00
319,TDF,-0.1565,4.8899799999999995,5.7971,0.15,0.75,1,Morningstar US CEF Asia Equity,103,Templeton Asset Management Ltd.,False,10.35,-0.23,12.27,2026-09-09T00:00:00,88018T101,Templeton Dragon,2026-09-10,XTDFX,Equity-Asia Equity,0.67,259.533,,Quarterly,0.07077,0.15,15.0,,,,1.21,,309.762,True,False,False,False,False,False,,7.88,8.7,-5.98,-7.15,-2.22,-1.53,,,0.85,736900,,,,,,,11.19886,-14.15763,-1.7000000000000002,-1.24,-1.25,2026-09-10T00:00:00,1994-09-20T00:00:00,9/20/1994,780019200,2026-06-23T00:00:00
320,TEI,-0.06709999999999999,9.06294,9.71514,0.054,25.07,12,Morningstar US CEF Emerging Market Income,53,"Franklin Advisers, Inc.",False,6.67,-0.12,7.15,2026-09-09T00:00:00,880192109,Templeton Emerg Mkts Income,2026-09-10,XTEIX,Fixed Income - Taxable-Emerging Market Income,16.14,315.014,,Monthly,0.37173,0.054,15.0,8.0859,,,2.37,,402.683,True,True,False,False,False,False,,20.17,23.76,7.43,8.8,10.97,11.32,,,25.82,1856080,,,,,5.59,,6.50457,-5.83322,-0.55,-1.12,-0.26,2026-09-10T00:00:00,1993-09-23T00:00:00,9/23/1993,748742400,2026-08-24T00:00:00
321,EMF,-0.1272,3.73541,4.27998,0.24,64.97,4,Morningstar US CEF Emerging Market Equity,55,Franklin Templeton Investments,False,22.43,-0.59,25.7,2026-09-09T00:00:00,880191101,Templeton Emerging Markets,2026-09-10,XEMFX,Equity-Emerging Market Equity,2.54,335.281,,Quarterly,0.05477,0.24,20.0,,,,1.34,,394.161,True,True,False,False,False,False,,32.89,35.99,13.05,14.2,36.26,34.87,,,68.6,414080,,,,,,,19.62267,-10.11673,-1.75,-2.04,-1.92,2026-09-10T00:00:00,1987-02-26T00:00:00,2/26/1987,541296000,2026-06-23T00:00:00
322,CEE,-0.136,1.67721,1.9413200000000002,0.3871,48.74,4,Morningstar US CEF Emerging Market Equity,40,DWS,False,19.94,-0.41000000000000003,23.08,2026-09-09T00:00:00,153436100,The Central and Eastern Europe Fund,2026-09-10,XCEEX,Equity-Emerging Market Equity,4.73,130.013,,Annually,0.05509,0.3871,19.0,,,,1.26,,157.949,True,True,False,False,False,False,,42.68,34.77,-4.18,-3.46,32.54,12.37,,,24.42,270810,,,,,,,18.73128,-2.09781,-3.27,-1.76,-2.52,2026-09-10T00:00:00,1990-03-06T00:00:00,3/6/1990,636681600,2025-12-30T00:00:00
323,TBLD,-0.0919,5.29678,5.83313,0.10417,19.27,25,Morningstar US CEF Global Allocation,105,Thornburg Investment Management Inc,False,21.43,-0.44,23.49,2026-09-09T00:00:00,885213108,Thornburg Income Builder Opp Trust,2026-09-10,XTBLX,Hybrid-Global Allocation,0.07,687.515,,Monthly,0.26058,0.10417,20.0,5.5363,,,1.62,,757.65,True,True,False,False,False,True,,17.64,21.58,10.09,9.54,13.25,14.75,,,18.25,599360,,,87.9215,,,,21.21864,-5.70686,-2.7800000000000002,-3.6,-3.15,2026-09-10T00:00:00,2021-07-27T00:00:00,7/27/2021,1627344000,2026-09-11T00:00:00
324,TYG,-0.0404,12.45085,12.97519,0.475,10.18,6,Morningstar US CEF MLP,106,"Tortoise Capital Advisors, LLC",False,43.93,1.03,45.78,2026-09-09T00:00:00,89147L886,Tortoise Energy Infrastructure Corp.,2026-09-10,XTYGX,Equity-MLP,27.07,928.223,,Monthly,-0.21128,0.475,25.0,,,,3.13,,1326.315,True,False,True,False,False,False,,18.49,25.37,15.27,21.36,10.93,15.91,,,15.69,1294470,,,,,0.25,,44.60617,-4.86552,0.25,0.78,0.06,2026-09-10T00:00:00,2004-02-27T00:00:00,2/27/2004,1077840000,2026-08-24T00:00:00
325,SWZ,-0.19920000000000002,7.90298,9.8687,3.0,4.96,9,Morningstar US CEF Single Country Equity,22,Bulldog Investors LLP,False,5.91,-0.05,7.38,2026-09-09T00:00:00,870875101,Total Return Securities Fund,2026-09-10,XSWZX,Equity-Single-Country Equity,0.0,76.676,,Quarterly,0.02228,3.0,8.0,5.0717,,19.19,2.21,,95.747,True,False,False,False,False,False,,3.16,2.99,1.0,0.54,7.08,-3.7,,,-0.8300000000000001,662600,,,,,,7.94,6.0211500000000004,-16.43889,-1.17,-0.32,-0.97,2026-09-10T00:00:00,1987-08-27T00:00:00,8/27/1987,557020800,2025-03-18T00:00:00
326,TY,-0.1151,3.01629,3.40852,0.29619999999999996,16.8,26,Morningstar US CEF US Allocation,31,"Columbia Mgmt Investment Advisers, LLC",False,34.76,-0.43,39.28,2026-09-09T00:00:00,895436103,Tri-Continental,2026-09-10,XTYCX,Hybrid-U.S. Allocation,1.76,1860.202,,Quarterly,0.57554,0.29619999999999996,10.0,6.0621,,,0.46,,2139.729,True,True,False,False,False,False,,16.73,19.29,9.39,10.9,11.65,12.47,,,18.27,353150,,,,,4.48,,33.9641,-10.24823,-1.58,-2.56,-1.3900000000000001,2026-09-10T00:00:00,1929-01-14T00:00:00,1/14/1929,-1292716800,2026-06-16T00:00:00
327,DHY,-0.1198,9.6875,11.00592,0.0155,-3.11,14,Morningstar US CEF High Yield,107,UBS Asset Management (Americas) LLC,False,1.69,-0.01,1.92,2026-09-09T00:00:00,22544F103,UBS Asset Management High Yield Credit,2026-09-10,XDHYX,Fixed Income - Taxable-High Yield,30.67,175.1,,Monthly,0.08308,0.0155,10.0,6.998,,,3.62,,286.925,True,False,False,False,False,False,,5.59,6.12,2.8,1.52,-3.66,-9.06,,,-10.32,6340990,,,98.7615,,5.73,,1.90034,-6.92499,-1.58,-1.8900000000000001,-1.17,2026-09-10T00:00:00,1998-07-31T00:00:00,7/31/1998,901843200,2026-08-17T00:00:00
328,CIK,-0.114,8.82353,9.95851,0.02,1.7000000000000002,14,Morningstar US CEF High Yield,107,UBS Asset Management (Americas) LLC,False,2.41,-0.02,2.71,2026-09-09T00:00:00,224916106,UBS Asset Management Income,2026-09-10,XCIKX,Fixed Income - Taxable-High Yield,33.32,132.212,,Monthly,0.11479,0.02,10.0,6.9712,,,3.7,,223.775,True,False,False,False,False,False,,7.53,5.67,4.22,2.0,1.69,-8.47,,,-9.38,4676360,,,98.7034,,5.73,,2.66733,-4.30515,-1.6400000000000001,-2.18,-1.63,2026-09-10T00:00:00,1987-03-23T00:00:00,3/23/1987,543456000,2026-08-17T00:00:00
329,AIO,-0.0906,7.70603,8.47391,0.18,30.39,8,Morningstar US CEF Sector Equity,108,"Virtus Investment Advisers, LLC",False,25.49,-0.41000000000000003,28.03,2026-09-09T00:00:00,92838Y100,Virtus AI & Tech Opp Fund,2026-09-10,XAIOX,Equity-Sector Equity,11.87,877.851,,Monthly,0.025490000000000002,0.18,20.0,4.6834,,,2.32,,1095.326,True,True,False,False,False,False,,23.61,25.07,10.35,11.76,21.09,27.18,,,22.02,838930,,,,,,,24.28307,-8.51372,-0.23,-0.41000000000000003,0.34,2026-09-10T00:00:00,2019-10-31T00:00:00,10/31/2019,1572480000,2026-08-13T00:00:00
330,NCV,-0.0962,9.12752,10.09901,0.13599999999999998,20.31,11,Morningstar US CEF Convertibles,108,"Virtus Investment Advisers, LLC",False,16.16,-0.32,17.88,2026-09-09T00:00:00,92838X805,Virtus Convertible & Income Fund,2026-09-10,XNCVX,Fixed Income - Taxable-Convertibles,34.16,365.109,0.012,Monthly,0.12557000000000001,0.13599999999999998,15.0,4.2431,,,2.8200000000000003,,613.529,True,True,True,False,False,False,,16.62,20.34,3.24,3.74,11.18,17.77,,,24.92,861740,,,112.1538,,6.02,,16.11,-9.89545,0.2,-0.37,0.09,2026-09-10T00:00:00,2003-03-31T00:00:00,3/31/2003,1049068800,2026-08-13T00:00:00
331,NCZ,-0.061,8.867,9.44262,0.12,21.33,11,Morningstar US CEF Convertibles,108,"Virtus Investment Advisers, LLC",False,15.25,-0.17,16.24,2026-09-09T00:00:00,92838U801,Virtus Convertible & Income Fund II,2026-09-10,XNCZX,Fixed Income - Taxable-Convertibles,34.88,290.191,0.0,Monthly,0.10316,0.12,15.0,4.1644,,,2.22,,474.552,True,True,True,False,False,False,,17.24,21.23,3.35,4.86,11.83,19.16,,,25.52,645880,,,111.4938,,6.05,,14.64919,-9.47267,1.98,0.9400000000000001,1.57,2026-09-10T00:00:00,2003-07-31T00:00:00,7/31/2003,1059609600,2026-08-13T00:00:00
332,ACV,-0.0317,8.04469,8.307690000000001,0.18,22.22,26,Morningstar US CEF US Allocation,108,"Virtus Investment Advisers, LLC",False,26.0,-0.5,26.85,2026-09-09T00:00:00,92840N100,Virtus Diversified Inc & Conv Fund,2026-09-10,XACVX,Hybrid-U.S. Allocation,27.33,270.297,,Monthly,-0.00934,0.18,25.0,3.5932,,,3.63,,384.133,True,False,False,False,False,True,,19.57,22.09,7.14,7.35,12.49,5.19,,,25.35,292520,,,,,74.56,,26.38353,-0.38291000000000003,-0.79,-1.18,-0.55,2026-09-10T00:00:00,2015-05-26T00:00:00,5/26/2015,1432598400,2026-08-13T00:00:00
333,NIE,-0.1015,8.06115,8.97138,0.58,16.7,26,Morningstar US CEF US Allocation,108,"Virtus Investment Advisers, LLC",False,25.86,-0.2,28.78,2026-09-09T00:00:00,92841M101,Virtus Equity & Convertible Inc Fund,2026-09-10,XNIEX,Hybrid-U.S. Allocation,,716.554,0.0,Quarterly,0.03966,0.58,25.0,2.0791,,,1.07,,797.464,False,True,True,False,False,False,,16.38,17.16,7.72,9.1,9.46,8.61,,,15.79,601320,,,,,,,25.56782,-10.4212,0.28,0.7000000000000001,1.13,2026-09-10T00:00:00,2007-02-27T00:00:00,2/27/2007,1172534400,2026-06-15T00:00:00
334,VGI,-0.0661,12.45136,13.33333,0.08,6.38,17,Morningstar US CEF Multi-Sector,108,"Virtus Investment Advisers, LLC",True,7.2,-0.09,7.71,2026-09-10T00:00:00,92829B101,Virtus Global Multi-Sector Income Fund,2026-09-10,XVGIX,Fixed Income - Taxable-Multi-Sector,31.01,81.454,,Monthly,0.22072,0.08,20.0,6.035,,7.5,3.98,,126.424,True,False,False,False,True,False,,8.67,11.68,1.6400000000000001,2.09,2.22,1.99,,,4.08,364400,,,97.9305,,,,7.63256,-5.87019,-0.64,0.18,0.22,2026-09-10T00:00:00,2012-02-23T00:00:00,2/23/2012,1329955200,2026-08-13T00:00:00
335,EDF,0.0762,14.42886,13.40782,0.06,18.87,12,Morningstar US CEF Emerging Market Income,109,Virtus Investment Advisors (VIA),False,5.37,-0.03,4.99,2026-09-10T00:00:00,86164T107,Virtus Stone Harbor Emerging Markets Inc,2026-09-10,XEDFX,Fixed Income - Taxable-Emerging Market Income,21.21,172.775,,Monthly,0.22456,0.06,25.0,6.8639,,,3.13,,203.759,True,True,True,False,False,False,,23.15,20.66,8.05,5.62,10.65,15.89,,,16.83,1554270,,,,,,3.92,5.11806,2.77691,1.35,0.37,0.85,2026-09-10T00:00:00,2010-12-23T00:00:00,12/23/2010,1293062400,2026-08-13T00:00:00
336,ZTR,-0.0858,9.12863,9.98487,0.055,14.5,25,Morningstar US CEF Global Allocation,108,"Virtus Investment Advisers, LLC",False,6.61,-0.07,7.23,2026-09-10T00:00:00,92835W107,Virtus Total Return Fund Inc,2026-09-10,XZTRX,Hybrid-Global Allocation,30.54,330.458,,Monthly,0.10525,0.055,15.0,5.8547,,6.15,3.67,,520.354,True,False,True,False,False,False,,15.83,17.81,6.01,4.86,10.69,14.28,,,16.42,1909350,,,98.4225,,,,6.62847,-10.74123,1.71,1.57,2.2,2026-09-10T00:00:00,2005-02-24T00:00:00,2/24/2005,1109203200,2026-08-13T00:00:00
337,IAE,-0.0446,8.47826,8.87372,0.065,31.64,1,Morningstar US CEF Asia Equity,110,"Voya Investments, LLC",False,8.79,-0.13,9.2,2026-09-09T00:00:00,92912J102,Voya Asia Pacific High Div Eq Inc Fd,2026-09-10,XIAEX,Equity-Asia Equity,,94.495,,Monthly,0.02682,0.065,25.0,,,,1.21,,98.903,False,True,True,False,False,False,,21.74,28.56,10.03,12.7,21.4,29.33,,,35.65,486850,,,,,,,7.99333,-5.6473700000000004,0.48,-1.81,0.19,2026-09-10T00:00:00,2007-03-27T00:00:00,3/27/2007,1174953600,2026-09-01T00:00:00
338,IHD,-0.0453,8.31234,8.70712,0.055,34.2,4,Morningstar US CEF Emerging Market Equity,110,"Voya Investments, LLC",False,7.58,-0.1,7.9399999999999995,2026-09-09T00:00:00,92912P108,Voya Emerging Markets High Div Eq Fd,2026-09-10,XIHDX,Equity-Emerging Market Equity,,134.438,,Monthly,0.02083,0.055,20.0,,,,1.4100000000000001,,140.823,False,True,True,False,False,False,,21.97,28.6,9.76,12.08,22.16,29.57,,,42.23,793120,,,,,,,6.8959600000000005,-5.40465,0.38,-1.78,-0.41000000000000003,2026-09-10T00:00:00,2011-04-26T00:00:00,4/26/2011,1303776000,2026-09-01T00:00:00
339,IGA,-0.0521,9.31507,9.82659,0.08499999999999999,17.48,3,Morningstar US CEF Covered Call,110,"Voya Investments, LLC",False,10.38,-0.15,10.95,2026-09-09T00:00:00,92912R104,Voya Global Advantage and Premium Opp Fd,2026-09-10,XIGAX,Equity-Covered-Call Funds,,159.244,,Monthly,0.07357,0.08499999999999999,20.0,,,,1.01,,167.988,False,True,True,False,False,False,,14.86,19.84,9.79,11.39,14.17,16.69,,,18.44,596420,,,,,,,9.84936,-6.42281,0.97,1.47,2.09,2026-09-10T00:00:00,2005-10-26T00:00:00,10/26/2005,1130284800,2026-09-01T00:00:00
340,IGD,-0.0277,9.24499,9.50872,0.049999999999999996,16.86,3,Morningstar US CEF Covered Call,110,"Voya Investments, LLC",False,6.31,-0.1,6.49,2026-09-09T00:00:00,92912T100,Voya Global Equity Dividend&Prm Opp Fd,2026-09-10,XIGDX,Equity-Covered-Call Funds,,497.66,,Monthly,0.04503,0.049999999999999996,20.0,,,,0.9600000000000001,,511.857,False,True,True,False,False,False,,14.6,21.05,9.02,11.34,13.84,22.44,,,22.03,2561930,,,,,,,6.0055,-3.69016,0.37,-2.09,-0.32,2026-09-10T00:00:00,2005-03-28T00:00:00,3/28/2005,1111968000,2026-09-01T00:00:00
341,IDE,-0.0663,8.84304,9.47119,0.09999999999999999,20.8,5,Morningstar US CEF Global Equity,110,"Voya Investments, LLC",True,12.67,-0.36,13.57,2026-09-09T00:00:00,92912X101,Voya Infrastructure Industrials&Matls Fd,2026-09-10,XIDEX,Equity-Global Equity,,192.031,,Monthly,0.02906,0.09999999999999999,20.0,,,,1.23,,205.671,False,False,False,False,True,False,,16.79,21.59,10.03,10.62,12.95,12.43,,,15.1,444790,,,,,,,12.95489,-3.4134,-1.4100000000000001,-1.71,-1.8,2026-09-10T00:00:00,2010-01-26T00:00:00,1/26/2010,1264464000,2026-09-01T00:00:00
342,WDI,-0.1079,12.82014,14.37097,0.1485,4.95,17,Morningstar US CEF Multi-Sector,54,"Franklin Templeton Fund Adviser, LLC",True,12.4,-0.16,13.9,2026-09-09T00:00:00,95790K109,Western Asset Diversified Inc Fund,2026-09-10,XWDIX,Fixed Income - Taxable-Multi-Sector,38.39,643.71,,Monthly,0.82675,0.1485,20.0,8.2668,,,4.25,,1171.156,True,False,False,False,True,True,,9.23,11.14,3.52,2.67,2.85,0.68,,,-2.7199999999999998,2037660,,,96.2566,,,,13.82103,-4.79331,-2.98,-2.5700000000000003,-3.0,2026-09-10T00:00:00,2021-06-24T00:00:00,6/24/2021,1624492800,2026-08-24T00:00:00
343,EMD,-0.06269999999999999,10.51661,11.22047,0.095,10.88,12,Morningstar US CEF Emerging Market Income,54,"Franklin Templeton Fund Adviser, LLC",True,10.16,-0.27,10.84,2026-09-10T00:00:00,95766A101,Western Asset Emerging Markets Debt,2026-09-10,XEMDX,Fixed Income - Taxable-Emerging Market Income,27.15,590.605,,Monthly,0.38634,0.095,20.0,6.0739,,,3.13,,864.934,True,False,False,False,True,False,,13.56,18.35,3.5300000000000002,5.26,3.93,7.33,,,14.83,1953860,,,,,7.15,5.22,10.58946,-5.02222,-0.76,-2.29,-0.71,2026-09-10T00:00:00,2003-12-01T00:00:00,12/1/2003,1070236800,2026-08-24T00:00:00
344,GDO,-0.09539999999999998,13.297,14.6988,0.122,2.9699999999999998,13,Morningstar US CEF Global Income,54,"Franklin Templeton Fund Adviser, LLC",False,9.96,-0.09,11.01,2026-09-10T00:00:00,95790C107,Western Asset Global Corp Opp,2026-09-10,XGDOX,Fixed Income - Taxable-Global Income,33.76,74.893,,Monthly,0.40556000000000003,0.122,20.0,5.9578,,,4.47,,124.979,True,False,False,False,False,False,,7.1,6.05,0.01,-0.99,0.65,-5.95,,,-3.46,315600,,,,,,,11.16428,-5.28913,-2.11,-1.6800000000000002,-2.12,2026-09-10T00:00:00,2009-11-27T00:00:00,11/27/2009,1259280000,2026-08-24T00:00:00
345,EHI,-0.1108,13.29114,14.94662,0.06999999999999999,6.01,14,Morningstar US CEF High Yield,55,Franklin Templeton Investments,False,5.62,-0.04,6.32,2026-09-10T00:00:00,95766B109,Western Asset Global High Income,2026-09-10,XEHIX,Fixed Income - Taxable-High Yield,32.13,170.285,,Monthly,0.29517,0.06999999999999999,15.0,7.3478,,,3.49,,282.152,True,False,False,False,False,False,,8.68,5.42,1.2,0.1,3.4,-2.46,,,-1.35,1090630,,,97.2695,,,,6.18492,-6.8484300000000005,-2.09,-2.33,-2.12,2026-09-10T00:00:00,2003-07-28T00:00:00,7/28/2003,1059350400,2026-08-24T00:00:00
346,HIX,-0.045,14.7,15.39267,0.048999999999999995,5.46,14,Morningstar US CEF High Yield,55,Franklin Templeton Investments,False,3.8200000000000003,-0.04,4.0,2026-09-10T00:00:00,95766J102,Western Asset High Income II,2026-09-10,XHGIX,Fixed Income - Taxable-High Yield,32.4,344.066,,Monthly,0.19291,0.048999999999999995,15.0,7.3734,,,3.76,,532.937,True,False,False,False,False,False,,9.28,7.44,1.7000000000000002,0.33,2.95,4.44,,,5.36,3401290,,,97.4179,,,,4.08303,-3.65077,-0.59,-1.01,-0.03,2026-09-10T00:00:00,1998-05-28T00:00:00,5/28/1998,896313600,2026-08-24T00:00:00
347,HIO,-0.10210000000000001,11.15183,12.41983,0.0355,5.03,14,Morningstar US CEF High Yield,54,"Franklin Templeton Fund Adviser, LLC",False,3.43,-0.02,3.82,2026-09-10T00:00:00,95766K109,Western Asset High Income Opportunity,2026-09-10,XHIOX,Fixed Income - Taxable-High Yield,,326.19,,Monthly,0.15621000000000002,0.0355,12.5,7.5884,,,0.93,,363.279,False,False,False,False,False,False,,7.49,8.27,2.24,2.0,2.94,1.71,,,-1.6,4132310,,,97.8285,,,,3.69898,-6.85928,-2.35,-2.0,-2.5,2026-09-10T00:00:00,1993-11-16T00:00:00,11/16/1993,753408000,2026-08-24T00:00:00
348,HYI,-0.09570000000000001,10.09743,11.16552,0.095,3.79,14,Morningstar US CEF High Yield,54,"Franklin Templeton Fund Adviser, LLC",False,10.21,-0.05,11.29,2026-09-10T00:00:00,95768B107,Western Asset High Yield Opp Fund,2026-09-10,XHYIX,Fixed Income - Taxable-High Yield,,130.831,,Monthly,0.50391,0.095,20.0,7.6643,,,1.07,,144.67,False,False,False,False,False,True,,6.72,6.47,2.36,1.2,2.5,-0.16,,,-3.67,610880,,,97.5157,,,,10.94605,-6.89985,-1.43,-2.49,-2.15,2026-09-10T00:00:00,2010-10-27T00:00:00,10/27/2010,1288137600,2026-08-24T00:00:00
349,PAI,-0.0761,4.94505,5.35259,0.0525,2.19,15,Morningstar US CEF Investment Grade,55,Franklin Templeton Investments,False,11.77,0.0,12.74,2026-09-10T00:00:00,95766T100,Western Asset Income,2026-09-10,XPAIX,Fixed Income - Taxable-Investment Grade,8.93,111.944,,Monthly,0.32901,0.0525,12.0,6.095,,,0.77,,121.17,True,False,False,False,False,False,,5.72,5.9,0.09,-1.0,-0.1,-1.88,,,-0.52,182190,,,99.0566,,,,12.32995,-6.53931,-0.89,-0.14,-0.41000000000000003,2026-09-10T00:00:00,1972-12-21T00:00:00,12/21/1972,93744000,2026-08-24T00:00:00
350,WIW,-0.1082,8.11688,9.10194,0.0625,2.51,15,Morningstar US CEF Investment Grade,112,"Western Asset Management Company, LLC",True,8.24,-0.02,9.24,2026-09-10T00:00:00,95766R104,Western Asset Infl-Linked Opps & Inc Fd,2026-09-10,XWIWX,Fixed Income - Taxable-Investment Grade,25.87,504.157,,Monthly,0.23593,0.0625,15.0,2.5526,,,2.59,,762.635,True,False,False,False,True,False,,4.72,7.4,-0.59,0.37,1.58,2.5,,,1.33,2363510,,,93.4475,,,4.02,8.58674,-10.487400000000001,-0.48,0.21,0.34,2026-09-10T00:00:00,2004-02-27T00:00:00,2/27/2004,1077840000,2026-08-24T00:00:00
351,WIA,-0.106,7.11517,7.95918,0.052,2.14,15,Morningstar US CEF Investment Grade,112,"Western Asset Management Company, LLC",True,7.84,-0.02,8.77,2026-09-10T00:00:00,95766Q106,Western Asset Inflation-Linked Income Fd,2026-09-10,XWIAX,Fixed Income - Taxable-Investment Grade,26.25,182.846,,Monthly,0.21076,0.052,15.0,2.4424,,,2.91,,277.346,True,False,False,False,True,False,,4.6,6.6,-1.09,-1.04,1.29,0.56,,,1.26,395860,,,93.5321,,,4.02,8.19343,-9.7467,-1.45,-1.6400000000000001,-1.31,2026-09-10T00:00:00,2003-09-30T00:00:00,9/30/2003,1064880000,2026-08-24T00:00:00
352,SBI,-0.0748,6.28429,6.79245,0.041999999999999996,4.47,21,Morningstar US CEF Municipal,54,"Franklin Templeton Fund Adviser, LLC",False,7.42,-0.06,8.02,2026-09-10T00:00:00,958435109,Western Asset Intermediate Muni,2026-09-10,XSBIX,Fixed Income - Municipal-Municipal,30.64,104.491,,Monthly,0.13919,0.041999999999999996,10.0,4.7529,,,2.6,,162.822,True,False,True,False,False,False,,3.19,7.01,-0.51,0.15,0.16,3.48,,,6.28,422660,11.06,,101.4543,,8.3,5.8100000000000005,7.78639,-8.24107,0.9400000000000001,0.16,0.65,2026-09-10T00:00:00,1992-03-02T00:00:00,3/2/1992,699494400,2026-08-24T00:00:00
353,IGI,-0.0753,5.05039,5.46154,0.071,2.35,15,Morningstar US CEF Investment Grade,54,"Franklin Templeton Fund Adviser, LLC",False,15.6,-0.15,16.87,2026-09-10T00:00:00,95790A101,Western Asset Invstm Grd Opp Tr Inc,2026-09-10,XIGIX,Fixed Income - Taxable-Investment Grade,,93.501,,Monthly,0.43967,0.071,20.0,6.1913,,,0.93,,101.113,False,False,False,False,False,False,,5.02,5.02,-0.38,-1.1,0.04,0.92,,,2.04,160090,,,99.2391,,,,16.28143,-6.83601,-1.0,-0.68,-0.65,2026-09-10T00:00:00,2009-06-26T00:00:00,6/26/2009,1245974400,2026-08-24T00:00:00
354,MMU,-0.066,6.34951,6.79834,0.0545,6.04,21,Morningstar US CEF Municipal,55,Franklin Templeton Investments,False,9.62,-0.1,10.3,2026-09-10T00:00:00,95766M105,Western Asset Managed Municipals,2026-09-10,XMMUX,Fixed Income - Municipal-Municipal,34.51,525.433,,Monthly,0.14102,0.0545,15.0,4.8353,,,2.7,,859.008,True,False,False,False,False,False,,3.48,8.16,-0.97,-0.48,0.02,0.9400000000000001,,,8.81,1274470,10.27,,100.2234,,11.29,7.5,10.33651,-5.98781,-0.6900000000000001,-1.28,-0.66,2026-09-10T00:00:00,1992-06-26T00:00:00,6/26/1992,709516800,2026-08-24T00:00:00
355,DMO,-0.1001,13.10282,14.56016,0.12,5.5600000000000005,14,Morningstar US CEF High Yield,54,"Franklin Templeton Fund Adviser, LLC",False,9.89,-0.1,10.99,2026-09-10T00:00:00,95790B109,Western Asset Mortgage Opp Fund Inc.,2026-09-10,XDMOX,Fixed Income - Taxable-High Yield,46.57,113.014,,Monthly,0.46738,0.12,20.0,7.4224,,,7.87,,235.055,True,False,False,False,False,False,,10.19,11.34,4.49,2.94,3.44,0.97,,,-1.96,487020,,,91.3564,,,,11.0953,-4.11213,-2.05,-3.01,-2.54,2026-09-10T00:00:00,2010-02-26T00:00:00,2/26/2010,1267142400,2026-08-24T00:00:00
356,MHF,-0.0060999999999999995,6.17247,6.21005,0.033999999999999996,5.14,21,Morningstar US CEF Municipal,54,"Franklin Templeton Fund Adviser, LLC",False,6.57,-0.09,6.61,2026-09-10T00:00:00,95766N103,Western Asset Municipal High Income,2026-09-10,XMHFX,Fixed Income - Municipal-Municipal,1.82,146.011,,Monthly,0.11955,0.033999999999999996,10.0,4.7957,,,0.8400000000000001,,149.629,True,False,False,False,False,False,,3.62,8.6,0.71,1.13,0.74,2.85,,,3.8200000000000003,599730,14.87,,100.1728,,7.43,7.3,6.95592,0.5110800000000001,-0.63,-1.72,-0.99,2026-09-10T00:00:00,1988-11-28T00:00:00,11/28/1988,596678400,2026-08-24T00:00:00
357,WEA,-0.0519,7.65027,8.06916,0.06999999999999999,4.54,15,Morningstar US CEF Investment Grade,111,Western Asset Management Company Pte Ltd. â Singapore,False,10.41,0.08,10.98,2026-09-10T00:00:00,957664105,Western Asset Premier Bond,2026-09-10,XWEAX,Fixed Income - Taxable-Investment Grade,32.8,123.521,,Monthly,0.40488,0.06999999999999999,15.0,6.2566,,,3.55,,193.885,True,False,False,False,False,False,,7.63,7.09,1.4,0.92,1.5,0.15,,,2.7,286460,,,96.9254,,,,10.83394,-5.00551,-0.12,2.18,1.5899999999999999,2026-09-10T00:00:00,2002-03-28T00:00:00,3/28/2002,1017273600,2026-08-24T00:00:00
358,MCN,-0.1011,11.55698,12.85714,0.06,7.46,3,Morningstar US CEF Covered Call,113,XA Investments LLC,False,5.6,-0.05,6.23,2026-09-10T00:00:00,557437100,XAI Madison Equity Premium Income Fund,2026-09-10,XMCNX,Equity-Covered-Call Funds,0.01,118.254,,Monthly,0.041210000000000004,0.06,15.0,,,,1.1,,131.557,True,False,False,False,False,False,,7.01,3.5,6.88,3.75,5.14,3.85,,,2.6,635490,,,,,,,5.88999,-7.9683,-1.29,-0.76,-1.25,2026-09-10T00:00:00,2004-07-28T00:00:00,7/28/2004,1090972800,2026-08-17T00:00:00
359,XFLT,-0.1572,11.75958,13.95349,0.22499999999999998,-12.31,19,Morningstar US CEF Senior Loans,113,XA Investments LLC,False,19.35,-0.01,22.96,2026-09-09T00:00:00,98400T304,XAI Octagon FR & Alternative Inc Trust,2026-09-10,XFLTX,Fixed Income - Taxable-Senior Loans,40.46,294.718,,Monthly,1.13446,0.22499999999999998,10.0,4.617,,,7.5600000000000005,,587.317,True,False,True,False,False,False,,1.46,-4.55,2.2800000000000002,-2.67,-7.02,-12.47,,,-20.03,1055990,,,,,,,20.60315,-17.79072,0.39,1.05,1.43,2026-09-10T00:00:00,2017-09-27T00:00:00,9/27/2017,1506470400,2026-08-17T00:00:00
