,Ticker,Premium / Discount,DistributionRateNAV,DistributionRatePrice,DistributionAmtUSD,ReturnOnNAV,CategoryId,Category,SponsorId,SponsorName,IsManagedDistribution,Share Price,PriceChange,NAV,NAVPublished,Cusip,Fund Name,Date,NavTicker,Strategy,LeverageRatioPercentage,MarketCapUSDm,UNIIPerShare,DistributionFrequency,EarningsPerShare,CurrentDistribution,InceptionPrice,AverageCoupon,AMTPercentage,AverageWeightedMaturity,ExpenseRatio,BaselineExpense,TotalAssetsUSDm,IsLeveraged,IsPriceBelow52WkAvg,IsDiscountBelow52WkAvg,IsAMTPct,IsManaged,Term,AvgWtdDurationLevAdj,Yr3RetOnNav,Yr3RetOnPrice,Yr5RetOnNav,Yr5RetOnPrice,YTDRetOnNav,YTDRetOnPrice,SinceInceptionRetOnNav,SinceInceptionRetOnPrice,ReturnOnPrice,AvgDailyVolume,CallableYr1Pct,PrerefundedPercentage,AvgBondPrice,AvgWtdDurationNonLevAdj,EffDurationLevAdj,EffDurationNonLevAdj,Price52WkAvg,Discount52WkAvg,ZScore1Yr,ZScore3M,ZScore6M,ZScoreDate,InceptionDate,InceptionDateString,InceptionDateUnixTimestamp,DistributionDate
0,MGF,-0.0337,8.08081,8.36237,0.02,0.91,15,Morningstar US CEF Investment Grade,2,abrdn Inc.,True,2.87,0.0,2.9699999999999998,2026-09-01T00:00:00,552939100,Aberdeen Government Markets Income,2026-09-01,XMGFX,Fixed Income - Taxable-Investment Grade,,93.534,,Monthly,0.04709,0.02,10.0,3.9638,0.0,6.55,0.8,,96.793,False,False,True,True,True,False,,3.37,3.99,-0.73,-0.9500000000000001,-0.88,-0.01,,,0.37,712220,,0.0,91.4686,,,5.93,2.96809,-4.86153,1.09,2.7,2.77,2026-09-01T00:00:00,1987-05-28T00:00:00,5/28/1987,549158400,2026-08-24T00:00:00
1,IFN,-0.0917,11.6996,12.88077,0.37,-6.55,1,Morningstar US CEF Asia Equity,1,abrdn Asia Limited,True,11.49,-0.03,12.65,2026-09-01T00:00:00,454089103,"Aberdeen India Fund, Inc",2026-09-01,XIFNX,Equity-Asia Equity,0.28,490.071,,Quarterly,-0.05353,0.37,15.0,,,,1.36,,539.547,True,False,False,False,True,False,,4.79,1.1400000000000001,0.03,0.76,-6.53,-7.32,,,-10.28,2055600,,,,,,,12.99709,-6.25635,-1.32,-0.42,-0.96,2026-09-01T00:00:00,1994-02-23T00:00:00,2/23/1994,761961600,2026-08-24T00:00:00
2,MIN,-0.0508,9.375,9.87654,0.02,1.52,13,Morningstar US CEF Global Income,2,abrdn Inc.,True,2.43,0.0,2.56,2026-09-01T00:00:00,55273C107,Aberdeen Intermediate Income,2026-09-01,XMINX,Fixed Income - Taxable-Global Income,,276.53,,Monthly,0.04255,0.02,10.0,4.2949,0.0,3.24,0.73,,291.323,False,False,False,True,True,False,,4.51,4.98,1.06,0.73,0.14,-0.96,,,-1.06,2317800,,0.0,97.167,,,3.34,2.54796,-4.75999,-0.2,0.98,1.21,2026-09-01T00:00:00,1988-03-17T00:00:00,3/17/1988,574560000,2026-08-24T00:00:00
3,MMT,-0.0587,10.06289,10.69042,0.04,2.92,13,Morningstar US CEF Global Income,72,MFS,True,4.49,0.0,4.77,2026-09-01T00:00:00,552737108,Aberdeen Multi-Market Income,2026-09-01,XMMTX,Fixed Income - Taxable-Global Income,27.03,520.811,,Monthly,0.1389,0.04,10.0,6.0294,,,2.86,,758.289,True,False,True,False,True,False,,7.57,9.29,2.79,1.16,0.41000000000000003,2.73,,,3.26,1375660,,,95.7664,,6.68,5.35,4.60455,-7.56019,1.5899999999999999,2.68,2.27,2026-09-01T00:00:00,1987-03-12T00:00:00,3/12/1987,542505600,2026-08-24T00:00:00
4,MFM,-0.0761,6.22837,6.74157,0.03,7.85,21,Morningstar US CEF Municipal,2,abrdn Inc.,False,5.34,-0.05,5.78,2026-09-01T00:00:00,552738106,Aberdeen Municipal Income,2026-09-01,XMFMX,Fixed Income - Municipal-Municipal,37.95,530.955,,Monthly,0.13078,0.03,10.0,5.1801,,,2.83,,926.204,True,False,True,False,False,False,,4.97,8.2,-0.9,-1.09,1.16,3.17,,,9.88,1484180,22.29,,95.5991,,12.81,8.98,5.41846,-9.33853,1.6400000000000001,0.92,1.29,2026-09-01T00:00:00,1986-11-25T00:00:00,11/25/1986,533260800,2026-08-24T00:00:00
5,FAX,-0.0279,13.13869,13.51536,0.16499999999999998,2.55,13,Morningstar US CEF Global Income,1,abrdn Asia Limited,True,14.65,-0.05,15.07,2026-09-01T00:00:00,003009867,abrdn Asia-Pacific Income Fund Inc,2026-09-01,XFAPX,Fixed Income - Taxable-Global Income,39.67,639.784,,Monthly,0.50096,0.16499999999999998,10.0,6.3451,,,4.22,,1090.926,True,False,True,False,True,False,,5.85,10.95,-1.3,0.9400000000000001,0.3,4.65,,,2.34,1774600,,,,,7.68,4.68,15.19128,-5.30006,1.44,1.45,1.79,2026-09-01T00:00:00,1986-04-24T00:00:00,4/24/1986,514684800,2026-08-24T00:00:00
6,IAF,-0.0833,9.71548,10.59803,0.35,6.03,9,Morningstar US CEF Single Country Equity,1,abrdn Asia Limited,True,13.21,-0.11,14.41,2026-09-01T00:00:00,003011111,abrdn Australia Equity Fund Inc,2026-09-01,XIAFX,Equity-Single-Country Equity,7.24,126.583,,Quarterly,0.10818,0.35,10.125,,,,1.9900000000000002,,148.866,True,True,True,False,True,False,,12.29,14.26,5.23,4.51,9.95,11.63,,,7.01,219510,,,,,,,13.07546,-10.01882,1.16,2.77,2.56,2026-09-01T00:00:00,1985-12-12T00:00:00,12/12/1985,503193600,2026-08-24T00:00:00
7,AEF,-0.0616,8.99316,9.58333,0.22999999999999998,67.28,4,Morningstar US CEF Emerging Market Equity,3,abrdn Investments Limited,True,9.6,0.05,10.23,2026-09-01T00:00:00,00301W105,abrdn Emerging Markets ex-China Fund,2026-09-01,XAEFX,Equity-Emerging Market Equity,6.1,389.774,,Quarterly,0.00111,0.22999999999999998,15.0,,,,1.8599999999999999,,442.353,True,True,True,False,True,False,,29.65,34.6,8.77,10.88,40.8,43.76,,,73.48,1450490,,,,,,,7.98533,-9.37192,2.24,2.61,1.8900000000000001,2026-09-01T00:00:00,1989-09-25T00:00:00,9/25/1989,622684800,2026-06-23T00:00:00
8,AGD,0.019100000000000002,11.95021,11.72638,0.12,21.53,5,Morningstar US CEF Global Equity,3,abrdn Investments Limited,True,12.28,-0.22,12.05,2026-09-01T00:00:00,00302M106,abrdn Global Dynamic Dividend,2026-09-01,XAGDX,Equity-Global Equity,0.6900000000000001,321.421,,Monthly,0.29668,0.12,20.0,,,,1.29,,317.594,True,True,True,False,True,False,,15.6,23.74,7.67,10.42,12.78,16.12,,,17.32,1199170,,,,,,,12.1136,1.90814,0.0,1.07,0.8300000000000001,2026-09-01T00:00:00,2006-07-26T00:00:00,7/26/2006,1153872000,2026-08-24T00:00:00
9,ASGI,0.0277,12.18837,11.85984,0.22,17.64,13,Morningstar US CEF Global Income,2,abrdn Inc.,True,22.26,-0.21,21.66,2026-09-01T00:00:00,00326W106,abrdn Global Infrastructure Income Fund,2026-09-01,XAGIX,Fixed Income - Taxable-Global Income,1.0,704.058,,Monthly,0.08556,0.22,20.0,,,,2.16,,691.99,True,False,False,False,True,False,,14.21,22.61,8.09,12.34,10.5,8.88,,,23.02,1796410,,,,,,,22.7259,3.34052,-0.14,-0.73,-0.54,2026-09-01T00:00:00,2020-07-28T00:00:00,7/28/2020,1595894400,2026-08-24T00:00:00
10,AWP,0.014199999999999999,12.75465,12.57642,0.12,9.75,7,Morningstar US CEF Real Estate,2,abrdn Inc.,True,11.45,-0.09,11.29,2026-09-01T00:00:00,00302L207,abrdn Global Premier Properties,2026-09-01,XAWPX,Equity-Real Estate,10.97,353.297,,Monthly,0.10017000000000001,0.12,20.0,,,,2.27,,391.304,True,False,True,False,True,False,,12.66,15.05,0.19,1.8399999999999999,8.64,8.74,,,8.83,1250020,,,,,,,11.80331,1.20617,0.19,0.8300000000000001,0.91,2026-09-01T00:00:00,2007-04-26T00:00:00,4/26/2007,1177545600,2026-08-24T00:00:00
11,HQH,-0.0341,11.2628,11.66078,0.6599999999999999,49.61,8,Morningstar US CEF Sector Equity,2,abrdn Inc.,True,22.64,-0.08,23.44,2026-09-01T00:00:00,87911J103,abrdn Healthcare Investors,2026-09-01,XHQHX,Equity-Sector Equity,1.1,1312.797,,Quarterly,-0.06102,0.6599999999999999,10.0,,,,1.11,,1359.186,True,True,True,False,True,False,,18.97,25.74,7.8100000000000005,8.03,23.83,31.24,,,54.91,1818490,,,,,,,19.54544,-7.29618,1.6800000000000002,1.18,1.3900000000000001,2026-09-01T00:00:00,1987-04-23T00:00:00,4/23/1987,546134400,2026-08-24T00:00:00
12,THQ,-0.0287,10.69307,11.00917,0.18,28.01,8,Morningstar US CEF Sector Equity,2,abrdn Inc.,True,19.62,-0.09,20.2,2026-09-01T00:00:00,879105104,abrdn Healthcare Opportunities Fund,2026-09-01,XTHQX,Equity-Sector Equity,21.18,813.408,,Monthly,-0.03549,0.18,20.0,4.3206,,,3.02,,1062.453,True,True,False,False,True,False,,9.18,13.61,4.48,4.77,14.06,11.54,,,30.55,1691750,,,,,7.72,,18.48224,-1.13706,-0.54,0.11,-0.49,2026-09-01T00:00:00,2014-07-28T00:00:00,7/28/2014,1406505600,2026-08-24T00:00:00
13,ACP,-0.054400000000000004,17.44841,18.45238,0.0775,3.06,19,Morningstar US CEF Senior Loans,3,abrdn Investments Limited,True,5.04,-0.03,5.33,2026-09-01T00:00:00,003057106,abrdn Income Credit Strategies Fund,2026-09-01,XACPX,Fixed Income - Taxable-Senior Loans,32.36,632.372,,Monthly,0.22534,0.0775,20.0,8.0708,,,3.94,,988.759,True,False,False,False,True,False,,8.42,6.69,1.6600000000000001,0.21,3.39,5.31,,,1.43,5387130,,,96.1318,,4.75,3.32,5.41521,-5.27901,-0.12,-0.1,0.07,2026-09-01T00:00:00,2011-01-27T00:00:00,1/27/2011,1296086400,2026-08-24T00:00:00
14,HQL,-0.0496,11.29326,11.88309,0.62,63.49,8,Morningstar US CEF Sector Equity,2,abrdn Inc.,True,20.87,-0.05,21.96,2026-09-01T00:00:00,87911K100,abrdn Life Sciences Investors,2026-09-01,XHQLX,Equity-Sector Equity,0.01,643.696,,Quarterly,-0.09057,0.62,15.0,,,,1.24,,677.381,True,True,True,False,True,False,,25.61,32.79,10.32,10.84,29.42,36.85,,,69.51,1384110,,,,,,,17.42885,-9.69019,3.32,2.09,2.7800000000000002,2026-09-01T00:00:00,1992-05-08T00:00:00,5/8/1992,705283200,2026-08-24T00:00:00
15,AOD,0.016200000000000003,11.45038,11.26761,0.09999999999999999,22.33,5,Morningstar US CEF Global Equity,3,abrdn Investments Limited,True,10.65,-0.18,10.48,2026-09-01T00:00:00,00326L100,abrdn Total Dynamic Dividend,2026-09-01,XAODX,Equity-Global Equity,2.81,1123.005,,Monthly,0.22991,0.09999999999999999,20.0,,,,1.21,,1136.998,True,True,True,False,True,False,,15.99,24.0,8.35,11.58,13.34,20.46,,,34.14,4699910,,,,,,,9.98019,-3.2481400000000002,2.2800000000000002,1.6600000000000001,1.85,2026-09-01T00:00:00,2007-01-26T00:00:00,1/26/2007,1169769600,2026-08-24T00:00:00
16,THW,-0.0036,9.99572,10.03152,0.1167,32.91,8,Morningstar US CEF Sector Equity,2,abrdn Inc.,True,13.96,-0.1,14.01,2026-09-01T00:00:00,87911L108,abrdn World Healthcare Fund,2026-09-01,XTHWX,Equity-Sector Equity,17.5,563.918,,Monthly,-0.03887,0.1167,20.0,3.7686,,,1.46,,685.728,True,True,True,False,True,False,,17.08,14.66,8.87,7.6,16.6,18.52,,,33.53,1325670,,,,,7.37,,12.72228,-1.91236,0.79,1.24,0.39,2026-09-01T00:00:00,2015-06-26T00:00:00,6/26/2015,1435276800,2026-08-24T00:00:00
17,ADX,-0.014100000000000001,7.62486,7.73395,0.5,19.55,10,Morningstar US CEF US Equity,4,Adams Diversified Equity Fund Inc,False,25.86,-0.03,26.23,2026-09-01T00:00:00,006212104,Adams Diversified Equity Fund,2026-09-01,XADEX,Equity-U.S. Equity,0.0,3230.616,,Quarterly,0.09492,0.5,10.0,,,,0.49000000000000005,,3276.839,True,True,True,False,False,False,,20.46,26.93,12.26,16.51,13.06,17.77,,,29.17,2705690,,,,,,,23.76314,-5.17751,1.52,0.7000000000000001,1.33,2026-09-01T00:00:00,1929-10-01T00:00:00,10/1/1929,-1270252800,2026-07-27T00:00:00
18,PEO,-0.0909,6.75,7.42523,0.5399999999999999,39.31,8,Morningstar US CEF Sector Equity,5,Adams Natural Resources Fund Inc,False,29.09,0.31,32.0,2026-09-01T00:00:00,00548F105,Adams Natural Resources Fund,2026-09-01,XPEOX,Equity-Sector Equity,0.7000000000000001,815.533,,Quarterly,0.29271,0.5399999999999999,15.0,,,,0.62,,897.115,True,True,True,False,False,False,,14.92,18.28,21.3,23.68,38.86,40.56,,,41.46,722760,,,,,,,24.48257,-10.31444,1.31,1.11,1.31,2026-09-01T00:00:00,1929-01-30T00:00:00,1/30/1929,-1291334400,2026-07-27T00:00:00
19,AVK,-0.0736,10.45651,11.28732,0.1172,17.0,11,Morningstar US CEF Convertibles,6,"Advent Capital Management, LLC",False,12.46,-0.07,13.45,2026-09-01T00:00:00,00764C109,Advent Convertible & Income Fund,2026-09-01,XAVKX,Fixed Income - Taxable-Convertibles,37.09,550.093,,Monthly,0.22874,0.1172,25.0,5.5855,,,4.53,,943.825,True,False,False,False,False,False,,16.39,16.83,4.93,4.82,12.1,7.61,,,12.49,1481970,,,108.8431,,,,12.57736,-6.00467,-0.58,0.9500000000000001,0.48,2026-09-01T00:00:00,2003-04-29T00:00:00,4/29/2003,1051574400,2026-08-14T00:00:00
20,AWF,-0.1038,6.97427,7.78218,0.0655,5.19,14,Morningstar US CEF High Yield,7,AllianceBernstein L.P.,False,10.1,-0.02,11.27,2026-09-01T00:00:00,01879R106,AllianceBernstein Global High Income,2026-09-01,XAWFX,Fixed Income - Taxable-High Yield,0.8,870.92,,Monthly,0.35164,0.0655,15.0,6.7305,,4.36,1.02,,979.692,True,False,False,False,False,False,,9.25,8.47,4.37,3.71,3.0,-0.85,,,-3.33,3017860,,,96.9782,,,,10.51893,-7.53545,-1.07,-0.98,-0.8200000000000001,2026-09-01T00:00:00,1993-07-28T00:00:00,7/28/1993,743817600,2026-08-06T00:00:00
21,AFB,-0.0575,5.24987,5.5704,0.050179999999999995,7.87,21,Morningstar US CEF Municipal,7,AllianceBernstein L.P.,False,10.81,-0.09,11.47,2026-09-01T00:00:00,01864U106,AllianceBernstein National Mun Inc,2026-09-01,XAFBX,Fixed Income - Municipal-Municipal,49.26,310.733,,Monthly,0.31343,0.050179999999999995,15.0,5.1411,,,3.66,,649.806,True,False,True,False,False,False,,2.7800000000000002,6.21,-1.98,-2.15,-0.64,4.48,,,10.89,965600,,,98.4247,,22.53,11.69,10.94801,-8.848090000000001,2.13,1.98,1.56,2026-09-01T00:00:00,2002-01-28T00:00:00,1/28/2002,1012176000,2026-08-06T00:00:00
22,NFJ,-0.06269999999999999,7.42092,7.91694,0.305,24.49,3,Morningstar US CEF Covered Call,108,"Virtus Investment Advisers, LLC",True,15.41,-0.16,16.44,2026-09-01T00:00:00,92840R101,AllianzGI Div Interest & Prem Common,2026-09-01,XNFJX,Equity-Covered-Call Funds,,1432.625,0.0,Quarterly,0.06142,0.305,25.0,2.0796,,,0.9600000000000001,,1528.381,False,True,True,False,True,False,,13.45,18.0,6.84,8.79,19.62,26.24,,,30.37,1884620,,,,,,,13.76364,-8.99166,1.6400000000000001,1.3,1.32,2026-09-01T00:00:00,2005-02-28T00:00:00,2/28/2005,1109548800,2026-06-15T00:00:00
23,EOD,-0.0886,7.87313,8.63891,0.14211,26.3,5,Morningstar US CEF Global Equity,8,Allspring Global Investments,False,6.58,-0.07,7.22,2026-09-01T00:00:00,94987C103,Allspring Global Dividend Opp Fd,2026-09-01,XEODX,Equity-Global Equity,13.25,283.374,,Quarterly,0.1298,0.14211,20.0,7.1385,,,2.45,,358.436,True,True,False,False,False,False,,24.01,25.39,12.97,12.62,16.28,19.26,,,27.06,1216270,,,,,,,6.11925,-8.3985,-0.32,-1.79,-1.78,2026-09-01T00:00:00,2007-03-28T00:00:00,3/28/2007,1175040000,2026-06-11T00:00:00
24,EAD,-0.0986,9.00169,9.98625,0.053259999999999995,4.95,14,Morningstar US CEF High Yield,8,Allspring Global Investments,False,6.4,0.0,7.1,2026-09-01T00:00:00,94987B105,Allspring Income Opps,2026-09-01,XEADX,Fixed Income - Taxable-High Yield,29.91,378.191,,Monthly,0.25923,0.053259999999999995,15.0,7.1676,,,2.95,,598.556,True,False,False,False,False,False,,8.8,10.25,3.5300000000000002,2.37,2.92,0.71,,,-0.9400000000000001,1892190,,,100.1192,,4.34,3.23,6.68604,-7.92712,-1.07,0.8,-0.41000000000000003,2026-09-01T00:00:00,2003-02-28T00:00:00,2/28/2003,1046390400,2026-08-13T00:00:00
25,ERC,-0.0611,8.88758,9.46594,0.07273,6.74,16,Morningstar US CEF Limited Duration,8,Allspring Global Investments,False,9.22,-0.11,9.82,2026-09-01T00:00:00,94987D101,Allspring Multi-Sec Inc,2026-09-01,XERCX,Fixed Income - Taxable-Limited Duration,30.17,258.656,,Monthly,0.35301,0.07273,20.0,6.936,0.0,4.35,3.22,,394.488,True,False,True,True,False,False,,8.57,8.75,3.42,2.36,3.92,6.86,,,7.5,761550,,0.0,98.4198,,,,9.2721,-6.75155,0.6,0.87,1.28,2026-09-01T00:00:00,2003-06-25T00:00:00,6/25/2003,1056499200,2026-08-13T00:00:00
26,ERH,-0.0745,8.62586,9.319890000000001,0.08784,1.9500000000000002,26,Morningstar US CEF US Allocation,8,Allspring Global Investments,False,11.31,0.03,12.22,2026-09-01T00:00:00,94987E109,Allspring Util & High In,2026-09-01,XERHX,Hybrid-U.S. Allocation,21.75,99.892,,Monthly,0.1865,0.08784,20.0,7.1946,,,2.43,,137.929,True,False,True,False,False,False,,12.59,14.31,5.67,2.65,-0.34,1.02,,,2.05,234760,,,100.2393,,3.8,3.21,12.12837,-7.61371,0.13,-0.07,0.29,2026-09-01T00:00:00,2004-04-30T00:00:00,4/30/2004,1083283200,2026-08-13T00:00:00
27,FINS,-0.0479,10.3062,10.82438,0.11499999999999999,6.88,26,Morningstar US CEF US Allocation,10,"Angel Oak Capital Advisors, LLC",False,12.749,0.01,13.39,2026-09-01T00:00:00,03464A100,Angel Oak Financial Strats Income Term,2026-09-01,XFINX,Hybrid-U.S. Allocation,21.89,426.031,,Monthly,0.38984,0.11499999999999999,20.0,6.7377,,,2.92,,572.871,True,False,True,False,False,True,,10.08,13.55,3.1,2.76,3.11,3.58,,,6.31,464320,,,99.9624,,3.34,2.85,12.94106,-5.98487,1.32,2.31,2.17,2026-09-01T00:00:00,2019-05-29T00:00:00,5/29/2019,1559088000,2026-08-17T00:00:00
28,ARDC,-0.0746,10.07463,10.8871,0.11249999999999999,1.28,19,Morningstar US CEF Senior Loans,11,Ares Capital Management II LLC,False,12.4,0.0,13.4,2026-09-01T00:00:00,04014F102,Ares Dynamic Credit Allocation Fund,2026-09-01,XADCX,Fixed Income - Taxable-Senior Loans,40.96,297.178,,Monthly,0.59626,0.11249999999999999,20.0,7.4979,,,5.26,,543.978,True,False,False,False,False,False,,8.16,9.54,4.87,4.46,-0.11,0.1,,,-6.46,1157380,,,,,40.42,,13.05828,-6.28586,-0.49,-0.51,0.07,2026-09-01T00:00:00,2012-11-27T00:00:00,11/27/2012,1353974400,2026-08-21T00:00:00
29,BANX,0.0144,8.63309,8.51064,0.15,3.61,8,Morningstar US CEF Sector Equity,12,"ArrowMark Asset Management, LLC",False,21.15,0.88,21.0,2026-07-31T00:00:00,861780104,ArrowMark Financial Corp,2026-09-01,XBANX,Equity-Sector Equity,13.4,165.189,,Monthly,1.12924,0.15,25.0,11.1103,,,6.43,,188.046,True,True,True,False,False,True,,9.66,20.94,8.82,9.69,0.9400000000000001,2.1,,,15.0,336540,,,107.3588,,,,20.57393,-4.78442,2.08,2.41,2.92,2026-09-01T00:00:00,2013-11-07T00:00:00,11/7/2013,1383782400,2026-08-24T00:00:00
30,ASA,-0.1724,0.105,0.13072,0.04,81.82,8,Morningstar US CEF Sector Equity,13,ASA,False,61.2,-2.31,76.19,2026-08-31T00:00:00,G3156P103,ASA Gold and Precious Metals Limited,2026-09-01,XASAX,Equity-Sector Equity,,1180.542,,Semi-Annually,0.02585,0.04,28.0,9.086,,,1.88,,1426.488,False,True,False,False,False,False,,63.29,62.74,26.1,25.07,14.31,6.99,,,69.75,0,,,,,,,57.85956,-12.74828,,,,,1958-09-23T00:00:00,9/23/1958,-355795200,2026-05-01T00:00:00
31,BCV,-0.1186,6.02056,6.83049,0.41,23.54,11,Morningstar US CEF Convertibles,60,Gabelli Funds LLC,False,24.01,-0.24,27.24,2026-09-01T00:00:00,059695106,Bancroft Fund,2026-09-01,XBCVX,Fixed Income - Taxable-Convertibles,15.19,135.117,,Quarterly,0.01134,0.41,25.0,2.3737,,,1.31,,180.759,True,True,False,False,False,False,,19.11,21.08,4.22,3.67,16.09,12.97,,,22.32,187580,,,,,21.12,,23.49089,-11.75216,-0.09,0.32,0.26,2026-09-01T00:00:00,1971-10-04T00:00:00,10/4/1971,55382400,2026-06-15T00:00:00
32,MCI,0.1535,9.48429,8.22199,0.39999999999999997,11.17,14,Morningstar US CEF High Yield,14,Barings LLC,False,19.46,1.8399999999999999,17.27,2026-06-30T00:00:00,06759X107,Barings Corporate Investors,2026-09-01,XMCIX,Fixed Income - Taxable-High Yield,21.16,400.624,,Quarterly,0.67335,0.39999999999999997,25.0,7.782,,,1.65,,440.541,True,True,True,False,False,False,,10.72,19.96,10.11,14.64,6.4,14.02,,,-1.1400000000000001,346860,,,92.3472,,,,19.105,14.56358,0.07,2.29,1.38,2026-09-01T00:00:00,1971-09-01T00:00:00,9/1/1971,52531200,2026-08-28T00:00:00
33,BGH,-0.0516,9.83646,10.37173,0.12229999999999999,5.21,14,Morningstar US CEF High Yield,14,Barings LLC,False,14.15,-0.09,14.92,2026-09-01T00:00:00,06760L100,Barings Global Short Duration High Yield,2026-09-01,XBGHX,Fixed Income - Taxable-High Yield,31.46,284.166,,Monthly,0.68354,0.12229999999999999,25.0,8.9029,,,3.93,,437.13,True,False,False,False,False,False,,11.08,13.93,6.11,6.65,4.79,1.63,,,-3.79,819240,,,99.958,,,,14.66159,-3.14181,-0.62,0.48,0.42,2026-09-01T00:00:00,2012-10-25T00:00:00,10/25/2012,1351123200,2026-08-20T00:00:00
34,MPV,0.0984,9.58549,8.726420000000001,0.37,,14,Morningstar US CEF High Yield,14,Barings LLC,False,16.96,-0.04,15.81,2026-06-30T00:00:00,06761A103,Barings Participation Invs,2026-09-01,XMPVX,Fixed Income - Taxable-High Yield,21.98,183.037,,Quarterly,0.57714,0.37,10.0,7.7819,,,1.55,,213.567,True,False,True,False,False,False,,,17.81,,13.18,6.38,12.1,,,-6.9,169460,,,92.2129,,,,18.15558,8.97108,0.14,0.72,0.17,2026-09-01T00:00:00,1988-10-06T00:00:00,10/6/1988,592099200,2026-08-28T00:00:00
35,BXSY,-0.3576,3.6827199999999998,5.7331900000000005,0.26,32.39,26,Morningstar US CEF US Allocation,15,Bexil Corp,True,18.14,-0.04,28.24,2026-09-01T00:00:00,25538A204,Bexil Investment Trust,2026-09-01,XBXIX,Hybrid-U.S. Allocation,8.2,234.792,,Quarterly,-0.02758,0.26,15.0,,,,1.9300000000000002,,398.176,True,True,True,False,True,False,,24.36,26.59,13.66,12.3,24.42,22.69,,,35.29,125540,,,,,1.11,,15.82266,-37.35224,1.6800000000000002,3.16,1.9500000000000002,2026-09-01T00:00:00,1998-06-29T00:00:00,6/29/1998,899078400,2026-06-15T00:00:00
36,BMN,0.0504,4.53812,4.32028,0.09375,5.5600000000000005,21,Morningstar US CEF Municipal,16,BlackRock,False,26.04,0.13,24.79,2026-09-01T00:00:00,09262G108,BlackRock 2037 Municipal Target term,2026-09-01,XBMNX,Fixed Income - Municipal-Municipal,25.29,160.085,,Monthly,0.55982,0.09375,25.0,5.0193,,14.37,2.16,,203.98,True,True,True,False,False,True,,4.17,7.5,,,0.27,1.8900000000000001,,,11.79,101850,19.27,,103.2043,,,,25.69512,-0.15495,2.23,3.2,2.2,2026-09-01T00:00:00,2022-10-28T00:00:00,10/28/2022,1666915200,2026-08-14T00:00:00
37,BCAT,0.1158,21.54492,19.30861,0.25423,13.69,26,Morningstar US CEF US Allocation,16,BlackRock,True,15.8,-0.18,14.16,2026-09-01T00:00:00,09260U109,BlackRock Capital Allocation Term Trust,2026-09-01,XCATX,Hybrid-U.S. Allocation,5.18,1655.449,,Monthly,0.15272,0.25423,20.0,,,2.65,1.4,,1483.618,True,True,True,False,True,True,,12.48,23.2,5.39,8.44,7.45,29.18,,,30.87,6360130,,,,,,,15.01602,0.16259,1.9500000000000002,1.8,1.81,2026-09-01T00:00:00,2020-09-28T00:00:00,9/28/2020,1601251200,2026-08-14T00:00:00
38,BHK,-0.0368,9.68831,10.05843,0.0746,1.56,15,Morningstar US CEF Investment Grade,16,BlackRock,True,8.9,-0.14,9.24,2026-09-01T00:00:00,09249E101,BlackRock Core Bond,2026-09-01,XBHKX,Fixed Income - Taxable-Investment Grade,34.11,642.796,-0.051000000000000004,Monthly,0.27405,0.0746,15.0,5.2035,,,3.34,,1012.859,True,False,True,False,True,False,,4.9,5.42,-2.39,-2.67,-1.1,0.59,,,2.65,2891550,,,95.0924,,7.35,7.35,9.38598,-4.43634,0.53,0.48,1.01,2026-09-01T00:00:00,2001-11-30T00:00:00,11/30/2001,1007078400,2026-08-14T00:00:00
39,HYT,-0.0935,10.28383,11.34466,0.0779,5.14,14,Morningstar US CEF High Yield,16,BlackRock,True,8.24,-0.04,9.09,2026-09-01T00:00:00,09255P107,BlackRock Corporate High Yield Fund,2026-09-01,XHYTX,Fixed Income - Taxable-High Yield,20.25,1588.501,-0.113,Monthly,0.35117,0.0779,15.0,7.0115,,,2.33,,2197.283,True,False,False,False,True,False,,9.73,6.7,4.41,1.77,2.65,0.35000000000000003,,,-3.02,8101530,,,100.4042,,4.4,,8.86188,-5.9154,-1.4100000000000001,-2.12,-2.5700000000000003,2026-09-01T00:00:00,2003-05-30T00:00:00,5/30/2003,1054252800,2026-08-14T00:00:00
40,BTZ,-0.0736,9.3743,10.11859,0.0839,3.37,15,Morningstar US CEF Investment Grade,16,BlackRock,True,9.95,-0.11,10.74,2026-09-01T00:00:00,092508100,BlackRock Credit Allocation Income Trust,2026-09-01,XBTZX,Fixed Income - Taxable-Investment Grade,35.2,928.578,-0.11900000000000001,Monthly,0.5375800000000001,0.0839,25.0,5.9688,,18.6,3.37,,1546.726,True,False,False,False,True,False,,8.13,9.63,1.12,0.8,0.8200000000000001,-0.86,,,0.64,2593950,,,99.1292,,,,10.52406,-5.90977,-0.78,-0.5,-0.05,2026-09-01T00:00:00,2006-12-27T00:00:00,12/27/2006,1167177600,2026-08-14T00:00:00
41,DSU,-0.0146,12.39289,12.577069999999999,0.09873,4.7,19,Morningstar US CEF Senior Loans,16,BlackRock,True,9.42,-0.07,9.56,2026-09-01T00:00:00,09255R202,BlackRock Debt Strategies,2026-09-01,XDSUX,Fixed Income - Taxable-Senior Loans,15.96,586.297,-0.17400000000000002,Monthly,0.35279,0.09873,10.0,,,6.38,1.69,,708.01,True,False,False,False,True,False,,7.54,9.38,6.09,6.48,2.21,1.09,,,0.72,2768260,,,,,,,9.98103,0.63566,-1.7000000000000002,-1.09,-1.23,2026-09-01T00:00:00,1998-03-27T00:00:00,3/27/1998,890956800,2026-08-14T00:00:00
42,BGR,-0.1066,5.98462,6.6988,0.0973,44.67,8,Morningstar US CEF Sector Equity,16,BlackRock,True,17.43,0.2,19.51,2026-09-01T00:00:00,09250U101,BlackRock Energy and Resources,2026-09-01,XBGRX,Equity-Sector Equity,0.0,443.701,,Monthly,0.1595,0.0973,25.0,,,,1.23,,496.65,True,True,False,False,True,False,,17.32,18.81,22.18,22.15,41.43,33.68,,,36.69,1080660,,,,,,,15.04272,-7.37833,-1.1,-0.84,-0.97,2026-09-01T00:00:00,2004-12-23T00:00:00,12/23/2004,1103760000,2026-08-14T00:00:00
43,BDJ,-0.061,7.07429,7.53347,0.0619,20.02,3,Morningstar US CEF Covered Call,16,BlackRock,True,9.86,-0.05,10.5,2026-09-01T00:00:00,09251A104,BlackRock Enhanced Dividend Achievers,2026-09-01,XBDJX,Equity-Covered-Call Funds,0.11,1744.675,,Monthly,0.07807,0.0619,15.0,,,,0.88,,1860.045,True,True,False,False,True,False,,15.96,18.42,9.84,9.63,13.61,10.23,,,20.07,4327330,,,,,,,9.282070000000001,-5.95565,-0.09,1.33,0.91,2026-09-01T00:00:00,2005-08-26T00:00:00,8/26/2005,1125014400,2026-08-14T00:00:00
44,BOE,-0.0659,7.42814,7.95192,0.0827,15.82,3,Morningstar US CEF Covered Call,16,BlackRock,True,12.48,0.04,13.36,2026-09-01T00:00:00,092501105,BlackRock Enhanced Glbl Div Trust,2026-09-01,XBOEX,Equity-Covered-Call Funds,0.02,693.89,,Monthly,0.05795,0.0827,25.0,,,,1.03,,742.818,True,True,True,False,True,False,,13.31,16.73,7.18,7.92,9.37,12.33,,,17.18,1314490,,,,,,,11.76268,-9.20258,2.86,1.74,2.2,2026-09-01T00:00:00,2005-05-26T00:00:00,5/26/2005,1117065600,2026-08-14T00:00:00
45,BGY,-0.09119999999999999,7.90108,8.69388,0.0426,14.97,3,Morningstar US CEF Covered Call,16,BlackRock,True,5.88,-0.05,6.47,2026-09-01T00:00:00,092524107,BlackRock Enhanced Intl Div Trust,2026-09-01,XBGYX,Equity-Covered-Call Funds,0.36,532.813,,Monthly,0.02491,0.0426,20.0,,,,1.2,,586.276,True,True,False,False,True,False,,10.43,12.87,6.32,6.68,8.67,6.94,,,12.42,2730350,,,,,,,5.784,-8.49139,-0.39,1.0,0.55,2026-09-01T00:00:00,2007-05-25T00:00:00,5/25/2007,1180051200,2026-08-14T00:00:00
46,CII,0.0158,7.0412,6.93159,0.141,22.64,3,Morningstar US CEF Covered Call,16,BlackRock,True,24.41,-0.06,24.03,2026-09-01T00:00:00,09256A109,BlackRock Enhanced Large Cap Core Fund,2026-09-01,XCIIX,Equity-Covered-Call Funds,0.47000000000000003,1000.409,,Monthly,0.00537,0.141,20.0,,,,0.93,,989.48,True,True,True,False,True,False,,19.18,20.34,12.26,12.99,12.07,9.88,,,29.35,957860,,,,,,,23.65697,0.6187600000000001,0.41000000000000003,-0.27,0.24,2026-09-01T00:00:00,2004-04-27T00:00:00,4/27/2004,1083024000,2026-08-14T00:00:00
47,ECAT,0.012,21.5016,21.24664,0.26877,14.4,25,Morningstar US CEF Global Allocation,16,BlackRock,True,15.18,-0.18,15.0,2026-09-01T00:00:00,09262F100,BlackRock ESG Capital Allocation Term,2026-09-01,ECAT,Hybrid-Global Allocation,0.17,1509.929,,Monthly,0.10010000000000001,0.26877,20.0,,,2.02,1.4100000000000001,,1494.556,True,False,True,False,True,True,,13.5,20.36,,,7.72,15.54,,,15.67,4406540,,,95.981,,,,15.47678,-2.48829,1.65,0.9500000000000001,1.33,2026-09-01T00:00:00,2021-09-27T00:00:00,9/27/2021,1632700800,2026-08-14T00:00:00
48,FRA,-0.028200000000000003,13.10476,13.4853,0.12383999999999999,4.14,19,Morningstar US CEF Senior Loans,17,"BlackRock Advisors, LLC",True,11.02,-0.13,11.34,2026-09-01T00:00:00,09255X100,BlackRock Floating Rate Inc Strategies,2026-09-01,XFRAX,Fixed Income - Taxable-Senior Loans,23.15,390.491,-0.184,Monthly,0.44666,0.12383999999999999,20.0,,,6.29,2.61,,522.848,True,False,False,False,True,False,,6.9,8.49,6.11,6.99,2.14,3.45,,,-4.48,1617290,,,,,,,11.57326,-2.08145,-0.19,1.9,1.65,2026-09-01T00:00:00,2003-10-31T00:00:00,10/31/2003,1067558400,2026-08-14T00:00:00
49,BGT,-0.0045000000000000005,12.99154,13.05027,0.12028,4.2,19,Morningstar US CEF Senior Loans,16,BlackRock,True,11.06,-0.1,11.11,2026-09-01T00:00:00,091941104,Blackrock Floating Rate Income,2026-09-01,XBGTX,Fixed Income - Taxable-Senior Loans,0.13,329.861,-0.154,Monthly,0.42019,0.12028,20.0,,,,2.06,,331.799,True,False,True,False,True,False,,7.15,9.89,6.27,7.5,2.11,7.51,,,1.46,1332240,,,,,,,11.2188,-2.99261,1.07,1.75,2.21,2026-09-01T00:00:00,2004-08-30T00:00:00,8/30/2004,1093824000,2026-08-14T00:00:00
50,BME,-0.0208,6.7508,6.89434,0.2621,25.08,8,Morningstar US CEF Sector Equity,16,BlackRock,True,45.62,0.03,46.59,2026-09-01T00:00:00,09250W107,BlackRock Health Sciences,2026-09-01,XBMEX,Equity-Sector Equity,0.15,589.598,,Monthly,0.0592,0.2621,25.0,,,,1.13,,603.028,True,True,True,False,True,False,,10.56,12.45,5.73,5.71,10.76,16.64,,,34.19,442180,,,,,,,40.54656,-5.28289,1.49,1.31,1.44,2026-09-01T00:00:00,2005-03-28T00:00:00,3/28/2005,1111968000,2026-08-14T00:00:00
51,BMEZ,-0.0977,7.08915,7.85714,0.11,27.16,8,Morningstar US CEF Sector Equity,16,BlackRock,True,16.8,0.06,18.62,2026-09-01T00:00:00,09260E105,BlackRock Health Sciences Term Trust,2026-09-01,XBMZX,Equity-Sector Equity,0.41000000000000003,1050.024,,Monthly,0.00466,0.11,20.0,,,,1.37,,1168.599,True,True,True,False,True,True,,10.9,14.45,-0.42,-0.35000000000000003,14.17,18.03,,,28.02,2242760,,,,,,,14.9205,-10.99274,0.9500000000000001,0.58,0.99,2026-09-01T00:00:00,2020-01-29T00:00:00,1/29/2020,1580256000,2026-08-14T00:00:00
52,BKT,-0.0431,9.91011,10.35616,0.0882,-0.88,15,Morningstar US CEF Investment Grade,16,BlackRock,True,10.22,-0.09,10.68,2026-09-01T00:00:00,09247F209,BlackRock Income,2026-09-01,XBKTX,Fixed Income - Taxable-Investment Grade,19.69,331.015,-0.055,Monthly,0.047920000000000004,0.0882,10.0,4.445,,9.15,1.9700000000000002,,430.702,True,False,True,False,True,False,,4.03,4.37,-1.77,-3.5300000000000002,-0.89,-0.25,,,-3.37,1367060,,,89.397,,4.92,,10.86605,-4.31249,0.01,-0.22,0.26,2026-09-01T00:00:00,1988-08-01T00:00:00,8/1/1988,586396800,2026-08-14T00:00:00
53,BLW,-0.0433,10.32219,10.78952,0.1132,4.02,16,Morningstar US CEF Limited Duration,16,BlackRock,True,12.59,-0.14,13.16,2026-09-01T00:00:00,09249W101,BlackRock Limited Duration Income,2026-09-01,XBLWX,Fixed Income - Taxable-Limited Duration,36.09,492.073,-0.133,Monthly,0.52225,0.1132,20.0,,,,3.7,,804.851,True,False,False,False,True,False,,8.61,9.05,4.03,3.14,1.42,-0.65,,,-0.47000000000000003,1210120,,,,,,,13.25352,-2.68719,-0.59,0.48,0.39,2026-09-01T00:00:00,2003-07-28T00:00:00,7/28/2003,1059350400,2026-08-14T00:00:00
54,BIT,-0.08960000000000001,11.366,12.48444,0.12369999999999999,3.93,17,Morningstar US CEF Multi-Sector,16,BlackRock,True,11.89,-0.06,13.06,2026-09-01T00:00:00,09258A107,BlackRock Multi-Sector Income Trust,2026-09-01,XBITX,Fixed Income - Taxable-Multi-Sector,31.1,678.476,-0.508,Monthly,0.40641,0.12369999999999999,20.0,6.1162,,,3.26,,1081.66,True,False,False,False,True,False,,8.39,4.05,3.96,1.67,1.26,-1.06,,,-2.1,3135330,7.97,,,,,3.77,12.862870000000001,-5.80836,-2.63,-2.18,-2.56,2026-09-01T00:00:00,2013-02-25T00:00:00,2/25/2013,1361750400,2026-08-14T00:00:00
55,MUA,-0.0708,6.28302,6.76142,0.0555,7.32,21,Morningstar US CEF Municipal,16,BlackRock,False,9.85,-0.08,10.6,2026-09-01T00:00:00,09254J102,BlackRock Muniassets,2026-09-01,XMUAX,Fixed Income - Municipal-Municipal,27.97,661.327,-0.004,Monthly,0.28542,0.0555,15.0,5.4809,,,2.59,,988.078,True,False,False,False,False,False,,5.92,7.27,-0.73,-3.54,1.48,-2.51,,,-0.6900000000000001,1362930,17.62,,92.4046,,12.75,,10.76775,-4.12536,-1.29,-0.5,-1.08,2026-09-01T00:00:00,1993-06-25T00:00:00,6/25/1993,740966400,2026-08-14T00:00:00
56,BTT,-0.0737,2.28103,2.46263,0.0464,2.49,21,Morningstar US CEF Municipal,16,BlackRock,False,22.61,-0.04,24.41,2026-09-01T00:00:00,09257P105,BlackRock Municipal 2030 Target Term,2026-09-01,XBTTX,Fixed Income - Municipal-Municipal,34.93,1438.571,0.148,Monthly,0.34323,0.0464,25.0,4.6478,,,2.69,,2386.977,True,False,True,False,False,True,,4.26,6.35,0.5,-0.15,1.02,0.89,,,3.77,914850,22.16,,101.5267,,3.88,,22.65843,-8.0608,1.18,1.9,0.73,2026-09-01T00:00:00,2012-08-29T00:00:00,8/29/2012,1346198400,2026-08-14T00:00:00
57,MHD,-0.0672,5.84767,6.26866,0.0595,6.96,21,Morningstar US CEF Municipal,16,BlackRock,False,11.39,-0.11,12.21,2026-09-01T00:00:00,09253N104,BlackRock Municipal Income,2026-09-01,XMHDX,Fixed Income - Municipal-Municipal,42.74,1989.832,0.004,Monthly,0.30405,0.0595,15.0,5.0119,,,3.08,,3725.216,True,False,True,False,False,False,,2.95,6.58,-2.14,-2.75,0.0,2.0,,,9.3,2626080,5.17,,99.8744,,11.88,,11.69115,-8.50152,2.1,2.04,1.88,2026-09-01T00:00:00,1997-05-02T00:00:00,5/2/1997,862531200,2026-08-14T00:00:00
58,MUC,-0.0667,5.70667,6.1142900000000004,0.0535,6.28,22,Morningstar US CEF Municipal-CA,16,BlackRock,False,10.5,-0.06,11.25,2026-09-01T00:00:00,09254L107,BlackRock MuniHoldings CA Qty,2026-09-01,XMUCX,Fixed Income - Municipal-Municipal - CA,41.33,1312.586,0.07100000000000001,Monthly,0.26962,0.0535,15.0,5.0713,,,3.22,,2396.998,True,False,True,False,False,False,,2.33,6.38,-2.19,-2.88,0.12,3.65,,,8.82,2886080,4.0,,102.4334,,13.95,,10.7561,-8.19464,1.5,1.28,1.28,2026-09-01T00:00:00,1998-02-27T00:00:00,2/27/1998,888537600,2026-08-14T00:00:00
59,MUJ,-0.0025,5.37759,5.39101,0.054,6.7,24,Morningstar US CEF Municipal-Single State,16,BlackRock,False,12.02,-0.07,12.05,2026-09-01T00:00:00,09254X101,BlackRock MuniHoldings NJ Qty,2026-09-01,XMUJX,Fixed Income - Municipal-Municipal - Single-State,40.34,639.285,0.085,Monthly,0.2647,0.054,15.0,4.7124,,,3.37,,1074.205,True,True,True,False,False,False,,3.38,9.37,-0.89,-0.33,0.21,5.24,,,15.33,1018190,20.57,,97.7946,,13.16,,12.01807,-4.19206,1.6,1.72,1.46,2026-09-01T00:00:00,1998-03-11T00:00:00,3/11/1998,889574400,2026-08-14T00:00:00
60,MIY,0.056299999999999996,5.50042,5.20701,0.0545,7.3,24,Morningstar US CEF Municipal-Single State,16,BlackRock,False,12.56,-0.16,11.89,2026-09-01T00:00:00,09254V105,BlackRock MuniYield MI Quality,2026-09-01,XMIYX,Fixed Income - Municipal-Municipal - Single-State,40.26,363.797,0.07200000000000001,Monthly,0.25837,0.0545,15.0,4.9551,,,3.34,,576.484,True,True,True,False,False,False,,3.21,11.64,-1.06,0.91,-0.07,12.28,,,20.26,605560,8.27,,100.9645,,16.35,,11.95043,-3.46196,2.65,2.37,2.77,2026-09-01T00:00:00,1992-10-30T00:00:00,10/30/1992,720403200,2026-08-14T00:00:00
61,MYN,-0.07,5.97085,6.42006,0.051199999999999996,7.38,23,Morningstar US CEF Municipal-NY,17,"BlackRock Advisors, LLC",False,9.57,-0.1,10.29,2026-09-01T00:00:00,09255E102,BlackRock MuniYield NY Quality,2026-09-01,XMYNX,Fixed Income - Municipal-Municipal - NY,23.2,900.763,0.069,Monthly,0.24345,0.051199999999999996,15.0,4.855,,,3.2800000000000002,,1261.04,True,False,True,False,False,False,,2.44,6.21,-2.01,-2.66,-0.62,1.6800000000000002,,,10.35,1240280,9.11,,100.2576,,12.59,,9.95018,-8.17231,1.52,1.63,1.44,2026-09-01T00:00:00,1992-02-28T00:00:00,2/28/1992,699235200,2026-08-14T00:00:00
62,MPA,-0.0748,4.86735,5.26103,0.0477,7.01,24,Morningstar US CEF Municipal-Single State,16,BlackRock,False,10.88,-0.1,11.76,2026-09-01T00:00:00,09255G107,BlackRock MuniYield PA Quality,2026-09-01,XMPAX,Fixed Income - Municipal-Municipal - Single-State,38.95,140.892,0.039,Monthly,0.23728000000000002,0.0477,15.0,4.7722999999999995,,,3.23,,249.434,True,False,True,False,False,False,,3.4,6.01,-1.7000000000000002,-2.29,-0.77,2.49,,,7.26,315370,9.12,,98.0715,,14.9,,11.26599,-8.52005,1.29,2.22,1.43,2026-09-01T00:00:00,1992-10-30T00:00:00,10/30/1992,720403200,2026-08-14T00:00:00
63,MYI,-0.061900000000000004,5.88859,6.2771,0.0555,6.53,21,Morningstar US CEF Municipal,16,BlackRock,False,10.61,-0.1,11.31,2026-09-01T00:00:00,09254E103,BlackRock MuniYield Qty III,2026-09-01,XMYIX,Fixed Income - Municipal-Municipal,42.75,1297.535,0.04,Monthly,0.27666,0.0555,15.0,5.0585,,,3.23,,2415.883,True,False,True,False,False,False,,3.54,6.9,-1.1400000000000001,-1.32,-0.02,2.59,,,7.35,2334810,5.78,,99.7206,,11.76,,10.93724,-7.5503,1.55,1.9300000000000002,1.7000000000000002,2026-09-01T00:00:00,1992-04-13T00:00:00,4/13/1992,703123200,2026-08-14T00:00:00
64,MQY,-0.0704,5.90331,6.35036,0.057999999999999996,6.41,21,Morningstar US CEF Municipal,17,"BlackRock Advisors, LLC",False,10.96,-0.1,11.79,2026-09-01T00:00:00,09254F100,BlackRock Muniyield Quality,2026-09-01,XMQYX,Fixed Income - Municipal-Municipal,42.88,1648.736,0.060000000000000005,Monthly,0.28992,0.057999999999999996,15.0,5.0143,,,3.2,,3105.072,True,False,True,False,False,False,,3.01,5.89,-1.58,-2.84,-0.35000000000000003,1.9100000000000001,,,6.13,3090840,5.01,,99.4864,,14.22,,11.44989,-7.43886,0.37,0.35000000000000003,0.53,2026-09-01T00:00:00,1992-06-26T00:00:00,6/26/1992,709516800,2026-08-14T00:00:00
65,BCX,-0.048799999999999996,6.00431,6.31245,0.0697,38.4,8,Morningstar US CEF Sector Equity,16,BlackRock,True,13.25,-0.1,13.93,2026-09-01T00:00:00,09257A108,BlackRock Resources&Commodities Strategy,2026-09-01,XBCRX,Equity-Sector Equity,0.0,1010.155,,Monthly,0.10812000000000001,0.0697,20.0,,,,1.19,,1062.018,True,True,True,False,True,False,,16.47,20.94,14.7,15.18,25.83,27.29,,,42.07,2117390,,,,,,,11.50978,-6.73518,1.0,1.22,1.55,2026-09-01T00:00:00,2011-03-29T00:00:00,3/29/2011,1301356800,2026-08-14T00:00:00
66,BSTZ,-0.050499999999999996,5.9633,6.28019,0.1625,54.4,8,Morningstar US CEF Sector Equity,16,BlackRock,True,31.05,-0.27,32.7,2026-09-01T00:00:00,09260K101,BlackRock Science and Technology Term,2026-09-01,XBSZX,Equity-Sector Equity,0.77,2134.506,,Monthly,-0.14164000000000002,0.1625,20.0,,,,1.35,,2265.439,True,True,True,False,True,True,,27.32,34.46,4.32,5.7,39.2,45.66,,,56.55,2131340,,,,,,,24.89613,-9.59129,2.67,1.82,2.29,2026-09-01T00:00:00,2019-06-26T00:00:00,6/26/2019,1561507200,2026-08-14T00:00:00
67,BST,-0.0223,5.82411,5.95711,0.25,37.68,8,Morningstar US CEF Sector Equity,16,BlackRock,True,50.36,-0.5,51.51,2026-09-01T00:00:00,09258G104,BlackRock Science and Technology Trust,2026-09-01,XBSTX,Equity-Sector Equity,0.1,1748.5,,Monthly,-0.17225000000000001,0.25,20.0,3.9216,,,1.11,,1790.201,True,True,True,False,True,False,,25.93,25.42,7.47,8.15,28.17,31.36,,,41.49,990210,,,,,0.26,0.26,42.75885,-6.3661200000000004,2.19,1.83,2.17,2026-09-01T00:00:00,2014-10-29T00:00:00,10/29/2014,1414540800,2026-08-14T00:00:00
68,BBN,-0.044000000000000004,7.22786,7.56038,0.0986,2.5300000000000002,20,Morningstar US CEF Taxable Muni,17,"BlackRock Advisors, LLC",True,15.65,-0.16,16.37,2026-09-01T00:00:00,09248X100,BlackRock Taxable Municipal Bond Trust,2026-09-01,XBBNX,Fixed Income - Taxable-Taxable Muni,35.88,967.053,0.077,Monthly,0.48995,0.0986,20.0,5.9206,,,3.1,,1577.609,True,False,True,False,True,False,,4.8100000000000005,6.75,-2.36,-3.22,-0.34,1.74,,,3.47,2020340,3.2800000000000002,,99.4279,,8.35,8.12,16.3281,-4.91431,0.34,0.53,0.99,2026-09-01T00:00:00,2010-08-27T00:00:00,8/27/2010,1282867200,2026-08-14T00:00:00
69,BTX,-0.0917,6.42202,7.07071,0.0525,40.3,10,Morningstar US CEF US Equity,16,BlackRock,True,8.91,-0.03,9.81,2026-09-01T00:00:00,09260Q108,BlackRock Tech and Private Equity Term,2026-09-01,XBTPX,Equity-U.S. Equity,1.09,1039.889,,Monthly,-0.044090000000000004,0.0525,20.0,,,,1.46,,1157.592,True,True,True,False,True,True,,12.99,17.02,-4.75,-5.11,33.18,43.34,,,38.14,7759100,,,,,,,7.42762,-13.75794,1.99,1.44,1.69,2026-09-01T00:00:00,2021-03-26T00:00:00,3/26/2021,1616716800,2026-08-14T00:00:00
70,BUI,-0.0004,6.98677,6.98941,0.154,18.4,8,Morningstar US CEF Sector Equity,16,BlackRock,True,26.44,-0.21,26.45,2026-09-01T00:00:00,09248D104,"BlackRock Util, Infra & Power Opp",2026-09-01,XBUIX,Equity-Sector Equity,0.11,795.435,,Monthly,0.13116,0.154,20.0,,,,1.09,,795.736,True,False,False,False,True,False,,15.98,17.32,8.39,7.83,14.02,9.61,,,9.67,748770,,,,,,,27.15352,1.9455900000000002,-0.64,-1.16,-0.08,2026-09-01T00:00:00,2011-11-23T00:00:00,11/23/2011,1322006400,2026-08-14T00:00:00
71,BHV,0.1616,5.04155,4.34022,0.0455,4.65,24,Morningstar US CEF Municipal-Single State,16,BlackRock,False,12.58,-0.03,10.83,2026-09-01T00:00:00,092481100,BlackRock VA Municipal Bond,2026-09-01,XBHVX,Fixed Income - Municipal-Municipal - Single-State,40.19,19.98,0.024,Monthly,0.1615,0.0455,15.0,4.857,,,4.53,,28.759,True,True,True,False,False,False,,1.74,13.03,-3.1,-3.58,-1.7000000000000002,24.63,,,31.86,54580,8.6,,99.2945,,16.77,10.27,11.27645,-1.58841,2.29,1.58,1.57,2026-09-01T00:00:00,2002-04-30T00:00:00,4/30/2002,1020124800,2026-08-14T00:00:00
72,BGX,-0.1284,7.9935,9.17055,0.08199999999999999,1.51,19,Morningstar US CEF Senior Loans,18,Blackstone Liquid Credit Strategies LLC,False,10.73,-0.02,12.31,2026-09-01T00:00:00,09257D102,Blackstone Long-Short Credit Income,2026-09-01,XXBGX,Fixed Income - Taxable-Senior Loans,33.75,136.36,,Monthly,0.51573,0.08199999999999999,20.0,7.1353,,,4.65,,236.139,True,False,False,False,False,False,,6.67,7.22,3.8,2.9699999999999998,0.07,-3.02,,,-6.21,704100,,,,,17.0,,11.28503,-10.62162,-1.1,-1.6099999999999999,-0.89,2026-09-01T00:00:00,2011-01-27T00:00:00,1/27/2011,1296086400,2026-08-24T00:00:00
73,BSL,-0.0356,7.82802,8.11683,0.088,0.73,19,Morningstar US CEF Senior Loans,18,Blackstone Liquid Credit Strategies LLC,False,13.01,-0.01,13.49,2026-09-01T00:00:00,09256U105,Blackstone Senior Floating Rt 2027 term,2026-09-01,XBSLX,Fixed Income - Taxable-Senior Loans,33.43,169.389,,Monthly,0.55321,0.088,20.0,7.1345,,,4.68,,263.839,True,False,True,False,False,True,,6.04,9.09,4.12,4.24,-0.19,1.08,,,-1.18,430810,,,,,3.73,,13.33564,-3.68345,0.14,-0.21,0.25,2026-09-01T00:00:00,2010-05-26T00:00:00,5/26/2010,1274832000,2026-08-24T00:00:00
74,BGB,-0.0525,7.71574,8.14286,0.076,0.71,19,Morningstar US CEF Senior Loans,18,Blackstone Liquid Credit Strategies LLC,False,11.2,-0.03,11.82,2026-09-01T00:00:00,09257R101,Blackstone Strategic Credit 2027 term,2026-09-01,XBGBX,Fixed Income - Taxable-Senior Loans,38.95,500.402,,Monthly,0.74549,0.076,20.0,6.9282,,,5.4,,865.036,True,False,False,False,False,True,,6.57,10.02,3.73,4.53,-0.55,0.0,,,-3.4,1340330,,,,,17.78,,11.57665,-4.8151,-0.41000000000000003,-1.6600000000000001,-0.45,2026-09-01T00:00:00,2012-09-26T00:00:00,9/26/2012,1348617600,2026-08-24T00:00:00
75,BPRE,-0.46880000000000005,7.27,13.68719,0.1371,-6.5,7,Morningstar US CEF Real Estate,19,"Bluerock Fund Advisors, LLC",True,12.02,-0.13,22.63,2026-09-01T00:00:00,09631P102,Bluerock Private Real Estate Fund,2026-09-01,XBPREX,Equity-Real Estate,,1719.393,,Monthly,,0.1371,14.0,,,,0.0,,3237.094,False,True,True,False,True,False,,-6.54,,-1.62,,-3.07,-13.42,,,,0,,,75.3751,,,,,,,-1.16,-1.49,2026-09-01T00:00:00,2014-04-01T00:00:00,4/1/2014,1396310400,2026-08-17T00:00:00
76,DHF,-0.1124,7.86517,8.860759999999999,0.017499999999999998,3.35,14,Morningstar US CEF High Yield,20,BNY Mellon,False,2.37,0.0,2.67,2026-09-01T00:00:00,09660L105,BNY Mellon High Yield Strategies Fund,2026-09-01,XDHFX,Fixed Income - Taxable-High Yield,27.59,172.386,,Monthly,0.09917000000000001,0.017499999999999998,15.0,7.0234,0.0,5.32,3.18,,268.207,True,False,False,True,False,False,,9.23,10.94,3.38,1.44,1.96,0.53,,,-0.77,3502770,4.2,,99.6134,,4.52,3.33,2.47161,-9.46989,-1.02,-0.34,-0.45,2026-09-01T00:00:00,1998-04-29T00:00:00,4/29/1998,893808000,2026-08-06T00:00:00
77,DMB,-0.06509999999999999,5.35236,5.72519,0.049999999999999996,7.02,21,Morningstar US CEF Municipal,20,BNY Mellon,False,10.48,-0.14,11.21,2026-09-01T00:00:00,09662W109,BNY Mellon Muni Bond Infrastructure Fund,2026-09-01,XDMBX,Fixed Income - Municipal-Municipal,36.28,192.895,,Monthly,0.24734,0.049999999999999996,15.0,5.1046,,,3.19,,323.826,True,False,True,False,False,False,,3.06,4.24,-1.35,-3.34,-0.5700000000000001,-0.51,,,10.77,569410,0.13,,98.7695,,11.41,9.1,10.80664,-7.40843,0.68,0.68,0.49,2026-09-01T00:00:00,2013-04-26T00:00:00,4/26/2013,1366934400,2026-08-18T00:00:00
78,DSM,-0.0707,5.78778,6.22837,0.03,8.14,21,Morningstar US CEF Municipal,20,BNY Mellon,False,5.78,-0.04,6.22,2026-09-01T00:00:00,09662E109,BNY Mellon Strategic Muni Bond,2026-09-01,XDSMX,Fixed Income - Municipal-Municipal,35.29,285.698,,Monthly,0.15742,0.03,10.0,5.0125,,,2.73,,475.144,True,False,True,False,False,False,,3.41,6.9,-1.92,-2.94,-0.1,-2.26,,,7.82,1103930,1.0,,96.7327,,8.93,8.35,6.02011,-7.10409,0.02,0.22,-0.24,2026-09-01T00:00:00,1989-11-22T00:00:00,11/22/1989,627696000,2026-08-13T00:00:00
79,LEO,-0.0697,5.45455,5.86319,0.03,8.01,21,Morningstar US CEF Municipal,20,BNY Mellon,False,6.14,-0.04,6.6,2026-09-01T00:00:00,05588W108,BNY Mellon Strategic Municipals,2026-09-01,XLEOX,Fixed Income - Municipal-Municipal,34.64,382.466,,Monthly,0.15752,0.03,10.0,5.1313,,,2.76,,629.04,True,False,True,False,False,False,,3.81,7.04,-1.7000000000000002,-4.03,0.5,0.53,,,9.05,2000670,1.18,,96.899,,9.37,8.54,6.31632,-7.61501,0.6,0.92,0.43,2026-09-01T00:00:00,1987-09-23T00:00:00,9/23/1987,559353600,2026-08-13T00:00:00
80,BWG,-0.0987,11.41498,12.66491,0.08,1.38,13,Morningstar US CEF Global Income,54,"Franklin Templeton Fund Adviser, LLC",True,7.58,-0.05,8.41,2026-09-01T00:00:00,10537L104,BrandywineGLOBAL â Global Inc Opp Fund,2026-09-01,XBWGX,Fixed Income - Taxable-Global Income,41.69,127.282,,Monthly,0.40321,0.08,20.0,7.6784,,,4.62,,242.18,True,False,False,False,True,False,,7.84,10.25,0.6900000000000001,1.4,0.18,-1.22,,,-0.43,773390,,,,,,,8.20218,-8.53691,-0.89,-0.99,-0.13,2026-09-01T00:00:00,2012-03-28T00:00:00,3/28/2012,1332892800,2026-08-24T00:00:00
81,RA,-0.0981,10.20908,11.31894,0.118,5.61,14,Morningstar US CEF High Yield,21,Brookfield Public Securities Group LLC,True,12.51,-0.04,13.87,2026-09-01T00:00:00,112830104,Brookfield Real Assets Income Fund Inc.,2026-09-01,XRAIX,Fixed Income - Taxable-High Yield,25.33,691.236,,Monthly,0.4166,0.118,25.0,6.5269,,,3.34,,1026.398,True,False,False,False,True,False,,8.38,10.71,3.9,0.68,3.14,4.19,,,3.51,1673480,,,96.6205,,8.9,,12.99525,-9.14174,-0.58,-0.71,-0.28,2026-09-01T00:00:00,2016-12-02T00:00:00,12/2/2016,1480636800,2026-08-06T00:00:00
82,CFND,-0.5794,,,,-8.02,10,Morningstar US CEF US Equity,23,C1 Advisors LLC,True,2.73,-0.18,6.49,2026-06-30T00:00:00,12673Q103,C1 Fund Inc.,2026-09-01,XCFNDX,Equity-U.S. Equity,,17.932,,Semi-Annually,,,10.0,,,,5.86,,42.629,False,False,False,False,True,False,,,,,,-6.02,-41.43,,,-66.27,405130,,,,,,,4.75864,-37.20546,-0.99,-0.77,-1.37,2026-09-01T00:00:00,2025-08-07T00:00:00,8/7/2025,1754524800,
83,CHY,0.020099999999999996,9.66184,9.47119,0.09999999999999999,27.21,11,Morningstar US CEF Convertibles,24,Calamos Advisors LLC,False,12.67,-0.22,12.42,2026-09-01T00:00:00,12811P108,Calamos Convertible & High Income Fund,2026-09-01,XCHYX,Fixed Income - Taxable-Convertibles,32.16,1017.785,,Monthly,-0.10886,0.09999999999999999,15.0,3.6075,,4.49,4.01,,1470.721,True,True,True,False,False,False,,18.14,15.73,5.75,6.02,18.8,20.53,,,29.99,1885550,,,113.3553,,,,12.0673,-0.7256300000000001,1.37,0.74,1.25,2026-09-01T00:00:00,2003-05-28T00:00:00,5/28/2003,1054080000,2026-08-14T00:00:00
84,CHI,0.0634,9.76027,9.17874,0.095,26.68,11,Morningstar US CEF Convertibles,24,Calamos Advisors LLC,False,12.42,-0.29,11.68,2026-09-01T00:00:00,128117108,Calamos Convertible Opp Inc,2026-09-01,XCHIX,Fixed Income - Taxable-Convertibles,31.53,1002.378,,Monthly,-0.09886,0.095,15.0,3.5722,,4.47,3.98,,1376.705,True,True,True,False,False,False,,17.89,17.7,5.64,6.53,18.56,28.22,,,34.65,1820610,,,113.5724,,,,11.66986,1.80701,1.75,0.56,1.12,2026-09-01T00:00:00,2002-06-26T00:00:00,6/26/2002,1025049600,2026-08-14T00:00:00
85,CCD,0.041299999999999996,10.07318,9.67342,0.19499999999999998,31.68,11,Morningstar US CEF Convertibles,24,Calamos Advisors LLC,False,24.19,-0.45,23.23,2026-09-01T00:00:00,12811V105,Calamos Dynamic Convertible and Income,2026-09-01,XCCDX,Fixed Income - Taxable-Convertibles,30.01,691.419,,Monthly,-0.41014,0.19499999999999998,25.0,2.5787,,4.07,4.26,,948.738,True,True,True,False,False,True,,19.73,18.95,5.79,5.98,21.88,24.83,,,32.83,835190,,,,,,,23.02582,1.72219,1.05,0.62,0.8200000000000001,2026-09-01T00:00:00,2015-03-27T00:00:00,3/27/2015,1427414400,2026-08-14T00:00:00
86,CHW,-0.09300000000000001,7.78378,8.58164,0.06,23.96,25,Morningstar US CEF Global Allocation,24,Calamos Advisors LLC,False,8.39,-0.05,9.25,2026-09-01T00:00:00,12811L107,Calamos Global Dynamic Income Fund,2026-09-01,XCHWX,Hybrid-Global Allocation,29.9,535.822,,Monthly,-0.03591,0.06,15.0,5.1178,,4.53,3.85,,842.709,True,True,True,False,False,False,,20.87,22.27,7.13,4.85,19.53,19.04,,,24.77,1875840,,,,,,,7.99027,-10.24685,0.74,0.22,0.78,2026-09-01T00:00:00,2007-06-27T00:00:00,6/27/2007,1182902400,2026-08-14T00:00:00
87,CGO,-0.0812,7.62712,8.30131,0.09,24.28,25,Morningstar US CEF Global Allocation,24,Calamos Advisors LLC,False,13.01,-0.17,14.16,2026-09-01T00:00:00,128118106,Calamos Global Total Return,2026-09-01,XCGOX,Hybrid-Global Allocation,29.8,127.853,,Monthly,-0.07175000000000001,0.09,15.0,5.0672,,4.39,4.02,,198.231,True,True,True,False,False,False,,21.43,22.24,7.04,4.22,20.31,20.96,,,21.21,272510,,,,,,,12.37052,-9.01661,0.55,1.42,1.85,2026-09-01T00:00:00,2005-10-27T00:00:00,10/27/2005,1130371200,2026-08-14T00:00:00
88,CPZ,-0.1355,11.10377,12.84404,0.13999999999999999,-4.7,5,Morningstar US CEF Global Equity,24,Calamos Advisors LLC,False,13.08,-0.22,15.13,2026-09-01T00:00:00,12812C106,Calamos L/S Equity & Dynamic Inc Trust,2026-09-01,XCPZX,Equity-Global Equity,48.14,256.789,,Monthly,0.08155,0.13999999999999999,20.0,6.5242,,13.21,4.38,,572.726,True,False,False,False,False,False,,5.6,7.23,2.69,2.5700000000000003,-0.27,-2.49,,,-10.75,765910,,,99.1682,,,,14.36851,-9.92932,-1.63,-1.13,-1.28,2026-09-01T00:00:00,2019-11-29T00:00:00,11/29/2019,1574985600,2026-08-14T00:00:00
89,CSQ,-0.0762,7.21925,7.81476,0.13499999999999998,24.42,26,Morningstar US CEF US Allocation,24,Calamos Advisors LLC,False,20.73,-0.21,22.44,2026-09-01T00:00:00,128125101,Calamos Strategic Total Return,2026-09-01,XCSQX,Hybrid-U.S. Allocation,28.18,3324.463,,Monthly,-0.08754,0.13499999999999998,15.0,4.1463,,4.71,3.69,,5010.862,True,True,True,False,False,False,,23.72,20.74,12.42,10.35,14.96,14.07,,,20.95,2251890,,,,,,,19.40994,-8.41749,0.48,2.19,2.67,2026-09-01T00:00:00,2004-03-26T00:00:00,3/26/2004,1080259200,2026-08-14T00:00:00
90,CCIF,-0.1572,22.64151,26.86567,0.06,-40.38,19,Morningstar US CEF Senior Loans,25,Carlyle Global Credit Inv Mgmt,True,2.68,-0.07,3.24,2026-07-31T00:00:00,92535C104,Carlyle Credit Income Ord,2026-09-01,XCCIFX,Fixed Income - Taxable-Senior Loans,45.93,56.812,,Monthly,0.18345,0.06,8.65,8.718,,,11.36,,124.684,True,False,False,False,True,False,,-16.46,-15.07,-13.62,-11.34,-32.71,-31.98,,,-39.74,1304380,,,46.8847,,,,3.9836,-10.08772,-0.98,-0.16,-0.81,2026-09-01T00:00:00,2011-12-30T00:00:00,12/30/2011,1325203200,2026-08-19T00:00:00
91,IGR,0.0227,16.326529999999998,15.96452,0.06,3.61,7,Morningstar US CEF Real Estate,26,CBRE Investment Management Listed Real Assets LLC,True,4.51,-0.05,4.41,2026-09-01T00:00:00,12504G100,CBRE Global Real Estate Income,2026-09-01,XIGRX,Equity-Real Estate,32.43,683.88,,Monthly,0.04079,0.06,15.0,,,,3.84,,989.65,True,False,True,False,True,False,,6.0,10.87,-3.26,-0.63,8.96,15.49,,,5.05,7165910,,,,,,,4.71023,1.11506,0.52,1.44,1.22,2026-09-01T00:00:00,2004-02-18T00:00:00,2/18/2004,1077062400,2026-08-20T00:00:00
92,CET,-0.16829999999999998,0.95385,1.14687,0.31,14.2,10,Morningstar US CEF US Equity,27,Central Securities Corp,False,54.06,-0.74,65.0,2026-08-31T00:00:00,155123102,Central Securities Corporation,2026-09-01,XCETX,Equity-U.S. Equity,0.32,1597.433,,Semi-Annually,0.8325400000000001,0.31,10.0,,,,0.46,,1920.702,True,True,False,False,False,False,,18.97,20.77,10.54,11.52,7.98,7.86,,,14.9,371200,,,,,,0.05,51.83895,-15.59267,-1.43,-1.17,-1.52,2026-09-01T00:00:00,1980-07-28T00:00:00,7/28/1980,333590400,2026-06-12T00:00:00
93,EMO,-0.0796,7.11697,7.73224,0.41,33.89,6,Morningstar US CEF MLP,54,"Franklin Templeton Fund Adviser, LLC",False,55.87,1.09,60.7,2026-09-01T00:00:00,18469P209,ClearBridge Energy Midstream Opportunity,2026-09-01,XEMOX,Equity-MLP,23.62,1116.854,,Monthly,-0.08994,0.41,20.0,,,,3.12,,1588.616,True,True,True,False,False,False,,28.97,31.82,27.77,31.61,30.87,29.78,,,25.9,608480,,,,,,,48.47674,-9.5641,0.7000000000000001,2.31,1.6600000000000001,2026-09-01T00:00:00,2011-06-13T00:00:00,6/13/2011,1307923200,2026-08-24T00:00:00
94,GLV,-0.12050000000000001,9.85776,11.20792,0.0566,16.91,25,Morningstar US CEF Global Allocation,28,Clough Capital Partners L.P.,True,6.06,-0.05,6.89,2026-09-01T00:00:00,18913Y103,Clough Global Dividend and Income,2026-09-01,XGLVX,Hybrid-Global Allocation,33.01,75.203,,Monthly,0.00647,0.0566,20.0,4.8157,,,3.06,,127.633,True,False,False,False,True,False,,12.74,16.77,0.87,-1.1400000000000001,9.44,10.02,,,16.92,401970,,,,,14.73,12.28,6.14846,-11.92176,-0.12,0.62,0.36,2026-09-01T00:00:00,2004-07-28T00:00:00,7/28/2004,1090972800,2026-08-18T00:00:00
95,GLQ,-0.0992,9.97491,11.07342,0.07289999999999999,15.47,5,Morningstar US CEF Global Equity,28,Clough Capital Partners L.P.,True,7.9,-0.13,8.77,2026-09-01T00:00:00,18914C100,Clough Global Equity,2026-09-01,XGLQX,Equity-Global Equity,33.33,148.031,,Monthly,-0.056870000000000004,0.07289999999999999,20.0,,,,3.41,,246.503,True,False,True,False,True,False,,17.75,23.11,-0.41000000000000003,-0.9,8.54,12.55,,,20.42,622410,,,,,0.06,,7.9970300000000005,-11.28248,1.24,0.46,0.79,2026-09-01T00:00:00,2005-04-27T00:00:00,4/27/2005,1114560000,2026-08-18T00:00:00
96,GLO,-0.09380000000000001,10.24483,11.30526,0.0537,10.64,25,Morningstar US CEF Global Allocation,28,Clough Capital Partners L.P.,True,5.7,-0.05,6.29,2026-09-01T00:00:00,18914E106,Clough Global Opportunities,2026-09-01,XGLOX,Hybrid-Global Allocation,34.0,243.767,,Monthly,-0.0235,0.0537,20.0,4.8199000000000005,,,3.54,,407.55,True,False,True,False,True,False,,13.53,18.46,-2.89,-3.9,5.72,9.24,,,15.23,1510420,,,,,16.96,14.09,5.81681,-11.43075,2.07,1.4100000000000001,1.8399999999999999,2026-09-01T00:00:00,2006-04-25T00:00:00,4/25/2006,1145923200,2026-08-18T00:00:00
97,FOF,-0.003,7.75632,7.77943,0.087,15.88,26,Morningstar US CEF US Allocation,30,"Cohen &amp; Steers Capital Management, Inc.",False,13.42,-0.19,13.46,2026-09-01T00:00:00,19248P106,Cohen & Steers Closed-End Opportunity,2026-09-01,XFOFX,Hybrid-U.S. Allocation,,372.724,,Monthly,0.19373,0.087,20.0,6.1386,,7.64,0.9500000000000001,,373.835,False,False,False,False,False,False,,18.07,17.37,7.97,7.11,8.11,8.51,,,12.57,618830,,,95.6359,,,,13.49445,1.11444,-0.8200000000000001,-0.86,-0.99,2026-09-01T00:00:00,2006-11-20T00:00:00,11/20/2006,1163980800,2026-08-11T00:00:00
98,UTF,-0.0143,7.24214,7.34694,0.16499999999999998,13.81,8,Morningstar US CEF Sector Equity,29,Cohen &amp; Steers,False,26.95,-0.17,27.34,2026-09-01T00:00:00,19248A109,Cohen & Steers Infrastructure,2026-09-01,XUTFX,Equity-Sector Equity,28.36,3013.282,,Monthly,0.20763,0.16499999999999998,20.0,5.4498,,,3.43,,4266.888,True,True,True,False,False,False,,16.2,16.59,7.74,6.43,12.1,18.08,,,9.53,3629400,,,103.041,,7.43,,25.82659,-5.20305,1.45,1.1,1.23,2026-09-01T00:00:00,2004-03-30T00:00:00,3/30/2004,1080604800,2026-08-11T00:00:00
99,LDP,-0.063,7.12925,7.60891,0.131,6.41,18,Morningstar US CEF Preferreds,30,"Cohen &amp; Steers Capital Management, Inc.",False,20.66,-0.14,22.05,2026-09-01T00:00:00,19248C105,Cohen & Steers Ltd Duration Pref & Inc,2026-09-01,XLDPX,Fixed Income - Taxable-Preferreds,32.94,600.777,,Monthly,0.6786800000000001,0.131,25.0,,,,3.67,,956.197,True,False,False,False,False,False,,11.76,13.8,4.3,2.9699999999999998,2.85,3.29,,,4.74,619270,,,,,88.99,,21.05893,-5.8214,-0.33,0.11,0.51,2026-09-01T00:00:00,2012-07-27T00:00:00,7/27/2012,1343347200,2026-08-11T00:00:00
100,RQI,-0.0689,8.26953,8.88158,0.09,13.23,7,Morningstar US CEF Real Estate,29,Cohen &amp; Steers,False,12.16,0.01,13.06,2026-09-01T00:00:00,19247L106,Cohen & Steers Qual Inc Realty,2026-09-01,XRQIX,Equity-Real Estate,26.99,1788.425,,Monthly,0.09720000000000001,0.09,15.0,4.5417000000000005,,,3.45,,2630.917,True,False,False,False,False,False,,12.01,11.12,3.3,2.52,17.1,12.9,,,6.78,5009630,,,102.1293,,7.49,,12.42534,-3.91796,-1.0,0.13,-0.78,2026-09-01T00:00:00,2002-02-28T00:00:00,2/28/2002,1014854400,2026-08-11T00:00:00
101,RLTY,-0.0833,7.85714,8.57143,0.11,12.04,7,Morningstar US CEF Real Estate,30,"Cohen &amp; Steers Capital Management, Inc.",True,15.4,-0.09,16.8,2026-09-01T00:00:00,19249Q103,Cohen & Steers Real Estate Opp & Inc Fd,2026-09-01,XRLTX,Equity-Real Estate,33.42,257.525,,Monthly,0.11394,0.11,20.0,5.2869,,,4.55,,421.936,True,True,False,False,True,False,,11.32,13.9,,,12.6,11.5,,,8.1,601170,,,104.0393,,,,15.32312,-7.30965,-0.6900000000000001,0.44,0.09,2026-09-01T00:00:00,2022-02-24T00:00:00,2/24/2022,1645660800,2026-08-11T00:00:00
102,RNP,-0.0667,7.55906,8.09926,0.13599999999999998,9.42,7,Morningstar US CEF Real Estate,30,"Cohen &amp; Steers Capital Management, Inc.",True,20.15,0.02,21.59,2026-09-01T00:00:00,19247X100,Cohen & Steers REIT & Preferred Inc Fd,2026-09-01,XRNPX,Equity-Real Estate,30.28,967.202,,Monthly,0.38016,0.13599999999999998,25.0,5.8091,,,3.37,,1486.447,True,False,False,False,True,False,,11.69,10.75,3.41,2.44,10.14,6.8100000000000005,,,-2.66,1201770,,,106.003,,6.69,,20.77278,-3.0575,-1.01,0.42,-0.62,2026-09-01T00:00:00,2003-06-27T00:00:00,6/27/2003,1056672000,2026-08-11T00:00:00
103,PSF,-0.0987,7.03911,7.80992,0.126,5.66,18,Morningstar US CEF Preferreds,29,Cohen &amp; Steers,False,19.36,-0.13,21.48,2026-09-01T00:00:00,19248Y107,Cohen & Steers Select Preferred & Inc,2026-09-01,XPSFX,Fixed Income - Taxable-Preferreds,33.3,232.866,,Monthly,0.6429,0.126,25.0,7.0987,,,3.76,,387.365,True,False,False,False,False,False,,11.29,10.71,3.13,-1.5,2.06,1.09,,,2.94,376830,,,101.0886,,86.4,,20.10857,-8.31596,-1.06,-0.59,-0.5,2026-09-01T00:00:00,2010-11-24T00:00:00,11/24/2010,1290556800,2026-08-11T00:00:00
104,PTA,-0.0886,7.9604,8.73438,0.13399999999999998,4.62,18,Morningstar US CEF Preferreds,30,"Cohen &amp; Steers Capital Management, Inc.",True,18.41,-0.06,20.2,2026-09-01T00:00:00,19249X108,Cohen & Steers Tax-adv Prd Sec and Inc,2026-09-01,XPTAX,Fixed Income - Taxable-Preferreds,35.14,1017.584,,Monthly,0.63166,0.13399999999999998,25.0,7.3128,,,4.36,,1721.429,True,False,False,False,True,False,,10.01,9.61,2.74,1.8599999999999999,1.5,1.1,,,-0.63,1396610,,,103.3882,,,,19.46977,-6.44861,-1.51,-1.74,-1.6800000000000002,2026-09-01T00:00:00,2020-10-28T00:00:00,10/28/2020,1603843200,2026-08-11T00:00:00
105,RFI,-0.0326,8.22622,8.5031,0.08,9.1,7,Morningstar US CEF Real Estate,30,"Cohen &amp; Steers Capital Management, Inc.",False,11.29,-0.04,11.67,2026-09-01T00:00:00,19247R103,Cohen & Steers Total Return,2026-09-01,XRFIX,Equity-Real Estate,0.04,301.993,,Monthly,0.14464,0.08,15.0,6.5819,,,0.9400000000000001,,312.282,True,False,False,False,False,False,,9.52,8.93,2.7,0.68,11.15,8.41,,,1.78,944840,,,,,,,11.44982,-1.06562,-0.78,0.99,-0.1,2026-09-01T00:00:00,1993-09-27T00:00:00,9/27/1993,749088000,2026-08-11T00:00:00
106,STK,-0.049800000000000004,3.39014,3.56798,0.46249999999999997,80.27,3,Morningstar US CEF Covered Call,31,"Columbia Mgmt Investment Advisers, LLC",True,51.85,-0.44,54.57,2026-09-01T00:00:00,19842X109,Columbia Seligman Premium Technology Gr,2026-09-01,XSTKX,Equity-Covered-Call Funds,,915.74,,Quarterly,-0.09022000000000001,0.46249999999999997,20.0,,,,1.12,,965.795,False,True,False,False,True,False,,38.4,32.09,21.86,20.22,50.2,46.43,,,76.17,563270,,,,,,,42.82369,-4.38543,-0.29,0.63,-0.17,2026-09-01T00:00:00,2009-11-25T00:00:00,11/25/2009,1259107200,2026-08-17T00:00:00
107,CLM,0.0363,22.99685,22.19178,0.1215,16.72,10,Morningstar US CEF US Equity,32,"Cornerstone Advisors, LLC",True,6.57,-0.05,6.34,2026-08-31T00:00:00,21924B302,Cornerstone Strategic Investment Fund,2026-09-01,XCLMX,Equity-U.S. Equity,0.0,1943.18,,Monthly,-0.00202,0.1215,38.52,,,,1.1,,1875.154,True,False,False,False,True,False,,19.73,12.29,12.1,7.86,9.63,-8.97,,,-0.37,18652700,,,,,,,7.80728,19.26168,-3.8200000000000003,-2.63,-3.23,2026-09-01T00:00:00,1987-06-23T00:00:00,6/23/1987,551404800,2026-08-14T00:00:00
108,CRF,0.030899999999999997,22.94634,22.25868,0.1176,17.04,10,Morningstar US CEF US Equity,32,"Cornerstone Advisors, LLC",True,6.34,-0.1,6.15,2026-08-31T00:00:00,21924U300,Cornerstone Total Return Fund,2026-09-01,XCRFX,Equity-U.S. Equity,9.5,1020.322,,Monthly,-0.00521,0.1176,25.0,,,,1.13,,989.745,True,False,False,False,True,False,,20.08,9.97,12.54,6.75,9.74,-8.96,,,-1.6099999999999999,12589220,,,,,,,7.49215,18.10623,-3.5700000000000003,-2.54,-3.0,2026-09-01T00:00:00,1973-05-16T00:00:00,5/16/1973,106358400,2026-08-14T00:00:00
109,CIK,-0.107,8.85609,9.91736,0.02,1.7000000000000002,14,Morningstar US CEF High Yield,107,UBS Asset Management (Americas) LLC,False,2.42,-0.01,2.71,2026-09-01T00:00:00,224916106,Credit Suisse Asset Mgmt Income,2026-09-01,XCIKX,Fixed Income - Taxable-High Yield,35.07,132.746,,Monthly,0.10128000000000001,0.02,10.0,6.9712,,,3.7,,228.936,True,False,False,False,False,False,,7.53,5.67,4.22,2.0,1.69,-8.47,,,-9.38,4677150,,,98.7034,,5.73,,2.68201,-3.978,-1.57,-1.45,-1.3599999999999999,2026-09-01T00:00:00,1987-03-23T00:00:00,3/23/1987,543456000,2026-08-17T00:00:00
110,DHY,-0.1094,9.6875,10.87719,0.0155,-3.11,14,Morningstar US CEF High Yield,107,UBS Asset Management (Americas) LLC,False,1.71,0.01,1.92,2026-09-01T00:00:00,22544F103,Credit Suisse High Yield Credit,2026-09-01,XDHYX,Fixed Income - Taxable-High Yield,30.67,177.172,,Monthly,0.08308,0.0155,10.0,6.998,,,3.62,,286.925,True,False,False,False,False,False,,5.59,6.12,2.8,1.52,-3.66,-9.06,,,-10.32,6349170,,,98.7615,,5.73,,1.9110300000000002,-6.71275,-1.34,-1.38,-0.76,2026-09-01T00:00:00,1998-07-31T00:00:00,7/31/1998,901843200,2026-08-17T00:00:00
111,DXYZ,-0.0787,,,,395.66,8,Morningstar US CEF Sector Equity,34,Destiny Advisors LLC,True,31.6,4.87,34.3,2026-03-31T00:00:00,25063F107,Destiny Tech100 Inc,2026-09-01,DXYZ,Equity-Sector Equity,,694.451,,Monthly,-0.28507,,,,,,4.53,,753.787,False,True,False,False,True,False,,,,,,71.76,4.9,,,17.43,19892670,,,,,,,30.13644,78.46244,-0.9400000000000001,0.43,-0.36,2026-09-01T00:00:00,2024-03-26T00:00:00,3/26/2024,1711411200,
112,DMA,-0.1514,15.0838,17.77485,0.11249999999999999,0.62,26,Morningstar US CEF US Allocation,35,Destra Capital Advisors LLC,True,7.595,-0.02,8.95,2026-09-01T00:00:00,25065A502,Destra Multi-Alternative,2026-09-01,XDMAX,Hybrid-U.S. Allocation,10.99,68.076,,Monthly,0.19305,0.11249999999999999,,,,,3.29,,90.121,True,False,False,False,True,False,,1.4,17.43,-0.24,,-1.5,-4.93,,,2.32,260880,,,,,0.11,,8.23248,-14.67802,-0.18,0.43,0.55,2026-09-01T00:00:00,2022-01-13T00:00:00,1/13/2022,1642032000,2026-08-21T00:00:00
113,DNP,0.1297,8.159,7.22222,0.065,11.22,8,Morningstar US CEF Sector Equity,39,Duff &amp; Phelps Inv Mgmt Co (IL),True,10.8,-0.01,9.56,2026-09-01T00:00:00,23325P104,DNP Select Income,2026-09-01,XDNPX,Equity-Sector Equity,23.38,4091.068,,Monthly,0.10944,0.065,10.0,5.6735,,,2.5300000000000002,,4726.204,True,True,True,False,True,False,,16.02,11.42,8.53,8.38,10.08,13.83,,,18.37,5894110,,,,,7.33,5.71,10.3872,6.66879,1.8599999999999999,1.45,1.51,2026-09-01T00:00:00,1987-01-21T00:00:00,1/21/1987,538185600,2026-08-31T00:00:00
114,DSL,-0.0711,11.58911,12.47637,0.11,3.27,13,Morningstar US CEF Global Income,37,DoubleLine Capital LP,False,10.58,-0.06,11.39,2026-09-01T00:00:00,258622109,DoubleLine Income Solutions Fund,2026-09-01,XDSLX,Fixed Income - Taxable-Global Income,23.68,1212.162,,Monthly,0.47242,0.11,25.0,7.5984,,,2.98,,1709.965,True,False,False,False,False,False,,9.93,7.13,1.03,0.56,3.88,2.24,,,-4.06,5687970,,,92.0647,,,,11.26474,-4.49141,-1.37,-1.17,-1.45,2026-09-01T00:00:00,2013-04-26T00:00:00,4/26/2013,1366934400,2026-08-19T00:00:00
115,DBL,-0.028900000000000002,9.09091,9.3617,0.11,2.85,17,Morningstar US CEF Multi-Sector,36,DoubleLine,False,14.1,-0.03,14.52,2026-09-01T00:00:00,258623107,Doubleline Opportunistic Cred,2026-09-01,XDBLX,Fixed Income - Taxable-Multi-Sector,8.01,278.784,,Monthly,0.46533,0.11,25.0,6.3207,,,2.02,,312.088,True,False,False,False,False,False,,9.07,8.81,2.62,1.8599999999999999,2.19,-1.57,,,-0.84,636400,,,84.4462,,,,14.83089,-0.8957400000000001,-1.15,-0.32,-0.59,2026-09-01T00:00:00,2012-01-26T00:00:00,1/26/2012,1327536000,2026-08-19T00:00:00
116,DLY,-0.08439999999999999,9.30498,10.16255,0.1167,3.7800000000000002,17,Morningstar US CEF Multi-Sector,37,DoubleLine Capital LP,True,13.78,-0.09,15.05,2026-09-01T00:00:00,25862D105,DoubleLine Yield Opportunities Fund,2026-09-01,XDLYX,Fixed Income - Taxable-Multi-Sector,16.08,668.873,,Monthly,0.62071,0.1167,20.0,7.4846,,,2.89,,870.518,True,False,False,False,True,False,,8.76,8.22,2.7800000000000002,2.08,2.76,1.8399999999999999,,,-1.4,2092780,,,95.3595,,,,14.4254,-6.58611,-1.24,-0.89,-0.98,2026-09-01T00:00:00,2020-02-25T00:00:00,2/25/2020,1582588800,2026-08-19T00:00:00
117,DTF,-0.0347,3.26087,3.37809,0.0325,1.9100000000000001,21,Morningstar US CEF Municipal,38,Duff &amp; Phelps,False,11.545,-0.03,11.96,2026-09-01T00:00:00,23334J107,DTF Tax-Free Income 2028 Term,2026-09-01,XDTFX,Fixed Income - Municipal-Municipal,32.16,81.156,,Monthly,0.13742000000000001,0.0325,15.0,4.9315,,,1.08,,84.074,True,True,True,False,False,False,,2.38,5.65,-2.5,-1.48,0.91,3.63,,,5.84,74550,,,104.7125,,8.11,2.2,11.42657,-5.4914000000000005,2.07,1.57,1.87,2026-09-01T00:00:00,1991-11-29T00:00:00,11/29/1991,691372800,2026-08-17T00:00:00
118,DPG,-0.09480000000000001,5.68541,6.28053,0.075,21.33,8,Morningstar US CEF Sector Equity,39,Duff &amp; Phelps Inv Mgmt Co (IL),True,14.33,-0.09,15.83,2026-09-01T00:00:00,26433C105,Duff & Phelps Utility and Infra Fund Inc,2026-09-01,XDPGX,Equity-Sector Equity,21.9,515.838,,Monthly,0.045200000000000004,0.075,20.0,,,,3.34,,729.643,True,True,True,False,True,False,,22.17,24.56,11.42,8.97,15.97,18.01,,,20.11,719400,,,,,,,13.84702,-10.55927,1.0,1.03,1.49,2026-09-01T00:00:00,2011-07-29T00:00:00,7/29/2011,1311897600,2026-08-31T00:00:00
119,KTF,-0.0091,8.35616,8.43318,0.061,7.77,21,Morningstar US CEF Municipal,41,"DWS Investment Management Americas, Inc.",False,8.68,-0.07,8.76,2026-09-01T00:00:00,233368109,DWS Municipal Income,2026-09-01,XKTFX,Fixed Income - Municipal-Municipal,37.39,340.115,,Monthly,0.19611,0.061,12.0,4.7412,,15.48,3.14,,548.249,True,False,True,False,False,False,,3.31,9.15,-1.83,-0.77,0.04,1.6,,,7.57,1331230,,,99.2754,,14.69,9.37,9.10467,-1.69113,0.8300000000000001,-0.13,0.05,2026-09-01T00:00:00,1988-10-20T00:00:00,10/20/1988,593308800,2026-08-19T00:00:00
120,GRF,-0.1797,6.88259,8.39075,0.85,4.35,10,Morningstar US CEF US Equity,98,Sims Capital Management LLC,False,10.1302,-0.41000000000000003,12.35,2026-08-28T00:00:00,269451100,Eagle Capital Growth,2026-09-01,XGRFX,Equity-U.S. Equity,,40.195,,Annually,0.02503,0.85,10.0,,,,1.28,,49.003,False,False,False,False,False,False,,10.56,10.12,7.57,8.24,2.68,-6.08,,,3.31,30380,,,,,,,10.456150000000001,-13.14776,-1.37,-1.23,-1.17,2026-09-01T00:00:00,1990-07-02T00:00:00,7/2/1990,646876800,2025-11-21T00:00:00
121,ECC,-0.10189999999999999,16.66667,18.5567,0.06,-23.56,19,Morningstar US CEF Senior Loans,42,Eagle Point Credit Management,False,3.88,0.04,4.38,2026-07-31T00:00:00,269808101,Eagle Point Credit Company LLC,2026-09-01,XECCX,Fixed Income - Taxable-Senior Loans,30.45,516.082,,Monthly,0.61938,0.06,20.0,,,,9.21,,826.215,True,False,False,False,False,False,,-3.1,-9.06,-0.92,-3.43,-12.38,-18.55,,,-32.09,14481890,,,,,,,4.89655,-8.84769,-0.17,1.29,0.36,2026-09-01T00:00:00,2014-10-08T00:00:00,10/8/2014,1412726400,2026-08-11T00:00:00
122,EIC,-0.183,10.78431,13.2,0.11,-4.74,14,Morningstar US CEF High Yield,43,Eagle Point Income Management LLC,False,10.0,0.04,12.35,2026-07-31T00:00:00,269817102,Eagle Point Income Co Inc,2026-09-01,XEICX,Fixed Income - Taxable-High Yield,11.84,230.438,,Monthly,,0.11,19.89,10.1647,,,6.36,,319.938,True,False,False,False,False,False,,10.51,2.61,6.21,2.3,-1.4100000000000001,-4.45,,,-18.04,1483700,,,87.475,,,,10.89399,-16.41241,-0.38,0.28,0.15,2026-09-01T00:00:00,2019-07-23T00:00:00,7/23/2019,1563840000,2026-08-11T00:00:00
123,CEV,-0.0028000000000000004,5.61272,5.62852,0.049999999999999996,8.37,22,Morningstar US CEF Municipal-CA,45,Eaton Vance Management,False,10.66,-0.02,10.69,2026-09-01T00:00:00,27826F101,Eaton Vance CA Muni Inc,2026-09-01,XCEVX,Fixed Income - Municipal-Municipal - CA,33.38,74.978,0.02,Monthly,0.23213,0.049999999999999996,15.0,6.8647,,,2.48,,112.856,True,True,True,False,False,False,,3.02,8.97,-1.65,-0.37,0.78,10.54,,,19.2,271390,3.0,,101.3992,,,9.77,10.29321,-7.01177,3.33,2.21,2.95,2026-09-01T00:00:00,1999-01-29T00:00:00,1/29/1999,917568000,2026-08-13T00:00:00
124,EOI,-0.0559,7.60587,8.0562,0.1338,9.92,3,Morningstar US CEF Covered Call,45,Eaton Vance Management,True,19.93,-0.23,21.11,2026-09-01T00:00:00,278274105,Eaton Vance Enhanced Equity Income,2026-09-01,XEOIX,Equity-Covered-Call Funds,,817.165,,Monthly,-0.04159,0.1338,20.0,,,,1.1,,865.547,False,False,False,False,True,False,,17.35,15.16,10.5,9.23,6.07,3.42,,,2.0,799270,,,,,,,20.11015,-3.9028,-0.62,1.3599999999999999,-0.02,2026-09-01T00:00:00,2004-10-26T00:00:00,10/26/2004,1098748800,2026-08-14T00:00:00
125,EOS,-0.0962,7.70814,8.52823,0.1523,7.66,3,Morningstar US CEF Covered Call,44,Eaton Vance,True,21.43,-0.2,23.71,2026-09-01T00:00:00,278277108,Eaton Vance Enhanced Equity Income II,2026-09-01,XEOSX,Equity-Covered-Call Funds,,1142.562,,Monthly,-0.06004,0.1523,20.0,,,,1.09,,1264.123,False,False,False,False,True,False,,16.82,15.04,8.13,5.6,2.89,-2.38,,,-2.22,1181500,,,,,,,22.44038,-7.01001,-1.01,-0.59,-0.74,2026-09-01T00:00:00,2005-01-26T00:00:00,1/26/2005,1106697600,2026-08-14T00:00:00
126,EFT,-0.11109999999999999,6.81704,7.66917,0.071,1.3,19,Morningstar US CEF Senior Loans,45,Eaton Vance Management,False,10.64,-0.04,11.97,2026-09-01T00:00:00,278279104,Eaton Vance Floating-Rate Income,2026-09-01,XEFTX,Fixed Income - Taxable-Senior Loans,31.6,282.791,,Monthly,0.42226,0.071,20.0,6.7698,,,4.45,,465.139,True,False,False,False,False,False,,6.06,5.75,4.83,2.33,0.53,-0.97,,,-4.2,1125240,,,,,,,11.13143,-9.32485,-1.17,-1.04,-0.91,2026-09-01T00:00:00,2004-06-29T00:00:00,6/29/2004,1088467200,2026-08-14T00:00:00
127,EVV,-0.0866,8.41088,9.20838,0.06949999999999999,2.27,16,Morningstar US CEF Limited Duration,44,Eaton Vance,False,9.07,-0.02,9.93,2026-09-01T00:00:00,27828H105,Eaton Vance Limited Duration Income,2026-09-01,XEVVX,Fixed Income - Taxable-Limited Duration,40.98,1053.965,,Monthly,0.31291,0.06949999999999999,20.0,6.6631,,0.0,4.04,,1955.052,True,False,False,False,False,False,,7.35,9.05,3.16,2.17,0.4,-2.59,,,-3.69,3240310,,,97.9783,,,,9.66847,-6.26196,-1.27,-0.45,-0.8300000000000001,2026-09-01T00:00:00,2003-05-30T00:00:00,5/30/2003,1054252800,2026-08-13T00:00:00
128,EIM,-0.0659,6.0,6.4236,0.0508,5.71,21,Morningstar US CEF Municipal,45,Eaton Vance Management,False,9.49,-0.09,10.16,2026-09-01T00:00:00,27827X101,Eaton Vance Municipal Bond,2026-09-01,XEIMX,Fixed Income - Municipal-Municipal,31.12,487.526,0.030000000000000002,Monthly,0.24144000000000002,0.0508,15.0,6.6154,,,2.88,,757.791,True,False,True,False,False,False,,2.5700000000000003,5.88,-1.67,-2.05,0.02,2.6,,,3.76,1531970,7.0,,104.6316,,,8.07,9.84772,-7.02245,0.41000000000000003,0.67,0.38,2026-09-01T00:00:00,2002-08-30T00:00:00,8/30/2002,1030665600,2026-08-14T00:00:00
129,EVN,0.0202,5.91923,5.8020700000000005,0.0513,6.99,21,Morningstar US CEF Municipal,44,Eaton Vance,False,10.61,-0.16,10.4,2026-09-01T00:00:00,27826U108,Eaton Vance Municipal Income,2026-09-01,XEVNX,Fixed Income - Municipal-Municipal,34.44,423.582,0.045,Monthly,0.26558,0.0513,15.0,7.2679,,,2.46,,633.351,True,False,True,False,False,False,,3.7199999999999998,10.08,-1.3599999999999999,-0.41000000000000003,0.99,3.98,,,9.12,772510,7.0,,102.7977,,,7.67,10.83194,0.5355300000000001,0.84,0.59,1.08,2026-09-01T00:00:00,1999-01-29T00:00:00,1/29/1999,917568000,2026-08-13T00:00:00
130,EOT,-0.0358,4.65947,4.83255,0.0683,6.8,21,Morningstar US CEF Municipal,45,Eaton Vance Management,False,16.96,-0.29,17.59,2026-09-01T00:00:00,27829L105,Eaton Vance National Municipal Opprs Tr,2026-09-01,XEOTX,Fixed Income - Municipal-Municipal,12.79,264.999,0.099,Monthly,0.41933000000000004,0.0683,20.0,5.6835,,,1.25,,315.14,True,False,True,False,False,False,,4.21,6.47,-0.36,-0.97,0.9500000000000001,5.27,,,9.0,369580,20.0,,98.0285,,,9.17,17.08055,-5.58114,1.04,0.37,0.64,2026-09-01T00:00:00,2009-05-27T00:00:00,5/27/2009,1243382400,2026-08-14T00:00:00
131,ETJ,-0.0823,8.57519,9.3445,0.06509999999999999,2.25,3,Morningstar US CEF Covered Call,45,Eaton Vance Management,True,8.36,-0.14,9.11,2026-09-01T00:00:00,27829G106,Eaton Vance Risk-Mgd Divers Eq Inc,2026-09-01,XETJX,Equity-Covered-Call Funds,,562.643,,Monthly,-0.01498,0.06509999999999999,20.0,,,,1.12,,613.119,False,False,True,False,True,False,,11.15,11.22,6.05,3.9,0.05,2.44,,,3.5,1340210,,,,,,,8.61527,-8.783290000000001,0.65,0.73,0.8300000000000001,2026-09-01T00:00:00,2007-07-31T00:00:00,7/31/2007,1185840000,2026-08-14T00:00:00
132,EFR,-0.11320000000000001,7.09459,8.0,0.06899999999999999,2.09,19,Morningstar US CEF Senior Loans,45,Eaton Vance Management,False,10.5,-0.03,11.84,2026-09-01T00:00:00,27828Q105,Eaton Vance Senior Floating Rate,2026-09-01,XEFRX,Fixed Income - Taxable-Senior Loans,31.12,309.998,,Monthly,0.42058,0.06899999999999999,20.0,6.7598,,4.83,3.26,,507.465,True,False,False,False,False,False,,6.16,5.27,5.0,3.04,1.16,-0.36,,,-2.04,1454320,,,,,,,10.88008,-9.87707,-0.96,-1.01,-0.32,2026-09-01T00:00:00,2003-11-24T00:00:00,11/24/2003,1069632000,2026-08-14T00:00:00
133,EVF,-0.1241,6.80851,7.77328,0.033,2.39,19,Morningstar US CEF Senior Loans,45,Eaton Vance Management,False,4.94,-0.03,5.64,2026-09-01T00:00:00,27826S103,Eaton Vance Senior Income,2026-09-01,XEVFX,Fixed Income - Taxable-Senior Loans,35.99,89.761,,Monthly,0.22106,0.033,10.0,6.8671,,,2.76,,160.097,True,False,False,False,False,False,,6.42,5.09,4.7,2.83,1.4,-0.41000000000000003,,,-2.83,781890,,,,,,,5.17204,-10.01189,-1.25,-1.6400000000000001,-1.21,2026-09-01T00:00:00,1998-10-30T00:00:00,10/30/1998,909705600,2026-08-13T00:00:00
134,EVG,-0.0344,7.94213,8.22472,0.073,5.75,16,Morningstar US CEF Limited Duration,45,Eaton Vance Management,True,10.68,-0.04,11.06,2026-09-01T00:00:00,27828V104,Eaton Vance Short Duration Divers Inc,2026-09-01,XEVGX,Fixed Income - Taxable-Limited Duration,12.37,143.72,,Monthly,0.30311,0.073,20.0,5.7273,,,2.77,,169.833,True,False,True,False,True,False,,9.47,11.14,4.85,4.35,2.63,3.7,,,3.13,371590,,,97.5071,,,,10.88181,-3.5203800000000003,0.06,1.08,1.21,2026-09-01T00:00:00,2005-02-28T00:00:00,2/28/2005,1109548800,2026-08-14T00:00:00
135,ETG,-0.085,5.91536,6.465,0.1293,29.1,5,Morningstar US CEF Global Equity,45,Eaton Vance Management,False,24.0,-0.25,26.23,2026-09-01T00:00:00,27828S101,Eaton Vance Tax Adv Global Dividend Inc,2026-09-01,XETGX,Equity-Global Equity,15.6,1831.726,,Monthly,0.39383,0.1293,20.0,7.0383,,,2.2800000000000002,,2371.924,True,True,False,False,False,False,,20.94,22.15,10.79,9.9,16.39,9.84,,,24.52,1102550,,,,,3.76,,22.41506,-7.35595,-0.52,1.85,0.9,2026-09-01T00:00:00,2004-01-30T00:00:00,1/30/2004,1075420800,2026-08-14T00:00:00
136,EVT,-0.06810000000000001,6.43807,6.90871,0.1646,25.63,26,Morningstar US CEF US Allocation,45,Eaton Vance Management,True,28.59,-0.25,30.68,2026-09-01T00:00:00,27828G107,Eaton Vance Tax Advantaged Dividend Inc,2026-09-01,,Hybrid-U.S. Allocation,16.35,2131.178,,Monthly,0.12479,0.1646,20.0,7.0577,,,2.27,,2733.973,True,True,True,False,True,False,,17.19,17.97,9.47,8.47,18.42,20.38,,,27.78,1018060,,,,,4.98,,25.80127,-8.49437,1.56,1.0,1.31,2026-09-01T00:00:00,2003-09-30T00:00:00,9/30/2003,1064880000,2026-08-14T00:00:00
137,ETO,-0.09050000000000001,5.99481,6.59144,0.17329999999999998,27.08,25,Morningstar US CEF Global Allocation,45,Eaton Vance Management,True,31.55,-0.23,34.69,2026-09-01T00:00:00,27828U106,Eaton Vance Tax-Advantaged Glbl Div Opp,2026-09-01,XETOX,Hybrid-Global Allocation,15.34,517.046,,Monthly,0.64905,0.17329999999999998,20.0,7.1114,,,2.26,,671.505,True,True,False,False,True,False,,19.91,20.38,9.81,7.75,15.06,9.64,,,24.39,316890,,,,,3.63,,29.38012,-8.98248,-0.06,2.31,1.23,2026-09-01T00:00:00,2004-04-30T00:00:00,4/30/2004,1083283200,2026-08-14T00:00:00
138,ETB,-0.0802,7.48585,8.13846,0.10579999999999999,16.8,3,Morningstar US CEF Covered Call,45,Eaton Vance Management,True,15.6,-0.12,16.96,2026-09-01T00:00:00,27828X100,Eaton Vance Tax-Managed Buy-Write Income,2026-09-01,XETBX,Equity-Covered-Call Funds,,458.246,,Monthly,0.00844,0.10579999999999999,20.0,,,,1.12,,498.195,False,True,False,False,True,False,,15.2,15.0,9.82,7.74,9.74,8.8,,,14.46,519970,,,,,,,15.23084,-7.27125,-0.8,0.72,-0.09,2026-09-01T00:00:00,2005-04-27T00:00:00,4/27/2005,1114560000,2026-08-14T00:00:00
139,ETV,-0.0547,7.41045,7.83947,0.0993,17.26,3,Morningstar US CEF Covered Call,45,Eaton Vance Management,True,15.2,-0.17,16.08,2026-09-01T00:00:00,27828Y108,Eaton Vance Tax-Managed Buy-Write Opp,2026-09-01,XETVX,Equity-Covered-Call Funds,,1774.669,,Monthly,-0.00319,0.0993,20.0,,,,1.08,,1877.413,False,True,True,False,True,False,,16.4,16.15,9.1,7.66,8.71,12.99,,,19.26,1794080,,,,,,,14.48944,-7.13378,1.58,0.78,1.18,2026-09-01T00:00:00,2005-06-27T00:00:00,6/27/2005,1119830400,2026-08-14T00:00:00
140,ETY,-0.0862,7.59668,8.31285,0.0992,10.32,3,Morningstar US CEF Covered Call,45,Eaton Vance Management,True,14.32,-0.16,15.67,2026-09-01T00:00:00,27828N102,Eaton Vance Tax-Managed Divrs Equity Inc,2026-09-01,XETYX,Equity-Covered-Call Funds,,2280.898,,Monthly,-0.02538,0.0992,20.0,,,,1.06,,2495.927,False,False,False,False,True,False,,16.94,14.88,10.79,8.45,6.09,-0.37,,,-0.99,2319040,,,,,,,14.9517,-3.6960800000000003,-1.44,-0.8200000000000001,-1.27,2026-09-01T00:00:00,2006-11-27T00:00:00,11/27/2006,1164585600,2026-08-14T00:00:00
141,EXG,-0.076,7.39587,8.00406,0.0657,24.05,3,Morningstar US CEF Covered Call,45,Eaton Vance Management,True,9.85,-0.14,10.66,2026-09-01T00:00:00,27829F108,Eaton Vance Tax-Mgd Glb Divrs Equity Inc,2026-09-01,XEXGX,Equity-Covered-Call Funds,,3013.47,,Monthly,0.03165,0.0657,20.0,,,,1.07,,3261.278,False,True,False,False,True,False,,16.7,18.64,9.15,7.75,13.02,10.77,,,21.67,4521260,,,,,,,9.38084,-6.8092,-0.62,0.7000000000000001,0.31,2026-09-01T00:00:00,2007-02-23T00:00:00,2/23/2007,1172188800,2026-08-14T00:00:00
142,ETW,-0.0926,7.37778,8.13061,0.0664,20.65,3,Morningstar US CEF Covered Call,44,Eaton Vance,True,9.8,-0.09,10.8,2026-09-01T00:00:00,27829C105,Eaton Vance Tx-Mgd Glbl Buy-Write Opp,2026-09-01,XETWX,Equity-Covered-Call Funds,,1064.258,,Monthly,0.06057,0.0664,20.0,,,,1.1,,1172.856,False,True,True,False,True,False,,16.02,17.6,8.39,6.97,12.08,13.49,,,19.72,3135410,,,,,,,9.27421,-10.06363,0.9400000000000001,2.01,1.62,2026-09-01T00:00:00,2005-09-28T00:00:00,9/28/2005,1127865600,2026-08-14T00:00:00
143,EARN,0.0721,23.8806,22.27378,0.08,-17.94,19,Morningstar US CEF Senior Loans,46,Ellington Credit Co Management LLC,True,4.31,-0.27,4.18,2026-06-30T00:00:00,288578107,Ellington Credit Company,2026-09-01,EARN,Fixed Income - Taxable-Senior Loans,52.01,164.518,,Monthly,,0.08,5.5,,,,8.65,,319.722,True,False,True,False,True,False,,,-4.51,,-12.97,-10.89,-4.28,,,-6.13,3978340,,,,,,,4.94383,-2.91923,0.85,-0.39,0.32,2026-09-01T00:00:00,2025-04-01T00:00:00,4/1/2025,1743465600,2026-08-31T00:00:00
144,ECF,-0.12619999999999998,6.30824,7.21903,0.22,21.73,11,Morningstar US CEF Convertibles,60,Gabelli Funds LLC,False,12.19,-0.12,13.95,2026-09-01T00:00:00,289074106,Ellsworth Growth and Income Fund,2026-09-01,XECFX,Fixed Income - Taxable-Convertibles,13.72,166.49,,Quarterly,0.01674,0.22,10.0,2.3543,,,1.22,,220.833,True,True,False,False,False,False,,20.66,20.37,5.3,4.35,15.25,9.14,,,20.81,316750,,,,,52.2,,12.17645,-10.77618,-1.1,-0.86,-0.97,2026-09-01T00:00:00,1986-06-20T00:00:00,6/20/1986,519609600,2026-06-15T00:00:00
145,EEA,-0.1425,3.42523,3.9945500000000003,0.21989999999999998,16.29,5,Morningstar US CEF Global Equity,40,DWS,False,11.01,-0.14,12.84,2026-09-01T00:00:00,298768102,European Equity Fund,2026-09-01,XEEAX,Equity-Global Equity,0.32,74.05,,Semi-Annually,0.11995,0.21989999999999998,10.0,,,,1.42,,86.358,True,True,False,False,False,False,,13.15,15.18,5.87,6.77,11.15,10.49,,,15.3,283720,,,,,,,10.72052,-13.97722,-0.18,0.79,0.76,2026-09-01T00:00:00,1986-07-23T00:00:00,7/23/1986,522460800,2026-05-26T00:00:00
146,ETX,0.0060999999999999995,5.20177,5.17025,0.07819999999999999,2.62,21,Morningstar US CEF Municipal,45,Eaton Vance Management,False,18.15,-0.02,18.04,2026-09-01T00:00:00,27829U105,EV Municipal Income 2028 Term Trust,2026-09-01,XETTX,Fixed Income - Municipal-Municipal,3.2800000000000002,197.764,0.17300000000000001,Monthly,0.34061,0.07819999999999999,20.0,4.4384,,,0.89,,203.235,True,False,False,False,False,True,,3.73,7.32,0.86,-0.27,1.4,0.47000000000000003,,,0.61,177260,2.0,,101.174,,,2.12,18.84332,2.51823,-1.44,-0.97,-1.24,2026-09-01T00:00:00,2013-03-26T00:00:00,3/26/2013,1364256000,2026-08-14T00:00:00
147,FMN,-0.0788,4.5264,4.91356,0.045,7.03,21,Morningstar US CEF Municipal,47,Federated Advisers,False,10.99,-0.12,11.93,2026-09-01T00:00:00,31423P108,Federated Premier Municipal Income,2026-09-01,XFMNX,Fixed Income - Municipal-Municipal,38.07,85.928,,Monthly,0.27121,0.045,15.0,5.0469,,,3.7,,150.627,True,False,True,False,False,False,,4.03,7.15,-1.43,-2.66,-0.03,3.2800000000000002,,,9.4,265800,15.72,,103.46340000000001,,14.59,8.69,11.14118,-10.20931,2.58,2.14,1.96,2026-09-01T00:00:00,2002-12-20T00:00:00,12/20/2002,1040342400,2026-08-21T00:00:00
148,FFA,-0.09380000000000001,6.0832,6.71286,0.38749999999999996,21.63,3,Morningstar US CEF Covered Call,49,First Trust Advisors L.P.,True,23.09,-0.22,25.48,2026-09-01T00:00:00,337318109,First Trust Enhanced Equity Income,2026-09-01,XFFAX,Equity-Covered-Call Funds,,461.525,,Quarterly,0.03341,0.38749999999999996,20.0,,,,1.12,,509.296,False,True,False,False,True,False,,19.3,16.95,11.13,9.27,11.48,9.8,,,18.03,264340,,,,,,,21.95762,-8.85973,-0.41000000000000003,0.87,0.5700000000000001,2026-09-01T00:00:00,2004-08-26T00:00:00,8/26/2004,1093478400,2026-06-22T00:00:00
149,FTHY,-0.0363,10.89325,11.30369,0.125,2.09,14,Morningstar US CEF High Yield,49,First Trust Advisors L.P.,True,13.27,-0.12,13.77,2026-09-01T00:00:00,33741Q107,FIRST TRUST HY OPPORTUNITIES 2027 Term,2026-09-01,XFTHYX,Fixed Income - Taxable-High Yield,21.54,487.978,,Monthly,0.42555,0.125,20.0,6.43,,,3.5,,645.364,True,False,True,False,True,True,,6.64,10.37,1.65,1.74,-0.02,2.34,,,1.78,1005960,,,98.6569,,,,13.85504,-4.26066,0.61,-0.25,0.43,2026-09-01T00:00:00,2020-06-25T00:00:00,6/25/2020,1593043200,2026-09-01T00:00:00
150,FPF,-0.049100000000000005,8.89968,9.35905,0.13749999999999998,4.33,18,Morningstar US CEF Preferreds,49,First Trust Advisors L.P.,False,17.63,-0.23,18.54,2026-09-01T00:00:00,33718W103,First Trust Inter Dur Pref & Income Fund,2026-09-01,XFPFX,Fixed Income - Taxable-Preferreds,36.66,1072.747,,Monthly,0.64279,0.13749999999999998,25.0,7.3995,,,4.2,,1781.061,True,False,True,False,False,False,,11.18,15.27,2.13,0.85,-0.1,0.99,,,1.06,1190810,,,101.3111,,5.93,,18.45034,-5.23277,0.26,1.1400000000000001,1.01,2026-09-01T00:00:00,2013-05-23T00:00:00,5/23/2013,1369267200,2026-09-01T00:00:00
151,FMY,-0.0564,6.32603,6.7039100000000005,0.065,3.13,15,Morningstar US CEF Investment Grade,49,First Trust Advisors L.P.,False,11.635,-0.05,12.33,2026-09-01T00:00:00,33734E103,First Trust Mortgage Income,2026-09-01,XFMYX,Fixed Income - Taxable-Investment Grade,7.11,49.02,,Monthly,0.16028,0.065,20.0,5.027,,,1.4,,51.948,True,False,True,False,False,False,,7.49,8.6,3.71,3.26,0.8200000000000001,-0.1,,,1.33,61330,,,90.346,,,,11.92114,-6.19412,0.49,1.51,1.05,2026-09-01T00:00:00,2005-05-25T00:00:00,5/25/2005,1116979200,2026-09-01T00:00:00
152,DFP,-0.0789,7.11231,7.72184,0.1314,5.48,18,Morningstar US CEF Preferreds,51,Flaherty &amp; Crumrine Inc,False,20.42,-0.08,22.17,2026-09-01T00:00:00,33848W106,Flah & Crum Dynamic Pref & Income Fund,2026-09-01,XDFPX,Fixed Income - Taxable-Preferreds,37.76,419.389,,Monthly,0.77839,0.1314,25.0,7.3869,,,4.3,,731.63,True,False,False,False,False,False,,11.18,12.91,2.64,0.42,1.87,3.59,,,5.46,537430,,,102.9091,,7.14,,21.03639,-7.16486,-0.52,-0.09,-0.08,2026-09-01T00:00:00,2013-05-24T00:00:00,5/24/2013,1369353600,2026-08-24T00:00:00
153,FFC,-0.0747,7.32322,7.91425,0.1046,5.73,18,Morningstar US CEF Preferreds,51,Flaherty &amp; Crumrine Inc,False,15.86,-0.06,17.14,2026-09-01T00:00:00,338478100,Flah&Crum Preferred Securities,2026-09-01,XFFCX,Fixed Income - Taxable-Preferreds,37.81,764.101,,Monthly,0.624,0.1046,25.0,7.3168,,,4.1,,1327.769,True,False,False,False,False,False,,11.55,13.71,2.62,0.16,2.06,1.43,,,5.65,1065160,,,102.3775,,7.28,,16.32389,-6.8386000000000005,-0.48,-0.41000000000000003,0.22,2026-09-01T00:00:00,2003-01-31T00:00:00,1/31/2003,1043971200,2026-08-24T00:00:00
154,FLC,-0.10060000000000001,6.96248,7.74123,0.10669999999999999,5.33,18,Morningstar US CEF Preferreds,51,Flaherty &amp; Crumrine Inc,False,16.54,0.01,18.39,2026-09-01T00:00:00,338479108,Flah&Crum Total Return Fund,2026-09-01,XFLCX,Fixed Income - Taxable-Preferreds,38.13,172.956,,Monthly,0.629,0.10669999999999999,25.0,7.4035,,,4.5600000000000005,,310.801,True,False,False,False,False,False,,11.08,12.79,2.37,-0.09,1.71,-0.79,,,3.47,218600,,,103.068,,7.57,,17.24012,-8.33836,-1.3599999999999999,-0.79,-0.9500000000000001,2026-09-01T00:00:00,2003-08-29T00:00:00,8/29/2003,1062115200,2026-08-24T00:00:00
155,PFD,-0.0771,6.8474,7.41953,0.0703,5.21,18,Morningstar US CEF Preferreds,50,Flaherty &amp; Crumrine,False,11.37,-0.06,12.32,2026-09-01T00:00:00,338480106,Flaherty & Crumrine Preferred Income,2026-09-01,XPFDX,Fixed Income - Taxable-Preferreds,36.52,146.134,,Monthly,0.41405000000000003,0.0703,15.0,7.2969,,,4.31,,249.443,True,False,False,False,False,False,,10.86,12.86,2.5,0.06,1.9,0.97,,,6.76,265790,,,103.0638,,7.33,,11.64993,-7.38561,-0.29,0.54,0.6,2026-09-01T00:00:00,1991-01-31T00:00:00,1/31/1991,665280000,2026-08-24T00:00:00
156,PFO,-0.1005,6.77015,7.52655,0.0567,5.2,18,Morningstar US CEF Preferreds,51,Flaherty &amp; Crumrine Inc,False,9.04,-0.02,10.05,2026-09-01T00:00:00,33848E106,Flaherty & Crumrine Preferred Income Opp,2026-09-01,XPFOX,Fixed Income - Taxable-Preferreds,38.01,118.219,,Monthly,0.34372,0.0567,12.5,7.4124,,,4.62,,212.027,True,False,False,False,False,False,,11.0,13.14,2.38,0.02,1.9,0.58,,,4.68,312830,,,102.9109,,7.54,,9.37258,-8.64266,-1.0,-0.43,-0.43,2026-09-01T00:00:00,1992-02-13T00:00:00,2/13/1992,697939200,2026-08-24T00:00:00
157,FXBY,-0.33390000000000003,0.34787,0.5222600000000001,0.13,22.6,10,Morningstar US CEF US Equity,73,Midas Management Corporation,False,24.8916,0.0,37.37,2026-09-01T00:00:00,351645205,FOXBY CORP,2026-09-01,,Equity-U.S. Equity,13.61,12.986,,Annually,-0.10635,0.13,10.0,,,,2.98,,22.568,True,True,True,False,False,False,,24.72,31.79,13.92,16.52,16.2,7.06,,,35.4,2600,,,,,,,22.05038,-34.80543,0.33,2.27,0.75,2026-09-01T00:00:00,1999-10-29T00:00:00,10/29/1999,941155200,2025-12-15T00:00:00
158,FTF,-0.084,11.69572,12.76817,0.0615,3.9,16,Morningstar US CEF Limited Duration,53,"Franklin Advisers, Inc.",True,5.78,0.01,6.31,2026-09-01T00:00:00,35472T101,Franklin Limited Duration Income Trust,2026-09-01,XFTFX,Fixed Income - Taxable-Limited Duration,28.95,233.543,,Monthly,0.27933,0.0615,15.0,6.7342,,,3.66,,358.848,True,False,False,False,True,False,,7.06,9.78,3.56,2.69,3.04,1.9500000000000002,,,1.6099999999999999,1895700,,,98.5867,,5.86,,6.0263,-7.96753,-0.33,1.07,0.61,2026-09-01T00:00:00,2003-08-27T00:00:00,8/27/2003,1061942400,2026-08-24T00:00:00
159,PMM,-0.0359,6.17785,6.40777,0.033,7.69,21,Morningstar US CEF Municipal,53,"Franklin Advisers, Inc.",False,6.18,-0.04,6.41,2026-09-01T00:00:00,746823103,Franklin Managed Municipal Income,2026-09-01,XPMMX,Fixed Income - Municipal-Municipal,30.07,264.71,,Monthly,0.15044,0.033,10.0,5.017,,,1.06,,392.612,True,False,True,False,False,False,,5.4,7.83,-0.34,-1.28,0.59,2.94,,,12.07,993280,,,94.3248,,12.95,9.47,6.22766,-6.7005,1.83,0.7000000000000001,1.27,2026-09-01T00:00:00,1989-02-24T00:00:00,2/24/1989,604281600,2026-08-24T00:00:00
160,PIM,-0.0452,7.95181,8.32808,0.022,3.37,15,Morningstar US CEF Investment Grade,53,"Franklin Advisers, Inc.",False,3.17,-0.02,3.32,2026-09-01T00:00:00,746909100,Franklin Master Intermediate Income,2026-09-01,XPIMX,Fixed Income - Taxable-Investment Grade,37.07,152.744,,Monthly,0.07573,0.022,10.0,5.6026,,,1.02,,254.195,True,False,True,False,False,False,,7.18,9.17,3.33,3.18,1.65,0.91,,,3.27,955290,,,92.1741,,,,3.26924,-4.62969,0.06,1.9100000000000001,1.24,2026-09-01T00:00:00,1988-04-29T00:00:00,4/29/1988,578275200,2026-08-24T00:00:00
161,PMO,-0.0605,5.76177,6.13268,0.052,6.67,21,Morningstar US CEF Municipal,53,"Franklin Advisers, Inc.",False,10.175,-0.08,10.83,2026-09-01T00:00:00,746922103,Franklin Municipal Opportunities,2026-09-01,XPMOX,Fixed Income - Municipal-Municipal,35.03,278.79,,Monthly,0.22914,0.052,15.0,4.9449000000000005,21.2967,17.07,1.04,,456.701,True,False,True,True,False,False,,4.48,5.71,-0.53,-2.39,-0.37,-0.91,,,8.62,646440,,,96.3899,,12.91,9.36,10.450520000000001,-7.58532,1.47,0.9400000000000001,1.35,2026-09-01T00:00:00,1993-05-28T00:00:00,5/28/1993,738547200,2026-08-24T00:00:00
162,PPT,-0.0579,8.595040000000001,9.12281,0.026,3.29,13,Morningstar US CEF Global Income,53,"Franklin Advisers, Inc.",False,3.42,-0.02,3.63,2026-09-01T00:00:00,746853100,Franklin Premier Income,2026-09-01,XPPTX,Fixed Income - Taxable-Global Income,30.29,326.841,,Monthly,0.08203,0.026,10.0,5.5877,,,0.9400000000000001,,497.659,True,False,False,False,False,False,,7.16,8.44,3.42,2.9699999999999998,1.57,3.14,,,1.83,1599920,,,92.1578,,,,3.54846,-5.54178,-0.18,1.37,0.65,2026-09-01T00:00:00,1988-02-29T00:00:00,2/29/1988,573091200,2026-08-24T00:00:00
163,FT,-0.1039,5.95099,6.64063,0.042499999999999996,7.39,26,Morningstar US CEF US Allocation,53,"Franklin Advisers, Inc.",False,7.68,-0.03,8.57,2026-09-01T00:00:00,355145103,Franklin Universal Trust,2026-09-01,XFUTX,Hybrid-U.S. Allocation,21.79,193.013,,Monthly,0.1812,0.042499999999999996,10.0,7.2423,,,2.99,,275.38,True,False,False,False,False,False,,12.0,11.98,5.91,5.16,4.06,0.54,,,3.61,447180,,,88.5569,,4.99,,8.0331,-8.10808,-2.02,-2.22,-2.2,2026-09-01T00:00:00,1988-09-23T00:00:00,9/23/1988,590976000,2026-08-24T00:00:00
164,FSCO,-0.2711,10.01124,13.7341,0.059399999999999994,7.86,17,Morningstar US CEF Multi-Sector,56,FS Global Advisor LLC,True,5.19,0.01,7.12,2026-09-01T00:00:00,30290Y101,FS Credit Opportunities Corp.,2026-09-01,XFSCX,Fixed Income - Taxable-Multi-Sector,32.58,1029.467,,Monthly,0.31886000000000003,0.059399999999999994,,,,,7.0,,2094.845,True,False,False,False,True,False,,12.0,11.86,,,7.27,-9.78,,,-20.98,14651840,,,,,,,5.70494,-19.97891,-0.7000000000000001,2.02,0.9400000000000001,2026-09-01T00:00:00,2022-11-14T00:00:00,11/14/2022,1668384000,2026-08-24T00:00:00
165,FSSL,-0.3406,10.01675,15.19052,0.1495,,19,Morningstar US CEF Senior Loans,57,FS Specialty Lending Advisor LLC,True,11.81,0.02,17.91,2026-09-01T00:00:00,644323107,FS Specialty Lending Fund,2026-09-01,FSSL,Fixed Income - Taxable-Senior Loans,27.48,896.588,,Monthly,,0.1495,14.12,,,,6.14,,1874.902,True,True,True,False,True,False,,,,,,4.6,-8.53,,,,0,,,92.6454,,,,,,,1.96,0.34,2026-09-01T00:00:00,2025-11-13T00:00:00,11/13/2025,1762992000,2026-08-24T00:00:00
166,VCX,5.903,,,,66.4,8,Morningstar US CEF Sector Equity,58,"Fundrise Advisors, LLC",False,34.24,0.0,18.97,2026-03-31T00:00:00,360852107,Fundrise Innovation Common Share,2026-09-01,XVCX,Equity-Sector Equity,,,,,,,,6.2108,,,0.0,,,False,True,True,False,False,False,,23.59,,,,,,,,,0,,,88.8115,,,,,,,,,2026-09-01T00:00:00,2022-07-25T00:00:00,7/25/2022,1658707200,
167,GCV,0.0089,10.71429,10.61947,0.12,19.72,26,Morningstar US CEF US Allocation,59,Gabelli,True,4.52,-0.04,4.48,2026-09-01T00:00:00,36240B109,Gabelli Conv Inc Secs,2026-09-01,XGCVX,Hybrid-U.S. Allocation,6.31,91.067,,Quarterly,-0.0030600000000000002,0.12,11.25,2.2444,,,2.07,,96.336,True,True,True,False,True,False,,16.23,17.83,2.9699999999999998,4.39,14.56,15.96,,,25.24,624110,,,,,,,4.40671,-1.2573,0.76,0.43,0.38,2026-09-01T00:00:00,1995-03-31T00:00:00,3/31/1995,796608000,2026-06-15T00:00:00
168,GDV,-0.10769999999999999,5.36833,6.01604,0.15,18.05,10,Morningstar US CEF US Equity,60,Gabelli Funds LLC,True,29.92,-0.24,33.53,2026-09-01T00:00:00,36242H104,Gabelli Dividend & Income,2026-09-01,XGDVX,Equity-U.S. Equity,14.08,2637.971,,Monthly,0.03689,0.15,20.0,,,,1.83,,3440.69,True,True,False,False,True,False,,17.11,20.26,8.35,8.77,14.02,13.18,,,19.1,1050120,,,,,0.19,,28.32983,-10.72517,-0.06,0.62,-0.14,2026-09-01T00:00:00,2003-11-28T00:00:00,11/28/2003,1069977600,2026-08-17T00:00:00
169,GAB,-0.0344,10.30928,10.67616,0.15,16.36,10,Morningstar US CEF US Equity,59,Gabelli,True,5.62,-0.05,5.82,2026-09-01T00:00:00,362397101,Gabelli Equity,2026-09-01,XGABX,Equity-U.S. Equity,14.85,1923.818,,Quarterly,-0.0032400000000000003,0.15,10.0,,,,1.6099999999999999,,2339.735,True,False,False,False,True,False,,16.29,13.61,9.17,7.37,12.53,-1.52,,,4.7,7702530,,,,,0.37,0.31,5.8675,1.4634800000000001,-0.81,1.37,0.19,2026-09-01T00:00:00,1986-08-21T00:00:00,8/21/1986,524966400,2026-06-15T00:00:00
170,GGZ,-0.10060000000000001,4.66667,5.18839,0.21,15.32,5,Morningstar US CEF Global Equity,59,Gabelli,False,16.19,-0.23,18.0,2026-09-01T00:00:00,36249W104,Gabelli Global Small & Mid Cap Value Tru,2026-09-01,XGGZX,Equity-Global Equity,22.38,124.786,,Quarterly,-0.02634,0.21,12.0,,,,2.31,,178.737,True,True,True,False,False,False,,14.23,18.34,4.71,5.96,13.06,12.44,,,20.26,87840,,,,,0.24,0.18,15.37519,-11.44075,0.88,0.99,0.52,2026-09-01T00:00:00,2014-06-23T00:00:00,6/23/2014,1403481600,2026-06-15T00:00:00
171,GLU,-0.0412,6.62651,6.91099,0.11,18.06,8,Morningstar US CEF Sector Equity,60,Gabelli Funds LLC,True,19.1,-0.01,19.92,2026-09-01T00:00:00,36242L105,Gabelli Global Utility & Income,2026-09-01,XGLUX,Equity-Sector Equity,17.85,114.36,,Monthly,0.0712,0.11,20.0,,,,1.35,,145.195,True,False,False,False,True,False,,18.34,19.43,6.16,6.05,13.63,3.73,,,13.88,94260,,,,,0.14,0.11,19.2242,-0.80059,-0.98,0.49,-0.42,2026-09-01T00:00:00,2004-05-25T00:00:00,5/25/2004,1085443200,2026-08-17T00:00:00
172,GRX,-0.1076,6.04444,6.7729099999999995,0.16999999999999998,12.82,8,Morningstar US CEF Sector Equity,59,Gabelli,False,10.04,0.03,11.25,2026-09-01T00:00:00,36246K103,Gabelli Healthcare & Wellness Trust,2026-09-01,XXGRX,Equity-Sector Equity,29.46,151.109,,Quarterly,-0.0454,0.16999999999999998,8.0,,,,3.17,,240.04,True,True,False,False,False,False,,4.82,8.36,-0.9400000000000001,0.11,10.04,7.84,,,13.72,292610,,,,,0.22,0.15,9.42837,-10.16654,-0.68,-0.22,-0.8,2026-09-01T00:00:00,2007-06-19T00:00:00,6/19/2007,1182211200,2026-06-15T00:00:00
173,GGT,0.1157,23.1405,20.74074,0.08,19.48,8,Morningstar US CEF Sector Equity,59,Gabelli,False,4.05,-0.01,3.63,2026-09-01T00:00:00,36239Q109,Gabelli Multimedia,2026-09-01,XGGTX,Equity-Sector Equity,33.26,155.43,,Monthly,-0.01985,0.08,7.5,,,,2.13,,208.737,True,False,True,False,False,False,,20.99,5.95,1.92,0.34,12.27,11.82,,,18.65,2595980,,,,,0.27,,4.15485,9.96322,0.66,0.19,0.41000000000000003,2026-09-01T00:00:00,1994-11-15T00:00:00,11/15/1994,784857600,2026-08-17T00:00:00
174,GUT,1.1572,20.06689,9.30233,0.049999999999999996,14.67,8,Morningstar US CEF Sector Equity,59,Gabelli,False,6.45,0.04,2.99,2026-09-01T00:00:00,36240A101,Gabelli Utility Trust,2026-09-01,XGUTX,Equity-Sector Equity,15.04,576.538,,Monthly,0.025500000000000002,0.049999999999999996,7.5,,,,1.52,,314.588,True,True,True,False,False,False,,16.83,10.01,7.82,6.17,11.1,13.75,,,20.01,1979010,,,,,0.19,0.17,6.16287,95.17147,2.08,1.15,1.43,2026-09-01T00:00:00,1999-07-09T00:00:00,7/9/1999,931478400,2026-08-17T00:00:00
175,GGN,-0.087,5.9113299999999995,6.47482,0.034999999999999996,36.52,8,Morningstar US CEF Sector Equity,59,Gabelli,True,5.5600000000000005,-0.07,6.09,2026-09-01T00:00:00,36465A109,GAMCO Global Gold Natural Resources&Inc,2026-09-01,XGGNX,Equity-Sector Equity,7.49,868.61,,Monthly,0.03338,0.034999999999999996,20.0,6.2544,,,1.29,,1028.458,True,True,False,False,True,False,,26.08,23.99,19.53,17.65,17.36,14.18,,,27.56,6065590,,,,,0.58,0.53,5.18473,-6.4135,-0.7000000000000001,0.4,-0.08,2026-09-01T00:00:00,2005-03-29T00:00:00,3/29/2005,1112054400,2026-08-17T00:00:00
176,GNT,0.0167,8.02676,7.89474,0.06,31.53,3,Morningstar US CEF Covered Call,60,Gabelli Funds LLC,False,9.12,-0.11,8.97,2026-09-01T00:00:00,36465E101,"GAMCO Natural Resources, Gold & Inc Tr",2026-09-01,XGNTX,Equity-Covered-Call Funds,16.52,147.616,,Monthly,0.01129,0.06,20.0,6.2672,,,1.9500000000000002,,173.912,True,True,True,False,False,False,,22.28,31.48,15.79,19.63,15.54,31.2,,,47.02,986740,,,,,0.89,0.74,7.98351,-4.41757,1.35,-0.03,0.78,2026-09-01T00:00:00,2011-01-27T00:00:00,1/27/2011,1296086400,2026-08-17T00:00:00
177,GDL,-0.2186,4.46512,5.71429,0.12,5.88,26,Morningstar US CEF US Allocation,60,Gabelli Funds LLC,True,8.4,-0.02,10.75,2026-09-01T00:00:00,361570104,GDL Fund,2026-09-01,XGDLX,Hybrid-U.S. Allocation,10.05,92.06,,Quarterly,-0.042820000000000004,0.12,20.0,,,,3.27,,130.985,True,False,False,False,True,False,,6.46,8.24,4.93,4.49,5.48,3.77,,,4.5,99670,,,,,0.19,0.17,8.46365,-20.59148,-1.49,-1.35,-1.47,2026-09-01T00:00:00,2007-01-25T00:00:00,1/25/2007,1169683200,2026-06-15T00:00:00
178,GAM,-0.1074,8.61489,9.65164,6.4,22.26,10,Morningstar US CEF US Equity,61,General American Investors Co Inc,False,66.31,-0.32,74.29,2026-09-01T00:00:00,368802104,General American Investors,2026-09-01,XGAMX,Equity-U.S. Equity,9.69,1580.307,,Annually,0.00036,6.4,10.0,,,,1.07,,1960.526,True,True,False,False,False,False,,22.33,27.53,13.77,16.46,14.7,13.45,,,23.34,243120,,,,,0.03,,62.17806,-10.64077,-0.13,0.86,0.17,2026-09-01T00:00:00,1927-02-01T00:00:00,2/1/1927,-1354320000,2025-11-17T00:00:00
179,GUG,-0.0617,8.68373,9.28339,0.11875,6.52,25,Morningstar US CEF Global Allocation,62,Guggenheim Funds Investment Advisors LLC,False,15.35,0.27,16.36,2026-09-01T00:00:00,40170T106,Guggenheim Active Allocation Fund,2026-09-01,XGUGX,Hybrid-Global Allocation,24.63,506.244,,Monthly,0.54925,0.11875,20.0,5.8288,,,3.19,,715.849,True,False,False,False,False,False,,9.65,12.57,,,3.31,4.46,,,4.6,816520,,,95.2765,,,,15.66139,-6.02243,-0.08,-0.52,-0.65,2026-09-01T00:00:00,2021-11-23T00:00:00,11/23/2021,1637625600,2026-08-14T00:00:00
180,GOF,-0.0941,21.19496,23.39615,0.18209999999999998,9.06,17,Morningstar US CEF Multi-Sector,62,Guggenheim Funds Investment Advisors LLC,False,9.34,-0.01,10.31,2026-09-01T00:00:00,40167F101,Guggenheim Strategic Opp Fund,2026-09-01,XGOFX,Fixed Income - Taxable-Multi-Sector,21.11,2087.002,,Monthly,0.35596,0.18209999999999998,20.0,5.7615,,,1.9700000000000002,,2920.023,True,False,False,False,False,False,,13.89,-0.68,7.89,-1.02,3.7199999999999998,-17.13,,,-24.38,16418930,,,98.0989,,,,12.05303,8.67454,-1.94,-2.86,-3.55,2026-09-01T00:00:00,2007-07-26T00:00:00,7/26/2007,1185408000,2026-08-14T00:00:00
181,GBAB,-0.0328,10.75381,11.11835,0.12572999999999998,3.8200000000000003,20,Morningstar US CEF Taxable Muni,62,Guggenheim Funds Investment Advisors LLC,False,13.57,-0.11,14.03,2026-09-01T00:00:00,401664107,Guggenheim Tax Muni & Inv Grade Debt Tr,2026-09-01,XGBAX,Fixed Income - Taxable-Taxable Muni,29.18,375.882,,Monthly,0.46383,0.12572999999999998,20.0,5.7718,,,2.83,,548.772,True,False,False,False,False,False,,6.78,5.99,-0.9,-2.5700000000000003,0.63,-1.7000000000000002,,,-2.63,877370,12.76,,96.372,,5.22,,14.78703,0.07227,-1.6800000000000002,-1.72,-1.27,2026-09-01T00:00:00,2010-10-26T00:00:00,10/26/2010,1288051200,2026-08-14T00:00:00
182,HERZ,-0.1505,10.69743,12.59259,0.16999999999999998,-1.08,10,Morningstar US CEF US Equity,104,Thomas J Herzfeld Advisors Inc,False,16.2,0.88,19.24,2026-07-31T00:00:00,42804T205,Herzfeld Credit Income Fund,2026-09-01,HERZ,Equity-U.S. Equity,,315.635,,Monthly,0.01776,0.16999999999999998,5.2,,,,3.5700000000000003,,371.554,False,False,False,False,False,False,,9.38,15.57,4.4,6.31,-6.91,-24.32,,,-9.02,109450,,,,,,,19.66386,-11.87967,-0.7000000000000001,-0.25,-0.35000000000000003,2026-09-01T00:00:00,1994-05-20T00:00:00,5/20/1994,769392000,2026-08-17T00:00:00
183,PCF,-0.1487,10.89202,12.79412,0.057999999999999996,0.04,11,Morningstar US CEF Convertibles,22,Bulldog Investors LLP,False,5.44,0.02,6.39,2026-08-28T00:00:00,42968F108,High Income Securities,2026-09-01,XPCFX,Fixed Income - Taxable-Convertibles,1.06,101.817,,Monthly,0.16873,0.057999999999999996,7.5,5.0759,,21.21,1.65,,119.598,True,False,False,False,False,False,,8.11,5.66,5.5,1.13,-1.48,-2.75,,,-4.28,758350,,,,,,,5.87132,-12.60444,-1.16,-0.11,-0.62,2026-09-01T00:00:00,1987-07-09T00:00:00,7/9/1987,552787200,2026-08-18T00:00:00
184,HGLB,-0.348,8.96309,13.74663,0.08499999999999999,2.67,25,Morningstar US CEF Global Allocation,78,"NexPoint Asset Management, L.P.",False,7.42,-0.08,11.38,2026-09-01T00:00:00,43010T104,Highland Global Allocation Fund,2026-09-01,XHGLX,Hybrid-Global Allocation,2.79,175.041,,Monthly,0.20544,0.08499999999999999,15.0,9.7875,,,1.35,,268.459,True,False,False,False,False,False,,8.85,11.18,9.12,7.99,0.25,-10.63,,,-1.71,780090,,,,,0.31,,8.59069,-30.11937,-1.15,0.92,-0.52,2026-09-01T00:00:00,1998-01-05T00:00:00,1/5/1998,883958400,2026-08-24T00:00:00
185,HFRO,-0.3771,3.88889,6.24324,0.0385,7.06,19,Morningstar US CEF Senior Loans,78,"NexPoint Asset Management, L.P.",True,7.4,0.04,11.88,2026-09-01T00:00:00,43010E404,Highland Opportunities and Income Ord,2026-09-01,XHFOX,Fixed Income - Taxable-Senior Loans,17.52,409.873,,Monthly,-0.1412,0.0385,15.0,8.0186,,,2.18,,797.769,True,True,True,False,True,False,,-0.5,4.47,1.8599999999999999,0.31,7.09,29.05,,,27.83,1395870,,,,,,,6.46154,-44.28455,1.72,0.51,1.13,2026-09-01T00:00:00,2000-01-13T00:00:00,1/13/2000,947721600,2026-08-24T00:00:00
186,VKI,0.0316,7.84561,7.60544,0.0559,7.61,21,Morningstar US CEF Municipal,65,"Invesco Advisers, Inc",False,8.82,-0.15,8.55,2026-09-01T00:00:00,46132E103,Invesco Adv Muni Inc II,2026-09-01,XVKIX,Fixed Income - Municipal-Municipal,37.81,391.716,-0.002,Monthly,0.21381,0.0559,15.0,5.368,,20.38,3.33,,610.551,True,False,True,False,False,False,,3.63,10.85,-1.34,-0.79,0.58,3.4,,,16.65,1250070,17.15,,98.6597,,10.07,8.59,8.9717,-0.045320000000000006,1.18,0.26,0.74,2026-09-01T00:00:00,1993-08-27T00:00:00,8/27/1993,746409600,2026-08-17T00:00:00
187,VBF,-0.0781,5.02836,5.45455,0.0665,1.9,15,Morningstar US CEF Investment Grade,65,"Invesco Advisers, Inc",False,14.63,-0.03,15.87,2026-09-01T00:00:00,46132L107,Invesco Bond,2026-09-01,XVBFX,Fixed Income - Taxable-Investment Grade,,167.149,0.001,Monthly,0.40588,0.0665,20.0,5.6461,,16.17,0.5700000000000001,,181.316,False,False,False,False,False,False,,5.4,5.29,-0.41000000000000003,-0.97,-0.47000000000000003,-1.43,,,-0.03,502390,,,98.7664,,,,15.24712,-6.91686,-1.0,-0.44,-0.54,2026-09-01T00:00:00,1970-10-28T00:00:00,10/28/1970,25920000,2026-08-17T00:00:00
188,VCV,0.0608,7.98352,7.52621,0.06459999999999999,8.25,22,Morningstar US CEF Municipal-CA,65,"Invesco Advisers, Inc",False,10.3,-0.18,9.71,2026-09-01T00:00:00,46132H106,Invesco CA Value,2026-09-01,XVCVX,Fixed Income - Municipal-Municipal - CA,40.01,499.642,-0.039,Monthly,0.22155,0.06459999999999999,15.0,5.1617,,20.76,3.35,,785.118,True,False,True,False,False,False,,3.35,11.35,-1.23,0.03,-0.12,-1.02,,,10.59,993160,15.53,,96.7686,,11.56,8.53,10.77806,4.94668,0.5700000000000001,0.91,1.01,2026-09-01T00:00:00,1993-04-30T00:00:00,4/30/1993,736128000,2026-08-17T00:00:00
189,VLT,-0.0764,10.0656,10.89802,0.0895,5.39,14,Morningstar US CEF High Yield,65,"Invesco Advisers, Inc",False,9.855,-0.03,10.67,2026-09-01T00:00:00,46131F101,Invesco High Income II,2026-09-01,XVLTX,Fixed Income - Taxable-High Yield,30.54,64.168,-0.029,Monthly,0.36908,0.0895,60.0,6.9213000000000005,,7.07,3.41,,100.025,True,False,False,False,False,False,,8.24,9.39,3.13,1.96,2.45,-5.16,,,-1.75,176980,,,100.2747,,,,10.7265,-2.58663,-2.0,-1.77,-2.1,2026-09-01T00:00:00,1989-04-28T00:00:00,4/28/1989,609724800,2026-08-17T00:00:00
190,VMO,-0.001,7.86164,7.86988,0.0625,7.52,21,Morningstar US CEF Municipal,65,"Invesco Advisers, Inc",False,9.53,-0.16,9.54,2026-09-01T00:00:00,46132C107,Invesco Muni Opp,2026-09-01,XVMOX,Fixed Income - Municipal-Municipal,37.35,642.71,-0.012,Monthly,0.23512,0.0625,15.0,5.3332,,20.82,3.26,,1026.987,True,False,True,False,False,False,,3.56,9.72,-1.46,-1.22,0.43,6.55,,,13.38,2423800,17.21,,98.5172,,11.67,8.79,9.69027,-3.3548,1.85,1.12,1.65,2026-09-01T00:00:00,1992-04-24T00:00:00,4/24/1992,704073600,2026-08-17T00:00:00
191,VKQ,0.0021,7.8581900000000005,7.84183,0.0628,7.29,21,Morningstar US CEF Municipal,65,"Invesco Advisers, Inc",False,9.61,-0.1,9.59,2026-09-01T00:00:00,46131J103,Invesco Municipal,2026-09-01,XVKQX,Fixed Income - Municipal-Municipal,38.5,531.774,-0.006,Monthly,0.23747000000000001,0.0628,15.0,5.4148,,20.81,3.24,,862.817,True,False,True,False,False,False,,3.59,9.71,-1.3900000000000001,-1.24,0.45,5.91,,,14.76,1941760,15.92,,98.9207,,11.78,8.76,9.71837,-3.56485,1.96,1.12,1.62,2026-09-01T00:00:00,1991-09-27T00:00:00,9/27/1991,685929600,2026-08-17T00:00:00
192,OIA,0.0017000000000000001,5.83946,5.82972,0.029099999999999997,9.25,21,Morningstar US CEF Municipal,65,"Invesco Advisers, Inc",False,5.99,-0.08,5.98,2026-09-01T00:00:00,46132X101,Invesco Municipal Inc Opp I,2026-09-01,XOIAX,Fixed Income - Municipal-Municipal,31.22,286.793,0.019,Monthly,0.16802,0.029099999999999997,10.0,6.912,,22.32,2.45,,416.299,True,False,True,False,False,False,,5.06,4.27,-0.18,-1.21,1.6400000000000001,4.9,,,12.16,1241790,30.48,,89.0277,,,,6.0983,-1.15021,0.86,1.1,0.86,2026-09-01T00:00:00,1988-09-19T00:00:00,9/19/1988,590630400,2026-08-17T00:00:00
193,VPV,0.0824,7.76334,7.17204,0.0667,6.72,24,Morningstar US CEF Municipal-Single State,65,"Invesco Advisers, Inc",False,11.16,-0.08,10.31,2026-09-01T00:00:00,46132K109,Invesco PA Value,2026-09-01,XVPVX,Fixed Income - Municipal-Municipal - Single-State,37.25,199.453,0.126,Monthly,0.24298,0.0667,15.0,5.2631,,19.01,3.1,,293.638,True,True,True,False,False,False,,3.5,12.68,-1.24,2.07,0.24,12.91,,,21.64,323530,25.47,,97.1621,,12.02,8.1,10.74005,-0.7747700000000001,2.42,2.24,2.13,2026-09-01T00:00:00,1993-04-30T00:00:00,4/30/1993,736128000,2026-08-17T00:00:00
194,IQI,0.0352,7.84663,7.57958,0.0631,6.95,21,Morningstar US CEF Municipal,65,"Invesco Advisers, Inc",False,9.99,-0.13,9.65,2026-09-01T00:00:00,46133G107,Invesco Quality Municipal Income Trust,2026-09-01,XIQIX,Fixed Income - Municipal-Municipal,35.11,528.309,0.026000000000000002,Monthly,0.24185,0.0631,15.0,5.4925,,19.06,2.91,,786.399,True,True,True,False,False,False,,3.66,10.95,-1.3900000000000001,0.2,0.37,6.85,,,15.86,1475460,15.49,,96.2303,,10.79,8.54,9.968160000000001,-1.80712,2.84,1.72,2.15,2026-09-01T00:00:00,1992-09-29T00:00:00,9/29/1992,717724800,2026-08-17T00:00:00
195,VVR,-0.131,10.35714,11.91781,0.028999999999999998,1.19,19,Morningstar US CEF Senior Loans,65,"Invesco Advisers, Inc",False,2.92,-0.03,3.36,2026-09-01T00:00:00,46131H107,Invesco Senior Income,2026-09-01,XVVRX,Fixed Income - Taxable-Senior Loans,35.38,449.461,-0.044000000000000004,Monthly,0.16899,0.028999999999999998,10.0,,,3.9,4.89,,800.395,True,False,False,False,False,False,,5.54,3.34,4.88,4.21,0.86,-1.6400000000000001,,,-7.77,9984540,,,,,,,3.17682,-9.55666,-1.81,-2.5300000000000002,-1.9500000000000002,2026-09-01T00:00:00,1998-06-24T00:00:00,6/24/1998,898646400,2026-08-17T00:00:00
196,VGM,0.024300000000000002,7.83822,7.65252,0.06459999999999999,7.51,21,Morningstar US CEF Municipal,65,"Invesco Advisers, Inc",False,10.13,-0.24,9.89,2026-09-01T00:00:00,46131M106,Invesco Tr Inv Gr Muni,2026-09-01,XVGMX,Fixed Income - Municipal-Municipal,37.24,549.37,-0.018000000000000002,Monthly,0.24485,0.06459999999999999,15.0,5.4347,,21.2,3.11,,854.577,True,False,True,False,False,False,,3.6,11.04,-1.4100000000000001,-0.26,0.48,5.12,,,17.21,1740070,18.24,,99.0535,,11.28,8.73,10.25241,-1.28389,1.74,0.89,1.4,2026-09-01T00:00:00,1992-01-24T00:00:00,1/24/1992,696211200,2026-08-17T00:00:00
197,VTN,0.0355,8.03519,7.75999,0.06849999999999999,7.72,23,Morningstar US CEF Municipal-NY,65,"Invesco Advisers, Inc",False,10.5928,-0.12,10.23,2026-09-01T00:00:00,46131T101,Invesco Tr Inv Gr NY,2026-09-01,XVTNX,Fixed Income - Municipal-Municipal - NY,33.75,155.114,0.01,Monthly,0.25475000000000003,0.06849999999999999,15.0,5.1011,,23.11,2.69,,226.103,True,False,True,False,False,False,,2.68,10.1,-1.54,0.8,-0.22,-2.15,,,14.09,321700,25.38,,93.0401,,12.76,9.89,11.20959,3.13056,0.15,-0.31,0.08,2026-09-01T00:00:00,1992-03-27T00:00:00,3/27/1992,701654400,2026-08-17T00:00:00
198,IIM,0.0652,7.83404,7.3545300000000005,0.0771,6.65,21,Morningstar US CEF Municipal,65,"Invesco Advisers, Inc",False,12.58,-0.17,11.81,2026-09-01T00:00:00,46132P108,Invesco Value Muni Income,2026-09-01,XIIMX,Fixed Income - Municipal-Municipal,35.25,592.331,-0.011000000000000001,Monthly,0.29788000000000003,0.0771,15.0,5.5595,,18.65,2.93,,858.798,True,True,True,False,False,False,,3.64,10.78,-1.18,0.33,0.56,8.79,,,16.52,1205440,17.03,,96.5231,,10.35,8.18,12.48583,0.7068700000000001,2.55,2.07,1.92,2026-09-01T00:00:00,1993-02-26T00:00:00,2/26/1993,730684800,2026-08-17T00:00:00
199,JOF,-0.1245,7.97775,9.11199,0.09559999999999999,31.63,1,Morningstar US CEF Asia Equity,79,Nomura Asset Management Co Ltd,False,12.59,-0.04,14.38,2026-09-01T00:00:00,47109U104,Japan Smaller Cap Fund,2026-09-01,XXJOFXX,Equity-Asia Equity,0.0,321.051,,Monthly,0.03946,0.09559999999999999,12.0,,,,2.09,,366.697,True,True,False,False,False,False,,23.81,27.36,11.52,12.59,25.62,21.31,,,29.77,757500,,,,,,,11.22187,-10.6373,-1.17,-0.88,-0.68,2026-09-01T00:00:00,1990-03-21T00:00:00,3/21/1990,637977600,2026-08-14T00:00:00
200,BTO,-0.0574,6.29845,6.68209,0.65,22.04,8,Morningstar US CEF Sector Equity,67,John Hancock Investment Management LLC,True,38.91,-0.45,41.28,2026-09-01T00:00:00,409735206,JHancock Financial Opportunities,2026-09-01,XBTOX,Equity-Sector Equity,13.7,771.704,0.0,Quarterly,0.27503,0.65,20.0,4.6156,,,2.42,,948.709,True,True,False,False,True,False,,26.24,22.91,10.31,5.48,19.84,16.38,,,12.24,459660,,,,,38.99,,36.76836,-2.20122,-1.52,-1.8900000000000001,-1.63,2026-09-01T00:00:00,1994-08-18T00:00:00,8/18/1994,777168000,2026-06-11T00:00:00
201,JHS,-0.0898,5.15101,5.65899,0.1535,1.48,15,Morningstar US CEF Investment Grade,67,John Hancock Investment Management LLC,False,10.85,-0.03,11.92,2026-09-01T00:00:00,410123103,JHancock Income Secs,2026-09-01,XJHSX,Fixed Income - Taxable-Investment Grade,39.67,126.365,0.0,Quarterly,0.29069,0.1535,15.3,5.424,,,4.41,,230.127,True,False,False,False,False,False,,5.33,5.35,-1.38,-2.55,-0.9,-4.61,,,-0.79,149580,,,99.5863,,7.02,4.3,11.35101,-7.61161,-0.87,0.18,0.07,2026-09-01T00:00:00,1973-02-14T00:00:00,2/14/1973,98496000,2026-06-11T00:00:00
202,JHI,-0.0898,8.20442,9.01366,0.297,5.2,15,Morningstar US CEF Investment Grade,66,John Hancock,False,13.18,-0.17,14.48,2026-09-01T00:00:00,410142103,JHancock Investors,2026-09-01,XJHIX,Fixed Income - Taxable-Investment Grade,40.7,115.253,0.0,Quarterly,0.58459,0.297,21.06,6.8106,,,4.59,,213.521,True,False,False,False,False,False,,8.84,10.08,2.14,1.0,3.09,1.87,,,3.06,207770,6.53,,98.8487,,6.17,,13.56237,-7.39773,-1.12,-1.04,-0.59,2026-09-01T00:00:00,1971-01-29T00:00:00,1/29/1971,33955200,2026-06-11T00:00:00
203,HPI,0.055600000000000004,9.91968,9.39759,0.1235,2.27,18,Morningstar US CEF Preferreds,67,John Hancock Investment Management LLC,False,15.77,-0.08,14.94,2026-09-01T00:00:00,41013W108,JHancock Preferred Income,2026-09-01,XHPIX,Fixed Income - Taxable-Preferreds,39.11,422.512,0.0,Monthly,0.56391,0.1235,25.0,6.5025,,,4.48,,657.375,True,False,True,False,False,False,,9.71,11.13,2.67,2.59,0.1,3.46,,,8.4,547460,,,97.2482,,91.45,,16.38048,3.74167,0.8200000000000001,-0.12,0.81,2026-09-01T00:00:00,2002-08-27T00:00:00,8/27/2002,1030406400,2026-08-13T00:00:00
204,HPF,0.0425,9.99326,9.586030000000001,0.1235,2.42,18,Morningstar US CEF Preferreds,67,John Hancock Investment Management LLC,False,15.46,-0.11,14.83,2026-09-01T00:00:00,41013X106,JHancock Preferred Income II,2026-09-01,XHPFX,Fixed Income - Taxable-Preferreds,39.16,334.722,0.0,Monthly,0.5652,0.1235,25.0,6.5737,,,4.51,,527.782,True,False,True,False,False,False,,9.82,10.76,2.85,1.56,0.32,3.25,,,5.89,353540,,,97.2805,,90.07,,16.1073,2.8974200000000003,0.86,-0.64,0.44,2026-09-01T00:00:00,2002-11-29T00:00:00,11/29/2002,1038528000,2026-08-13T00:00:00
205,HPS,0.031400000000000004,9.87285,9.57215,0.11,2.48,18,Morningstar US CEF Preferreds,67,John Hancock Investment Management LLC,False,13.79,-0.09,13.37,2026-09-01T00:00:00,41021P103,JHancock Preferred Income III,2026-09-01,XHPSX,Fixed Income - Taxable-Preferreds,38.94,443.609,0.0,Monthly,0.50751,0.11,25.0,6.5102,,,4.47,,704.398,True,False,False,False,False,False,,9.82,9.0,2.94,2.24,0.46,2.58,,,3.1,583790,,,97.386,,86.67,,14.65698,3.95928,-0.51,-2.46,-1.24,2026-09-01T00:00:00,2003-06-18T00:00:00,6/18/2003,1055894400,2026-08-13T00:00:00
206,PDT,-0.1045,7.53092,8.40952,0.08829999999999999,7.76,18,Morningstar US CEF Preferreds,66,John Hancock,True,12.6,-0.01,14.07,2026-09-01T00:00:00,41013T105,JHancock Premium Dividend Fund,2026-09-01,XPDTX,Fixed Income - Taxable-Preferreds,35.06,619.734,0.0,Monthly,0.34231,0.08829999999999999,12.0,5.9254,,,4.32,,1065.736,True,False,False,False,True,False,,15.46,16.64,7.01,2.54,5.87,4.55,,,1.62,1201930,,,,,76.11,,13.00634,-9.34768,-0.55,0.33,0.56,2026-09-01T00:00:00,1989-12-21T00:00:00,12/21/1989,630201600,2026-08-13T00:00:00
207,HTD,-0.0318,7.26715,7.50594,0.158,7.91,26,Morningstar US CEF US Allocation,67,John Hancock Investment Management LLC,True,25.26,0.05,26.09,2026-09-01T00:00:00,41013V100,JHancock Tax-Advantaged Dividend Inc,2026-09-01,XHTDX,Hybrid-U.S. Allocation,31.64,895.008,0.0,Monthly,0.63149,0.158,20.0,5.9603,,,3.58,,1352.316,True,True,True,False,True,False,,16.36,18.4,8.19,8.52,7.27,12.01,,,10.63,646350,,,,,68.76,,24.93496,-5.87038,1.6,0.76,1.12,2026-09-01T00:00:00,2004-02-27T00:00:00,2/27/2004,1077840000,2026-08-13T00:00:00
208,HEQ,-0.09970000000000001,7.72798,8.58369,0.25,15.29,5,Morningstar US CEF Global Equity,67,John Hancock Investment Management LLC,True,11.65,-0.1,12.94,2026-09-01T00:00:00,47804L102,John Hancock Diversified Income Fund,2026-09-01,XHEQX,Equity-Global Equity,10.18,138.968,,Quarterly,0.35522,0.25,20.0,6.5508,,,1.31,,171.856,True,True,True,False,True,False,,12.95,13.74,8.42,7.33,10.68,14.25,,,19.33,370640,,,98.2848,,,,11.14197,-10.42165,0.32,-0.9,-0.62,2026-09-01T00:00:00,2011-05-26T00:00:00,5/26/2011,1306368000,2026-06-11T00:00:00
209,KYN,-0.1177,6.32319,7.16656,0.09,31.32,6,Morningstar US CEF MLP,69,"KA Fund Advisors, LLC",False,15.07,0.11,17.08,2026-09-01T00:00:00,486606106,Kayne Anderson Energy Infrastructure,2026-09-01,XKYNX,Equity-MLP,24.74,2548.729,,Monthly,0.31841,0.09,25.0,7.259,,,3.3,,3838.156,True,True,True,False,False,False,,27.56,30.3,22.88,24.05,30.73,27.01,,,28.86,3906860,,,,,15.1,,13.24027,-12.16395,0.25,0.85,1.21,2026-09-01T00:00:00,2004-09-28T00:00:00,9/28/2004,1096329600,2026-08-14T00:00:00
210,KIO,-0.078,12.22129,13.25455,0.1215,4.89,14,Morningstar US CEF High Yield,70,Kohlberg Kravis Roberts &amp; Co.,False,11.0,-0.06,11.93,2026-09-01T00:00:00,48249T106,KKR Income Opportunities Fund,2026-09-01,XKIOX,Fixed Income - Taxable-High Yield,32.8,450.836,,Monthly,0.63625,0.1215,20.0,7.7655,,,4.09,,727.59,True,False,False,False,False,False,,8.55,8.17,4.74,3.35,3.76,4.01,,,0.49,2460570,0.09000000000000001,,100.3092,,58.49,,11.514710000000001,-6.21503,-0.91,-1.18,-0.74,2026-09-01T00:00:00,2013-07-26T00:00:00,7/26/2013,1374796800,2026-08-14T00:00:00
211,KF,-0.1609,1.82937,2.18006,1.381724,154.98,1,Morningstar US CEF Asia Equity,68,JPMorgan Asset Management (Asia Pacific) Limited,False,63.38,-1.05,75.53,2026-09-01T00:00:00,500634209,Korea Fund,2026-09-01,XKFDX,Equity-Asia Equity,5.74,263.556,,Annually,0.0077,1.381724,40.0,,,,1.21,,314.08,True,True,False,False,False,False,,45.82,46.16,17.56,18.23,82.09,77.4,,,144.86,188310,,,,,,,49.3579,-13.35075,-1.6,-0.91,-1.02,2026-09-01T00:00:00,1984-08-29T00:00:00,8/29/1984,462585600,2025-12-23T00:00:00
212,LGI,-0.0131,10.01523,10.14774,0.15339999999999998,14.3,5,Morningstar US CEF Global Equity,71,Lazard Asset Management LLC,False,18.14,-0.18,18.38,2026-09-01T00:00:00,52106W103,Lazard Global Total Return and Income,2026-09-01,XLGIX,Equity-Global Equity,9.01,236.055,,Monthly,0.02808,0.15339999999999998,20.0,7.7462,,,2.0,,262.853,True,True,True,False,False,False,,12.72,18.36,5.87,6.5600000000000005,8.81,13.42,,,14.96,439190,,,,,3.13,,17.83114,-1.81739,0.16,-1.04,-0.58,2026-09-01T00:00:00,2004-04-28T00:00:00,4/28/2004,1083110400,2026-08-10T00:00:00
213,USA,-0.1243,10.05917,11.48649,0.16999999999999998,7.71,10,Morningstar US CEF US Equity,9,ALPS Advisors Inc,True,5.92,-0.07,6.76,2026-09-01T00:00:00,530158104,Liberty All-Star Equity,2026-09-01,XUSAX,Equity-U.S. Equity,5.02,1785.186,,Quarterly,0.01199,0.16999999999999998,10.0,,,,0.91,,2146.339,True,False,False,False,True,False,,13.03,9.47,6.41,3.45,7.65,3.68,,,1.4100000000000001,12707010,,,,,,,6.0205,-9.86954,-1.65,-1.08,-1.31,2026-09-01T00:00:00,1986-10-31T00:00:00,10/31/1986,531100800,2026-07-16T00:00:00
214,ASG,-0.12179999999999999,8.23328,9.375,0.12,6.32,10,Morningstar US CEF US Equity,9,ALPS Advisors Inc,True,5.12,-0.08,5.83,2026-09-01T00:00:00,529900102,Liberty All-Star Growth,2026-09-01,XASGX,Equity-U.S. Equity,1.6400000000000001,321.857,,Quarterly,-0.01975,0.12,10.0,,,,1.12,,372.596,True,False,False,False,True,False,,10.43,8.32,0.44,-1.3,7.2,4.86,,,2.43,2534980,,,,,,,5.29295,-10.4168,-1.3,0.01,-0.77,2026-09-01T00:00:00,1986-03-14T00:00:00,3/14/1986,511142400,2026-07-16T00:00:00
215,SCD,-0.10890000000000001,8.25215,9.26045,0.12,16.77,25,Morningstar US CEF Global Allocation,54,"Franklin Templeton Fund Adviser, LLC",True,15.55,-0.05,17.45,2026-09-01T00:00:00,50208A102,LMP Capital and Income,2026-09-01,XSCDX,Hybrid-Global Allocation,20.8,356.194,,Monthly,0.06042,0.12,20.0,,,,2.39,,504.716,True,True,False,False,True,False,,16.3,16.62,11.07,11.2,13.68,12.11,,,10.21,779260,13.6,,,,4.25,,15.30483,-9.26747,-0.91,0.1,-0.55,2026-09-01T00:00:00,2004-02-24T00:00:00,2/24/2004,1077580800,2026-08-24T00:00:00
216,MXE,-0.17120000000000002,1.42413,1.71838,0.2337,24.54,4,Morningstar US CEF Emerging Market Equity,89,Pichardo Asset Management SA De CV,False,13.6,0.14,16.41,2026-09-01T00:00:00,592834105,Mexico Equity & Income,2026-09-01,XMXEX,Equity-Emerging Market Equity,,59.843,,Annually,0.07512,0.2337,12.0,7.969,,0.02,2.13,,72.207,False,True,True,False,False,False,,7.69,12.81,7.79,2.89,11.63,8.72,,,23.23,62450,,,,,,,12.80419,-17.86753,0.6900000000000001,1.17,0.58,2026-09-01T00:00:00,1990-08-15T00:00:00,8/15/1990,650678400,2025-12-16T00:00:00
217,MXF,-0.12,5.75185,6.53595,0.35,24.31,4,Morningstar US CEF Emerging Market Equity,64,"Impulsora Del Fondo Mexico, SC",True,21.42,-0.31,24.34,2026-09-01T00:00:00,592835102,Mexico Fund,2026-09-01,XXMXFXX,Equity-Emerging Market Equity,,308.878,,Quarterly,0.27312000000000003,0.35,12.0,5.75,,,1.36,,350.984,False,True,True,False,True,False,,9.37,13.93,10.54,12.07,10.98,13.26,,,27.07,461400,,,,,,,20.80847,-13.2497,1.31,0.07,0.9,2026-09-01T00:00:00,1981-06-03T00:00:00,6/3/1981,360374400,2026-07-22T00:00:00
218,CAF,-0.1628,1.16041,1.38613,0.262949,26.83,1,Morningstar US CEF Asia Equity,74,Morgan Stanley,False,18.97,-0.01,22.66,2026-09-01T00:00:00,617468103,Morgan Stanley China A Share,2026-09-01,XCAFX,Equity-Asia Equity,,255.625,,Annually,0.12144,0.262949,20.0,,,,1.52,,305.348,False,True,False,False,False,False,,15.17,16.17,2.06,0.65,15.8,9.33,,,24.74,375670,,,,,,,18.02733,-13.96161,-1.12,-0.37,-0.78,2026-09-01T00:00:00,2006-09-28T00:00:00,9/28/2006,1159401600,2025-12-19T00:00:00
219,MSD,-0.08560000000000001,7.55668,8.26446,0.15,11.54,12,Morningstar US CEF Emerging Market Income,75,"Morgan Stanley Investment Management, Inc.",False,7.26,-0.03,7.9399999999999995,2026-09-01T00:00:00,61744H105,Morgan Stanley Emerging Markets Debt,2026-09-01,XMSDX,Fixed Income - Taxable-Emerging Market Income,0.03,146.879,,Quarterly,0.21902,0.15,15.0,6.5116,,6.76,1.36,,160.636,True,False,False,False,False,False,,12.82,14.6,3.41,4.21,5.04,2.68,,,5.35,948530,,,,,,,7.40442,-6.8196,-0.93,0.05,-0.35000000000000003,2026-09-01T00:00:00,1993-07-23T00:00:00,7/23/1993,743385600,2026-06-30T00:00:00
220,EDD,-0.0269,16.13445,16.58031,0.24,18.93,12,Morningstar US CEF Emerging Market Income,75,"Morgan Stanley Investment Management, Inc.",False,5.79,-0.09,5.95,2026-09-01T00:00:00,617477104,Morgan Stanley Emrgng Mkts Domestic Debt,2026-09-01,XEDDX,Fixed Income - Taxable-Emerging Market Income,14.52,373.201,,Quarterly,0.28033,0.24,20.0,6.6059,,7.47,2.18,,448.662,True,True,True,False,False,False,,13.47,19.8,5.59,8.51,8.28,15.82,,,23.71,3687300,,,,,,,5.61287,-5.00505,0.8300000000000001,0.0,0.68,2026-09-01T00:00:00,2007-04-24T00:00:00,4/24/2007,1177372800,2026-06-30T00:00:00
221,IIF,-0.11460000000000001,7.63231,8.6199,1.985164,-5.78,1,Morningstar US CEF Asia Equity,75,"Morgan Stanley Investment Management, Inc.",False,23.03,-0.22,26.01,2026-09-01T00:00:00,61745C105,Morgan Stanley India Investment,2026-09-01,XIIFX,Equity-Asia Equity,,217.476,,Annually,-0.10782,1.985164,15.0,,,,1.35,,245.617,False,False,False,False,False,False,,7.41,12.46,5.0,7.46,-6.63,-6.93,,,-4.54,312590,,,,,,,24.05922,-11.07383,-0.49,-0.28,-0.25,2026-09-01T00:00:00,1994-02-25T00:00:00,2/25/1994,762134400,2025-12-19T00:00:00
222,NML,-0.1076,7.01384,7.85944,0.07008,33.27,6,Morningstar US CEF MLP,76,Neuberger Berman,False,10.7,-0.05,11.99,2026-09-01T00:00:00,64129H104,NB Energy Infra and Income Fund Inc,2026-09-01,XNMLX,Equity-MLP,24.35,606.251,,Monthly,-0.18702,0.07008,20.0,,,,1.07,,898.004,True,True,False,False,False,False,,22.27,25.23,22.52,26.94,31.8,33.32,,,33.45,1631370,,,,,,,9.46633,-10.42727,-0.32,-0.8,-0.2,2026-09-01T00:00:00,2013-03-26T00:00:00,3/26/2013,1364256000,2026-08-17T00:00:00
223,NBXG,-0.1189,8.35267,9.47992,0.12,14.76,10,Morningstar US CEF US Equity,76,Neuberger Berman,False,15.19,-0.09,17.24,2026-09-01T00:00:00,64133Q108,Neuberger Brmn Nxt Gnrtn Cnnctvty,2026-09-01,XNBGX,Equity-U.S. Equity,,1196.387,,Monthly,-0.05846,0.12,20.0,,,,1.35,,1357.848,False,True,True,False,False,False,,19.45,23.56,5.0,4.52,10.56,11.98,,,12.6,1966690,,,,,,,14.77398,-12.93203,0.79,1.3,1.6600000000000001,2026-09-01T00:00:00,2021-05-25T00:00:00,5/25/2021,1621900800,2026-08-17T00:00:00
224,NHS,-0.0917,16.6055,18.28283,0.0905,2.95,14,Morningstar US CEF High Yield,76,Neuberger Berman,False,5.94,-0.01,6.54,2026-09-01T00:00:00,64128C106,Neuberger High Yield Strategies,2026-09-01,XNHSX,Fixed Income - Taxable-High Yield,32.91,248.623,,Monthly,0.18333,0.0905,15.0,7.1575,,,3.39,,408.017,True,False,False,False,False,False,,8.54,5.99,1.6600000000000001,-0.23,0.86,-10.44,,,-7.11,2059930,,,99.371,,4.83,3.38,6.89421,-2.8360700000000003,-1.45,-1.57,-0.9400000000000001,2026-09-01T00:00:00,2003-07-28T00:00:00,7/28/2003,1059350400,2026-08-17T00:00:00
225,NBH,-0.059500000000000004,6.04126,6.42332,0.054169999999999996,6.69,21,Morningstar US CEF Municipal,76,Neuberger Berman,False,10.12,-0.02,10.76,2026-09-01T00:00:00,64124P101,Neuberger Municipal Fund,2026-09-01,XNBHX,Fixed Income - Municipal-Municipal,41.69,299.735,,Monthly,0.13171,0.054169999999999996,15.0,4.9704,,,3.87,,546.59,True,False,True,False,False,False,,2.7199999999999998,6.6,-1.96,-4.64,0.02,3.93,,,8.72,929590,15.43,,98.9472,,14.23,8.22,10.30364,-8.62706,2.39,2.07,2.08,2026-09-01T00:00:00,2002-09-27T00:00:00,9/27/2002,1033084800,2026-07-31T00:00:00
226,NRO,-0.0852,11.81073,12.91034,0.0312,4.77,7,Morningstar US CEF Real Estate,76,Neuberger Berman,False,2.9,-0.01,3.17,2026-09-01T00:00:00,64190A103,Neuberger Real Estate Securities Income,2026-09-01,XNROX,Equity-Real Estate,25.84,183.749,,Monthly,0.06094,0.0312,15.0,,,,3.12,,270.857,True,False,False,False,False,False,,9.78,10.9,0.43,-0.81,7.22,2.94,,,-0.38,2399110,,,,,,,3.03967,-7.06107,-0.71,0.21,0.1,2026-09-01T00:00:00,2003-10-31T00:00:00,10/31/2003,1067558400,2026-08-17T00:00:00
227,GF,-0.1002,2.43094,2.70175,0.154,2.43,9,Morningstar US CEF Single Country Equity,40,DWS,False,11.4,-0.23,12.67,2026-09-01T00:00:00,644465106,New Germany,2026-09-01,XGFNX,Equity-Single-Country Equity,11.68,184.449,,Semi-Annually,0.10621,0.154,20.0,,,,1.31,,232.099,True,False,False,False,False,False,,7.96,11.35,-4.65,-3.6,2.91,3.17,,,2.12,246700,,,,,,,11.45531,-9.90555,-0.1,-1.13,-0.6900000000000001,2026-09-01T00:00:00,1990-01-30T00:00:00,1/30/1990,633657600,2026-05-26T00:00:00
228,NVG,0.0084,7.95302,7.88686,0.079,7.12,21,Morningstar US CEF Municipal,81,"Nuveen Fund Advisors, LLC.",False,12.02,-0.13,11.92,2026-09-01T00:00:00,67071L106,Nuveen AMT-Free Muni Credit Inc,2026-09-01,XNVGX,Fixed Income - Municipal-Municipal,42.92,2605.813,-0.02,Monthly,0.29602,0.079,15.0,4.8262,,18.73,3.64,,4527.539,True,False,True,False,False,False,,3.81,10.39,-1.75,-1.82,-0.64,0.89,,,10.45,5504660,23.2,3.01,91.9675,,14.46,9.41,12.58808,-0.73419,0.84,0.65,0.85,2026-09-01T00:00:00,2002-03-25T00:00:00,3/25/2002,1017014400,2026-08-14T00:00:00
229,NUW,-0.047599999999999996,3.9835700000000003,4.18254,0.048499999999999995,4.95,21,Morningstar US CEF Municipal,81,"Nuveen Fund Advisors, LLC.",False,13.915,-0.06,14.61,2026-09-01T00:00:00,670695105,Nuveen AMT-Free Municipal Value Fund,2026-09-01,XNUWX,Fixed Income - Municipal-Municipal,7.39,249.793,-0.073,Monthly,0.30096,0.048499999999999995,15.0,5.412,,19.3,0.75,,283.194,True,False,True,False,False,False,,3.2,4.96,0.0,-0.31,0.23,0.31,,,6.13,381600,9.3,0.09000000000000001,97.0156,,8.94,8.55,14.23003,-5.10798,0.4,0.54,0.32,2026-09-01T00:00:00,2009-02-25T00:00:00,2/25/2009,1235520000,2026-08-14T00:00:00
230,NEA,0.0128,7.45887,7.36462,0.06799999999999999,6.14,21,Morningstar US CEF Municipal,81,"Nuveen Fund Advisors, LLC.",False,11.08,-0.17,10.94,2026-09-01T00:00:00,670657105,Nuveen AMT-Free Quality Muni Inc,2026-09-01,XNEAX,Fixed Income - Municipal-Municipal,41.82,3364.901,0.018000000000000002,Monthly,0.25491,0.06799999999999999,15.0,5.0705,,18.96,3.5300000000000002,,5710.539,True,False,True,False,False,False,,2.92,9.75,-1.9300000000000002,-0.97,-0.56,1.4100000000000001,,,9.78,8470050,21.6,4.02,95.7853,,11.13,8.06,11.49406,-0.66342,1.43,1.3900000000000001,1.32,2026-09-01T00:00:00,2002-11-21T00:00:00,11/21/2002,1037836800,2026-08-14T00:00:00
231,NAZ,0.1039,6.72087,6.08838,0.062,7.47,24,Morningstar US CEF Municipal-Single State,81,"Nuveen Fund Advisors, LLC.",False,12.22,-0.09,11.07,2026-09-01T00:00:00,67061W104,Nuveen AZ Quality Muni Inc,2026-09-01,XNAZX,Fixed Income - Municipal-Municipal - Single-State,39.78,159.278,0.031,Monthly,0.20512,0.062,15.0,4.7745,,17.42,3.55,,239.589,True,False,True,False,False,False,,3.31,12.91,-1.22,0.13,0.13,8.16,,,10.79,222630,21.2,0.81,98.4756,,12.3,8.34,12.23266,5.33724,1.37,0.79,0.81,2026-09-01T00:00:00,1992-11-19T00:00:00,11/19/1992,722131200,2026-08-14T00:00:00
232,NKX,0.038200000000000005,7.50652,7.23013,0.072,8.21,22,Morningstar US CEF Municipal-CA,81,"Nuveen Fund Advisors, LLC.",False,11.95,-0.1,11.51,2026-09-01T00:00:00,670651108,Nuveen CA AMT - Free Quality Muni Inc,2026-09-01,XNCMX,Fixed Income - Municipal-Municipal - CA,40.17,665.826,-0.014,Monthly,0.25181,0.072,15.0,4.782,,18.3,3.77,,1071.895,True,False,False,False,False,False,,3.42,10.09,-1.81,-0.49,0.58,1.77,,,9.81,1366740,22.9,0.6000000000000001,96.8209,,12.92,8.29,12.52866,4.01874,-0.13,-0.12,0.11,2026-09-01T00:00:00,2002-11-22T00:00:00,11/22/2002,1037923200,2026-08-14T00:00:00
233,NCA,0.0078000000000000005,4.00891,3.9779,0.03,6.04,22,Morningstar US CEF Municipal-CA,81,"Nuveen Fund Advisors, LLC.",False,9.05,0.0,8.98,2026-09-01T00:00:00,67062C107,Nuveen CA Municipal Value,2026-09-01,XNCAX,Fixed Income - Municipal-Municipal - CA,0.0,301.855,-0.012,Monthly,0.17651,0.03,10.0,4.7261,,18.79,0.54,,299.52,True,False,True,False,False,False,,3.5,4.98,-0.08,0.52,0.84,3.77,,,10.44,690150,23.2,1.35,97.5019,,,8.27,9.16616,-0.09218000000000001,0.36,0.55,-0.2,2026-09-01T00:00:00,1987-10-07T00:00:00,10/7/1987,560563200,2026-08-14T00:00:00
234,NAC,0.038900000000000004,7.54069,7.25849,0.06949999999999999,8.74,22,Morningstar US CEF Municipal-CA,81,"Nuveen Fund Advisors, LLC.",False,11.49,-0.16,11.06,2026-09-01T00:00:00,67066Y105,Nuveen CA Quality Muni Income,2026-09-01,XNACX,Fixed Income - Municipal-Municipal - CA,39.6,1916.513,-0.005,Monthly,0.24164,0.06949999999999999,15.0,4.7834,,19.2,3.79,,3054.18,True,False,True,False,False,False,,3.37,11.33,-1.9300000000000002,-0.38,0.41000000000000003,3.67,,,11.8,5092900,23.1,1.08,97.0662,,12.64,8.55,11.82,1.81769,1.28,0.32,0.85,2026-09-01T00:00:00,1999-05-26T00:00:00,5/26/1999,927676800,2026-08-14T00:00:00
235,JCE,-0.0525,8.03976,8.48485,0.364,21.58,10,Morningstar US CEF US Equity,81,"Nuveen Fund Advisors, LLC.",True,17.16,0.09,18.11,2026-09-01T00:00:00,67090X107,Nuveen Core Equity Alpha,2026-09-01,XJCEX,Equity-U.S. Equity,1.35,291.766,0.0,Quarterly,0.00449,0.364,20.0,,,,0.9900000000000001,,307.918,True,True,True,False,True,False,,20.8,19.78,12.51,11.7,12.3,12.01,,,18.2,393780,,,,,,,15.96139,-6.39867,1.16,2.14,2.3,2026-09-01T00:00:00,2007-03-27T00:00:00,3/27/2007,1174953600,2026-06-15T00:00:00
236,NPCT,-0.0756,10.27751,11.11801,0.0895,2.68,15,Morningstar US CEF Investment Grade,81,"Nuveen Fund Advisors, LLC.",True,9.66,-0.02,10.45,2026-09-01T00:00:00,67080D103,Nuveen Core Plus Impact Fund,2026-09-01,XNPCX,Fixed Income - Taxable-Investment Grade,37.63,277.773,,Monthly,0.23152,0.0895,20.0,4.3404,,29.1,4.43,,481.81,True,False,False,False,True,False,,7.92,11.93,-3.26,-3.13,0.45,2.49,,,-0.52,1247970,19.7,0.0,88.6715,,7.44,5.44,10.30469,-6.7396,-0.51,0.32,-0.51,2026-09-01T00:00:00,2021-04-27T00:00:00,4/27/2021,1619481600,2026-08-14T00:00:00
237,JQC,-0.10490000000000001,11.1236,12.42678,0.049499999999999995,5.84,19,Morningstar US CEF Senior Loans,81,"Nuveen Fund Advisors, LLC.",True,4.78,0.01,5.34,2026-09-01T00:00:00,67073D102,Nuveen Credit Strategies Income Fund,2026-09-01,XJQCX,Fixed Income - Taxable-Senior Loans,38.47,706.564,-0.082,Monthly,0.23976,0.049499999999999995,15.0,,,5.0,5.09,,1282.941,True,False,False,False,True,False,,8.48,10.38,4.93,4.93,3.49,3.24,,,-1.9300000000000002,7772260,84.5,0.0,,,,,4.96303,-9.43702,-0.52,0.48,0.55,2026-09-01T00:00:00,2003-06-25T00:00:00,6/25/2003,1056499200,2026-08-14T00:00:00
238,NDMO,-0.0131,7.06237,7.15596,0.058499999999999996,5.39,21,Morningstar US CEF Municipal,81,"Nuveen Fund Advisors, LLC.",True,9.81,-0.13,9.94,2026-09-01T00:00:00,67079X102,Nuveen Dynamic Municipal Opportunities,2026-09-01,XNDMX,Fixed Income - Municipal-Municipal,32.41,593.966,,Monthly,0.23738,0.058499999999999996,15.0,5.5876,,18.04,2.83,,890.382,True,False,False,False,True,False,,5.05,5.51,-2.48,-2.95,0.38,3.37,,,6.92,1424180,19.8,0.37000000000000005,96.271,,10.32,7.78,10.32464,-0.8778300000000001,-0.39,-0.52,-0.8,2026-09-01T00:00:00,2020-08-26T00:00:00,8/26/2020,1598400000,2026-08-14T00:00:00
239,JFR,-0.0864,11.23649,12.29961,0.078,6.29,19,Morningstar US CEF Senior Loans,81,"Nuveen Fund Advisors, LLC.",True,7.61,-0.08,8.33,2026-09-01T00:00:00,67072T108,Nuveen Floating Rate Income,2026-09-01,XJFRX,Fixed Income - Taxable-Senior Loans,37.43,1224.962,0.015000000000000001,Monthly,0.37027,0.078,15.0,,,4.8100000000000005,4.78,,2143.059,True,False,True,False,True,False,,8.94,11.25,6.02,5.99,4.11,6.76,,,3.22,7468680,88.3,0.0,,,,,7.75126,-8.95286,0.18,-0.53,0.58,2026-09-01T00:00:00,2004-03-25T00:00:00,3/25/2004,1080172800,2026-08-14T00:00:00
240,JGH,-0.0891,9.1458,10.04042,0.1035,6.84,13,Morningstar US CEF Global Income,81,"Nuveen Fund Advisors, LLC.",True,12.37,-0.05,13.58,2026-09-01T00:00:00,67075G103,Nuveen Global High Income Fund,2026-09-01,XJGHX,Fixed Income - Taxable-Global Income,29.2,347.917,-0.026000000000000002,Monthly,0.48098,0.1035,20.0,7.7831,,6.15,3.37,,539.449,True,False,False,False,True,False,,11.78,12.92,4.88,4.86,4.92,5.13,,,0.78,1004150,36.3,0.0,98.8169,,,,12.74493,-7.38146,-0.9400000000000001,-1.31,-1.51,2026-09-01T00:00:00,2014-11-24T00:00:00,11/24/2014,1416787200,2026-08-14T00:00:00
241,NMT,0.1485,6.77871,5.90244,0.0605,7.49,24,Morningstar US CEF Municipal-Single State,81,"Nuveen Fund Advisors, LLC.",False,12.3,-0.29,10.71,2026-09-01T00:00:00,67061E104,Nuveen MA Quality Muni Inc,2026-09-01,XNMTX,Fixed Income - Municipal-Municipal - Single-State,39.49,130.23,0.026000000000000002,Monthly,0.20713,0.0605,15.0,4.8771,,20.13,3.45,,187.395,True,True,True,False,False,False,,2.8200000000000003,14.51,-1.97,1.35,0.59,15.95,,,18.61,201060,21.9,1.73,99.8748,,7.76,8.93,12.0801,8.02039,1.18,0.14,0.52,2026-09-01T00:00:00,1993-03-18T00:00:00,3/18/1993,732412800,2026-08-14T00:00:00
242,NMS,-0.049400000000000006,6.78636,7.13881,0.063,5.46,24,Morningstar US CEF Municipal-Single State,81,"Nuveen Fund Advisors, LLC.",False,10.59,-0.29,11.14,2026-09-01T00:00:00,670734102,Nuveen MN Quality Muni Inc,2026-09-01,XMNSX,Fixed Income - Municipal-Municipal - Single-State,41.08,67.913,-0.014,Monthly,0.0,0.063,15.0,4.6902,,16.95,3.66,,121.24,True,False,False,False,False,False,,3.16,7.49,-1.3,-2.32,-1.53,-3.05,,,2.27,163720,43.0,0.0,98.2627,,11.29,7.55,11.94316,0.8923300000000001,-2.7800000000000002,-2.48,-3.29,2026-09-01T00:00:00,1993-06-25T00:00:00,6/25/1993,740966400,2026-08-14T00:00:00
243,JLS,-0.0965,9.87138,10.92527,0.1535,5.41,14,Morningstar US CEF High Yield,81,"Nuveen Fund Advisors, LLC.",True,16.86,-0.02,18.66,2026-09-01T00:00:00,670735109,Nuveen Mortgage and Income Fund,2026-09-01,XJLSX,Fixed Income - Taxable-High Yield,23.08,92.336,0.009000000000000001,Monthly,0.77533,0.1535,25.0,7.5578,,17.85,3.07,,132.851,True,False,False,False,True,False,,9.45,11.96,4.34,4.63,2.98,-0.7000000000000001,,,-0.73,198960,0.0,0.0,96.9542,,,,18.20305,-4.9064700000000006,-2.39,-1.65,-1.7000000000000002,2026-09-01T00:00:00,2009-11-25T00:00:00,11/25/2009,1259107200,2026-08-14T00:00:00
244,NMAI,-0.026099999999999998,9.2986,9.54733,0.11599999999999999,19.32,25,Morningstar US CEF Global Allocation,81,"Nuveen Fund Advisors, LLC.",True,14.58,-0.12,14.97,2026-09-01T00:00:00,670750108,Nuveen Multi-Asset Income,2026-09-01,XNMAX,Hybrid-Global Allocation,29.54,487.346,,Monthly,0.17114000000000001,0.11599999999999999,20.0,6.1033,,,3.38,,710.146,True,True,True,False,True,False,,15.15,21.22,,,12.19,20.55,,,29.08,1099160,28.2,0.0,96.8324,,,,13.43985,-7.87478,3.62,2.38,2.9,2026-09-01T00:00:00,2021-11-22T00:00:00,11/22/2021,1637539200,2026-08-14T00:00:00
245,JMM,-0.0898,5.48031,6.02076,0.028999999999999998,1.92,15,Morningstar US CEF Investment Grade,81,"Nuveen Fund Advisors, LLC.",True,5.78,-0.06,6.35,2026-09-01T00:00:00,67075J107,Nuveen Multi-Market Income Fund,2026-09-01,XJMMX,Fixed Income - Taxable-Investment Grade,29.85,54.692,-0.001,Monthly,0.13925,0.028999999999999998,12.0,5.5021,,4.39,3.59,,85.658,True,False,False,False,True,False,,5.72,5.88,1.11,0.73,-0.29,0.56,,,-2.71,92480,26.7,0.0,96.6946,,,,6.0082,-8.42066,-0.28,1.4100000000000001,1.24,2026-09-01T00:00:00,1988-12-30T00:00:00,12/30/1988,599443200,2026-08-14T00:00:00
246,NZF,0.0008,7.94338,7.93677,0.0795,7.75,21,Morningstar US CEF Municipal,81,"Nuveen Fund Advisors, LLC.",False,12.02,-0.16,12.01,2026-09-01T00:00:00,67070X101,Nuveen Municipal Credit Income,2026-09-01,XNZFX,Fixed Income - Municipal-Municipal,41.18,2368.57,-0.015000000000000001,Monthly,0.31359,0.0795,15.0,5.2593,,19.97,3.61,,4023.799,True,False,True,False,False,False,,3.8200000000000003,10.0,-1.3,-0.91,0.79,1.85,,,9.78,5276110,25.0,2.59,93.9709,,11.88,8.31,12.52368,-0.69062,0.62,-0.11,0.22,2026-09-01T00:00:00,2001-09-25T00:00:00,9/25/2001,1001376000,2026-08-14T00:00:00
247,NMCO,-0.046900000000000004,8.03519,8.43077,0.06849999999999999,7.66,21,Morningstar US CEF Municipal,81,"Nuveen Fund Advisors, LLC.",False,9.75,-0.02,10.23,2026-09-01T00:00:00,670663103,Nuveen Municipal Credit Opps Fund,2026-09-01,XNMCX,Fixed Income - Municipal-Municipal,42.82,556.231,-0.035,Monthly,0.35941,0.06849999999999999,15.0,5.8652,,22.21,4.5,,1020.585,True,False,False,False,False,False,,3.61,3.16,-2.21,-2.95,1.6400000000000001,0.56,,,2.04,1721270,30.9,0.27,86.9685,,15.53,9.8,10.66299,-0.33883,-2.99,-3.29,-4.36,2026-09-01T00:00:00,2019-09-16T00:00:00,9/16/2019,1568592000,2026-08-14T00:00:00
248,NMZ,0.001,7.95547,7.94742,0.0655,7.83,21,Morningstar US CEF Municipal,81,"Nuveen Fund Advisors, LLC.",False,9.89,-0.11,9.88,2026-09-01T00:00:00,670682103,Nuveen Municipal High Income Opp Fd,2026-09-01,XNMZX,Fixed Income - Municipal-Municipal,40.54,2138.613,0.044000000000000004,Monthly,0.15638,0.0655,15.0,5.7108,,21.33,3.5,,3593.306,True,False,True,False,False,False,,4.76,6.85,-1.62,-2.15,0.85,3.23,,,6.46,4847120,21.9,1.38,91.2079,,10.18,8.88,10.39421,-0.07578,0.18,0.19,0.36,2026-09-01T00:00:00,2003-11-19T00:00:00,11/19/2003,1069200000,2026-08-14T00:00:00
249,NMI,0.0784,4.7058800000000005,4.36364,0.038,6.25,21,Morningstar US CEF Municipal,81,"Nuveen Fund Advisors, LLC.",False,10.45,0.0,9.69,2026-09-01T00:00:00,67062J102,Nuveen Municipal Income,2026-09-01,XNMIX,Fixed Income - Municipal-Municipal,2.99,127.492,-0.019,Monthly,0.21289,0.038,12.0,5.4726,,21.72,0.75,,118.22,True,True,True,False,False,False,,4.66,9.12,0.79,1.6,1.87,8.45,,,13.33,266220,16.7,0.66,98.5853,,,8.7,10.27762,4.06376,0.97,-0.73,0.26,2026-09-01T00:00:00,1988-04-20T00:00:00,4/20/1988,577497600,2026-08-14T00:00:00
250,NUV,0.0067,4.38695,4.35754,0.0325,4.95,21,Morningstar US CEF Municipal,81,"Nuveen Fund Advisors, LLC.",False,8.95,-0.05,8.89,2026-09-01T00:00:00,670928100,Nuveen Municipal Value,2026-09-01,XNUVX,Fixed Income - Municipal-Municipal,6.15,1889.967,-0.018000000000000002,Monthly,0.19290000000000002,0.0325,10.0,5.2552,,18.27,0.66,,1877.297,True,False,True,False,False,False,,3.32,6.47,0.08,-1.35,0.53,2.21,,,8.24,4854180,11.1,0.8,96.1513,,,8.24,9.08142,-0.46414000000000005,1.12,0.52,0.67,2026-09-01T00:00:00,1987-06-17T00:00:00,6/17/1987,550886400,2026-08-14T00:00:00
251,QQQX,-0.0326,9.32996,9.64391,0.738,18.68,3,Morningstar US CEF Covered Call,81,"Nuveen Fund Advisors, LLC.",True,30.61,-0.3,31.64,2026-09-01T00:00:00,670699107,Nuveen NASDAQ 100 Dynamic Overwrite,2026-09-01,XQQQX,Equity-Covered-Call Funds,,1494.588,0.0,Quarterly,-0.030780000000000002,0.738,20.0,,,,0.89,,1544.879,False,True,True,False,True,False,,17.61,18.64,9.22,8.66,7.84,13.37,,,25.11,1035650,,,,,,,28.71353,-7.21068,1.8,1.23,1.45,2026-09-01T00:00:00,2007-01-30T00:00:00,1/30/2007,1170115200,2026-06-15T00:00:00
252,NRK,-0.0059,7.73622,7.78218,0.0655,7.74,23,Morningstar US CEF Municipal-NY,81,"Nuveen Fund Advisors, LLC.",False,10.1,-0.18,10.16,2026-09-01T00:00:00,670656107,Nuveen NY AMT - Free Quality Muni Inc,2026-09-01,XNRKX,Fixed Income - Municipal-Municipal - NY,43.32,881.077,0.004,Monthly,0.2495,0.0655,15.0,4.6883,,19.76,3.69,,1563.591,True,False,True,False,False,False,,2.47,8.41,-2.22,-0.38,-0.28,7.3,,,17.0,3199730,23.3,0.11000000000000001,94.7019,,15.06,9.38,10.29785,-4.69492,1.55,1.1400000000000001,1.42,2026-09-01T00:00:00,2002-11-21T00:00:00,11/21/2002,1037836800,2026-08-14T00:00:00
253,NNY,-0.052300000000000006,4.1115,4.33824,0.0295,5.67,23,Morningstar US CEF Municipal-NY,81,"Nuveen Fund Advisors, LLC.",False,8.16,0.0,8.61,2026-09-01T00:00:00,67062M105,Nuveen NY Municipal Value,2026-09-01,XNNYX,Fixed Income - Municipal-Municipal - NY,0.0,154.11,-0.037,Monthly,0.17478,0.0295,10.0,4.7875,,19.89,0.5700000000000001,,162.609,True,False,False,False,False,False,,3.22,3.43,0.26,-0.67,0.73,-2.05,,,5.15,360360,28.8,0.0,96.2731,,,9.0,8.47962,-3.94679,-0.92,-0.87,-1.25,2026-09-01T00:00:00,1987-10-07T00:00:00,10/7/1987,560563200,2026-08-14T00:00:00
254,NAN,0.0084,7.5907,7.52768,0.06799999999999999,7.49,23,Morningstar US CEF Municipal-NY,81,"Nuveen Fund Advisors, LLC.",False,10.84,-0.05,10.75,2026-09-01T00:00:00,67066X107,Nuveen NY Quality Muni Inc,2026-09-01,XNANX,Fixed Income - Municipal-Municipal - NY,40.63,360.761,0.013000000000000001,Monthly,0.25368,0.06799999999999999,15.0,4.9942,,20.82,3.77,,602.606,True,False,True,False,False,False,,2.86,8.98,-1.83,-0.77,0.13,1.6600000000000001,,,7.01,722490,27.2,0.01,97.6695,,13.22,8.79,11.41521,0.6892400000000001,0.14,-1.0,-0.6,2026-09-01T00:00:00,1999-05-26T00:00:00,5/26/1999,927676800,2026-08-14T00:00:00
255,JPC,-0.0429,9.74026,10.17639,0.0625,5.76,18,Morningstar US CEF Preferreds,81,"Nuveen Fund Advisors, LLC.",False,7.37,0.03,7.7,2026-09-01T00:00:00,67073B106,Nuveen Pref & Income Opps Fund,2026-09-01,XJPCX,Fixed Income - Taxable-Preferreds,37.92,2770.239,-0.042,Monthly,0.24068,0.0625,15.0,7.7023,,,4.67,,4662.133,True,False,False,False,False,False,,11.13,14.33,3.43,2.5700000000000003,1.51,-3.59,,,-0.05,10058640,7.5,0.0,103.4105,,,3.89,7.98057,0.0027600000000000003,-3.5700000000000003,-2.85,-2.84,2026-09-01T00:00:00,2003-03-26T00:00:00,3/26/2003,1048636800,2026-08-14T00:00:00
256,NAD,0.013999999999999999,7.42105,7.31834,0.0705,6.82,21,Morningstar US CEF Municipal,81,"Nuveen Fund Advisors, LLC.",False,11.56,-0.18,11.4,2026-09-01T00:00:00,67066V101,Nuveen Quality Muni Income Fund,2026-09-01,XNADX,Fixed Income - Municipal-Municipal,42.67,2706.015,0.023,Monthly,0.27975,0.0705,15.0,5.1645,,19.94,3.74,,4655.141,True,False,True,False,False,False,,3.14,9.84,-1.57,-0.55,-0.04,2.4,,,11.22,6674680,24.1,1.23,95.3843,,11.17,8.09,11.881,-1.0068,1.78,1.6600000000000001,1.72,2026-09-01T00:00:00,1999-05-26T00:00:00,5/26/1999,927676800,2026-08-14T00:00:00
257,JRI,-0.0617,12.35158,13.16352,0.1335,7.37,25,Morningstar US CEF Global Allocation,81,"Nuveen Fund Advisors, LLC.",True,12.17,-0.01,12.97,2026-09-01T00:00:00,67074Y105,Nuveen Real Asset Inc and Grwt,2026-09-01,XJRIX,Hybrid-Global Allocation,32.34,440.533,0.0,Monthly,0.26714,0.1335,20.0,6.5074000000000005,,,3.9,,693.937,True,False,False,False,True,False,,11.49,15.8,4.12,5.04,5.45,-2.86,,,1.13,1463530,26.4,0.0,99.9859,,,,13.18676,-2.5449,-0.92,-1.16,-0.56,2026-09-01T00:00:00,2012-04-25T00:00:00,4/25/2012,1335312000,2026-08-14T00:00:00
258,JRS,-0.098,8.37004,9.27961,0.19,13.3,7,Morningstar US CEF Real Estate,81,"Nuveen Fund Advisors, LLC.",True,8.19,-0.1,9.08,2026-09-01T00:00:00,67071B108,Nuveen Real Estate Income,2026-09-01,XJRSX,Equity-Real Estate,28.07,236.629,0.0,Quarterly,0.07692,0.19,15.0,,,,3.4,,364.744,True,True,False,False,True,False,,10.97,13.64,1.7000000000000002,1.98,15.66,13.17,,,11.46,761180,0.0,,,,6.49,,8.06038,-8.26447,-1.01,-0.63,-0.42,2026-09-01T00:00:00,2001-11-15T00:00:00,11/15/2001,1005782400,2026-06-15T00:00:00
259,SPXX,-0.08410000000000001,8.10187,8.84575,0.4215,21.15,3,Morningstar US CEF Covered Call,81,"Nuveen Fund Advisors, LLC.",True,19.06,-0.19,20.81,2026-09-01T00:00:00,6706EW100,Nuveen S&P 500 Dynamic Overwrite,2026-09-01,XSSPX,Equity-Covered-Call Funds,,2626.753,0.0,Quarterly,0.02449,0.4215,20.0,,,,0.9700000000000001,,2867.93,False,True,True,False,True,False,,16.58,16.28,10.26,8.97,12.59,11.39,,,15.25,1432850,,,,,,,17.85628,-9.02174,0.28,1.22,1.5899999999999999,2026-09-01T00:00:00,2005-11-22T00:00:00,11/22/2005,1132617600,2026-06-15T00:00:00
260,NIM,-0.044199999999999996,3.5765700000000002,3.74198,0.028999999999999998,3.24,21,Morningstar US CEF Municipal,81,"Nuveen Fund Advisors, LLC.",False,9.2999,-0.05,9.73,2026-09-01T00:00:00,67061T101,Nuveen Select Maturity Muni,2026-09-01,XNIMX,Fixed Income - Municipal-Municipal,0.41000000000000003,115.752,-0.007,Monthly,0.16949,0.028999999999999998,12.0,4.4675,,8.49,0.5800000000000001,,121.105,True,False,True,False,False,False,,3.37,6.06,0.98,0.42,0.31,2.93,,,6.15,189650,18.0,1.32,97.8224,,,5.21,9.37799,-5.7132000000000005,0.97,1.33,0.6,2026-09-01T00:00:00,1992-09-18T00:00:00,9/18/1992,716774400,2026-08-14T00:00:00
261,NXP,0.015,4.59556,4.5275,0.0535,5.11,21,Morningstar US CEF Municipal,81,"Nuveen Fund Advisors, LLC.",False,14.18,-0.04,13.97,2026-09-01T00:00:00,67062F100,Nuveen Select Tax Free Inc,2026-09-01,XNXPX,Fixed Income - Municipal-Municipal,3.73,897.797,0.014,Monthly,0.28791,0.0535,15.0,5.046,,17.18,0.35000000000000003,,884.501,True,False,True,False,False,False,,3.9699999999999998,4.6,0.84,0.14,0.9500000000000001,3.92,,,6.08,1426470,14.4,1.31,93.9607,,9.19,8.13,14.3027,-0.06392,1.6400000000000001,1.67,1.79,2026-09-01T00:00:00,1992-03-19T00:00:00,3/19/1992,700963200,2026-08-14T00:00:00
262,NBB,-0.024300000000000002,7.39936,7.5835,0.0965,4.51,20,Morningstar US CEF Taxable Muni,81,"Nuveen Fund Advisors, LLC.",False,15.27,-0.12,15.65,2026-09-01T00:00:00,67074C103,Nuveen Taxable Municipal Income,2026-09-01,XNBBX,Fixed Income - Taxable-Taxable Muni,38.35,448.858,-0.051000000000000004,Monthly,0.47616,0.0965,20.0,6.8179,,16.71,3.24,,746.243,True,False,True,False,False,False,,5.59,8.56,-0.89,-1.13,0.41000000000000003,2.29,,,3.77,568860,5.6,0.0,100.5308,,,7.42,15.86201,-2.69593,0.28,0.7000000000000001,0.5700000000000001,2026-09-01T00:00:00,2010-04-27T00:00:00,4/27/2010,1272326400,2026-08-14T00:00:00
263,NPV,-0.0426,6.82701,7.13043,0.0615,6.26,24,Morningstar US CEF Municipal-Single State,81,"Nuveen Fund Advisors, LLC.",False,10.35,-0.12,10.81,2026-09-01T00:00:00,67064R102,Nuveen VA Quality Muni Inc,2026-09-01,XNPVX,Fixed Income - Municipal-Municipal - Single-State,40.95,202.858,0.026000000000000002,Monthly,0.2321,0.0615,15.0,4.869,,18.2,3.54,,358.824,True,False,False,False,False,False,,3.06,6.61,-1.69,-4.66,-0.71,-1.08,,,-1.2,520360,32.6,1.55,95.5169,,11.51,8.16,11.32916,-0.9937400000000001,-1.92,-1.82,-2.49,2026-09-01T00:00:00,1993-03-18T00:00:00,3/18/1993,732412800,2026-08-14T00:00:00
264,NPFD,-0.0393,9.71044,10.10764,0.1565,5.93,18,Morningstar US CEF Preferreds,81,"Nuveen Fund Advisors, LLC.",False,18.58,-0.23,19.34,2026-09-01T00:00:00,67080R102,Nuveen Variable Rate Pref & Inc Fund,2026-09-01,XNPFX,Fixed Income - Taxable-Preferreds,36.95,448.97,,Monthly,0.5723900000000001,0.1565,25.0,7.4788,,,4.79,,741.24,True,False,True,False,False,False,,10.78,16.0,,,1.69,5.5600000000000005,,,5.77,652660,7.4,0.0,102.0238,,5.58,3.5300000000000002,19.1723,-3.95143,0.02,0.8300000000000001,0.32,2026-09-01T00:00:00,2021-12-15T00:00:00,12/15/2021,1639526400,2026-08-14T00:00:00
265,SRV,0.0105,13.44387,13.30377,0.5,23.29,6,Morningstar US CEF MLP,33,Cushing Asset Management LP,False,45.1,0.25,44.63,2026-09-01T00:00:00,231631300,NXG Cushing Midstream Energy Fund,2026-09-01,XSRVX,Equity-MLP,29.84,281.17,,Monthly,0.0352,0.5,20.0,,,,4.32,,396.555,True,True,True,False,False,False,,23.56,20.46,19.3,27.04,23.91,24.71,,,23.17,572740,,,,,4.57,,44.49564,-0.9453600000000001,0.62,0.0,0.75,2026-09-01T00:00:00,2007-08-27T00:00:00,8/27/2007,1188172800,2026-08-17T00:00:00
266,NXG,0.0301,13.35559,12.96596,0.6,30.24,8,Morningstar US CEF Sector Equity,33,Cushing Asset Management LP,False,55.53,-0.45,53.91,2026-09-01T00:00:00,231647207,NXG NextGen Infrastructure Inc,2026-09-01,XNXGX,Equity-Sector Equity,34.57,407.155,,Monthly,-0.24598,0.6,25.0,,,,4.16,,604.087,True,True,True,False,False,False,,24.38,33.85,12.25,16.6,25.56,16.9,,,31.07,689670,,,,,1.07,,53.81529,-1.27026,1.1400000000000001,0.68,1.16,2026-09-01T00:00:00,2012-09-26T00:00:00,9/26/2012,1348617600,2026-08-17T00:00:00
267,MEGI,-0.0907,9.31677,10.2459,0.125,13.71,8,Morningstar US CEF Sector Equity,77,New York Life Investment Management LLC,False,14.64,0.0,16.1,2026-09-01T00:00:00,56064Q107,NYLIM CBRE Glb Infra Megatrends Term Fd,2026-09-01,XMEGI,Equity-Sector Equity,21.56,761.976,,Monthly,0.39004,0.125,20.0,,,,3.73,,1068.265,True,False,True,False,False,False,,12.5,15.79,,,12.25,13.76,,,11.36,1544120,,,,,,,14.71502,-9.31649,0.15,-0.43,0.39,2026-09-01T00:00:00,2021-10-27T00:00:00,10/27/2021,1635292800,2026-08-24T00:00:00
268,MMD,-0.06269999999999999,5.08156,5.42169,0.06749999999999999,6.97,21,Morningstar US CEF Municipal,77,New York Life Investment Management LLC,False,14.94,-0.06,15.94,2026-09-01T00:00:00,56064K100,NYLIM MacKay DefinedTerm Muni Opps Fund,2026-09-01,XMMDX,Fixed Income - Municipal-Municipal,36.78,280.565,0.24000000000000002,Monthly,0.42096,0.06749999999999999,20.0,5.1917,,,2.72,,473.504,True,False,True,False,False,True,,3.26,0.81,-0.78,-3.15,1.23,4.45,,,7.64,631020,,,105.6287,,,5.59,15.14973,-7.24338,0.8,0.87,0.9500000000000001,2026-09-01T00:00:00,2012-06-27T00:00:00,6/27/2012,1340755200,2026-08-14T00:00:00
269,OCCI,-0.2202,18.34862,23.52941,0.049999999999999996,-30.8,19,Morningstar US CEF Senior Loans,82,"OFS Capital Management, LLC",True,2.55,0.15,3.32,2026-07-31T00:00:00,67111Q107,OFS Credit Company Inc,2026-09-01,OCCI,Fixed Income - Taxable-Senior Loans,47.95,74.752,,Monthly,0.33629000000000003,0.049999999999999996,20.0,13.384,,,13.31,,184.18,True,False,False,False,True,False,,-8.88,-13.82,-8.21,-11.54,-23.43,-36.75,,,-43.83,2856890,,,,,,,3.84572,-14.00964,-0.76,0.12,-0.13,2026-09-01T00:00:00,2018-10-05T00:00:00,10/5/2018,1538697600,2026-08-14T00:00:00
270,OXLC,-0.0832,22.94455,25.02607,0.19999999999999998,-33.14,19,Morningstar US CEF Senior Loans,83,Oxford Lane Management,False,9.59,0.62,10.66,2026-07-31T00:00:00,691543847,Oxford Lane Capital Corp,2026-09-01,OXLCX,Fixed Income - Taxable-Senior Loans,43.07,936.46,,Monthly,1.29355,0.19999999999999998,20.0,10.7207,,,9.78,,1794.076,True,False,True,False,False,False,,-3.81,-6.22,-1.6,-4.31,-19.43,-17.36,,,-28.11,12346060,,,,,,,11.89705,-15.98759,0.81,1.49,0.6900000000000001,2026-09-01T00:00:00,2011-01-20T00:00:00,1/20/2011,1295481600,2026-08-17T00:00:00
271,PCM,-0.0256,14.11868,14.49023,0.06423999999999999,5.25,16,Morningstar US CEF Limited Duration,84,"Pacific Investment Management Company, LLC",False,5.32,-0.03,5.46,2026-09-01T00:00:00,69323T101,PCM Fund,2026-09-01,XPCMX,Fixed Income - Taxable-Limited Duration,36.17,66.12,0.037,Monthly,0.31452,0.06423999999999999,15.0,5.6094,,6.53,4.76,,106.321,True,False,False,False,False,False,,8.21,-4.89,2.14,-3.88,1.1400000000000001,-4.62,,,-3.81,534270,,,83.6639,,,,5.96719,3.42726,-1.6800000000000002,-2.17,-2.14,2026-09-01T00:00:00,1993-09-02T00:00:00,9/2/1993,746928000,2026-08-13T00:00:00
272,PDCC,-0.18280000000000002,14.40443,17.62712,0.13,-25.38,19,Morningstar US CEF Senior Loans,86,Pearl Diver Capital LLP,True,8.85,-0.33,10.96,2026-07-31T00:00:00,70476Q100,Pearl Diver Credit Company Inc,2026-09-01,PDCC,Fixed Income - Taxable-Senior Loans,35.25,60.796,,Monthly,0.9322,0.13,20.0,10.3892,,,8.24,,114.905,True,False,False,False,True,False,,,,,,-14.64,-27.62,,,-39.07,58240,,,,,,,12.60416,-4.99929,-1.79,-0.9400000000000001,-1.16,2026-09-01T00:00:00,2024-07-18T00:00:00,7/18/2024,1721260800,2026-08-17T00:00:00
273,PSUS,-0.23199999999999998,,,,,10,Morningstar US CEF US Equity,87,"Pershing Square Capital Management, L.P.",False,39.03,-0.47000000000000003,50.82,2026-08-25T00:00:00,71531T105,"Pershing Square USA, Ltd",2026-09-01,PSUSX,Equity-U.S. Equity,,,,Annually,,,50.0,,,,0.0,,,False,True,True,False,False,False,,,,,,,,,,,0,,,,,,,,,,-1.29,,2026-09-01T00:00:00,2026-04-29T00:00:00,4/29/2026,1777420800,
274,GHY,-0.0928,9.90566,10.91854,0.105,5.73,14,Morningstar US CEF High Yield,88,PGIM,False,11.54,-0.06,12.72,2026-09-01T00:00:00,69346J106,"PGIM Global High Yield Fund, Inc.",2026-09-01,XGHYX,Fixed Income - Taxable-High Yield,16.1,472.691,,Monthly,0.4495,0.105,20.0,6.5398,,,2.5,,621.025,True,False,False,False,False,False,,10.93,12.14,4.19,4.38,2.93,-0.09,,,-3.71,1555930,,,96.1442,,,,12.25567,-6.0979,-1.23,-1.3,-1.18,2026-09-01T00:00:00,2012-12-21T00:00:00,12/21/2012,1356048000,2026-08-13T00:00:00
275,ISD,-0.0933,9.33333,10.29412,0.105,3.81,14,Morningstar US CEF High Yield,88,PGIM,False,12.24,-0.06,13.5,2026-09-01T00:00:00,69346H100,"PGIM High Yield Bond Fund, Inc.",2026-09-01,XISDX,Fixed Income - Taxable-High Yield,20.36,407.541,,Monthly,0.55298,0.105,20.0,6.6848,,,2.15,,449.494,True,False,False,False,False,False,,9.2,10.01,4.14,3.95,2.38,-10.13,,,-7.61,948550,,,97.3498,,,,13.74203,-1.05633,-1.8,-1.9300000000000002,-1.6,2026-09-01T00:00:00,2012-04-26T00:00:00,4/26/2012,1335398400,2026-08-13T00:00:00
276,SDHY,-0.0764,7.55685,8.18182,0.108,3.16,14,Morningstar US CEF High Yield,88,PGIM,True,15.84,-0.17,17.15,2026-09-01T00:00:00,69355J104,PGIM Short Duration High Yield Opps,2026-09-01,XSDHX,Fixed Income - Taxable-High Yield,22.15,390.821,,Monthly,0.74624,0.108,20.0,6.4186,,,2.52,,423.143,True,False,False,False,True,False,,7.69,10.0,4.51,4.85,1.8900000000000001,1.98,,,1.7000000000000002,698580,,,98.7564,,,,16.34697,-6.73012,-0.87,-1.3,-0.41000000000000003,2026-09-01T00:00:00,2020-11-25T00:00:00,11/25/2020,1606262400,2026-08-13T00:00:00
277,PAXS,-0.0323,12.33861,12.75107,0.1494,5.95,17,Morningstar US CEF Multi-Sector,90,PIMCO,True,14.06,0.04,14.53,2026-09-01T00:00:00,72203T100,PIMCO Access Income,2026-09-01,XPAAX,Fixed Income - Taxable-Multi-Sector,39.56,662.951,,Monthly,0.7612800000000001,0.1494,20.0,,,7.51,5.85,,1133.504,True,False,False,False,True,False,,12.3,10.41,,,2.46,-0.59,,,-1.6800000000000002,1873000,,,86.3465,,,,15.10202,0.43671000000000004,-1.2,-0.5700000000000001,-0.7000000000000001,2026-09-01T00:00:00,2022-01-31T00:00:00,1/31/2022,1643587200,2026-08-13T00:00:00
278,PCQ,-0.0928,4.55696,5.02326,0.036,8.41,22,Morningstar US CEF Municipal-CA,84,"Pacific Investment Management Company, LLC",False,8.6,-0.05,9.48,2026-09-01T00:00:00,72200N106,PIMCO CA Municipal Income,2026-09-01,XPCQX,Fixed Income - Municipal-Municipal - CA,43.02,482.741,0.161,Monthly,0.16229,0.036,15.0,4.7008,,14.81,4.27,,933.846,True,False,True,False,False,False,,2.7,2.11,-3.0,-10.13,-0.8,2.35,,,9.7,1541290,,,95.5316,,16.3,8.47,8.79817,-11.1996,2.32,1.79,2.21,2026-09-01T00:00:00,2001-06-29T00:00:00,6/29/2001,993772800,2026-08-13T00:00:00
279,PTY,0.0406,12.58252,12.0916,0.11879999999999999,7.94,15,Morningstar US CEF Investment Grade,90,PIMCO,False,11.79,0.02,11.33,2026-09-01T00:00:00,72201B101,PIMCO Corporate & Income Opportunity Fd,2026-09-01,XPTYX,Fixed Income - Taxable-Investment Grade,17.33,2587.92,0.218,Monthly,0.56621,0.11879999999999999,15.0,,,7.79,1.27,,3008.449,True,False,False,False,False,False,,15.59,5.01,7.93,-0.01,3.2800000000000002,-1.07,,,-6.48,10731570,,,93.1302,,,,12.7167,8.93843,-0.85,0.66,-0.29,2026-09-01T00:00:00,2002-12-27T00:00:00,12/27/2002,1040947200,2026-08-13T00:00:00
280,PCN,0.0335,11.91527,11.52861,0.11249999999999999,6.77,15,Morningstar US CEF Investment Grade,84,"Pacific Investment Management Company, LLC",False,11.71,-0.03,11.33,2026-09-01T00:00:00,72200U100,PIMCO Corporate & Income Strgy,2026-09-01,XPCNX,Fixed Income - Taxable-Investment Grade,5.86,890.661,0.038,Monthly,0.55593,0.11249999999999999,15.0,,,7.24,1.2,,915.356,True,False,False,False,False,False,,13.62,5.67,6.78,1.79,2.64,-0.61,,,0.65,3259390,,,92.9017,,,,12.37088,5.8249,-0.81,0.9500000000000001,-0.02,2026-09-01T00:00:00,2001-12-21T00:00:00,12/21/2001,1008892800,2026-08-13T00:00:00
281,PDI,-0.0288,16.96154,17.46535,0.2205,7.8,17,Morningstar US CEF Multi-Sector,84,"Pacific Investment Management Company, LLC",False,15.15,-0.04,15.6,2026-09-01T00:00:00,72201Y101,PIMCO Dynamic Income Fund,2026-09-01,XPDIX,Fixed Income - Taxable-Multi-Sector,31.82,7206.662,,Monthly,0.8963,0.2205,25.0,,,7.46,4.46,,10883.629,True,False,False,False,False,False,,13.93,9.74,5.96,2.3,2.94,-4.58,,,-9.66,28196700,,,89.3482,,,,17.63893,7.38091,-2.2,-1.99,-2.31,2026-09-01T00:00:00,2012-05-25T00:00:00,5/25/2012,1337904000,2026-08-13T00:00:00
282,PDO,-0.026699999999999998,12.06604,12.39742,0.12789999999999999,7.96,13,Morningstar US CEF Global Income,84,"Pacific Investment Management Company, LLC",True,12.38,-0.11,12.72,2026-09-01T00:00:00,69355M107,PIMCO Dynamic Income Opportunities Fund,2026-09-01,XPDOX,Fixed Income - Taxable-Global Income,34.52,1799.8,,Monthly,0.6564,0.12789999999999999,20.0,,,7.31,5.22,,2824.208,True,False,False,False,True,False,,13.95,12.55,3.34,2.03,3.03,-2.34,,,1.34,6283450,,,89.3018,,,,13.50638,3.38889,-2.96,-2.7199999999999998,-2.5300000000000002,2026-09-01T00:00:00,2021-01-29T00:00:00,1/29/2021,1611878400,2026-08-13T00:00:00
283,PDX,-0.08310000000000001,6.7204,7.32967,0.1334,11.24,25,Morningstar US CEF Global Allocation,90,PIMCO,True,21.84,0.02,23.82,2026-09-01T00:00:00,69346N107,PIMCO Dynamic Income Strategy Fund,2026-09-01,XPDX,Hybrid-Global Allocation,22.4,976.4,,Monthly,0.70899,0.1334,20.0,5.9686,,6.61,3.29,,1372.398,True,True,True,False,True,True,,17.5,22.29,21.83,25.18,18.43,22.3,,,10.53,1223960,,,91.6489,,,,21.44608,-9.65822,0.87,1.3599999999999999,1.3900000000000001,2026-09-01T00:00:00,2019-01-30T00:00:00,1/30/2019,1548806400,2026-08-13T00:00:00
284,PGP,-0.042699999999999995,9.05908,9.46286,0.06899999999999999,20.24,25,Morningstar US CEF Global Allocation,84,"Pacific Investment Management Company, LLC",False,8.75,-0.06,9.14,2026-09-01T00:00:00,722011103,PIMCO Global StocksPLUS & Income,2026-09-01,XPGPX,Hybrid-Global Allocation,48.74,101.427,0.07,Monthly,0.38544,0.06899999999999999,25.0,,,7.5600000000000005,2.5300000000000002,,206.687,True,False,False,False,False,False,,21.49,19.34,7.58,5.79,9.54,2.71,,,13.91,439710,,,92.4107,,,,8.763,-1.32021,-1.07,1.1400000000000001,-0.48,2026-09-01T00:00:00,2005-05-31T00:00:00,5/31/2005,1117497600,2026-08-13T00:00:00
285,PHK,0.015700000000000002,12.94382,12.74336,0.048,8.51,17,Morningstar US CEF Multi-Sector,84,"Pacific Investment Management Company, LLC",False,4.52,0.01,4.45,2026-09-01T00:00:00,722014107,PIMCO High Income,2026-09-01,XPHKX,Fixed Income - Taxable-Multi-Sector,19.94,858.508,-0.044000000000000004,Monthly,0.23584,0.048,15.0,,,8.09,1.44,,1055.777,True,False,False,False,False,False,,13.7,10.12,6.5600000000000005,3.8,3.91,0.9500000000000001,,,3.06,7606170,,,93.0293,,,,4.7596,3.85063,-1.2,-0.66,-0.65,2026-09-01T00:00:00,2003-04-30T00:00:00,4/30/2003,1051660800,2026-08-13T00:00:00
286,PFL,0.0094,13.07631,12.95491,0.0814,5.55,17,Morningstar US CEF Multi-Sector,90,PIMCO,False,7.54,-0.07,7.47,2026-09-01T00:00:00,72201H108,PIMCO Income Strategy,2026-09-01,XPFLX,Fixed Income - Taxable-Multi-Sector,7.87,378.247,0.077,Monthly,0.35014,0.0814,20.0,,,6.86,1.8599999999999999,,406.742,True,False,False,False,False,False,,12.51,11.91,4.84,0.87,1.97,-1.81,,,1.4,2069800,,,89.1355,,,,8.14079,4.2264100000000004,-1.57,-0.8300000000000001,-1.04,2026-09-01T00:00:00,2003-08-26T00:00:00,8/26/2003,1061856000,2026-08-13T00:00:00
287,PFN,0.0103,12.63343,12.50508,0.0718,7.5,17,Morningstar US CEF Multi-Sector,84,"Pacific Investment Management Company, LLC",False,6.890000000000001,-0.07,6.82,2026-09-01T00:00:00,72201J104,PIMCO Income Strategy II,2026-09-01,XPFNX,Fixed Income - Taxable-Multi-Sector,24.17,685.376,0.094,Monthly,0.36318,0.0718,20.0,,,8.1,1.71,,894.687,True,False,False,False,False,False,,13.71,13.58,5.5,1.99,3.0,0.77,,,3.49,4382180,,,92.4062,,,,7.22475,2.60475,-0.77,-0.4,-0.09,2026-09-01T00:00:00,2004-10-29T00:00:00,10/29/2004,1099008000,2026-08-13T00:00:00
288,PML,-0.051100000000000007,6.21232,6.54696,0.0395,6.31,21,Morningstar US CEF Municipal,90,PIMCO,False,7.24,-0.09,7.63,2026-09-01T00:00:00,72200W106,PIMCO Municipal Income II,2026-09-01,XPMLX,Fixed Income - Municipal-Municipal,43.57,908.387,0.10300000000000001,Monthly,0.22416,0.0395,15.0,5.0076,,14.19,4.19,,1696.501,True,False,True,False,False,False,,2.06,0.3,-3.76,-8.11,-1.01,1.33,,,7.26,4359140,,,97.8729,,15.68,8.36,7.60716,-5.65678,0.45,1.77,1.3599999999999999,2026-09-01T00:00:00,2002-06-28T00:00:00,6/28/2002,1025222400,2026-08-13T00:00:00
289,PNI,-0.0933,4.75168,5.24056,0.0295,7.04,23,Morningstar US CEF Municipal-NY,90,PIMCO,False,6.755,-0.06,7.45,2026-09-01T00:00:00,72200Y102,PIMCO NY Municipal Income II,2026-09-01,XPNIX,Fixed Income - Municipal-Municipal - NY,42.55,161.346,0.065,Monthly,0.17601,0.0295,15.0,4.8384,,14.29,4.31,,309.718,True,False,True,False,False,False,,1.58,2.65,-4.31,-5.9,-0.76,2.22,,,8.54,571390,,,98.1725,,16.81,9.17,6.95622,-10.92425,2.23,2.18,2.01,2026-09-01T00:00:00,2002-06-28T00:00:00,6/28/2002,1025222400,2026-08-13T00:00:00
290,RCS,0.1589,10.59603,9.14286,0.04,8.78,15,Morningstar US CEF Investment Grade,90,PIMCO,False,5.25,-0.03,4.53,2026-09-01T00:00:00,72200X104,PIMCO Strategic Income Fund,2026-09-01,XRCSX,Fixed Income - Taxable-Investment Grade,80.47,248.906,0.019,Monthly,0.23481000000000002,0.04,12.5,6.5775,,7.52,3.49,,1099.889,True,False,False,False,False,False,,15.35,8.18,5.0,1.67,3.33,0.75,,,-20.54,1547490,,,98.262,,,,6.02798,30.32743,-0.88,-0.24,-0.6900000000000001,2026-09-01T00:00:00,1994-02-24T00:00:00,2/24/1994,762048000,2026-08-13T00:00:00
291,PWRL,-0.32539999999999997,,,,,8,Morningstar US CEF Sector Equity,91,Powerlaw Fund Adviser LLC,False,9.91,-1.8599999999999999,14.69,2026-07-31T00:00:00,738922103,Powerlaw Corp.,2026-09-01,XPWRX,Equity-Sector Equity,,,,,,,,,,,0.0,,,False,True,True,False,False,False,,,,,,,,,,,0,,,,,,,,,,-1.24,,2026-09-01T00:00:00,2026-05-27T00:00:00,5/27/2026,1779840000,
292,PGZ,-0.0925,11.65587,12.84404,0.105,4.15,7,Morningstar US CEF Real Estate,92,Principal Funds,True,9.81,-0.05,10.81,2026-09-01T00:00:00,74255X104,Principal Real Estate Income Fund,2026-09-01,XPGZX,Equity-Real Estate,30.66,65.669,,Monthly,0.34794,0.105,20.0,3.7804,,,4.79,,104.363,True,False,True,False,True,False,,11.8,14.66,0.03,2.29,3.34,6.95,,,6.1,257290,,,79.7282,,4.67,,10.15861,-9.982,0.5,-0.64,0.32,2026-09-01T00:00:00,2013-06-26T00:00:00,6/26/2013,1372204800,2026-08-17T00:00:00
293,UTG,0.0086,6.77055,6.71284,0.21,5.73,8,Morningstar US CEF Sector Equity,93,Reaves Asset Management,True,37.54,-0.19,37.22,2026-09-01T00:00:00,756158101,Reaves Utility Income,2026-09-01,XUTGX,Equity-Sector Equity,21.7,3457.778,,Monthly,0.14102,0.21,20.0,,,,2.09,,4378.303,True,False,True,False,True,False,,20.96,21.12,8.82,8.72,6.96,6.82,,,5.79,2519920,,,,,2.62,,39.43529,-0.4559,1.08,1.03,1.13,2026-09-01T00:00:00,2004-02-24T00:00:00,2/24/2004,1077580800,2026-08-18T00:00:00
294,RCG,-0.0359,,,0.022371,11.15,26,Morningstar US CEF US Allocation,63,Horizon Kinetics Asset Management LLC,False,2.95,0.01,3.06,2026-09-01T00:00:00,759720105,RENN Fund ord,2026-09-01,XXRENNX,Hybrid-U.S. Allocation,11.03,20.697,,Data Not Available,-0.00658,0.022371,10.0,,,,1.56,,21.468,True,True,True,False,False,False,,12.22,18.38,3.73,5.71,9.19,14.44,,,8.52,78600,,,,,0.15,,2.7806100000000002,-9.6122,1.48,1.28,1.07,2026-09-01T00:00:00,1994-01-20T00:00:00,1/20/1994,759024000,2024-12-16T00:00:00
295,RSF,-0.0268,11.03421,11.33761,0.1371,7.69,14,Morningstar US CEF High Yield,94,"RiverNorth Capital Management, LLC",False,14.511,0.0,14.91,2026-09-01T00:00:00,76882B108,RiverNorth Capital and Inc Fund,2026-09-01,XRSFX,Fixed Income - Taxable-High Yield,9.65,50.272,,Monthly,1.04616,0.1371,21.42,,,,6.38,,51.655,True,False,True,False,False,False,,8.74,10.51,6.06,5.47,4.77,8.94,,,9.5,165030,,,,,2.96,,14.57985,-4.14828,1.35,0.96,0.88,2026-09-01T00:00:00,2016-09-22T00:00:00,9/22/2016,1474502400,2026-08-14T00:00:00
296,RFM,-0.0676,6.87386,7.37238,0.0881,9.47,21,Morningstar US CEF Municipal,94,"RiverNorth Capital Management, LLC",True,14.34,-0.09,15.38,2026-09-01T00:00:00,76883H104,RiverNorth Flexible Municipal Income,2026-09-01,XRFMX,Fixed Income - Municipal-Municipal,40.62,87.685,,Monthly,0.26571,0.0881,20.0,5.1551,,,4.92,,158.384,True,False,True,False,True,True,,4.97,5.28,-1.08,-1.4,2.96,8.37,,,12.68,208680,,,103.2065,,17.23,16.44,14.39825,-8.71842,1.49,0.51,1.04,2026-09-01T00:00:00,2020-03-26T00:00:00,3/26/2020,1585180800,2026-08-14T00:00:00
297,RFMZ,-0.07629999999999999,6.8816,7.45019,0.0804,9.32,21,Morningstar US CEF Municipal,94,"RiverNorth Capital Management, LLC",True,12.95,-0.11,14.02,2026-09-01T00:00:00,76883Y107,RiverNorth Flexible Municipal Income II,2026-09-01,XRFZX,Fixed Income - Municipal-Municipal,41.07,315.355,,Monthly,0.25023,0.0804,20.0,5.1719,,,5.04,,579.342,True,False,True,False,True,True,,5.18,6.07,-0.71,-2.46,2.81,8.31,,,12.26,747580,,,102.4874,,16.29,15.07,13.0489,-9.27703,1.18,-0.4,0.66,2026-09-01T00:00:00,2021-02-24T00:00:00,2/24/2021,1614124800,2026-08-14T00:00:00
298,RMMZ,-0.049,6.89362,7.24881,0.0891,8.97,21,Morningstar US CEF Municipal,94,"RiverNorth Capital Management, LLC",False,14.75,-0.15,15.51,2026-09-01T00:00:00,76882M104,RiverNorth Manage Dur Muni Inc Fd II Inc,2026-09-01,XRMZX,Fixed Income - Municipal-Municipal,41.52,124.711,,Monthly,0.25979,0.0891,20.0,5.1983,,,4.97,,224.252,True,False,True,False,False,True,,4.79,6.27,,,2.73,7.64,,,9.61,221420,,,103.2456,,16.06,13.91,14.81601,-6.9371100000000006,2.1,2.24,2.46,2026-09-01T00:00:00,2022-02-10T00:00:00,2/10/2022,1644451200,2026-08-14T00:00:00
299,RMM,-0.0326,6.90489,7.13764,0.0847,9.15,21,Morningstar US CEF Municipal,94,"RiverNorth Capital Management, LLC",False,14.24,-0.08,14.72,2026-09-01T00:00:00,76882H105,RiverNorth Managed Duration Muni Inc Fd,2026-09-01,XRMMX,Fixed Income - Municipal-Municipal,41.31,281.092,,Monthly,0.2686,0.0847,20.0,5.1325,,,4.75,,495.077,True,True,True,False,False,True,,5.01,4.85,0.37,-0.9,2.7,10.25,,,14.37,664960,,,103.1319,,9.95,16.2,14.1876,-6.25167,1.6099999999999999,1.29,1.15,2026-09-01T00:00:00,2019-07-25T00:00:00,7/25/2019,1564012800,2026-08-14T00:00:00
300,RMI,-0.0219,6.87814,7.0323,0.08889999999999999,9.45,21,Morningstar US CEF Municipal,94,"RiverNorth Capital Management, LLC",False,15.17,-0.02,15.51,2026-09-01T00:00:00,76883F108,RiverNorth Opp Muni Income Fund Inc,2026-09-01,XRMIX,Fixed Income - Municipal-Municipal,40.34,96.702,,Monthly,0.26035,0.08889999999999999,20.0,5.1582,,,4.93,,165.714,True,True,True,False,False,True,,4.93,5.85,-1.08,-0.53,3.04,11.17,,,17.37,229130,,,102.9981,,16.95,16.15,15.01588,-5.61084,1.2,0.7000000000000001,0.77,2026-09-01T00:00:00,2018-10-25T00:00:00,10/25/2018,1540425600,2026-08-14T00:00:00
301,RIV,-0.0897,13.01661,14.29927,0.1306,10.73,26,Morningstar US CEF US Allocation,94,"RiverNorth Capital Management, LLC",True,10.96,0.02,12.04,2026-09-01T00:00:00,76881Y109,RiverNorth Opportunities Fund,2026-09-01,XRIVX,Hybrid-U.S. Allocation,25.81,299.989,,Monthly,0.24094000000000002,0.1306,20.0,6.4636,,,2.07,,444.22,True,False,False,False,True,True,,14.23,12.61,7.27,3.14,5.43,1.98,,,0.35000000000000003,1010480,,,99.6122,,,,11.65211,-5.56497,-1.8399999999999999,-1.8399999999999999,-2.49,2026-09-01T00:00:00,2015-12-23T00:00:00,12/23/2015,1450828800,2026-08-14T00:00:00
302,OPP,-0.0917,13.34963,14.69717,0.091,6.71,14,Morningstar US CEF High Yield,94,"RiverNorth Capital Management, LLC",True,7.43,-0.04,8.18,2026-09-01T00:00:00,76882G107,RiverNorth/DoubleLine Strategic Opp Fund,2026-09-01,XOPPX,Fixed Income - Taxable-High Yield,37.79,185.677,,Monthly,0.31625000000000003,0.091,20.0,4.9871,,,2.7800000000000002,,328.611,True,False,False,False,True,True,,10.09,10.81,2.74,0.41000000000000003,2.22,3.2,,,-0.59,1032150,,,75.0069,,,,7.88793,-8.3739,-0.41000000000000003,-0.85,-0.39,2026-09-01T00:00:00,2016-09-27T00:00:00,9/27/2016,1474934400,2026-08-14T00:00:00
303,RVI,0.0604,,,,,5,Morningstar US CEF Global Equity,95,"Robinhood Ventures DE, LLC",True,26.53,-7.42,25.02,2026-06-30T00:00:00,770701100,Robinhood Ventures Fund I,2026-09-01,XRVIX,Equity-Global Equity,,722.869,,Annually,,,25.0,,,,2.72,,681.725,False,True,True,False,True,False,,,,,,,,,,,0,,,,,,,,,,-0.8,,2026-09-01T00:00:00,2026-03-06T00:00:00,3/6/2026,1772755200,
304,BOT,1.2951,,,,,8,Morningstar US CEF Sector Equity,52,"FP Strategies, LLC",True,25.34,-4.07,11.32,2026-07-31T00:00:00,77106T107,RoboStrategy Inc,2026-09-01,XBOTX,Equity-Sector Equity,,,,,,,,,,,0.0,,,False,True,True,False,True,False,,,,,,,,,,,0,,,,,,,,,,,,2026-09-01T00:00:00,2026-05-11T00:00:00,5/11/2026,1778457600,
305,RGT,-0.1391,1.08324,1.25828,0.19,21.45,5,Morningstar US CEF Global Equity,96,Royce Investment Partners,False,15.1,-0.22,17.54,2026-09-01T00:00:00,78081T104,"Royce Global Trust, Inc.",2026-09-01,XRGTX,Equity-Global Equity,2.11,99.099,,Annually,0.26180000000000003,0.19,8.975,,,,1.35,,115.112,True,True,True,False,False,False,,19.33,21.56,6.01,4.54,16.73,16.86,,,22.08,205020,,,,,,,13.81547,-14.71662,0.71,0.9,1.15,2026-09-01T00:00:00,2013-10-18T00:00:00,10/18/2013,1382054400,2025-12-11T00:00:00
306,RMT,-0.0999,5.51905,6.13139,0.21,43.52,10,Morningstar US CEF US Equity,96,Royce Investment Partners,True,13.7,-0.3,15.22,2026-09-01T00:00:00,780915104,Royce Micro-Cap Trust,2026-09-01,XOTCX,Equity-U.S. Equity,3.51,742.424,,Quarterly,-0.0471,0.21,10.0,,,,1.3900000000000001,,854.795,True,True,True,False,True,False,,23.07,25.43,10.61,12.24,35.64,38.55,,,47.84,1214930,,,,,,,12.07234,-11.41947,1.97,2.14,1.4,2026-09-01T00:00:00,1993-12-14T00:00:00,12/14/1993,755827200,2026-06-11T00:00:00
307,RVT,-0.0964,6.15996,6.81693,0.31,22.96,10,Morningstar US CEF US Equity,96,Royce Investment Partners,True,18.19,-0.38,20.13,2026-09-01T00:00:00,780910105,Royce Small-Cap Trust,2026-09-01,XRVTX,Equity-U.S. Equity,1.5899999999999999,2260.084,,Quarterly,0.08396,0.31,10.0,,,,1.35,,2501.127,True,True,True,False,True,False,,17.08,19.67,7.75,8.62,19.44,19.48,,,25.96,2741440,,,,,,,17.28747,-9.74036,0.06,2.19,0.11,2026-09-01T00:00:00,1986-11-26T00:00:00,11/26/1986,533347200,2026-06-11T00:00:00
308,BRW,-0.11199999999999999,13.93443,15.692309999999999,0.057999999999999996,0.2,19,Morningstar US CEF Senior Loans,97,"Saba Capital Management, LP",False,6.5,-0.06,7.32,2026-09-01T00:00:00,78518H202,Saba Capital Income & Opportunities Fund,2026-09-01,XPPRX,Fixed Income - Taxable-Senior Loans,12.24,337.578,,Monthly,0.07357,0.057999999999999996,10.0,,,,5.82,,433.164,True,False,False,False,False,False,,9.28,8.76,7.52,7.25,4.19,3.6,,,-7.6,2710920,,,,,6.5,,6.93021,-10.62112,-0.27,-0.6,-0.09,2026-09-01T00:00:00,1988-05-12T00:00:00,5/12/1988,579398400,2026-08-11T00:00:00
309,SABA,-0.1355,7.31092,8.45687,0.057999999999999996,2.4,13,Morningstar US CEF Global Income,97,"Saba Capital Management, LP",False,8.23,-0.04,9.52,2026-09-01T00:00:00,880198205,Saba Capital Income & Ops Fund II,2026-09-01,XSABX,Fixed Income - Taxable-Global Income,,222.122,,Monthly,0.07175000000000001,0.057999999999999996,10.0,7.8815,,7.8100000000000005,4.58,,256.938,False,False,False,False,False,False,,11.34,9.9,4.64,3.42,6.1,6.0,,,-1.5899999999999999,723740,,,,,,,8.46401,-12.32496,-0.76,-0.22,-0.43,2026-09-01T00:00:00,1988-03-17T00:00:00,3/17/1988,574560000,2026-08-11T00:00:00
310,SPMC,0.0319,25.50478,24.71679,0.13,-33.74,19,Morningstar US CEF Senior Loans,99,Sound Point Meridian Management Company LLC,True,9.71,-0.56,9.61,2026-07-31T00:00:00,83617A108,Sound Point Meridian Capital Inc,2026-09-01,,Fixed Income - Taxable-Senior Loans,46.36,204.748,,Monthly,1.06488,0.13,20.0,,,,10.95,,369.936,True,False,True,False,True,False,,,,,,-21.15,-14.84,,,-30.25,285900,,,,,,,12.54464,-0.7633300000000001,0.51,-0.02,0.22,2026-09-01T00:00:00,2024-06-14T00:00:00,6/14/2024,1718323200,2026-08-14T00:00:00
311,SOR,-0.0776,4.94774,5.36395,0.20829999999999999,14.9,26,Morningstar US CEF US Allocation,48,"First Pacific Advisors, LP",True,46.6,-0.41000000000000003,50.52,2026-09-01T00:00:00,836144303,Source Capital,2026-09-01,XSORX,Hybrid-U.S. Allocation,0.0,383.563,,Monthly,1.17317,0.20829999999999999,17.5,3.0678,,,0.9800000000000001,,415.829,True,True,False,False,True,False,,14.83,15.72,9.21,9.2,8.68,6.45,,,12.72,109220,,,,,,,46.30726,-5.1275,-1.08,0.39,-0.53,2026-09-01T00:00:00,1968-10-24T00:00:00,10/24/1968,-37497600,2026-08-13T00:00:00
312,SPE,-0.1406,8.29771,9.65507,0.10869999999999999,3.02,10,Morningstar US CEF US Equity,22,Bulldog Investors LLP,False,13.51,-0.04,15.72,2026-08-31T00:00:00,84741T104,Special Opportunities,2026-09-01,XSPEX,Equity-U.S. Equity,25.08,143.519,,Monthly,0.02606,0.10869999999999999,15.0,5.1616,,19.11,1.8599999999999999,,222.89,True,False,False,False,False,False,,14.68,17.57,8.68,8.64,1.98,-1.6,,,-0.56,344010,,,,,,,14.50879,-10.82009,-1.6099999999999999,-0.2,-0.97,2026-09-01T00:00:00,1993-06-08T00:00:00,6/8/1993,739497600,2026-08-18T00:00:00
313,FUND,-0.0965,4.82303,5.33833,0.1424,35.29,10,Morningstar US CEF US Equity,101,Sprott Asset Management USA Inc.,True,10.67,0.05,11.81,2026-09-01T00:00:00,85208J109,Sprott Focus Trust,2026-09-01,XFUNX,Equity-U.S. Equity,0.0,318.987,,Quarterly,0.07343,0.1424,10.0,,,,1.13,,353.069,True,True,True,False,True,False,,17.85,17.45,12.6,12.69,26.65,25.84,,,37.95,262800,,,,,,,9.36016,-10.52222,1.23,0.3,0.75,2026-09-01T00:00:00,1988-03-01T00:00:00,3/1/1988,573177600,2026-06-12T00:00:00
314,CEF,-0.0305,,,,33.08,2,Morningstar US CEF Commodity,100,Sprott Asset Management LP,False,43.94,-1.62,45.32,2026-09-01T00:00:00,85208R101,Sprott Physical Gold and Silver Trust,2026-09-01,XCEFX,Equity-Commodities,,7493.541,,Data Not Available,0.0,,13.72,,,,0.46,,7797.637,False,False,True,False,False,False,,28.46,34.97,16.96,20.48,-12.05,-0.52,,,41.36,10619850,,,,,,,44.51433,-4.35,0.93,1.11,1.45,2026-09-01T00:00:00,2018-01-16T00:00:00,1/16/2018,1516060800,
315,PHYS,-0.0227,,,,22.24,2,Morningstar US CEF Commodity,100,Sprott Asset Management LP,False,32.77,-1.04,33.53,2026-09-01T00:00:00,85207H104,Sprott Physical Gold Trust Unit,2026-09-01,,Equity-Commodities,,15881.468,,Data Not Available,0.0,,10.0,,,,0.4,,16249.79,False,False,False,False,False,False,,26.4,30.68,16.7,18.7,-6.61,2.39,,,27.49,49428720,,,,,,,33.3595,-2.24704,-0.03,0.65,0.49,2026-09-01T00:00:00,2010-02-26T00:00:00,2/26/2010,1267142400,
316,SPPP,-0.0245,,,,16.36,2,Morningstar US CEF Commodity,100,Sprott Asset Management LP,False,14.33,-0.36,14.69,2026-09-01T00:00:00,85207Q104,Sprott Physical Platinum & Palladium Tr,2026-09-01,,Equity-Commodities,,535.428,,Data Not Available,0.0,,10.0,,,,1.01,,587.245,False,False,True,False,False,False,,7.42,9.4,-5.38,-3.14,-20.59,-12.77,,,21.1,9248410,,,,,,,15.20502,-4.7630300000000005,1.06,2.83,3.38,2026-09-01T00:00:00,2012-12-19T00:00:00,12/19/2012,1355875200,
317,PSLV,-0.0398,,,,55.05,2,Morningstar US CEF Commodity,100,Sprott Asset Management LP,False,20.98,-0.9,21.85,2026-09-01T00:00:00,85207K107,Sprott Physical Silver Trust Unit,2026-09-01,,Equity-Commodities,,12756.863,,Data Not Available,0.0,,10.0,,,,0.56,,13827.187,False,False,True,False,False,False,,31.23,37.81,16.58,21.1,-20.05,-7.48,,,62.31,170202320,,,,,,,21.80989,-4.56602,0.37,1.1400000000000001,1.28,2026-09-01T00:00:00,2010-10-29T00:00:00,10/29/2010,1288310400,
318,STEW,-0.21660000000000001,3.39703,4.33604,0.19999999999999998,6.51,10,Morningstar US CEF US Equity,85,Paralel Advisors LLC,True,18.45,-0.01,23.55,2026-09-01T00:00:00,101507101,SRH Total Return Fund,2026-09-01,XSTEX,Equity-U.S. Equity,8.97,1779.346,,Quarterly,0.03245,0.19999999999999998,10.0,5.4498,,,1.42,,2495.033,True,True,False,False,True,False,,15.94,15.43,11.02,9.97,5.46,2.96,,,4.08,809470,,,,,0.4,,17.95125,-21.49053,-0.16,2.11,0.73,2026-09-01T00:00:00,1972-12-07T00:00:00,12/7/1972,92534400,2026-07-24T00:00:00
319,TWN,-0.1779,4.92157,5.98648,6.2002,132.17,1,Morningstar US CEF Asia Equity,80,Nomura Asset Management USA Inc,False,103.57,1.51,125.98,2026-09-01T00:00:00,874036106,Taiwan Fund,2026-09-01,XXTWNXX,Equity-Asia Equity,,594.703,,Annually,0.0,6.2002,22.42,,,,1.32,,723.382,False,True,False,False,False,False,,59.19,64.19,31.92,32.9,98.79,91.2,,,126.91,306550,,,,,,,71.45993,-15.834060000000001,-0.87,-0.28,-0.45,2026-09-01T00:00:00,1986-12-23T00:00:00,12/23/1986,535680000,2025-12-29T00:00:00
320,TSI,-0.0973,7.03106,7.78899,0.0283,0.38,17,Morningstar US CEF Multi-Sector,102,TCW Investment Management Co LLC,False,4.36,-0.02,4.83,2026-09-01T00:00:00,872340104,TCW Strategic Income,2026-09-01,XXCVTXX,Fixed Income - Taxable-Multi-Sector,0.0,208.345,,Monthly,0.13571,0.0283,10.0,4.6909,,,1.17,,230.804,True,False,False,False,False,False,,6.15,5.86,3.01,2.09,-1.25,-7.24,,,-3.93,1222380,,,97.6881,,,,4.69865,-6.82565,-1.69,-1.49,-1.4,2026-09-01T00:00:00,1987-03-05T00:00:00,3/5/1987,541900800,2026-08-17T00:00:00
321,TDF,-0.1336,4.8583,5.60748,0.15,0.75,1,Morningstar US CEF Asia Equity,103,Templeton Asset Management Ltd.,False,10.7,-0.13,12.35,2026-09-01T00:00:00,88018T101,Templeton Dragon,2026-09-01,XTDFX,Equity-Asia Equity,0.32,269.812,,Quarterly,0.07038,0.15,15.0,,,,1.21,,312.423,True,False,True,False,False,False,,7.88,8.7,-5.98,-7.15,-2.22,-1.53,,,0.85,746260,,,,,,,11.21817,-14.1059,0.8200000000000001,0.74,1.01,2026-09-01T00:00:00,1994-09-20T00:00:00,9/20/1994,780019200,2026-06-23T00:00:00
322,TEI,-0.06480000000000001,9.12676,9.75904,0.054,25.07,12,Morningstar US CEF Emerging Market Income,53,"Franklin Advisers, Inc.",False,6.64,-0.12,7.1,2026-09-01T00:00:00,880192109,Templeton Emerg Mkts Income,2026-09-01,XTEIX,Fixed Income - Taxable-Emerging Market Income,16.24,313.597,,Monthly,0.37173,0.054,15.0,8.0859,,,2.37,,400.322,True,True,False,False,False,False,,20.17,23.76,7.43,8.8,10.97,11.32,,,25.82,1854780,,,,,5.59,,6.49089,-5.79058,-0.43,-0.5700000000000001,-0.13,2026-09-01T00:00:00,1993-09-23T00:00:00,9/23/1993,748742400,2026-08-24T00:00:00
323,EMF,-0.1045,3.82775,4.27427,0.24,64.97,4,Morningstar US CEF Emerging Market Equity,55,Franklin Templeton Investments,False,22.46,0.01,25.08,2026-09-01T00:00:00,880191101,Templeton Emerging Markets,2026-09-01,XEMFX,Equity-Emerging Market Equity,2.6,335.73,,Quarterly,0.05477,0.24,20.0,,,,1.34,,384.893,True,True,False,False,False,False,,32.89,35.99,13.05,14.2,36.26,34.87,,,68.6,410310,,,,,,,19.42466,-10.14982,-0.2,-0.2,0.01,2026-09-01T00:00:00,1987-02-26T00:00:00,2/26/1987,541296000,2026-06-23T00:00:00
324,CEE,-0.122,1.7166299999999999,1.95505,0.3871,48.74,4,Morningstar US CEF Emerging Market Equity,40,DWS,False,19.8,-0.09,22.55,2026-09-01T00:00:00,153436100,The Central and Eastern Europe Fund,2026-09-01,XCEEX,Equity-Emerging Market Equity,4.83,129.1,,Annually,0.05509,0.3871,19.0,,,,1.26,,154.494,True,True,False,False,False,False,,42.68,34.77,-4.18,-3.46,32.54,12.37,,,24.42,274630,,,,,,,18.62079,-1.7383000000000002,-3.2800000000000002,-1.8399999999999999,-2.62,2026-09-01T00:00:00,1990-03-06T00:00:00,3/6/1990,636681600,2025-12-30T00:00:00
325,TBLD,-0.0529,5.29454,5.59052,0.10417,19.27,25,Morningstar US CEF Global Allocation,105,Thornburg Investment Management Inc,False,22.36,0.05,23.61,2026-09-01T00:00:00,885213108,Thornburg Income Builder Opp Trust,2026-09-01,XTBLX,Hybrid-Global Allocation,0.07,717.351,,Monthly,0.26058,0.10417,20.0,5.5725,,,1.62,,757.97,True,True,True,False,False,True,,17.64,21.58,10.09,9.54,13.25,14.75,,,18.25,594140,,,88.0102,,,,21.1645,-5.6475,0.29,0.58,0.27,2026-09-01T00:00:00,2021-07-27T00:00:00,7/27/2021,1627344000,2026-08-13T00:00:00
326,TYG,-0.0302,12.6498,13.04348,0.475,10.18,6,Morningstar US CEF MLP,106,"Tortoise Capital Advisors, LLC",False,43.7,0.03,45.06,2026-09-01T00:00:00,89147L886,Tortoise Energy Infrastructure Corp.,2026-09-01,XTYGX,Equity-MLP,27.38,923.363,,Monthly,-0.21128,0.475,25.0,,,,3.13,,1311.101,True,False,True,False,False,False,,18.49,25.37,15.27,21.36,10.93,15.91,,,15.69,1275280,,,,,0.25,,44.59368,-4.86859,0.56,1.26,0.28,2026-09-01T00:00:00,2004-02-27T00:00:00,2/27/2004,1077840000,2026-08-24T00:00:00
327,SWZ,-0.19210000000000002,7.89229,9.76935,3.0,5.24,9,Morningstar US CEF Single Country Equity,22,Bulldog Investors LLP,False,5.9701,-0.02,7.39,2026-09-01T00:00:00,870875101,Total Return Securities Fund,2026-09-01,XSWZX,Equity-Single-Country Equity,0.0,77.455,,Quarterly,0.01728,3.0,8.0,5.0717,,19.19,2.21,,95.877,True,False,False,False,False,False,,3.25,2.99,1.06,0.54,7.37,-3.7,,,-0.8300000000000001,662030,,,,,,7.94,6.02426,-16.29496,-0.99,0.79,-0.48,2026-09-01T00:00:00,1987-08-27T00:00:00,8/27/1987,557020800,2025-03-18T00:00:00
328,TY,-0.09970000000000001,2.9079800000000002,3.2298999999999998,0.2852,17.28,26,Morningstar US CEF US Allocation,31,"Columbia Mgmt Investment Advisers, LLC",False,35.32,-0.25,39.23,2026-09-01T00:00:00,895436103,Tri-Continental,2026-09-01,XTYCX,Hybrid-U.S. Allocation,1.76,1890.17,,Quarterly,0.5488000000000001,0.2852,10.0,6.0621,,,0.46,,2137.053,True,True,True,False,False,False,,16.89,19.29,9.48,10.9,12.1,12.47,,,18.27,357140,,,,,4.48,,33.91655,-10.23594,0.34,-0.68,0.17,2026-09-01T00:00:00,1929-01-14T00:00:00,1/14/1929,-1292716800,2026-06-16T00:00:00
329,AIO,-0.056299999999999996,7.90051,8.37209,0.18,30.72,8,Morningstar US CEF Sector Equity,108,"Virtus Investment Advisers, LLC",False,25.8,-0.46,27.34,2026-09-01T00:00:00,92838Y100,Virtus AI & Tech Opp Fund,2026-09-01,XAIOX,Equity-Sector Equity,12.13,888.527,,Monthly,0.025490000000000002,0.18,20.0,4.6834,,,2.32,,1071.563,True,True,True,False,False,False,,23.72,25.07,10.41,11.76,21.39,27.18,,,22.02,840320,,,,,,,24.23828,-8.321860000000001,0.97,2.43,2.89,2026-09-01T00:00:00,2019-10-31T00:00:00,10/31/2019,1572480000,2026-08-13T00:00:00
330,NCV,-0.062400000000000004,9.2517,9.86699,0.13599999999999998,20.85,11,Morningstar US CEF Convertibles,108,"Virtus Investment Advisers, LLC",False,16.54,-0.17,17.64,2026-09-01T00:00:00,92838X805,Virtus Convertible & Income Fund,2026-09-01,XNCVX,Fixed Income - Taxable-Convertibles,34.46,373.695,0.012,Monthly,0.12557000000000001,0.13599999999999998,15.0,4.2431,,,2.8200000000000003,,608.106,True,True,True,False,False,False,,16.79,20.34,3.34,3.74,11.68,17.77,,,24.92,867750,,,112.1538,,6.02,,16.06866,-9.92169,2.79,2.08,2.56,2026-09-01T00:00:00,2003-03-31T00:00:00,3/31/2003,1049068800,2026-08-13T00:00:00
331,NCZ,-0.046799999999999994,8.99438,9.43644,0.12,21.93,11,Morningstar US CEF Convertibles,108,"Virtus Investment Advisers, LLC",False,15.26,-0.15,16.01,2026-09-01T00:00:00,92838U801,Virtus Convertible & Income Fund II,2026-09-01,XNCZX,Fixed Income - Taxable-Convertibles,35.2,290.382,0.0,Monthly,0.10316,0.12,15.0,4.1644,,,2.22,,470.175,True,True,True,False,False,False,,17.43,21.23,3.46,4.86,12.38,19.16,,,25.52,648930,,,111.4938,,6.05,,14.60253,-9.52664,3.04,1.87,2.63,2026-09-01T00:00:00,2003-07-31T00:00:00,7/31/2003,1059609600,2026-08-13T00:00:00
332,ACV,-0.0204,8.1571,8.32691,0.18,22.81,26,Morningstar US CEF US Allocation,108,"Virtus Investment Advisers, LLC",False,25.94,-0.26,26.48,2026-09-01T00:00:00,92840N100,Virtus Diversified Inc & Conv Fund,2026-09-01,XACVX,Hybrid-U.S. Allocation,27.61,269.673,,Monthly,-0.00934,0.18,25.0,3.5932,,,3.63,,380.287,True,False,False,False,False,True,,19.76,22.09,7.24,7.35,13.04,5.19,,,25.35,298110,,,,,74.56,,26.3084,-0.4186,-0.46,0.01,-0.12,2026-09-01T00:00:00,2015-05-26T00:00:00,5/26/2015,1432598400,2026-08-13T00:00:00
333,NIE,-0.09880000000000001,8.10339,8.99225,0.58,17.38,26,Morningstar US CEF US Allocation,108,"Virtus Investment Advisers, LLC",False,25.8,-0.15,28.63,2026-09-01T00:00:00,92841M101,Virtus Equity & Convertible Inc Fund,2026-09-01,XNIEX,Hybrid-U.S. Allocation,,714.891,0.0,Quarterly,0.03966,0.58,25.0,2.0791,,,1.07,,793.308,False,True,True,False,False,False,,16.61,17.16,7.85,9.1,10.1,8.61,,,15.79,590010,,,,,,,25.53828,-10.3919,0.5,1.21,1.3599999999999999,2026-09-01T00:00:00,2007-02-27T00:00:00,2/27/2007,1172534400,2026-06-15T00:00:00
334,VGI,-0.057999999999999996,12.37113,13.13269,0.08,6.38,17,Morningstar US CEF Multi-Sector,108,"Virtus Investment Advisers, LLC",True,7.31,-0.04,7.76,2026-09-01T00:00:00,92829B101,Virtus Global Multi-Sector Income Fund,2026-09-01,XVGIX,Fixed Income - Taxable-Multi-Sector,30.87,82.699,,Monthly,0.22072,0.08,20.0,6.035,,7.5,3.98,,126.99,True,False,False,False,True,False,,8.67,11.68,1.6400000000000001,2.09,2.22,1.99,,,4.08,374770,,,97.9305,,,,7.65194,-5.79526,0.0,1.5,1.19,2026-09-01T00:00:00,2012-02-23T00:00:00,2/23/2012,1329955200,2026-08-13T00:00:00
335,EDF,0.052300000000000006,14.48692,13.76673,0.06,18.87,12,Morningstar US CEF Emerging Market Income,109,Virtus Investment Advisors (VIA),False,5.23,-0.01,4.97,2026-09-01T00:00:00,86164T107,Virtus Stone Harbor Emerging Markets Inc,2026-09-01,XEDFX,Fixed Income - Taxable-Emerging Market Income,21.27,168.271,,Monthly,0.22456,0.06,25.0,6.8639,,,3.13,,203.116,True,True,True,False,False,False,,23.15,20.66,8.05,5.62,10.65,15.89,,,16.83,1553890,,,,,,3.92,5.11306,2.77293,0.6900000000000001,-0.41000000000000003,0.18,2026-09-01T00:00:00,2010-12-23T00:00:00,12/23/2010,1293062400,2026-08-13T00:00:00
336,ZTR,-0.0802,8.96739,9.74889,0.055,14.5,25,Morningstar US CEF Global Allocation,108,"Virtus Investment Advisers, LLC",False,6.77,0.0,7.36,2026-09-01T00:00:00,92835W107,Virtus Total Return Fund Inc,2026-09-01,XZTRX,Hybrid-Global Allocation,30.16,338.457,,Monthly,0.10525,0.055,15.0,5.8547,,6.15,3.67,,526.853,True,True,True,False,False,False,,15.83,17.81,6.01,4.86,10.69,14.28,,,16.42,1945120,,,98.4225,,,,6.61586,-10.78572,2.29,2.69,3.47,2026-09-01T00:00:00,2005-02-24T00:00:00,2/24/2005,1109203200,2026-08-13T00:00:00
337,IAE,-0.016,8.599779999999999,8.7395,0.065,31.49,1,Morningstar US CEF Asia Equity,110,"Voya Investments, LLC",False,8.925,0.02,9.07,2026-09-01T00:00:00,92912J102,Voya Asia Pacific High Div Eq Inc Fd,2026-09-01,XIAEX,Equity-Asia Equity,,95.947,,Monthly,0.02682,0.065,25.0,,,,1.21,,97.506,False,True,True,False,False,False,,21.7,28.56,10.01,12.7,21.26,29.33,,,35.65,487990,,,,,,,7.94754,-5.72435,1.69,0.76,1.25,2026-09-01T00:00:00,2007-03-27T00:00:00,3/27/2007,1174953600,2026-09-01T00:00:00
338,IHD,-0.0256,8.46154,8.68421,0.055,34.03,4,Morningstar US CEF Emerging Market Equity,110,"Voya Investments, LLC",False,7.6,-0.1,7.8,2026-09-01T00:00:00,92912P108,Voya Emerging Markets High Div Eq Fd,2026-09-01,XIHDX,Equity-Emerging Market Equity,,134.793,,Monthly,0.02083,0.055,20.0,,,,1.4100000000000001,,138.34,False,True,True,False,False,False,,21.92,28.6,9.73,12.08,22.01,29.57,,,42.23,791970,,,,,,,6.85032,-5.51928,1.29,0.0,0.6900000000000001,2026-09-01T00:00:00,2011-04-26T00:00:00,4/26/2011,1303776000,2026-09-01T00:00:00
339,IGA,-0.0344,9.21826,9.55951,0.08499999999999999,18.0,3,Morningstar US CEF Covered Call,110,"Voya Investments, LLC",False,10.67,-0.01,11.05,2026-09-01T00:00:00,92912R104,Voya Global Advantage and Premium Opp Fd,2026-09-01,XIGAX,Equity-Covered-Call Funds,,163.693,,Monthly,0.07357,0.08499999999999999,20.0,,,,1.01,,169.522,False,True,True,False,False,False,,15.03,19.84,9.89,11.39,14.68,16.69,,,18.44,591850,,,,,,,9.83234,-6.44152,2.44,3.96,4.57,2026-09-01T00:00:00,2005-10-26T00:00:00,10/26/2005,1130284800,2026-09-01T00:00:00
340,IGD,-0.0015,9.16031,9.18836,0.049999999999999996,17.39,3,Morningstar US CEF Covered Call,110,"Voya Investments, LLC",False,6.53,-0.08,6.54,2026-09-01T00:00:00,92912T100,Voya Global Equity Dividend&Prm Opp Fd,2026-09-01,XIGDX,Equity-Covered-Call Funds,,515.011,,Monthly,0.04503,0.049999999999999996,20.0,,,,0.9600000000000001,,515.8,False,True,True,False,False,False,,14.78,21.05,9.11,11.34,14.36,22.44,,,22.03,2518880,,,,,,,5.99109,-3.76406,1.48,0.54,0.91,2026-09-01T00:00:00,2005-03-28T00:00:00,3/28/2005,1111968000,2026-09-01T00:00:00
341,IDE,-0.0371,8.81057,9.25212,0.09999999999999999,21.69,5,Morningstar US CEF Global Equity,110,"Voya Investments, LLC",True,12.97,-0.16,13.47,2026-09-01T00:00:00,92912X101,Voya Infrastructure Industrials&Matls Fd,2026-09-01,XIDEX,Equity-Global Equity,,196.577,,Monthly,0.02906,0.09999999999999999,20.0,,,,1.23,,204.156,False,True,False,False,True,False,,17.07,21.59,10.19,10.62,13.77,12.43,,,15.1,445510,,,,,,,12.93853,-3.29069,-0.18,-0.59,-0.48,2026-09-01T00:00:00,2010-01-26T00:00:00,1/26/2010,1264464000,2026-09-01T00:00:00
342,WDI,-0.0834,12.77419,13.97647,0.1485,5.1,17,Morningstar US CEF Multi-Sector,54,"Franklin Templeton Fund Adviser, LLC",True,12.75,-0.12,13.91,2026-09-01T00:00:00,95790K109,Western Asset Diversified Inc Fund,2026-09-01,XWDIX,Fixed Income - Taxable-Multi-Sector,34.01,661.879,,Monthly,0.82675,0.1485,20.0,8.2493,0.0,10.01,4.25,,1094.171,True,False,False,True,True,True,,9.28,11.14,3.55,2.67,3.0,0.68,,,-2.7199999999999998,1999950,,0.0,96.2501,,,,13.88728,-4.54213,-1.9100000000000001,-1.76,-1.97,2026-09-01T00:00:00,2021-06-24T00:00:00,6/24/2021,1624492800,2026-08-24T00:00:00
343,EMD,-0.034,10.47794,10.84681,0.095,10.88,12,Morningstar US CEF Emerging Market Income,54,"Franklin Templeton Fund Adviser, LLC",True,10.51,-0.11,10.88,2026-09-01T00:00:00,95766A101,Western Asset Emerging Markets Debt,2026-09-01,XEMDX,Fixed Income - Taxable-Emerging Market Income,27.07,610.951,,Monthly,0.38634,0.095,20.0,6.0739,,,3.13,,867.259,True,False,True,False,True,False,,13.56,18.35,3.5300000000000002,5.26,3.93,7.33,,,14.83,1956670,,,,,7.2,5.22,10.58851,-5.04496,1.0,0.88,0.9500000000000001,2026-09-01T00:00:00,2003-12-01T00:00:00,12/1/2003,1070236800,2026-08-24T00:00:00
344,GDO,-0.0866,13.213,14.4664,0.122,2.9699999999999998,13,Morningstar US CEF Global Income,54,"Franklin Templeton Fund Adviser, LLC",False,10.12,-0.03,11.08,2026-09-01T00:00:00,95790C107,Western Asset Global Corp Opp,2026-09-01,XGDOX,Fixed Income - Taxable-Global Income,33.62,76.096,,Monthly,0.40556000000000003,0.122,20.0,5.9578,,,4.47,,125.505,True,False,False,False,False,False,,7.1,6.05,0.01,-0.99,0.65,-5.95,,,-3.46,313570,,,,,,,11.21344,-5.12518,-1.82,-1.22,-1.69,2026-09-01T00:00:00,2009-11-27T00:00:00,11/27/2009,1259280000,2026-08-24T00:00:00
345,EHI,-0.1039,13.22835,14.76274,0.06999999999999999,6.01,14,Morningstar US CEF High Yield,55,Franklin Templeton Investments,False,5.69,-0.01,6.35,2026-09-01T00:00:00,95766B109,Western Asset Global High Income,2026-09-01,XEHIX,Fixed Income - Taxable-High Yield,32.03,172.406,,Monthly,0.29517,0.06999999999999999,15.0,7.3478,,,3.49,,283.061,True,False,False,False,False,False,,8.68,5.42,1.2,0.1,3.4,-2.46,,,-1.35,1075280,,,97.2695,,,,6.20927,-6.66385,-1.87,-2.02,-1.6600000000000001,2026-09-01T00:00:00,2003-07-28T00:00:00,7/28/2003,1059350400,2026-08-24T00:00:00
346,HIX,-0.029900000000000003,14.62687,15.07692,0.048999999999999995,5.46,14,Morningstar US CEF High Yield,55,Franklin Templeton Investments,False,3.9,-0.04,4.02,2026-09-01T00:00:00,95766J102,Western Asset High Income II,2026-09-01,XHGIX,Fixed Income - Taxable-High Yield,32.29,351.272,,Monthly,0.19291,0.048999999999999995,15.0,7.3734,,,3.76,,534.738,True,False,True,False,False,False,,9.28,7.44,1.7000000000000002,0.33,2.95,4.44,,,5.36,3414830,,,97.4179,,,,4.09552,-3.59035,0.41000000000000003,1.05,1.26,2026-09-01T00:00:00,1998-05-28T00:00:00,5/28/1998,896313600,2026-08-24T00:00:00
347,HIO,-0.0888,11.12272,12.2063,0.0355,5.03,14,Morningstar US CEF High Yield,54,"Franklin Templeton Fund Adviser, LLC",False,3.49,0.0,3.83,2026-09-01T00:00:00,95766K109,Western Asset High Income Opportunity,2026-09-01,XHIOX,Fixed Income - Taxable-High Yield,,331.896,,Monthly,0.15621000000000002,0.0355,12.5,7.5884,,,0.93,,364.23,False,False,False,False,False,False,,7.49,8.27,2.24,2.0,2.94,1.71,,,-1.6,4090380,,,97.8285,,,,3.71216,-6.6799800000000005,-1.51,-1.15,-1.51,2026-09-01T00:00:00,1993-11-16T00:00:00,11/16/1993,753408000,2026-08-24T00:00:00
348,HYI,-0.0908,10.05291,11.05723,0.095,3.79,14,Morningstar US CEF High Yield,54,"Franklin Templeton Fund Adviser, LLC",False,10.31,-0.07,11.34,2026-09-01T00:00:00,95768B107,Western Asset High Yield Opp Fund,2026-09-01,XHYIX,Fixed Income - Taxable-High Yield,,132.112,,Monthly,0.50391,0.095,20.0,7.6643,,,1.07,,145.311,False,False,False,False,False,True,,6.72,6.47,2.36,1.2,2.5,-0.16,,,-3.67,601420,,,97.5157,,,,10.9918,-6.66955,-1.16,-1.8399999999999999,-1.43,2026-09-01T00:00:00,2010-10-27T00:00:00,10/27/2010,1288137600,2026-08-24T00:00:00
349,PAI,-0.07719999999999999,4.9142,5.32544,0.0525,2.19,15,Morningstar US CEF Investment Grade,55,Franklin Templeton Investments,False,11.83,-0.05,12.82,2026-09-01T00:00:00,95766T100,Western Asset Income,2026-09-01,XPAIX,Fixed Income - Taxable-Investment Grade,8.93,112.515,,Monthly,0.32901,0.0525,12.0,6.095,,,0.77,,121.931,True,False,False,False,False,False,,5.72,5.9,0.09,-1.0,-0.1,-1.88,,,-0.52,180160,,,99.0566,,,,12.3524,-6.46115,-1.04,-0.51,-0.75,2026-09-01T00:00:00,1972-12-21T00:00:00,12/21/1972,93744000,2026-08-24T00:00:00
350,WIW,-0.1057,8.09061,9.04704,0.0625,2.51,15,Morningstar US CEF Investment Grade,112,"Western Asset Management Company, LLC",True,8.29,-0.01,9.27,2026-09-01T00:00:00,95766R104,Western Asset Infl-Linked Opps & Inc Fd,2026-09-01,XWIWX,Fixed Income - Taxable-Investment Grade,25.81,507.216,,Monthly,0.23593,0.0625,15.0,2.5526,,,2.59,,764.471,True,False,False,False,True,False,,4.72,7.4,-0.59,0.37,1.58,2.5,,,1.33,2373540,,,93.4475,,,4.02,8.60341,-10.45045,-0.17,0.9500000000000001,1.02,2026-09-01T00:00:00,2004-02-27T00:00:00,2/27/2004,1077840000,2026-08-24T00:00:00
351,WIA,-0.10220000000000001,7.08286,7.88875,0.052,2.14,15,Morningstar US CEF Investment Grade,112,"Western Asset Management Company, LLC",True,7.91,0.01,8.81,2026-09-01T00:00:00,95766Q106,Western Asset Inflation-Linked Income Fd,2026-09-01,XWIAX,Fixed Income - Taxable-Investment Grade,26.16,184.479,,Monthly,0.21076,0.052,15.0,2.4424,,,2.91,,278.279,True,False,False,False,True,False,,4.6,6.6,-1.09,-1.04,1.29,0.56,,,1.26,413580,,,93.5321,,,4.02,8.20728,-9.7152,-0.86,-0.68,-0.23,2026-09-01T00:00:00,2003-09-30T00:00:00,9/30/2003,1064880000,2026-08-24T00:00:00
352,SBI,-0.0724,6.18405,6.66667,0.041999999999999996,4.47,21,Morningstar US CEF Municipal,54,"Franklin Templeton Fund Adviser, LLC",False,7.5600000000000005,-0.05,8.15,2026-09-01T00:00:00,958435109,Western Asset Intermediate Muni,2026-09-01,XSBIX,Fixed Income - Municipal-Municipal,30.3,106.462,,Monthly,0.13919,0.041999999999999996,10.0,4.7529,,,2.6,,164.653,True,False,True,False,False,False,,3.19,7.01,-0.51,0.15,0.16,3.48,,,6.28,427160,11.06,,101.4543,,7.84,5.8100000000000005,7.79133,-8.26928,1.3,0.8300000000000001,1.03,2026-09-01T00:00:00,1992-03-02T00:00:00,3/2/1992,699494400,2026-08-24T00:00:00
353,IGI,-0.066,5.01767,5.37201,0.071,2.35,15,Morningstar US CEF Investment Grade,54,"Franklin Templeton Fund Adviser, LLC",False,15.86,-0.22,16.98,2026-09-01T00:00:00,95790A101,Western Asset Invstm Grd Opp Tr Inc,2026-09-01,XIGIX,Fixed Income - Taxable-Investment Grade,,95.059,,Monthly,0.43967,0.071,20.0,6.1913,,,0.93,,101.772,False,False,True,False,False,False,,5.02,5.02,-0.38,-1.1,0.04,0.92,,,2.04,159370,,,99.2391,,,,16.30726,-6.7814700000000006,0.25,0.99,1.15,2026-09-01T00:00:00,2009-06-26T00:00:00,6/26/2009,1245974400,2026-08-24T00:00:00
354,MMU,-0.0513,6.21673,6.55311,0.0545,6.04,21,Morningstar US CEF Municipal,55,Franklin Templeton Investments,False,9.98,-0.12,10.52,2026-09-01T00:00:00,95766M105,Western Asset Managed Municipals,2026-09-01,XMMUX,Fixed Income - Municipal-Municipal,34.03,545.096,,Monthly,0.14102,0.0545,15.0,4.8353,,,2.7,,871.025,True,False,True,False,False,False,,3.48,8.16,-0.97,-0.48,0.02,0.9400000000000001,,,8.81,1291010,10.27,,100.2234,,10.8,7.5,10.34375,-5.99397,0.96,0.87,0.93,2026-09-01T00:00:00,1992-06-26T00:00:00,6/26/1992,709516800,2026-08-24T00:00:00
355,DMO,-0.0786,13.00813,14.11765,0.12,5.5600000000000005,14,Morningstar US CEF High Yield,54,"Franklin Templeton Fund Adviser, LLC",False,10.2,-0.02,11.07,2026-09-01T00:00:00,95790B109,Western Asset Mortgage Opp Fund Inc.,2026-09-01,XDMOX,Fixed Income - Taxable-High Yield,46.39,116.557,,Monthly,0.46738,0.12,20.0,7.4224,,,7.87,,235.969,True,False,False,False,False,False,,10.19,11.34,4.49,2.94,3.44,0.97,,,-1.96,493110,,,91.3564,,,,11.14535,-3.88729,-1.4100000000000001,-1.82,-1.51,2026-09-01T00:00:00,2010-02-26T00:00:00,2/26/2010,1267142400,2026-08-24T00:00:00
356,MHF,0.0037,6.08955,6.06691,0.033999999999999996,5.14,21,Morningstar US CEF Municipal,54,"Franklin Templeton Fund Adviser, LLC",False,6.725,-0.08,6.7,2026-09-01T00:00:00,95766N103,Western Asset Municipal High Income,2026-09-01,XMHFX,Fixed Income - Municipal-Municipal,1.8,149.455,,Monthly,0.11955,0.033999999999999996,10.0,4.7957,,,0.8400000000000001,,151.63,True,False,False,False,False,False,,3.62,8.6,0.71,1.13,0.74,2.85,,,3.8200000000000003,611780,14.87,,100.1728,,7.17,7.3,6.96768,0.6117800000000001,-0.13,-0.5,-0.04,2026-09-01T00:00:00,1988-11-28T00:00:00,11/28/1988,596678400,2026-08-24T00:00:00
357,WEA,-0.059699999999999996,7.59494,8.07692,0.06999999999999999,4.54,15,Morningstar US CEF Investment Grade,111,Western Asset Management Company Pte Ltd. â Singapore,False,10.4,-0.08,11.06,2026-09-01T00:00:00,957664105,Western Asset Premier Bond,2026-09-01,XWEAX,Fixed Income - Taxable-Investment Grade,32.64,123.402,,Monthly,0.40488,0.06999999999999999,15.0,6.2566,,,3.55,,194.834,True,False,False,False,False,False,,7.63,7.09,1.4,0.92,1.5,0.15,,,2.7,289100,,,96.9254,,,,10.85259,-4.93901,-0.6900000000000001,0.49,0.38,2026-09-01T00:00:00,2002-03-28T00:00:00,3/28/2002,1017273600,2026-08-24T00:00:00
358,MCN,-0.0919,11.41046,12.56545,0.06,7.46,3,Morningstar US CEF Covered Call,113,XA Investments LLC,False,5.73,-0.01,6.31,2026-09-01T00:00:00,557437100,XAI Madison Equity Premium Income Fund,2026-09-01,XMCNX,Equity-Covered-Call Funds,0.01,120.999,,Monthly,0.041210000000000004,0.06,15.0,,,,1.1,,133.247,True,False,False,False,False,False,,7.01,3.5,6.88,3.75,5.14,3.85,,,2.6,641570,,,,,,,5.90581,-7.81116,-0.78,0.28,-0.34,2026-09-01T00:00:00,2004-07-28T00:00:00,7/28/2004,1090972800,2026-08-17T00:00:00
359,XFLT,-0.16879999999999998,11.8525,14.27816,0.22499999999999998,-12.27,19,Morningstar US CEF Senior Loans,113,XA Investments LLC,False,18.91,0.05,22.75,2026-09-01T00:00:00,98400T304,XAI Octagon FR & Alternative Inc Trust,2026-09-01,XFLTX,Fixed Income - Taxable-Senior Loans,40.68,288.016,,Monthly,1.13446,0.22499999999999998,10.0,4.617,,,7.5600000000000005,,584.119,True,False,True,False,False,False,,1.47,-4.55,2.29,-2.67,-6.98,-12.47,,,-20.03,1070020,,,,,,,20.83633,-17.52844,0.11,0.97,1.26,2026-09-01T00:00:00,2017-09-27T00:00:00,9/27/2017,1506470400,2026-08-17T00:00:00
