,Ticker,Premium / Discount,DistributionRateNAV,DistributionRatePrice,DistributionAmtUSD,ReturnOnNAV,CategoryId,Category,SponsorId,SponsorName,IsManagedDistribution,Share Price,PriceChange,NAV,NAVPublished,Cusip,Fund Name,Date,NavTicker,Strategy,LeverageRatioPercentage,MarketCapUSDm,UNIIPerShare,DistributionFrequency,EarningsPerShare,CurrentDistribution,InceptionPrice,AverageCoupon,AMTPercentage,AverageWeightedMaturity,ExpenseRatio,BaselineExpense,TotalAssetsUSDm,IsLeveraged,IsPriceBelow52WkAvg,IsDiscountBelow52WkAvg,IsAMTPct,IsManaged,Term,AvgWtdDurationLevAdj,Yr3RetOnNav,Yr3RetOnPrice,Yr5RetOnNav,Yr5RetOnPrice,YTDRetOnNav,YTDRetOnPrice,SinceInceptionRetOnNav,SinceInceptionRetOnPrice,ReturnOnPrice,AvgDailyVolume,CallableYr1Pct,PrerefundedPercentage,AvgBondPrice,AvgWtdDurationNonLevAdj,EffDurationLevAdj,EffDurationNonLevAdj,Price52WkAvg,Discount52WkAvg,ZScore1Yr,ZScore3M,ZScore6M,ZScoreDate,InceptionDate,InceptionDateString,InceptionDateUnixTimestamp,DistributionDate
0,MGF,-0.0644,8.13559,8.69565,0.02,0.91,15,Morningstar US CEF Investment Grade,2,abrdn Inc.,True,2.76,-0.01,2.95,2026-09-14T00:00:00,552939100,Aberdeen Government Markets Income,2026-09-14,XMGFX,Fixed Income - Taxable-Investment Grade,,89.949,,Monthly,0.04709,0.02,10.0,3.9638,0.0,6.55,0.8,,96.141,False,False,False,True,True,False,,3.37,3.99,-0.73,-0.9500000000000001,-0.88,-0.01,,,0.37,729450,,0.0,91.4686,,,5.93,2.95864,-4.90995,-1.12,-0.56,-0.64,2026-09-14T00:00:00,1987-05-28T00:00:00,5/28/1987,549158400,2026-08-24T00:00:00
1,IFN,-0.1016,11.93548,13.28546,0.37,-6.55,1,Morningstar US CEF Asia Equity,1,abrdn Asia Limited,True,11.14,-0.01,12.4,2026-09-14T00:00:00,454089103,"Aberdeen India Fund, Inc",2026-09-14,XIFNX,Equity-Asia Equity,0.28,475.143,,Quarterly,-0.02842,0.37,15.0,,,,1.36,,528.884,True,False,False,False,True,False,,4.79,1.1400000000000001,0.03,0.76,-6.53,-7.32,,,-10.28,2045820,,,,,,,12.86985,-6.37969,-1.65,-1.58,-1.44,2026-09-14T00:00:00,1994-02-23T00:00:00,2/23/1994,761961600,2026-08-24T00:00:00
2,MIN,-0.0787,9.44882,10.25641,0.02,1.52,13,Morningstar US CEF Global Income,2,abrdn Inc.,True,2.34,0.01,2.54,2026-09-14T00:00:00,55273C107,Aberdeen Intermediate Income,2026-09-14,XMINX,Fixed Income - Taxable-Global Income,,266.288,,Monthly,0.04255,0.02,10.0,4.2949,0.0,3.24,0.73,,289.048,False,False,False,True,True,False,,4.51,4.98,1.06,0.73,0.14,-0.96,,,-1.06,2390800,,0.0,97.167,,,3.34,2.5371,-4.90679,-1.9,-2.24,-2.01,2026-09-14T00:00:00,1988-03-17T00:00:00,3/17/1988,574560000,2026-08-24T00:00:00
3,MMT,-0.0764,10.19108,11.03448,0.04,2.71,13,Morningstar US CEF Global Income,72,MFS,True,4.35,0.03,4.71,2026-09-14T00:00:00,552737108,Aberdeen Multi-Market Income,2026-09-14,XMMTX,Fixed Income - Taxable-Global Income,27.28,504.572,,Monthly,0.1389,0.04,10.0,6.0294,,,2.86,,751.329,True,False,False,False,True,False,,7.49,9.29,2.75,1.16,0.2,2.73,,,3.26,1415630,,,95.7664,,7.33,5.35,4.59183,-7.59099,-0.05,0.61,0.44,2026-09-14T00:00:00,1987-03-12T00:00:00,3/12/1987,542505600,2026-08-24T00:00:00
4,MFM,-0.09519999999999999,6.34921,7.01754,0.03,7.66,21,Morningstar US CEF Municipal,2,abrdn Inc.,False,5.13,-0.05,5.67,2026-09-14T00:00:00,552738106,Aberdeen Municipal Income,2026-09-14,XMFMX,Fixed Income - Municipal-Municipal,38.4,510.075,,Monthly,0.13078,0.03,10.0,5.1801,,,2.83,,915.267,True,False,False,False,False,False,,4.91,8.2,-0.93,-1.09,0.99,3.17,,,9.88,1533560,22.29,,95.5991,,14.38,8.98,5.41823,-9.29705,-0.22,-1.78,-0.54,2026-09-14T00:00:00,1986-11-25T00:00:00,11/25/1986,533260800,2026-08-24T00:00:00
5,FAX,-0.059699999999999996,12.06434,12.82965,0.15,2.55,13,Morningstar US CEF Global Income,1,abrdn Asia Limited,True,14.03,-0.39,14.92,2026-09-14T00:00:00,003009867,abrdn Asia-Pacific Income Fund Inc,2026-09-14,XFAPX,Fixed Income - Taxable-Global Income,39.91,612.708,,Monthly,0.50096,0.15,10.0,6.3451,,,4.22,,1084.376,True,False,False,False,True,False,,5.85,10.95,-1.3,0.9400000000000001,0.3,4.65,,,2.34,1769590,,,,,7.76,4.68,15.12205,-5.37492,-0.36,-1.67,-0.78,2026-09-14T00:00:00,1986-04-24T00:00:00,4/24/1986,514684800,2026-08-24T00:00:00
6,IAF,-0.07919999999999999,9.99286,10.85271,0.35,6.03,9,Morningstar US CEF Single Country Equity,1,abrdn Asia Limited,True,12.9,-0.06,14.01,2026-09-14T00:00:00,003011111,abrdn Australia Equity Fund Inc,2026-09-14,XIAFX,Equity-Single-Country Equity,7.44,123.613,,Quarterly,0.10818,0.35,10.125,,,,1.9900000000000002,,145.033,True,False,True,False,True,False,,12.29,14.26,5.23,4.51,9.95,11.63,,,7.01,221160,,,,,,,13.0551,-10.00729,1.42,2.25,2.59,2026-09-14T00:00:00,1985-12-12T00:00:00,12/12/1985,503193600,2026-08-24T00:00:00
7,AEF,-0.0453,10.24631,10.73271,0.26,67.28,4,Morningstar US CEF Emerging Market Equity,3,abrdn Investments Limited,True,9.69,-0.23,10.15,2026-09-14T00:00:00,00301W105,abrdn Emerging Markets ex-China Fund,2026-09-14,XAEFX,Equity-Emerging Market Equity,6.15,393.428,,Quarterly,0.0453,0.26,15.0,,,,1.8599999999999999,,439.104,True,True,True,False,True,False,,29.65,34.6,8.77,10.88,40.8,43.76,,,73.48,1454670,,,,,,,8.10866,-9.25627,3.04,2.73,2.56,2026-09-14T00:00:00,1989-09-25T00:00:00,9/25/1989,622684800,2026-06-23T00:00:00
8,AGD,0.005,12.11102,12.05021,0.12,21.53,5,Morningstar US CEF Global Equity,3,abrdn Investments Limited,True,11.95,-0.01,11.89,2026-09-14T00:00:00,00302M106,abrdn Global Dynamic Dividend,2026-09-14,XAGDX,Equity-Global Equity,0.7000000000000001,312.783,,Monthly,0.29668,0.12,20.0,,,,1.29,,313.406,True,False,False,False,True,False,,15.6,23.74,7.67,10.42,12.78,16.12,,,17.32,1179090,,,,,,,12.10625,1.6298400000000002,-0.27,-0.14,0.06,2026-09-14T00:00:00,2006-07-26T00:00:00,7/26/2006,1153872000,2026-08-24T00:00:00
9,ASGI,-0.0599,12.35377,13.14087,0.22,17.64,13,Morningstar US CEF Global Income,2,abrdn Inc.,True,20.09,-2.12,21.37,2026-09-14T00:00:00,00326W106,abrdn Global Infrastructure Income Fund,2026-09-14,XAGIX,Fixed Income - Taxable-Global Income,1.01,635.424,,Monthly,0.08556,0.22,20.0,,,,2.16,,682.817,True,False,False,False,True,False,,14.21,22.61,8.09,12.34,10.5,8.88,,,23.02,1797040,,,,,,,22.77996,3.45075,-2.37,-2.5700000000000003,-2.56,2026-09-14T00:00:00,2020-07-28T00:00:00,7/28/2020,1595894400,2026-08-24T00:00:00
10,AWP,0.0055000000000000005,13.13869,13.06715,0.12,9.75,7,Morningstar US CEF Real Estate,2,abrdn Inc.,True,11.02,-0.13,10.96,2026-09-14T00:00:00,00302L207,abrdn Global Premier Properties,2026-09-14,XAWPX,Equity-Real Estate,11.27,340.029,,Monthly,0.10017000000000001,0.12,20.0,,,,2.27,,381.122,True,False,False,False,True,False,,12.66,15.05,0.19,1.8399999999999999,8.64,8.74,,,8.83,1241050,,,,,,,11.779630000000001,1.1349,-0.56,-0.77,-0.15,2026-09-14T00:00:00,2007-04-26T00:00:00,4/26/2007,1177545600,2026-08-24T00:00:00
11,HQH,-0.034300000000000004,11.5993,12.01092,0.6599999999999999,49.61,8,Morningstar US CEF Sector Equity,2,abrdn Inc.,True,21.98,0.22,22.76,2026-09-14T00:00:00,87911J103,abrdn Healthcare Investors,2026-09-14,XHQHX,Equity-Sector Equity,1.1,1274.527,,Quarterly,-0.06102,0.6599999999999999,10.0,,,,1.11,,1319.756,True,True,True,False,True,False,,18.97,25.74,7.8100000000000005,8.03,23.83,31.24,,,54.91,1810450,,,,,,,19.73701,-7.19375,1.58,1.02,1.24,2026-09-14T00:00:00,1987-04-23T00:00:00,4/23/1987,546134400,2026-08-24T00:00:00
12,THQ,-0.0372,10.25641,10.65274,0.16999999999999998,28.01,8,Morningstar US CEF Sector Equity,2,abrdn Inc.,True,19.15,0.23,19.89,2026-09-14T00:00:00,879105104,abrdn Healthcare Opportunities Fund,2026-09-14,XTHQX,Equity-Sector Equity,21.44,793.922,,Monthly,-0.03549,0.16999999999999998,20.0,4.3206,,,3.02,,1049.601,True,True,False,False,True,False,,9.18,13.61,4.48,4.77,14.06,11.54,,,30.55,1656800,,,,,7.83,,18.56312,-1.09513,-0.8200000000000001,0.15,-0.63,2026-09-14T00:00:00,2014-07-28T00:00:00,7/28/2014,1406505600,2026-08-24T00:00:00
13,ACP,-0.13449999999999998,12.5,14.44201,0.055,3.06,19,Morningstar US CEF Senior Loans,3,abrdn Investments Limited,True,4.57,-0.27,5.28,2026-09-14T00:00:00,003057106,abrdn Income Credit Strategies Fund,2026-09-14,XACPX,Fixed Income - Taxable-Senior Loans,32.57,573.401,,Monthly,0.22534,0.055,20.0,8.0708,,,3.94,,982.485,True,False,False,False,True,False,,8.42,6.69,1.6600000000000001,0.21,3.39,5.31,,,1.43,5500360,,,96.1318,,4.91,3.32,5.381,-5.4264600000000005,-5.62,-5.46,-5.71,2026-09-14T00:00:00,2011-01-27T00:00:00,1/27/2011,1296086400,2026-08-24T00:00:00
14,HQL,-0.0552,11.79829,12.48741,0.62,63.49,8,Morningstar US CEF Sector Equity,2,abrdn Inc.,True,19.86,0.1,21.02,2026-09-14T00:00:00,87911K100,abrdn Life Sciences Investors,2026-09-14,XHQLX,Equity-Sector Equity,0.01,612.545,,Quarterly,-0.09057,0.62,15.0,,,,1.24,,648.389,True,True,True,False,True,False,,25.61,32.79,10.32,10.84,29.42,36.85,,,69.51,1391380,,,,,,,17.6418,-9.59567,2.61,1.44,2.05,2026-09-14T00:00:00,1992-05-08T00:00:00,5/8/1992,705283200,2026-08-24T00:00:00
15,AOD,0.0164,12.76596,12.55947,0.11,22.33,5,Morningstar US CEF Global Equity,3,abrdn Investments Limited,True,10.51,-0.01,10.34,2026-09-14T00:00:00,00326L100,abrdn Total Dynamic Dividend,2026-09-14,XAODX,Equity-Global Equity,2.84,1108.243,,Monthly,0.22991,0.11,20.0,,,,1.21,,1122.236,True,True,True,False,True,False,,15.99,24.0,8.35,11.58,13.34,20.46,,,34.14,4653010,,,,,,,10.02973,-2.98168,2.08,1.4100000000000001,1.62,2026-09-14T00:00:00,2007-01-26T00:00:00,1/26/2007,1169769600,2026-08-24T00:00:00
16,THW,0.0044,10.61947,10.57269,0.12,32.91,8,Morningstar US CEF Sector Equity,2,abrdn Inc.,True,13.62,0.23,13.56,2026-09-14T00:00:00,87911L108,abrdn World Healthcare Fund,2026-09-14,XTHWX,Equity-Sector Equity,17.97,550.183,,Monthly,-0.03887,0.12,20.0,3.7686,,,1.46,,667.76,True,True,True,False,True,False,,17.08,14.66,8.87,7.6,16.6,18.52,,,33.53,1307110,,,,,8.12,,12.78707,-1.8898100000000002,1.18,1.77,0.75,2026-09-14T00:00:00,2015-06-26T00:00:00,6/26/2015,1435276800,2026-08-24T00:00:00
17,ADX,-0.0202,7.63942,7.79727,0.5,19.55,10,Morningstar US CEF US Equity,4,Adams Diversified Equity Fund Inc,False,25.65,-0.15,26.18,2026-09-14T00:00:00,006212104,Adams Diversified Equity Fund,2026-09-14,XADEX,Equity-U.S. Equity,0.0,3204.381,,Quarterly,0.09492,0.5,10.0,,,,0.49000000000000005,,3270.592,True,True,True,False,False,False,,20.46,26.93,12.26,16.51,13.06,17.77,,,29.17,2721370,,,,,,,23.90525,-4.92086,1.19,-0.06,0.73,2026-09-14T00:00:00,1929-10-01T00:00:00,10/1/1929,-1270252800,2026-07-27T00:00:00
18,PEO,-0.084,6.79459,7.41758,0.5399999999999999,39.31,8,Morningstar US CEF Sector Equity,5,Adams Natural Resources Fund Inc,False,29.12,-0.21,31.79,2026-09-14T00:00:00,00548F105,Adams Natural Resources Fund,2026-09-14,XPEOX,Equity-Sector Equity,0.7000000000000001,816.375,,Quarterly,0.29271,0.5399999999999999,15.0,,,,0.62,,891.228,True,True,True,False,False,False,,14.92,18.28,21.3,23.68,38.86,40.56,,,41.46,725880,,,,,,,24.74326,-10.25455,1.9,1.47,1.8399999999999999,2026-09-14T00:00:00,1929-01-30T00:00:00,1/30/1929,-1291334400,2026-07-27T00:00:00
19,AVK,-0.0966,10.53483,11.66169,0.1172,17.0,11,Morningstar US CEF Convertibles,6,"Advent Capital Management, LLC",False,12.06,-0.17,13.35,2026-09-14T00:00:00,00764C109,Advent Convertible & Income Fund,2026-09-14,XAVKX,Fixed Income - Taxable-Convertibles,37.26,532.434,,Monthly,0.22874,0.1172,25.0,5.5855,,,4.53,,939.41,True,False,False,False,False,False,,16.39,16.83,4.93,4.82,12.1,7.61,,,12.49,1473520,,,108.8431,,,,12.56847,-6.22141,-1.46,-1.24,-1.19,2026-09-14T00:00:00,2003-04-29T00:00:00,4/29/2003,1051574400,2026-09-15T00:00:00
20,AWF,-0.1069,7.06199,7.90744,0.0655,5.19,14,Morningstar US CEF High Yield,7,AllianceBernstein L.P.,False,9.94,-0.02,11.13,2026-09-14T00:00:00,01879R106,AllianceBernstein Global High Income,2026-09-14,XAWFX,Fixed Income - Taxable-High Yield,0.81,857.123,,Monthly,0.35164,0.0655,15.0,6.7118,,4.36,1.02,,967.62,True,False,False,False,False,False,,9.25,8.47,4.37,3.71,3.0,-0.85,,,-3.33,3029650,,,97.3293,,,,10.47628,-7.82929,-1.15,-1.73,-1.11,2026-09-14T00:00:00,1993-07-28T00:00:00,7/28/1993,743817600,2026-09-03T00:00:00
21,AFB,-0.08,5.41024,5.88047,0.050179999999999995,7.87,21,Morningstar US CEF Municipal,7,AllianceBernstein L.P.,False,10.24,-0.02,11.13,2026-09-14T00:00:00,01864U106,AllianceBernstein National Mun Inc,2026-09-14,XAFBX,Fixed Income - Municipal-Municipal,50.01,294.348,,Monthly,0.31343,0.050179999999999995,15.0,5.1411,,,3.66,,640.033,True,False,True,False,False,False,,2.7800000000000002,6.21,-1.98,-2.15,-0.64,4.48,,,10.89,963770,,,98.4247,,22.53,11.69,10.94544,-8.78507,0.54,-1.37,-0.22,2026-09-14T00:00:00,2002-01-28T00:00:00,1/28/2002,1012176000,2026-09-03T00:00:00
22,NFJ,-0.0527,7.56824,7.98952,0.305,24.49,3,Morningstar US CEF Covered Call,108,"Virtus Investment Advisers, LLC",True,15.27,-0.43,16.12,2026-09-14T00:00:00,92840R101,AllianzGI Div Interest & Prem Common,2026-09-14,XNFJX,Equity-Covered-Call Funds,,1419.61,0.0,Quarterly,0.06142,0.305,25.0,2.0796,,,0.9600000000000001,,1498.632,False,True,True,False,True,False,,13.45,18.0,6.84,8.79,19.62,26.24,,,30.37,1902500,,,,,,,13.85126,-8.86033,2.03,2.04,1.88,2026-09-14T00:00:00,2005-02-28T00:00:00,2/28/2005,1109548800,2026-09-14T00:00:00
23,EOD,-0.099,8.04017,8.9237,0.14211,26.3,5,Morningstar US CEF Global Equity,8,Allspring Global Investments,False,6.37,-0.06,7.07,2026-09-14T00:00:00,94987C103,Allspring Global Dividend Opp Fd,2026-09-14,XEODX,Equity-Global Equity,13.5,274.33,,Quarterly,0.1298,0.14211,20.0,7.1532,,,2.45,,351.976,True,True,False,False,False,False,,24.01,25.39,12.97,12.62,16.28,19.26,,,27.06,1209910,,,,,,,6.14937,-8.40534,-1.03,-2.41,-2.5,2026-09-14T00:00:00,2007-03-28T00:00:00,3/28/2007,1175040000,2026-06-11T00:00:00
24,EAD,-0.1116,9.14335,10.29179,0.053259999999999995,4.95,14,Morningstar US CEF High Yield,8,Allspring Global Investments,False,6.21,-0.05,6.99,2026-09-14T00:00:00,94987B105,Allspring Income Opps,2026-09-14,XEADX,Fixed Income - Taxable-High Yield,30.23,366.963,,Monthly,0.25923,0.053259999999999995,15.0,7.1839,,,2.95,,592.055,True,False,False,False,False,False,,8.8,10.25,3.5300000000000002,2.37,2.92,0.71,,,-0.9400000000000001,1899260,,,100.5505,,4.62,3.15,6.65984,-8.13278,-1.75,-1.71,-1.53,2026-09-14T00:00:00,2003-02-28T00:00:00,2/28/2003,1046390400,2026-08-13T00:00:00
25,ERC,-0.0783,8.98826,9.75151,0.07273,6.74,16,Morningstar US CEF Limited Duration,8,Allspring Global Investments,False,8.95,-0.07,9.71,2026-09-14T00:00:00,94987D101,Allspring Multi-Sec Inc,2026-09-14,XERCX,Fixed Income - Taxable-Limited Duration,30.4,251.082,,Monthly,0.35301,0.07273,20.0,6.8646,0.0,4.35,3.22,,391.402,True,False,False,True,False,False,,8.57,8.75,3.42,2.36,3.92,6.86,,,7.5,755230,,0.0,98.7585,,,,9.2556,-6.83327,-0.98,-1.07,-0.59,2026-09-14T00:00:00,2003-06-25T00:00:00,6/25/2003,1056499200,2026-08-13T00:00:00
26,ERH,-0.08310000000000001,8.85038,9.65275,0.08784,1.9500000000000002,26,Morningstar US CEF US Allocation,8,Allspring Global Investments,False,10.92,-0.3,11.91,2026-09-14T00:00:00,94987E109,Allspring Util & High In,2026-09-14,XERHX,Hybrid-U.S. Allocation,22.19,96.447,,Monthly,0.1865,0.08784,20.0,7.2139,,,2.43,,135.191,True,False,False,False,False,False,,12.59,14.31,5.67,2.65,-0.34,1.02,,,2.05,235370,,,100.6661,,4.08,3.13,12.10478,-7.6523,-0.5,-0.9,-0.44,2026-09-14T00:00:00,2004-04-30T00:00:00,4/30/2004,1083283200,2026-08-13T00:00:00
27,FINS,-0.0655,10.38375,11.11111,0.11499999999999999,6.88,26,Morningstar US CEF US Allocation,10,"Angel Oak Capital Advisors, LLC",False,12.42,-0.07,13.29,2026-09-14T00:00:00,03464A100,Angel Oak Financial Strats Income Term,2026-09-14,XFINX,Hybrid-U.S. Allocation,22.02,415.037,,Monthly,0.38984,0.11499999999999999,20.0,6.7377,,,2.92,,569.529,True,False,False,False,False,True,,10.08,13.55,3.1,2.76,3.11,3.58,,,6.31,467240,,,99.9624,,3.34,2.85,12.91508,-6.03726,-0.59,-0.36,-0.14,2026-09-14T00:00:00,2019-05-29T00:00:00,5/29/2019,1559088000,2026-08-17T00:00:00
28,ARDC,-0.09570000000000001,10.09723,11.16625,0.11249999999999999,1.28,19,Morningstar US CEF Senior Loans,11,Ares Capital Management II LLC,False,12.09,-0.09,13.37,2026-09-14T00:00:00,04014F102,Ares Dynamic Credit Allocation Fund,2026-09-14,XADCX,Fixed Income - Taxable-Senior Loans,40.36,289.749,,Monthly,0.55616,0.11249999999999999,20.0,7.4979,,,5.26,,537.296,True,False,False,False,False,False,,8.16,9.54,4.87,4.46,-0.11,0.1,,,-6.46,1147810,,,,,40.42,,12.97077,-6.62237,-1.51,-2.2,-1.51,2026-09-14T00:00:00,2012-11-27T00:00:00,11/27/2012,1353974400,2026-08-21T00:00:00
29,BANX,0.0101,8.63309,8.54701,0.09999999999999999,3.61,8,Morningstar US CEF Sector Equity,12,"ArrowMark Asset Management, LLC",False,21.06,0.79,21.0,2026-07-31T00:00:00,861780104,ArrowMark Financial Corp,2026-09-14,XBANX,Equity-Sector Equity,16.8,204.05,,Monthly,0.91029,0.09999999999999999,25.0,11.1103,,,6.43,,242.815,True,True,True,False,False,True,,9.66,20.94,8.82,9.69,0.9400000000000001,2.1,,,15.0,341010,,,107.3588,,,,20.5666,-4.6033,1.79,1.6600000000000001,2.22,2026-09-14T00:00:00,2013-11-07T00:00:00,11/7/2013,1383782400,2026-08-24T00:00:00
30,ASA,-0.2122,0.10751000000000001,0.13647,0.04,81.82,8,Morningstar US CEF Sector Equity,13,ASA,False,58.62,-2.21,74.41,2026-09-14T00:00:00,G3156P103,ASA Gold and Precious Metals Limited,2026-09-14,XASAX,Equity-Sector Equity,,1130.774,,Semi-Annually,0.02585,0.04,28.0,9.086,,,1.88,,1435.362,False,False,False,False,False,False,,63.29,62.74,26.1,25.07,14.31,6.99,,,69.75,0,,,,,,,58.63351,-13.02621,,,,,1958-09-23T00:00:00,9/23/1958,-355795200,2026-05-01T00:00:00
31,BCV,-0.1245,5.9854,6.83618,0.41,23.54,11,Morningstar US CEF Convertibles,60,Gabelli Funds LLC,False,23.99,-0.53,27.4,2026-09-14T00:00:00,059695106,Bancroft Fund,2026-09-14,XBCVX,Fixed Income - Taxable-Convertibles,15.12,135.004,,Quarterly,0.01134,0.41,25.0,2.3737,,,1.31,,181.659,True,True,False,False,False,False,,19.11,21.08,4.22,3.67,16.09,12.97,,,22.32,184840,,,,,21.12,,23.60293,-11.79073,-0.58,-0.59,-0.35000000000000003,2026-09-14T00:00:00,1971-10-04T00:00:00,10/4/1971,55382400,2026-06-15T00:00:00
32,MCI,0.1334,9.48429,8.3682,0.39999999999999997,11.17,14,Morningstar US CEF High Yield,14,Barings LLC,False,19.12,1.5,17.27,2026-06-30T00:00:00,06759X107,Barings Corporate Investors,2026-09-14,XMCIX,Fixed Income - Taxable-High Yield,21.16,393.624,,Quarterly,0.60289,0.39999999999999997,25.0,7.782,,,1.65,,440.541,True,True,False,False,False,False,,10.72,19.96,10.11,14.64,6.4,14.02,,,-1.1400000000000001,351480,,,92.3472,,,,19.01193,13.95519,-0.06,1.53,1.4100000000000001,2026-09-14T00:00:00,1971-09-01T00:00:00,9/1/1971,52531200,2026-08-28T00:00:00
33,BGH,-0.0707,9.97011,10.72807,0.12229999999999999,5.21,14,Morningstar US CEF High Yield,14,Barings LLC,False,13.68,-0.16,14.72,2026-09-14T00:00:00,06760L100,Barings Global Short Duration High Yield,2026-09-14,XBGHX,Fixed Income - Taxable-High Yield,31.75,274.727,,Monthly,0.67131,0.12229999999999999,25.0,8.9029,,,3.93,,433.113,True,False,False,False,False,False,,11.08,13.93,6.11,6.65,4.79,1.63,,,-3.79,797990,,,99.958,,,,14.57542,-3.5228099999999998,-1.24,-2.06,-1.3900000000000001,2026-09-14T00:00:00,2012-10-25T00:00:00,10/25/2012,1351123200,2026-08-20T00:00:00
34,MPV,0.1133,9.58549,8.60966,0.37,,14,Morningstar US CEF High Yield,14,Barings LLC,False,17.19,0.19,15.81,2026-06-30T00:00:00,06761A103,Barings Participation Invs,2026-09-14,XMPVX,Fixed Income - Taxable-High Yield,21.98,185.519,,Quarterly,0.54452,0.37,10.0,7.7819,,,1.55,,213.567,True,False,True,False,False,False,,,17.81,,13.18,6.38,12.1,,,-6.9,170760,,,92.2129,,,,18.06206,9.05154,0.38,1.07,0.41000000000000003,2026-09-14T00:00:00,1988-10-06T00:00:00,10/6/1988,592099200,2026-08-28T00:00:00
35,BXSY,-0.36950000000000005,3.6568199999999997,5.79969,0.26,32.39,26,Morningstar US CEF US Allocation,15,Bexil Corp,True,17.932,-0.12,28.44,2026-09-14T00:00:00,25538A204,Bexil Investment Trust,2026-09-14,XBXIX,Hybrid-U.S. Allocation,8.15,232.1,,Quarterly,-0.02758,0.26,15.0,,,,1.9300000000000002,,400.764,True,True,True,False,True,False,,24.36,26.59,13.66,12.3,24.42,22.69,,,35.29,122320,,,,,1.11,,15.95607,-37.33879,0.41000000000000003,1.27,0.86,2026-09-14T00:00:00,1998-06-29T00:00:00,6/29/1998,899078400,2026-06-15T00:00:00
36,BMN,0.0124,4.63344,4.57689,0.09924999999999999,5.26,21,Morningstar US CEF Municipal,16,BlackRock,False,24.58,-0.03,24.28,2026-09-14T00:00:00,09262G108,BlackRock 2037 Municipal Target term,2026-09-14,XBMNX,Fixed Income - Municipal-Municipal,25.68,151.109,,Monthly,0.609,0.09924999999999999,25.0,5.0193,,14.37,2.16,,200.845,True,False,True,False,False,True,,4.07,7.5,,,-0.01,1.8900000000000001,,,11.79,98900,19.27,,103.2043,,,,25.70759,-0.015780000000000002,0.53,0.63,0.41000000000000003,2026-09-14T00:00:00,2022-10-28T00:00:00,10/28/2022,1666915200,2026-09-15T00:00:00
37,BCAT,0.0455,21.69815,20.75347,0.25012,13.69,26,Morningstar US CEF US Allocation,16,BlackRock,True,14.7,-0.1,14.06,2026-09-14T00:00:00,09260U109,BlackRock Capital Allocation Term Trust,2026-09-14,XCATX,Hybrid-U.S. Allocation,5.18,1540.196,,Monthly,0.12959,0.25012,20.0,,,2.48,1.4,,1473.14,True,False,True,False,True,True,,12.48,23.2,5.39,8.44,7.45,29.18,,,30.87,6597480,,,95.7637,,,,15.03609,0.6210600000000001,0.64,-2.11,-0.37,2026-09-14T00:00:00,2020-09-28T00:00:00,9/28/2020,1601251200,2026-09-15T00:00:00
38,BHK,-0.0482,9.81579,10.31336,0.0746,1.56,15,Morningstar US CEF Investment Grade,16,BlackRock,True,8.68,-0.07,9.12,2026-09-14T00:00:00,09249E101,BlackRock Core Bond,2026-09-14,XBHKX,Fixed Income - Taxable-Investment Grade,34.41,626.906,-0.051000000000000004,Monthly,0.27784000000000003,0.0746,15.0,5.2301,,20.03,3.34,,1004.192,True,False,False,False,True,False,,4.9,5.42,-2.39,-2.67,-1.1,0.59,,,2.65,2835170,,,95.2552,,7.35,7.16,9.35414,-4.44585,-0.27,-0.56,0.11,2026-09-14T00:00:00,2001-11-30T00:00:00,11/30/2001,1007078400,2026-09-15T00:00:00
39,HYT,-0.1043,10.37514,11.58364,0.0779,5.14,14,Morningstar US CEF High Yield,16,BlackRock,True,8.07,-0.06,9.01,2026-09-14T00:00:00,09255P107,BlackRock Corporate High Yield Fund,2026-09-14,XHYTX,Fixed Income - Taxable-High Yield,20.39,1555.728,-0.113,Monthly,0.33087,0.0779,15.0,7.0115,,,2.33,,2181.861,True,False,False,False,True,False,,9.73,6.7,4.41,1.77,2.65,0.35000000000000003,,,-3.02,8199020,,,100.4042,,4.19,,8.81556,-6.17443,-1.76,-2.69,-3.19,2026-09-14T00:00:00,2003-05-30T00:00:00,5/30/2003,1054252800,2026-09-15T00:00:00
40,BTZ,-0.092,9.45352,10.41158,0.0839,3.37,15,Morningstar US CEF Investment Grade,16,BlackRock,True,9.67,-0.03,10.65,2026-09-14T00:00:00,092508100,BlackRock Credit Allocation Income Trust,2026-09-14,XBTZX,Fixed Income - Taxable-Investment Grade,35.39,902.447,-0.11900000000000001,Monthly,0.34357,0.0839,25.0,5.9688,,18.6,3.37,,1538.326,True,False,False,False,True,False,,8.13,9.63,1.12,0.8,0.8200000000000001,-0.86,,,0.64,2598720,,,99.1292,,,,10.4828,-6.06038,-1.72,-2.25,-1.55,2026-09-14T00:00:00,2006-12-27T00:00:00,12/27/2006,1167177600,2026-09-15T00:00:00
41,DSU,-0.0356,12.39289,12.84989,0.09873,4.7,19,Morningstar US CEF Senior Loans,16,BlackRock,True,9.22,-0.1,9.56,2026-09-14T00:00:00,09255R202,BlackRock Debt Strategies,2026-09-14,XDSUX,Fixed Income - Taxable-Senior Loans,15.96,573.849,-0.17400000000000002,Monthly,0.32235,0.09873,10.0,,,6.38,1.69,,708.01,True,False,False,False,True,False,,7.54,9.38,6.09,6.48,2.21,1.09,,,0.72,2772460,,,,,,,9.93889,0.47066,-3.17,-2.51,-2.69,2026-09-14T00:00:00,1998-03-27T00:00:00,3/27/1998,890956800,2026-09-15T00:00:00
42,BGR,-0.09820000000000001,6.00308,6.65678,0.0973,44.67,8,Morningstar US CEF Sector Equity,16,BlackRock,True,17.54,-0.09,19.45,2026-09-14T00:00:00,09250U101,BlackRock Energy and Resources,2026-09-14,XBGRX,Equity-Sector Equity,0.0,446.501,,Monthly,0.16738,0.0973,25.0,,,,1.23,,495.123,True,True,False,False,True,False,,17.32,18.81,22.18,22.15,41.43,33.68,,,36.69,1086280,,,,,,,15.17716,-7.6077200000000005,-0.75,0.21,0.1,2026-09-14T00:00:00,2004-12-23T00:00:00,12/23/2004,1103760000,2026-09-15T00:00:00
43,BDJ,-0.07400000000000001,7.04744,7.61066,0.0819,20.02,3,Morningstar US CEF Covered Call,16,BlackRock,True,9.76,0.07,10.54,2026-09-14T00:00:00,09251A104,BlackRock Enhanced Dividend Achievers,2026-09-14,XBDJX,Equity-Covered-Call Funds,0.11,1726.98,,Monthly,0.059750000000000004,0.0819,15.0,,,,0.88,,1867.123,True,True,False,False,True,False,,15.96,18.42,9.84,9.63,13.61,10.23,,,20.07,4355880,,,,,,,9.30789,-6.01909,-0.87,-0.5,-0.15,2026-09-14T00:00:00,2005-08-26T00:00:00,8/26/2005,1125014400,2026-09-15T00:00:00
44,BOE,-0.0849,7.45605,8.14778,0.0827,15.82,3,Morningstar US CEF Covered Call,16,BlackRock,True,12.18,0.01,13.31,2026-09-14T00:00:00,092501105,BlackRock Enhanced Glbl Div Trust,2026-09-14,XBOEX,Equity-Covered-Call Funds,0.02,677.21,,Monthly,0.091,0.0827,25.0,,,,1.03,,740.038,True,True,True,False,True,False,,13.31,16.73,7.18,7.92,9.37,12.33,,,17.18,1304550,,,,,,,11.78839,-9.19906,0.77,-0.5,0.45,2026-09-14T00:00:00,2005-05-26T00:00:00,5/26/2005,1117065600,2026-09-15T00:00:00
45,BGY,-0.0964,7.95023,8.79862,0.0426,14.97,3,Morningstar US CEF Covered Call,16,BlackRock,True,5.8100000000000005,-0.01,6.43,2026-09-14T00:00:00,092524107,BlackRock Enhanced Intl Div Trust,2026-09-14,XBGYX,Equity-Covered-Call Funds,0.36,526.47,,Monthly,0.06786,0.0426,20.0,,,,1.2,,582.651,True,True,False,False,True,False,,10.43,12.87,6.32,6.68,8.67,6.94,,,12.42,2732040,,,,,,,5.78718,-8.60937,-0.66,0.21,0.4,2026-09-14T00:00:00,2007-05-25T00:00:00,5/25/2007,1180051200,2026-09-15T00:00:00
46,CII,0.0075,7.06767,7.01493,0.141,22.64,3,Morningstar US CEF Covered Call,16,BlackRock,True,24.12,-0.06,23.94,2026-09-14T00:00:00,09256A109,BlackRock Enhanced Large Cap Core Fund,2026-09-14,XCIIX,Equity-Covered-Call Funds,0.42,1054.143,,Monthly,0.01133,0.141,20.0,,,,0.93,,1050.741,True,True,False,False,True,False,,19.18,20.34,12.26,12.99,12.07,9.88,,,29.35,952340,,,,,,,23.71579,0.7732000000000001,-0.01,-0.66,-0.25,2026-09-14T00:00:00,2004-04-27T00:00:00,4/27/2004,1083024000,2026-09-15T00:00:00
47,ECAT,-0.0256,21.71879,22.28915,0.26442,14.4,25,Morningstar US CEF Global Allocation,16,BlackRock,True,14.47,-0.27,14.85,2026-09-14T00:00:00,09262F100,BlackRock ESG Capital Allocation Term,2026-09-14,ECAT,Hybrid-Global Allocation,0.17,1439.306,,Monthly,0.08926,0.26442,20.0,,,2.02,1.4100000000000001,,1479.635,True,False,False,False,True,True,,13.5,20.36,,,7.72,15.54,,,15.67,4477570,,,95.981,,,,15.42379,-2.51291,-0.02,-2.27,-0.26,2026-09-14T00:00:00,2021-09-27T00:00:00,9/27/2021,1632700800,2026-09-15T00:00:00
48,FRA,-0.0572,13.07018,13.86269,0.12383999999999999,4.14,19,Morningstar US CEF Senior Loans,17,"BlackRock Advisors, LLC",True,10.72,-0.09,11.37,2026-09-14T00:00:00,09255X100,BlackRock Floating Rate Inc Strategies,2026-09-14,XFRAX,Fixed Income - Taxable-Senior Loans,23.1,379.861,-0.184,Monthly,0.37426,0.12383999999999999,20.0,,,6.29,2.61,,523.911,True,False,False,False,True,False,,6.9,8.49,6.11,6.99,2.14,3.45,,,-4.48,1627450,,,,,,,11.4895,-2.48952,-0.93,-1.5899999999999999,-0.96,2026-09-14T00:00:00,2003-10-31T00:00:00,10/31/2003,1067558400,2026-09-15T00:00:00
49,BGT,-0.018000000000000002,12.96819,13.20549,0.12028,4.2,19,Morningstar US CEF Senior Loans,16,BlackRock,True,10.93,-0.06,11.13,2026-09-14T00:00:00,091941104,Blackrock Floating Rate Income,2026-09-14,XBGTX,Fixed Income - Taxable-Senior Loans,0.13,325.984,-0.154,Monthly,0.36013,0.12028,20.0,,,,2.06,,332.395,True,False,True,False,True,False,,7.15,9.89,6.27,7.5,2.11,7.51,,,1.46,1334530,,,,,,,11.17035,-3.11779,0.61,0.61,1.11,2026-09-14T00:00:00,2004-08-30T00:00:00,8/30/2004,1093824000,2026-09-15T00:00:00
50,BME,-0.0213,6.91861,7.06945,0.2621,25.08,8,Morningstar US CEF Sector Equity,16,BlackRock,True,44.49,0.27,45.46,2026-09-14T00:00:00,09250W107,BlackRock Health Sciences,2026-09-14,XBMEX,Equity-Sector Equity,0.15,574.993,,Monthly,0.07492,0.2621,25.0,,,,1.13,,588.424,True,True,True,False,True,False,,10.56,12.45,5.73,5.71,10.76,16.64,,,34.19,438310,,,,,,,40.82319,-5.08362,1.3599999999999999,0.9400000000000001,1.19,2026-09-14T00:00:00,2005-03-28T00:00:00,3/28/2005,1111968000,2026-09-15T00:00:00
51,BMEZ,-0.106,7.25275,8.11309,0.11,27.16,8,Morningstar US CEF Sector Equity,16,BlackRock,True,16.27,-0.18,18.2,2026-09-14T00:00:00,09260E105,BlackRock Health Sciences Term Trust,2026-09-14,XBMZX,Equity-Sector Equity,0.42,1016.898,,Monthly,0.11368,0.11,20.0,,,,1.37,,1142.348,True,True,True,False,True,True,,10.9,14.45,-0.42,-0.35000000000000003,14.17,18.03,,,28.02,2203770,,,,,,,14.99992,-10.96194,0.27,-0.53,0.01,2026-09-14T00:00:00,2020-01-29T00:00:00,1/29/2020,1580256000,2026-09-15T00:00:00
52,BKT,-0.055999999999999994,10.05128,10.64789,0.0882,-0.88,15,Morningstar US CEF Investment Grade,16,BlackRock,True,9.94,-0.08,10.53,2026-09-14T00:00:00,09247F209,BlackRock Income,2026-09-14,XBKTX,Fixed Income - Taxable-Investment Grade,19.91,321.946,-0.055,Monthly,0.22314,0.0882,10.0,4.4525,,,1.9700000000000002,,425.844,True,False,False,False,True,False,,4.03,4.37,-1.77,-3.5300000000000002,-0.89,-0.25,,,-3.37,1373530,,,88.239,,4.92,4.8100000000000005,10.80931,-4.42953,-1.32,-1.75,-1.2,2026-09-14T00:00:00,1988-08-01T00:00:00,8/1/1988,586396800,2026-09-15T00:00:00
53,BLW,-0.0604,10.39327,11.06189,0.1132,4.02,16,Morningstar US CEF Limited Duration,16,BlackRock,True,12.28,-0.1,13.07,2026-09-14T00:00:00,09249W101,BlackRock Limited Duration Income,2026-09-14,XBLWX,Fixed Income - Taxable-Limited Duration,36.25,479.956,-0.133,Monthly,0.49739,0.1132,20.0,6.6807,,,3.7,,801.334,True,False,False,False,True,False,,8.61,9.05,4.03,3.14,1.42,-0.65,,,-0.47000000000000003,1196240,,,99.8125,,,,13.19579,-2.8891,-1.1400000000000001,-0.84,-0.46,2026-09-14T00:00:00,2003-07-28T00:00:00,7/28/2003,1059350400,2026-09-15T00:00:00
54,BIT,-0.1013,11.48028,12.77453,0.12369999999999999,3.93,17,Morningstar US CEF Multi-Sector,16,BlackRock,True,11.62,-0.1,12.93,2026-09-14T00:00:00,09258A107,BlackRock Multi-Sector Income Trust,2026-09-14,XBITX,Fixed Income - Taxable-Multi-Sector,31.32,663.069,-0.508,Monthly,0.44911,0.12369999999999999,20.0,6.0329,,13.4,3.26,,1074.242,True,False,False,False,True,False,,8.39,4.05,3.96,1.67,1.26,-1.06,,,-2.1,3081150,7.97,,97.3328,,,3.7199999999999998,12.79839,-5.97713,-3.2800000000000002,-2.4,-3.04,2026-09-14T00:00:00,2013-02-25T00:00:00,2/25/2013,1361750400,2026-09-15T00:00:00
55,MUA,-0.0632,6.37931,6.80982,0.0555,7.32,21,Morningstar US CEF Municipal,16,BlackRock,False,9.78,-0.03,10.44,2026-09-14T00:00:00,09254J102,BlackRock Muniassets,2026-09-14,XMUAX,Fixed Income - Municipal-Municipal,28.28,656.627,-0.004,Monthly,0.28542,0.0555,15.0,5.4809,,,2.59,,977.336,True,False,False,False,False,False,,5.92,7.27,-0.73,-3.54,1.48,-2.51,,,-0.6900000000000001,1455550,17.62,,92.4046,,12.75,,10.72208,-4.37864,-0.92,0.02,-0.5,2026-09-14T00:00:00,1993-06-25T00:00:00,6/25/1993,740966400,2026-09-15T00:00:00
56,BTT,-0.08130000000000001,2.29893,2.5024699999999998,0.0464,2.45,21,Morningstar US CEF Municipal,16,BlackRock,False,22.25,0.0,24.22,2026-09-14T00:00:00,09257P105,BlackRock Municipal 2030 Target Term,2026-09-14,XBTTX,Fixed Income - Municipal-Municipal,35.11,1415.665,0.148,Monthly,0.34323,0.0464,25.0,4.6478,,,2.69,,2374.888,True,False,False,False,False,True,,4.25,6.35,0.5,-0.15,0.98,0.89,,,3.77,896240,22.16,,101.5267,,3.88,,22.6549,-8.04101,-0.16,-0.63,-0.87,2026-09-14T00:00:00,2012-08-29T00:00:00,8/29/2012,1346198400,2026-09-15T00:00:00
57,MHD,-0.0779,5.9799,6.48501,0.0595,6.96,21,Morningstar US CEF Municipal,16,BlackRock,False,11.01,-0.06,11.94,2026-09-14T00:00:00,09253N104,BlackRock Municipal Income,2026-09-14,XMHDX,Fixed Income - Municipal-Municipal,43.29,1923.446,0.004,Monthly,0.30405,0.0595,15.0,5.0119,,,3.08,,3678.047,True,False,True,False,False,False,,2.95,6.58,-2.14,-2.75,0.0,2.0,,,9.3,2755080,5.17,,99.8744,,11.88,,11.68172,-8.46779,0.79,0.23,0.56,2026-09-14T00:00:00,1997-05-02T00:00:00,5/2/1997,862531200,2026-09-15T00:00:00
58,MUC,-0.068,5.82049,6.24514,0.0535,6.28,22,Morningstar US CEF Municipal-CA,16,BlackRock,False,10.28,-0.04,11.03,2026-09-14T00:00:00,09254L107,BlackRock MuniHoldings CA Qty,2026-09-14,XMUCX,Fixed Income - Municipal-Municipal - CA,41.81,1285.085,0.07100000000000001,Monthly,0.26962,0.0535,15.0,5.0713,,,3.22,,2369.496,True,False,True,False,False,False,,2.33,6.38,-2.19,-2.88,0.12,3.65,,,8.82,2976130,4.0,,102.4334,,13.95,,10.74986,-8.13676,1.29,0.89,1.02,2026-09-14T00:00:00,1998-02-27T00:00:00,2/27/1998,888537600,2026-09-15T00:00:00
59,MUJ,0.011899999999999999,5.48688,5.42259,0.054,6.7,24,Morningstar US CEF Municipal-Single State,16,BlackRock,False,11.95,0.06,11.81,2026-09-14T00:00:00,09254X101,BlackRock MuniHoldings NJ Qty,2026-09-14,XMUJX,Fixed Income - Municipal-Municipal - Single-State,40.82,635.562,0.085,Monthly,0.2647,0.054,15.0,4.7124,,,3.37,,1061.441,True,False,True,False,False,False,,3.38,9.37,-0.89,-0.33,0.21,5.24,,,15.33,989980,20.57,,97.7946,,13.16,,12.04547,-3.87853,2.07,2.2,2.07,2026-09-14T00:00:00,1998-03-11T00:00:00,3/11/1998,889574400,2026-09-15T00:00:00
60,MIY,0.0506,5.61373,5.34314,0.0545,7.3,24,Morningstar US CEF Municipal-Single State,16,BlackRock,False,12.24,0.0,11.65,2026-09-14T00:00:00,09254V105,BlackRock MuniYield MI Quality,2026-09-14,XMIYX,Fixed Income - Municipal-Municipal - Single-State,40.75,354.529,0.07200000000000001,Monthly,0.25837,0.0545,15.0,4.9551,,,3.34,,569.532,True,True,True,False,False,False,,3.21,11.64,-1.06,0.91,-0.07,12.28,,,20.26,611740,8.27,,100.9645,,16.35,,11.98721,-3.07562,2.18,1.47,2.11,2026-09-14T00:00:00,1992-10-30T00:00:00,10/30/1992,720403200,2026-09-15T00:00:00
61,MYN,-0.0799,6.13786,6.67101,0.051199999999999996,7.38,23,Morningstar US CEF Municipal-NY,17,"BlackRock Advisors, LLC",False,9.21,-0.03,10.01,2026-09-14T00:00:00,09255E102,BlackRock MuniYield NY Quality,2026-09-14,XMYNX,Fixed Income - Municipal-Municipal - NY,23.69,866.879,0.069,Monthly,0.24345,0.051199999999999996,15.0,4.855,,,3.2800000000000002,,1234.685,True,False,True,False,False,False,,2.44,6.21,-2.01,-2.66,-0.62,1.6800000000000002,,,10.35,1314240,9.11,,100.2576,,12.59,,9.94336,-8.12077,0.17,-0.48,0.03,2026-09-14T00:00:00,1992-02-28T00:00:00,2/28/1992,699235200,2026-09-15T00:00:00
62,MPA,-0.0986,4.99476,5.54114,0.0477,7.01,24,Morningstar US CEF Municipal-Single State,16,BlackRock,False,10.33,-0.07,11.46,2026-09-14T00:00:00,09255G107,BlackRock MuniYield PA Quality,2026-09-14,XMPAX,Fixed Income - Municipal-Municipal - Single-State,39.56,133.77,0.039,Monthly,0.23728000000000002,0.0477,15.0,4.7722999999999995,,,3.23,,245.549,True,False,False,False,False,False,,3.4,6.01,-1.7000000000000002,-2.29,-0.77,2.49,,,7.26,315740,9.12,,98.0715,,14.9,,11.2498,-8.55149,-1.63,-1.9500000000000002,-1.9500000000000002,2026-09-14T00:00:00,1992-10-30T00:00:00,10/30/1992,720403200,2026-09-15T00:00:00
63,MYI,-0.0732,6.0217,6.49756,0.0555,6.53,21,Morningstar US CEF Municipal,16,BlackRock,False,10.25,-0.08,11.06,2026-09-14T00:00:00,09254E103,BlackRock MuniYield Qty III,2026-09-14,XMYIX,Fixed Income - Municipal-Municipal,43.3,1253.509,0.04,Monthly,0.27666,0.0555,15.0,5.0585,,,3.23,,2385.31,True,False,True,False,False,False,,3.54,6.9,-1.1400000000000001,-1.32,-0.02,2.59,,,7.35,2380250,5.78,,99.7206,,11.76,,10.92406,-7.55039,0.26,-0.1,0.34,2026-09-14T00:00:00,1992-04-13T00:00:00,4/13/1992,703123200,2026-09-15T00:00:00
64,MQY,-0.0833,6.04167,6.59091,0.057999999999999996,6.41,21,Morningstar US CEF Municipal,17,"BlackRock Advisors, LLC",False,10.56,-0.04,11.52,2026-09-14T00:00:00,09254F100,BlackRock Muniyield Quality,2026-09-14,XMQYX,Fixed Income - Municipal-Municipal,43.45,1588.563,0.060000000000000005,Monthly,0.28992,0.057999999999999996,15.0,5.0143,,,3.2,,3064.455,True,False,False,False,False,False,,3.01,5.89,-1.58,-2.84,-0.35000000000000003,1.9100000000000001,,,6.13,3269900,5.01,,99.4864,,14.22,,11.42885,-7.48679,-0.8,-1.9300000000000002,-0.9,2026-09-14T00:00:00,1992-06-26T00:00:00,6/26/1992,709516800,2026-09-15T00:00:00
65,BCX,-0.077,6.07849,6.58583,0.0697,38.4,8,Morningstar US CEF Sector Equity,16,BlackRock,True,12.7,-0.22,13.76,2026-09-14T00:00:00,09257A108,BlackRock Resources&Commodities Strategy,2026-09-14,XBCRX,Equity-Sector Equity,0.0,968.224,,Monthly,0.09832,0.0697,20.0,,,,1.19,,1049.058,True,True,False,False,True,False,,16.47,20.94,14.7,15.18,25.83,27.29,,,42.07,2108950,,,,,,,11.61238,-6.74179,-0.52,-0.87,-0.12,2026-09-14T00:00:00,2011-03-29T00:00:00,3/29/2011,1301356800,2026-09-15T00:00:00
66,BSTZ,-0.0588,6.02968,6.40604,0.1625,54.4,8,Morningstar US CEF Sector Equity,16,BlackRock,True,30.44,-0.6,32.34,2026-09-14T00:00:00,09260K101,BlackRock Science and Technology Term,2026-09-14,XBSZX,Equity-Sector Equity,1.06,2092.572,,Monthly,-0.15007,0.1625,20.0,,,,1.35,,2246.981,True,True,True,False,True,True,,27.32,34.46,4.32,5.7,39.2,45.66,,,56.55,2102840,,,,,,,25.20299,-9.54568,2.08,1.15,1.65,2026-09-14T00:00:00,2019-06-26T00:00:00,6/26/2019,1561507200,2026-09-15T00:00:00
67,BST,-0.0179,5.85138,5.95829,0.25,37.68,8,Morningstar US CEF Sector Equity,16,BlackRock,True,50.35,0.02,51.27,2026-09-14T00:00:00,09258G104,BlackRock Science and Technology Trust,2026-09-14,XBSTX,Equity-Sector Equity,0.1,1748.153,,Monthly,-0.29713,0.25,20.0,,,,1.11,,1781.868,True,True,True,False,True,False,,25.93,25.42,7.47,8.15,28.17,31.36,,,41.49,993230,,,,,0.26,,43.11663,-6.28526,2.29,1.6800000000000002,2.32,2026-09-14T00:00:00,2014-10-29T00:00:00,10/29/2014,1414540800,2026-09-15T00:00:00
68,BBN,-0.0613,7.32632,7.80475,0.0986,2.5300000000000002,20,Morningstar US CEF Taxable Muni,17,"BlackRock Advisors, LLC",True,15.16,-0.06,16.15,2026-09-14T00:00:00,09248X100,BlackRock Taxable Municipal Bond Trust,2026-09-14,XBBNX,Fixed Income - Taxable-Taxable Muni,36.19,936.775,0.077,Monthly,0.52117,0.0986,20.0,5.9206,,,3.1,,1564.015,True,False,False,False,True,False,,4.8100000000000005,6.75,-2.36,-3.22,-0.34,1.74,,,3.47,2022930,3.2800000000000002,,99.4279,,8.12,8.12,16.29163,-4.9104600000000005,-0.79,-1.92,-0.9500000000000001,2026-09-14T00:00:00,2010-08-27T00:00:00,8/27/2010,1282867200,2026-09-15T00:00:00
69,BTX,-0.1043,6.50826,7.26644,0.0525,40.3,10,Morningstar US CEF US Equity,16,BlackRock,True,8.67,-0.2,9.68,2026-09-14T00:00:00,09260Q108,BlackRock Tech and Private Equity Term,2026-09-14,XBTPX,Equity-U.S. Equity,1.1,1011.878,,Monthly,-0.048940000000000004,0.0525,20.0,,,,1.46,,1142.368,True,True,True,False,True,True,,12.99,17.02,-4.75,-5.11,33.18,43.34,,,38.14,7680690,,,,,,,7.49096,-13.82363,1.57,0.6,1.02,2026-09-14T00:00:00,2021-03-26T00:00:00,3/26/2021,1616716800,2026-09-15T00:00:00
70,BUI,0.015899999999999997,7.1517,7.04,0.154,18.0,8,Morningstar US CEF Sector Equity,16,BlackRock,True,26.25,-0.26,25.84,2026-09-14T00:00:00,09248D104,"BlackRock Util, Infra & Power Opp",2026-09-14,XBUIX,Equity-Sector Equity,0.11,789.719,,Monthly,0.19198,0.154,20.0,,,,1.09,,777.384,True,False,False,False,True,False,,15.85,17.32,8.31,7.83,13.63,9.61,,,9.67,755040,,,,,,,27.14077,1.7191900000000002,-0.05,0.15,0.78,2026-09-14T00:00:00,2011-11-23T00:00:00,11/23/2011,1322006400,2026-09-15T00:00:00
71,BHV,0.19640000000000002,5.15581,4.30939,0.0455,4.65,24,Morningstar US CEF Municipal-Single State,16,BlackRock,False,12.67,0.28,10.59,2026-09-14T00:00:00,092481100,BlackRock VA Municipal Bond,2026-09-14,XBHVX,Fixed Income - Municipal-Municipal - Single-State,40.73,20.123,0.024,Monthly,0.1615,0.0455,15.0,4.857,,,4.53,,28.378,True,True,True,False,False,False,,1.74,13.03,-3.1,-3.58,-1.7000000000000002,24.63,,,31.86,52150,8.6,,99.2945,,16.77,10.27,11.35295,-0.7133600000000001,2.45,2.31,1.76,2026-09-14T00:00:00,2002-04-30T00:00:00,4/30/2002,1020124800,2026-09-15T00:00:00
72,BGX,-0.1401,7.77328,9.03955,0.08,1.51,19,Morningstar US CEF Senior Loans,18,Blackstone Liquid Credit Strategies LLC,False,10.62,0.0,12.35,2026-09-14T00:00:00,09257D102,Blackstone Long-Short Credit Income,2026-09-14,XXBGX,Fixed Income - Taxable-Senior Loans,33.68,134.962,,Monthly,0.47335,0.08,20.0,7.1353,,,4.65,,236.647,True,False,False,False,False,False,,6.67,7.22,3.8,2.9699999999999998,0.07,-3.02,,,-6.21,696080,,,,,17.0,,11.22198,-10.91919,-1.76,-2.5700000000000003,-2.51,2026-09-14T00:00:00,2011-01-27T00:00:00,1/27/2011,1296086400,2026-08-24T00:00:00
73,BSL,-0.0458,7.43911,7.79582,0.08399999999999999,0.73,19,Morningstar US CEF Senior Loans,18,Blackstone Liquid Credit Strategies LLC,False,12.93,-0.03,13.55,2026-09-14T00:00:00,09256U105,Blackstone Senior Floating Rt 2027 term,2026-09-14,XBSLX,Fixed Income - Taxable-Senior Loans,33.33,168.348,,Monthly,0.49904,0.08399999999999999,20.0,7.1345,,,4.68,,264.62,True,False,False,False,False,True,,6.04,9.09,4.12,4.24,-0.19,1.08,,,-1.18,445180,,,,,3.73,,13.29248,-3.75864,-0.98,-2.38,-1.1400000000000001,2026-09-14T00:00:00,2010-05-26T00:00:00,5/26/2010,1274832000,2026-08-24T00:00:00
74,BGB,-0.056600000000000004,7.5,7.94987,0.074,0.71,19,Morningstar US CEF Senior Loans,18,Blackstone Liquid Credit Strategies LLC,False,11.17,-0.05,11.84,2026-09-14T00:00:00,09257R101,Blackstone Strategic Credit 2027 term,2026-09-14,XBGBX,Fixed Income - Taxable-Senior Loans,38.91,499.062,,Monthly,0.40459,0.074,20.0,6.9282,,,5.4,,865.93,True,False,False,False,False,True,,6.57,10.02,3.73,4.53,-0.55,0.0,,,-3.4,1357340,,,,,17.78,,11.53175,-4.94133,-0.84,-2.16,-1.27,2026-09-14T00:00:00,2012-09-26T00:00:00,9/26/2012,1348617600,2026-08-24T00:00:00
75,BPRE,-0.4744,7.24758,13.79044,0.1371,-6.5,7,Morningstar US CEF Real Estate,19,"Bluerock Fund Advisors, LLC",True,11.93,-0.22,22.7,2026-09-14T00:00:00,09631P102,Bluerock Private Real Estate Fund,2026-09-14,XBPREX,Equity-Real Estate,,1706.519,,Monthly,,0.1371,14.0,11.1334,,,0.0,,3247.107,False,True,True,False,True,False,,-6.54,,-1.62,,-3.07,-13.42,,,,0,,,,,,,,,,-1.15,-1.3599999999999999,2026-09-14T00:00:00,2014-04-01T00:00:00,4/1/2014,1396310400,2026-08-17T00:00:00
76,DHF,-0.1369,7.98479,9.2511,0.017499999999999998,3.35,14,Morningstar US CEF High Yield,20,BNY Mellon,False,2.27,-0.03,2.63,2026-09-14T00:00:00,09660L105,BNY Mellon High Yield Strategies Fund,2026-09-14,XDHFX,Fixed Income - Taxable-High Yield,27.89,165.112,,Monthly,0.09917000000000001,0.017499999999999998,15.0,7.0814,,,3.18,,265.297,True,False,False,False,False,False,,9.23,10.94,3.38,1.44,1.96,0.53,,,-0.77,3460460,4.2,,98.7994,,4.58,,2.46232,-9.66065,-2.33,-3.17,-3.45,2026-09-14T00:00:00,1998-04-29T00:00:00,4/29/1998,893808000,2026-09-10T00:00:00
77,DMB,-0.0839,5.46946,5.97015,0.049999999999999996,7.02,21,Morningstar US CEF Municipal,20,BNY Mellon,False,10.05,-0.14,10.97,2026-09-14T00:00:00,09662W109,BNY Mellon Muni Bond Infrastructure Fund,2026-09-14,XDMBX,Fixed Income - Municipal-Municipal,36.79,184.98,,Monthly,0.24734,0.049999999999999996,15.0,5.1046,,,3.19,,319.409,True,False,False,False,False,False,,3.06,4.24,-1.35,-3.34,-0.5700000000000001,-0.51,,,10.77,554490,0.13,,98.7695,,11.8,9.1,10.80771,-7.34863,-0.8,-1.92,-1.48,2026-09-14T00:00:00,2013-04-26T00:00:00,4/26/2013,1366934400,2026-08-18T00:00:00
78,DSM,-0.0894,5.96026,6.54545,0.03,8.14,21,Morningstar US CEF Municipal,20,BNY Mellon,False,5.5,-0.08,6.04,2026-09-14T00:00:00,09662E109,BNY Mellon Strategic Muni Bond,2026-09-14,XDSMX,Fixed Income - Municipal-Municipal,35.97,271.858,,Monthly,0.15742,0.03,10.0,5.0125,,,2.73,,466.247,True,False,False,False,False,False,,3.41,6.9,-1.92,-2.94,-0.1,-2.26,,,7.82,1097130,1.0,,96.7327,,9.3,8.35,6.01574,-7.12011,-1.3900000000000001,-1.6600000000000001,-1.87,2026-09-14T00:00:00,1989-11-22T00:00:00,11/22/1989,627696000,2026-09-14T00:00:00
79,LEO,-0.0872,5.60748,6.14334,0.03,8.01,21,Morningstar US CEF Municipal,20,BNY Mellon,False,5.86,-0.06,6.42,2026-09-14T00:00:00,05588W108,BNY Mellon Strategic Municipals,2026-09-14,XLEOX,Fixed Income - Municipal-Municipal,35.27,365.024,,Monthly,0.15752,0.03,10.0,5.1313,,,2.76,,617.828,True,False,False,False,False,False,,3.81,7.04,-1.7000000000000002,-4.03,0.5,0.53,,,9.05,1970990,1.18,,96.899,,9.74,8.54,6.31502,-7.59544,-1.06,-1.6,-1.58,2026-09-14T00:00:00,1987-09-23T00:00:00,9/23/1987,559353600,2026-09-14T00:00:00
80,BWG,-0.10830000000000001,11.55235,12.95547,0.08,1.38,13,Morningstar US CEF Global Income,54,"Franklin Templeton Fund Adviser, LLC",True,7.41,-0.05,8.31,2026-09-14T00:00:00,10537L104,BrandywineGLOBAL â Global Inc Opp Fund,2026-09-14,XBWGX,Fixed Income - Taxable-Global Income,41.98,124.428,,Monthly,0.40321,0.08,20.0,7.6342,,,4.62,,240.501,True,False,False,False,True,False,,7.84,10.25,0.6900000000000001,1.4,0.18,-1.22,,,-0.43,755490,,,,,,,8.161,-8.65368,-1.47,-3.03,-1.32,2026-09-14T00:00:00,2012-03-28T00:00:00,3/28/2012,1332892800,2026-08-24T00:00:00
81,RA,-0.1108,10.38885,11.68317,0.118,5.61,14,Morningstar US CEF High Yield,21,Brookfield Public Securities Group LLC,True,12.12,-0.06,13.63,2026-09-14T00:00:00,112830104,Brookfield Real Assets Income Fund Inc.,2026-09-14,XRAIX,Fixed Income - Taxable-High Yield,24.84,669.687,,Monthly,0.43376000000000003,0.118,25.0,6.5269,,,3.34,,1002.033,True,False,False,False,True,False,,8.38,10.71,3.9,0.68,3.14,4.19,,,3.51,1688370,,,96.6205,,8.9,,12.95701,-9.25337,-1.69,-2.05,-1.56,2026-09-14T00:00:00,2016-12-02T00:00:00,12/2/2016,1480636800,2026-09-10T00:00:00
82,CFND,-0.5146000000000001,,,,-18.67,10,Morningstar US CEF US Equity,23,C1 Advisors LLC,True,3.15,0.24,6.49,2026-06-30T00:00:00,12673Q103,C1 Fund Inc.,2026-09-14,XCFNDX,Equity-U.S. Equity,,20.69,,Semi-Annually,-0.24685,,10.0,,,,5.86,,42.629,False,False,False,False,True,False,,,,,,-16.9,-41.43,,,-66.27,433130,,,,,,,4.57305,-39.23175,-0.63,0.45,0.2,2026-09-14T00:00:00,2025-08-07T00:00:00,8/7/2025,1754524800,
83,CHY,-0.0057,9.76404,9.81997,0.09999999999999999,27.21,11,Morningstar US CEF Convertibles,24,Calamos Advisors LLC,False,12.22,-0.34,12.29,2026-09-14T00:00:00,12811P108,Calamos Convertible & High Income Fund,2026-09-14,XCHYX,Fixed Income - Taxable-Convertibles,32.39,981.636,,Monthly,-0.10886,0.09999999999999999,15.0,3.6347,,,4.01,,1460.278,True,True,True,False,False,False,,18.14,15.73,5.75,6.02,18.8,20.53,,,29.99,1866360,,,110.455,,,,12.12293,-0.7038200000000001,0.07,-0.6,0.18,2026-09-14T00:00:00,2003-05-28T00:00:00,5/28/2003,1054080000,2026-09-14T00:00:00
84,CHI,0.0528,9.86159,9.3673,0.095,26.68,11,Morningstar US CEF Convertibles,24,Calamos Advisors LLC,False,12.17,-0.19,11.56,2026-09-14T00:00:00,128117108,Calamos Convertible Opp Inc,2026-09-14,XCHIX,Fixed Income - Taxable-Convertibles,31.75,982.202,,Monthly,-0.09886,0.095,15.0,3.5968,,,3.98,,1367.02,True,True,True,False,False,False,,17.89,17.7,5.64,6.53,18.56,28.22,,,34.65,1797900,,,110.6368,,,,11.7358,1.9564400000000002,1.26,-0.04,0.71,2026-09-14T00:00:00,2002-06-26T00:00:00,6/26/2002,1025049600,2026-09-14T00:00:00
85,CCD,0.0196,10.17391,9.97868,0.19499999999999998,31.68,11,Morningstar US CEF Convertibles,24,Calamos Advisors LLC,False,23.45,-0.53,23.0,2026-09-14T00:00:00,12811V105,Calamos Dynamic Convertible and Income,2026-09-14,XCCDX,Fixed Income - Taxable-Convertibles,30.22,670.268,,Monthly,-0.41014,0.19499999999999998,25.0,2.6269,,,4.26,,942.164,True,True,True,False,False,True,,19.73,18.95,5.79,5.98,21.88,24.83,,,32.83,813500,,,,,,,23.13835,1.67751,0.12,-0.24,0.12,2026-09-14T00:00:00,2015-03-27T00:00:00,3/27/2015,1427414400,2026-09-14T00:00:00
86,CHW,-0.1027,7.86885,8.76979,0.06,23.96,25,Morningstar US CEF Global Allocation,24,Calamos Advisors LLC,False,8.21,-0.22,9.15,2026-09-14T00:00:00,12811L107,Calamos Global Dynamic Income Fund,2026-09-14,XCHWX,Hybrid-Global Allocation,30.13,524.327,,Monthly,-0.03591,0.06,15.0,4.8766,,,3.85,,836.322,True,True,False,False,False,False,,20.87,22.27,7.13,4.85,19.53,19.04,,,24.77,1854380,,,,,,,8.03042,-10.20933,-0.05,-0.64,0.14,2026-09-14T00:00:00,2007-06-27T00:00:00,6/27/2007,1182902400,2026-09-14T00:00:00
87,CGO,-0.08779999999999999,7.70878,8.4507,0.09,24.28,25,Morningstar US CEF Global Allocation,24,Calamos Advisors LLC,False,12.78,-0.37,14.01,2026-09-14T00:00:00,128118106,Calamos Global Total Return,2026-09-14,XCGOX,Hybrid-Global Allocation,30.03,125.593,,Monthly,-0.07175000000000001,0.09,15.0,4.7922,,,4.02,,196.757,True,True,True,False,False,False,,21.43,22.24,7.04,4.22,20.31,20.96,,,21.21,258520,,,,,,,12.4118,-9.14528,0.26,0.62,1.12,2026-09-14T00:00:00,2005-10-27T00:00:00,10/27/2005,1130371200,2026-09-14T00:00:00
88,CPZ,-0.1307,11.32075,13.02326,0.13999999999999999,-4.7,5,Morningstar US CEF Global Equity,24,Calamos Advisors LLC,False,12.9,-0.16,14.84,2026-09-14T00:00:00,12812C106,Calamos L/S Equity & Dynamic Inc Trust,2026-09-14,XCPZX,Equity-Global Equity,48.62,253.255,,Monthly,0.08155,0.13999999999999999,20.0,5.7136,,,4.38,,567.033,True,False,False,False,False,False,,5.6,7.23,2.69,2.5700000000000003,-0.27,-2.49,,,-10.75,772260,,,99.3359,,,,14.24372,-10.19287,-1.34,-0.41000000000000003,-0.88,2026-09-14T00:00:00,2019-11-29T00:00:00,11/29/2019,1574985600,2026-09-14T00:00:00
89,CSQ,-0.0801,7.29401,7.92952,0.13499999999999998,24.42,26,Morningstar US CEF US Allocation,24,Calamos Advisors LLC,False,20.43,-0.4,22.21,2026-09-14T00:00:00,128125101,Calamos Strategic Total Return,2026-09-14,XCSQX,Hybrid-U.S. Allocation,28.39,3276.352,,Monthly,-0.08754,0.13499999999999998,15.0,4.2309,,,3.69,,4973.977,True,True,True,False,False,False,,23.72,20.74,12.42,10.35,14.96,14.07,,,20.95,2245110,,,,,,,19.48213,-8.51346,0.32,1.1400000000000001,1.74,2026-09-14T00:00:00,2004-03-26T00:00:00,3/26/2004,1080259200,2026-09-14T00:00:00
90,CCIF,-0.2075,22.64151,28.57143,0.06,-40.38,19,Morningstar US CEF Senior Loans,25,Carlyle Global Credit Inv Mgmt,True,2.52,-0.23,3.24,2026-07-31T00:00:00,92535C104,Carlyle Credit Income Ord,2026-09-14,XCCIFX,Fixed Income - Taxable-Senior Loans,45.93,53.421,,Monthly,0.18345,0.06,8.65,8.718,,,11.36,,124.684,True,False,False,False,True,False,,-16.46,-15.07,-13.62,-11.34,-32.71,-31.98,,,-39.74,1293400,,,46.8847,,,,3.8789800000000003,-10.41833,-1.75,-1.8,-1.45,2026-09-14T00:00:00,2011-12-30T00:00:00,12/30/2011,1325203200,2026-08-19T00:00:00
91,IGR,-0.0125,16.9279,17.14286,0.18,3.61,7,Morningstar US CEF Real Estate,26,CBRE Investment Management Listed Real Assets LLC,True,12.6,-0.03,12.76,2026-09-14T00:00:00,12504G878,CBRE Global Real Estate Income,2026-09-14,XIGRX,Equity-Real Estate,33.23,636.873,,Monthly,0.12236,0.18,15.0,,,,3.84,,965.894,True,False,False,False,True,False,,6.0,10.87,-1.3900000000000001,1.3599999999999999,8.96,15.49,,,5.05,2452090,,,,,,,14.06038,1.06448,-1.04,-1.25,-1.71,2026-09-14T00:00:00,2004-02-18T00:00:00,2/18/2004,1077062400,2026-08-20T00:00:00
92,CET,-0.16390000000000002,0.92731,1.10912,0.31,14.2,10,Morningstar US CEF US Equity,27,Central Securities Corp,False,55.9,0.4,66.86,2026-09-11T00:00:00,155123102,Central Securities Corporation,2026-09-14,XCETX,Equity-U.S. Equity,0.32,1651.804,,Semi-Annually,0.8325400000000001,0.31,10.0,,,,0.46,,1975.664,True,True,False,False,False,False,,18.97,20.77,10.54,11.52,7.98,7.86,,,14.9,372870,,,,,,0.05,52.01014,-15.63481,-0.8300000000000001,-0.33,-0.87,2026-09-14T00:00:00,1980-07-28T00:00:00,7/28/1980,333590400,2026-06-12T00:00:00
93,EMO,-0.0809,7.27028,7.91064,0.41,33.89,6,Morningstar US CEF MLP,54,"Franklin Templeton Fund Adviser, LLC",False,54.61,-0.42,59.42,2026-09-14T00:00:00,18469P209,ClearBridge Energy Midstream Opportunity,2026-09-14,XEMOX,Equity-MLP,24.01,1091.667,,Monthly,-0.08994,0.41,20.0,,,,3.12,,1563.028,True,True,True,False,False,False,,28.97,31.82,27.77,31.61,30.87,29.78,,,25.9,557140,,,,,,,48.72805,-9.7429,0.8200000000000001,1.69,1.6,2026-09-14T00:00:00,2011-06-13T00:00:00,6/13/2011,1307923200,2026-08-24T00:00:00
94,GLV,-0.12480000000000001,9.97357,11.39597,0.0566,16.91,25,Morningstar US CEF Global Allocation,28,Clough Capital Partners L.P.,True,5.96,-0.11,6.81,2026-09-14T00:00:00,18913Y103,Clough Global Dividend and Income,2026-09-14,XGLVX,Hybrid-Global Allocation,33.27,73.962,,Monthly,0.00647,0.0566,20.0,4.812,,,3.06,,126.64,True,False,False,False,True,False,,12.74,16.77,0.87,-1.1400000000000001,9.44,10.02,,,16.92,405330,,,,,14.12,11.85,6.15607,-11.93556,-0.52,-0.01,-0.01,2026-09-14T00:00:00,2004-07-28T00:00:00,7/28/2004,1090972800,2026-08-18T00:00:00
95,GLQ,-0.0916,10.14849,11.17241,0.07289999999999999,15.47,5,Morningstar US CEF Global Equity,28,Clough Capital Partners L.P.,True,7.83,-0.09,8.62,2026-09-14T00:00:00,18914C100,Clough Global Equity,2026-09-14,XGLQX,Equity-Global Equity,33.72,146.719,,Monthly,-0.056870000000000004,0.07289999999999999,20.0,,,,3.41,,243.692,True,False,True,False,True,False,,17.75,23.11,-0.41000000000000003,-0.9,8.54,12.55,,,20.42,626800,,,,,0.06,,8.01273,-11.18456,1.83,1.34,1.44,2026-09-14T00:00:00,2005-04-27T00:00:00,4/27/2005,1114560000,2026-08-18T00:00:00
96,GLO,-0.105,10.41034,11.63177,0.0537,10.64,25,Morningstar US CEF Global Allocation,28,Clough Capital Partners L.P.,True,5.54,-0.08,6.19,2026-09-14T00:00:00,18914E106,Clough Global Opportunities,2026-09-14,XGLOX,Hybrid-Global Allocation,34.36,236.925,,Monthly,-0.0235,0.0537,20.0,4.8247,,,3.54,,403.274,True,False,True,False,True,False,,13.53,18.46,-2.89,-3.9,5.72,9.24,,,15.23,1507280,,,,,16.22,13.53,5.81716,-11.36166,0.86,0.32,0.6900000000000001,2026-09-14T00:00:00,2006-04-25T00:00:00,4/25/2006,1145923200,2026-08-18T00:00:00
97,FOF,-0.0222,8.00613,8.18824,0.087,15.88,26,Morningstar US CEF US Allocation,30,"Cohen &amp; Steers Capital Management, Inc.",False,12.75,-0.16,13.04,2026-09-14T00:00:00,19248P106,Cohen & Steers Closed-End Opportunity,2026-09-14,XFOFX,Hybrid-U.S. Allocation,,354.115,,Monthly,0.17872,0.087,20.0,6.1386,,7.64,0.9500000000000001,,362.17,False,False,False,False,False,False,,18.07,17.37,7.97,7.11,8.11,8.51,,,12.57,629210,,,95.6359,,,,13.49779,0.9743700000000001,-1.82,-2.5300000000000002,-2.48,2026-09-14T00:00:00,2006-11-20T00:00:00,11/20/2006,1163980800,2026-09-08T00:00:00
98,UTF,-0.0594,7.39082,7.85714,0.16499999999999998,13.81,8,Morningstar US CEF Sector Equity,29,Cohen &amp; Steers,False,25.2,-0.73,26.79,2026-09-14T00:00:00,19248A109,Cohen & Steers Infrastructure,2026-09-14,XUTFX,Equity-Sector Equity,28.77,2817.614,,Monthly,0.38602000000000003,0.16499999999999998,20.0,5.4498,,,3.43,,4205.393,True,False,False,False,False,False,,16.2,16.59,7.74,6.43,12.1,18.08,,,9.53,3640110,,,103.041,,7.43,,25.83736,-5.37682,-0.25,-4.53,-0.64,2026-09-14T00:00:00,2004-03-30T00:00:00,3/30/2004,1080604800,2026-09-08T00:00:00
99,LDP,-0.0877,7.25762,7.95547,0.131,6.41,18,Morningstar US CEF Preferreds,30,"Cohen &amp; Steers Capital Management, Inc.",False,19.76,-0.19,21.66,2026-09-14T00:00:00,19248C105,Cohen & Steers Ltd Duration Pref & Inc,2026-09-14,XLDPX,Fixed Income - Taxable-Preferreds,33.34,574.605,,Monthly,0.7218,0.131,25.0,,,,3.67,,944.856,True,False,False,False,False,False,,11.76,13.8,4.3,2.9699999999999998,2.85,3.29,,,4.74,623860,,,,,88.99,,21.01247,-5.97252,-2.03,-2.61,-1.8599999999999999,2026-09-14T00:00:00,2012-07-27T00:00:00,7/27/2012,1343347200,2026-09-08T00:00:00
100,RQI,-0.073,8.56463,9.23867,0.09,13.23,7,Morningstar US CEF Real Estate,29,Cohen &amp; Steers,False,11.69,-0.12,12.61,2026-09-14T00:00:00,19247L106,Cohen & Steers Qual Inc Realty,2026-09-14,XRQIX,Equity-Real Estate,27.69,1719.3,,Monthly,0.13026000000000001,0.09,15.0,4.5417000000000005,,,3.45,,2564.734,True,False,False,False,False,False,,12.01,11.12,3.3,2.52,17.1,12.9,,,6.78,5097990,,,102.1293,,7.49,,12.40565,-4.07374,-1.07,0.43,-0.79,2026-09-14T00:00:00,2002-02-28T00:00:00,2/28/2002,1014854400,2026-09-08T00:00:00
101,RLTY,-0.08990000000000001,8.12808,8.93099,0.11,12.04,7,Morningstar US CEF Real Estate,30,"Cohen &amp; Steers Capital Management, Inc.",True,14.78,-0.07,16.24,2026-09-14T00:00:00,19249Q103,Cohen & Steers Real Estate Opp & Inc Fd,2026-09-14,XRLTX,Equity-Real Estate,34.18,247.157,,Monthly,0.17708000000000002,0.11,20.0,5.2869,,,4.55,,412.572,True,False,False,False,True,False,,11.32,13.9,,,12.6,11.5,,,8.1,600420,,,104.0393,,,,15.30611,-7.5032,-1.17,-0.77,-0.77,2026-09-14T00:00:00,2022-02-24T00:00:00,2/24/2022,1645660800,2026-09-08T00:00:00
102,RNP,-0.0692,7.78626,8.36494,0.13599999999999998,9.42,7,Morningstar US CEF Real Estate,30,"Cohen &amp; Steers Capital Management, Inc.",True,19.51,-0.16,20.96,2026-09-14T00:00:00,19247X100,Cohen & Steers REIT & Preferred Inc Fd,2026-09-14,XRNPX,Equity-Real Estate,30.91,936.482,,Monthly,0.40266,0.13599999999999998,25.0,5.8091,,,3.37,,1456.207,True,False,False,False,True,False,,11.69,10.75,3.41,2.44,10.14,6.8100000000000005,,,-2.66,1214560,,,106.003,,6.69,,20.69255,-3.45217,-1.04,0.45,-0.66,2026-09-14T00:00:00,2003-06-27T00:00:00,6/27/2003,1056672000,2026-09-08T00:00:00
103,PSF,-0.1106,7.17949,8.07261,0.126,5.66,18,Morningstar US CEF Preferreds,29,Cohen &amp; Steers,False,18.73,-0.08,21.06,2026-09-14T00:00:00,19248Y107,Cohen & Steers Select Preferred & Inc,2026-09-14,XPSFX,Fixed Income - Taxable-Preferreds,33.74,225.288,,Monthly,0.69831,0.126,25.0,7.0987,,,3.76,,382.314,True,False,False,False,False,False,,11.29,10.71,3.13,-1.5,2.06,1.09,,,2.94,379880,,,101.0886,,86.4,,20.06084,-8.45087,-1.76,-1.8900000000000001,-1.8900000000000001,2026-09-14T00:00:00,2010-11-24T00:00:00,11/24/2010,1290556800,2026-09-08T00:00:00
104,PTA,-0.1101,8.12121,9.12599,0.13399999999999998,4.62,18,Morningstar US CEF Preferreds,30,"Cohen &amp; Steers Capital Management, Inc.",True,17.62,-0.19,19.8,2026-09-14T00:00:00,19249X108,Cohen & Steers Tax-adv Prd Sec and Inc,2026-09-14,XPTAX,Fixed Income - Taxable-Preferreds,35.6,973.918,,Monthly,0.63166,0.13399999999999998,25.0,7.3128,,,4.36,,1699.319,True,False,False,False,True,False,,10.01,9.61,2.74,1.8599999999999999,1.5,1.1,,,-0.63,1426570,,,103.3882,,,,19.39054,-6.68191,-2.8,-2.87,-2.91,2026-09-14T00:00:00,2020-10-28T00:00:00,10/28/2020,1603843200,2026-09-08T00:00:00
105,RFI,-0.0405,8.45815,8.81543,0.08,9.1,7,Morningstar US CEF Real Estate,30,"Cohen &amp; Steers Capital Management, Inc.",False,10.89,-0.12,11.35,2026-09-14T00:00:00,19247R103,Cohen & Steers Total Return,2026-09-14,XRFIX,Equity-Real Estate,0.04,291.434,,Monthly,0.15775,0.08,15.0,6.5819,,,0.9400000000000001,,303.723,True,False,False,False,False,False,,9.52,8.93,2.7,0.68,11.15,8.41,,,1.78,947880,,,,,,,11.42093,-1.30957,-1.03,0.05,-0.42,2026-09-14T00:00:00,1993-09-27T00:00:00,9/27/1993,749088000,2026-09-08T00:00:00
106,STK,-0.07150000000000001,3.33995,3.59712,0.46249999999999997,79.33,3,Morningstar US CEF Covered Call,31,"Columbia Mgmt Investment Advisers, LLC",True,51.43,-0.22,55.39,2026-09-14T00:00:00,19842X109,Columbia Seligman Premium Technology Gr,2026-09-14,XSTKX,Equity-Covered-Call Funds,,908.322,,Quarterly,-0.11919,0.46249999999999997,20.0,,,,1.12,,980.307,False,True,False,False,True,False,,38.16,32.09,21.73,20.22,49.41,46.43,,,76.17,566480,,,,,,,43.49867,-4.47317,-1.27,-0.39,-0.87,2026-09-14T00:00:00,2009-11-25T00:00:00,11/25/2009,1259107200,2026-08-17T00:00:00
107,CLM,0.0333,23.10618,22.36196,0.1215,16.72,10,Morningstar US CEF US Equity,32,"Cornerstone Advisors, LLC",True,6.52,-0.05,6.31,2026-09-11T00:00:00,21924B302,Cornerstone Strategic Investment Fund,2026-09-14,XCLMX,Equity-U.S. Equity,0.0,2019.09,,Monthly,-0.00202,0.1215,38.52,,,,1.1,,1954.058,True,False,False,False,True,False,,19.73,12.29,12.1,7.86,9.63,-8.97,,,-0.37,18637550,,,,,,,7.75395,18.72596,-3.16,-1.83,-2.47,2026-09-14T00:00:00,1987-06-23T00:00:00,6/23/1987,551404800,2026-09-15T00:00:00
108,CRF,0.0359,23.05882,22.25868,0.1176,17.04,10,Morningstar US CEF US Equity,32,"Cornerstone Advisors, LLC",True,6.34,0.02,6.12,2026-09-11T00:00:00,21924U300,Cornerstone Total Return Fund,2026-09-14,XCRFX,Equity-U.S. Equity,9.5,1070.765,,Monthly,-0.00521,0.1176,25.0,,,,1.13,,1033.609,True,False,False,False,True,False,,20.08,9.97,12.54,6.75,9.74,-8.96,,,-1.6099999999999999,12585000,,,,,,,7.43985,17.54393,-2.84,-1.63,-2.18,2026-09-14T00:00:00,1973-05-16T00:00:00,5/16/1973,106358400,2026-09-15T00:00:00
109,DXYZ,-0.0796,,,,395.66,8,Morningstar US CEF Sector Equity,34,Destiny Advisors LLC,True,31.57,4.84,34.3,2026-03-31T00:00:00,25063F107,Destiny Tech100 Inc,2026-09-14,DXYZ,Equity-Sector Equity,,1504.542,,Monthly,-0.28507,,,,,,4.53,,1634.647,False,True,False,False,True,False,,,,,,71.76,4.9,,,17.43,20108870,,,,,,,30.34958,68.52015,-0.91,0.8300000000000001,-0.28,2026-09-14T00:00:00,2024-03-26T00:00:00,3/26/2024,1711411200,
110,DMA,-0.1442,15.0838,17.62456,0.11249999999999999,0.62,26,Morningstar US CEF US Allocation,35,Destra Capital Advisors LLC,True,7.65977,-0.09,8.95,2026-09-14T00:00:00,25065A502,Destra Multi-Alternative,2026-09-14,XDMAX,Hybrid-U.S. Allocation,10.99,68.656,,Monthly,0.19305,0.11249999999999999,,,,,3.29,,90.121,True,False,True,False,True,False,,1.4,17.43,-0.24,,-1.5,-4.93,,,2.32,245770,,,,,0.11,,8.19861,-14.6446,0.09,0.64,0.86,2026-09-14T00:00:00,2022-01-13T00:00:00,1/13/2022,1642032000,2026-08-21T00:00:00
111,DNP,0.09849999999999999,8.35118,7.60234,0.065,11.22,8,Morningstar US CEF Sector Equity,39,Duff &amp; Phelps Inv Mgmt Co (IL),True,10.26,-0.31,9.34,2026-09-14T00:00:00,23325P104,DNP Select Income,2026-09-14,XDNPX,Equity-Sector Equity,23.8,3886.515,,Monthly,0.10944,0.065,10.0,5.7021,,,2.5300000000000002,,4642.867,True,False,True,False,True,False,,16.02,11.43,8.53,8.38,10.08,13.86,,,18.4,5936630,,,,,7.32,5.85,10.41345,6.81973,0.86,-0.29,0.6,2026-09-14T00:00:00,1987-01-21T00:00:00,1/21/1987,538185600,2026-08-31T00:00:00
112,DSL,-0.0873,11.64021,12.75362,0.11,3.17,13,Morningstar US CEF Global Income,37,DoubleLine Capital LP,False,10.35,-0.05,11.34,2026-09-14T00:00:00,258622109,DoubleLine Income Solutions Fund,2026-09-14,XDSLX,Fixed Income - Taxable-Global Income,23.76,1185.811,,Monthly,0.47242,0.11,25.0,7.697,,,2.98,,1704.236,True,False,False,False,False,False,,9.89,7.13,1.01,0.56,3.7800000000000002,2.24,,,-4.06,5756000,,,91.9731,,,,11.19233,-4.79921,-2.29,-2.21,-2.5700000000000003,2026-09-14T00:00:00,2013-04-26T00:00:00,4/26/2013,1366934400,2026-08-19T00:00:00
113,DBL,-0.0339,9.12863,9.44882,0.11,2.92,17,Morningstar US CEF Multi-Sector,36,DoubleLine,False,13.97,-0.08,14.46,2026-09-14T00:00:00,258623107,Doubleline Opportunistic Cred,2026-09-14,XDBLX,Fixed Income - Taxable-Multi-Sector,8.04,276.214,,Monthly,0.46533,0.11,25.0,6.3626000000000005,,,2.02,,310.902,True,False,False,False,False,False,,9.09,8.81,2.64,1.8599999999999999,2.26,-1.57,,,-0.84,633480,,,83.6213,,,,14.77971,-1.0117,-1.38,-1.17,-1.4100000000000001,2026-09-14T00:00:00,2012-01-26T00:00:00,1/26/2012,1327536000,2026-08-19T00:00:00
114,DLY,-0.0947,9.34223,10.31982,0.1167,3.71,17,Morningstar US CEF Multi-Sector,37,DoubleLine Capital LP,True,13.57,-0.16,14.99,2026-09-14T00:00:00,25862D105,DoubleLine Yield Opportunities Fund,2026-09-14,XDLYX,Fixed Income - Taxable-Multi-Sector,16.14,658.679,,Monthly,0.62071,0.1167,20.0,7.611,,,2.89,,867.605,True,False,False,False,True,False,,8.74,8.22,2.76,2.08,2.69,1.8399999999999999,,,-1.4,2079370,,,95.0661,,,,14.36391,-6.78706,-2.03,-2.23,-2.03,2026-09-14T00:00:00,2020-02-25T00:00:00,2/25/2020,1582588800,2026-08-19T00:00:00
115,DTF,-0.038900000000000004,3.27181,3.40433,0.0325,1.9100000000000001,21,Morningstar US CEF Municipal,38,Duff &amp; Phelps,False,11.456,-0.02,11.92,2026-09-14T00:00:00,23334J107,DTF Tax-Free Income 2028 Term,2026-09-14,XDTFX,Fixed Income - Municipal-Municipal,32.16,80.531,,Monthly,0.13742000000000001,0.0325,15.0,4.9276,,,1.08,,83.792,True,True,True,False,False,False,,2.38,5.65,-2.5,-1.48,0.91,3.63,,,5.84,74300,,,103.9925,,8.11,1.63,11.43144,-5.38794,1.53,0.48,1.1,2026-09-14T00:00:00,1991-11-29T00:00:00,11/29/1991,691372800,2026-09-15T00:00:00
116,DPG,-0.11130000000000001,5.85937,6.59341,0.075,21.33,8,Morningstar US CEF Sector Equity,39,Duff &amp; Phelps Inv Mgmt Co (IL),True,13.65,-0.26,15.36,2026-09-14T00:00:00,26433C105,Duff & Phelps Utility and Infra Fund Inc,2026-09-14,XDPGX,Equity-Sector Equity,22.42,491.36,,Monthly,0.045200000000000004,0.075,20.0,,,,3.34,,712.724,True,False,False,False,True,False,,22.17,24.56,11.42,8.97,15.97,18.01,,,20.11,715490,,,,,,,13.89833,-10.63913,-0.5,-0.87,-0.39,2026-09-14T00:00:00,2011-07-29T00:00:00,7/29/2011,1311897600,2026-08-31T00:00:00
117,KTF,-0.0233,8.51163,8.71429,0.061,7.77,21,Morningstar US CEF Municipal,41,"DWS Investment Management Americas, Inc.",False,8.4,-0.06,8.6,2026-09-14T00:00:00,233368109,DWS Municipal Income,2026-09-14,XKTFX,Fixed Income - Municipal-Municipal,37.82,329.143,,Monthly,0.19611,0.061,12.0,4.4738,,15.48,3.14,,541.98,True,False,False,False,False,False,,3.31,9.15,-1.83,-0.77,0.04,1.6,,,7.57,1349170,,,97.3387,,13.42,8.84,9.08966,-1.68537,-0.68,-2.62,-2.8,2026-09-14T00:00:00,1988-10-20T00:00:00,10/20/1988,593308800,2026-08-19T00:00:00
118,GRF,-0.142,7.0598,8.22846,0.85,4.27,10,Morningstar US CEF US Equity,98,Sims Capital Management LLC,False,10.33,-0.1,12.04,2026-09-11T00:00:00,269451100,Eagle Capital Growth,2026-09-14,XGRFX,Equity-U.S. Equity,,40.988,,Annually,0.02503,0.85,10.0,,,,1.28,,47.773,False,False,False,False,False,False,,10.53,10.12,7.55,8.24,2.59,-6.08,,,3.31,31140,,,,,,,10.44799,-13.10824,-0.31,1.21,0.31,2026-09-14T00:00:00,1990-07-02T00:00:00,7/2/1990,646876800,2025-11-21T00:00:00
119,ECC,-0.1355,16.82243,19.45946,0.06,-23.2,19,Morningstar US CEF Senior Loans,42,Eagle Point Credit Management,False,3.7,-0.2,4.34,2026-08-31T00:00:00,269808101,Eagle Point Credit Company LLC,2026-09-14,XECCX,Fixed Income - Taxable-Senior Loans,30.65,492.14,,Monthly,0.61938,0.06,20.0,,,,9.21,,820.895,True,False,False,False,False,False,,-2.95,-9.06,-0.8300000000000001,-3.43,-11.98,-18.55,,,-32.09,13998220,,,,,,,4.77506,-9.36982,-0.56,0.18,-0.46,2026-09-14T00:00:00,2014-10-08T00:00:00,10/8/2014,1412726400,2026-09-10T00:00:00
120,EIC,-0.2021,10.71429,13.42828,0.11,-3.26,14,Morningstar US CEF High Yield,43,Eagle Point Income Management LLC,False,9.83,-0.2,12.43,2026-08-31T00:00:00,269817102,Eagle Point Income Co Inc,2026-09-14,XEICX,Fixed Income - Taxable-High Yield,11.77,226.52,,Monthly,,0.11,19.89,10.1647,,,6.36,,321.781,True,False,False,False,False,False,,11.08,2.61,6.53,2.3,0.12,-4.45,,,-18.04,1459500,,,87.475,,,,10.76913,-16.94474,-0.74,-1.3900000000000001,-0.89,2026-09-14T00:00:00,2019-07-23T00:00:00,7/23/2019,1563840000,2026-09-10T00:00:00
121,CEV,-0.0067,5.75816,5.7971,0.049999999999999996,8.37,22,Morningstar US CEF Municipal-CA,45,Eaton Vance Management,False,10.35,0.1,10.42,2026-09-14T00:00:00,27826F101,Eaton Vance CA Muni Inc,2026-09-14,XCEVX,Fixed Income - Municipal-Municipal - CA,33.95,72.798,0.02,Monthly,0.23213,0.049999999999999996,15.0,6.6915,,,2.48,,110.957,True,True,True,False,False,False,,3.02,8.97,-1.65,-0.37,0.78,10.54,,,19.2,254400,3.0,,97.7543,,,10.15,10.31278,-6.77061,2.93,1.78,2.48,2026-09-14T00:00:00,1999-01-29T00:00:00,1/29/1999,917568000,2026-09-14T00:00:00
122,EOI,-0.0637,7.62755,8.14612,0.1338,9.92,3,Morningstar US CEF Covered Call,45,Eaton Vance Management,True,19.71,0.02,21.05,2026-09-14T00:00:00,278274105,Eaton Vance Enhanced Equity Income,2026-09-14,XEOIX,Equity-Covered-Call Funds,,808.144,,Monthly,-0.04159,0.1338,20.0,,,,1.1,,863.087,False,False,False,False,True,False,,17.35,15.16,10.5,9.23,6.07,3.42,,,2.0,798910,,,,,,,20.05624,-4.19257,-0.87,0.2,-0.32,2026-09-14T00:00:00,2004-10-26T00:00:00,10/26/2004,1098748800,2026-09-15T00:00:00
123,EOS,-0.1016,7.73424,8.60857,0.1523,7.66,3,Morningstar US CEF Covered Call,44,Eaton Vance,True,21.23,-0.06,23.63,2026-09-14T00:00:00,278277108,Eaton Vance Enhanced Equity Income II,2026-09-14,XEOSX,Equity-Covered-Call Funds,,1131.899,,Monthly,-0.06004,0.1523,20.0,,,,1.09,,1259.857,False,False,False,False,True,False,,16.82,15.04,8.13,5.6,2.89,-2.38,,,-2.22,1207000,,,,,,,22.34566,-7.34358,-1.21,-1.05,-1.21,2026-09-14T00:00:00,2005-01-26T00:00:00,1/26/2005,1106697600,2026-09-15T00:00:00
124,EFT,-0.1226,7.10592,8.09886,0.071,1.3,19,Morningstar US CEF Senior Loans,45,Eaton Vance Management,False,10.52,-0.07,11.99,2026-09-14T00:00:00,278279104,Eaton Vance Floating-Rate Income,2026-09-14,XEFTX,Fixed Income - Taxable-Senior Loans,31.57,279.601,,Monthly,0.42226,0.071,20.0,6.7466,,,4.45,,465.671,True,False,False,False,False,False,,6.06,5.75,4.83,2.33,0.53,-0.97,,,-4.2,1131670,,,,,,,11.08232,-9.523060000000001,-1.9500000000000002,-2.42,-2.23,2026-09-14T00:00:00,2004-06-29T00:00:00,6/29/2004,1088467200,2026-09-15T00:00:00
125,EVV,-0.1107,8.54508,9.60829,0.06949999999999999,2.27,16,Morningstar US CEF Limited Duration,44,Eaton Vance,False,8.68,-0.17,9.76,2026-09-14T00:00:00,27828H105,Eaton Vance Limited Duration Income,2026-09-14,XEVVX,Fixed Income - Taxable-Limited Duration,41.4,1008.646,,Monthly,0.31291,0.06949999999999999,20.0,6.6631,,0.0,4.04,,1935.297,True,False,False,False,False,False,,7.35,9.05,3.16,2.17,0.4,-2.59,,,-3.69,3269750,,,97.9783,,,,9.62163,-6.4933,-2.45,-3.1,-3.22,2026-09-14T00:00:00,2003-05-30T00:00:00,5/30/2003,1054252800,2026-09-14T00:00:00
126,EIM,-0.0691,6.10822,6.56189,0.0508,5.71,21,Morningstar US CEF Municipal,45,Eaton Vance Management,False,9.29,-0.04,9.98,2026-09-14T00:00:00,27827X101,Eaton Vance Municipal Bond,2026-09-14,XEIMX,Fixed Income - Municipal-Municipal,31.51,477.251,0.030000000000000002,Monthly,0.24144000000000002,0.0508,15.0,6.4756,,,2.88,,748.544,True,False,True,False,False,False,,2.5700000000000003,5.88,-1.67,-2.05,0.02,2.6,,,3.76,1519860,7.0,,101.3506,,,8.03,9.8246,-7.1226,0.27,-0.01,0.03,2026-09-14T00:00:00,2002-08-30T00:00:00,8/30/2002,1030665600,2026-09-15T00:00:00
127,EVN,0.0187,6.04715,5.93635,0.0513,6.99,21,Morningstar US CEF Municipal,44,Eaton Vance,False,10.37,-0.05,10.18,2026-09-14T00:00:00,27826U108,Eaton Vance Municipal Income,2026-09-14,XEVNX,Fixed Income - Municipal-Municipal,34.93,414.0,0.045,Monthly,0.26558,0.0513,15.0,7.1799,,,2.46,,624.568,True,False,True,False,False,False,,3.7199999999999998,10.08,-1.3599999999999999,-0.41000000000000003,0.99,3.98,,,9.12,756410,7.0,,99.5019,,,7.79,10.82381,0.5431100000000001,0.75,0.35000000000000003,0.9500000000000001,2026-09-14T00:00:00,1999-01-29T00:00:00,1/29/1999,917568000,2026-09-14T00:00:00
128,EOT,-0.0767,4.72937,5.1225,0.0683,6.8,21,Morningstar US CEF Municipal,45,Eaton Vance Management,False,16.0,-0.23,17.33,2026-09-14T00:00:00,27829L105,Eaton Vance National Municipal Opprs Tr,2026-09-14,XEOTX,Fixed Income - Municipal-Municipal,12.95,249.999,0.099,Monthly,0.41933000000000004,0.0683,20.0,5.6834,,,1.25,,311.077,True,False,False,False,False,False,,4.21,6.47,-0.36,-0.97,0.9500000000000001,5.27,,,9.0,363730,20.0,,96.1856,,,9.21,17.08285,-5.53299,-1.11,-3.5700000000000003,-1.9500000000000002,2026-09-14T00:00:00,2009-05-27T00:00:00,5/27/2009,1243382400,2026-09-15T00:00:00
129,ETJ,-0.0827,8.61301,9.38942,0.06509999999999999,2.25,3,Morningstar US CEF Covered Call,45,Eaton Vance Management,True,8.32,0.0,9.07,2026-09-14T00:00:00,27829G106,Eaton Vance Risk-Mgd Divers Eq Inc,2026-09-14,XETJX,Equity-Covered-Call Funds,,559.951,,Monthly,-0.01498,0.06509999999999999,20.0,,,,1.12,,610.427,False,False,True,False,True,False,,11.15,11.22,6.05,3.9,0.05,2.44,,,3.5,1344880,,,,,,,8.59224,-8.80989,0.65,0.56,0.85,2026-09-14T00:00:00,2007-07-31T00:00:00,7/31/2007,1185840000,2026-09-15T00:00:00
130,EFR,-0.12390000000000001,6.98145,7.9692,0.06899999999999999,2.09,19,Morningstar US CEF Senior Loans,45,Eaton Vance Management,False,10.39,-0.03,11.86,2026-09-14T00:00:00,27828Q105,Eaton Vance Senior Floating Rate,2026-09-14,XEFRX,Fixed Income - Taxable-Senior Loans,31.08,306.75,,Monthly,0.42058,0.06899999999999999,20.0,6.7521,,4.83,3.26,,508.055,True,False,False,False,False,False,,6.16,5.27,5.0,3.04,1.16,-0.36,,,-2.04,1432040,,,,,,,10.83877,-10.04821,-1.65,-2.2800000000000002,-1.6099999999999999,2026-09-14T00:00:00,2003-11-24T00:00:00,11/24/2003,1069632000,2026-09-15T00:00:00
131,EVF,-0.1335,7.04626,8.13142,0.033,2.39,19,Morningstar US CEF Senior Loans,45,Eaton Vance Management,False,4.87,-0.08,5.62,2026-09-14T00:00:00,27826S103,Eaton Vance Senior Income,2026-09-14,XEVFX,Fixed Income - Taxable-Senior Loans,28.65,88.489,,Monthly,0.22106,0.033,10.0,6.8094,,,2.76,,143.122,True,False,False,False,False,False,,6.42,5.09,4.7,2.83,1.4,-0.41000000000000003,,,-2.83,767660,,,,,,,5.15081,-10.215,-1.6800000000000002,-3.4,-2.85,2026-09-14T00:00:00,1998-10-30T00:00:00,10/30/1998,909705600,2026-09-14T00:00:00
132,EVG,-0.0591,7.97088,8.47195,0.073,5.75,16,Morningstar US CEF Limited Duration,45,Eaton Vance Management,True,10.34,-0.07,10.99,2026-09-14T00:00:00,27828V104,Eaton Vance Short Duration Divers Inc,2026-09-14,XEVGX,Fixed Income - Taxable-Limited Duration,12.43,139.144,,Monthly,0.30311,0.073,20.0,5.7273,,,2.77,,168.891,True,False,False,False,True,False,,9.47,11.14,4.85,4.35,2.63,3.7,,,3.13,371590,,,97.5071,,,,10.85284,-3.6797500000000003,-1.8599999999999999,-2.48,-2.19,2026-09-14T00:00:00,2005-02-28T00:00:00,2/28/2005,1109548800,2026-09-15T00:00:00
133,ETG,-0.1067,5.97459,6.68793,0.1293,29.1,5,Morningstar US CEF Global Equity,45,Eaton Vance Management,False,23.2,-0.19,25.97,2026-09-14T00:00:00,27828S101,Eaton Vance Tax Adv Global Dividend Inc,2026-09-14,XETGX,Equity-Global Equity,15.73,1770.668,,Monthly,0.39383,0.1293,20.0,7.0367,,,2.2800000000000002,,2352.08,True,True,False,False,False,False,,20.94,22.15,10.79,9.9,16.39,9.84,,,24.52,1106680,,,,,3.76,,22.50989,-7.51369,-1.44,-2.24,-1.77,2026-09-14T00:00:00,2004-01-30T00:00:00,1/30/2004,1075420800,2026-09-15T00:00:00
134,EVT,-0.061399999999999996,6.48031,6.90388,0.1646,25.63,26,Morningstar US CEF US Allocation,45,Eaton Vance Management,True,28.61,-0.06,30.48,2026-09-14T00:00:00,27828G107,Eaton Vance Tax Advantaged Dividend Inc,2026-09-14,,Hybrid-U.S. Allocation,16.44,2132.669,,Monthly,0.12479,0.1646,20.0,7.0618,,,2.27,,2719.064,True,True,True,False,True,False,,17.19,17.97,9.47,8.47,18.42,20.38,,,27.78,1008020,,,,,4.98,,25.95678,-8.45573,2.05,1.1,1.63,2026-09-14T00:00:00,2003-09-30T00:00:00,9/30/2003,1064880000,2026-09-15T00:00:00
135,ETO,-0.1079,6.05063,6.78278,0.17329999999999998,27.08,25,Morningstar US CEF Global Allocation,45,Eaton Vance Management,True,30.66,-0.27,34.37,2026-09-14T00:00:00,27828U106,Eaton Vance Tax-Advantaged Glbl Div Opp,2026-09-14,XETOX,Hybrid-Global Allocation,15.46,502.46,,Monthly,0.64905,0.17329999999999998,20.0,7.1104,,,2.26,,666.26,True,True,False,False,True,False,,19.91,20.38,9.81,7.75,15.06,9.64,,,24.39,315430,,,,,3.63,,29.51056,-9.07492,-1.4100000000000001,-1.3599999999999999,-1.37,2026-09-14T00:00:00,2004-04-30T00:00:00,4/30/2004,1083283200,2026-09-15T00:00:00
136,ETB,-0.0872,7.47703,8.19097,0.10579999999999999,16.8,3,Morningstar US CEF Covered Call,45,Eaton Vance Management,True,15.5,-0.04,16.98,2026-09-14T00:00:00,27828X100,Eaton Vance Tax-Managed Buy-Write Income,2026-09-14,XETBX,Equity-Covered-Call Funds,,455.308,,Monthly,0.00844,0.10579999999999999,20.0,,,,1.12,,498.783,False,True,False,False,True,False,,15.2,15.0,9.82,7.74,9.74,8.8,,,14.46,521630,,,,,,,15.25088,-7.37565,-1.44,-0.48,-0.87,2026-09-14T00:00:00,2005-04-27T00:00:00,4/27/2005,1114560000,2026-09-15T00:00:00
137,ETV,-0.058100000000000006,7.36465,7.8189,0.0993,17.26,3,Morningstar US CEF Covered Call,45,Eaton Vance Management,True,15.24,0.05,16.18,2026-09-14T00:00:00,27828Y108,Eaton Vance Tax-Managed Buy-Write Opp,2026-09-14,XETVX,Equity-Covered-Call Funds,,1779.34,,Monthly,-0.00319,0.0993,20.0,,,,1.08,,1889.089,False,True,True,False,True,False,,16.4,16.15,9.1,7.66,8.71,12.99,,,19.26,1783100,,,,,,,14.53046,-7.11815,1.22,0.18,0.8200000000000001,2026-09-14T00:00:00,2005-06-27T00:00:00,6/27/2005,1119830400,2026-09-15T00:00:00
138,ETY,-0.0941,7.621,8.41272,0.0992,10.32,3,Morningstar US CEF Covered Call,45,Eaton Vance Management,True,14.15,-0.04,15.62,2026-09-14T00:00:00,27828N102,Eaton Vance Tax-Managed Divrs Equity Inc,2026-09-14,XETYX,Equity-Covered-Call Funds,,2253.821,,Monthly,-0.02538,0.0992,20.0,,,,1.06,,2487.963,False,False,False,False,True,False,,16.94,14.88,10.79,8.45,6.09,-0.37,,,-0.99,2355620,,,,,,,14.89707,-4.08825,-1.58,-1.3599999999999999,-1.62,2026-09-14T00:00:00,2006-11-27T00:00:00,11/27/2006,1164585600,2026-09-15T00:00:00
139,EXG,-0.0842,7.45885,8.14463,0.0657,24.05,3,Morningstar US CEF Covered Call,45,Eaton Vance Management,True,9.68,-0.02,10.57,2026-09-14T00:00:00,27829F108,Eaton Vance Tax-Mgd Glb Divrs Equity Inc,2026-09-14,XEXGX,Equity-Covered-Call Funds,,2961.461,,Monthly,0.03165,0.0657,20.0,,,,1.07,,3233.744,False,True,False,False,True,False,,16.7,18.64,9.15,7.75,13.02,10.77,,,21.67,4514620,,,,,,,9.41169,-6.89833,-1.24,-0.98,-0.76,2026-09-14T00:00:00,2007-02-23T00:00:00,2/23/2007,1172188800,2026-09-15T00:00:00
140,ETW,-0.10400000000000001,7.39833,8.25699,0.0664,20.65,3,Morningstar US CEF Covered Call,44,Eaton Vance,True,9.65,0.0,10.77,2026-09-14T00:00:00,27829C105,Eaton Vance Tx-Mgd Glbl Buy-Write Opp,2026-09-14,XETWX,Equity-Covered-Call Funds,,1047.969,,Monthly,0.06057,0.0664,20.0,,,,1.1,,1169.598,False,True,False,False,True,False,,16.02,17.6,8.39,6.97,12.08,13.49,,,19.72,3142050,,,,,,,9.29996,-10.13338,-0.34,0.19,0.13,2026-09-14T00:00:00,2005-09-28T00:00:00,9/28/2005,1127865600,2026-09-15T00:00:00
141,EARN,0.0373,23.8806,23.02158,0.08,-17.94,19,Morningstar US CEF Senior Loans,46,Ellington Credit Co Management LLC,True,4.17,-0.41000000000000003,4.18,2026-06-30T00:00:00,288578107,Ellington Credit Company,2026-09-14,EARN,Fixed Income - Taxable-Senior Loans,52.01,159.174,,Monthly,,0.08,5.5,,,,8.65,,319.722,True,False,True,False,True,False,,,-4.46,,-12.94,-10.89,-4.13,,,-5.98,3997970,,,,,,,4.8981200000000005,-2.47407,0.51,-1.21,-0.04,2026-09-14T00:00:00,2025-04-01T00:00:00,4/1/2025,1743465600,2026-08-31T00:00:00
142,ECF,-0.1177,6.27675,7.11399,0.22,21.73,11,Morningstar US CEF Convertibles,60,Gabelli Funds LLC,False,12.37,-0.14,14.02,2026-09-14T00:00:00,289074106,Ellsworth Growth and Income Fund,2026-09-14,XECFX,Fixed Income - Taxable-Convertibles,13.66,168.948,,Quarterly,0.01674,0.22,10.0,2.2873,,,1.22,,221.789,True,True,False,False,False,False,,20.66,20.37,5.3,4.35,15.25,9.14,,,20.81,312830,,,,,52.2,,12.21699,-10.84235,-0.54,0.35000000000000003,0.19,2026-09-14T00:00:00,1986-06-20T00:00:00,6/20/1986,519609600,2026-06-15T00:00:00
143,EEA,-0.1426,3.5043800000000003,4.08736,0.21989999999999998,16.29,5,Morningstar US CEF Global Equity,40,DWS,False,10.76,-0.15,12.55,2026-09-14T00:00:00,298768102,European Equity Fund,2026-09-14,XEEAX,Equity-Global Equity,1.28,73.729,,Semi-Annually,0.11774,0.21989999999999998,10.0,,,,1.42,,87.106,True,True,False,False,False,False,,13.15,15.18,5.87,6.77,11.15,10.49,,,15.3,286780,,,,,,,10.7331,-14.05946,-0.14,0.68,0.96,2026-09-14T00:00:00,1986-07-23T00:00:00,7/23/1986,522460800,2026-05-26T00:00:00
144,ETX,0.0134,5.22786,5.15888,0.07819999999999999,2.62,21,Morningstar US CEF Municipal,45,Eaton Vance Management,False,18.19,0.06,17.95,2026-09-14T00:00:00,27829U105,EV Municipal Income 2028 Term Trust,2026-09-14,XETTX,Fixed Income - Municipal-Municipal,3.3,198.199,0.17300000000000001,Monthly,0.34061,0.07819999999999999,20.0,4.4343,,,0.89,,202.254,True,False,False,False,False,True,,3.73,7.32,0.86,-0.27,1.4,0.47000000000000003,,,0.61,171450,2.0,,100.4621,,,2.18,18.81521,2.4805,-0.85,-0.07,-0.56,2026-09-14T00:00:00,2013-03-26T00:00:00,3/26/2013,1364256000,2026-09-15T00:00:00
145,FMN,-0.1026,4.61538,5.14286,0.045,6.76,21,Morningstar US CEF Municipal,47,Federated Advisers,False,10.5,-0.05,11.7,2026-09-14T00:00:00,31423P108,Federated Premier Municipal Income,2026-09-14,XFMNX,Fixed Income - Municipal-Municipal,38.53,82.096,,Monthly,0.27121,0.045,15.0,5.0469,,,3.7,,148.829,True,False,False,False,False,False,,3.94,7.15,-1.47,-2.66,-0.27,3.2800000000000002,,,9.4,265020,15.72,,103.46340000000001,,13.75,8.69,11.13875,-10.17774,-0.09,-2.35,-0.67,2026-09-14T00:00:00,2002-12-20T00:00:00,12/20/2002,1040342400,2026-08-21T00:00:00
146,FFA,-0.10039999999999999,6.66667,7.41064,0.425,21.63,3,Morningstar US CEF Covered Call,49,First Trust Advisors L.P.,True,22.94,-0.07,25.5,2026-09-14T00:00:00,337318109,First Trust Enhanced Equity Income,2026-09-14,XFFAX,Equity-Covered-Call Funds,,458.527,,Quarterly,0.04003,0.425,20.0,,,,1.12,,509.696,False,True,False,False,True,False,,19.3,16.95,11.13,9.27,11.48,9.8,,,18.03,262820,,,,,,,22.02061,-8.98763,-0.93,-0.49,-0.53,2026-09-14T00:00:00,2004-08-26T00:00:00,8/26/2004,1093478400,2026-06-22T00:00:00
147,FTHY,-0.050499999999999996,10.98901,11.57407,0.125,2.09,14,Morningstar US CEF High Yield,49,First Trust Advisors L.P.,True,12.96,-0.04,13.65,2026-09-14T00:00:00,33741Q107,FIRST TRUST HY OPPORTUNITIES 2027 Term,2026-09-14,XFTHYX,Fixed Income - Taxable-High Yield,21.69,476.578,,Monthly,0.42555,0.125,20.0,6.3615,,,3.5,,640.951,True,False,False,False,True,True,,6.64,10.37,1.65,1.74,-0.02,2.34,,,1.78,1013820,,,98.9101,,,,13.80312,-4.32372,-0.75,-2.42,-1.1400000000000001,2026-09-14T00:00:00,2020-06-25T00:00:00,6/25/2020,1593043200,2026-09-01T00:00:00
148,FPF,-0.076,9.02626,9.76909,0.13749999999999998,4.33,18,Morningstar US CEF Preferreds,49,First Trust Advisors L.P.,False,16.89,-0.14,18.28,2026-09-14T00:00:00,33718W103,First Trust Inter Dur Pref & Income Fund,2026-09-14,XFPFX,Fixed Income - Taxable-Preferreds,36.99,1027.72,,Monthly,0.64279,0.13749999999999998,25.0,7.3995,,,4.2,,1765.24,True,False,False,False,False,False,,11.18,15.27,2.13,0.85,-0.1,0.99,,,1.06,1206590,,,101.3111,,5.93,,18.38349,-5.38818,-1.99,-2.74,-2.39,2026-09-14T00:00:00,2013-05-23T00:00:00,5/23/2013,1369267200,2026-09-01T00:00:00
149,FMY,-0.067,6.37776,6.83611,0.065,3.13,15,Morningstar US CEF Investment Grade,49,First Trust Advisors L.P.,False,11.41,0.06,12.23,2026-09-14T00:00:00,33734E103,First Trust Mortgage Income,2026-09-14,XFMYX,Fixed Income - Taxable-Investment Grade,7.11,48.072,,Monthly,0.16028,0.065,20.0,5.027,,,1.4,,51.526,True,False,False,False,False,False,,7.49,8.6,3.71,3.26,0.8200000000000001,-0.1,,,1.33,61070,,,90.346,,,,11.89445,-6.2689,-0.4,-0.1,-0.07,2026-09-14T00:00:00,2005-05-25T00:00:00,5/25/2005,1116979200,2026-09-01T00:00:00
150,DFP,-0.113,7.18687,8.10277,0.1314,5.48,18,Morningstar US CEF Preferreds,51,Flaherty &amp; Crumrine Inc,False,19.46,-0.28,21.94,2026-09-14T00:00:00,33848W106,Flah & Crum Dynamic Pref & Income Fund,2026-09-14,XDFPX,Fixed Income - Taxable-Preferreds,38.01,399.672,,Monthly,0.77839,0.1314,25.0,7.3869,,,4.3,,726.907,True,False,False,False,False,False,,11.18,12.91,2.64,0.42,1.87,3.59,,,5.46,531310,,,102.9091,,7.14,,20.99497,-7.256,-2.73,-2.89,-2.77,2026-09-14T00:00:00,2013-05-24T00:00:00,5/24/2013,1369353600,2026-08-24T00:00:00
151,FFC,-0.0925,7.39223,8.14536,0.1046,5.73,18,Morningstar US CEF Preferreds,51,Flaherty &amp; Crumrine Inc,False,15.41,-0.21,16.98,2026-09-14T00:00:00,338478100,Flah&Crum Preferred Securities,2026-09-14,XFFCX,Fixed Income - Taxable-Preferreds,38.03,742.421,,Monthly,0.624,0.1046,25.0,7.3168,,,4.1,,1320.061,True,False,False,False,False,False,,11.55,13.71,2.62,0.16,2.06,1.43,,,5.65,1061750,,,102.3775,,7.28,,16.29898,-6.88951,-1.74,-2.49,-1.31,2026-09-14T00:00:00,2003-01-31T00:00:00,1/31/2003,1043971200,2026-08-24T00:00:00
152,FLC,-0.1164,7.0313,7.95774,0.10669999999999999,5.33,18,Morningstar US CEF Preferreds,51,Flaherty &amp; Crumrine Inc,False,16.09,-0.15,18.21,2026-09-14T00:00:00,338479108,Flah&Crum Total Return Fund,2026-09-14,XFLCX,Fixed Income - Taxable-Preferreds,38.36,168.25,,Monthly,0.629,0.10669999999999999,25.0,7.4035,,,4.5600000000000005,,308.919,True,False,False,False,False,False,,11.08,12.79,2.37,-0.09,1.71,-0.79,,,3.47,222960,,,103.068,,7.57,,17.20531,-8.43319,-2.39,-3.13,-2.99,2026-09-14T00:00:00,2003-08-29T00:00:00,8/29/2003,1062115200,2026-08-24T00:00:00
153,PFD,-0.0967,6.91475,7.6546199999999995,0.0703,5.21,18,Morningstar US CEF Preferreds,50,Flaherty &amp; Crumrine,False,11.0208,-0.1,12.2,2026-09-14T00:00:00,338480106,Flaherty & Crumrine Preferred Income,2026-09-14,XPFDX,Fixed Income - Taxable-Preferreds,36.75,141.645,,Monthly,0.41405000000000003,0.0703,15.0,7.2969,,,4.31,,247.901,True,False,False,False,False,False,,10.86,12.86,2.5,0.06,1.9,0.97,,,6.76,262310,,,103.0638,,7.33,,11.63537,-7.41342,-2.0,-2.54,-2.22,2026-09-14T00:00:00,1991-01-31T00:00:00,1/31/1991,665280000,2026-08-24T00:00:00
154,PFO,-0.10949999999999999,6.83819,7.67946,0.0567,5.2,18,Morningstar US CEF Preferreds,51,Flaherty &amp; Crumrine Inc,False,8.86,-0.1,9.95,2026-09-14T00:00:00,33848E106,Flaherty & Crumrine Preferred Income Opp,2026-09-14,XPFOX,Fixed Income - Taxable-Preferreds,38.25,115.865,,Monthly,0.34372,0.0567,12.5,7.4124,,,4.62,,210.719,True,False,False,False,False,False,,11.0,13.14,2.38,0.02,1.9,0.58,,,4.68,301450,,,102.9109,,7.54,,9.35611,-8.71543,-1.55,-2.42,-1.83,2026-09-14T00:00:00,1992-02-13T00:00:00,2/13/1992,697939200,2026-08-24T00:00:00
155,FXBY,-0.3422,0.34355,0.5222600000000001,0.13,22.6,10,Morningstar US CEF US Equity,73,Midas Management Corporation,False,24.8916,0.0,37.84,2026-09-14T00:00:00,351645205,FOXBY CORP,2026-09-14,,Equity-U.S. Equity,12.32,12.986,,Annually,-0.10635,0.13,10.0,,,,2.98,,22.516,True,True,True,False,False,False,,24.72,31.79,13.92,16.52,16.2,7.06,,,35.4,2600,,,,,,,22.25843,-34.55274,0.08,1.38,0.67,2026-09-14T00:00:00,1999-10-29T00:00:00,10/29/1999,941155200,2025-12-15T00:00:00
156,FTF,-0.1003,11.75159,13.06195,0.0615,3.9,16,Morningstar US CEF Limited Duration,53,"Franklin Advisers, Inc.",True,5.65,-0.03,6.28,2026-09-14T00:00:00,35472T101,Franklin Limited Duration Income Trust,2026-09-14,XFTFX,Fixed Income - Taxable-Limited Duration,29.05,228.29,,Monthly,0.27933,0.0615,15.0,6.7342,,,3.66,,357.636,True,False,False,False,True,False,,7.06,9.78,3.56,2.69,3.04,1.9500000000000002,,,1.6099999999999999,1897440,,,98.5867,,5.86,,6.00159,-8.08937,-1.52,-2.03,-1.96,2026-09-14T00:00:00,2003-08-27T00:00:00,8/27/2003,1061942400,2026-08-24T00:00:00
157,PMM,-0.0637,6.30573,6.7346900000000005,0.033,7.69,21,Morningstar US CEF Municipal,53,"Franklin Advisers, Inc.",False,5.88,-0.06,6.28,2026-09-14T00:00:00,746823103,Franklin Managed Municipal Income,2026-09-14,XPMMX,Fixed Income - Municipal-Municipal,30.5,251.86,,Monthly,0.15044,0.033,10.0,5.017,,,1.06,,387.044,True,False,True,False,False,False,,5.4,7.83,-0.34,-1.28,0.59,2.94,,,12.07,994300,,,94.3248,,13.46,9.47,6.22999,-6.61446,0.14,-1.63,-0.29,2026-09-14T00:00:00,1989-02-24T00:00:00,2/24/1989,604281600,2026-08-24T00:00:00
158,PIM,-0.0697,8.0,8.59935,0.022,3.37,15,Morningstar US CEF Investment Grade,53,"Franklin Advisers, Inc.",False,3.07,-0.01,3.3,2026-09-14T00:00:00,746909100,Franklin Master Intermediate Income,2026-09-14,XPIMX,Fixed Income - Taxable-Investment Grade,37.21,147.926,,Monthly,0.07573,0.022,10.0,5.6026,,,1.02,,253.231,True,False,False,False,False,False,,7.18,9.17,3.33,3.18,1.65,0.91,,,3.27,832010,,,92.1741,,,,3.25985,-4.73265,-1.33,-1.17,-1.15,2026-09-14T00:00:00,1988-04-29T00:00:00,4/29/1988,578275200,2026-08-24T00:00:00
159,PMO,-0.0877,5.88124,6.44628,0.052,6.67,21,Morningstar US CEF Municipal,53,"Franklin Advisers, Inc.",False,9.68,-0.08,10.61,2026-09-14T00:00:00,746922103,Franklin Municipal Opportunities,2026-09-14,XPMOX,Fixed Income - Municipal-Municipal,35.49,265.227,,Monthly,0.22914,0.052,15.0,4.9449000000000005,21.2967,17.07,1.04,,450.673,True,False,False,True,False,False,,4.48,5.71,-0.53,-2.39,-0.37,-0.91,,,8.62,637460,,,96.3899,,13.34,9.36,10.44627,-7.56024,-1.15,-2.38,-1.21,2026-09-14T00:00:00,1993-05-28T00:00:00,5/28/1993,738547200,2026-08-24T00:00:00
160,PPT,-0.07780000000000001,8.66667,9.39759,0.026,3.29,13,Morningstar US CEF Global Income,53,"Franklin Advisers, Inc.",False,3.32,0.01,3.6,2026-09-14T00:00:00,746853100,Franklin Premier Income,2026-09-14,XPPTX,Fixed Income - Taxable-Global Income,30.47,317.284,,Monthly,0.08203,0.026,10.0,5.5877,,,0.9400000000000001,,494.792,True,False,False,False,False,False,,7.16,8.44,3.42,2.9699999999999998,1.57,3.14,,,1.83,1551950,,,92.1578,,,,3.537,-5.65249,-1.5899999999999999,-1.31,-1.44,2026-09-14T00:00:00,1988-02-29T00:00:00,2/29/1988,573091200,2026-08-24T00:00:00
161,FT,-0.1161,6.04265,6.83646,0.042499999999999996,7.39,26,Morningstar US CEF US Allocation,53,"Franklin Advisers, Inc.",False,7.46,-0.07,8.44,2026-09-14T00:00:00,355145103,Franklin Universal Trust,2026-09-14,XFUTX,Hybrid-U.S. Allocation,22.05,187.484,,Monthly,0.1812,0.042499999999999996,10.0,7.2423,,,2.99,,272.113,True,False,False,False,False,False,,12.0,11.98,5.91,5.16,4.06,0.54,,,3.61,453530,,,88.5569,,4.99,,8.02268,-8.2694,-2.8200000000000003,-2.7800000000000002,-3.11,2026-09-14T00:00:00,1988-09-23T00:00:00,9/23/1988,590976000,2026-08-24T00:00:00
162,FSCO,-0.2697,10.01124,13.70769,0.059399999999999994,7.86,17,Morningstar US CEF Multi-Sector,56,FS Global Advisor LLC,True,5.2,0.0,7.12,2026-09-14T00:00:00,30290Y101,FS Credit Opportunities Corp.,2026-09-14,XFSCX,Fixed Income - Taxable-Multi-Sector,32.58,1031.451,,Monthly,0.31886000000000003,0.059399999999999994,,,,,7.0,,2094.845,True,False,False,False,True,False,,12.0,11.86,,,7.27,-9.78,,,-20.98,14659450,,,,,,,5.6299600000000005,-20.90834,-0.64,1.3,0.92,2026-09-14T00:00:00,2022-11-14T00:00:00,11/14/2022,1668384000,2026-08-24T00:00:00
163,FSSL,-0.35619999999999996,10.01675,15.55941,0.1495,,19,Morningstar US CEF Senior Loans,57,FS Specialty Lending Advisor LLC,True,11.53,-0.08,17.91,2026-09-14T00:00:00,644323107,FS Specialty Lending Fund,2026-09-14,FSSL,Fixed Income - Taxable-Senior Loans,27.48,875.331,,Monthly,,0.1495,14.12,,,,6.14,,1874.902,True,True,True,False,True,False,,,,,,4.6,-8.53,,,,0,,,92.6454,,,,,,,0.65,-0.23,2026-09-14T00:00:00,2025-11-13T00:00:00,11/13/2025,1762992000,2026-08-24T00:00:00
164,VCX,5.903,,,,66.4,8,Morningstar US CEF Sector Equity,58,"Fundrise Advisors, LLC",False,32.34,0.0,18.97,2026-03-31T00:00:00,360852107,Fundrise Innovation Common Share,2026-09-14,XVCX,Equity-Sector Equity,,,,,,,,6.2108,,,0.0,,,False,True,True,False,False,False,,23.59,,,,,,,,,0,,,88.8115,,,,,,,,,2026-09-14T00:00:00,2022-07-25T00:00:00,7/25/2022,1658707200,
165,GCV,0.0154,10.71429,10.55131,0.12,19.72,26,Morningstar US CEF US Allocation,59,Gabelli,True,4.5492,-0.03,4.48,2026-09-14T00:00:00,36240B109,Gabelli Conv Inc Secs,2026-09-14,XGCVX,Hybrid-U.S. Allocation,6.31,91.655,,Quarterly,-0.0030600000000000002,0.12,11.25,2.2015000000000002,,,2.07,,96.336,True,True,True,False,True,False,,16.23,17.83,2.9699999999999998,4.39,14.56,15.96,,,25.24,601310,,,,,,,4.42218,-1.1491,0.9500000000000001,0.58,0.68,2026-09-14T00:00:00,1995-03-31T00:00:00,3/31/1995,796608000,2026-06-15T00:00:00
166,GDV,-0.12,5.3876100000000005,6.12245,0.15,18.05,10,Morningstar US CEF US Equity,60,Gabelli Funds LLC,True,29.4,-0.15,33.41,2026-09-14T00:00:00,36242H104,Gabelli Dividend & Income,2026-09-14,XGDVX,Equity-U.S. Equity,14.12,2592.124,,Monthly,-0.00444,0.15,20.0,,,,1.83,,3430.11,True,True,False,False,True,False,,17.11,20.26,8.35,8.77,14.02,13.18,,,19.1,1049420,,,,,0.19,,28.4268,-10.74996,-1.85,-1.75,-1.53,2026-09-14T00:00:00,2003-11-28T00:00:00,11/28/2003,1069977600,2026-08-17T00:00:00
167,GAB,-0.0433,10.38062,10.84991,0.15,16.36,10,Morningstar US CEF US Equity,59,Gabelli,True,5.53,-0.05,5.78,2026-09-14T00:00:00,362397101,Gabelli Equity,2026-09-14,XGABX,Equity-U.S. Equity,14.94,1893.01,,Quarterly,0.00639,0.15,10.0,,,,1.6099999999999999,,2326.043,True,False,False,False,True,False,,16.29,13.61,9.17,7.37,12.53,-1.52,,,4.7,7773760,,,,,0.37,0.18,5.84909,1.05615,-0.9,0.15,-0.2,2026-09-14T00:00:00,1986-08-21T00:00:00,8/21/1986,524966400,2026-06-15T00:00:00
168,GGZ,-0.10890000000000001,4.7138,5.28967,0.21,15.32,5,Morningstar US CEF Global Equity,59,Gabelli,False,15.88,-0.18,17.82,2026-09-14T00:00:00,36249W104,Gabelli Global Small & Mid Cap Value Tru,2026-09-14,XGGZX,Equity-Global Equity,22.55,122.397,,Quarterly,0.0682,0.21,12.0,,,,2.31,,177.35,True,True,True,False,False,False,,14.23,18.34,4.71,5.96,13.06,12.44,,,20.26,86730,,,,,0.24,0.12,15.43903,-11.34601,0.3,-0.03,-0.12,2026-09-14T00:00:00,2014-06-23T00:00:00,6/23/2014,1403481600,2026-06-15T00:00:00
169,GLU,-0.0567,6.68354,7.08535,0.11,18.06,8,Morningstar US CEF Sector Equity,60,Gabelli Funds LLC,True,18.63,-0.32,19.75,2026-09-14T00:00:00,36242L105,Gabelli Global Utility & Income,2026-09-14,XGLUX,Equity-Sector Equity,17.98,111.546,,Monthly,0.2284,0.11,20.0,,,,1.35,,144.177,True,False,False,False,True,False,,18.34,19.43,6.16,6.05,13.63,3.73,,,13.88,94000,,,,,0.14,0.22,19.26118,-0.95825,-1.37,-1.1,-1.17,2026-09-14T00:00:00,2004-05-25T00:00:00,5/25/2004,1085443200,2026-08-17T00:00:00
170,GRX,-0.10859999999999999,6.15385,6.90355,0.16999999999999998,12.82,8,Morningstar US CEF Sector Equity,59,Gabelli,False,9.85,0.13,11.05,2026-09-14T00:00:00,36246K103,Gabelli Healthcare & Wellness Trust,2026-09-14,XXGRX,Equity-Sector Equity,29.84,148.249,,Quarterly,-0.04734,0.16999999999999998,8.0,,,,3.17,,237.03,True,True,False,False,False,False,,4.82,8.36,-0.9400000000000001,0.11,10.04,7.84,,,13.72,286520,,,,,0.22,0.25,9.44443,-10.16584,-0.81,-0.29,-0.8200000000000001,2026-09-14T00:00:00,2007-06-19T00:00:00,6/19/2007,1182211200,2026-06-15T00:00:00
171,GGT,0.1008,22.88828,20.79208,0.08,19.48,8,Morningstar US CEF Sector Equity,59,Gabelli,False,4.04,0.01,3.67,2026-09-14T00:00:00,36239Q109,Gabelli Multimedia,2026-09-14,XGGTX,Equity-Sector Equity,33.02,155.047,,Monthly,-0.01495,0.08,7.5,,,,2.13,,210.272,True,False,True,False,False,False,,20.99,5.95,1.92,0.34,12.27,11.82,,,18.65,2669540,,,,,0.27,0.25,4.14611,10.00711,0.03,-0.66,-0.27,2026-09-14T00:00:00,1994-11-15T00:00:00,11/15/1994,784857600,2026-08-17T00:00:00
172,GUT,1.1429,20.40816,9.52381,0.049999999999999996,14.67,8,Morningstar US CEF Sector Equity,59,Gabelli,False,6.3,-0.11,2.94,2026-09-14T00:00:00,36240A101,Gabelli Utility Trust,2026-09-14,XGUTX,Equity-Sector Equity,15.26,563.13,,Monthly,0.030350000000000002,0.049999999999999996,7.5,,,,1.52,,310.119,True,True,True,False,False,False,,16.83,10.01,7.82,6.17,11.1,13.75,,,20.01,1975460,,,,,0.19,0.15,6.18038,96.03639,1.71,0.5700000000000001,1.11,2026-09-14T00:00:00,1999-07-09T00:00:00,7/9/1999,931478400,2026-08-17T00:00:00
173,GGN,-0.0894,5.96026,6.54545,0.034999999999999996,36.52,8,Morningstar US CEF Sector Equity,59,Gabelli,True,5.5,-0.06,6.04,2026-09-14T00:00:00,36465A109,GAMCO Global Gold Natural Resources&Inc,2026-09-14,XGGNX,Equity-Sector Equity,7.55,859.236,,Monthly,0.0325,0.034999999999999996,20.0,6.1,,,1.29,,1020.647,True,True,False,False,True,False,,26.08,23.99,19.53,17.65,17.36,14.18,,,27.56,6033190,,,,,0.58,0.52,5.20998,-6.70778,-0.72,0.03,-0.24,2026-09-14T00:00:00,2005-03-29T00:00:00,3/29/2005,1112054400,2026-08-17T00:00:00
174,GNT,0.027000000000000003,8.08989,7.87746,0.06,31.53,3,Morningstar US CEF Covered Call,60,Gabelli Funds LLC,False,9.14,0.06,8.9,2026-09-14T00:00:00,36465E101,"GAMCO Natural Resources, Gold & Inc Tr",2026-09-14,XGNTX,Equity-Covered-Call Funds,16.62,147.94,,Monthly,0.01705,0.06,20.0,6.111,,,1.9500000000000002,,172.779,True,True,True,False,False,False,,22.28,31.48,15.79,19.63,15.54,31.2,,,47.02,970710,,,,,0.89,0.62,8.0603,-4.09569,1.49,0.92,1.04,2026-09-14T00:00:00,2011-01-27T00:00:00,1/27/2011,1296086400,2026-08-17T00:00:00
175,GDL,-0.2169,4.46927,5.70749,0.12,5.88,26,Morningstar US CEF US Allocation,60,Gabelli Funds LLC,True,8.41,-0.01,10.74,2026-09-14T00:00:00,361570104,GDL Fund,2026-09-14,XGDLX,Hybrid-U.S. Allocation,10.06,92.17,,Quarterly,-0.00024,0.12,20.0,,,,3.27,,130.876,True,False,False,False,True,False,,6.46,8.24,4.93,4.49,5.48,3.77,,,4.5,97960,,,,,0.19,0.16,8.45783,-20.67521,-1.22,-0.87,-1.06,2026-09-14T00:00:00,2007-01-25T00:00:00,1/25/2007,1169683200,2026-06-15T00:00:00
176,GAM,-0.1144,8.70867,9.83405,6.4,22.26,10,Morningstar US CEF US Equity,61,General American Investors Co Inc,False,65.08,-0.65,73.49,2026-09-14T00:00:00,368802104,General American Investors,2026-09-14,XGAMX,Equity-U.S. Equity,9.79,1550.994,,Annually,0.00036,6.4,10.0,,,,1.07,,1941.461,True,True,False,False,False,False,,22.33,27.53,13.77,16.46,14.7,13.45,,,23.34,245380,,,,,0.03,,62.3709,-10.65123,-1.0,-0.43,-0.65,2026-09-14T00:00:00,1927-02-01T00:00:00,2/1/1927,-1354320000,2025-11-17T00:00:00
177,GUG,-0.1009,8.76923,9.753589999999999,0.11875,6.33,25,Morningstar US CEF Global Allocation,62,Guggenheim Funds Investment Advisors LLC,False,14.61,-0.39,16.25,2026-09-14T00:00:00,40170T106,Guggenheim Active Allocation Fund,2026-09-14,XGUGX,Hybrid-Global Allocation,24.75,481.839,,Monthly,0.54925,0.11875,20.0,5.74,,,3.19,,712.221,True,False,False,False,False,False,,9.58,12.57,,,3.13,4.46,,,4.6,818370,,,95.2366,,,,15.6348,-6.07974,-2.03,-2.24,-2.76,2026-09-14T00:00:00,2021-11-23T00:00:00,11/23/2021,1637625600,2026-09-15T00:00:00
178,GOF,-0.1191,21.33984,24.22616,0.18209999999999998,9.06,17,Morningstar US CEF Multi-Sector,62,Guggenheim Funds Investment Advisors LLC,False,9.02,-0.16,10.24,2026-09-14T00:00:00,40167F101,Guggenheim Strategic Opp Fund,2026-09-14,XGOFX,Fixed Income - Taxable-Multi-Sector,21.22,2015.499,,Monthly,0.35596,0.18209999999999998,20.0,5.7615,,,1.9700000000000002,,2904.382,True,False,False,False,False,False,,13.89,-0.68,7.89,-1.02,3.7199999999999998,-17.13,,,-24.38,16852570,,,98.0989,,,,11.8533,7.30768,-2.13,-2.22,-2.98,2026-09-14T00:00:00,2007-07-26T00:00:00,7/26/2007,1185408000,2026-09-15T00:00:00
179,GBAB,-0.036699999999999997,10.87003,11.28467,0.12572999999999998,3.8200000000000003,20,Morningstar US CEF Taxable Muni,62,Guggenheim Funds Investment Advisors LLC,False,13.37,-0.09,13.88,2026-09-14T00:00:00,401664107,Guggenheim Tax Muni & Inv Grade Debt Tr,2026-09-14,XGBAX,Fixed Income - Taxable-Taxable Muni,29.41,370.342,,Monthly,0.46383,0.12572999999999998,20.0,5.7718,,,2.83,,544.617,True,False,False,False,False,False,,6.78,5.99,-0.9,-2.5700000000000003,0.63,-1.7000000000000002,,,-2.63,875240,12.76,,96.372,,5.22,,14.712720000000001,-0.14838,-1.78,-2.04,-1.57,2026-09-14T00:00:00,2010-10-26T00:00:00,10/26/2010,1288051200,2026-09-15T00:00:00
180,HERZ,-0.1458,10.69743,12.52302,0.16999999999999998,-1.08,10,Morningstar US CEF US Equity,104,Thomas J Herzfeld Advisors Inc,False,16.29,0.97,19.24,2026-07-31T00:00:00,42804T205,Herzfeld Credit Income Fund,2026-09-14,HERZ,Equity-U.S. Equity,,317.389,,Monthly,0.05541,0.16999999999999998,5.2,,,,4.33,,371.554,False,False,False,False,False,False,,9.38,15.57,4.4,6.31,-6.91,-24.32,,,-9.02,124240,,,,,,,19.36853,-12.29993,-0.51,0.13,-0.2,2026-09-14T00:00:00,1994-05-20T00:00:00,5/20/1994,769392000,2026-08-17T00:00:00
181,PCF,-0.1383,11.06518,12.84133,0.057999999999999996,0.04,11,Morningstar US CEF Convertibles,22,Bulldog Investors LLP,False,5.42,-0.07,6.29,2026-09-11T00:00:00,42968F108,High Income Securities,2026-09-14,XPCFX,Fixed Income - Taxable-Convertibles,1.06,101.443,,Monthly,0.16873,0.057999999999999996,7.5,5.0759,,21.21,1.65,,117.726,True,False,False,False,False,False,,8.11,5.66,5.5,1.13,-1.48,-2.75,,,-4.28,773770,,,,,,,5.83927,-12.75678,-0.59,0.73,0.26,2026-09-14T00:00:00,1987-07-09T00:00:00,7/9/1987,552787200,2026-08-18T00:00:00
182,HGLB,-0.3677,8.9083,14.0884,0.08499999999999999,2.67,25,Morningstar US CEF Global Allocation,78,"NexPoint Asset Management, L.P.",False,7.24,-0.07,11.45,2026-09-14T00:00:00,43010T104,Highland Global Allocation Fund,2026-09-14,XHGLX,Hybrid-Global Allocation,2.79,170.795,,Monthly,0.20544,0.08499999999999999,15.0,9.7875,,,1.35,,270.111,True,False,False,False,False,False,,8.85,11.18,9.12,7.99,0.25,-10.63,,,-1.71,767830,,,,,0.31,,8.54017,-30.44395,-1.51,-0.36,-1.01,2026-09-14T00:00:00,1998-01-05T00:00:00,1/5/1998,883958400,2026-08-24T00:00:00
183,HFRO,-0.3875,3.89217,6.35488,0.0385,7.06,19,Morningstar US CEF Senior Loans,78,"NexPoint Asset Management, L.P.",True,7.27,-0.12,11.87,2026-09-14T00:00:00,43010E404,Highland Opportunities and Income Ord,2026-09-14,XHFOX,Fixed Income - Taxable-Senior Loans,17.53,402.673,,Monthly,0.29586,0.0385,15.0,8.0186,,,2.18,,797.215,True,True,True,False,True,False,,-0.5,4.47,1.8599999999999999,0.31,7.09,29.05,,,27.83,1365840,,,,,,,6.50033,-44.01853,1.33,-0.38,0.78,2026-09-14T00:00:00,2000-01-13T00:00:00,1/13/2000,947721600,2026-08-24T00:00:00
184,VKI,0.020499999999999997,8.0722,7.91038,0.0559,7.61,21,Morningstar US CEF Municipal,65,"Invesco Advisers, Inc",False,8.48,-0.06,8.31,2026-09-14T00:00:00,46132E103,Invesco Adv Muni Inc II,2026-09-14,XVKIX,Fixed Income - Municipal-Municipal,38.48,376.616,-0.002,Monthly,0.21381,0.0559,15.0,5.1931,,20.22,3.33,,599.892,True,False,True,False,False,False,,3.63,10.85,-1.34,-0.79,0.58,3.4,,,16.65,1204340,17.15,,96.6445,,10.05,8.68,8.97618,0.15833000000000003,0.72,-0.67,0.35000000000000003,2026-09-14T00:00:00,1993-08-27T00:00:00,8/27/1993,746409600,2026-09-14T00:00:00
185,VBF,-0.08109999999999999,5.09579,5.54552,0.0665,1.9,15,Morningstar US CEF Investment Grade,65,"Invesco Advisers, Inc",False,14.39,-0.09,15.66,2026-09-14T00:00:00,46132L107,Invesco Bond,2026-09-14,XVBFX,Fixed Income - Taxable-Investment Grade,,164.407,0.001,Monthly,0.40588,0.0665,20.0,5.6338,,15.48,0.5700000000000001,,178.917,False,False,False,False,False,False,,5.4,5.29,-0.41000000000000003,-0.97,-0.47000000000000003,-1.43,,,-0.03,527670,,,96.9961,,,,15.21071,-6.99277,-1.24,-1.13,-1.16,2026-09-14T00:00:00,1970-10-28T00:00:00,10/28/1970,25920000,2026-09-14T00:00:00
186,VCV,0.05,8.24681,7.8541,0.06459999999999999,8.25,22,Morningstar US CEF Municipal-CA,65,"Invesco Advisers, Inc",False,9.870000000000001,-0.06,9.4,2026-09-14T00:00:00,46132H106,Invesco CA Value,2026-09-14,XVCVX,Fixed Income - Municipal-Municipal - CA,40.79,478.784,-0.039,Monthly,0.22155,0.06459999999999999,15.0,5.1828,,20.77,3.35,,770.08,True,False,False,False,False,False,,3.35,11.35,-1.23,0.03,-0.12,-1.02,,,10.59,981030,15.53,,94.3565,,11.52,8.96,10.76913,5.02589,-0.01,-0.22,0.23,2026-09-14T00:00:00,1993-04-30T00:00:00,4/30/1993,736128000,2026-09-14T00:00:00
187,VLT,-0.0965,10.25788,11.35307,0.0895,5.39,14,Morningstar US CEF High Yield,65,"Invesco Advisers, Inc",False,9.46,-0.23,10.47,2026-09-14T00:00:00,46131F101,Invesco High Income II,2026-09-14,XVLTX,Fixed Income - Taxable-High Yield,30.95,61.596,-0.029,Monthly,0.36908,0.0895,60.0,6.9603,,6.78,3.41,,98.723,True,False,False,False,False,False,,8.24,9.39,3.13,1.96,2.45,-5.16,,,-1.75,177990,,,99.0033,,,,10.67704,-2.84937,-2.52,-2.3,-3.05,2026-09-14T00:00:00,1989-04-28T00:00:00,4/28/1989,609724800,2026-09-14T00:00:00
188,VMO,0.0108,8.0819,7.99574,0.0625,7.52,21,Morningstar US CEF Municipal,65,"Invesco Advisers, Inc",False,9.38,0.0,9.28,2026-09-14T00:00:00,46132C107,Invesco Muni Opp,2026-09-14,XVMOX,Fixed Income - Municipal-Municipal,38.0,632.594,-0.012,Monthly,0.23512,0.0625,15.0,5.3225,,20.36,3.26,,1009.452,True,False,True,False,False,False,,3.56,9.72,-1.46,-1.22,0.43,6.55,,,13.38,2334490,17.21,,96.2895,,11.8,8.97,9.69437,-3.16131,2.37,2.16,2.3,2026-09-14T00:00:00,1992-04-24T00:00:00,4/24/1992,704073600,2026-09-14T00:00:00
189,VKQ,0.0054,8.08584,8.04269,0.0628,7.29,21,Morningstar US CEF Municipal,65,"Invesco Advisers, Inc",False,9.37,-0.02,9.32,2026-09-14T00:00:00,46131J103,Invesco Municipal,2026-09-14,XVKQX,Fixed Income - Municipal-Municipal,39.17,518.494,-0.006,Monthly,0.23747000000000001,0.0628,15.0,5.3716,,20.5,3.24,,847.877,True,False,True,False,False,False,,3.59,9.71,-1.3900000000000001,-1.24,0.45,5.91,,,14.76,1889460,15.92,,96.6798,,11.71,8.94,9.72416,-3.34967,1.98,1.6400000000000001,1.6099999999999999,2026-09-14T00:00:00,1991-09-27T00:00:00,9/27/1991,685929600,2026-09-14T00:00:00
190,OIA,-0.0137,5.96923,6.05199,0.029099999999999997,9.25,21,Morningstar US CEF Municipal,65,"Invesco Advisers, Inc",False,5.77,-0.08,5.85,2026-09-14T00:00:00,46132X101,Invesco Municipal Inc Opp I,2026-09-14,XOIAX,Fixed Income - Municipal-Municipal,31.7,276.26,0.019,Monthly,0.16802,0.029099999999999997,10.0,7.0142,,22.18,2.45,,410.075,True,False,False,False,False,False,,5.06,4.27,-0.18,-1.21,1.6400000000000001,4.9,,,12.16,1205940,30.48,,87.4958,,,,6.09985,-1.09233,-0.18,-0.6,-0.54,2026-09-14T00:00:00,1988-09-19T00:00:00,9/19/1988,590630400,2026-09-14T00:00:00
191,VPV,0.0828,7.98006,7.37017,0.0667,6.72,24,Morningstar US CEF Municipal-Single State,65,"Invesco Advisers, Inc",False,10.86,-0.07,10.03,2026-09-14T00:00:00,46132K109,Invesco PA Value,2026-09-14,XVPVX,Fixed Income - Municipal-Municipal - Single-State,37.89,194.092,0.126,Monthly,0.24298,0.0667,15.0,5.0179,,19.59,3.1,,288.634,True,True,True,False,False,False,,3.5,12.68,-1.24,2.07,0.24,12.91,,,21.64,317210,25.47,,96.0024,,11.26,8.28,10.7713,-0.31354000000000004,2.17,1.58,1.78,2026-09-14T00:00:00,1993-04-30T00:00:00,4/30/1993,736128000,2026-09-14T00:00:00
192,IQI,0.0404,8.05532,7.74233,0.0631,6.95,21,Morningstar US CEF Municipal,65,"Invesco Advisers, Inc",False,9.78,-0.07,9.4,2026-09-14T00:00:00,46133G107,Invesco Quality Municipal Income Trust,2026-09-14,XIQIX,Fixed Income - Municipal-Municipal,35.71,517.204,0.026000000000000002,Monthly,0.24185,0.0631,15.0,5.5043,,18.62,2.91,,773.178,True,False,True,False,False,False,,3.66,10.95,-1.3900000000000001,0.2,0.37,6.85,,,15.86,1430850,15.49,,93.8966,,10.7,8.66,9.97517,-1.57051,2.7199999999999998,1.72,1.99,2026-09-14T00:00:00,1992-09-29T00:00:00,9/29/1992,717724800,2026-09-14T00:00:00
193,VVR,-0.1317,10.41916,12.0,0.028999999999999998,1.19,19,Morningstar US CEF Senior Loans,65,"Invesco Advisers, Inc",False,2.9,-0.04,3.34,2026-09-14T00:00:00,46131H107,Invesco Senior Income,2026-09-14,XVVRX,Fixed Income - Taxable-Senior Loans,35.52,446.383,-0.044000000000000004,Monthly,0.16899,0.028999999999999998,10.0,,,3.9,4.89,,797.316,True,False,False,False,False,False,,5.54,3.34,4.88,4.21,0.86,-1.6400000000000001,,,-7.77,9749670,,,,,,,3.15456,-9.844570000000001,-1.8900000000000001,-2.05,-1.81,2026-09-14T00:00:00,1998-06-24T00:00:00,6/24/1998,898646400,2026-09-14T00:00:00
194,VGM,0.015600000000000001,8.05821,7.93449,0.06459999999999999,7.51,21,Morningstar US CEF Municipal,65,"Invesco Advisers, Inc",False,9.77,-0.08,9.62,2026-09-14T00:00:00,46131M106,Invesco Tr Inv Gr Muni,2026-09-14,XVGMX,Fixed Income - Municipal-Municipal,37.89,529.846,-0.018000000000000002,Monthly,0.24485,0.06459999999999999,15.0,5.4212,,20.77,3.11,,839.934,True,False,True,False,False,False,,3.6,11.04,-1.4100000000000001,-0.26,0.48,5.12,,,17.21,1703330,18.24,,96.729,,11.28,8.91,10.25885,-1.06811,1.24,0.13,0.84,2026-09-14T00:00:00,1992-01-24T00:00:00,1/24/1992,696211200,2026-09-14T00:00:00
195,VTN,0.0121,8.30303,8.20359,0.06849999999999999,7.72,23,Morningstar US CEF Municipal-NY,65,"Invesco Advisers, Inc",False,10.02,-0.04,9.9,2026-09-14T00:00:00,46131T101,Invesco Tr Inv Gr NY,2026-09-14,XVTNX,Fixed Income - Municipal-Municipal - NY,34.48,146.727,0.01,Monthly,0.25475000000000003,0.06849999999999999,15.0,5.1028,,23.49,2.69,,221.271,True,False,False,False,False,False,,2.68,10.1,-1.54,0.8,-0.22,-2.15,,,14.09,318520,25.38,,90.718,,13.06,10.43,11.20745,3.28808,-0.8300000000000001,-1.92,-1.47,2026-09-14T00:00:00,1992-03-27T00:00:00,3/27/1992,701654400,2026-09-14T00:00:00
196,IIM,0.0426,8.03823,7.71,0.0771,6.65,21,Morningstar US CEF Municipal,65,"Invesco Advisers, Inc",False,12.0,-0.11,11.51,2026-09-14T00:00:00,46132P108,Invesco Value Muni Income,2026-09-14,XIIMX,Fixed Income - Municipal-Municipal,35.84,565.022,-0.011000000000000001,Monthly,0.29788000000000003,0.0771,15.0,5.5984,,18.25,2.93,,844.673,True,False,True,False,False,False,,3.64,10.78,-1.18,0.33,0.56,8.79,,,16.52,1188260,17.03,,94.3507,,10.32,8.32,12.4933,0.9409000000000001,1.43,0.31,0.96,2026-09-14T00:00:00,1993-02-26T00:00:00,2/26/1993,730684800,2026-09-14T00:00:00
197,JOF,-0.1266,8.06751,9.23671,0.09559999999999999,31.63,1,Morningstar US CEF Asia Equity,79,Nomura Asset Management Co Ltd,False,12.42,-0.14,14.22,2026-09-14T00:00:00,47109U104,Japan Smaller Cap Fund,2026-09-14,XXJOFXX,Equity-Asia Equity,0.0,316.716,,Monthly,0.03946,0.09559999999999999,12.0,,,,2.09,,362.617,True,True,False,False,False,False,,23.81,27.36,11.52,12.59,25.62,21.31,,,29.77,762230,,,,,,,11.28007,-10.70392,-1.26,-0.9,-0.85,2026-09-14T00:00:00,1990-03-21T00:00:00,3/21/1990,637977600,2026-09-15T00:00:00
198,BTO,-0.06509999999999999,6.2425,6.67694,0.65,22.04,8,Morningstar US CEF Sector Equity,67,John Hancock Investment Management LLC,True,38.94,0.16,41.65,2026-09-14T00:00:00,409735206,JHancock Financial Opportunities,2026-09-14,XBTOX,Equity-Sector Equity,13.6,772.299,0.0,Quarterly,0.27503,0.65,20.0,4.7005,,,2.42,,956.047,True,True,False,False,True,False,,26.24,22.91,10.31,5.48,19.84,16.38,,,12.24,461000,,,,,38.99,,36.83977,-2.5116,-1.8,-1.98,-1.8599999999999999,2026-09-14T00:00:00,1994-08-18T00:00:00,8/18/1994,777168000,2026-06-11T00:00:00
199,JHS,-0.1003,5.30683,5.89817,0.1535,1.48,15,Morningstar US CEF Investment Grade,67,John Hancock Investment Management LLC,False,10.41,-0.19,11.57,2026-09-14T00:00:00,410123103,JHancock Income Secs,2026-09-14,XJHSX,Fixed Income - Taxable-Investment Grade,40.39,121.241,0.0,Quarterly,0.29069,0.1535,15.3,5.4543,,,4.41,,226.051,True,False,False,False,False,False,,5.33,5.35,-1.38,-2.55,-0.9,-4.61,,,-0.79,147960,,,98.3831,,7.08,4.44,11.32257,-7.67769,-1.48,-3.06,-2.61,2026-09-14T00:00:00,1973-02-14T00:00:00,2/14/1973,98496000,2026-06-11T00:00:00
200,JHI,-0.1097,8.46154,9.504,0.297,5.2,15,Morningstar US CEF Investment Grade,66,John Hancock,False,12.5,-0.11,14.04,2026-09-14T00:00:00,410142103,JHancock Investors,2026-09-14,XJHIX,Fixed Income - Taxable-Investment Grade,41.45,109.307,0.0,Quarterly,0.58459,0.297,21.06,6.8494,,,4.59,,209.673,True,False,False,False,False,False,,8.84,10.08,2.14,1.0,3.09,1.87,,,3.06,207470,6.53,,98.1223,,6.17,,13.51831,-7.5546500000000005,-2.44,-3.35,-2.74,2026-09-14T00:00:00,1971-01-29T00:00:00,1/29/1971,33955200,2026-06-11T00:00:00
201,HPI,0.020499999999999997,10.15068,9.94631,0.1235,2.27,18,Morningstar US CEF Preferreds,67,John Hancock Investment Management LLC,False,14.9,-0.2,14.6,2026-09-14T00:00:00,41013W108,JHancock Preferred Income,2026-09-14,XHPIX,Fixed Income - Taxable-Preferreds,39.66,399.203,0.0,Monthly,0.56391,0.1235,25.0,6.4987,,,4.48,,648.265,True,False,False,False,False,False,,9.71,11.13,2.67,2.59,0.1,3.46,,,8.4,530160,,,101.5739,,91.45,,16.34676,3.86518,-0.85,-3.7199999999999998,-1.13,2026-09-14T00:00:00,2002-08-27T00:00:00,8/27/2002,1030406400,2026-09-11T00:00:00
202,HPF,0.0021,10.22774,10.20661,0.1235,2.42,18,Morningstar US CEF Preferreds,67,John Hancock Investment Management LLC,False,14.52,-0.27,14.49,2026-09-14T00:00:00,41013X106,JHancock Preferred Income II,2026-09-14,XHPFX,Fixed Income - Taxable-Preferreds,39.72,314.37,0.0,Monthly,0.5652,0.1235,25.0,6.5714,,,4.51,,520.421,True,False,False,False,False,False,,9.82,10.76,2.85,1.56,0.32,3.25,,,5.89,362840,,,101.5517,,90.07,,16.06208,2.94362,-1.76,-3.68,-2.07,2026-09-14T00:00:00,2002-11-29T00:00:00,11/29/2002,1038528000,2026-09-11T00:00:00
203,HPS,-0.0084,10.1072,10.19305,0.11,2.48,18,Morningstar US CEF Preferreds,67,John Hancock Investment Management LLC,False,12.95,-0.15,13.06,2026-09-14T00:00:00,41021P103,JHancock Preferred Income III,2026-09-14,XHPSX,Fixed Income - Taxable-Preferreds,39.5,416.587,0.0,Monthly,0.50751,0.11,25.0,6.5064,,,4.47,,694.425,True,False,False,False,False,False,,9.82,9.0,2.94,2.24,0.46,2.58,,,3.1,597040,,,101.6004,,86.67,,14.602360000000001,3.9007300000000003,-2.83,-3.31,-3.86,2026-09-14T00:00:00,2003-06-18T00:00:00,6/18/2003,1055894400,2026-09-11T00:00:00
204,PDT,-0.1265,7.70618,8.82265,0.08829999999999999,7.76,18,Morningstar US CEF Preferreds,66,John Hancock,True,12.01,-0.12,13.75,2026-09-14T00:00:00,41013T105,JHancock Premium Dividend Fund,2026-09-14,XPDTX,Fixed Income - Taxable-Preferreds,35.59,590.715,0.0,Monthly,0.34231,0.08829999999999999,12.0,5.8871,,,4.32,,1049.997,True,False,False,False,True,False,,15.46,16.64,7.01,2.54,5.87,4.55,,,1.62,1211800,,,,,76.11,,12.97071,-9.610710000000001,-1.73,-2.65,-2.47,2026-09-14T00:00:00,1989-12-21T00:00:00,12/21/1989,630201600,2026-09-11T00:00:00
205,HTD,-0.050199999999999995,7.42947,7.82178,0.158,7.91,26,Morningstar US CEF US Allocation,67,John Hancock Investment Management LLC,True,24.24,-0.5,25.52,2026-09-14T00:00:00,41013V100,JHancock Tax-Advantaged Dividend Inc,2026-09-14,XHTDX,Hybrid-U.S. Allocation,32.12,858.867,0.0,Monthly,0.63149,0.158,20.0,5.9626,,,3.58,,1332.12,True,False,True,False,True,False,,16.36,18.4,8.19,8.52,7.27,12.01,,,10.63,637110,,,,,68.76,,24.95006,-5.83244,0.48,-1.72,0.05,2026-09-14T00:00:00,2004-02-27T00:00:00,2/27/2004,1077840000,2026-09-11T00:00:00
206,HEQ,-0.10550000000000001,7.93021,8.86525,0.25,15.29,5,Morningstar US CEF Global Equity,67,John Hancock Investment Management LLC,True,11.28,-0.03,12.61,2026-09-14T00:00:00,47804L102,John Hancock Diversified Income Fund,2026-09-14,XHEQX,Equity-Global Equity,10.42,134.554,,Quarterly,0.35522,0.25,20.0,6.6246,,,1.31,,167.919,True,True,False,False,True,False,,12.95,13.74,8.42,7.33,10.68,14.25,,,19.33,367100,,,97.9782,,,,11.172,-10.35288,-0.14,-1.5899999999999999,-1.25,2026-09-14T00:00:00,2011-05-26T00:00:00,5/26/2011,1306368000,2026-06-11T00:00:00
207,KYN,-0.1124,6.49038,7.31212,0.09,31.32,6,Morningstar US CEF MLP,69,"KA Fund Advisors, LLC",False,14.77,-0.07,16.64,2026-09-14T00:00:00,486606106,Kayne Anderson Energy Infrastructure,2026-09-14,XKYNX,Equity-MLP,25.23,2497.992,,Monthly,0.31841,0.09,25.0,7.259,,,3.3,,3763.74,True,True,True,False,False,False,,27.56,30.3,22.88,24.05,30.73,27.01,,,28.86,3891260,,,,,15.1,,13.33165,-12.21977,0.63,1.13,1.6600000000000001,2026-09-14T00:00:00,2004-09-28T00:00:00,9/28/2004,1096329600,2026-09-15T00:00:00
208,KIO,-0.0836,12.31419,13.43779,0.1215,4.89,14,Morningstar US CEF High Yield,70,Kohlberg Kravis Roberts &amp; Co.,False,10.85,-0.1,11.84,2026-09-14T00:00:00,48249T106,KKR Income Opportunities Fund,2026-09-14,XKIOX,Fixed Income - Taxable-High Yield,32.97,444.689,,Monthly,0.63625,0.1215,20.0,7.7655,,,4.09,,723.901,True,False,False,False,False,False,,8.55,8.17,4.74,3.35,3.76,4.01,,,0.49,2465450,0.09000000000000001,,100.3092,,58.49,,11.45989,-6.41396,-1.24,-1.53,-1.28,2026-09-14T00:00:00,2013-07-26T00:00:00,7/26/2013,1374796800,2026-09-11T00:00:00
209,KF,-0.1589,1.82406,2.16877,1.381724,154.98,1,Morningstar US CEF Asia Equity,68,JPMorgan Asset Management (Asia Pacific) Limited,False,63.71,-4.27,75.75,2026-09-14T00:00:00,500634209,Korea Fund,2026-09-14,XKFDX,Equity-Asia Equity,5.74,264.928,,Annually,0.0077,1.381724,40.0,,,,1.21,,314.995,True,True,False,False,False,False,,45.82,46.16,17.56,18.23,82.09,77.4,,,144.86,195970,,,,,,,50.66806,-13.46163,-1.3900000000000001,-0.66,-0.88,2026-09-14T00:00:00,1984-08-29T00:00:00,8/29/1984,462585600,2025-12-23T00:00:00
210,LGI,-0.0415,10.17579,10.61592,0.15339999999999998,14.3,5,Morningstar US CEF Global Equity,71,Lazard Asset Management LLC,False,17.34,-0.13,18.09,2026-09-14T00:00:00,52106W103,Lazard Global Total Return and Income,2026-09-14,XLGIX,Equity-Global Equity,9.13,225.888,,Monthly,0.028050000000000002,0.15339999999999998,20.0,7.7462,,,2.0,,259.334,True,False,False,False,False,False,,12.72,18.36,5.87,6.5600000000000005,8.81,13.42,,,14.96,434370,,,,,3.13,,17.83736,-1.8310400000000002,-0.74,-2.22,-1.88,2026-09-14T00:00:00,2004-04-28T00:00:00,4/28/2004,1083110400,2026-09-10T00:00:00
211,USA,-0.1261,10.08902,11.54499,0.16999999999999998,7.71,10,Morningstar US CEF US Equity,9,ALPS Advisors Inc,True,5.890000000000001,0.01,6.74,2026-09-14T00:00:00,530158104,Liberty All-Star Equity,2026-09-14,XUSAX,Equity-U.S. Equity,0.86,1815.412,,Quarterly,0.02437,0.16999999999999998,10.0,,,,0.91,,2050.039,True,False,False,False,True,False,,13.03,9.47,6.41,3.45,7.65,3.68,,,1.4100000000000001,12680230,,,,,,,5.99843,-10.09266,-1.76,-1.2,-1.33,2026-09-14T00:00:00,1986-10-31T00:00:00,10/31/1986,531100800,2026-07-16T00:00:00
212,ASG,-0.1267,8.33333,9.54274,0.12,6.32,10,Morningstar US CEF US Equity,9,ALPS Advisors Inc,True,5.03,-0.01,5.76,2026-09-14T00:00:00,529900102,Liberty All-Star Growth,2026-09-14,XASGX,Equity-U.S. Equity,0.06,320.5,,Quarterly,-0.01856,0.12,10.0,,,,1.12,,362.311,True,False,False,False,True,False,,10.43,8.32,0.44,-1.3,7.2,4.86,,,2.43,2566550,,,,,,,5.27548,-10.58569,-1.57,-0.67,-1.09,2026-09-14T00:00:00,1986-03-14T00:00:00,3/14/1986,511142400,2026-07-16T00:00:00
213,SCD,-0.1092,8.36723,9.39335,0.12,16.77,25,Morningstar US CEF Global Allocation,54,"Franklin Templeton Fund Adviser, LLC",True,15.33,-0.02,17.21,2026-09-14T00:00:00,50208A102,LMP Capital and Income,2026-09-14,XSCDX,Hybrid-Global Allocation,21.03,351.154,,Monthly,0.06042,0.12,20.0,,,,2.39,,499.218,True,True,False,False,True,False,,16.3,16.62,11.07,11.2,13.68,12.11,,,10.21,778210,13.6,,,,4.25,,15.30453,-9.44751,-0.87,0.13,-0.45,2026-09-14T00:00:00,2004-02-24T00:00:00,2/24/2004,1077580800,2026-08-24T00:00:00
214,MXE,-0.1791,1.43993,1.7541600000000002,0.2337,24.61,4,Morningstar US CEF Emerging Market Equity,89,Pichardo Asset Management SA De CV,False,13.3226,0.0,16.23,2026-09-14T00:00:00,592834105,Mexico Equity & Income,2026-09-14,XMXEX,Equity-Emerging Market Equity,,58.622,,Annually,0.07512,0.2337,12.0,7.969,,0.02,2.13,,71.415,False,True,True,False,False,False,,7.71,12.81,7.8100000000000005,2.89,11.7,8.72,,,23.23,59160,,,,,,,12.87486,-17.91112,0.0,0.77,0.09,2026-09-14T00:00:00,1990-08-15T00:00:00,8/15/1990,650678400,2025-12-16T00:00:00
215,MXF,-0.1131,5.78037,6.51782,0.3474,24.71,4,Morningstar US CEF Emerging Market Equity,64,"Impulsora Del Fondo Mexico, SC",True,21.32,0.0,24.04,2026-09-14T00:00:00,592835102,Mexico Fund,2026-09-14,XXMXFXX,Equity-Emerging Market Equity,,307.436,,Quarterly,0.27312000000000003,0.3474,12.0,5.75,,,1.36,,346.658,False,True,True,False,True,False,,9.49,13.93,10.61,12.07,11.34,13.26,,,27.07,466850,,,,,,,20.91459,-13.19834,1.9100000000000001,1.4100000000000001,1.35,2026-09-14T00:00:00,1981-06-03T00:00:00,6/3/1981,360374400,2026-07-22T00:00:00
216,CAF,-0.1632,1.20068,1.43492,0.262949,27.83,1,Morningstar US CEF Asia Equity,74,Morgan Stanley,False,18.325,-0.09,21.9,2026-09-14T00:00:00,617468103,Morgan Stanley China A Share,2026-09-14,XCAFX,Equity-Asia Equity,,244.711,,Annually,-0.01046,0.262949,20.0,,,,1.52,,292.451,False,True,False,False,False,False,,15.48,16.17,2.22,0.65,16.72,9.33,,,24.74,373640,,,,,,,18.133,-14.02975,-1.08,-0.37,-0.7000000000000001,2026-09-14T00:00:00,2006-09-28T00:00:00,9/28/2006,1159401600,2025-12-19T00:00:00
217,MSD,-0.1014,7.60456,8.46262,0.15,11.12,12,Morningstar US CEF Emerging Market Income,75,"Morgan Stanley Investment Management, Inc.",False,7.09,-0.08,7.89,2026-09-14T00:00:00,61744H105,Morgan Stanley Emerging Markets Debt,2026-09-14,XMSDX,Fixed Income - Taxable-Emerging Market Income,0.03,143.44,,Quarterly,0.30967,0.15,15.0,6.5116,,6.76,1.36,,159.625,True,False,False,False,False,False,,12.68,14.6,3.33,4.21,4.65,2.68,,,5.35,926710,,,,,,,7.39448,-7.00095,-1.71,-2.33,-1.6400000000000001,2026-09-14T00:00:00,1993-07-23T00:00:00,7/23/1993,743385600,2026-06-30T00:00:00
218,EDD,-0.0354,16.16162,16.75393,0.24,18.54,12,Morningstar US CEF Emerging Market Income,75,"Morgan Stanley Investment Management, Inc.",False,5.73,-0.18,5.9399999999999995,2026-09-14T00:00:00,617477104,Morgan Stanley Emrgng Mkts Domestic Debt,2026-09-14,XEDDX,Fixed Income - Taxable-Emerging Market Income,14.54,369.333,,Quarterly,0.28033,0.24,20.0,6.6059,,7.47,2.18,,448.018,True,True,True,False,False,False,,13.35,19.8,5.52,8.51,7.92,15.82,,,23.71,3623940,,,,,,,5.63149,-4.89042,0.47000000000000003,-0.8300000000000001,0.33,2026-09-14T00:00:00,2007-04-24T00:00:00,4/24/2007,1177372800,2026-06-30T00:00:00
219,IIF,-0.1189,7.81253,8.8663,1.985164,-5.13,1,Morningstar US CEF Asia Equity,75,"Morgan Stanley Investment Management, Inc.",False,22.39,-0.03,25.41,2026-09-14T00:00:00,61745C105,Morgan Stanley India Investment,2026-09-14,XIIFX,Equity-Asia Equity,,210.167,,Annually,-0.1168,1.985164,15.0,,,,1.35,,238.515,False,False,False,False,False,False,,7.66,12.46,5.14,7.46,-5.98,-6.93,,,-4.54,318790,,,,,,,23.91699,-11.0879,-1.03,-1.2,-0.8200000000000001,2026-09-14T00:00:00,1994-02-25T00:00:00,2/25/1994,762134400,2025-12-19T00:00:00
220,NML,-0.0839,7.12678,7.77946,0.07008,33.27,6,Morningstar US CEF MLP,76,Neuberger Berman,False,10.81,0.17,11.8,2026-09-14T00:00:00,64129H104,NB Energy Infra and Income Fund Inc,2026-09-14,XNMLX,Equity-MLP,24.65,612.483,,Monthly,-0.18702,0.07008,20.0,,,,1.07,,887.239,True,True,True,False,False,False,,22.27,25.23,22.52,26.94,31.8,33.32,,,33.45,1717700,,,,,,,9.5374,-10.48552,2.09,1.26,1.73,2026-09-14T00:00:00,2013-03-26T00:00:00,3/26/2013,1364256000,2026-08-17T00:00:00
221,NBXG,-0.1186,8.29016,9.40562,0.12,14.76,10,Morningstar US CEF US Equity,76,Neuberger Berman,False,15.31,-0.11,17.37,2026-09-14T00:00:00,64133Q108,Neuberger Brmn Nxt Gnrtn Cnnctvty,2026-09-14,XNBGX,Equity-U.S. Equity,,1205.839,,Monthly,-0.05846,0.12,20.0,,,,1.35,,1368.087,False,True,True,False,False,False,,19.45,23.56,5.0,4.52,10.56,11.98,,,12.6,2043000,,,,,,,14.79084,-12.98344,0.89,1.23,1.57,2026-09-14T00:00:00,2021-05-25T00:00:00,5/25/2021,1621900800,2026-09-15T00:00:00
222,NHS,-0.10369999999999999,16.81115,18.75648,0.0905,2.95,14,Morningstar US CEF High Yield,76,Neuberger Berman,False,5.79,-0.06,6.46,2026-09-14T00:00:00,64128C106,Neuberger High Yield Strategies,2026-09-14,XNHSX,Fixed Income - Taxable-High Yield,33.18,242.345,,Monthly,0.18333,0.0905,15.0,7.1575,,,3.39,,404.669,True,False,False,False,False,False,,8.54,5.99,1.6600000000000001,-0.23,0.86,-10.44,,,-7.11,2058820,,,99.371,,5.04,3.38,6.83732,-3.14629,-1.6,-2.48,-2.21,2026-09-14T00:00:00,2003-07-28T00:00:00,7/28/2003,1059350400,2026-08-17T00:00:00
223,NBH,-0.0788,6.17322,6.70144,0.054169999999999996,6.69,21,Morningstar US CEF Municipal,76,Neuberger Berman,False,9.7,-0.05,10.53,2026-09-14T00:00:00,64124P101,Neuberger Municipal Fund,2026-09-14,XNBHX,Fixed Income - Municipal-Municipal,42.22,287.295,,Monthly,0.13171,0.054169999999999996,15.0,4.9704,,,3.87,,539.778,True,False,True,False,False,False,,2.7199999999999998,6.6,-1.96,-4.64,0.02,3.93,,,8.72,924000,15.43,,98.9472,,13.96,8.22,10.29617,-8.58798,0.61,-0.73,0.2,2026-09-14T00:00:00,2002-09-27T00:00:00,9/27/2002,1033084800,2026-07-31T00:00:00
224,NRO,-0.10060000000000001,12.15584,13.51625,0.0312,4.77,7,Morningstar US CEF Real Estate,76,Neuberger Berman,False,2.77,-0.04,3.08,2026-09-14T00:00:00,64190A103,Neuberger Real Estate Securities Income,2026-09-14,XNROX,Equity-Real Estate,26.4,175.512,,Monthly,0.06094,0.0312,15.0,,,,3.12,,265.154,True,False,False,False,False,False,,9.78,10.9,0.43,-0.81,7.22,2.94,,,-0.38,2400180,,,,,,,3.02451,-7.27153,-1.42,-1.28,-1.56,2026-09-14T00:00:00,2003-10-31T00:00:00,10/31/2003,1067558400,2026-08-17T00:00:00
225,GF,-0.0702,2.5454499999999998,2.73778,0.154,2.43,9,Morningstar US CEF Single Country Equity,40,DWS,False,11.25,-0.02,12.1,2026-09-14T00:00:00,644465106,New Germany,2026-09-14,XGFNX,Equity-Single-Country Equity,8.57,183.462,,Semi-Annually,0.10538,0.154,20.0,,,,1.31,,215.828,True,False,True,False,False,False,,7.96,11.35,-4.65,-3.6,2.91,3.17,,,2.12,252460,,,,,,,11.4539,-9.87986,2.41,2.19,2.23,2026-09-14T00:00:00,1990-01-30T00:00:00,1/30/1990,633657600,2026-05-26T00:00:00
226,NVG,-0.0052,8.15835,8.20069,0.079,7.12,21,Morningstar US CEF Municipal,81,"Nuveen Fund Advisors, LLC.",False,11.56,-0.06,11.62,2026-09-14T00:00:00,67071L106,Nuveen AMT-Free Muni Credit Inc,2026-09-14,XNVGX,Fixed Income - Municipal-Municipal,43.55,2506.09,-0.02,Monthly,0.29602,0.079,15.0,4.8262,,18.73,3.64,,4462.502,True,False,True,False,False,False,,3.81,10.39,-1.75,-1.82,-0.64,0.89,,,10.45,5540250,23.2,3.01,91.9675,,15.21,9.41,12.57755,-0.63131,0.06,-1.6800000000000002,-0.6,2026-09-14T00:00:00,2002-03-25T00:00:00,3/25/2002,1017014400,2026-09-15T00:00:00
227,NUW,-0.07400000000000001,4.02768,4.34978,0.048499999999999995,4.95,21,Morningstar US CEF Municipal,81,"Nuveen Fund Advisors, LLC.",False,13.38,-0.11,14.45,2026-09-14T00:00:00,670695105,Nuveen AMT-Free Municipal Value Fund,2026-09-14,XNUWX,Fixed Income - Municipal-Municipal,7.46,240.189,-0.073,Monthly,0.30096,0.048499999999999995,15.0,5.412,,19.3,0.75,,280.322,True,False,False,False,False,False,,3.2,4.96,0.0,-0.31,0.23,0.31,,,6.13,392460,9.3,0.09000000000000001,97.0156,,9.22,8.55,14.22056,-5.12365,-2.55,-2.9699999999999998,-2.1,2026-09-14T00:00:00,2009-02-25T00:00:00,2/25/2009,1235520000,2026-09-15T00:00:00
228,NEA,0.0047,7.6404499999999995,7.60485,0.06799999999999999,6.14,21,Morningstar US CEF Municipal,81,"Nuveen Fund Advisors, LLC.",False,10.73,-0.12,10.68,2026-09-14T00:00:00,670657105,Nuveen AMT-Free Quality Muni Inc,2026-09-14,XNEAX,Fixed Income - Municipal-Municipal,42.41,3258.609,0.018000000000000002,Monthly,0.25491,0.06799999999999999,15.0,5.0705,,18.96,3.5300000000000002,,5631.579,True,False,True,False,False,False,,2.92,9.75,-1.9300000000000002,-0.97,-0.56,1.4100000000000001,,,9.78,8540900,21.6,4.02,95.7853,,11.78,8.06,11.4851,-0.55879,0.76,-0.33,0.43,2026-09-14T00:00:00,2002-11-21T00:00:00,11/21/2002,1037836800,2026-09-15T00:00:00
229,NAZ,0.0919,6.86981,6.29175,0.062,7.47,24,Morningstar US CEF Municipal-Single State,81,"Nuveen Fund Advisors, LLC.",False,11.825,-0.07,10.83,2026-09-14T00:00:00,67061W104,Nuveen AZ Quality Muni Inc,2026-09-14,XNAZX,Fixed Income - Municipal-Municipal - Single-State,40.3,154.13,0.031,Monthly,0.20512,0.062,15.0,4.7745,,17.42,3.55,,236.46,True,False,True,False,False,False,,3.31,12.91,-1.22,0.13,0.13,8.16,,,10.79,220800,21.2,0.81,98.4756,,13.1,8.34,12.23893,5.52665,0.99,0.73,0.2,2026-09-14T00:00:00,1992-11-19T00:00:00,11/19/1992,722131200,2026-09-15T00:00:00
230,NKX,0.025700000000000004,7.65957,7.46759,0.072,8.21,22,Morningstar US CEF Municipal-CA,81,"Nuveen Fund Advisors, LLC.",False,11.57,-0.15,11.28,2026-09-14T00:00:00,670651108,Nuveen CA AMT - Free Quality Muni Inc,2026-09-14,XNCMX,Fixed Income - Municipal-Municipal - CA,40.66,644.653,-0.014,Monthly,0.25181,0.072,15.0,4.782,,18.3,3.77,,1059.08,True,False,False,False,False,False,,3.42,10.09,-1.81,-0.49,0.58,1.77,,,9.81,1357520,22.9,0.6000000000000001,96.8209,,13.74,8.29,12.51705,4.04342,-0.99,-1.5899999999999999,-0.62,2026-09-14T00:00:00,2002-11-22T00:00:00,11/22/2002,1037923200,2026-09-15T00:00:00
231,NCA,-0.0079,4.05405,4.08627,0.03,6.04,22,Morningstar US CEF Municipal-CA,81,"Nuveen Fund Advisors, LLC.",False,8.81,-0.07,8.88,2026-09-14T00:00:00,67062C107,Nuveen CA Municipal Value,2026-09-14,XNCAX,Fixed Income - Municipal-Municipal - CA,0.0,293.85,-0.012,Monthly,0.17651,0.03,10.0,4.7261,,18.79,0.54,,296.185,True,False,False,False,False,False,,3.5,4.98,-0.08,0.52,0.84,3.77,,,10.44,683200,23.2,1.35,97.5019,,,8.27,9.17562,0.02306,-0.35000000000000003,-1.1,-1.16,2026-09-14T00:00:00,1987-10-07T00:00:00,10/7/1987,560563200,2026-09-15T00:00:00
232,NAC,0.006500000000000001,7.70795,7.6584,0.06949999999999999,8.74,22,Morningstar US CEF Municipal-CA,81,"Nuveen Fund Advisors, LLC.",False,10.89,-0.18,10.82,2026-09-14T00:00:00,67066Y105,Nuveen CA Quality Muni Income,2026-09-14,XNACX,Fixed Income - Municipal-Municipal - CA,40.12,1816.434,-0.005,Monthly,0.24164,0.06949999999999999,15.0,4.7834,,19.2,3.79,,3014.148,True,False,False,False,False,False,,3.37,11.33,-1.9300000000000002,-0.38,0.41000000000000003,3.67,,,11.8,5219980,23.1,1.08,97.0662,,13.55,8.55,11.81333,1.8752300000000002,-0.76,-3.31,-2.02,2026-09-14T00:00:00,1999-05-26T00:00:00,5/26/1999,927676800,2026-09-15T00:00:00
233,JCE,-0.0587,8.05755,8.55967,0.364,21.58,10,Morningstar US CEF US Equity,81,"Nuveen Fund Advisors, LLC.",True,17.01,0.16,18.07,2026-09-14T00:00:00,67090X107,Nuveen Core Equity Alpha,2026-09-14,XJCEX,Equity-U.S. Equity,1.35,289.216,0.0,Quarterly,0.0054600000000000004,0.364,20.0,,,,0.9900000000000001,,307.238,True,True,True,False,True,False,,20.8,19.78,12.51,11.7,12.3,12.01,,,18.2,393680,,,,,,,16.00551,-6.48018,0.71,1.17,1.38,2026-09-14T00:00:00,2007-03-27T00:00:00,3/27/2007,1174953600,2026-09-15T00:00:00
234,NPCT,-0.0639,10.3969,11.10651,0.0895,2.68,15,Morningstar US CEF Investment Grade,81,"Nuveen Fund Advisors, LLC.",True,9.67,-0.05,10.33,2026-09-14T00:00:00,67080D103,Nuveen Core Plus Impact Fund,2026-09-14,XNPCX,Fixed Income - Taxable-Investment Grade,37.9,278.061,,Monthly,0.18066000000000002,0.0895,20.0,4.3404,,29.1,4.43,,478.359,True,False,True,False,True,False,,7.92,11.93,-3.26,-3.13,0.45,2.49,,,-0.52,1232190,19.7,0.0,88.6715,,7.48,5.44,10.26143,-6.81967,0.28,1.69,0.21,2026-09-14T00:00:00,2021-04-27T00:00:00,4/27/2021,1619481600,2026-09-15T00:00:00
235,JQC,-0.1199,11.1236,12.6383,0.049499999999999995,5.84,19,Morningstar US CEF Senior Loans,81,"Nuveen Fund Advisors, LLC.",True,4.7,-0.01,5.34,2026-09-14T00:00:00,67073D102,Nuveen Credit Strategies Income Fund,2026-09-14,XJQCX,Fixed Income - Taxable-Senior Loans,38.47,694.738,-0.082,Monthly,0.23976,0.049499999999999995,15.0,,,5.0,5.09,,1282.941,True,False,False,False,True,False,,8.48,10.38,4.93,4.93,3.49,3.24,,,-1.9300000000000002,7740860,84.5,0.0,,,,,4.93751,-9.71505,-1.3599999999999999,-2.81,-1.82,2026-09-14T00:00:00,2003-06-25T00:00:00,6/25/2003,1056499200,2026-09-15T00:00:00
236,NDMO,-0.044000000000000004,7.17791,7.50802,0.058499999999999996,5.39,21,Morningstar US CEF Municipal,81,"Nuveen Fund Advisors, LLC.",True,9.35,-0.09,9.78,2026-09-14T00:00:00,67079X102,Nuveen Dynamic Municipal Opportunities,2026-09-14,XNDMX,Fixed Income - Municipal-Municipal,32.76,566.114,,Monthly,0.23738,0.058499999999999996,15.0,5.5876,,18.04,2.83,,880.694,True,False,False,False,True,False,,5.05,5.51,-2.48,-2.95,0.38,3.37,,,6.92,1418620,19.8,0.37000000000000005,96.271,,10.6,7.78,10.30295,-0.9255700000000001,-2.98,-3.0,-3.79,2026-09-14T00:00:00,2020-08-26T00:00:00,8/26/2020,1598400000,2026-09-15T00:00:00
237,JFR,-0.0971,11.22302,12.43028,0.078,6.29,19,Morningstar US CEF Senior Loans,81,"Nuveen Fund Advisors, LLC.",True,7.53,-0.07,8.34,2026-09-14T00:00:00,67072T108,Nuveen Floating Rate Income,2026-09-14,XJFRX,Fixed Income - Taxable-Senior Loans,37.4,1212.085,0.015000000000000001,Monthly,0.37027,0.078,15.0,,,4.8100000000000005,4.78,,2144.668,True,False,False,False,True,False,,8.94,11.25,6.02,5.99,4.11,6.76,,,3.22,7467760,88.3,0.0,,,,,7.72398,-9.09449,-0.41000000000000003,-2.33,-0.18,2026-09-14T00:00:00,2004-03-25T00:00:00,3/25/2004,1080172800,2026-09-15T00:00:00
238,JGH,-0.09699999999999999,9.2,10.18868,0.1035,6.84,13,Morningstar US CEF Global Income,81,"Nuveen Fund Advisors, LLC.",True,12.19,-0.01,13.5,2026-09-14T00:00:00,67075G103,Nuveen Global High Income Fund,2026-09-14,XJGHX,Fixed Income - Taxable-Global Income,29.32,342.854,-0.026000000000000002,Monthly,0.52601,0.1035,20.0,7.7831,,6.15,3.37,,537.199,True,False,False,False,True,False,,11.78,12.92,4.88,4.86,4.92,5.13,,,0.78,994180,36.3,0.0,98.8169,,,,12.70328,-7.58329,-1.44,-2.04,-2.16,2026-09-14T00:00:00,2014-11-24T00:00:00,11/24/2014,1416787200,2026-09-15T00:00:00
239,NMT,0.07150000000000001,6.92088,6.45907,0.0605,7.49,24,Morningstar US CEF Municipal-Single State,81,"Nuveen Fund Advisors, LLC.",False,11.24,-0.29,10.49,2026-09-14T00:00:00,67061E104,Nuveen MA Quality Muni Inc,2026-09-14,XNMTX,Fixed Income - Municipal-Municipal - Single-State,39.99,119.007,0.026000000000000002,Monthly,0.20713,0.0605,15.0,4.8771,,20.13,3.45,,185.066,True,False,False,False,False,False,,2.8200000000000003,14.51,-1.97,1.35,0.59,15.95,,,18.61,207580,21.9,1.73,99.8748,,7.76,8.93,12.0966,8.30474,-0.2,-4.49,-2.68,2026-09-14T00:00:00,1993-03-18T00:00:00,3/18/1993,732412800,2026-09-15T00:00:00
240,NMS,-0.0259,6.98061,7.16588,0.063,5.46,24,Morningstar US CEF Municipal-Single State,81,"Nuveen Fund Advisors, LLC.",False,10.55,0.06,10.83,2026-09-14T00:00:00,670734102,Nuveen MN Quality Muni Inc,2026-09-14,XMNSX,Fixed Income - Municipal-Municipal - Single-State,41.76,67.656,-0.014,Monthly,0.0,0.063,15.0,4.6902,,16.95,3.66,,119.252,True,False,False,False,False,False,,3.16,7.49,-1.3,-2.32,-1.53,-3.05,,,2.27,174900,43.0,0.0,98.2627,,12.68,7.55,11.90884,0.7787900000000001,-1.48,-1.0,-1.6400000000000001,2026-09-14T00:00:00,1993-06-25T00:00:00,6/25/1993,740966400,2026-09-15T00:00:00
241,JLS,-0.1116,9.86081,11.09973,0.1535,5.41,14,Morningstar US CEF High Yield,81,"Nuveen Fund Advisors, LLC.",True,16.595,-0.23,18.68,2026-09-14T00:00:00,670735109,Nuveen Mortgage and Income Fund,2026-09-14,XJLSX,Fixed Income - Taxable-High Yield,23.06,90.885,0.009000000000000001,Monthly,0.68728,0.1535,25.0,7.5578,,17.85,3.07,,132.96,True,False,False,False,True,False,,9.45,11.96,4.34,4.63,2.98,-0.7000000000000001,,,-0.73,197060,0.0,0.0,96.9542,,,,18.1319,-5.13435,-2.7800000000000002,-2.47,-2.02,2026-09-14T00:00:00,2009-11-25T00:00:00,11/25/2009,1259107200,2026-09-15T00:00:00
242,NMAI,-0.0296,9.37374,9.65996,0.11599999999999999,19.32,25,Morningstar US CEF Global Allocation,81,"Nuveen Fund Advisors, LLC.",True,14.41,-0.04,14.85,2026-09-14T00:00:00,670750108,Nuveen Multi-Asset Income,2026-09-14,XNMAX,Hybrid-Global Allocation,29.71,481.664,,Monthly,0.13858,0.11599999999999999,20.0,6.1033,,,3.38,,706.135,True,True,True,False,True,False,,15.15,21.22,,,12.19,20.55,,,29.08,1079580,28.2,0.0,96.8324,,,,13.49931,-7.68733,2.9,1.7000000000000002,2.19,2026-09-14T00:00:00,2021-11-22T00:00:00,11/22/2021,1637539200,2026-09-15T00:00:00
243,JMM,-0.1099,5.5414,6.2254,0.028999999999999998,1.92,15,Morningstar US CEF Investment Grade,81,"Nuveen Fund Advisors, LLC.",True,5.59,-0.09,6.28,2026-09-14T00:00:00,67075J107,Nuveen Multi-Market Income Fund,2026-09-14,XJMMX,Fixed Income - Taxable-Investment Grade,30.09,52.895,-0.001,Monthly,0.14258,0.028999999999999998,12.0,5.5021,,4.39,3.34,,84.996,True,False,False,False,True,False,,5.72,5.88,1.11,0.73,-0.29,0.56,,,-2.71,91130,26.7,0.0,96.6946,,,,5.98642,-8.60104,-1.3,-2.41,-1.27,2026-09-14T00:00:00,1988-12-30T00:00:00,12/30/1988,599443200,2026-09-15T00:00:00
244,NZF,-0.0196,8.13299,8.29565,0.0795,7.75,21,Morningstar US CEF Municipal,81,"Nuveen Fund Advisors, LLC.",False,11.5,-0.02,11.73,2026-09-14T00:00:00,67070X101,Nuveen Municipal Credit Income,2026-09-14,XNZFX,Fixed Income - Municipal-Municipal,41.76,2266.103,-0.015000000000000001,Monthly,0.31359,0.0795,15.0,5.2593,,19.97,3.61,,3968.625,True,False,False,False,False,False,,3.8200000000000003,10.0,-1.3,-0.91,0.79,1.85,,,9.78,5391500,25.0,2.59,93.9709,,12.28,8.31,12.50644,-0.6718400000000001,-1.05,-2.76,-2.15,2026-09-14T00:00:00,2001-09-25T00:00:00,9/25/2001,1001376000,2026-09-15T00:00:00
245,NMCO,-0.034,8.22,8.50932,0.06849999999999999,7.66,21,Morningstar US CEF Municipal,81,"Nuveen Fund Advisors, LLC.",False,9.66,-0.01,10.0,2026-09-14T00:00:00,670663103,Nuveen Municipal Credit Opps Fund,2026-09-14,XNMCX,Fixed Income - Municipal-Municipal,43.37,551.097,-0.035,Monthly,0.35941,0.06849999999999999,15.0,5.8652,,22.21,4.5,,1007.464,True,False,False,False,False,False,,3.61,3.16,-2.21,-2.95,1.6400000000000001,0.56,,,2.04,1828300,30.9,0.27,86.9685,,16.1,9.8,10.63835,-0.41181,-1.9500000000000002,-1.77,-2.58,2026-09-14T00:00:00,2019-09-16T00:00:00,9/16/2019,1568592000,2026-09-15T00:00:00
246,NMZ,-0.0197,8.14508,8.30867,0.0655,7.83,21,Morningstar US CEF Municipal,81,"Nuveen Fund Advisors, LLC.",False,9.46,-0.14,9.65,2026-09-14T00:00:00,670682103,Nuveen Municipal High Income Opp Fd,2026-09-14,XNMZX,Fixed Income - Municipal-Municipal,41.11,2045.629,0.044000000000000004,Monthly,0.15638,0.0655,15.0,5.7108,,21.33,3.5,,3543.571,True,False,False,False,False,False,,4.76,6.85,-1.62,-2.15,0.85,3.23,,,6.46,5083570,21.9,1.38,91.2079,,10.81,8.88,10.37341,-0.11955,-1.8900000000000001,-3.09,-1.81,2026-09-14T00:00:00,2003-11-19T00:00:00,11/19/2003,1069200000,2026-09-15T00:00:00
247,NMI,0.0408,4.76987,4.58291,0.038,6.25,21,Morningstar US CEF Municipal,81,"Nuveen Fund Advisors, LLC.",False,9.95,-0.03,9.56,2026-09-14T00:00:00,67062J102,Nuveen Municipal Income,2026-09-14,XNMIX,Fixed Income - Municipal-Municipal,2.99,121.392,-0.019,Monthly,0.21289,0.038,12.0,5.4726,,21.72,0.75,,116.634,True,False,False,False,False,False,,4.66,9.12,0.79,1.6,1.87,8.45,,,13.33,261680,16.7,0.66,98.5853,,,8.7,10.29502,4.28028,-0.05,-2.45,-1.03,2026-09-14T00:00:00,1988-04-20T00:00:00,4/20/1988,577497600,2026-09-15T00:00:00
248,NUV,-0.0182,4.43686,4.51912,0.0325,4.95,21,Morningstar US CEF Municipal,81,"Nuveen Fund Advisors, LLC.",False,8.63,-0.09,8.79,2026-09-14T00:00:00,670928100,Nuveen Municipal Value,2026-09-14,XNUVX,Fixed Income - Municipal-Municipal,6.15,1822.393,-0.018000000000000002,Monthly,0.19290000000000002,0.0325,10.0,5.2552,,18.27,0.66,,1856.18,True,False,False,False,False,False,,3.32,6.47,0.08,-1.35,0.53,2.21,,,8.24,4877280,11.1,0.8,96.1513,,,8.24,9.081,-0.40395000000000003,-1.49,-3.24,-3.23,2026-09-14T00:00:00,1987-06-17T00:00:00,6/17/1987,550886400,2026-09-15T00:00:00
249,QQQX,-0.0398,9.32407,9.71053,0.738,18.68,3,Morningstar US CEF Covered Call,81,"Nuveen Fund Advisors, LLC.",True,30.4,0.03,31.66,2026-09-14T00:00:00,670699107,Nuveen NASDAQ 100 Dynamic Overwrite,2026-09-14,XQQQX,Equity-Covered-Call Funds,,1484.334,0.0,Quarterly,-0.02811,0.738,20.0,,,,0.89,,1545.856,False,True,True,False,True,False,,17.61,18.64,9.22,8.66,7.84,13.37,,,25.11,1030700,,,,,,,28.82501,-7.09427,1.38,0.52,0.92,2026-09-14T00:00:00,2007-01-30T00:00:00,1/30/2007,1170115200,2026-09-15T00:00:00
250,NRK,0.008100000000000001,7.94742,7.88365,0.0655,7.74,23,Morningstar US CEF Municipal-NY,81,"Nuveen Fund Advisors, LLC.",False,9.97,0.03,9.89,2026-09-14T00:00:00,670656107,Nuveen NY AMT - Free Quality Muni Inc,2026-09-14,XNRKX,Fixed Income - Municipal-Municipal - NY,43.98,869.736,0.004,Monthly,0.2495,0.0655,15.0,4.6883,,19.76,3.69,,1540.037,True,False,True,False,False,False,,2.47,8.41,-2.22,-0.38,-0.28,7.3,,,17.0,3184320,23.3,0.11000000000000001,94.7019,,16.09,9.38,10.30686,-4.43223,1.98,2.5300000000000002,2.43,2026-09-14T00:00:00,2002-11-21T00:00:00,11/21/2002,1037836800,2026-09-15T00:00:00
251,NNY,-0.066,4.16961,4.46406,0.0295,5.67,23,Morningstar US CEF Municipal-NY,81,"Nuveen Fund Advisors, LLC.",False,7.93,-0.01,8.49,2026-09-14T00:00:00,67062M105,Nuveen NY Municipal Value,2026-09-14,XNNYX,Fixed Income - Municipal-Municipal - NY,0.0,149.766,-0.037,Monthly,0.17478,0.0295,10.0,4.7875,,19.89,0.5700000000000001,,160.343,True,False,False,False,False,False,,3.22,3.43,0.26,-0.67,0.73,-2.05,,,5.15,363000,28.8,0.0,96.2731,,,9.0,8.47508,-3.9620100000000003,-1.87,-1.28,-1.88,2026-09-14T00:00:00,1987-10-07T00:00:00,10/7/1987,560563200,2026-09-15T00:00:00
252,NAN,-0.0105,7.76403,7.84615,0.06799999999999999,7.49,23,Morningstar US CEF Municipal-NY,81,"Nuveen Fund Advisors, LLC.",False,10.4,-0.07,10.51,2026-09-14T00:00:00,67066X107,Nuveen NY Quality Muni Inc,2026-09-14,XNANX,Fixed Income - Municipal-Municipal - NY,41.18,346.118,0.013000000000000001,Monthly,0.25368,0.06799999999999999,15.0,4.9942,,20.82,3.77,,594.618,True,False,False,False,False,False,,2.86,8.98,-1.83,-0.77,0.13,1.6600000000000001,,,7.01,735500,27.2,0.01,97.6695,,13.6,8.79,11.3963,0.6770600000000001,-1.6600000000000001,-2.44,-2.43,2026-09-14T00:00:00,1999-05-26T00:00:00,5/26/1999,927676800,2026-09-15T00:00:00
253,JPC,-0.0697,9.86842,10.6082,0.0625,5.76,18,Morningstar US CEF Preferreds,81,"Nuveen Fund Advisors, LLC.",False,7.07,-0.08,7.6,2026-09-14T00:00:00,67073B106,Nuveen Pref & Income Opps Fund,2026-09-14,XJPCX,Fixed Income - Taxable-Preferreds,38.23,2657.475,-0.042,Monthly,0.24068,0.0625,15.0,7.7023,,,4.67,,4624.545,True,False,False,False,False,False,,11.13,14.33,3.43,2.5700000000000003,1.51,-3.59,,,-0.05,10252750,7.5,0.0,103.4105,,5.32,3.89,7.94866,-0.23018000000000002,-4.32,-2.66,-3.32,2026-09-14T00:00:00,2003-03-26T00:00:00,3/26/2003,1048636800,2026-09-15T00:00:00
254,NAD,-0.0171,7.60108,7.73309,0.0705,6.82,21,Morningstar US CEF Municipal,81,"Nuveen Fund Advisors, LLC.",False,10.94,-0.08,11.13,2026-09-14T00:00:00,67066V101,Nuveen Quality Muni Income Fund,2026-09-14,XNADX,Fixed Income - Municipal-Municipal,43.26,2560.883,0.023,Monthly,0.27975,0.0705,15.0,5.1645,,19.94,3.74,,4591.939,True,False,False,False,False,False,,3.14,9.84,-1.57,-0.55,-0.04,2.4,,,11.22,6747820,24.1,1.23,95.3843,,11.96,8.09,11.86966,-0.93944,-0.5700000000000001,-2.48,-0.86,2026-09-14T00:00:00,1999-05-26T00:00:00,5/26/1999,927676800,2026-09-15T00:00:00
255,JRI,-0.0605,12.58445,13.39465,0.1335,7.37,25,Morningstar US CEF Global Allocation,81,"Nuveen Fund Advisors, LLC.",True,11.96,-0.05,12.73,2026-09-14T00:00:00,67074Y105,Nuveen Real Asset Inc and Grwt,2026-09-14,XJRIX,Hybrid-Global Allocation,32.75,432.931,0.0,Monthly,0.29419,0.1335,20.0,6.5074000000000005,,,3.9,,685.249,True,False,False,False,True,False,,11.49,15.8,4.12,5.04,5.45,-2.86,,,1.13,1451730,26.4,0.0,99.9859,,,,13.12856,-2.7871300000000003,-0.8300000000000001,-0.85,-0.54,2026-09-14T00:00:00,2012-04-25T00:00:00,4/25/2012,1335312000,2026-09-15T00:00:00
256,JRS,-0.0907,8.61678,9.47631,0.19,13.3,7,Morningstar US CEF Real Estate,81,"Nuveen Fund Advisors, LLC.",True,8.02,-0.04,8.82,2026-09-14T00:00:00,67071B108,Nuveen Real Estate Income,2026-09-14,XJRSX,Equity-Real Estate,28.66,231.718,0.0,Quarterly,0.09926,0.19,15.0,,,,3.4,,357.232,True,False,False,False,True,False,,10.97,13.64,1.7000000000000002,1.98,15.66,13.17,,,11.46,749040,0.0,,,,6.49,,8.05848,-8.35261,-0.47000000000000003,0.11,0.45,2026-09-14T00:00:00,2001-11-15T00:00:00,11/15/2001,1005782400,2026-09-15T00:00:00
257,SPXX,-0.08650000000000001,8.09798,8.86435,0.4215,21.15,3,Morningstar US CEF Covered Call,81,"Nuveen Fund Advisors, LLC.",True,19.02,0.07,20.82,2026-09-14T00:00:00,6706EW100,Nuveen S&P 500 Dynamic Overwrite,2026-09-14,XSSPX,Equity-Covered-Call Funds,,2621.241,0.0,Quarterly,0.02205,0.4215,20.0,,,,0.9700000000000001,,2869.308,False,True,True,False,True,False,,16.58,16.28,10.26,8.97,12.59,11.39,,,15.25,1491190,,,,,,,17.88387,-9.23336,0.32,0.92,1.3900000000000001,2026-09-14T00:00:00,2005-11-22T00:00:00,11/22/2005,1132617600,2026-09-15T00:00:00
258,NIM,-0.06860000000000001,3.61746,3.88393,0.028999999999999998,3.24,21,Morningstar US CEF Municipal,81,"Nuveen Fund Advisors, LLC.",False,8.96,-0.06,9.62,2026-09-14T00:00:00,67061T101,Nuveen Select Maturity Muni,2026-09-14,XNIMX,Fixed Income - Municipal-Municipal,0.41000000000000003,111.522,-0.007,Monthly,0.16949,0.028999999999999998,12.0,4.4675,,8.49,0.5800000000000001,,119.736,True,False,False,False,False,False,,3.37,6.06,0.98,0.42,0.31,2.93,,,6.15,189900,18.0,1.32,97.8224,,,5.21,9.37392,-5.68433,-0.88,-1.8599999999999999,-1.1400000000000001,2026-09-14T00:00:00,1992-09-18T00:00:00,9/18/1992,716774400,2026-09-15T00:00:00
259,NXP,-0.0101,4.65217,4.69985,0.0535,5.11,21,Morningstar US CEF Municipal,81,"Nuveen Fund Advisors, LLC.",False,13.66,-0.09,13.8,2026-09-14T00:00:00,67062F100,Nuveen Select Tax Free Inc,2026-09-14,XNXPX,Fixed Income - Municipal-Municipal,3.73,864.873,0.014,Monthly,0.28791,0.0535,15.0,5.046,,17.18,0.35000000000000003,,873.737,True,False,False,False,False,False,,3.9699999999999998,4.6,0.84,0.14,0.9500000000000001,3.92,,,6.08,1442870,14.4,1.31,93.9607,,9.19,8.13,14.29416,-0.06029,-0.99,-2.08,-1.47,2026-09-14T00:00:00,1992-03-19T00:00:00,3/19/1992,700963200,2026-09-15T00:00:00
260,NBB,-0.024,7.50486,7.68924,0.0965,4.51,20,Morningstar US CEF Taxable Muni,81,"Nuveen Fund Advisors, LLC.",False,15.06,-0.1,15.43,2026-09-14T00:00:00,67074C103,Nuveen Taxable Municipal Income,2026-09-14,XNBBX,Fixed Income - Taxable-Taxable Muni,38.69,442.685,-0.051000000000000004,Monthly,0.47616,0.0965,20.0,6.8179,,16.71,3.24,,739.776,True,False,True,False,False,False,,5.59,8.56,-0.89,-1.13,0.41000000000000003,2.29,,,3.77,566790,5.6,0.0,100.5308,,,7.42,15.83454,-2.68863,0.3,0.35000000000000003,0.4,2026-09-14T00:00:00,2010-04-27T00:00:00,4/27/2010,1272326400,2026-09-15T00:00:00
261,NPV,-0.0626,6.99526,7.46208,0.0615,6.26,24,Morningstar US CEF Municipal-Single State,81,"Nuveen Fund Advisors, LLC.",False,9.89,-0.08,10.55,2026-09-14T00:00:00,67064R102,Nuveen VA Quality Muni Inc,2026-09-14,XNPVX,Fixed Income - Municipal-Municipal - Single-State,41.54,193.842,0.026000000000000002,Monthly,0.2321,0.0615,15.0,4.869,,18.2,3.54,,353.728,True,False,False,False,False,False,,3.06,6.61,-1.69,-4.66,-0.71,-1.08,,,-1.2,532570,32.6,1.55,95.5169,,12.56,8.16,11.28368,-1.23677,-2.81,-2.21,-2.79,2026-09-14T00:00:00,1993-03-18T00:00:00,3/18/1993,732412800,2026-09-15T00:00:00
262,NPFD,-0.0565,9.81704,10.40443,0.1565,5.93,18,Morningstar US CEF Preferreds,81,"Nuveen Fund Advisors, LLC.",False,18.05,-0.19,19.13,2026-09-14T00:00:00,67080R102,Nuveen Variable Rate Pref & Inc Fund,2026-09-14,XNPFX,Fixed Income - Taxable-Preferreds,37.21,436.163,,Monthly,0.5723900000000001,0.1565,25.0,7.4788,,,4.79,,736.166,True,False,False,False,False,False,,10.78,16.0,,,1.69,5.5600000000000005,,,5.77,654480,7.4,0.0,102.0238,,5.59,3.5300000000000002,19.13337,-3.99203,-1.3,-0.98,-1.13,2026-09-14T00:00:00,2021-12-15T00:00:00,12/15/2021,1639526400,2026-09-15T00:00:00
263,SRV,0.045,13.55626,12.97297,0.5,23.29,6,Morningstar US CEF MLP,33,Cushing Asset Management LP,False,46.25,-0.5,44.26,2026-09-14T00:00:00,231631300,NXG Cushing Midstream Energy Fund,2026-09-14,XSRVX,Equity-MLP,30.01,288.34,,Monthly,0.0352,0.5,20.0,,,,4.32,,394.248,True,True,True,False,False,False,,23.56,20.46,19.3,27.04,23.91,24.71,,,23.17,579840,,,,,4.57,,44.59201,-0.9726500000000001,1.69,1.26,1.72,2026-09-14T00:00:00,2007-08-27T00:00:00,8/27/2007,1188172800,2026-09-15T00:00:00
264,NXG,0.0173,13.12671,12.90323,0.6,30.24,8,Morningstar US CEF Sector Equity,33,Cushing Asset Management LP,False,55.8,-0.39,54.85,2026-09-14T00:00:00,231647207,NXG NextGen Infrastructure Inc,2026-09-14,XNXGX,Equity-Sector Equity,34.18,409.135,,Monthly,-0.24598,0.6,25.0,,,,4.16,,610.979,True,True,True,False,False,False,,24.38,33.85,12.25,16.6,25.56,16.9,,,31.07,698400,,,,,1.07,,54.12004,-1.14812,0.77,0.18,0.8,2026-09-14T00:00:00,2012-09-26T00:00:00,9/26/2012,1348617600,2026-09-15T00:00:00
265,MEGI,-0.09539999999999998,9.53592,10.54111,0.125,13.71,8,Morningstar US CEF Sector Equity,77,New York Life Investment Management LLC,False,14.23,-0.34,15.73,2026-09-14T00:00:00,56064Q107,NYLIM CBRE Glb Infra Megatrends Term Fd,2026-09-14,XMEGI,Equity-Sector Equity,21.95,740.636,,Monthly,0.39004,0.125,20.0,,,,3.73,,1049.008,True,False,False,False,False,False,,12.5,15.79,,,12.25,13.76,,,11.36,1547300,,,,,,,14.72226,-9.41384,-0.08,-1.22,-0.06,2026-09-14T00:00:00,2021-10-27T00:00:00,10/27/2021,1635292800,2026-08-24T00:00:00
266,MMD,-0.0816,5.16252,5.6211,0.06749999999999999,6.97,21,Morningstar US CEF Municipal,77,New York Life Investment Management LLC,False,14.41,-0.11,15.69,2026-09-14T00:00:00,56064K100,NYLIM MacKay DefinedTerm Muni Opps Fund,2026-09-14,XMMDX,Fixed Income - Municipal-Municipal,37.15,270.612,0.24000000000000002,Monthly,0.42096,0.06749999999999999,20.0,5.1917,,,2.72,,468.81,True,False,False,False,False,True,,3.26,0.81,-0.78,-3.15,1.23,4.45,,,7.64,628780,,,105.6287,,,5.59,15.13705,-7.29695,-0.73,-1.83,-1.08,2026-09-14T00:00:00,2012-06-27T00:00:00,6/27/2012,1340755200,2026-09-15T00:00:00
267,OCCI,-0.21710000000000002,18.34862,23.4375,0.049999999999999996,-30.8,19,Morningstar US CEF Senior Loans,82,"OFS Capital Management, LLC",True,2.56,0.16,3.32,2026-07-31T00:00:00,67111Q107,OFS Credit Company Inc,2026-09-14,OCCI,Fixed Income - Taxable-Senior Loans,47.95,75.045,,Monthly,0.33629000000000003,0.049999999999999996,20.0,13.384,,,13.31,,184.18,True,False,False,False,True,False,,-8.88,-13.82,-8.21,-11.54,-23.43,-36.75,,,-43.83,2815260,,,,,,,3.72877,-14.80048,-0.68,0.61,-0.22,2026-09-14T00:00:00,2018-10-05T00:00:00,10/5/2018,1538697600,2026-09-15T00:00:00
268,OXLC,-0.0906,22.94455,25.15723,0.19999999999999998,-32.95,19,Morningstar US CEF Senior Loans,83,Oxford Lane Management,False,9.54,-0.17,10.49,2026-08-31T00:00:00,691543847,Oxford Lane Capital Corp,2026-09-14,OXLCX,Fixed Income - Taxable-Senior Loans,43.0,931.578,,Monthly,1.29355,0.19999999999999998,20.0,10.7207,,,9.78,,1797.005,True,False,True,False,False,False,,-3.7199999999999998,-6.22,-1.54,-4.31,-19.2,-17.36,,,-28.11,11996430,,,,,,,11.61134,-15.84655,0.72,1.02,0.54,2026-09-14T00:00:00,2011-01-20T00:00:00,1/20/2011,1295481600,2026-08-17T00:00:00
269,PCM,-0.055999999999999994,14.38209,15.23478,0.06423999999999999,5.25,16,Morningstar US CEF Limited Duration,84,"Pacific Investment Management Company, LLC",False,5.06,-0.04,5.36,2026-09-14T00:00:00,69323T101,PCM Fund,2026-09-14,XPCMX,Fixed Income - Taxable-Limited Duration,33.09,62.97,0.037,Monthly,0.3113,0.06423999999999999,15.0,6.1856,,7.21,4.06,,99.562,True,False,False,False,False,False,,8.21,-4.89,2.14,-3.88,1.1400000000000001,-4.62,,,-3.81,540360,,,83.6641,,,,5.92619,3.0203,-2.36,-2.56,-3.21,2026-09-14T00:00:00,1993-09-02T00:00:00,9/2/1993,746928000,2026-09-11T00:00:00
270,PDCC,-0.16210000000000002,14.36464,17.14286,0.13,-25.18,19,Morningstar US CEF Senior Loans,86,Pearl Diver Capital LLP,True,9.1,0.27,10.86,2026-08-31T00:00:00,70476Q100,Pearl Diver Credit Company Inc,2026-09-14,PDCC,Fixed Income - Taxable-Senior Loans,33.78,63.114,,Monthly,0.65799,0.13,20.0,10.3892,,,8.24,,113.739,True,False,False,False,True,False,,,,,,-14.4,-27.62,,,-39.07,58470,,,,,,,12.30906,-5.63055,-1.38,-0.13,-0.8300000000000001,2026-09-14T00:00:00,2024-07-18T00:00:00,7/18/2024,1721260800,2026-08-17T00:00:00
271,PSUS,-0.2224,,,,,10,Morningstar US CEF US Equity,87,"Pershing Square Capital Management, L.P.",False,38.43,-0.55,49.42,2026-09-08T00:00:00,71531T105,"Pershing Square USA, Ltd",2026-09-14,PSUSX,Equity-U.S. Equity,,,,Annually,,,50.0,,,,0.0,,,False,True,True,False,False,False,,,,,,,,,,,0,,,,,,,,,,-0.76,,2026-09-14T00:00:00,2026-04-29T00:00:00,4/29/2026,1777420800,
272,GHY,-0.0984,10.08,11.18012,0.105,5.73,14,Morningstar US CEF High Yield,88,PGIM,False,11.27,0.01,12.5,2026-09-14T00:00:00,69346J106,"PGIM Global High Yield Fund, Inc.",2026-09-14,XGHYX,Fixed Income - Taxable-High Yield,16.34,461.632,,Monthly,0.4495,0.105,20.0,6.5398,,,2.5,,612.014,True,False,False,False,False,False,,10.93,12.14,4.19,4.38,2.93,-0.09,,,-3.71,1574580,,,96.1442,,,,12.19046,-6.44281,-1.43,-1.53,-1.6800000000000002,2026-09-14T00:00:00,2012-12-21T00:00:00,12/21/2012,1356048000,2026-09-10T00:00:00
273,ISD,-0.095,9.50226,10.5,0.105,3.81,14,Morningstar US CEF High Yield,88,PGIM,False,12.0,-0.11,13.26,2026-09-14T00:00:00,69346H100,"PGIM High Yield Bond Fund, Inc.",2026-09-14,XISDX,Fixed Income - Taxable-High Yield,20.36,399.55,,Monthly,0.55298,0.105,20.0,6.6848,,,2.15,,441.503,True,False,False,False,False,False,,9.2,10.01,4.14,3.95,2.38,-10.13,,,-7.61,984960,,,97.3498,,,,13.6608,-1.4385000000000001,-1.6800000000000002,-1.55,-1.76,2026-09-14T00:00:00,2012-04-26T00:00:00,4/26/2012,1335398400,2026-09-10T00:00:00
274,SDHY,-0.0827,7.65957,8.35052,0.108,3.16,14,Morningstar US CEF High Yield,88,PGIM,True,15.52,-0.13,16.92,2026-09-14T00:00:00,69355J104,PGIM Short Duration High Yield Opps,2026-09-14,XSDHX,Fixed Income - Taxable-High Yield,22.15,382.926,,Monthly,0.74624,0.108,20.0,6.4186,,,2.52,,417.468,True,False,False,False,True,False,,7.69,10.0,4.51,4.85,1.8900000000000001,1.98,,,1.7000000000000002,694940,,,98.7564,,,,16.30436,-6.8163800000000005,-1.47,-2.2800000000000002,-1.13,2026-09-14T00:00:00,2020-11-25T00:00:00,11/25/2020,1606262400,2026-09-10T00:00:00
275,PAXS,-0.062400000000000004,12.57223,13.40912,0.1494,5.95,17,Morningstar US CEF Multi-Sector,90,PIMCO,True,13.37,-0.35000000000000003,14.26,2026-09-14T00:00:00,72203T100,PIMCO Access Income,2026-09-14,XPAAX,Fixed Income - Taxable-Multi-Sector,38.87,630.416,,Monthly,0.82542,0.1494,20.0,,,8.61,5.03,,1099.978,True,False,False,False,True,False,,12.3,10.41,,,2.46,-0.59,,,-1.6800000000000002,1898240,,,86.1715,,,,15.03529,0.1874,-2.11,-2.7,-2.61,2026-09-14T00:00:00,2022-01-31T00:00:00,1/31/2022,1643587200,2026-09-11T00:00:00
276,PCQ,-0.0975,4.68039,5.18607,0.036,8.41,22,Morningstar US CEF Municipal-CA,84,"Pacific Investment Management Company, LLC",False,8.33,-0.03,9.23,2026-09-14T00:00:00,72200N106,PIMCO CA Municipal Income,2026-09-14,XPCQX,Fixed Income - Municipal-Municipal - CA,41.66,467.585,0.161,Monthly,0.21287,0.036,15.0,4.7087,,13.26,4.27,,888.126,True,False,True,False,False,False,,2.7,2.11,-3.0,-10.13,-0.8,2.35,,,9.7,1533440,,,95.5316,,14.47,8.47,8.79848,-11.15716,1.6400000000000001,0.97,1.48,2026-09-14T00:00:00,2001-06-29T00:00:00,6/29/2001,993772800,2026-09-11T00:00:00
277,PTY,0.008100000000000001,12.78565,12.68327,0.11879999999999999,7.94,15,Morningstar US CEF Investment Grade,90,PIMCO,False,11.24,-0.19,11.15,2026-09-14T00:00:00,72201B101,PIMCO Corporate & Income Opportunity Fd,2026-09-14,XPTYX,Fixed Income - Taxable-Investment Grade,24.66,2493.975,0.218,Monthly,0.57584,0.11879999999999999,15.0,,,9.15,1.52,,3248.393,True,False,False,False,False,False,,15.59,5.01,7.93,-0.01,3.2800000000000002,-1.07,,,-6.48,10979370,,,92.7159,,,,12.62467,8.33506,-1.38,-2.99,-2.56,2026-09-14T00:00:00,2002-12-27T00:00:00,12/27/2002,1040947200,2026-09-11T00:00:00
278,PCN,0.0063,12.10762,12.03209,0.11249999999999999,6.77,15,Morningstar US CEF Investment Grade,84,"Pacific Investment Management Company, LLC",False,11.22,-0.18,11.15,2026-09-14T00:00:00,72200U100,PIMCO Corporate & Income Strgy,2026-09-14,XPCNX,Fixed Income - Taxable-Investment Grade,22.41,859.253,0.038,Monthly,0.57707,0.11249999999999999,15.0,,,8.68,1.53,,1093.072,True,False,False,False,False,False,,13.62,5.67,6.78,1.79,2.64,-0.61,,,0.65,3283980,,,92.1831,,,,12.31625,5.54978,-1.6400000000000001,-3.64,-2.7800000000000002,2026-09-14T00:00:00,2001-12-21T00:00:00,12/21/2001,1008892800,2026-09-11T00:00:00
279,PDI,-0.055,17.32809,18.3368,0.2205,7.8,17,Morningstar US CEF Multi-Sector,84,"Pacific Investment Management Company, LLC",False,14.43,-0.33,15.27,2026-09-14T00:00:00,72201Y101,PIMCO Dynamic Income Fund,2026-09-14,XPDIX,Fixed Income - Taxable-Multi-Sector,35.14,6877.576,,Monthly,0.8897,0.2205,25.0,,,8.9,3.79,,11199.666,True,False,False,False,False,False,,13.93,9.74,5.96,2.3,2.94,-4.58,,,-9.66,28468280,,,89.064,,,,17.47203,6.68549,-2.62,-2.26,-2.56,2026-09-14T00:00:00,2012-05-25T00:00:00,5/25/2012,1337904000,2026-09-11T00:00:00
280,PDO,-0.039900000000000005,12.25879,12.76872,0.12789999999999999,7.96,13,Morningstar US CEF Global Income,84,"Pacific Investment Management Company, LLC",True,12.02,-0.34,12.52,2026-09-14T00:00:00,69355M107,PIMCO Dynamic Income Opportunities Fund,2026-09-14,XPDOX,Fixed Income - Taxable-Global Income,36.42,1749.87,,Monthly,0.62591,0.12789999999999999,20.0,,,8.82,4.3,,2862.568,True,False,False,False,True,False,,13.95,12.55,3.34,2.03,3.03,-2.34,,,1.34,6454890,,,89.112,,,,13.45534,3.14416,-3.24,-2.7,-2.9699999999999998,2026-09-14T00:00:00,2021-01-29T00:00:00,1/29/2021,1611878400,2026-09-11T00:00:00
281,PDX,-0.0993,6.82353,7.57596,0.1334,11.24,25,Morningstar US CEF Global Allocation,90,PIMCO,True,21.13,-0.5,23.46,2026-09-14T00:00:00,69346N107,PIMCO Dynamic Income Strategy Fund,2026-09-14,XPDX,Hybrid-Global Allocation,22.02,944.658,,Monthly,0.63903,0.1334,20.0,6.1539,,7.48,3.01,,1344.999,True,False,False,False,True,True,,17.5,22.29,21.83,25.18,18.43,22.3,,,10.53,1227860,,,91.6489,,,,21.34555,-9.75071,-0.13,-0.68,-0.22,2026-09-14T00:00:00,2019-01-30T00:00:00,1/30/2019,1548806400,2026-09-11T00:00:00
282,PGP,-0.056100000000000004,9.29293,9.84542,0.06899999999999999,20.24,25,Morningstar US CEF Global Allocation,84,"Pacific Investment Management Company, LLC",False,8.41,-0.1,8.91,2026-09-14T00:00:00,722011103,PIMCO Global StocksPLUS & Income,2026-09-14,XPGPX,Hybrid-Global Allocation,50.33,97.486,0.07,Monthly,0.40356000000000003,0.06899999999999999,25.0,,,8.33,2.35,,207.953,True,False,False,False,False,False,,21.49,19.34,7.58,5.79,9.54,2.71,,,13.91,448090,,,92.0495,,,,8.76864,-1.5320900000000002,-1.46,-0.2,-0.8300000000000001,2026-09-14T00:00:00,2005-05-31T00:00:00,5/31/2005,1117497600,2026-09-11T00:00:00
283,PHK,-0.006900000000000001,13.18078,13.27189,0.048,8.51,17,Morningstar US CEF Multi-Sector,84,"Pacific Investment Management Company, LLC",False,4.34,-0.02,4.37,2026-09-14T00:00:00,722014107,PIMCO High Income,2026-09-14,XPHKX,Fixed Income - Taxable-Multi-Sector,20.24,829.282,-0.044000000000000004,Monthly,0.23848,0.048,15.0,,,9.48,1.78,,1040.582,True,False,False,False,False,False,,13.7,10.12,6.5600000000000005,3.8,3.91,0.9500000000000001,,,3.06,7676890,,,92.3547,,,,4.7418,3.63234,-2.25,-2.18,-2.14,2026-09-14T00:00:00,2003-04-30T00:00:00,4/30/2003,1051660800,2026-09-11T00:00:00
284,PFL,-0.0204,13.27174,13.54785,0.0814,5.55,17,Morningstar US CEF Multi-Sector,90,PIMCO,False,7.21,-0.12,7.36,2026-09-14T00:00:00,72201H108,PIMCO Income Strategy,2026-09-14,XPFLX,Fixed Income - Taxable-Multi-Sector,0.9,362.582,0.077,Monthly,0.32637,0.0814,20.0,,,7.52,1.29,,372.555,True,False,False,False,False,False,,12.51,11.91,4.84,0.87,1.97,-1.81,,,1.4,2053370,,,88.49,,,,8.10343,3.9975,-2.75,-3.13,-2.9699999999999998,2026-09-14T00:00:00,2003-08-26T00:00:00,8/26/2003,1061856000,2026-09-11T00:00:00
285,PFN,-0.029900000000000003,12.8597,13.25538,0.0718,7.5,17,Morningstar US CEF Multi-Sector,84,"Pacific Investment Management Company, LLC",False,6.5,-0.14,6.7,2026-09-14T00:00:00,72201J104,PIMCO Income Strategy II,2026-09-14,XPFNX,Fixed Income - Taxable-Multi-Sector,29.06,648.405,0.094,Monthly,0.37475,0.0718,20.0,,,9.57,2.33,,939.474,True,False,False,False,False,False,,13.71,13.58,5.5,1.99,3.0,0.77,,,3.49,4410080,,,91.5197,,,,7.19667,2.39313,-2.68,-3.0,-2.37,2026-09-14T00:00:00,2004-10-29T00:00:00,10/29/2004,1099008000,2026-09-11T00:00:00
286,PML,-0.0661,6.3967600000000004,6.84971,0.0395,6.31,21,Morningstar US CEF Municipal,90,PIMCO,False,6.92,-0.09,7.41,2026-09-14T00:00:00,72200W106,PIMCO Municipal Income II,2026-09-14,XPMLX,Fixed Income - Municipal-Municipal,44.21,868.237,0.10300000000000001,Monthly,0.20781,0.0395,15.0,5.0244,,13.98,4.19,,1666.601,True,False,False,False,False,False,,2.06,0.3,-3.76,-8.11,-1.01,1.33,,,7.26,4295520,,,97.8724,,14.32,8.36,7.59793,-5.63257,-0.8200000000000001,-0.77,-0.53,2026-09-14T00:00:00,2002-06-28T00:00:00,6/28/2002,1025222400,2026-09-11T00:00:00
287,PNI,-0.1061,4.87603,5.45455,0.0295,7.04,23,Morningstar US CEF Municipal-NY,90,PIMCO,False,6.49,-0.04,7.26,2026-09-14T00:00:00,72200Y102,PIMCO NY Municipal Income II,2026-09-14,XPNIX,Fixed Income - Municipal-Municipal - NY,41.09,155.016,0.065,Monthly,0.16939,0.0295,15.0,4.8444,,13.36,4.31,,294.372,True,False,True,False,False,False,,1.58,2.65,-4.31,-5.9,-0.76,2.22,,,8.54,596410,,,98.1725,,15.54,9.17,6.95235,-10.8969,0.4,-0.34,-0.03,2026-09-14T00:00:00,2002-06-28T00:00:00,6/28/2002,1025222400,2026-09-11T00:00:00
288,RCS,0.1036,10.81081,9.79592,0.04,8.78,15,Morningstar US CEF Investment Grade,90,PIMCO,False,4.9,-0.13,4.44,2026-09-14T00:00:00,72200X104,PIMCO Strategic Income Fund,2026-09-14,XRCSX,Fixed Income - Taxable-Investment Grade,80.84,232.652,0.019,Monthly,0.2242,0.04,12.5,6.5746,,7.58,2.73,,1098.583,True,False,False,False,False,False,,15.35,8.18,5.0,1.67,3.33,0.75,,,-20.54,1586340,,,98.2536,,,,5.95332,28.80461,-1.16,-2.27,-2.34,2026-09-14T00:00:00,1994-02-24T00:00:00,2/24/1994,762048000,2026-09-11T00:00:00
289,PWRL,-0.2914,,,,,8,Morningstar US CEF Sector Equity,91,Powerlaw Fund Adviser LLC,False,10.41,-1.3599999999999999,14.69,2026-07-31T00:00:00,738922103,Powerlaw Corp.,2026-09-14,XPWRX,Equity-Sector Equity,,,,,,,,,,,0.0,,,False,True,True,False,False,False,,,,,,,,,,,0,,,,,,,,,,-0.9500000000000001,,2026-09-14T00:00:00,2026-05-27T00:00:00,5/27/2026,1779840000,
290,PGZ,-0.1033,11.83099,13.19372,0.105,4.15,7,Morningstar US CEF Real Estate,92,Principal Funds,True,9.55,-0.03,10.65,2026-09-14T00:00:00,74255X104,Principal Real Estate Income Fund,2026-09-14,XPGZX,Equity-Real Estate,30.98,63.929,,Monthly,0.34794,0.105,20.0,3.7804,,,4.79,,103.292,True,False,False,False,True,False,,11.8,14.66,0.03,2.29,3.34,6.95,,,6.1,251730,,,79.7282,,4.67,,10.1296,-10.00331,-0.22,-1.63,-0.33,2026-09-14T00:00:00,2013-06-26T00:00:00,6/26/2013,1372204800,2026-08-17T00:00:00
291,UTG,0.013300000000000001,6.97095,6.87961,0.21,5.73,8,Morningstar US CEF Sector Equity,93,Reaves Asset Management,True,36.63,-1.23,36.15,2026-09-14T00:00:00,756158101,Reaves Utility Income,2026-09-14,XUTGX,Equity-Sector Equity,22.2,3373.959,,Monthly,0.14102,0.21,20.0,,,,2.09,,4279.746,True,False,True,False,True,False,,20.96,21.12,8.82,8.72,6.96,6.82,,,5.79,2549110,,,,,2.62,,39.45364,-0.44749000000000005,1.45,1.15,1.4100000000000001,2026-09-14T00:00:00,2004-02-24T00:00:00,2/24/2004,1077580800,2026-08-18T00:00:00
292,RCG,0.0017000000000000001,,,0.022371,11.15,26,Morningstar US CEF US Allocation,63,Horizon Kinetics Asset Management LLC,False,3.035,0.01,3.03,2026-09-14T00:00:00,759720105,RENN Fund ord,2026-09-14,XXRENNX,Hybrid-U.S. Allocation,11.03,21.293,,Data Not Available,-0.00459,0.022371,10.0,,,,1.56,,21.258,True,True,True,False,False,False,,12.22,18.38,3.73,5.71,9.19,14.44,,,8.52,78410,,,,,0.15,,2.79054,-9.59855,2.38,2.62,1.8900000000000001,2026-09-14T00:00:00,1994-01-20T00:00:00,1/20/1994,759024000,2024-12-16T00:00:00
293,RSF,-0.028900000000000002,11.04161,11.36973,0.1371,7.69,14,Morningstar US CEF High Yield,94,"RiverNorth Capital Management, LLC",False,14.47,0.0,14.9,2026-09-14T00:00:00,76882B108,RiverNorth Capital and Inc Fund,2026-09-14,XRSFX,Fixed Income - Taxable-High Yield,9.65,50.13,,Monthly,,0.1371,21.42,,,,3.96,,51.62,True,False,True,False,False,False,,8.74,10.51,6.06,5.47,4.77,8.94,,,9.5,162450,,,,,2.96,,14.56975,-4.09596,1.08,0.26,0.56,2026-09-14T00:00:00,2016-09-22T00:00:00,9/22/2016,1474502400,2026-09-15T00:00:00
294,RFM,-0.0857,7.02458,7.68314,0.0881,9.47,21,Morningstar US CEF Municipal,94,"RiverNorth Capital Management, LLC",True,13.76,-0.1,15.05,2026-09-14T00:00:00,76883H104,RiverNorth Flexible Municipal Income,2026-09-14,XRFMX,Fixed Income - Municipal-Municipal,41.15,84.138,,Monthly,0.07615,0.0881,20.0,5.1551,,,4.46,,156.366,True,False,True,False,True,True,,4.97,5.28,-1.08,-1.4,2.96,8.37,,,12.68,200530,,,103.2065,,16.06,16.44,14.39745,-8.68172,0.08,-1.8599999999999999,-0.46,2026-09-14T00:00:00,2020-03-26T00:00:00,3/26/2020,1585180800,2026-09-15T00:00:00
295,RFMZ,-0.0882,7.03207,7.71223,0.0804,9.32,21,Morningstar US CEF Municipal,94,"RiverNorth Capital Management, LLC",True,12.51,-0.14,13.72,2026-09-14T00:00:00,76883Y107,RiverNorth Flexible Municipal Income II,2026-09-14,XRFZX,Fixed Income - Municipal-Municipal,41.59,304.64,,Monthly,0.07449,0.0804,20.0,5.1719,,,0.0,,572.036,True,False,True,False,True,True,,5.18,6.07,-0.71,-2.46,2.81,8.31,,,12.26,742320,,,102.4874,,15.2,15.07,13.04917,-9.23488,0.29,-2.6,-0.25,2026-09-14T00:00:00,2021-02-24T00:00:00,2/24/2021,1614124800,2026-09-15T00:00:00
296,RMMZ,-0.07769999999999999,7.03884,7.63169,0.0891,8.97,21,Morningstar US CEF Municipal,94,"RiverNorth Capital Management, LLC",False,14.01,-0.17,15.19,2026-09-14T00:00:00,76882M104,RiverNorth Manage Dur Muni Inc Fd II Inc,2026-09-14,XRMZX,Fixed Income - Municipal-Municipal,42.03,118.455,,Monthly,0.09213,0.0891,20.0,5.1983,,,4.48,,221.546,True,False,False,False,False,True,,4.79,6.27,,,2.73,7.64,,,9.61,212310,,,103.2456,,15.23,13.91,14.80339,-6.96703,-0.85,-1.58,-1.33,2026-09-14T00:00:00,2022-02-10T00:00:00,2/10/2022,1644451200,2026-09-15T00:00:00
297,RMM,-0.0472,7.05344,7.40277,0.0847,9.15,21,Morningstar US CEF Municipal,94,"RiverNorth Capital Management, LLC",False,13.73,-0.12,14.41,2026-09-14T00:00:00,76882H105,RiverNorth Managed Duration Muni Inc Fd,2026-09-14,XRMMX,Fixed Income - Municipal-Municipal,41.83,271.025,,Monthly,0.06903000000000001,0.0847,20.0,5.1325,,,4.31,,488.958,True,False,True,False,False,True,,5.01,4.85,0.37,-0.9,2.7,10.25,,,14.37,623940,,,103.1319,,9.8,16.2,14.19827,-6.12678,0.74,-1.6600000000000001,0.09,2026-09-14T00:00:00,2019-07-25T00:00:00,7/25/2019,1564012800,2026-09-15T00:00:00
298,RMI,-0.0421,7.02304,7.3319600000000005,0.08889999999999999,9.45,21,Morningstar US CEF Municipal,94,"RiverNorth Capital Management, LLC",False,14.55,-0.02,15.19,2026-09-14T00:00:00,76883F108,RiverNorth Opp Muni Income Fund Inc,2026-09-14,XRMIX,Fixed Income - Municipal-Municipal,40.84,92.75,,Monthly,0.08216,0.08889999999999999,20.0,5.1582,,,4.43,,163.674,True,False,True,False,False,True,,4.93,5.85,-1.08,-0.53,3.04,11.17,,,17.37,211660,,,102.9981,,15.85,16.15,15.03724,-5.43127,0.43,-0.91,-0.5700000000000001,2026-09-14T00:00:00,2018-10-25T00:00:00,10/25/2018,1540425600,2026-09-15T00:00:00
299,RIV,-0.1048,13.24768,14.79887,0.1306,10.73,26,Morningstar US CEF US Allocation,94,"RiverNorth Capital Management, LLC",True,10.59,-0.18,11.83,2026-09-14T00:00:00,76881Y109,RiverNorth Opportunities Fund,2026-09-14,XRIVX,Hybrid-U.S. Allocation,26.15,289.862,,Monthly,-0.12127,0.1306,20.0,6.4636,,,1.9100000000000001,,438.472,True,False,False,False,True,True,,14.23,12.61,7.27,3.14,5.43,1.98,,,0.35000000000000003,980190,,,99.6122,,,,11.59798,-5.79488,-2.44,-1.81,-2.62,2026-09-14T00:00:00,2015-12-23T00:00:00,12/23/2015,1450828800,2026-09-15T00:00:00
300,OPP,-0.1001,13.49815,15.0,0.091,6.71,14,Morningstar US CEF High Yield,94,"RiverNorth Capital Management, LLC",True,7.28,-0.08,8.09,2026-09-14T00:00:00,76882G107,RiverNorth/DoubleLine Strategic Opp Fund,2026-09-14,XOPPX,Fixed Income - Taxable-High Yield,38.05,181.928,,Monthly,0.32888,0.091,20.0,4.9871,,,2.8,,326.362,True,False,False,False,True,True,,10.09,10.81,2.74,0.41000000000000003,2.22,3.2,,,-0.59,1036980,,,75.0069,,,,7.84159,-8.59258,-0.86,-1.9100000000000001,-1.22,2026-09-14T00:00:00,2016-09-27T00:00:00,9/27/2016,1474934400,2026-09-15T00:00:00
301,RVI,0.0943,,,,,5,Morningstar US CEF Global Equity,95,"Robinhood Ventures DE, LLC",True,27.38,-6.57,25.02,2026-06-30T00:00:00,770701100,Robinhood Ventures Fund I,2026-09-14,XRVIX,Equity-Global Equity,,746.029,,Annually,,,25.0,,,,2.72,,681.725,False,True,True,False,True,False,,,,,,,,,,,0,,,,,,,,,,-0.5,,2026-09-14T00:00:00,2026-03-06T00:00:00,3/6/2026,1772755200,
302,BOT,1.2969,,,,,8,Morningstar US CEF Sector Equity,52,"FP Strategies, LLC",True,26.01,-1.01,11.35,2026-08-31T00:00:00,77106T107,RoboStrategy Inc,2026-09-14,XBOTX,Equity-Sector Equity,,,,,,,,,,,0.0,,,False,True,True,False,True,False,,,,,,,,,,,0,,,,,,,,,,,,2026-09-14T00:00:00,2026-05-11T00:00:00,5/11/2026,1778457600,
303,RGT,-0.1592,1.10787,1.31761,0.19,21.45,5,Morningstar US CEF Global Equity,96,Royce Investment Partners,False,14.42,-0.19,17.15,2026-09-14T00:00:00,78081T104,"Royce Global Trust, Inc.",2026-09-14,XRGTX,Equity-Global Equity,2.11,94.636,,Annually,0.26180000000000003,0.19,8.975,,,,1.35,,112.553,True,True,False,False,False,False,,19.33,21.56,6.01,4.54,16.73,16.86,,,22.08,204870,,,,,,,13.88885,-14.75166,-1.04,-1.12,-1.03,2026-09-14T00:00:00,2013-10-18T00:00:00,10/18/2013,1382054400,2025-12-11T00:00:00
304,RMT,-0.1188,6.10484,6.92771,0.22999999999999998,43.52,10,Morningstar US CEF US Equity,96,Royce Investment Partners,True,13.28,-0.16,15.07,2026-09-14T00:00:00,780915104,Royce Micro-Cap Trust,2026-09-14,XOTCX,Equity-U.S. Equity,3.54,719.664,,Quarterly,-0.0471,0.22999999999999998,10.0,,,,1.3900000000000001,,846.666,True,True,False,False,True,False,,23.07,25.43,10.61,12.24,35.64,38.55,,,47.84,1201770,,,,,,,12.19272,-11.41515,-0.63,-0.62,-0.91,2026-09-14T00:00:00,1993-12-14T00:00:00,12/14/1993,755827200,2026-09-11T00:00:00
305,RVT,-0.10779999999999999,6.66599,7.47123,0.3278,22.96,10,Morningstar US CEF US Equity,96,Royce Investment Partners,True,17.55,-0.23,19.67,2026-09-14T00:00:00,780910105,Royce Small-Cap Trust,2026-09-14,XRVTX,Equity-U.S. Equity,1.5899999999999999,2180.565,,Quarterly,0.08396,0.3278,10.0,,,,1.35,,2443.972,True,True,False,False,True,False,,17.08,19.67,7.75,8.62,19.44,19.48,,,25.96,2700930,,,,,,,17.35425,-9.761800000000001,-0.55,0.81,-0.32,2026-09-14T00:00:00,1986-11-26T00:00:00,11/26/1986,533347200,2026-09-11T00:00:00
306,BRW,-0.1352,9.6,11.10048,0.057999999999999996,0.2,19,Morningstar US CEF Senior Loans,97,"Saba Capital Management, LP",False,6.27,-0.13,7.25,2026-09-14T00:00:00,78518H202,Saba Capital Income & Opportunities Fund,2026-09-14,XPPRX,Fixed Income - Taxable-Senior Loans,12.34,325.633,,Monthly,0.07357,0.057999999999999996,10.0,,,,5.82,,429.529,True,False,False,False,False,False,,9.28,8.76,7.52,7.25,4.19,3.6,,,-7.6,2706580,,,,,6.5,,6.8686,-10.86098,-1.43,-2.63,-1.9500000000000002,2026-09-14T00:00:00,1988-05-12T00:00:00,5/12/1988,579398400,2026-09-09T00:00:00
307,SABA,-0.1519,7.34177,8.65672,0.057999999999999996,2.4,13,Morningstar US CEF Global Income,97,"Saba Capital Management, LP",False,8.04,-0.09,9.48,2026-09-14T00:00:00,880198205,Saba Capital Income & Ops Fund II,2026-09-14,XSABX,Fixed Income - Taxable-Global Income,,216.994,,Monthly,0.07175000000000001,0.057999999999999996,10.0,7.8815,,7.8100000000000005,4.58,,255.859,False,False,False,False,False,False,,11.34,9.9,4.64,3.42,6.1,6.0,,,-1.5899999999999999,706970,,,,,,,8.4275,-12.50263,-1.77,-2.45,-1.9300000000000002,2026-09-14T00:00:00,1988-03-17T00:00:00,3/17/1988,574560000,2026-08-11T00:00:00
308,SPMC,0.0308,25.50478,24.74227,0.13,-33.74,19,Morningstar US CEF Senior Loans,99,Sound Point Meridian Management Company LLC,True,9.7,-0.5700000000000001,9.61,2026-07-31T00:00:00,83617A108,Sound Point Meridian Capital Inc,2026-09-14,,Fixed Income - Taxable-Senior Loans,46.36,204.538,,Monthly,1.06488,0.13,20.0,,,,10.95,,369.936,True,False,True,False,True,False,,,,,,-21.15,-14.84,,,-30.25,285340,,,,,,,12.25518,-0.6159600000000001,0.48,0.12,0.16,2026-09-14T00:00:00,2024-06-14T00:00:00,6/14/2024,1718323200,2026-09-15T00:00:00
309,SOR,-0.085,4.95461,5.41508,0.20829999999999999,14.9,26,Morningstar US CEF US Allocation,48,"First Pacific Advisors, LP",True,46.16,-0.4,50.45,2026-09-14T00:00:00,836144303,Source Capital,2026-09-14,XSORX,Hybrid-U.S. Allocation,0.0,379.942,,Monthly,0.8443200000000001,0.20829999999999999,17.5,3.0678,,,0.9800000000000001,,415.252,True,False,False,False,True,False,,14.83,15.72,9.21,9.2,8.68,6.45,,,12.72,109610,,,,,,,46.35983,-5.23974,-1.3,-0.62,-0.8300000000000001,2026-09-14T00:00:00,1968-10-24T00:00:00,10/24/1968,-37497600,2026-08-13T00:00:00
310,SPE,-0.1496,8.41006,9.88931,0.10869999999999999,2.83,10,Morningstar US CEF US Equity,22,Bulldog Investors LLP,False,13.19,-0.13,15.51,2026-09-14T00:00:00,84741T104,Special Opportunities,2026-09-14,XSPEX,Equity-U.S. Equity,25.33,140.119,,Monthly,0.3212,0.10869999999999999,15.0,5.1616,,19.11,1.8599999999999999,,220.659,True,False,False,False,False,False,,14.61,17.57,8.64,8.64,1.78,-1.6,,,-0.56,346890,,,,,,,14.42861,-11.00573,-1.92,-1.01,-1.27,2026-09-14T00:00:00,1993-06-08T00:00:00,6/8/1993,739497600,2026-08-18T00:00:00
311,FUND,-0.0942,5.24607,5.79191,0.1503,35.29,10,Morningstar US CEF US Equity,101,Sprott Asset Management USA Inc.,True,10.38,-0.21,11.46,2026-09-14T00:00:00,85208J109,Sprott Focus Trust,2026-09-14,XFUNX,Equity-U.S. Equity,0.0,310.318,,Quarterly,0.09339,0.1503,10.0,,,,1.13,,342.605,True,True,True,False,True,False,,17.85,17.45,12.6,12.69,26.65,25.84,,,37.95,260770,,,,,,,9.44181,-10.4637,1.4100000000000001,0.47000000000000003,0.91,2026-09-14T00:00:00,1988-03-01T00:00:00,3/1/1988,573177600,2026-09-15T00:00:00
312,CEF,-0.0356,,,,40.59,2,Morningstar US CEF Commodity,100,Sprott Asset Management LP,False,43.29,-0.86,44.89,2026-09-14T00:00:00,85208R101,Sprott Physical Gold and Silver Trust,2026-09-14,XCEFX,Equity-Commodities,,7382.69,,Data Not Available,0.0,,13.72,,,,0.46,,7655.555,False,False,True,False,False,False,,33.92,34.97,20.16,20.48,-1.6600000000000001,-0.52,,,41.36,10435840,,,,,,,44.89548,-4.35288,0.5700000000000001,0.17,0.78,2026-09-14T00:00:00,2018-01-16T00:00:00,1/16/2018,1516060800,
313,PHYS,-0.028200000000000003,,,,27.82,2,Morningstar US CEF Commodity,100,Sprott Asset Management LP,False,32.36,-0.5,33.3,2026-09-14T00:00:00,85207H104,Sprott Physical Gold Trust Unit,2026-09-14,,Equity-Commodities,,15717.049,,Data Not Available,0.0,,10.0,,,,0.4,,16173.601,False,False,False,False,False,False,,30.88,30.68,18.86,18.7,2.29,2.39,,,27.49,49521130,,,,,,,33.5477,-2.28103,-0.97,-0.78,-0.8,2026-09-14T00:00:00,2010-02-26T00:00:00,2/26/2010,1267142400,
314,SPPP,-0.0341,,,,25.17,2,Morningstar US CEF Commodity,100,Sprott Asset Management LP,False,14.18,-0.29,14.68,2026-09-14T00:00:00,85207Q104,Sprott Physical Platinum & Palladium Tr,2026-09-14,,Equity-Commodities,,534.447,,Data Not Available,0.0,,10.0,,,,1.01,,553.292,False,False,True,False,False,False,,10.61,9.4,-2.75,-3.14,-14.44,-12.77,,,21.1,9127680,,,,,,,15.28885,-4.8281600000000005,0.68,1.18,1.8,2026-09-14T00:00:00,2012-12-19T00:00:00,12/19/2012,1355875200,
315,PSLV,-0.0529,,,,65.65,2,Morningstar US CEF Commodity,100,Sprott Asset Management LP,False,20.42,-0.53,21.56,2026-09-14T00:00:00,85207K107,Sprott Physical Silver Trust Unit,2026-09-14,,Equity-Commodities,,12416.356,,Data Not Available,0.0,,10.0,,,,0.56,,13109.532,False,False,False,False,False,False,,38.27,37.81,21.55,21.1,-7.65,-7.48,,,62.31,161682230,,,,,,,22.0672,-4.64002,-0.43,-0.11,0.12,2026-09-14T00:00:00,2010-10-29T00:00:00,10/29/2010,1288310400,
316,STEW,-0.2257,3.38696,4.37397,0.19999999999999998,6.51,10,Morningstar US CEF US Equity,85,Paralel Advisors LLC,True,18.29,-0.04,23.62,2026-09-14T00:00:00,101507101,SRH Total Return Fund,2026-09-14,XSTEX,Equity-U.S. Equity,8.95,1763.915,,Quarterly,0.03245,0.19999999999999998,10.0,5.4498,,,1.42,,2501.783,True,True,False,False,True,False,,15.94,15.43,11.02,9.97,5.46,2.96,,,4.08,803730,,,,,0.4,,17.94919,-21.59795,-1.02,0.39,-0.37,2026-09-14T00:00:00,1972-12-07T00:00:00,12/7/1972,92534400,2026-07-24T00:00:00
317,TWN,-0.1779,5.1941,6.31835,6.2002,128.82,1,Morningstar US CEF Asia Equity,80,Nomura Asset Management USA Inc,False,98.13,-5.02,119.37,2026-09-14T00:00:00,874036106,Taiwan Fund,2026-09-14,XXTWNXX,Equity-Asia Equity,,563.466,,Annually,0.0,6.2002,22.42,,,,1.32,,685.427,False,True,False,False,False,False,,58.42,64.19,31.53,32.9,95.92,91.2,,,126.91,314330,,,,,,,73.19914,-15.881450000000001,-0.85,-0.28,-0.52,2026-09-14T00:00:00,1986-12-23T00:00:00,12/23/1986,535680000,2025-12-29T00:00:00
318,TSI,-0.1164,7.06029,7.99059,0.0283,0.38,17,Morningstar US CEF Multi-Sector,102,TCW Investment Management Co LLC,False,4.25,-0.09,4.81,2026-09-14T00:00:00,872340104,TCW Strategic Income,2026-09-14,XXCVTXX,Fixed Income - Taxable-Multi-Sector,0.0,270.784,,Monthly,0.16068,0.0283,10.0,4.6909,,,1.17,,229.848,True,False,False,False,False,False,,6.15,5.86,3.01,2.09,-1.25,-7.24,,,-3.93,1251850,,,97.6881,,,,4.67711,-6.99395,-2.6,-3.46,-2.74,2026-09-14T00:00:00,1987-03-05T00:00:00,3/5/1987,541900800,2026-08-17T00:00:00
319,TDF,-0.1461,4.9261099999999995,5.76923,0.15,0.75,1,Morningstar US CEF Asia Equity,103,Templeton Asset Management Ltd.,False,10.4,0.01,12.18,2026-09-14T00:00:00,88018T101,Templeton Dragon,2026-09-14,XTDFX,Equity-Asia Equity,0.68,260.787,,Quarterly,0.07077,0.15,15.0,,,,1.21,,307.506,True,False,False,False,False,False,,7.88,8.7,-5.98,-7.15,-2.22,-1.53,,,0.85,733270,,,,,,,11.19008,-14.16355,-0.52,-0.39,-0.21,2026-09-14T00:00:00,1994-09-20T00:00:00,9/20/1994,780019200,2026-06-23T00:00:00
320,TEI,-0.07780000000000001,9.16549,9.938649999999999,0.054,25.07,12,Morningstar US CEF Emerging Market Income,53,"Franklin Advisers, Inc.",False,6.52,-0.11,7.07,2026-09-14T00:00:00,880192109,Templeton Emerg Mkts Income,2026-09-14,XTEIX,Fixed Income - Taxable-Emerging Market Income,16.29,307.929,,Monthly,0.37173,0.054,15.0,8.0859,,,2.37,,398.905,True,True,False,False,False,False,,20.17,23.76,7.43,8.8,10.97,11.32,,,25.82,1831920,,,,,5.59,,6.5074000000000005,-5.83985,-1.21,-2.15,-0.97,2026-09-14T00:00:00,1993-09-23T00:00:00,9/23/1993,748742400,2026-08-24T00:00:00
321,EMF,-0.115,3.85852,4.35967,0.24,64.97,4,Morningstar US CEF Emerging Market Equity,55,Franklin Templeton Investments,False,22.02,-0.58,24.88,2026-09-14T00:00:00,880191101,Templeton Emerging Markets,2026-09-14,XEMFX,Equity-Emerging Market Equity,2.62,329.153,,Quarterly,0.05477,0.24,20.0,,,,1.34,,381.904,True,True,False,False,False,False,,32.89,35.99,13.05,14.2,36.26,34.87,,,68.6,415740,,,,,,,19.67052,-10.10948,-0.93,-1.02,-0.84,2026-09-14T00:00:00,1987-02-26T00:00:00,2/26/1987,541296000,2026-06-23T00:00:00
322,CEE,-0.11289999999999999,1.71435,1.9325999999999999,0.3871,48.74,4,Morningstar US CEF Emerging Market Equity,40,DWS,False,20.03,0.03,22.58,2026-09-14T00:00:00,153436100,The Central and Eastern Europe Fund,2026-09-14,XCEEX,Equity-Emerging Market Equity,4.82,130.6,,Annually,0.05509,0.3871,19.0,,,,1.26,,154.689,True,True,False,False,False,False,,42.68,34.77,-4.18,-3.46,32.54,12.37,,,24.42,269350,,,,,,,18.76044,-2.20368,-2.52,-1.17,-1.85,2026-09-14T00:00:00,1990-03-06T00:00:00,3/6/1990,636681600,2025-12-30T00:00:00
323,TBLD,-0.09269999999999999,5.36728,5.9159500000000005,0.10417,19.27,25,Morningstar US CEF Global Allocation,105,Thornburg Investment Management Inc,False,21.13,-0.25,23.29,2026-09-14T00:00:00,885213108,Thornburg Income Builder Opp Trust,2026-09-14,XTBLX,Hybrid-Global Allocation,0.07,677.89,,Monthly,0.26058,0.10417,20.0,5.5363,,,1.62,,747.704,True,False,False,False,False,True,,17.64,21.58,10.09,9.54,13.25,14.75,,,18.25,593880,,,87.9215,,,,21.22626,-5.74041,-2.8,-3.36,-3.06,2026-09-14T00:00:00,2021-07-27T00:00:00,7/27/2021,1627344000,2026-09-11T00:00:00
324,TYG,0.0002,12.92224,12.91931,0.475,10.18,6,Morningstar US CEF MLP,106,"Tortoise Capital Advisors, LLC",False,44.12,-0.03,44.11,2026-09-14T00:00:00,89147L886,Tortoise Energy Infrastructure Corp.,2026-09-14,XTYGX,Equity-MLP,27.81,932.238,,Monthly,-0.21128,0.475,25.0,,,,3.13,,1291.028,True,False,True,False,False,False,,18.49,25.37,15.27,21.36,10.93,15.91,,,15.69,1298310,,,,,0.25,,44.61904,-4.80733,1.46,2.22,1.21,2026-09-14T00:00:00,2004-02-27T00:00:00,2/27/2004,1077840000,2026-08-24T00:00:00
325,SWZ,-0.2059,7.8498,9.88542,3.0,4.96,9,Morningstar US CEF Single Country Equity,22,Bulldog Investors LLP,False,5.9,-0.02,7.43,2026-09-14T00:00:00,870875101,Total Return Securities Fund,2026-09-14,XSWZX,Equity-Single-Country Equity,0.0,76.546,,Quarterly,0.02228,3.0,8.0,5.0717,,19.19,2.21,,96.396,True,False,False,False,False,False,,3.16,2.99,1.0,0.54,7.08,-3.7,,,-0.8300000000000001,663330,,,,,,7.94,6.01943,-16.48268,-1.38,-1.62,-1.46,2026-09-14T00:00:00,1987-08-27T00:00:00,8/27/1987,557020800,2025-03-18T00:00:00
326,TY,-0.1099,3.04968,3.42626,0.29619999999999996,16.8,26,Morningstar US CEF US Allocation,31,"Columbia Mgmt Investment Advisers, LLC",False,34.58,-0.34,38.85,2026-09-14T00:00:00,895436103,Tri-Continental,2026-09-14,XTYCX,Hybrid-U.S. Allocation,1.79,1847.351,,Quarterly,0.57554,0.29619999999999996,10.0,6.0621,,,0.46,,2104.044,True,True,False,False,False,False,,16.73,19.29,9.39,10.9,11.65,12.47,,,18.27,354060,,,,,4.48,,33.97042,-10.25359,-0.92,-1.9,-0.96,2026-09-14T00:00:00,1929-01-14T00:00:00,1/14/1929,-1292716800,2026-09-14T00:00:00
327,DHY,-0.1406,9.6875,11.27273,0.0155,-3.11,14,Morningstar US CEF High Yield,107,UBS Asset Management (Americas) LLC,False,1.65,-0.03,1.92,2026-09-14T00:00:00,22544F103,UBS Asset Management High Yield Credit,2026-09-14,XDHYX,Fixed Income - Taxable-High Yield,30.67,170.956,,Monthly,0.08308,0.0155,10.0,6.998,,,3.62,,286.925,True,False,False,False,False,False,,5.59,6.12,2.8,1.52,-3.66,-9.06,,,-10.32,6312390,,,98.7615,,5.73,,1.89701,-6.99864,-2.19,-3.05,-2.09,2026-09-14T00:00:00,1998-07-31T00:00:00,7/31/1998,901843200,2026-08-17T00:00:00
328,CIK,-0.1185,8.88889,10.08403,0.02,1.7000000000000002,14,Morningstar US CEF High Yield,107,UBS Asset Management (Americas) LLC,False,2.38,-0.03,2.7,2026-09-14T00:00:00,224916106,UBS Asset Management Income,2026-09-14,XCIKX,Fixed Income - Taxable-High Yield,33.48,130.566,,Monthly,0.11479,0.02,10.0,6.9712,,,3.7,,222.678,True,False,False,False,False,False,,7.53,5.67,4.22,2.0,1.69,-8.47,,,-9.38,4717080,,,98.7034,,5.73,,2.66269,-4.4047,-1.72,-2.7800000000000002,-1.82,2026-09-14T00:00:00,1987-03-23T00:00:00,3/23/1987,543456000,2026-08-17T00:00:00
329,AIO,-0.0812,8.04769,8.75912,0.18,30.39,8,Morningstar US CEF Sector Equity,108,"Virtus Investment Advisers, LLC",False,24.66,-0.77,26.84,2026-09-14T00:00:00,92838Y100,Virtus AI & Tech Opp Fund,2026-09-14,XAIOX,Equity-Sector Equity,12.33,849.267,,Monthly,0.025490000000000002,0.18,20.0,4.6834,,,2.32,,1054.344,True,True,True,False,False,False,,23.61,25.07,10.35,11.76,21.09,27.18,,,22.02,838610,,,,,,,24.2872,-8.56544,0.19,0.25,0.92,2026-09-14T00:00:00,2019-10-31T00:00:00,10/31/2019,1572480000,2026-09-14T00:00:00
330,NCV,-0.0947,9.30975,10.28355,0.13599999999999998,20.31,11,Morningstar US CEF Convertibles,108,"Virtus Investment Advisers, LLC",False,15.870000000000001,-0.3,17.53,2026-09-14T00:00:00,92838X805,Virtus Convertible & Income Fund,2026-09-14,XNCVX,Fixed Income - Taxable-Convertibles,34.6,358.557,0.012,Monthly,0.12557000000000001,0.13599999999999998,15.0,4.2431,,,2.8200000000000003,,605.621,True,False,True,False,False,False,,16.62,20.34,3.24,3.74,11.18,17.77,,,24.92,866510,,,112.1538,,6.02,,16.11648,-9.89546,0.31,-0.33,0.17,2026-09-14T00:00:00,2003-03-31T00:00:00,3/31/2003,1049068800,2026-09-14T00:00:00
331,NCZ,-0.0647,9.04523,9.67092,0.12,21.33,11,Morningstar US CEF Convertibles,108,"Virtus Investment Advisers, LLC",False,14.89,-0.37,15.92,2026-09-14T00:00:00,92838U801,Virtus Convertible & Income Fund II,2026-09-14,XNCZX,Fixed Income - Taxable-Convertibles,35.33,283.341,0.0,Monthly,0.10316,0.12,15.0,4.1644,,,2.22,,468.463,True,True,True,False,False,False,,17.24,21.23,3.35,4.86,11.83,19.16,,,25.52,645860,,,111.4938,,6.05,,14.65858,-9.45816,1.73,0.71,1.33,2026-09-14T00:00:00,2003-07-31T00:00:00,7/31/2003,1059609600,2026-09-14T00:00:00
332,ACV,-0.025099999999999997,8.21605,8.42762,0.18,22.22,26,Morningstar US CEF US Allocation,108,"Virtus Investment Advisers, LLC",False,25.63,-0.5,26.29,2026-09-14T00:00:00,92840N100,Virtus Diversified Inc & Conv Fund,2026-09-14,XACVX,Hybrid-U.S. Allocation,27.75,266.45,,Monthly,-0.00934,0.18,25.0,3.5932,,,3.63,,378.312,True,False,False,False,False,True,,19.57,22.09,7.14,7.35,12.49,5.19,,,25.35,289020,,,,,74.56,,26.39836,-0.37115000000000004,-0.61,-0.66,-0.16,2026-09-14T00:00:00,2015-05-26T00:00:00,5/26/2015,1432598400,2026-09-14T00:00:00
333,NIE,-0.09910000000000001,8.29757,9.21,0.58,16.7,26,Morningstar US CEF US Allocation,108,"Virtus Investment Advisers, LLC",False,25.19,-0.81,27.96,2026-09-14T00:00:00,92841M101,Virtus Equity & Convertible Inc Fund,2026-09-14,XNIEX,Hybrid-U.S. Allocation,,697.989,0.0,Quarterly,0.03966,0.58,25.0,2.0791,,,1.07,,774.743,False,False,True,False,False,False,,16.38,17.16,7.72,9.1,9.46,8.61,,,15.79,603530,,,,,,,25.57111,-10.42618,0.53,0.87,1.3900000000000001,2026-09-14T00:00:00,2007-02-27T00:00:00,2/27/2007,1172534400,2026-09-14T00:00:00
334,VGI,-0.0726,12.66491,13.65576,0.08,6.38,17,Morningstar US CEF Multi-Sector,108,"Virtus Investment Advisers, LLC",True,7.03,-0.15,7.58,2026-09-14T00:00:00,92829B101,Virtus Global Multi-Sector Income Fund,2026-09-14,XVGIX,Fixed Income - Taxable-Multi-Sector,31.37,79.531,,Monthly,0.22072,0.08,20.0,6.035,,7.5,3.98,,124.953,True,False,False,False,True,False,,8.67,11.68,1.6400000000000001,2.09,2.22,1.99,,,4.08,361730,,,97.9305,,,,7.62539,-5.89674,-1.17,-0.71,-0.66,2026-09-14T00:00:00,2012-02-23T00:00:00,2/23/2012,1329955200,2026-09-14T00:00:00
335,EDF,0.08349999999999999,14.66395,13.53383,0.06,18.87,12,Morningstar US CEF Emerging Market Income,109,Virtus Investment Advisors (VIA),False,5.32,-0.1,4.91,2026-09-14T00:00:00,86164T107,Virtus Stone Harbor Emerging Markets Inc,2026-09-14,XEDFX,Fixed Income - Taxable-Emerging Market Income,21.48,171.167,,Monthly,0.22456,0.06,25.0,6.8639,,,3.13,,201.185,True,True,True,False,False,False,,23.15,20.66,8.05,5.62,10.65,15.89,,,16.83,1558720,,,,,,3.92,5.11992,2.79894,1.54,0.62,1.05,2026-09-14T00:00:00,2010-12-23T00:00:00,12/23/2010,1293062400,2026-09-14T00:00:00
336,ZTR,-0.1042,9.29577,10.37736,0.055,14.5,25,Morningstar US CEF Global Allocation,108,"Virtus Investment Advisers, LLC",False,6.36,-0.24,7.1,2026-09-14T00:00:00,92835W107,Virtus Total Return Fund Inc,2026-09-14,XZTRX,Hybrid-Global Allocation,30.92,317.959,,Monthly,0.10525,0.055,15.0,5.8547,,6.15,3.67,,513.855,True,False,True,False,False,False,,15.83,17.81,6.01,4.86,10.69,14.28,,,16.42,1904090,,,98.4225,,,,6.62989,-10.73443,0.24,-0.09,0.49,2026-09-14T00:00:00,2005-02-24T00:00:00,2/24/2005,1109203200,2026-09-14T00:00:00
337,IAE,-0.0146,8.75421,8.88383,0.065,31.64,1,Morningstar US CEF Asia Equity,110,"Voya Investments, LLC",False,8.78,-0.03,8.91,2026-09-14T00:00:00,92912J102,Voya Asia Pacific High Div Eq Inc Fd,2026-09-14,XIAEX,Equity-Asia Equity,,94.388,,Monthly,0.02682,0.065,25.0,,,,1.21,,95.785,False,True,True,False,False,False,,21.74,28.56,10.03,12.7,21.4,29.33,,,35.65,485410,,,,,,,8.00509,-5.60147,1.67,1.06,1.2,2026-09-14T00:00:00,2007-03-27T00:00:00,3/27/2007,1174953600,2026-09-01T00:00:00
338,IHD,-0.026000000000000002,8.57143,8.8,0.055,34.2,4,Morningstar US CEF Emerging Market Equity,110,"Voya Investments, LLC",False,7.5,-0.17,7.7,2026-09-14T00:00:00,92912P108,Voya Emerging Markets High Div Eq Fd,2026-09-14,XIHDX,Equity-Emerging Market Equity,,133.019,,Monthly,0.02083,0.055,20.0,,,,1.4100000000000001,,136.566,False,True,True,False,False,False,,21.97,28.6,9.76,12.08,22.16,29.57,,,42.23,790880,,,,,,,6.9073,-5.35911,1.2,0.0,0.59,2026-09-14T00:00:00,2011-04-26T00:00:00,4/26/2011,1303776000,2026-09-01T00:00:00
339,IGA,-0.0472,9.2559,9.71429,0.08499999999999999,17.48,3,Morningstar US CEF Covered Call,110,"Voya Investments, LLC",False,10.5,0.08,11.02,2026-09-14T00:00:00,92912R104,Voya Global Advantage and Premium Opp Fd,2026-09-14,XIGAX,Equity-Covered-Call Funds,,161.085,,Monthly,0.07357,0.08499999999999999,20.0,,,,1.01,,169.062,False,True,True,False,False,False,,14.86,19.84,9.79,11.39,14.17,16.69,,,18.44,593300,,,,,,,9.853110000000001,-6.4242,1.3599999999999999,1.74,2.43,2026-09-14T00:00:00,2005-10-26T00:00:00,10/26/2005,1130284800,2026-09-01T00:00:00
340,IGD,-0.030600000000000002,9.18836,9.47867,0.049999999999999996,16.86,3,Morningstar US CEF Covered Call,110,"Voya Investments, LLC",False,6.33,0.0,6.53,2026-09-14T00:00:00,92912T100,Voya Global Equity Dividend&Prm Opp Fd,2026-09-14,XIGDX,Equity-Covered-Call Funds,,499.238,,Monthly,0.04503,0.049999999999999996,20.0,,,,0.9600000000000001,,515.011,False,True,True,False,False,False,,14.6,21.05,9.02,11.34,13.84,22.44,,,22.03,2567160,,,,,,,6.00814,-3.68237,0.25,-2.17,-0.51,2026-09-14T00:00:00,2005-03-28T00:00:00,3/28/2005,1111968000,2026-09-01T00:00:00
341,IDE,-0.0574,9.0566,9.60769,0.09999999999999999,20.8,5,Morningstar US CEF Global Equity,110,"Voya Investments, LLC",True,12.49,-0.22,13.25,2026-09-14T00:00:00,92912X101,Voya Infrastructure Industrials&Matls Fd,2026-09-14,XIDEX,Equity-Global Equity,,189.302,,Monthly,0.02906,0.09999999999999999,20.0,,,,1.23,,200.821,False,False,False,False,True,False,,16.79,21.59,10.03,10.62,12.95,12.43,,,15.1,445350,,,,,,,12.95597,-3.4456100000000003,-1.0,-1.24,-1.3599999999999999,2026-09-14T00:00:00,2010-01-26T00:00:00,1/26/2010,1264464000,2026-09-01T00:00:00
342,WDI,-0.1164,12.88503,14.58265,0.1485,4.95,17,Morningstar US CEF Multi-Sector,54,"Franklin Templeton Fund Adviser, LLC",True,12.22,-0.18,13.83,2026-09-11T00:00:00,95790K109,Western Asset Diversified Inc Fund,2026-09-14,XWDIX,Fixed Income - Taxable-Multi-Sector,38.51,634.366,,Monthly,0.82675,0.1485,20.0,8.2668,,,4.25,,1167.523,True,False,False,False,True,True,,9.23,11.14,3.52,2.67,2.85,0.68,,,-2.7199999999999998,2051240,,,96.2566,,,,13.79874,-4.87784,-3.33,-2.7199999999999998,-3.25,2026-09-14T00:00:00,2021-06-24T00:00:00,6/24/2021,1624492800,2026-08-24T00:00:00
343,EMD,-0.0613,10.58496,11.27596,0.095,10.88,12,Morningstar US CEF Emerging Market Income,54,"Franklin Templeton Fund Adviser, LLC",True,10.11,-0.06,10.77,2026-09-14T00:00:00,95766A101,Western Asset Emerging Markets Debt,2026-09-14,XEMDX,Fixed Income - Taxable-Emerging Market Income,27.27,587.699,,Monthly,0.38634,0.095,20.0,6.0739,,,3.13,,860.864,True,False,False,False,True,False,,13.56,18.35,3.5300000000000002,5.26,3.93,7.33,,,14.83,1960290,,,,,7.15,5.22,10.58716,-5.0238,-0.67,-2.13,-0.64,2026-09-14T00:00:00,2003-12-01T00:00:00,12/1/2003,1070236800,2026-08-24T00:00:00
344,GDO,-0.0987,13.38208,14.84787,0.122,2.9699999999999998,13,Morningstar US CEF Global Income,54,"Franklin Templeton Fund Adviser, LLC",False,9.86,-0.07,10.94,2026-09-14T00:00:00,95790C107,Western Asset Global Corp Opp,2026-09-14,XGDOX,Fixed Income - Taxable-Global Income,33.9,74.141,,Monthly,0.40556000000000003,0.122,20.0,5.9764,0.0,8.59,4.47,,124.453,True,False,False,True,False,False,,7.1,6.05,0.01,-0.99,0.65,-5.95,,,-3.46,317750,,0.0,,,,,11.14823,-5.33857,-2.21,-1.82,-2.25,2026-09-14T00:00:00,2009-11-27T00:00:00,11/27/2009,1259280000,2026-08-24T00:00:00
345,EHI,-0.11449999999999999,13.35453,15.08079,0.06999999999999999,6.01,14,Morningstar US CEF High Yield,55,Franklin Templeton Investments,False,5.57,-0.04,6.29,2026-09-14T00:00:00,95766B109,Western Asset Global High Income,2026-09-14,XEHIX,Fixed Income - Taxable-High Yield,32.23,168.77,,Monthly,0.29517,0.06999999999999999,15.0,7.3478,,,3.49,,281.243,True,False,False,False,False,False,,8.68,5.42,1.2,0.1,3.4,-2.46,,,-1.35,1096770,,,97.2695,,,,6.17703,-6.90263,-2.22,-2.49,-2.34,2026-09-14T00:00:00,2003-07-28T00:00:00,7/28/2003,1059350400,2026-08-24T00:00:00
346,HIX,-0.04769999999999999,14.77387,15.51451,0.048999999999999995,5.46,14,Morningstar US CEF High Yield,55,Franklin Templeton Investments,False,3.79,-0.01,3.98,2026-09-14T00:00:00,95766J102,Western Asset High Income II,2026-09-14,XHGIX,Fixed Income - Taxable-High Yield,32.51,341.364,,Monthly,0.19291,0.048999999999999995,15.0,7.3734,,,3.76,,531.136,True,False,False,False,False,False,,9.28,7.44,1.7000000000000002,0.33,2.95,4.44,,,5.36,3396210,,,97.4179,,,,4.0787,-3.67357,-0.77,-1.4100000000000001,-0.31,2026-09-14T00:00:00,1998-05-28T00:00:00,5/28/1998,896313600,2026-08-24T00:00:00
347,HIO,-0.1024,11.1811,12.45614,0.0355,5.03,14,Morningstar US CEF High Yield,54,"Franklin Templeton Fund Adviser, LLC",False,3.42,-0.02,3.81,2026-09-14T00:00:00,95766K109,Western Asset High Income Opportunity,2026-09-14,XHIOX,Fixed Income - Taxable-High Yield,,325.239,,Monthly,0.15621000000000002,0.0355,12.5,7.5884,,,0.93,,362.328,False,False,False,False,False,False,,7.49,8.27,2.24,2.0,2.94,1.71,,,-1.6,4139400,,,97.8285,,,,3.69492,-6.90955,-2.34,-1.87,-2.37,2026-09-14T00:00:00,1993-11-16T00:00:00,11/16/1993,753408000,2026-08-24T00:00:00
348,HYI,-0.0977,10.12433,11.22047,0.095,3.79,14,Morningstar US CEF High Yield,54,"Franklin Templeton Fund Adviser, LLC",False,10.16,-0.04,11.26,2026-09-14T00:00:00,95768B107,Western Asset High Yield Opp Fund,2026-09-14,XHYIX,Fixed Income - Taxable-High Yield,,130.19,,Monthly,0.50391,0.095,20.0,7.6643,,,1.07,,144.286,False,False,False,False,False,True,,6.72,6.47,2.36,1.2,2.5,-0.16,,,-3.67,614980,,,97.5157,,,,10.93176,-6.9689,-1.55,-2.58,-2.36,2026-09-14T00:00:00,2010-10-27T00:00:00,10/27/2010,1288137600,2026-08-24T00:00:00
349,PAI,-0.0818,4.9528300000000005,5.39384,0.0525,2.19,15,Morningstar US CEF Investment Grade,55,Franklin Templeton Investments,False,11.68,-0.03,12.72,2026-09-14T00:00:00,95766T100,Western Asset Income,2026-09-14,XPAIX,Fixed Income - Taxable-Investment Grade,8.93,111.088,,Monthly,0.32901,0.0525,12.0,6.095,,,0.77,,120.979,True,False,False,False,False,False,,5.72,5.9,0.09,-1.0,-0.1,-1.88,,,-0.52,183670,,,99.0566,,,,12.32163,-6.56371,-1.34,-1.72,-1.8399999999999999,2026-09-14T00:00:00,1972-12-21T00:00:00,12/21/1972,93744000,2026-08-24T00:00:00
350,WIW,-0.10769999999999999,8.16104,9.14634,0.0625,2.51,15,Morningstar US CEF Investment Grade,112,"Western Asset Management Company, LLC",True,8.2,-0.02,9.19,2026-09-14T00:00:00,95766R104,Western Asset Infl-Linked Opps & Inc Fd,2026-09-14,XWIWX,Fixed Income - Taxable-Investment Grade,25.97,501.71,,Monthly,0.23593,0.0625,15.0,2.5526,,,2.59,,759.576,True,False,False,False,True,False,,4.72,7.4,-0.59,0.37,1.58,2.5,,,1.33,2366530,,,93.4475,,,4.02,8.58134,-10.49429,-0.4,0.33,0.5,2026-09-14T00:00:00,2004-02-27T00:00:00,2/27/2004,1077840000,2026-08-24T00:00:00
351,WIA,-0.1042,7.14777,7.97954,0.052,2.14,15,Morningstar US CEF Investment Grade,112,"Western Asset Management Company, LLC",True,7.82,0.0,8.73,2026-09-14T00:00:00,95766Q106,Western Asset Inflation-Linked Income Fd,2026-09-14,XWIAX,Fixed Income - Taxable-Investment Grade,26.34,182.38,,Monthly,0.21076,0.052,15.0,2.4424,,,2.91,,276.413,True,False,False,False,True,False,,4.6,6.6,-1.09,-1.04,1.29,0.56,,,1.26,396630,,,93.5321,,,4.02,8.1887,-9.75356,-1.13,-1.16,-0.8300000000000001,2026-09-14T00:00:00,2003-09-30T00:00:00,9/30/2003,1064880000,2026-08-24T00:00:00
352,SBI,-0.08220000000000001,6.27646,6.83853,0.041999999999999996,4.47,21,Morningstar US CEF Municipal,54,"Franklin Templeton Fund Adviser, LLC",False,7.37,-0.08,8.03,2026-09-14T00:00:00,958435109,Western Asset Intermediate Muni,2026-09-14,XSBIX,Fixed Income - Municipal-Municipal,30.61,103.787,,Monthly,0.13919,0.041999999999999996,10.0,4.8611,0.0,8.39,2.6,,162.963,True,False,True,True,False,False,,3.19,7.01,-0.51,0.15,0.16,3.48,,,6.28,421470,11.06,0.0041800000000000006,101.0747,,8.3,6.2,7.78263,-8.2416,0.03,-1.45,-0.33,2026-09-14T00:00:00,1992-03-02T00:00:00,3/2/1992,699494400,2026-08-24T00:00:00
353,IGI,-0.0908,5.05638,5.56136,0.071,2.35,15,Morningstar US CEF Investment Grade,54,"Franklin Templeton Fund Adviser, LLC",False,15.32,-0.35000000000000003,16.85,2026-09-14T00:00:00,95790A101,Western Asset Invstm Grd Opp Tr Inc,2026-09-14,XIGIX,Fixed Income - Taxable-Investment Grade,,91.823,,Monthly,0.43967,0.071,20.0,6.1913,,,0.93,,100.993,False,False,False,False,False,False,,5.02,5.02,-0.38,-1.1,0.04,0.92,,,2.04,161910,,,99.2391,,,,16.27095,-6.85667,-3.22,-3.16,-3.45,2026-09-14T00:00:00,2009-06-26T00:00:00,6/26/2009,1245974400,2026-08-24T00:00:00
354,MMU,-0.0757,6.34336,6.86254,0.0545,6.04,21,Morningstar US CEF Municipal,55,Franklin Templeton Investments,False,9.53,-0.1,10.31,2026-09-14T00:00:00,95766M105,Western Asset Managed Municipals,2026-09-14,XMMUX,Fixed Income - Municipal-Municipal,34.49,520.518,,Monthly,0.14102,0.0545,15.0,4.8848,0.0,11.01,2.7,,859.555,True,False,False,True,False,False,,3.48,8.16,-0.97,-0.48,0.02,0.9400000000000001,,,8.81,1275000,10.27,0.008860000000000002,99.7794,,11.29,7.87,10.33034,-5.99632,-1.74,-2.56,-1.72,2026-09-14T00:00:00,1992-06-26T00:00:00,6/26/1992,709516800,2026-08-24T00:00:00
355,DMO,-0.1066,13.11475,14.6789,0.12,5.5600000000000005,14,Morningstar US CEF High Yield,54,"Franklin Templeton Fund Adviser, LLC",False,9.81,-0.08,10.98,2026-09-14T00:00:00,95790B109,Western Asset Mortgage Opp Fund Inc.,2026-09-14,XDMOX,Fixed Income - Taxable-High Yield,46.6,112.1,,Monthly,0.46738,0.12,20.0,7.4224,,,7.87,,234.941,True,False,False,False,False,False,,10.19,11.34,4.49,2.94,3.44,0.97,,,-1.96,489440,,,91.3564,,,,11.07941,-4.18928,-2.23,-3.03,-2.74,2026-09-14T00:00:00,2010-02-26T00:00:00,2/26/2010,1267142400,2026-08-24T00:00:00
356,MHF,-0.0197,6.17247,6.2963000000000005,0.033999999999999996,5.14,21,Morningstar US CEF Municipal,54,"Franklin Templeton Fund Adviser, LLC",False,6.48,-0.05,6.61,2026-09-14T00:00:00,95766N103,Western Asset Municipal High Income,2026-09-14,XMHFX,Fixed Income - Municipal-Municipal,1.82,144.01,,Monthly,0.11955,0.033999999999999996,10.0,4.8935,0.0,10.67,0.8400000000000001,,149.629,True,False,False,True,False,False,,3.62,8.6,0.71,1.13,0.74,2.85,,,3.8200000000000003,601450,14.87,0.0,99.7821,,7.43,7.68,6.94922,0.45384,-1.4,-2.9,-2.21,2026-09-14T00:00:00,1988-11-28T00:00:00,11/28/1988,596678400,2026-08-24T00:00:00
357,WEA,-0.0776,7.6712299999999995,8.31683,0.06999999999999999,4.54,15,Morningstar US CEF Investment Grade,111,Western Asset Management Company Pte Ltd. â Singapore,False,10.1,-0.24,10.95,2026-09-14T00:00:00,957664105,Western Asset Premier Bond,2026-09-14,XWEAX,Fixed Income - Taxable-Investment Grade,32.86,119.843,,Monthly,0.40488,0.06999999999999999,15.0,6.2566,,,3.55,,193.529,True,False,False,False,False,False,,7.63,7.09,1.4,0.92,1.5,0.15,,,2.7,288260,,,96.9254,,,,10.82631,-5.03055,-1.83,-3.58,-2.24,2026-09-14T00:00:00,2002-03-28T00:00:00,3/28/2002,1017273600,2026-08-24T00:00:00
358,MCN,-0.11199999999999999,11.52,12.97297,0.06,7.46,3,Morningstar US CEF Covered Call,113,XA Investments LLC,False,5.55,-0.05,6.25,2026-09-14T00:00:00,557437100,XAI Madison Equity Premium Income Fund,2026-09-14,XMCNX,Equity-Covered-Call Funds,0.01,117.198,,Monthly,0.041210000000000004,0.06,15.0,,,,1.1,,131.98,True,False,False,False,False,False,,7.01,3.5,6.88,3.75,5.14,3.85,,,2.6,636740,,,,,,,5.8848,-8.02073,-1.94,-2.1,-2.33,2026-09-14T00:00:00,2004-07-28T00:00:00,7/28/2004,1090972800,2026-09-15T00:00:00
359,XFLT,-0.1593,11.75446,13.98239,0.22499999999999998,-12.31,19,Morningstar US CEF Senior Loans,113,XA Investments LLC,False,19.31,-0.21,22.97,2026-09-14T00:00:00,98400T304,XAI Octagon FR & Alternative Inc Trust,2026-09-14,XFLTX,Fixed Income - Taxable-Senior Loans,40.45,294.108,,Monthly,1.13446,0.22499999999999998,10.0,4.5235,,,7.5600000000000005,,587.469,True,False,True,False,False,False,,1.46,-4.55,2.2800000000000002,-2.67,-7.02,-12.47,,,-20.03,1052920,,,,,,,20.53584,-17.87212,0.37,0.93,1.33,2026-09-14T00:00:00,2017-09-27T00:00:00,9/27/2017,1506470400,2026-09-15T00:00:00
