,Ticker,Premium / Discount,DistributionRateNAV,DistributionRatePrice,DistributionAmtUSD,ReturnOnNAV,CategoryId,Category,SponsorId,SponsorName,IsManagedDistribution,Share Price,PriceChange,NAV,NAVPublished,Cusip,Fund Name,Date,NavTicker,Strategy,LeverageRatioPercentage,MarketCapUSDm,UNIIPerShare,DistributionFrequency,EarningsPerShare,CurrentDistribution,InceptionPrice,AverageCoupon,AMTPercentage,AverageWeightedMaturity,ExpenseRatio,BaselineExpense,TotalAssetsUSDm,IsLeveraged,IsPriceBelow52WkAvg,IsDiscountBelow52WkAvg,IsAMTPct,IsManaged,Term,AvgWtdDurationLevAdj,Yr3RetOnNav,Yr3RetOnPrice,Yr5RetOnNav,Yr5RetOnPrice,YTDRetOnNav,YTDRetOnPrice,SinceInceptionRetOnNav,SinceInceptionRetOnPrice,ReturnOnPrice,AvgDailyVolume,CallableYr1Pct,PrerefundedPercentage,AvgBondPrice,AvgWtdDurationNonLevAdj,EffDurationLevAdj,EffDurationNonLevAdj,Price52WkAvg,Discount52WkAvg,ZScore1Yr,ZScore3M,ZScore6M,ZScoreDate,InceptionDate,InceptionDateString,InceptionDateUnixTimestamp,DistributionDate
0,MGF,-0.047,8.05369,8.4507,0.02,0.91,15,Morningstar US CEF Investment Grade,2,abrdn Inc.,True,2.84,-0.01,2.98,2026-09-08T00:00:00,552939100,Aberdeen Government Markets Income,2026-09-08,XMGFX,Fixed Income - Taxable-Investment Grade,,92.556,,Monthly,0.04709,0.02,10.0,3.9638,0.0,6.55,0.8,,97.119,False,False,True,True,True,False,,3.37,3.99,-0.73,-0.9500000000000001,-0.88,-0.01,,,0.37,718750,,0.0,91.4686,,,5.93,2.96356,-4.87694,0.13,1.13,1.19,2026-09-08T00:00:00,1987-05-28T00:00:00,5/28/1987,549158400,2026-08-24T00:00:00
1,IFN,-0.0942,11.82109,13.05115,0.37,-6.55,1,Morningstar US CEF Asia Equity,1,abrdn Asia Limited,True,11.34,-0.16,12.52,2026-09-08T00:00:00,454089103,"Aberdeen India Fund, Inc",2026-09-08,XIFNX,Equity-Asia Equity,0.28,483.673,,Quarterly,-0.02842,0.37,15.0,,,,1.36,,534.002,True,False,False,False,True,False,,4.79,1.1400000000000001,0.03,0.76,-6.53,-7.32,,,-10.28,2037370,,,,,,,12.92992,-6.31451,-1.38,-0.74,-1.07,2026-09-08T00:00:00,1994-02-23T00:00:00,2/23/1994,761961600,2026-08-24T00:00:00
2,MIN,-0.0625,9.375,10.0,0.02,1.52,13,Morningstar US CEF Global Income,2,abrdn Inc.,True,2.4,-0.01,2.56,2026-09-08T00:00:00,55273C107,Aberdeen Intermediate Income,2026-09-08,XMINX,Fixed Income - Taxable-Global Income,,273.116,,Monthly,0.04255,0.02,10.0,4.2949,0.0,3.24,0.73,,291.323,False,False,False,True,True,False,,4.51,4.98,1.06,0.73,0.14,-0.96,,,-1.06,2334430,,0.0,97.167,,,3.34,2.54252,-4.8261,-0.91,-0.53,-0.17,2026-09-08T00:00:00,1988-03-17T00:00:00,3/17/1988,574560000,2026-08-24T00:00:00
3,MMT,-0.06709999999999999,10.06289,10.78652,0.04,2.71,13,Morningstar US CEF Global Income,72,MFS,True,4.45,0.0,4.77,2026-09-08T00:00:00,552737108,Aberdeen Multi-Market Income,2026-09-08,XMMTX,Fixed Income - Taxable-Global Income,27.03,516.171,,Monthly,0.1389,0.04,10.0,6.0294,,,2.86,,758.289,True,False,True,False,True,False,,7.49,9.29,2.75,1.16,0.2,2.73,,,3.26,1396930,,,95.7664,,7.33,5.35,4.59861,-7.5672,0.81,1.49,1.35,2026-09-08T00:00:00,1987-03-12T00:00:00,3/12/1987,542505600,2026-08-24T00:00:00
4,MFM,-0.0882,6.22837,6.83112,0.03,7.66,21,Morningstar US CEF Municipal,2,abrdn Inc.,False,5.27,-0.01,5.78,2026-09-08T00:00:00,552738106,Aberdeen Municipal Income,2026-09-08,XMFMX,Fixed Income - Municipal-Municipal,37.95,523.995,,Monthly,0.13078,0.03,10.0,5.1801,,,2.83,,926.204,True,False,True,False,False,False,,4.91,8.2,-0.93,-1.09,0.99,3.17,,,9.88,1500390,22.29,,95.5991,,14.38,8.98,5.42084,-9.30585,0.46,-0.74,0.13,2026-09-08T00:00:00,1986-11-25T00:00:00,11/25/1986,533260800,2026-08-24T00:00:00
5,FAX,-0.0429,13.06931,13.65517,0.16499999999999998,2.55,13,Morningstar US CEF Global Income,1,abrdn Asia Limited,True,14.5,0.03,15.15,2026-09-08T00:00:00,003009867,abrdn Asia-Pacific Income Fund Inc,2026-09-08,XFAPX,Fixed Income - Taxable-Global Income,39.55,633.234,,Monthly,0.50096,0.16499999999999998,10.0,6.3451,,,4.22,,1094.42,True,False,True,False,True,False,,5.85,10.95,-1.3,0.9400000000000001,0.3,4.65,,,2.34,1775540,,,,,7.76,4.68,15.156,-5.33658,0.61,0.1,0.6,2026-09-08T00:00:00,1986-04-24T00:00:00,4/24/1986,514684800,2026-08-24T00:00:00
6,IAF,-0.0975,9.60879,10.64639,0.35,6.03,9,Morningstar US CEF Single Country Equity,1,abrdn Asia Limited,True,13.15,-0.11,14.57,2026-09-08T00:00:00,003011111,abrdn Australia Equity Fund Inc,2026-09-08,XIAFX,Equity-Single-Country Equity,7.17,126.008,,Quarterly,0.10818,0.35,10.125,,,,1.9900000000000002,,150.399,True,True,True,False,True,False,,12.29,14.26,5.23,4.51,9.95,11.63,,,7.01,220090,,,,,,,13.06839,-10.02123,0.19,1.05,1.07,2026-09-08T00:00:00,1985-12-12T00:00:00,12/12/1985,503193600,2026-08-24T00:00:00
7,AEF,-0.0655,8.61423,9.21844,0.22999999999999998,67.28,4,Morningstar US CEF Emerging Market Equity,3,abrdn Investments Limited,True,9.98,0.15,10.68,2026-09-08T00:00:00,00301W105,abrdn Emerging Markets ex-China Fund,2026-09-08,XAEFX,Equity-Emerging Market Equity,5.86,405.202,,Quarterly,0.0453,0.22999999999999998,15.0,,,,1.8599999999999999,,460.623,True,True,True,False,True,False,,29.65,34.6,8.77,10.88,40.8,43.76,,,73.48,1454230,,,,,,,8.05498,-9.32101,1.87,1.9500000000000002,1.5899999999999999,2026-09-08T00:00:00,1989-09-25T00:00:00,9/25/1989,622684800,2026-06-23T00:00:00
8,AGD,0.0025,11.91067,11.88119,0.12,21.53,5,Morningstar US CEF Global Equity,3,abrdn Investments Limited,True,12.12,-0.06,12.09,2026-09-08T00:00:00,00302M106,abrdn Global Dynamic Dividend,2026-09-08,XAGDX,Equity-Global Equity,0.6900000000000001,317.233,,Monthly,0.29668,0.12,20.0,,,,1.29,,318.641,True,True,False,False,True,False,,15.6,23.74,7.67,10.42,12.78,16.12,,,17.32,1189380,,,,,,,12.11506,1.7724000000000002,-0.36,-0.37,-0.05,2026-09-08T00:00:00,2006-07-26T00:00:00,7/26/2006,1153872000,2026-08-24T00:00:00
9,ASGI,0.0207,12.12121,11.87584,0.22,17.64,13,Morningstar US CEF Global Income,2,abrdn Inc.,True,22.23,0.07,21.78,2026-09-08T00:00:00,00326W106,abrdn Global Infrastructure Income Fund,2026-09-08,XAGIX,Fixed Income - Taxable-Global Income,0.99,703.109,,Monthly,0.08556,0.22,20.0,,,,2.16,,695.785,True,False,False,False,True,False,,14.21,22.61,8.09,12.34,10.5,8.88,,,23.02,1792630,,,,,,,22.75655,3.40999,-0.34,-0.89,-0.68,2026-09-08T00:00:00,2020-07-28T00:00:00,7/28/2020,1595894400,2026-08-24T00:00:00
10,AWP,0.0151,12.8,12.60946,0.12,9.75,7,Morningstar US CEF Real Estate,2,abrdn Inc.,True,11.42,-0.04,11.25,2026-09-08T00:00:00,00302L207,abrdn Global Premier Properties,2026-09-08,XAWPX,Equity-Real Estate,11.01,352.371,,Monthly,0.10017000000000001,0.12,20.0,,,,2.27,,390.07,True,False,True,False,True,False,,12.66,15.05,0.19,1.8399999999999999,8.64,8.74,,,8.83,1245340,,,,,,,11.79415,1.17056,0.32,0.81,1.0,2026-09-08T00:00:00,2007-04-26T00:00:00,4/26/2007,1177545600,2026-08-24T00:00:00
11,HQH,-0.0356,11.32075,11.73855,0.6599999999999999,49.61,8,Morningstar US CEF Sector Equity,2,abrdn Inc.,True,22.49,-0.07,23.32,2026-09-08T00:00:00,87911J103,abrdn Healthcare Investors,2026-09-08,XHQHX,Equity-Sector Equity,1.1,1304.1,,Quarterly,-0.06102,0.6599999999999999,10.0,,,,1.11,,1352.228,True,True,True,False,True,False,,18.97,25.74,7.8100000000000005,8.03,23.83,31.24,,,54.91,1809580,,,,,,,19.65705,-7.24458,1.57,1.06,1.25,2026-09-08T00:00:00,1987-04-23T00:00:00,4/23/1987,546134400,2026-08-24T00:00:00
12,THQ,-0.032400000000000005,10.75162,11.11111,0.18,28.01,8,Morningstar US CEF Sector Equity,2,abrdn Inc.,True,19.44,-0.33,20.09,2026-09-08T00:00:00,879105104,abrdn Healthcare Opportunities Fund,2026-09-08,XTHQX,Equity-Sector Equity,21.27,805.945,,Monthly,-0.03549,0.18,20.0,4.3206,,,3.02,,1057.893,True,True,False,False,True,False,,9.18,13.61,4.48,4.77,14.06,11.54,,,30.55,1674900,,,,,7.83,,18.53305,-1.10784,-0.66,0.14,-0.54,2026-09-08T00:00:00,2014-07-28T00:00:00,7/28/2014,1406505600,2026-08-24T00:00:00
13,ACP,-0.0638,17.44841,18.63727,0.0775,3.06,19,Morningstar US CEF Senior Loans,3,abrdn Investments Limited,True,4.99,0.04,5.33,2026-09-08T00:00:00,003057106,abrdn Income Credit Strategies Fund,2026-09-08,XACPX,Fixed Income - Taxable-Senior Loans,32.36,626.099,,Monthly,0.22534,0.0775,20.0,8.0708,,,3.94,,988.759,True,False,False,False,True,False,,8.42,6.69,1.6600000000000001,0.21,3.39,5.31,,,1.43,5373290,,,96.1318,,4.91,3.32,5.39789,-5.33678,-0.79,-1.12,-0.71,2026-09-08T00:00:00,2011-01-27T00:00:00,1/27/2011,1296086400,2026-08-24T00:00:00
14,HQL,-0.061200000000000004,11.3242,12.06226,0.62,63.49,8,Morningstar US CEF Sector Equity,2,abrdn Inc.,True,20.56,-0.08,21.9,2026-09-08T00:00:00,87911K100,abrdn Life Sciences Investors,2026-09-08,XHQLX,Equity-Sector Equity,0.01,634.135,,Quarterly,-0.09057,0.62,15.0,,,,1.24,,675.531,True,True,True,False,True,False,,25.61,32.79,10.32,10.84,29.42,36.85,,,69.51,1386170,,,,,,,17.55395,-9.64304,2.36,1.3599999999999999,1.87,2026-09-08T00:00:00,1992-05-08T00:00:00,5/8/1992,705283200,2026-08-24T00:00:00
15,AOD,0.0171,11.40684,11.21495,0.09999999999999999,22.33,5,Morningstar US CEF Global Equity,3,abrdn Investments Limited,True,10.7,-0.01,10.52,2026-09-08T00:00:00,00326L100,abrdn Total Dynamic Dividend,2026-09-08,XAODX,Equity-Global Equity,2.8,1128.278,,Monthly,0.22991,0.09999999999999999,20.0,,,,1.21,,1141.216,True,True,True,False,True,False,,15.99,24.0,8.35,11.58,13.34,20.46,,,34.14,4680580,,,,,,,10.01046,-3.10012,2.2,1.54,1.75,2026-09-08T00:00:00,2007-01-26T00:00:00,1/26/2007,1169769600,2026-08-24T00:00:00
16,THW,0.0079,10.08934,10.01001,0.1167,32.91,8,Morningstar US CEF Sector Equity,2,abrdn Inc.,True,13.99,-0.19,13.88,2026-09-08T00:00:00,87911L108,abrdn World Healthcare Fund,2026-09-08,XTHWX,Equity-Sector Equity,17.63,565.13,,Monthly,-0.03887,0.1167,20.0,3.7686,,,1.46,,680.686,True,True,True,False,True,False,,17.08,14.66,8.87,7.6,16.6,18.52,,,33.53,1311010,,,,,8.12,,12.76316,-1.89867,1.3599999999999999,2.12,0.93,2026-09-08T00:00:00,2015-06-26T00:00:00,6/26/2015,1435276800,2026-08-24T00:00:00
17,ADX,-0.0144,7.55858,7.66871,0.5,19.55,10,Morningstar US CEF US Equity,4,Adams Diversified Equity Fund Inc,False,26.08,-0.05,26.46,2026-09-08T00:00:00,006212104,Adams Diversified Equity Fund,2026-09-08,XADEX,Equity-U.S. Equity,0.0,3258.099,,Quarterly,0.09492,0.5,10.0,,,,0.49000000000000005,,3305.572,True,True,True,False,False,False,,20.46,26.93,12.26,16.51,13.06,17.77,,,29.17,2702880,,,,,,,23.84805,-5.03091,1.46,0.58,1.22,2026-09-08T00:00:00,1929-10-01T00:00:00,10/1/1929,-1270252800,2026-07-27T00:00:00
18,PEO,-0.0849,6.76904,7.39726,0.5399999999999999,39.31,8,Morningstar US CEF Sector Equity,5,Adams Natural Resources Fund Inc,False,29.2,0.31,31.91,2026-09-08T00:00:00,00548F105,Adams Natural Resources Fund,2026-09-08,XPEOX,Equity-Sector Equity,0.7000000000000001,818.617,,Quarterly,0.29271,0.5399999999999999,15.0,,,,0.62,,894.592,True,True,True,False,False,False,,14.92,18.28,21.3,23.68,38.86,40.56,,,41.46,723610,,,,,,,24.62548,-10.286,1.87,1.52,1.8599999999999999,2026-09-08T00:00:00,1929-01-30T00:00:00,1/30/1929,-1291334400,2026-07-27T00:00:00
19,AVK,-0.0974,10.22093,11.32367,0.1172,17.0,11,Morningstar US CEF Convertibles,6,"Advent Capital Management, LLC",False,12.42,0.02,13.76,2026-09-08T00:00:00,00764C109,Advent Convertible & Income Fund,2026-09-08,XAVKX,Fixed Income - Taxable-Convertibles,36.56,548.327,,Monthly,0.22874,0.1172,25.0,5.5855,,,4.53,,957.511,True,False,False,False,False,False,,16.39,16.83,4.93,4.82,12.1,7.61,,,12.49,1475990,,,108.8431,,,,12.57506,-6.12332,-1.54,-1.34,-1.27,2026-09-08T00:00:00,2003-04-29T00:00:00,4/29/2003,1051574400,2026-08-14T00:00:00
20,AWF,-0.1026,7.0116,7.81312,0.0655,5.19,14,Morningstar US CEF High Yield,7,AllianceBernstein L.P.,False,10.06,0.03,11.21,2026-09-08T00:00:00,01879R106,AllianceBernstein Global High Income,2026-09-08,XAWFX,Fixed Income - Taxable-High Yield,0.81,867.471,,Monthly,0.35164,0.0655,15.0,6.7118,,4.36,1.02,,974.518,True,False,False,False,False,False,,9.25,8.47,4.37,3.71,3.0,-0.85,,,-3.33,3024320,,,97.3293,,,,10.49536,-7.70341,-1.0,-0.49,-0.61,2026-09-08T00:00:00,1993-07-28T00:00:00,7/28/1993,743817600,2026-09-03T00:00:00
21,AFB,-0.0745,5.27748,5.70227,0.050179999999999995,7.87,21,Morningstar US CEF Municipal,7,AllianceBernstein L.P.,False,10.56,-0.04,11.41,2026-09-08T00:00:00,01864U106,AllianceBernstein National Mun Inc,2026-09-08,XAFBX,Fixed Income - Municipal-Municipal,49.39,303.547,,Monthly,0.31343,0.050179999999999995,15.0,5.1411,,,3.66,,648.081,True,False,True,False,False,False,,2.7800000000000002,6.21,-1.98,-2.15,-0.64,4.48,,,10.89,965090,,,98.4247,,22.53,11.69,10.95226,-8.81067,0.93,-0.64,0.25,2026-09-08T00:00:00,2002-01-28T00:00:00,1/28/2002,1012176000,2026-09-03T00:00:00
22,NFJ,-0.0562,7.36715,7.8055,0.305,24.49,3,Morningstar US CEF Covered Call,108,"Virtus Investment Advisers, LLC",True,15.63,-0.05,16.56,2026-09-08T00:00:00,92840R101,AllianzGI Div Interest & Prem Common,2026-09-08,XNFJX,Equity-Covered-Call Funds,,1453.078,0.0,Quarterly,0.06142,0.305,25.0,2.0796,,,0.9600000000000001,,1539.538,False,True,True,False,True,False,,13.45,18.0,6.84,8.79,19.62,26.24,,,30.37,1897950,,,,,,,13.81375,-8.92094,1.9300000000000002,1.92,1.69,2026-09-08T00:00:00,2005-02-28T00:00:00,2/28/2005,1109548800,2026-06-15T00:00:00
23,EOD,-0.0848,7.7762,8.49686,0.14211,26.3,5,Morningstar US CEF Global Equity,8,Allspring Global Investments,False,6.69,0.02,7.31,2026-09-08T00:00:00,94987C103,Allspring Global Dividend Opp Fd,2026-09-08,XEODX,Equity-Global Equity,13.11,288.111,,Quarterly,0.1298,0.14211,20.0,7.1532,,,2.45,,362.312,True,True,False,False,False,False,,24.01,25.39,12.97,12.62,16.28,19.26,,,27.06,1211720,,,,,,,6.13768,-8.39962,-0.06,-1.08,-1.24,2026-09-08T00:00:00,2007-03-28T00:00:00,3/28/2007,1175040000,2026-06-11T00:00:00
24,EAD,-0.0999,8.98903,9.98625,0.053259999999999995,4.95,14,Morningstar US CEF High Yield,8,Allspring Global Investments,False,6.4,0.03,7.11,2026-09-08T00:00:00,94987B105,Allspring Income Opps,2026-09-08,XEADX,Fixed Income - Taxable-High Yield,29.88,378.191,,Monthly,0.25923,0.053259999999999995,15.0,7.1839,,,2.95,,599.147,True,False,False,False,False,False,,8.8,10.25,3.5300000000000002,2.37,2.92,0.71,,,-0.9400000000000001,1899530,,,100.5505,,4.62,3.15,6.6723300000000005,-8.04148,-1.11,0.63,-0.46,2026-09-08T00:00:00,2003-02-28T00:00:00,2/28/2003,1046390400,2026-08-13T00:00:00
25,ERC,-0.0709,8.8336,9.50719,0.07273,6.74,16,Morningstar US CEF Limited Duration,8,Allspring Global Investments,False,9.18,0.0,9.88,2026-09-08T00:00:00,94987D101,Allspring Multi-Sec Inc,2026-09-08,XERCX,Fixed Income - Taxable-Limited Duration,30.04,257.534,,Monthly,0.35301,0.07273,20.0,6.8646,0.0,4.35,3.22,,396.172,True,False,False,True,False,False,,8.57,8.75,3.42,2.36,3.92,6.86,,,7.5,759960,,0.0,98.7585,,,,9.26514,-6.78628,-0.28,-0.13,0.25,2026-09-08T00:00:00,2003-06-25T00:00:00,6/25/2003,1056499200,2026-08-13T00:00:00
26,ERH,-0.0746,8.45971,9.14206,0.08784,1.9500000000000002,26,Morningstar US CEF US Allocation,8,Allspring Global Investments,False,11.53,0.08,12.46,2026-09-08T00:00:00,94987E109,Allspring Util & High In,2026-09-08,XERHX,Hybrid-U.S. Allocation,21.42,101.835,,Monthly,0.1865,0.08784,20.0,7.2139,,,2.43,,140.049,True,False,True,False,False,False,,12.59,14.31,5.67,2.65,-0.34,1.02,,,2.05,236040,,,100.6661,,4.08,3.13,12.11796,-7.63661,0.13,-0.03,0.28,2026-09-08T00:00:00,2004-04-30T00:00:00,4/30/2004,1083283200,2026-08-13T00:00:00
27,FINS,-0.0605,10.3139,10.97852,0.11499999999999999,6.88,26,Morningstar US CEF US Allocation,10,"Angel Oak Capital Advisors, LLC",False,12.57,-0.03,13.38,2026-09-08T00:00:00,03464A100,Angel Oak Financial Strats Income Term,2026-09-08,XFINX,Hybrid-U.S. Allocation,21.91,420.05,,Monthly,0.38984,0.11499999999999999,20.0,6.7377,,,2.92,,572.536,True,False,False,False,False,True,,10.08,13.55,3.1,2.76,3.11,3.58,,,6.31,467270,,,99.9624,,3.34,2.85,12.92875,-6.0067,-0.05,0.38,0.55,2026-09-08T00:00:00,2019-05-29T00:00:00,5/29/2019,1559088000,2026-08-17T00:00:00
28,ARDC,-0.08349999999999999,10.05961,10.97561,0.11249999999999999,1.28,19,Morningstar US CEF Senior Loans,11,Ares Capital Management II LLC,False,12.3,0.0,13.42,2026-09-08T00:00:00,04014F102,Ares Dynamic Credit Allocation Fund,2026-09-08,XADCX,Fixed Income - Taxable-Senior Loans,40.27,294.782,,Monthly,0.55616,0.11249999999999999,20.0,7.4979,,,5.26,,538.495,True,False,False,False,False,False,,8.16,9.54,4.87,4.46,-0.11,0.1,,,-6.46,1153400,,,,,40.42,,13.01146,-6.46475,-0.87,-1.33,-0.58,2026-09-08T00:00:00,2012-11-27T00:00:00,11/27/2012,1353974400,2026-08-21T00:00:00
29,BANX,0.0072,8.63309,8.57143,0.15,3.61,8,Morningstar US CEF Sector Equity,12,"ArrowMark Asset Management, LLC",False,21.0,0.73,21.0,2026-07-31T00:00:00,861780104,ArrowMark Financial Corp,2026-09-08,XBANX,Equity-Sector Equity,16.8,203.469,,Monthly,0.91029,0.15,25.0,11.1103,,,6.43,,242.815,True,True,True,False,False,True,,9.66,20.94,8.82,9.69,0.9400000000000001,2.1,,,15.0,339690,,,107.3588,,,,20.57142,-4.67714,1.77,1.77,2.34,2026-09-08T00:00:00,2013-11-07T00:00:00,11/7/2013,1383782400,2026-08-24T00:00:00
30,ASA,-0.1941,0.10373,0.12872,0.04,81.82,8,Morningstar US CEF Sector Equity,13,ASA,False,62.15,-0.9400000000000001,77.12,2026-09-08T00:00:00,G3156P103,ASA Gold and Precious Metals Limited,2026-09-08,XASAX,Equity-Sector Equity,,1198.868,,Semi-Annually,0.02585,0.04,28.0,9.086,,,1.88,,1487.637,False,True,False,False,False,False,,63.29,62.74,26.1,25.07,14.31,6.99,,,69.75,0,,,,,,,58.32607,-12.87762,,,,,1958-09-23T00:00:00,9/23/1958,-355795200,2026-05-01T00:00:00
31,BCV,-0.12869999999999998,5.78483,6.63968,0.41,23.54,11,Morningstar US CEF Convertibles,60,Gabelli Funds LLC,False,24.7,0.46,28.35,2026-09-08T00:00:00,059695106,Bancroft Fund,2026-09-08,XBCVX,Fixed Income - Taxable-Convertibles,14.69,139.0,,Quarterly,0.01134,0.41,25.0,2.3737,,,1.31,,187.006,True,True,False,False,False,False,,19.11,21.08,4.22,3.67,16.09,12.97,,,22.32,186610,,,,,21.12,,23.55628,-11.78501,-0.97,-0.99,-0.8200000000000001,2026-09-08T00:00:00,1971-10-04T00:00:00,10/4/1971,55382400,2026-06-15T00:00:00
32,MCI,0.1108,9.48429,8.53789,0.39999999999999997,11.17,14,Morningstar US CEF High Yield,14,Barings LLC,False,18.74,1.12,17.27,2026-06-30T00:00:00,06759X107,Barings Corporate Investors,2026-09-08,XMCIX,Fixed Income - Taxable-High Yield,21.16,385.801,,Quarterly,0.60289,0.39999999999999997,25.0,7.782,,,1.65,,440.541,True,False,False,False,False,False,,10.72,19.96,10.11,14.64,6.4,14.02,,,-1.1400000000000001,350370,,,92.3472,,,,19.05327,14.22565,-0.3,1.3599999999999999,0.91,2026-09-08T00:00:00,1971-09-01T00:00:00,9/1/1971,52531200,2026-08-28T00:00:00
33,BGH,-0.0548,9.81672,10.38641,0.12229999999999999,5.21,14,Morningstar US CEF High Yield,14,Barings LLC,False,14.13,0.0,14.95,2026-09-08T00:00:00,06760L100,Barings Global Short Duration High Yield,2026-09-08,XBGHX,Fixed Income - Taxable-High Yield,31.41,283.764,,Monthly,0.67131,0.12229999999999999,25.0,8.9029,,,3.93,,437.732,True,False,False,False,False,False,,11.08,13.93,6.11,6.65,4.79,1.63,,,-3.79,802660,,,99.958,,,,14.61699,-3.34346,-0.7000000000000001,0.0,0.14,2026-09-08T00:00:00,2012-10-25T00:00:00,10/25/2012,1351123200,2026-08-20T00:00:00
34,MPV,0.0965,9.58549,8.74188,0.37,,14,Morningstar US CEF High Yield,14,Barings LLC,False,16.93,-0.07,15.81,2026-06-30T00:00:00,06761A103,Barings Participation Invs,2026-09-08,XMPVX,Fixed Income - Taxable-High Yield,21.98,182.713,,Quarterly,0.54452,0.37,10.0,7.7819,,,1.55,,213.567,True,False,True,False,False,False,,,17.81,,13.18,6.38,12.1,,,-6.9,170070,,,92.2129,,,,18.10359,9.02226,0.1,0.71,0.13,2026-09-08T00:00:00,1988-10-06T00:00:00,10/6/1988,592099200,2026-08-28T00:00:00
35,BXSY,-0.3696,3.63382,5.7645800000000005,0.26,32.39,26,Morningstar US CEF US Allocation,15,Bexil Corp,True,18.0412,-0.1,28.62,2026-09-08T00:00:00,25538A204,Bexil Investment Trust,2026-09-08,XBXIX,Hybrid-U.S. Allocation,8.1,233.513,,Quarterly,-0.02758,0.26,15.0,,,,1.9300000000000002,,403.094,True,True,True,False,True,False,,24.36,26.59,13.66,12.3,24.42,22.69,,,35.29,124850,,,,,1.11,,15.8995,-37.35201,0.41000000000000003,1.53,0.79,2026-09-08T00:00:00,1998-06-29T00:00:00,6/29/1998,899078400,2026-06-15T00:00:00
36,BMN,0.014199999999999999,4.54913,4.48565,0.09375,5.26,21,Morningstar US CEF Municipal,16,BlackRock,False,25.08,-0.02,24.73,2026-09-08T00:00:00,09262G108,BlackRock 2037 Municipal Target term,2026-09-08,XBMNX,Fixed Income - Municipal-Municipal,25.33,154.183,,Monthly,0.609,0.09375,25.0,5.0193,,14.37,2.16,,203.611,True,False,True,False,False,True,,4.07,7.5,,,-0.01,1.8900000000000001,,,11.79,100950,19.27,,103.2043,,,,25.71282,-0.06316000000000001,0.63,0.73,0.41000000000000003,2026-09-08T00:00:00,2022-10-28T00:00:00,10/28/2022,1666915200,2026-08-14T00:00:00
37,BCAT,0.1253,21.34892,18.97239,0.25423,13.69,26,Morningstar US CEF US Allocation,16,BlackRock,True,16.08,0.08,14.29,2026-09-08T00:00:00,09260U109,BlackRock Capital Allocation Term Trust,2026-09-08,XCATX,Hybrid-U.S. Allocation,5.18,1684.786,,Monthly,0.12959,0.25423,20.0,,,2.48,1.4,,1497.239,True,True,True,False,True,True,,12.48,23.2,5.39,8.44,7.45,29.18,,,30.87,6352220,,,95.7637,,,,15.03418,0.44528,1.99,2.02,1.8900000000000001,2026-09-08T00:00:00,2020-09-28T00:00:00,9/28/2020,1601251200,2026-08-14T00:00:00
38,BHK,-0.031400000000000004,9.67784,9.99107,0.0746,1.56,15,Morningstar US CEF Investment Grade,16,BlackRock,True,8.96,0.02,9.25,2026-09-08T00:00:00,09249E101,BlackRock Core Bond,2026-09-08,XBHKX,Fixed Income - Taxable-Investment Grade,34.09,647.129,-0.051000000000000004,Monthly,0.27784000000000003,0.0746,15.0,5.2301,,20.03,3.34,,1013.582,True,False,True,False,True,False,,4.9,5.42,-2.39,-2.67,-1.1,0.59,,,2.65,2856780,,,95.2552,,7.35,7.16,9.37123,-4.43164,0.9,0.71,1.32,2026-09-08T00:00:00,2001-11-30T00:00:00,11/30/2001,1007078400,2026-08-14T00:00:00
39,HYT,-0.09230000000000001,10.27253,11.31719,0.0779,5.14,14,Morningstar US CEF High Yield,16,BlackRock,True,8.26,0.02,9.1,2026-09-08T00:00:00,09255P107,BlackRock Corporate High Yield Fund,2026-09-08,XHYTX,Fixed Income - Taxable-High Yield,20.23,1592.356,-0.113,Monthly,0.33087,0.0779,15.0,7.0115,,,2.33,,2199.211,True,False,False,False,True,False,,9.73,6.7,4.41,1.77,2.65,0.35000000000000003,,,-3.02,8149390,,,100.4042,,4.19,,8.83743,-6.05257,-1.31,-1.62,-2.09,2026-09-08T00:00:00,2003-05-30T00:00:00,5/30/2003,1054252800,2026-08-14T00:00:00
40,BTZ,-0.0716,9.36558,10.08818,0.0839,3.37,15,Morningstar US CEF Investment Grade,16,BlackRock,True,9.98,0.03,10.75,2026-09-08T00:00:00,092508100,BlackRock Credit Allocation Income Trust,2026-09-08,XBTZX,Fixed Income - Taxable-Investment Grade,35.18,931.378,-0.11900000000000001,Monthly,0.34357,0.0839,25.0,5.9688,,18.6,3.37,,1547.659,True,False,False,False,True,False,,8.13,9.63,1.12,0.8,0.8200000000000001,-0.86,,,0.64,2594150,,,99.1292,,,,10.50391,-5.97946,-0.65,-0.41000000000000003,0.13,2026-09-08T00:00:00,2006-12-27T00:00:00,12/27/2006,1167177600,2026-08-14T00:00:00
41,DSU,-0.019799999999999998,12.36701,12.61725,0.09873,4.7,19,Morningstar US CEF Senior Loans,16,BlackRock,True,9.39,0.01,9.58,2026-09-08T00:00:00,09255R202,BlackRock Debt Strategies,2026-09-08,XDSUX,Fixed Income - Taxable-Senior Loans,15.93,584.429,-0.17400000000000002,Monthly,0.32235,0.09873,10.0,,,6.38,1.69,,709.255,True,False,False,False,True,False,,7.54,9.38,6.09,6.48,2.21,1.09,,,0.72,2768560,,,,,,,9.95831,0.54879,-2.04,-1.4,-1.56,2026-09-08T00:00:00,1998-03-27T00:00:00,3/27/1998,890956800,2026-08-14T00:00:00
42,BGR,-0.1048,5.99692,6.6988,0.0973,44.67,8,Morningstar US CEF Sector Equity,16,BlackRock,True,17.43,0.23,19.47,2026-09-08T00:00:00,09250U101,BlackRock Energy and Resources,2026-09-08,XBGRX,Equity-Sector Equity,0.0,443.701,,Monthly,0.16738,0.0973,25.0,,,,1.23,,495.632,True,True,False,False,True,False,,17.32,18.81,22.18,22.15,41.43,33.68,,,36.69,1078440,,,,,,,15.11609,-7.50637,-1.0,-0.63,-0.72,2026-09-08T00:00:00,2004-12-23T00:00:00,12/23/2004,1103760000,2026-08-14T00:00:00
43,BDJ,-0.0645,7.04744,7.53347,0.0619,20.02,3,Morningstar US CEF Covered Call,16,BlackRock,True,9.86,-0.03,10.54,2026-09-08T00:00:00,09251A104,BlackRock Enhanced Dividend Achievers,2026-09-08,XBDJX,Equity-Covered-Call Funds,0.11,1744.675,,Monthly,0.059750000000000004,0.0619,15.0,,,,0.88,,1867.123,True,True,False,False,True,False,,15.96,18.42,9.84,9.63,13.61,10.23,,,20.07,4323940,,,,,,,9.29847,-5.98243,-0.3,0.81,0.97,2026-09-08T00:00:00,2005-08-26T00:00:00,8/26/2005,1125014400,2026-08-14T00:00:00
44,BOE,-0.0806,7.33481,7.9774899999999995,0.0827,15.82,3,Morningstar US CEF Covered Call,16,BlackRock,True,12.44,-0.02,13.53,2026-09-08T00:00:00,092501105,BlackRock Enhanced Glbl Div Trust,2026-09-08,XBOEX,Equity-Covered-Call Funds,0.02,691.666,,Monthly,0.091,0.0827,25.0,,,,1.03,,752.27,True,True,True,False,True,False,,13.31,16.73,7.18,7.92,9.37,12.33,,,17.18,1311460,,,,,,,11.78057,-9.19759,1.24,0.07,0.85,2026-09-08T00:00:00,2005-05-26T00:00:00,5/26/2005,1117065600,2026-08-14T00:00:00
45,BGY,-0.096,7.79268,8.62057,0.0426,14.97,3,Morningstar US CEF Covered Call,16,BlackRock,True,5.93,0.02,6.56,2026-09-08T00:00:00,092524107,BlackRock Enhanced Intl Div Trust,2026-09-08,XBGYX,Equity-Covered-Call Funds,0.36,537.344,,Monthly,0.06786,0.0426,20.0,,,,1.2,,594.431,True,True,False,False,True,False,,10.43,12.87,6.32,6.68,8.67,6.94,,,12.42,2729280,,,,,,,5.78703,-8.55925,-0.66,0.34,0.31,2026-09-08T00:00:00,2007-05-25T00:00:00,5/25/2007,1180051200,2026-08-14T00:00:00
46,CII,0.0066,6.9543800000000005,6.90894,0.141,22.64,3,Morningstar US CEF Covered Call,16,BlackRock,True,24.49,-0.02,24.33,2026-09-08T00:00:00,09256A109,BlackRock Enhanced Large Cap Core Fund,2026-09-08,XCIIX,Equity-Covered-Call Funds,0.43,1070.314,,Monthly,0.01208,0.141,20.0,,,,0.93,,1067.966,True,True,False,False,True,False,,19.18,20.34,12.26,12.99,12.07,9.88,,,29.35,955930,,,,,,,23.69655,0.71282,-0.02,-0.73,-0.25,2026-09-08T00:00:00,2004-04-27T00:00:00,4/27/2004,1083024000,2026-08-14T00:00:00
47,ECAT,0.0059,21.31685,21.1908,0.26877,14.4,25,Morningstar US CEF Global Allocation,16,BlackRock,True,15.22,-0.04,15.13,2026-09-08T00:00:00,09262F100,BlackRock ESG Capital Allocation Term,2026-09-08,ECAT,Hybrid-Global Allocation,0.17,1513.908,,Monthly,0.08926,0.26877,20.0,,,2.02,1.4100000000000001,,1507.486,True,False,True,False,True,True,,13.5,20.36,,,7.72,15.54,,,15.67,4417990,,,95.981,,,,15.45268,-2.49125,1.38,0.4,1.02,2026-09-08T00:00:00,2021-09-27T00:00:00,9/27/2021,1632700800,2026-08-14T00:00:00
48,FRA,-0.042300000000000004,13.08169,13.65882,0.12383999999999999,4.14,19,Morningstar US CEF Senior Loans,17,"BlackRock Advisors, LLC",True,10.88,0.0,11.36,2026-09-08T00:00:00,09255X100,BlackRock Floating Rate Inc Strategies,2026-09-08,XFRAX,Fixed Income - Taxable-Senior Loans,23.11,385.53,-0.184,Monthly,0.37426,0.12383999999999999,20.0,,,6.29,2.61,,523.556,True,False,False,False,True,False,,6.9,8.49,6.11,6.99,2.14,3.45,,,-4.48,1626670,,,,,,,11.52728,-2.30392,-0.53,0.14,0.43,2026-09-08T00:00:00,2003-10-31T00:00:00,10/31/2003,1067558400,2026-08-14T00:00:00
49,BGT,-0.0054,12.96819,13.03848,0.12028,4.2,19,Morningstar US CEF Senior Loans,16,BlackRock,True,11.07,0.04,11.13,2026-09-08T00:00:00,091941104,Blackrock Floating Rate Income,2026-09-08,XBGTX,Fixed Income - Taxable-Senior Loans,0.13,330.16,-0.154,Monthly,0.36013,0.12028,20.0,,,,2.06,,332.395,True,False,True,False,True,False,,7.15,9.89,6.27,7.5,2.11,7.51,,,1.46,1337400,,,,,,,11.1923,-3.05913,1.12,1.43,1.92,2026-09-08T00:00:00,2004-08-30T00:00:00,8/30/2004,1093824000,2026-08-14T00:00:00
50,BME,-0.0127,6.89283,6.98158,0.2621,25.08,8,Morningstar US CEF Sector Equity,16,BlackRock,True,45.05,-0.76,45.63,2026-09-08T00:00:00,09250W107,BlackRock Health Sciences,2026-09-08,XBMEX,Equity-Sector Equity,0.15,582.231,,Monthly,0.07492,0.2621,25.0,,,,1.13,,590.621,True,True,True,False,True,False,,10.56,12.45,5.73,5.71,10.76,16.64,,,34.19,441600,,,,,,,40.71438,-5.16857,1.8,2.11,2.05,2026-09-08T00:00:00,2005-03-28T00:00:00,3/28/2005,1111968000,2026-08-14T00:00:00
51,BMEZ,-0.07519999999999999,7.19346,7.77843,0.11,27.16,8,Morningstar US CEF Sector Equity,16,BlackRock,True,16.97,0.0,18.35,2026-09-08T00:00:00,09260E105,BlackRock Health Sciences Term Trust,2026-09-08,XBMZX,Equity-Sector Equity,0.42,1060.649,,Monthly,0.11368,0.11,20.0,,,,1.37,,1151.724,True,True,True,False,True,True,,10.9,14.45,-0.42,-0.35000000000000003,14.17,18.03,,,28.02,2234480,,,,,,,14.96785,-10.98392,2.65,3.41,2.89,2026-09-08T00:00:00,2020-01-29T00:00:00,1/29/2020,1580256000,2026-08-14T00:00:00
52,BKT,-0.053200000000000004,9.88235,10.43787,0.0882,-0.88,15,Morningstar US CEF Investment Grade,16,BlackRock,True,10.14,-0.09,10.71,2026-09-08T00:00:00,09247F209,BlackRock Income,2026-09-08,XBKTX,Fixed Income - Taxable-Investment Grade,19.64,328.424,-0.055,Monthly,0.22314,0.0882,10.0,4.4525,,,1.9700000000000002,,431.674,True,False,False,False,True,False,,4.03,4.37,-1.77,-3.5300000000000002,-0.89,-0.25,,,-3.37,1370440,,,88.239,,4.92,4.8100000000000005,10.83681,-4.37214,-0.99,-1.4100000000000001,-0.89,2026-09-08T00:00:00,1988-08-01T00:00:00,8/1/1988,586396800,2026-08-14T00:00:00
53,BLW,-0.0501,10.30653,10.84984,0.1132,4.02,16,Morningstar US CEF Limited Duration,16,BlackRock,True,12.52,-0.03,13.18,2026-09-08T00:00:00,09249W101,BlackRock Limited Duration Income,2026-09-08,XBLWX,Fixed Income - Taxable-Limited Duration,36.06,489.337,-0.133,Monthly,0.49739,0.1132,20.0,6.6807,,,3.7,,805.633,True,False,False,False,True,False,,8.61,9.05,4.03,3.14,1.42,-0.65,,,-0.47000000000000003,1209620,,,99.8125,,,,13.22299,-2.79554,-0.8,-0.03,0.14,2026-09-08T00:00:00,2003-07-28T00:00:00,7/28/2003,1059350400,2026-08-14T00:00:00
54,BIT,-0.09029999999999999,11.35731,12.48444,0.12369999999999999,3.93,17,Morningstar US CEF Multi-Sector,16,BlackRock,True,11.89,0.01,13.07,2026-09-08T00:00:00,09258A107,BlackRock Multi-Sector Income Trust,2026-09-08,XBITX,Fixed Income - Taxable-Multi-Sector,31.09,678.476,-0.508,Monthly,0.44911,0.12369999999999999,20.0,6.0329,,13.4,3.26,,1082.231,True,False,False,False,True,False,,8.39,4.05,3.96,1.67,1.26,-1.06,,,-2.1,3078940,7.97,,97.3328,,,3.7199999999999998,12.83092,-5.86758,-2.47,-1.79,-2.33,2026-09-08T00:00:00,2013-02-25T00:00:00,2/25/2013,1361750400,2026-08-14T00:00:00
55,MUA,-0.0679,6.2771,6.73407,0.0555,7.32,21,Morningstar US CEF Municipal,16,BlackRock,False,9.89,-0.01,10.61,2026-09-08T00:00:00,09254J102,BlackRock Muniassets,2026-09-08,XMUAX,Fixed Income - Municipal-Municipal,27.95,664.012,-0.004,Monthly,0.28542,0.0555,15.0,5.4809,,,2.59,,988.75,True,False,False,False,False,False,,5.92,7.27,-0.73,-3.54,1.48,-2.51,,,-0.6900000000000001,1405640,17.62,,92.4046,,12.75,,10.74833,-4.24837,-1.13,-0.29,-0.84,2026-09-08T00:00:00,1993-06-25T00:00:00,6/25/1993,740966400,2026-08-14T00:00:00
56,BTT,-0.08199999999999999,2.28197,2.48571,0.0464,2.45,21,Morningstar US CEF Municipal,16,BlackRock,False,22.4,-0.09,24.4,2026-09-08T00:00:00,09257P105,BlackRock Municipal 2030 Target Term,2026-09-08,XBTTX,Fixed Income - Municipal-Municipal,34.94,1425.209,0.148,Monthly,0.34323,0.0464,25.0,4.6478,,,2.69,,2386.34,True,False,False,False,False,True,,4.25,6.35,0.5,-0.15,0.98,0.89,,,3.77,904700,22.16,,101.5267,,3.88,,22.65916,-8.0499,-0.25,-0.86,-0.98,2026-09-08T00:00:00,2012-08-29T00:00:00,8/29/2012,1346198400,2026-08-14T00:00:00
57,MHD,-0.08349999999999999,5.84767,6.3807,0.0595,6.96,21,Morningstar US CEF Municipal,16,BlackRock,False,11.19,-0.03,12.21,2026-09-08T00:00:00,09253N104,BlackRock Municipal Income,2026-09-08,XMHDX,Fixed Income - Municipal-Municipal,42.74,1954.892,0.004,Monthly,0.30405,0.0595,15.0,5.0119,,,3.08,,3725.216,True,False,True,False,False,False,,2.95,6.58,-2.14,-2.75,0.0,2.0,,,9.3,2678670,5.17,,99.8744,,11.88,,11.69054,-8.48824,0.16,-0.65,-0.13,2026-09-08T00:00:00,1997-05-02T00:00:00,5/2/1997,862531200,2026-08-14T00:00:00
58,MUC,-0.0729,5.70667,6.15532,0.0535,6.28,22,Morningstar US CEF Municipal-CA,16,BlackRock,False,10.43,-0.02,11.25,2026-09-08T00:00:00,09254L107,BlackRock MuniHoldings CA Qty,2026-09-08,XMUCX,Fixed Income - Municipal-Municipal - CA,41.33,1303.836,0.07100000000000001,Monthly,0.26962,0.0535,15.0,5.0713,,,3.22,,2396.998,True,False,True,False,False,False,,2.33,6.38,-2.19,-2.88,0.12,3.65,,,8.82,2932980,4.0,,102.4334,,13.95,,10.75695,-8.1654,0.86,0.06,0.39,2026-09-08T00:00:00,1998-02-27T00:00:00,2/27/1998,888537600,2026-08-14T00:00:00
59,MUJ,0.0033,5.38653,5.36868,0.054,6.7,24,Morningstar US CEF Municipal-Single State,16,BlackRock,False,12.07,0.05,12.03,2026-09-08T00:00:00,09254X101,BlackRock MuniHoldings NJ Qty,2026-09-08,XMUJX,Fixed Income - Municipal-Municipal - Single-State,40.38,641.944,0.085,Monthly,0.2647,0.054,15.0,4.7124,,,3.37,,1073.141,True,True,True,False,False,False,,3.38,9.37,-0.89,-0.33,0.21,5.24,,,15.33,989950,20.57,,97.7946,,13.16,,12.03696,-4.02507,1.78,1.88,1.72,2026-09-08T00:00:00,1998-03-11T00:00:00,3/11/1998,889574400,2026-08-14T00:00:00
60,MIY,0.0572,5.50505,5.20701,0.0545,7.3,24,Morningstar US CEF Municipal-Single State,16,BlackRock,False,12.56,0.1,11.88,2026-09-08T00:00:00,09254V105,BlackRock MuniYield MI Quality,2026-09-08,XMIYX,Fixed Income - Municipal-Municipal - Single-State,40.28,363.797,0.07200000000000001,Monthly,0.25837,0.0545,15.0,4.9551,,,3.34,,576.194,True,True,True,False,False,False,,3.21,11.64,-1.06,0.91,-0.07,12.28,,,20.26,609470,8.27,,100.9645,,16.35,,11.97415,-3.25849,2.48,1.9500000000000002,2.5300000000000002,2026-09-08T00:00:00,1992-10-30T00:00:00,10/30/1992,720403200,2026-08-14T00:00:00
61,MYN,-0.0827,5.97665,6.51538,0.051199999999999996,7.38,23,Morningstar US CEF Municipal-NY,17,"BlackRock Advisors, LLC",False,9.43,-0.04,10.28,2026-09-08T00:00:00,09255E102,BlackRock MuniYield NY Quality,2026-09-08,XMYNX,Fixed Income - Municipal-Municipal - NY,23.21,887.586,0.069,Monthly,0.24345,0.051199999999999996,15.0,4.855,,,3.2800000000000002,,1260.098,True,False,False,False,False,False,,2.44,6.21,-2.01,-2.66,-0.62,1.6800000000000002,,,10.35,1253570,9.11,,100.2576,,12.59,,9.95186,-8.13869,-0.17,-1.06,-0.37,2026-09-08T00:00:00,1992-02-28T00:00:00,2/28/1992,699235200,2026-08-14T00:00:00
62,MPA,-0.0926,4.8632100000000005,5.35955,0.0477,7.01,24,Morningstar US CEF Municipal-Single State,16,BlackRock,False,10.68,-0.06,11.77,2026-09-08T00:00:00,09255G107,BlackRock MuniYield PA Quality,2026-09-08,XMPAX,Fixed Income - Municipal-Municipal - Single-State,38.93,138.302,0.039,Monthly,0.23728000000000002,0.0477,15.0,4.7722999999999995,,,3.23,,249.563,True,False,False,False,False,False,,3.4,6.01,-1.7000000000000002,-2.29,-0.77,2.49,,,7.26,316530,9.12,,98.0715,,14.9,,11.26277,-8.53153,-0.91,-1.05,-1.17,2026-09-08T00:00:00,1992-10-30T00:00:00,10/30/1992,720403200,2026-08-14T00:00:00
63,MYI,-0.0716,5.88859,6.34286,0.0555,6.53,21,Morningstar US CEF Municipal,16,BlackRock,False,10.5,0.03,11.31,2026-09-08T00:00:00,09254E103,BlackRock MuniYield Qty III,2026-09-08,XMYIX,Fixed Income - Municipal-Municipal,42.75,1284.083,0.04,Monthly,0.27666,0.0555,15.0,5.0585,,,3.23,,2415.883,True,False,True,False,False,False,,3.54,6.9,-1.1400000000000001,-1.32,-0.02,2.59,,,7.35,2350790,5.78,,99.7206,,11.76,,10.93418,-7.55318,0.45,0.29,0.5700000000000001,2026-09-08T00:00:00,1992-04-13T00:00:00,4/13/1992,703123200,2026-08-14T00:00:00
64,MQY,-0.0814,5.90331,6.42659,0.057999999999999996,6.41,21,Morningstar US CEF Municipal,17,"BlackRock Advisors, LLC",False,10.83,-0.04,11.79,2026-09-08T00:00:00,09254F100,BlackRock Muniyield Quality,2026-09-08,XMQYX,Fixed Income - Municipal-Municipal,42.88,1629.18,0.060000000000000005,Monthly,0.28992,0.057999999999999996,15.0,5.0143,,,3.2,,3105.072,True,False,False,False,False,False,,3.01,5.89,-1.58,-2.84,-0.35000000000000003,1.9100000000000001,,,6.13,3162630,5.01,,99.4864,,14.22,,11.44464,-7.45526,-0.64,-1.76,-0.72,2026-09-08T00:00:00,1992-06-26T00:00:00,6/26/1992,709516800,2026-08-14T00:00:00
65,BCX,-0.06509999999999999,5.91932,6.33157,0.0697,38.4,8,Morningstar US CEF Sector Equity,16,BlackRock,True,13.21,0.15,14.13,2026-09-08T00:00:00,09257A108,BlackRock Resources&Commodities Strategy,2026-09-08,XBCRX,Equity-Sector Equity,0.0,1007.105,,Monthly,0.09832,0.0697,20.0,,,,1.19,,1077.266,True,True,True,False,True,False,,16.47,20.94,14.7,15.18,25.83,27.29,,,42.07,2112720,,,,,,,11.5691,-6.73781,0.12,0.05,0.65,2026-09-08T00:00:00,2011-03-29T00:00:00,3/29/2011,1301356800,2026-08-14T00:00:00
66,BSTZ,-0.067,5.81049,6.22804,0.1625,54.4,8,Morningstar US CEF Sector Equity,16,BlackRock,True,31.31,0.14,33.56,2026-09-08T00:00:00,09260K101,BlackRock Science and Technology Term,2026-09-08,XBSZX,Equity-Sector Equity,0.75,2152.379,,Monthly,-0.15007,0.1625,20.0,,,,1.35,,2324.559,True,True,True,False,True,True,,27.32,34.46,4.32,5.7,39.2,45.66,,,56.55,2122990,,,,,,,25.07234,-9.57253,1.6600000000000001,0.84,1.29,2026-09-08T00:00:00,2019-06-26T00:00:00,6/26/2019,1561507200,2026-08-14T00:00:00
67,BST,-0.0393,5.67215,5.90435,0.25,37.68,8,Morningstar US CEF Sector Equity,16,BlackRock,True,50.81,0.05,52.89,2026-09-08T00:00:00,09258G104,BlackRock Science and Technology Trust,2026-09-08,XBSTX,Equity-Sector Equity,0.1,1764.124,,Monthly,-0.29713,0.25,20.0,3.9216,,,1.11,,1838.114,True,True,True,False,True,False,,25.93,25.42,7.47,8.15,28.17,31.36,,,41.49,987060,,,,,0.26,0.26,42.96816,-6.32707,1.24,0.93,1.38,2026-09-08T00:00:00,2014-10-29T00:00:00,10/29/2014,1414540800,2026-08-14T00:00:00
68,BBN,-0.0519,7.21904,7.6139,0.0986,2.5300000000000002,20,Morningstar US CEF Taxable Muni,17,"BlackRock Advisors, LLC",True,15.54,-0.11,16.39,2026-09-08T00:00:00,09248X100,BlackRock Taxable Municipal Bond Trust,2026-09-08,XBBNX,Fixed Income - Taxable-Taxable Muni,35.85,960.256,0.077,Monthly,0.52117,0.0986,20.0,5.9206,,,3.1,,1578.845,True,False,False,False,True,False,,4.8100000000000005,6.75,-2.36,-3.22,-0.34,1.74,,,3.47,2015130,3.2800000000000002,,99.4279,,8.12,8.12,16.3119,-4.90883,-0.18,-0.65,0.13,2026-09-08T00:00:00,2010-08-27T00:00:00,8/27/2010,1282867200,2026-08-14T00:00:00
69,BTX,-0.10529999999999999,6.25621,6.99223,0.0525,40.3,10,Morningstar US CEF US Equity,16,BlackRock,True,9.01,0.07,10.07,2026-09-08T00:00:00,09260Q108,BlackRock Tech and Private Equity Term,2026-09-08,XBTPX,Equity-U.S. Equity,1.06,1051.56,,Monthly,-0.048940000000000004,0.0525,20.0,,,,1.46,,1187.885,True,True,True,False,True,True,,12.99,17.02,-4.75,-5.11,33.18,43.34,,,38.14,7750090,,,,,,,7.46375,-13.80937,1.5,0.56,1.02,2026-09-08T00:00:00,2021-03-26T00:00:00,3/26/2021,1616716800,2026-08-14T00:00:00
70,BUI,0.0070999999999999995,6.94215,6.89295,0.154,18.0,8,Morningstar US CEF Sector Equity,16,BlackRock,True,26.81,0.18,26.62,2026-09-08T00:00:00,09248D104,"BlackRock Util, Infra & Power Opp",2026-09-08,XBUIX,Equity-Sector Equity,0.11,806.566,,Monthly,0.19198,0.154,20.0,,,,1.09,,800.85,True,False,False,False,True,False,,15.85,17.32,8.31,7.83,13.63,9.61,,,9.67,751520,,,,,,,27.1477,1.8010700000000002,-0.36,-0.72,0.38,2026-09-08T00:00:00,2011-11-23T00:00:00,11/23/2011,1322006400,2026-08-14T00:00:00
71,BHV,0.1545,5.04155,4.36671,0.0455,4.65,24,Morningstar US CEF Municipal-Single State,16,BlackRock,False,12.5037,0.03,10.83,2026-09-08T00:00:00,092481100,BlackRock VA Municipal Bond,2026-09-08,XBHVX,Fixed Income - Municipal-Municipal - Single-State,40.19,19.859,0.024,Monthly,0.1615,0.0455,15.0,4.857,,,4.53,,28.759,True,True,True,False,False,False,,1.74,13.03,-3.1,-3.58,-1.7000000000000002,24.63,,,31.86,52290,8.6,,99.2945,,16.77,10.27,11.32225,-1.1158000000000001,2.07,1.29,1.37,2026-09-08T00:00:00,2002-04-30T00:00:00,4/30/2002,1020124800,2026-08-14T00:00:00
72,BGX,-0.1361,7.97407,9.23077,0.08199999999999999,1.51,19,Morningstar US CEF Senior Loans,18,Blackstone Liquid Credit Strategies LLC,False,10.66,-0.03,12.34,2026-09-08T00:00:00,09257D102,Blackstone Long-Short Credit Income,2026-09-08,XXBGX,Fixed Income - Taxable-Senior Loans,33.7,135.47,,Monthly,0.47335,0.08199999999999999,20.0,7.1353,,,4.65,,236.52,True,False,False,False,False,False,,6.67,7.22,3.8,2.9699999999999998,0.07,-3.02,,,-6.21,699720,,,,,17.0,,11.25026,-10.7866,-1.52,-2.65,-1.9300000000000002,2026-09-08T00:00:00,2011-01-27T00:00:00,1/27/2011,1296086400,2026-08-24T00:00:00
73,BSL,-0.0414,7.81065,8.14815,0.088,0.73,19,Morningstar US CEF Senior Loans,18,Blackstone Liquid Credit Strategies LLC,False,12.96,0.0,13.52,2026-09-08T00:00:00,09256U105,Blackstone Senior Floating Rt 2027 term,2026-09-08,XBSLX,Fixed Income - Taxable-Senior Loans,33.38,168.738,,Monthly,0.49904,0.088,20.0,7.1345,,,4.68,,264.23,True,False,False,False,False,True,,6.04,9.09,4.12,4.24,-0.19,1.08,,,-1.18,443130,,,,,3.73,,13.31105,-3.72947,-0.49,-1.6400000000000001,-0.44,2026-09-08T00:00:00,2010-05-26T00:00:00,5/26/2010,1274832000,2026-08-24T00:00:00
74,BGB,-0.053200000000000004,7.7027,8.13559,0.076,0.71,19,Morningstar US CEF Senior Loans,18,Blackstone Liquid Credit Strategies LLC,False,11.21,0.02,11.84,2026-09-08T00:00:00,09257R101,Blackstone Strategic Credit 2027 term,2026-09-08,XBGBX,Fixed Income - Taxable-Senior Loans,38.91,500.849,,Monthly,0.40459,0.076,20.0,6.9282,,,5.4,,865.93,True,False,False,False,False,True,,6.57,10.02,3.73,4.53,-0.55,0.0,,,-3.4,1355870,,,,,17.78,,11.55156,-4.8889,-0.46,-1.65,-0.6,2026-09-08T00:00:00,2012-09-26T00:00:00,9/26/2012,1348617600,2026-08-24T00:00:00
75,BPRE,-0.4769,7.25077,13.86015,0.1371,-6.5,7,Morningstar US CEF Real Estate,19,"Bluerock Fund Advisors, LLC",True,11.870000000000001,0.0,22.69,2026-09-08T00:00:00,09631P102,Bluerock Private Real Estate Fund,2026-09-08,XBPREX,Equity-Real Estate,,1697.937,,Monthly,,0.1371,14.0,11.1334,,,0.0,,3245.677,False,True,True,False,True,False,,-6.54,,-1.62,,-3.07,-13.42,,,,0,,,,,,,,,,-1.27,-1.49,2026-09-08T00:00:00,2014-04-01T00:00:00,4/1/2014,1396310400,2026-08-17T00:00:00
76,DHF,-0.11939999999999999,7.83582,8.89831,0.017499999999999998,3.35,14,Morningstar US CEF High Yield,20,BNY Mellon,False,2.36,0.0,2.6799999999999997,2026-09-08T00:00:00,09660L105,BNY Mellon High Yield Strategies Fund,2026-09-08,XDHFX,Fixed Income - Taxable-High Yield,27.52,171.658,,Monthly,0.09917000000000001,0.017499999999999998,15.0,7.0814,,,3.18,,268.934,True,False,False,False,False,False,,9.23,10.94,3.38,1.44,1.96,0.53,,,-0.77,3456030,4.2,,98.7994,,4.58,,2.46695,-9.5664,-1.38,-1.25,-1.33,2026-09-08T00:00:00,1998-04-29T00:00:00,4/29/1998,893808000,2026-08-06T00:00:00
77,DMB,-0.0722,5.34759,5.76369,0.049999999999999996,7.02,21,Morningstar US CEF Municipal,20,BNY Mellon,False,10.41,-0.03,11.22,2026-09-08T00:00:00,09662W109,BNY Mellon Muni Bond Infrastructure Fund,2026-09-08,XDMBX,Fixed Income - Municipal-Municipal,36.26,191.606,,Monthly,0.24734,0.049999999999999996,15.0,5.1046,,,3.19,,324.01,True,False,True,False,False,False,,3.06,4.24,-1.35,-3.34,-0.5700000000000001,-0.51,,,10.77,556870,0.13,,98.7695,,11.8,9.1,10.81212,-7.37359,0.12,-0.34,-0.26,2026-09-08T00:00:00,2013-04-26T00:00:00,4/26/2013,1366934400,2026-08-18T00:00:00
78,DSM,-0.0836,5.78778,6.31579,0.03,8.14,21,Morningstar US CEF Municipal,20,BNY Mellon,False,5.7,-0.02,6.22,2026-09-08T00:00:00,09662E109,BNY Mellon Strategic Muni Bond,2026-09-08,XDSMX,Fixed Income - Municipal-Municipal,35.29,281.744,,Monthly,0.15742,0.03,10.0,5.0125,,,2.73,,475.144,True,False,False,False,False,False,,3.41,6.9,-1.92,-2.94,-0.1,-2.26,,,7.82,1097240,1.0,,96.7327,,9.3,8.35,6.02034,-7.11471,-0.9500000000000001,-1.1,-1.4100000000000001,2026-09-08T00:00:00,1989-11-22T00:00:00,11/22/1989,627696000,2026-08-13T00:00:00
79,LEO,-0.0848,5.45455,5.96026,0.03,8.01,21,Morningstar US CEF Municipal,20,BNY Mellon,False,6.04,-0.03,6.6,2026-09-08T00:00:00,05588W108,BNY Mellon Strategic Municipals,2026-09-08,XLEOX,Fixed Income - Municipal-Municipal,34.64,376.237,,Monthly,0.15752,0.03,10.0,5.1313,,,2.76,,629.04,True,False,False,False,False,False,,3.81,7.04,-1.7000000000000002,-4.03,0.5,0.53,,,9.05,1989780,1.18,,96.899,,9.74,8.54,6.31839,-7.60278,-0.8300000000000001,-1.3599999999999999,-1.35,2026-09-08T00:00:00,1987-09-23T00:00:00,9/23/1987,559353600,2026-08-13T00:00:00
80,BWG,-0.09939999999999999,11.36095,12.61498,0.08,1.38,13,Morningstar US CEF Global Income,54,"Franklin Templeton Fund Adviser, LLC",True,7.61,0.0,8.45,2026-09-08T00:00:00,10537L104,BrandywineGLOBAL â Global Inc Opp Fund,2026-09-08,XBWGX,Fixed Income - Taxable-Global Income,41.57,127.786,,Monthly,0.40321,0.08,20.0,7.6342,,,4.62,,242.852,True,False,False,False,True,False,,7.84,10.25,0.6900000000000001,1.4,0.18,-1.22,,,-0.43,764350,,,,,,,8.1813,-8.59683,-0.91,-1.27,-0.18,2026-09-08T00:00:00,2012-03-28T00:00:00,3/28/2012,1332892800,2026-08-24T00:00:00
81,RA,-0.0986,10.19438,11.3099,0.118,5.61,14,Morningstar US CEF High Yield,21,Brookfield Public Securities Group LLC,True,12.52,0.01,13.89,2026-09-08T00:00:00,112830104,Brookfield Real Assets Income Fund Inc.,2026-09-08,XRAIX,Fixed Income - Taxable-High Yield,25.31,691.789,,Monthly,0.43376000000000003,0.118,25.0,6.5269,,,3.34,,1027.503,True,False,False,False,True,False,,8.38,10.71,3.9,0.68,3.14,4.19,,,3.51,1678410,,,96.6205,,8.9,,12.97598,-9.19952,-0.61,-0.84,-0.29,2026-09-08T00:00:00,2016-12-02T00:00:00,12/2/2016,1480636800,2026-08-06T00:00:00
82,CFND,-0.5254,,,,-18.67,10,Morningstar US CEF US Equity,23,C1 Advisors LLC,True,3.08,0.17,6.49,2026-06-30T00:00:00,12673Q103,C1 Fund Inc.,2026-09-08,XCFNDX,Equity-U.S. Equity,,20.231,,Semi-Annually,-0.24685,,10.0,,,,5.86,,42.629,False,False,False,False,True,False,,,,,,-16.9,-41.43,,,-66.27,430830,,,,,,,4.6504,-38.39729,-0.71,0.28,-0.07,2026-09-08T00:00:00,2025-08-07T00:00:00,8/7/2025,1754524800,
83,CHY,0.0063,9.38967,9.33126,0.09999999999999999,27.21,11,Morningstar US CEF Convertibles,24,Calamos Advisors LLC,False,12.86,0.01,12.78,2026-09-08T00:00:00,12811P108,Calamos Convertible & High Income Fund,2026-09-08,XCHYX,Fixed Income - Taxable-Convertibles,31.54,1033.048,,Monthly,-0.10886,0.09999999999999999,15.0,3.6075,,4.49,4.01,,1499.64,True,True,True,False,False,False,,18.14,15.73,5.75,6.02,18.8,20.53,,,29.99,1871790,,,113.3553,,,,12.10238,-0.70262,0.66,0.06,0.67,2026-09-08T00:00:00,2003-05-28T00:00:00,5/28/2003,1054080000,2026-08-14T00:00:00
84,CHI,0.0449,9.48419,9.07643,0.095,26.68,11,Morningstar US CEF Convertibles,24,Calamos Advisors LLC,False,12.56,0.03,12.02,2026-09-08T00:00:00,128117108,Calamos Convertible Opp Inc,2026-09-08,XCHIX,Fixed Income - Taxable-Convertibles,30.91,1013.677,,Monthly,-0.09886,0.095,15.0,3.5722,,4.47,3.98,,1404.146,True,True,True,False,False,False,,17.89,17.7,5.64,6.53,18.56,28.22,,,34.65,1818090,,,113.5724,,,,11.70951,1.89309,0.99,-0.24,0.48,2026-09-08T00:00:00,2002-06-26T00:00:00,6/26/2002,1025049600,2026-08-14T00:00:00
85,CCD,0.0146,9.74188,9.60197,0.19499999999999998,31.68,11,Morningstar US CEF Convertibles,24,Calamos Advisors LLC,False,24.37,-0.08,24.02,2026-09-08T00:00:00,12811V105,Calamos Dynamic Convertible and Income,2026-09-08,XCCDX,Fixed Income - Taxable-Convertibles,29.32,696.564,,Monthly,-0.41014,0.19499999999999998,25.0,2.5787,,4.07,4.26,,971.318,True,True,False,False,False,True,,19.73,18.95,5.79,5.98,21.88,24.83,,,32.83,823480,,,,,,,23.09498,1.69998,-0.11,-0.3,-0.07,2026-09-08T00:00:00,2015-03-27T00:00:00,3/27/2015,1427414400,2026-08-14T00:00:00
86,CHW,-0.0908,7.60296,8.36237,0.06,23.96,25,Morningstar US CEF Global Allocation,24,Calamos Advisors LLC,False,8.61,0.04,9.47,2026-09-08T00:00:00,12811L107,Calamos Global Dynamic Income Fund,2026-09-08,XCHWX,Hybrid-Global Allocation,29.41,549.872,,Monthly,-0.03591,0.06,15.0,5.1178,,4.53,3.85,,856.759,True,True,True,False,False,False,,20.87,22.27,7.13,4.85,19.53,19.04,,,24.77,1876230,,,,,,,8.0154,-10.22591,0.88,0.25,0.91,2026-09-08T00:00:00,2007-06-27T00:00:00,6/27/2007,1182902400,2026-08-14T00:00:00
87,CGO,-0.0848,7.44314,8.13259,0.09,24.28,25,Morningstar US CEF Global Allocation,24,Calamos Advisors LLC,False,13.2799,0.05,14.51,2026-09-08T00:00:00,128118106,Calamos Global Total Return,2026-09-08,XCGOX,Hybrid-Global Allocation,29.29,130.505,,Monthly,-0.07175000000000001,0.09,15.0,5.0672,,4.39,4.02,,201.671,True,True,True,False,False,False,,21.43,22.24,7.04,4.22,20.31,20.96,,,21.21,259250,,,,,,,12.39667,-9.09898,0.41000000000000003,1.01,1.48,2026-09-08T00:00:00,2005-10-27T00:00:00,10/27/2005,1130371200,2026-08-14T00:00:00
88,CPZ,-0.1392,11.1332,12.93303,0.13999999999999999,-4.7,5,Morningstar US CEF Global Equity,24,Calamos Advisors LLC,False,12.99,-0.12,15.09,2026-09-08T00:00:00,12812C106,Calamos L/S Equity & Dynamic Inc Trust,2026-09-08,XCPZX,Equity-Global Equity,48.2,255.022,,Monthly,0.08155,0.13999999999999999,20.0,6.5242,,13.21,4.38,,571.941,True,False,False,False,False,False,,5.6,7.23,2.69,2.5700000000000003,-0.27,-2.49,,,-10.75,768230,,,99.1682,,,,14.300229999999999,-10.07482,-1.75,-1.49,-1.46,2026-09-08T00:00:00,2019-11-29T00:00:00,11/29/2019,1574985600,2026-08-14T00:00:00
89,CSQ,-0.0745,7.14601,7.72164,0.13499999999999998,24.42,26,Morningstar US CEF US Allocation,24,Calamos Advisors LLC,False,20.98,-0.11,22.67,2026-09-08T00:00:00,128125101,Calamos Strategic Total Return,2026-09-08,XCSQX,Hybrid-U.S. Allocation,27.98,3364.555,,Monthly,-0.08754,0.13499999999999998,15.0,4.1463,,4.71,3.69,,5047.747,True,True,True,False,False,False,,23.72,20.74,12.42,10.35,14.96,14.07,,,20.95,2251970,,,,,,,19.456,-8.47049,0.64,1.9100000000000001,2.59,2026-09-08T00:00:00,2004-03-26T00:00:00,3/26/2004,1080259200,2026-08-14T00:00:00
90,CCIF,-0.15410000000000001,22.64151,26.7658,0.06,-40.38,19,Morningstar US CEF Senior Loans,25,Carlyle Global Credit Inv Mgmt,True,2.69,-0.06,3.24,2026-07-31T00:00:00,92535C104,Carlyle Credit Income Ord,2026-09-08,XCCIFX,Fixed Income - Taxable-Senior Loans,45.93,57.024,,Monthly,0.18345,0.06,8.65,8.718,,,11.36,,124.684,True,False,False,False,True,False,,-16.46,-15.07,-13.62,-11.34,-32.71,-31.98,,,-39.74,1295110,,,46.8847,,,,3.9269100000000003,-10.22096,-0.89,0.01,-0.74,2026-09-08T00:00:00,2011-12-30T00:00:00,12/30/2011,1325203200,2026-08-19T00:00:00
91,IGR,0.022099999999999998,16.46341,16.10738,0.18,3.61,7,Morningstar US CEF Real Estate,26,CBRE Investment Management Listed Real Assets LLC,True,13.41,0.0,13.12,2026-09-08T00:00:00,12504G878,CBRE Global Real Estate Income,2026-09-08,XIGRX,Equity-Real Estate,32.61,677.815,,Monthly,0.12236,0.18,15.0,,,,3.84,,984.09,True,False,True,False,True,False,,6.0,10.87,-1.3900000000000001,1.3599999999999999,8.96,15.49,,,5.05,0,,,,,,,14.03222,0.8596900000000001,0.29,0.32,0.31,2026-09-08T00:00:00,2004-02-18T00:00:00,2/18/2004,1077062400,2026-08-20T00:00:00
92,CET,-0.16879999999999998,0.92344,1.11091,0.31,14.2,10,Morningstar US CEF US Equity,27,Central Securities Corp,False,55.81,1.16,67.14,2026-09-04T00:00:00,155123102,Central Securities Corporation,2026-09-08,XCETX,Equity-U.S. Equity,0.32,1649.144,,Semi-Annually,0.8325400000000001,0.31,10.0,,,,0.46,,1983.938,True,True,False,False,False,False,,18.97,20.77,10.54,11.52,7.98,7.86,,,14.9,373730,,,,,,0.05,51.92788,-15.619,-1.3900000000000001,-0.9400000000000001,-1.4,2026-09-08T00:00:00,1980-07-28T00:00:00,7/28/1980,333590400,2026-06-12T00:00:00
93,EMO,-0.1005,7.10877,7.9033999999999995,0.41,33.89,6,Morningstar US CEF MLP,54,"Franklin Templeton Fund Adviser, LLC",False,54.66,0.38,60.77,2026-09-08T00:00:00,18469P209,ClearBridge Energy Midstream Opportunity,2026-09-08,XEMOX,Equity-MLP,23.6,1092.666,,Monthly,-0.08994,0.41,20.0,,,,3.12,,1590.015,True,True,False,False,False,False,,28.97,31.82,27.77,31.61,30.87,29.78,,,25.9,572840,,,,,,,48.61253,-9.676590000000001,-0.18,0.76,0.53,2026-09-08T00:00:00,2011-06-13T00:00:00,6/13/2011,1307923200,2026-08-24T00:00:00
94,GLV,-0.12300000000000001,9.82923,11.20792,0.0566,16.91,25,Morningstar US CEF Global Allocation,28,Clough Capital Partners L.P.,True,6.06,-0.02,6.91,2026-09-08T00:00:00,18913Y103,Clough Global Dividend and Income,2026-09-08,XGLVX,Hybrid-Global Allocation,32.94,75.203,,Monthly,0.00647,0.0566,20.0,4.812,,,3.06,,127.881,True,False,False,False,True,False,,12.74,16.77,0.87,-1.1400000000000001,9.44,10.02,,,16.92,403210,,,,,14.12,11.85,6.15383,-11.9303,-0.35000000000000003,0.25,0.14,2026-09-08T00:00:00,2004-07-28T00:00:00,7/28/2004,1090972800,2026-08-18T00:00:00
95,GLQ,-0.09570000000000001,9.96355,11.01763,0.07289999999999999,15.47,5,Morningstar US CEF Global Equity,28,Clough Capital Partners L.P.,True,7.94,0.04,8.78,2026-09-08T00:00:00,18914C100,Clough Global Equity,2026-09-08,XGLQX,Equity-Global Equity,33.31,148.781,,Monthly,-0.056870000000000004,0.07289999999999999,20.0,,,,3.41,,246.69,True,False,True,False,True,False,,17.75,23.11,-0.41000000000000003,-0.9,8.54,12.55,,,20.42,628360,,,,,0.06,,8.00676,-11.23626,1.52,0.91,1.12,2026-09-08T00:00:00,2005-04-27T00:00:00,4/27/2005,1114560000,2026-08-18T00:00:00
96,GLO,-0.1032,10.22857,11.40531,0.0537,10.64,25,Morningstar US CEF Global Allocation,28,Clough Capital Partners L.P.,True,5.65,-0.01,6.3,2026-09-08T00:00:00,18914E106,Clough Global Opportunities,2026-09-08,XGLOX,Hybrid-Global Allocation,33.96,241.629,,Monthly,-0.0235,0.0537,20.0,4.8247,,,3.54,,407.978,True,False,True,False,True,False,,13.53,18.46,-2.89,-3.9,5.72,9.24,,,15.23,1514050,,,,,16.22,13.53,5.81839,-11.39095,1.07,0.54,0.89,2026-09-08T00:00:00,2006-04-25T00:00:00,4/25/2006,1145923200,2026-08-18T00:00:00
97,FOF,-0.0186,7.78523,7.93313,0.087,15.88,26,Morningstar US CEF US Allocation,30,"Cohen &amp; Steers Capital Management, Inc.",False,13.16,-0.23,13.41,2026-09-08T00:00:00,19248P106,Cohen & Steers Closed-End Opportunity,2026-09-08,XFOFX,Hybrid-U.S. Allocation,,365.503,,Monthly,0.17872,0.087,20.0,6.1386,,7.64,0.9500000000000001,,372.446,False,False,False,False,False,False,,18.07,17.37,7.97,7.11,8.11,8.51,,,12.57,622290,,,95.6359,,,,13.49959,1.03694,-1.6800000000000002,-2.74,-2.4,2026-09-08T00:00:00,2006-11-20T00:00:00,11/20/2006,1163980800,2026-09-08T00:00:00
98,UTF,-0.0274,7.22101,7.42407,0.16499999999999998,13.81,8,Morningstar US CEF Sector Equity,29,Cohen &amp; Steers,False,26.67,-0.11,27.42,2026-09-08T00:00:00,19248A109,Cohen & Steers Infrastructure,2026-09-08,XUTFX,Equity-Sector Equity,28.3,2981.975,,Monthly,0.38602000000000003,0.16499999999999998,20.0,5.4498,,,3.43,,4275.833,True,True,True,False,False,False,,16.2,16.59,7.74,6.43,12.1,18.08,,,9.53,3646420,,,103.041,,7.43,,25.83839,-5.29276,1.06,-0.9400000000000001,0.67,2026-09-08T00:00:00,2004-03-30T00:00:00,3/30/2004,1080604800,2026-09-08T00:00:00
99,LDP,-0.0693,7.165,7.69833,0.131,6.41,18,Morningstar US CEF Preferreds,30,"Cohen &amp; Steers Capital Management, Inc.",False,20.42,-0.15,21.94,2026-09-08T00:00:00,19248C105,Cohen & Steers Ltd Duration Pref & Inc,2026-09-08,XLDPX,Fixed Income - Taxable-Preferreds,33.05,593.798,,Monthly,0.7218,0.131,25.0,,,,3.67,,952.998,True,False,False,False,False,False,,11.76,13.8,4.3,2.9699999999999998,2.85,3.29,,,4.74,619310,,,,,88.99,,21.03829,-5.89393,-0.74,-0.73,-0.08,2026-09-08T00:00:00,2012-07-27T00:00:00,7/27/2012,1343347200,2026-09-08T00:00:00
100,RQI,-0.0697,8.35913,8.98502,0.09,13.23,7,Morningstar US CEF Real Estate,29,Cohen &amp; Steers,False,12.02,-0.09,12.92,2026-09-08T00:00:00,19247L106,Cohen & Steers Qual Inc Realty,2026-09-08,XRQIX,Equity-Real Estate,27.2,1767.835,,Monthly,0.13034,0.09,15.0,4.5417000000000005,,,3.45,,2610.327,True,False,False,False,False,False,,12.01,11.12,3.3,2.52,17.1,12.9,,,6.78,5026080,,,102.1293,,7.49,,12.41814,-4.0012,-0.99,0.5700000000000001,-0.74,2026-09-08T00:00:00,2002-02-28T00:00:00,2/28/2002,1014854400,2026-09-08T00:00:00
101,RLTY,-0.0901,7.93269,8.71863,0.11,12.04,7,Morningstar US CEF Real Estate,30,"Cohen &amp; Steers Capital Management, Inc.",True,15.14,-0.28,16.64,2026-09-08T00:00:00,19249Q103,Cohen & Steers Real Estate Opp & Inc Fd,2026-09-08,XRLTX,Equity-Real Estate,33.63,253.177,,Monthly,0.17708000000000002,0.11,20.0,5.2869,,,4.55,,419.261,True,False,False,False,True,False,,11.32,13.9,,,12.6,11.5,,,8.1,601530,,,104.0393,,,,15.31835,-7.41085,-1.17,-0.76,-0.88,2026-09-08T00:00:00,2022-02-24T00:00:00,2/24/2022,1645660800,2026-09-08T00:00:00
102,RNP,-0.0706,7.62617,8.20513,0.13599999999999998,9.42,7,Morningstar US CEF Real Estate,30,"Cohen &amp; Steers Capital Management, Inc.",True,19.89,-0.23,21.4,2026-09-08T00:00:00,19247X100,Cohen & Steers REIT & Preferred Inc Fd,2026-09-08,XRNPX,Equity-Real Estate,30.47,954.722,,Monthly,0.40266,0.13599999999999998,25.0,5.8091,,,3.37,,1477.327,True,False,False,False,True,False,,11.69,10.75,3.41,2.44,10.14,6.8100000000000005,,,-2.66,1203580,,,106.003,,6.69,,20.73305,-3.27602,-1.1,0.23,-0.78,2026-09-08T00:00:00,2003-06-27T00:00:00,6/27/2003,1056672000,2026-09-08T00:00:00
103,PSF,-0.1015,7.07534,7.875,0.126,5.66,18,Morningstar US CEF Preferreds,29,Cohen &amp; Steers,False,19.2,-0.07,21.37,2026-09-08T00:00:00,19248Y107,Cohen & Steers Select Preferred & Inc,2026-09-08,XPSFX,Fixed Income - Taxable-Preferreds,33.42,230.941,,Monthly,0.69831,0.126,25.0,7.0987,,,3.76,,386.042,True,False,False,False,False,False,,11.29,10.71,3.13,-1.5,2.06,1.09,,,2.94,376490,,,101.0886,,86.4,,20.0861,-8.38626,-1.21,-0.9500000000000001,-0.8,2026-09-08T00:00:00,2010-11-24T00:00:00,11/24/2010,1290556800,2026-09-08T00:00:00
104,PTA,-0.0922,8.01196,8.82547,0.13399999999999998,4.62,18,Morningstar US CEF Preferreds,30,"Cohen &amp; Steers Capital Management, Inc.",True,18.22,-0.21,20.07,2026-09-08T00:00:00,19249X108,Cohen & Steers Tax-adv Prd Sec and Inc,2026-09-08,XPTAX,Fixed Income - Taxable-Preferreds,35.29,1007.082,,Monthly,0.63166,0.13399999999999998,25.0,7.3128,,,4.36,,1714.243,True,False,False,False,True,False,,10.01,9.61,2.74,1.8599999999999999,1.5,1.1,,,-0.63,1399050,,,103.3882,,,,19.43268,-6.5580300000000005,-1.7000000000000002,-1.92,-1.8399999999999999,2026-09-08T00:00:00,2020-10-28T00:00:00,10/28/2020,1603843200,2026-09-08T00:00:00
105,RFI,-0.0286,8.31169,8.55615,0.08,9.1,7,Morningstar US CEF Real Estate,30,"Cohen &amp; Steers Capital Management, Inc.",False,11.22,-0.06,11.55,2026-09-08T00:00:00,19247R103,Cohen & Steers Total Return,2026-09-08,XRFIX,Equity-Real Estate,0.04,300.121,,Monthly,0.15782000000000002,0.08,15.0,6.5819,,,0.9400000000000001,,309.073,True,False,False,False,False,False,,9.52,8.93,2.7,0.68,11.15,8.41,,,1.78,944480,,,,,,,11.43618,-1.19942,-0.61,1.2,0.21,2026-09-08T00:00:00,1993-09-27T00:00:00,9/27/1993,749088000,2026-09-08T00:00:00
106,STK,-0.0638,3.27666,3.49981,0.46249999999999997,79.33,3,Morningstar US CEF Covered Call,31,"Columbia Mgmt Investment Advisers, LLC",True,52.86,0.3,56.46,2026-09-08T00:00:00,19842X109,Columbia Seligman Premium Technology Gr,2026-09-08,XSTKX,Equity-Covered-Call Funds,,933.578,,Quarterly,-0.11919,0.46249999999999997,20.0,,,,1.12,,999.245,False,True,False,False,True,False,,38.16,32.09,21.73,20.22,49.41,46.43,,,76.17,563910,,,,,,,43.21683,-4.42627,-0.9400000000000001,0.15,-0.64,2026-09-08T00:00:00,2009-11-25T00:00:00,11/25/2009,1259107200,2026-08-17T00:00:00
107,CLM,0.0456,22.92453,21.92481,0.1215,16.72,10,Morningstar US CEF US Equity,32,"Cornerstone Advisors, LLC",True,6.65,-0.1,6.36,2026-09-04T00:00:00,21924B302,Cornerstone Strategic Investment Fund,2026-09-08,XCLMX,Equity-U.S. Equity,0.0,2059.348,,Monthly,-0.00202,0.1215,38.52,,,,1.1,,1969.542,True,False,False,False,True,False,,19.73,12.29,12.1,7.86,9.63,-8.97,,,-0.37,18696160,,,,,,,7.77923,18.98054,-3.2,-1.9300000000000002,-2.55,2026-09-08T00:00:00,1987-06-23T00:00:00,6/23/1987,551404800,2026-08-14T00:00:00
108,CRF,0.0357,22.87196,22.08451,0.1176,17.04,10,Morningstar US CEF US Equity,32,"Cornerstone Advisors, LLC",True,6.39,-0.1,6.17,2026-09-04T00:00:00,21924U300,Cornerstone Total Return Fund,2026-09-08,XCRFX,Equity-U.S. Equity,9.5,1079.21,,Monthly,-0.00521,0.1176,25.0,,,,1.13,,1042.054,True,False,False,False,True,False,,20.08,9.97,12.54,6.75,9.74,-8.96,,,-1.6099999999999999,12607980,,,,,,,7.46444,17.8071,-3.1,-1.9500000000000002,-2.48,2026-09-08T00:00:00,1973-05-16T00:00:00,5/16/1973,106358400,2026-08-14T00:00:00
109,DXYZ,-0.0017000000000000001,,,,395.66,8,Morningstar US CEF Sector Equity,34,Destiny Advisors LLC,True,34.24,7.51,34.3,2026-03-31T00:00:00,25063F107,Destiny Tech100 Inc,2026-09-08,DXYZ,Equity-Sector Equity,,1631.787,,Monthly,-0.28507,,,,,,4.53,,1634.647,False,True,False,False,True,False,,,,,,71.76,4.9,,,17.43,20048900,,,,,,,30.26142,72.95191,-0.8300000000000001,1.37,-0.07,2026-09-08T00:00:00,2024-03-26T00:00:00,3/26/2024,1711411200,
110,DMA,-0.1492,15.03341,17.67016,0.11249999999999999,0.62,26,Morningstar US CEF US Allocation,35,Destra Capital Advisors LLC,True,7.64,-0.07,8.98,2026-09-08T00:00:00,25065A502,Destra Multi-Alternative,2026-09-08,XDMAX,Hybrid-U.S. Allocation,10.95,68.479,,Monthly,0.19305,0.11249999999999999,,,,,3.29,,90.39,True,False,False,False,True,False,,1.4,17.43,-0.24,,-1.5,-4.93,,,2.32,254540,,,,,0.11,,8.21448,-14.66041,-0.1,0.43,0.65,2026-09-08T00:00:00,2022-01-13T00:00:00,1/13/2022,1642032000,2026-08-21T00:00:00
111,DNP,0.11,8.09129,7.28972,0.065,11.22,8,Morningstar US CEF Sector Equity,39,Duff &amp; Phelps Inv Mgmt Co (IL),True,10.7,-0.04,9.64,2026-09-08T00:00:00,23325P104,DNP Select Income,2026-09-08,XDNPX,Equity-Sector Equity,23.23,4053.188,,Monthly,0.10944,0.065,10.0,5.7021,,,2.5300000000000002,,4756.508,True,True,True,False,True,False,,16.02,11.43,8.53,8.38,10.08,13.86,,,18.4,5912530,,,,,7.32,5.85,10.40498,6.76793,1.22,0.36,0.9500000000000001,2026-09-08T00:00:00,1987-01-21T00:00:00,1/21/1987,538185600,2026-08-31T00:00:00
112,DSL,-0.0814,11.54856,12.57143,0.11,3.17,13,Morningstar US CEF Global Income,37,DoubleLine Capital LP,False,10.5,-0.01,11.43,2026-09-08T00:00:00,258622109,DoubleLine Income Solutions Fund,2026-09-08,XDSLX,Fixed Income - Taxable-Global Income,23.62,1202.996,,Monthly,0.47242,0.11,25.0,7.697,,,2.98,,1714.548,True,False,False,False,False,False,,9.89,7.13,1.01,0.56,3.7800000000000002,2.24,,,-4.06,5721520,,,91.9731,,,,11.22597,-4.66088,-1.9300000000000002,-1.97,-2.2800000000000002,2026-09-08T00:00:00,2013-04-26T00:00:00,4/26/2013,1366934400,2026-08-19T00:00:00
113,DBL,-0.0268,9.0784,9.32862,0.11,2.92,17,Morningstar US CEF Multi-Sector,36,DoubleLine,False,14.15,-0.1,14.54,2026-09-08T00:00:00,258623107,Doubleline Opportunistic Cred,2026-09-08,XDBLX,Fixed Income - Taxable-Multi-Sector,8.0,279.773,,Monthly,0.46533,0.11,25.0,6.3626000000000005,,,2.02,,312.484,True,False,False,False,False,False,,9.09,8.81,2.64,1.8599999999999999,2.26,-1.57,,,-0.84,633300,,,83.6213,,,,14.80423,-0.95447,-1.0,0.03,-0.22,2026-09-08T00:00:00,2012-01-26T00:00:00,1/26/2012,1327536000,2026-08-19T00:00:00
114,DLY,-0.0816,9.28647,10.11119,0.1167,3.71,17,Morningstar US CEF Multi-Sector,37,DoubleLine Capital LP,True,13.85,0.02,15.08,2026-09-08T00:00:00,25862D105,DoubleLine Yield Opportunities Fund,2026-09-08,XDLYX,Fixed Income - Taxable-Multi-Sector,16.06,672.27,,Monthly,0.62071,0.1167,20.0,7.611,,,2.89,,871.974,True,False,False,False,True,False,,8.74,8.22,2.76,2.08,2.69,1.8399999999999999,,,-1.4,2086820,,,95.0661,,,,14.39234,-6.6971,-1.05,-0.62,-0.64,2026-09-08T00:00:00,2020-02-25T00:00:00,2/25/2020,1582588800,2026-08-19T00:00:00
115,DTF,-0.0426,3.26087,3.40611,0.0325,1.9100000000000001,21,Morningstar US CEF Municipal,38,Duff &amp; Phelps,False,11.45,0.0,11.96,2026-09-08T00:00:00,23334J107,DTF Tax-Free Income 2028 Term,2026-09-08,XDTFX,Fixed Income - Municipal-Municipal,32.16,80.489,,Monthly,0.13742000000000001,0.0325,15.0,4.9276,,,1.08,,84.074,True,True,True,False,False,False,,2.38,5.65,-2.5,-1.48,0.91,3.63,,,5.84,74650,,,103.9925,,8.11,1.63,11.4297,-5.43666,1.2,-0.25,0.62,2026-09-08T00:00:00,1991-11-29T00:00:00,11/29/1991,691372800,2026-08-17T00:00:00
116,DPG,-0.10640000000000001,5.66751,6.34249,0.075,21.33,8,Morningstar US CEF Sector Equity,39,Duff &amp; Phelps Inv Mgmt Co (IL),True,14.19,0.06,15.88,2026-09-08T00:00:00,26433C105,Duff & Phelps Utility and Infra Fund Inc,2026-09-08,XDPGX,Equity-Sector Equity,21.85,510.799,,Monthly,0.045200000000000004,0.075,20.0,,,,3.34,,731.443,True,True,False,False,True,False,,22.17,24.56,11.42,8.97,15.97,18.01,,,20.11,717800,,,,,,,13.87833,-10.60422,-0.04,-0.29,0.23,2026-09-08T00:00:00,2011-07-29T00:00:00,7/29/2011,1311897600,2026-08-31T00:00:00
117,KTF,-0.0114,8.35616,8.45266,0.061,7.77,21,Morningstar US CEF Municipal,41,"DWS Investment Management Americas, Inc.",False,8.66,-0.02,8.76,2026-09-08T00:00:00,233368109,DWS Municipal Income,2026-09-08,XKTFX,Fixed Income - Municipal-Municipal,37.39,339.331,,Monthly,0.19611,0.061,12.0,4.4738,,15.48,3.14,,548.249,True,False,True,False,False,False,,3.31,9.15,-1.83,-0.77,0.04,1.6,,,7.57,1333480,,,97.3387,,13.42,8.84,9.1007,-1.68225,0.58,-0.64,-0.46,2026-09-08T00:00:00,1988-10-20T00:00:00,10/20/1988,593308800,2026-08-19T00:00:00
118,GRF,-0.1462,6.96151,8.15348,0.85,4.95,10,Morningstar US CEF US Equity,98,Sims Capital Management LLC,False,10.425,0.1,12.21,2026-09-03T00:00:00,269451100,Eagle Capital Growth,2026-09-08,XGRFX,Equity-U.S. Equity,,41.365,,Annually,0.02503,0.85,10.0,,,,1.28,,48.447,False,False,False,False,False,False,,10.77,10.12,7.69,8.24,3.26,-6.08,,,3.31,30910,,,,,,,10.45029,-13.14545,-0.42,1.05,0.1,2026-09-08T00:00:00,1990-07-02T00:00:00,7/2/1990,646876800,2025-11-21T00:00:00
119,ECC,-0.0949,16.66667,18.41432,0.06,-23.56,19,Morningstar US CEF Senior Loans,42,Eagle Point Credit Management,False,3.91,0.07,4.38,2026-07-31T00:00:00,269808101,Eagle Point Credit Company LLC,2026-09-08,XECCX,Fixed Income - Taxable-Senior Loans,30.45,520.072,,Monthly,0.61938,0.06,20.0,,,,9.21,,826.215,True,False,False,False,False,False,,-3.1,-9.06,-0.92,-3.43,-12.38,-18.55,,,-32.09,14265590,,,,,,,4.82605,-9.16212,-0.04,1.42,0.41000000000000003,2026-09-08T00:00:00,2014-10-08T00:00:00,10/8/2014,1412726400,2026-08-11T00:00:00
120,EIC,-0.1797,10.78431,13.14741,0.11,-4.74,14,Morningstar US CEF High Yield,43,Eagle Point Income Management LLC,False,10.04,0.08,12.35,2026-07-31T00:00:00,269817102,Eagle Point Income Co Inc,2026-09-08,XEICX,Fixed Income - Taxable-High Yield,11.84,231.359,,Monthly,,0.11,19.89,10.1647,,,6.36,,319.938,True,False,False,False,False,False,,10.51,2.61,6.21,2.3,-1.4100000000000001,-4.45,,,-18.04,1469810,,,87.475,,,,10.82097,-16.69987,-0.28,0.87,0.19,2026-09-08T00:00:00,2019-07-23T00:00:00,7/23/2019,1563840000,2026-08-11T00:00:00
121,CEV,-0.0412,5.61272,5.85366,0.049999999999999996,8.37,22,Morningstar US CEF Municipal-CA,45,Eaton Vance Management,False,10.25,-0.11,10.69,2026-09-08T00:00:00,27826F101,Eaton Vance CA Muni Inc,2026-09-08,XCEVX,Fixed Income - Municipal-Municipal - CA,33.38,72.094,0.02,Monthly,0.23213,0.049999999999999996,15.0,6.6915,,,2.48,,112.856,True,False,True,False,False,False,,3.02,8.97,-1.65,-0.37,0.78,10.54,,,19.2,258270,3.0,,97.7543,,,10.15,10.30814,-6.88174,1.35,0.41000000000000003,0.92,2026-09-08T00:00:00,1999-01-29T00:00:00,1/29/1999,917568000,2026-08-13T00:00:00
122,EOI,-0.0611,7.55221,8.04409,0.1338,9.92,3,Morningstar US CEF Covered Call,45,Eaton Vance Management,True,19.96,-0.06,21.26,2026-09-08T00:00:00,278274105,Eaton Vance Enhanced Equity Income,2026-09-08,XEOIX,Equity-Covered-Call Funds,,818.395,,Monthly,-0.04159,0.1338,20.0,,,,1.1,,871.697,False,False,False,False,True,False,,17.35,15.16,10.5,9.23,6.07,3.42,,,2.0,798850,,,,,,,20.08326,-4.06311,-0.79,0.59,-0.23,2026-09-08T00:00:00,2004-10-26T00:00:00,10/26/2004,1098748800,2026-08-14T00:00:00
123,EOS,-0.0964,7.65647,8.47288,0.1523,7.66,3,Morningstar US CEF Covered Call,44,Eaton Vance,True,21.57,-0.05,23.87,2026-09-08T00:00:00,278277108,Eaton Vance Enhanced Equity Income II,2026-09-08,XEOSX,Equity-Covered-Call Funds,,1150.026,,Monthly,-0.06004,0.1523,20.0,,,,1.09,,1272.653,False,False,False,False,True,False,,16.82,15.04,8.13,5.6,2.89,-2.38,,,-2.22,1183850,,,,,,,22.39344,-7.19081,-1.0,-0.5700000000000001,-0.72,2026-09-08T00:00:00,2005-01-26T00:00:00,1/26/2005,1106697600,2026-08-14T00:00:00
124,EFT,-0.1144,7.1118500000000004,8.03016,0.071,1.3,19,Morningstar US CEF Senior Loans,45,Eaton Vance Management,False,10.61,-0.04,11.98,2026-09-08T00:00:00,278279104,Eaton Vance Floating-Rate Income,2026-09-08,XEFTX,Fixed Income - Taxable-Senior Loans,31.59,281.993,,Monthly,0.42226,0.071,20.0,6.7466,,,4.45,,465.405,True,False,False,False,False,False,,6.06,5.75,4.83,2.33,0.53,-0.97,,,-4.2,1129930,,,,,,,11.10422,-9.43487,-1.3900000000000001,-1.52,-1.26,2026-09-08T00:00:00,2004-06-29T00:00:00,6/29/2004,1088467200,2026-08-14T00:00:00
125,EVV,-0.0935,8.38191,9.24612,0.06949999999999999,2.27,16,Morningstar US CEF Limited Duration,44,Eaton Vance,False,9.02,-0.02,9.95,2026-09-08T00:00:00,27828H105,Eaton Vance Limited Duration Income,2026-09-08,XEVVX,Fixed Income - Taxable-Limited Duration,40.93,1048.155,,Monthly,0.31291,0.06949999999999999,20.0,6.6631,,0.0,4.04,,1957.376,True,False,False,False,False,False,,7.35,9.05,3.16,2.17,0.4,-2.59,,,-3.69,3247540,,,97.9783,,,,9.64354,-6.3882200000000005,-1.5899999999999999,-1.33,-1.54,2026-09-08T00:00:00,2003-05-30T00:00:00,5/30/2003,1054252800,2026-08-13T00:00:00
126,EIM,-0.0709,6.0,6.45763,0.0508,5.71,21,Morningstar US CEF Municipal,45,Eaton Vance Management,False,9.44,-0.04,10.16,2026-09-08T00:00:00,27827X101,Eaton Vance Municipal Bond,2026-09-08,XEIMX,Fixed Income - Municipal-Municipal,31.12,484.957,0.030000000000000002,Monthly,0.24144000000000002,0.0508,15.0,6.4756,,,2.88,,757.791,True,False,False,False,False,False,,2.5700000000000003,5.88,-1.67,-2.05,0.02,2.6,,,3.76,1538780,7.0,,101.3506,,,8.03,9.83768,-7.08528,0.0,-0.22,-0.24,2026-09-08T00:00:00,2002-08-30T00:00:00,8/30/2002,1030665600,2026-08-14T00:00:00
127,EVN,0.0125,5.91354,5.84061,0.0513,6.99,21,Morningstar US CEF Municipal,44,Eaton Vance,False,10.54,-0.08,10.41,2026-09-08T00:00:00,27826U108,Eaton Vance Municipal Income,2026-09-08,XEVNX,Fixed Income - Municipal-Municipal,34.42,420.787,0.045,Monthly,0.26558,0.0513,15.0,7.1799,,,2.46,,633.75,True,False,True,False,False,False,,3.7199999999999998,10.08,-1.3599999999999999,-0.41000000000000003,0.99,3.98,,,9.12,762760,7.0,,99.5019,,,7.79,10.83224,0.5509000000000001,0.39,-0.06,0.66,2026-09-08T00:00:00,1999-01-29T00:00:00,1/29/1999,917568000,2026-08-13T00:00:00
128,EOT,-0.0415,4.65682,4.8583300000000005,0.0683,6.8,21,Morningstar US CEF Municipal,45,Eaton Vance Management,False,16.87,0.03,17.6,2026-09-08T00:00:00,27829L105,Eaton Vance National Municipal Opprs Tr,2026-09-08,XEOTX,Fixed Income - Municipal-Municipal,12.78,263.592,0.099,Monthly,0.41933000000000004,0.0683,20.0,5.6834,,,1.25,,315.296,True,False,True,False,False,False,,4.21,6.47,-0.36,-0.97,0.9500000000000001,5.27,,,9.0,363290,20.0,,96.1856,,,9.21,17.0881,-5.54803,0.72,-0.31,0.29,2026-09-08T00:00:00,2009-05-27T00:00:00,5/27/2009,1243382400,2026-08-14T00:00:00
129,ETJ,-0.0797,8.52838,9.2669,0.06509999999999999,2.25,3,Morningstar US CEF Covered Call,45,Eaton Vance Management,True,8.43,0.02,9.16,2026-09-08T00:00:00,27829G106,Eaton Vance Risk-Mgd Divers Eq Inc,2026-09-08,XETJX,Equity-Covered-Call Funds,,567.354,,Monthly,-0.01498,0.06509999999999999,20.0,,,,1.12,,616.484,False,False,True,False,True,False,,11.15,11.22,6.05,3.9,0.05,2.44,,,3.5,1342410,,,,,,,8.60354,-8.79605,0.99,1.04,1.24,2026-09-08T00:00:00,2007-07-31T00:00:00,7/31/2007,1185840000,2026-08-14T00:00:00
130,EFR,-0.1173,6.98734,7.91587,0.06899999999999999,2.09,19,Morningstar US CEF Senior Loans,45,Eaton Vance Management,False,10.46,-0.01,11.85,2026-09-08T00:00:00,27828Q105,Eaton Vance Senior Floating Rate,2026-09-08,XEFRX,Fixed Income - Taxable-Senior Loans,31.1,308.817,,Monthly,0.42058,0.06899999999999999,20.0,6.7521,,4.83,3.26,,507.76,True,False,False,False,False,False,,6.16,5.27,5.0,3.04,1.16,-0.36,,,-2.04,1438610,,,,,,,10.85736,-9.97136,-1.22,-1.5899999999999999,-0.79,2026-09-08T00:00:00,2003-11-24T00:00:00,11/24/2003,1069632000,2026-08-14T00:00:00
131,EVF,-0.1257,7.00885,8.01619,0.033,2.39,19,Morningstar US CEF Senior Loans,45,Eaton Vance Management,False,4.94,0.0,5.65,2026-09-08T00:00:00,27826S103,Eaton Vance Senior Income,2026-09-08,XEVFX,Fixed Income - Taxable-Senior Loans,28.54,89.761,,Monthly,0.22106,0.033,10.0,6.8094,,,2.76,,143.667,True,False,False,False,False,False,,6.42,5.09,4.7,2.83,1.4,-0.41000000000000003,,,-2.83,771890,,,,,,,5.16031,-10.12439,-1.3,-2.06,-1.52,2026-09-08T00:00:00,1998-10-30T00:00:00,10/30/1998,909705600,2026-08-13T00:00:00
132,EVG,-0.046900000000000004,7.90614,8.29545,0.073,5.75,16,Morningstar US CEF Limited Duration,45,Eaton Vance Management,True,10.56,-0.02,11.08,2026-09-08T00:00:00,27828V104,Eaton Vance Short Duration Divers Inc,2026-09-08,XEVGX,Fixed Income - Taxable-Limited Duration,12.35,142.105,,Monthly,0.30311,0.073,20.0,5.7273,,,2.77,,170.103,True,False,False,False,True,False,,9.47,11.14,4.85,4.35,2.63,3.7,,,3.13,370270,,,97.5071,,,,10.86766,-3.59872,-0.87,-0.89,-0.49,2026-09-08T00:00:00,2005-02-28T00:00:00,2/28/2005,1109548800,2026-08-14T00:00:00
133,ETG,-0.09380000000000001,5.8929,6.50293,0.1293,29.1,5,Morningstar US CEF Global Equity,45,Eaton Vance Management,False,23.86,-0.22,26.33,2026-09-08T00:00:00,27828S101,Eaton Vance Tax Adv Global Dividend Inc,2026-09-08,XETGX,Equity-Global Equity,15.55,1821.041,,Monthly,0.39383,0.1293,20.0,7.0367,,,2.2800000000000002,,2379.556,True,True,False,False,False,False,,20.94,22.15,10.79,9.9,16.39,9.84,,,24.52,1103670,,,,,3.76,,22.4759,-7.4372,-0.89,0.1,0.12,2026-09-08T00:00:00,2004-01-30T00:00:00,1/30/2004,1075420800,2026-08-14T00:00:00
134,EVT,-0.0626,6.40467,6.83224,0.1646,25.63,26,Morningstar US CEF US Allocation,45,Eaton Vance Management,True,28.91,-0.17,30.84,2026-09-08T00:00:00,27828G107,Eaton Vance Tax Advantaged Dividend Inc,2026-09-08,,Hybrid-U.S. Allocation,16.28,2155.032,,Monthly,0.12479,0.1646,20.0,7.0618,,,2.27,,2745.899,True,True,True,False,True,False,,17.19,17.97,9.47,8.47,18.42,20.38,,,27.78,1011280,,,,,4.98,,25.89088,-8.47506,2.0,1.1400000000000001,1.63,2026-09-08T00:00:00,2003-09-30T00:00:00,9/30/2003,1064880000,2026-08-14T00:00:00
135,ETO,-0.0962,5.97243,6.6082,0.17329999999999998,27.08,25,Morningstar US CEF Global Allocation,45,Eaton Vance Management,True,31.47,-0.08,34.82,2026-09-08T00:00:00,27828U106,Eaton Vance Tax-Advantaged Glbl Div Opp,2026-09-08,XETOX,Hybrid-Global Allocation,15.29,515.735,,Monthly,0.64905,0.17329999999999998,20.0,7.1104,,,2.26,,673.635,True,True,False,False,True,False,,19.91,20.38,9.81,7.75,15.06,9.64,,,24.39,315720,,,,,3.63,,29.46155,-9.03127,-0.48,1.06,0.72,2026-09-08T00:00:00,2004-04-30T00:00:00,4/30/2004,1083283200,2026-08-14T00:00:00
136,ETB,-0.0861,7.43761,8.13846,0.10579999999999999,16.8,3,Morningstar US CEF Covered Call,45,Eaton Vance Management,True,15.6,-0.01,17.07,2026-09-08T00:00:00,27828X100,Eaton Vance Tax-Managed Buy-Write Income,2026-09-08,XETBX,Equity-Covered-Call Funds,,458.246,,Monthly,0.00844,0.10579999999999999,20.0,,,,1.12,,501.426,False,True,False,False,True,False,,15.2,15.0,9.82,7.74,9.74,8.8,,,14.46,520940,,,,,,,15.24372,-7.33222,-1.38,-0.34,-0.8,2026-09-08T00:00:00,2005-04-27T00:00:00,4/27/2005,1114560000,2026-08-14T00:00:00
137,ETV,-0.0535,7.33292,7.74772,0.0993,17.26,3,Morningstar US CEF Covered Call,45,Eaton Vance Management,True,15.38,0.05,16.25,2026-09-08T00:00:00,27828Y108,Eaton Vance Tax-Managed Buy-Write Opp,2026-09-08,XETVX,Equity-Covered-Call Funds,,1795.685,,Monthly,-0.00319,0.0993,20.0,,,,1.08,,1897.262,False,True,True,False,True,False,,16.4,16.15,9.1,7.66,8.71,12.99,,,19.26,1789810,,,,,,,14.51446,-7.12415,1.67,0.88,1.24,2026-09-08T00:00:00,2005-06-27T00:00:00,6/27/2005,1119830400,2026-08-14T00:00:00
138,ETY,-0.0861,7.53895,8.24948,0.0992,10.32,3,Morningstar US CEF Covered Call,45,Eaton Vance Management,True,14.43,-0.01,15.79,2026-09-08T00:00:00,27828N102,Eaton Vance Tax-Managed Divrs Equity Inc,2026-09-08,XETYX,Equity-Covered-Call Funds,,2298.419,,Monthly,-0.02538,0.0992,20.0,,,,1.06,,2515.041,False,False,False,False,True,False,,16.94,14.88,10.79,8.45,6.09,-0.37,,,-0.99,2327820,,,,,,,14.92408,-3.90959,-1.3900000000000001,-0.68,-1.21,2026-09-08T00:00:00,2006-11-27T00:00:00,11/27/2006,1164585600,2026-08-14T00:00:00
139,EXG,-0.071,7.36822,7.93159,0.0657,24.05,3,Morningstar US CEF Covered Call,45,Eaton Vance Management,True,9.94,-0.06,10.7,2026-09-08T00:00:00,27829F108,Eaton Vance Tax-Mgd Glb Divrs Equity Inc,2026-09-08,XEXGX,Equity-Covered-Call Funds,,3041.004,,Monthly,0.03165,0.0657,20.0,,,,1.07,,3273.515,False,True,False,False,True,False,,16.7,18.64,9.15,7.75,13.02,10.77,,,21.67,4499900,,,,,,,9.40103,-6.85021,-0.2,1.37,1.18,2026-09-08T00:00:00,2007-02-23T00:00:00,2/23/2007,1172188800,2026-08-14T00:00:00
140,ETW,-0.0989,7.2967,8.09756,0.0664,20.65,3,Morningstar US CEF Covered Call,44,Eaton Vance,True,9.84,-0.01,10.92,2026-09-08T00:00:00,27829C105,Eaton Vance Tx-Mgd Glbl Buy-Write Opp,2026-09-08,XETWX,Equity-Covered-Call Funds,,1068.602,,Monthly,0.06057,0.0664,20.0,,,,1.1,,1185.888,False,True,True,False,True,False,,16.02,17.6,8.39,6.97,12.08,13.49,,,19.72,3138200,,,,,,,9.2908,-10.09767,0.26,0.99,0.84,2026-09-08T00:00:00,2005-09-28T00:00:00,9/28/2005,1127865600,2026-08-14T00:00:00
141,EARN,0.0796,23.8806,22.11982,0.08,-17.94,19,Morningstar US CEF Senior Loans,46,Ellington Credit Co Management LLC,True,4.34,-0.24,4.18,2026-06-30T00:00:00,288578107,Ellington Credit Company,2026-09-08,EARN,Fixed Income - Taxable-Senior Loans,52.01,165.663,,Monthly,,0.08,5.5,,,,8.65,,319.722,True,False,True,False,True,False,,,-4.46,,-12.94,-10.89,-4.13,,,-5.98,3976180,,,,,,,4.91908,-2.65494,0.88,-0.1,0.32,2026-09-08T00:00:00,2025-04-01T00:00:00,4/1/2025,1743465600,2026-08-31T00:00:00
142,ECF,-0.13699999999999998,6.08997,7.05694,0.22,21.73,11,Morningstar US CEF Convertibles,60,Gabelli Funds LLC,False,12.47,0.15,14.45,2026-09-08T00:00:00,289074106,Ellsworth Growth and Income Fund,2026-09-08,XECFX,Fixed Income - Taxable-Convertibles,13.31,170.314,,Quarterly,0.01674,0.22,10.0,2.2873,,,1.22,,227.662,True,True,False,False,False,False,,20.66,20.37,5.3,4.35,15.25,9.14,,,20.81,313230,,,,,52.2,,12.20097,-10.81799,-1.69,-2.01,-2.14,2026-09-08T00:00:00,1986-06-20T00:00:00,6/20/1986,519609600,2026-06-15T00:00:00
143,EEA,-0.1456,3.38829,3.9657299999999998,0.21989999999999998,16.29,5,Morningstar US CEF Global Equity,40,DWS,False,11.09,0.02,12.98,2026-09-08T00:00:00,298768102,European Equity Fund,2026-09-08,XEEAX,Equity-Global Equity,1.23,75.99,,Semi-Annually,0.11774,0.21989999999999998,10.0,,,,1.42,,90.052,True,True,False,False,False,False,,13.15,15.18,5.87,6.77,11.15,10.49,,,15.3,284930,,,,,,,10.72979,-14.02759,-0.35000000000000003,0.4,0.58,2026-09-08T00:00:00,1986-07-23T00:00:00,7/23/1986,522460800,2026-05-26T00:00:00
144,ETX,0.0017000000000000001,5.20177,5.19314,0.07819999999999999,2.62,21,Morningstar US CEF Municipal,45,Eaton Vance Management,False,18.07,-0.08,18.04,2026-09-08T00:00:00,27829U105,EV Municipal Income 2028 Term Trust,2026-09-08,XETTX,Fixed Income - Municipal-Municipal,3.2800000000000002,196.892,0.17300000000000001,Monthly,0.34061,0.07819999999999999,20.0,4.4343,,,0.89,,203.235,True,False,False,False,False,True,,3.73,7.32,0.86,-0.27,1.4,0.47000000000000003,,,0.61,174460,2.0,,100.4621,,,2.18,18.82969,2.49984,-1.74,-1.22,-1.48,2026-09-08T00:00:00,2013-03-26T00:00:00,3/26/2013,1364256000,2026-08-14T00:00:00
145,FMN,-0.0922,4.5264,4.98615,0.045,6.76,21,Morningstar US CEF Municipal,47,Federated Advisers,False,10.83,-0.07,11.93,2026-09-08T00:00:00,31423P108,Federated Premier Municipal Income,2026-09-08,XFMNX,Fixed Income - Municipal-Municipal,38.07,84.677,,Monthly,0.27121,0.045,15.0,5.0469,,,3.7,,150.627,True,False,True,False,False,False,,3.94,7.15,-1.47,-2.66,-0.27,3.2800000000000002,,,9.4,264220,15.72,,103.46340000000001,,13.75,8.69,11.14456,-10.18589,1.05,-0.24,0.46,2026-09-08T00:00:00,2002-12-20T00:00:00,12/20/2002,1040342400,2026-08-21T00:00:00
146,FFA,-0.0882,6.07367,6.66094,0.38749999999999996,21.63,3,Morningstar US CEF Covered Call,49,First Trust Advisors L.P.,True,23.27,-0.06,25.52,2026-09-08T00:00:00,337318109,First Trust Enhanced Equity Income,2026-09-08,XFFAX,Equity-Covered-Call Funds,,465.123,,Quarterly,0.04003,0.38749999999999996,20.0,,,,1.12,,510.096,False,True,True,False,True,False,,19.3,16.95,11.13,9.27,11.48,9.8,,,18.03,265220,,,,,,,21.99644,-8.92976,0.09,1.69,1.6800000000000002,2026-09-08T00:00:00,2004-08-26T00:00:00,8/26/2004,1093478400,2026-06-22T00:00:00
147,FTHY,-0.042800000000000005,10.89325,11.38088,0.125,2.09,14,Morningstar US CEF High Yield,49,First Trust Advisors L.P.,True,13.18,-0.07,13.77,2026-09-08T00:00:00,33741Q107,FIRST TRUST HY OPPORTUNITIES 2027 Term,2026-09-08,XFTHYX,Fixed Income - Taxable-High Yield,21.54,484.668,,Monthly,0.42555,0.125,20.0,6.3615,,,3.5,,645.364,True,False,True,False,True,True,,6.64,10.37,1.65,1.74,-0.02,2.34,,,1.78,1007900,,,98.9101,,,,13.82944,-4.28144,0.0,-1.4100000000000001,-0.26,2026-09-08T00:00:00,2020-06-25T00:00:00,6/25/2020,1593043200,2026-09-01T00:00:00
148,FPF,-0.059800000000000006,8.89488,9.46101,0.13749999999999998,4.33,18,Morningstar US CEF Preferreds,49,First Trust Advisors L.P.,False,17.44,-0.01,18.55,2026-09-08T00:00:00,33718W103,First Trust Inter Dur Pref & Income Fund,2026-09-08,XFPFX,Fixed Income - Taxable-Preferreds,36.65,1061.186,,Monthly,0.64279,0.13749999999999998,25.0,7.3995,,,4.2,,1781.669,True,False,False,False,False,False,,11.18,15.27,2.13,0.85,-0.1,0.99,,,1.06,1196070,,,101.3111,,5.93,,18.41828,-5.30953,-0.5700000000000001,-0.58,-0.34,2026-09-08T00:00:00,2013-05-23T00:00:00,5/23/2013,1369267200,2026-09-01T00:00:00
149,FMY,-0.061500000000000006,6.31579,6.72994,0.065,3.13,15,Morningstar US CEF Investment Grade,49,First Trust Advisors L.P.,False,11.59,0.16,12.35,2026-09-08T00:00:00,33734E103,First Trust Mortgage Income,2026-09-08,XFMYX,Fixed Income - Taxable-Investment Grade,7.11,48.83,,Monthly,0.16028,0.065,20.0,5.027,,,1.4,,52.032,True,False,True,False,False,False,,7.49,8.6,3.71,3.26,0.8200000000000001,-0.1,,,1.33,61070,,,90.346,,,,11.90787,-6.23471,0.07,0.68,0.54,2026-09-08T00:00:00,2005-05-25T00:00:00,5/25/2005,1116979200,2026-09-01T00:00:00
150,DFP,-0.0919,7.1027,7.82143,0.1314,5.48,18,Morningstar US CEF Preferreds,51,Flaherty &amp; Crumrine Inc,False,20.16,-0.02,22.2,2026-09-08T00:00:00,33848W106,Flah & Crum Dynamic Pref & Income Fund,2026-09-08,XDFPX,Fixed Income - Taxable-Preferreds,37.73,414.049,,Monthly,0.77839,0.1314,25.0,7.3869,,,4.3,,732.247,True,False,False,False,False,False,,11.18,12.91,2.64,0.42,1.87,3.59,,,5.46,526530,,,102.9091,,7.14,,21.01984,-7.19927,-1.3900000000000001,-1.27,-1.15,2026-09-08T00:00:00,2013-05-24T00:00:00,5/24/2013,1369353600,2026-08-24T00:00:00
151,FFC,-0.08439999999999999,7.30617,7.97966,0.1046,5.73,18,Morningstar US CEF Preferreds,51,Flaherty &amp; Crumrine Inc,False,15.73,-0.05,17.18,2026-09-08T00:00:00,338478100,Flah&Crum Preferred Securities,2026-09-08,XFFCX,Fixed Income - Taxable-Preferreds,37.75,757.838,,Monthly,0.624,0.1046,25.0,7.3168,,,4.1,,1329.696,True,False,False,False,False,False,,11.55,13.71,2.62,0.16,2.06,1.43,,,5.65,1060820,,,102.3775,,7.28,,16.31285,-6.86398,-1.18,-1.46,-0.55,2026-09-08T00:00:00,2003-01-31T00:00:00,1/31/2003,1043971200,2026-08-24T00:00:00
152,FLC,-0.10529999999999999,6.95114,7.76942,0.10669999999999999,5.33,18,Morningstar US CEF Preferreds,51,Flaherty &amp; Crumrine Inc,False,16.48,0.02,18.42,2026-09-08T00:00:00,338479108,Flah&Crum Total Return Fund,2026-09-08,XFLCX,Fixed Income - Taxable-Preferreds,38.09,172.328,,Monthly,0.629,0.10669999999999999,25.0,7.4035,,,4.5600000000000005,,311.115,True,False,False,False,False,False,,11.08,12.79,2.37,-0.09,1.71,-0.79,,,3.47,219380,,,103.068,,7.57,,17.22389,-8.38722,-1.65,-1.6,-1.63,2026-09-08T00:00:00,2003-08-29T00:00:00,8/29/2003,1062115200,2026-08-24T00:00:00
153,PFD,-0.0802,6.8363,7.4326,0.0703,5.21,18,Morningstar US CEF Preferreds,50,Flaherty &amp; Crumrine,False,11.35,0.06,12.34,2026-09-08T00:00:00,338480106,Flaherty & Crumrine Preferred Income,2026-09-08,XPFDX,Fixed Income - Taxable-Preferreds,36.48,145.877,,Monthly,0.41405000000000003,0.0703,15.0,7.2969,,,4.31,,249.701,True,False,False,False,False,False,,10.86,12.86,2.5,0.06,1.9,0.97,,,6.76,261660,,,103.0638,,7.33,,11.64464,-7.3912700000000005,-0.5700000000000001,0.01,0.33,2026-09-08T00:00:00,1991-01-31T00:00:00,1/31/1991,665280000,2026-08-24T00:00:00
154,PFO,-0.10529999999999999,6.7567,7.55161,0.0567,5.2,18,Morningstar US CEF Preferreds,51,Flaherty &amp; Crumrine Inc,False,9.01,0.01,10.07,2026-09-08T00:00:00,33848E106,Flaherty & Crumrine Preferred Income Opp,2026-09-08,XPFOX,Fixed Income - Taxable-Preferreds,37.97,117.827,,Monthly,0.34372,0.0567,12.5,7.4124,,,4.62,,212.289,True,False,False,False,False,False,,11.0,13.14,2.38,0.02,1.9,0.58,,,4.68,305480,,,102.9109,,7.54,,9.36553,-8.67518,-1.29,-1.57,-1.1400000000000001,2026-09-08T00:00:00,1992-02-13T00:00:00,2/13/1992,697939200,2026-08-24T00:00:00
155,FXBY,-0.3375,0.34602,0.5222600000000001,0.13,22.6,10,Morningstar US CEF US Equity,73,Midas Management Corporation,False,24.8916,0.0,37.57,2026-09-08T00:00:00,351645205,FOXBY CORP,2026-09-08,,Equity-U.S. Equity,12.4,12.986,,Annually,-0.10635,0.13,10.0,,,,2.98,,22.375,True,True,True,False,False,False,,24.72,31.79,13.92,16.52,16.2,7.06,,,35.4,2600,,,,,,,22.16896,-34.67863,0.22,1.8599999999999999,0.72,2026-09-08T00:00:00,1999-10-29T00:00:00,10/29/1999,941155200,2025-12-15T00:00:00
156,FTF,-0.09179999999999999,11.67722,12.85714,0.0615,3.9,16,Morningstar US CEF Limited Duration,53,"Franklin Advisers, Inc.",True,5.74,0.02,6.32,2026-09-08T00:00:00,35472T101,Franklin Limited Duration Income Trust,2026-09-08,XFTFX,Fixed Income - Taxable-Limited Duration,28.92,231.927,,Monthly,0.27933,0.0615,15.0,6.7342,,,3.66,,359.252,True,False,False,False,True,False,,7.06,9.78,3.56,2.69,3.04,1.9500000000000002,,,1.6099999999999999,1898000,,,98.5867,,5.86,,6.01316,-8.03225,-0.88,-0.37,-0.54,2026-09-08T00:00:00,2003-08-27T00:00:00,8/27/2003,1061942400,2026-08-24T00:00:00
157,PMM,-0.049100000000000005,6.17785,6.49713,0.033,7.69,21,Morningstar US CEF Municipal,53,"Franklin Advisers, Inc.",False,6.095,-0.03,6.41,2026-09-08T00:00:00,746823103,Franklin Managed Municipal Income,2026-09-08,XPMMX,Fixed Income - Municipal-Municipal,30.07,261.07,,Monthly,0.15044,0.033,10.0,5.017,,,1.06,,392.612,True,False,True,False,False,False,,5.4,7.83,-0.34,-1.28,0.59,2.94,,,12.07,987260,,,94.3248,,13.46,9.47,6.23176,-6.64599,1.01,-0.31,0.52,2026-09-08T00:00:00,1989-02-24T00:00:00,2/24/1989,604281600,2026-08-24T00:00:00
158,PIM,-0.045,7.92793,8.30189,0.022,3.37,15,Morningstar US CEF Investment Grade,53,"Franklin Advisers, Inc.",False,3.18,0.03,3.33,2026-09-08T00:00:00,746909100,Franklin Master Intermediate Income,2026-09-08,XPIMX,Fixed Income - Taxable-Investment Grade,37.0,153.226,,Monthly,0.07573,0.022,10.0,5.6026,,,1.02,,254.677,True,False,True,False,False,False,,7.18,9.17,3.33,3.18,1.65,0.91,,,3.27,949730,,,92.1741,,,,3.26537,-4.65411,0.09,1.81,1.25,2026-09-08T00:00:00,1988-04-29T00:00:00,4/29/1988,578275200,2026-08-24T00:00:00
159,PMO,-0.0733,5.75646,6.21205,0.052,6.67,21,Morningstar US CEF Municipal,53,"Franklin Advisers, Inc.",False,10.045,-0.08,10.84,2026-09-08T00:00:00,746922103,Franklin Municipal Opportunities,2026-09-08,XPMOX,Fixed Income - Municipal-Municipal,35.01,275.228,,Monthly,0.22914,0.052,15.0,4.9449000000000005,21.2967,17.07,1.04,,456.975,True,False,True,True,False,False,,4.48,5.71,-0.53,-2.39,-0.37,-0.91,,,8.62,639010,,,96.3899,,13.34,9.36,10.45403,-7.55391,0.21,-0.66,0.13,2026-09-08T00:00:00,1993-05-28T00:00:00,5/28/1993,738547200,2026-08-24T00:00:00
160,PPT,-0.0659,8.57143,9.17647,0.026,3.29,13,Morningstar US CEF Global Income,53,"Franklin Advisers, Inc.",False,3.4,0.0,3.64,2026-09-08T00:00:00,746853100,Franklin Premier Income,2026-09-08,XPPTX,Fixed Income - Taxable-Global Income,30.23,324.93,,Monthly,0.08203,0.026,10.0,5.5877,,,0.9400000000000001,,498.615,True,False,False,False,False,False,,7.16,8.44,3.42,2.9699999999999998,1.57,3.14,,,1.83,1568160,,,92.1578,,,,3.54284,-5.58983,-0.75,0.21,-0.19,2026-09-08T00:00:00,1988-02-29T00:00:00,2/29/1988,573091200,2026-08-24T00:00:00
161,FT,-0.10890000000000001,5.90962,6.63199,0.042499999999999996,7.39,26,Morningstar US CEF US Allocation,53,"Franklin Advisers, Inc.",False,7.69,0.0,8.63,2026-09-08T00:00:00,355145103,Franklin Universal Trust,2026-09-08,XFUTX,Hybrid-U.S. Allocation,21.67,193.264,,Monthly,0.1812,0.042499999999999996,10.0,7.2423,,,2.99,,276.888,True,False,False,False,False,False,,12.0,11.98,5.91,5.16,4.06,0.54,,,3.61,447830,,,88.5569,,4.99,,8.02869,-8.19444,-2.36,-2.48,-2.62,2026-09-08T00:00:00,1988-09-23T00:00:00,9/23/1988,590976000,2026-08-24T00:00:00
162,FSCO,-0.25980000000000003,10.01124,13.52562,0.059399999999999994,7.86,17,Morningstar US CEF Multi-Sector,56,FS Global Advisor LLC,True,5.27,-0.03,7.12,2026-09-08T00:00:00,30290Y101,FS Credit Opportunities Corp.,2026-09-08,XFSCX,Fixed Income - Taxable-Multi-Sector,32.58,1045.335,,Monthly,0.31886000000000003,0.059399999999999994,,,,,7.0,,2094.845,True,False,False,False,True,False,,12.0,11.86,,,7.27,-9.78,,,-20.98,14671630,,,,,,,5.66391,-20.49163,-0.56,2.05,1.44,2026-09-08T00:00:00,2022-11-14T00:00:00,11/14/2022,1668384000,2026-08-24T00:00:00
163,FSSL,-0.3356,10.01675,15.07563,0.1495,,19,Morningstar US CEF Senior Loans,57,FS Specialty Lending Advisor LLC,True,11.9,-0.08,17.91,2026-09-08T00:00:00,644323107,FS Specialty Lending Fund,2026-09-08,FSSL,Fixed Income - Taxable-Senior Loans,27.48,903.421,,Monthly,,0.1495,14.12,,,,6.14,,1874.902,True,True,True,False,True,False,,,,,,4.6,-8.53,,,,0,,,92.6454,,,,,,,1.9,0.51,2026-09-08T00:00:00,2025-11-13T00:00:00,11/13/2025,1762992000,2026-08-24T00:00:00
164,VCX,5.903,,,,66.4,8,Morningstar US CEF Sector Equity,58,"Fundrise Advisors, LLC",False,38.12,0.0,18.97,2026-03-31T00:00:00,360852107,Fundrise Innovation Common Share,2026-09-08,XVCX,Equity-Sector Equity,,,,,,,,6.2108,,,0.0,,,False,True,True,False,False,False,,23.59,,,,,,,,,0,,,88.8115,,,,,,,,,2026-09-08T00:00:00,2022-07-25T00:00:00,7/25/2022,1658707200,
165,GCV,-0.0152,10.41215,10.57269,0.12,19.72,26,Morningstar US CEF US Allocation,59,Gabelli,True,4.54,-0.02,4.61,2026-09-08T00:00:00,36240B109,Gabelli Conv Inc Secs,2026-09-08,XGCVX,Hybrid-U.S. Allocation,6.14,91.47,,Quarterly,-0.0030600000000000002,0.12,11.25,2.2015000000000002,,,2.07,,98.955,True,True,False,False,True,False,,16.23,17.83,2.9699999999999998,4.39,14.56,15.96,,,25.24,616890,,,,,,,4.41571,-1.20852,-0.11,-0.73,-0.45,2026-09-08T00:00:00,1995-03-31T00:00:00,3/31/1995,796608000,2026-06-15T00:00:00
166,GDV,-0.11720000000000001,5.32702,6.03419,0.15,18.05,10,Morningstar US CEF US Equity,60,Gabelli Funds LLC,True,29.83,-0.15,33.79,2026-09-08T00:00:00,36242H104,Gabelli Dividend & Income,2026-09-08,XGDVX,Equity-U.S. Equity,13.99,2630.036,,Monthly,-0.00444,0.15,20.0,,,,1.83,,3463.613,True,True,False,False,True,False,,17.11,20.26,8.35,8.77,14.02,13.18,,,19.1,1052910,,,,,0.19,,28.38906,-10.73887,-1.48,-1.21,-1.26,2026-09-08T00:00:00,2003-11-28T00:00:00,11/28/2003,1069977600,2026-08-17T00:00:00
167,GAB,-0.032400000000000005,10.22147,10.56338,0.15,16.36,10,Morningstar US CEF US Equity,59,Gabelli,True,5.68,0.01,5.87,2026-09-08T00:00:00,362397101,Gabelli Equity,2026-09-08,XGABX,Equity-U.S. Equity,14.74,1944.357,,Quarterly,0.00639,0.15,10.0,,,,1.6099999999999999,,2356.851,True,False,False,False,True,False,,16.29,13.61,9.17,7.37,12.53,-1.52,,,4.7,7734110,,,,,0.37,0.31,5.858750000000001,1.24278,-0.74,1.47,0.36,2026-09-08T00:00:00,1986-08-21T00:00:00,8/21/1986,524966400,2026-06-15T00:00:00
168,GGZ,-0.1065,4.60022,5.14876,0.21,15.32,5,Morningstar US CEF Global Equity,59,Gabelli,False,16.3146,0.06,18.26,2026-09-08T00:00:00,36249W104,Gabelli Global Small & Mid Cap Value Tru,2026-09-08,XGGZX,Equity-Global Equity,22.13,125.747,,Quarterly,0.0682,0.21,12.0,,,,2.31,,180.741,True,True,True,False,False,False,,14.23,18.34,4.71,5.96,13.06,12.44,,,20.26,87110,,,,,0.24,0.12,15.41383,-11.39227,0.48,0.34,0.05,2026-09-08T00:00:00,2014-06-23T00:00:00,6/23/2014,1403481600,2026-06-15T00:00:00
169,GLU,-0.0475,6.52819,6.85358,0.11,18.06,8,Morningstar US CEF Sector Equity,60,Gabelli Funds LLC,True,19.26,-0.03,20.22,2026-09-08T00:00:00,36242L105,Gabelli Global Utility & Income,2026-09-08,XGLUX,Equity-Sector Equity,17.64,115.318,,Monthly,0.2284,0.11,20.0,,,,1.35,,146.991,True,True,False,False,True,False,,18.34,19.43,6.16,6.05,13.63,3.73,,,13.88,94090,,,,,0.14,0.22,19.24879,-0.8823400000000001,-1.13,-0.11,-0.68,2026-09-08T00:00:00,2004-05-25T00:00:00,5/25/2004,1085443200,2026-08-17T00:00:00
170,GRX,-0.1054,6.12613,6.84794,0.16999999999999998,12.82,8,Morningstar US CEF Sector Equity,59,Gabelli,False,9.93,-0.1,11.1,2026-09-08T00:00:00,36246K103,Gabelli Healthcare & Wellness Trust,2026-09-08,XXGRX,Equity-Sector Equity,29.74,149.453,,Quarterly,-0.04734,0.16999999999999998,8.0,,,,3.17,,237.783,True,True,False,False,False,False,,4.82,8.36,-0.9400000000000001,0.11,10.04,7.84,,,13.72,293000,,,,,0.22,0.15,9.43872,-10.16997,-0.43,0.36,-0.45,2026-09-08T00:00:00,2007-06-19T00:00:00,6/19/2007,1182211200,2026-06-15T00:00:00
171,GGT,0.10679999999999999,23.0137,20.79208,0.08,19.48,8,Morningstar US CEF Sector Equity,59,Gabelli,False,4.04,-0.02,3.65,2026-09-08T00:00:00,36239Q109,Gabelli Multimedia,2026-09-08,XGGTX,Equity-Sector Equity,33.14,155.047,,Monthly,-0.01495,0.08,7.5,,,,2.13,,209.504,True,False,True,False,False,False,,20.99,5.95,1.92,0.34,12.27,11.82,,,18.65,2639650,,,,,0.27,,4.15052,9.96581,0.3,-0.3,-0.01,2026-09-08T00:00:00,1994-11-15T00:00:00,11/15/1994,784857600,2026-08-17T00:00:00
172,GUT,1.1551,19.80198,9.18836,0.049999999999999996,14.67,8,Morningstar US CEF Sector Equity,59,Gabelli,False,6.53,0.0,3.03,2026-09-08T00:00:00,36240A101,Gabelli Utility Trust,2026-09-08,XGUTX,Equity-Sector Equity,14.87,583.689,,Monthly,0.030350000000000002,0.049999999999999996,7.5,,,,1.52,,318.164,True,True,True,False,False,False,,16.83,10.01,7.82,6.17,11.1,13.75,,,20.01,1975010,,,,,0.19,0.15,6.17356,95.64844,1.9300000000000002,0.9400000000000001,1.3,2026-09-08T00:00:00,1999-07-09T00:00:00,7/9/1999,931478400,2026-08-17T00:00:00
173,GGN,-0.0919,5.80645,6.3943200000000004,0.034999999999999996,36.52,8,Morningstar US CEF Sector Equity,59,Gabelli,True,5.63,0.0,6.2,2026-09-08T00:00:00,36465A109,GAMCO Global Gold Natural Resources&Inc,2026-09-08,XGGNX,Equity-Sector Equity,7.37,879.545,,Monthly,0.0325,0.034999999999999996,20.0,6.1,,,1.29,,1045.643,True,True,False,False,True,False,,26.08,23.99,19.53,17.65,17.36,14.18,,,27.56,6061710,,,,,0.58,0.52,5.20033,-6.56864,-0.8200000000000001,-0.26,-0.58,2026-09-08T00:00:00,2005-03-29T00:00:00,3/29/2005,1112054400,2026-08-17T00:00:00
174,GNT,0.0132,7.91209,7.80911,0.06,31.53,3,Morningstar US CEF Covered Call,60,Gabelli Funds LLC,False,9.22,0.03,9.1,2026-09-08T00:00:00,36465E101,"GAMCO Natural Resources, Gold & Inc Tr",2026-09-08,XGNTX,Equity-Covered-Call Funds,16.32,149.235,,Monthly,0.01705,0.06,20.0,6.111,,,1.9500000000000002,,176.016,True,True,True,False,False,False,,22.28,31.48,15.79,19.63,15.54,31.2,,,47.02,976110,,,,,0.89,0.62,8.02746,-4.24202,1.22,-0.3,0.62,2026-09-08T00:00:00,2011-01-27T00:00:00,1/27/2011,1296086400,2026-08-17T00:00:00
175,GDL,-0.21489999999999998,4.46512,5.6872,0.12,5.88,26,Morningstar US CEF US Allocation,60,Gabelli Funds LLC,True,8.44,0.02,10.75,2026-09-08T00:00:00,361570104,GDL Fund,2026-09-08,XGDLX,Hybrid-U.S. Allocation,10.05,92.499,,Quarterly,-0.00024,0.12,20.0,,,,3.27,,130.985,True,False,False,False,True,False,,6.46,8.24,4.93,4.49,5.48,3.77,,,4.5,99290,,,,,0.19,0.16,8.46078,-20.63618,-1.0,-0.33,-0.52,2026-09-08T00:00:00,2007-01-25T00:00:00,1/25/2007,1169683200,2026-06-15T00:00:00
176,GAM,-0.1109,8.57105,9.64001,6.4,22.26,10,Morningstar US CEF US Equity,61,General American Investors Co Inc,False,66.39,-0.09,74.67,2026-09-08T00:00:00,368802104,General American Investors,2026-09-08,XGAMX,Equity-U.S. Equity,9.65,1582.214,,Annually,0.00036,6.4,10.0,,,,1.07,,1969.583,True,True,False,False,False,False,,22.33,27.53,13.77,16.46,14.7,13.45,,,23.34,244350,,,,,0.03,,62.30101,-10.64451,-0.56,0.22,-0.22,2026-09-08T00:00:00,1927-02-01T00:00:00,2/1/1927,-1354320000,2025-11-17T00:00:00
177,GUG,-0.054900000000000004,8.67316,9.19355,0.11875,6.33,25,Morningstar US CEF Global Allocation,62,Guggenheim Funds Investment Advisors LLC,False,15.5,0.05,16.4,2026-09-08T00:00:00,40170T106,Guggenheim Active Allocation Fund,2026-09-08,XGUGX,Hybrid-Global Allocation,24.58,511.191,,Monthly,0.54925,0.11875,20.0,5.74,,,3.19,,717.168,True,False,True,False,False,False,,9.58,12.57,,,3.13,4.46,,,4.6,816980,,,95.2366,,,,15.65101,-6.03867,0.28,-0.14,-0.22,2026-09-08T00:00:00,2021-11-23T00:00:00,11/23/2021,1637625600,2026-08-14T00:00:00
178,GOF,-0.09570000000000001,21.33984,23.59827,0.18209999999999998,9.06,17,Morningstar US CEF Multi-Sector,62,Guggenheim Funds Investment Advisors LLC,False,9.26,-0.12,10.24,2026-09-08T00:00:00,40167F101,Guggenheim Strategic Opp Fund,2026-09-08,XGOFX,Fixed Income - Taxable-Multi-Sector,21.22,2069.126,,Monthly,0.35596,0.18209999999999998,20.0,5.7615,,,1.9700000000000002,,2904.382,True,False,False,False,False,False,,13.89,-0.68,7.89,-1.02,3.7199999999999998,-17.13,,,-24.38,16624170,,,98.0989,,,,11.9441,7.92298,-1.9100000000000001,-2.16,-2.92,2026-09-08T00:00:00,2007-07-26T00:00:00,7/26/2007,1185408000,2026-08-14T00:00:00
179,GBAB,-0.0356,10.74615,11.14298,0.12572999999999998,3.8200000000000003,20,Morningstar US CEF Taxable Muni,62,Guggenheim Funds Investment Advisors LLC,False,13.54,-0.11,14.04,2026-09-08T00:00:00,401664107,Guggenheim Tax Muni & Inv Grade Debt Tr,2026-09-08,XGBAX,Fixed Income - Taxable-Taxable Muni,29.17,375.051,,Monthly,0.46383,0.12572999999999998,20.0,5.7718,,,2.83,,549.049,True,False,False,False,False,False,,6.78,5.99,-0.9,-2.5700000000000003,0.63,-1.7000000000000002,,,-2.63,871780,12.76,,96.372,,5.22,,14.74856,-0.04973,-1.77,-2.03,-1.45,2026-09-08T00:00:00,2010-10-26T00:00:00,10/26/2010,1288051200,2026-08-14T00:00:00
180,HERZ,-0.1699,10.69743,12.88692,0.16999999999999998,-1.08,10,Morningstar US CEF US Equity,104,Thomas J Herzfeld Advisors Inc,False,15.83,0.51,19.24,2026-07-31T00:00:00,42804T205,Herzfeld Credit Income Fund,2026-09-08,HERZ,Equity-U.S. Equity,,308.427,,Monthly,0.05541,0.16999999999999998,5.2,,,,4.33,,371.554,False,False,False,False,False,False,,9.38,15.57,4.4,6.31,-6.91,-24.32,,,-9.02,122170,,,,,,,19.49551,-12.13993,-1.09,-0.96,-0.84,2026-09-08T00:00:00,1994-05-20T00:00:00,5/20/1994,769392000,2026-08-17T00:00:00
181,PCF,-0.1341,10.97792,12.6776,0.057999999999999996,0.04,11,Morningstar US CEF Convertibles,22,Bulldog Investors LLP,False,5.49,-0.08,6.34,2026-09-04T00:00:00,42968F108,High Income Securities,2026-09-08,XPCFX,Fixed Income - Taxable-Convertibles,1.06,102.753,,Monthly,0.16873,0.057999999999999996,7.5,5.0759,,21.21,1.65,,118.662,True,False,False,False,False,False,,8.11,5.66,5.5,1.13,-1.48,-2.75,,,-4.28,766140,,,,,,,5.85377,-12.69263,-0.38,1.1400000000000001,0.6,2026-09-08T00:00:00,1987-07-09T00:00:00,7/9/1987,552787200,2026-08-18T00:00:00
182,HGLB,-0.371,8.74036,13.89646,0.08499999999999999,2.67,25,Morningstar US CEF Global Allocation,78,"NexPoint Asset Management, L.P.",False,7.34,-0.07,11.67,2026-09-08T00:00:00,43010T104,Highland Global Allocation Fund,2026-09-08,XHGLX,Hybrid-Global Allocation,2.79,173.154,,Monthly,0.20544,0.08499999999999999,15.0,9.7875,,,1.35,,275.3,True,False,False,False,False,False,,8.85,11.18,9.12,7.99,0.25,-10.63,,,-1.71,777880,,,,,0.31,,8.56538,-30.27807,-1.65,-0.74,-1.18,2026-09-08T00:00:00,1998-01-05T00:00:00,1/5/1998,883958400,2026-08-24T00:00:00
183,HFRO,-0.3873,3.85643,6.29428,0.0385,7.06,19,Morningstar US CEF Senior Loans,78,"NexPoint Asset Management, L.P.",True,7.34,-0.07,11.98,2026-09-08T00:00:00,43010E404,Highland Opportunities and Income Ord,2026-09-08,XHFOX,Fixed Income - Taxable-Senior Loans,17.4,406.55,,Monthly,0.29586,0.0385,15.0,8.0186,,,2.18,,803.308,True,True,True,False,True,False,,-0.5,4.47,1.8599999999999999,0.31,7.09,29.05,,,27.83,1392700,,,,,,,6.48457,-44.12855,1.3900000000000001,-0.24,0.85,2026-09-08T00:00:00,2000-01-13T00:00:00,1/13/2000,947721600,2026-08-24T00:00:00
184,VKI,0.0175,7.84561,7.71034,0.0559,7.61,21,Morningstar US CEF Municipal,65,"Invesco Advisers, Inc",False,8.7,0.03,8.55,2026-09-08T00:00:00,46132E103,Invesco Adv Muni Inc II,2026-09-08,XVKIX,Fixed Income - Municipal-Municipal,37.81,386.387,-0.002,Monthly,0.21381,0.0559,15.0,5.1931,,20.22,3.33,,610.551,True,False,True,False,False,False,,3.63,10.85,-1.34,-0.79,0.58,3.4,,,16.65,1219460,17.15,,96.6445,,10.05,8.68,8.97802,0.06857,0.63,-0.87,0.19,2026-09-08T00:00:00,1993-08-27T00:00:00,8/27/1993,746409600,2026-08-17T00:00:00
185,VBF,-0.0819,5.02519,5.47325,0.0665,1.9,15,Morningstar US CEF Investment Grade,65,"Invesco Advisers, Inc",False,14.58,-0.02,15.88,2026-09-08T00:00:00,46132L107,Invesco Bond,2026-09-08,XVBFX,Fixed Income - Taxable-Investment Grade,,166.578,0.001,Monthly,0.40588,0.0665,20.0,5.6338,,15.48,0.5700000000000001,,181.43,False,False,False,False,False,False,,5.4,5.29,-0.41000000000000003,-0.97,-0.47000000000000003,-1.43,,,-0.03,515350,,,96.9961,,,,15.22926,-6.95936,-1.3599999999999999,-1.44,-1.42,2026-09-08T00:00:00,1970-10-28T00:00:00,10/28/1970,25920000,2026-08-17T00:00:00
186,VCV,0.050499999999999996,7.99175,7.60746,0.06459999999999999,8.25,22,Morningstar US CEF Municipal-CA,65,"Invesco Advisers, Inc",False,10.19,-0.04,9.7,2026-09-08T00:00:00,46132H106,Invesco CA Value,2026-09-08,XVCVX,Fixed Income - Municipal-Municipal - CA,40.03,494.306,-0.039,Monthly,0.22155,0.06459999999999999,15.0,5.1828,,20.77,3.35,,784.633,True,False,True,False,False,False,,3.35,11.35,-1.23,0.03,-0.12,-1.02,,,10.59,981870,15.53,,94.3565,,11.52,8.96,10.77764,4.98308,0.03,-0.1,0.24,2026-09-08T00:00:00,1993-04-30T00:00:00,4/30/1993,736128000,2026-08-17T00:00:00
187,VLT,-0.08039999999999999,10.04677,10.92574,0.0895,5.39,14,Morningstar US CEF High Yield,65,"Invesco Advisers, Inc",False,9.83,0.0,10.69,2026-09-08T00:00:00,46131F101,Invesco High Income II,2026-09-08,XVLTX,Fixed Income - Taxable-High Yield,30.5,64.006,-0.029,Monthly,0.36908,0.0895,60.0,6.9603,,6.78,3.41,,100.155,True,False,False,False,False,False,,8.24,9.39,3.13,1.96,2.45,-5.16,,,-1.75,176540,,,99.0033,,,,10.70098,-2.72738,-2.03,-1.6800000000000002,-2.25,2026-09-08T00:00:00,1989-04-28T00:00:00,4/28/1989,609724800,2026-08-17T00:00:00
188,VMO,-0.0031,7.8534,7.87815,0.0625,7.52,21,Morningstar US CEF Municipal,65,"Invesco Advisers, Inc",False,9.52,-0.01,9.55,2026-09-08T00:00:00,46132C107,Invesco Muni Opp,2026-09-08,XVMOX,Fixed Income - Municipal-Municipal,37.33,642.035,-0.012,Monthly,0.23512,0.0625,15.0,5.3225,,20.36,3.26,,1027.661,True,False,True,False,False,False,,3.56,9.72,-1.46,-1.22,0.43,6.55,,,13.38,2358890,17.21,,96.2895,,11.8,8.97,9.69506,-3.28009,1.6600000000000001,0.85,1.3900000000000001,2026-09-08T00:00:00,1992-04-24T00:00:00,4/24/1992,704073600,2026-08-17T00:00:00
189,VKQ,0.0,7.8581900000000005,7.8581900000000005,0.0628,7.29,21,Morningstar US CEF Municipal,65,"Invesco Advisers, Inc",False,9.59,0.01,9.59,2026-09-08T00:00:00,46131J103,Invesco Municipal,2026-09-08,XVKQX,Fixed Income - Municipal-Municipal,38.5,530.668,-0.006,Monthly,0.23747000000000001,0.0628,15.0,5.3716,,20.5,3.24,,862.817,True,False,True,False,False,False,,3.59,9.71,-1.3900000000000001,-1.24,0.45,5.91,,,14.76,1901220,15.92,,96.6798,,11.71,8.94,9.724920000000001,-3.46856,1.77,0.92,1.37,2026-09-08T00:00:00,1991-09-27T00:00:00,9/27/1991,685929600,2026-08-17T00:00:00
190,OIA,0.0,5.83946,5.83946,0.029099999999999997,9.25,21,Morningstar US CEF Municipal,65,"Invesco Advisers, Inc",False,5.98,-0.01,5.98,2026-09-08T00:00:00,46132X101,Invesco Municipal Inc Opp I,2026-09-08,XOIAX,Fixed Income - Municipal-Municipal,31.22,286.314,0.019,Monthly,0.16802,0.029099999999999997,10.0,7.0142,,22.18,2.45,,416.299,True,False,True,False,False,False,,5.06,4.27,-0.18,-1.21,1.6400000000000001,4.9,,,12.16,1207330,30.48,,87.4958,,,,6.10162,-1.11793,0.73,0.8300000000000001,0.88,2026-09-08T00:00:00,1988-09-19T00:00:00,9/19/1988,590630400,2026-08-17T00:00:00
191,VPV,0.0815,7.76334,7.17848,0.0667,6.72,24,Morningstar US CEF Municipal-Single State,65,"Invesco Advisers, Inc",False,11.15,0.0,10.31,2026-09-08T00:00:00,46132K109,Invesco PA Value,2026-09-08,XVPVX,Fixed Income - Municipal-Municipal - Single-State,37.25,199.275,0.126,Monthly,0.24298,0.0667,15.0,5.0179,,19.59,3.1,,293.638,True,True,True,False,False,False,,3.5,12.68,-1.24,2.07,0.24,12.91,,,21.64,320810,25.47,,96.0024,,11.26,8.28,10.75708,-0.57798,2.24,1.75,1.9,2026-09-08T00:00:00,1993-04-30T00:00:00,4/30/1993,736128000,2026-08-17T00:00:00
192,IQI,0.0363,7.84663,7.572,0.0631,6.95,21,Morningstar US CEF Municipal,65,"Invesco Advisers, Inc",False,10.0,0.05,9.65,2026-09-08T00:00:00,46133G107,Invesco Quality Municipal Income Trust,2026-09-08,XIQIX,Fixed Income - Municipal-Municipal,35.11,528.838,0.026000000000000002,Monthly,0.24185,0.0631,15.0,5.5043,,18.62,2.91,,786.399,True,True,True,False,False,False,,3.66,10.95,-1.3900000000000001,0.2,0.37,6.85,,,15.86,1442490,15.49,,93.8966,,10.7,8.66,9.97505,-1.7040600000000001,2.68,1.6400000000000001,1.98,2026-09-08T00:00:00,1992-09-29T00:00:00,9/29/1992,717724800,2026-08-17T00:00:00
193,VVR,-0.128,10.35714,11.87713,0.028999999999999998,1.19,19,Morningstar US CEF Senior Loans,65,"Invesco Advisers, Inc",False,2.93,0.01,3.36,2026-09-08T00:00:00,46131H107,Invesco Senior Income,2026-09-08,XVVRX,Fixed Income - Taxable-Senior Loans,35.38,451.0,-0.044000000000000004,Monthly,0.16899,0.028999999999999998,10.0,,,3.9,4.89,,800.395,True,False,False,False,False,False,,5.54,3.34,4.88,4.21,0.86,-1.6400000000000001,,,-7.77,9993920,,,,,,,3.16617,-9.708120000000001,-1.69,-1.6800000000000002,-1.54,2026-09-08T00:00:00,1998-06-24T00:00:00,6/24/1998,898646400,2026-08-17T00:00:00
194,VGM,0.0121,7.83822,7.74426,0.06459999999999999,7.51,21,Morningstar US CEF Municipal,65,"Invesco Advisers, Inc",False,10.01,-0.09,9.89,2026-09-08T00:00:00,46131M106,Invesco Tr Inv Gr Muni,2026-09-08,XVGMX,Fixed Income - Municipal-Municipal,37.24,542.862,-0.018000000000000002,Monthly,0.24485,0.06459999999999999,15.0,5.4212,,20.77,3.11,,854.577,True,False,True,False,False,False,,3.6,11.04,-1.4100000000000001,-0.26,0.48,5.12,,,17.21,1712230,18.24,,96.729,,11.28,8.91,10.26008,-1.18172,1.12,0.03,0.7000000000000001,2026-09-08T00:00:00,1992-01-24T00:00:00,1/24/1992,696211200,2026-08-17T00:00:00
195,VTN,0.0171,8.02734,7.89246,0.06849999999999999,7.72,23,Morningstar US CEF Municipal-NY,65,"Invesco Advisers, Inc",False,10.415,-0.03,10.24,2026-09-08T00:00:00,46131T101,Invesco Tr Inv Gr NY,2026-09-08,XVTNX,Fixed Income - Municipal-Municipal - NY,33.72,152.511,0.01,Monthly,0.25475000000000003,0.06849999999999999,15.0,5.1028,,23.49,2.69,,226.25,True,False,False,False,False,False,,2.68,10.1,-1.54,0.8,-0.22,-2.15,,,14.09,317940,25.38,,90.718,,13.06,10.43,11.21465,3.20786,-0.59,-1.94,-1.23,2026-09-08T00:00:00,1992-03-27T00:00:00,3/27/1992,701654400,2026-08-17T00:00:00
196,IIM,0.042300000000000004,7.82741,7.50974,0.0771,6.65,21,Morningstar US CEF Municipal,65,"Invesco Advisers, Inc",False,12.32,-0.07,11.82,2026-09-08T00:00:00,46132P108,Invesco Value Muni Income,2026-09-08,XIIMX,Fixed Income - Municipal-Municipal,35.23,580.089,-0.011000000000000001,Monthly,0.29788000000000003,0.0771,15.0,5.5984,,18.25,2.93,,859.269,True,False,True,False,False,False,,3.64,10.78,-1.18,0.33,0.56,8.79,,,16.52,1191760,17.03,,94.3507,,10.32,8.32,12.49533,0.8232,1.47,0.38,0.9500000000000001,2026-09-08T00:00:00,1993-02-26T00:00:00,2/26/1993,730684800,2026-08-17T00:00:00
197,JOF,-0.11449999999999999,8.06184,9.10476,0.09559999999999999,31.63,1,Morningstar US CEF Asia Equity,79,Nomura Asset Management Co Ltd,False,12.6,-0.22,14.23,2026-09-08T00:00:00,47109U104,Japan Smaller Cap Fund,2026-09-08,XXJOFXX,Equity-Asia Equity,0.0,321.306,,Monthly,0.03946,0.09559999999999999,12.0,,,,2.09,,362.872,True,True,False,False,False,False,,23.81,27.36,11.52,12.59,25.62,21.31,,,29.77,755240,,,,,,,11.25973,-10.66632,-0.51,-0.22,-0.06,2026-09-08T00:00:00,1990-03-21T00:00:00,3/21/1990,637977600,2026-08-14T00:00:00
198,BTO,-0.0546,6.15093,6.5065100000000005,0.65,22.04,8,Morningstar US CEF Sector Equity,67,John Hancock Investment Management LLC,True,39.96,-0.19,42.27,2026-09-08T00:00:00,409735206,JHancock Financial Opportunities,2026-09-08,XBTOX,Equity-Sector Equity,13.42,792.529,0.0,Quarterly,0.27503,0.65,20.0,4.6156,,,2.42,,968.343,True,True,False,False,True,False,,26.24,22.91,10.31,5.48,19.84,16.38,,,12.24,458680,,,,,38.99,,36.81457,-2.364,-1.3599999999999999,-1.25,-1.31,2026-09-08T00:00:00,1994-08-18T00:00:00,8/18/1994,777168000,2026-06-11T00:00:00
199,JHS,-0.08710000000000001,5.14669,5.63768,0.1535,1.48,15,Morningstar US CEF Investment Grade,67,John Hancock Investment Management LLC,False,10.891,0.03,11.93,2026-09-08T00:00:00,410123103,JHancock Income Secs,2026-09-08,XJHSX,Fixed Income - Taxable-Investment Grade,39.65,126.843,0.0,Quarterly,0.29069,0.1535,15.3,5.424,,,4.41,,230.244,True,False,False,False,False,False,,5.33,5.35,-1.38,-2.55,-0.9,-4.61,,,-0.79,148210,,,99.5863,,7.08,4.3,11.33743,-7.64918,-0.67,0.97,0.81,2026-09-08T00:00:00,1973-02-14T00:00:00,2/14/1973,98496000,2026-06-11T00:00:00
200,JHI,-0.09449999999999999,8.1931,9.04798,0.297,5.2,15,Morningstar US CEF Investment Grade,66,John Hancock,False,13.13,-0.04,14.5,2026-09-08T00:00:00,410142103,JHancock Investors,2026-09-08,XJHIX,Fixed Income - Taxable-Investment Grade,40.67,114.816,0.0,Quarterly,0.58459,0.297,21.06,6.8106,,,4.59,,213.696,True,False,False,False,False,False,,8.84,10.08,2.14,1.0,3.09,1.87,,,3.06,208390,6.53,,98.8487,,6.17,,13.54222,-7.46999,-1.4100000000000001,-1.83,-1.1,2026-09-08T00:00:00,1971-01-29T00:00:00,1/29/1971,33955200,2026-06-11T00:00:00
201,HPI,0.046799999999999994,9.91304,9.46965,0.1235,2.27,18,Morningstar US CEF Preferreds,67,John Hancock Investment Management LLC,False,15.65,-0.04,14.95,2026-09-08T00:00:00,41013W108,JHancock Preferred Income,2026-09-08,XHPIX,Fixed Income - Taxable-Preferreds,39.09,419.297,0.0,Monthly,0.56391,0.1235,25.0,6.5025,,,4.48,,657.643,True,False,True,False,False,False,,9.71,11.13,2.67,2.59,0.1,3.46,,,8.4,540810,,,97.2482,,91.45,,16.36998,3.83899,0.39,-1.28,0.31,2026-09-08T00:00:00,2002-08-27T00:00:00,8/27/2002,1030406400,2026-08-13T00:00:00
202,HPF,0.0236,10.0,9.76928,0.1235,2.42,18,Morningstar US CEF Preferreds,67,John Hancock Investment Management LLC,False,15.17,-0.11,14.82,2026-09-08T00:00:00,41013X106,JHancock Preferred Income II,2026-09-08,XHPFX,Fixed Income - Taxable-Preferreds,39.18,328.443,0.0,Monthly,0.5652,0.1235,25.0,6.5737,,,4.51,,527.565,True,False,False,False,False,False,,9.82,10.76,2.85,1.56,0.32,3.25,,,5.89,353820,,,97.2805,,90.07,,16.08898,2.94407,-0.38,-2.48,-0.72,2026-09-08T00:00:00,2002-11-29T00:00:00,11/29/2002,1038528000,2026-08-13T00:00:00
203,HPS,0.012,9.88024,9.76331,0.11,2.48,18,Morningstar US CEF Preferreds,67,John Hancock Investment Management LLC,False,13.52,-0.09,13.36,2026-09-08T00:00:00,41021P103,JHancock Preferred Income III,2026-09-08,XHPSX,Fixed Income - Taxable-Preferreds,38.96,434.923,0.0,Monthly,0.50751,0.11,25.0,6.5102,,,4.47,,704.076,True,False,False,False,False,False,,9.82,9.0,2.94,2.24,0.46,2.58,,,3.1,587280,,,97.386,,86.67,,14.63233,3.9457,-1.71,-3.2,-2.8200000000000003,2026-09-08T00:00:00,2003-06-18T00:00:00,6/18/2003,1055894400,2026-08-13T00:00:00
204,PDT,-0.11599999999999999,7.49364,8.4768,0.08829999999999999,7.76,18,Morningstar US CEF Preferreds,66,John Hancock,True,12.5,0.04,14.14,2026-09-08T00:00:00,41013T105,JHancock Premium Dividend Fund,2026-09-08,XPDTX,Fixed Income - Taxable-Preferreds,34.95,614.815,0.0,Monthly,0.34231,0.08829999999999999,12.0,5.9254,,,4.32,,1069.179,True,False,False,False,True,False,,15.46,16.64,7.01,2.54,5.87,4.55,,,1.62,1199330,,,,,76.11,,12.98964,-9.48974,-1.1400000000000001,-1.42,-1.09,2026-09-08T00:00:00,1989-12-21T00:00:00,12/21/1989,630201600,2026-08-13T00:00:00
205,HTD,-0.0384,7.21736,7.50594,0.158,7.91,26,Morningstar US CEF US Allocation,67,John Hancock Investment Management LLC,True,25.26,0.1,26.27,2026-09-08T00:00:00,41013V100,JHancock Tax-Advantaged Dividend Inc,2026-09-08,XHTDX,Hybrid-U.S. Allocation,31.49,895.008,0.0,Monthly,0.63149,0.158,20.0,5.9603,,,3.58,,1358.694,True,True,True,False,True,False,,16.36,18.4,8.19,8.52,7.27,12.01,,,10.63,641970,,,,,68.76,,24.94826,-5.84996,1.18,-0.18,0.72,2026-09-08T00:00:00,2004-02-27T00:00:00,2/27/2004,1077840000,2026-08-13T00:00:00
206,HEQ,-0.0872,7.71605,8.45309,0.25,15.29,5,Morningstar US CEF Global Equity,67,John Hancock Investment Management LLC,True,11.83,-0.03,12.96,2026-09-08T00:00:00,47804L102,John Hancock Diversified Income Fund,2026-09-08,XHEQX,Equity-Global Equity,10.17,141.115,,Quarterly,0.35522,0.25,20.0,6.5508,,,1.31,,172.094,True,True,True,False,True,False,,12.95,13.74,8.42,7.33,10.68,14.25,,,19.33,368270,,,98.2848,,,,11.16128,-10.38262,1.18,0.9400000000000001,0.55,2026-09-08T00:00:00,2011-05-26T00:00:00,5/26/2011,1306368000,2026-06-11T00:00:00
207,KYN,-0.1198,6.34175,7.2048,0.09,31.32,6,Morningstar US CEF MLP,69,"KA Fund Advisors, LLC",False,14.99,0.18,17.03,2026-09-08T00:00:00,486606106,Kayne Anderson Energy Infrastructure,2026-09-08,XKYNX,Equity-MLP,24.79,2535.199,,Monthly,0.31841,0.09,25.0,7.259,,,3.3,,3829.699,True,True,True,False,False,False,,27.56,30.3,22.88,24.05,30.73,27.01,,,28.86,3898010,,,,,15.1,,13.29057,-12.21066,0.15,0.63,1.01,2026-09-08T00:00:00,2004-09-28T00:00:00,9/28/2004,1096329600,2026-08-14T00:00:00
208,KIO,-0.081,12.17028,13.24251,0.1215,4.89,14,Morningstar US CEF High Yield,70,Kohlberg Kravis Roberts &amp; Co.,False,11.01,-0.02,11.98,2026-09-08T00:00:00,48249T106,KKR Income Opportunities Fund,2026-09-08,XKIOX,Fixed Income - Taxable-High Yield,32.71,451.247,,Monthly,0.63625,0.1215,20.0,7.7655,,,4.09,,729.639,True,False,False,False,False,False,,8.55,8.17,4.74,3.35,3.76,4.01,,,0.49,2444130,0.09000000000000001,,100.3092,,58.49,,11.4859,-6.31764,-1.08,-1.4100000000000001,-0.98,2026-09-08T00:00:00,2013-07-26T00:00:00,7/26/2013,1374796800,2026-08-14T00:00:00
209,KF,-0.1646,1.7143000000000002,2.05217,1.381724,154.98,1,Morningstar US CEF Asia Equity,68,JPMorgan Asset Management (Asia Pacific) Limited,False,67.33,0.15,80.6,2026-09-08T00:00:00,500634209,Korea Fund,2026-09-08,XKFDX,Equity-Asia Equity,5.74,279.982,,Annually,0.0077,1.381724,40.0,,,,1.21,,335.163,True,True,False,False,False,False,,45.82,46.16,17.56,18.23,82.09,77.4,,,144.86,192820,,,,,,,50.09844,-13.40239,-1.77,-1.09,-1.24,2026-09-08T00:00:00,1984-08-29T00:00:00,8/29/1984,462585600,2025-12-23T00:00:00
210,LGI,-0.0216,9.96104,10.18142,0.15339999999999998,14.3,5,Morningstar US CEF Global Equity,71,Lazard Asset Management LLC,False,18.08,-0.03,18.48,2026-09-08T00:00:00,52106W103,Lazard Global Total Return and Income,2026-09-08,XLGIX,Equity-Global Equity,8.95,235.528,,Monthly,0.028050000000000002,0.15339999999999998,20.0,7.7462,,,2.0,,264.414,True,True,False,False,False,False,,12.72,18.36,5.87,6.5600000000000005,8.81,13.42,,,14.96,435150,,,,,3.13,,17.83984,-1.82024,-0.11,-1.33,-0.9500000000000001,2026-09-08T00:00:00,2004-04-28T00:00:00,4/28/2004,1083110400,2026-08-10T00:00:00
211,USA,-0.1185,10.07407,11.42857,0.16999999999999998,7.71,10,Morningstar US CEF US Equity,9,ALPS Advisors Inc,True,5.95,-0.02,6.75,2026-09-08T00:00:00,530158104,Liberty All-Star Equity,2026-09-08,XUSAX,Equity-U.S. Equity,5.03,1794.232,,Quarterly,0.02437,0.16999999999999998,10.0,,,,0.91,,2143.323,True,False,False,False,True,False,,13.03,9.47,6.41,3.45,7.65,3.68,,,1.4100000000000001,12655930,,,,,,,6.00885,-9.99938,-1.25,0.14,-0.71,2026-09-08T00:00:00,1986-10-31T00:00:00,10/31/1986,531100800,2026-07-16T00:00:00
212,ASG,-0.1231,8.20513,9.35673,0.12,6.32,10,Morningstar US CEF US Equity,9,ALPS Advisors Inc,True,5.13,0.01,5.85,2026-09-08T00:00:00,529900102,Liberty All-Star Growth,2026-09-08,XASGX,Equity-U.S. Equity,1.63,322.486,,Quarterly,-0.01882,0.12,10.0,,,,1.12,,373.853,True,False,False,False,True,False,,10.43,8.32,0.44,-1.3,7.2,4.86,,,2.43,2545170,,,,,,,5.28444,-10.50939,-1.34,-0.13,-0.81,2026-09-08T00:00:00,1986-03-14T00:00:00,3/14/1986,511142400,2026-07-16T00:00:00
213,SCD,-0.109,8.21449,9.21895,0.12,16.77,25,Morningstar US CEF Global Allocation,54,"Franklin Templeton Fund Adviser, LLC",True,15.62,0.01,17.53,2026-09-08T00:00:00,50208A102,LMP Capital and Income,2026-09-08,XSCDX,Hybrid-Global Allocation,20.73,357.797,,Monthly,0.06042,0.12,20.0,,,,2.39,,506.548,True,True,False,False,True,False,,16.3,16.62,11.07,11.2,13.68,12.11,,,10.21,780360,13.6,,,,4.25,,15.30798,-9.3714,-0.89,0.15,-0.5,2026-09-08T00:00:00,2004-02-24T00:00:00,2/24/2004,1077580800,2026-08-24T00:00:00
214,MXE,-0.1863,1.40192,1.72282,0.2337,24.61,4,Morningstar US CEF Emerging Market Equity,89,Pichardo Asset Management SA De CV,False,13.565,0.0,16.67,2026-09-08T00:00:00,592834105,Mexico Equity & Income,2026-09-08,XMXEX,Equity-Emerging Market Equity,,59.689,,Annually,0.07512,0.2337,12.0,7.969,,0.02,2.13,,73.351,False,True,False,False,False,False,,7.71,12.81,7.8100000000000005,2.89,11.7,8.72,,,23.23,60630,,,,,,,12.84707,-17.88913,-0.68,-0.02,-0.52,2026-09-08T00:00:00,1990-08-15T00:00:00,8/15/1990,650678400,2025-12-16T00:00:00
215,MXF,-0.1291,5.66572,6.50558,0.3474,24.71,4,Morningstar US CEF Emerging Market Equity,64,"Impulsora Del Fondo Mexico, SC",True,21.52,-0.08,24.71,2026-09-08T00:00:00,592835102,Mexico Fund,2026-09-08,XXMXFXX,Equity-Emerging Market Equity,,310.32,,Quarterly,0.27312000000000003,0.3474,12.0,5.75,,,1.36,,356.32,False,True,True,False,True,False,,9.49,13.93,10.61,12.07,11.34,13.26,,,27.07,464510,,,,,,,20.87123,-13.23314,0.34,-1.9300000000000002,0.08,2026-09-08T00:00:00,1981-06-03T00:00:00,6/3/1981,360374400,2026-07-22T00:00:00
216,CAF,-0.1655,1.17914,1.41294,0.262949,27.83,1,Morningstar US CEF Asia Equity,74,Morgan Stanley,False,18.61,-0.22,22.3,2026-09-08T00:00:00,617468103,Morgan Stanley China A Share,2026-09-08,XCAFX,Equity-Asia Equity,,248.517,,Annually,-0.01046,0.262949,20.0,,,,1.52,,297.793,False,True,False,False,False,False,,15.48,16.17,2.22,0.65,16.72,9.33,,,24.74,376330,,,,,,,18.09047,-13.99756,-1.22,-0.54,-0.89,2026-09-08T00:00:00,2006-09-28T00:00:00,9/28/2006,1159401600,2025-12-19T00:00:00
217,MSD,-0.08779999999999999,7.52823,8.25309,0.15,11.12,12,Morningstar US CEF Emerging Market Income,75,"Morgan Stanley Investment Management, Inc.",False,7.27,0.01,7.97,2026-09-08T00:00:00,61744H105,Morgan Stanley Emerging Markets Debt,2026-09-08,XMSDX,Fixed Income - Taxable-Emerging Market Income,0.03,147.081,,Quarterly,0.30967,0.15,15.0,6.5116,,6.76,1.36,,161.243,True,False,False,False,False,False,,12.68,14.6,3.33,4.21,4.65,2.68,,,5.35,933190,,,,,,,7.40003,-6.92009,-1.02,-0.38,-0.47000000000000003,2026-09-08T00:00:00,1993-07-23T00:00:00,7/23/1993,743385600,2026-06-30T00:00:00
218,EDD,-0.0033,15.94684,16.0,0.24,18.54,12,Morningstar US CEF Emerging Market Income,75,"Morgan Stanley Investment Management, Inc.",False,6.0,0.09,6.02,2026-09-08T00:00:00,617477104,Morgan Stanley Emrgng Mkts Domestic Debt,2026-09-08,XEDDX,Fixed Income - Taxable-Emerging Market Income,14.38,386.736,,Quarterly,0.28033,0.24,20.0,6.6059,,7.47,2.18,,453.174,True,True,True,False,False,False,,13.35,19.8,5.52,8.51,7.92,15.82,,,23.71,3657020,,,,,,,5.62356,-4.94763,1.63,0.66,1.29,2026-09-08T00:00:00,2007-04-24T00:00:00,4/24/2007,1177372800,2026-06-30T00:00:00
219,IIF,-0.1121,7.72738,8.70304,1.985164,-5.13,1,Morningstar US CEF Asia Equity,75,"Morgan Stanley Investment Management, Inc.",False,22.81,-0.27,25.69,2026-09-08T00:00:00,61745C105,Morgan Stanley India Investment,2026-09-08,XIIFX,Equity-Asia Equity,,214.11,,Annually,-0.1168,1.985164,15.0,,,,1.35,,241.143,False,False,False,False,False,False,,7.66,12.46,5.14,7.46,-5.98,-6.93,,,-4.54,316860,,,,,,,23.98926,-11.07339,-0.18,0.06,0.14,2026-09-08T00:00:00,1994-02-25T00:00:00,2/25/1994,762134400,2025-12-19T00:00:00
220,NML,-0.1131,6.99052,7.88154,0.07008,33.27,6,Morningstar US CEF MLP,76,Neuberger Berman,False,10.67,0.05,12.03,2026-09-08T00:00:00,64129H104,NB Energy Infra and Income Fund Inc,2026-09-08,XNMLX,Equity-MLP,24.29,604.551,,Monthly,-0.18702,0.07008,20.0,,,,1.07,,900.27,True,True,False,False,False,False,,22.27,25.23,22.52,26.94,31.8,33.32,,,33.45,1626170,,,,,,,9.50507,-10.47056,-0.8200000000000001,-1.25,-0.64,2026-09-08T00:00:00,2013-03-26T00:00:00,3/26/2013,1364256000,2026-08-17T00:00:00
221,NBXG,-0.1244,8.10811,9.26045,0.12,14.76,10,Morningstar US CEF US Equity,76,Neuberger Berman,False,15.55,0.11,17.76,2026-09-08T00:00:00,64133Q108,Neuberger Brmn Nxt Gnrtn Cnnctvty,2026-09-08,XNBGX,Equity-U.S. Equity,,1224.741,,Monthly,-0.05846,0.12,20.0,,,,1.35,,1398.804,False,True,True,False,False,False,,19.45,23.56,5.0,4.52,10.56,11.98,,,12.6,2052450,,,,,,,14.78602,-12.97105,0.41000000000000003,0.75,1.08,2026-09-08T00:00:00,2021-05-25T00:00:00,5/25/2021,1621900800,2026-08-17T00:00:00
222,NHS,-0.09630000000000001,16.6055,18.37563,0.0905,2.95,14,Morningstar US CEF High Yield,76,Neuberger Berman,False,5.91,-0.02,6.54,2026-09-08T00:00:00,64128C106,Neuberger High Yield Strategies,2026-09-08,XNHSX,Fixed Income - Taxable-High Yield,32.91,247.368,,Monthly,0.18333,0.0905,15.0,7.1575,,,3.39,,408.017,True,False,False,False,False,False,,8.54,5.99,1.6600000000000001,-0.23,0.86,-10.44,,,-7.11,2051400,,,99.371,,5.04,3.38,6.86415,-2.99779,-1.49,-1.9,-1.27,2026-09-08T00:00:00,2003-07-28T00:00:00,7/28/2003,1059350400,2026-08-17T00:00:00
223,NBH,-0.0704,6.02447,6.48096,0.054169999999999996,6.69,21,Morningstar US CEF Municipal,76,Neuberger Berman,False,10.03,-0.02,10.79,2026-09-08T00:00:00,64124P101,Neuberger Municipal Fund,2026-09-08,XNBHX,Fixed Income - Municipal-Municipal,41.63,297.069,,Monthly,0.13171,0.054169999999999996,15.0,4.9704,,,3.87,,547.479,True,False,True,False,False,False,,2.7199999999999998,6.6,-1.96,-4.64,0.02,3.93,,,8.72,922980,15.43,,98.9472,,13.96,8.22,10.30479,-8.59877,1.3599999999999999,0.58,1.0,2026-09-08T00:00:00,2002-09-27T00:00:00,9/27/2002,1033084800,2026-07-31T00:00:00
224,NRO,-0.09179999999999999,11.8481,13.0453,0.0312,4.77,7,Morningstar US CEF Real Estate,76,Neuberger Berman,False,2.87,0.01,3.16,2026-09-08T00:00:00,64190A103,Neuberger Real Estate Securities Income,2026-09-08,XNROX,Equity-Real Estate,25.9,181.848,,Monthly,0.06094,0.0312,15.0,,,,3.12,,270.223,True,False,False,False,False,False,,9.78,10.9,0.43,-0.81,7.22,2.94,,,-0.38,2406600,,,,,,,3.03229,-7.17589,-1.0,-0.43,-0.6,2026-09-08T00:00:00,2003-10-31T00:00:00,10/31/2003,1067558400,2026-08-17T00:00:00
225,GF,-0.12480000000000001,2.3876,2.7280800000000003,0.154,2.43,9,Morningstar US CEF Single Country Equity,40,DWS,False,11.29,-0.21,12.9,2026-09-08T00:00:00,644465106,New Germany,2026-09-08,XGFNX,Equity-Single-Country Equity,8.08,184.114,,Semi-Annually,0.10538,0.154,20.0,,,,1.31,,228.874,True,False,False,False,False,False,,7.96,11.35,-4.65,-3.6,2.91,3.17,,,2.12,248440,,,,,,,11.45598,-9.90423,-2.2,-3.48,-3.0,2026-09-08T00:00:00,1990-01-30T00:00:00,1/30/1990,633657600,2026-05-26T00:00:00
226,NVG,0.0,7.95302,7.95302,0.079,7.12,21,Morningstar US CEF Municipal,81,"Nuveen Fund Advisors, LLC.",False,11.92,-0.07,11.92,2026-09-08T00:00:00,67071L106,Nuveen AMT-Free Muni Credit Inc,2026-09-08,XNVGX,Fixed Income - Municipal-Municipal,42.92,2584.134,-0.02,Monthly,0.29602,0.079,15.0,4.8262,,18.73,3.64,,4527.539,True,False,True,False,False,False,,3.81,10.39,-1.75,-1.82,-0.64,0.89,,,10.45,5458080,23.2,3.01,91.9675,,15.21,9.41,12.58854,-0.67296,0.37,-0.89,-0.04,2026-09-08T00:00:00,2002-03-25T00:00:00,3/25/2002,1017014400,2026-08-14T00:00:00
227,NUW,-0.0582,3.9835700000000003,4.22965,0.048499999999999995,4.95,21,Morningstar US CEF Municipal,81,"Nuveen Fund Advisors, LLC.",False,13.76,-0.06,14.61,2026-09-08T00:00:00,670695105,Nuveen AMT-Free Municipal Value Fund,2026-09-08,XNUWX,Fixed Income - Municipal-Municipal,7.39,247.01,-0.073,Monthly,0.30096,0.048499999999999995,15.0,5.412,,19.3,0.75,,283.194,True,False,False,False,False,False,,3.2,4.96,0.0,-0.31,0.23,0.31,,,6.13,382580,9.3,0.09000000000000001,97.0156,,9.22,8.55,14.22953,-5.10714,-0.81,-1.1,-0.7000000000000001,2026-09-08T00:00:00,2009-02-25T00:00:00,2/25/2009,1235520000,2026-08-14T00:00:00
228,NEA,0.0082,7.45887,7.39801,0.06799999999999999,6.14,21,Morningstar US CEF Municipal,81,"Nuveen Fund Advisors, LLC.",False,11.03,-0.01,10.94,2026-09-08T00:00:00,670657105,Nuveen AMT-Free Quality Muni Inc,2026-09-08,XNEAX,Fixed Income - Municipal-Municipal,41.82,3349.716,0.018000000000000002,Monthly,0.25491,0.06799999999999999,15.0,5.0705,,18.96,3.5300000000000002,,5710.539,True,False,True,False,False,False,,2.92,9.75,-1.9300000000000002,-0.97,-0.56,1.4100000000000001,,,9.78,8429680,21.6,4.02,95.7853,,11.78,8.06,11.49307,-0.6117900000000001,1.05,0.51,0.8300000000000001,2026-09-08T00:00:00,2002-11-21T00:00:00,11/21/2002,1037836800,2026-08-14T00:00:00
229,NAZ,0.10039999999999999,6.72694,6.11339,0.062,7.47,24,Morningstar US CEF Municipal-Single State,81,"Nuveen Fund Advisors, LLC.",False,12.17,0.21,11.06,2026-09-08T00:00:00,67061W104,Nuveen AZ Quality Muni Inc,2026-09-08,XNAZX,Fixed Income - Municipal-Municipal - Single-State,39.8,158.626,0.031,Monthly,0.20512,0.062,15.0,4.7745,,17.42,3.55,,239.458,True,False,True,False,False,False,,3.31,12.91,-1.22,0.13,0.13,8.16,,,10.79,220870,21.2,0.81,98.4756,,13.1,8.34,12.23646,5.40273,1.25,0.97,0.62,2026-09-08T00:00:00,1992-11-19T00:00:00,11/19/1992,722131200,2026-08-14T00:00:00
230,NKX,0.027800000000000002,7.50652,7.30347,0.072,8.21,22,Morningstar US CEF Municipal-CA,81,"Nuveen Fund Advisors, LLC.",False,11.83,-0.15,11.51,2026-09-08T00:00:00,670651108,Nuveen CA AMT - Free Quality Muni Inc,2026-09-08,XNCMX,Fixed Income - Municipal-Municipal - CA,40.17,659.14,-0.014,Monthly,0.25181,0.072,15.0,4.782,,18.3,3.77,,1071.895,True,False,False,False,False,False,,3.42,10.09,-1.81,-0.49,0.58,1.77,,,9.81,1358270,22.9,0.6000000000000001,96.8209,,13.74,8.29,12.52858,4.04499,-0.86,-1.46,-0.53,2026-09-08T00:00:00,2002-11-22T00:00:00,11/22/2002,1037923200,2026-08-14T00:00:00
231,NCA,-0.0078000000000000005,4.00891,4.0404,0.03,6.04,22,Morningstar US CEF Municipal-CA,81,"Nuveen Fund Advisors, LLC.",False,8.91,-0.04,8.98,2026-09-08T00:00:00,67062C107,Nuveen CA Municipal Value,2026-09-08,XNCAX,Fixed Income - Municipal-Municipal - CA,0.0,297.185,-0.012,Monthly,0.17651,0.03,10.0,4.7261,,18.79,0.54,,299.52,True,False,False,False,False,False,,3.5,4.98,-0.08,0.52,0.84,3.77,,,10.44,689580,23.2,1.35,97.5019,,,8.27,9.17348,-0.02883,-0.32,-1.1400000000000001,-1.19,2026-09-08T00:00:00,1987-10-07T00:00:00,10/7/1987,560563200,2026-08-14T00:00:00
232,NAC,0.028900000000000002,7.54069,7.32865,0.06949999999999999,8.74,22,Morningstar US CEF Municipal-CA,81,"Nuveen Fund Advisors, LLC.",False,11.38,-0.07,11.06,2026-09-08T00:00:00,67066Y105,Nuveen CA Quality Muni Income,2026-09-08,XNACX,Fixed Income - Municipal-Municipal - CA,39.6,1898.165,-0.005,Monthly,0.24164,0.06949999999999999,15.0,4.7834,,19.2,3.79,,3054.18,True,False,True,False,False,False,,3.37,11.33,-1.9300000000000002,-0.38,0.41000000000000003,3.67,,,11.8,5115280,23.1,1.08,97.0662,,13.55,8.55,11.82238,1.8604100000000001,0.64,-1.44,-0.09,2026-09-08T00:00:00,1999-05-26T00:00:00,5/26/1999,927676800,2026-08-14T00:00:00
233,JCE,-0.053399999999999996,8.01321,8.46512,0.364,21.58,10,Morningstar US CEF US Equity,81,"Nuveen Fund Advisors, LLC.",True,17.2,0.07,18.17,2026-09-08T00:00:00,67090X107,Nuveen Core Equity Alpha,2026-09-08,XJCEX,Equity-U.S. Equity,1.35,292.446,0.0,Quarterly,0.0054600000000000004,0.364,20.0,,,,0.9900000000000001,,308.939,True,True,True,False,True,False,,20.8,19.78,12.51,11.7,12.3,12.01,,,18.2,393480,,,,,,,15.988,-6.44953,1.22,2.02,2.17,2026-09-08T00:00:00,2007-03-27T00:00:00,3/27/2007,1174953600,2026-06-15T00:00:00
234,NPCT,-0.0707,10.26769,11.04938,0.0895,2.68,15,Morningstar US CEF Investment Grade,81,"Nuveen Fund Advisors, LLC.",True,9.72,0.01,10.46,2026-09-08T00:00:00,67080D103,Nuveen Core Plus Impact Fund,2026-09-08,XNPCX,Fixed Income - Taxable-Investment Grade,37.61,279.499,,Monthly,0.18066000000000002,0.0895,20.0,4.3404,,29.1,4.43,,482.097,True,False,False,False,True,False,,7.92,11.93,-3.26,-3.13,0.45,2.49,,,-0.52,1243710,19.7,0.0,88.6715,,7.48,5.44,10.28112,-6.79621,-0.18,0.98,-0.19,2026-09-08T00:00:00,2021-04-27T00:00:00,4/27/2021,1619481600,2026-08-14T00:00:00
235,JQC,-0.1065,11.1028,12.42678,0.049499999999999995,5.84,19,Morningstar US CEF Senior Loans,81,"Nuveen Fund Advisors, LLC.",True,4.78,0.01,5.35,2026-09-08T00:00:00,67073D102,Nuveen Credit Strategies Income Fund,2026-09-08,XJQCX,Fixed Income - Taxable-Senior Loans,38.43,706.564,-0.082,Monthly,0.23976,0.049499999999999995,15.0,,,5.0,5.09,,1284.419,True,False,False,False,True,False,,8.48,10.38,4.93,4.93,3.49,3.24,,,-1.9300000000000002,7745160,84.5,0.0,,,,,4.94912,-9.58865,-0.58,0.05,0.33,2026-09-08T00:00:00,2003-06-25T00:00:00,6/25/2003,1056499200,2026-08-14T00:00:00
236,NDMO,-0.022099999999999998,7.06237,7.22222,0.058499999999999996,5.39,21,Morningstar US CEF Municipal,81,"Nuveen Fund Advisors, LLC.",True,9.72,-0.03,9.94,2026-09-08T00:00:00,67079X102,Nuveen Dynamic Municipal Opportunities,2026-09-08,XNDMX,Fixed Income - Municipal-Municipal,32.41,588.516,,Monthly,0.23738,0.058499999999999996,15.0,5.5876,,18.04,2.83,,890.382,True,False,False,False,True,False,,5.05,5.51,-2.48,-2.95,0.38,3.37,,,6.92,1415570,19.8,0.37000000000000005,96.271,,10.6,7.78,10.31789,-0.8809100000000001,-1.2,-1.42,-1.82,2026-09-08T00:00:00,2020-08-26T00:00:00,8/26/2020,1598400000,2026-08-14T00:00:00
237,JFR,-0.0815,11.22302,12.21932,0.078,6.29,19,Morningstar US CEF Senior Loans,81,"Nuveen Fund Advisors, LLC.",True,7.66,0.03,8.34,2026-09-08T00:00:00,67072T108,Nuveen Floating Rate Income,2026-09-08,XJFRX,Fixed Income - Taxable-Senior Loans,37.4,1233.01,0.015000000000000001,Monthly,0.37027,0.078,15.0,,,4.8100000000000005,4.78,,2144.668,True,False,True,False,True,False,,8.94,11.25,6.02,5.99,4.11,6.76,,,3.22,7477670,88.3,0.0,,,,,7.7359,-9.03506,0.55,-0.03,0.8300000000000001,2026-09-08T00:00:00,2004-03-25T00:00:00,3/25/2004,1080172800,2026-08-14T00:00:00
238,JGH,-0.0875,9.13235,10.00806,0.1035,6.84,13,Morningstar US CEF Global Income,81,"Nuveen Fund Advisors, LLC.",True,12.41,0.0,13.6,2026-09-08T00:00:00,67075G103,Nuveen Global High Income Fund,2026-09-08,XJGHX,Fixed Income - Taxable-Global Income,29.17,349.042,-0.026000000000000002,Monthly,0.52601,0.1035,20.0,7.7831,,6.15,3.37,,540.011,True,False,False,False,True,False,,11.78,12.92,4.88,4.86,4.92,5.13,,,0.78,998700,36.3,0.0,98.8169,,,,12.7229,-7.49554,-0.8300000000000001,-0.9400000000000001,-1.2,2026-09-08T00:00:00,2014-11-24T00:00:00,11/24/2014,1416787200,2026-08-14T00:00:00
239,NMT,0.13269999999999998,6.78505,5.9901,0.0605,7.49,24,Morningstar US CEF Municipal-Single State,81,"Nuveen Fund Advisors, LLC.",False,12.12,-0.26,10.7,2026-09-08T00:00:00,67061E104,Nuveen MA Quality Muni Inc,2026-09-08,XNMTX,Fixed Income - Municipal-Municipal - Single-State,39.51,128.324,0.026000000000000002,Monthly,0.20713,0.0605,15.0,4.8771,,20.13,3.45,,187.289,True,True,True,False,False,False,,2.8200000000000003,14.51,-1.97,1.35,0.59,15.95,,,18.61,201640,21.9,1.73,99.8748,,7.76,8.93,12.09552,8.19469,0.86,-1.17,-0.12,2026-09-08T00:00:00,1993-03-18T00:00:00,3/18/1993,732412800,2026-08-14T00:00:00
240,NMS,-0.0387,6.81081,7.08529,0.063,5.46,24,Morningstar US CEF Municipal-Single State,81,"Nuveen Fund Advisors, LLC.",False,10.67,0.09,11.1,2026-09-08T00:00:00,670734102,Nuveen MN Quality Muni Inc,2026-09-08,XMNSX,Fixed Income - Municipal-Municipal - Single-State,41.16,68.426,-0.014,Monthly,0.0,0.063,15.0,4.6902,,16.95,3.66,,120.983,True,False,False,False,False,False,,3.16,7.49,-1.3,-2.32,-1.53,-3.05,,,2.27,167770,43.0,0.0,98.2627,,12.68,7.55,11.9271,0.81454,-2.1,-1.58,-2.3,2026-09-08T00:00:00,1993-06-25T00:00:00,6/25/1993,740966400,2026-08-14T00:00:00
241,JLS,-0.09849999999999999,9.86081,10.93824,0.1535,5.41,14,Morningstar US CEF High Yield,81,"Nuveen Fund Advisors, LLC.",True,16.84,-0.01,18.68,2026-09-08T00:00:00,670735109,Nuveen Mortgage and Income Fund,2026-09-08,XJLSX,Fixed Income - Taxable-High Yield,23.06,92.226,0.009000000000000001,Monthly,0.68728,0.1535,25.0,7.5578,,17.85,3.07,,132.96,True,False,False,False,True,False,,9.45,11.96,4.34,4.63,2.98,-0.7000000000000001,,,-0.73,198090,0.0,0.0,96.9542,,,,18.16479,-5.02825,-2.32,-1.6,-1.63,2026-09-08T00:00:00,2009-11-25T00:00:00,11/25/2009,1259107200,2026-08-14T00:00:00
242,NMAI,-0.037000000000000005,9.18812,9.54078,0.11599999999999999,19.32,25,Morningstar US CEF Global Allocation,81,"Nuveen Fund Advisors, LLC.",True,14.59,0.02,15.15,2026-09-08T00:00:00,670750108,Nuveen Multi-Asset Income,2026-09-08,XNMAX,Hybrid-Global Allocation,29.29,487.68,,Monthly,0.13858,0.11599999999999999,20.0,6.1033,,,3.38,,716.163,True,True,True,False,True,False,,15.15,21.22,,,12.19,20.55,,,29.08,1090420,28.2,0.0,96.8324,,,,13.47556,-7.7746,2.65,1.47,1.98,2026-09-08T00:00:00,2021-11-22T00:00:00,11/22/2021,1637539200,2026-08-14T00:00:00
243,JMM,-0.09119999999999999,5.4717,6.02076,0.028999999999999998,1.92,15,Morningstar US CEF Investment Grade,81,"Nuveen Fund Advisors, LLC.",True,5.78,-0.01,6.36,2026-09-08T00:00:00,67075J107,Nuveen Multi-Market Income Fund,2026-09-08,XJMMX,Fixed Income - Taxable-Investment Grade,29.82,54.692,-0.001,Monthly,0.14258,0.028999999999999998,12.0,5.5021,,4.39,3.34,,85.753,True,False,False,False,True,False,,5.72,5.88,1.11,0.73,-0.29,0.56,,,-2.71,91210,26.7,0.0,96.6946,,,,5.99753,-8.513020000000001,-0.32,1.11,1.18,2026-09-08T00:00:00,1988-12-30T00:00:00,12/30/1988,599443200,2026-08-14T00:00:00
244,NZF,-0.011699999999999999,7.95,8.04384,0.0795,7.75,21,Morningstar US CEF Municipal,81,"Nuveen Fund Advisors, LLC.",False,11.86,-0.06,12.0,2026-09-08T00:00:00,67070X101,Nuveen Municipal Credit Income,2026-09-08,XNZFX,Fixed Income - Municipal-Municipal,41.21,2337.042,-0.015000000000000001,Monthly,0.31359,0.0795,15.0,5.2593,,19.97,3.61,,4021.829,True,False,False,False,False,False,,3.8200000000000003,10.0,-1.3,-0.91,0.79,1.85,,,9.78,5309970,25.0,2.59,93.9709,,12.28,8.31,12.52004,-0.67542,-0.4,-2.41,-1.35,2026-09-08T00:00:00,2001-09-25T00:00:00,9/25/2001,1001376000,2026-08-14T00:00:00
245,NMCO,-0.0264,8.05093,8.26962,0.06849999999999999,7.66,21,Morningstar US CEF Municipal,81,"Nuveen Fund Advisors, LLC.",False,9.94,-0.26,10.21,2026-09-08T00:00:00,670663103,Nuveen Municipal Credit Opps Fund,2026-09-08,XNMCX,Fixed Income - Municipal-Municipal,42.86,567.071,-0.035,Monthly,0.35941,0.06849999999999999,15.0,5.8652,,22.21,4.5,,1019.444,True,False,False,False,False,False,,3.61,3.16,-2.21,-2.95,1.6400000000000001,0.56,,,2.04,1803960,30.9,0.27,86.9685,,16.1,9.8,10.65525,-0.36372000000000004,-1.54,-1.65,-2.37,2026-09-08T00:00:00,2019-09-16T00:00:00,9/16/2019,1568592000,2026-08-14T00:00:00
246,NMZ,-0.0121,7.95547,8.05328,0.0655,7.83,21,Morningstar US CEF Municipal,81,"Nuveen Fund Advisors, LLC.",False,9.76,-0.1,9.88,2026-09-08T00:00:00,670682103,Nuveen Municipal High Income Opp Fd,2026-09-08,XNMZX,Fixed Income - Municipal-Municipal,40.54,2110.501,0.044000000000000004,Monthly,0.15638,0.0655,15.0,5.7108,,21.33,3.5,,3593.306,True,False,False,False,False,False,,4.76,6.85,-1.62,-2.15,0.85,3.23,,,6.46,4919300,21.9,1.38,91.2079,,10.81,8.88,10.38766,-0.09654000000000001,-1.15,-2.05,-1.04,2026-09-08T00:00:00,2003-11-19T00:00:00,11/19/2003,1069200000,2026-08-14T00:00:00
247,NMI,0.0733,4.71074,4.38884,0.038,6.25,21,Morningstar US CEF Municipal,81,"Nuveen Fund Advisors, LLC.",False,10.39,-0.04,9.68,2026-09-08T00:00:00,67062J102,Nuveen Municipal Income,2026-09-08,XNMIX,Fixed Income - Municipal-Municipal,2.99,126.76,-0.019,Monthly,0.21289,0.038,12.0,5.4726,,21.72,0.75,,118.098,True,True,True,False,False,False,,4.66,9.12,0.79,1.6,1.87,8.45,,,13.33,259720,16.7,0.66,98.5853,,,8.7,10.2918,4.20535,0.8,-0.9400000000000001,0.05,2026-09-08T00:00:00,1988-04-20T00:00:00,4/20/1988,577497600,2026-08-14T00:00:00
248,NUV,-0.0034000000000000002,4.38695,4.40181,0.0325,4.95,21,Morningstar US CEF Municipal,81,"Nuveen Fund Advisors, LLC.",False,8.86,-0.01,8.89,2026-09-08T00:00:00,670928100,Nuveen Municipal Value,2026-09-08,XNUVX,Fixed Income - Municipal-Municipal,6.15,1870.962,-0.018000000000000002,Monthly,0.19290000000000002,0.0325,10.0,5.2552,,18.27,0.66,,1877.297,True,False,True,False,False,False,,3.32,6.47,0.08,-1.35,0.53,2.21,,,8.24,4849270,11.1,0.8,96.1513,,,8.24,9.08421,-0.42009,0.08,-1.3900000000000001,-1.11,2026-09-08T00:00:00,1987-06-17T00:00:00,6/17/1987,550886400,2026-08-14T00:00:00
249,QQQX,-0.041299999999999996,9.23366,9.63132,0.738,18.68,3,Morningstar US CEF Covered Call,81,"Nuveen Fund Advisors, LLC.",True,30.65,0.03,31.97,2026-09-08T00:00:00,670699107,Nuveen NASDAQ 100 Dynamic Overwrite,2026-09-08,XQQQX,Equity-Covered-Call Funds,,1496.541,0.0,Quarterly,-0.02811,0.738,20.0,,,,0.89,,1560.992,False,True,True,False,True,False,,17.61,18.64,9.22,8.66,7.84,13.37,,,25.11,1031370,,,,,,,28.78097,-7.14646,1.35,0.38,0.8200000000000001,2026-09-08T00:00:00,2007-01-30T00:00:00,1/30/2007,1170115200,2026-06-15T00:00:00
250,NRK,-0.0098,7.73622,7.81312,0.0655,7.74,23,Morningstar US CEF Municipal-NY,81,"Nuveen Fund Advisors, LLC.",False,10.06,0.06,10.16,2026-09-08T00:00:00,670656107,Nuveen NY AMT - Free Quality Muni Inc,2026-09-08,XNRKX,Fixed Income - Municipal-Municipal - NY,43.32,877.587,0.004,Monthly,0.2495,0.0655,15.0,4.6883,,19.76,3.69,,1563.591,True,False,True,False,False,False,,2.47,8.41,-2.22,-0.38,-0.28,7.3,,,17.0,3184110,23.3,0.11000000000000001,94.7019,,16.09,9.38,10.30648,-4.56201,1.35,0.65,1.04,2026-09-08T00:00:00,2002-11-21T00:00:00,11/21/2002,1037836800,2026-08-14T00:00:00
251,NNY,-0.0655,4.10673,4.39468,0.0295,5.67,23,Morningstar US CEF Municipal-NY,81,"Nuveen Fund Advisors, LLC.",False,8.0552,-0.01,8.62,2026-09-08T00:00:00,67062M105,Nuveen NY Municipal Value,2026-09-08,XNNYX,Fixed Income - Municipal-Municipal - NY,0.0,152.131,-0.037,Monthly,0.17478,0.0295,10.0,4.7875,,19.89,0.5700000000000001,,162.798,True,False,False,False,False,False,,3.22,3.43,0.26,-0.67,0.73,-2.05,,,5.15,357330,28.8,0.0,96.2731,,,9.0,8.4793,-3.9543600000000003,-1.8599999999999999,-1.43,-2.02,2026-09-08T00:00:00,1987-10-07T00:00:00,10/7/1987,560563200,2026-08-14T00:00:00
252,NAN,-0.0047,7.5907,7.62617,0.06799999999999999,7.49,23,Morningstar US CEF Municipal-NY,81,"Nuveen Fund Advisors, LLC.",False,10.7,-0.05,10.75,2026-09-08T00:00:00,67066X107,Nuveen NY Quality Muni Inc,2026-09-08,XNANX,Fixed Income - Municipal-Municipal - NY,40.63,356.102,0.013000000000000001,Monthly,0.25368,0.06799999999999999,15.0,4.9942,,20.82,3.77,,602.606,True,False,False,False,False,False,,2.86,8.98,-1.83,-0.77,0.13,1.6600000000000001,,,7.01,724500,27.2,0.01,97.6695,,13.6,8.79,11.409980000000001,0.6859400000000001,-1.11,-2.18,-1.99,2026-09-08T00:00:00,1999-05-26T00:00:00,5/26/1999,927676800,2026-08-14T00:00:00
253,JPC,-0.0493,9.72763,10.23192,0.0625,5.76,18,Morningstar US CEF Preferreds,81,"Nuveen Fund Advisors, LLC.",False,7.33,0.0,7.71,2026-09-08T00:00:00,67073B106,Nuveen Pref & Income Opps Fund,2026-09-08,XJPCX,Fixed Income - Taxable-Preferreds,37.89,2755.204,-0.042,Monthly,0.24068,0.0625,15.0,7.7023,,,4.67,,4665.892,True,False,False,False,False,False,,11.13,14.33,3.43,2.5700000000000003,1.51,-3.59,,,-0.05,10106950,7.5,0.0,103.4105,,5.32,3.89,7.96548,-0.10817,-3.54,-2.36,-2.76,2026-09-08T00:00:00,2003-03-26T00:00:00,3/26/2003,1048636800,2026-08-14T00:00:00
254,NAD,-0.0044,7.42757,7.46032,0.0705,6.82,21,Morningstar US CEF Municipal,81,"Nuveen Fund Advisors, LLC.",False,11.34,-0.12,11.39,2026-09-08T00:00:00,67066V101,Nuveen Quality Muni Income Fund,2026-09-08,XNADX,Fixed Income - Municipal-Municipal,42.7,2654.516,0.023,Monthly,0.27975,0.0705,15.0,5.1645,,19.94,3.74,,4652.801,True,False,True,False,False,False,,3.14,9.84,-1.57,-0.55,-0.04,2.4,,,11.22,6636660,24.1,1.23,95.3843,,11.96,8.09,11.88107,-0.9572600000000001,0.38,-0.8200000000000001,0.16,2026-09-08T00:00:00,1999-05-26T00:00:00,5/26/1999,927676800,2026-08-14T00:00:00
255,JRI,-0.0623,12.3136,13.13115,0.1335,7.37,25,Morningstar US CEF Global Allocation,81,"Nuveen Fund Advisors, LLC.",True,12.2,0.06,13.01,2026-09-08T00:00:00,67074Y105,Nuveen Real Asset Inc and Grwt,2026-09-08,XJRIX,Hybrid-Global Allocation,32.28,441.619,0.0,Monthly,0.29419,0.1335,20.0,6.5074000000000005,,,3.9,,695.385,True,False,False,False,True,False,,11.49,15.8,4.12,5.04,5.45,-2.86,,,1.13,1471070,26.4,0.0,99.9859,,,,13.15917,-2.66754,-0.9,-1.04,-0.67,2026-09-08T00:00:00,2012-04-25T00:00:00,4/25/2012,1335312000,2026-08-14T00:00:00
256,JRS,-0.09539999999999998,8.43507,9.32515,0.19,13.3,7,Morningstar US CEF Real Estate,81,"Nuveen Fund Advisors, LLC.",True,8.15,-0.02,9.01,2026-09-08T00:00:00,67071B108,Nuveen Real Estate Income,2026-09-08,XJRSX,Equity-Real Estate,28.23,235.474,0.0,Quarterly,0.09926,0.19,15.0,,,,3.4,,362.721,True,True,False,False,True,False,,10.97,13.64,1.7000000000000002,1.98,15.66,13.17,,,11.46,757120,0.0,,,,6.49,,8.06187,-8.31588,-0.81,-0.43,-0.08,2026-09-08T00:00:00,2001-11-15T00:00:00,11/15/2001,1005782400,2026-06-15T00:00:00
257,SPXX,-0.0935,8.04389,8.87368,0.4215,21.15,3,Morningstar US CEF Covered Call,81,"Nuveen Fund Advisors, LLC.",True,19.0,-0.09,20.96,2026-09-08T00:00:00,6706EW100,Nuveen S&P 500 Dynamic Overwrite,2026-09-08,XSSPX,Equity-Covered-Call Funds,,2618.485,0.0,Quarterly,0.02205,0.4215,20.0,,,,0.9700000000000001,,2888.602,False,True,False,False,True,False,,16.58,16.28,10.26,8.97,12.59,11.39,,,15.25,1466600,,,,,,,17.87414,-9.14294,-0.1,0.17,0.9,2026-09-08T00:00:00,2005-11-22T00:00:00,11/22/2005,1132617600,2026-06-15T00:00:00
258,NIM,-0.0536,3.58393,3.78672,0.028999999999999998,3.24,21,Morningstar US CEF Municipal,81,"Nuveen Fund Advisors, LLC.",False,9.19,0.0,9.71,2026-09-08T00:00:00,67061T101,Nuveen Select Maturity Muni,2026-09-08,XNIMX,Fixed Income - Municipal-Municipal,0.41000000000000003,114.384,-0.007,Monthly,0.16949,0.028999999999999998,12.0,4.4675,,8.49,0.5800000000000001,,120.856,True,False,True,False,False,False,,3.37,6.06,0.98,0.42,0.31,2.93,,,6.15,189920,18.0,1.32,97.8224,,,5.21,9.37837,-5.68612,0.25,0.18,-0.02,2026-09-08T00:00:00,1992-09-18T00:00:00,9/18/1992,716774400,2026-08-14T00:00:00
259,NXP,0.0036,4.59885,4.58244,0.0535,5.11,21,Morningstar US CEF Municipal,81,"Nuveen Fund Advisors, LLC.",False,14.01,-0.01,13.96,2026-09-08T00:00:00,67062F100,Nuveen Select Tax Free Inc,2026-09-08,XNXPX,Fixed Income - Municipal-Municipal,3.73,887.033,0.014,Monthly,0.28791,0.0535,15.0,5.046,,17.18,0.35000000000000003,,883.868,True,False,True,False,False,False,,3.9699999999999998,4.6,0.84,0.14,0.9500000000000001,3.92,,,6.08,1430230,14.4,1.31,93.9607,,9.19,8.13,14.30243,-0.052660000000000005,0.43,-0.03,0.27,2026-09-08T00:00:00,1992-03-19T00:00:00,3/19/1992,700963200,2026-08-14T00:00:00
260,NBB,-0.0115,7.3852,7.47097,0.0965,4.51,20,Morningstar US CEF Taxable Muni,81,"Nuveen Fund Advisors, LLC.",False,15.5,-0.06,15.68,2026-09-08T00:00:00,67074C103,Nuveen Taxable Municipal Income,2026-09-08,XNBBX,Fixed Income - Taxable-Taxable Muni,38.31,455.619,-0.051000000000000004,Monthly,0.47616,0.0965,20.0,6.8179,,16.71,3.24,,747.125,True,False,True,False,False,False,,5.59,8.56,-0.89,-1.13,0.41000000000000003,2.29,,,3.77,566590,5.6,0.0,100.5308,,,7.42,15.85059,-2.6906600000000003,1.62,2.08,1.83,2026-09-08T00:00:00,2010-04-27T00:00:00,4/27/2010,1272326400,2026-08-14T00:00:00
261,NPV,-0.0528,6.83333,7.21408,0.0615,6.26,24,Morningstar US CEF Municipal-Single State,81,"Nuveen Fund Advisors, LLC.",False,10.23,-0.04,10.8,2026-09-08T00:00:00,67064R102,Nuveen VA Quality Muni Inc,2026-09-08,XNPVX,Fixed Income - Municipal-Municipal - Single-State,40.98,200.506,0.026000000000000002,Monthly,0.2321,0.0615,15.0,4.869,,18.2,3.54,,358.628,True,False,False,False,False,False,,3.06,6.61,-1.69,-4.66,-0.71,-1.08,,,-1.2,525000,32.6,1.55,95.5169,,12.56,8.16,11.30828,-1.13205,-2.4,-1.99,-2.64,2026-09-08T00:00:00,1993-03-18T00:00:00,3/18/1993,732412800,2026-08-14T00:00:00
262,NPFD,-0.0393,9.71044,10.10764,0.1565,5.93,18,Morningstar US CEF Preferreds,81,"Nuveen Fund Advisors, LLC.",False,18.58,-0.1,19.34,2026-09-08T00:00:00,67080R102,Nuveen Variable Rate Pref & Inc Fund,2026-09-08,XNPFX,Fixed Income - Taxable-Preferreds,36.95,448.97,,Monthly,0.5723900000000001,0.1565,25.0,7.4788,,,4.79,,741.24,True,False,True,False,False,False,,10.78,16.0,,,1.69,5.5600000000000005,,,5.77,653290,7.4,0.0,102.0238,,5.59,3.5300000000000002,19.15464,-3.96631,0.03,0.67,0.34,2026-09-08T00:00:00,2021-12-15T00:00:00,12/15/2021,1639526400,2026-08-14T00:00:00
263,SRV,-0.0078000000000000005,12.65556,12.7551,0.5,23.29,6,Morningstar US CEF MLP,33,Cushing Asset Management LP,False,47.04,1.13,47.41,2026-09-08T00:00:00,231631300,NXG Cushing Midstream Energy Fund,2026-09-08,XSRVX,Equity-MLP,28.59,293.265,,Monthly,0.0352,0.5,20.0,,,,4.32,,413.887,True,True,True,False,False,False,,23.56,20.46,19.3,27.04,23.91,24.71,,,23.17,576750,,,,,4.57,,44.54251,-0.9910800000000001,0.07,-0.78,0.11,2026-09-08T00:00:00,2007-08-27T00:00:00,8/27/2007,1188172800,2026-08-17T00:00:00
264,NXG,-0.0023,12.60284,12.63158,0.6,30.24,8,Morningstar US CEF Sector Equity,33,Cushing Asset Management LP,False,57.0,1.19,57.13,2026-09-08T00:00:00,231647207,NXG NextGen Infrastructure Inc,2026-09-08,XNXGX,Equity-Sector Equity,30.79,417.934,,Monthly,-0.24598,0.6,25.0,,,,4.16,,678.161,True,True,True,False,False,False,,24.38,33.85,12.25,16.6,25.56,16.9,,,31.07,696450,,,,,1.07,,53.98682,-1.21575,0.26,-0.35000000000000003,0.39,2026-09-08T00:00:00,2012-09-26T00:00:00,9/26/2012,1348617600,2026-08-17T00:00:00
265,MEGI,-0.0926,9.19681,10.13514,0.125,13.71,8,Morningstar US CEF Sector Equity,77,New York Life Investment Management LLC,False,14.8,0.12,16.31,2026-09-08T00:00:00,56064Q107,NYLIM CBRE Glb Infra Megatrends Term Fd,2026-09-08,XMEGI,Equity-Sector Equity,21.34,770.304,,Monthly,0.39004,0.125,20.0,,,,3.73,,1079.195,True,True,True,False,False,False,,12.5,15.79,,,12.25,13.76,,,11.36,1546990,,,,,,,14.72119,-9.37523,0.08,-0.7000000000000001,0.22,2026-09-08T00:00:00,2021-10-27T00:00:00,10/27/2021,1635292800,2026-08-24T00:00:00
266,MMD,-0.0759,5.08156,5.49898,0.06749999999999999,6.97,21,Morningstar US CEF Municipal,77,New York Life Investment Management LLC,False,14.73,-0.07,15.94,2026-09-08T00:00:00,56064K100,NYLIM MacKay DefinedTerm Muni Opps Fund,2026-09-08,XMMDX,Fixed Income - Municipal-Municipal,36.78,276.621,0.24000000000000002,Monthly,0.42096,0.06749999999999999,20.0,5.1917,,,2.72,,473.504,True,False,False,False,False,True,,3.26,0.81,-0.78,-3.15,1.23,4.45,,,7.64,629470,,,105.6287,,,5.59,15.14989,-7.25626,-0.28,-1.11,-0.45,2026-09-08T00:00:00,2012-06-27T00:00:00,6/27/2012,1340755200,2026-08-14T00:00:00
267,OCCI,-0.20800000000000002,18.34862,23.16602,0.049999999999999996,-30.8,19,Morningstar US CEF Senior Loans,82,"OFS Capital Management, LLC",True,2.59,0.19,3.32,2026-07-31T00:00:00,67111Q107,OFS Credit Company Inc,2026-09-08,OCCI,Fixed Income - Taxable-Senior Loans,47.95,75.924,,Monthly,0.33629000000000003,0.049999999999999996,20.0,13.384,,,13.31,,184.18,True,False,False,False,True,False,,-8.88,-13.82,-8.21,-11.54,-23.43,-36.75,,,-43.83,2845300,,,,,,,3.78118,-14.44345,-0.61,0.67,-0.03,2026-09-08T00:00:00,2018-10-05T00:00:00,10/5/2018,1538697600,2026-08-14T00:00:00
268,OXLC,-0.08130000000000001,22.94455,24.97399,0.19999999999999998,-33.14,19,Morningstar US CEF Senior Loans,83,Oxford Lane Management,False,9.61,0.64,10.66,2026-07-31T00:00:00,691543847,Oxford Lane Capital Corp,2026-09-08,OXLCX,Fixed Income - Taxable-Senior Loans,43.07,938.413,,Monthly,1.29355,0.19999999999999998,20.0,10.7207,,,9.78,,1794.076,True,False,True,False,False,False,,-3.81,-6.22,-1.6,-4.31,-19.43,-17.36,,,-28.11,12218250,,,,,,,11.73249,-15.92869,0.8300000000000001,1.31,0.6900000000000001,2026-09-08T00:00:00,2011-01-20T00:00:00,1/20/2011,1295481600,2026-08-17T00:00:00
269,PCM,-0.0383,14.06715,14.6277,0.06423999999999999,5.25,16,Morningstar US CEF Limited Duration,84,"Pacific Investment Management Company, LLC",False,5.27,-0.07,5.48,2026-09-08T00:00:00,69323T101,PCM Fund,2026-09-08,XPCMX,Fixed Income - Taxable-Limited Duration,36.09,65.498,0.037,Monthly,0.3113,0.06423999999999999,15.0,6.1856,,7.21,4.06,,106.569,True,False,False,False,False,False,,8.21,-4.89,2.14,-3.88,1.1400000000000001,-4.62,,,-3.81,527440,,,83.6641,,,,5.947,3.23583,-1.9500000000000002,-2.35,-2.7199999999999998,2026-09-08T00:00:00,1993-09-02T00:00:00,9/2/1993,746928000,2026-08-13T00:00:00
270,PDCC,-0.16440000000000002,14.40443,17.23757,0.13,-25.38,19,Morningstar US CEF Senior Loans,86,Pearl Diver Capital LLP,True,9.05,-0.13,10.96,2026-07-31T00:00:00,70476Q100,Pearl Diver Credit Company Inc,2026-09-08,PDCC,Fixed Income - Taxable-Senior Loans,33.84,62.767,,Monthly,0.65799,0.13,20.0,10.3892,,,8.24,,113.531,True,False,False,False,True,False,,,,,,-14.64,-27.62,,,-39.07,58300,,,,,,,12.43967,-5.35018,-1.46,-0.25,-0.92,2026-09-08T00:00:00,2024-07-18T00:00:00,7/18/2024,1721260800,2026-08-17T00:00:00
271,PSUS,-0.2415,,,,,10,Morningstar US CEF US Equity,87,"Pershing Square Capital Management, L.P.",False,38.07,-1.34,50.19,2026-08-31T00:00:00,71531T105,"Pershing Square USA, Ltd",2026-09-08,PSUSX,Equity-U.S. Equity,,,,Annually,,,50.0,,,,0.0,,,False,True,True,False,False,False,,,,,,,,,,,0,,,,,,,,,,-1.6800000000000002,,2026-09-08T00:00:00,2026-04-29T00:00:00,4/29/2026,1777420800,
272,GHY,-0.0951,9.89788,10.9375,0.105,5.73,14,Morningstar US CEF High Yield,88,PGIM,False,11.52,0.03,12.73,2026-09-08T00:00:00,69346J106,"PGIM Global High Yield Fund, Inc.",2026-09-08,XGHYX,Fixed Income - Taxable-High Yield,16.09,471.872,,Monthly,0.4495,0.105,20.0,6.5398,,,2.5,,621.435,True,False,False,False,False,False,,10.93,12.14,4.19,4.38,2.93,-0.09,,,-3.71,1565070,,,96.1442,,,,12.22054,-6.29123,-1.31,-1.4100000000000001,-1.47,2026-09-08T00:00:00,2012-12-21T00:00:00,12/21/2012,1356048000,2026-08-13T00:00:00
273,ISD,-0.0925,9.32642,10.27732,0.105,3.81,14,Morningstar US CEF High Yield,88,PGIM,False,12.26,0.02,13.51,2026-09-08T00:00:00,69346H100,"PGIM High Yield Bond Fund, Inc.",2026-09-08,XISDX,Fixed Income - Taxable-High Yield,20.36,408.207,,Monthly,0.55298,0.105,20.0,6.6848,,,2.15,,449.827,True,False,False,False,False,False,,9.2,10.01,4.14,3.95,2.38,-10.13,,,-7.61,965760,,,97.3498,,,,13.69774,-1.2735400000000001,-1.69,-1.52,-1.63,2026-09-08T00:00:00,2012-04-26T00:00:00,4/26/2012,1335398400,2026-08-13T00:00:00
274,SDHY,-0.0723,7.55245,8.1407,0.108,3.16,14,Morningstar US CEF High Yield,88,PGIM,True,15.92,-0.03,17.16,2026-09-08T00:00:00,69355J104,PGIM Short Duration High Yield Opps,2026-09-08,XSDHX,Fixed Income - Taxable-High Yield,22.15,392.795,,Monthly,0.74624,0.108,20.0,6.4186,,,2.52,,423.39,True,False,False,False,True,False,,7.69,10.0,4.51,4.85,1.8900000000000001,1.98,,,1.7000000000000002,695580,,,98.7564,,,,16.3259,-6.77124,-0.45,-0.88,0.08,2026-09-08T00:00:00,2020-11-25T00:00:00,11/25/2020,1606262400,2026-08-13T00:00:00
275,PAXS,-0.0363,12.27105,12.73295,0.1494,5.95,17,Morningstar US CEF Multi-Sector,90,PIMCO,True,14.08,-0.16,14.61,2026-09-08T00:00:00,72203T100,PIMCO Access Income,2026-09-08,XPAAX,Fixed Income - Taxable-Multi-Sector,39.43,663.894,,Monthly,0.82542,0.1494,20.0,,,8.61,5.03,,1137.276,True,False,False,False,True,False,,12.3,10.41,,,2.46,-0.59,,,-1.6800000000000002,1878460,,,86.1715,,,,15.06309,0.29044000000000003,-1.29,-0.8300000000000001,-0.9500000000000001,2026-09-08T00:00:00,2022-01-31T00:00:00,1/31/2022,1643587200,2026-08-13T00:00:00
276,PCQ,-0.1023,4.55696,5.07638,0.036,8.41,22,Morningstar US CEF Municipal-CA,84,"Pacific Investment Management Company, LLC",False,8.51,-0.03,9.48,2026-09-08T00:00:00,72200N106,PIMCO CA Municipal Income,2026-09-08,XPCQX,Fixed Income - Municipal-Municipal - CA,43.02,477.689,0.161,Monthly,0.21287,0.036,15.0,4.7087,,13.26,4.27,,933.846,True,False,True,False,False,False,,2.7,2.11,-3.0,-10.13,-0.8,2.35,,,9.7,1530780,,,95.5316,,14.47,8.47,8.80181,-11.18555,1.1400000000000001,0.56,1.05,2026-09-08T00:00:00,2001-06-29T00:00:00,6/29/2001,993772800,2026-08-13T00:00:00
277,PTY,0.0325,12.51624,12.12245,0.11879999999999999,7.94,15,Morningstar US CEF Investment Grade,90,PIMCO,False,11.76,0.01,11.39,2026-09-08T00:00:00,72201B101,PIMCO Corporate & Income Opportunity Fd,2026-09-08,XPTYX,Fixed Income - Taxable-Investment Grade,17.26,2581.335,0.218,Monthly,0.57584,0.11879999999999999,15.0,,,9.15,1.52,,3021.619,True,False,False,False,False,False,,15.59,5.01,7.93,-0.01,3.2800000000000002,-1.07,,,-6.48,10763180,,,92.7159,,,,12.66851,8.61601,-0.96,-0.3,-0.81,2026-09-08T00:00:00,2002-12-27T00:00:00,12/27/2002,1040947200,2026-08-13T00:00:00
278,PCN,0.028999999999999998,11.8525,11.51877,0.11249999999999999,6.77,15,Morningstar US CEF Investment Grade,84,"Pacific Investment Management Company, LLC",False,11.72,-0.01,11.39,2026-09-08T00:00:00,72200U100,PIMCO Corporate & Income Strgy,2026-09-08,XPCNX,Fixed Income - Taxable-Investment Grade,5.83,891.422,0.038,Monthly,0.57707,0.11249999999999999,15.0,,,8.68,1.53,,919.919,True,False,False,False,False,False,,13.62,5.67,6.78,1.79,2.64,-0.61,,,0.65,3246030,,,92.1831,,,,12.34387,5.68933,-0.92,0.08,-0.35000000000000003,2026-09-08T00:00:00,2001-12-21T00:00:00,12/21/2001,1008892800,2026-08-13T00:00:00
279,PDI,-0.0313,16.875,17.41935,0.2205,7.8,17,Morningstar US CEF Multi-Sector,84,"Pacific Investment Management Company, LLC",False,15.19,-0.14,15.68,2026-09-08T00:00:00,72201Y101,PIMCO Dynamic Income Fund,2026-09-08,XPDIX,Fixed Income - Taxable-Multi-Sector,31.71,7225.689,,Monthly,0.8897,0.2205,25.0,,,8.9,3.79,,10921.684,True,False,False,False,False,False,,13.93,9.74,5.96,2.3,2.94,-4.58,,,-9.66,28186480,,,89.064,,,,17.55019,7.00733,-2.18,-1.77,-2.14,2026-09-08T00:00:00,2012-05-25T00:00:00,5/25/2012,1337904000,2026-08-13T00:00:00
280,PDO,-0.0172,12.0,12.21002,0.12789999999999999,7.96,13,Morningstar US CEF Global Income,84,"Pacific Investment Management Company, LLC",True,12.57,-0.25,12.79,2026-09-08T00:00:00,69355M107,PIMCO Dynamic Income Opportunities Fund,2026-09-08,XPDOX,Fixed Income - Taxable-Global Income,34.4,1827.422,,Monthly,0.62591,0.12789999999999999,20.0,,,8.82,4.3,,2834.385,True,False,False,False,True,False,,13.95,12.55,3.34,2.03,3.03,-2.34,,,1.34,6322970,,,89.112,,,,13.48067,3.26294,-2.34,-1.75,-1.9500000000000002,2026-09-08T00:00:00,2021-01-29T00:00:00,1/29/2021,1611878400,2026-08-13T00:00:00
281,PDX,-0.0805,6.71195,7.29959,0.1334,11.24,25,Morningstar US CEF Global Allocation,90,PIMCO,True,21.93,0.04,23.85,2026-09-08T00:00:00,69346N107,PIMCO Dynamic Income Strategy Fund,2026-09-08,XPDX,Hybrid-Global Allocation,22.38,980.424,,Monthly,0.63903,0.1334,20.0,6.1539,,7.48,3.01,,1373.739,True,True,True,False,True,True,,17.5,22.29,21.83,25.18,18.43,22.3,,,10.53,1228270,,,91.6489,,,,21.39402,-9.70808,1.15,1.42,1.48,2026-09-08T00:00:00,2019-01-30T00:00:00,1/30/2019,1548806400,2026-08-13T00:00:00
282,PGP,-0.049800000000000004,8.96104,9.43052,0.06899999999999999,20.24,25,Morningstar US CEF Global Allocation,84,"Pacific Investment Management Company, LLC",False,8.78,-0.07,9.24,2026-09-08T00:00:00,722011103,PIMCO Global StocksPLUS & Income,2026-09-08,XPGPX,Hybrid-Global Allocation,48.47,101.775,0.07,Monthly,0.40356000000000003,0.06899999999999999,25.0,,,8.33,2.35,,207.846,True,True,False,False,False,False,,21.49,19.34,7.58,5.79,9.54,2.71,,,13.91,444300,,,92.0495,,,,8.76979,-1.42385,-1.29,0.47000000000000003,-0.67,2026-09-08T00:00:00,2005-05-31T00:00:00,5/31/2005,1117497600,2026-08-13T00:00:00
283,PHK,0.011200000000000002,12.85714,12.71523,0.048,8.51,17,Morningstar US CEF Multi-Sector,84,"Pacific Investment Management Company, LLC",False,4.53,0.03,4.48,2026-09-08T00:00:00,722014107,PIMCO High Income,2026-09-08,XPHKX,Fixed Income - Taxable-Multi-Sector,19.84,860.407,-0.044000000000000004,Monthly,0.23848,0.048,15.0,,,9.48,1.78,,1061.475,True,False,False,False,False,False,,13.7,10.12,6.5600000000000005,3.8,3.91,0.9500000000000001,,,3.06,7551660,,,92.3547,,,,4.75054,3.7350000000000003,-1.38,-0.99,-0.9,2026-09-08T00:00:00,2003-04-30T00:00:00,4/30/2003,1051660800,2026-08-13T00:00:00
284,PFL,0.0027,13.024,12.98936,0.0814,5.55,17,Morningstar US CEF Multi-Sector,90,PIMCO,False,7.52,-0.01,7.5,2026-09-08T00:00:00,72201H108,PIMCO Income Strategy,2026-09-08,XPFLX,Fixed Income - Taxable-Multi-Sector,7.84,377.244,0.077,Monthly,0.32637,0.0814,20.0,,,7.52,1.29,,408.247,True,False,False,False,False,False,,12.51,11.91,4.84,0.87,1.97,-1.81,,,1.4,2051720,,,88.49,,,,8.12148,4.11088,-1.81,-1.43,-1.48,2026-09-08T00:00:00,2003-08-26T00:00:00,8/26/2003,1061856000,2026-08-13T00:00:00
285,PFN,0.0058,12.55977,12.48696,0.0718,7.5,17,Morningstar US CEF Multi-Sector,84,"Pacific Investment Management Company, LLC",False,6.9,-0.01,6.86,2026-09-08T00:00:00,72201J104,PIMCO Income Strategy II,2026-09-08,XPFNX,Fixed Income - Taxable-Multi-Sector,24.07,686.371,0.094,Monthly,0.37475,0.0718,20.0,,,9.57,2.33,,898.666,True,False,False,False,False,False,,13.71,13.58,5.5,1.99,3.0,0.77,,,3.49,4358640,,,91.5197,,,,7.21107,2.5029,-0.96,-0.76,-0.32,2026-09-08T00:00:00,2004-10-29T00:00:00,10/29/2004,1099008000,2026-08-13T00:00:00
286,PML,-0.0537,6.21232,6.5651,0.0395,6.31,21,Morningstar US CEF Municipal,90,PIMCO,False,7.22,-0.02,7.63,2026-09-08T00:00:00,72200W106,PIMCO Municipal Income II,2026-09-08,XPMLX,Fixed Income - Municipal-Municipal,43.57,905.877,0.10300000000000001,Monthly,0.20781,0.0395,15.0,5.0244,,13.98,4.19,,1696.501,True,False,True,False,False,False,,2.06,0.3,-3.76,-8.11,-1.01,1.33,,,7.26,4282340,,,97.8724,,14.32,8.36,7.6057500000000005,-5.63964,0.22,1.27,1.06,2026-09-08T00:00:00,2002-06-28T00:00:00,6/28/2002,1025222400,2026-08-13T00:00:00
287,PNI,-0.10339999999999999,4.75168,5.29948,0.0295,7.04,23,Morningstar US CEF Municipal-NY,90,PIMCO,False,6.6799,-0.02,7.45,2026-09-08T00:00:00,72200Y102,PIMCO NY Municipal Income II,2026-09-08,XPNIX,Fixed Income - Municipal-Municipal - NY,42.55,159.552,0.065,Monthly,0.16939,0.0295,15.0,4.8444,,13.36,4.31,,309.718,True,False,True,False,False,False,,1.58,2.65,-4.31,-5.9,-0.76,2.22,,,8.54,580190,,,98.1725,,15.54,9.17,6.95698,-10.91314,0.8,0.2,0.41000000000000003,2026-09-08T00:00:00,2002-06-28T00:00:00,6/28/2002,1025222400,2026-08-13T00:00:00
288,RCS,0.1316,10.52632,9.30233,0.04,8.78,15,Morningstar US CEF Investment Grade,90,PIMCO,False,5.16,-0.02,4.56,2026-09-08T00:00:00,72200X104,PIMCO Strategic Income Fund,2026-09-08,XRCSX,Fixed Income - Taxable-Investment Grade,80.37,244.639,0.019,Monthly,0.2242,0.04,12.5,6.5746,,7.58,2.73,,1101.312,True,False,False,False,False,False,,15.35,8.18,5.0,1.67,3.33,0.75,,,-20.54,1556910,,,98.2536,,,,5.988630000000001,29.51543,-1.01,-1.22,-1.55,2026-09-08T00:00:00,1994-02-24T00:00:00,2/24/1994,762048000,2026-08-13T00:00:00
289,PWRL,-0.305,,,,,8,Morningstar US CEF Sector Equity,91,Powerlaw Fund Adviser LLC,False,10.21,-1.56,14.69,2026-07-31T00:00:00,738922103,Powerlaw Corp.,2026-09-08,XPWRX,Equity-Sector Equity,,,,,,,,,,,0.0,,,False,True,True,False,False,False,,,,,,,,,,,0,,,,,,,,,,-1.02,,2026-09-08T00:00:00,2026-05-27T00:00:00,5/27/2026,1779840000,
290,PGZ,-0.09910000000000001,11.66667,12.94964,0.105,4.15,7,Morningstar US CEF Real Estate,92,Principal Funds,True,9.73,-0.05,10.8,2026-09-08T00:00:00,74255X104,Principal Real Estate Income Fund,2026-09-08,XPGZX,Equity-Real Estate,30.68,65.134,,Monthly,0.34794,0.105,20.0,3.7804,,,4.79,,104.296,True,False,True,False,True,False,,11.8,14.66,0.03,2.29,3.34,6.95,,,6.1,253800,,,79.7282,,4.67,,10.1448,-9.98707,0.05,-1.3599999999999999,-0.06,2026-09-08T00:00:00,2013-06-26T00:00:00,6/26/2013,1372204800,2026-08-17T00:00:00
291,UTG,0.0,6.48148,6.48148,0.21,5.73,8,Morningstar US CEF Sector Equity,93,Reaves Asset Management,True,38.88,0.58,38.88,2026-09-08T00:00:00,756158101,Reaves Utility Income,2026-09-08,XUTGX,Equity-Sector Equity,20.97,3581.204,,Monthly,0.14102,0.21,20.0,,,,2.09,,4531.204,True,False,True,False,True,False,,20.96,21.12,8.82,8.72,6.96,6.82,,,5.79,2533660,,,,,2.62,,39.45349,-0.45904000000000006,0.38,0.38,0.4,2026-09-08T00:00:00,2004-02-24T00:00:00,2/24/2004,1077580800,2026-08-18T00:00:00
292,RCG,-0.0771,,,0.022371,11.15,26,Morningstar US CEF US Allocation,63,Horizon Kinetics Asset Management LLC,False,2.8702,-0.01,3.11,2026-09-08T00:00:00,759720105,RENN Fund ord,2026-09-08,XXRENNX,Hybrid-U.S. Allocation,11.03,20.137,,Data Not Available,-0.00459,0.022371,10.0,,,,1.56,,21.819,True,True,True,False,False,False,,12.22,18.38,3.73,5.71,9.19,14.44,,,8.52,78190,,,,,0.15,,2.7850200000000003,-9.656130000000001,0.48,-0.38,0.01,2026-09-08T00:00:00,1994-01-20T00:00:00,1/20/1994,759024000,2024-12-16T00:00:00
293,RSF,-0.0262,11.03421,11.33058,0.1371,7.69,14,Morningstar US CEF High Yield,94,"RiverNorth Capital Management, LLC",False,14.52,-0.01,14.91,2026-09-08T00:00:00,76882B108,RiverNorth Capital and Inc Fund,2026-09-08,XRSFX,Fixed Income - Taxable-High Yield,9.65,50.303,,Monthly,,0.1371,21.42,,,,3.96,,51.655,True,False,True,False,False,False,,8.74,10.51,6.06,5.47,4.77,8.94,,,9.5,164230,,,,,2.96,,14.57456,-4.12022,1.3599999999999999,0.98,0.98,2026-09-08T00:00:00,2016-09-22T00:00:00,9/22/2016,1474502400,2026-08-14T00:00:00
294,RFM,-0.0785,6.91432,7.50319,0.0881,9.47,21,Morningstar US CEF Municipal,94,"RiverNorth Capital Management, LLC",True,14.09,-0.05,15.29,2026-09-08T00:00:00,76883H104,RiverNorth Flexible Municipal Income,2026-09-08,XRFMX,Fixed Income - Municipal-Municipal,40.76,86.156,,Monthly,0.07615,0.0881,20.0,5.1551,,,4.46,,157.834,True,False,True,False,True,True,,4.97,5.28,-1.08,-1.4,2.96,8.37,,,12.68,203550,,,103.2065,,16.06,16.44,14.40308,-8.69374,0.64,-0.89,0.15,2026-09-08T00:00:00,2020-03-26T00:00:00,3/26/2020,1585180800,2026-08-14T00:00:00
295,RFMZ,-0.0739,6.9210899999999995,7.47328,0.0804,9.32,21,Morningstar US CEF Municipal,94,"RiverNorth Capital Management, LLC",True,12.91,-0.04,13.94,2026-09-08T00:00:00,76883Y107,RiverNorth Flexible Municipal Income II,2026-09-08,XRFZX,Fixed Income - Municipal-Municipal,41.21,314.381,,Monthly,0.07449,0.0804,20.0,5.1719,,,0.0,,577.393,True,False,True,False,True,True,,5.18,6.07,-0.71,-2.46,2.81,8.31,,,12.26,742320,,,102.4874,,15.2,15.07,13.05334,-9.25192,1.31,-0.16,0.75,2026-09-08T00:00:00,2021-02-24T00:00:00,2/24/2021,1614124800,2026-08-14T00:00:00
296,RMMZ,-0.0603,6.92936,7.37374,0.0891,8.97,21,Morningstar US CEF Municipal,94,"RiverNorth Capital Management, LLC",False,14.5001,-0.01,15.43,2026-09-08T00:00:00,76882M104,RiverNorth Manage Dur Muni Inc Fd II Inc,2026-09-08,XRMZX,Fixed Income - Municipal-Municipal,41.65,122.598,,Monthly,0.09213,0.0891,20.0,5.1983,,,4.48,,223.576,True,False,True,False,False,True,,4.79,6.27,,,2.73,7.64,,,9.61,215530,,,103.2456,,15.23,13.91,14.81504,-6.946,0.96,0.7000000000000001,0.96,2026-09-08T00:00:00,2022-02-10T00:00:00,2/10/2022,1644451200,2026-08-14T00:00:00
297,RMM,-0.0351,6.93315,7.18558,0.0847,9.15,21,Morningstar US CEF Municipal,94,"RiverNorth Capital Management, LLC",False,14.145,-0.03,14.66,2026-09-08T00:00:00,76882H105,RiverNorth Managed Duration Muni Inc Fd,2026-09-08,XRMMX,Fixed Income - Municipal-Municipal,41.41,279.217,,Monthly,0.06903000000000001,0.0847,20.0,5.1325,,,4.31,,493.893,True,False,True,False,False,True,,5.01,4.85,0.37,-0.9,2.7,10.25,,,14.37,638570,,,103.1319,,9.8,16.2,14.1985,-6.18073,1.4100000000000001,0.75,0.92,2026-09-08T00:00:00,2019-07-25T00:00:00,7/25/2019,1564012800,2026-08-14T00:00:00
298,RMI,-0.034300000000000004,6.90933,7.15498,0.08889999999999999,9.45,21,Morningstar US CEF Municipal,94,"RiverNorth Capital Management, LLC",False,14.9099,-0.06,15.44,2026-09-08T00:00:00,76883F108,RiverNorth Opp Muni Income Fund Inc,2026-09-08,XRMIX,Fixed Income - Municipal-Municipal,40.45,95.044,,Monthly,0.08216,0.08889999999999999,20.0,5.1582,,,4.43,,165.268,True,False,True,False,False,True,,4.93,5.85,-1.08,-0.53,3.04,11.17,,,17.37,221780,,,102.9981,,15.85,16.15,15.03464,-5.49744,0.73,-0.28,-0.06,2026-09-08T00:00:00,2018-10-25T00:00:00,10/25/2018,1540425600,2026-08-14T00:00:00
299,RIV,-0.0956,13.02743,14.40441,0.1306,10.73,26,Morningstar US CEF US Allocation,94,"RiverNorth Capital Management, LLC",True,10.88,0.01,12.03,2026-09-08T00:00:00,76881Y109,RiverNorth Opportunities Fund,2026-09-08,XRIVX,Hybrid-U.S. Allocation,25.83,297.799,,Monthly,-0.12127,0.1306,20.0,6.4636,,,1.9100000000000001,,443.946,True,False,False,False,True,True,,14.23,12.61,7.27,3.14,5.43,1.98,,,0.35000000000000003,991850,,,99.6122,,,,11.62234,-5.70959,-2.06,-1.69,-2.44,2026-09-08T00:00:00,2015-12-23T00:00:00,12/23/2015,1450828800,2026-08-14T00:00:00
300,OPP,-0.08800000000000001,13.34963,14.63807,0.091,6.71,14,Morningstar US CEF High Yield,94,"RiverNorth Capital Management, LLC",True,7.46,0.01,8.18,2026-09-08T00:00:00,76882G107,RiverNorth/DoubleLine Strategic Opp Fund,2026-09-08,XOPPX,Fixed Income - Taxable-High Yield,37.79,186.426,,Monthly,0.32888,0.091,20.0,4.9871,,,2.8,,328.611,True,False,False,False,True,True,,10.09,10.81,2.74,0.41000000000000003,2.22,3.2,,,-0.59,1031360,,,75.0069,,,,7.86348,-8.49118,-0.17,-0.52,-0.12,2026-09-08T00:00:00,2016-09-27T00:00:00,9/27/2016,1474934400,2026-08-14T00:00:00
301,RVI,0.18710000000000002,,,,,5,Morningstar US CEF Global Equity,95,"Robinhood Ventures DE, LLC",True,29.7,-4.25,25.02,2026-06-30T00:00:00,770701100,Robinhood Ventures Fund I,2026-09-08,XRVIX,Equity-Global Equity,,809.242,,Annually,,,25.0,,,,2.72,,681.725,False,True,True,False,True,False,,,,,,,,,,,0,,,,,,,,,,-0.16,,2026-09-08T00:00:00,2026-03-06T00:00:00,3/6/2026,1772755200,
302,BOT,1.2969,,,,,8,Morningstar US CEF Sector Equity,52,"FP Strategies, LLC",True,27.19,0.17,11.35,2026-08-31T00:00:00,77106T107,RoboStrategy Inc,2026-09-08,XBOTX,Equity-Sector Equity,,,,,,,,,,,0.0,,,False,True,True,False,True,False,,,,,,,,,,,0,,,,,,,,,,,,2026-09-08T00:00:00,2026-05-11T00:00:00,5/11/2026,1778457600,
303,RGT,-0.1375,1.07955,1.25165,0.19,21.45,5,Morningstar US CEF Global Equity,96,Royce Investment Partners,False,15.18,0.03,17.6,2026-09-08T00:00:00,78081T104,"Royce Global Trust, Inc.",2026-09-08,XRGTX,Equity-Global Equity,2.11,99.624,,Annually,0.26180000000000003,0.19,8.975,,,,1.35,,115.506,True,True,True,False,False,False,,19.33,21.56,6.01,4.54,16.73,16.86,,,22.08,204040,,,,,,,13.86283,-14.72307,0.86,0.93,1.26,2026-09-08T00:00:00,2013-10-18T00:00:00,10/18/2013,1382054400,2025-12-11T00:00:00
304,RMT,-0.1101,5.85614,6.58083,0.22999999999999998,43.52,10,Morningstar US CEF US Equity,96,Royce Investment Partners,True,13.98,0.05,15.71,2026-09-08T00:00:00,780915104,Royce Micro-Cap Trust,2026-09-08,XOTCX,Equity-U.S. Equity,3.4,757.598,,Quarterly,-0.0471,0.22999999999999998,10.0,,,,1.3900000000000001,,881.349,True,True,True,False,True,False,,23.07,25.43,10.61,12.24,35.64,38.55,,,47.84,1197340,,,,,,,12.14314,-11.41116,0.55,0.67,0.17,2026-09-08T00:00:00,1993-12-14T00:00:00,12/14/1993,755827200,2026-06-11T00:00:00
305,RVT,-0.1,6.3961,7.10678,0.3278,22.96,10,Morningstar US CEF US Equity,96,Royce Investment Partners,True,18.45,-0.02,20.5,2026-09-08T00:00:00,780910105,Royce Small-Cap Trust,2026-09-08,XRVTX,Equity-U.S. Equity,1.5899999999999999,2292.389,,Quarterly,0.08396,0.3278,10.0,,,,1.35,,2547.099,True,True,False,False,True,False,,17.08,19.67,7.75,8.62,19.44,19.48,,,25.96,2711010,,,,,,,17.33046,-9.74206,-0.14,1.63,0.0,2026-09-08T00:00:00,1986-11-26T00:00:00,11/26/1986,533347200,2026-06-11T00:00:00
306,BRW,-0.1189,9.40541,10.67485,0.057999999999999996,0.2,19,Morningstar US CEF Senior Loans,97,"Saba Capital Management, LP",False,6.52,0.0,7.4,2026-09-08T00:00:00,78518H202,Saba Capital Income & Opportunities Fund,2026-09-08,XPPRX,Fixed Income - Taxable-Senior Loans,12.12,338.616,,Monthly,0.07357,0.057999999999999996,10.0,,,,5.82,,437.319,True,False,False,False,False,False,,9.28,8.76,7.52,7.25,4.19,3.6,,,-7.6,2714520,,,,,6.5,,6.89653,-10.74845,-0.58,-1.1400000000000001,-0.6,2026-09-08T00:00:00,1988-05-12T00:00:00,5/12/1988,579398400,2026-09-09T00:00:00
307,SABA,-0.1457,7.24246,8.47747,0.057999999999999996,2.4,13,Morningstar US CEF Global Income,97,"Saba Capital Management, LP",False,8.21,0.0,9.61,2026-09-08T00:00:00,880198205,Saba Capital Income & Ops Fund II,2026-09-08,XSABX,Fixed Income - Taxable-Global Income,,221.582,,Monthly,0.07175000000000001,0.057999999999999996,10.0,7.8815,,7.8100000000000005,4.58,,259.367,False,False,False,False,False,False,,11.34,9.9,4.64,3.42,6.1,6.0,,,-1.5899999999999999,714190,,,,,,,8.44405,-12.42308,-1.38,-1.6600000000000001,-1.37,2026-09-08T00:00:00,1988-03-17T00:00:00,3/17/1988,574560000,2026-08-11T00:00:00
308,SPMC,0.034,25.50478,24.66598,0.13,-33.74,19,Morningstar US CEF Senior Loans,99,Sound Point Meridian Management Company LLC,True,9.73,-0.54,9.61,2026-07-31T00:00:00,83617A108,Sound Point Meridian Capital Inc,2026-09-08,,Fixed Income - Taxable-Senior Loans,46.36,205.17,,Monthly,1.06488,0.13,20.0,,,,10.95,,369.936,True,False,True,False,True,False,,,,,,-21.15,-14.84,,,-30.25,285050,,,,,,,12.38851,-0.6524800000000001,0.53,0.11,0.25,2026-09-08T00:00:00,2024-06-14T00:00:00,6/14/2024,1718323200,2026-08-14T00:00:00
309,SOR,-0.0917,4.93797,5.43628,0.20829999999999999,14.9,26,Morningstar US CEF US Allocation,48,"First Pacific Advisors, LP",True,45.98,-0.49,50.62,2026-09-08T00:00:00,836144303,Source Capital,2026-09-08,XSORX,Hybrid-U.S. Allocation,0.0,378.46,,Monthly,0.8443200000000001,0.20829999999999999,17.5,3.0678,,,0.9800000000000001,,416.652,True,False,False,False,True,False,,14.83,15.72,9.21,9.2,8.68,6.45,,,12.72,109530,,,,,,,46.34107,-5.19059,-1.6,-1.5,-1.21,2026-09-08T00:00:00,1968-10-24T00:00:00,10/24/1968,-37497600,2026-08-13T00:00:00
310,SPE,-0.138,8.33482,9.66938,0.10869999999999999,2.83,10,Morningstar US CEF US Equity,22,Bulldog Investors LLP,False,13.49,-0.08,15.65,2026-09-04T00:00:00,84741T104,Special Opportunities,2026-09-08,XSPEX,Equity-U.S. Equity,25.16,143.306,,Monthly,0.3212,0.10869999999999999,15.0,5.1616,,19.11,1.8599999999999999,,222.147,True,False,False,False,False,False,,14.61,17.57,8.64,8.64,1.78,-1.6,,,-0.56,345840,,,,,,,14.46747,-10.90787,-1.42,0.2,-0.79,2026-09-08T00:00:00,1993-06-08T00:00:00,6/8/1993,739497600,2026-08-18T00:00:00
311,FUND,-0.09609999999999999,5.11224,5.65569,0.1503,35.29,10,Morningstar US CEF US Equity,101,Sprott Asset Management USA Inc.,True,10.63,-0.12,11.76,2026-09-08T00:00:00,85208J109,Sprott Focus Trust,2026-09-08,XFUNX,Equity-U.S. Equity,0.0,317.792,,Quarterly,0.09339,0.1503,10.0,,,,1.13,,351.574,True,True,True,False,True,False,,17.85,17.45,12.6,12.69,26.65,25.84,,,37.95,264260,,,,,,,9.40765,-10.49213,1.23,0.3,0.76,2026-09-08T00:00:00,1988-03-01T00:00:00,3/1/1988,573177600,2026-06-12T00:00:00
312,CEF,-0.0313,,,,40.59,2,Morningstar US CEF Commodity,100,Sprott Asset Management LP,False,44.5,-0.77,45.94,2026-09-08T00:00:00,85208R101,Sprott Physical Gold and Silver Trust,2026-09-08,XCEFX,Equity-Commodities,,7589.044,,Data Not Available,0.0,,13.72,,,,0.46,,7834.622,False,False,True,False,False,False,,33.92,34.97,20.16,20.48,-1.6600000000000001,-0.52,,,41.36,10519400,,,,,,,44.74,-4.34572,0.86,0.81,1.24,2026-09-08T00:00:00,2018-01-16T00:00:00,1/16/2018,1516060800,
313,PHYS,-0.0225,,,,27.82,2,Morningstar US CEF Commodity,100,Sprott Asset Management LP,False,32.98,-0.62,33.74,2026-09-08T00:00:00,85207H104,Sprott Physical Gold Trust Unit,2026-09-08,,Equity-Commodities,,16018.179,,Data Not Available,0.0,,10.0,,,,0.4,,16387.306,False,False,True,False,False,False,,30.88,30.68,18.86,18.7,2.29,2.39,,,27.49,49290970,,,,,,,33.47425,-2.26187,0.02,0.5700000000000001,0.56,2026-09-08T00:00:00,2010-02-26T00:00:00,2/26/2010,1267142400,
314,SPPP,-0.028200000000000003,,,,25.17,2,Morningstar US CEF Commodity,100,Sprott Asset Management LP,False,14.81,-0.25,15.24,2026-09-08T00:00:00,85207Q104,Sprott Physical Platinum & Palladium Tr,2026-09-08,,Equity-Commodities,,556.491,,Data Not Available,0.0,,10.0,,,,1.01,,572.648,False,False,True,False,False,False,,10.61,9.4,-2.75,-3.14,-14.44,-12.77,,,21.1,9245420,,,,,,,15.25602,-4.79416,0.93,1.79,2.46,2026-09-08T00:00:00,2012-12-19T00:00:00,12/19/2012,1355875200,
315,PSLV,-0.0393,,,,65.65,2,Morningstar US CEF Commodity,100,Sprott Asset Management LP,False,21.54,-0.16,22.42,2026-09-08T00:00:00,85207K107,Sprott Physical Silver Trust Unit,2026-09-08,,Equity-Commodities,,13097.371,,Data Not Available,0.0,,10.0,,,,0.56,,13632.454,False,False,True,False,False,False,,38.27,37.81,21.55,21.1,-7.65,-7.48,,,62.31,164623630,,,,,,,21.95962,-4.5981000000000005,0.43,1.02,1.32,2026-09-08T00:00:00,2010-10-29T00:00:00,10/29/2010,1288310400,
316,STEW,-0.2286,3.38696,4.39078,0.19999999999999998,6.51,10,Morningstar US CEF US Equity,85,Paralel Advisors LLC,True,18.22,-0.23,23.62,2026-09-08T00:00:00,101507101,SRH Total Return Fund,2026-09-08,XSTEX,Equity-U.S. Equity,8.95,1757.164,,Quarterly,0.03245,0.19999999999999998,10.0,5.4498,,,1.42,,2501.783,True,True,False,False,True,False,,15.94,15.43,11.02,9.97,5.46,2.96,,,4.08,808590,,,,,0.4,,17.95076,-21.5521,-1.35,-0.19,-0.78,2026-09-08T00:00:00,1972-12-07T00:00:00,12/7/1972,92534400,2026-07-24T00:00:00
317,TWN,-0.17,4.9840800000000005,6.00504,6.2002,128.82,1,Morningstar US CEF Asia Equity,80,Nomura Asset Management USA Inc,False,103.25,-0.22,124.4,2026-09-08T00:00:00,874036106,Taiwan Fund,2026-09-08,XXTWNXX,Equity-Asia Equity,,592.866,,Annually,0.0,6.2002,22.42,,,,1.32,,714.31,False,True,False,False,False,False,,58.42,64.19,31.53,32.9,95.92,91.2,,,126.91,310530,,,,,,,72.46177,-15.86053,-0.51,0.08,-0.14,2026-09-08T00:00:00,1986-12-23T00:00:00,12/23/1986,535680000,2025-12-29T00:00:00
318,TSI,-0.0987,7.01653,7.78488,0.0283,0.38,17,Morningstar US CEF Multi-Sector,102,TCW Investment Management Co LLC,False,4.3623,-0.01,4.84,2026-09-08T00:00:00,872340104,TCW Strategic Income,2026-09-08,XXCVTXX,Fixed Income - Taxable-Multi-Sector,0.0,208.454,,Monthly,0.16068,0.0283,10.0,4.6909,,,1.17,,231.282,True,False,False,False,False,False,,6.15,5.86,3.01,2.09,-1.25,-7.24,,,-3.93,1235320,,,97.6881,,,,4.68724,-6.9135,-1.69,-1.49,-1.49,2026-09-08T00:00:00,1987-03-05T00:00:00,3/5/1987,541900800,2026-08-17T00:00:00
319,TDF,-0.1426,4.86224,5.67108,0.15,0.75,1,Morningstar US CEF Asia Equity,103,Templeton Asset Management Ltd.,False,10.58,-0.1,12.34,2026-09-08T00:00:00,88018T101,Templeton Dragon,2026-09-08,XTDFX,Equity-Asia Equity,0.67,265.301,,Quarterly,0.07077,0.15,15.0,,,,1.21,,311.518,True,False,False,False,False,False,,7.88,8.7,-5.98,-7.15,-2.22,-1.53,,,0.85,743570,,,,,,,11.20602,-14.14463,-0.13,-0.05,0.14,2026-09-08T00:00:00,1994-09-20T00:00:00,9/20/1994,780019200,2026-06-23T00:00:00
320,TEI,-0.053,9.03766,9.54345,0.054,25.07,12,Morningstar US CEF Emerging Market Income,53,"Franklin Advisers, Inc.",False,6.79,0.05,7.17,2026-09-08T00:00:00,880192109,Templeton Emerg Mkts Income,2026-09-08,XTEIX,Fixed Income - Taxable-Emerging Market Income,16.1,320.681,,Monthly,0.37173,0.054,15.0,8.0859,,,2.37,,403.628,True,True,True,False,False,False,,20.17,23.76,7.43,8.8,10.97,11.32,,,25.82,1861340,,,,,5.59,,6.50146,-5.81604,0.32,0.15,0.7000000000000001,2026-09-08T00:00:00,1993-09-23T00:00:00,9/23/1993,748742400,2026-08-24T00:00:00
321,EMF,-0.1109,3.708,4.17029,0.24,64.97,4,Morningstar US CEF Emerging Market Equity,55,Franklin Templeton Investments,False,23.02,0.02,25.89,2026-09-08T00:00:00,880191101,Templeton Emerging Markets,2026-09-08,XEMFX,Equity-Emerging Market Equity,2.52,344.101,,Quarterly,0.05477,0.24,20.0,,,,1.34,,397.001,True,True,False,False,False,False,,32.89,35.99,13.05,14.2,36.26,34.87,,,68.6,413470,,,,,,,19.56957,-10.11922,-0.65,-0.75,-0.5,2026-09-08T00:00:00,1987-02-26T00:00:00,2/26/1987,541296000,2026-06-23T00:00:00
322,CEE,-0.12210000000000001,1.6699700000000002,1.9022100000000002,0.3871,48.74,4,Morningstar US CEF Emerging Market Equity,40,DWS,False,20.35,0.03,23.18,2026-09-08T00:00:00,153436100,The Central and Eastern Europe Fund,2026-09-08,XCEEX,Equity-Emerging Market Equity,4.71,132.686,,Annually,0.05509,0.3871,19.0,,,,1.26,,158.602,True,True,False,False,False,False,,42.68,34.77,-4.18,-3.46,32.54,12.37,,,24.42,271710,,,,,,,18.70124,-1.9813,-3.0,-1.57,-2.32,2026-09-08T00:00:00,1990-03-06T00:00:00,3/6/1990,636681600,2025-12-30T00:00:00
323,TBLD,-0.0735,5.29678,5.71708,0.10417,19.27,25,Morningstar US CEF Global Allocation,105,Thornburg Investment Management Inc,False,21.865,-0.21,23.6,2026-09-08T00:00:00,885213108,Thornburg Income Builder Opp Trust,2026-09-08,XTBLX,Hybrid-Global Allocation,0.07,701.47,,Monthly,0.26058,0.10417,20.0,5.5363,,,1.62,,757.65,True,True,False,False,False,True,,17.64,21.58,10.09,9.54,13.25,14.75,,,18.25,596170,,,87.9215,,,,21.20609,-5.68186,-1.3599999999999999,-1.79,-1.6,2026-09-08T00:00:00,2021-07-27T00:00:00,7/27/2021,1627344000,2026-08-13T00:00:00
324,TYG,-0.0706,12.34835,13.28671,0.475,10.18,6,Morningstar US CEF MLP,106,"Tortoise Capital Advisors, LLC",False,42.9,0.44,46.16,2026-09-08T00:00:00,89147L886,Tortoise Energy Infrastructure Corp.,2026-09-08,XTYGX,Equity-MLP,26.9,906.46,,Monthly,-0.21128,0.475,25.0,,,,3.13,,1334.344,True,False,False,False,False,False,,18.49,25.37,15.27,21.36,10.93,15.91,,,15.69,1289680,,,,,0.25,,44.59739,-4.87789,-0.66,-0.37,-0.79,2026-09-08T00:00:00,2004-02-27T00:00:00,2/27/2004,1077840000,2026-08-24T00:00:00
325,SWZ,-0.1935,7.89229,9.78591,3.0,4.96,9,Morningstar US CEF Single Country Equity,22,Bulldog Investors LLP,False,5.96,-0.03,7.39,2026-09-08T00:00:00,870875101,Total Return Securities Fund,2026-09-08,XSWZX,Equity-Single-Country Equity,0.0,77.324,,Quarterly,0.02228,3.0,8.0,5.0717,,19.19,2.21,,95.877,True,False,False,False,False,False,,3.16,2.99,1.0,0.54,7.08,-3.7,,,-0.8300000000000001,662230,,,,,,7.94,6.02242,-16.39682,-1.0,0.8,-0.55,2026-09-08T00:00:00,1987-08-27T00:00:00,8/27/1987,557020800,2025-03-18T00:00:00
326,TY,-0.1084,3.00177,3.36687,0.29619999999999996,16.8,26,Morningstar US CEF US Allocation,31,"Columbia Mgmt Investment Advisers, LLC",False,35.19,-0.4,39.47,2026-09-08T00:00:00,895436103,Tri-Continental,2026-09-08,XTYCX,Hybrid-U.S. Allocation,1.75,1883.213,,Quarterly,0.57554,0.29619999999999996,10.0,6.0621,,,0.46,,2149.897,True,True,False,False,False,False,,16.73,19.29,9.39,10.9,11.65,12.47,,,18.27,351930,,,,,4.48,,33.95452,-10.24104,-0.76,-1.92,-0.71,2026-09-08T00:00:00,1929-01-14T00:00:00,1/14/1929,-1292716800,2026-06-16T00:00:00
327,DHY,-0.11460000000000001,9.6875,10.94118,0.0155,-3.11,14,Morningstar US CEF High Yield,107,UBS Asset Management (Americas) LLC,False,1.7000000000000002,0.01,1.92,2026-09-08T00:00:00,22544F103,UBS Asset Management High Yield Credit,2026-09-08,XDHYX,Fixed Income - Taxable-High Yield,30.67,176.136,,Monthly,0.08308,0.0155,10.0,6.998,,,3.62,,286.925,True,False,False,False,False,False,,5.59,6.12,2.8,1.52,-3.66,-9.06,,,-10.32,6365080,,,98.7615,,5.73,,1.90345,-6.86331,-1.45,-1.6,-0.9500000000000001,2026-09-08T00:00:00,1998-07-31T00:00:00,7/31/1998,901843200,2026-08-17T00:00:00
328,CIK,-0.1066,8.82353,9.87654,0.02,1.7000000000000002,14,Morningstar US CEF High Yield,107,UBS Asset Management (Americas) LLC,False,2.43,0.0,2.7199999999999998,2026-09-08T00:00:00,224916106,UBS Asset Management Income,2026-09-08,XCIKX,Fixed Income - Taxable-High Yield,33.32,133.309,,Monthly,0.11479,0.02,10.0,6.9712,,,3.7,,223.775,True,False,False,False,False,False,,7.53,5.67,4.22,2.0,1.69,-8.47,,,-9.38,4665620,,,98.7034,,5.73,,2.6717,-4.20716,-1.5,-1.27,-1.3,2026-09-08T00:00:00,1987-03-23T00:00:00,3/23/1987,543456000,2026-08-17T00:00:00
329,AIO,-0.0799,7.67318,8.33977,0.18,30.39,8,Morningstar US CEF Sector Equity,108,"Virtus Investment Advisers, LLC",False,25.9,-0.06,28.15,2026-09-08T00:00:00,92838Y100,Virtus AI & Tech Opp Fund,2026-09-08,XAIOX,Equity-Sector Equity,11.82,891.971,,Monthly,0.025490000000000002,0.18,20.0,4.6834,,,2.32,,1099.459,True,True,True,False,False,False,,23.61,25.07,10.35,11.76,21.09,27.18,,,22.02,837490,,,,,,,24.27429,-8.45243,0.18,0.44,1.07,2026-09-08T00:00:00,2019-10-31T00:00:00,10/31/2019,1572480000,2026-08-13T00:00:00
330,NCV,-0.0809,9.10206,9.90291,0.13599999999999998,20.31,11,Morningstar US CEF Convertibles,108,"Virtus Investment Advisers, LLC",False,16.48,-0.08,17.93,2026-09-08T00:00:00,92838X805,Virtus Convertible & Income Fund,2026-09-08,XNCVX,Fixed Income - Taxable-Convertibles,34.09,372.339,0.012,Monthly,0.12557000000000001,0.13599999999999998,15.0,4.2431,,,2.8200000000000003,,614.659,True,True,True,False,False,False,,16.62,20.34,3.24,3.74,11.18,17.77,,,24.92,863700,,,112.1538,,6.02,,16.101,-9.89251,1.33,0.67,1.18,2026-09-08T00:00:00,2003-03-31T00:00:00,3/31/2003,1049068800,2026-08-13T00:00:00
331,NCZ,-0.053399999999999996,8.83978,9.33852,0.12,21.33,11,Morningstar US CEF Convertibles,108,"Virtus Investment Advisers, LLC",False,15.42,0.0,16.29,2026-09-08T00:00:00,92838U801,Virtus Convertible & Income Fund II,2026-09-08,XNCZX,Fixed Income - Taxable-Convertibles,34.81,293.426,0.0,Monthly,0.10316,0.12,15.0,4.1644,,,2.22,,475.503,True,True,True,False,False,False,,17.24,21.23,3.35,4.86,11.83,19.16,,,25.52,648570,,,111.4938,,6.05,,14.63739,-9.48447,2.46,1.32,2.01,2026-09-08T00:00:00,2003-07-31T00:00:00,7/31/2003,1059609600,2026-08-13T00:00:00
332,ACV,-0.0171,8.01187,8.15094,0.18,22.22,26,Morningstar US CEF US Allocation,108,"Virtus Investment Advisers, LLC",False,26.5,0.22,26.96,2026-09-08T00:00:00,92840N100,Virtus Diversified Inc & Conv Fund,2026-09-08,XACVX,Hybrid-U.S. Allocation,27.25,275.495,,Monthly,-0.00934,0.18,25.0,3.5932,,,3.63,,385.277,True,True,False,False,False,True,,19.57,22.09,7.14,7.35,12.49,5.19,,,25.35,294440,,,,,74.56,,26.36464,-0.39064000000000004,-0.37,0.18,0.17,2026-09-08T00:00:00,2015-05-26T00:00:00,5/26/2015,1432598400,2026-08-13T00:00:00
333,NIE,-0.0989,8.02213,8.90253,0.58,16.7,26,Morningstar US CEF US Allocation,108,"Virtus Investment Advisers, LLC",False,26.06,0.02,28.92,2026-09-08T00:00:00,92841M101,Virtus Equity & Convertible Inc Fund,2026-09-08,XNIEX,Hybrid-U.S. Allocation,,722.096,0.0,Quarterly,0.03966,0.58,25.0,2.0791,,,1.07,,801.343,False,True,True,False,False,False,,16.38,17.16,7.72,9.1,9.46,8.61,,,15.79,595520,,,,,,,25.56165,-10.41331,0.53,1.03,1.46,2026-09-08T00:00:00,2007-02-27T00:00:00,2/27/2007,1172534400,2026-06-15T00:00:00
334,VGI,-0.063,12.33933,13.16872,0.08,6.38,17,Morningstar US CEF Multi-Sector,108,"Virtus Investment Advisers, LLC",True,7.29,-0.03,7.78,2026-09-08T00:00:00,92829B101,Virtus Global Multi-Sector Income Fund,2026-09-08,XVGIX,Fixed Income - Taxable-Multi-Sector,30.81,82.472,,Monthly,0.22072,0.08,20.0,6.035,,7.5,3.98,,127.216,True,False,False,False,True,False,,8.67,11.68,1.6400000000000001,2.09,2.22,1.99,,,4.08,368150,,,97.9305,,,,7.63876,-5.84738,-0.38,0.64,0.67,2026-09-08T00:00:00,2012-02-23T00:00:00,2/23/2012,1329955200,2026-08-13T00:00:00
335,EDF,0.0795,14.31412,13.25967,0.06,18.87,12,Morningstar US CEF Emerging Market Income,109,Virtus Investment Advisors (VIA),False,5.43,0.12,5.03,2026-09-08T00:00:00,86164T107,Virtus Stone Harbor Emerging Markets Inc,2026-09-08,XEDFX,Fixed Income - Taxable-Emerging Market Income,21.07,174.706,,Monthly,0.22456,0.06,25.0,6.8639,,,3.13,,205.046,True,True,True,False,False,False,,23.15,20.66,8.05,5.62,10.65,15.89,,,16.83,1553070,,,,,,3.92,5.11599,2.75812,1.46,0.47000000000000003,0.99,2026-09-08T00:00:00,2010-12-23T00:00:00,12/23/2010,1293062400,2026-08-13T00:00:00
336,ZTR,-0.0949,8.94309,9.88024,0.055,14.5,25,Morningstar US CEF Global Allocation,108,"Virtus Investment Advisers, LLC",False,6.68,-0.09,7.38,2026-09-08T00:00:00,92835W107,Virtus Total Return Fund Inc,2026-09-08,XZTRX,Hybrid-Global Allocation,30.1,333.957,,Monthly,0.10525,0.055,15.0,5.8547,,6.15,3.67,,527.853,True,True,True,False,False,False,,15.83,17.81,6.01,4.86,10.69,14.28,,,16.42,1915650,,,98.4225,,,,6.62548,-10.75148,1.01,0.88,1.46,2026-09-08T00:00:00,2005-02-24T00:00:00,2/24/2005,1109203200,2026-08-13T00:00:00
337,IAE,-0.0346,8.44156,8.74439,0.065,31.64,1,Morningstar US CEF Asia Equity,110,"Voya Investments, LLC",False,8.92,-0.02,9.24,2026-09-08T00:00:00,92912J102,Voya Asia Pacific High Div Eq Inc Fd,2026-09-08,XIAEX,Equity-Asia Equity,,95.893,,Monthly,0.02682,0.065,25.0,,,,1.21,,99.333,False,True,True,False,False,False,,21.74,28.56,10.03,12.7,21.4,29.33,,,35.65,487490,,,,,,,7.98049,-5.67613,0.9,-0.84,0.56,2026-09-08T00:00:00,2007-03-27T00:00:00,3/27/2007,1174953600,2026-09-01T00:00:00
338,IHD,-0.037599999999999995,8.27068,8.59375,0.055,34.2,4,Morningstar US CEF Emerging Market Equity,110,"Voya Investments, LLC",False,7.68,-0.05,7.98,2026-09-08T00:00:00,92912P108,Voya Emerging Markets High Div Eq Fd,2026-09-08,XIHDX,Equity-Emerging Market Equity,,136.211,,Monthly,0.02083,0.055,20.0,,,,1.4100000000000001,,141.532,False,True,True,False,False,False,,21.97,28.6,9.76,12.08,22.16,29.57,,,42.23,795810,,,,,,,6.88351,-5.43755,0.73,-1.05,0.05,2026-09-08T00:00:00,2011-04-26T00:00:00,4/26/2011,1303776000,2026-09-01T00:00:00
339,IGA,-0.044500000000000005,9.2559,9.68661,0.08499999999999999,17.48,3,Morningstar US CEF Covered Call,110,"Voya Investments, LLC",False,10.53,-0.01,11.02,2026-09-08T00:00:00,92912R104,Voya Global Advantage and Premium Opp Fd,2026-09-08,XIGAX,Equity-Covered-Call Funds,,161.545,,Monthly,0.07357,0.08499999999999999,20.0,,,,1.01,,169.062,False,True,True,False,False,False,,14.86,19.84,9.79,11.39,14.17,16.69,,,18.44,596700,,,,,,,9.84499,-6.43032,1.5899999999999999,2.32,3.08,2026-09-08T00:00:00,2005-10-26T00:00:00,10/26/2005,1130284800,2026-09-01T00:00:00
340,IGD,-0.0184,9.18836,9.36037,0.049999999999999996,16.86,3,Morningstar US CEF Covered Call,110,"Voya Investments, LLC",False,6.41,-0.04,6.53,2026-09-08T00:00:00,92912T100,Voya Global Equity Dividend&Prm Opp Fd,2026-09-08,XIGDX,Equity-Covered-Call Funds,,505.547,,Monthly,0.04503,0.049999999999999996,20.0,,,,0.9600000000000001,,515.011,False,True,True,False,False,False,,14.6,21.05,9.02,11.34,13.84,22.44,,,22.03,2550190,,,,,,,6.0022,-3.70593,0.76,-1.24,0.12,2026-09-08T00:00:00,2005-03-28T00:00:00,3/28/2005,1111968000,2026-09-01T00:00:00
341,IDE,-0.0482,8.76552,9.20952,0.09999999999999999,20.8,5,Morningstar US CEF Global Equity,110,"Voya Investments, LLC",True,13.03,-0.01,13.69,2026-09-08T00:00:00,92912X101,Voya Infrastructure Industrials&Matls Fd,2026-09-08,XIDEX,Equity-Global Equity,,197.487,,Monthly,0.02906,0.09999999999999999,20.0,,,,1.23,,207.49,False,True,False,False,True,False,,16.79,21.59,10.03,10.62,12.95,12.43,,,15.1,445360,,,,,,,12.95179,-3.37335,-0.63,-0.97,-0.9500000000000001,2026-09-08T00:00:00,2010-01-26T00:00:00,1/26/2010,1264464000,2026-09-01T00:00:00
342,WDI,-0.099,12.78336,14.1879,0.1485,4.95,17,Morningstar US CEF Multi-Sector,54,"Franklin Templeton Fund Adviser, LLC",True,12.56,-0.08,13.94,2026-09-08T00:00:00,95790K109,Western Asset Diversified Inc Fund,2026-09-08,XWDIX,Fixed Income - Taxable-Multi-Sector,38.32,652.016,,Monthly,0.82675,0.1485,20.0,8.2668,,,4.25,,1173.233,True,False,False,False,True,True,,9.23,11.14,3.52,2.67,2.85,0.68,,,-2.7199999999999998,2026810,,,96.2566,,,,13.84157,-4.7139,-2.6,-2.33,-2.66,2026-09-08T00:00:00,2021-06-24T00:00:00,6/24/2021,1624492800,2026-08-24T00:00:00
343,EMD,-0.043,10.43956,10.90909,0.095,10.88,12,Morningstar US CEF Emerging Market Income,54,"Franklin Templeton Fund Adviser, LLC",True,10.45,0.05,10.92,2026-09-08T00:00:00,95766A101,Western Asset Emerging Markets Debt,2026-09-08,XEMDX,Fixed Income - Taxable-Emerging Market Income,27.0,607.463,,Monthly,0.38634,0.095,20.0,6.0739,,,3.13,,869.584,True,False,True,False,True,False,,13.56,18.35,3.5300000000000002,5.26,3.93,7.33,,,14.83,1947650,,,,,7.15,5.22,10.5905,-5.02302,0.44,-0.04,0.44,2026-09-08T00:00:00,2003-12-01T00:00:00,12/1/2003,1070236800,2026-08-24T00:00:00
344,GDO,-0.091,13.18919,14.50942,0.122,2.9699999999999998,13,Morningstar US CEF Global Income,54,"Franklin Templeton Fund Adviser, LLC",False,10.09,-0.01,11.1,2026-09-08T00:00:00,95790C107,Western Asset Global Corp Opp,2026-09-08,XGDOX,Fixed Income - Taxable-Global Income,33.58,75.871,,Monthly,0.40556000000000003,0.122,20.0,5.9578,,,4.47,,125.656,True,False,False,False,False,False,,7.1,6.05,0.01,-0.99,0.65,-5.95,,,-3.46,312570,,,,,,,11.179030000000001,-5.24185,-1.9300000000000002,-1.4,-1.85,2026-09-08T00:00:00,2009-11-27T00:00:00,11/27/2009,1259280000,2026-08-24T00:00:00
345,EHI,-0.10529999999999999,13.20755,14.76274,0.06999999999999999,6.01,14,Morningstar US CEF High Yield,55,Franklin Templeton Investments,False,5.69,-0.01,6.36,2026-09-08T00:00:00,95766B109,Western Asset Global High Income,2026-09-08,XEHIX,Fixed Income - Taxable-High Yield,31.99,172.406,,Monthly,0.29517,0.06999999999999999,15.0,7.3478,,,3.49,,283.364,True,False,False,False,False,False,,8.68,5.42,1.2,0.1,3.4,-2.46,,,-1.35,1087400,,,97.2695,,,,6.19236,-6.79336,-1.8599999999999999,-1.8399999999999999,-1.74,2026-09-08T00:00:00,2003-07-28T00:00:00,7/28/2003,1059350400,2026-08-24T00:00:00
346,HIX,-0.042199999999999994,14.59057,15.23316,0.048999999999999995,5.46,14,Morningstar US CEF High Yield,55,Franklin Templeton Investments,False,3.8600000000000003,-0.02,4.03,2026-09-08T00:00:00,95766J102,Western Asset High Income II,2026-09-08,XHGIX,Fixed Income - Taxable-High Yield,32.23,347.669,,Monthly,0.19291,0.048999999999999995,15.0,7.3734,,,3.76,,535.639,True,False,False,False,False,False,,9.28,7.44,1.7000000000000002,0.33,2.95,4.44,,,5.36,3407020,,,97.4179,,,,4.0869,-3.63213,-0.4,-0.55,0.24,2026-09-08T00:00:00,1998-05-28T00:00:00,5/28/1998,896313600,2026-08-24T00:00:00
347,HIO,-0.1016,11.09375,12.34783,0.0355,5.03,14,Morningstar US CEF High Yield,54,"Franklin Templeton Fund Adviser, LLC",False,3.45,-0.01,3.84,2026-09-08T00:00:00,95766K109,Western Asset High Income Opportunity,2026-09-08,XHIOX,Fixed Income - Taxable-High Yield,,328.092,,Monthly,0.15621000000000002,0.0355,12.5,7.5884,,,0.93,,365.181,False,False,False,False,False,False,,7.49,8.27,2.24,2.0,2.94,1.71,,,-1.6,4125440,,,97.8285,,,,3.7029300000000003,-6.80744,-2.34,-2.11,-2.6,2026-09-08T00:00:00,1993-11-16T00:00:00,11/16/1993,753408000,2026-08-24T00:00:00
348,HYI,-0.0947,10.04405,11.09489,0.095,3.79,14,Morningstar US CEF High Yield,54,"Franklin Templeton Fund Adviser, LLC",False,10.275,-0.04,11.35,2026-09-08T00:00:00,95768B107,Western Asset High Yield Opp Fund,2026-09-08,XHYIX,Fixed Income - Taxable-High Yield,,131.664,,Monthly,0.50391,0.095,20.0,7.6643,,,1.07,,145.439,False,False,False,False,False,True,,6.72,6.47,2.36,1.2,2.5,-0.16,,,-3.67,607390,,,97.5157,,,,10.95948,-6.83445,-1.37,-2.5700000000000003,-2.08,2026-09-08T00:00:00,2010-10-27T00:00:00,10/27/2010,1288137600,2026-08-24T00:00:00
349,PAI,-0.08259999999999999,4.90654,5.34805,0.0525,2.19,15,Morningstar US CEF Investment Grade,55,Franklin Templeton Investments,False,11.78,-0.08,12.84,2026-09-08T00:00:00,95766T100,Western Asset Income,2026-09-08,XPAIX,Fixed Income - Taxable-Investment Grade,8.93,112.039,,Monthly,0.32901,0.0525,12.0,6.095,,,0.77,,122.121,True,False,False,False,False,False,,5.72,5.9,0.09,-1.0,-0.1,-1.88,,,-0.52,179780,,,99.0566,,,,12.33746,-6.51512,-1.44,-2.08,-2.13,2026-09-08T00:00:00,1972-12-21T00:00:00,12/21/1972,93744000,2026-08-24T00:00:00
350,WIW,-0.1118,8.06452,9.0799,0.0625,2.51,15,Morningstar US CEF Investment Grade,112,"Western Asset Management Company, LLC",True,8.26,-0.02,9.3,2026-09-08T00:00:00,95766R104,Western Asset Infl-Linked Opps & Inc Fd,2026-09-08,XWIWX,Fixed Income - Taxable-Investment Grade,25.75,505.381,,Monthly,0.23593,0.0625,15.0,2.5526,,,2.59,,766.306,True,False,False,False,True,False,,4.72,7.4,-0.59,0.37,1.58,2.5,,,1.33,2361380,,,93.4475,,,4.02,8.59161,-10.47959,-1.01,-0.88,-0.9500000000000001,2026-09-08T00:00:00,2004-02-27T00:00:00,2/27/2004,1077840000,2026-08-24T00:00:00
351,WIA,-0.1042,7.06682,7.88875,0.052,2.14,15,Morningstar US CEF Investment Grade,112,"Western Asset Management Company, LLC",True,7.91,0.0,8.83,2026-09-08T00:00:00,95766Q106,Western Asset Inflation-Linked Income Fd,2026-09-08,XWIAX,Fixed Income - Taxable-Investment Grade,26.12,184.479,,Monthly,0.21076,0.052,15.0,2.4424,,,2.91,,278.745,True,False,False,False,True,False,,4.6,6.6,-1.09,-1.04,1.29,0.56,,,1.26,403950,,,93.5321,,,4.02,8.19768,-9.73849,-1.16,-1.23,-0.75,2026-09-08T00:00:00,2003-09-30T00:00:00,9/30/2003,1064880000,2026-08-24T00:00:00
352,SBI,-0.0725,6.19165,6.6754999999999995,0.041999999999999996,4.47,21,Morningstar US CEF Municipal,54,"Franklin Templeton Fund Adviser, LLC",False,7.55,-0.03,8.14,2026-09-08T00:00:00,958435109,Western Asset Intermediate Muni,2026-09-08,XSBIX,Fixed Income - Municipal-Municipal,30.32,106.321,,Monthly,0.13919,0.041999999999999996,10.0,4.7529,,,2.6,,164.512,True,False,True,False,False,False,,3.19,7.01,-0.51,0.15,0.16,3.48,,,6.28,424700,11.06,,101.4543,,8.3,5.8100000000000005,7.78907,-8.24615,1.23,0.68,0.97,2026-09-08T00:00:00,1992-03-02T00:00:00,3/2/1992,699494400,2026-08-24T00:00:00
353,IGI,-0.0718,5.01176,5.39924,0.071,2.35,15,Morningstar US CEF Investment Grade,54,"Franklin Templeton Fund Adviser, LLC",False,15.78,0.0,17.0,2026-09-08T00:00:00,95790A101,Western Asset Invstm Grd Opp Tr Inc,2026-09-08,XIGIX,Fixed Income - Taxable-Investment Grade,,94.58,,Monthly,0.43967,0.071,20.0,6.1913,,,0.93,,101.892,False,False,False,False,False,False,,5.02,5.02,-0.38,-1.1,0.04,0.92,,,2.04,160270,,,99.2391,,,,16.29019,-6.81947,-0.51,-0.04,0.04,2026-09-08T00:00:00,2009-06-26T00:00:00,6/26/2009,1245974400,2026-08-24T00:00:00
354,MMU,-0.0637,6.21673,6.63959,0.0545,6.04,21,Morningstar US CEF Municipal,55,Franklin Templeton Investments,False,9.85,-0.03,10.52,2026-09-08T00:00:00,95766M105,Western Asset Managed Municipals,2026-09-08,XMMUX,Fixed Income - Municipal-Municipal,34.03,537.996,,Monthly,0.14102,0.0545,15.0,4.8353,,,2.7,,871.025,True,False,False,False,False,False,,3.48,8.16,-0.97,-0.48,0.02,0.9400000000000001,,,8.81,1278290,10.27,,100.2234,,11.29,7.5,10.34123,-5.98261,-0.43,-0.92,-0.42,2026-09-08T00:00:00,1992-06-26T00:00:00,6/26/1992,709516800,2026-08-24T00:00:00
355,DMO,-0.0897,13.04348,14.32836,0.12,5.5600000000000005,14,Morningstar US CEF High Yield,54,"Franklin Templeton Fund Adviser, LLC",False,10.05,-0.03,11.04,2026-09-08T00:00:00,95790B109,Western Asset Mortgage Opp Fund Inc.,2026-09-08,XDMOX,Fixed Income - Taxable-High Yield,46.46,114.843,,Monthly,0.46738,0.12,20.0,7.4224,,,7.87,,235.626,True,False,False,False,False,False,,10.19,11.34,4.49,2.94,3.44,0.97,,,-1.96,487470,,,91.3564,,,,11.11062,-4.0418,-1.73,-2.47,-2.03,2026-09-08T00:00:00,2010-02-26T00:00:00,2/26/2010,1267142400,2026-08-24T00:00:00
356,MHF,0.0015,6.09865,6.08955,0.033999999999999996,5.14,21,Morningstar US CEF Municipal,54,"Franklin Templeton Fund Adviser, LLC",False,6.7,-0.05,6.6899999999999995,2026-09-08T00:00:00,95766N103,Western Asset Municipal High Income,2026-09-08,XMHFX,Fixed Income - Municipal-Municipal,1.8,148.9,,Monthly,0.11955,0.033999999999999996,10.0,4.7957,,,0.8400000000000001,,151.407,True,False,False,False,False,False,,3.62,8.6,0.71,1.13,0.74,2.85,,,3.8200000000000003,600990,14.87,,100.1728,,7.43,7.3,6.96086,0.54928,-0.22,-0.89,-0.28,2026-09-08T00:00:00,1988-11-28T00:00:00,11/28/1988,596678400,2026-08-24T00:00:00
357,WEA,-0.061399999999999996,7.58123,8.07692,0.06999999999999999,4.54,15,Morningstar US CEF Investment Grade,111,Western Asset Management Company Pte Ltd. â Singapore,False,10.4,0.02,11.08,2026-09-08T00:00:00,957664105,Western Asset Premier Bond,2026-09-08,XWEAX,Fixed Income - Taxable-Investment Grade,32.6,123.402,,Monthly,0.40488,0.06999999999999999,15.0,6.2566,,,3.55,,195.071,True,False,False,False,False,False,,7.63,7.09,1.4,0.92,1.5,0.15,,,2.7,285360,,,96.9254,,,,10.83991,-4.98752,-0.77,0.04,0.17,2026-09-08T00:00:00,2002-03-28T00:00:00,3/28/2002,1017273600,2026-08-24T00:00:00
358,MCN,-0.0949,11.48325,12.68722,0.06,7.46,3,Morningstar US CEF Covered Call,113,XA Investments LLC,False,5.675,-0.04,6.27,2026-09-08T00:00:00,557437100,XAI Madison Equity Premium Income Fund,2026-09-08,XMCNX,Equity-Covered-Call Funds,0.01,119.837,,Monthly,0.041210000000000004,0.06,15.0,,,,1.1,,132.402,True,False,False,False,False,False,,7.01,3.5,6.88,3.75,5.14,3.85,,,2.6,635980,,,,,,,5.8947,-7.92455,-0.93,0.08,-0.59,2026-09-08T00:00:00,2004-07-28T00:00:00,7/28/2004,1090972800,2026-08-17T00:00:00
359,XFLT,-0.1568,11.75958,13.94628,0.22499999999999998,-12.31,19,Morningstar US CEF Senior Loans,113,XA Investments LLC,False,19.36,-0.09,22.96,2026-09-08T00:00:00,98400T304,XAI Octagon FR & Alternative Inc Trust,2026-09-08,XFLTX,Fixed Income - Taxable-Senior Loans,40.46,294.87,,Monthly,1.13446,0.22499999999999998,10.0,4.617,,,7.5600000000000005,,587.317,True,False,True,False,False,False,,1.46,-4.55,2.2800000000000002,-2.67,-7.02,-12.47,,,-20.03,1062080,,,,,,,20.670090000000002,-17.71323,0.37,1.13,1.47,2026-09-08T00:00:00,2017-09-27T00:00:00,9/27/2017,1506470400,2026-08-17T00:00:00
