,Ticker,Premium / Discount,DistributionRateNAV,DistributionRatePrice,DistributionAmtUSD,ReturnOnNAV,CategoryId,Category,SponsorId,SponsorName,IsManagedDistribution,Share Price,PriceChange,NAV,NAVPublished,Cusip,Fund Name,Date,NavTicker,Strategy,LeverageRatioPercentage,MarketCapUSDm,UNIIPerShare,DistributionFrequency,EarningsPerShare,CurrentDistribution,InceptionPrice,AverageCoupon,AMTPercentage,AverageWeightedMaturity,ExpenseRatio,BaselineExpense,TotalAssetsUSDm,IsLeveraged,IsPriceBelow52WkAvg,IsDiscountBelow52WkAvg,IsAMTPct,IsManaged,Term,AvgWtdDurationLevAdj,Yr3RetOnNav,Yr3RetOnPrice,Yr5RetOnNav,Yr5RetOnPrice,YTDRetOnNav,YTDRetOnPrice,SinceInceptionRetOnNav,SinceInceptionRetOnPrice,ReturnOnPrice,AvgDailyVolume,CallableYr1Pct,PrerefundedPercentage,AvgBondPrice,AvgWtdDurationNonLevAdj,EffDurationLevAdj,EffDurationNonLevAdj,Price52WkAvg,Discount52WkAvg,ZScore1Yr,ZScore3M,ZScore6M,ZScoreDate,InceptionDate,InceptionDateString,InceptionDateUnixTimestamp,DistributionDate
0,MGF,-0.0676,8.10811,8.69565,0.02,0.91,15,Morningstar US CEF Investment Grade,2,abrdn Inc.,True,2.76,0.01,2.96,2026-09-17T00:00:00,552939100,Aberdeen Government Markets Income,2026-09-17,XMGFX,Fixed Income - Taxable-Investment Grade,,89.949,,Monthly,0.04709,0.02,10.0,3.9638,0.0,6.55,0.8,,96.467,False,False,False,True,True,False,,3.37,3.99,-0.73,-0.9500000000000001,-0.88,-0.01,,,0.37,731690,,0.0,91.4686,,,5.93,2.95459,-4.94663,-1.33,-0.86,-0.9500000000000001,2026-09-17T00:00:00,1987-05-28T00:00:00,5/28/1987,549158400,2026-08-24T00:00:00
1,IFN,-0.1015,12.11129,13.47905,0.37,-6.55,1,Morningstar US CEF Asia Equity,1,abrdn Asia Limited,True,10.98,0.08,12.22,2026-09-17T00:00:00,454089103,"Aberdeen India Fund, Inc",2026-09-17,XIFNX,Equity-Asia Equity,0.28,475.535,,Quarterly,-0.02842,0.37,15.0,,,,1.36,,529.239,True,False,False,False,True,False,,4.79,1.1400000000000001,0.03,0.76,-6.53,-7.32,,,-10.28,2045460,,,,,,,12.82234,-6.41573,-1.6099999999999999,-1.43,-1.3900000000000001,2026-09-17T00:00:00,1994-02-23T00:00:00,2/23/1994,761961600,2026-08-24T00:00:00
2,MIN,-0.0748,9.44882,10.21277,0.02,1.52,13,Morningstar US CEF Global Income,2,abrdn Inc.,True,2.35,0.01,2.54,2026-09-17T00:00:00,55273C107,Aberdeen Intermediate Income,2026-09-17,XMINX,Fixed Income - Taxable-Global Income,,267.426,,Monthly,0.04255,0.02,10.0,4.2949,0.0,3.24,0.73,,289.048,False,False,False,True,True,False,,4.51,4.98,1.06,0.73,0.14,-0.96,,,-1.06,2416300,,0.0,97.167,,,3.34,2.53296,-4.97356,-1.6099999999999999,-1.5899999999999999,-1.46,2026-09-17T00:00:00,1988-03-17T00:00:00,3/17/1988,574560000,2026-08-24T00:00:00
3,MMT,-0.0909,10.14799,11.16279,0.04,2.71,13,Morningstar US CEF Global Income,72,MFS,True,4.3,-0.03,4.73,2026-09-17T00:00:00,552737108,Aberdeen Multi-Market Income,2026-09-17,XMMTX,Fixed Income - Taxable-Global Income,27.2,498.772,,Monthly,0.1389,0.04,10.0,6.0294,,,2.86,,753.649,True,False,False,False,True,False,,7.49,9.29,2.75,1.16,0.2,2.73,,,3.26,1468690,,,95.7664,,7.33,5.35,4.58629,-7.61814,-1.44,-0.59,-0.91,2026-09-17T00:00:00,1987-03-12T00:00:00,3/12/1987,542505600,2026-08-24T00:00:00
4,MFM,-0.0917,6.34921,6.99029,0.03,7.66,21,Morningstar US CEF Municipal,2,abrdn Inc.,False,5.15,0.06,5.67,2026-09-17T00:00:00,552738106,Aberdeen Municipal Income,2026-09-17,XMFMX,Fixed Income - Municipal-Municipal,38.4,512.063,,Monthly,0.13078,0.03,10.0,5.1801,,,2.83,,915.267,True,False,True,False,False,False,,4.91,8.2,-0.93,-1.09,0.99,3.17,,,9.88,1574350,22.29,,95.5991,,14.38,8.98,5.41539,-9.29168,0.11,-1.16,-0.19,2026-09-17T00:00:00,1986-11-25T00:00:00,11/25/1986,533260800,2026-08-24T00:00:00
5,FAX,-0.0632,12.09677,12.91248,0.15,2.55,13,Morningstar US CEF Global Income,1,abrdn Asia Limited,True,13.94,0.13,14.88,2026-09-17T00:00:00,003009867,abrdn Asia-Pacific Income Fund Inc,2026-09-17,XFAPX,Fixed Income - Taxable-Global Income,39.98,608.778,,Monthly,0.50096,0.15,10.0,6.3451,,,4.22,,1082.629,True,False,False,False,True,False,,5.85,10.95,-1.3,0.9400000000000001,0.3,4.65,,,2.34,1772580,,,,,7.76,4.68,15.08925,-5.43007,-0.55,-1.96,-1.0,2026-09-17T00:00:00,1986-04-24T00:00:00,4/24/1986,514684800,2026-08-24T00:00:00
6,IAF,-0.08779999999999999,9.95025,10.90767,0.35,6.03,9,Morningstar US CEF Single Country Equity,1,abrdn Asia Limited,True,12.835,0.15,14.07,2026-09-17T00:00:00,003011111,abrdn Australia Equity Fund Inc,2026-09-17,XIAFX,Equity-Single-Country Equity,7.41,122.99,,Quarterly,0.10818,0.35,10.125,,,,1.9900000000000002,,145.608,True,False,True,False,True,False,,12.29,14.26,5.23,4.51,9.95,11.63,,,7.01,221440,,,,,,,13.04232,-9.99129,0.8200000000000001,1.3599999999999999,1.73,2026-09-17T00:00:00,1985-12-12T00:00:00,12/12/1985,503193600,2026-08-24T00:00:00
7,AEF,-0.057999999999999996,10.05803,10.67762,0.26,67.28,4,Morningstar US CEF Emerging Market Equity,3,abrdn Investments Limited,True,9.74,0.23,10.34,2026-09-17T00:00:00,00301W105,abrdn Emerging Markets ex-China Fund,2026-09-17,XAEFX,Equity-Emerging Market Equity,6.04,395.458,,Quarterly,0.0453,0.26,15.0,,,,1.8599999999999999,,446.819,True,True,True,False,True,False,,29.65,34.6,8.77,10.88,40.8,43.76,,,73.48,1455540,,,,,,,8.14372,-9.21538,2.14,1.72,1.74,2026-09-17T00:00:00,1989-09-25T00:00:00,9/25/1989,622684800,2026-06-23T00:00:00
8,AGD,-0.0143,12.08054,12.25532,0.12,21.53,5,Morningstar US CEF Global Equity,3,abrdn Investments Limited,True,11.75,0.0,11.92,2026-09-17T00:00:00,00302M106,abrdn Global Dynamic Dividend,2026-09-17,XAGDX,Equity-Global Equity,0.7000000000000001,307.549,,Monthly,0.29668,0.12,20.0,,,,1.29,,314.191,True,False,False,False,True,False,,15.6,23.74,7.67,10.42,12.78,16.12,,,17.32,1162370,,,,,,,12.09073,1.46549,-0.73,-1.8,-0.97,2026-09-17T00:00:00,2006-07-26T00:00:00,7/26/2006,1153872000,2026-08-24T00:00:00
9,ASGI,-0.052300000000000006,12.33645,13.01775,0.22,17.64,13,Morningstar US CEF Global Income,2,abrdn Inc.,True,20.28,-0.25,21.4,2026-09-17T00:00:00,00326W106,abrdn Global Infrastructure Income Fund,2026-09-17,XAGIX,Fixed Income - Taxable-Global Income,1.01,641.433,,Monthly,0.08556,0.22,20.0,,,,2.16,,683.766,True,False,False,False,True,False,,14.21,22.61,8.09,12.34,10.5,8.88,,,23.02,1852730,,,,,,,22.77287,3.39722,-2.13,-2.2800000000000002,-2.24,2026-09-17T00:00:00,2020-07-28T00:00:00,7/28/2020,1595894400,2026-08-24T00:00:00
10,AWP,0.0046,13.17475,13.11475,0.12,9.75,7,Morningstar US CEF Real Estate,2,abrdn Inc.,True,10.98,0.09,10.93,2026-09-17T00:00:00,00302L207,abrdn Global Premier Properties,2026-09-17,XAWPX,Equity-Real Estate,11.3,338.795,,Monthly,0.10017000000000001,0.12,20.0,,,,2.27,,380.196,True,False,False,False,True,False,,12.66,15.05,0.19,1.8399999999999999,8.64,8.74,,,8.83,1240120,,,,,,,11.76595,1.10013,-0.62,-0.9500000000000001,-0.27,2026-09-17T00:00:00,2007-04-26T00:00:00,4/26/2007,1177545600,2026-08-24T00:00:00
11,HQH,-0.05,11.58911,12.19963,0.6599999999999999,49.61,8,Morningstar US CEF Sector Equity,2,abrdn Inc.,True,21.64,0.32,22.78,2026-09-17T00:00:00,87911J103,abrdn Healthcare Investors,2026-09-17,XHQHX,Equity-Sector Equity,1.1,1254.812,,Quarterly,-0.06102,0.6599999999999999,10.0,,,,1.11,,1320.915,True,True,True,False,True,False,,18.97,25.74,7.8100000000000005,8.03,23.83,31.24,,,54.91,1811770,,,,,,,19.79441,-7.1743,0.9,0.37,0.47000000000000003,2026-09-17T00:00:00,1987-04-23T00:00:00,4/23/1987,546134400,2026-08-24T00:00:00
12,THQ,-0.039,10.2051,10.61947,0.16999999999999998,28.01,8,Morningstar US CEF Sector Equity,2,abrdn Inc.,True,19.21,0.3,19.99,2026-09-17T00:00:00,879105104,abrdn Healthcare Opportunities Fund,2026-09-17,XTHQX,Equity-Sector Equity,21.35,796.41,,Monthly,-0.03549,0.16999999999999998,20.0,4.3206,,,3.02,,1053.747,True,True,False,False,True,False,,9.18,13.61,4.48,4.77,14.06,11.54,,,30.55,1637170,,,,,7.83,,18.586570000000002,-1.09584,-0.88,0.26,-0.66,2026-09-17T00:00:00,2014-07-28T00:00:00,7/28/2014,1406505600,2026-08-24T00:00:00
13,ACP,-0.1153,12.47637,14.10256,0.055,3.06,19,Morningstar US CEF Senior Loans,3,abrdn Investments Limited,True,4.68,0.03,5.29,2026-09-17T00:00:00,003057106,abrdn Income Credit Strategies Fund,2026-09-17,XACPX,Fixed Income - Taxable-Senior Loans,32.53,587.203,,Monthly,0.22534,0.055,20.0,8.0708,,,3.94,,983.74,True,False,False,False,True,False,,8.42,6.69,1.6600000000000001,0.21,3.39,5.31,,,1.43,5669880,,,96.1318,,4.91,3.32,5.36648,-5.5189900000000005,-3.79,-2.85,-3.45,2026-09-17T00:00:00,2011-01-27T00:00:00,1/27/2011,1296086400,2026-08-24T00:00:00
14,HQL,-0.065,11.84902,12.672460000000001,0.62,63.49,8,Morningstar US CEF Sector Equity,2,abrdn Inc.,True,19.57,0.29,20.93,2026-09-17T00:00:00,87911K100,abrdn Life Sciences Investors,2026-09-17,XHQLX,Equity-Sector Equity,0.01,603.6,,Quarterly,-0.09057,0.62,15.0,,,,1.24,,645.613,True,True,True,False,True,False,,25.61,32.79,10.32,10.84,29.42,36.85,,,69.51,1400380,,,,,,,17.70471,-9.56594,1.92,0.93,1.42,2026-09-17T00:00:00,1992-05-08T00:00:00,5/8/1992,705283200,2026-08-24T00:00:00
15,AOD,0.0068000000000000005,12.74131,12.6558,0.11,22.33,5,Morningstar US CEF Global Equity,3,abrdn Investments Limited,True,10.43,0.08,10.36,2026-09-17T00:00:00,00326L100,abrdn Total Dynamic Dividend,2026-09-17,XAODX,Equity-Global Equity,2.84,1099.807,,Monthly,0.22991,0.11,20.0,,,,1.21,,1124.345,True,True,True,False,True,False,,15.99,24.0,8.35,11.58,13.34,20.46,,,34.14,4647820,,,,,,,10.04115,-2.90261,1.6,0.59,1.13,2026-09-17T00:00:00,2007-01-26T00:00:00,1/26/2007,1169769600,2026-08-24T00:00:00
16,THW,-0.0184,10.59603,10.794599999999999,0.12,32.91,8,Morningstar US CEF Sector Equity,2,abrdn Inc.,True,13.34,0.02,13.59,2026-09-17T00:00:00,87911L108,abrdn World Healthcare Fund,2026-09-17,XTHWX,Equity-Sector Equity,17.94,538.873,,Monthly,-0.03887,0.12,20.0,3.7686,,,1.46,,668.971,True,True,True,False,True,False,,17.08,14.66,8.87,7.6,16.6,18.52,,,33.53,1301840,,,,,8.12,,12.80527,-1.90095,0.03,0.38,-0.33,2026-09-17T00:00:00,2015-06-26T00:00:00,6/26/2015,1435276800,2026-08-24T00:00:00
17,ADX,-0.0202,7.61905,7.77605,0.5,19.55,10,Morningstar US CEF US Equity,4,Adams Diversified Equity Fund Inc,False,25.72,0.38,26.25,2026-09-17T00:00:00,006212104,Adams Diversified Equity Fund,2026-09-17,XADEX,Equity-U.S. Equity,0.0,3213.126,,Quarterly,0.09492,0.5,10.0,,,,0.49000000000000005,,3279.337,True,True,True,False,False,False,,20.46,26.93,12.26,16.51,13.06,17.77,,,29.17,2726340,,,,,,,23.94356,-4.84155,1.17,-0.14,0.71,2026-09-17T00:00:00,1929-10-01T00:00:00,10/1/1929,-1270252800,2026-07-27T00:00:00
18,PEO,-0.0929,6.80101,7.4974,0.5399999999999999,39.31,8,Morningstar US CEF Sector Equity,5,Adams Natural Resources Fund Inc,False,28.81,0.16,31.76,2026-09-17T00:00:00,00548F105,Adams Natural Resources Fund,2026-09-17,XPEOX,Equity-Sector Equity,0.7000000000000001,807.684,,Quarterly,0.29271,0.5399999999999999,15.0,,,,0.62,,890.386,True,True,True,False,False,False,,14.92,18.28,21.3,23.68,38.86,40.56,,,41.46,730000,,,,,,,24.8282,-10.23293,0.96,0.46,0.99,2026-09-17T00:00:00,1929-01-30T00:00:00,1/30/1929,-1291334400,2026-07-27T00:00:00
19,AVK,-0.0926,10.58239,11.66169,0.1172,17.0,11,Morningstar US CEF Convertibles,6,"Advent Capital Management, LLC",False,12.06,0.22,13.29,2026-09-17T00:00:00,00764C109,Advent Convertible & Income Fund,2026-09-17,XAVKX,Fixed Income - Taxable-Convertibles,37.37,532.434,,Monthly,0.22874,0.1172,25.0,5.5855,,,4.53,,936.761,True,False,False,False,False,False,,16.39,16.83,4.93,4.82,12.1,7.61,,,12.49,1483040,,,108.8431,,,,12.56015,-6.28745,-1.25,-0.9400000000000001,-0.79,2026-09-17T00:00:00,2003-04-29T00:00:00,4/29/2003,1051574400,2026-09-15T00:00:00
20,AWF,-0.10490000000000001,7.04933,7.87575,0.0655,5.19,14,Morningstar US CEF High Yield,7,AllianceBernstein L.P.,False,9.98,0.05,11.15,2026-09-17T00:00:00,01879R106,AllianceBernstein Global High Income,2026-09-17,XAWFX,Fixed Income - Taxable-High Yield,0.81,860.572,,Monthly,0.35164,0.0655,15.0,6.7118,,4.36,1.02,,969.345,True,False,False,False,False,False,,9.25,8.47,4.37,3.71,3.0,-0.85,,,-3.33,3054400,,,97.3293,,,,10.4605,-7.92999,-1.06,-1.12,-0.84,2026-09-17T00:00:00,1993-07-28T00:00:00,7/28/1993,743817600,2026-09-03T00:00:00
21,AFB,-0.07730000000000001,5.41024,5.86329,0.050179999999999995,7.87,21,Morningstar US CEF Municipal,7,AllianceBernstein L.P.,False,10.27,0.17,11.13,2026-09-17T00:00:00,01864U106,AllianceBernstein National Mun Inc,2026-09-17,XAFBX,Fixed Income - Municipal-Municipal,50.01,295.21,,Monthly,0.31343,0.050179999999999995,15.0,5.1411,,,3.66,,640.033,True,False,True,False,False,False,,2.7800000000000002,6.21,-1.98,-2.15,-0.64,4.48,,,10.89,967090,,,98.4247,,22.53,11.69,10.93709,-8.77329,0.71,-0.78,-0.03,2026-09-17T00:00:00,2002-01-28T00:00:00,1/28/2002,1012176000,2026-09-03T00:00:00
22,NFJ,-0.0533,7.55418,7.97907,0.305,24.49,3,Morningstar US CEF Covered Call,108,"Virtus Investment Advisers, LLC",True,15.29,0.17,16.15,2026-09-17T00:00:00,92840R101,AllianzGI Div Interest & Prem Common,2026-09-17,XNFJX,Equity-Covered-Call Funds,,1421.469,0.0,Quarterly,0.06142,0.305,25.0,2.0197,,,0.9600000000000001,,1501.421,False,True,True,False,True,False,,13.45,18.0,6.84,8.79,19.62,26.24,,,30.37,1924510,,,,,,,13.87766,-8.81463,1.94,1.82,1.8,2026-09-17T00:00:00,2005-02-28T00:00:00,2/28/2005,1109548800,2026-09-14T00:00:00
23,EOD,-0.0946,8.02881,8.86802,0.14211,26.3,5,Morningstar US CEF Global Equity,8,Allspring Global Investments,False,6.41,0.03,7.08,2026-09-17T00:00:00,94987C103,Allspring Global Dividend Opp Fd,2026-09-17,XEODX,Equity-Global Equity,13.48,276.053,,Quarterly,0.1298,0.14211,20.0,7.1532,,,2.45,,352.407,True,True,False,False,False,False,,24.01,25.39,12.97,12.62,16.28,19.26,,,27.06,1215310,,,,,,,6.15784,-8.40518,-0.73,-1.77,-1.97,2026-09-17T00:00:00,2007-03-28T00:00:00,3/28/2007,1175040000,2026-06-11T00:00:00
24,EAD,-0.1155,9.11726,10.30839,0.053259999999999995,4.95,14,Morningstar US CEF High Yield,8,Allspring Global Investments,False,6.2,0.04,7.01,2026-09-17T00:00:00,94987B105,Allspring Income Opps,2026-09-17,XEADX,Fixed Income - Taxable-High Yield,30.17,366.372,,Monthly,0.25923,0.053259999999999995,15.0,7.1839,,,2.95,,593.237,True,False,False,False,False,False,,8.8,10.25,3.5300000000000002,2.37,2.92,0.71,,,-0.9400000000000001,1913190,,,100.5505,,4.62,3.15,6.64926,-8.21505,-1.9300000000000002,-2.01,-1.8,2026-09-17T00:00:00,2003-02-28T00:00:00,2/28/2003,1046390400,2026-08-13T00:00:00
25,ERC,-0.08650000000000001,8.98826,9.83946,0.07273,6.74,16,Morningstar US CEF Limited Duration,8,Allspring Global Investments,False,8.870000000000001,0.01,9.71,2026-09-17T00:00:00,94987D101,Allspring Multi-Sec Inc,2026-09-17,XERCX,Fixed Income - Taxable-Limited Duration,30.4,248.837,,Monthly,0.35301,0.07273,20.0,6.8646,0.0,4.35,3.22,,391.402,True,False,False,True,False,False,,8.57,8.75,3.42,2.36,3.92,6.86,,,7.5,745180,,0.0,98.7585,,,,9.24662,-6.87662,-1.78,-2.1,-1.45,2026-09-17T00:00:00,2003-06-25T00:00:00,6/25/2003,1056499200,2026-08-13T00:00:00
26,ERH,-0.0968,8.87273,9.82367,0.08784,1.9500000000000002,26,Morningstar US CEF US Allocation,8,Allspring Global Investments,False,10.73,0.08,11.88,2026-09-17T00:00:00,94987E109,Allspring Util & High In,2026-09-17,XERHX,Hybrid-U.S. Allocation,22.23,94.769,,Monthly,0.1865,0.08784,20.0,7.2139,,,2.43,,134.926,True,False,False,False,False,False,,12.59,14.31,5.67,2.65,-0.34,1.02,,,2.05,235270,,,100.6661,,4.08,3.13,12.08895,-7.68823,-1.52,-2.09,-1.52,2026-09-17T00:00:00,2004-04-30T00:00:00,4/30/2004,1083283200,2026-08-13T00:00:00
27,FINS,-0.0713,10.46247,11.26531,0.11499999999999999,6.88,26,Morningstar US CEF US Allocation,10,"Angel Oak Capital Advisors, LLC",False,12.25,-0.05,13.19,2026-09-17T00:00:00,03464A100,Angel Oak Financial Strats Income Term,2026-09-17,XFINX,Hybrid-U.S. Allocation,22.15,409.356,,Monthly,0.38984,0.11499999999999999,20.0,6.7377,,,2.92,,566.187,True,False,False,False,False,True,,10.08,13.55,3.1,2.76,3.11,3.58,,,6.31,465100,,,99.9624,,3.34,2.85,12.90358,-6.0644,-1.25,-1.19,-0.9,2026-09-17T00:00:00,2019-05-29T00:00:00,5/29/2019,1559088000,2026-09-16T00:00:00
28,ARDC,-0.09570000000000001,10.09723,11.16625,0.11249999999999999,1.28,19,Morningstar US CEF Senior Loans,11,Ares Capital Management II LLC,False,12.09,0.09,13.37,2026-09-17T00:00:00,04014F102,Ares Dynamic Credit Allocation Fund,2026-09-17,XADCX,Fixed Income - Taxable-Senior Loans,40.36,289.749,,Monthly,0.55616,0.11249999999999999,20.0,7.4979,,,5.26,,537.296,True,False,False,False,False,False,,8.16,9.54,4.87,4.46,-0.11,0.1,,,-6.46,1146480,,,,,40.42,,12.93851,-6.74948,-1.57,-1.8599999999999999,-1.46,2026-09-17T00:00:00,2012-11-27T00:00:00,11/27/2012,1353974400,2026-08-21T00:00:00
29,BANX,0.001,8.63309,8.62482,0.09999999999999999,3.61,8,Morningstar US CEF Sector Equity,12,"ArrowMark Asset Management, LLC",False,20.87,0.6,21.0,2026-07-31T00:00:00,861780104,ArrowMark Financial Corp,2026-09-17,XBANX,Equity-Sector Equity,16.8,202.209,,Monthly,0.91029,0.09999999999999999,25.0,11.1103,,,6.43,,242.815,True,True,True,False,False,True,,9.66,20.94,8.82,9.69,0.9400000000000001,2.1,,,15.0,339460,,,107.3588,,,,20.55281,-4.57108,1.48,1.21,1.8,2026-09-17T00:00:00,2013-11-07T00:00:00,11/7/2013,1383782400,2026-08-24T00:00:00
30,ASA,-0.2207,0.10668,0.13689,0.04,81.82,8,Morningstar US CEF Sector Equity,13,ASA,False,58.44,1.19,74.99,2026-09-17T00:00:00,G3156P103,ASA Gold and Precious Metals Limited,2026-09-17,XASAX,Equity-Sector Equity,,1127.302,,Semi-Annually,0.02585,0.04,28.0,9.086,,,1.88,,1366.089,False,False,False,False,False,False,,63.29,62.74,26.1,25.07,14.31,6.99,,,69.75,0,,,,,,,58.82408,-13.14606,,,,,1958-09-23T00:00:00,9/23/1958,-355795200,2026-05-01T00:00:00
31,BCV,-0.12269999999999999,6.03163,6.87487,0.41,23.54,11,Morningstar US CEF Convertibles,60,Gabelli Funds LLC,False,23.855,-0.06,27.19,2026-09-17T00:00:00,059695106,Bancroft Fund,2026-09-17,XBCVX,Fixed Income - Taxable-Convertibles,15.22,134.244,,Quarterly,0.01134,0.41,25.0,2.3737,,,1.31,,180.478,True,True,False,False,False,False,,19.11,21.08,4.22,3.67,16.09,12.97,,,22.32,181230,,,,,21.12,,23.62942,-11.78934,-0.42,-0.38,-0.13,2026-09-17T00:00:00,1971-10-04T00:00:00,10/4/1971,55382400,2026-09-16T00:00:00
32,MCI,0.1251,9.48429,8.42993,0.39999999999999997,11.17,14,Morningstar US CEF High Yield,14,Barings LLC,False,18.98,1.3599999999999999,17.27,2026-06-30T00:00:00,06759X107,Barings Corporate Investors,2026-09-17,XMCIX,Fixed Income - Taxable-High Yield,21.16,390.742,,Quarterly,0.60289,0.39999999999999997,25.0,7.782,,,1.65,,440.541,True,True,False,False,False,False,,10.72,19.96,10.11,14.64,6.4,14.02,,,-1.1400000000000001,349680,,,92.3472,,,,18.96764,13.67136,-0.12,1.33,1.29,2026-09-17T00:00:00,1971-09-01T00:00:00,9/1/1971,52531200,2026-08-28T00:00:00
33,BGH,-0.0617,9.94983,10.60405,0.12229999999999999,5.21,14,Morningstar US CEF High Yield,14,Barings LLC,False,13.84,0.22,14.75,2026-09-17T00:00:00,06760L100,Barings Global Short Duration High Yield,2026-09-17,XBGHX,Fixed Income - Taxable-High Yield,31.7,277.941,,Monthly,0.67131,0.12229999999999999,25.0,8.9029,,,3.93,,433.716,True,False,False,False,False,False,,11.08,13.93,6.11,6.65,4.79,1.63,,,-3.79,799640,,,99.958,,,,14.54036,-3.67621,-0.93,-0.9400000000000001,-0.53,2026-09-17T00:00:00,2012-10-25T00:00:00,10/25/2012,1351123200,2026-08-20T00:00:00
34,MPV,0.10619999999999999,9.58549,8.66511,0.37,,14,Morningstar US CEF High Yield,14,Barings LLC,False,17.08,0.08,15.81,2026-06-30T00:00:00,06761A103,Barings Participation Invs,2026-09-17,XMPVX,Fixed Income - Taxable-High Yield,21.98,184.332,,Quarterly,0.54452,0.37,10.0,7.7819,,,1.55,,213.585,True,False,True,False,False,False,,,17.81,,13.18,6.38,12.1,,,-6.9,170990,,,92.2129,,,,18.02539,9.09307,0.25,1.06,0.29,2026-09-17T00:00:00,1988-10-06T00:00:00,10/6/1988,592099200,2026-08-28T00:00:00
35,BXSY,-0.3635,3.73563,5.86907,0.26,32.39,26,Morningstar US CEF US Allocation,15,Bexil Corp,True,17.72,0.27,27.84,2026-09-17T00:00:00,25538A204,Bexil Investment Trust,2026-09-17,XBXIX,Hybrid-U.S. Allocation,8.31,229.356,,Quarterly,-0.02758,0.26,15.0,,,,1.9300000000000002,,392.998,True,True,True,False,True,False,,24.36,26.59,13.66,12.3,24.42,22.69,,,35.29,122030,,,,,1.11,,15.99362,-37.33492,1.03,1.79,1.49,2026-09-17T00:00:00,1998-06-29T00:00:00,6/29/1998,899078400,2026-09-16T00:00:00
36,BMN,-0.0033,4.68555,4.70121,0.09924999999999999,5.26,21,Morningstar US CEF Municipal,16,BlackRock,False,23.93,-0.55,24.01,2026-09-16T00:00:00,09262G108,BlackRock 2037 Municipal Target term,2026-09-17,XBMNX,Fixed Income - Municipal-Municipal,25.9,147.113,,Monthly,0.609,0.09924999999999999,25.0,5.0193,,14.37,2.16,,199.185,True,False,False,False,False,True,,4.07,7.5,,,-0.01,1.8900000000000001,,,11.79,100560,19.27,,103.2043,,,,25.6961,0.006410000000000001,-0.15,-0.28,-0.48,2026-09-17T00:00:00,2022-10-28T00:00:00,10/28/2022,1666915200,2026-09-15T00:00:00
37,BCAT,0.0317,21.96371,21.28932,0.25012,13.69,26,Morningstar US CEF US Allocation,16,BlackRock,True,14.33,0.16,13.89,2026-09-17T00:00:00,09260U109,BlackRock Capital Allocation Term Trust,2026-09-17,XCATX,Hybrid-U.S. Allocation,5.18,1501.43,,Monthly,0.12959,0.25012,20.0,,,2.48,1.4,,1455.329,True,False,True,False,True,True,,12.48,23.2,5.39,8.44,7.45,29.18,,,30.87,6673100,,,95.7637,,,,15.02939,0.7073600000000001,0.4,-2.44,-0.75,2026-09-17T00:00:00,2020-09-28T00:00:00,9/28/2020,1601251200,2026-09-15T00:00:00
38,BHK,-0.0604,9.82656,10.45794,0.0746,1.56,15,Morningstar US CEF Investment Grade,16,BlackRock,True,8.56,0.01,9.11,2026-09-17T00:00:00,09249E101,BlackRock Core Bond,2026-09-17,XBHKX,Fixed Income - Taxable-Investment Grade,34.43,618.239,-0.051000000000000004,Monthly,0.27784000000000003,0.0746,15.0,5.2301,,20.03,3.34,,1003.47,True,False,False,False,True,False,,4.9,5.42,-2.39,-2.67,-1.1,0.59,,,2.65,2854680,,,95.2552,,7.35,7.16,9.33858,-4.47925,-1.1,-1.56,-0.72,2026-09-17T00:00:00,2001-11-30T00:00:00,11/30/2001,1007078400,2026-09-15T00:00:00
39,HYT,-0.105,10.44469,11.67041,0.0779,5.14,14,Morningstar US CEF High Yield,16,BlackRock,True,8.01,0.04,8.95,2026-09-17T00:00:00,09255P107,BlackRock Corporate High Yield Fund,2026-09-17,XHYTX,Fixed Income - Taxable-High Yield,20.5,1544.161,-0.113,Monthly,0.33087,0.0779,15.0,7.0115,,,2.33,,2170.294,True,False,False,False,True,False,,9.73,6.7,4.41,1.77,2.65,0.35000000000000003,,,-3.02,8285640,,,100.4042,,4.19,,8.79732,-6.2789,-1.76,-2.2800000000000002,-2.87,2026-09-17T00:00:00,2003-05-30T00:00:00,5/30/2003,1054252800,2026-09-15T00:00:00
40,BTZ,-0.0924,9.48916,10.45483,0.0839,3.37,15,Morningstar US CEF Investment Grade,16,BlackRock,True,9.63,0.01,10.61,2026-09-17T00:00:00,092508100,BlackRock Credit Allocation Income Trust,2026-09-17,XBTZX,Fixed Income - Taxable-Investment Grade,35.48,898.715,-0.11900000000000001,Monthly,0.34357,0.0839,25.0,5.9688,,18.6,3.37,,1534.593,True,False,False,False,True,False,,8.13,9.63,1.12,0.8,0.8200000000000001,-0.86,,,0.64,2646670,,,99.1292,,,,10.46621,-6.12168,-1.69,-2.11,-1.54,2026-09-17T00:00:00,2006-12-27T00:00:00,12/27/2006,1167177600,2026-09-15T00:00:00
41,DSU,-0.0401,12.49747,13.01934,0.09873,4.7,19,Morningstar US CEF Senior Loans,16,BlackRock,True,9.1,0.03,9.48,2026-09-17T00:00:00,09255R202,BlackRock Debt Strategies,2026-09-17,XDSUX,Fixed Income - Taxable-Senior Loans,16.07,566.38,-0.17400000000000002,Monthly,0.32235,0.09873,10.0,,,6.38,1.69,,703.031,True,False,False,False,True,False,,7.54,9.38,6.09,6.48,2.21,1.09,,,0.72,2770010,,,,,,,9.921990000000001,0.38897000000000004,-3.31,-2.36,-2.7199999999999998,2026-09-17T00:00:00,1998-03-27T00:00:00,3/27/1998,890956800,2026-09-15T00:00:00
42,BGR,-0.09519999999999999,6.00617,6.63786,0.0973,44.67,8,Morningstar US CEF Sector Equity,16,BlackRock,True,17.59,0.17,19.44,2026-09-17T00:00:00,09250U101,BlackRock Energy and Resources,2026-09-17,XBGRX,Equity-Sector Equity,0.0,447.774,,Monthly,0.16738,0.0973,25.0,,,,1.23,,494.868,True,True,False,False,True,False,,17.32,18.81,22.18,22.15,41.43,33.68,,,36.69,1088440,,,,,,,15.22559,-7.66006,-0.63,0.56,0.46,2026-09-17T00:00:00,2004-12-23T00:00:00,12/23/2004,1103760000,2026-09-15T00:00:00
43,BDJ,-0.077,7.14918,7.74557,0.0819,20.02,3,Morningstar US CEF Covered Call,16,BlackRock,True,9.59,0.0,10.39,2026-09-17T00:00:00,09251A104,BlackRock Enhanced Dividend Achievers,2026-09-17,XBDJX,Equity-Covered-Call Funds,0.12,1696.9,,Monthly,0.059750000000000004,0.0819,15.0,,,,0.88,,1840.581,True,True,False,False,True,False,,15.96,18.42,9.84,9.63,13.61,10.23,,,20.07,4380130,,,,,,,9.3151,-6.04011,-1.04,-1.07,-0.53,2026-09-17T00:00:00,2005-08-26T00:00:00,8/26/2005,1125014400,2026-09-15T00:00:00
44,BOE,-0.0762,7.48416,8.10122,0.0827,15.82,3,Morningstar US CEF Covered Call,16,BlackRock,True,12.25,0.11,13.26,2026-09-17T00:00:00,092501105,BlackRock Enhanced Glbl Div Trust,2026-09-17,XBOEX,Equity-Covered-Call Funds,0.02,681.102,,Monthly,0.091,0.0827,25.0,,,,1.03,,737.258,True,True,True,False,True,False,,13.31,16.73,7.18,7.92,9.37,12.33,,,17.18,1304040,,,,,,,11.79513,-9.17791,1.67,0.5,1.16,2026-09-17T00:00:00,2005-05-26T00:00:00,5/26/2005,1117065600,2026-09-15T00:00:00
45,BGY,-0.1056,7.93789,8.875,0.0426,14.97,3,Morningstar US CEF Covered Call,16,BlackRock,True,5.76,0.09,6.44,2026-09-17T00:00:00,092524107,BlackRock Enhanced Intl Div Trust,2026-09-17,XBGYX,Equity-Covered-Call Funds,0.36,521.939,,Monthly,0.06786,0.0426,20.0,,,,1.2,,583.557,True,False,False,False,True,False,,10.43,12.87,6.32,6.68,8.67,6.94,,,12.42,2743660,,,,,,,5.78642,-8.64639,-1.21,-1.17,-0.7000000000000001,2026-09-17T00:00:00,2007-05-25T00:00:00,5/25/2007,1180051200,2026-09-15T00:00:00
46,CII,0.0017000000000000001,7.07358,7.06177,0.141,22.64,3,Morningstar US CEF Covered Call,16,BlackRock,True,23.96,0.26,23.92,2026-09-17T00:00:00,09256A109,BlackRock Enhanced Large Cap Core Fund,2026-09-17,XCIIX,Equity-Covered-Call Funds,0.43,1047.15,,Monthly,0.01133,0.141,20.0,,,,0.93,,1049.867,True,True,False,False,True,False,,19.18,20.34,12.26,12.99,12.07,9.88,,,29.35,950150,,,,,,,23.72954,0.8289000000000001,-0.31,-0.9400000000000001,-0.59,2026-09-17T00:00:00,2004-04-27T00:00:00,4/27/2004,1083024000,2026-09-15T00:00:00
47,ECAT,-0.0286,21.94041,22.58571,0.26442,14.4,25,Morningstar US CEF Global Allocation,16,BlackRock,True,14.28,0.47000000000000003,14.7,2026-09-17T00:00:00,09262F100,BlackRock ESG Capital Allocation Term,2026-09-17,ECAT,Hybrid-Global Allocation,0.17,1420.407,,Monthly,0.08926,0.26442,20.0,,,2.02,1.4100000000000001,,1464.715,True,False,False,False,True,True,,13.5,20.36,,,7.72,15.54,,,15.67,4536220,,,95.981,,,,15.39651,-2.55423,-0.14,-2.02,-0.39,2026-09-17T00:00:00,2021-09-27T00:00:00,9/27/2021,1632700800,2026-09-15T00:00:00
48,FRA,-0.0604,13.19787,14.04612,0.12383999999999999,4.14,19,Morningstar US CEF Senior Loans,17,"BlackRock Advisors, LLC",True,10.58,0.0,11.26,2026-09-17T00:00:00,09255X100,BlackRock Floating Rate Inc Strategies,2026-09-17,XFRAX,Fixed Income - Taxable-Senior Loans,23.27,374.9,-0.184,Monthly,0.37426,0.12383999999999999,20.0,,,6.29,2.61,,520.013,True,False,False,False,True,False,,6.9,8.49,6.11,6.99,2.14,3.45,,,-4.48,1633980,,,,,,,11.46019,-2.6379900000000003,-1.02,-1.8399999999999999,-1.28,2026-09-17T00:00:00,2003-10-31T00:00:00,10/31/2003,1067558400,2026-09-15T00:00:00
49,BGT,-0.0254,13.08577,13.4266,0.12028,4.2,19,Morningstar US CEF Senior Loans,16,BlackRock,True,10.75,0.05,11.03,2026-09-17T00:00:00,091941104,Blackrock Floating Rate Income,2026-09-17,XBGTX,Fixed Income - Taxable-Senior Loans,0.14,320.616,-0.154,Monthly,0.36013,0.12028,20.0,,,,2.06,,329.413,True,False,True,False,True,False,,7.15,9.89,6.27,7.5,2.11,7.51,,,1.46,1330740,,,,,,,11.15265,-3.17299,0.31,0.14,0.65,2026-09-17T00:00:00,2004-08-30T00:00:00,8/30/2004,1093824000,2026-09-15T00:00:00
50,BME,-0.027999999999999997,6.87025,7.06787,0.2621,25.08,8,Morningstar US CEF Sector Equity,16,BlackRock,True,44.5,0.16,45.78,2026-09-17T00:00:00,09250W107,BlackRock Health Sciences,2026-09-17,XBMEX,Equity-Sector Equity,0.15,575.123,,Monthly,0.07492,0.2621,25.0,,,,1.13,,592.56,True,True,True,False,True,False,,10.56,12.45,5.73,5.71,10.76,16.64,,,34.19,436090,,,,,,,40.91346,-5.02101,1.03,0.09,0.58,2026-09-17T00:00:00,2005-03-28T00:00:00,3/28/2005,1111968000,2026-09-15T00:00:00
51,BMEZ,-0.10640000000000001,7.12743,7.97583,0.11,27.16,8,Morningstar US CEF Sector Equity,16,BlackRock,True,16.55,0.09,18.52,2026-09-17T00:00:00,09260E105,BlackRock Health Sciences Term Trust,2026-09-17,XBMZX,Equity-Sector Equity,0.41000000000000003,1034.398,,Monthly,0.11368,0.11,20.0,,,,1.37,,1162.349,True,True,True,False,True,True,,10.9,14.45,-0.42,-0.35000000000000003,14.17,18.03,,,28.02,2162600,,,,,,,15.02644,-10.95512,0.24,-0.5,-0.06,2026-09-17T00:00:00,2020-01-29T00:00:00,1/29/2020,1580256000,2026-09-15T00:00:00
52,BKT,-0.0658,10.09924,10.81103,0.0882,-0.88,15,Morningstar US CEF Investment Grade,16,BlackRock,True,9.79,0.01,10.48,2026-09-17T00:00:00,09247F209,BlackRock Income,2026-09-17,XBKTX,Fixed Income - Taxable-Investment Grade,19.99,317.088,-0.055,Monthly,0.22314,0.0882,10.0,4.4525,,,1.9700000000000002,,424.225,True,False,False,False,True,False,,4.03,4.37,-1.77,-3.5300000000000002,-0.89,-0.25,,,-3.37,1331820,,,88.239,,4.92,4.8100000000000005,10.78881,-4.46626,-2.37,-2.54,-2.21,2026-09-17T00:00:00,1988-08-01T00:00:00,8/1/1988,586396800,2026-09-15T00:00:00
53,BLW,-0.0639,10.46533,11.18025,0.1132,4.02,16,Morningstar US CEF Limited Duration,16,BlackRock,True,12.15,0.03,12.98,2026-09-17T00:00:00,09249W101,BlackRock Limited Duration Income,2026-09-17,XBLWX,Fixed Income - Taxable-Limited Duration,36.41,474.875,-0.133,Monthly,0.49739,0.1132,20.0,6.6807,,,3.7,,797.816,True,False,False,False,True,False,,8.61,9.05,4.03,3.14,1.42,-0.65,,,-0.47000000000000003,1212020,,,99.8125,,,,13.17276,-2.97391,-1.24,-1.21,-0.67,2026-09-17T00:00:00,2003-07-28T00:00:00,7/28/2003,1059350400,2026-09-15T00:00:00
54,BIT,-0.09359999999999999,11.57878,12.77453,0.12369999999999999,3.93,17,Morningstar US CEF Multi-Sector,16,BlackRock,True,11.62,0.08,12.82,2026-09-17T00:00:00,09258A107,BlackRock Multi-Sector Income Trust,2026-09-17,XBITX,Fixed Income - Taxable-Multi-Sector,37.72,663.069,-0.508,Monthly,0.44911,0.12369999999999999,20.0,6.0329,,13.4,3.26,,1174.621,True,False,False,False,True,False,,8.39,4.05,3.96,1.67,1.26,-1.06,,,-2.1,3034840,7.97,,97.3328,,,3.7199999999999998,12.77594,-6.04385,-2.54,-1.5,-2.11,2026-09-17T00:00:00,2013-02-25T00:00:00,2/25/2013,1361750400,2026-09-15T00:00:00
55,MUA,-0.0579,6.42237,6.81679,0.0555,7.32,21,Morningstar US CEF Municipal,16,BlackRock,False,9.77,0.09,10.37,2026-09-17T00:00:00,09254J102,BlackRock Muniassets,2026-09-17,XMUAX,Fixed Income - Municipal-Municipal,28.42,655.955,-0.004,Monthly,0.28542,0.0555,15.0,5.4809,,,2.59,,972.636,True,False,False,False,False,False,,5.92,7.27,-0.73,-3.54,1.48,-2.51,,,-0.6900000000000001,1503800,17.62,,92.4046,,12.75,,10.70059,-4.47564,-0.66,0.36,-0.14,2026-09-17T00:00:00,1993-06-25T00:00:00,6/25/1993,740966400,2026-09-15T00:00:00
56,BTT,-0.0775,2.3075,2.50135,0.0464,2.45,21,Morningstar US CEF Municipal,16,BlackRock,False,22.26,0.18,24.13,2026-09-16T00:00:00,09257P105,BlackRock Municipal 2030 Target Term,2026-09-17,XBTTX,Fixed Income - Municipal-Municipal,35.2,1416.302,0.148,Monthly,0.34323,0.0464,25.0,4.6478,,,2.69,,2369.161,True,False,True,False,False,True,,4.25,6.35,0.5,-0.15,0.98,0.89,,,3.77,890830,22.16,,101.5267,,3.88,,22.65015,-8.03491,0.5,0.62,-0.06,2026-09-17T00:00:00,2012-08-29T00:00:00,8/29/2012,1346198400,2026-09-15T00:00:00
57,MHD,-0.0866,6.00505,6.57459,0.0595,6.96,21,Morningstar US CEF Municipal,16,BlackRock,False,10.86,0.05,11.89,2026-09-17T00:00:00,09253N104,BlackRock Municipal Income,2026-09-17,XMHDX,Fixed Income - Municipal-Municipal,43.39,1897.241,0.004,Monthly,0.30405,0.0595,15.0,5.0119,,,3.08,,3669.312,True,False,False,False,False,False,,2.95,6.58,-2.14,-2.75,0.0,2.0,,,9.3,2830080,5.17,,99.8744,,11.88,,11.67157,-8.4633,-0.23,-1.34,-0.53,2026-09-17T00:00:00,1997-05-02T00:00:00,5/2/1997,862531200,2026-09-15T00:00:00
58,MUC,-0.0701,5.84699,6.28795,0.0535,6.28,22,Morningstar US CEF Municipal-CA,16,BlackRock,False,10.21,0.06,10.98,2026-09-17T00:00:00,09254L107,BlackRock MuniHoldings CA Qty,2026-09-17,XMUCX,Fixed Income - Municipal-Municipal - CA,41.92,1276.334,0.07100000000000001,Monthly,0.26962,0.0535,15.0,5.0713,,,3.22,,2363.246,True,False,True,False,False,False,,2.33,6.38,-2.19,-2.88,0.12,3.65,,,8.82,3029650,4.0,,102.4334,,13.95,,10.74235,-8.11747,1.07,0.41000000000000003,0.71,2026-09-17T00:00:00,1998-02-27T00:00:00,2/27/1998,888537600,2026-09-15T00:00:00
59,MUJ,0.0085,5.53373,5.48688,0.054,6.7,24,Morningstar US CEF Municipal-Single State,16,BlackRock,False,11.81,0.15,11.71,2026-09-17T00:00:00,09254X101,BlackRock MuniHoldings NJ Qty,2026-09-17,XMUJX,Fixed Income - Municipal-Municipal - Single-State,41.03,628.116,0.085,Monthly,0.2647,0.054,15.0,4.7124,,,3.37,,1056.122,True,False,True,False,False,False,,3.38,9.37,-0.89,-0.33,0.21,5.24,,,15.33,998640,20.57,,97.7946,,13.16,,12.04861,-3.77516,1.9100000000000001,1.8,1.83,2026-09-17T00:00:00,1998-03-11T00:00:00,3/11/1998,889574400,2026-09-15T00:00:00
60,MIY,0.0588,5.65255,5.33878,0.0545,7.3,24,Morningstar US CEF Municipal-Single State,16,BlackRock,False,12.25,0.19,11.57,2026-09-17T00:00:00,09254V105,BlackRock MuniYield MI Quality,2026-09-17,XMIYX,Fixed Income - Municipal-Municipal - Single-State,40.92,354.818,0.07200000000000001,Monthly,0.25837,0.0545,15.0,4.9551,,,3.34,,567.215,True,True,True,False,False,False,,3.21,11.64,-1.06,0.91,-0.07,12.28,,,20.26,615160,8.27,,100.9645,,16.35,,11.99545,-2.9298200000000003,2.32,1.6099999999999999,2.24,2026-09-17T00:00:00,1992-10-30T00:00:00,10/30/1992,720403200,2026-09-15T00:00:00
61,MYN,-0.0872,6.15631,6.74424,0.051199999999999996,7.38,23,Morningstar US CEF Municipal-NY,17,"BlackRock Advisors, LLC",False,9.11,0.09,9.98,2026-09-17T00:00:00,09255E102,BlackRock MuniYield NY Quality,2026-09-17,XMYNX,Fixed Income - Municipal-Municipal - NY,23.75,857.466,0.069,Monthly,0.24345,0.051199999999999996,15.0,4.855,,,3.2800000000000002,,1231.861,True,False,False,False,False,False,,2.44,6.21,-2.01,-2.66,-0.62,1.6800000000000002,,,10.35,1329660,9.11,,100.2576,,12.59,,9.93355,-8.12001,-0.8,-1.8,-0.9500000000000001,2026-09-17T00:00:00,1992-02-28T00:00:00,2/28/1992,699235200,2026-09-15T00:00:00
62,MPA,-0.1051,5.01226,5.60078,0.0477,7.01,24,Morningstar US CEF Municipal-Single State,16,BlackRock,False,10.22,0.12,11.42,2026-09-17T00:00:00,09255G107,BlackRock MuniYield PA Quality,2026-09-17,XMPAX,Fixed Income - Municipal-Municipal - Single-State,39.65,132.345,0.039,Monthly,0.23728000000000002,0.0477,15.0,4.7722999999999995,,,3.23,,245.031,True,False,False,False,False,False,,3.4,6.01,-1.7000000000000002,-2.29,-0.77,2.49,,,7.26,316010,9.12,,98.0715,,14.9,,11.23612,-8.58182,-2.32,-2.46,-2.6,2026-09-17T00:00:00,1992-10-30T00:00:00,10/30/1992,720403200,2026-09-15T00:00:00
63,MYI,-0.0755,6.05455,6.5486699999999995,0.0555,6.53,21,Morningstar US CEF Municipal,16,BlackRock,False,10.17,0.07,11.0,2026-09-17T00:00:00,09254E103,BlackRock MuniYield Qty III,2026-09-17,XMYIX,Fixed Income - Municipal-Municipal,43.43,1243.726,0.04,Monthly,0.27666,0.0555,15.0,5.0585,,,3.23,,2377.972,True,False,True,False,False,False,,3.54,6.9,-1.1400000000000001,-1.32,-0.02,2.59,,,7.35,2437100,5.78,,99.7206,,11.76,,10.91349,-7.55638,0.01,-0.5700000000000001,0.07,2026-09-17T00:00:00,1992-04-13T00:00:00,4/13/1992,703123200,2026-09-15T00:00:00
64,MQY,-0.08460000000000001,6.068,6.62857,0.057999999999999996,6.41,21,Morningstar US CEF Municipal,17,"BlackRock Advisors, LLC",False,10.5,0.14,11.47,2026-09-17T00:00:00,09254F100,BlackRock Muniyield Quality,2026-09-17,XMQYX,Fixed Income - Municipal-Municipal,43.56,1579.537,0.060000000000000005,Monthly,0.28992,0.057999999999999996,15.0,5.0143,,,3.2,,3056.934,True,False,False,False,False,False,,3.01,5.89,-1.58,-2.84,-0.35000000000000003,1.9100000000000001,,,6.13,3399200,5.01,,99.4864,,14.22,,11.41257,-7.53018,-0.88,-1.76,-1.0,2026-09-17T00:00:00,1992-06-26T00:00:00,6/26/1992,709516800,2026-09-15T00:00:00
65,BCX,-0.0916,6.08291,6.69656,0.0697,38.4,8,Morningstar US CEF Sector Equity,16,BlackRock,True,12.49,0.11,13.75,2026-09-17T00:00:00,09257A108,BlackRock Resources&Commodities Strategy,2026-09-17,XBCRX,Equity-Sector Equity,0.0,952.214,,Monthly,0.09832,0.0697,20.0,,,,1.19,,1048.295,True,True,False,False,True,False,,16.47,20.94,14.7,15.18,25.83,27.29,,,42.07,2108160,,,,,,,11.6413,-6.7506900000000005,-1.3,-1.98,-1.05,2026-09-17T00:00:00,2011-03-29T00:00:00,3/29/2011,1301356800,2026-09-15T00:00:00
66,BSTZ,-0.0891,6.20624,6.81342,0.1625,54.4,8,Morningstar US CEF Sector Equity,16,BlackRock,True,28.62,0.58,31.42,2026-09-17T00:00:00,09260K101,BlackRock Science and Technology Term,2026-09-17,XBSZX,Equity-Sector Equity,1.12,1967.458,,Monthly,-0.15007,0.1625,20.0,,,,1.35,,2184.437,True,True,True,False,True,True,,27.32,34.46,4.32,5.7,39.2,45.66,,,56.55,2112780,,,,,,,25.27333,-9.54479,0.36,-0.22,0.08,2026-09-17T00:00:00,2019-06-26T00:00:00,6/26/2019,1561507200,2026-09-15T00:00:00
67,BST,-0.0346,6.03743,6.25391,0.25,37.68,8,Morningstar US CEF Sector Equity,16,BlackRock,True,47.97,0.62,49.69,2026-09-17T00:00:00,09258G104,BlackRock Science and Technology Trust,2026-09-17,XBSTX,Equity-Sector Equity,0.1,1665.519,,Monthly,-0.29713,0.25,20.0,,,,1.11,,1727.01,True,True,True,False,True,False,,25.93,25.42,7.47,8.15,28.17,31.36,,,41.49,996670,,,,,0.26,,43.19632,-6.24656,1.4,0.9,1.5,2026-09-17T00:00:00,2014-10-29T00:00:00,10/29/2014,1414540800,2026-09-15T00:00:00
68,BBN,-0.07,7.33086,7.88274,0.0986,2.5300000000000002,20,Morningstar US CEF Taxable Muni,17,"BlackRock Advisors, LLC",True,15.01,0.16,16.14,2026-09-17T00:00:00,09248X100,BlackRock Taxable Municipal Bond Trust,2026-09-17,XBBNX,Fixed Income - Taxable-Taxable Muni,36.21,927.506,0.077,Monthly,0.52117,0.0986,20.0,5.9206,,,3.1,,1563.397,True,False,False,False,True,False,,4.8100000000000005,6.75,-2.36,-3.22,-0.34,1.74,,,3.47,2036480,3.2800000000000002,,99.4279,,8.12,8.12,16.27297,-4.92713,-1.34,-2.58,-1.85,2026-09-17T00:00:00,2010-08-27T00:00:00,8/27/2010,1282867200,2026-09-15T00:00:00
69,BTX,-0.1137,6.39594,7.21649,0.0525,40.3,10,Morningstar US CEF US Equity,16,BlackRock,True,8.73,0.06,9.85,2026-09-17T00:00:00,09260Q108,BlackRock Tech and Private Equity Term,2026-09-17,XBTPX,Equity-U.S. Equity,1.09,1018.881,,Monthly,-0.048940000000000004,0.0525,20.0,,,,1.46,,1162.209,True,True,True,False,True,True,,12.99,17.02,-4.75,-5.11,33.18,43.34,,,38.14,7636210,,,,,,,7.5108,-13.81351,1.12,0.06,0.58,2026-09-17T00:00:00,2021-03-26T00:00:00,3/26/2021,1616716800,2026-09-15T00:00:00
70,BUI,0.0082,7.2499,7.19066,0.154,18.0,8,Morningstar US CEF Sector Equity,16,BlackRock,True,25.7,-0.02,25.49,2026-09-16T00:00:00,09248D104,"BlackRock Util, Infra & Power Opp",2026-09-17,XBUIX,Equity-Sector Equity,0.11,773.172,,Monthly,0.19198,0.154,20.0,,,,1.09,,766.855,True,False,False,False,True,False,,15.85,17.32,8.31,7.83,13.63,9.61,,,9.67,751740,,,,,,,27.13406,1.67775,-0.29,-0.51,0.4,2026-09-17T00:00:00,2011-11-23T00:00:00,11/23/2011,1322006400,2026-09-15T00:00:00
71,BHV,0.2002,5.18027,4.31621,0.0455,4.65,24,Morningstar US CEF Municipal-Single State,16,BlackRock,False,12.65,0.35000000000000003,10.54,2026-09-17T00:00:00,092481100,BlackRock VA Municipal Bond,2026-09-17,XBHVX,Fixed Income - Municipal-Municipal - Single-State,40.84,20.091,0.024,Monthly,0.1615,0.0455,15.0,4.857,,,4.53,,28.299,True,True,True,False,False,False,,1.74,13.03,-3.1,-3.58,-1.7000000000000002,24.63,,,31.86,52990,8.6,,99.2945,,16.77,10.27,11.37417,-0.40657000000000004,2.4,2.19,1.72,2026-09-17T00:00:00,2002-04-30T00:00:00,4/30/2002,1020124800,2026-09-15T00:00:00
72,BGX,-0.1366,7.7607099999999996,8.98876,0.08,1.51,19,Morningstar US CEF Senior Loans,18,Blackstone Liquid Credit Strategies LLC,False,10.68,0.04,12.37,2026-09-17T00:00:00,09257D102,Blackstone Long-Short Credit Income,2026-09-17,XXBGX,Fixed Income - Taxable-Senior Loans,33.64,135.724,,Monthly,0.47335,0.08,20.0,7.1353,,,4.65,,236.901,True,False,False,False,False,False,,6.67,7.22,3.8,2.9699999999999998,0.07,-3.02,,,-6.21,691670,,,,,17.0,,11.20167,-11.01248,-1.57,-1.74,-1.98,2026-09-17T00:00:00,2011-01-27T00:00:00,1/27/2011,1296086400,2026-08-24T00:00:00
73,BSL,-0.0398,7.4281500000000005,7.73599,0.08399999999999999,0.73,19,Morningstar US CEF Senior Loans,18,Blackstone Liquid Credit Strategies LLC,False,13.03,0.04,13.57,2026-09-17T00:00:00,09256U105,Blackstone Senior Floating Rt 2027 term,2026-09-17,XBSLX,Fixed Income - Taxable-Senior Loans,33.3,169.65,,Monthly,0.49904,0.08399999999999999,20.0,7.1345,,,4.68,,264.881,True,False,False,False,False,True,,6.04,9.09,4.12,4.24,-0.19,1.08,,,-1.18,442720,,,,,3.73,,13.27965,-3.77449,-0.25,-1.13,-0.4,2026-09-17T00:00:00,2010-05-26T00:00:00,5/26/2010,1274832000,2026-08-24T00:00:00
74,BGB,-0.051399999999999994,7.48735,7.89333,0.074,0.71,19,Morningstar US CEF Senior Loans,18,Blackstone Liquid Credit Strategies LLC,False,11.25,0.03,11.86,2026-09-17T00:00:00,09257R101,Blackstone Strategic Credit 2027 term,2026-09-17,XBGBX,Fixed Income - Taxable-Senior Loans,38.87,502.636,,Monthly,0.40459,0.074,20.0,6.9282,,,5.4,,866.823,True,False,False,False,False,True,,6.57,10.02,3.73,4.53,-0.55,0.0,,,-3.4,1362480,,,,,17.78,,11.5183,-4.96941,-0.21,-1.0,-0.49,2026-09-17T00:00:00,2012-09-26T00:00:00,9/26/2012,1348617600,2026-08-24T00:00:00
75,BPRE,-0.46299999999999997,7.28932,13.57426,0.1371,-6.5,7,Morningstar US CEF Real Estate,19,"Bluerock Fund Advisors, LLC",True,12.12,0.0,22.57,2026-09-17T00:00:00,09631P102,Bluerock Private Real Estate Fund,2026-09-17,XBPREX,Equity-Real Estate,,1733.698,,Monthly,,0.1371,14.0,11.1334,,,0.0,,3228.511,False,True,True,False,True,False,,-6.54,,-1.62,,-3.07,-13.42,,,,0,,,,,,,,,,-0.71,-1.15,2026-09-17T00:00:00,2014-04-01T00:00:00,4/1/2014,1396310400,2026-09-16T00:00:00
76,DHF,-0.1364,7.95455,9.21053,0.017499999999999998,3.35,14,Morningstar US CEF High Yield,20,BNY Mellon,False,2.2800000000000002,0.01,2.64,2026-09-17T00:00:00,09660L105,BNY Mellon High Yield Strategies Fund,2026-09-17,XDHFX,Fixed Income - Taxable-High Yield,27.82,165.839,,Monthly,0.09917000000000001,0.017499999999999998,15.0,7.0814,,,3.18,,266.024,True,False,False,False,False,False,,9.23,10.94,3.38,1.44,1.96,0.53,,,-0.77,3488040,4.2,,98.7994,,4.58,,2.45837,-9.74252,-2.23,-2.47,-2.96,2026-09-17T00:00:00,1998-04-29T00:00:00,4/29/1998,893808000,2026-09-10T00:00:00
77,DMB,-0.0898,5.49954,6.0423,0.049999999999999996,7.02,21,Morningstar US CEF Municipal,20,BNY Mellon,False,9.93,-0.01,10.91,2026-09-17T00:00:00,09662W109,BNY Mellon Muni Bond Infrastructure Fund,2026-09-17,XDMBX,Fixed Income - Municipal-Municipal,36.91,182.771,,Monthly,0.24734,0.049999999999999996,15.0,5.1046,,,3.19,,318.304,True,False,False,False,False,False,,3.06,4.24,-1.35,-3.34,-0.5700000000000001,-0.51,,,10.77,559410,0.13,,98.7695,,11.8,9.1,10.79967,-7.35125,-1.25,-2.3,-1.98,2026-09-17T00:00:00,2013-04-26T00:00:00,4/26/2013,1366934400,2026-09-17T00:00:00
78,DSM,-0.0911,5.96026,6.55738,0.03,8.14,21,Morningstar US CEF Municipal,20,BNY Mellon,False,5.49,0.03,6.04,2026-09-17T00:00:00,09662E109,BNY Mellon Strategic Muni Bond,2026-09-17,XDSMX,Fixed Income - Municipal-Municipal,35.97,271.364,,Monthly,0.15742,0.03,10.0,5.0125,,,2.73,,466.247,True,False,False,False,False,False,,3.41,6.9,-1.92,-2.94,-0.1,-2.26,,,7.82,1103910,1.0,,96.7327,,9.3,8.35,6.01022,-7.13278,-1.49,-1.69,-1.9,2026-09-17T00:00:00,1989-11-22T00:00:00,11/22/1989,627696000,2026-09-14T00:00:00
79,LEO,-0.0858,5.61622,6.14334,0.03,8.01,21,Morningstar US CEF Municipal,20,BNY Mellon,False,5.86,0.04,6.41,2026-09-17T00:00:00,05588W108,BNY Mellon Strategic Municipals,2026-09-17,XLEOX,Fixed Income - Municipal-Municipal,35.31,365.024,,Monthly,0.15752,0.03,10.0,5.1313,,,2.76,,617.205,True,False,False,False,False,False,,3.81,7.04,-1.7000000000000002,-4.03,0.5,0.53,,,9.05,1977220,1.18,,96.899,,9.74,8.54,6.31038,-7.59892,-0.92,-1.21,-1.33,2026-09-17T00:00:00,1987-09-23T00:00:00,9/23/1987,559353600,2026-09-14T00:00:00
80,BWG,-0.1211,11.51079,13.09686,0.08,1.38,13,Morningstar US CEF Global Income,54,"Franklin Templeton Fund Adviser, LLC",True,7.33,0.03,8.34,2026-09-17T00:00:00,10537L104,BrandywineGLOBAL â Global Inc Opp Fund,2026-09-17,XBWGX,Fixed Income - Taxable-Global Income,41.89,123.084,,Monthly,0.40321,0.08,20.0,7.6342,,,4.62,,241.005,True,False,False,False,True,False,,7.84,10.25,0.6900000000000001,1.4,0.18,-1.22,,,-0.43,758650,,,,,,,8.14307,-8.71572,-2.26,-3.68,-2.73,2026-09-17T00:00:00,2012-03-28T00:00:00,3/28/2012,1332892800,2026-08-24T00:00:00
81,RA,-0.1174,10.38885,11.77057,0.118,5.61,14,Morningstar US CEF High Yield,21,Brookfield Public Securities Group LLC,True,12.03,0.09,13.63,2026-09-17T00:00:00,112830104,Brookfield Real Assets Income Fund Inc.,2026-09-17,XRAIX,Fixed Income - Taxable-High Yield,24.84,664.714,,Monthly,0.43376000000000003,0.118,25.0,6.5269,,,3.34,,1002.033,True,False,False,False,True,False,,8.38,10.71,3.9,0.68,3.14,4.19,,,3.51,1730650,,,96.6205,,8.9,,12.94084,-9.30325,-2.21,-2.4,-2.09,2026-09-17T00:00:00,2016-12-02T00:00:00,12/2/2016,1480636800,2026-09-10T00:00:00
82,CFND,-0.5424,,,,-18.67,10,Morningstar US CEF US Equity,23,C1 Advisors LLC,True,2.97,0.06,6.49,2026-06-30T00:00:00,12673Q103,C1 Fund Inc.,2026-09-17,XCFNDX,Equity-U.S. Equity,,19.508,,Semi-Annually,-0.24685,,10.0,,,,5.86,,42.629,False,False,False,False,True,False,,,,,,-16.9,-41.43,,,-66.27,431360,,,,,,,4.51511,-39.86146,-0.76,-0.15,-0.44,2026-09-17T00:00:00,2025-08-07T00:00:00,8/7/2025,1754524800,
83,CHY,0.0049,9.70874,9.66184,0.09999999999999999,27.21,11,Morningstar US CEF Convertibles,24,Calamos Advisors LLC,False,12.42,0.3,12.36,2026-09-17T00:00:00,12811P108,Calamos Convertible & High Income Fund,2026-09-17,XCHYX,Fixed Income - Taxable-Convertibles,32.27,997.702,,Monthly,-0.10886,0.09999999999999999,15.0,3.6347,,,4.01,,1465.901,True,True,True,False,False,False,,18.14,15.73,5.75,6.02,18.8,20.53,,,29.99,1866220,,,110.455,,,,12.13462,-0.70603,0.59,-0.2,0.62,2026-09-17T00:00:00,2003-05-28T00:00:00,5/28/2003,1054080000,2026-09-14T00:00:00
84,CHI,0.0421,9.80224,9.40594,0.095,26.68,11,Morningstar US CEF Convertibles,24,Calamos Advisors LLC,False,12.12,0.09,11.63,2026-09-17T00:00:00,128117108,Calamos Convertible Opp Inc,2026-09-17,XCHIX,Fixed Income - Taxable-Convertibles,31.62,978.166,,Monthly,-0.09886,0.095,15.0,3.5968,,,3.98,,1372.67,True,True,True,False,False,False,,17.89,17.7,5.64,6.53,18.56,28.22,,,34.65,1796000,,,110.6368,,,,11.75197,2.00377,0.8300000000000001,-0.6900000000000001,0.37,2026-09-17T00:00:00,2002-06-26T00:00:00,6/26/2002,1025049600,2026-09-14T00:00:00
85,CCD,0.014199999999999999,10.10363,9.96169,0.19499999999999998,31.68,11,Morningstar US CEF Convertibles,24,Calamos Advisors LLC,False,23.49,0.42,23.16,2026-09-17T00:00:00,12811V105,Calamos Dynamic Convertible and Income,2026-09-17,XCCDX,Fixed Income - Taxable-Convertibles,30.08,671.411,,Monthly,-0.41014,0.19499999999999998,25.0,2.6269,,,4.26,,946.737,True,True,False,False,False,True,,19.73,18.95,5.79,5.98,21.88,24.83,,,32.83,811030,,,,,,,23.16274,1.6604800000000002,-0.1,-0.52,-0.05,2026-09-17T00:00:00,2015-03-27T00:00:00,3/27/2015,1427414400,2026-09-14T00:00:00
86,CHW,-0.11689999999999999,7.79221,8.82353,0.06,23.96,25,Morningstar US CEF Global Allocation,24,Calamos Advisors LLC,False,8.16,0.11,9.24,2026-09-17T00:00:00,12811L107,Calamos Global Dynamic Income Fund,2026-09-17,XCHWX,Hybrid-Global Allocation,29.92,521.133,,Monthly,-0.03591,0.06,15.0,4.8766,,,3.85,,842.07,True,True,False,False,False,False,,20.87,22.27,7.13,4.85,19.53,19.04,,,24.77,1849350,,,,,,,8.03743,-10.21836,-1.12,-1.71,-0.73,2026-09-17T00:00:00,2007-06-27T00:00:00,6/27/2007,1182902400,2026-09-14T00:00:00
87,CGO,-0.10310000000000001,7.63791,8.51587,0.09,24.28,25,Morningstar US CEF Global Allocation,24,Calamos Advisors LLC,False,12.6822,0.2,14.14,2026-09-17T00:00:00,128118106,Calamos Global Total Return,2026-09-17,XCGOX,Hybrid-Global Allocation,29.83,124.632,,Monthly,-0.07175000000000001,0.09,15.0,4.7922,,,4.02,,198.035,True,True,False,False,False,False,,21.43,22.24,7.04,4.22,20.31,20.96,,,21.21,257830,,,,,,,12.41597,-9.20432,-0.81,-0.88,-0.27,2026-09-17T00:00:00,2005-10-27T00:00:00,10/27/2005,1130371200,2026-09-14T00:00:00
88,CPZ,-0.1413,11.30552,13.16614,0.13999999999999999,-4.7,5,Morningstar US CEF Global Equity,24,Calamos Advisors LLC,False,12.76,-0.02,14.86,2026-09-17T00:00:00,12812C106,Calamos L/S Equity & Dynamic Inc Trust,2026-09-17,XCPZX,Equity-Global Equity,48.59,250.507,,Monthly,0.08155,0.13999999999999999,20.0,5.7136,,,4.38,,567.425,True,False,False,False,False,False,,5.6,7.23,2.69,2.5700000000000003,-0.27,-2.49,,,-10.75,774590,,,99.3359,,,,14.20077,-10.28764,-1.8,-1.56,-1.63,2026-09-17T00:00:00,2019-11-29T00:00:00,11/29/2019,1574985600,2026-09-14T00:00:00
89,CSQ,-0.0825,7.26457,7.91789,0.13499999999999998,24.42,26,Morningstar US CEF US Allocation,24,Calamos Advisors LLC,False,20.46,0.3,22.3,2026-09-17T00:00:00,128125101,Calamos Strategic Total Return,2026-09-17,XCSQX,Hybrid-U.S. Allocation,28.31,3281.163,,Monthly,-0.08754,0.13499999999999998,15.0,4.2309,,,3.69,,4988.41,True,True,True,False,False,False,,23.72,20.74,12.42,10.35,14.96,14.07,,,20.95,2243320,,,,,,,19.4958,-8.54941,0.2,0.81,1.42,2026-09-17T00:00:00,2004-03-26T00:00:00,3/26/2004,1080259200,2026-09-14T00:00:00
90,CCIF,-0.2322,22.29102,29.03226,0.06,-39.45,19,Morningstar US CEF Senior Loans,25,Carlyle Global Credit Inv Mgmt,True,2.48,-0.21,3.23,2026-08-31T00:00:00,92535C104,Carlyle Credit Income Ord,2026-09-17,XCCIFX,Fixed Income - Taxable-Senior Loans,45.55,52.573,,Monthly,0.18345,0.06,8.65,8.718,,,11.36,,125.744,True,False,False,False,True,False,,-16.03,-15.07,-13.35,-11.34,-31.65,-31.98,,,-39.74,1291580,,,46.8847,,,,3.8407,-10.727,-2.02,-2.2,-1.67,2026-09-17T00:00:00,2011-12-30T00:00:00,12/30/2011,1325203200,2026-09-18T00:00:00
91,IGR,-0.024399999999999998,17.02128,17.4475,0.18,3.61,7,Morningstar US CEF Real Estate,26,CBRE Investment Management Listed Real Assets LLC,True,12.38,0.08,12.69,2026-09-17T00:00:00,12504G878,CBRE Global Real Estate Income,2026-09-17,XIGRX,Equity-Real Estate,33.35,625.753,,Monthly,0.12236,0.18,15.0,,,,3.84,,962.356,True,False,False,False,True,False,,6.0,10.87,-1.3900000000000001,1.3599999999999999,8.96,15.49,,,5.05,2474270,,,,,,,14.02299,0.9911700000000001,-1.53,-1.8399999999999999,-2.43,2026-09-17T00:00:00,2004-02-18T00:00:00,2/18/2004,1077062400,2026-08-20T00:00:00
92,CET,-0.1668,0.92731,1.11291,0.31,14.2,10,Morningstar US CEF US Equity,27,Central Securities Corp,False,55.71,0.21,66.86,2026-09-11T00:00:00,155123102,Central Securities Corporation,2026-09-17,XCETX,Equity-U.S. Equity,0.32,1646.19,,Semi-Annually,0.8325400000000001,0.31,10.0,,,,0.46,,1975.664,True,True,False,False,False,False,,18.97,20.77,10.54,11.52,7.98,7.86,,,14.9,372850,,,,,,0.05,52.06644,-15.65023,-1.11,-0.55,-1.09,2026-09-17T00:00:00,1980-07-28T00:00:00,7/28/1980,333590400,2026-06-12T00:00:00
93,EMO,-0.0949,7.33571,8.10507,0.41,33.89,6,Morningstar US CEF MLP,54,"Franklin Templeton Fund Adviser, LLC",False,53.3,-0.14,58.89,2026-09-17T00:00:00,18469P209,ClearBridge Energy Midstream Opportunity,2026-09-17,XEMOX,Equity-MLP,24.17,1065.48,,Monthly,-0.08994,0.41,20.0,,,,3.12,,1552.434,True,True,True,False,False,False,,28.97,31.82,27.77,31.61,30.87,29.78,,,25.9,554540,,,,,,,48.81349,-9.76885,0.14,0.76,0.8300000000000001,2026-09-17T00:00:00,2011-06-13T00:00:00,6/13/2011,1307923200,2026-08-24T00:00:00
94,GLV,-0.12390000000000001,10.0177,11.43434,0.0566,16.91,25,Morningstar US CEF Global Allocation,28,Clough Capital Partners L.P.,True,5.94,-0.02,6.78,2026-09-17T00:00:00,18913Y103,Clough Global Dividend and Income,2026-09-17,XGLVX,Hybrid-Global Allocation,33.37,73.714,,Monthly,0.00647,0.0566,20.0,4.812,,,3.06,,126.268,True,False,False,False,True,False,,12.74,16.77,0.87,-1.1400000000000001,9.44,10.02,,,16.92,406170,,,,,14.12,11.85,6.15609,-11.94576,-0.42,0.06,0.12,2026-09-17T00:00:00,2004-07-28T00:00:00,7/28/2004,1090972800,2026-09-17T00:00:00
95,GLQ,-0.099,10.18393,11.30233,0.07289999999999999,15.47,5,Morningstar US CEF Global Equity,28,Clough Capital Partners L.P.,True,7.74,-0.06,8.59,2026-09-17T00:00:00,18914C100,Clough Global Equity,2026-09-17,XGLQX,Equity-Global Equity,33.8,145.033,,Monthly,-0.056870000000000004,0.07289999999999999,20.0,,,,3.41,,243.13,True,False,True,False,True,False,,17.75,23.11,-0.41000000000000003,-0.9,8.54,12.55,,,20.42,620350,,,,,0.06,,8.01518,-11.14869,1.1400000000000001,0.49,0.6900000000000001,2026-09-17T00:00:00,2005-04-27T00:00:00,4/27/2005,1114560000,2026-09-17T00:00:00
96,GLO,-0.1149,10.42718,11.78062,0.0537,10.64,25,Morningstar US CEF Global Allocation,28,Clough Capital Partners L.P.,True,5.47,-0.03,6.18,2026-09-17T00:00:00,18914E106,Clough Global Opportunities,2026-09-17,XGLOX,Hybrid-Global Allocation,34.39,233.931,,Monthly,-0.0235,0.0537,20.0,4.8247,,,3.54,,402.846,True,False,False,False,True,False,,13.53,18.46,-2.89,-3.9,5.72,9.24,,,15.23,1488990,,,,,16.22,13.53,5.81498,-11.34512,-0.15,-0.64,-0.26,2026-09-17T00:00:00,2006-04-25T00:00:00,4/25/2006,1145923200,2026-09-17T00:00:00
97,FOF,-0.033,8.0,8.27258,0.087,15.88,26,Morningstar US CEF US Allocation,30,"Cohen &amp; Steers Capital Management, Inc.",False,12.62,0.09,13.05,2026-09-17T00:00:00,19248P106,Cohen & Steers Closed-End Opportunity,2026-09-17,XFOFX,Hybrid-U.S. Allocation,,350.505,,Monthly,0.17872,0.087,20.0,6.1386,,7.64,0.9500000000000001,,362.447,False,False,False,False,False,False,,18.07,17.37,7.97,7.11,8.11,8.51,,,12.57,619040,,,95.6359,,,,13.49346,0.92905,-2.33,-2.92,-3.1,2026-09-17T00:00:00,2006-11-20T00:00:00,11/20/2006,1163980800,2026-09-08T00:00:00
98,UTF,-0.0591,7.40741,7.8727599999999995,0.16499999999999998,13.81,8,Morningstar US CEF Sector Equity,29,Cohen &amp; Steers,False,25.15,0.29,26.73,2026-09-17T00:00:00,19248A109,Cohen & Steers Infrastructure,2026-09-17,XUTFX,Equity-Sector Equity,28.82,2812.024,,Monthly,0.38602000000000003,0.16499999999999998,20.0,5.4498,,,3.43,,4198.684,True,False,False,False,False,False,,16.2,16.59,7.74,6.43,12.1,18.08,,,9.53,3608940,,,103.041,,7.43,,25.83923,-5.40524,-0.22,-3.06,-0.65,2026-09-17T00:00:00,2004-03-30T00:00:00,3/30/2004,1080604800,2026-09-08T00:00:00
99,LDP,-0.09140000000000001,7.21763,7.94341,0.131,6.41,18,Morningstar US CEF Preferreds,30,"Cohen &amp; Steers Capital Management, Inc.",False,19.79,0.18,21.78,2026-09-17T00:00:00,19248C105,Cohen & Steers Ltd Duration Pref & Inc,2026-09-17,XLDPX,Fixed Income - Taxable-Preferreds,33.22,575.478,,Monthly,0.7218,0.131,25.0,,,,3.67,,948.345,True,False,False,False,False,False,,11.76,13.8,4.3,2.9699999999999998,2.85,3.29,,,4.74,630510,,,,,88.99,,20.98821,-6.0431,-2.21,-2.34,-2.03,2026-09-17T00:00:00,2012-07-27T00:00:00,7/27/2012,1343347200,2026-09-08T00:00:00
100,RQI,-0.0897,8.57143,9.41587,0.09,13.23,7,Morningstar US CEF Real Estate,29,Cohen &amp; Steers,False,11.47,0.05,12.6,2026-09-17T00:00:00,19247L106,Cohen & Steers Qual Inc Realty,2026-09-17,XRQIX,Equity-Real Estate,27.7,1686.944,,Monthly,0.13026000000000001,0.09,15.0,4.5417000000000005,,,3.45,,2563.263,True,False,False,False,False,False,,12.01,11.12,3.3,2.52,17.1,12.9,,,6.78,5141930,,,102.1293,,7.49,,12.39354,-4.14133,-1.58,-0.9400000000000001,-1.22,2026-09-17T00:00:00,2002-02-28T00:00:00,2/28/2002,1014854400,2026-09-08T00:00:00
101,RLTY,-0.09910000000000001,8.12808,9.02256,0.11,12.04,7,Morningstar US CEF Real Estate,30,"Cohen &amp; Steers Capital Management, Inc.",True,14.63,0.06,16.24,2026-09-17T00:00:00,19249Q103,Cohen & Steers Real Estate Opp & Inc Fd,2026-09-17,XRLTX,Equity-Real Estate,34.18,244.649,,Monthly,0.17708000000000002,0.11,20.0,5.2869,,,4.55,,412.572,True,False,False,False,True,False,,11.32,13.9,,,12.6,11.5,,,8.1,599990,,,104.0393,,,,15.29519,-7.57332,-1.9100000000000001,-2.29,-2.13,2026-09-17T00:00:00,2022-02-24T00:00:00,2/24/2022,1645660800,2026-09-08T00:00:00
102,RNP,-0.06860000000000001,7.77513,8.34783,0.13599999999999998,9.42,7,Morningstar US CEF Real Estate,30,"Cohen &amp; Steers Capital Management, Inc.",True,19.55,0.15,20.99,2026-09-17T00:00:00,19247X100,Cohen & Steers REIT & Preferred Inc Fd,2026-09-17,XRNPX,Equity-Real Estate,30.88,938.402,,Monthly,0.40266,0.13599999999999998,25.0,5.8091,,,3.37,,1457.647,True,False,False,False,True,False,,11.69,10.75,3.41,2.44,10.14,6.8100000000000005,,,-2.66,1221690,,,106.003,,6.69,,20.65971,-3.58637,-1.02,0.49,-0.6,2026-09-17T00:00:00,2003-06-27T00:00:00,6/27/2003,1056672000,2026-09-08T00:00:00
103,PSF,-0.1151,7.13544,8.064,0.126,5.66,18,Morningstar US CEF Preferreds,29,Cohen &amp; Steers,False,18.75,0.18,21.19,2026-09-17T00:00:00,19248Y107,Cohen & Steers Select Preferred & Inc,2026-09-17,XPSFX,Fixed Income - Taxable-Preferreds,33.6,225.529,,Monthly,0.69831,0.126,25.0,7.0987,,,3.76,,383.877,True,False,False,False,False,False,,11.29,10.71,3.13,-1.5,2.06,1.09,,,2.94,382510,,,101.0886,,86.4,,20.03523,-8.51842,-2.0,-1.97,-2.21,2026-09-17T00:00:00,2010-11-24T00:00:00,11/24/2010,1290556800,2026-09-08T00:00:00
104,PTA,-0.0928,8.06419,8.88889,0.13399999999999998,4.62,18,Morningstar US CEF Preferreds,30,"Cohen &amp; Steers Capital Management, Inc.",True,18.09,0.28,19.94,2026-09-17T00:00:00,19249X108,Cohen & Steers Tax-adv Prd Sec and Inc,2026-09-17,XPTAX,Fixed Income - Taxable-Preferreds,35.44,999.897,,Monthly,0.63166,0.13399999999999998,25.0,7.3128,,,4.36,,1707.057,True,False,False,False,True,False,,10.01,9.61,2.74,1.8599999999999999,1.5,1.1,,,-0.63,1456450,,,103.3882,,,,19.35745,-6.77064,-1.6400000000000001,-1.17,-1.51,2026-09-17T00:00:00,2020-10-28T00:00:00,10/28/2020,1603843200,2026-09-08T00:00:00
105,RFI,-0.0388,8.47308,8.81543,0.08,9.1,7,Morningstar US CEF Real Estate,30,"Cohen &amp; Steers Capital Management, Inc.",False,10.89,0.1,11.33,2026-09-17T00:00:00,19247R103,Cohen & Steers Total Return,2026-09-17,XRFIX,Equity-Real Estate,0.04,291.434,,Monthly,0.15775,0.08,15.0,6.5819,,,0.9400000000000001,,303.334,True,False,False,False,False,False,,9.52,8.93,2.7,0.68,11.15,8.41,,,1.78,949210,,,,,,,11.40767,-1.4010500000000001,-0.9500000000000001,0.13,-0.3,2026-09-17T00:00:00,1993-09-27T00:00:00,9/27/1993,749088000,2026-09-08T00:00:00
106,STK,-0.0664,3.29475,3.52919,0.46249999999999997,79.33,3,Morningstar US CEF Covered Call,31,"Columbia Mgmt Investment Advisers, LLC",True,52.42,0.84,56.15,2026-09-17T00:00:00,19842X109,Columbia Seligman Premium Technology Gr,2026-09-17,XSTKX,Equity-Covered-Call Funds,,925.807,,Quarterly,-0.11919,0.46249999999999997,20.0,,,,1.12,,991.684,False,True,False,False,True,False,,38.16,32.09,21.73,20.22,49.41,46.43,,,76.17,568850,,,,,,,43.70427,-4.49227,-1.02,0.05,-0.67,2026-09-17T00:00:00,2009-11-25T00:00:00,11/25/2009,1259107200,2026-08-17T00:00:00
107,CLM,0.026099999999999998,23.55983,22.96063,0.1215,16.72,10,Morningstar US CEF US Equity,32,"Cornerstone Advisors, LLC",True,6.35,-0.22,6.31,2026-09-11T00:00:00,21924B302,Cornerstone Strategic Investment Fund,2026-09-17,XCLMX,Equity-U.S. Equity,0.0,1966.445,,Monthly,-0.00202,0.1215,38.52,,,,1.1,,1916.432,True,False,False,False,True,False,,19.73,12.29,12.1,7.86,9.63,-8.97,,,-0.37,18825850,,,,,,,7.7333,18.54924,-3.07,-1.72,-2.38,2026-09-17T00:00:00,1987-06-23T00:00:00,6/23/1987,551404800,2026-09-15T00:00:00
108,CRF,0.0213,23.5106,23.02121,0.1176,17.04,10,Morningstar US CEF US Equity,32,"Cornerstone Advisors, LLC",True,6.13,-0.19,6.12,2026-09-11T00:00:00,21924U300,Cornerstone Total Return Fund,2026-09-17,XCRFX,Equity-U.S. Equity,9.5,1035.298,,Monthly,-0.00521,0.1176,25.0,,,,1.13,,1013.748,True,False,False,False,True,False,,20.08,9.97,12.54,6.75,9.74,-8.96,,,-1.6099999999999999,12779180,,,,,,,7.41954,17.35798,-2.93,-1.6800000000000002,-2.2800000000000002,2026-09-17T00:00:00,1973-05-16T00:00:00,5/16/1973,106358400,2026-09-15T00:00:00
109,DXYZ,-0.09179999999999999,,,,395.66,8,Morningstar US CEF Sector Equity,34,Destiny Advisors LLC,True,31.15,4.42,34.3,2026-03-31T00:00:00,25063F107,Destiny Tech100 Inc,2026-09-17,DXYZ,Equity-Sector Equity,,1484.526,,Monthly,-0.28507,,,,,,4.53,,1634.647,False,True,False,False,True,False,,,,,,71.76,4.9,,,17.43,20135550,,,,,,,30.39981,65.14697,-0.91,0.6900000000000001,-0.3,2026-09-17T00:00:00,2024-03-26T00:00:00,3/26/2024,1711411200,
110,DMA,-0.16329999999999997,15.10067,18.04813,0.11249999999999999,0.62,26,Morningstar US CEF US Allocation,35,Destra Capital Advisors LLC,True,7.48,-0.09,8.94,2026-09-17T00:00:00,25065A502,Destra Multi-Alternative,2026-09-17,XDMAX,Hybrid-U.S. Allocation,11.0,67.045,,Monthly,0.19305,0.11249999999999999,,,,,3.29,,90.031,True,False,False,False,True,False,,1.4,17.43,-0.24,,-1.5,-4.93,,,2.32,245080,,,,,0.11,,8.18363,-14.66262,-0.65,-0.71,-0.24,2026-09-17T00:00:00,2022-01-13T00:00:00,1/13/2022,1642032000,2026-09-18T00:00:00
111,DNP,0.0966,8.3691,7.63209,0.065,11.22,8,Morningstar US CEF Sector Equity,39,Duff &amp; Phelps Inv Mgmt Co (IL),True,10.22,0.02,9.32,2026-09-17T00:00:00,23325P104,DNP Select Income,2026-09-17,XDNPX,Equity-Sector Equity,23.84,3871.363,,Monthly,0.10944,0.065,10.0,5.7021,,,2.5300000000000002,,4635.291,True,False,True,False,True,False,,16.02,11.43,8.53,8.38,10.08,13.86,,,18.4,5999530,,,,,7.32,5.85,10.41655,6.84561,0.79,-0.45,0.52,2026-09-17T00:00:00,1987-01-21T00:00:00,1/21/1987,538185600,2026-08-31T00:00:00
112,DSL,-0.0872,11.74377,12.8655,0.11,3.17,13,Morningstar US CEF Global Income,37,DoubleLine Capital LP,False,10.26,0.09,11.24,2026-09-17T00:00:00,258622109,DoubleLine Income Solutions Fund,2026-09-17,XDSLX,Fixed Income - Taxable-Global Income,23.93,1175.499,,Monthly,0.47242,0.11,25.0,7.697,,,2.98,,1692.779,True,False,False,False,False,False,,9.89,7.13,1.01,0.56,3.7800000000000002,2.24,,,-4.06,5769800,,,91.9731,,,,11.16612,-4.90041,-2.23,-1.82,-2.3,2026-09-17T00:00:00,2013-04-26T00:00:00,4/26/2013,1366934400,2026-09-16T00:00:00
113,DBL,-0.0341,9.19861,9.52381,0.11,2.92,17,Morningstar US CEF Multi-Sector,36,DoubleLine,False,13.86,0.04,14.35,2026-09-17T00:00:00,258623107,Doubleline Opportunistic Cred,2026-09-17,XDBLX,Fixed Income - Taxable-Multi-Sector,8.1,274.039,,Monthly,0.46533,0.11,25.0,6.3626000000000005,,,2.02,,308.727,True,False,False,False,False,False,,9.09,8.81,2.64,1.8599999999999999,2.26,-1.57,,,-0.84,634780,,,83.6213,,,,14.75982,-1.05914,-1.35,-1.1,-1.38,2026-09-17T00:00:00,2012-01-26T00:00:00,1/26/2012,1327536000,2026-09-16T00:00:00
114,DLY,-0.0974,9.40497,10.41964,0.1167,3.71,17,Morningstar US CEF Multi-Sector,37,DoubleLine Capital LP,True,13.44,0.06,14.89,2026-09-17T00:00:00,25862D105,DoubleLine Yield Opportunities Fund,2026-09-17,XDLYX,Fixed Income - Taxable-Multi-Sector,16.23,652.369,,Monthly,0.62071,0.1167,20.0,7.611,,,2.89,,862.751,True,False,False,False,True,False,,8.74,8.22,2.76,2.08,2.69,1.8399999999999999,,,-1.4,2067060,,,95.0661,,,,14.34027,-6.86237,-2.2,-2.18,-2.13,2026-09-17T00:00:00,2020-02-25T00:00:00,2/25/2020,1582588800,2026-09-16T00:00:00
115,DTF,-0.0337,3.28283,3.39721,0.0325,1.9100000000000001,21,Morningstar US CEF Municipal,38,Duff &amp; Phelps,False,11.48,0.0,11.88,2026-09-17T00:00:00,23334J107,DTF Tax-Free Income 2028 Term,2026-09-17,XDTFX,Fixed Income - Municipal-Municipal,32.16,80.699,,Monthly,0.13742000000000001,0.0325,15.0,4.9276,,,1.08,,83.511,True,True,True,False,False,False,,2.38,5.65,-2.5,-1.48,0.91,3.63,,,5.84,74680,,,103.9925,,8.11,1.63,11.43248,-5.3501,2.02,1.6400000000000001,1.83,2026-09-17T00:00:00,1991-11-29T00:00:00,11/29/1991,691372800,2026-09-15T00:00:00
116,DPG,-0.11779999999999999,5.85937,6.64207,0.075,21.33,8,Morningstar US CEF Sector Equity,39,Duff &amp; Phelps Inv Mgmt Co (IL),True,13.55,0.01,15.36,2026-09-17T00:00:00,26433C105,Duff & Phelps Utility and Infra Fund Inc,2026-09-17,XDPGX,Equity-Sector Equity,22.42,487.761,,Monthly,0.045200000000000004,0.075,20.0,,,,3.34,,712.724,True,False,False,False,True,False,,22.17,24.56,11.42,8.97,15.97,18.01,,,20.11,715250,,,,,,,13.90997,-10.66465,-1.1400000000000001,-1.53,-1.15,2026-09-17T00:00:00,2011-07-29T00:00:00,7/29/2011,1311897600,2026-08-31T00:00:00
117,KTF,-0.0163,8.51163,8.65248,0.061,7.77,21,Morningstar US CEF Municipal,41,"DWS Investment Management Americas, Inc.",False,8.46,0.09,8.6,2026-09-17T00:00:00,233368109,DWS Municipal Income,2026-09-17,XKTFX,Fixed Income - Municipal-Municipal,37.82,331.494,,Monthly,0.19611,0.061,12.0,4.4738,,15.48,3.14,,541.98,True,False,True,False,False,False,,3.31,9.15,-1.83,-0.77,0.04,1.6,,,7.57,1374700,,,97.3387,,13.42,8.84,9.07981,-1.6853,0.06,-1.19,-1.29,2026-09-17T00:00:00,1988-10-20T00:00:00,10/20/1988,593308800,2026-08-19T00:00:00
118,GRF,-0.1412,7.0598,8.2205,0.85,4.27,10,Morningstar US CEF US Equity,98,Sims Capital Management LLC,False,10.34,-0.09,12.04,2026-09-11T00:00:00,269451100,Eagle Capital Growth,2026-09-17,XGRFX,Equity-U.S. Equity,,41.027,,Annually,0.02503,0.85,10.0,,,,1.28,,47.773,False,False,False,False,False,False,,10.53,10.12,7.55,8.24,2.59,-6.08,,,3.31,31120,,,,,,,10.44561,-13.08401,-0.3,1.16,0.37,2026-09-17T00:00:00,1990-07-02T00:00:00,7/2/1990,646876800,2025-11-21T00:00:00
119,ECC,-0.1425,16.82243,19.61853,0.06,-23.2,19,Morningstar US CEF Senior Loans,42,Eagle Point Credit Management,False,3.67,-0.23,4.34,2026-08-31T00:00:00,269808101,Eagle Point Credit Company LLC,2026-09-17,XECCX,Fixed Income - Taxable-Senior Loans,30.65,488.149,,Monthly,0.61938,0.06,20.0,,,,9.21,,820.895,True,False,False,False,False,False,,-2.95,-9.06,-0.8300000000000001,-3.43,-11.98,-18.55,,,-32.09,13961320,,,,,,,4.73682,-9.54007,-0.64,-0.07,-0.6,2026-09-17T00:00:00,2014-10-08T00:00:00,10/8/2014,1412726400,2026-09-10T00:00:00
120,EIC,-0.2183,10.71429,13.70717,0.11,-3.26,14,Morningstar US CEF High Yield,43,Eagle Point Income Management LLC,False,9.63,-0.4,12.43,2026-08-31T00:00:00,269817102,Eagle Point Income Co Inc,2026-09-17,XEICX,Fixed Income - Taxable-High Yield,11.77,221.911,,Monthly,,0.11,19.89,10.1647,,,6.36,,321.781,True,False,False,False,False,False,,11.08,2.61,6.53,2.3,0.12,-4.45,,,-18.04,1457030,,,87.475,,,,10.72913,-17.11047,-1.09,-2.76,-1.6099999999999999,2026-09-17T00:00:00,2019-07-23T00:00:00,7/23/2019,1563840000,2026-09-10T00:00:00
121,CEV,-0.0375,5.76369,5.98802,0.049999999999999996,8.37,22,Morningstar US CEF Municipal-CA,45,Eaton Vance Management,False,10.02,-0.26,10.41,2026-09-17T00:00:00,27826F101,Eaton Vance CA Muni Inc,2026-09-17,XCEVX,Fixed Income - Municipal-Municipal - CA,33.97,70.476,0.02,Monthly,0.23213,0.049999999999999996,15.0,6.6915,,,2.48,,110.886,True,False,True,False,False,False,,3.02,8.97,-1.65,-0.37,0.78,10.54,,,19.2,247830,3.0,,97.7543,,,10.15,10.31523,-6.67579,1.38,0.34,0.9400000000000001,2026-09-17T00:00:00,1999-01-29T00:00:00,1/29/1999,917568000,2026-09-14T00:00:00
122,EOI,-0.0662,7.64208,8.18349,0.1338,9.92,3,Morningstar US CEF Covered Call,45,Eaton Vance Management,True,19.62,0.22,21.01,2026-09-17T00:00:00,278274105,Eaton Vance Enhanced Equity Income,2026-09-17,XEOIX,Equity-Covered-Call Funds,,804.454,,Monthly,-0.04159,0.1338,20.0,,,,1.1,,861.447,False,False,False,False,True,False,,17.35,15.16,10.5,9.23,6.07,3.42,,,2.0,798130,,,,,,,20.03613,-4.28059,-0.96,-0.26,-0.48,2026-09-17T00:00:00,2004-10-26T00:00:00,10/26/2004,1098748800,2026-09-15T00:00:00
123,EOS,-0.10710000000000001,7.73751,8.66572,0.1523,7.66,3,Morningstar US CEF Covered Call,44,Eaton Vance,True,21.09,0.23,23.62,2026-09-17T00:00:00,278277108,Eaton Vance Enhanced Equity Income II,2026-09-17,XEOSX,Equity-Covered-Call Funds,,1124.435,,Monthly,-0.06004,0.1523,20.0,,,,1.09,,1259.324,False,False,False,False,True,False,,16.82,15.04,8.13,5.6,2.89,-2.38,,,-2.22,1215270,,,,,,,22.30891,-7.4513300000000005,-1.46,-1.6,-1.77,2026-09-17T00:00:00,2005-01-26T00:00:00,1/26/2005,1106697600,2026-09-15T00:00:00
124,EFT,-0.11560000000000001,7.13568,8.06818,0.071,1.3,19,Morningstar US CEF Senior Loans,45,Eaton Vance Management,False,10.56,0.04,11.94,2026-09-17T00:00:00,278279104,Eaton Vance Floating-Rate Income,2026-09-17,XEFTX,Fixed Income - Taxable-Senior Loans,31.66,280.664,,Monthly,0.42226,0.071,20.0,6.7466,,,4.45,,464.342,True,False,False,False,False,False,,6.06,5.75,4.83,2.33,0.53,-0.97,,,-4.2,1131650,,,,,,,11.06554,-9.59437,-1.43,-1.24,-1.29,2026-09-17T00:00:00,2004-06-29T00:00:00,6/29/2004,1088467200,2026-09-15T00:00:00
125,EVV,-0.1084,8.52761,9.56422,0.06949999999999999,2.27,16,Morningstar US CEF Limited Duration,44,Eaton Vance,False,8.72,0.06,9.78,2026-09-17T00:00:00,27828H105,Eaton Vance Limited Duration Income,2026-09-17,XEVVX,Fixed Income - Taxable-Limited Duration,41.35,1013.294,,Monthly,0.31291,0.06949999999999999,20.0,6.6631,,0.0,4.04,,1937.621,True,False,False,False,False,False,,7.35,9.05,3.16,2.17,0.4,-2.59,,,-3.69,3324900,,,97.9783,,,,9.60397,-6.57924,-2.24,-2.3,-2.63,2026-09-17T00:00:00,2003-05-30T00:00:00,5/30/2003,1054252800,2026-09-14T00:00:00
126,EIM,-0.0775,6.1328,6.64776,0.0508,5.71,21,Morningstar US CEF Municipal,45,Eaton Vance Management,False,9.17,0.12,9.94,2026-09-17T00:00:00,27827X101,Eaton Vance Municipal Bond,2026-09-17,XEIMX,Fixed Income - Municipal-Municipal,31.59,471.087,0.030000000000000002,Monthly,0.24144000000000002,0.0508,15.0,6.4756,,,2.88,,746.489,True,False,False,False,False,False,,2.5700000000000003,5.88,-1.67,-2.05,0.02,2.6,,,3.76,1535690,7.0,,101.3506,,,8.03,9.81364,-7.14783,-0.76,-1.23,-1.04,2026-09-17T00:00:00,2002-08-30T00:00:00,8/30/2002,1030665600,2026-09-15T00:00:00
127,EVN,0.0098,6.04715,5.98833,0.0513,6.99,21,Morningstar US CEF Municipal,44,Eaton Vance,False,10.28,0.13,10.18,2026-09-17T00:00:00,27826U108,Eaton Vance Municipal Income,2026-09-17,XEVNX,Fixed Income - Municipal-Municipal,34.93,410.407,0.045,Monthly,0.26558,0.0513,15.0,7.1799,,,2.46,,624.568,True,False,True,False,False,False,,3.7199999999999998,10.08,-1.3599999999999999,-0.41000000000000003,0.99,3.98,,,9.12,755490,7.0,,99.5019,,,7.79,10.81441,0.5251,0.26,-0.28,0.51,2026-09-17T00:00:00,1999-01-29T00:00:00,1/29/1999,917568000,2026-09-14T00:00:00
128,EOT,-0.0696,4.75406,5.10973,0.0683,6.8,21,Morningstar US CEF Municipal,45,Eaton Vance Management,False,16.04,0.16,17.24,2026-09-17T00:00:00,27829L105,Eaton Vance National Municipal Opprs Tr,2026-09-17,XEOTX,Fixed Income - Municipal-Municipal,13.01,250.624,0.099,Monthly,0.41933000000000004,0.0683,20.0,5.6834,,,1.25,,309.671,True,False,False,False,False,False,,4.21,6.47,-0.36,-0.97,0.9500000000000001,5.27,,,9.0,360000,20.0,,96.1856,,,9.21,17.07484,-5.53019,-0.74,-2.31,-1.4,2026-09-17T00:00:00,2009-05-27T00:00:00,5/27/2009,1243382400,2026-09-15T00:00:00
129,ETJ,-0.0941,8.65116,9.55012,0.06509999999999999,2.25,3,Morningstar US CEF Covered Call,45,Eaton Vance Management,True,8.18,0.06,9.03,2026-09-17T00:00:00,27829G106,Eaton Vance Risk-Mgd Divers Eq Inc,2026-09-17,XETJX,Equity-Covered-Call Funds,,550.529,,Monthly,-0.01498,0.06509999999999999,20.0,,,,1.12,,607.735,False,False,False,False,True,False,,11.15,11.22,6.05,3.9,0.05,2.44,,,3.5,1345580,,,,,,,8.58278,-8.8256,-0.72,-1.18,-0.5700000000000001,2026-09-17T00:00:00,2007-07-31T00:00:00,7/31/2007,1185840000,2026-09-15T00:00:00
130,EFR,-0.12279999999999999,7.01101,7.99228,0.06899999999999999,2.09,19,Morningstar US CEF Senior Loans,45,Eaton Vance Management,False,10.36,-0.02,11.81,2026-09-17T00:00:00,27828Q105,Eaton Vance Senior Floating Rate,2026-09-17,XEFRX,Fixed Income - Taxable-Senior Loans,31.17,305.865,,Monthly,0.42058,0.06899999999999999,20.0,6.7521,,4.83,3.26,,506.579,True,False,False,False,False,False,,6.16,5.27,5.0,3.04,1.16,-0.36,,,-2.04,1429510,,,,,,,10.82441,-10.1116,-1.55,-1.8900000000000001,-1.43,2026-09-17T00:00:00,2003-11-24T00:00:00,11/24/2003,1069632000,2026-09-15T00:00:00
131,EVF,-0.1368,7.03375,8.14815,0.033,2.39,19,Morningstar US CEF Senior Loans,45,Eaton Vance Management,False,4.86,-0.01,5.63,2026-09-17T00:00:00,27826S103,Eaton Vance Senior Income,2026-09-17,XEVFX,Fixed Income - Taxable-Senior Loans,28.61,88.308,,Monthly,0.22106,0.033,10.0,6.8094,,,2.76,,143.304,True,False,False,False,False,False,,6.42,5.09,4.7,2.83,1.4,-0.41000000000000003,,,-2.83,766250,,,,,,,5.14303,-10.2965,-1.82,-3.1,-3.07,2026-09-17T00:00:00,1998-10-30T00:00:00,10/30/1998,909705600,2026-09-14T00:00:00
132,EVG,-0.0603,8.00731,8.5214,0.073,5.75,16,Morningstar US CEF Limited Duration,45,Eaton Vance Management,True,10.28,0.07,10.94,2026-09-17T00:00:00,27828V104,Eaton Vance Short Duration Divers Inc,2026-09-17,XEVGX,Fixed Income - Taxable-Limited Duration,12.48,138.337,,Monthly,0.30311,0.073,20.0,5.7273,,,2.77,,168.219,True,False,False,False,True,False,,9.47,11.14,4.85,4.35,2.63,3.7,,,3.13,370760,,,97.5071,,,,10.84069,-3.7462400000000002,-1.94,-2.17,-2.16,2026-09-17T00:00:00,2005-02-28T00:00:00,2/28/2005,1109548800,2026-09-15T00:00:00
133,ETG,-0.10859999999999999,5.99536,6.72562,0.1293,29.1,5,Morningstar US CEF Global Equity,45,Eaton Vance Management,False,23.07,0.24,25.88,2026-09-17T00:00:00,27828S101,Eaton Vance Tax Adv Global Dividend Inc,2026-09-17,XETGX,Equity-Global Equity,15.78,1760.746,,Monthly,0.39383,0.1293,20.0,7.0367,,,2.2800000000000002,,2345.211,True,True,False,False,False,False,,20.94,22.15,10.79,9.9,16.39,9.84,,,24.52,1106170,,,,,3.76,,22.53238,-7.56786,-1.49,-2.36,-1.99,2026-09-17T00:00:00,2004-01-30T00:00:00,1/30/2004,1075420800,2026-09-15T00:00:00
134,EVT,-0.0833,6.47394,7.06185,0.1646,25.63,26,Morningstar US CEF US Allocation,45,Eaton Vance Management,True,27.97,0.26,30.51,2026-09-17T00:00:00,27828G107,Eaton Vance Tax Advantaged Dividend Inc,2026-09-17,,Hybrid-U.S. Allocation,16.43,2084.962,,Monthly,0.12479,0.1646,20.0,7.0618,,,2.27,,2721.3,True,True,True,False,True,False,,17.19,17.97,9.47,8.47,18.42,20.38,,,27.78,1011920,,,,,4.98,,25.99985,-8.45447,0.11,-0.22,0.08,2026-09-17T00:00:00,2003-09-30T00:00:00,9/30/2003,1064880000,2026-09-15T00:00:00
135,ETO,-0.1118,6.07005,6.83405,0.17329999999999998,27.08,25,Morningstar US CEF Global Allocation,45,Eaton Vance Management,True,30.43,0.2,34.26,2026-09-17T00:00:00,27828U106,Eaton Vance Tax-Advantaged Glbl Div Opp,2026-09-17,XETOX,Hybrid-Global Allocation,15.5,498.691,,Monthly,0.64905,0.17329999999999998,20.0,7.1104,,,2.26,,664.458,True,True,False,False,True,False,,19.91,20.38,9.81,7.75,15.06,9.64,,,24.39,315320,,,,,3.63,,29.54341,-9.10591,-1.6800000000000002,-2.13,-2.03,2026-09-17T00:00:00,2004-04-30T00:00:00,4/30/2004,1083283200,2026-09-15T00:00:00
136,ETB,-0.0891,7.49469,8.22813,0.10579999999999999,16.8,3,Morningstar US CEF Covered Call,45,Eaton Vance Management,True,15.43,0.16,16.94,2026-09-17T00:00:00,27828X100,Eaton Vance Tax-Managed Buy-Write Income,2026-09-17,XETBX,Equity-Covered-Call Funds,,453.252,,Monthly,0.00844,0.10579999999999999,20.0,,,,1.12,,497.608,False,True,False,False,True,False,,15.2,15.0,9.82,7.74,9.74,8.8,,,14.46,523960,,,,,,,15.25621,-7.40214,-1.6099999999999999,-0.8200000000000001,-1.11,2026-09-17T00:00:00,2005-04-27T00:00:00,4/27/2005,1114560000,2026-09-15T00:00:00
137,ETV,-0.063,7.35556,7.8498,0.0993,17.26,3,Morningstar US CEF Covered Call,45,Eaton Vance Management,True,15.18,0.23,16.2,2026-09-17T00:00:00,27828Y108,Eaton Vance Tax-Managed Buy-Write Opp,2026-09-17,XETVX,Equity-Covered-Call Funds,,1772.334,,Monthly,-0.00319,0.0993,20.0,,,,1.08,,1891.424,False,True,True,False,True,False,,16.4,16.15,9.1,7.66,8.71,12.99,,,19.26,1778420,,,,,,,14.54142,-7.11242,0.76,-0.58,0.41000000000000003,2026-09-17T00:00:00,2005-06-27T00:00:00,6/27/2005,1119830400,2026-09-15T00:00:00
138,ETY,-0.1058,7.63077,8.53333,0.0992,10.32,3,Morningstar US CEF Covered Call,45,Eaton Vance Management,True,13.95,0.06,15.6,2026-09-17T00:00:00,27828N102,Eaton Vance Tax-Managed Divrs Equity Inc,2026-09-17,XETYX,Equity-Covered-Call Funds,,2221.964,,Monthly,-0.02538,0.0992,20.0,,,,1.06,,2484.777,False,False,False,False,True,False,,16.94,14.88,10.79,8.45,6.09,-0.37,,,-0.99,2368690,,,,,,,14.87504,-4.22718,-1.8900000000000001,-2.34,-2.23,2026-09-17T00:00:00,2006-11-27T00:00:00,11/27/2006,1164585600,2026-09-15T00:00:00
139,EXG,-0.08839999999999999,7.4943,8.22106,0.0657,24.05,3,Morningstar US CEF Covered Call,45,Eaton Vance Management,True,9.59,0.08,10.52,2026-09-17T00:00:00,27829F108,Eaton Vance Tax-Mgd Glb Divrs Equity Inc,2026-09-17,XEXGX,Equity-Covered-Call Funds,,2933.926,,Monthly,0.03165,0.0657,20.0,,,,1.07,,3218.447,False,True,False,False,True,False,,16.7,18.64,9.15,7.75,13.02,10.77,,,21.67,4511070,,,,,,,9.41824,-6.93743,-1.55,-1.6400000000000001,-1.4,2026-09-17T00:00:00,2007-02-23T00:00:00,2/23/2007,1172188800,2026-09-15T00:00:00
140,ETW,-0.10869999999999999,7.4052,8.30865,0.0664,20.65,3,Morningstar US CEF Covered Call,44,Eaton Vance,True,9.59,0.03,10.76,2026-09-17T00:00:00,27829C105,Eaton Vance Tx-Mgd Glbl Buy-Write Opp,2026-09-17,XETWX,Equity-Covered-Call Funds,,1041.453,,Monthly,0.06057,0.0664,20.0,,,,1.1,,1168.512,False,True,False,False,True,False,,16.02,17.6,8.39,6.97,12.08,13.49,,,19.72,3148140,,,,,,,9.30582,-10.15929,-0.9500000000000001,-0.61,-0.52,2026-09-17T00:00:00,2005-09-28T00:00:00,9/28/2005,1127865600,2026-09-15T00:00:00
141,EARN,0.059699999999999996,23.8806,22.53521,0.08,-17.94,19,Morningstar US CEF Senior Loans,46,Ellington Credit Co Management LLC,True,4.26,-0.32,4.18,2026-06-30T00:00:00,288578107,Ellington Credit Company,2026-09-17,EARN,Fixed Income - Taxable-Senior Loans,52.01,162.609,,Monthly,,0.08,5.5,,,,8.65,,319.722,True,False,True,False,True,False,,,-4.46,,-12.94,-10.89,-4.13,,,-5.98,4027140,,,,,,,4.881,-2.37067,0.6900000000000001,-0.41000000000000003,0.1,2026-09-17T00:00:00,2025-04-01T00:00:00,4/1/2025,1743465600,2026-08-31T00:00:00
142,ECF,-0.12480000000000001,6.34006,7.24405,0.22,21.73,11,Morningstar US CEF Convertibles,60,Gabelli Funds LLC,False,12.1479,0.06,13.88,2026-09-17T00:00:00,289074106,Ellsworth Growth and Income Fund,2026-09-17,XECFX,Fixed Income - Taxable-Convertibles,13.78,165.915,,Quarterly,0.01674,0.22,10.0,2.2873,,,1.22,,219.877,True,False,False,False,False,False,,20.66,20.37,5.3,4.35,15.25,9.14,,,20.81,311920,,,,,52.2,,12.22353,-10.86402,-0.9400000000000001,-0.55,-0.66,2026-09-17T00:00:00,1986-06-20T00:00:00,6/20/1986,519609600,2026-09-16T00:00:00
143,EEA,-0.1551,3.46299,4.09879,0.21989999999999998,16.29,5,Morningstar US CEF Global Equity,40,DWS,False,10.73,0.09,12.7,2026-09-17T00:00:00,298768102,European Equity Fund,2026-09-17,XEEAX,Equity-Global Equity,1.26,73.524,,Semi-Annually,0.11774,0.21989999999999998,10.0,,,,1.42,,88.134,True,False,False,False,False,False,,13.15,15.18,5.87,6.77,11.15,10.49,,,15.3,290150,,,,,,,10.73311,-14.0877,-0.9500000000000001,-0.81,-0.24,2026-09-17T00:00:00,1986-07-23T00:00:00,7/23/1986,522460800,2026-05-26T00:00:00
144,ETX,-0.0067,5.25126,5.28676,0.07819999999999999,2.62,21,Morningstar US CEF Municipal,45,Eaton Vance Management,False,17.75,-0.14,17.87,2026-09-17T00:00:00,27829U105,EV Municipal Income 2028 Term Trust,2026-09-17,XETTX,Fixed Income - Municipal-Municipal,3.31,193.405,0.17300000000000001,Monthly,0.34061,0.07819999999999999,20.0,4.4343,,,0.89,,201.383,True,False,False,False,False,True,,3.73,7.32,0.86,-0.27,1.4,0.47000000000000003,,,0.61,173320,2.0,,100.4621,,,2.18,18.79977,2.44419,-2.26,-1.97,-1.94,2026-09-17T00:00:00,2013-03-26T00:00:00,3/26/2013,1364256000,2026-09-15T00:00:00
145,FMN,-0.0984,4.61933,5.12334,0.045,6.76,21,Morningstar US CEF Municipal,47,Federated Advisers,False,10.54,0.08,11.69,2026-09-17T00:00:00,31423P108,Federated Premier Municipal Income,2026-09-17,XFMNX,Fixed Income - Municipal-Municipal,38.55,82.409,,Monthly,0.27121,0.045,15.0,5.0469,,,3.7,,148.751,True,False,True,False,False,False,,3.94,7.15,-1.47,-2.66,-0.27,3.2800000000000002,,,9.4,263270,15.72,,103.46340000000001,,13.75,8.69,11.13251,-10.16992,0.36,-1.46,-0.23,2026-09-17T00:00:00,2002-12-20T00:00:00,12/20/2002,1040342400,2026-08-21T00:00:00
146,FFA,-0.10339999999999999,6.68502,7.4561399999999995,0.425,21.63,3,Morningstar US CEF Covered Call,49,First Trust Advisors L.P.,True,22.8,0.12,25.43,2026-09-17T00:00:00,337318109,First Trust Enhanced Equity Income,2026-09-17,XFFAX,Equity-Covered-Call Funds,,455.728,,Quarterly,0.04003,0.425,20.0,,,,1.12,,508.297,False,True,False,False,True,False,,19.3,16.95,11.13,9.27,11.48,9.8,,,18.03,261520,,,,,,,22.03555,-9.03251,-1.19,-1.11,-1.05,2026-09-17T00:00:00,2004-08-26T00:00:00,8/26/2004,1093478400,2026-06-22T00:00:00
147,FTHY,-0.043899999999999995,10.97293,11.47666,0.125,2.09,14,Morningstar US CEF High Yield,49,First Trust Advisors L.P.,True,13.07,0.07,13.67,2026-09-17T00:00:00,33741Q107,FIRST TRUST HY OPPORTUNITIES 2027 Term,2026-09-17,XFTHYX,Fixed Income - Taxable-High Yield,21.66,480.623,,Monthly,0.42555,0.125,20.0,6.3615,,,3.5,,641.687,True,False,False,False,True,True,,6.64,10.37,1.65,1.74,-0.02,2.34,,,1.78,1018140,,,98.9101,,,,13.78374,-4.3477,-0.04,-1.4,-0.43,2026-09-17T00:00:00,2020-06-25T00:00:00,6/25/2020,1593043200,2026-09-01T00:00:00
148,FPF,-0.0794,8.97715,9.75177,0.13749999999999998,4.33,18,Morningstar US CEF Preferreds,49,First Trust Advisors L.P.,False,16.92,0.05,18.38,2026-09-17T00:00:00,33718W103,First Trust Inter Dur Pref & Income Fund,2026-09-17,XFPFX,Fixed Income - Taxable-Preferreds,36.86,1029.545,,Monthly,0.64279,0.13749999999999998,25.0,7.3995,,,4.2,,1771.325,True,False,False,False,False,False,,11.18,15.27,2.13,0.85,-0.1,0.99,,,1.06,1227060,,,101.3111,,5.93,,18.35157,-5.46528,-2.33,-2.54,-2.5300000000000002,2026-09-17T00:00:00,2013-05-23T00:00:00,5/23/2013,1369267200,2026-09-01T00:00:00
149,FMY,-0.052199999999999996,6.36735,6.71835,0.065,3.13,15,Morningstar US CEF Investment Grade,49,First Trust Advisors L.P.,False,11.61,0.22,12.25,2026-09-17T00:00:00,33734E103,First Trust Mortgage Income,2026-09-17,XFMYX,Fixed Income - Taxable-Investment Grade,7.11,48.914,,Monthly,0.16028,0.065,20.0,5.027,,,1.4,,51.611,True,False,True,False,False,False,,7.49,8.6,3.71,3.26,0.8200000000000001,-0.1,,,1.33,60910,,,90.346,,,,11.88509,-6.28395,0.99,1.77,1.48,2026-09-17T00:00:00,2005-05-25T00:00:00,5/25/2005,1116979200,2026-09-01T00:00:00
150,DFP,-0.1061,7.14778,7.99594,0.1314,5.48,18,Morningstar US CEF Preferreds,51,Flaherty &amp; Crumrine Inc,False,19.72,0.21,22.06,2026-09-17T00:00:00,33848W106,Flah & Crum Dynamic Pref & Income Fund,2026-09-17,XDFPX,Fixed Income - Taxable-Preferreds,37.88,405.012,,Monthly,0.77839,0.1314,25.0,7.3869,,,4.3,,729.371,True,False,False,False,False,False,,11.18,12.91,2.64,0.42,1.87,3.59,,,5.46,529290,,,102.9091,,7.14,,20.96865,-7.32336,-2.16,-2.01,-1.98,2026-09-17T00:00:00,2013-05-24T00:00:00,5/24/2013,1369353600,2026-08-24T00:00:00
151,FFC,-0.08779999999999999,7.34895,8.05648,0.1046,5.73,18,Morningstar US CEF Preferreds,51,Flaherty &amp; Crumrine Inc,False,15.58,0.1,17.08,2026-09-17T00:00:00,338478100,Flah&Crum Preferred Securities,2026-09-17,XFFCX,Fixed Income - Taxable-Preferreds,37.89,750.612,,Monthly,0.624,0.1046,25.0,7.3168,,,4.1,,1324.878,True,False,False,False,False,False,,11.55,13.71,2.62,0.16,2.06,1.43,,,5.65,1051900,,,102.3775,,7.28,,16.28351,-6.92868,-1.35,-1.78,-0.87,2026-09-17T00:00:00,2003-01-31T00:00:00,1/31/2003,1043971200,2026-08-24T00:00:00
152,FLC,-0.11900000000000001,6.98908,7.93309,0.10669999999999999,5.33,18,Morningstar US CEF Preferreds,51,Flaherty &amp; Crumrine Inc,False,16.14,0.11,18.32,2026-09-17T00:00:00,338479108,Flah&Crum Total Return Fund,2026-09-17,XFLCX,Fixed Income - Taxable-Preferreds,38.22,168.773,,Monthly,0.629,0.10669999999999999,25.0,7.4035,,,4.5600000000000005,,310.069,True,False,False,False,False,False,,11.08,12.79,2.37,-0.09,1.71,-0.79,,,3.47,223720,,,103.068,,7.57,,17.18566,-8.48916,-2.46,-2.68,-2.96,2026-09-17T00:00:00,2003-08-29T00:00:00,8/29/2003,1062115200,2026-08-24T00:00:00
153,PFD,-0.0962,6.88091,7.61372,0.0703,5.21,18,Morningstar US CEF Preferreds,50,Flaherty &amp; Crumrine,False,11.08,0.1,12.26,2026-09-17T00:00:00,338480106,Flaherty & Crumrine Preferred Income,2026-09-17,XPFDX,Fixed Income - Taxable-Preferreds,36.63,142.406,,Monthly,0.41405000000000003,0.0703,15.0,7.2969,,,4.31,,248.672,True,False,False,False,False,False,,10.86,12.86,2.5,0.06,1.9,0.97,,,6.76,260390,,,103.0638,,7.33,,11.62468,-7.4509,-1.88,-1.94,-1.99,2026-09-17T00:00:00,1991-01-31T00:00:00,1/31/1991,665280000,2026-08-24T00:00:00
154,PFO,-0.1099,6.7972,7.63636,0.0567,5.2,18,Morningstar US CEF Preferreds,51,Flaherty &amp; Crumrine Inc,False,8.91,0.07,10.01,2026-09-17T00:00:00,33848E106,Flaherty & Crumrine Preferred Income Opp,2026-09-17,XPFOX,Fixed Income - Taxable-Preferreds,38.11,116.519,,Monthly,0.34372,0.0567,12.5,7.4124,,,4.62,,211.504,True,False,False,False,False,False,,11.0,13.14,2.38,0.02,1.9,0.58,,,4.68,294910,,,102.9109,,7.54,,9.34642,-8.76265,-1.53,-1.9500000000000002,-1.72,2026-09-17T00:00:00,1992-02-13T00:00:00,2/13/1992,697939200,2026-08-24T00:00:00
155,FXBY,-0.34020000000000006,0.35012,0.53061,0.13,22.6,10,Morningstar US CEF US Equity,73,Midas Management Corporation,False,24.5,0.0,37.13,2026-09-17T00:00:00,351645205,FOXBY CORP,2026-09-17,,Equity-U.S. Equity,12.53,12.782,,Annually,-0.10635,0.13,10.0,,,,2.98,,22.145,True,True,True,False,False,False,,24.72,31.79,13.92,16.52,16.2,7.06,,,35.4,2400,,,,,,,22.32341,-34.4628,0.11,1.32,0.8,2026-09-17T00:00:00,1999-10-29T00:00:00,10/29/1999,941155200,2025-12-15T00:00:00
156,FTF,-0.10490000000000001,11.73291,13.10835,0.0615,3.9,16,Morningstar US CEF Limited Duration,53,"Franklin Advisers, Inc.",True,5.63,-0.01,6.29,2026-09-17T00:00:00,35472T101,Franklin Limited Duration Income Trust,2026-09-17,XFTFX,Fixed Income - Taxable-Limited Duration,29.02,227.482,,Monthly,0.27933,0.0615,15.0,6.7342,,,3.66,,358.04,True,False,False,False,True,False,,7.06,9.78,3.56,2.69,3.04,1.9500000000000002,,,1.6099999999999999,1911090,,,98.5867,,5.86,,5.99186,-8.14504,-1.8599999999999999,-2.61,-2.56,2026-09-17T00:00:00,2003-08-27T00:00:00,8/27/2003,1061942400,2026-08-24T00:00:00
157,PMM,-0.0639,6.32588,6.75768,0.033,7.69,21,Morningstar US CEF Municipal,53,"Franklin Advisers, Inc.",False,5.86,0.02,6.26,2026-09-17T00:00:00,746823103,Franklin Managed Municipal Income,2026-09-17,XPMMX,Fixed Income - Municipal-Municipal,30.57,251.004,,Monthly,0.15044,0.033,10.0,5.0207,,19.35,1.06,,386.187,True,False,True,False,False,False,,5.4,7.83,-0.34,-1.28,0.59,2.94,,,12.07,994370,,,93.6566,,13.46,9.68,6.22647,-6.60557,0.13,-1.69,-0.29,2026-09-17T00:00:00,1989-02-24T00:00:00,2/24/1989,604281600,2026-08-24T00:00:00
158,PIM,-0.0725,7.97583,8.59935,0.022,3.37,15,Morningstar US CEF Investment Grade,53,"Franklin Advisers, Inc.",False,3.07,0.02,3.31,2026-09-17T00:00:00,746909100,Franklin Master Intermediate Income,2026-09-17,XPIMX,Fixed Income - Taxable-Investment Grade,37.14,147.926,,Monthly,0.07573,0.022,10.0,5.64,,5.52,1.02,,253.713,True,False,False,False,False,False,,7.18,9.17,3.33,3.18,1.65,0.91,,,3.27,828560,,,92.0351,,,,3.25483,-4.81411,-1.48,-1.34,-1.3599999999999999,2026-09-17T00:00:00,1988-04-29T00:00:00,4/29/1988,578275200,2026-08-24T00:00:00
159,PMO,-0.0726,5.8867899999999995,6.34791,0.052,6.67,21,Morningstar US CEF Municipal,53,"Franklin Advisers, Inc.",False,9.83,0.16,10.6,2026-09-17T00:00:00,746922103,Franklin Municipal Opportunities,2026-09-17,XPMOX,Fixed Income - Municipal-Municipal,35.52,269.337,,Monthly,0.22914,0.052,15.0,4.9132,,17.45,1.04,,450.399,True,False,True,False,False,False,,4.48,5.71,-0.53,-2.39,-0.37,-0.91,,,8.62,644710,,,95.6555,,13.34,9.59,10.43815,-7.56833,0.29,-0.53,0.24,2026-09-17T00:00:00,1993-05-28T00:00:00,5/28/1993,738547200,2026-08-24T00:00:00
160,PPT,-0.0748,8.64266,9.34132,0.026,3.29,13,Morningstar US CEF Global Income,53,"Franklin Advisers, Inc.",False,3.34,0.02,3.61,2026-09-17T00:00:00,746853100,Franklin Premier Income,2026-09-17,XPPTX,Fixed Income - Taxable-Global Income,30.41,319.196,,Monthly,0.08203,0.026,10.0,5.6251999999999995,,5.42,0.9400000000000001,,495.748,True,False,False,False,False,False,,7.16,8.44,3.42,2.9699999999999998,1.57,3.14,,,1.83,1531440,,,92.1672,,,,3.5321100000000003,-5.7096,-1.34,-0.87,-1.05,2026-09-17T00:00:00,1988-02-29T00:00:00,2/29/1988,573091200,2026-08-24T00:00:00
161,FT,-0.122,6.04265,6.88259,0.042499999999999996,7.39,26,Morningstar US CEF US Allocation,53,"Franklin Advisers, Inc.",False,7.41,0.11,8.44,2026-09-17T00:00:00,355145103,Franklin Universal Trust,2026-09-17,XFUTX,Hybrid-U.S. Allocation,22.05,186.227,,Monthly,0.1812,0.042499999999999996,10.0,7.2423,,,2.99,,272.113,True,False,False,False,False,False,,12.0,11.98,5.91,5.16,4.06,0.54,,,3.61,452370,,,88.5569,,4.99,,8.01645,-8.33244,-3.09,-2.64,-3.24,2026-09-17T00:00:00,1988-09-23T00:00:00,9/23/1988,590976000,2026-08-24T00:00:00
162,FSCO,-0.2514,10.01124,13.37336,0.059399999999999994,7.86,17,Morningstar US CEF Multi-Sector,56,FS Global Advisor LLC,True,5.33,0.09,7.12,2026-09-17T00:00:00,30290Y101,FS Credit Opportunities Corp.,2026-09-17,XFSCX,Fixed Income - Taxable-Multi-Sector,32.58,1057.237,,Monthly,0.31886000000000003,0.059399999999999994,,,,,7.0,,2094.845,True,False,False,False,True,False,,12.0,11.86,,,7.27,-9.78,,,-20.98,14673990,,,,,,,5.60513,-21.21348,-0.42,2.01,1.76,2026-09-17T00:00:00,2022-11-14T00:00:00,11/14/2022,1668384000,2026-08-24T00:00:00
163,FSSL,-0.3333,10.01675,15.02513,0.1495,,19,Morningstar US CEF Senior Loans,57,FS Specialty Lending Advisor LLC,True,11.94,0.15,17.91,2026-09-17T00:00:00,644323107,FS Specialty Lending Fund,2026-09-17,FSSL,Fixed Income - Taxable-Senior Loans,27.48,906.458,,Monthly,,0.1495,14.12,,,,6.14,,1874.902,True,True,True,False,True,False,,,,,,4.6,-8.53,,,,0,,,92.6454,,,,,,,1.79,0.66,2026-09-17T00:00:00,2025-11-13T00:00:00,11/13/2025,1762992000,2026-08-24T00:00:00
164,VCX,5.903,,,,66.4,8,Morningstar US CEF Sector Equity,58,"Fundrise Advisors, LLC",False,31.17,0.0,18.97,2026-03-31T00:00:00,360852107,Fundrise Innovation Common Share,2026-09-17,XVCX,Equity-Sector Equity,,,,,,,,6.2108,,,0.0,,,False,True,True,False,False,False,,23.59,,,,,,,,,0,,,88.8115,,,,,,,,,2026-09-17T00:00:00,2022-07-25T00:00:00,7/25/2022,1658707200,
165,GCV,-0.0114,10.9589,11.08545,0.12,19.72,26,Morningstar US CEF US Allocation,59,Gabelli,True,4.33,-0.06,4.38,2026-09-17T00:00:00,36240B109,Gabelli Conv Inc Secs,2026-09-17,XGCVX,Hybrid-U.S. Allocation,6.44,87.239,,Quarterly,-0.0030600000000000002,0.12,11.25,2.2015000000000002,,,2.07,,94.321,True,False,False,False,True,False,,16.23,17.83,2.9699999999999998,4.39,14.56,15.96,,,25.24,579910,,,,,,,4.42551,-1.10865,-0.01,-0.9500000000000001,-0.29,2026-09-17T00:00:00,1995-03-31T00:00:00,3/31/1995,796608000,2026-09-16T00:00:00
166,GDV,-0.11960000000000001,5.45124,6.19195,0.15,18.05,10,Morningstar US CEF US Equity,60,Gabelli Funds LLC,True,29.07,0.06,33.02,2026-09-17T00:00:00,36242H104,Gabelli Dividend & Income,2026-09-17,XGDVX,Equity-U.S. Equity,15.79,2520.254,,Monthly,-0.00451,0.15,20.0,,,,1.83,,3399.373,True,True,False,False,True,False,,17.11,20.26,8.35,8.77,14.02,13.18,,,19.1,1046980,,,,,0.19,,28.44941,-10.76292,-1.74,-1.52,-1.4100000000000001,2026-09-17T00:00:00,2003-11-28T00:00:00,11/28/2003,1069977600,2026-09-16T00:00:00
167,GAB,-0.037599999999999995,10.75269,11.17318,0.15,16.36,10,Morningstar US CEF US Equity,59,Gabelli,True,5.37,0.08,5.58,2026-09-17T00:00:00,362397101,Gabelli Equity,2026-09-17,XGABX,Equity-U.S. Equity,15.59,1843.947,,Quarterly,0.00637,0.15,10.0,,,,1.6099999999999999,,2270.01,True,False,False,False,True,False,,16.29,13.61,9.17,7.37,12.53,-1.52,,,4.7,7825280,,,,,0.37,0.18,5.84024,0.8964200000000001,-0.78,0.75,0.15,2026-09-17T00:00:00,1986-08-21T00:00:00,8/21/1986,524966400,2026-09-16T00:00:00
168,GGZ,-0.1222,4.77544,5.44038,0.21,15.32,5,Morningstar US CEF Global Equity,59,Gabelli,False,15.4401,-0.09,17.59,2026-09-17T00:00:00,36249W104,Gabelli Global Small & Mid Cap Value Tru,2026-09-17,XGGZX,Equity-Global Equity,17.17,116.268,,Quarterly,0.06981,0.21,12.0,,,,2.31,,159.922,True,False,False,False,False,False,,14.23,18.34,4.71,5.96,13.06,12.44,,,20.26,85530,,,,,0.24,0.12,15.45318,-11.32324,-0.59,-1.65,-1.26,2026-09-17T00:00:00,2014-06-23T00:00:00,6/23/2014,1403481600,2026-09-16T00:00:00
169,GLU,-0.058499999999999996,6.71073,7.12743,0.11,18.06,8,Morningstar US CEF Sector Equity,60,Gabelli Funds LLC,True,18.52,0.12,19.67,2026-09-17T00:00:00,36242L105,Gabelli Global Utility & Income,2026-09-17,XGLUX,Equity-Sector Equity,18.03,110.969,,Monthly,0.2284,0.11,20.0,,,,1.35,,143.784,True,False,False,False,True,False,,18.34,19.43,6.16,6.05,13.63,3.73,,,13.88,93790,,,,,0.14,0.22,19.26691,-1.01842,-1.3900000000000001,-1.45,-1.26,2026-09-17T00:00:00,2004-05-25T00:00:00,5/25/2004,1085443200,2026-09-16T00:00:00
170,GRX,-0.1047,6.30213,7.03934,0.16999999999999998,12.82,8,Morningstar US CEF Sector Equity,59,Gabelli,False,9.66,0.0,10.79,2026-09-17T00:00:00,36246K103,Gabelli Healthcare & Wellness Trust,2026-09-17,XXGRX,Equity-Sector Equity,30.8,140.502,,Quarterly,-0.04899,0.16999999999999998,8.0,,,,3.17,,226.778,True,True,False,False,False,False,,4.82,8.36,-0.9400000000000001,0.11,10.04,7.84,,,13.72,286550,,,,,0.22,0.25,9.44983,-10.17319,-0.35000000000000003,0.56,-0.28,2026-09-17T00:00:00,2007-06-19T00:00:00,6/19/2007,1182211200,2026-09-16T00:00:00
171,GGT,0.1246,27.19547,24.18136,0.08,19.48,8,Morningstar US CEF Sector Equity,59,Gabelli,False,3.97,-0.03,3.5300000000000002,2026-09-17T00:00:00,36239Q109,Gabelli Multimedia,2026-09-17,XGGTX,Equity-Sector Equity,29.05,187.785,,Monthly,-0.01213,0.08,7.5,,,,2.13,,235.333,True,False,True,False,False,False,,20.99,5.95,1.92,0.34,12.27,11.82,,,18.65,2701260,,,,,0.27,0.25,4.14297,10.06714,0.99,0.85,0.89,2026-09-17T00:00:00,1994-11-15T00:00:00,11/15/1994,784857600,2026-09-16T00:00:00
172,GUT,1.1146,20.83333,9.852219999999999,0.049999999999999996,14.67,8,Morningstar US CEF Sector Equity,59,Gabelli,False,6.09,0.14,2.88,2026-09-17T00:00:00,36240A101,Gabelli Utility Trust,2026-09-17,XGUTX,Equity-Sector Equity,15.44,548.271,,Monthly,0.03013,0.049999999999999996,7.5,,,,1.52,,306.625,True,False,True,False,False,False,,16.83,10.01,7.82,6.17,11.1,13.75,,,20.01,1982360,,,,,0.19,0.15,6.18157,96.23785,1.42,0.02,0.85,2026-09-17T00:00:00,1999-07-09T00:00:00,7/9/1999,931478400,2026-09-16T00:00:00
173,GGN,-0.09449999999999999,5.97015,6.59341,0.034999999999999996,36.52,8,Morningstar US CEF Sector Equity,59,Gabelli,True,5.46,0.07,6.03,2026-09-17T00:00:00,36465A109,GAMCO Global Gold Natural Resources&Inc,2026-09-17,XGGNX,Equity-Sector Equity,7.57,852.987,,Monthly,0.0325,0.034999999999999996,20.0,6.1,,,1.29,,1019.143,True,True,False,False,True,False,,26.08,23.99,19.53,17.65,17.36,14.18,,,27.56,6033740,,,,,0.58,0.52,5.21523,-6.82386,-0.88,-0.78,-0.8300000000000001,2026-09-17T00:00:00,2005-03-29T00:00:00,3/29/2005,1112054400,2026-09-16T00:00:00
174,GNT,0.013500000000000002,8.11725,8.0089,0.06,31.53,3,Morningstar US CEF Covered Call,60,Gabelli Funds LLC,False,8.99,-0.03,8.87,2026-09-17T00:00:00,36465E101,"GAMCO Natural Resources, Gold & Inc Tr",2026-09-17,XGNTX,Equity-Covered-Call Funds,16.15,151.137,,Monthly,0.01705,0.06,20.0,6.111,,,1.9500000000000002,,177.844,True,True,True,False,False,False,,22.28,31.48,15.79,19.63,15.54,31.2,,,47.02,966000,,,,,0.89,0.62,8.08447,-3.96798,1.16,-0.26,0.54,2026-09-17T00:00:00,2011-01-27T00:00:00,1/27/2011,1296086400,2026-09-16T00:00:00
175,GDL,-0.20850000000000002,4.5283,5.7211,0.12,5.88,26,Morningstar US CEF US Allocation,60,Gabelli Funds LLC,True,8.39,0.01,10.6,2026-09-17T00:00:00,361570104,GDL Fund,2026-09-17,XGDLX,Hybrid-U.S. Allocation,10.37,90.133,,Quarterly,-0.00024,0.12,20.0,,,,3.27,,127.045,True,False,False,False,True,False,,6.46,8.24,4.93,4.49,5.48,3.77,,,4.5,96460,,,,,0.19,0.16,8.45671,-20.69292,-0.19,1.18,1.42,2026-09-17T00:00:00,2007-01-25T00:00:00,1/25/2007,1169683200,2026-09-16T00:00:00
176,GAM,-0.1167,8.69447,9.84313,6.4,22.26,10,Morningstar US CEF US Equity,61,General American Investors Co Inc,False,65.02,0.53,73.61,2026-09-17T00:00:00,368802104,General American Investors,2026-09-17,XGAMX,Equity-U.S. Equity,9.77,1549.564,,Annually,0.00036,6.4,10.0,,,,1.07,,1944.321,True,True,False,False,False,False,,22.33,27.53,13.77,16.46,14.7,13.45,,,23.34,246570,,,,,0.03,,62.40852,-10.66419,-1.26,-0.78,-0.89,2026-09-17T00:00:00,1927-02-01T00:00:00,2/1/1927,-1354320000,2025-11-17T00:00:00
177,GUG,-0.1032,8.85643,9.82081,0.11875,6.33,25,Morningstar US CEF Global Allocation,62,Guggenheim Funds Investment Advisors LLC,False,14.51,0.15,16.09,2026-09-16T00:00:00,40170T106,Guggenheim Active Allocation Fund,2026-09-17,XGUGX,Hybrid-Global Allocation,24.83,478.541,,Monthly,0.54925,0.11875,20.0,5.74,,,3.19,,709.913,True,False,False,False,False,False,,9.58,12.57,,,3.13,4.46,,,4.6,827520,,,95.2366,,,,15.61894,-6.12884,-2.06,-1.9500000000000002,-2.56,2026-09-17T00:00:00,2021-11-23T00:00:00,11/23/2021,1637625600,2026-09-15T00:00:00
178,GOF,-0.1477,21.65709,25.4093,0.18209999999999998,9.06,17,Morningstar US CEF Multi-Sector,62,Guggenheim Funds Investment Advisors LLC,False,8.6,0.09,10.09,2026-09-17T00:00:00,40167F101,Guggenheim Strategic Opp Fund,2026-09-17,XGOFX,Fixed Income - Taxable-Multi-Sector,21.47,1921.651,,Monthly,0.35596,0.18209999999999998,20.0,5.7615,,,1.9700000000000002,,2870.865,True,False,False,False,False,False,,13.89,-0.68,7.89,-1.02,3.7199999999999998,-17.13,,,-24.38,17299090,,,98.0989,,,,11.78057,6.80241,-2.39,-2.33,-3.13,2026-09-17T00:00:00,2007-07-26T00:00:00,7/26/2007,1185408000,2026-09-15T00:00:00
179,GBAB,-0.0506,10.90933,11.49094,0.12572999999999998,3.8200000000000003,20,Morningstar US CEF Taxable Muni,62,Guggenheim Funds Investment Advisors LLC,False,13.13,0.1,13.83,2026-09-17T00:00:00,401664107,Guggenheim Tax Muni & Inv Grade Debt Tr,2026-09-17,XGBAX,Fixed Income - Taxable-Taxable Muni,29.48,363.694,,Monthly,0.46383,0.12572999999999998,20.0,5.7718,,,2.83,,543.232,True,False,False,False,False,False,,6.78,5.99,-0.9,-2.5700000000000003,0.63,-1.7000000000000002,,,-2.63,879160,12.76,,96.372,,5.22,,14.68456,-0.22739,-2.38,-2.83,-2.6,2026-09-17T00:00:00,2010-10-26T00:00:00,10/26/2010,1288051200,2026-09-15T00:00:00
180,HERZ,-0.1561,10.75949,12.75,0.16999999999999998,-0.77,10,Morningstar US CEF US Equity,104,Thomas J Herzfeld Advisors Inc,False,16.0,-0.11,19.13,2026-08-31T00:00:00,42804T205,Herzfeld Credit Income Fund,2026-09-17,HERZ,Equity-U.S. Equity,,311.739,,Monthly,0.05541,0.16999999999999998,5.2,,,,4.33,,369.41,False,False,False,False,False,False,,9.5,15.57,4.47,6.31,-6.62,-24.32,,,-9.02,126560,,,,,,,19.2727,-12.44071,-0.71,-0.31,-0.46,2026-09-17T00:00:00,1994-05-20T00:00:00,5/20/1994,769392000,2026-09-16T00:00:00
181,PCF,-0.15259999999999999,11.06518,13.05816,0.057999999999999996,0.04,11,Morningstar US CEF Convertibles,22,Bulldog Investors LLP,False,5.33,-0.16,6.29,2026-09-11T00:00:00,42968F108,High Income Securities,2026-09-17,XPCFX,Fixed Income - Taxable-Convertibles,1.06,99.759,,Monthly,0.16873,0.057999999999999996,7.5,5.0759,,21.21,1.65,,117.726,True,False,False,False,False,False,,8.11,5.66,5.5,1.13,-1.48,-2.75,,,-4.28,775820,,,,,,,5.82617,-12.83818,-1.35,-0.47000000000000003,-0.99,2026-09-17T00:00:00,1987-07-09T00:00:00,7/9/1987,552787200,2026-08-18T00:00:00
182,HGLB,-0.36219999999999997,8.92388,13.99177,0.08499999999999999,2.67,25,Morningstar US CEF Global Allocation,78,"NexPoint Asset Management, L.P.",False,7.29,0.06,11.43,2026-09-17T00:00:00,43010T104,Highland Global Allocation Fund,2026-09-17,XHGLX,Hybrid-Global Allocation,2.79,171.974,,Monthly,0.20544,0.08499999999999999,15.0,9.9011,,,1.35,,269.639,True,False,False,False,False,False,,8.85,11.18,9.12,7.99,0.25,-10.63,,,-1.71,766210,,,,,0.31,,8.52074,-30.5631,-1.35,0.22,-0.8,2026-09-17T00:00:00,1998-01-05T00:00:00,1/5/1998,883958400,2026-08-24T00:00:00
183,HFRO,-0.4086,3.89217,6.5812,0.0385,7.06,19,Morningstar US CEF Senior Loans,78,"NexPoint Asset Management, L.P.",True,7.02,-0.03,11.87,2026-09-17T00:00:00,43010E404,Highland Opportunities and Income Ord,2026-09-17,XHFOX,Fixed Income - Taxable-Senior Loans,17.53,388.826,,Monthly,0.29586,0.0385,15.0,7.9229,,,2.18,,797.215,True,True,True,False,True,False,,-0.5,4.47,1.8599999999999999,0.31,7.09,29.05,,,27.83,1347160,,,,,,,6.50596,-43.98613,0.79,-1.71,0.32,2026-09-17T00:00:00,2000-01-13T00:00:00,1/13/2000,947721600,2026-08-24T00:00:00
184,VKI,0.0265,8.08193,7.87324,0.0559,7.61,21,Morningstar US CEF Municipal,65,"Invesco Advisers, Inc",False,8.52,0.05,8.3,2026-09-17T00:00:00,46132E103,Invesco Adv Muni Inc II,2026-09-17,XVKIX,Fixed Income - Municipal-Municipal,38.51,378.393,-0.002,Monthly,0.21381,0.0559,15.0,5.1931,,20.22,3.33,,599.448,True,False,True,False,False,False,,3.63,10.85,-1.34,-0.79,0.58,3.4,,,16.65,1208010,17.15,,96.6445,,10.05,8.68,8.97262,0.22363000000000002,0.93,-0.22,0.63,2026-09-17T00:00:00,1993-08-27T00:00:00,8/27/1993,746409600,2026-09-14T00:00:00
185,VBF,-0.0877,5.07311,5.56098,0.0665,1.9,15,Morningstar US CEF Investment Grade,65,"Invesco Advisers, Inc",False,14.35,0.0,15.73,2026-09-17T00:00:00,46132L107,Invesco Bond,2026-09-17,XVBFX,Fixed Income - Taxable-Investment Grade,,163.95,0.001,Monthly,0.40588,0.0665,20.0,5.6338,,15.48,0.5700000000000001,,179.717,False,False,False,False,False,False,,5.4,5.29,-0.41000000000000003,-0.97,-0.47000000000000003,-1.43,,,-0.03,536950,,,96.9961,,,,15.19339,-7.03265,-1.9500000000000002,-2.49,-2.68,2026-09-17T00:00:00,1970-10-28T00:00:00,10/28/1970,25920000,2026-09-14T00:00:00
186,VCV,0.0405,8.26439,7.94262,0.06459999999999999,8.25,22,Morningstar US CEF Municipal-CA,65,"Invesco Advisers, Inc",False,9.76,0.06,9.38,2026-09-17T00:00:00,46132H106,Invesco CA Value,2026-09-17,XVCVX,Fixed Income - Municipal-Municipal - CA,40.84,473.448,-0.039,Monthly,0.22155,0.06459999999999999,15.0,5.1828,,20.77,3.35,,769.11,True,False,False,False,False,False,,3.35,11.35,-1.23,0.03,-0.12,-1.02,,,10.59,989260,15.53,,94.3565,,11.52,8.96,10.75955,5.05324,-0.52,-1.22,-0.58,2026-09-17T00:00:00,1993-04-30T00:00:00,4/30/1993,736128000,2026-09-14T00:00:00
187,VLT,-0.0983,10.24809,11.36508,0.0895,5.39,14,Morningstar US CEF High Yield,65,"Invesco Advisers, Inc",False,9.45,0.04,10.48,2026-09-17T00:00:00,46131F101,Invesco High Income II,2026-09-17,XVLTX,Fixed Income - Taxable-High Yield,30.92,61.531,-0.029,Monthly,0.36908,0.0895,60.0,6.9603,,6.78,3.41,,98.788,True,False,False,False,False,False,,8.24,9.39,3.13,1.96,2.45,-5.16,,,-1.75,178580,,,99.0033,,,,10.65488,-2.9692600000000002,-2.47,-2.03,-2.79,2026-09-17T00:00:00,1989-04-28T00:00:00,4/28/1989,609724800,2026-09-14T00:00:00
188,VMO,0.0,8.09061,8.09061,0.0625,7.52,21,Morningstar US CEF Municipal,65,"Invesco Advisers, Inc",False,9.27,0.04,9.27,2026-09-17T00:00:00,46132C107,Invesco Muni Opp,2026-09-17,XVMOX,Fixed Income - Municipal-Municipal,38.03,625.175,-0.012,Monthly,0.23512,0.0625,15.0,5.3225,,20.36,3.26,,1008.778,True,False,True,False,False,False,,3.56,9.72,-1.46,-1.22,0.43,6.55,,,13.38,2348060,17.21,,96.2895,,11.8,8.97,9.69096,-3.09069,1.72,0.9400000000000001,1.43,2026-09-17T00:00:00,1992-04-24T00:00:00,4/24/1992,704073600,2026-09-14T00:00:00
189,VKQ,-0.0086,8.09452,8.16468,0.0628,7.29,21,Morningstar US CEF Municipal,65,"Invesco Advisers, Inc",False,9.23,0.07,9.31,2026-09-17T00:00:00,46131J103,Invesco Municipal,2026-09-17,XVKQX,Fixed Income - Municipal-Municipal,39.2,510.747,-0.006,Monthly,0.23747000000000001,0.0628,15.0,5.3716,,20.5,3.24,,847.323,True,False,True,False,False,False,,3.59,9.71,-1.3900000000000001,-1.24,0.45,5.91,,,14.76,1896850,15.92,,96.6798,,11.71,8.94,9.7196,-3.29086,1.24,-0.6,0.6900000000000001,2026-09-17T00:00:00,1991-09-27T00:00:00,9/27/1991,685929600,2026-09-14T00:00:00
190,OIA,-0.0034000000000000002,5.97945,6.0,0.029099999999999997,9.25,21,Morningstar US CEF Municipal,65,"Invesco Advisers, Inc",False,5.82,0.11,5.84,2026-09-17T00:00:00,46132X101,Invesco Municipal Inc Opp I,2026-09-17,XOIAX,Fixed Income - Municipal-Municipal,31.73,278.653,0.019,Monthly,0.16802,0.029099999999999997,10.0,7.0142,,22.18,2.45,,409.596,True,False,True,False,False,False,,5.06,4.27,-0.18,-1.21,1.6400000000000001,4.9,,,12.16,1198730,30.48,,87.4958,,,,6.09514,-1.10817,0.5,0.38,0.53,2026-09-17T00:00:00,1988-09-19T00:00:00,9/19/1988,590630400,2026-09-14T00:00:00
191,VPV,0.09480000000000001,7.98802,7.29626,0.0667,6.72,24,Morningstar US CEF Municipal-Single State,65,"Invesco Advisers, Inc",False,10.97,0.2,10.02,2026-09-17T00:00:00,46132K109,Invesco PA Value,2026-09-17,XVPVX,Fixed Income - Municipal-Municipal - Single-State,37.92,196.058,0.126,Monthly,0.24298,0.0667,15.0,5.0179,,19.59,3.1,,288.456,True,True,True,False,False,False,,3.5,12.68,-1.24,2.07,0.24,12.91,,,21.64,315660,25.47,,96.0024,,11.26,8.28,10.77697,-0.15524000000000002,2.38,1.94,2.06,2026-09-17T00:00:00,1993-04-30T00:00:00,4/30/1993,736128000,2026-09-14T00:00:00
192,IQI,0.0437,8.0639,7.72653,0.0631,6.95,21,Morningstar US CEF Municipal,65,"Invesco Advisers, Inc",False,9.8,0.12,9.39,2026-09-17T00:00:00,46133G107,Invesco Quality Municipal Income Trust,2026-09-17,XIQIX,Fixed Income - Municipal-Municipal,35.73,518.261,0.026000000000000002,Monthly,0.24185,0.0631,15.0,5.5043,,18.62,2.91,,772.649,True,False,True,False,False,False,,3.66,10.95,-1.3900000000000001,0.2,0.37,6.85,,,15.86,1440010,15.49,,93.8966,,10.7,8.66,9.97264,-1.48686,2.74,1.77,2.0,2026-09-17T00:00:00,1992-09-29T00:00:00,9/29/1992,717724800,2026-09-14T00:00:00
193,VVR,-0.13470000000000001,10.41916,12.04152,0.028999999999999998,1.19,19,Morningstar US CEF Senior Loans,65,"Invesco Advisers, Inc",False,2.89,-0.01,3.34,2026-09-17T00:00:00,46131H107,Invesco Senior Income,2026-09-17,XVVRX,Fixed Income - Taxable-Senior Loans,35.52,444.843,-0.044000000000000004,Monthly,0.16899,0.028999999999999998,10.0,,,3.9,4.89,,797.316,True,False,False,False,False,False,,5.54,3.34,4.88,4.21,0.86,-1.6400000000000001,,,-7.77,9664370,,,,,,,3.14762,-9.92727,-2.03,-2.15,-1.94,2026-09-17T00:00:00,1998-06-24T00:00:00,6/24/1998,898646400,2026-09-14T00:00:00
194,VGM,0.015600000000000001,8.0666,7.94262,0.06459999999999999,7.51,21,Morningstar US CEF Municipal,65,"Invesco Advisers, Inc",False,9.76,0.2,9.61,2026-09-17T00:00:00,46131M106,Invesco Tr Inv Gr Muni,2026-09-17,XVGMX,Fixed Income - Municipal-Municipal,37.91,529.304,-0.018000000000000002,Monthly,0.24485,0.06459999999999999,15.0,5.4212,,20.77,3.11,,839.392,True,False,True,False,False,False,,3.6,11.04,-1.4100000000000001,-0.26,0.48,5.12,,,17.21,1709850,18.24,,96.729,,11.28,8.91,10.25425,-1.00958,1.23,0.08,0.8300000000000001,2026-09-17T00:00:00,1992-01-24T00:00:00,1/24/1992,696211200,2026-09-14T00:00:00
195,VTN,0.0070999999999999995,8.30303,8.24473,0.06849999999999999,7.72,23,Morningstar US CEF Municipal-NY,65,"Invesco Advisers, Inc",False,9.97,0.07,9.9,2026-09-17T00:00:00,46131T101,Invesco Tr Inv Gr NY,2026-09-17,XVTNX,Fixed Income - Municipal-Municipal - NY,34.48,145.995,0.01,Monthly,0.25475000000000003,0.06849999999999999,15.0,5.1028,,23.49,2.69,,221.271,True,False,False,False,False,False,,2.68,10.1,-1.54,0.8,-0.22,-2.15,,,14.09,319260,25.38,,90.718,,13.06,10.43,11.19741,3.3205,-1.07,-1.99,-1.74,2026-09-17T00:00:00,1992-03-27T00:00:00,3/27/1992,701654400,2026-09-14T00:00:00
196,IIM,0.0496,8.04522,7.66529,0.0771,6.65,21,Morningstar US CEF Municipal,65,"Invesco Advisers, Inc",False,12.07,0.17,11.5,2026-09-17T00:00:00,46132P108,Invesco Value Muni Income,2026-09-17,XIIMX,Fixed Income - Municipal-Municipal,35.86,568.318,-0.011000000000000001,Monthly,0.29788000000000003,0.0771,15.0,5.5984,,18.25,2.93,,844.202,True,False,True,False,False,False,,3.64,10.78,-1.18,0.33,0.56,8.79,,,16.52,1188900,17.03,,94.3507,,10.32,8.32,12.487400000000001,1.00149,1.7000000000000002,0.86,1.23,2026-09-17T00:00:00,1993-02-26T00:00:00,2/26/1993,730684800,2026-09-14T00:00:00
197,JOF,-0.1318,8.0,9.21446,0.09559999999999999,31.63,1,Morningstar US CEF Asia Equity,79,Nomura Asset Management Co Ltd,False,12.45,0.15,14.34,2026-09-17T00:00:00,47109U104,Japan Smaller Cap Fund,2026-09-17,XXJOFXX,Equity-Asia Equity,0.0,317.481,,Monthly,0.03946,0.09559999999999999,12.0,,,,2.09,,365.677,True,True,False,False,False,False,,23.81,27.36,11.52,12.59,25.62,21.31,,,29.77,767350,,,,,,,11.30118,-10.74881,-1.54,-1.1,-1.13,2026-09-17T00:00:00,1990-03-21T00:00:00,3/21/1990,637977600,2026-09-15T00:00:00
198,BTO,-0.09140000000000001,6.33528,6.97238,0.65,22.04,8,Morningstar US CEF Sector Equity,67,John Hancock Investment Management LLC,True,37.29,-0.16,41.04,2026-09-17T00:00:00,409735206,JHancock Financial Opportunities,2026-09-17,XBTOX,Equity-Sector Equity,13.77,739.575,0.0,Quarterly,0.27503,0.65,20.0,4.7005,,,2.42,,943.949,True,True,False,False,True,False,,26.24,22.91,10.31,5.48,19.84,16.38,,,12.24,462260,,,,,38.99,,36.86053,-2.61949,-2.85,-3.32,-3.14,2026-09-17T00:00:00,1994-08-18T00:00:00,8/18/1994,777168000,2026-06-11T00:00:00
199,JHS,-0.09630000000000001,5.27945,5.84206,0.1535,1.48,15,Morningstar US CEF Investment Grade,67,John Hancock Investment Management LLC,False,10.51,0.07,11.63,2026-09-17T00:00:00,410123103,JHancock Income Secs,2026-09-17,XJHSX,Fixed Income - Taxable-Investment Grade,40.26,122.406,0.0,Quarterly,0.29069,0.1535,15.3,5.4543,,,4.41,,226.75,True,False,False,False,False,False,,5.33,5.35,-1.38,-2.55,-0.9,-4.61,,,-0.79,147680,,,98.3831,,7.08,4.44,11.30797,-7.72152,-1.2,-1.8,-1.52,2026-09-17T00:00:00,1973-02-14T00:00:00,2/14/1973,98496000,2026-06-11T00:00:00
200,JHI,-0.11449999999999999,8.4495,9.54217,0.297,5.2,15,Morningstar US CEF Investment Grade,66,John Hancock,False,12.45,0.07,14.06,2026-09-17T00:00:00,410142103,JHancock Investors,2026-09-17,XJHIX,Fixed Income - Taxable-Investment Grade,41.41,108.87,0.0,Quarterly,0.58459,0.297,21.06,6.8494,,,4.59,,209.848,True,False,False,False,False,False,,8.84,10.08,2.14,1.0,3.09,1.87,,,3.06,206580,6.53,,98.1223,,6.17,,13.49637,-7.6435200000000005,-2.71,-2.89,-2.93,2026-09-17T00:00:00,1971-01-29T00:00:00,1/29/1971,33955200,2026-06-11T00:00:00
201,HPI,0.0177,10.08163,9.90642,0.1235,2.27,18,Morningstar US CEF Preferreds,67,John Hancock Investment Management LLC,False,14.96,0.09,14.7,2026-09-17T00:00:00,41013W108,JHancock Preferred Income,2026-09-17,XHPIX,Fixed Income - Taxable-Preferreds,39.5,400.811,0.0,Monthly,0.56391,0.1235,25.0,6.4987,,,4.48,,650.945,True,False,False,False,False,False,,9.71,11.13,2.67,2.59,0.1,3.46,,,8.4,528230,,,101.5739,,91.45,,16.32189,3.84749,-0.97,-2.87,-1.24,2026-09-17T00:00:00,2002-08-27T00:00:00,8/27/2002,1030406400,2026-09-11T00:00:00
202,HPF,0.0,10.17159,10.17159,0.1235,2.42,18,Morningstar US CEF Preferreds,67,John Hancock Investment Management LLC,False,14.57,0.21,14.57,2026-09-17T00:00:00,41013X106,JHancock Preferred Income II,2026-09-17,XHPFX,Fixed Income - Taxable-Preferreds,39.59,315.453,0.0,Monthly,0.5652,0.1235,25.0,6.5714,,,4.51,,522.153,True,False,False,False,False,False,,9.82,10.76,2.85,1.56,0.32,3.25,,,5.89,369980,,,101.5517,,90.07,,16.03597,2.91456,-1.82,-2.7199999999999998,-2.02,2026-09-17T00:00:00,2002-11-29T00:00:00,11/29/2002,1038528000,2026-09-11T00:00:00
203,HPS,-0.006900000000000001,10.05331,10.1227,0.11,2.48,18,Morningstar US CEF Preferreds,67,John Hancock Investment Management LLC,False,13.04,0.09,13.13,2026-09-17T00:00:00,41021P103,JHancock Preferred Income III,2026-09-17,XHPSX,Fixed Income - Taxable-Preferreds,39.37,419.482,0.0,Monthly,0.50751,0.11,25.0,6.5064,,,4.47,,696.677,True,False,False,False,False,False,,9.82,9.0,2.94,2.24,0.46,2.58,,,3.1,604010,,,101.6004,,86.67,,14.57708,3.85708,-2.59,-2.49,-3.15,2026-09-17T00:00:00,2003-06-18T00:00:00,6/18/2003,1055894400,2026-09-11T00:00:00
204,PDT,-0.11699999999999999,7.70058,8.72099,0.08829999999999999,7.76,18,Morningstar US CEF Preferreds,66,John Hancock,True,12.15,0.05,13.76,2026-09-17T00:00:00,41013T105,JHancock Premium Dividend Fund,2026-09-17,XPDTX,Fixed Income - Taxable-Preferreds,35.57,597.6,0.0,Monthly,0.34231,0.08829999999999999,12.0,5.8871,,,4.32,,1050.489,True,False,False,False,True,False,,15.46,16.64,7.01,2.54,5.87,4.55,,,1.62,1219640,,,,,76.11,,12.95584,-9.69565,-1.19,-1.22,-1.07,2026-09-17T00:00:00,1989-12-21T00:00:00,12/21/1989,630201600,2026-09-11T00:00:00
205,HTD,-0.0588,7.43529,7.9,0.158,7.91,26,Morningstar US CEF US Allocation,67,John Hancock Investment Management LLC,True,24.0,-0.11,25.5,2026-09-17T00:00:00,41013V100,JHancock Tax-Advantaged Dividend Inc,2026-09-17,XHTDX,Hybrid-U.S. Allocation,32.14,850.364,0.0,Monthly,0.63149,0.158,20.0,5.9626,,,3.58,,1331.412,True,False,False,False,True,False,,16.36,18.4,8.19,8.52,7.27,12.01,,,10.63,636320,,,,,68.76,,24.94676,-5.8266100000000005,-0.03,-2.7,-0.43,2026-09-17T00:00:00,2004-02-27T00:00:00,2/27/2004,1077840000,2026-09-11T00:00:00
206,HEQ,-0.0983,7.93021,8.79507,0.25,15.29,5,Morningstar US CEF Global Equity,67,John Hancock Investment Management LLC,True,11.37,0.09,12.61,2026-09-17T00:00:00,47804L102,John Hancock Diversified Income Fund,2026-09-17,XHEQX,Equity-Global Equity,10.42,135.628,,Quarterly,0.35522,0.25,20.0,6.6246,,,1.31,,167.919,True,True,True,False,True,False,,12.95,13.74,8.42,7.33,10.68,14.25,,,19.33,366790,,,97.9782,,,,11.18043,-10.32623,0.36,-0.53,-0.56,2026-09-17T00:00:00,2011-05-26T00:00:00,5/26/2011,1306368000,2026-06-11T00:00:00
207,KYN,-0.11900000000000001,6.59341,7.4844100000000005,0.09,31.32,6,Morningstar US CEF MLP,69,"KA Fund Advisors, LLC",False,14.43,-0.03,16.38,2026-09-17T00:00:00,486606106,Kayne Anderson Energy Infrastructure,2026-09-17,XKYNX,Equity-MLP,25.53,2440.489,,Monthly,0.31841,0.09,25.0,7.259,,,3.3,,3719.768,True,True,True,False,False,False,,27.56,30.3,22.88,24.05,30.73,27.01,,,28.86,3895660,,,,,15.1,,13.35793,-12.22912,0.21,0.51,1.06,2026-09-17T00:00:00,2004-09-28T00:00:00,9/28/2004,1096329600,2026-09-15T00:00:00
208,KIO,-0.0907,12.35593,13.58807,0.1215,4.89,14,Morningstar US CEF High Yield,70,Kohlberg Kravis Roberts &amp; Co.,False,10.73,0.05,11.8,2026-09-17T00:00:00,48249T106,KKR Income Opportunities Fund,2026-09-17,XKIOX,Fixed Income - Taxable-High Yield,33.04,439.771,,Monthly,0.63625,0.1215,20.0,7.7655,,,4.09,,722.262,True,False,False,False,False,False,,8.55,8.17,4.74,3.35,3.76,4.01,,,0.49,2464220,0.09000000000000001,,100.3092,,58.49,,11.43736,-6.50728,-1.71,-1.9300000000000002,-1.8599999999999999,2026-09-17T00:00:00,2013-07-26T00:00:00,7/26/2013,1374796800,2026-09-11T00:00:00
209,KF,-0.1586,1.7792,2.11467,1.381724,154.98,1,Morningstar US CEF Asia Equity,68,JPMorgan Asset Management (Asia Pacific) Limited,False,65.34,2.37,77.66,2026-09-17T00:00:00,500634209,Korea Fund,2026-09-17,XKFDX,Equity-Asia Equity,5.74,271.706,,Annually,0.0077,1.381724,40.0,,,,1.21,,322.937,True,True,False,False,False,False,,45.82,46.16,17.56,18.23,82.09,77.4,,,144.86,198040,,,,,,,51.05384,-13.50039,-1.33,-0.56,-0.8200000000000001,2026-09-17T00:00:00,1984-08-29T00:00:00,8/29/1984,462585600,2025-12-23T00:00:00
210,LGI,-0.0489,10.22099,10.74606,0.15339999999999998,14.3,5,Morningstar US CEF Global Equity,71,Lazard Asset Management LLC,False,17.13,0.01,18.01,2026-09-17T00:00:00,52106W103,Lazard Global Total Return and Income,2026-09-17,XLGIX,Equity-Global Equity,9.17,223.153,,Monthly,0.028050000000000002,0.15339999999999998,20.0,7.7462,,,2.0,,258.291,True,False,False,False,False,False,,12.72,18.36,5.87,6.5600000000000005,8.81,13.42,,,14.96,434100,,,,,3.13,,17.83292,-1.83832,-0.98,-2.29,-2.15,2026-09-17T00:00:00,2004-04-28T00:00:00,4/28/2004,1083110400,2026-09-10T00:00:00
211,USA,-0.1226,10.16442,11.58433,0.16999999999999998,7.71,10,Morningstar US CEF US Equity,9,ALPS Advisors Inc,True,5.87,-0.03,6.6899999999999995,2026-09-17T00:00:00,530158104,Liberty All-Star Equity,2026-09-17,XUSAX,Equity-U.S. Equity,0.85,1809.248,,Quarterly,0.02385,0.16999999999999998,10.0,,,,0.91,,2079.568,True,False,False,False,True,False,,13.03,9.47,6.41,3.45,7.65,3.68,,,1.4100000000000001,12710520,,,,,,,5.99138,-10.15222,-1.49,-0.52,-0.97,2026-09-17T00:00:00,1986-10-31T00:00:00,10/31/1986,531100800,2026-07-16T00:00:00
212,ASG,-0.13390000000000002,8.34783,9.63855,0.12,6.32,10,Morningstar US CEF US Equity,9,ALPS Advisors Inc,True,4.98,0.01,5.75,2026-09-17T00:00:00,529900102,Liberty All-Star Growth,2026-09-17,XASGX,Equity-U.S. Equity,0.06,317.314,,Quarterly,-0.01856,0.12,10.0,,,,1.12,,366.598,True,False,False,False,True,False,,10.43,8.32,0.44,-1.3,7.2,4.86,,,2.43,2579290,,,,,,,5.26828,-10.64217,-2.06,-1.79,-1.75,2026-09-17T00:00:00,1986-03-14T00:00:00,3/14/1986,511142400,2026-07-16T00:00:00
213,SCD,-0.1101,8.39161,9.43026,0.12,16.77,25,Morningstar US CEF Global Allocation,54,"Franklin Templeton Fund Adviser, LLC",True,15.27,0.07,17.16,2026-09-17T00:00:00,50208A102,LMP Capital and Income,2026-09-17,XSCDX,Hybrid-Global Allocation,21.08,349.78,,Monthly,0.06042,0.12,20.0,,,,2.39,,498.073,True,False,False,False,True,False,,16.3,16.62,11.07,11.2,13.68,12.11,,,10.21,776430,13.6,,,,4.25,,15.29832,-9.50853,-0.91,0.0,-0.5,2026-09-17T00:00:00,2004-02-24T00:00:00,2/24/2004,1077580800,2026-08-24T00:00:00
214,MXE,-0.1739,1.4515500000000001,1.75713,0.2337,24.61,4,Morningstar US CEF Emerging Market Equity,89,Pichardo Asset Management SA De CV,False,13.3001,0.39,16.1,2026-09-17T00:00:00,592834105,Mexico Equity & Income,2026-09-17,XMXEX,Equity-Emerging Market Equity,,58.523,,Annually,0.07512,0.2337,12.0,7.969,,0.02,2.13,,70.843,False,True,True,False,False,False,,7.71,12.81,7.8100000000000005,2.89,11.7,8.72,,,23.23,57450,,,,,,,12.89163,-17.9065,0.48,1.26,0.51,2026-09-17T00:00:00,1990-08-15T00:00:00,8/15/1990,650678400,2025-12-16T00:00:00
215,MXF,-0.1137,5.80936,6.55472,0.3474,24.71,4,Morningstar US CEF Emerging Market Equity,64,"Impulsora Del Fondo Mexico, SC",True,21.2,0.03,23.92,2026-09-17T00:00:00,592835102,Mexico Fund,2026-09-17,XXMXFXX,Equity-Emerging Market Equity,,305.705,,Quarterly,0.27312000000000003,0.3474,12.0,5.75,,,1.36,,344.928,False,True,True,False,True,False,,9.49,13.93,10.61,12.07,11.34,13.26,,,27.07,469760,,,,,,,20.93616,-13.1755,1.8,1.1400000000000001,1.25,2026-09-17T00:00:00,1981-06-03T00:00:00,6/3/1981,360374400,2026-07-22T00:00:00
216,CAF,-0.1646,1.19577,1.4314,0.262949,27.83,1,Morningstar US CEF Asia Equity,74,Morgan Stanley,False,18.37,0.14,21.99,2026-09-17T00:00:00,617468103,Morgan Stanley China A Share,2026-09-17,XCAFX,Equity-Asia Equity,,245.312,,Annually,-0.01046,0.262949,20.0,,,,1.52,,293.653,False,True,False,False,False,False,,15.48,16.17,2.22,0.65,16.72,9.33,,,24.74,371010,,,,,,,18.15913,-14.059,-1.12,-0.48,-0.76,2026-09-17T00:00:00,2006-09-28T00:00:00,9/28/2006,1159401600,2025-12-19T00:00:00
217,MSD,-0.0986,7.58534,8.41515,0.15,11.12,12,Morningstar US CEF Emerging Market Income,75,"Morgan Stanley Investment Management, Inc.",False,7.13,0.05,7.91,2026-09-17T00:00:00,61744H105,Morgan Stanley Emerging Markets Debt,2026-09-17,XMSDX,Fixed Income - Taxable-Emerging Market Income,0.03,144.249,,Quarterly,0.30967,0.15,15.0,6.5116,,6.76,1.36,,160.029,True,False,False,False,False,False,,12.68,14.6,3.33,4.21,4.65,2.68,,,5.35,918340,,,,,,,7.38857,-7.07433,-1.53,-1.8900000000000001,-1.3900000000000001,2026-09-17T00:00:00,1993-07-23T00:00:00,7/23/1993,743385600,2026-06-30T00:00:00
218,EDD,-0.042199999999999994,16.18887,16.90141,0.24,18.54,12,Morningstar US CEF Emerging Market Income,75,"Morgan Stanley Investment Management, Inc.",False,5.68,0.02,5.93,2026-09-17T00:00:00,617477104,Morgan Stanley Emrgng Mkts Domestic Debt,2026-09-17,XEDDX,Fixed Income - Taxable-Emerging Market Income,14.56,366.11,,Quarterly,0.28033,0.24,20.0,6.6059,,7.47,2.18,,447.373,True,True,True,False,False,False,,13.35,19.8,5.52,8.51,7.92,15.82,,,23.71,3633010,,,,,,,5.63268,-4.90533,0.24,-1.33,0.15,2026-09-17T00:00:00,2007-04-24T00:00:00,4/24/2007,1177372800,2026-06-30T00:00:00
219,IIF,-0.1119,7.96295,8.96641,1.985164,-5.13,1,Morningstar US CEF Asia Equity,75,"Morgan Stanley Investment Management, Inc.",False,22.14,0.17,24.93,2026-09-17T00:00:00,61745C105,Morgan Stanley India Investment,2026-09-17,XIIFX,Equity-Asia Equity,,207.821,,Annually,-0.1168,1.985164,15.0,,,,1.35,,234.009,False,False,False,False,False,False,,7.66,12.46,5.14,7.46,-5.98,-6.93,,,-4.54,320560,,,,,,,23.85708,-11.08604,-0.14,0.09,0.23,2026-09-17T00:00:00,1994-02-25T00:00:00,2/25/1994,762134400,2025-12-19T00:00:00
220,NML,-0.0888,7.24966,7.9561,0.07008,33.27,6,Morningstar US CEF MLP,76,Neuberger Berman,False,10.57,0.12,11.6,2026-09-17T00:00:00,64129H104,NB Energy Infra and Income Fund Inc,2026-09-17,XNMLX,Equity-MLP,24.96,598.885,,Monthly,-0.18702,0.07008,20.0,,,,1.07,,875.907,True,True,True,False,False,False,,22.27,25.23,22.52,26.94,31.8,33.32,,,33.45,1722600,,,,,,,9.56001,-10.48332,1.6,0.85,1.29,2026-09-17T00:00:00,2013-03-26T00:00:00,3/26/2013,1364256000,2026-09-15T00:00:00
221,NBXG,-0.13449999999999998,8.2427,9.52381,0.12,14.76,10,Morningstar US CEF US Equity,76,Neuberger Berman,False,15.12,0.16,17.47,2026-09-17T00:00:00,64133Q108,Neuberger Brmn Nxt Gnrtn Cnnctvty,2026-09-17,XNBGX,Equity-U.S. Equity,,1190.874,,Monthly,-0.05846,0.12,20.0,,,,1.35,,1375.963,False,True,False,False,False,False,,19.45,23.56,5.0,4.52,10.56,11.98,,,12.6,2043570,,,,,,,14.78885,-13.00261,-0.36,-0.34,0.01,2026-09-17T00:00:00,2021-05-25T00:00:00,5/25/2021,1621900800,2026-09-15T00:00:00
222,NHS,-0.11130000000000001,17.02194,19.15344,0.0905,2.95,14,Morningstar US CEF High Yield,76,Neuberger Berman,False,5.67,0.03,6.38,2026-09-17T00:00:00,64128C106,Neuberger High Yield Strategies,2026-09-17,XNHSX,Fixed Income - Taxable-High Yield,33.46,237.322,,Monthly,0.18333,0.0905,15.0,7.1795,,,3.39,,401.32,True,False,False,False,False,False,,8.54,5.99,1.6600000000000001,-0.23,0.86,-10.44,,,-7.11,2074260,,,100.0071,,5.04,3.23,6.81437,-3.29122,-1.72,-2.68,-2.61,2026-09-17T00:00:00,2003-07-28T00:00:00,7/28/2003,1059350400,2026-08-17T00:00:00
223,NBH,-0.07690000000000001,6.17322,6.68765,0.054169999999999996,6.69,21,Morningstar US CEF Municipal,76,Neuberger Berman,False,9.72,0.2,10.53,2026-09-17T00:00:00,64124P101,Neuberger Municipal Fund,2026-09-17,XNBHX,Fixed Income - Municipal-Municipal,42.22,287.888,,Monthly,0.13171,0.054169999999999996,15.0,4.9667,,,3.87,,539.778,True,False,True,False,False,False,,2.7199999999999998,6.6,-1.96,-4.64,0.02,3.93,,,8.72,930950,15.43,,98.7026,,13.96,8.71,10.28617,-8.59274,0.78,-0.37,0.36,2026-09-17T00:00:00,2002-09-27T00:00:00,9/27/2002,1033084800,2026-07-31T00:00:00
224,NRO,-0.1082,12.27541,13.764710000000001,0.0312,4.77,7,Morningstar US CEF Real Estate,76,Neuberger Berman,False,2.72,0.01,3.05,2026-09-17T00:00:00,64190A103,Neuberger Real Estate Securities Income,2026-09-17,XNROX,Equity-Real Estate,26.59,172.344,,Monthly,0.06094,0.0312,15.0,,,,3.12,,263.254,True,False,False,False,False,False,,9.78,10.9,0.43,-0.81,7.22,2.94,,,-0.38,2392560,,,,,,,3.01834,-7.34748,-1.76,-1.8900000000000001,-2.26,2026-09-17T00:00:00,2003-10-31T00:00:00,10/31/2003,1067558400,2026-08-17T00:00:00
225,GF,-0.0901,2.52252,2.77228,0.154,2.43,9,Morningstar US CEF Single Country Equity,40,DWS,False,11.11,0.11,12.21,2026-09-17T00:00:00,644465106,New Germany,2026-09-17,XGFNX,Equity-Single-Country Equity,8.5,181.178,,Semi-Annually,0.10538,0.154,20.0,,,,1.31,,217.621,True,False,True,False,False,False,,7.96,11.35,-4.65,-3.6,2.91,3.17,,,2.12,256250,,,,,,,11.44666,-9.87348,0.73,0.11,0.34,2026-09-17T00:00:00,1990-01-30T00:00:00,1/30/1990,633657600,2026-05-26T00:00:00
226,NVG,0.0035000000000000005,8.22917,8.20069,0.079,7.12,21,Morningstar US CEF Municipal,81,"Nuveen Fund Advisors, LLC.",False,11.56,0.19,11.52,2026-09-17T00:00:00,67071L106,Nuveen AMT-Free Muni Credit Inc,2026-09-17,XNVGX,Fixed Income - Municipal-Municipal,43.76,2506.09,-0.02,Monthly,0.29602,0.079,15.0,4.7951,,18.53,3.64,,4440.823,True,False,True,False,False,False,,3.81,10.39,-1.75,-1.82,-0.64,0.89,,,10.45,5597880,23.2,2.99,91.3863,,15.21,9.5,12.57004,-0.6117800000000001,0.53,-0.17,0.43,2026-09-17T00:00:00,2002-03-25T00:00:00,3/25/2002,1017014400,2026-09-15T00:00:00
227,NUW,-0.073,4.04448,4.36282,0.048499999999999995,4.95,21,Morningstar US CEF Municipal,81,"Nuveen Fund Advisors, LLC.",False,13.34,0.1,14.39,2026-09-17T00:00:00,670695105,Nuveen AMT-Free Municipal Value Fund,2026-09-17,XNUWX,Fixed Income - Municipal-Municipal,7.49,239.471,-0.073,Monthly,0.30096,0.048499999999999995,15.0,5.4225,,19.24,0.75,,279.245,True,False,False,False,False,False,,3.2,4.96,0.0,-0.31,0.23,0.31,,,6.13,398990,9.3,0.07,96.4701,,9.22,8.74,14.21125,-5.1399,-2.32,-2.21,-1.8399999999999999,2026-09-17T00:00:00,2009-02-25T00:00:00,2/25/2009,1235520000,2026-09-15T00:00:00
228,NEA,0.0,7.69086,7.69086,0.06799999999999999,6.14,21,Morningstar US CEF Municipal,81,"Nuveen Fund Advisors, LLC.",False,10.61,0.15,10.61,2026-09-17T00:00:00,670657105,Nuveen AMT-Free Quality Muni Inc,2026-09-17,XNEAX,Fixed Income - Municipal-Municipal,42.57,3222.166,0.018000000000000002,Monthly,0.25491,0.06799999999999999,15.0,5.1439,,19.1,3.5300000000000002,,5610.321,True,False,True,False,False,False,,2.92,9.75,-1.9300000000000002,-0.97,-0.56,1.4100000000000001,,,9.78,8734590,21.6,3.99,95.2832,,11.78,8.25,11.47866,-0.5401100000000001,0.4,-1.16,-0.04,2026-09-17T00:00:00,2002-11-21T00:00:00,11/21/2002,1037836800,2026-09-15T00:00:00
229,NAZ,0.0885,6.92737,6.36441,0.062,7.47,24,Morningstar US CEF Municipal-Single State,81,"Nuveen Fund Advisors, LLC.",False,11.69,-0.04,10.74,2026-09-17T00:00:00,67061W104,Nuveen AZ Quality Muni Inc,2026-09-17,XNAZX,Fixed Income - Municipal-Municipal - Single-State,40.5,152.37,0.031,Monthly,0.20512,0.062,15.0,4.7743,,17.43,3.55,,235.287,True,False,True,False,False,False,,3.31,12.91,-1.22,0.13,0.13,8.16,,,10.79,220270,21.2,0.81,97.782,,13.1,8.64,12.23947,5.63028,0.87,0.37,0.03,2026-09-17T00:00:00,1992-11-19T00:00:00,11/19/1992,722131200,2026-09-15T00:00:00
230,NKX,0.0241,7.72118,7.53927,0.072,8.21,22,Morningstar US CEF Municipal-CA,81,"Nuveen Fund Advisors, LLC.",False,11.46,0.13,11.19,2026-09-17T00:00:00,670651108,Nuveen CA AMT - Free Quality Muni Inc,2026-09-17,XNCMX,Fixed Income - Municipal-Municipal - CA,40.85,638.524,-0.014,Monthly,0.25181,0.072,15.0,4.7953,,18.45,3.77,,1054.065,True,False,False,False,False,False,,3.42,10.09,-1.81,-0.49,0.58,1.77,,,9.81,1370490,22.9,0.5900000000000001,96.6526,,13.74,8.65,12.50517,4.03537,-1.09,-1.57,-0.6900000000000001,2026-09-17T00:00:00,2002-11-22T00:00:00,11/22/2002,1037923200,2026-09-15T00:00:00
231,NCA,-0.0102,4.0678,4.10959,0.03,6.04,22,Morningstar US CEF Municipal-CA,81,"Nuveen Fund Advisors, LLC.",False,8.76,0.1,8.85,2026-09-17T00:00:00,67062C107,Nuveen CA Municipal Value,2026-09-17,XNCAX,Fixed Income - Municipal-Municipal - CA,0.0,292.182,-0.012,Monthly,0.17651,0.03,10.0,4.7362,,18.63,0.54,,295.184,True,False,False,False,False,False,,3.5,4.98,-0.08,0.52,0.84,3.77,,,10.44,681670,23.2,1.33,97.2125,,,8.51,9.17497,0.04692,-0.47000000000000003,-1.16,-1.22,2026-09-17T00:00:00,1987-10-07T00:00:00,10/7/1987,560563200,2026-09-15T00:00:00
232,NAC,0.006500000000000001,7.76536,7.71508,0.06949999999999999,8.74,22,Morningstar US CEF Municipal-CA,81,"Nuveen Fund Advisors, LLC.",False,10.81,0.03,10.74,2026-09-17T00:00:00,67066Y105,Nuveen CA Quality Muni Income,2026-09-17,XNACX,Fixed Income - Municipal-Municipal - CA,40.3,1803.09,-0.005,Monthly,0.24164,0.06949999999999999,15.0,4.7919,,19.26,3.79,,3000.804,True,False,False,False,False,False,,3.37,11.33,-1.9300000000000002,-0.38,0.41000000000000003,3.67,,,11.8,5262980,23.1,1.05,96.6951,,13.55,8.93,11.80579,1.9006,-0.79,-2.68,-1.9,2026-09-17T00:00:00,1999-05-26T00:00:00,5/26/1999,927676800,2026-09-15T00:00:00
233,JCE,-0.0641,8.18898,8.75,0.364,21.58,10,Morningstar US CEF US Equity,81,"Nuveen Fund Advisors, LLC.",True,16.64,0.04,17.78,2026-09-17T00:00:00,67090X107,Nuveen Core Equity Alpha,2026-09-17,XJCEX,Equity-U.S. Equity,1.35,282.925,0.0,Quarterly,0.0054600000000000004,0.364,20.0,,,,0.9900000000000001,,302.308,True,True,True,False,True,False,,20.8,19.78,12.51,11.7,12.3,12.01,,,18.2,392730,,,,,,,16.01762,-6.49651,0.1,0.27,0.62,2026-09-17T00:00:00,2007-03-27T00:00:00,3/27/2007,1174953600,2026-09-15T00:00:00
234,NPCT,-0.0748,10.43732,11.28151,0.0895,2.68,15,Morningstar US CEF Investment Grade,81,"Nuveen Fund Advisors, LLC.",True,9.52,-0.07,10.29,2026-09-17T00:00:00,67080D103,Nuveen Core Plus Impact Fund,2026-09-17,XNPCX,Fixed Income - Taxable-Investment Grade,38.0,273.748,,Monthly,0.18066000000000002,0.0895,20.0,4.3717,,28.5,4.43,,477.209,True,False,False,False,True,False,,7.92,11.93,-3.26,-3.13,0.45,2.49,,,-0.52,1232000,19.7,0.0,88.983,,7.48,5.36,10.24522,-6.84393,-0.42,0.05,-0.49,2026-09-17T00:00:00,2021-04-27T00:00:00,4/27/2021,1619481600,2026-09-15T00:00:00
235,JQC,-0.11320000000000001,11.20755,12.6383,0.049499999999999995,5.84,19,Morningstar US CEF Senior Loans,81,"Nuveen Fund Advisors, LLC.",True,4.7,0.04,5.3,2026-09-17T00:00:00,67073D102,Nuveen Credit Strategies Income Fund,2026-09-17,XJQCX,Fixed Income - Taxable-Senior Loans,38.65,694.738,-0.082,Monthly,0.23976,0.049499999999999995,15.0,,,5.0,5.09,,1277.028,True,False,False,False,True,False,,8.48,10.38,4.93,4.93,3.49,3.24,,,-1.9300000000000002,7713860,84.5,0.0,,,,,4.9292300000000004,-9.80205,-0.97,-1.13,-0.75,2026-09-17T00:00:00,2003-06-25T00:00:00,6/25/2003,1056499200,2026-09-15T00:00:00
236,NDMO,-0.042199999999999994,7.22966,7.54839,0.058499999999999996,5.39,21,Morningstar US CEF Municipal,81,"Nuveen Fund Advisors, LLC.",True,9.3,0.13,9.71,2026-09-17T00:00:00,67079X102,Nuveen Dynamic Municipal Opportunities,2026-09-17,XNDMX,Fixed Income - Municipal-Municipal,32.92,563.087,,Monthly,0.23738,0.058499999999999996,15.0,5.6236,,18.34,2.83,,876.456,True,False,False,False,True,False,,5.05,5.51,-2.48,-2.95,0.38,3.37,,,6.92,1441140,19.8,0.37000000000000005,95.4987,,10.6,7.87,10.28904,-0.97213,-2.61,-2.11,-2.89,2026-09-17T00:00:00,2020-08-26T00:00:00,8/26/2020,1598400000,2026-09-15T00:00:00
237,JFR,-0.0943,11.31802,12.49666,0.078,6.29,19,Morningstar US CEF Senior Loans,81,"Nuveen Fund Advisors, LLC.",True,7.49,0.03,8.27,2026-09-17T00:00:00,67072T108,Nuveen Floating Rate Income,2026-09-17,XJFRX,Fixed Income - Taxable-Senior Loans,37.6,1205.646,0.015000000000000001,Monthly,0.37027,0.078,15.0,,,4.8100000000000005,4.78,,2133.401,True,False,False,False,True,False,,8.94,11.25,6.02,5.99,4.11,6.76,,,3.22,7494900,88.3,0.0,,,,,7.71464,-9.14277,-0.2,-1.75,-0.03,2026-09-17T00:00:00,2004-03-25T00:00:00,3/25/2004,1080172800,2026-09-15T00:00:00
238,JGH,-0.1051,9.25484,10.341380000000001,0.1035,6.84,13,Morningstar US CEF Global Income,81,"Nuveen Fund Advisors, LLC.",True,12.01,0.05,13.42,2026-09-17T00:00:00,67075G103,Nuveen Global High Income Fund,2026-09-17,XJGHX,Fixed Income - Taxable-Global Income,29.44,337.791,-0.026000000000000002,Monthly,0.52601,0.1035,20.0,7.7831,,6.15,3.37,,534.949,True,False,False,False,True,False,,11.78,12.92,4.88,4.86,4.92,5.13,,,0.78,991710,36.3,0.0,98.8169,,,,12.68477,-7.66963,-1.99,-2.67,-2.73,2026-09-17T00:00:00,2014-11-24T00:00:00,11/24/2014,1416787200,2026-09-15T00:00:00
239,NMT,0.0644,6.97406,6.55235,0.0605,7.49,24,Morningstar US CEF Municipal-Single State,81,"Nuveen Fund Advisors, LLC.",False,11.08,-0.06,10.41,2026-09-17T00:00:00,67061E104,Nuveen MA Quality Muni Inc,2026-09-17,XNMTX,Fixed Income - Municipal-Municipal - Single-State,40.17,117.313,0.026000000000000002,Monthly,0.20713,0.0605,15.0,4.8792,,20.05,3.45,,184.219,True,False,False,False,False,False,,2.8200000000000003,14.51,-1.97,1.35,0.59,15.95,,,18.61,209640,21.9,1.73,99.2801,,7.76,9.19,12.09078,8.34652,-0.33,-3.46,-2.83,2026-09-17T00:00:00,1993-03-18T00:00:00,3/18/1993,732412800,2026-09-15T00:00:00
240,NMS,-0.027000000000000003,7.02602,7.22063,0.063,5.46,24,Morningstar US CEF Municipal-Single State,81,"Nuveen Fund Advisors, LLC.",False,10.47,0.14,10.76,2026-09-17T00:00:00,670734102,Nuveen MN Quality Muni Inc,2026-09-17,XMNSX,Fixed Income - Municipal-Municipal - Single-State,41.92,67.143,-0.014,Monthly,0.0,0.063,15.0,4.6952,,16.95,3.66,,118.803,True,False,False,False,False,False,,3.16,7.49,-1.3,-2.32,-1.53,-3.05,,,2.27,176820,43.0,0.0,97.5379,,12.68,7.91,11.89245,0.7477800000000001,-1.49,-0.9400000000000001,-1.6,2026-09-17T00:00:00,1993-06-25T00:00:00,6/25/1993,740966400,2026-09-15T00:00:00
241,JLS,-0.1117,9.93528,11.18397,0.1535,5.41,14,Morningstar US CEF High Yield,81,"Nuveen Fund Advisors, LLC.",True,16.47,0.04,18.54,2026-09-17T00:00:00,670735109,Nuveen Mortgage and Income Fund,2026-09-17,XJLSX,Fixed Income - Taxable-High Yield,23.19,90.2,0.009000000000000001,Monthly,0.68728,0.1535,25.0,7.5713,,17.57,3.07,,132.194,True,False,False,False,True,False,,9.45,11.96,4.34,4.63,2.98,-0.7000000000000001,,,-0.73,193920,0.0,0.0,96.8528,,,,18.10259,-5.23838,-2.64,-2.13,-1.8900000000000001,2026-09-17T00:00:00,2009-11-25T00:00:00,11/25/2009,1259107200,2026-09-15T00:00:00
242,NMAI,-0.0647,9.38005,10.02882,0.11599999999999999,19.32,25,Morningstar US CEF Global Allocation,81,"Nuveen Fund Advisors, LLC.",True,13.88,0.08,14.84,2026-09-17T00:00:00,670750108,Nuveen Multi-Asset Income,2026-09-17,XNMAX,Hybrid-Global Allocation,29.72,463.948,,Monthly,0.13858,0.11599999999999999,20.0,6.1033,,,3.38,,705.801,True,True,True,False,True,False,,15.15,21.22,,,12.19,20.55,,,29.08,1073050,28.2,0.0,96.8324,,,,13.511,-7.6470400000000005,0.71,-0.49,0.17,2026-09-17T00:00:00,2021-11-22T00:00:00,11/22/2021,1637539200,2026-09-15T00:00:00
243,JMM,-0.11,5.5502400000000005,6.23645,0.028999999999999998,1.92,15,Morningstar US CEF Investment Grade,81,"Nuveen Fund Advisors, LLC.",True,5.5801,-0.01,6.27,2026-09-17T00:00:00,67075J107,Nuveen Multi-Market Income Fund,2026-09-17,XJMMX,Fixed Income - Taxable-Investment Grade,30.12,52.801,-0.001,Monthly,0.14258,0.028999999999999998,12.0,5.5404,,4.3,3.34,,84.901,True,False,False,False,True,False,,5.72,5.88,1.11,0.73,-0.29,0.56,,,-2.71,91730,26.7,0.0,96.9368,,,,5.97734,-8.67364,-1.3,-2.37,-1.29,2026-09-17T00:00:00,1988-12-30T00:00:00,12/30/1988,599443200,2026-09-15T00:00:00
244,NZF,-0.0094,8.18884,8.2669,0.0795,7.75,21,Morningstar US CEF Municipal,81,"Nuveen Fund Advisors, LLC.",False,11.54,0.22,11.65,2026-09-17T00:00:00,67070X101,Nuveen Municipal Credit Income,2026-09-17,XNZFX,Fixed Income - Municipal-Municipal,41.92,2273.985,-0.015000000000000001,Monthly,0.31359,0.0795,15.0,5.2638,,19.97,3.61,,3952.861,True,False,False,False,False,False,,3.8200000000000003,10.0,-1.3,-0.91,0.79,1.85,,,9.78,5474730,25.0,2.6,93.6669,,12.28,8.5,12.4951,-0.65915,-0.24,-0.97,-0.81,2026-09-17T00:00:00,2001-09-25T00:00:00,9/25/2001,1001376000,2026-09-15T00:00:00
245,NMCO,-0.0131,8.26962,8.3792,0.06849999999999999,7.66,21,Morningstar US CEF Municipal,81,"Nuveen Fund Advisors, LLC.",False,9.81,0.07,9.94,2026-09-17T00:00:00,670663103,Nuveen Municipal Credit Opps Fund,2026-09-17,XNMCX,Fixed Income - Municipal-Municipal,43.52,559.654,-0.035,Monthly,0.35941,0.06849999999999999,15.0,5.8774,,22.53,4.5,,1004.041,True,False,False,False,False,False,,3.61,3.16,-2.21,-2.95,1.6400000000000001,0.56,,,2.04,1876450,30.9,0.27,86.8325,,16.1,9.98,10.62448,-0.43726000000000004,-0.56,-0.52,-1.01,2026-09-17T00:00:00,2019-09-16T00:00:00,9/16/2019,1568592000,2026-09-15T00:00:00
246,NMZ,-0.0042,8.21317,8.24764,0.0655,7.83,21,Morningstar US CEF Municipal,81,"Nuveen Fund Advisors, LLC.",False,9.53,0.09,9.57,2026-09-17T00:00:00,670682103,Nuveen Municipal High Income Opp Fd,2026-09-17,XNMZX,Fixed Income - Municipal-Municipal,41.31,2060.766,0.044000000000000004,Monthly,0.15638,0.0655,15.0,5.7782,,21.68,3.5,,3526.272,True,False,False,False,False,False,,4.76,6.85,-1.62,-2.15,0.85,3.23,,,6.46,5180190,21.9,1.3900000000000001,90.3675,,10.81,9.17,10.35992,-0.14173000000000002,-0.28,-0.61,-0.03,2026-09-17T00:00:00,2003-11-19T00:00:00,11/19/2003,1069200000,2026-09-15T00:00:00
247,NMI,0.0326,4.78992,4.63877,0.038,6.25,21,Morningstar US CEF Municipal,81,"Nuveen Fund Advisors, LLC.",False,9.8302,-0.04,9.52,2026-09-17T00:00:00,67062J102,Nuveen Municipal Income,2026-09-17,XNMIX,Fixed Income - Municipal-Municipal,2.99,119.93,-0.019,Monthly,0.21289,0.038,12.0,5.4561,,21.77,0.75,,116.146,True,False,False,False,False,False,,4.66,9.12,0.79,1.6,1.87,8.45,,,13.33,260440,16.7,0.67,98.0185,,,9.04,10.29425,4.31561,-0.27,-2.48,-1.32,2026-09-17T00:00:00,1988-04-20T00:00:00,4/20/1988,577497600,2026-09-15T00:00:00
248,NUV,-0.0103,4.45714,4.5034600000000005,0.0325,4.95,21,Morningstar US CEF Municipal,81,"Nuveen Fund Advisors, LLC.",False,8.66,0.12,8.75,2026-09-17T00:00:00,670928100,Nuveen Municipal Value,2026-09-17,XNUVX,Fixed Income - Municipal-Municipal,6.15,1828.728,-0.018000000000000002,Monthly,0.19290000000000002,0.0325,10.0,5.2792,,18.32,0.66,,1847.733,True,False,False,False,False,False,,3.32,6.47,0.08,-1.35,0.53,2.21,,,8.24,4923220,11.1,0.8,95.8749,,,8.38,9.07693,-0.39776000000000006,-0.67,-1.5899999999999999,-1.72,2026-09-17T00:00:00,1987-06-17T00:00:00,6/17/1987,550886400,2026-09-15T00:00:00
249,QQQX,-0.0415,9.419270000000001,9.8269,0.738,18.68,3,Morningstar US CEF Covered Call,81,"Nuveen Fund Advisors, LLC.",True,30.04,0.45,31.34,2026-09-17T00:00:00,670699107,Nuveen NASDAQ 100 Dynamic Overwrite,2026-09-17,XQQQX,Equity-Covered-Call Funds,,1466.757,0.0,Quarterly,-0.02811,0.738,20.0,,,,0.89,,1530.231,False,True,True,False,True,False,,17.61,18.64,9.22,8.66,7.84,13.37,,,25.11,1027390,,,,,,,28.85508,-7.04373,1.28,0.31,0.75,2026-09-17T00:00:00,2007-01-30T00:00:00,1/30/2007,1170115200,2026-09-15T00:00:00
250,NRK,0.0031,8.01223,7.9878,0.0655,7.74,23,Morningstar US CEF Municipal-NY,81,"Nuveen Fund Advisors, LLC.",False,9.84,0.13,9.81,2026-09-17T00:00:00,670656107,Nuveen NY AMT - Free Quality Muni Inc,2026-09-17,XNRKX,Fixed Income - Municipal-Municipal - NY,44.18,858.395,0.004,Monthly,0.2495,0.0655,15.0,4.7054,,19.75,3.69,,1533.058,True,False,True,False,False,False,,2.47,8.41,-2.22,-0.38,-0.28,7.3,,,17.0,3203890,23.3,0.11000000000000001,94.1104,,16.09,9.6,10.30406,-4.33891,1.75,1.82,1.9300000000000002,2026-09-17T00:00:00,2002-11-21T00:00:00,11/21/2002,1037836800,2026-09-15T00:00:00
251,NNY,-0.0656,4.1844,4.47818,0.0295,5.67,23,Morningstar US CEF Municipal-NY,81,"Nuveen Fund Advisors, LLC.",False,7.905,0.09,8.46,2026-09-17T00:00:00,67062M105,Nuveen NY Municipal Value,2026-09-17,XNNYX,Fixed Income - Municipal-Municipal - NY,0.0,149.294,-0.037,Monthly,0.17478,0.0295,10.0,4.7576,,19.9,0.5700000000000001,,159.776,True,False,False,False,False,False,,3.22,3.43,0.26,-0.67,0.73,-2.05,,,5.15,367090,28.8,0.0,95.6078,,,9.25,8.46913,-3.9864100000000002,-1.78,-1.12,-1.73,2026-09-17T00:00:00,1987-10-07T00:00:00,10/7/1987,560563200,2026-09-15T00:00:00
252,NAN,-0.015300000000000001,7.82359,7.94547,0.06799999999999999,7.49,23,Morningstar US CEF Municipal-NY,81,"Nuveen Fund Advisors, LLC.",False,10.27,0.11,10.43,2026-09-17T00:00:00,67066X107,Nuveen NY Quality Muni Inc,2026-09-17,XNANX,Fixed Income - Municipal-Municipal - NY,41.36,341.791,0.013000000000000001,Monthly,0.25368,0.06799999999999999,15.0,5.0486,,21.29,3.77,,591.956,True,False,False,False,False,False,,2.86,8.98,-1.83,-0.77,0.13,1.6600000000000001,,,7.01,750520,27.2,0.01,96.9781,,13.6,9.19,11.38105,0.6468400000000001,-2.02,-2.26,-2.56,2026-09-17T00:00:00,1999-05-26T00:00:00,5/26/1999,927676800,2026-09-15T00:00:00
253,JPC,-0.060599999999999994,9.88142,10.51893,0.0625,5.76,18,Morningstar US CEF Preferreds,81,"Nuveen Fund Advisors, LLC.",False,7.13,0.09,7.59,2026-09-17T00:00:00,67073B106,Nuveen Pref & Income Opps Fund,2026-09-17,XJPCX,Fixed Income - Taxable-Preferreds,38.26,2680.028,-0.042,Monthly,0.24068,0.0625,15.0,7.7073,,,4.67,,4620.786,True,False,False,False,False,False,,11.13,14.33,3.43,2.5700000000000003,1.51,-3.59,,,-0.05,10425050,7.5,0.0,103.3725,,5.32,3.86,7.93475,-0.32943,-3.38,-1.8399999999999999,-2.5,2026-09-17T00:00:00,2003-03-26T00:00:00,3/26/2003,1048636800,2026-09-15T00:00:00
254,NAD,-0.0208,7.65611,7.81885,0.0705,6.82,21,Morningstar US CEF Municipal,81,"Nuveen Fund Advisors, LLC.",False,10.82,0.14,11.05,2026-09-17T00:00:00,67066V101,Nuveen Quality Muni Income Fund,2026-09-17,XNADX,Fixed Income - Municipal-Municipal,43.44,2532.792,0.023,Monthly,0.27975,0.0705,15.0,5.1707,,19.98,3.74,,4573.212,True,False,False,False,False,False,,3.14,9.84,-1.57,-0.55,-0.04,2.4,,,11.22,6847600,24.1,1.25,94.945,,11.96,8.41,11.85812,-0.9312400000000001,-0.87,-2.35,-1.12,2026-09-17T00:00:00,1999-05-26T00:00:00,5/26/1999,927676800,2026-09-15T00:00:00
255,JRI,-0.0756,12.75478,13.79845,0.1335,7.37,25,Morningstar US CEF Global Allocation,81,"Nuveen Fund Advisors, LLC.",True,11.61,0.11,12.56,2026-09-17T00:00:00,67074Y105,Nuveen Real Asset Inc and Grwt,2026-09-17,XJRIX,Hybrid-Global Allocation,33.05,420.262,0.0,Monthly,0.29419,0.1335,20.0,6.5128,,,3.9,,679.095,True,False,False,False,True,False,,11.49,15.8,4.12,5.04,5.45,-2.86,,,1.13,1467200,26.4,0.0,100.2377,,,,13.10136,-2.8930000000000002,-1.19,-1.97,-1.65,2026-09-17T00:00:00,2012-04-25T00:00:00,4/25/2012,1335312000,2026-09-15T00:00:00
256,JRS,-0.1032,8.81671,9.83182,0.19,13.3,7,Morningstar US CEF Real Estate,81,"Nuveen Fund Advisors, LLC.",True,7.73,0.07,8.62,2026-09-17T00:00:00,67071B108,Nuveen Real Estate Income,2026-09-17,XJRSX,Equity-Real Estate,29.14,223.339,0.0,Quarterly,0.09926,0.19,15.0,,,,3.4,,351.453,True,False,False,False,True,False,,10.97,13.64,1.7000000000000002,1.98,15.66,13.17,,,11.46,746010,0.0,,,,6.49,,8.05354,-8.39715,-1.28,-1.48,-1.0,2026-09-17T00:00:00,2001-11-15T00:00:00,11/15/2001,1005782400,2026-09-15T00:00:00
257,SPXX,-0.0874,8.23242,9.02087,0.4215,21.15,3,Morningstar US CEF Covered Call,81,"Nuveen Fund Advisors, LLC.",True,18.69,0.36,20.48,2026-09-17T00:00:00,6706EW100,Nuveen S&P 500 Dynamic Overwrite,2026-09-17,XSSPX,Equity-Covered-Call Funds,,2575.762,0.0,Quarterly,0.02205,0.4215,20.0,,,,0.9700000000000001,,2822.451,False,True,True,False,True,False,,16.58,16.28,10.26,8.97,12.59,11.39,,,15.25,1519330,,,,,,,17.88602,-9.28099,0.32,0.79,1.28,2026-09-17T00:00:00,2005-11-22T00:00:00,11/22/2005,1132617600,2026-09-15T00:00:00
258,NIM,-0.0616,3.63257,3.87097,0.028999999999999998,3.24,21,Morningstar US CEF Municipal,81,"Nuveen Fund Advisors, LLC.",False,8.99,-0.02,9.58,2026-09-17T00:00:00,67061T101,Nuveen Select Maturity Muni,2026-09-17,XNIMX,Fixed Income - Municipal-Municipal,0.41000000000000003,111.895,-0.007,Monthly,0.16949,0.028999999999999998,12.0,4.4645,,8.52,0.5800000000000001,,119.238,True,False,False,False,False,False,,3.37,6.06,0.98,0.42,0.31,2.93,,,6.15,192730,18.0,1.08,97.7987,,,5.2,9.3704,-5.6767,-0.36,-1.0,-0.56,2026-09-17T00:00:00,1992-09-18T00:00:00,9/18/1992,716774400,2026-09-15T00:00:00
259,NXP,-0.0087,4.67249,4.71366,0.0535,5.11,21,Morningstar US CEF Municipal,81,"Nuveen Fund Advisors, LLC.",False,13.62,0.09,13.74,2026-09-17T00:00:00,67062F100,Nuveen Select Tax Free Inc,2026-09-17,XNXPX,Fixed Income - Municipal-Municipal,3.73,862.341,0.014,Monthly,0.28791,0.0535,15.0,5.0357,,17.21,0.35000000000000003,,869.938,True,False,False,False,False,False,,3.9699999999999998,4.6,0.84,0.14,0.9500000000000001,3.92,,,6.08,1460660,14.4,1.31,93.9322,,9.19,8.39,14.28458,-0.07857,-0.8200000000000001,-1.6,-1.19,2026-09-17T00:00:00,1992-03-19T00:00:00,3/19/1992,700963200,2026-09-15T00:00:00
260,NBB,-0.038900000000000004,7.50486,7.8085,0.0965,4.51,20,Morningstar US CEF Taxable Muni,81,"Nuveen Fund Advisors, LLC.",False,14.83,0.1,15.43,2026-09-17T00:00:00,67074C103,Nuveen Taxable Municipal Income,2026-09-17,XNBBX,Fixed Income - Taxable-Taxable Muni,38.69,435.924,-0.051000000000000004,Monthly,0.47616,0.0965,20.0,6.8185,,16.61,3.24,,739.776,True,False,False,False,False,False,,5.59,8.56,-0.89,-1.13,0.41000000000000003,2.29,,,3.77,573220,5.6,0.0,100.8368,,,7.36,15.8191,-2.70344,-1.23,-1.3900000000000001,-1.32,2026-09-17T00:00:00,2010-04-27T00:00:00,4/27/2010,1272326400,2026-09-15T00:00:00
261,NPV,-0.0611,7.04871,7.50763,0.0615,6.26,24,Morningstar US CEF Municipal-Single State,81,"Nuveen Fund Advisors, LLC.",False,9.83,0.11,10.47,2026-09-17T00:00:00,67064R102,Nuveen VA Quality Muni Inc,2026-09-17,XNPVX,Fixed Income - Municipal-Municipal - Single-State,41.73,192.666,0.026000000000000002,Monthly,0.2321,0.0615,15.0,4.862,,18.08,3.54,,352.16,True,False,False,False,False,False,,3.06,6.61,-1.69,-4.66,-0.71,-1.08,,,-1.2,545220,32.6,1.53,94.9382,,12.56,8.53,11.26222,-1.32246,-2.5700000000000003,-1.83,-2.43,2026-09-17T00:00:00,1993-03-18T00:00:00,3/18/1993,732412800,2026-09-15T00:00:00
262,NPFD,-0.061399999999999996,9.85827,10.50336,0.1565,5.93,18,Morningstar US CEF Preferreds,81,"Nuveen Fund Advisors, LLC.",False,17.88,0.12,19.05,2026-09-17T00:00:00,67080R102,Nuveen Variable Rate Pref & Inc Fund,2026-09-17,XNPFX,Fixed Income - Taxable-Preferreds,37.31,432.055,,Monthly,0.5723900000000001,0.1565,25.0,7.4797,,,4.79,,734.233,True,False,False,False,False,False,,10.78,16.0,,,1.69,5.5600000000000005,,,5.77,658170,7.4,0.0,102.0037,,5.59,3.48,19.11176,-4.03128,-1.63,-1.33,-1.47,2026-09-17T00:00:00,2021-12-15T00:00:00,12/15/2021,1639526400,2026-09-15T00:00:00
263,SRV,0.0041,13.57773,13.52265,0.5,23.29,6,Morningstar US CEF MLP,33,Cushing Asset Management LP,False,44.37,0.6900000000000001,44.19,2026-09-17T00:00:00,231631300,NXG Cushing Midstream Energy Fund,2026-09-17,XSRVX,Equity-MLP,30.04,276.619,,Monthly,0.0352,0.5,20.0,,,,4.32,,393.812,True,False,True,False,False,False,,23.56,20.46,19.3,27.04,23.91,24.71,,,23.17,585210,,,,,4.57,,44.58446,-0.9996300000000001,0.44,-0.49,0.4,2026-09-17T00:00:00,2007-08-27T00:00:00,8/27/2007,1188172800,2026-09-15T00:00:00
264,NXG,-0.0064,13.09567,13.17957,0.6,30.24,8,Morningstar US CEF Sector Equity,33,Cushing Asset Management LP,False,54.63,0.8300000000000001,54.98,2026-09-17T00:00:00,231647207,NXG NextGen Infrastructure Inc,2026-09-17,XNXGX,Equity-Sector Equity,34.12,400.556,,Monthly,-0.24598,0.6,25.0,,,,4.16,,611.933,True,True,True,False,False,False,,24.38,33.85,12.25,16.6,25.56,16.9,,,31.07,700500,,,,,1.07,,54.190690000000004,-1.11547,0.13,-0.7000000000000001,0.26,2026-09-17T00:00:00,2012-09-26T00:00:00,9/26/2012,1348617600,2026-09-15T00:00:00
265,MEGI,-0.1052,9.505700000000001,10.62323,0.125,13.71,8,Morningstar US CEF Sector Equity,77,New York Life Investment Management LLC,False,14.12,0.08,15.78,2026-09-17T00:00:00,56064Q107,NYLIM CBRE Glb Infra Megatrends Term Fd,2026-09-17,XMEGI,Equity-Sector Equity,21.9,734.911,,Monthly,0.39004,0.125,20.0,,,,3.73,,1051.61,True,False,False,False,False,False,,12.5,15.79,,,12.25,13.76,,,11.36,1548710,,,,,,,14.71839,-9.45305,-0.72,-2.3,-0.8300000000000001,2026-09-17T00:00:00,2021-10-27T00:00:00,10/27/2021,1635292800,2026-08-24T00:00:00
266,MMD,-0.0883,5.18566,5.6882,0.06749999999999999,6.97,21,Morningstar US CEF Municipal,77,New York Life Investment Management LLC,False,14.24,0.09,15.62,2026-09-17T00:00:00,56064K100,NYLIM MacKay DefinedTerm Muni Opps Fund,2026-09-17,XMMDX,Fixed Income - Municipal-Municipal,37.25,267.419,0.24000000000000002,Monthly,0.42096,0.06749999999999999,20.0,5.1917,,,2.72,,467.495,True,False,False,False,False,True,,3.26,0.81,-0.78,-3.15,1.23,4.45,,,7.64,632170,,,105.6287,,,5.59,15.1231,-7.34142,-1.28,-2.36,-1.75,2026-09-17T00:00:00,2012-06-27T00:00:00,6/27/2012,1340755200,2026-09-15T00:00:00
267,OCCI,-0.2555,18.92744,25.42373,0.049999999999999996,-31.86,19,Morningstar US CEF Senior Loans,82,"OFS Capital Management, LLC",True,2.36,-0.35000000000000003,3.22,2026-08-31T00:00:00,67111Q107,OFS Credit Company Inc,2026-09-17,OCCI,Fixed Income - Taxable-Senior Loans,48.73,69.602,,Monthly,0.33629000000000003,0.049999999999999996,20.0,13.384,,,13.31,,181.248,True,False,False,False,True,False,,-9.34,-13.82,-8.49,-11.54,-24.6,-36.75,,,-43.83,2804750,,,,,,,3.68817,-15.0724,-1.04,-0.48,-0.78,2026-09-17T00:00:00,2018-10-05T00:00:00,10/5/2018,1538697600,2026-09-15T00:00:00
268,OXLC,-0.12539999999999998,23.32362,26.66667,0.19999999999999998,-32.95,19,Morningstar US CEF Senior Loans,83,Oxford Lane Management,False,9.0,-0.71,10.49,2026-08-31T00:00:00,691543847,Oxford Lane Capital Corp,2026-09-17,OXLCX,Fixed Income - Taxable-Senior Loans,43.47,878.847,,Monthly,1.29355,0.19999999999999998,20.0,10.7207,,,9.78,,1777.475,True,False,True,False,False,False,,-3.7199999999999998,-6.22,-1.54,-4.31,-19.2,-17.36,,,-28.11,11975790,,,,,,,11.51552,-15.82727,0.35000000000000003,0.33,0.0,2026-09-17T00:00:00,2011-01-20T00:00:00,1/20/2011,1295481600,2026-09-16T00:00:00
269,PCM,-0.0521,14.35531,15.14499,0.06423999999999999,5.25,16,Morningstar US CEF Limited Duration,84,"Pacific Investment Management Company, LLC",False,5.09,0.07,5.37,2026-09-17T00:00:00,69323T101,PCM Fund,2026-09-17,XPCMX,Fixed Income - Taxable-Limited Duration,33.02,63.343,0.037,Monthly,0.3113,0.06423999999999999,15.0,6.1856,,7.21,4.06,,99.772,True,False,False,False,False,False,,8.21,-4.89,2.14,-3.88,1.1400000000000001,-4.62,,,-3.81,535730,,,83.6641,,,,5.9079,2.81712,-2.2,-1.99,-2.64,2026-09-17T00:00:00,1993-09-02T00:00:00,9/2/1993,746928000,2026-09-11T00:00:00
270,PDCC,-0.16219999999999998,14.53868,17.35261,0.13,-25.18,19,Morningstar US CEF Senior Loans,86,Pearl Diver Capital LLP,True,8.99,0.16,10.86,2026-08-31T00:00:00,70476Q100,Pearl Diver Credit Company Inc,2026-09-17,PDCC,Fixed Income - Taxable-Senior Loans,34.05,62.351,,Monthly,0.65799,0.13,20.0,10.3892,,,8.24,,112.837,True,False,False,False,True,False,,,,,,-14.4,-27.62,,,-39.07,58460,,,,,,,12.21609,-5.80871,-1.34,-0.12,-0.8,2026-09-17T00:00:00,2024-07-18T00:00:00,7/18/2024,1721260800,2026-09-16T00:00:00
271,PSUS,-0.21420000000000003,,,,,10,Morningstar US CEF US Equity,87,"Pershing Square Capital Management, L.P.",False,38.59,0.16,49.11,2026-09-15T00:00:00,71531T105,"Pershing Square USA, Ltd",2026-09-17,PSUSX,Equity-U.S. Equity,,,,Annually,,,50.0,,,,0.0,,,False,True,True,False,False,False,,,,,,,,,,,0,,,,,,,,,,-0.31,,2026-09-17T00:00:00,2026-04-29T00:00:00,4/29/2026,1777420800,
272,GHY,-0.10220000000000001,10.0639,11.20996,0.105,5.73,14,Morningstar US CEF High Yield,88,PGIM,False,11.24,0.07,12.52,2026-09-17T00:00:00,69346J106,"PGIM Global High Yield Fund, Inc.",2026-09-17,XGHYX,Fixed Income - Taxable-High Yield,16.32,460.403,,Monthly,0.4495,0.105,20.0,6.5398,,,2.5,,612.833,True,False,False,False,False,False,,10.93,12.14,4.19,4.38,2.93,-0.09,,,-3.71,1597320,,,96.1442,,,,12.16697,-6.56009,-1.5899999999999999,-1.71,-1.9500000000000002,2026-09-17T00:00:00,2012-12-21T00:00:00,12/21/2012,1356048000,2026-09-10T00:00:00
273,ISD,-0.1016,9.48081,10.55276,0.105,3.81,14,Morningstar US CEF High Yield,88,PGIM,False,11.94,-0.03,13.29,2026-09-17T00:00:00,69346H100,"PGIM High Yield Bond Fund, Inc.",2026-09-17,XISDX,Fixed Income - Taxable-High Yield,20.36,397.553,,Monthly,0.55298,0.105,20.0,6.6848,,,2.15,,442.502,True,False,False,False,False,False,,9.2,10.01,4.14,3.95,2.38,-10.13,,,-7.61,1001660,,,97.3498,,,,13.62962,-1.58352,-1.76,-1.81,-1.98,2026-09-17T00:00:00,2012-04-26T00:00:00,4/26/2012,1335398400,2026-09-10T00:00:00
274,SDHY,-0.0897,7.64602,8.39922,0.108,3.16,14,Morningstar US CEF High Yield,88,PGIM,True,15.43,0.07,16.95,2026-09-17T00:00:00,69355J104,PGIM Short Duration High Yield Opps,2026-09-17,XSDHX,Fixed Income - Taxable-High Yield,22.15,380.705,,Monthly,0.74624,0.108,20.0,6.4186,,,2.52,,418.208,True,False,False,False,True,False,,7.69,10.0,4.51,4.85,1.8900000000000001,1.98,,,1.7000000000000002,697940,,,98.7564,,,,16.28536,-6.86511,-2.1,-2.6,-1.81,2026-09-17T00:00:00,2020-11-25T00:00:00,11/25/2020,1606262400,2026-09-10T00:00:00
275,PAXS,-0.0562,12.58989,13.33929,0.1494,5.95,17,Morningstar US CEF Multi-Sector,90,PIMCO,True,13.44,0.05,14.24,2026-09-17T00:00:00,72203T100,PIMCO Access Income,2026-09-17,XPAAX,Fixed Income - Taxable-Multi-Sector,38.91,633.717,,Monthly,0.82542,0.1494,20.0,,,8.61,5.03,,1099.035,True,False,False,False,True,False,,12.3,10.41,,,2.46,-0.59,,,-1.6800000000000002,1950220,,,86.1715,,,,14.99322,0.02494,-1.8399999999999999,-1.8900000000000001,-2.0,2026-09-17T00:00:00,2022-01-31T00:00:00,1/31/2022,1643587200,2026-09-11T00:00:00
276,PCQ,-0.102,4.6854700000000005,5.21739,0.036,8.41,22,Morningstar US CEF Municipal-CA,84,"Pacific Investment Management Company, LLC",False,8.28,0.04,9.22,2026-09-17T00:00:00,72200N106,PIMCO CA Municipal Income,2026-09-17,XPCQX,Fixed Income - Municipal-Municipal - CA,41.69,464.778,0.161,Monthly,0.21287,0.036,15.0,4.7087,,13.26,4.27,,887.565,True,False,True,False,False,False,,2.7,2.11,-3.0,-10.13,-0.8,2.35,,,9.7,1533230,,,95.5316,,14.47,8.47,8.79235,-11.15004,1.11,0.41000000000000003,0.96,2026-09-17T00:00:00,2001-06-29T00:00:00,6/29/2001,993772800,2026-09-11T00:00:00
277,PTY,0.0296,12.79713,12.42895,0.11879999999999999,7.94,15,Morningstar US CEF Investment Grade,90,PIMCO,False,11.47,0.18,11.14,2026-09-17T00:00:00,72201B101,PIMCO Corporate & Income Opportunity Fd,2026-09-17,XPTYX,Fixed Income - Taxable-Investment Grade,24.47,2545.008,0.218,Monthly,0.57584,0.11879999999999999,15.0,,,9.15,1.52,,3272.741,True,False,False,False,False,False,,15.59,5.01,7.93,-0.01,3.2800000000000002,-1.07,,,-6.48,11137940,,,92.7159,,,,12.58981,8.11307,-0.97,-0.44,-0.85,2026-09-17T00:00:00,2002-12-27T00:00:00,12/27/2002,1040947200,2026-09-11T00:00:00
278,PCN,0.009899999999999999,12.10762,11.98934,0.11249999999999999,6.77,15,Morningstar US CEF Investment Grade,84,"Pacific Investment Management Company, LLC",False,11.26,-0.01,11.15,2026-09-17T00:00:00,72200U100,PIMCO Corporate & Income Strgy,2026-09-17,XPCNX,Fixed Income - Taxable-Investment Grade,22.3,862.316,0.038,Monthly,0.57707,0.11249999999999999,15.0,,,8.68,1.53,,1098.896,True,False,False,False,False,False,,13.62,5.67,6.78,1.79,2.64,-0.61,,,0.65,3315530,,,92.1831,,,,12.29241,5.42499,-1.5,-2.45,-2.21,2026-09-17T00:00:00,2001-12-21T00:00:00,12/21/2001,1008892800,2026-09-11T00:00:00
279,PDI,-0.04190000000000001,17.33945,18.0985,0.2205,7.8,17,Morningstar US CEF Multi-Sector,84,"Pacific Investment Management Company, LLC",False,14.62,0.3,15.26,2026-09-17T00:00:00,72201Y101,PIMCO Dynamic Income Fund,2026-09-17,XPDIX,Fixed Income - Taxable-Multi-Sector,35.11,6968.133,,Monthly,0.8897,0.2205,25.0,,,8.9,3.79,,11209.09,True,False,False,False,False,False,,13.93,9.74,5.96,2.3,2.94,-4.58,,,-9.66,28819430,,,89.064,,,,17.41069,6.43144,-2.26,-1.55,-2.02,2026-09-17T00:00:00,2012-05-25T00:00:00,5/25/2012,1337904000,2026-09-11T00:00:00
280,PDO,-0.0328,12.2784,12.69479,0.12789999999999999,7.96,13,Morningstar US CEF Global Income,84,"Pacific Investment Management Company, LLC",True,12.09,0.11,12.5,2026-09-17T00:00:00,69355M107,PIMCO Dynamic Income Opportunities Fund,2026-09-17,XPDOX,Fixed Income - Taxable-Global Income,36.42,1760.061,,Monthly,0.62591,0.12789999999999999,20.0,,,8.82,4.3,,2862.163,True,False,False,False,True,False,,13.95,12.55,3.34,2.03,3.03,-2.34,,,1.34,6571170,,,89.112,,,,13.43267,3.03393,-2.73,-1.92,-2.32,2026-09-17T00:00:00,2021-01-29T00:00:00,1/29/2021,1611878400,2026-09-11T00:00:00
281,PDX,-0.11109999999999999,6.84103,7.69615,0.1334,11.24,25,Morningstar US CEF Global Allocation,90,PIMCO,True,20.8,0.14,23.4,2026-09-17T00:00:00,69346N107,PIMCO Dynamic Income Strategy Fund,2026-09-17,XPDX,Hybrid-Global Allocation,22.06,929.905,,Monthly,0.63903,0.1334,20.0,6.1539,,7.48,3.01,,1342.317,True,False,False,False,True,True,,17.5,22.29,21.83,25.18,18.43,22.3,,,10.53,1242070,,,91.6489,,,,21.30321,-9.78987,-0.98,-1.77,-1.34,2026-09-17T00:00:00,2019-01-30T00:00:00,1/30/2019,1548806400,2026-09-11T00:00:00
282,PGP,-0.057,9.2514,9.81043,0.06899999999999999,20.24,25,Morningstar US CEF Global Allocation,84,"Pacific Investment Management Company, LLC",False,8.44,0.07,8.95,2026-09-17T00:00:00,722011103,PIMCO Global StocksPLUS & Income,2026-09-17,XPGPX,Hybrid-Global Allocation,50.22,97.834,0.07,Monthly,0.40356000000000003,0.06899999999999999,25.0,,,8.33,2.35,,208.417,True,False,False,False,False,False,,21.49,19.34,7.58,5.79,9.54,2.71,,,13.91,448030,,,92.0495,,,,8.76641,-1.60262,-1.46,-0.3,-0.8300000000000001,2026-09-17T00:00:00,2005-05-31T00:00:00,5/31/2005,1117497600,2026-09-11T00:00:00
283,PHK,0.0023,13.18078,13.15068,0.048,8.51,17,Morningstar US CEF Multi-Sector,84,"Pacific Investment Management Company, LLC",False,4.38,0.06,4.37,2026-09-17T00:00:00,722014107,PIMCO High Income,2026-09-17,XPHKX,Fixed Income - Taxable-Multi-Sector,20.14,836.925,-0.044000000000000004,Monthly,0.23848,0.048,15.0,,,9.48,1.78,,1045.579,True,False,False,False,False,False,,13.7,10.12,6.5600000000000005,3.8,3.91,0.9500000000000001,,,3.06,7763690,,,92.3547,,,,4.7351,3.56019,-1.69,-1.35,-1.34,2026-09-17T00:00:00,2003-04-30T00:00:00,4/30/2003,1051660800,2026-09-11T00:00:00
284,PFL,-0.0163,13.2898,13.51037,0.0814,5.55,17,Morningstar US CEF Multi-Sector,90,PIMCO,False,7.23,0.06,7.35,2026-09-17T00:00:00,72201H108,PIMCO Income Strategy,2026-09-17,XPFLX,Fixed Income - Taxable-Multi-Sector,0.89,363.588,0.077,Monthly,0.32637,0.0814,20.0,,,7.52,1.29,,372.96,True,False,False,False,False,False,,12.51,11.91,4.84,0.87,1.97,-1.81,,,1.4,2087730,,,88.49,,,,8.08826,3.8957100000000002,-2.42,-2.23,-2.39,2026-09-17T00:00:00,2003-08-26T00:00:00,8/26/2003,1061856000,2026-09-11T00:00:00
285,PFN,-0.022400000000000003,12.8597,13.1542,0.0718,7.5,17,Morningstar US CEF Multi-Sector,84,"Pacific Investment Management Company, LLC",False,6.55,0.04,6.7,2026-09-17T00:00:00,72201J104,PIMCO Income Strategy II,2026-09-17,XPFNX,Fixed Income - Taxable-Multi-Sector,29.0,653.393,0.094,Monthly,0.37475,0.0718,20.0,,,9.57,2.33,,941.354,True,False,False,False,False,False,,13.71,13.58,5.5,1.99,3.0,0.77,,,3.49,4468040,,,91.5197,,,,7.18437,2.29544,-2.22,-2.25,-1.81,2026-09-17T00:00:00,2004-10-29T00:00:00,10/29/2004,1099008000,2026-09-11T00:00:00
286,PML,-0.06480000000000001,6.3967600000000004,6.83983,0.0395,6.31,21,Morningstar US CEF Municipal,90,PIMCO,False,6.93,0.1,7.41,2026-09-17T00:00:00,72200W106,PIMCO Municipal Income II,2026-09-17,XPMLX,Fixed Income - Municipal-Municipal,44.21,869.492,0.10300000000000001,Monthly,0.20781,0.0395,15.0,5.0244,,13.98,4.19,,1666.601,True,False,False,False,False,False,,2.06,0.3,-3.76,-8.11,-1.01,1.33,,,7.26,4245900,,,97.8724,,14.32,8.36,7.58774,-5.65977,-0.68,-0.53,-0.31,2026-09-17T00:00:00,2002-06-28T00:00:00,6/28/2002,1025222400,2026-09-11T00:00:00
287,PNI,-0.1076,4.88276,5.47141,0.0295,7.04,23,Morningstar US CEF Municipal-NY,90,PIMCO,False,6.47,0.01,7.25,2026-09-17T00:00:00,72200Y102,PIMCO NY Municipal Income II,2026-09-17,XPNIX,Fixed Income - Municipal-Municipal - NY,41.13,154.539,0.065,Monthly,0.16939,0.0295,15.0,4.8444,,13.36,4.31,,294.133,True,False,True,False,False,False,,1.58,2.65,-4.31,-5.9,-0.76,2.22,,,8.54,596240,,,98.1725,,15.54,9.17,6.94683,-10.88895,0.18,-0.62,-0.26,2026-09-17T00:00:00,2002-06-28T00:00:00,6/28/2002,1025222400,2026-09-11T00:00:00
288,RCS,0.1101,10.78652,9.7166,0.04,8.78,15,Morningstar US CEF Investment Grade,90,PIMCO,False,4.94,0.02,4.45,2026-09-17T00:00:00,72200X104,PIMCO Strategic Income Fund,2026-09-17,XRCSX,Fixed Income - Taxable-Investment Grade,80.78,234.552,0.019,Monthly,0.2242,0.04,12.5,6.5746,,7.58,2.73,,1099.366,True,False,False,False,False,False,,15.35,8.18,5.0,1.67,3.33,0.75,,,-20.54,1585300,,,98.2536,,,,5.92451,28.22906,-1.1,-1.82,-2.04,2026-09-17T00:00:00,1994-02-24T00:00:00,2/24/1994,762048000,2026-09-11T00:00:00
289,PWRL,-0.3173,,,,,8,Morningstar US CEF Sector Equity,91,Powerlaw Fund Adviser LLC,False,11.08,0.8,16.23,2026-08-31T00:00:00,738922103,Powerlaw Corp.,2026-09-17,XPWRX,Equity-Sector Equity,,,,,,,,,,,0.0,,,False,True,True,False,False,False,,,,,,,,,,,0,,,,,,,,,,-0.96,,2026-09-17T00:00:00,2026-05-27T00:00:00,5/27/2026,1779840000,
290,PGZ,-0.1217,11.97719,13.63636,0.105,4.15,7,Morningstar US CEF Real Estate,92,Principal Funds,True,9.24,-0.05,10.52,2026-09-17T00:00:00,74255X104,Principal Real Estate Income Fund,2026-09-17,XPGZX,Equity-Real Estate,31.24,61.854,,Monthly,0.34794,0.105,20.0,3.7804,,,4.79,,102.422,True,False,False,False,True,False,,11.8,14.66,0.03,2.29,3.34,6.95,,,6.1,252270,,,79.7282,,4.67,,10.11639,-10.0241,-1.45,-2.84,-1.37,2026-09-17T00:00:00,2013-06-26T00:00:00,6/26/2013,1372204800,2026-09-16T00:00:00
291,UTG,0.0042,6.97868,6.94981,0.21,5.73,8,Morningstar US CEF Sector Equity,93,Reaves Asset Management,True,36.26,0.07,36.11,2026-09-17T00:00:00,756158101,Reaves Utility Income,2026-09-17,XUTGX,Equity-Sector Equity,22.22,3339.878,,Monthly,0.14102,0.21,20.0,,,,2.09,,4276.062,True,False,True,False,True,False,,20.96,21.12,8.82,8.72,6.96,6.82,,,5.79,2572430,,,,,2.62,,39.4305,-0.44724,0.71,0.52,0.68,2026-09-17T00:00:00,2004-02-24T00:00:00,2/24/2004,1077580800,2026-09-17T00:00:00
292,RCG,0.034,,,0.022371,11.15,26,Morningstar US CEF US Allocation,63,Horizon Kinetics Asset Management LLC,False,3.0399,0.02,2.94,2026-09-17T00:00:00,759720105,RENN Fund ord,2026-09-17,XXRENNX,Hybrid-U.S. Allocation,11.03,21.327,,Data Not Available,-0.00459,0.022371,10.0,,,,1.56,,20.626,True,True,True,False,False,False,,12.22,18.38,3.73,5.71,9.19,14.44,,,8.52,77700,,,,,0.15,,2.79508,-9.50778,3.02,3.09,2.5,2026-09-17T00:00:00,1994-01-20T00:00:00,1/20/1994,759024000,2024-12-16T00:00:00
293,RSF,-0.0287,11.11622,11.44503,0.1371,7.69,14,Morningstar US CEF High Yield,94,"RiverNorth Capital Management, LLC",False,14.3748,0.09,14.8,2026-09-17T00:00:00,76882B108,RiverNorth Capital and Inc Fund,2026-09-17,XRSFX,Fixed Income - Taxable-High Yield,9.65,49.8,,Monthly,,0.1371,21.42,,,,3.96,,51.274,True,False,True,False,False,False,,8.74,10.51,6.06,5.47,4.77,8.94,,,9.5,162600,,,,,2.96,,14.56515,-4.08396,1.08,0.32,0.65,2026-09-17T00:00:00,2016-09-22T00:00:00,9/22/2016,1474502400,2026-09-15T00:00:00
294,RFM,-0.0877,7.08104,7.76211,0.0881,9.47,21,Morningstar US CEF Municipal,94,"RiverNorth Capital Management, LLC",True,13.62,0.12,14.93,2026-09-17T00:00:00,76883H104,RiverNorth Flexible Municipal Income,2026-09-17,XRFMX,Fixed Income - Municipal-Municipal,41.34,83.282,,Monthly,0.07615,0.0881,20.0,5.1551,,,4.46,,155.632,True,False,False,False,True,True,,4.97,5.28,-1.08,-1.4,2.96,8.37,,,12.68,199510,,,103.2065,,16.06,16.44,14.3889,-8.68045,-0.07,-1.8599999999999999,-0.61,2026-09-17T00:00:00,2020-03-26T00:00:00,3/26/2020,1585180800,2026-09-15T00:00:00
295,RFMZ,-0.0888,7.0837,7.77438,0.0804,9.32,21,Morningstar US CEF Municipal,94,"RiverNorth Capital Management, LLC",True,12.41,0.08,13.62,2026-09-17T00:00:00,76883Y107,RiverNorth Flexible Municipal Income II,2026-09-17,XRFZX,Fixed Income - Municipal-Municipal,41.77,302.205,,Monthly,0.07449,0.0804,20.0,5.1719,,,0.0,,569.601,True,False,True,False,True,True,,5.18,6.07,-0.71,-2.46,2.81,8.31,,,12.26,747080,,,102.4874,,15.2,15.07,13.04085,-9.23918,0.25,-2.19,-0.31,2026-09-17T00:00:00,2021-02-24T00:00:00,2/24/2021,1614124800,2026-09-15T00:00:00
296,RMMZ,-0.0737,7.09489,7.65903,0.0891,8.97,21,Morningstar US CEF Municipal,94,"RiverNorth Capital Management, LLC",False,13.96,0.01,15.07,2026-09-17T00:00:00,76882M104,RiverNorth Manage Dur Muni Inc Fd II Inc,2026-09-17,XRMZX,Fixed Income - Municipal-Municipal,42.22,118.032,,Monthly,0.09213,0.0891,20.0,5.1983,,,4.48,,220.532,True,False,False,False,False,True,,4.79,6.27,,,2.73,7.64,,,9.61,214540,,,103.2456,,15.23,13.91,14.79155,-6.98252,-0.41000000000000003,-1.04,-0.81,2026-09-17T00:00:00,2022-02-10T00:00:00,2/10/2022,1644451200,2026-09-15T00:00:00
297,RMM,-0.058100000000000006,7.11267,7.55126,0.0847,9.15,21,Morningstar US CEF Municipal,94,"RiverNorth Capital Management, LLC",False,13.46,0.03,14.29,2026-09-17T00:00:00,76882H105,RiverNorth Managed Duration Muni Inc Fd,2026-09-17,XRMMX,Fixed Income - Municipal-Municipal,42.03,265.695,,Monthly,0.06903000000000001,0.0847,20.0,5.1325,,,4.31,,486.589,True,False,True,False,False,True,,5.01,4.85,0.37,-0.9,2.7,10.25,,,14.37,616430,,,103.1319,,9.8,16.2,14.19237,-6.10415,0.16,-2.95,-0.62,2026-09-17T00:00:00,2019-07-25T00:00:00,7/25/2019,1564012800,2026-09-15T00:00:00
298,RMI,-0.0255,7.07896,7.26456,0.08889999999999999,9.45,21,Morningstar US CEF Municipal,94,"RiverNorth Capital Management, LLC",False,14.685,0.53,15.07,2026-09-17T00:00:00,76883F108,RiverNorth Opp Muni Income Fund Inc,2026-09-17,XRMIX,Fixed Income - Municipal-Municipal,41.03,93.61,,Monthly,0.08216,0.08889999999999999,20.0,5.1582,,,4.43,,162.909,True,False,True,False,False,True,,4.93,5.85,-1.08,-0.53,3.04,11.17,,,17.37,211480,,,102.9981,,15.85,16.15,15.03551,-5.3836,1.01,0.33,0.74,2026-09-17T00:00:00,2018-10-25T00:00:00,10/25/2018,1540425600,2026-09-15T00:00:00
299,RIV,-0.0965,13.38343,14.812850000000001,0.1306,10.73,26,Morningstar US CEF US Allocation,94,"RiverNorth Capital Management, LLC",True,10.58,0.19,11.71,2026-09-17T00:00:00,76881Y109,RiverNorth Opportunities Fund,2026-09-17,XRIVX,Hybrid-U.S. Allocation,26.35,289.588,,Monthly,-0.12127,0.1306,20.0,6.4636,,,1.9100000000000001,,435.188,True,False,False,False,True,True,,14.23,12.61,7.27,3.14,5.43,1.98,,,0.35000000000000003,977420,,,99.6122,,,,11.5787,-5.85554,-1.92,-1.31,-2.0,2026-09-17T00:00:00,2015-12-23T00:00:00,12/23/2015,1450828800,2026-09-15T00:00:00
300,OPP,-0.106,13.61596,15.23013,0.091,6.71,14,Morningstar US CEF High Yield,94,"RiverNorth Capital Management, LLC",True,7.17,0.07,8.02,2026-09-17T00:00:00,76882G107,RiverNorth/DoubleLine Strategic Opp Fund,2026-09-17,XOPPX,Fixed Income - Taxable-High Yield,38.26,179.179,,Monthly,0.32888,0.091,20.0,4.9871,,,2.8,,324.613,True,False,False,False,True,True,,10.09,10.81,2.74,0.41000000000000003,2.22,3.2,,,-0.59,1050910,,,75.0069,,,,7.82438,-8.67559,-1.22,-2.21,-1.6800000000000002,2026-09-17T00:00:00,2016-09-27T00:00:00,9/27/2016,1474934400,2026-09-15T00:00:00
301,RVI,0.10949999999999999,,,,,5,Morningstar US CEF Global Equity,95,"Robinhood Ventures DE, LLC",True,27.76,-6.19,25.02,2026-06-30T00:00:00,770701100,Robinhood Ventures Fund I,2026-09-17,XRVIX,Equity-Global Equity,,756.383,,Annually,,,25.0,,,,2.72,,681.725,False,True,True,False,True,False,,,,,,,,,,,0,,,,,,,,,,-0.35000000000000003,,2026-09-17T00:00:00,2026-03-06T00:00:00,3/6/2026,1772755200,
302,BOT,1.2969,,,,,8,Morningstar US CEF Sector Equity,52,"FP Strategies, LLC",True,28.06,1.04,11.35,2026-08-31T00:00:00,77106T107,RoboStrategy Inc,2026-09-17,XBOTX,Equity-Sector Equity,,,,,,,,,,,0.0,,,False,True,True,False,True,False,,,,,,,,,,,0,,,,,,,,,,,,2026-09-17T00:00:00,2026-05-11T00:00:00,5/11/2026,1778457600,
303,RGT,-0.1638,1.10723,1.32404,0.19,21.45,5,Morningstar US CEF Global Equity,96,Royce Investment Partners,False,14.35,0.1,17.16,2026-09-17T00:00:00,78081T104,"Royce Global Trust, Inc.",2026-09-17,XRGTX,Equity-Global Equity,2.11,94.177,,Annually,0.26180000000000003,0.19,8.975,,,,1.35,,112.619,True,True,False,False,False,False,,19.33,21.56,6.01,4.54,16.73,16.86,,,22.08,202790,,,,,,,13.90345,-14.79151,-1.42,-1.43,-1.47,2026-09-17T00:00:00,2013-10-18T00:00:00,10/18/2013,1382054400,2025-12-11T00:00:00
304,RMT,-0.1208,6.04071,6.8708,0.22999999999999998,43.52,10,Morningstar US CEF US Equity,96,Royce Investment Partners,True,13.39,0.03,15.23,2026-09-17T00:00:00,780915104,Royce Micro-Cap Trust,2026-09-17,XOTCX,Equity-U.S. Equity,3.51,725.625,,Quarterly,-0.0471,0.22999999999999998,10.0,,,,1.3900000000000001,,855.337,True,True,False,False,True,False,,23.07,25.43,10.61,12.24,35.64,38.55,,,47.84,1205920,,,,,,,12.22801,-11.4163,-0.91,-0.9,-1.13,2026-09-17T00:00:00,1993-12-14T00:00:00,12/14/1993,755827200,2026-09-11T00:00:00
305,RVT,-0.11109999999999999,6.68298,7.51835,0.3278,22.96,10,Morningstar US CEF US Equity,96,Royce Investment Partners,True,17.44,-0.03,19.62,2026-09-17T00:00:00,780910105,Royce Small-Cap Trust,2026-09-17,XRVTX,Equity-U.S. Equity,1.5899999999999999,2166.898,,Quarterly,0.08396,0.3278,10.0,,,,1.35,,2437.76,True,True,False,False,True,False,,17.08,19.67,7.75,8.62,19.44,19.48,,,25.96,2697880,,,,,,,17.36966,-9.77879,-0.72,0.43,-0.46,2026-09-17T00:00:00,1986-11-26T00:00:00,11/26/1986,533347200,2026-09-11T00:00:00
306,BRW,-0.13449999999999998,9.65326,11.15385,0.057999999999999996,0.2,19,Morningstar US CEF Senior Loans,97,"Saba Capital Management, LP",False,6.24,-0.01,7.21,2026-09-17T00:00:00,78518H202,Saba Capital Income & Opportunities Fund,2026-09-17,XPPRX,Fixed Income - Taxable-Senior Loans,12.4,324.074,,Monthly,0.07357,0.057999999999999996,10.0,,,,5.82,,427.451,True,False,False,False,False,False,,9.28,8.76,7.52,7.25,4.19,3.6,,,-7.6,2698550,,,,,6.5,,6.8481000000000005,-10.94275,-1.3900000000000001,-2.26,-2.0,2026-09-17T00:00:00,1988-05-12T00:00:00,5/12/1988,579398400,2026-09-09T00:00:00
307,SABA,-0.1445,7.34177,8.582,0.057999999999999996,2.4,13,Morningstar US CEF Global Income,97,"Saba Capital Management, LP",False,8.11,0.1,9.48,2026-09-17T00:00:00,880198205,Saba Capital Income & Ops Fund II,2026-09-17,XSABX,Fixed Income - Taxable-Global Income,,218.883,,Monthly,0.07175000000000001,0.057999999999999996,10.0,8.2106,,7.8100000000000005,4.58,,255.859,False,False,False,False,False,False,,11.34,9.9,4.64,3.42,6.1,6.0,,,-1.5899999999999999,699250,,,,,,,8.41512,-12.56395,-1.25,-1.08,-1.23,2026-09-17T00:00:00,1988-03-17T00:00:00,3/17/1988,574560000,2026-08-11T00:00:00
308,SPMC,-0.0321,25.64103,26.49007,0.13,-32.69,19,Morningstar US CEF Senior Loans,99,Sound Point Meridian Management Company LLC,True,9.06,-0.46,9.56,2026-08-31T00:00:00,83617A108,Sound Point Meridian Capital Inc,2026-09-17,,Fixed Income - Taxable-Senior Loans,46.5,191.042,,Monthly,1.06488,0.13,20.0,,,,10.95,,368.881,True,False,False,False,True,False,,,,,,-19.9,-14.84,,,-30.25,284290,,,,,,,12.15958,-0.7016000000000001,-0.33,-1.16,-0.85,2026-09-17T00:00:00,2024-06-14T00:00:00,6/14/2024,1718323200,2026-09-15T00:00:00
309,SOR,-0.08689999999999999,4.99421,5.46958,0.20829999999999999,14.9,26,Morningstar US CEF US Allocation,48,"First Pacific Advisors, LP",True,45.7,0.03,50.05,2026-09-17T00:00:00,836144303,Source Capital,2026-09-17,XSORX,Hybrid-U.S. Allocation,0.0,376.155,,Monthly,0.8443200000000001,0.20829999999999999,17.5,3.0678,,,0.9800000000000001,,411.96,True,False,False,False,True,False,,14.83,15.72,9.21,9.2,8.68,6.45,,,12.72,108970,,,,,,,46.37025,-5.2741,-1.34,-0.85,-0.96,2026-09-17T00:00:00,1968-10-24T00:00:00,10/24/1968,-37497600,2026-09-16T00:00:00
310,SPE,-0.15539999999999998,8.41006,9.95725,0.10869999999999999,2.83,10,Morningstar US CEF US Equity,22,Bulldog Investors LLP,False,13.1,-0.22,15.51,2026-09-14T00:00:00,84741T104,Special Opportunities,2026-09-17,XSPEX,Equity-U.S. Equity,25.33,139.163,,Monthly,0.3212,0.10869999999999999,15.0,5.1616,,19.11,1.8599999999999999,,220.659,True,False,False,False,False,False,,14.61,17.57,8.64,8.64,1.78,-1.6,,,-0.56,347020,,,,,,,14.39934,-11.07641,-2.12,-1.49,-1.48,2026-09-17T00:00:00,1993-06-08T00:00:00,6/8/1993,739497600,2026-08-18T00:00:00
311,FUND,-0.1093,5.29692,5.9465900000000005,0.1503,35.29,10,Morningstar US CEF US Equity,101,Sprott Asset Management USA Inc.,True,10.11,-0.02,11.35,2026-09-17T00:00:00,85208J109,Sprott Focus Trust,2026-09-17,XFUNX,Equity-U.S. Equity,0.0,300.786,,Quarterly,0.09339,0.1503,10.0,,,,1.13,,337.677,True,True,False,False,True,False,,17.85,17.45,12.6,12.69,26.65,25.84,,,37.95,258680,,,,,,,9.46457,-10.44934,-0.65,-1.65,-1.06,2026-09-17T00:00:00,1988-03-01T00:00:00,3/1/1988,573177600,2026-09-15T00:00:00
312,CEF,-0.0328,,,,40.59,2,Morningstar US CEF Commodity,100,Sprott Asset Management LP,False,44.2,1.1,45.7,2026-09-17T00:00:00,85208R101,Sprott Physical Gold and Silver Trust,2026-09-17,XCEFX,Equity-Commodities,,7537.882,,Data Not Available,0.0,,13.72,,,,0.46,,7793.692,False,False,True,False,False,False,,33.92,34.97,20.16,20.48,-1.6600000000000001,-0.52,,,41.36,10373610,,,,,,,45.00084,-4.35965,0.78,0.49,1.0,2026-09-17T00:00:00,2018-01-16T00:00:00,1/16/2018,1516060800,
313,PHYS,-0.0241,,,,27.82,2,Morningstar US CEF Commodity,100,Sprott Asset Management LP,False,32.81,0.59,33.62,2026-09-17T00:00:00,85207H104,Sprott Physical Gold Trust Unit,2026-09-17,,Equity-Commodities,,15935.611,,Data Not Available,0.0,,10.0,,,,0.4,,16329.023,False,False,False,False,False,False,,30.88,30.68,18.86,18.7,2.29,2.39,,,27.49,49925620,,,,,,,33.59598,-2.2943,-0.21,0.11,0.24,2026-09-17T00:00:00,2010-02-26T00:00:00,2/26/2010,1267142400,
314,SPPP,-0.032,,,,25.17,2,Morningstar US CEF Commodity,100,Sprott Asset Management LP,False,14.23,0.22,14.7,2026-09-17T00:00:00,85207Q104,Sprott Physical Platinum & Palladium Tr,2026-09-17,,Equity-Commodities,,536.332,,Data Not Available,0.0,,10.0,,,,1.01,,554.046,False,False,True,False,False,False,,10.61,9.4,-2.75,-3.14,-14.44,-12.77,,,21.1,9102280,,,,,,,15.3095,-4.85596,0.81,1.23,1.85,2026-09-17T00:00:00,2012-12-19T00:00:00,12/19/2012,1355875200,
315,PSLV,-0.045899999999999996,,,,65.65,2,Morningstar US CEF Commodity,100,Sprott Asset Management LP,False,21.22,0.6900000000000001,22.24,2026-09-17T00:00:00,85207K107,Sprott Physical Silver Trust Unit,2026-09-17,,Equity-Commodities,,12902.88,,Data Not Available,0.0,,10.0,,,,0.56,,13523.005,False,False,True,False,False,False,,38.27,37.81,21.55,21.1,-7.65,-7.48,,,62.31,158565140,,,,,,,22.14161,-4.67257,0.06,0.37,0.72,2026-09-17T00:00:00,2010-10-29T00:00:00,10/29/2010,1288310400,
316,STEW,-0.2249,3.42759,4.42233,0.19999999999999998,6.51,10,Morningstar US CEF US Equity,85,Paralel Advisors LLC,True,18.09,-0.03,23.34,2026-09-17T00:00:00,101507101,SRH Total Return Fund,2026-09-17,XSTEX,Equity-U.S. Equity,9.04,1744.627,,Quarterly,0.03245,0.19999999999999998,10.0,5.4511,,,1.42,,2474.78,True,True,False,False,True,False,,15.94,15.43,11.02,9.97,5.46,2.96,,,4.08,793650,,,,,0.4,,17.94828,-21.62596,-0.92,0.47000000000000003,-0.27,2026-09-17T00:00:00,1972-12-07T00:00:00,12/7/1972,92534400,2026-07-24T00:00:00
317,TWN,-0.1508,5.26512,6.2002,6.2002,128.82,1,Morningstar US CEF Asia Equity,80,Nomura Asset Management USA Inc,False,100.0,1.79,117.76,2026-09-17T00:00:00,874036106,Taiwan Fund,2026-09-17,XXTWNXX,Equity-Asia Equity,,574.204,,Annually,0.0,6.2002,22.42,,,,1.32,,676.183,False,True,True,False,False,False,,58.42,64.19,31.53,32.9,95.92,91.2,,,126.91,315960,,,,,,,73.70943,-15.9025,0.37,1.04,0.65,2026-09-17T00:00:00,1986-12-23T00:00:00,12/23/1986,535680000,2025-12-29T00:00:00
318,TSI,-0.1023,7.08977,7.89767,0.0283,0.38,17,Morningstar US CEF Multi-Sector,102,TCW Investment Management Co LLC,False,4.3,-0.03,4.79,2026-09-17T00:00:00,872340104,TCW Strategic Income,2026-09-17,XXCVTXX,Fixed Income - Taxable-Multi-Sector,0.0,273.97,,Monthly,0.16068,0.0283,10.0,4.7041,,,1.17,,305.19,True,False,False,False,False,False,,6.15,5.86,3.01,2.09,-1.25,-7.24,,,-3.93,1267490,,,97.6451,,,,4.66935,-7.05178,-1.76,-1.53,-1.63,2026-09-17T00:00:00,1987-03-05T00:00:00,3/5/1987,541900800,2026-09-17T00:00:00
319,TDF,-0.15710000000000002,4.98753,5.91716,0.15,0.75,1,Morningstar US CEF Asia Equity,103,Templeton Asset Management Ltd.,False,10.14,-0.02,12.03,2026-09-17T00:00:00,88018T101,Templeton Dragon,2026-09-17,XTDFX,Equity-Asia Equity,0.6900000000000001,254.267,,Quarterly,0.07077,0.15,15.0,,,,1.21,,303.744,True,False,False,False,False,False,,7.88,8.7,-5.98,-7.15,-2.22,-1.53,,,0.85,730160,,,,,,,11.17261,-14.18962,-1.74,-1.5,-1.3,2026-09-17T00:00:00,1994-09-20T00:00:00,9/20/1994,780019200,2026-06-23T00:00:00
320,TEI,-0.0764,9.16549,9.92343,0.054,25.07,12,Morningstar US CEF Emerging Market Income,53,"Franklin Advisers, Inc.",False,6.53,0.09,7.07,2026-09-17T00:00:00,880192109,Templeton Emerg Mkts Income,2026-09-17,XTEIX,Fixed Income - Taxable-Emerging Market Income,16.29,308.402,,Monthly,0.37173,0.054,15.0,8.0859,,,2.37,,398.905,True,True,False,False,False,False,,20.17,23.76,7.43,8.8,10.97,11.32,,,25.82,1813520,,,,,5.59,,6.50809,-5.88855,-1.09,-1.92,-0.8300000000000001,2026-09-17T00:00:00,1993-09-23T00:00:00,9/23/1993,748742400,2026-08-24T00:00:00
321,EMF,-0.1144,3.81255,4.30493,0.24,64.97,4,Morningstar US CEF Emerging Market Equity,55,Franklin Templeton Investments,False,22.3,0.35000000000000003,25.18,2026-09-17T00:00:00,880191101,Templeton Emerging Markets,2026-09-17,XEMFX,Equity-Emerging Market Equity,2.59,333.338,,Quarterly,0.05477,0.24,20.0,,,,1.34,,386.388,True,True,False,False,False,False,,32.89,35.99,13.05,14.2,36.26,34.87,,,68.6,415860,,,,,,,19.73434,-10.11459,-0.89,-0.91,-0.79,2026-09-17T00:00:00,1987-02-26T00:00:00,2/26/1987,541296000,2026-06-23T00:00:00
322,CEE,-0.1459,1.70604,1.99742,0.3871,48.74,4,Morningstar US CEF Emerging Market Equity,40,DWS,False,19.38,0.23,22.69,2026-09-17T00:00:00,153436100,The Central and Eastern Europe Fund,2026-09-17,XCEEX,Equity-Emerging Market Equity,4.8,126.361,,Annually,0.05509,0.3871,19.0,,,,1.26,,155.407,True,True,False,False,False,False,,42.68,34.77,-4.18,-3.46,32.54,12.37,,,24.42,270330,,,,,,,18.79806,-2.37853,-3.21,-1.72,-2.41,2026-09-17T00:00:00,1990-03-06T00:00:00,3/6/1990,636681600,2025-12-30T00:00:00
323,TBLD,-0.1103,5.36268,6.02719,0.10417,19.27,25,Morningstar US CEF Global Allocation,105,Thornburg Investment Management Inc,False,20.74,-0.07,23.31,2026-09-17T00:00:00,885213108,Thornburg Income Builder Opp Trust,2026-09-17,XTBLX,Hybrid-Global Allocation,0.07,665.378,,Monthly,0.26058,0.10417,20.0,5.5363,,,1.62,,748.346,True,False,False,False,False,True,,17.64,21.58,10.09,9.54,13.25,14.75,,,18.25,599800,,,87.9215,,,,21.2332,-5.81241,-3.86,-3.5300000000000002,-3.8,2026-09-17T00:00:00,2021-07-27T00:00:00,7/27/2021,1627344000,2026-09-11T00:00:00
324,TYG,-0.0372,13.00479,13.50711,0.475,10.18,6,Morningstar US CEF MLP,106,"Tortoise Capital Advisors, LLC",False,42.2,0.26,43.83,2026-09-17T00:00:00,89147L886,Tortoise Energy Infrastructure Corp.,2026-09-17,XTYGX,Equity-MLP,27.94,891.669,,Monthly,-0.21128,0.475,25.0,,,,3.13,,1285.112,True,False,True,False,False,False,,18.49,25.37,15.27,21.36,10.93,15.91,,,15.69,1309120,,,,,0.25,,44.62054,-4.7435,0.31,0.67,0.17,2026-09-17T00:00:00,2004-02-27T00:00:00,2/27/2004,1077840000,2026-08-24T00:00:00
325,SWZ,-0.2009,7.89229,9.87705,3.0,4.96,9,Morningstar US CEF Single Country Equity,22,Bulldog Investors LLP,False,5.905,0.01,7.39,2026-09-17T00:00:00,870875101,Total Return Securities Fund,2026-09-17,XSWZX,Equity-Single-Country Equity,0.0,76.611,,Quarterly,0.02228,3.0,8.0,5.0717,,19.19,2.21,,95.877,True,False,False,False,False,False,,3.16,2.99,1.0,0.54,7.08,-3.7,,,-0.8300000000000001,664790,,,,,,7.94,6.01669,-16.55227,-1.18,-0.56,-1.03,2026-09-17T00:00:00,1987-08-27T00:00:00,8/27/1987,557020800,2025-03-18T00:00:00
326,TY,-0.1099,3.04811,3.42428,0.29619999999999996,16.8,26,Morningstar US CEF US Allocation,31,"Columbia Mgmt Investment Advisers, LLC",False,34.6,0.2,38.87,2026-09-17T00:00:00,895436103,Tri-Continental,2026-09-17,XTYCX,Hybrid-U.S. Allocation,1.78,1848.419,,Quarterly,0.57654,0.29619999999999996,10.0,6.0621,,,0.46,,2114.171,True,True,False,False,False,False,,16.73,19.29,9.39,10.9,11.65,12.47,,,18.27,353640,,,,,4.48,,33.97789,-10.26488,-0.9,-1.6400000000000001,-0.97,2026-09-17T00:00:00,1929-01-14T00:00:00,1/14/1929,-1292716800,2026-09-14T00:00:00
327,DHY,-0.1421,9.78947,11.41104,0.0155,-3.11,14,Morningstar US CEF High Yield,107,UBS Asset Management (Americas) LLC,False,1.63,0.01,1.9,2026-09-17T00:00:00,22544F103,UBS Asset Management High Yield Credit,2026-09-17,XDHYX,Fixed Income - Taxable-High Yield,30.89,168.884,,Monthly,0.08308,0.0155,10.0,7.0799,,,3.62,,284.853,True,False,False,False,False,False,,5.59,6.12,2.8,1.52,-3.66,-9.06,,,-10.32,6353680,,,99.2848,,5.73,,1.8914900000000001,-7.13021,-2.15,-2.5,-2.01,2026-09-17T00:00:00,1998-07-31T00:00:00,7/31/1998,901843200,2026-09-16T00:00:00
328,CIK,-0.1124,8.98876,10.12658,0.02,1.7000000000000002,14,Morningstar US CEF High Yield,107,UBS Asset Management (Americas) LLC,False,2.37,0.01,2.67,2026-09-17T00:00:00,224916106,UBS Asset Management Income,2026-09-17,XCIKX,Fixed Income - Taxable-High Yield,33.73,130.017,,Monthly,0.11479,0.02,10.0,6.9792000000000005,,,3.7,,221.032,True,False,False,False,False,False,,7.53,5.67,4.22,2.0,1.69,-8.47,,,-9.38,4758370,,,99.3475,,5.73,,2.65557,-4.56126,-1.54,-1.6600000000000001,-1.44,2026-09-17T00:00:00,1987-03-23T00:00:00,3/23/1987,543456000,2026-09-16T00:00:00
329,AIO,-0.0983,8.02377,8.78406,0.18,30.39,8,Morningstar US CEF Sector Equity,108,"Virtus Investment Advisers, LLC",False,24.59,0.59,27.27,2026-09-17T00:00:00,92838Y100,Virtus AI & Tech Opp Fund,2026-09-17,XAIOX,Equity-Sector Equity,12.16,846.856,,Monthly,0.025490000000000002,0.18,20.0,4.6834,,,2.32,,1069.153,True,True,False,False,False,False,,23.61,25.07,10.35,11.76,21.09,27.18,,,22.02,839380,,,,,,,24.28751,-8.65878,-0.52,-1.03,-0.19,2026-09-17T00:00:00,2019-10-31T00:00:00,10/31/2019,1572480000,2026-09-14T00:00:00
330,NCV,-0.0934,9.37931,10.25126,0.13599999999999998,20.31,11,Morningstar US CEF Convertibles,108,"Virtus Investment Advisers, LLC",False,15.92,0.26,17.56,2026-09-17T00:00:00,92838X805,Virtus Convertible & Income Fund,2026-09-17,XNCVX,Fixed Income - Taxable-Convertibles,34.56,359.687,0.012,Monthly,0.12557000000000001,0.13599999999999998,15.0,4.2431,,,2.8200000000000003,,606.299,True,False,True,False,False,False,,16.62,20.34,3.24,3.74,11.18,17.77,,,24.92,863080,,,112.1538,,6.02,,16.12368,-9.90011,0.41000000000000003,-0.31,0.26,2026-09-17T00:00:00,2003-03-31T00:00:00,3/31/2003,1049068800,2026-09-14T00:00:00
331,NCZ,-0.0727,9.10816,9.73631,0.12,21.33,11,Morningstar US CEF Convertibles,108,"Virtus Investment Advisers, LLC",False,14.79,0.2,15.95,2026-09-17T00:00:00,92838U801,Virtus Convertible & Income Fund II,2026-09-17,XNCZX,Fixed Income - Taxable-Convertibles,35.29,281.438,0.0,Monthly,0.10316,0.12,15.0,4.1644,,,2.22,,469.034,True,True,True,False,False,False,,17.24,21.23,3.35,4.86,11.83,19.16,,,25.52,647620,,,111.4938,,6.05,,14.66885,-9.44999,1.25,0.3,0.93,2026-09-17T00:00:00,2003-07-31T00:00:00,7/31/2003,1059609600,2026-09-14T00:00:00
332,ACV,-0.0288,8.27903,8.4375,0.18,22.22,26,Morningstar US CEF US Allocation,108,"Virtus Investment Advisers, LLC",False,25.6,0.26,26.36,2026-09-17T00:00:00,92840N100,Virtus Diversified Inc & Conv Fund,2026-09-17,XACVX,Hybrid-U.S. Allocation,27.7,266.138,,Monthly,-0.00934,0.18,25.0,3.5932,,,3.63,,379.039,True,False,False,False,False,True,,19.57,22.09,7.14,7.35,12.49,5.19,,,25.35,286440,,,,,74.56,,26.41437,-0.3648,-0.72,-1.05,-0.35000000000000003,2026-09-17T00:00:00,2015-05-26T00:00:00,5/26/2015,1432598400,2026-09-14T00:00:00
333,NIE,-0.1076,8.34232,9.23567,0.58,16.7,26,Morningstar US CEF US Allocation,108,"Virtus Investment Advisers, LLC",False,25.12,0.5700000000000001,28.15,2026-09-17T00:00:00,92841M101,Virtus Equity & Convertible Inc Fund,2026-09-17,XNIEX,Hybrid-U.S. Allocation,,696.049,0.0,Quarterly,0.03966,0.58,25.0,1.9997,,,1.07,,780.007,False,False,False,False,False,False,,16.38,17.16,7.72,9.1,9.46,8.61,,,15.79,605740,,,,,,,25.57161,-10.44016,-0.33,-0.13,0.38,2026-09-17T00:00:00,2007-02-27T00:00:00,2/27/2007,1172534400,2026-09-14T00:00:00
334,VGI,-0.0802,12.61498,13.71429,0.08,6.38,17,Morningstar US CEF Multi-Sector,108,"Virtus Investment Advisers, LLC",True,7.0,0.04,7.61,2026-09-17T00:00:00,92829B101,Virtus Global Multi-Sector Income Fund,2026-09-17,XVGIX,Fixed Income - Taxable-Multi-Sector,31.29,79.192,,Monthly,0.22072,0.08,20.0,6.035,,7.5,3.98,,125.293,True,False,False,False,True,False,,8.67,11.68,1.6400000000000001,2.09,2.22,1.99,,,4.08,363040,,,97.9305,,,,7.61359,-5.94679,-1.79,-1.6600000000000001,-1.6600000000000001,2026-09-17T00:00:00,2012-02-23T00:00:00,2/23/2012,1329955200,2026-09-14T00:00:00
335,EDF,0.07719999999999999,14.63415,13.58491,0.06,18.87,12,Morningstar US CEF Emerging Market Income,109,Virtus Investment Advisors (VIA),False,5.3,0.07,4.92,2026-09-17T00:00:00,86164T107,Virtus Stone Harbor Emerging Markets Inc,2026-09-17,XEDFX,Fixed Income - Taxable-Emerging Market Income,21.44,170.523,,Monthly,0.22456,0.06,25.0,6.8639,,,3.13,,201.507,True,True,True,False,False,False,,23.15,20.66,8.05,5.62,10.65,15.89,,,16.83,1565900,,,,,,3.92,5.12229,2.83025,1.35,0.46,0.84,2026-09-17T00:00:00,2010-12-23T00:00:00,12/23/2010,1293062400,2026-09-14T00:00:00
336,ZTR,-0.1096,9.26966,10.41009,0.055,14.5,25,Morningstar US CEF Global Allocation,108,"Virtus Investment Advisers, LLC",False,6.34,0.02,7.12,2026-09-17T00:00:00,92835W107,Virtus Total Return Fund Inc,2026-09-17,XZTRX,Hybrid-Global Allocation,30.86,316.959,,Monthly,0.10525,0.055,15.0,5.8547,,6.15,3.67,,514.854,True,False,False,False,False,False,,15.83,17.81,6.01,4.86,10.69,14.28,,,16.42,1907870,,,98.4225,,,,6.63038,-10.74098,-0.17,-0.58,0.01,2026-09-17T00:00:00,2005-02-24T00:00:00,2/24/2005,1109203200,2026-09-14T00:00:00
337,IAE,-0.0345,8.67631,8.986180000000001,0.065,31.64,1,Morningstar US CEF Asia Equity,110,"Voya Investments, LLC",False,8.68,0.04,8.99,2026-09-17T00:00:00,92912J102,Voya Asia Pacific High Div Eq Inc Fd,2026-09-17,XIAEX,Equity-Asia Equity,,93.313,,Monthly,0.02682,0.065,25.0,,,,1.21,,96.646,False,True,True,False,False,False,,21.74,28.56,10.03,12.7,21.4,29.33,,,35.65,484880,,,,,,,8.02028,-5.5476,0.84,-0.98,0.46,2026-09-17T00:00:00,2007-03-27T00:00:00,3/27/2007,1174953600,2026-09-01T00:00:00
338,IHD,-0.030899999999999997,8.50515,8.7766,0.055,34.2,4,Morningstar US CEF Emerging Market Equity,110,"Voya Investments, LLC",False,7.52,0.01,7.76,2026-09-17T00:00:00,92912P108,Voya Emerging Markets High Div Eq Fd,2026-09-17,XIHDX,Equity-Emerging Market Equity,,133.374,,Monthly,0.02083,0.055,20.0,,,,1.4100000000000001,,137.63,False,True,True,False,False,False,,21.97,28.6,9.76,12.08,22.16,29.57,,,42.23,784380,,,,,,,6.92339,-5.28614,0.9500000000000001,-0.6,0.27,2026-09-17T00:00:00,2011-04-26T00:00:00,4/26/2011,1303776000,2026-09-01T00:00:00
339,IGA,-0.0301,9.3578,9.59548,0.08499999999999999,17.48,3,Morningstar US CEF Covered Call,110,"Voya Investments, LLC",False,10.63,-0.07,10.96,2026-09-17T00:00:00,92912R104,Voya Global Advantage and Premium Opp Fd,2026-09-17,XIGAX,Equity-Covered-Call Funds,,163.079,,Monthly,0.07357,0.08499999999999999,20.0,,,,1.01,,168.142,False,True,True,False,False,False,,14.86,19.84,9.79,11.39,14.17,16.69,,,18.44,596170,,,,,,,9.86104,-6.40003,2.6,2.4,3.34,2026-09-17T00:00:00,2005-10-26T00:00:00,10/26/2005,1130284800,2026-09-01T00:00:00
340,IGD,-0.0262,9.30233,9.49367,0.049999999999999996,16.86,3,Morningstar US CEF Covered Call,110,"Voya Investments, LLC",False,6.32,-0.05,6.49,2026-09-17T00:00:00,92912T100,Voya Global Equity Dividend&Prm Opp Fd,2026-09-17,XIGDX,Equity-Covered-Call Funds,,498.449,,Monthly,0.04503,0.049999999999999996,20.0,,,,0.9600000000000001,,511.857,False,True,True,False,False,False,,14.6,21.05,9.02,11.34,13.84,22.44,,,22.03,2571710,,,,,,,6.01266,-3.66158,0.42,-1.6400000000000001,-0.33,2026-09-17T00:00:00,2005-03-28T00:00:00,3/28/2005,1111968000,2026-09-01T00:00:00
341,IDE,-0.0716,9.09091,9.69697,0.09999999999999999,20.8,5,Morningstar US CEF Global Equity,110,"Voya Investments, LLC",True,12.375,0.04,13.33,2026-09-17T00:00:00,92912X101,Voya Infrastructure Industrials&Matls Fd,2026-09-17,XIDEX,Equity-Global Equity,,187.559,,Monthly,0.02906,0.09999999999999999,20.0,,,,1.23,,202.034,False,False,False,False,True,False,,16.79,21.59,10.03,10.62,12.95,12.43,,,15.1,448220,,,,,,,12.95518,-3.50898,-1.5899999999999999,-1.7000000000000002,-1.96,2026-09-17T00:00:00,2010-01-26T00:00:00,1/26/2010,1264464000,2026-09-01T00:00:00
342,WDI,-0.1092,12.92241,14.46429,0.1485,4.95,17,Morningstar US CEF Multi-Sector,54,"Franklin Templeton Fund Adviser, LLC",True,12.32,0.08,13.83,2026-09-17T00:00:00,95790K109,Western Asset Diversified Inc Fund,2026-09-17,XWDIX,Fixed Income - Taxable-Multi-Sector,38.51,639.557,,Monthly,0.82675,0.1485,20.0,8.2372,0.0,9.7,4.25,,1167.523,True,False,False,True,True,True,,9.23,11.14,3.52,2.67,2.85,0.68,,,-2.7199999999999998,2089550,,0.0,96.5962,,,,13.76483,-5.00501,-2.85,-1.98,-2.55,2026-09-17T00:00:00,2021-06-24T00:00:00,6/24/2021,1624492800,2026-08-24T00:00:00
343,EMD,-0.0741,10.55556,11.4,0.095,10.88,12,Morningstar US CEF Emerging Market Income,54,"Franklin Templeton Fund Adviser, LLC",True,10.0,0.0,10.8,2026-09-17T00:00:00,95766A101,Western Asset Emerging Markets Debt,2026-09-17,XEMDX,Fixed Income - Taxable-Emerging Market Income,27.22,581.304,,Monthly,0.38634,0.095,20.0,6.0593,0.0,11.41,3.13,,862.608,True,False,False,True,True,False,,13.56,18.35,3.5300000000000002,5.26,3.93,7.33,,,14.83,1974250,,0.0,,,7.15,5.27,10.58111,-5.04445,-1.42,-2.95,-1.33,2026-09-17T00:00:00,2003-12-01T00:00:00,12/1/2003,1070236800,2026-08-24T00:00:00
344,GDO,-0.1014,13.36986,14.87805,0.122,2.9699999999999998,13,Morningstar US CEF Global Income,54,"Franklin Templeton Fund Adviser, LLC",False,9.84,0.05,10.95,2026-09-17T00:00:00,95790C107,Western Asset Global Corp Opp,2026-09-17,XGDOX,Fixed Income - Taxable-Global Income,33.88,73.991,,Monthly,0.40556000000000003,0.122,20.0,5.9764,0.0,8.59,4.47,,124.528,True,False,False,True,False,False,,7.1,6.05,0.01,-0.99,0.65,-5.95,,,-3.46,317840,,0.0,,,,,11.12214,-5.4224,-2.24,-1.75,-2.23,2026-09-17T00:00:00,2009-11-27T00:00:00,11/27/2009,1259280000,2026-08-24T00:00:00
345,EHI,-0.11410000000000001,13.3122,15.02683,0.06999999999999999,6.01,14,Morningstar US CEF High Yield,55,Franklin Templeton Investments,False,5.59,0.05,6.31,2026-09-17T00:00:00,95766B109,Western Asset Global High Income,2026-09-17,XEHIX,Fixed Income - Taxable-High Yield,32.17,169.376,,Monthly,0.29517,0.06999999999999999,15.0,7.3497,0.0,8.76,3.49,,281.849,True,False,False,True,False,False,,8.68,5.42,1.2,0.1,3.4,-2.46,,,-1.35,1102470,,0.0,97.6946,,,,6.16444,-6.99155,-2.12,-1.99,-2.16,2026-09-17T00:00:00,2003-07-28T00:00:00,7/28/2003,1059350400,2026-08-24T00:00:00
346,HIX,-0.0526,14.73684,15.55556,0.048999999999999995,5.46,14,Morningstar US CEF High Yield,55,Franklin Templeton Investments,False,3.7800000000000002,0.03,3.99,2026-09-17T00:00:00,95766J102,Western Asset High Income II,2026-09-17,XHGIX,Fixed Income - Taxable-High Yield,32.45,340.463,,Monthly,0.19291,0.048999999999999995,15.0,7.38,0.0,8.41,3.76,,532.036,True,False,False,True,False,False,,9.28,7.44,1.7000000000000002,0.33,2.95,4.44,,,5.36,3396750,,0.0,97.9585,,,,4.07161,-3.71648,-1.08,-1.9,-0.73,2026-09-17T00:00:00,1998-05-28T00:00:00,5/28/1998,896313600,2026-08-24T00:00:00
347,HIO,-0.1073,11.15183,12.49267,0.0355,5.03,14,Morningstar US CEF High Yield,54,"Franklin Templeton Fund Adviser, LLC",False,3.41,-0.02,3.82,2026-09-17T00:00:00,95766K109,Western Asset High Income Opportunity,2026-09-17,XHIOX,Fixed Income - Taxable-High Yield,,324.288,,Monthly,0.15621000000000002,0.0355,12.5,7.5828,0.0,6.19,0.93,,363.279,False,False,False,True,False,False,,7.49,8.27,2.24,2.0,2.94,1.71,,,-1.6,4200640,,0.0,98.2505,,,,3.68807,-7.00215,-2.69,-2.0,-2.6,2026-09-17T00:00:00,1993-11-16T00:00:00,11/16/1993,753408000,2026-08-24T00:00:00
348,HYI,-0.0975,10.10638,11.19843,0.095,3.79,14,Morningstar US CEF High Yield,54,"Franklin Templeton Fund Adviser, LLC",False,10.18,0.07,11.28,2026-09-17T00:00:00,95768B107,Western Asset High Yield Opp Fund,2026-09-17,XHYIX,Fixed Income - Taxable-High Yield,,130.447,,Monthly,0.50391,0.095,20.0,7.6609,0.0,4.84,1.07,,144.542,False,False,False,True,False,True,,6.72,6.47,2.36,1.2,2.5,-0.16,,,-3.67,625800,,0.0,98.0612,,,,10.90966,-7.07434,-1.58,-2.12,-2.16,2026-09-17T00:00:00,2010-10-27T00:00:00,10/27/2010,1288137600,2026-08-24T00:00:00
349,PAI,-0.08439999999999999,4.92572,5.38002,0.0525,2.19,15,Morningstar US CEF Investment Grade,55,Franklin Templeton Investments,False,11.71,0.06,12.79,2026-09-17T00:00:00,95766T100,Western Asset Income,2026-09-17,XPAIX,Fixed Income - Taxable-Investment Grade,8.93,111.373,,Monthly,0.32901,0.0525,12.0,6.0977,0.0,10.8,0.77,,121.645,True,False,False,True,False,False,,5.72,5.9,0.09,-1.0,-0.1,-1.88,,,-0.52,182990,,0.0,99.2499,,,,12.30721,-6.61481,-1.54,-2.22,-2.37,2026-09-17T00:00:00,1972-12-21T00:00:00,12/21/1972,93744000,2026-08-24T00:00:00
350,WIW,-0.111,8.16104,9.17993,0.0625,2.51,15,Morningstar US CEF Investment Grade,112,"Western Asset Management Company, LLC",True,8.17,-0.05,9.19,2026-09-17T00:00:00,95766R104,Western Asset Infl-Linked Opps & Inc Fd,2026-09-17,XWIWX,Fixed Income - Taxable-Investment Grade,25.97,499.874,,Monthly,0.23593,0.0625,15.0,2.5448,0.0,8.34,2.59,,759.576,True,False,False,True,True,False,,4.72,7.4,-0.59,0.37,1.58,2.5,,,1.33,2397160,,0.0,93.7192,,,4.28,8.57245,-10.50887,-0.86,-0.68,-0.63,2026-09-17T00:00:00,2004-02-27T00:00:00,2/27/2004,1077840000,2026-08-24T00:00:00
351,WIA,-0.1101,7.15596,8.04124,0.052,2.14,15,Morningstar US CEF Investment Grade,112,"Western Asset Management Company, LLC",True,7.76,-0.08,8.72,2026-09-17T00:00:00,95766Q106,Western Asset Inflation-Linked Income Fd,2026-09-17,XWIAX,Fixed Income - Taxable-Investment Grade,26.36,180.981,,Monthly,0.21076,0.052,15.0,2.4344,0.0,8.35,2.91,,276.18,True,False,False,True,True,False,,4.6,6.6,-1.09,-1.04,1.29,0.56,,,1.26,394280,,0.0,93.8871,,,,8.18161,-9.76069,-2.08,-2.63,-2.5700000000000003,2026-09-17T00:00:00,2003-09-30T00:00:00,9/30/2003,1064880000,2026-08-24T00:00:00
352,SBI,-0.0874,6.29213,6.89466,0.041999999999999996,4.47,21,Morningstar US CEF Municipal,54,"Franklin Templeton Fund Adviser, LLC",False,7.31,0.03,8.01,2026-09-17T00:00:00,958435109,Western Asset Intermediate Muni,2026-09-17,XSBIX,Fixed Income - Municipal-Municipal,30.66,102.942,,Monthly,0.13919,0.041999999999999996,10.0,4.8611,0.0,8.39,2.6,,162.682,True,False,False,True,False,False,,3.19,7.01,-0.51,0.15,0.16,3.48,,,6.28,425370,11.06,0.0041800000000000006,101.0747,,8.3,6.2,7.77543,-8.25345,-0.6,-2.19,-0.99,2026-09-17T00:00:00,1992-03-02T00:00:00,3/2/1992,699494400,2026-08-24T00:00:00
353,IGI,-0.0909,5.02952,5.53247,0.071,2.35,15,Morningstar US CEF Investment Grade,54,"Franklin Templeton Fund Adviser, LLC",False,15.4,0.06,16.94,2026-09-17T00:00:00,95790A101,Western Asset Invstm Grd Opp Tr Inc,2026-09-17,XIGIX,Fixed Income - Taxable-Investment Grade,,92.302,,Monthly,0.43967,0.071,20.0,6.1938,0.0,10.83,0.93,,101.532,False,False,False,True,False,False,,5.02,5.02,-0.38,-1.1,0.04,0.92,,,2.04,163850,,0.0,99.3871,,,,16.25229,-6.90442,-3.13,-2.5700000000000003,-3.04,2026-09-17T00:00:00,2009-06-26T00:00:00,6/26/2009,1245974400,2026-08-24T00:00:00
354,MMU,-0.0739,6.35569,6.86254,0.0545,6.04,21,Morningstar US CEF Municipal,55,Franklin Templeton Investments,False,9.53,0.13,10.29,2026-09-17T00:00:00,95766M105,Western Asset Managed Municipals,2026-09-17,XMMUX,Fixed Income - Municipal-Municipal,34.53,520.518,,Monthly,0.14102,0.0545,15.0,4.8848,0.0,11.01,2.7,,858.462,True,False,False,True,False,False,,3.48,8.16,-0.97,-0.48,0.02,0.9400000000000001,,,8.81,1295840,10.27,0.008860000000000002,99.7794,,11.29,7.87,10.31927,-6.01606,-1.48,-1.85,-1.3900000000000001,2026-09-17T00:00:00,1992-06-26T00:00:00,6/26/1992,709516800,2026-08-24T00:00:00
355,DMO,-0.1056,13.11475,14.66395,0.12,5.5600000000000005,14,Morningstar US CEF High Yield,54,"Franklin Templeton Fund Adviser, LLC",False,9.82,0.08,10.98,2026-09-17T00:00:00,95790B109,Western Asset Mortgage Opp Fund Inc.,2026-09-17,XDMOX,Fixed Income - Taxable-High Yield,46.6,112.214,,Monthly,0.46738,0.12,20.0,7.2286,0.0,10.25,7.87,,234.941,True,False,False,True,False,False,,10.19,11.34,4.49,2.94,3.44,0.97,,,-1.96,492460,,0.0,91.1024,,,,11.05422,-4.31646,-2.11,-2.3,-2.41,2026-09-17T00:00:00,2010-02-26T00:00:00,2/26/2010,1267142400,2026-08-24T00:00:00
356,MHF,-0.0288,6.18182,6.36505,0.033999999999999996,5.14,21,Morningstar US CEF Municipal,54,"Franklin Templeton Fund Adviser, LLC",False,6.41,0.01,6.6,2026-09-17T00:00:00,95766N103,Western Asset Municipal High Income,2026-09-17,XMHFX,Fixed Income - Municipal-Municipal,1.83,142.455,,Monthly,0.11955,0.033999999999999996,10.0,4.8935,0.0,10.67,0.8400000000000001,,149.407,True,False,False,True,False,False,,3.62,8.6,0.71,1.13,0.74,2.85,,,3.8200000000000003,603880,14.87,0.0,99.7821,,7.43,7.68,6.93715,0.3457,-1.98,-2.94,-2.77,2026-09-17T00:00:00,1988-11-28T00:00:00,11/28/1988,596678400,2026-08-24T00:00:00
357,WEA,-0.0819,7.64331,8.32507,0.06999999999999999,4.54,15,Morningstar US CEF Investment Grade,111,Western Asset Management Company Pte Ltd. â Singapore,False,10.09,-0.02,10.99,2026-09-17T00:00:00,957664105,Western Asset Premier Bond,2026-09-17,XWEAX,Fixed Income - Taxable-Investment Grade,32.78,119.724,,Monthly,0.40488,0.06999999999999999,15.0,6.2523,0.0,9.44,3.55,,194.004,True,False,False,True,False,False,,7.63,7.09,1.4,0.92,1.5,0.15,,,2.7,289800,,0.0,97.1103,,,,10.81133,-5.09642,-2.08,-3.47,-2.67,2026-09-17T00:00:00,2002-03-28T00:00:00,3/28/2002,1017273600,2026-08-24T00:00:00
358,MCN,-0.10439999999999999,11.74551,13.11475,0.06,7.46,3,Morningstar US CEF Covered Call,113,XA Investments LLC,False,5.49,0.0,6.13,2026-09-17T00:00:00,557437100,XAI Madison Equity Premium Income Fund,2026-09-17,XMCNX,Equity-Covered-Call Funds,0.01,115.931,,Monthly,0.041210000000000004,0.06,15.0,,,,1.1,,129.446,True,False,False,False,False,False,,7.01,3.5,6.88,3.75,5.14,3.85,,,2.6,639670,,,,,,,5.8767,-8.09557,-1.46,-0.97,-1.43,2026-09-17T00:00:00,2004-07-28T00:00:00,7/28/2004,1090972800,2026-09-15T00:00:00
359,XFLT,-0.1493,11.88904,13.97516,0.22499999999999998,-12.31,19,Morningstar US CEF Senior Loans,113,XA Investments LLC,False,19.32,0.13,22.71,2026-09-17T00:00:00,98400T304,XAI Octagon FR & Alternative Inc Trust,2026-09-17,XFLTX,Fixed Income - Taxable-Senior Loans,40.72,294.261,,Monthly,1.13446,0.22499999999999998,10.0,4.5235,,,7.5600000000000005,,583.509,True,False,True,False,False,False,,1.46,-4.55,2.2800000000000002,-2.67,-7.02,-12.47,,,-20.03,1045620,,,,,,,20.43905,-17.98181,0.6,1.11,1.56,2026-09-17T00:00:00,2017-09-27T00:00:00,9/27/2017,1506470400,2026-09-15T00:00:00
